2025-12-21 07:57:56,756 [INFO] Activator:176 - 


2025-12-21 07:57:56,760 [INFO] Activator:177 - !SESSION log4j initialized
2025-12-21 07:58:04,945 [INFO] LogOutputStream:77 - [STDOUT_REDIRECT] 
2025-12-21 07:58:20,813 [INFO] McuFinderGlobals:63 - Set McuFinder mode to 2 (CubeIDE integrated)
2025-12-21 07:58:20,899 [INFO] ApplicationProperties:184 - Using Application install path: C:\ST\STM32CubeIDE_1.19.0\STM32CubeIDE\plugins\com.st.stm32cube.common.mx_6.15.0.202507011659
2025-12-21 07:58:20,934 [INFO] DbMcusXml:78 - Set database path to: C:\ST\STM32CubeIDE_1.19.0\STM32CubeIDE\plugins\com.st.stm32cube.common.mx_6.15.0.202507011659\\db\/mcu/
2025-12-21 07:58:20,935 [INFO] ApiDb:274 - Set plugin database path to: C:\ST\STM32CubeIDE_1.19.0\STM32CubeIDE\plugins\com.st.stm32cube.common.mx_6.15.0.202507011659\\db\/plugins/boardmanager/
2025-12-21 07:58:20,935 [WARN] ApiDb:259 - Overriding images path with different value:  => C:\ST\STM32CubeIDE_1.19.0\STM32CubeIDE\plugins\com.st.stm32cube.common.mx_6.15.0.202507011659\\db\/plugins/mcufinder/images/
2025-12-21 07:58:20,958 [INFO] ApiDb:250 - Set database path to: C:\Users\user\.stmcufinder\plugins\mcufinder//mcu/
2025-12-21 07:58:20,960 [INFO] DbMcusAds:125 - Set database path to: C:\Users\user\.stmcufinder\plugins\mcufinder//mcu/
2025-12-21 07:58:20,966 [INFO] CrossReferenceDbSqlite:203 - Set database path to: C:\Users\user\.stmcufinder\plugins\mcufinder//mcu/cs/
2025-12-21 07:58:21,105 [INFO] RulesReader:64 - Compatibility file has been processed (317 Rules)
2025-12-21 07:58:21,232 [INFO] DbMcusXml:78 - Set database path to: C:\ST\STM32CubeIDE_1.19.0\STM32CubeIDE\plugins\com.st.stm32cube.common.mx_6.15.0.202507011659\\db\/mcu/
2025-12-21 07:58:21,232 [INFO] ApiDb:274 - Set plugin database path to: C:\ST\STM32CubeIDE_1.19.0\STM32CubeIDE\plugins\com.st.stm32cube.common.mx_6.15.0.202507011659\\db\/plugins/boardmanager/
2025-12-21 07:58:21,232 [INFO] ApiDb:261 - Set plugin images path to: C:\ST\STM32CubeIDE_1.19.0\STM32CubeIDE\plugins\com.st.stm32cube.common.mx_6.15.0.202507011659\\db\/plugins/mcufinder/images/
2025-12-21 07:58:21,233 [WARN] DbFile:41 - Overriding database path with different value: C:\Users\user\.stmcufinder\plugins\mcufinder/ => C:\Users\user\.stmcufinder\plugins\mcufinder
2025-12-21 07:58:21,233 [INFO] ApiDb:250 - Set database path to: C:\Users\user\.stmcufinder\plugins\mcufinder//mcu/
2025-12-21 07:58:21,233 [WARN] DbFile:41 - Overriding database path with different value: C:\Users\user\.stmcufinder\plugins\mcufinder/ => C:\Users\user\.stmcufinder\plugins\mcufinder
2025-12-21 07:58:21,233 [INFO] DbMcusAds:125 - Set database path to: C:\Users\user\.stmcufinder\plugins\mcufinder//mcu/
2025-12-21 07:58:21,233 [WARN] DbFile:41 - Overriding database path with different value: C:\Users\user\.stmcufinder\plugins\mcufinder/ => C:\Users\user\.stmcufinder\plugins\mcufinder
2025-12-21 07:58:21,233 [WARN] DbFile:41 - Overriding database path with different value: C:\Users\user\.stmcufinder\plugins\mcufinder/ => C:\Users\user\.stmcufinder\plugins\mcufinder
2025-12-21 07:58:21,233 [INFO] CrossReferenceDbSqlite:203 - Set database path to: C:\Users\user\.stmcufinder\plugins\mcufinder//mcu/cs/
2025-12-21 07:58:21,333 [INFO] MainPanel:274 - HeapMemory: 268435456
2025-12-21 07:58:21,513 [INFO] DbMcusXml:78 - Set database path to: C:\ST\STM32CubeIDE_1.19.0\STM32CubeIDE\plugins\com.st.stm32cube.common.mx_6.15.0.202507011659\\db\/mcu/
2025-12-21 07:58:21,513 [INFO] ApiDb:274 - Set plugin database path to: C:\ST\STM32CubeIDE_1.19.0\STM32CubeIDE\plugins\com.st.stm32cube.common.mx_6.15.0.202507011659\\db\/plugins/boardmanager/
2025-12-21 07:58:21,513 [INFO] ApiDb:261 - Set plugin images path to: C:\ST\STM32CubeIDE_1.19.0\STM32CubeIDE\plugins\com.st.stm32cube.common.mx_6.15.0.202507011659\\db\/plugins/mcufinder/images/
2025-12-21 07:58:21,513 [WARN] DbFile:41 - Overriding database path with different value: C:\Users\user\.stmcufinder\plugins\mcufinder/ => C:\Users\user\.stmcufinder\plugins\mcufinder
2025-12-21 07:58:21,513 [INFO] ApiDb:250 - Set database path to: C:\Users\user\.stmcufinder\plugins\mcufinder//mcu/
2025-12-21 07:58:21,513 [WARN] DbFile:41 - Overriding database path with different value: C:\Users\user\.stmcufinder\plugins\mcufinder/ => C:\Users\user\.stmcufinder\plugins\mcufinder
2025-12-21 07:58:21,513 [INFO] DbMcusAds:125 - Set database path to: C:\Users\user\.stmcufinder\plugins\mcufinder//mcu/
2025-12-21 07:58:21,514 [WARN] DbFile:41 - Overriding database path with different value: C:\Users\user\.stmcufinder\plugins\mcufinder/ => C:\Users\user\.stmcufinder\plugins\mcufinder
2025-12-21 07:58:21,514 [WARN] DbFile:41 - Overriding database path with different value: C:\Users\user\.stmcufinder\plugins\mcufinder/ => C:\Users\user\.stmcufinder\plugins\mcufinder
2025-12-21 07:58:21,514 [INFO] CrossReferenceDbSqlite:203 - Set database path to: C:\Users\user\.stmcufinder\plugins\mcufinder//mcu/cs/
2025-12-21 07:58:21,534 [INFO] ApplicationProperties:184 - Using Application install path: C:\ST\STM32CubeIDE_1.19.0\STM32CubeIDE\plugins\com.st.stm32cube.common.mx_6.15.0.202507011659
2025-12-21 07:58:21,534 [INFO] PluginManage:196 - Search for loadable plugins [exclusion list=, ]
2025-12-21 07:58:21,535 [INFO] PluginManage:310 - Check plugin analytics
2025-12-21 07:58:21,774 [INFO] AnalyticsPlugin:253 - Accepted Software Licenses: 
2025-12-21 07:58:21,774 [INFO] AnalyticsPlugin:255 - Accepted CMSIS Pack Licenses: 
2025-12-21 07:58:21,774 [INFO] AnalyticsPlugin:257 - Accepted Firmware Licenses: FW.L4.1.18.0
2025-12-21 07:58:21,779 [INFO] PluginManage:359 - Loaded plugin analytics (category:tool,tabindex:-1)
2025-12-21 07:58:21,779 [INFO] PluginManage:310 - Check plugin cadmodel
2025-12-21 07:58:21,789 [INFO] CADModel:105 - Init CAD model plugin
2025-12-21 07:58:21,789 [INFO] PluginManage:359 - Loaded plugin cadmodel (category:power,tabindex:5)
2025-12-21 07:58:21,790 [INFO] PluginManage:310 - Check plugin clock
2025-12-21 07:58:21,806 [INFO] PluginManage:359 - Loaded plugin clock (category:base,tabindex:2)
2025-12-21 07:58:21,806 [INFO] PluginManage:310 - Check plugin ddr
2025-12-21 07:58:21,813 [INFO] PluginManage:359 - Loaded plugin ddr (category:tool,tabindex:6)
2025-12-21 07:58:21,813 [INFO] PluginManage:310 - Check plugin filemanager
2025-12-21 07:58:21,955 [INFO] PluginManage:359 - Loaded plugin filemanager (category:base,tabindex:10)
2025-12-21 07:58:21,956 [INFO] PluginManage:310 - Check plugin ipmanager
2025-12-21 07:58:21,961 [INFO] PluginManage:359 - Loaded plugin ipmanager (category:base,tabindex:5)
2025-12-21 07:58:21,961 [INFO] PluginManage:310 - Check plugin lpbam
2025-12-21 07:58:21,968 [INFO] PluginManage:359 - Loaded plugin lpbam (category:base,tabindex:0)
2025-12-21 07:58:21,968 [INFO] PluginManage:310 - Check plugin memorymap
2025-12-21 07:58:21,984 [INFO] PluginManage:359 - Loaded plugin memorymap (category:base,tabindex:4)
2025-12-21 07:58:21,984 [INFO] PluginManage:310 - Check plugin pinoutandconfiguration
2025-12-21 07:58:21,994 [INFO] PluginManage:359 - Loaded plugin pinoutandconfiguration (category:base,tabindex:1)
2025-12-21 07:58:21,994 [INFO] PluginManage:310 - Check plugin pinoutconfig
2025-12-21 07:58:22,104 [WARN] SupportedApi:132 - Cannot load RTOS API schema: s4s-elt-must-match.1: The content of 'definitions' must match (annotation?, (simpleType | complexType)?, (unique | key | keyref)*)). A problem was found starting at: attribute.
2025-12-21 07:58:22,264 [INFO] PluginManage:359 - Loaded plugin pinoutconfig (category:base,tabindex:0)
2025-12-21 07:58:22,264 [INFO] PluginManage:310 - Check plugin power
2025-12-21 07:58:22,281 [INFO] PluginManage:359 - Loaded plugin power (category:power,tabindex:4)
2025-12-21 07:58:22,283 [INFO] PluginManage:310 - Check plugin projectmanager
2025-12-21 07:58:22,298 [INFO] PluginManage:359 - Loaded plugin projectmanager (category:projectmanager,tabindex:4)
2025-12-21 07:58:22,299 [INFO] PluginManage:310 - Check plugin rif
2025-12-21 07:58:22,316 [INFO] PluginManage:359 - Loaded plugin rif (category:base,tabindex:3)
2025-12-21 07:58:22,316 [INFO] PluginManage:310 - Check plugin thirdparty
2025-12-21 07:58:22,473 [WARN] IntegrityCheckThread:84 - waiting for thirdparty lock release [integrity check]
2025-12-21 07:58:22,473 [INFO] IntegrityCheckThread:86 - entering critical section [integrity check]
2025-12-21 07:58:22,473 [INFO] PluginManage:359 - Loaded plugin thirdparty (category:base,tabindex:-1)
2025-12-21 07:58:22,473 [INFO] PluginManage:310 - Check plugin tools
2025-12-21 07:58:22,473 [INFO] ThirdPartyUpdaterWithRetryManager:70 - Updater plugin not ready yet. [1/15]
2025-12-21 07:58:22,476 [INFO] PluginManage:359 - Loaded plugin tools (category:base,tabindex:7)
2025-12-21 07:58:22,476 [INFO] PluginManage:310 - Check plugin tutovideos
2025-12-21 07:58:22,744 [INFO] PluginManage:359 - Loaded plugin tutovideos (category:base,tabindex:-1)
2025-12-21 07:58:22,744 [INFO] PluginManage:310 - Check plugin updater
2025-12-21 07:58:22,770 [INFO] PluginManage:359 - Loaded plugin updater (category:base,tabindex:12)
2025-12-21 07:58:22,770 [INFO] PluginManage:310 - Check plugin userauth
2025-12-21 07:58:22,776 [INFO] UserAuth:118 - Init User Auth plugin
2025-12-21 07:58:22,777 [INFO] PluginManage:359 - Loaded plugin userauth (category:base,tabindex:14)
2025-12-21 07:58:22,785 [INFO] PluginManage:283 - PluginManage : Loaded plugins [18]
2025-12-21 07:58:23,058 [INFO] PinOutPanel:1589 - setPackage(No Configuration,No Configuration)
2025-12-21 07:58:23,174 [INFO] CADModel:165 - CPN selected for project level
2025-12-21 07:58:23,175 [INFO] CADModel:114 - Register for checkConnection events
2025-12-21 07:58:23,206 [INFO] IPUIPlugin:80 - create IPUIPlugin
2025-12-21 07:58:23,206 [INFO] PluginManager:220 - loadIPPluginJar : add adc
2025-12-21 07:58:23,211 [INFO] IPUIPlugin:80 - create IPUIPlugin
2025-12-21 07:58:23,211 [INFO] PluginManager:220 - loadIPPluginJar : add aes
2025-12-21 07:58:23,215 [INFO] IPUIPlugin:80 - create IPUIPlugin
2025-12-21 07:58:23,215 [INFO] PluginManager:220 - loadIPPluginJar : add can
2025-12-21 07:58:23,219 [INFO] IPUIPlugin:80 - create IPUIPlugin
2025-12-21 07:58:23,219 [INFO] PluginManager:220 - loadIPPluginJar : add comp
2025-12-21 07:58:23,224 [INFO] IPUIPlugin:80 - create IPUIPlugin
2025-12-21 07:58:23,224 [INFO] PluginManager:220 - loadIPPluginJar : add cryp
2025-12-21 07:58:23,232 [INFO] IPUIPlugin:80 - create IPUIPlugin
2025-12-21 07:58:23,232 [INFO] PluginManager:220 - loadIPPluginJar : add ddr_ctrl_phy
2025-12-21 07:58:23,235 [INFO] IPUIPlugin:80 - create IPUIPlugin
2025-12-21 07:58:23,235 [INFO] PluginManager:220 - loadIPPluginJar : add dfsdm
2025-12-21 07:58:23,240 [INFO] IPUIPlugin:80 - create IPUIPlugin
2025-12-21 07:58:23,240 [INFO] PluginManager:220 - loadIPPluginJar : add dma
2025-12-21 07:58:23,242 [INFO] IPUIPlugin:80 - create IPUIPlugin
2025-12-21 07:58:23,242 [INFO] PluginManager:220 - loadIPPluginJar : add dma3
2025-12-21 07:58:23,247 [INFO] IPUIPlugin:80 - create IPUIPlugin
2025-12-21 07:58:23,247 [INFO] PluginManager:220 - loadIPPluginJar : add extmemmanager
2025-12-21 07:58:23,250 [INFO] IPUIPlugin:80 - create IPUIPlugin
2025-12-21 07:58:23,250 [INFO] PluginManager:220 - loadIPPluginJar : add fatfs
2025-12-21 07:58:23,254 [INFO] IPUIPlugin:80 - create IPUIPlugin
2025-12-21 07:58:23,254 [INFO] PluginManager:220 - loadIPPluginJar : add fmc
2025-12-21 07:58:23,264 [INFO] IPUIPlugin:80 - create IPUIPlugin
2025-12-21 07:58:23,264 [INFO] PluginManager:220 - loadIPPluginJar : add freertos
2025-12-21 07:58:23,268 [INFO] IPUIPlugin:80 - create IPUIPlugin
2025-12-21 07:58:23,268 [INFO] PluginManager:220 - loadIPPluginJar : add genericplugin
2025-12-21 07:58:23,273 [INFO] IPUIPlugin:80 - create IPUIPlugin
2025-12-21 07:58:23,273 [INFO] PluginManager:220 - loadIPPluginJar : add gfxmmu
2025-12-21 07:58:23,280 [INFO] IPUIPlugin:80 - create IPUIPlugin
2025-12-21 07:58:23,280 [INFO] PluginManager:220 - loadIPPluginJar : add gic
2025-12-21 07:58:23,286 [INFO] IPUIPlugin:80 - create IPUIPlugin
2025-12-21 07:58:23,286 [INFO] PluginManager:220 - loadIPPluginJar : add gpio
2025-12-21 07:58:23,290 [INFO] IPUIPlugin:80 - create IPUIPlugin
2025-12-21 07:58:23,290 [INFO] PluginManager:220 - loadIPPluginJar : add gtzc
2025-12-21 07:58:23,292 [INFO] IPUIPlugin:80 - create IPUIPlugin
2025-12-21 07:58:23,292 [INFO] PluginManager:220 - loadIPPluginJar : add hash
2025-12-21 07:58:23,297 [INFO] IPUIPlugin:80 - create IPUIPlugin
2025-12-21 07:58:23,297 [INFO] PluginManager:220 - loadIPPluginJar : add i2c
2025-12-21 07:58:23,301 [INFO] IPUIPlugin:80 - create IPUIPlugin
2025-12-21 07:58:23,301 [INFO] PluginManager:220 - loadIPPluginJar : add i2s
2025-12-21 07:58:23,306 [INFO] IPUIPlugin:80 - create IPUIPlugin
2025-12-21 07:58:23,306 [INFO] PluginManager:220 - loadIPPluginJar : add i3c
2025-12-21 07:58:23,310 [INFO] IPUIPlugin:80 - create IPUIPlugin
2025-12-21 07:58:23,310 [INFO] PluginManager:220 - loadIPPluginJar : add ipddr
2025-12-21 07:58:23,318 [INFO] IPUIPlugin:80 - create IPUIPlugin
2025-12-21 07:58:23,318 [INFO] PluginManager:220 - loadIPPluginJar : add linkedlist
2025-12-21 07:58:23,323 [INFO] IPUIPlugin:80 - create IPUIPlugin
2025-12-21 07:58:23,323 [INFO] PluginManager:220 - loadIPPluginJar : add lorawan
2025-12-21 07:58:23,327 [INFO] IPUIPlugin:80 - create IPUIPlugin
2025-12-21 07:58:23,327 [INFO] PluginManager:220 - loadIPPluginJar : add ltdc
2025-12-21 07:58:23,334 [INFO] IPUIPlugin:80 - create IPUIPlugin
2025-12-21 07:58:23,334 [INFO] PluginManager:220 - loadIPPluginJar : add mdma
2025-12-21 07:58:23,337 [INFO] IPUIPlugin:80 - create IPUIPlugin
2025-12-21 07:58:23,337 [INFO] PluginManager:220 - loadIPPluginJar : add nvic
2025-12-21 07:58:23,342 [INFO] IPUIPlugin:80 - create IPUIPlugin
2025-12-21 07:58:23,342 [INFO] PluginManager:220 - loadIPPluginJar : add opamp
2025-12-21 07:58:23,346 [INFO] IPUIPlugin:80 - create IPUIPlugin
2025-12-21 07:58:23,346 [INFO] PluginManager:220 - loadIPPluginJar : add openamp
2025-12-21 07:58:23,351 [INFO] IPUIPlugin:80 - create IPUIPlugin
2025-12-21 07:58:23,351 [INFO] PluginManager:220 - loadIPPluginJar : add pdm2pcm
2025-12-21 07:58:23,357 [INFO] IPUIPlugin:80 - create IPUIPlugin
2025-12-21 07:58:23,358 [INFO] PluginManager:220 - loadIPPluginJar : add plateformsettings
2025-12-21 07:58:23,360 [INFO] IPUIPlugin:80 - create IPUIPlugin
2025-12-21 07:58:23,360 [INFO] PluginManager:220 - loadIPPluginJar : add quadspi
2025-12-21 07:58:23,363 [INFO] IPUIPlugin:80 - create IPUIPlugin
2025-12-21 07:58:23,364 [INFO] PluginManager:220 - loadIPPluginJar : add radio
2025-12-21 07:58:23,370 [INFO] IPUIPlugin:80 - create IPUIPlugin
2025-12-21 07:58:23,370 [INFO] PluginManager:220 - loadIPPluginJar : add resmgrutility
2025-12-21 07:58:23,374 [INFO] IPUIPlugin:80 - create IPUIPlugin
2025-12-21 07:58:23,374 [INFO] PluginManager:220 - loadIPPluginJar : add sai
2025-12-21 07:58:23,377 [INFO] IPUIPlugin:80 - create IPUIPlugin
2025-12-21 07:58:23,377 [INFO] PluginManager:220 - loadIPPluginJar : add spi
2025-12-21 07:58:23,383 [INFO] IPUIPlugin:80 - create IPUIPlugin
2025-12-21 07:58:23,383 [INFO] PluginManager:220 - loadIPPluginJar : add stm32_wpan
2025-12-21 07:58:23,386 [INFO] IPUIPlugin:80 - create IPUIPlugin
2025-12-21 07:58:23,386 [INFO] PluginManager:220 - loadIPPluginJar : add tim
2025-12-21 07:58:23,390 [INFO] IPUIPlugin:80 - create IPUIPlugin
2025-12-21 07:58:23,391 [INFO] PluginManager:220 - loadIPPluginJar : add touchsensing
2025-12-21 07:58:23,394 [INFO] IPUIPlugin:80 - create IPUIPlugin
2025-12-21 07:58:23,395 [INFO] PluginManager:220 - loadIPPluginJar : add tracer_emb
2025-12-21 07:58:23,399 [INFO] IPUIPlugin:80 - create IPUIPlugin
2025-12-21 07:58:23,399 [INFO] PluginManager:220 - loadIPPluginJar : add ts
2025-12-21 07:58:23,404 [INFO] IPUIPlugin:80 - create IPUIPlugin
2025-12-21 07:58:23,404 [INFO] PluginManager:220 - loadIPPluginJar : add tsc
2025-12-21 07:58:23,407 [INFO] IPUIPlugin:80 - create IPUIPlugin
2025-12-21 07:58:23,407 [INFO] PluginManager:220 - loadIPPluginJar : add ucpd
2025-12-21 07:58:23,409 [INFO] IPUIPlugin:80 - create IPUIPlugin
2025-12-21 07:58:23,409 [INFO] PluginManager:220 - loadIPPluginJar : add usart
2025-12-21 07:58:23,419 [INFO] IPUIPlugin:80 - create IPUIPlugin
2025-12-21 07:58:23,419 [INFO] PluginManager:220 - loadIPPluginJar : add usbx
2025-12-21 07:58:23,538 [FATAL] Updater:351 - Updater called before beeing initialized
2025-12-21 07:58:23,562 [INFO] RulesReader:64 - Compatibility file has been processed (317 Rules)
2025-12-21 07:58:23,571 [INFO] RulesReader:64 - Compatibility file has been processed (317 Rules)
2025-12-21 07:58:23,582 [INFO] CADModel:165 - CPN selected for project level
2025-12-21 07:58:23,582 [INFO] CADModel:114 - Register for checkConnection events
2025-12-21 07:58:23,582 [FATAL] Updater:351 - Updater called before beeing initialized
2025-12-21 07:58:23,582 [ERROR] CADModel:125 - Updater not yet initialized, retry later 
2025-12-21 07:58:23,734 [FATAL] Updater:351 - Updater called before beeing initialized
2025-12-21 07:58:23,736 [INFO] CADModel:165 - CPN selected for project level
2025-12-21 07:58:23,737 [INFO] CADModel:114 - Register for checkConnection events
2025-12-21 07:58:23,737 [FATAL] Updater:351 - Updater called before beeing initialized
2025-12-21 07:58:23,737 [ERROR] CADModel:125 - Updater not yet initialized, retry later 
2025-12-21 07:58:23,740 [FATAL] Updater:351 - Updater called before beeing initialized
2025-12-21 07:58:23,872 [FATAL] Updater:351 - Updater called before beeing initialized
2025-12-21 07:58:23,883 [INFO] DbMcusAds:53 - JSON generation date=Tue Dec 16 07:11:46 CST 2025 (1765840306612)
2025-12-21 07:58:23,883 [FATAL] Updater:351 - Updater called before beeing initialized
2025-12-21 07:58:23,930 [WARN] DetailPanel:346 - Failed to get advertising image, set to default
2025-12-21 07:58:23,998 [FATAL] Updater:351 - Updater called before beeing initialized
2025-12-21 07:58:24,000 [FATAL] Updater:351 - Updater called before beeing initialized
2025-12-21 07:58:24,000 [FATAL] Updater:351 - Updater called before beeing initialized
2025-12-21 07:58:24,000 [WARN] DetailPanel:346 - Failed to get advertising image, set to default
2025-12-21 07:58:24,001 [FATAL] Updater:351 - Updater called before beeing initialized
2025-12-21 07:58:24,043 [ERROR] Updater:1198 - MainUpdater not yet initialized. External WinMGr cannot be set.
2025-12-21 07:58:24,044 [INFO] Updater:1134 - Updater Version found : 6.15.0
2025-12-21 07:58:24,058 [INFO] ApplicationProperties:184 - Using Application install path: C:\ST\STM32CubeIDE_1.19.0\STM32CubeIDE\plugins\com.st.stm32cube.common.mx_6.15.0.202507011659
2025-12-21 07:58:25,474 [INFO] ThirdPartyUpdaterWithRetryManager:70 - Updater plugin not ready yet. [2/15]
2025-12-21 07:58:25,628 [ERROR] LogOutputStream:75 - [STDERR_REDIRECT] Dec 21, 2025 7:58:25 AM java.util.prefs.WindowsPreferences <init>
2025-12-21 07:58:25,629 [ERROR] LogOutputStream:75 - [STDERR_REDIRECT] WARNING: Could not open/create prefs root node Software\JavaSoft\Prefs at root 0xffffffff80000002. Windows RegCreateKeyEx(...) returned error code 5.
2025-12-21 07:58:25,629 [ERROR] LogOutputStream:75 - [STDERR_REDIRECT] 
2025-12-21 07:58:25,997 [INFO] MainUpdater:2872 - connection check result : 10
2025-12-21 07:58:25,998 [INFO] MainUpdater:289 - Updater Check For Update Now.
2025-12-21 07:58:25,998 [INFO] MicroXplorer:498 - Change Database Version : DB.6.0.150
2025-12-21 07:58:26,013 [INFO] McuFinderGlobals:63 - Set McuFinder mode to 2 (CubeIDE integrated)
2025-12-21 07:58:26,016 [INFO] UserAuth:487 - Internet connection configuration mode: 1
2025-12-21 07:58:26,074 [INFO] JxBrowserEngine:152 - Initiate JxBrowser Engine with user profile folder
2025-12-21 07:58:26,189 [INFO] CheckServerUpdateThread:120 - End of CheckServer Thread
2025-12-21 07:58:26,219 [INFO] MainUpdater:2872 - connection check result : 10
2025-12-21 07:58:26,221 [INFO] MainUpdater:2872 - connection check result : 10
2025-12-21 07:58:26,267 [INFO] MicroXplorer:468 - Change Database Path : 
2025-12-21 07:58:26,267 [INFO] MicroXplorer:498 - Change Database Version : DB.6.0.150
2025-12-21 07:58:26,277 [WARN] ThirdParty:871 - waiting for thirdparty lock release [close project]
2025-12-21 07:58:28,125 [INFO] WebApp:169 - Instantiating new browser for Auth
2025-12-21 07:58:28,789 [WARN] PackLoader:240 - Cannot read IP mode file for STMicroelectronics.FP-SNS-MOTENVWB1.1.4.0
2025-12-21 07:58:28,800 [WARN] PackLoader:240 - Cannot read IP mode file for STMicroelectronics.FP-ATR-ASTRA1.2.0.2
2025-12-21 07:58:28,811 [WARN] PackLoader:240 - Cannot read IP mode file for STMicroelectronics.X-CUBE-SMBUS.2.1.0
2025-12-21 07:58:28,820 [WARN] PackLoader:240 - Cannot read IP mode file for STMicroelectronics.X-CUBE-ST60.1.0.0
2025-12-21 07:58:28,843 [WARN] PackLoader:240 - Cannot read IP mode file for STMicroelectronics.X-CUBE-AZRTOS-F7.1.1.0
2025-12-21 07:58:28,850 [WARN] PackLoader:240 - Cannot read IP mode file for STMicroelectronics.FP-SNS-MOTENV1.5.1.0
2025-12-21 07:58:28,862 [WARN] PackLoader:240 - Cannot read IP mode file for WES.I-CUBE-Cesium.1.4.0
2025-12-21 07:58:28,883 [WARN] PackLoader:240 - Cannot read IP mode file for Infineon.AIROC-Wi-Fi-Bluetooth-STM32.1.7.1
2025-12-21 07:58:28,910 [WARN] PackLoader:240 - Cannot read IP mode file for STMicroelectronics.X-CUBE-AZRTOS-H7.3.4.0
2025-12-21 07:58:28,918 [WARN] PackLoader:240 - Cannot read IP mode file for STMicroelectronics.X-CUBE-DISPLAY.3.0.0
2025-12-21 07:58:28,931 [WARN] PackLoader:240 - Cannot read IP mode file for STMicroelectronics.X-CUBE-NFC10.1.0.0
2025-12-21 07:58:28,935 [WARN] PackLoader:240 - Cannot read IP mode file for STMicroelectronics.X-CUBE-ST60.1.1.0
2025-12-21 07:58:28,941 [WARN] PackLoader:240 - Cannot read IP mode file for emotas.I-CUBE-CANOPEN.1.3.0
2025-12-21 07:58:28,946 [WARN] PackLoader:240 - Cannot read IP mode file for STMicroelectronics.X-CUBE-GNSS1.7.1.0
2025-12-21 07:58:28,952 [WARN] PackLoader:240 - Cannot read IP mode file for STMicroelectronics.FP-SNS-STBOX1.2.1.0
2025-12-21 07:58:28,956 [WARN] PackLoader:240 - Cannot read IP mode file for STMicroelectronics.FP-SNS-SMARTAG2.1.2.0
2025-12-21 07:58:28,959 [WARN] PackLoader:240 - Cannot read IP mode file for STMicroelectronics.FP-SNS-FLIGHT1.5.1.0
2025-12-21 07:58:28,967 [INFO] LogOutputStream:77 - [STDOUT_REDIRECT] 1 : Invalid condition id : UX_CORESTACK_Condition cause : null
2025-12-21 07:58:28,968 [INFO] LogOutputStream:77 - [STDOUT_REDIRECT] 1 : Invalid condition id : UX_CORESTACK_Condition cause : null
2025-12-21 07:58:28,969 [INFO] LogOutputStream:77 - [STDOUT_REDIRECT] 1 : Invalid condition id : UX_CORESTACK_Condition cause : null
2025-12-21 07:58:28,970 [INFO] LogOutputStream:77 - [STDOUT_REDIRECT] 1 : Invalid condition id : UX_CORESTACK_Condition cause : null
2025-12-21 07:58:28,972 [INFO] LogOutputStream:77 - [STDOUT_REDIRECT] 1 : Invalid condition id : UX_CORESTACK_Condition cause : null
2025-12-21 07:58:28,974 [WARN] PackLoader:240 - Cannot read IP mode file for STMicroelectronics.X-CUBE-AZRTOS-WL.2.0.0
2025-12-21 07:58:28,977 [WARN] PackLoader:240 - Cannot read IP mode file for STMicroelectronics.FP-SNS-MOTENV1.5.0.0
2025-12-21 07:58:28,989 [WARN] PackLoader:240 - Cannot read IP mode file for STMicroelectronics.X-CUBE-AZRTOS-H7RS.1.2.0
2025-12-21 07:58:28,995 [WARN] PackLoader:240 - Cannot read IP mode file for STMicroelectronics.X-CUBE-BLE2.3.3.0
2025-12-21 07:58:29,016 [WARN] PackLoader:240 - Cannot read IP mode file for STMicroelectronics.X-CUBE-NFC9.1.0.0
2025-12-21 07:58:29,022 [WARN] PackLoader:240 - Cannot read IP mode file for wolfSSL.I-CUBE-wolfSSL.5.8.2
2025-12-21 07:58:29,026 [WARN] PackLoader:240 - Cannot read IP mode file for STMicroelectronics.X-CUBE-BLE1.7.1.0
2025-12-21 07:58:29,029 [WARN] PackLoader:240 - Cannot read IP mode file for wolfSSL.I-CUBE-wolfMQTT.1.19.2
2025-12-21 07:58:29,034 [WARN] PackLoader:240 - Cannot read IP mode file for STMicroelectronics.X-CUBE-FREERTOS.1.4.0
2025-12-21 07:58:29,039 [WARN] PackLoader:240 - Cannot read IP mode file for STMicroelectronics.X-CUBE-EEPRMA1.5.2.0
2025-12-21 07:58:29,044 [WARN] PackLoader:240 - Cannot read IP mode file for STMicroelectronics.X-CUBE-ST67W61.1.1.0
2025-12-21 07:58:29,077 [WARN] PackLoader:240 - Cannot read IP mode file for STMicroelectronics.X-CUBE-MEMS1.12.0.0
2025-12-21 07:58:29,184 [WARN] PackLoader:240 - Cannot read IP mode file for STMicroelectronics.X-CUBE-AZRTOS-G0.1.1.0
2025-12-21 07:58:29,190 [WARN] PackLoader:240 - Cannot read IP mode file for STMicroelectronics.X-CUBE-SAFEA1.1.2.2
2025-12-21 07:58:29,193 [WARN] PackLoader:240 - Cannot read IP mode file for STMicroelectronics.X-CUBE-NFC4.3.0.0
2025-12-21 07:58:29,201 [WARN] PackLoader:240 - Cannot read IP mode file for EmbeddedOffice.I-CUBE-FS-RTOS.1.0.1
2025-12-21 07:58:29,205 [WARN] PackLoader:240 - Cannot read IP mode file for STMicroelectronics.X-CUBE-WB05N.2.0.0
2025-12-21 07:58:29,208 [WARN] PackLoader:240 - Cannot read IP mode file for wolfSSL.I-CUBE-wolfTPM.3.8.0
2025-12-21 07:58:29,213 [WARN] PackLoader:240 - Cannot read IP mode file for STMicroelectronics.X-CUBE-TCPP.4.2.0
2025-12-21 07:58:29,217 [WARN] PackLoader:240 - Cannot read IP mode file for RealThread.X-CUBE-RT-Thread_Nano.4.1.1
2025-12-21 07:58:29,220 [WARN] PackLoader:240 - Cannot read IP mode file for STMicroelectronics.FP-ATR-SIGFOX1.3.2.0
2025-12-21 07:58:29,225 [WARN] PackLoader:240 - Cannot read IP mode file for ITTIA_DB.I-CUBE-ITTIADB.8.9.0
2025-12-21 07:58:29,234 [WARN] PackLoader:240 - Cannot read IP mode file for STMicroelectronics.X-CUBE-ST67W61.1.0.0
2025-12-21 07:58:29,238 [WARN] PackLoader:240 - Cannot read IP mode file for STMicroelectronics.X-CUBE-AI.10.2.0
2025-12-21 07:58:29,258 [WARN] PackLoader:240 - Cannot read IP mode file for SEGGER.I-CUBE-embOS.1.3.1
2025-12-21 07:58:29,286 [WARN] PackLoader:240 - Cannot read IP mode file for STMicroelectronics.X-CUBE-ALGOBUILD.1.4.0
2025-12-21 07:58:29,315 [WARN] PackLoader:240 - Cannot read IP mode file for STMicroelectronics.X-CUBE-MEMS1.11.3.0
2025-12-21 07:58:29,393 [WARN] PackLoader:240 - Cannot read IP mode file for STMicroelectronics.X-CUBE-PM33A1.1.0.0
2025-12-21 07:58:29,404 [WARN] PackLoader:240 - Cannot read IP mode file for STMicroelectronics.X-CUBE-AZRTOS-F4.1.1.0
2025-12-21 07:58:29,408 [WARN] PackLoader:240 - Cannot read IP mode file for Avnet-IotConnect.X-CUBE-IoTC-DA16k-PMOD.1.0.0
2025-12-21 07:58:29,412 [WARN] PackLoader:240 - Cannot read IP mode file for STMicroelectronics.X-CUBE-ISPU.2.1.0
2025-12-21 07:58:29,420 [WARN] PackLoader:240 - Cannot read IP mode file for STMicroelectronics.X-CUBE-IPS.3.2.0
2025-12-21 07:58:29,428 [WARN] PackLoader:240 - Cannot read IP mode file for STMicroelectronics.X-CUBE-NFC12.1.0.0
2025-12-21 07:58:29,439 [WARN] PackLoader:240 - Cannot read IP mode file for STMicroelectronics.X-CUBE-AZRTOS-L5.2.0.0
2025-12-21 07:58:29,445 [WARN] PackLoader:240 - Cannot read IP mode file for STMicroelectronics.X-CUBE-NFC6.3.1.0
2025-12-21 07:58:29,449 [WARN] PackLoader:240 - Cannot read IP mode file for STMicroelectronics.X-CUBE-FREERTOS.1.3.1
2025-12-21 07:58:29,456 [WARN] PackLoader:240 - Cannot read IP mode file for STMicroelectronics.X-CUBE-TOUCHGFX.4.26.0
2025-12-21 07:58:29,467 [WARN] PackLoader:240 - Cannot read IP mode file for STMicroelectronics.FP-SNS-STAIOTCFT.1.0.0
2025-12-21 07:58:29,470 [WARN] PackLoader:240 - Cannot read IP mode file for STMicroelectronics.X-CUBE-DPower.1.3.0
2025-12-21 07:58:29,482 [WARN] ConditionMgr:438 - getConditionDescription Invalid condition id : LAN8742 Phy interface Condition cause : null
2025-12-21 07:58:29,482 [WARN] PackLoader:240 - Cannot read IP mode file for STMicroelectronics.X-CUBE-AZRTOS-L4.2.0.0
2025-12-21 07:58:29,483 [WARN] ConditionMgr:1044 - genDependencies : Invalid condition id : LAN8742 Phy interface Condition cause : null
2025-12-21 07:58:29,483 [WARN] ConditionMgr:1044 - genDependencies : Invalid condition id : LAN8742 Phy interface Condition cause : null
2025-12-21 07:58:29,483 [WARN] ConditionMgr:1044 - genDependencies : Invalid condition id : LAN8742 Phy interface Condition cause : null
2025-12-21 07:58:29,488 [WARN] PackLoader:240 - Cannot read IP mode file for STMicroelectronics.X-CUBE-SFXS2LP1.4.0.0
2025-12-21 07:58:29,495 [WARN] PackLoader:240 - Cannot read IP mode file for STMicroelectronics.X-CUBE-BLEMGR.4.1.0
2025-12-21 07:58:29,504 [WARN] ConditionMgr:438 - getConditionDescription Invalid condition id : UX DEVICE CLASS RTOS Condition cause : null
2025-12-21 07:58:29,504 [WARN] ConditionMgr:438 - getConditionDescription Invalid condition id : UX DEVICE CLASS RTOS Condition cause : null
2025-12-21 07:58:29,505 [WARN] PackLoader:240 - Cannot read IP mode file for STMicroelectronics.X-CUBE-AZRTOS-WB.2.0.0
2025-12-21 07:58:29,506 [WARN] ConditionMgr:1044 - genDependencies : Invalid condition id : UX DEVICE CLASS RTOS Condition cause : null
2025-12-21 07:58:29,506 [WARN] ConditionMgr:1044 - genDependencies : Invalid condition id : UX DEVICE CLASS RTOS Condition cause : null
2025-12-21 07:58:29,506 [WARN] ConditionMgr:1044 - genDependencies : Invalid condition id : UX DEVICE CLASS RTOS Condition cause : null
2025-12-21 07:58:29,506 [WARN] ConditionMgr:1044 - genDependencies : Invalid condition id : UX DEVICE CLASS RTOS Condition cause : null
2025-12-21 07:58:29,506 [WARN] ConditionMgr:1044 - genDependencies : Invalid condition id : UX DEVICE CLASS RTOS Condition cause : null
2025-12-21 07:58:29,510 [WARN] PackLoader:240 - Cannot read IP mode file for STMicroelectronics.X-CUBE-GNSS1.7.0.1
2025-12-21 07:58:29,512 [WARN] PackLoader:240 - Cannot read IP mode file for STMicroelectronics.X-CUBE-TOUCHGFX.4.25.0
2025-12-21 07:58:29,515 [WARN] ConditionMgr:438 - getConditionDescription Invalid condition id : Cortex-A Device cause : null
2025-12-21 07:58:29,523 [WARN] ConditionMgr:1044 - genDependencies : Invalid condition id : Cortex-A Device cause : null
2025-12-21 07:58:29,523 [WARN] ConditionMgr:1044 - genDependencies : Invalid condition id : Cortex-A Device cause : null
2025-12-21 07:58:29,523 [WARN] ConditionMgr:1044 - genDependencies : Invalid condition id : Cortex-A Device cause : null
2025-12-21 07:58:29,529 [WARN] PackLoader:240 - Cannot read IP mode file for STMicroelectronics.X-CUBE-SUBG2.5.0.0
2025-12-21 07:58:29,547 [WARN] PackLoader:240 - Cannot read IP mode file for STMicroelectronics.X-CUBE-AZRTOS-H7RS.1.1.0
2025-12-21 07:58:29,552 [WARN] PackLoader:240 - Cannot read IP mode file for Cesanta.I-CUBE-Mongoose.7.13.0
2025-12-21 07:58:29,563 [WARN] PackLoader:240 - Cannot read IP mode file for STMicroelectronics.X-CUBE-AZRTOS-G4.2.0.0
2025-12-21 07:58:29,568 [WARN] PackLoader:240 - Cannot read IP mode file for wolfSSL.I-CUBE-wolfSSH.1.4.20
2025-12-21 07:58:29,572 [WARN] PackLoader:240 - Cannot read IP mode file for STMicroelectronics.X-CUBE-NFC7.2.0.0
2025-12-21 07:58:29,601 [WARN] PackLoader:240 - Cannot read IP mode file for STMicroelectronics.X-CUBE-IPS.3.1.0
2025-12-21 07:58:29,609 [WARN] PackLoader:240 - Cannot read IP mode file for STMicroelectronics.X-CUBE-ALS.1.0.2
2025-12-21 07:58:29,615 [WARN] PackLoader:240 - Cannot read IP mode file for STMicroelectronics.X-CUBE-STSE01.1.0.0
2025-12-21 07:58:29,623 [WARN] PackLoader:240 - Cannot read IP mode file for STMicroelectronics.X-CUBE-TOF1.3.4.3
2025-12-21 07:58:29,631 [INFO] ThirdParty:978 - Integrity check success = true
2025-12-21 07:58:29,631 [INFO] IntegrityCheckThread:100 - exiting critical section [integrity check]
2025-12-21 07:58:29,631 [INFO] IntegrityCheckThread:103 - End integrity checks thread
2025-12-21 07:58:29,631 [INFO] ThirdParty:873 - entering critical section [close project]
2025-12-21 07:58:29,633 [INFO] ThirdParty:883 - exiting critical section [close project]
2025-12-21 07:58:29,638 [INFO] PinOutPanel:1589 - setPackage(No Configuration,No Configuration)
2025-12-21 07:58:29,639 [INFO] UtilMem:75 - Begin LoadConfig() Used Memory: 242577176 Bytes (374341632)
2025-12-21 07:58:29,641 [INFO] MicroXplorer:468 - Change Database Path : 
2025-12-21 07:58:29,642 [INFO] MicroXplorer:498 - Change Database Version : DB.6.0.150
2025-12-21 07:58:29,642 [INFO] OpenFileManager:355 - Change cursor
2025-12-21 07:58:29,714 [INFO] Mcu:2029 - Initializing MCU STM32L476R(C-E-G)Tx STM32L476RGTx STM32L476RGT3
2025-12-21 07:58:29,820 [INFO] WebApp:463 - Apply proxy settings
2025-12-21 07:58:29,820 [INFO] WebApp:548 - Chromium requires no authentication
2025-12-21 07:58:29,909 [INFO] WebApp:491 - Direct internet connection detected
2025-12-21 07:58:30,137 [INFO] WebApp:900 - Register for checkConnection events
2025-12-21 07:58:30,137 [INFO] WebApp:463 - Apply proxy settings
2025-12-21 07:58:30,137 [INFO] WebApp:548 - Chromium requires no authentication
2025-12-21 07:58:30,137 [INFO] WebApp:491 - Direct internet connection detected
2025-12-21 07:58:30,149 [INFO] WebApp:191 - Connection restablished
2025-12-21 07:58:30,766 [INFO] WebApp:225 - Starting web application
2025-12-21 07:58:30,767 [INFO] WebApp:593 - Web application path used C:\ST\STM32CubeIDE_1.19.0\STM32CubeIDE\plugins\com.st.stm32cube.common.mx_6.15.0.202507011659\db\plugins\mcufinder\reactClient1\index.html
2025-12-21 07:58:30,898 [INFO] UserAuth:487 - Internet connection configuration mode: 1
2025-12-21 07:58:31,938 [INFO] Context:786 - Trying to add GPIOservice into a context  which must be forbidden
2025-12-21 07:58:32,498 [INFO] ImportTextPane:234 - (OptionalMessage_ERROR) Pin12 (VP_RIF_VS_RIF1) cannot be retrieved for this MCU
2025-12-21 07:58:32,720 [INFO] RtosManager:558 - Registered RTOS mode: class=CMSIS, group=RTOS, mode=CMSIS_V1, owner=FREERTOS
2025-12-21 07:58:32,720 [INFO] RtosManager:558 - Registered RTOS mode: class=CMSIS, group=RTOS2, mode=CMSIS_V2, owner=FREERTOS
2025-12-21 07:58:32,720 [INFO] RtosManager:558 - Registered RTOS mode: class=RTOS, group=Core, mode=CMSIS_V1, owner=FREERTOS
2025-12-21 07:58:32,720 [INFO] RtosManager:558 - Registered RTOS mode: class=RTOS, group=Core, mode=CMSIS_V2, owner=FREERTOS
2025-12-21 07:58:32,721 [WARN] ModelIntegratedComponent:184 - Missing modes for component STMicroelectronics:FreeRTOS:0.0.1:STMicroelectronics:RTOS:FreeRTOS:Core:::10.2.0:
2025-12-21 07:58:32,739 [WARN] ModelIntegratedComponent:63 - No mode defined for component null
2025-12-21 07:58:32,739 [WARN] ModelIntegratedComponent:63 - No mode defined for component null
2025-12-21 07:58:32,739 [WARN] ModelIntegratedComponent:63 - No mode defined for component null
2025-12-21 07:58:32,739 [WARN] ModelIntegratedComponent:63 - No mode defined for component null
2025-12-21 07:58:32,739 [WARN] ModelIntegratedComponent:63 - No mode defined for component null
2025-12-21 07:58:32,739 [WARN] ModelIntegratedComponent:63 - No mode defined for component null
2025-12-21 07:58:32,739 [WARN] ModelIntegratedComponent:63 - No mode defined for component null
2025-12-21 07:58:32,739 [WARN] ModelIntegratedComponent:63 - No mode defined for component null
2025-12-21 07:58:32,739 [WARN] ModelIntegratedComponent:63 - No mode defined for component null
2025-12-21 07:58:32,739 [WARN] ModelIntegratedComponent:63 - No mode defined for component null
2025-12-21 07:58:32,739 [WARN] ModelIntegratedComponent:63 - No mode defined for component null
2025-12-21 07:58:32,739 [WARN] ModelIntegratedComponent:63 - No mode defined for component null
2025-12-21 07:58:32,739 [WARN] ModelIntegratedComponent:63 - No mode defined for component null
2025-12-21 07:58:32,739 [WARN] ModelIntegratedComponent:63 - No mode defined for component null
2025-12-21 07:58:32,739 [WARN] ModelIntegratedComponent:63 - No mode defined for component null
2025-12-21 07:58:32,739 [WARN] ModelIntegratedComponent:63 - No mode defined for component null
2025-12-21 07:58:32,739 [WARN] ModelIntegratedComponent:63 - No mode defined for component null
2025-12-21 07:58:32,739 [WARN] ModelIntegratedComponent:63 - No mode defined for component null
2025-12-21 07:58:32,739 [WARN] ModelIntegratedComponent:63 - No mode defined for component null
2025-12-21 07:58:32,739 [WARN] ModelIntegratedComponent:63 - No mode defined for component null
2025-12-21 07:58:32,740 [WARN] ModelIntegratedComponent:63 - No mode defined for component null
2025-12-21 07:58:32,740 [WARN] ModelIntegratedComponent:63 - No mode defined for component null
2025-12-21 07:58:32,740 [WARN] ModelIntegratedComponent:63 - No mode defined for component null
2025-12-21 07:58:32,740 [WARN] ModelIntegratedComponent:63 - No mode defined for component null
2025-12-21 07:58:32,740 [WARN] ModelIntegratedComponent:63 - No mode defined for component null
2025-12-21 07:58:32,740 [WARN] ModelIntegratedComponent:63 - No mode defined for component null
2025-12-21 07:58:32,740 [WARN] ModelIntegratedComponent:63 - No mode defined for component null
2025-12-21 07:58:32,740 [WARN] ModelIntegratedComponent:63 - No mode defined for component null
2025-12-21 07:58:32,740 [WARN] ModelIntegratedComponent:63 - No mode defined for component null
2025-12-21 07:58:32,740 [WARN] ModelIntegratedComponent:63 - No mode defined for component null
2025-12-21 07:58:32,740 [WARN] ModelIntegratedComponent:63 - No mode defined for component null
2025-12-21 07:58:32,740 [WARN] ModelIntegratedComponent:63 - No mode defined for component null
2025-12-21 07:58:32,740 [WARN] ModelIntegratedComponent:63 - No mode defined for component null
2025-12-21 07:58:32,740 [WARN] ModelIntegratedComponent:63 - No mode defined for component null
2025-12-21 07:58:32,740 [WARN] ModelIntegratedComponent:63 - No mode defined for component null
2025-12-21 07:58:32,740 [WARN] ModelPack:524 - Component already loaded: STMicroelectronics:HAL Drivers:0.0.0:STMicroelectronics:Device:STMicro_Driver:XSPI:HAL::0.0.1:HAL_XSPI
2025-12-21 07:58:32,816 [INFO] ThirdPartyModel:298 - Start build external matchings
2025-12-21 07:58:33,454 [INFO] ThirdPartyModel:316 - End build external matchings
2025-12-21 07:58:33,475 [INFO] ImportTextPane:234 - (OptionalMessage_ERROR) IP (RCC) : Invalid parameter (FamilyName)
2025-12-21 07:58:33,477 [INFO] ImportTextPane:234 - (OptionalMessage_ERROR) IP (RCC) : Parameter (RNGFreq_Value) has invalid value (64000000)
2025-12-21 07:58:33,477 [INFO] ImportTextPane:234 - (OptionalMessage_ERROR) IP (RCC) : Parameter (SDMMCFreq_Value) has invalid value (64000000)
2025-12-21 07:58:33,477 [INFO] ImportTextPane:234 - (OptionalMessage_ERROR) IP (RCC) : Parameter (USBFreq_Value) has invalid value (64000000)
2025-12-21 07:58:33,886 [INFO] ApiDb:581 - Connected to CubeFinder SQLite database (C:\Users\user\.stmcufinder\plugins\mcufinder\mcu\cube-finder-db.db)
2025-12-21 07:58:34,000 [INFO] ApiDb:668 - CubeFinder database Data Model version=2.1
2025-12-21 07:58:34,000 [INFO] ApiDb:669 - CubeFinder database Configuration version=3.0.39
2025-12-21 07:58:34,000 [INFO] ApiDb:670 - CubeFinder database generation date=2025-11-05 (1762334721)
2025-12-21 07:58:34,000 [INFO] ApiDb:671 - CubeFinder database FW Pack versions=[FP-ATR-ASTRA1_V2.0.0, FP-SNS-FLIGHT1_V5.1.0, FP-SNS-MOTENV1_V5.1.0, FP-SNS-MOTENVWB1_V1.4.0, FP-SNS-SMARTAG2_V1.2.0, FP-SNS-STBOX1_V2.1.0, STM32Cube_FW_C0_V1.4.0, STM32Cube_FW_F4_V1.28.3, STM32Cube_FW_F7_V1.17.4, STM32Cube_FW_G0_V1.6.2, STM32Cube_FW_G4_V1.6.1, STM32Cube_FW_H5_V1.5.1, STM32Cube_FW_H7RS_V1.3.0, STM32Cube_FW_H7_V1.12.1, STM32Cube_FW_L0_V1.12.2, STM32Cube_FW_L4_V1.18.1, STM32Cube_FW_L5_V1.6.0, STM32Cube_FW_N6_V1.3.0, STM32Cube_FW_U0_V1.3.0, STM32Cube_FW_U3_V1.2.1, STM32Cube_FW_U5_V1.8.0, STM32Cube_FW_WB0_V1.4.0, STM32Cube_FW_WBA_V1.8.0, STM32Cube_FW_WB_V1.24.0, STM32Cube_FW_WL3_V1.3.0, STM32Cube_FW_WL_V1.4.0, X-CUBE-ALGOBUILD_V1.4.0, X-CUBE-ALS_V1.0.2, X-CUBE-AZRTOS-F4_V1.1.0, X-CUBE-AZRTOS-F7_V1.1.0, X-CUBE-AZRTOS-G0_V1.1.0, X-CUBE-AZRTOS-G4_V2.0.0, X-CUBE-AZRTOS-H7RS_V1.1.0, X-CUBE-AZRTOS-H7_V3.4.0, X-CUBE-AZRTOS-L4_V2.0.0, X-CUBE-AZRTOS-L5_V2.0.0, X-CUBE-AZRTOS-WB_V2.0.0, X-CUBE-AZRTOS-WL_V2.0.0, X-CUBE-BLE1_V7.1.0, X-CUBE-BLE2_V3.3.0, X-CUBE-BLEMGR_V4.1.0, X-CUBE-EEPRMA1_V5.2.0, X-CUBE-FREERTOS_V1.3.1, X-CUBE-GNSS1_V6.0.0, X-CUBE-MEMS1_V11.3.0, X-CUBE-NFC4_V3.0.0, X-CUBE-NFC7_V2.0.0, X-CUBE-SFXS2LP1_V4.0.0, X-CUBE-ST67W61_V1.1.0, X-CUBE-SUBG2_V5.0.0, X-CUBE-TOF1_V3.4.3]
2025-12-21 07:58:34,161 [INFO] DbBoardsSqlite:226 - include board P-NUCLEO-WB55-NUCLEO as a kit item of type 'Nucleo-64'
2025-12-21 07:58:34,161 [INFO] DbBoardsSqlite:226 - include board P-NUCLEO-WB55-USBDONGLE as a kit item of type 'Nucleo USB Dongle'
2025-12-21 07:58:34,162 [INFO] DbBoardsSqlite:226 - include board STEVAL-IDP005V1 as a kit item of type 'Evaluation Board'
2025-12-21 07:58:34,163 [INFO] DbBoardsSqlite:226 - include board STEVAL-IDP005V2 as a kit item of type 'Evaluation Board'
2025-12-21 07:58:35,208 [INFO] ApiDb:240 - Found 880 in-development CPN: [B-G473E-ZEST1S, B-WB1M-WPAN1, B-WBA5M-WPAN, B-WL5M-SUBG1, NUCLEO-C031C6, NUCLEO-C051C8, NUCLEO-C071RB, NUCLEO-C092RC, NUCLEO-H503RB, NUCLEO-H533RE, NUCLEO-H563ZI, NUCLEO-H7S3L8, NUCLEO-N657X0-Q, NUCLEO-U031R8, NUCLEO-U083RC, NUCLEO-U385RG-Q, NUCLEO-U545RE-Q, NUCLEO-U5A5ZJ-Q, NUCLEO-WB05KZ, NUCLEO-WB07CC, NUCLEO-WB09KE, NUCLEO-WBA52CG, NUCLEO-WBA55CG, NUCLEO-WL33CC1, NUCLEO-WL33CC2, STEVAL-PROTEUS1, STEVAL-SMARTAG2, STEVAL-STWINBX1, STM320518-EVAL, STM32C0116-DK, STM32C011D6Y3TR, STM32C011D6Y6TR, STM32C011F4P3, STM32C011F4P6, STM32C011F4U3, STM32C011F4U6TR, STM32C011F6P3, STM32C011F6P6, STM32C011F6U3, STM32C011F6U6TR, STM32C011J4M3, STM32C011J4M6, STM32C011J6M3, STM32C011J6M6, STM32C0316-DK, STM32C031C4T3, STM32C031C4T6, STM32C031C4U3, STM32C031C4U6, STM32C031C6T3, STM32C031C6T6, STM32C031C6U3, STM32C031C6U6, STM32C031F4P3, STM32C031F4P6, STM32C031F6P3, STM32C031F6P6, STM32C031G4U3, STM32C031G4U6, STM32C031G6U3, STM32C031G6U6, STM32C031K4T3, STM32C031K4T6, STM32C031K4U3, STM32C031K4U6, STM32C031K6T3, STM32C031K6T6, STM32C031K6U3, STM32C031K6U6, STM32C051C6T6, STM32C051C6U6, STM32C051C8T6, STM32C051C8U6, STM32C051D8Y6TR, STM32C051F6P6, STM32C051F8P6, STM32C051G6U6, STM32C051G8U6, STM32C051K6T6, STM32C051K6U6, STM32C051K8T6, STM32C071C8T6, STM32C071C8T6N, STM32C071C8U6, STM32C071C8U6N, STM32C071CBT6, STM32C071CBT6N, STM32C071CBU6, STM32C071CBU6N, STM32C071F8P6, STM32C071F8P6N, STM32C071FBP6, STM32C071FBP6N, STM32C071FBY6TR, STM32C071G8U6, STM32C071G8U6N, STM32C071GBU6, STM32C071GBU6N, STM32C071K8T6, STM32C071K8T6N, STM32C071K8U6, STM32C071K8U6N, STM32C071KBT6, STM32C071KBT6N, STM32C071KBU6, STM32C071KBU6N, STM32C071R8T6, STM32C071R8T6N, STM32C071RBI6N, STM32C071RBT6, STM32C071RBT6N, STM32C091CBT6, STM32C091CBU6, STM32C091CCT6, STM32C091CCU6, STM32C091ECY6TR, STM32C091FBP6, STM32C091FCP6, STM32C091GBU6, STM32C091GCU6, STM32C091KBT6, STM32C091KBU6, STM32C091KCT6, STM32C091KCU6, STM32C091RBT6, STM32C091RCI6, STM32C091RCT6, STM32C092CBT6, STM32C092CBU6, STM32C092CCT6, STM32C092CCU6, STM32C092ECY6TR, STM32C092FBP6, STM32C092FCP6, STM32C092GBU6, STM32C092GCU6, STM32C092KBT6, STM32C092KBU6, STM32C092KCT6, STM32C092KCU6, STM32C092RBT6, STM32C092RCI6, STM32C092RCT6, STM32G071K8TXN, STM32G071K8UXN, STM32G081GBU6N, STM32G081KBT6N, STM32G081KBUXN, STM32G0B1CCT6N, STM32G0B1KCT6, STM32G0B1NEY6TR, STM32G0B1RCT6N, STM32G0C1CCT6, STM32G0C1CCT6N, STM32G0C1CCU6N, STM32G0C1CET6N, STM32G0C1CEU6N, STM32G0C1KCT6, STM32G0C1NEY6TR, STM32G0C1RCI6N, STM32G0C1RCT6N, STM32G0C1REI6N, STM32G0C1RET6N, STM32G0C1VCI6, STM32G0C1VEI6, STM32G411C6T3, STM32G411C6T6, STM32G411C6U3, STM32G411C6U6, STM32G411C8T3, STM32G411C8T6, STM32G411C8U3, STM32G411C8U6, STM32G411CBT3, STM32G411CBT6, STM32G411CBU3, STM32G411CBU6, STM32G411K6T3, STM32G411K6T6, STM32G411K6U3, STM32G411K6U6, STM32G411K8T3, STM32G411K8T6, STM32G411K8U3, STM32G411K8U6, STM32G411KBT3, STM32G411KBT6, STM32G411KBU3, STM32G411KBU6, STM32G411M6T3, STM32G411M6T6, STM32G411M8T3, STM32G411M8T6, STM32G411MBT3, STM32G411MBT6, STM32G411R6T3, STM32G411R6T6, STM32G411R8T3, STM32G411R8T6, STM32G411RBT3, STM32G411RBT6, STM32G414CBT3, STM32G414CBT6, STM32G414CBU3, STM32G414CBU6, STM32G414CCT3, STM32G414CCT6, STM32G414CCU3, STM32G414CCU6, STM32G414MBT3, STM32G414MBT6, STM32G414MCT3, STM32G414MCT6, STM32G414RBT3, STM32G414RBT6, STM32G414RCT3, STM32G414RCT6, STM32G414VBT3, STM32G414VBT6, STM32G414VCT3, STM32G414VCT6, STM32G431CBT3Z, STM32G431RBT3Z, STM32G471CCT6, STM32G471CCU6, STM32G471CET3, STM32G471CET6, STM32G471CEU3, STM32G471CEU6, STM32G471MCT6, STM32G471MET3, STM32G471MET6, STM32G471MEY6TR, STM32G471QCT6, STM32G471QET3, STM32G471RCT6, STM32G471RET3, STM32G471RET6, STM32G471VCH6, STM32G471VCI6, STM32G471VCT6, STM32G471VEH3, STM32G471VEH6, STM32G471VEI3, STM32G471VEI6, STM32G471VET3, STM32G471VET6, STM32G473QET3Z, STM32G473RET3Z, STM32G474CCT6, STM32G491RET3Z, STM32H503CBT6, STM32H503CBU6, STM32H503EBY6TR, STM32H503KBU6, STM32H503RBT6, STM32H523CCT6, STM32H523CCU6, STM32H523CET6, STM32H523CEU6, STM32H523HEY6TR, STM32H523RCT6, STM32H523RET6, STM32H523VCI6, STM32H523VCT6, STM32H523VEI6, STM32H523VET6, STM32H523ZCJ6, STM32H523ZCT6, STM32H523ZEJ6, STM32H523ZET6, STM32H533CET6, STM32H533CEU6, STM32H533HEY6TR, STM32H533RET6, STM32H533VEI6, STM32H533VET6, STM32H533ZEJ6, STM32H533ZET6, STM32H562AGI6, STM32H562AII6, STM32H562IGK6, STM32H562IGT6, STM32H562IIK6, STM32H562IIT6, STM32H562RGT6, STM32H562RGV6, STM32H562RIT6, STM32H562RIV6, STM32H562VGT6, STM32H562VIT6, STM32H562ZGT6, STM32H562ZIT6, STM32H563AGI6, STM32H563AII3Q, STM32H563AII6, STM32H563IGK6, STM32H563IGT6, STM32H563IIK3Q, STM32H563IIK6, STM32H563IIT3Q, STM32H563IIT6, STM32H563MIY3QTR, STM32H563RGT6, STM32H563RGV6, STM32H563RIT6, STM32H563RIV6, STM32H563VGT6, STM32H563VIT3Q, STM32H563VIT6, STM32H563ZGT6, STM32H563ZIT3Q, STM32H563ZIT6, STM32H573AII3Q, STM32H573AII6, STM32H573I-DK, STM32H573IIK3Q, STM32H573IIK6, STM32H573IIT3Q, STM32H573IIT6, STM32H573MIY3QTR, STM32H573RIT6, STM32H573RIV6, STM32H573VIT3Q, STM32H573VIT6, STM32H573ZIT3Q, STM32H573ZIT6, STM32H7R3A8I6, STM32H7R3I8K6, STM32H7R3I8T6, STM32H7R3L8H6, STM32H7R3L8H6H, STM32H7R3R8V6, STM32H7R3V8H6, STM32H7R3V8T6, STM32H7R3V8Y6TR, STM32H7R3Z8J6, STM32H7R3Z8T6, STM32H7R7A8I6, STM32H7R7I8K6, STM32H7R7I8T6, STM32H7R7L8H6, STM32H7R7L8H6H, STM32H7R7Z8J6, STM32H7S3A8I6, STM32H7S3I8K6, STM32H7S3I8T6, STM32H7S3L8H6, STM32H7S3L8H6H, STM32H7S3R8V6, STM32H7S3V8H6, STM32H7S3V8T6, STM32H7S3V8Y6TR, STM32H7S3Z8J6, STM32H7S3Z8T6, STM32H7S78-DK, STM32H7S7A8I6, STM32H7S7I8K6, STM32H7S7I8T6, STM32H7S7L8H6, STM32H7S7L8H6H, STM32H7S7Z8J6, STM32L4R5QGI6STR, STM32MP131AAE3, STM32MP131AAF3, STM32MP131AAG3, STM32MP131CAE3, STM32MP131CAF3, STM32MP131CAG3, STM32MP131DAE7, STM32MP131DAF7, STM32MP131DAG7, STM32MP131FAE7, STM32MP131FAF7, STM32MP131FAG7, STM32MP133AAE3, STM32MP133AAF3, STM32MP133AAG3, STM32MP133CAE3, STM32MP133CAF3, STM32MP133CAG3, STM32MP133DAE7, STM32MP133DAF7, STM32MP133DAG7, STM32MP133FAE7, STM32MP133FAF7, STM32MP133FAG7, STM32MP135AAE3, STM32MP135AAF3, STM32MP135AAG3, STM32MP135CAE3, STM32MP135CAF3, STM32MP135CAG3, STM32MP135DAE7, STM32MP135DAF7, STM32MP135DAG7, STM32MP135F-DK, STM32MP135FAE7, STM32MP135FAF7, STM32MP135FAF7T, STM32MP135FAF7U, STM32MP135FAG7, STM32MP211AAL3, STM32MP211AAM3, STM32MP211AAN3, STM32MP211AAO3, STM32MP211CAL3, STM32MP211CAM3, STM32MP211CAN3, STM32MP211CAO3, STM32MP211DAL3, STM32MP211DAM3, STM32MP211DAN3, STM32MP211DAO3, STM32MP211FAL3, STM32MP211FAM3, STM32MP211FAN3, STM32MP211FAO3, STM32MP213AAL3, STM32MP213AAM3, STM32MP213AAN3, STM32MP213AAO3, STM32MP213CAL3, STM32MP213CAM3, STM32MP213CAN3, STM32MP213CAO3, STM32MP213DAL3, STM32MP213DAM3, STM32MP213DAN3, STM32MP213DAO3, STM32MP213FAL3, STM32MP213FAM3, STM32MP213FAN3, STM32MP213FAO3, STM32MP215AAL3, STM32MP215AAM3, STM32MP215AAN3, STM32MP215AAO3, STM32MP215CAL3, STM32MP215CAM3, STM32MP215CAN3, STM32MP215CAO3, STM32MP215DAL3, STM32MP215DAM3, STM32MP215DAN3, STM32MP215DAO3, STM32MP215F-DK, STM32MP215FAL3, STM32MP215FAM3, STM32MP215FAN3, STM32MP215FAO3, STM32MP231AAJ3, STM32MP231AAK3, STM32MP231AAL3, STM32MP231CAJ3, STM32MP231CAK3, STM32MP231CAL3, STM32MP231DAJ3, STM32MP231DAK3, STM32MP231DAL3, STM32MP231FAJ3, STM32MP231FAK3, STM32MP231FAL3, STM32MP233AAJ3, STM32MP233AAK3, STM32MP233AAL3, STM32MP233CAJ3, STM32MP233CAK3, STM32MP233CAL3, STM32MP233DAJ3, STM32MP233DAK3, STM32MP233DAL3, STM32MP233FAJ3, STM32MP233FAK3, STM32MP233FAL3, STM32MP235AAJ3, STM32MP235AAK3, STM32MP235AAL3, STM32MP235CAJ3, STM32MP235CAK3, STM32MP235CAL3, STM32MP235DAJ3, STM32MP235DAK3, STM32MP235DAL3, STM32MP235FAJ3, STM32MP235FAK3, STM32MP235FAL3, STM32MP251AAI3, STM32MP251AAK3, STM32MP251AAL3, STM32MP251CAI3, STM32MP251CAK3, STM32MP251CAL3, STM32MP251DAI3, STM32MP251DAK3, STM32MP251DAL3, STM32MP251FAI3, STM32MP251FAK3, STM32MP251FAL3, STM32MP253AAI3, STM32MP253AAK3, STM32MP253AAL3, STM32MP253CAI3, STM32MP253CAK3, STM32MP253CAL3, STM32MP253DAI3, STM32MP253DAK3, STM32MP253DAL3, STM32MP253FAI3, STM32MP253FAK3, STM32MP253FAL3, STM32MP255AAI3, STM32MP255AAK3, STM32MP255AAL3, STM32MP255CAI3, STM32MP255CAK3, STM32MP255CAL3, STM32MP255DAI3, STM32MP255DAK3, STM32MP255DAL3, STM32MP255FAI3, STM32MP255FAK3, STM32MP255FAL3, STM32MP257AAI3, STM32MP257AAK3, STM32MP257AAL3, STM32MP257CAI3, STM32MP257CAK3, STM32MP257CAL3, STM32MP257DAI3, STM32MP257DAK3, STM32MP257DAL3, STM32MP257F-DK, STM32MP257F-EV1, STM32MP257FAI3, STM32MP257FAK3, STM32MP257FAL3, STM32N645A0H3Q, STM32N645B0H3Q, STM32N645I0H3Q, STM32N645L0H3Q, STM32N645X0H3Q, STM32N645Z0H3Q, STM32N647A0H3Q, STM32N647B0H3Q, STM32N647I0H3Q, STM32N647L0H3Q, STM32N647X0H3Q, STM32N647Z0H3Q, STM32N655A0H3Q, STM32N655B0H3Q, STM32N655I0H3Q, STM32N655L0H3Q, STM32N655X0H3Q, STM32N655Z0H3Q, STM32N6570-DK, STM32N657A0H3Q, STM32N657B0H3Q, STM32N657I0H3Q, STM32N657L0H3Q, STM32N657X0H3Q, STM32N657Z0H3Q, STM32U031C6T6, STM32U031C6U6, STM32U031C8T6, STM32U031C8U6, STM32U031F4P6, STM32U031F6P6, STM32U031F8P6, STM32U031G6Y6TR, STM32U031G8Y6TR, STM32U031K4U6, STM32U031K6U6, STM32U031K8U6, STM32U031R6I6, STM32U031R6T6, STM32U031R8I6, STM32U031R8T6, STM32U073C8T6, STM32U073C8U6, STM32U073CBT6, STM32U073CBU6, STM32U073CCT6, STM32U073CCU6, STM32U073H8Y6TR, STM32U073HBY6TR, STM32U073HCY6TR, STM32U073K8U6, STM32U073KBU6, STM32U073KCU6, STM32U073M8I6, STM32U073M8T6, STM32U073MBI6, STM32U073MBT6, STM32U073MCI6, STM32U073MCT6, STM32U073R8I6, STM32U073R8T6, STM32U073RBI6, STM32U073RBT6, STM32U073RCI6, STM32U073RCT6, STM32U083C-DK, STM32U083CCT6, STM32U083CCU6, STM32U083HCY6TR, STM32U083KCU6, STM32U083MCI6, STM32U083MCT6, STM32U083RCI6, STM32U083RCT6, STM32U375CET6, STM32U375CET6Q, STM32U375CEU6, STM32U375CEU6Q, STM32U375CEY6QTR, STM32U375CGT6, STM32U375CGT6Q, STM32U375CGU6, STM32U375CGU6Q, STM32U375CGY6QTR, STM32U375KEU6, STM32U375KGU6, STM32U375REI6, STM32U375REI6Q, STM32U375RET6, STM32U375RET6Q, STM32U375REY6GTR, STM32U375REY6QTR, STM32U375RGI6, STM32U375RGI6Q, STM32U375RGT6, STM32U375RGT6Q, STM32U375RGY6GTR, STM32U375RGY6QTR, STM32U375VEI6, STM32U375VEI6Q, STM32U375VET6, STM32U375VET6Q, STM32U375VGI6, STM32U375VGI6Q, STM32U375VGT6, STM32U375VGT6Q, STM32U385CGT6, STM32U385CGT6Q, STM32U385CGU6, STM32U385CGU6Q, STM32U385CGY6QTR, STM32U385KGU6, STM32U385RGI6, STM32U385RGI6Q, STM32U385RGT6, STM32U385RGT6Q, STM32U385RGY6GTR, STM32U385RGY6QTR, STM32U385VGI6, STM32U385VGI6Q, STM32U385VGT6, STM32U385VGT6Q, STM32U535CBT6, STM32U535CBT6Q, STM32U535CBU6, STM32U535CBU6Q, STM32U535CCT6, STM32U535CCT6Q, STM32U535CCU6, STM32U535CCU6Q, STM32U535CET6, STM32U535CET6Q, STM32U535CEU6, STM32U535CEU6Q, STM32U535JEY6QTR, STM32U535NCY6QTR, STM32U535NEY6QTR, STM32U535RBI6, STM32U535RBI6Q, STM32U535RBT6, STM32U535RBT6Q, STM32U535RCI6, STM32U535RCI6Q, STM32U535RCT6, STM32U535RCT6Q, STM32U535REI6, STM32U535REI6Q, STM32U535RET6, STM32U535RET6Q, STM32U535VCI6, STM32U535VCI6Q, STM32U535VCT6, STM32U535VCT6Q, STM32U535VEI6, STM32U535VEI6Q, STM32U535VET6, STM32U535VET6Q, STM32U545CET6, STM32U545CET6Q, STM32U545CEU6, STM32U545CEU6Q, STM32U545JEY6QTR, STM32U545NEY6QTR, STM32U545REI6, STM32U545REI6Q, STM32U545RET6, STM32U545RET6Q, STM32U545VEI6, STM32U545VEI6Q, STM32U545VET6, STM32U545VET6Q, STM32U595AIH6, STM32U595AIH6Q, STM32U595AJH6, STM32U595AJH6Q, STM32U595QII6, STM32U595QII6Q, STM32U595QJI6, STM32U595QJI6Q, STM32U595RIT6, STM32U595RIT6Q, STM32U595RJT6, STM32U595RJT6Q, STM32U595VIT6, STM32U595VIT6Q, STM32U595VJT6, STM32U595VJT6Q, STM32U595ZIT6, STM32U595ZIT6Q, STM32U595ZIY6QTR, STM32U595ZJT6, STM32U595ZJT6Q, STM32U595ZJY6QTR, STM32U599BJY6QTR, STM32U599NIH6Q, STM32U599NJH6Q, STM32U599VIT6Q, STM32U599VJT6, STM32U599VJT6Q, STM32U599ZIT6Q, STM32U599ZIY6QTR, STM32U599ZJT6Q, STM32U599ZJY6QTR, STM32U5A5AJH6, STM32U5A5AJH6Q, STM32U5A5QII3Q , STM32U5A5QJI6, STM32U5A5QJI6Q, STM32U5A5RJT6, STM32U5A5RJT6Q, STM32U5A5VJT6, STM32U5A5VJT6Q, STM32U5A5ZJT6, STM32U5A5ZJT6Q, STM32U5A5ZJY6QTR, STM32U5A9BJY6QTR, STM32U5A9J-DK, STM32U5A9NJH6Q, STM32U5A9VJT6Q, STM32U5A9ZJT6Q, STM32U5A9ZJY6QTR, STM32U5F7VIT6, STM32U5F7VIT6Q, STM32U5F7VJT6, STM32U5F7VJT6Q, STM32U5F9BJY6QTR, STM32U5F9NJH6Q, STM32U5F9VIT6Q, STM32U5F9VJT6Q, STM32U5F9ZIJ6QTR, STM32U5F9ZIT6Q, STM32U5F9ZJJ6QTR, STM32U5F9ZJT6Q, STM32U5G7VJT6, STM32U5G7VJT6Q, STM32U5G9BJY6QTR, STM32U5G9J-DK1, STM32U5G9J-DK2, STM32U5G9NJH6Q, STM32U5G9VJT6Q, STM32U5G9ZJJ6QTR, STM32U5G9ZJT6Q, STM32WB05KZV6TR, STM32WB05KZV7TR, STM32WB05TZF6TR, STM32WB05TZF7TR, STM32WB06CCF6TR, STM32WB06CCF7TR, STM32WB06CCV6TR, STM32WB06CCV7TR, STM32WB06KCV6TR, STM32WB06KCV7TR, STM32WB07CCF6TR, STM32WB07CCF7TR, STM32WB07CCV6TR, STM32WB07CCV7TR, STM32WB07KCV6TR, STM32WB07KCV7TR, STM32WB09KEV6TR, STM32WB09KEV7TR, STM32WB09TEF6TR, STM32WB09TEF7TR, STM32WB1MMCH6, STM32WBA50KGU6, STM32WBA50KGU6TR, STM32WBA52CEU6, STM32WBA52CEU6TR, STM32WBA52CEU7, STM32WBA52CEU7TR, STM32WBA52CGU6, STM32WBA52CGU6TR, STM32WBA52CGU6U, STM32WBA52CGU7, STM32WBA52CGU7TR, STM32WBA52KEU6, STM32WBA52KEU6TR, STM32WBA52KGU6, STM32WBA52KGU6TR, STM32WBA54CEU6, STM32WBA54CEU6TR, STM32WBA54CEU7, STM32WBA54CEU7TR, STM32WBA54CGU6, STM32WBA54CGU6TR, STM32WBA54CGU7, STM32WBA54CGU7TR, STM32WBA54KEU6, STM32WBA54KEU6TR, STM32WBA54KEU7, STM32WBA54KEU7TR, STM32WBA54KGU6, STM32WBA54KGU6TR, STM32WBA54KGU7, STM32WBA54KGU7TR, STM32WBA55CEU6, STM32WBA55CEU6TR, STM32WBA55CEU7, STM32WBA55CEU7TR, STM32WBA55CGU6, STM32WBA55CGU6TR, STM32WBA55CGU6U, STM32WBA55CGU7, STM32WBA55CGU7TR, STM32WBA55G-DK1, STM32WBA55HEF6, STM32WBA55HEF7, STM32WBA55HGF6, STM32WBA55HGF7, STM32WBA55UEI6, STM32WBA55UEI6TR, STM32WBA55UEI7, STM32WBA55UEI7TR, STM32WBA55UGI6, STM32WBA55UGI6TR, STM32WBA55UGI7, STM32WBA55UGI7TR, STM32WBA5MMGH6TR, STM32WBA62MGF6, STM32WBA62MIF6, STM32WBA65MGF7, STM32WBA65MIF6, STM32WBA65MIF7, STM32WL30K8V6, STM32WL30KBV6, STM32WL31C8V6, STM32WL31CBV6, STM32WL31K8V6, STM32WL31KBV6, STM32WL33C8V6, STM32WL33C8V6X, STM32WL33CBV6, STM32WL33CBV6X, STM32WL33CCV6, STM32WL33CCV6A, STM32WL33CCV6X, STM32WL33K8V7, STM32WL33K8V7X, STM32WL33KBV7 , STM32WL33KBV7X, STM32WL33KCV7, STM32WL33KCV7X, STM32WL5MOCH6, STM32WL5MOCH6TR]
2025-12-21 07:58:35,211 [INFO] ApiDb:668 - CubeFinder database Data Model version=2.1
2025-12-21 07:58:35,212 [INFO] ApiDb:669 - CubeFinder database Configuration version=3.0.39
2025-12-21 07:58:35,212 [INFO] ApiDb:670 - CubeFinder database generation date=2025-11-05 (1762334721)
2025-12-21 07:58:35,212 [INFO] ApiDb:671 - CubeFinder database FW Pack versions=[FP-ATR-ASTRA1_V2.0.0, FP-SNS-FLIGHT1_V5.1.0, FP-SNS-MOTENV1_V5.1.0, FP-SNS-MOTENVWB1_V1.4.0, FP-SNS-SMARTAG2_V1.2.0, FP-SNS-STBOX1_V2.1.0, STM32Cube_FW_C0_V1.4.0, STM32Cube_FW_F4_V1.28.3, STM32Cube_FW_F7_V1.17.4, STM32Cube_FW_G0_V1.6.2, STM32Cube_FW_G4_V1.6.1, STM32Cube_FW_H5_V1.5.1, STM32Cube_FW_H7RS_V1.3.0, STM32Cube_FW_H7_V1.12.1, STM32Cube_FW_L0_V1.12.2, STM32Cube_FW_L4_V1.18.1, STM32Cube_FW_L5_V1.6.0, STM32Cube_FW_N6_V1.3.0, STM32Cube_FW_U0_V1.3.0, STM32Cube_FW_U3_V1.2.1, STM32Cube_FW_U5_V1.8.0, STM32Cube_FW_WB0_V1.4.0, STM32Cube_FW_WBA_V1.8.0, STM32Cube_FW_WB_V1.24.0, STM32Cube_FW_WL3_V1.3.0, STM32Cube_FW_WL_V1.4.0, X-CUBE-ALGOBUILD_V1.4.0, X-CUBE-ALS_V1.0.2, X-CUBE-AZRTOS-F4_V1.1.0, X-CUBE-AZRTOS-F7_V1.1.0, X-CUBE-AZRTOS-G0_V1.1.0, X-CUBE-AZRTOS-G4_V2.0.0, X-CUBE-AZRTOS-H7RS_V1.1.0, X-CUBE-AZRTOS-H7_V3.4.0, X-CUBE-AZRTOS-L4_V2.0.0, X-CUBE-AZRTOS-L5_V2.0.0, X-CUBE-AZRTOS-WB_V2.0.0, X-CUBE-AZRTOS-WL_V2.0.0, X-CUBE-BLE1_V7.1.0, X-CUBE-BLE2_V3.3.0, X-CUBE-BLEMGR_V4.1.0, X-CUBE-EEPRMA1_V5.2.0, X-CUBE-FREERTOS_V1.3.1, X-CUBE-GNSS1_V6.0.0, X-CUBE-MEMS1_V11.3.0, X-CUBE-NFC4_V3.0.0, X-CUBE-NFC7_V2.0.0, X-CUBE-SFXS2LP1_V4.0.0, X-CUBE-ST67W61_V1.1.0, X-CUBE-SUBG2_V5.0.0, X-CUBE-TOF1_V3.4.3]
2025-12-21 07:58:37,068 [INFO] ApiDb:240 - Found 880 in-development CPN: [B-G473E-ZEST1S, B-WB1M-WPAN1, B-WBA5M-WPAN, B-WL5M-SUBG1, NUCLEO-C031C6, NUCLEO-C051C8, NUCLEO-C071RB, NUCLEO-C092RC, NUCLEO-H503RB, NUCLEO-H533RE, NUCLEO-H563ZI, NUCLEO-H7S3L8, NUCLEO-N657X0-Q, NUCLEO-U031R8, NUCLEO-U083RC, NUCLEO-U385RG-Q, NUCLEO-U545RE-Q, NUCLEO-U5A5ZJ-Q, NUCLEO-WB05KZ, NUCLEO-WB07CC, NUCLEO-WB09KE, NUCLEO-WBA52CG, NUCLEO-WBA55CG, NUCLEO-WL33CC1, NUCLEO-WL33CC2, STEVAL-PROTEUS1, STEVAL-SMARTAG2, STEVAL-STWINBX1, STM320518-EVAL, STM32C0116-DK, STM32C011D6Y3TR, STM32C011D6Y6TR, STM32C011F4P3, STM32C011F4P6, STM32C011F4U3, STM32C011F4U6TR, STM32C011F6P3, STM32C011F6P6, STM32C011F6U3, STM32C011F6U6TR, STM32C011J4M3, STM32C011J4M6, STM32C011J6M3, STM32C011J6M6, STM32C0316-DK, STM32C031C4T3, STM32C031C4T6, STM32C031C4U3, STM32C031C4U6, STM32C031C6T3, STM32C031C6T6, STM32C031C6U3, STM32C031C6U6, STM32C031F4P3, STM32C031F4P6, STM32C031F6P3, STM32C031F6P6, STM32C031G4U3, STM32C031G4U6, STM32C031G6U3, STM32C031G6U6, STM32C031K4T3, STM32C031K4T6, STM32C031K4U3, STM32C031K4U6, STM32C031K6T3, STM32C031K6T6, STM32C031K6U3, STM32C031K6U6, STM32C051C6T6, STM32C051C6U6, STM32C051C8T6, STM32C051C8U6, STM32C051D8Y6TR, STM32C051F6P6, STM32C051F8P6, STM32C051G6U6, STM32C051G8U6, STM32C051K6T6, STM32C051K6U6, STM32C051K8T6, STM32C071C8T6, STM32C071C8T6N, STM32C071C8U6, STM32C071C8U6N, STM32C071CBT6, STM32C071CBT6N, STM32C071CBU6, STM32C071CBU6N, STM32C071F8P6, STM32C071F8P6N, STM32C071FBP6, STM32C071FBP6N, STM32C071FBY6TR, STM32C071G8U6, STM32C071G8U6N, STM32C071GBU6, STM32C071GBU6N, STM32C071K8T6, STM32C071K8T6N, STM32C071K8U6, STM32C071K8U6N, STM32C071KBT6, STM32C071KBT6N, STM32C071KBU6, STM32C071KBU6N, STM32C071R8T6, STM32C071R8T6N, STM32C071RBI6N, STM32C071RBT6, STM32C071RBT6N, STM32C091CBT6, STM32C091CBU6, STM32C091CCT6, STM32C091CCU6, STM32C091ECY6TR, STM32C091FBP6, STM32C091FCP6, STM32C091GBU6, STM32C091GCU6, STM32C091KBT6, STM32C091KBU6, STM32C091KCT6, STM32C091KCU6, STM32C091RBT6, STM32C091RCI6, STM32C091RCT6, STM32C092CBT6, STM32C092CBU6, STM32C092CCT6, STM32C092CCU6, STM32C092ECY6TR, STM32C092FBP6, STM32C092FCP6, STM32C092GBU6, STM32C092GCU6, STM32C092KBT6, STM32C092KBU6, STM32C092KCT6, STM32C092KCU6, STM32C092RBT6, STM32C092RCI6, STM32C092RCT6, STM32G071K8TXN, STM32G071K8UXN, STM32G081GBU6N, STM32G081KBT6N, STM32G081KBUXN, STM32G0B1CCT6N, STM32G0B1KCT6, STM32G0B1NEY6TR, STM32G0B1RCT6N, STM32G0C1CCT6, STM32G0C1CCT6N, STM32G0C1CCU6N, STM32G0C1CET6N, STM32G0C1CEU6N, STM32G0C1KCT6, STM32G0C1NEY6TR, STM32G0C1RCI6N, STM32G0C1RCT6N, STM32G0C1REI6N, STM32G0C1RET6N, STM32G0C1VCI6, STM32G0C1VEI6, STM32G411C6T3, STM32G411C6T6, STM32G411C6U3, STM32G411C6U6, STM32G411C8T3, STM32G411C8T6, STM32G411C8U3, STM32G411C8U6, STM32G411CBT3, STM32G411CBT6, STM32G411CBU3, STM32G411CBU6, STM32G411K6T3, STM32G411K6T6, STM32G411K6U3, STM32G411K6U6, STM32G411K8T3, STM32G411K8T6, STM32G411K8U3, STM32G411K8U6, STM32G411KBT3, STM32G411KBT6, STM32G411KBU3, STM32G411KBU6, STM32G411M6T3, STM32G411M6T6, STM32G411M8T3, STM32G411M8T6, STM32G411MBT3, STM32G411MBT6, STM32G411R6T3, STM32G411R6T6, STM32G411R8T3, STM32G411R8T6, STM32G411RBT3, STM32G411RBT6, STM32G414CBT3, STM32G414CBT6, STM32G414CBU3, STM32G414CBU6, STM32G414CCT3, STM32G414CCT6, STM32G414CCU3, STM32G414CCU6, STM32G414MBT3, STM32G414MBT6, STM32G414MCT3, STM32G414MCT6, STM32G414RBT3, STM32G414RBT6, STM32G414RCT3, STM32G414RCT6, STM32G414VBT3, STM32G414VBT6, STM32G414VCT3, STM32G414VCT6, STM32G431CBT3Z, STM32G431RBT3Z, STM32G471CCT6, STM32G471CCU6, STM32G471CET3, STM32G471CET6, STM32G471CEU3, STM32G471CEU6, STM32G471MCT6, STM32G471MET3, STM32G471MET6, STM32G471MEY6TR, STM32G471QCT6, STM32G471QET3, STM32G471RCT6, STM32G471RET3, STM32G471RET6, STM32G471VCH6, STM32G471VCI6, STM32G471VCT6, STM32G471VEH3, STM32G471VEH6, STM32G471VEI3, STM32G471VEI6, STM32G471VET3, STM32G471VET6, STM32G473QET3Z, STM32G473RET3Z, STM32G474CCT6, STM32G491RET3Z, STM32H503CBT6, STM32H503CBU6, STM32H503EBY6TR, STM32H503KBU6, STM32H503RBT6, STM32H523CCT6, STM32H523CCU6, STM32H523CET6, STM32H523CEU6, STM32H523HEY6TR, STM32H523RCT6, STM32H523RET6, STM32H523VCI6, STM32H523VCT6, STM32H523VEI6, STM32H523VET6, STM32H523ZCJ6, STM32H523ZCT6, STM32H523ZEJ6, STM32H523ZET6, STM32H533CET6, STM32H533CEU6, STM32H533HEY6TR, STM32H533RET6, STM32H533VEI6, STM32H533VET6, STM32H533ZEJ6, STM32H533ZET6, STM32H562AGI6, STM32H562AII6, STM32H562IGK6, STM32H562IGT6, STM32H562IIK6, STM32H562IIT6, STM32H562RGT6, STM32H562RGV6, STM32H562RIT6, STM32H562RIV6, STM32H562VGT6, STM32H562VIT6, STM32H562ZGT6, STM32H562ZIT6, STM32H563AGI6, STM32H563AII3Q, STM32H563AII6, STM32H563IGK6, STM32H563IGT6, STM32H563IIK3Q, STM32H563IIK6, STM32H563IIT3Q, STM32H563IIT6, STM32H563MIY3QTR, STM32H563RGT6, STM32H563RGV6, STM32H563RIT6, STM32H563RIV6, STM32H563VGT6, STM32H563VIT3Q, STM32H563VIT6, STM32H563ZGT6, STM32H563ZIT3Q, STM32H563ZIT6, STM32H573AII3Q, STM32H573AII6, STM32H573I-DK, STM32H573IIK3Q, STM32H573IIK6, STM32H573IIT3Q, STM32H573IIT6, STM32H573MIY3QTR, STM32H573RIT6, STM32H573RIV6, STM32H573VIT3Q, STM32H573VIT6, STM32H573ZIT3Q, STM32H573ZIT6, STM32H7R3A8I6, STM32H7R3I8K6, STM32H7R3I8T6, STM32H7R3L8H6, STM32H7R3L8H6H, STM32H7R3R8V6, STM32H7R3V8H6, STM32H7R3V8T6, STM32H7R3V8Y6TR, STM32H7R3Z8J6, STM32H7R3Z8T6, STM32H7R7A8I6, STM32H7R7I8K6, STM32H7R7I8T6, STM32H7R7L8H6, STM32H7R7L8H6H, STM32H7R7Z8J6, STM32H7S3A8I6, STM32H7S3I8K6, STM32H7S3I8T6, STM32H7S3L8H6, STM32H7S3L8H6H, STM32H7S3R8V6, STM32H7S3V8H6, STM32H7S3V8T6, STM32H7S3V8Y6TR, STM32H7S3Z8J6, STM32H7S3Z8T6, STM32H7S78-DK, STM32H7S7A8I6, STM32H7S7I8K6, STM32H7S7I8T6, STM32H7S7L8H6, STM32H7S7L8H6H, STM32H7S7Z8J6, STM32L4R5QGI6STR, STM32MP131AAE3, STM32MP131AAF3, STM32MP131AAG3, STM32MP131CAE3, STM32MP131CAF3, STM32MP131CAG3, STM32MP131DAE7, STM32MP131DAF7, STM32MP131DAG7, STM32MP131FAE7, STM32MP131FAF7, STM32MP131FAG7, STM32MP133AAE3, STM32MP133AAF3, STM32MP133AAG3, STM32MP133CAE3, STM32MP133CAF3, STM32MP133CAG3, STM32MP133DAE7, STM32MP133DAF7, STM32MP133DAG7, STM32MP133FAE7, STM32MP133FAF7, STM32MP133FAG7, STM32MP135AAE3, STM32MP135AAF3, STM32MP135AAG3, STM32MP135CAE3, STM32MP135CAF3, STM32MP135CAG3, STM32MP135DAE7, STM32MP135DAF7, STM32MP135DAG7, STM32MP135F-DK, STM32MP135FAE7, STM32MP135FAF7, STM32MP135FAF7T, STM32MP135FAF7U, STM32MP135FAG7, STM32MP211AAL3, STM32MP211AAM3, STM32MP211AAN3, STM32MP211AAO3, STM32MP211CAL3, STM32MP211CAM3, STM32MP211CAN3, STM32MP211CAO3, STM32MP211DAL3, STM32MP211DAM3, STM32MP211DAN3, STM32MP211DAO3, STM32MP211FAL3, STM32MP211FAM3, STM32MP211FAN3, STM32MP211FAO3, STM32MP213AAL3, STM32MP213AAM3, STM32MP213AAN3, STM32MP213AAO3, STM32MP213CAL3, STM32MP213CAM3, STM32MP213CAN3, STM32MP213CAO3, STM32MP213DAL3, STM32MP213DAM3, STM32MP213DAN3, STM32MP213DAO3, STM32MP213FAL3, STM32MP213FAM3, STM32MP213FAN3, STM32MP213FAO3, STM32MP215AAL3, STM32MP215AAM3, STM32MP215AAN3, STM32MP215AAO3, STM32MP215CAL3, STM32MP215CAM3, STM32MP215CAN3, STM32MP215CAO3, STM32MP215DAL3, STM32MP215DAM3, STM32MP215DAN3, STM32MP215DAO3, STM32MP215F-DK, STM32MP215FAL3, STM32MP215FAM3, STM32MP215FAN3, STM32MP215FAO3, STM32MP231AAJ3, STM32MP231AAK3, STM32MP231AAL3, STM32MP231CAJ3, STM32MP231CAK3, STM32MP231CAL3, STM32MP231DAJ3, STM32MP231DAK3, STM32MP231DAL3, STM32MP231FAJ3, STM32MP231FAK3, STM32MP231FAL3, STM32MP233AAJ3, STM32MP233AAK3, STM32MP233AAL3, STM32MP233CAJ3, STM32MP233CAK3, STM32MP233CAL3, STM32MP233DAJ3, STM32MP233DAK3, STM32MP233DAL3, STM32MP233FAJ3, STM32MP233FAK3, STM32MP233FAL3, STM32MP235AAJ3, STM32MP235AAK3, STM32MP235AAL3, STM32MP235CAJ3, STM32MP235CAK3, STM32MP235CAL3, STM32MP235DAJ3, STM32MP235DAK3, STM32MP235DAL3, STM32MP235FAJ3, STM32MP235FAK3, STM32MP235FAL3, STM32MP251AAI3, STM32MP251AAK3, STM32MP251AAL3, STM32MP251CAI3, STM32MP251CAK3, STM32MP251CAL3, STM32MP251DAI3, STM32MP251DAK3, STM32MP251DAL3, STM32MP251FAI3, STM32MP251FAK3, STM32MP251FAL3, STM32MP253AAI3, STM32MP253AAK3, STM32MP253AAL3, STM32MP253CAI3, STM32MP253CAK3, STM32MP253CAL3, STM32MP253DAI3, STM32MP253DAK3, STM32MP253DAL3, STM32MP253FAI3, STM32MP253FAK3, STM32MP253FAL3, STM32MP255AAI3, STM32MP255AAK3, STM32MP255AAL3, STM32MP255CAI3, STM32MP255CAK3, STM32MP255CAL3, STM32MP255DAI3, STM32MP255DAK3, STM32MP255DAL3, STM32MP255FAI3, STM32MP255FAK3, STM32MP255FAL3, STM32MP257AAI3, STM32MP257AAK3, STM32MP257AAL3, STM32MP257CAI3, STM32MP257CAK3, STM32MP257CAL3, STM32MP257DAI3, STM32MP257DAK3, STM32MP257DAL3, STM32MP257F-DK, STM32MP257F-EV1, STM32MP257FAI3, STM32MP257FAK3, STM32MP257FAL3, STM32N645A0H3Q, STM32N645B0H3Q, STM32N645I0H3Q, STM32N645L0H3Q, STM32N645X0H3Q, STM32N645Z0H3Q, STM32N647A0H3Q, STM32N647B0H3Q, STM32N647I0H3Q, STM32N647L0H3Q, STM32N647X0H3Q, STM32N647Z0H3Q, STM32N655A0H3Q, STM32N655B0H3Q, STM32N655I0H3Q, STM32N655L0H3Q, STM32N655X0H3Q, STM32N655Z0H3Q, STM32N6570-DK, STM32N657A0H3Q, STM32N657B0H3Q, STM32N657I0H3Q, STM32N657L0H3Q, STM32N657X0H3Q, STM32N657Z0H3Q, STM32U031C6T6, STM32U031C6U6, STM32U031C8T6, STM32U031C8U6, STM32U031F4P6, STM32U031F6P6, STM32U031F8P6, STM32U031G6Y6TR, STM32U031G8Y6TR, STM32U031K4U6, STM32U031K6U6, STM32U031K8U6, STM32U031R6I6, STM32U031R6T6, STM32U031R8I6, STM32U031R8T6, STM32U073C8T6, STM32U073C8U6, STM32U073CBT6, STM32U073CBU6, STM32U073CCT6, STM32U073CCU6, STM32U073H8Y6TR, STM32U073HBY6TR, STM32U073HCY6TR, STM32U073K8U6, STM32U073KBU6, STM32U073KCU6, STM32U073M8I6, STM32U073M8T6, STM32U073MBI6, STM32U073MBT6, STM32U073MCI6, STM32U073MCT6, STM32U073R8I6, STM32U073R8T6, STM32U073RBI6, STM32U073RBT6, STM32U073RCI6, STM32U073RCT6, STM32U083C-DK, STM32U083CCT6, STM32U083CCU6, STM32U083HCY6TR, STM32U083KCU6, STM32U083MCI6, STM32U083MCT6, STM32U083RCI6, STM32U083RCT6, STM32U375CET6, STM32U375CET6Q, STM32U375CEU6, STM32U375CEU6Q, STM32U375CEY6QTR, STM32U375CGT6, STM32U375CGT6Q, STM32U375CGU6, STM32U375CGU6Q, STM32U375CGY6QTR, STM32U375KEU6, STM32U375KGU6, STM32U375REI6, STM32U375REI6Q, STM32U375RET6, STM32U375RET6Q, STM32U375REY6GTR, STM32U375REY6QTR, STM32U375RGI6, STM32U375RGI6Q, STM32U375RGT6, STM32U375RGT6Q, STM32U375RGY6GTR, STM32U375RGY6QTR, STM32U375VEI6, STM32U375VEI6Q, STM32U375VET6, STM32U375VET6Q, STM32U375VGI6, STM32U375VGI6Q, STM32U375VGT6, STM32U375VGT6Q, STM32U385CGT6, STM32U385CGT6Q, STM32U385CGU6, STM32U385CGU6Q, STM32U385CGY6QTR, STM32U385KGU6, STM32U385RGI6, STM32U385RGI6Q, STM32U385RGT6, STM32U385RGT6Q, STM32U385RGY6GTR, STM32U385RGY6QTR, STM32U385VGI6, STM32U385VGI6Q, STM32U385VGT6, STM32U385VGT6Q, STM32U535CBT6, STM32U535CBT6Q, STM32U535CBU6, STM32U535CBU6Q, STM32U535CCT6, STM32U535CCT6Q, STM32U535CCU6, STM32U535CCU6Q, STM32U535CET6, STM32U535CET6Q, STM32U535CEU6, STM32U535CEU6Q, STM32U535JEY6QTR, STM32U535NCY6QTR, STM32U535NEY6QTR, STM32U535RBI6, STM32U535RBI6Q, STM32U535RBT6, STM32U535RBT6Q, STM32U535RCI6, STM32U535RCI6Q, STM32U535RCT6, STM32U535RCT6Q, STM32U535REI6, STM32U535REI6Q, STM32U535RET6, STM32U535RET6Q, STM32U535VCI6, STM32U535VCI6Q, STM32U535VCT6, STM32U535VCT6Q, STM32U535VEI6, STM32U535VEI6Q, STM32U535VET6, STM32U535VET6Q, STM32U545CET6, STM32U545CET6Q, STM32U545CEU6, STM32U545CEU6Q, STM32U545JEY6QTR, STM32U545NEY6QTR, STM32U545REI6, STM32U545REI6Q, STM32U545RET6, STM32U545RET6Q, STM32U545VEI6, STM32U545VEI6Q, STM32U545VET6, STM32U545VET6Q, STM32U595AIH6, STM32U595AIH6Q, STM32U595AJH6, STM32U595AJH6Q, STM32U595QII6, STM32U595QII6Q, STM32U595QJI6, STM32U595QJI6Q, STM32U595RIT6, STM32U595RIT6Q, STM32U595RJT6, STM32U595RJT6Q, STM32U595VIT6, STM32U595VIT6Q, STM32U595VJT6, STM32U595VJT6Q, STM32U595ZIT6, STM32U595ZIT6Q, STM32U595ZIY6QTR, STM32U595ZJT6, STM32U595ZJT6Q, STM32U595ZJY6QTR, STM32U599BJY6QTR, STM32U599NIH6Q, STM32U599NJH6Q, STM32U599VIT6Q, STM32U599VJT6, STM32U599VJT6Q, STM32U599ZIT6Q, STM32U599ZIY6QTR, STM32U599ZJT6Q, STM32U599ZJY6QTR, STM32U5A5AJH6, STM32U5A5AJH6Q, STM32U5A5QII3Q , STM32U5A5QJI6, STM32U5A5QJI6Q, STM32U5A5RJT6, STM32U5A5RJT6Q, STM32U5A5VJT6, STM32U5A5VJT6Q, STM32U5A5ZJT6, STM32U5A5ZJT6Q, STM32U5A5ZJY6QTR, STM32U5A9BJY6QTR, STM32U5A9J-DK, STM32U5A9NJH6Q, STM32U5A9VJT6Q, STM32U5A9ZJT6Q, STM32U5A9ZJY6QTR, STM32U5F7VIT6, STM32U5F7VIT6Q, STM32U5F7VJT6, STM32U5F7VJT6Q, STM32U5F9BJY6QTR, STM32U5F9NJH6Q, STM32U5F9VIT6Q, STM32U5F9VJT6Q, STM32U5F9ZIJ6QTR, STM32U5F9ZIT6Q, STM32U5F9ZJJ6QTR, STM32U5F9ZJT6Q, STM32U5G7VJT6, STM32U5G7VJT6Q, STM32U5G9BJY6QTR, STM32U5G9J-DK1, STM32U5G9J-DK2, STM32U5G9NJH6Q, STM32U5G9VJT6Q, STM32U5G9ZJJ6QTR, STM32U5G9ZJT6Q, STM32WB05KZV6TR, STM32WB05KZV7TR, STM32WB05TZF6TR, STM32WB05TZF7TR, STM32WB06CCF6TR, STM32WB06CCF7TR, STM32WB06CCV6TR, STM32WB06CCV7TR, STM32WB06KCV6TR, STM32WB06KCV7TR, STM32WB07CCF6TR, STM32WB07CCF7TR, STM32WB07CCV6TR, STM32WB07CCV7TR, STM32WB07KCV6TR, STM32WB07KCV7TR, STM32WB09KEV6TR, STM32WB09KEV7TR, STM32WB09TEF6TR, STM32WB09TEF7TR, STM32WB1MMCH6, STM32WBA50KGU6, STM32WBA50KGU6TR, STM32WBA52CEU6, STM32WBA52CEU6TR, STM32WBA52CEU7, STM32WBA52CEU7TR, STM32WBA52CGU6, STM32WBA52CGU6TR, STM32WBA52CGU6U, STM32WBA52CGU7, STM32WBA52CGU7TR, STM32WBA52KEU6, STM32WBA52KEU6TR, STM32WBA52KGU6, STM32WBA52KGU6TR, STM32WBA54CEU6, STM32WBA54CEU6TR, STM32WBA54CEU7, STM32WBA54CEU7TR, STM32WBA54CGU6, STM32WBA54CGU6TR, STM32WBA54CGU7, STM32WBA54CGU7TR, STM32WBA54KEU6, STM32WBA54KEU6TR, STM32WBA54KEU7, STM32WBA54KEU7TR, STM32WBA54KGU6, STM32WBA54KGU6TR, STM32WBA54KGU7, STM32WBA54KGU7TR, STM32WBA55CEU6, STM32WBA55CEU6TR, STM32WBA55CEU7, STM32WBA55CEU7TR, STM32WBA55CGU6, STM32WBA55CGU6TR, STM32WBA55CGU6U, STM32WBA55CGU7, STM32WBA55CGU7TR, STM32WBA55G-DK1, STM32WBA55HEF6, STM32WBA55HEF7, STM32WBA55HGF6, STM32WBA55HGF7, STM32WBA55UEI6, STM32WBA55UEI6TR, STM32WBA55UEI7, STM32WBA55UEI7TR, STM32WBA55UGI6, STM32WBA55UGI6TR, STM32WBA55UGI7, STM32WBA55UGI7TR, STM32WBA5MMGH6TR, STM32WBA62MGF6, STM32WBA62MIF6, STM32WBA65MGF7, STM32WBA65MIF6, STM32WBA65MIF7, STM32WL30K8V6, STM32WL30KBV6, STM32WL31C8V6, STM32WL31CBV6, STM32WL31K8V6, STM32WL31KBV6, STM32WL33C8V6, STM32WL33C8V6X, STM32WL33CBV6, STM32WL33CBV6X, STM32WL33CCV6, STM32WL33CCV6A, STM32WL33CCV6X, STM32WL33K8V7, STM32WL33K8V7X, STM32WL33KBV7 , STM32WL33KBV7X, STM32WL33KCV7, STM32WL33KCV7X, STM32WL5MOCH6, STM32WL5MOCH6TR]
2025-12-21 07:58:37,073 [INFO] DbMcus:218 - Found 4876 MCUs, 4876 are supported
2025-12-21 07:58:37,073 [INFO] ApiDb:423 - Load user favorites file C:\Users\user/.stm32cubeide/favorites.mcus.txt: 0 item(s)
2025-12-21 07:58:37,073 [INFO] ApiDb:427 - User favorites MCUs=[]
2025-12-21 07:58:37,073 [INFO] DbMcus:224 - Set 0 / 0 favorites MCUs
2025-12-21 07:58:37,664 [INFO] BoardInfo:889 - No configuration file found for board P-NUCLEO-WB55
2025-12-21 07:58:37,665 [INFO] DbBoards:161 - Kit is not supported: P-NUCLEO-WB55
2025-12-21 07:58:37,672 [INFO] BoardInfo:889 - No configuration file found for board STEVAL-BFA001V1B
2025-12-21 07:58:37,673 [INFO] DbBoards:161 - Kit is not supported: STEVAL-BFA001V1B
2025-12-21 07:58:37,674 [INFO] BoardInfo:889 - No configuration file found for board STEVAL-BFA001V2B
2025-12-21 07:58:37,675 [INFO] DbBoards:161 - Kit is not supported: STEVAL-BFA001V2B
2025-12-21 07:58:37,883 [INFO] DbBoards:168 - Found 212 boards, 209 are supported
2025-12-21 07:58:37,884 [INFO] DbBoards:169 - Found 212 boards, 43 of them is supported for  Bsp
2025-12-21 07:58:37,886 [INFO] ApiDb:423 - Load user favorites file C:\Users\user/.stm32cubeide/favorites.boards.txt: 1 item(s)
2025-12-21 07:58:37,886 [INFO] ApiDb:427 - User favorites Boards=[NUCLEO-L476RG]
2025-12-21 07:58:37,886 [INFO] DbBoards:198 - Set 1 / 1 favorites Boards
2025-12-21 07:58:37,951 [INFO] UtilMem:75 - End LoadConfig() Used Memory: 360765936 Bytes (428867584)
2025-12-21 07:58:38,095 [WARN] ThirdParty:833 - waiting for thirdparty lock release [change project]
2025-12-21 07:58:38,095 [INFO] ThirdParty:835 - entering critical section [change project]
2025-12-21 07:58:38,096 [INFO] ThirdParty:1030 - CMSIS Pack Vendor :STMicroelectronics X-CUBE-PM33A1 1.0.0
2025-12-21 07:58:38,096 [INFO] ThirdParty:1030 - CMSIS Pack Vendor :STMicroelectronics USBPD 4.1
2025-12-21 07:58:38,096 [INFO] ThirdParty:1030 - CMSIS Pack Vendor :STMicroelectronics X-CUBE-NFC9 1.0.0
2025-12-21 07:58:38,096 [INFO] ThirdParty:1030 - CMSIS Pack Vendor :STMicroelectronics USB_HOST 2.0.0
2025-12-21 07:58:38,096 [INFO] ThirdParty:1030 - CMSIS Pack Vendor :STMicroelectronics FP-SNS-MOTENVWB1 1.4.0
2025-12-21 07:58:38,096 [INFO] ThirdParty:1030 - CMSIS Pack Vendor :STMicroelectronics X-CUBE-AZRTOS-F4 1.1.0
2025-12-21 07:58:38,096 [INFO] ThirdParty:1030 - CMSIS Pack Vendor :STMicroelectronics LIBJPEG 8.0.0
2025-12-21 07:58:38,096 [INFO] ThirdParty:1030 - CMSIS Pack Vendor :STMicroelectronics FP-ATR-ASTRA1 2.0.2
2025-12-21 07:58:38,096 [INFO] ThirdParty:1030 - CMSIS Pack Vendor :wolfSSL I-CUBE-wolfSSL 5.8.2
2025-12-21 07:58:38,096 [INFO] ThirdParty:1030 - CMSIS Pack Vendor :STMicroelectronics X-CUBE-BLE1 7.1.0
2025-12-21 07:58:38,096 [INFO] ThirdParty:1030 - CMSIS Pack Vendor :Avnet-IotConnect X-CUBE-IoTC-DA16k-PMOD 1.0.0
2025-12-21 07:58:38,096 [INFO] ThirdParty:1030 - CMSIS Pack Vendor :STMicroelectronics X-CUBE-SMBUS 2.1.0
2025-12-21 07:58:38,096 [INFO] ThirdParty:1030 - CMSIS Pack Vendor :wolfSSL I-CUBE-wolfMQTT 1.19.2
2025-12-21 07:58:38,096 [INFO] ThirdParty:1030 - CMSIS Pack Vendor :STMicroelectronics USB_DEVICE 3.0.0
2025-12-21 07:58:38,096 [INFO] ThirdParty:1030 - CMSIS Pack Vendor :STMicroelectronics X-CUBE-ISPU 2.1.0
2025-12-21 07:58:38,096 [INFO] ThirdParty:1030 - CMSIS Pack Vendor :STMicroelectronics X-CUBE-FREERTOS 1.4.0
2025-12-21 07:58:38,096 [INFO] ThirdParty:1030 - CMSIS Pack Vendor :STMicroelectronics X-CUBE-EEPRMA1 5.2.0
2025-12-21 07:58:38,096 [INFO] ThirdParty:1030 - CMSIS Pack Vendor :STMicroelectronics X-CUBE-IPS 3.2.0
2025-12-21 07:58:38,096 [INFO] ThirdParty:1030 - CMSIS Pack Vendor :STMicroelectronics X-CUBE-BLEMGR 4.1.0
2025-12-21 07:58:38,096 [INFO] ThirdParty:1030 - CMSIS Pack Vendor :STMicroelectronics X-CUBE-AZRTOS-WB 2.0.0
2025-12-21 07:58:38,096 [INFO] ThirdParty:1030 - CMSIS Pack Vendor :STMicroelectronics X-CUBE-ST60 1.0.0
2025-12-21 07:58:38,096 [INFO] ThirdParty:1030 - CMSIS Pack Vendor :STMicroelectronics X-CUBE-GNSS1 7.0.1
2025-12-21 07:58:38,096 [INFO] ThirdParty:1030 - CMSIS Pack Vendor :STMicroelectronics X-CUBE-NFC12 1.0.0
2025-12-21 07:58:38,096 [INFO] ThirdParty:1030 - CMSIS Pack Vendor :STMicroelectronics X-CUBE-AZRTOS-F7 1.1.0
2025-12-21 07:58:38,096 [INFO] ThirdParty:1030 - CMSIS Pack Vendor :STMicroelectronics X-CUBE-AZRTOS-L5 2.0.0
2025-12-21 07:58:38,096 [INFO] ThirdParty:1030 - CMSIS Pack Vendor :STMicroelectronics X-CUBE-TOUCHGFX 4.25.0
2025-12-21 07:58:38,096 [INFO] ThirdParty:1030 - CMSIS Pack Vendor :STMicroelectronics USB_DEVICE 2.0.0
2025-12-21 07:58:38,096 [INFO] ThirdParty:1030 - CMSIS Pack Vendor :STMicroelectronics X-CUBE-NFC6 3.1.0
2025-12-21 07:58:38,096 [INFO] ThirdParty:1030 - CMSIS Pack Vendor :STMicroelectronics X-CUBE-ST67W61 1.1.0
2025-12-21 07:58:38,096 [INFO] ThirdParty:1030 - CMSIS Pack Vendor :quantropi X-CUBE-qispace-sdk-base 2.1.0
2025-12-21 07:58:38,096 [INFO] ThirdParty:1030 - CMSIS Pack Vendor :STMicroelectronics X-CUBE-MEMS1 12.0.0
2025-12-21 07:58:38,096 [INFO] ThirdParty:1030 - CMSIS Pack Vendor :STMicroelectronics FP-SNS-MOTENV1 5.1.0
2025-12-21 07:58:38,097 [INFO] ThirdParty:1030 - CMSIS Pack Vendor :STMicroelectronics FreeRTOS 0.0.1
2025-12-21 07:58:38,097 [INFO] ThirdParty:1030 - CMSIS Pack Vendor :STMicroelectronics X-CUBE-AZRTOS-G0 1.1.0
2025-12-21 07:58:38,097 [INFO] ThirdParty:1030 - CMSIS Pack Vendor :STMicroelectronics X-CUBE-SAFEA1 1.2.2
2025-12-21 07:58:38,097 [INFO] ThirdParty:1030 - CMSIS Pack Vendor :STMicroelectronics X-CUBE-NFC4 3.0.0
2025-12-21 07:58:38,097 [INFO] ThirdParty:1030 - CMSIS Pack Vendor :STMicroelectronics X-CUBE-SUBG2 5.0.0
2025-12-21 07:58:38,097 [INFO] ThirdParty:1030 - CMSIS Pack Vendor :STMicroelectronics X-CUBE-AZRTOS-H7RS 1.1.0
2025-12-21 07:58:38,097 [INFO] ThirdParty:1030 - CMSIS Pack Vendor :STMicroelectronics STM32_WPAN 1.0.0
2025-12-21 07:58:38,097 [INFO] ThirdParty:1030 - CMSIS Pack Vendor :EmbeddedOffice I-CUBE-FS-RTOS 1.0.1
2025-12-21 07:58:38,097 [INFO] ThirdParty:1030 - CMSIS Pack Vendor :STMicroelectronics lwIP 2.0.3
2025-12-21 07:58:38,097 [INFO] ThirdParty:1030 - CMSIS Pack Vendor :WES I-CUBE-Cesium 1.4.0
2025-12-21 07:58:38,097 [INFO] ThirdParty:1030 - CMSIS Pack Vendor :Cesanta I-CUBE-Mongoose 7.13.0
2025-12-21 07:58:38,097 [INFO] ThirdParty:1030 - CMSIS Pack Vendor :STMicroelectronics USB_HOST 1.0.0
2025-12-21 07:58:38,097 [INFO] ThirdParty:1030 - CMSIS Pack Vendor :Infineon AIROC-Wi-Fi-Bluetooth-STM32 1.7.1
2025-12-21 07:58:38,097 [INFO] ThirdParty:1030 - CMSIS Pack Vendor :STMicroelectronics X-CUBE-AZRTOS-G4 2.0.0
2025-12-21 07:58:38,097 [INFO] ThirdParty:1030 - CMSIS Pack Vendor :STMicroelectronics X-CUBE-WB05N 2.0.0
2025-12-21 07:58:38,097 [INFO] ThirdParty:1030 - CMSIS Pack Vendor :STMicroelectronics PDM2PCM 3.1.0
2025-12-21 07:58:38,097 [INFO] ThirdParty:1030 - CMSIS Pack Vendor :STMicroelectronics PDM2PCM 3.3.0
2025-12-21 07:58:38,097 [INFO] ThirdParty:1030 - CMSIS Pack Vendor :wolfSSL I-CUBE-wolfTPM 3.8.0
2025-12-21 07:58:38,097 [INFO] ThirdParty:1030 - CMSIS Pack Vendor :STMicroelectronics X-CUBE-AZRTOS-H7 3.4.0
2025-12-21 07:58:38,097 [INFO] ThirdParty:1030 - CMSIS Pack Vendor :STMicroelectronics X-CUBE-DISPLAY 3.0.0
2025-12-21 07:58:38,097 [INFO] ThirdParty:1030 - CMSIS Pack Vendor :wolfSSL I-CUBE-wolfSSH 1.4.20
2025-12-21 07:58:38,097 [INFO] ThirdParty:1030 - CMSIS Pack Vendor :STMicroelectronics X-CUBE-NFC7 2.0.0
2025-12-21 07:58:38,097 [INFO] ThirdParty:1030 - CMSIS Pack Vendor :STMicroelectronics X-CUBE-TCPP 4.2.0
2025-12-21 07:58:38,097 [INFO] ThirdParty:1030 - CMSIS Pack Vendor :RealThread X-CUBE-RT-Thread_Nano 4.1.1
2025-12-21 07:58:38,097 [INFO] ThirdParty:1030 - CMSIS Pack Vendor :STMicroelectronics FP-ATR-SIGFOX1 3.2.0
2025-12-21 07:58:38,097 [INFO] ThirdParty:1030 - CMSIS Pack Vendor :STMicroelectronics X-CUBE-NFC10 1.0.0
2025-12-21 07:58:38,097 [INFO] ThirdParty:1030 - CMSIS Pack Vendor :STMicroelectronics X-CUBE-FREERTOS 1.3.1
2025-12-21 07:58:38,097 [INFO] ThirdParty:1030 - CMSIS Pack Vendor :STMicroelectronics HAL Drivers 0.0.0
2025-12-21 07:58:38,097 [INFO] ThirdParty:1030 - CMSIS Pack Vendor :STMicroelectronics MBEDTLS 2.16.2
2025-12-21 07:58:38,097 [INFO] ThirdParty:1030 - CMSIS Pack Vendor :STMicroelectronics X-CUBE-ST60 1.1.0
2025-12-21 07:58:38,097 [INFO] ThirdParty:1030 - CMSIS Pack Vendor :STMicroelectronics X-CUBE-IPS 3.1.0
2025-12-21 07:58:38,097 [INFO] ThirdParty:1030 - CMSIS Pack Vendor :STMicroelectronics X-CUBE-ALS 1.0.2
2025-12-21 07:58:38,097 [INFO] ThirdParty:1030 - CMSIS Pack Vendor :emotas I-CUBE-CANOPEN 1.3.0
2025-12-21 07:58:38,098 [INFO] ThirdParty:1030 - CMSIS Pack Vendor :STMicroelectronics MBEDTLS 2.14.1
2025-12-21 07:58:38,098 [INFO] ThirdParty:1030 - CMSIS Pack Vendor :STMicroelectronics X-CUBE-GNSS1 7.1.0
2025-12-21 07:58:38,098 [INFO] ThirdParty:1030 - CMSIS Pack Vendor :ITTIA_DB I-CUBE-ITTIADB 8.9.0
2025-12-21 07:58:38,098 [INFO] ThirdParty:1030 - CMSIS Pack Vendor :STMicroelectronics X-CUBE-TOUCHGFX 4.26.0
2025-12-21 07:58:38,098 [INFO] ThirdParty:1030 - CMSIS Pack Vendor :STMicroelectronics X-CUBE-STSE01 1.0.0
2025-12-21 07:58:38,098 [INFO] ThirdParty:1030 - CMSIS Pack Vendor :STMicroelectronics X-CUBE-ST67W61 1.0.0
2025-12-21 07:58:38,098 [INFO] ThirdParty:1030 - CMSIS Pack Vendor :STMicroelectronics FP-SNS-STBOX1 2.1.0
2025-12-21 07:58:38,098 [INFO] ThirdParty:1030 - CMSIS Pack Vendor :STMicroelectronics X-CUBE-AI 10.2.0
2025-12-21 07:58:38,098 [INFO] ThirdParty:1030 - CMSIS Pack Vendor :STMicroelectronics FP-SNS-STAIOTCFT 1.0.0
2025-12-21 07:58:38,098 [INFO] ThirdParty:1030 - CMSIS Pack Vendor :STMicroelectronics ThreadX 1.0.0
2025-12-21 07:58:38,098 [INFO] ThirdParty:1030 - CMSIS Pack Vendor :STMicroelectronics FP-SNS-SMARTAG2 1.2.0
2025-12-21 07:58:38,098 [INFO] ThirdParty:1030 - CMSIS Pack Vendor :STMicroelectronics FP-SNS-FLIGHT1 5.1.0
2025-12-21 07:58:38,098 [INFO] ThirdParty:1030 - CMSIS Pack Vendor :STMicroelectronics X-CUBE-AZRTOS-WL 2.0.0
2025-12-21 07:58:38,098 [INFO] ThirdParty:1030 - CMSIS Pack Vendor :SEGGER I-CUBE-embOS 1.3.1
2025-12-21 07:58:38,098 [INFO] ThirdParty:1030 - CMSIS Pack Vendor :STMicroelectronics X-CUBE-ALGOBUILD 1.4.0
2025-12-21 07:58:38,098 [INFO] ThirdParty:1030 - CMSIS Pack Vendor :STMicroelectronics X-CUBE-DPower 1.3.0
2025-12-21 07:58:38,098 [INFO] ThirdParty:1030 - CMSIS Pack Vendor :STMicroelectronics X-CUBE-MEMS1 11.3.0
2025-12-21 07:58:38,098 [INFO] ThirdParty:1030 - CMSIS Pack Vendor :STMicroelectronics FP-SNS-MOTENV1 5.0.0
2025-12-21 07:58:38,098 [INFO] ThirdParty:1030 - CMSIS Pack Vendor :STMicroelectronics USB_DEVICE 1.0.0
2025-12-21 07:58:38,098 [INFO] ThirdParty:1030 - CMSIS Pack Vendor :STMicroelectronics X-CUBE-AZRTOS-H7RS 1.2.0
2025-12-21 07:58:38,098 [INFO] ThirdParty:1030 - CMSIS Pack Vendor :STMicroelectronics X-CUBE-AZRTOS-L4 2.0.0
2025-12-21 07:58:38,098 [INFO] ThirdParty:1030 - CMSIS Pack Vendor :STMicroelectronics ThreadX 0.0.2
2025-12-21 07:58:38,098 [INFO] ThirdParty:1030 - CMSIS Pack Vendor :STMicroelectronics lwIP 2.1.2
2025-12-21 07:58:38,098 [INFO] ThirdParty:1030 - CMSIS Pack Vendor :STMicroelectronics X-CUBE-SFXS2LP1 4.0.0
2025-12-21 07:58:38,098 [INFO] ThirdParty:1030 - CMSIS Pack Vendor :STMicroelectronics X-CUBE-BLE2 3.3.0
2025-12-21 07:58:38,098 [INFO] ThirdParty:1030 - CMSIS Pack Vendor :Avnet-IOTCONNECT X-CUBE-iotc-st67-sdk 1.0.0
2025-12-21 07:58:38,098 [INFO] ThirdParty:1030 - CMSIS Pack Vendor :STMicroelectronics X-CUBE-TOF1 3.4.3
2025-12-21 07:58:38,098 [INFO] ThirdParty:1030 - CMSIS Pack Vendor :STMicroelectronics PDM2PCM 3.2.0
2025-12-21 07:58:38,098 [INFO] ThirdParty:841 - exiting critical section [change project]
2025-12-21 07:58:38,524 [INFO] PinOutPanel:1589 - setPackage(No Configuration,No Configuration)
2025-12-21 07:58:38,525 [INFO] PinOutPanel:1589 - setPackage(STM32L476RGTx,LQFP64)
2025-12-21 07:58:39,235 [INFO] UtilMem:75 - Before build in PCC Used Memory: 323936104 Bytes (455081984)
2025-12-21 07:58:40,220 [INFO] UtilMem:75 - After build in PCC Used Memory: 252692400 Bytes (455081984)
2025-12-21 07:58:40,253 [INFO] IPUIPlugin:80 - create IPUIPlugin
2025-12-21 07:58:40,253 [INFO] IPUIPlugin:80 - create IPUIPlugin
2025-12-21 07:58:40,254 [INFO] IPUIPlugin:80 - create IPUIPlugin
2025-12-21 07:58:40,254 [INFO] IPUIPlugin:80 - create IPUIPlugin
2025-12-21 07:58:40,254 [INFO] IPUIPlugin:80 - create IPUIPlugin
2025-12-21 07:58:40,254 [INFO] IPUIPlugin:80 - create IPUIPlugin
2025-12-21 07:58:40,254 [INFO] IPUIPlugin:80 - create IPUIPlugin
2025-12-21 07:58:40,254 [INFO] IPUIPlugin:80 - create IPUIPlugin
2025-12-21 07:58:40,254 [INFO] IPUIPlugin:80 - create IPUIPlugin
2025-12-21 07:58:40,254 [INFO] IPUIPlugin:80 - create IPUIPlugin
2025-12-21 07:58:40,254 [INFO] IPUIPlugin:80 - create IPUIPlugin
2025-12-21 07:58:40,254 [INFO] IPUIPlugin:80 - create IPUIPlugin
2025-12-21 07:58:40,254 [INFO] IPUIPlugin:80 - create IPUIPlugin
2025-12-21 07:58:40,255 [INFO] IPUIPlugin:80 - create IPUIPlugin
2025-12-21 07:58:40,255 [INFO] IPUIPlugin:80 - create IPUIPlugin
2025-12-21 07:58:40,255 [INFO] IPUIPlugin:80 - create IPUIPlugin
2025-12-21 07:58:40,255 [INFO] IPUIPlugin:80 - create IPUIPlugin
2025-12-21 07:58:40,255 [INFO] IPUIPlugin:80 - create IPUIPlugin
2025-12-21 07:58:40,255 [INFO] IPUIPlugin:80 - create IPUIPlugin
2025-12-21 07:58:40,255 [INFO] IPUIPlugin:80 - create IPUIPlugin
2025-12-21 07:58:40,255 [INFO] IPUIPlugin:80 - create IPUIPlugin
2025-12-21 07:58:40,256 [INFO] IPUIPlugin:80 - create IPUIPlugin
2025-12-21 07:58:40,256 [INFO] IPUIPlugin:80 - create IPUIPlugin
2025-12-21 07:58:40,256 [INFO] IPUIPlugin:80 - create IPUIPlugin
2025-12-21 07:58:40,256 [INFO] IPUIPlugin:80 - create IPUIPlugin
2025-12-21 07:58:40,256 [INFO] IPUIPlugin:80 - create IPUIPlugin
2025-12-21 07:58:40,256 [INFO] IPUIPlugin:80 - create IPUIPlugin
2025-12-21 07:58:40,256 [INFO] IPUIPlugin:80 - create IPUIPlugin
2025-12-21 07:58:40,256 [INFO] IPUIPlugin:80 - create IPUIPlugin
2025-12-21 07:58:40,257 [INFO] IPUIPlugin:80 - create IPUIPlugin
2025-12-21 07:58:40,257 [INFO] IPUIPlugin:80 - create IPUIPlugin
2025-12-21 07:58:40,257 [INFO] IPUIPlugin:80 - create IPUIPlugin
2025-12-21 07:58:40,257 [INFO] IPUIPlugin:80 - create IPUIPlugin
2025-12-21 07:58:40,257 [INFO] IPUIPlugin:80 - create IPUIPlugin
2025-12-21 07:58:40,257 [INFO] IPUIPlugin:80 - create IPUIPlugin
2025-12-21 07:58:40,258 [INFO] IPUIPlugin:80 - create IPUIPlugin
2025-12-21 07:58:40,258 [INFO] IPUIPlugin:80 - create IPUIPlugin
2025-12-21 07:58:40,258 [INFO] IPUIPlugin:80 - create IPUIPlugin
2025-12-21 07:58:40,258 [INFO] IPUIPlugin:80 - create IPUIPlugin
2025-12-21 07:58:40,258 [INFO] IPUIPlugin:80 - create IPUIPlugin
2025-12-21 07:58:40,258 [INFO] IPUIPlugin:80 - create IPUIPlugin
2025-12-21 07:58:40,259 [INFO] IPUIPlugin:80 - create IPUIPlugin
2025-12-21 07:58:40,259 [INFO] IPUIPlugin:80 - create IPUIPlugin
2025-12-21 07:58:40,259 [INFO] IPUIPlugin:80 - create IPUIPlugin
2025-12-21 07:58:40,259 [INFO] IPUIPlugin:80 - create IPUIPlugin
2025-12-21 07:58:40,259 [INFO] IPUIPlugin:80 - create IPUIPlugin
2025-12-21 07:58:40,260 [INFO] IPUIPlugin:80 - create IPUIPlugin
2025-12-21 07:58:40,260 [INFO] IPUIPlugin:80 - create IPUIPlugin
2025-12-21 07:58:40,260 [INFO] IPUIPlugin:80 - create IPUIPlugin
2025-12-21 07:58:40,260 [INFO] IPUIPlugin:80 - create IPUIPlugin
2025-12-21 07:58:40,260 [INFO] IPUIPlugin:80 - create IPUIPlugin
2025-12-21 07:58:40,261 [INFO] IPUIPlugin:80 - create IPUIPlugin
2025-12-21 07:58:40,261 [INFO] IPUIPlugin:80 - create IPUIPlugin
2025-12-21 07:58:40,261 [INFO] IPUIPlugin:80 - create IPUIPlugin
2025-12-21 07:58:40,261 [INFO] IPUIPlugin:80 - create IPUIPlugin
2025-12-21 07:58:40,262 [INFO] IPUIPlugin:80 - create IPUIPlugin
2025-12-21 07:58:40,262 [INFO] IPUIPlugin:80 - create IPUIPlugin
2025-12-21 07:58:40,262 [INFO] IPUIPlugin:80 - create IPUIPlugin
2025-12-21 07:58:40,262 [INFO] IPUIPlugin:80 - create IPUIPlugin
2025-12-21 07:58:40,518 [INFO] CADModel:165 - CPN selected for project levelSTM32L476RGT3
2025-12-21 07:58:40,519 [INFO] CADModel:114 - Register for checkConnection events
2025-12-21 07:58:40,567 [INFO] OpenFileManager:386 - Restore cursor
2025-12-21 08:30:43,274 [INFO] MainUpdater:2872 - connection check result : 10
2025-12-21 08:30:43,275 [INFO] MainUpdater:2872 - connection check result : 10
2025-12-21 08:30:43,496 [INFO] MicroXplorer:468 - Change Database Path : 
2025-12-21 08:30:43,496 [INFO] MicroXplorer:498 - Change Database Version : DB.6.0.150
2025-12-21 08:30:43,547 [ERROR] ProjectManagerView:395 - 
java.lang.NullPointerException: Cannot invoke "javax.swing.JTextField.getText()" because the return value of "java.util.List.get(int)" is null
	at com.st.microxplorer.plugins.projectmanager.gui.ProjectChoiceTab$9.caretUpdate(ProjectChoiceTab.java:2706) ~[filemanager.jar:?]
	at javax.swing.text.JTextComponent.fireCaretUpdate(JTextComponent.java:408) ~[?:?]
	at javax.swing.text.JTextComponent$MutableCaretEvent.fire(JTextComponent.java:4484) ~[?:?]
	at javax.swing.text.JTextComponent$MutableCaretEvent.stateChanged(JTextComponent.java:4506) ~[?:?]
	at javax.swing.text.DefaultCaret.fireStateChanged(DefaultCaret.java:857) ~[?:?]
	at javax.swing.text.DefaultCaret.changeCaretPosition(DefaultCaret.java:1343) ~[?:?]
	at javax.swing.text.DefaultCaret.handleSetDot(DefaultCaret.java:1242) ~[?:?]
	at javax.swing.text.DefaultCaret.setDot(DefaultCaret.java:1223) ~[?:?]
	at javax.swing.text.DefaultCaret$Handler.insertUpdate(DefaultCaret.java:1819) ~[?:?]
	at javax.swing.text.AbstractDocument.fireInsertUpdate(AbstractDocument.java:227) ~[?:?]
	at javax.swing.text.AbstractDocument.handleInsertString(AbstractDocument.java:781) ~[?:?]
	at javax.swing.text.AbstractDocument.insertString(AbstractDocument.java:740) ~[?:?]
	at javax.swing.text.PlainDocument.insertString(PlainDocument.java:131) ~[?:?]
	at javax.swing.text.AbstractDocument.replace(AbstractDocument.java:699) ~[?:?]
	at javax.swing.text.JTextComponent.setText(JTextComponent.java:1725) ~[?:?]
	at com.st.microxplorer.plugins.projectmanager.gui.ProjectChoiceTab.createHeapStackFields(ProjectChoiceTab.java:993) ~[filemanager.jar:?]
	at com.st.microxplorer.plugins.projectmanager.gui.ProjectChoiceTab.buildLinkSettingsPanel(ProjectChoiceTab.java:3813) ~[filemanager.jar:?]
	at com.st.microxplorer.plugins.projectmanager.gui.ProjectChoiceTab.defineWindowsFields(ProjectChoiceTab.java:1987) ~[filemanager.jar:?]
	at com.st.microxplorer.plugins.projectmanager.gui.ProjectChoiceTab.updateSettings(ProjectChoiceTab.java:558) ~[filemanager.jar:?]
	at com.st.microxplorer.plugins.projectmanager.gui.ProjectSettingsPanel.UpdateDialog(ProjectSettingsPanel.java:247) ~[filemanager.jar:?]
	at com.st.microxplorer.plugins.projectmanager.ProjectManagerView.propertyChange(ProjectManagerView.java:392) ~[filemanager.jar:?]
	at java.beans.PropertyChangeSupport.fire(PropertyChangeSupport.java:343) ~[?:?]
	at java.beans.PropertyChangeSupport.firePropertyChange(PropertyChangeSupport.java:335) ~[?:?]
	at java.beans.PropertyChangeSupport.firePropertyChange(PropertyChangeSupport.java:268) ~[?:?]
	at com.st.microxplorer.util.MXPropertyChangeSupport.firePropertyChange(MXPropertyChangeSupport.java:54) ~[STM32CubeMX.jar:?]
	at com.st.microxplorer.mxsystem.MxSystem.closeConfig(MxSystem.java:899) ~[STM32CubeMX.jar:?]
	at com.st.microxplorer.maingui.MainPanel.closeConfig(MainPanel.java:792) ~[STM32CubeMX.jar:?]
	at com.st.microxplorer.plugins.filemanager.engine.OpenFileManager.loadConfigurationFile(OpenFileManager.java:288) ~[filemanager.jar:?]
	at com.st.microxplorer.plugins.filemanager.engine.MainFileManager.userLoadConfig(MainFileManager.java:364) ~[filemanager.jar:?]
	at com.st.microxplorer.plugins.filemanager.engine.MainFileManager.userLoadConfig(MainFileManager.java:342) ~[filemanager.jar:?]
	at com.st.microxplorer.plugins.filemanager.FileManagerView.getSpecificTask(FileManagerView.java:264) ~[filemanager.jar:?]
	at com.st.stm32cube.common.mx.editor.CubeMxEditor.getMxTabbedPaneInstance(CubeMxEditor.java:1198) ~[com.st.stm32cube.common.mx_6.15.0.202507011659/:?]
	at com.st.stm32cube.common.mx.editor.CubeMxEditor$12$1.createSwingComponent(CubeMxEditor.java:1068) ~[com.st.stm32cube.common.mx_6.15.0.202507011659/:?]
	at com.st.stm32cube.common.mx.oss.core.awtswtbridge.EmbeddedSwingComposite.doComponentCreation(EmbeddedSwingComposite.java:492) ~[com.st.stm32cube.common.mx.oss_6.15.0.202507011659/:?]
	at com.st.stm32cube.common.mx.oss.core.awtswtbridge.EmbeddedSwingComposite$4.run(EmbeddedSwingComposite.java:291) ~[com.st.stm32cube.common.mx.oss_6.15.0.202507011659/:?]
	at com.st.stm32cube.common.mx.oss.core.awtswtbridge.AwtEnvironment$2.run(AwtEnvironment.java:166) ~[com.st.stm32cube.common.mx.oss_6.15.0.202507011659/:?]
	at java.awt.event.InvocationEvent.dispatch(InvocationEvent.java:318) ~[?:?]
	at java.awt.EventQueue.dispatchEventImpl(EventQueue.java:773) ~[?:?]
	at java.awt.EventQueue$4.run(EventQueue.java:720) ~[?:?]
	at java.awt.EventQueue$4.run(EventQueue.java:714) ~[?:?]
	at java.security.AccessController.doPrivileged(AccessController.java:400) ~[?:?]
	at java.security.ProtectionDomain$JavaSecurityAccessImpl.doIntersectionPrivilege(ProtectionDomain.java:87) ~[?:?]
	at java.awt.EventQueue.dispatchEvent(EventQueue.java:742) ~[?:?]
	at java.awt.EventDispatchThread.pumpOneEventForFilters(EventDispatchThread.java:203) ~[?:?]
	at java.awt.EventDispatchThread.pumpEventsForFilter(EventDispatchThread.java:124) ~[?:?]
	at java.awt.EventDispatchThread.pumpEventsForHierarchy(EventDispatchThread.java:113) ~[?:?]
	at java.awt.EventDispatchThread.pumpEvents(EventDispatchThread.java:109) ~[?:?]
	at java.awt.EventDispatchThread.pumpEvents(EventDispatchThread.java:101) ~[?:?]
	at java.awt.EventDispatchThread.run(EventDispatchThread.java:90) ~[?:?]
2025-12-21 08:30:43,571 [WARN] ThirdParty:871 - waiting for thirdparty lock release [close project]
2025-12-21 08:30:43,571 [INFO] ThirdParty:873 - entering critical section [close project]
2025-12-21 08:30:43,571 [INFO] ThirdParty:883 - exiting critical section [close project]
2025-12-21 08:30:43,575 [INFO] PinOutPanel:1589 - setPackage(No Configuration,No Configuration)
2025-12-21 08:30:43,591 [INFO] UtilMem:75 - Begin LoadConfig() Used Memory: 845909144 Bytes (1073741824)
2025-12-21 08:30:43,591 [INFO] MicroXplorer:468 - Change Database Path : 
2025-12-21 08:30:43,591 [INFO] MicroXplorer:498 - Change Database Version : DB.6.0.150
2025-12-21 08:30:43,591 [INFO] OpenFileManager:355 - Change cursor
2025-12-21 08:30:43,610 [INFO] Mcu:2029 - Initializing MCU STM32L476R(C-E-G)Tx STM32L476RGTx STM32L476RGT3
2025-12-21 08:30:45,453 [INFO] Context:786 - Trying to add GPIOservice into a context  which must be forbidden
2025-12-21 08:30:46,176 [INFO] ImportTextPane:234 - (OptionalMessage_ERROR) Pin12 (VP_RIF_VS_RIF1) cannot be retrieved for this MCU
2025-12-21 08:30:46,318 [INFO] RtosManager:558 - Registered RTOS mode: class=CMSIS, group=RTOS, mode=CMSIS_V1, owner=FREERTOS
2025-12-21 08:30:46,318 [INFO] RtosManager:558 - Registered RTOS mode: class=CMSIS, group=RTOS2, mode=CMSIS_V2, owner=FREERTOS
2025-12-21 08:30:46,318 [INFO] RtosManager:558 - Registered RTOS mode: class=RTOS, group=Core, mode=CMSIS_V1, owner=FREERTOS
2025-12-21 08:30:46,318 [INFO] RtosManager:558 - Registered RTOS mode: class=RTOS, group=Core, mode=CMSIS_V2, owner=FREERTOS
2025-12-21 08:30:46,318 [WARN] ModelIntegratedComponent:184 - Missing modes for component STMicroelectronics:FreeRTOS:0.0.1:STMicroelectronics:RTOS:FreeRTOS:Core:::10.2.0:
2025-12-21 08:30:46,326 [WARN] ModelIntegratedComponent:63 - No mode defined for component null
2025-12-21 08:30:46,327 [WARN] ModelIntegratedComponent:63 - No mode defined for component null
2025-12-21 08:30:46,327 [WARN] ModelIntegratedComponent:63 - No mode defined for component null
2025-12-21 08:30:46,327 [WARN] ModelIntegratedComponent:63 - No mode defined for component null
2025-12-21 08:30:46,327 [WARN] ModelIntegratedComponent:63 - No mode defined for component null
2025-12-21 08:30:46,327 [WARN] ModelIntegratedComponent:63 - No mode defined for component null
2025-12-21 08:30:46,327 [WARN] ModelIntegratedComponent:63 - No mode defined for component null
2025-12-21 08:30:46,327 [WARN] ModelIntegratedComponent:63 - No mode defined for component null
2025-12-21 08:30:46,327 [WARN] ModelIntegratedComponent:63 - No mode defined for component null
2025-12-21 08:30:46,327 [WARN] ModelIntegratedComponent:63 - No mode defined for component null
2025-12-21 08:30:46,327 [WARN] ModelIntegratedComponent:63 - No mode defined for component null
2025-12-21 08:30:46,327 [WARN] ModelIntegratedComponent:63 - No mode defined for component null
2025-12-21 08:30:46,328 [WARN] ModelIntegratedComponent:63 - No mode defined for component null
2025-12-21 08:30:46,328 [WARN] ModelIntegratedComponent:63 - No mode defined for component null
2025-12-21 08:30:46,328 [WARN] ModelIntegratedComponent:63 - No mode defined for component null
2025-12-21 08:30:46,328 [WARN] ModelIntegratedComponent:63 - No mode defined for component null
2025-12-21 08:30:46,328 [WARN] ModelIntegratedComponent:63 - No mode defined for component null
2025-12-21 08:30:46,328 [WARN] ModelIntegratedComponent:63 - No mode defined for component null
2025-12-21 08:30:46,328 [WARN] ModelIntegratedComponent:63 - No mode defined for component null
2025-12-21 08:30:46,328 [WARN] ModelIntegratedComponent:63 - No mode defined for component null
2025-12-21 08:30:46,328 [WARN] ModelIntegratedComponent:63 - No mode defined for component null
2025-12-21 08:30:46,328 [WARN] ModelIntegratedComponent:63 - No mode defined for component null
2025-12-21 08:30:46,328 [WARN] ModelIntegratedComponent:63 - No mode defined for component null
2025-12-21 08:30:46,328 [WARN] ModelIntegratedComponent:63 - No mode defined for component null
2025-12-21 08:30:46,328 [WARN] ModelIntegratedComponent:63 - No mode defined for component null
2025-12-21 08:30:46,328 [WARN] ModelIntegratedComponent:63 - No mode defined for component null
2025-12-21 08:30:46,328 [WARN] ModelIntegratedComponent:63 - No mode defined for component null
2025-12-21 08:30:46,328 [WARN] ModelIntegratedComponent:63 - No mode defined for component null
2025-12-21 08:30:46,328 [WARN] ModelIntegratedComponent:63 - No mode defined for component null
2025-12-21 08:30:46,329 [WARN] ModelIntegratedComponent:63 - No mode defined for component null
2025-12-21 08:30:46,329 [WARN] ModelIntegratedComponent:63 - No mode defined for component null
2025-12-21 08:30:46,329 [WARN] ModelIntegratedComponent:63 - No mode defined for component null
2025-12-21 08:30:46,329 [WARN] ModelIntegratedComponent:63 - No mode defined for component null
2025-12-21 08:30:46,329 [WARN] ModelIntegratedComponent:63 - No mode defined for component null
2025-12-21 08:30:46,329 [WARN] ModelIntegratedComponent:63 - No mode defined for component null
2025-12-21 08:30:46,329 [WARN] ModelPack:524 - Component already loaded: STMicroelectronics:HAL Drivers:0.0.0:STMicroelectronics:Device:STMicro_Driver:XSPI:HAL::0.0.1:HAL_XSPI
2025-12-21 08:30:46,387 [INFO] ThirdPartyModel:298 - Start build external matchings
2025-12-21 08:30:46,947 [INFO] ThirdPartyModel:316 - End build external matchings
2025-12-21 08:30:46,958 [INFO] ImportTextPane:234 - (OptionalMessage_ERROR) IP (RCC) : Invalid parameter (FamilyName)
2025-12-21 08:30:46,959 [INFO] ImportTextPane:234 - (OptionalMessage_ERROR) IP (RCC) : Parameter (RNGFreq_Value) has invalid value (64000000)
2025-12-21 08:30:46,960 [INFO] ImportTextPane:234 - (OptionalMessage_ERROR) IP (RCC) : Parameter (SDMMCFreq_Value) has invalid value (64000000)
2025-12-21 08:30:46,960 [INFO] ImportTextPane:234 - (OptionalMessage_ERROR) IP (RCC) : Parameter (USBFreq_Value) has invalid value (64000000)
2025-12-21 08:30:47,232 [INFO] UtilMem:75 - End LoadConfig() Used Memory: 881877272 Bytes (1073741824)
2025-12-21 08:30:47,263 [WARN] ThirdParty:833 - waiting for thirdparty lock release [change project]
2025-12-21 08:30:47,264 [INFO] ThirdParty:835 - entering critical section [change project]
2025-12-21 08:30:47,264 [INFO] ThirdParty:1030 - CMSIS Pack Vendor :STMicroelectronics X-CUBE-PM33A1 1.0.0
2025-12-21 08:30:47,264 [INFO] ThirdParty:1030 - CMSIS Pack Vendor :STMicroelectronics USBPD 4.1
2025-12-21 08:30:47,264 [INFO] ThirdParty:1030 - CMSIS Pack Vendor :STMicroelectronics X-CUBE-NFC9 1.0.0
2025-12-21 08:30:47,264 [INFO] ThirdParty:1030 - CMSIS Pack Vendor :STMicroelectronics USB_HOST 2.0.0
2025-12-21 08:30:47,264 [INFO] ThirdParty:1030 - CMSIS Pack Vendor :STMicroelectronics FP-SNS-MOTENVWB1 1.4.0
2025-12-21 08:30:47,264 [INFO] ThirdParty:1030 - CMSIS Pack Vendor :STMicroelectronics X-CUBE-AZRTOS-F4 1.1.0
2025-12-21 08:30:47,264 [INFO] ThirdParty:1030 - CMSIS Pack Vendor :STMicroelectronics LIBJPEG 8.0.0
2025-12-21 08:30:47,264 [INFO] ThirdParty:1030 - CMSIS Pack Vendor :STMicroelectronics FP-ATR-ASTRA1 2.0.2
2025-12-21 08:30:47,265 [INFO] ThirdParty:1030 - CMSIS Pack Vendor :wolfSSL I-CUBE-wolfSSL 5.8.2
2025-12-21 08:30:47,265 [INFO] ThirdParty:1030 - CMSIS Pack Vendor :STMicroelectronics X-CUBE-BLE1 7.1.0
2025-12-21 08:30:47,265 [INFO] ThirdParty:1030 - CMSIS Pack Vendor :Avnet-IotConnect X-CUBE-IoTC-DA16k-PMOD 1.0.0
2025-12-21 08:30:47,265 [INFO] ThirdParty:1030 - CMSIS Pack Vendor :STMicroelectronics X-CUBE-SMBUS 2.1.0
2025-12-21 08:30:47,265 [INFO] ThirdParty:1030 - CMSIS Pack Vendor :wolfSSL I-CUBE-wolfMQTT 1.19.2
2025-12-21 08:30:47,265 [INFO] ThirdParty:1030 - CMSIS Pack Vendor :STMicroelectronics USB_DEVICE 3.0.0
2025-12-21 08:30:47,265 [INFO] ThirdParty:1030 - CMSIS Pack Vendor :STMicroelectronics X-CUBE-ISPU 2.1.0
2025-12-21 08:30:47,265 [INFO] ThirdParty:1030 - CMSIS Pack Vendor :STMicroelectronics X-CUBE-FREERTOS 1.4.0
2025-12-21 08:30:47,266 [INFO] ThirdParty:1030 - CMSIS Pack Vendor :STMicroelectronics X-CUBE-EEPRMA1 5.2.0
2025-12-21 08:30:47,266 [INFO] ThirdParty:1030 - CMSIS Pack Vendor :STMicroelectronics X-CUBE-IPS 3.2.0
2025-12-21 08:30:47,266 [INFO] ThirdParty:1030 - CMSIS Pack Vendor :STMicroelectronics X-CUBE-BLEMGR 4.1.0
2025-12-21 08:30:47,266 [INFO] ThirdParty:1030 - CMSIS Pack Vendor :STMicroelectronics X-CUBE-AZRTOS-WB 2.0.0
2025-12-21 08:30:47,266 [INFO] ThirdParty:1030 - CMSIS Pack Vendor :STMicroelectronics X-CUBE-ST60 1.0.0
2025-12-21 08:30:47,266 [INFO] ThirdParty:1030 - CMSIS Pack Vendor :STMicroelectronics X-CUBE-GNSS1 7.0.1
2025-12-21 08:30:47,266 [INFO] ThirdParty:1030 - CMSIS Pack Vendor :STMicroelectronics X-CUBE-NFC12 1.0.0
2025-12-21 08:30:47,266 [INFO] ThirdParty:1030 - CMSIS Pack Vendor :STMicroelectronics X-CUBE-AZRTOS-F7 1.1.0
2025-12-21 08:30:47,266 [INFO] ThirdParty:1030 - CMSIS Pack Vendor :STMicroelectronics X-CUBE-AZRTOS-L5 2.0.0
2025-12-21 08:30:47,266 [INFO] ThirdParty:1030 - CMSIS Pack Vendor :STMicroelectronics X-CUBE-TOUCHGFX 4.25.0
2025-12-21 08:30:47,266 [INFO] ThirdParty:1030 - CMSIS Pack Vendor :STMicroelectronics USB_DEVICE 2.0.0
2025-12-21 08:30:47,266 [INFO] ThirdParty:1030 - CMSIS Pack Vendor :STMicroelectronics X-CUBE-NFC6 3.1.0
2025-12-21 08:30:47,266 [INFO] ThirdParty:1030 - CMSIS Pack Vendor :STMicroelectronics X-CUBE-ST67W61 1.1.0
2025-12-21 08:30:47,266 [INFO] ThirdParty:1030 - CMSIS Pack Vendor :quantropi X-CUBE-qispace-sdk-base 2.1.0
2025-12-21 08:30:47,266 [INFO] ThirdParty:1030 - CMSIS Pack Vendor :STMicroelectronics X-CUBE-MEMS1 12.0.0
2025-12-21 08:30:47,266 [INFO] ThirdParty:1030 - CMSIS Pack Vendor :STMicroelectronics FP-SNS-MOTENV1 5.1.0
2025-12-21 08:30:47,266 [INFO] ThirdParty:1030 - CMSIS Pack Vendor :STMicroelectronics FreeRTOS 0.0.1
2025-12-21 08:30:47,267 [INFO] ThirdParty:1030 - CMSIS Pack Vendor :STMicroelectronics X-CUBE-AZRTOS-G0 1.1.0
2025-12-21 08:30:47,267 [INFO] ThirdParty:1030 - CMSIS Pack Vendor :STMicroelectronics X-CUBE-SAFEA1 1.2.2
2025-12-21 08:30:47,267 [INFO] ThirdParty:1030 - CMSIS Pack Vendor :STMicroelectronics X-CUBE-NFC4 3.0.0
2025-12-21 08:30:47,267 [INFO] ThirdParty:1030 - CMSIS Pack Vendor :STMicroelectronics X-CUBE-SUBG2 5.0.0
2025-12-21 08:30:47,267 [INFO] ThirdParty:1030 - CMSIS Pack Vendor :STMicroelectronics X-CUBE-AZRTOS-H7RS 1.1.0
2025-12-21 08:30:47,267 [INFO] ThirdParty:1030 - CMSIS Pack Vendor :STMicroelectronics STM32_WPAN 1.0.0
2025-12-21 08:30:47,267 [INFO] ThirdParty:1030 - CMSIS Pack Vendor :EmbeddedOffice I-CUBE-FS-RTOS 1.0.1
2025-12-21 08:30:47,267 [INFO] ThirdParty:1030 - CMSIS Pack Vendor :STMicroelectronics lwIP 2.0.3
2025-12-21 08:30:47,267 [INFO] ThirdParty:1030 - CMSIS Pack Vendor :WES I-CUBE-Cesium 1.4.0
2025-12-21 08:30:47,267 [INFO] ThirdParty:1030 - CMSIS Pack Vendor :Cesanta I-CUBE-Mongoose 7.13.0
2025-12-21 08:30:47,267 [INFO] ThirdParty:1030 - CMSIS Pack Vendor :STMicroelectronics USB_HOST 1.0.0
2025-12-21 08:30:47,267 [INFO] ThirdParty:1030 - CMSIS Pack Vendor :Infineon AIROC-Wi-Fi-Bluetooth-STM32 1.7.1
2025-12-21 08:30:47,267 [INFO] ThirdParty:1030 - CMSIS Pack Vendor :STMicroelectronics X-CUBE-AZRTOS-G4 2.0.0
2025-12-21 08:30:47,267 [INFO] ThirdParty:1030 - CMSIS Pack Vendor :STMicroelectronics X-CUBE-WB05N 2.0.0
2025-12-21 08:30:47,267 [INFO] ThirdParty:1030 - CMSIS Pack Vendor :STMicroelectronics PDM2PCM 3.1.0
2025-12-21 08:30:47,267 [INFO] ThirdParty:1030 - CMSIS Pack Vendor :STMicroelectronics PDM2PCM 3.3.0
2025-12-21 08:30:47,268 [INFO] ThirdParty:1030 - CMSIS Pack Vendor :wolfSSL I-CUBE-wolfTPM 3.8.0
2025-12-21 08:30:47,268 [INFO] ThirdParty:1030 - CMSIS Pack Vendor :STMicroelectronics X-CUBE-AZRTOS-H7 3.4.0
2025-12-21 08:30:47,268 [INFO] ThirdParty:1030 - CMSIS Pack Vendor :STMicroelectronics X-CUBE-DISPLAY 3.0.0
2025-12-21 08:30:47,268 [INFO] ThirdParty:1030 - CMSIS Pack Vendor :wolfSSL I-CUBE-wolfSSH 1.4.20
2025-12-21 08:30:47,268 [INFO] ThirdParty:1030 - CMSIS Pack Vendor :STMicroelectronics X-CUBE-NFC7 2.0.0
2025-12-21 08:30:47,268 [INFO] ThirdParty:1030 - CMSIS Pack Vendor :STMicroelectronics X-CUBE-TCPP 4.2.0
2025-12-21 08:30:47,268 [INFO] ThirdParty:1030 - CMSIS Pack Vendor :RealThread X-CUBE-RT-Thread_Nano 4.1.1
2025-12-21 08:30:47,268 [INFO] ThirdParty:1030 - CMSIS Pack Vendor :STMicroelectronics FP-ATR-SIGFOX1 3.2.0
2025-12-21 08:30:47,268 [INFO] ThirdParty:1030 - CMSIS Pack Vendor :STMicroelectronics X-CUBE-NFC10 1.0.0
2025-12-21 08:30:47,268 [INFO] ThirdParty:1030 - CMSIS Pack Vendor :STMicroelectronics X-CUBE-FREERTOS 1.3.1
2025-12-21 08:30:47,268 [INFO] ThirdParty:1030 - CMSIS Pack Vendor :STMicroelectronics HAL Drivers 0.0.0
2025-12-21 08:30:47,268 [INFO] ThirdParty:1030 - CMSIS Pack Vendor :STMicroelectronics MBEDTLS 2.16.2
2025-12-21 08:30:47,268 [INFO] ThirdParty:1030 - CMSIS Pack Vendor :STMicroelectronics X-CUBE-ST60 1.1.0
2025-12-21 08:30:47,268 [INFO] ThirdParty:1030 - CMSIS Pack Vendor :STMicroelectronics X-CUBE-IPS 3.1.0
2025-12-21 08:30:47,268 [INFO] ThirdParty:1030 - CMSIS Pack Vendor :STMicroelectronics X-CUBE-ALS 1.0.2
2025-12-21 08:30:47,268 [INFO] ThirdParty:1030 - CMSIS Pack Vendor :emotas I-CUBE-CANOPEN 1.3.0
2025-12-21 08:30:47,268 [INFO] ThirdParty:1030 - CMSIS Pack Vendor :STMicroelectronics MBEDTLS 2.14.1
2025-12-21 08:30:47,269 [INFO] ThirdParty:1030 - CMSIS Pack Vendor :STMicroelectronics X-CUBE-GNSS1 7.1.0
2025-12-21 08:30:47,269 [INFO] ThirdParty:1030 - CMSIS Pack Vendor :ITTIA_DB I-CUBE-ITTIADB 8.9.0
2025-12-21 08:30:47,269 [INFO] ThirdParty:1030 - CMSIS Pack Vendor :STMicroelectronics X-CUBE-TOUCHGFX 4.26.0
2025-12-21 08:30:47,269 [INFO] ThirdParty:1030 - CMSIS Pack Vendor :STMicroelectronics X-CUBE-STSE01 1.0.0
2025-12-21 08:30:47,269 [INFO] ThirdParty:1030 - CMSIS Pack Vendor :STMicroelectronics X-CUBE-ST67W61 1.0.0
2025-12-21 08:30:47,269 [INFO] ThirdParty:1030 - CMSIS Pack Vendor :STMicroelectronics FP-SNS-STBOX1 2.1.0
2025-12-21 08:30:47,269 [INFO] ThirdParty:1030 - CMSIS Pack Vendor :STMicroelectronics X-CUBE-AI 10.2.0
2025-12-21 08:30:47,269 [INFO] ThirdParty:1030 - CMSIS Pack Vendor :STMicroelectronics FP-SNS-STAIOTCFT 1.0.0
2025-12-21 08:30:47,269 [INFO] ThirdParty:1030 - CMSIS Pack Vendor :STMicroelectronics ThreadX 1.0.0
2025-12-21 08:30:47,269 [INFO] ThirdParty:1030 - CMSIS Pack Vendor :STMicroelectronics FP-SNS-SMARTAG2 1.2.0
2025-12-21 08:30:47,269 [INFO] ThirdParty:1030 - CMSIS Pack Vendor :STMicroelectronics FP-SNS-FLIGHT1 5.1.0
2025-12-21 08:30:47,269 [INFO] ThirdParty:1030 - CMSIS Pack Vendor :STMicroelectronics X-CUBE-AZRTOS-WL 2.0.0
2025-12-21 08:30:47,269 [INFO] ThirdParty:1030 - CMSIS Pack Vendor :SEGGER I-CUBE-embOS 1.3.1
2025-12-21 08:30:47,269 [INFO] ThirdParty:1030 - CMSIS Pack Vendor :STMicroelectronics X-CUBE-ALGOBUILD 1.4.0
2025-12-21 08:30:47,269 [INFO] ThirdParty:1030 - CMSIS Pack Vendor :STMicroelectronics X-CUBE-DPower 1.3.0
2025-12-21 08:30:47,269 [INFO] ThirdParty:1030 - CMSIS Pack Vendor :STMicroelectronics X-CUBE-MEMS1 11.3.0
2025-12-21 08:30:47,269 [INFO] ThirdParty:1030 - CMSIS Pack Vendor :STMicroelectronics FP-SNS-MOTENV1 5.0.0
2025-12-21 08:30:47,269 [INFO] ThirdParty:1030 - CMSIS Pack Vendor :STMicroelectronics USB_DEVICE 1.0.0
2025-12-21 08:30:47,269 [INFO] ThirdParty:1030 - CMSIS Pack Vendor :STMicroelectronics X-CUBE-AZRTOS-H7RS 1.2.0
2025-12-21 08:30:47,269 [INFO] ThirdParty:1030 - CMSIS Pack Vendor :STMicroelectronics X-CUBE-AZRTOS-L4 2.0.0
2025-12-21 08:30:47,269 [INFO] ThirdParty:1030 - CMSIS Pack Vendor :STMicroelectronics ThreadX 0.0.2
2025-12-21 08:30:47,269 [INFO] ThirdParty:1030 - CMSIS Pack Vendor :STMicroelectronics lwIP 2.1.2
2025-12-21 08:30:47,270 [INFO] ThirdParty:1030 - CMSIS Pack Vendor :STMicroelectronics X-CUBE-SFXS2LP1 4.0.0
2025-12-21 08:30:47,270 [INFO] ThirdParty:1030 - CMSIS Pack Vendor :STMicroelectronics X-CUBE-BLE2 3.3.0
2025-12-21 08:30:47,270 [INFO] ThirdParty:1030 - CMSIS Pack Vendor :Avnet-IOTCONNECT X-CUBE-iotc-st67-sdk 1.0.0
2025-12-21 08:30:47,270 [INFO] ThirdParty:1030 - CMSIS Pack Vendor :STMicroelectronics X-CUBE-TOF1 3.4.3
2025-12-21 08:30:47,270 [INFO] ThirdParty:1030 - CMSIS Pack Vendor :STMicroelectronics PDM2PCM 3.2.0
2025-12-21 08:30:47,270 [INFO] ThirdParty:841 - exiting critical section [change project]
2025-12-21 08:30:47,571 [INFO] PinOutPanel:1589 - setPackage(No Configuration,No Configuration)
2025-12-21 08:30:47,571 [INFO] PinOutPanel:1589 - setPackage(STM32L476RGTx,LQFP64)
2025-12-21 08:30:48,106 [INFO] UtilMem:75 - Before build in PCC Used Memory: 781251736 Bytes (1073741824)
2025-12-21 08:30:48,445 [INFO] UtilMem:75 - After build in PCC Used Memory: 864089240 Bytes (1073741824)
2025-12-21 08:30:48,468 [INFO] IPUIPlugin:80 - create IPUIPlugin
2025-12-21 08:30:48,468 [INFO] IPUIPlugin:80 - create IPUIPlugin
2025-12-21 08:30:48,468 [INFO] IPUIPlugin:80 - create IPUIPlugin
2025-12-21 08:30:48,468 [INFO] IPUIPlugin:80 - create IPUIPlugin
2025-12-21 08:30:48,468 [INFO] IPUIPlugin:80 - create IPUIPlugin
2025-12-21 08:30:48,468 [INFO] IPUIPlugin:80 - create IPUIPlugin
2025-12-21 08:30:48,469 [INFO] IPUIPlugin:80 - create IPUIPlugin
2025-12-21 08:30:48,469 [INFO] IPUIPlugin:80 - create IPUIPlugin
2025-12-21 08:30:48,469 [INFO] IPUIPlugin:80 - create IPUIPlugin
2025-12-21 08:30:48,469 [INFO] IPUIPlugin:80 - create IPUIPlugin
2025-12-21 08:30:48,469 [INFO] IPUIPlugin:80 - create IPUIPlugin
2025-12-21 08:30:48,469 [INFO] IPUIPlugin:80 - create IPUIPlugin
2025-12-21 08:30:48,469 [INFO] IPUIPlugin:80 - create IPUIPlugin
2025-12-21 08:30:48,469 [INFO] IPUIPlugin:80 - create IPUIPlugin
2025-12-21 08:30:48,469 [INFO] IPUIPlugin:80 - create IPUIPlugin
2025-12-21 08:30:48,469 [INFO] IPUIPlugin:80 - create IPUIPlugin
2025-12-21 08:30:48,470 [INFO] IPUIPlugin:80 - create IPUIPlugin
2025-12-21 08:30:48,470 [INFO] IPUIPlugin:80 - create IPUIPlugin
2025-12-21 08:30:48,470 [INFO] IPUIPlugin:80 - create IPUIPlugin
2025-12-21 08:30:48,470 [INFO] IPUIPlugin:80 - create IPUIPlugin
2025-12-21 08:30:48,470 [INFO] IPUIPlugin:80 - create IPUIPlugin
2025-12-21 08:30:48,471 [INFO] IPUIPlugin:80 - create IPUIPlugin
2025-12-21 08:30:48,471 [INFO] IPUIPlugin:80 - create IPUIPlugin
2025-12-21 08:30:48,471 [INFO] IPUIPlugin:80 - create IPUIPlugin
2025-12-21 08:30:48,471 [INFO] IPUIPlugin:80 - create IPUIPlugin
2025-12-21 08:30:48,471 [INFO] IPUIPlugin:80 - create IPUIPlugin
2025-12-21 08:30:48,471 [INFO] IPUIPlugin:80 - create IPUIPlugin
2025-12-21 08:30:48,472 [INFO] IPUIPlugin:80 - create IPUIPlugin
2025-12-21 08:30:48,472 [INFO] IPUIPlugin:80 - create IPUIPlugin
2025-12-21 08:30:48,472 [INFO] IPUIPlugin:80 - create IPUIPlugin
2025-12-21 08:30:48,472 [INFO] IPUIPlugin:80 - create IPUIPlugin
2025-12-21 08:30:48,472 [INFO] IPUIPlugin:80 - create IPUIPlugin
2025-12-21 08:30:48,472 [INFO] IPUIPlugin:80 - create IPUIPlugin
2025-12-21 08:30:48,472 [INFO] IPUIPlugin:80 - create IPUIPlugin
2025-12-21 08:30:48,473 [INFO] IPUIPlugin:80 - create IPUIPlugin
2025-12-21 08:30:48,473 [INFO] IPUIPlugin:80 - create IPUIPlugin
2025-12-21 08:30:48,473 [INFO] IPUIPlugin:80 - create IPUIPlugin
2025-12-21 08:30:48,473 [INFO] IPUIPlugin:80 - create IPUIPlugin
2025-12-21 08:30:48,473 [INFO] IPUIPlugin:80 - create IPUIPlugin
2025-12-21 08:30:48,473 [INFO] IPUIPlugin:80 - create IPUIPlugin
2025-12-21 08:30:48,474 [INFO] IPUIPlugin:80 - create IPUIPlugin
2025-12-21 08:30:48,474 [INFO] IPUIPlugin:80 - create IPUIPlugin
2025-12-21 08:30:48,474 [INFO] IPUIPlugin:80 - create IPUIPlugin
2025-12-21 08:30:48,474 [INFO] IPUIPlugin:80 - create IPUIPlugin
2025-12-21 08:30:48,474 [INFO] IPUIPlugin:80 - create IPUIPlugin
2025-12-21 08:30:48,475 [INFO] IPUIPlugin:80 - create IPUIPlugin
2025-12-21 08:30:48,475 [INFO] IPUIPlugin:80 - create IPUIPlugin
2025-12-21 08:30:48,475 [INFO] IPUIPlugin:80 - create IPUIPlugin
2025-12-21 08:30:48,475 [INFO] IPUIPlugin:80 - create IPUIPlugin
2025-12-21 08:30:48,476 [INFO] IPUIPlugin:80 - create IPUIPlugin
2025-12-21 08:30:48,476 [INFO] IPUIPlugin:80 - create IPUIPlugin
2025-12-21 08:30:48,476 [INFO] IPUIPlugin:80 - create IPUIPlugin
2025-12-21 08:30:48,476 [INFO] IPUIPlugin:80 - create IPUIPlugin
2025-12-21 08:30:48,477 [INFO] IPUIPlugin:80 - create IPUIPlugin
2025-12-21 08:30:48,477 [INFO] IPUIPlugin:80 - create IPUIPlugin
2025-12-21 08:30:48,477 [INFO] IPUIPlugin:80 - create IPUIPlugin
2025-12-21 08:30:48,477 [INFO] IPUIPlugin:80 - create IPUIPlugin
2025-12-21 08:30:48,478 [INFO] IPUIPlugin:80 - create IPUIPlugin
2025-12-21 08:30:48,478 [INFO] IPUIPlugin:80 - create IPUIPlugin
2025-12-21 08:30:48,534 [INFO] CADModel:165 - CPN selected for project levelSTM32L476RGT3
2025-12-21 08:30:48,534 [INFO] CADModel:114 - Register for checkConnection events
2025-12-21 08:30:48,613 [INFO] OpenFileManager:386 - Restore cursor
2025-12-21 08:38:52,994 [INFO] I2cTimingTraitement:330 - 0x10D19CE4
2025-12-21 08:39:11,830 [INFO] I2cTimingTraitement:330 - 0x10D19CE4
2025-12-21 08:39:38,049 [INFO] I2cTimingTraitement:330 - 0x10919CE8
2025-12-21 08:39:38,145 [INFO] I2cTimingTraitement:330 - 0x10919CE8
2025-12-21 08:39:40,397 [INFO] NvicIntPanel:101 - NVIC parent = com.st.microxplorer.plugins.ip.nvic.MultiNvicIntPanel[,0,0,0x0,invalid,layout=javax.swing.BoxLayout,alignmentX=0.0,alignmentY=0.0,border=,flags=9,maximumSize=,minimumSize=,preferredSize=]
2025-12-21 08:39:40,444 [INFO] I2cTimingTraitement:330 - 0x10909CEC
2025-12-21 08:39:40,492 [INFO] NvicIntPanel:101 - NVIC parent = com.st.microxplorer.plugins.ip.nvic.MultiNvicIntPanel[,0,0,0x0,invalid,layout=javax.swing.BoxLayout,alignmentX=0.0,alignmentY=0.0,border=,flags=9,maximumSize=,minimumSize=,preferredSize=]
2025-12-21 08:40:15,484 [INFO] UtilMem:75 - End SaveConfig() Used Memory: 984975632 Bytes (1073741824)
2025-12-21 08:40:16,949 [INFO] UtilMem:75 - End SaveConfig() Used Memory: 720406352 Bytes (1073741824)
2025-12-21 08:40:18,763 [INFO] UtilMem:75 - End SaveConfig() Used Memory: 772292456 Bytes (1073741824)
2025-12-21 08:40:19,211 [INFO] BlockDiagram:2775 - set Specific Code input for plugin: SYS
2025-12-21 08:40:19,211 [INFO] BlockDiagram:2775 - set Specific Code input for plugin: RCC
2025-12-21 08:40:19,211 [INFO] BlockDiagram:2775 - set Specific Code input for plugin: I2C
2025-12-21 08:40:19,211 [INFO] BlockDiagram:2775 - set Specific Code input for plugin: NVIC
2025-12-21 08:40:19,212 [INFO] BlockDiagram:2775 - set Specific Code input for plugin: GPIO
2025-12-21 08:40:19,213 [INFO] CodeGenerator:892 - code generatio: config db path: C:\ST\STM32CubeIDE_1.19.0\STM32CubeIDE\plugins\com.st.stm32cube.common.mx_6.15.0.202507011659\\db\
2025-12-21 08:40:19,363 [INFO] CodeEngine:265 - oldGeneratedFile, D:\STM32\Lab\40-i2c-port-expander\MXTmpFiles\license.tmp_save
2025-12-21 08:40:19,950 [INFO] CodeEngine:289 - Generated code: D:\STM32\Lab\40-i2c-port-expander\MXTmpFiles\license.tmp
2025-12-21 08:40:20,231 [INFO] CodeEngine:265 - oldGeneratedFile, D:\STM32\Lab\40-i2c-port-expander\MXTmpFiles\gpio.tmp_save
2025-12-21 08:40:20,345 [INFO] CodeEngine:289 - Generated code: D:\STM32\Lab\40-i2c-port-expander\MXTmpFiles\gpio.tmp
2025-12-21 08:40:20,505 [INFO] CodeEngine:265 - oldGeneratedFile, D:\STM32\Lab\40-i2c-port-expander\Core\Src\stm32l4xx_it.c_save
2025-12-21 08:40:20,605 [INFO] CodeEngine:289 - Generated code: D:\STM32\Lab\40-i2c-port-expander\Core\Src\stm32l4xx_it.c
2025-12-21 08:40:20,610 [INFO] CodeEngine:265 - oldGeneratedFile, D:\STM32\Lab\40-i2c-port-expander\Core\Inc\stm32l4xx_it.h_save
2025-12-21 08:40:20,668 [INFO] CodeEngine:289 - Generated code: D:\STM32\Lab\40-i2c-port-expander\Core\Inc\stm32l4xx_it.h
2025-12-21 08:40:20,682 [INFO] CodeEngine:265 - oldGeneratedFile, D:\STM32\Lab\40-i2c-port-expander\Core\Src\stm32l4xx_hal_msp.c_save
2025-12-21 08:40:20,825 [INFO] CodeEngine:289 - Generated code: D:\STM32\Lab\40-i2c-port-expander\Core\Src\stm32l4xx_hal_msp.c
2025-12-21 08:40:20,830 [INFO] CodeEngine:265 - oldGeneratedFile, D:\STM32\Lab\40-i2c-port-expander\MXTmpFiles\system.tmp_save
2025-12-21 08:40:20,883 [INFO] CodeEngine:289 - Generated code: D:\STM32\Lab\40-i2c-port-expander\MXTmpFiles\system.tmp
2025-12-21 08:40:20,893 [INFO] CodeEngine:321 - oldGeneratedFile, D:\STM32\Lab\40-i2c-port-expander\Core\Inc\stm32l4xx_hal_conf.h_save
2025-12-21 08:40:20,954 [INFO] CodeEngine:345 - Generated code: D:\STM32\Lab\40-i2c-port-expander\Core\Inc\stm32l4xx_hal_conf.h
2025-12-21 08:40:20,992 [INFO] ApiDbMcu:532 - Load IP Config File for I2C1
2025-12-21 08:40:20,997 [INFO] ApiDbMcu:532 - Load IP Config File for RCC
2025-12-21 08:40:21,007 [INFO] CodeEngine:265 - oldGeneratedFile, D:\STM32\Lab\40-i2c-port-expander\Core\Inc\main.h_save
2025-12-21 08:40:21,089 [INFO] CodeEngine:289 - Generated code: D:\STM32\Lab\40-i2c-port-expander\Core\Inc\main.h
2025-12-21 08:40:21,094 [INFO] CodeEngine:265 - oldGeneratedFile, D:\STM32\Lab\40-i2c-port-expander\Core\Src\main.c_save
2025-12-21 08:40:21,214 [INFO] CodeEngine:289 - Generated code: D:\STM32\Lab\40-i2c-port-expander\Core\Src\main.c
2025-12-21 08:40:21,669 [INFO] ProjectBuilder:3606 - Time for Copy HAL[1] : 218mS.
2025-12-21 08:40:21,678 [INFO] ProjectBuilder:5216 - Project Generator version: 4.7.0-B52
2025-12-21 08:40:21,776 [INFO] ConfigFileManager:1595 - The Die is : DIE415
2025-12-21 08:40:21,811 [INFO] ApiDbMcu:532 - Load IP Config File for FATFS
2025-12-21 08:40:21,817 [INFO] ApiDbMcu:532 - Load IP Config File for FREERTOS
2025-12-21 08:40:21,827 [INFO] ApiDbMcu:532 - Load IP Config File for TOUCHSENSING
2025-12-21 08:40:21,833 [INFO] ApiDbMcu:532 - Load IP Config File for USB_DEVICE
2025-12-21 08:40:21,838 [INFO] ApiDbMcu:532 - Load IP Config File for USB_HOST
2025-12-21 08:40:22,362 [INFO] LogOutputStream:77 - [STDOUT_REDIRECT] 
2025-12-21 08:40:23,488 [INFO] ProjectBuilder:5496 - Time for Generating toolchain IDE Files: 1808mS.
2025-12-21 08:40:23,489 [INFO] ProjectBuilder:3463 - Time for Copy CMSIS : 1mS.
2025-12-21 08:40:23,490 [INFO] ProjectBuilder:3463 - Time for Copy CMSIS : 0mS.
2025-12-21 08:41:38,579 [INFO] UtilMem:75 - End SaveConfig() Used Memory: 978627440 Bytes (1073741824)
2025-12-21 08:41:38,717 [INFO] BlockDiagram:2775 - set Specific Code input for plugin: SYS
2025-12-21 08:41:38,717 [INFO] BlockDiagram:2775 - set Specific Code input for plugin: RCC
2025-12-21 08:41:38,717 [INFO] BlockDiagram:2775 - set Specific Code input for plugin: I2C
2025-12-21 08:41:38,717 [INFO] BlockDiagram:2775 - set Specific Code input for plugin: NVIC
2025-12-21 08:41:38,717 [INFO] BlockDiagram:2775 - set Specific Code input for plugin: GPIO
2025-12-21 08:41:38,718 [INFO] CodeGenerator:892 - code generatio: config db path: C:\ST\STM32CubeIDE_1.19.0\STM32CubeIDE\plugins\com.st.stm32cube.common.mx_6.15.0.202507011659\\db\
2025-12-21 08:41:38,786 [INFO] CodeEngine:265 - oldGeneratedFile, D:\STM32\Lab\40-i2c-port-expander\MXTmpFiles\license.tmp_save
2025-12-21 08:41:38,852 [INFO] CodeEngine:289 - Generated code: D:\STM32\Lab\40-i2c-port-expander\MXTmpFiles\license.tmp
2025-12-21 08:41:38,869 [INFO] CodeEngine:265 - oldGeneratedFile, D:\STM32\Lab\40-i2c-port-expander\MXTmpFiles\gpio.tmp_save
2025-12-21 08:41:38,915 [INFO] CodeEngine:289 - Generated code: D:\STM32\Lab\40-i2c-port-expander\MXTmpFiles\gpio.tmp
2025-12-21 08:41:38,954 [INFO] CodeEngine:265 - oldGeneratedFile, D:\STM32\Lab\40-i2c-port-expander\Core\Src\stm32l4xx_it.c_save
2025-12-21 08:41:39,009 [INFO] CodeEngine:289 - Generated code: D:\STM32\Lab\40-i2c-port-expander\Core\Src\stm32l4xx_it.c
2025-12-21 08:41:39,016 [INFO] CodeEngine:265 - oldGeneratedFile, D:\STM32\Lab\40-i2c-port-expander\Core\Inc\stm32l4xx_it.h_save
2025-12-21 08:41:39,061 [INFO] CodeEngine:289 - Generated code: D:\STM32\Lab\40-i2c-port-expander\Core\Inc\stm32l4xx_it.h
2025-12-21 08:41:39,073 [INFO] CodeEngine:265 - oldGeneratedFile, D:\STM32\Lab\40-i2c-port-expander\Core\Src\stm32l4xx_hal_msp.c_save
2025-12-21 08:41:39,144 [INFO] CodeEngine:289 - Generated code: D:\STM32\Lab\40-i2c-port-expander\Core\Src\stm32l4xx_hal_msp.c
2025-12-21 08:41:39,147 [INFO] CodeEngine:265 - oldGeneratedFile, D:\STM32\Lab\40-i2c-port-expander\MXTmpFiles\system.tmp_save
2025-12-21 08:41:39,189 [INFO] CodeEngine:289 - Generated code: D:\STM32\Lab\40-i2c-port-expander\MXTmpFiles\system.tmp
2025-12-21 08:41:39,197 [INFO] CodeEngine:321 - oldGeneratedFile, D:\STM32\Lab\40-i2c-port-expander\Core\Inc\stm32l4xx_hal_conf.h_save
2025-12-21 08:41:39,245 [INFO] CodeEngine:345 - Generated code: D:\STM32\Lab\40-i2c-port-expander\Core\Inc\stm32l4xx_hal_conf.h
2025-12-21 08:41:39,266 [INFO] CodeEngine:265 - oldGeneratedFile, D:\STM32\Lab\40-i2c-port-expander\Core\Inc\main.h_save
2025-12-21 08:41:39,313 [INFO] CodeEngine:289 - Generated code: D:\STM32\Lab\40-i2c-port-expander\Core\Inc\main.h
2025-12-21 08:41:39,320 [INFO] CodeEngine:265 - oldGeneratedFile, D:\STM32\Lab\40-i2c-port-expander\Core\Src\main.c_save
2025-12-21 08:41:39,407 [INFO] CodeEngine:289 - Generated code: D:\STM32\Lab\40-i2c-port-expander\Core\Src\main.c
2025-12-21 08:41:39,692 [INFO] ProjectBuilder:3606 - Time for Copy HAL[1] : 145mS.
2025-12-21 08:41:39,695 [INFO] ProjectBuilder:5216 - Project Generator version: 4.7.0-B52
2025-12-21 08:41:39,764 [INFO] ConfigFileManager:1595 - The Die is : DIE415
2025-12-21 08:41:40,364 [INFO] ProjectBuilder:5496 - Time for Generating toolchain IDE Files: 668mS.
2025-12-21 08:41:40,364 [INFO] ProjectBuilder:3463 - Time for Copy CMSIS : 0mS.
2025-12-21 08:41:40,366 [INFO] ProjectBuilder:3463 - Time for Copy CMSIS : 0mS.
2025-12-21 10:10:10,460 [INFO] Activator:176 - 


2025-12-21 10:10:10,461 [INFO] Activator:177 - !SESSION log4j initialized
2025-12-21 10:10:18,317 [INFO] LogOutputStream:77 - [STDOUT_REDIRECT] 
2025-12-21 10:10:21,924 [INFO] ApplicationProperties:184 - Using Application install path: C:\ST\STM32CubeIDE_1.19.0\STM32CubeIDE\plugins\com.st.stm32cube.common.mx_6.15.0.202507011659
2025-12-21 10:10:21,940 [INFO] DbMcusXml:78 - Set database path to: C:\ST\STM32CubeIDE_1.19.0\STM32CubeIDE\plugins\com.st.stm32cube.common.mx_6.15.0.202507011659\\db\/mcu/
2025-12-21 10:10:21,940 [INFO] ApiDb:274 - Set plugin database path to: C:\ST\STM32CubeIDE_1.19.0\STM32CubeIDE\plugins\com.st.stm32cube.common.mx_6.15.0.202507011659\\db\/plugins/boardmanager/
2025-12-21 10:10:21,941 [WARN] ApiDb:259 - Overriding images path with different value:  => C:\ST\STM32CubeIDE_1.19.0\STM32CubeIDE\plugins\com.st.stm32cube.common.mx_6.15.0.202507011659\\db\/plugins/mcufinder/images/
2025-12-21 10:10:21,945 [INFO] ApiDb:250 - Set database path to: C:\Users\user\.stmcufinder\plugins\mcufinder//mcu/
2025-12-21 10:10:21,946 [INFO] DbMcusAds:125 - Set database path to: C:\Users\user\.stmcufinder\plugins\mcufinder//mcu/
2025-12-21 10:10:21,949 [INFO] CrossReferenceDbSqlite:203 - Set database path to: C:\Users\user\.stmcufinder\plugins\mcufinder//mcu/cs/
2025-12-21 10:10:22,062 [INFO] RulesReader:64 - Compatibility file has been processed (317 Rules)
2025-12-21 10:10:22,153 [INFO] DbMcusXml:78 - Set database path to: C:\ST\STM32CubeIDE_1.19.0\STM32CubeIDE\plugins\com.st.stm32cube.common.mx_6.15.0.202507011659\\db\/mcu/
2025-12-21 10:10:22,153 [INFO] ApiDb:274 - Set plugin database path to: C:\ST\STM32CubeIDE_1.19.0\STM32CubeIDE\plugins\com.st.stm32cube.common.mx_6.15.0.202507011659\\db\/plugins/boardmanager/
2025-12-21 10:10:22,153 [INFO] ApiDb:261 - Set plugin images path to: C:\ST\STM32CubeIDE_1.19.0\STM32CubeIDE\plugins\com.st.stm32cube.common.mx_6.15.0.202507011659\\db\/plugins/mcufinder/images/
2025-12-21 10:10:22,153 [WARN] DbFile:41 - Overriding database path with different value: C:\Users\user\.stmcufinder\plugins\mcufinder/ => C:\Users\user\.stmcufinder\plugins\mcufinder
2025-12-21 10:10:22,153 [INFO] ApiDb:250 - Set database path to: C:\Users\user\.stmcufinder\plugins\mcufinder//mcu/
2025-12-21 10:10:22,153 [WARN] DbFile:41 - Overriding database path with different value: C:\Users\user\.stmcufinder\plugins\mcufinder/ => C:\Users\user\.stmcufinder\plugins\mcufinder
2025-12-21 10:10:22,153 [INFO] DbMcusAds:125 - Set database path to: C:\Users\user\.stmcufinder\plugins\mcufinder//mcu/
2025-12-21 10:10:22,153 [WARN] DbFile:41 - Overriding database path with different value: C:\Users\user\.stmcufinder\plugins\mcufinder/ => C:\Users\user\.stmcufinder\plugins\mcufinder
2025-12-21 10:10:22,153 [WARN] DbFile:41 - Overriding database path with different value: C:\Users\user\.stmcufinder\plugins\mcufinder/ => C:\Users\user\.stmcufinder\plugins\mcufinder
2025-12-21 10:10:22,153 [INFO] CrossReferenceDbSqlite:203 - Set database path to: C:\Users\user\.stmcufinder\plugins\mcufinder//mcu/cs/
2025-12-21 10:10:22,205 [INFO] MainPanel:274 - HeapMemory: 268435456
2025-12-21 10:10:22,264 [INFO] DbMcusXml:78 - Set database path to: C:\ST\STM32CubeIDE_1.19.0\STM32CubeIDE\plugins\com.st.stm32cube.common.mx_6.15.0.202507011659\\db\/mcu/
2025-12-21 10:10:22,264 [INFO] ApiDb:274 - Set plugin database path to: C:\ST\STM32CubeIDE_1.19.0\STM32CubeIDE\plugins\com.st.stm32cube.common.mx_6.15.0.202507011659\\db\/plugins/boardmanager/
2025-12-21 10:10:22,264 [INFO] ApiDb:261 - Set plugin images path to: C:\ST\STM32CubeIDE_1.19.0\STM32CubeIDE\plugins\com.st.stm32cube.common.mx_6.15.0.202507011659\\db\/plugins/mcufinder/images/
2025-12-21 10:10:22,265 [WARN] DbFile:41 - Overriding database path with different value: C:\Users\user\.stmcufinder\plugins\mcufinder/ => C:\Users\user\.stmcufinder\plugins\mcufinder
2025-12-21 10:10:22,265 [INFO] ApiDb:250 - Set database path to: C:\Users\user\.stmcufinder\plugins\mcufinder//mcu/
2025-12-21 10:10:22,265 [WARN] DbFile:41 - Overriding database path with different value: C:\Users\user\.stmcufinder\plugins\mcufinder/ => C:\Users\user\.stmcufinder\plugins\mcufinder
2025-12-21 10:10:22,265 [INFO] DbMcusAds:125 - Set database path to: C:\Users\user\.stmcufinder\plugins\mcufinder//mcu/
2025-12-21 10:10:22,265 [WARN] DbFile:41 - Overriding database path with different value: C:\Users\user\.stmcufinder\plugins\mcufinder/ => C:\Users\user\.stmcufinder\plugins\mcufinder
2025-12-21 10:10:22,265 [WARN] DbFile:41 - Overriding database path with different value: C:\Users\user\.stmcufinder\plugins\mcufinder/ => C:\Users\user\.stmcufinder\plugins\mcufinder
2025-12-21 10:10:22,266 [INFO] CrossReferenceDbSqlite:203 - Set database path to: C:\Users\user\.stmcufinder\plugins\mcufinder//mcu/cs/
2025-12-21 10:10:22,279 [INFO] ApplicationProperties:184 - Using Application install path: C:\ST\STM32CubeIDE_1.19.0\STM32CubeIDE\plugins\com.st.stm32cube.common.mx_6.15.0.202507011659
2025-12-21 10:10:22,280 [INFO] PluginManage:196 - Search for loadable plugins [exclusion list=, ]
2025-12-21 10:10:22,281 [INFO] PluginManage:310 - Check plugin analytics
2025-12-21 10:10:22,532 [INFO] AnalyticsPlugin:253 - Accepted Software Licenses: 
2025-12-21 10:10:22,532 [INFO] AnalyticsPlugin:255 - Accepted CMSIS Pack Licenses: 
2025-12-21 10:10:22,532 [INFO] AnalyticsPlugin:257 - Accepted Firmware Licenses: FW.L4.1.18.0
2025-12-21 10:10:22,536 [INFO] PluginManage:359 - Loaded plugin analytics (category:tool,tabindex:-1)
2025-12-21 10:10:22,536 [INFO] PluginManage:310 - Check plugin cadmodel
2025-12-21 10:10:22,541 [INFO] CADModel:105 - Init CAD model plugin
2025-12-21 10:10:22,541 [INFO] PluginManage:359 - Loaded plugin cadmodel (category:power,tabindex:5)
2025-12-21 10:10:22,542 [INFO] PluginManage:310 - Check plugin clock
2025-12-21 10:10:22,551 [INFO] PluginManage:359 - Loaded plugin clock (category:base,tabindex:2)
2025-12-21 10:10:22,551 [INFO] PluginManage:310 - Check plugin ddr
2025-12-21 10:10:22,552 [INFO] PluginManage:359 - Loaded plugin ddr (category:tool,tabindex:6)
2025-12-21 10:10:22,553 [INFO] PluginManage:310 - Check plugin filemanager
2025-12-21 10:10:22,686 [INFO] PluginManage:359 - Loaded plugin filemanager (category:base,tabindex:10)
2025-12-21 10:10:22,686 [INFO] PluginManage:310 - Check plugin ipmanager
2025-12-21 10:10:22,693 [INFO] PluginManage:359 - Loaded plugin ipmanager (category:base,tabindex:5)
2025-12-21 10:10:22,693 [INFO] PluginManage:310 - Check plugin lpbam
2025-12-21 10:10:22,699 [INFO] PluginManage:359 - Loaded plugin lpbam (category:base,tabindex:0)
2025-12-21 10:10:22,700 [INFO] PluginManage:310 - Check plugin memorymap
2025-12-21 10:10:22,709 [INFO] PluginManage:359 - Loaded plugin memorymap (category:base,tabindex:4)
2025-12-21 10:10:22,710 [INFO] PluginManage:310 - Check plugin pinoutandconfiguration
2025-12-21 10:10:22,714 [INFO] PluginManage:359 - Loaded plugin pinoutandconfiguration (category:base,tabindex:1)
2025-12-21 10:10:22,714 [INFO] PluginManage:310 - Check plugin pinoutconfig
2025-12-21 10:10:22,789 [WARN] SupportedApi:132 - Cannot load RTOS API schema: s4s-elt-must-match.1: The content of 'definitions' must match (annotation?, (simpleType | complexType)?, (unique | key | keyref)*)). A problem was found starting at: attribute.
2025-12-21 10:10:22,896 [INFO] PluginManage:359 - Loaded plugin pinoutconfig (category:base,tabindex:0)
2025-12-21 10:10:22,896 [INFO] PluginManage:310 - Check plugin power
2025-12-21 10:10:22,902 [INFO] PluginManage:359 - Loaded plugin power (category:power,tabindex:4)
2025-12-21 10:10:22,902 [INFO] PluginManage:310 - Check plugin projectmanager
2025-12-21 10:10:22,926 [INFO] PluginManage:359 - Loaded plugin projectmanager (category:projectmanager,tabindex:4)
2025-12-21 10:10:22,926 [INFO] PluginManage:310 - Check plugin rif
2025-12-21 10:10:22,949 [INFO] PluginManage:359 - Loaded plugin rif (category:base,tabindex:3)
2025-12-21 10:10:22,949 [INFO] PluginManage:310 - Check plugin thirdparty
2025-12-21 10:10:23,070 [WARN] IntegrityCheckThread:84 - waiting for thirdparty lock release [integrity check]
2025-12-21 10:10:23,070 [INFO] IntegrityCheckThread:86 - entering critical section [integrity check]
2025-12-21 10:10:23,071 [INFO] ThirdPartyUpdaterWithRetryManager:70 - Updater plugin not ready yet. [1/15]
2025-12-21 10:10:23,071 [INFO] PluginManage:359 - Loaded plugin thirdparty (category:base,tabindex:-1)
2025-12-21 10:10:23,072 [INFO] PluginManage:310 - Check plugin tools
2025-12-21 10:10:23,076 [INFO] PluginManage:359 - Loaded plugin tools (category:base,tabindex:7)
2025-12-21 10:10:23,076 [INFO] PluginManage:310 - Check plugin tutovideos
2025-12-21 10:10:23,209 [INFO] PluginManage:359 - Loaded plugin tutovideos (category:base,tabindex:-1)
2025-12-21 10:10:23,209 [INFO] PluginManage:310 - Check plugin updater
2025-12-21 10:10:23,230 [INFO] PluginManage:359 - Loaded plugin updater (category:base,tabindex:12)
2025-12-21 10:10:23,230 [INFO] PluginManage:310 - Check plugin userauth
2025-12-21 10:10:23,236 [INFO] UserAuth:118 - Init User Auth plugin
2025-12-21 10:10:23,237 [INFO] PluginManage:359 - Loaded plugin userauth (category:base,tabindex:14)
2025-12-21 10:10:23,238 [INFO] PluginManage:283 - PluginManage : Loaded plugins [18]
2025-12-21 10:10:23,440 [INFO] PinOutPanel:1589 - setPackage(No Configuration,No Configuration)
2025-12-21 10:10:23,514 [INFO] CADModel:165 - CPN selected for project level
2025-12-21 10:10:23,515 [INFO] CADModel:114 - Register for checkConnection events
2025-12-21 10:10:23,523 [INFO] IPUIPlugin:80 - create IPUIPlugin
2025-12-21 10:10:23,523 [INFO] PluginManager:220 - loadIPPluginJar : add adc
2025-12-21 10:10:23,524 [INFO] IPUIPlugin:80 - create IPUIPlugin
2025-12-21 10:10:23,525 [INFO] PluginManager:220 - loadIPPluginJar : add aes
2025-12-21 10:10:23,526 [INFO] IPUIPlugin:80 - create IPUIPlugin
2025-12-21 10:10:23,526 [INFO] PluginManager:220 - loadIPPluginJar : add can
2025-12-21 10:10:23,527 [INFO] IPUIPlugin:80 - create IPUIPlugin
2025-12-21 10:10:23,527 [INFO] PluginManager:220 - loadIPPluginJar : add comp
2025-12-21 10:10:23,529 [INFO] IPUIPlugin:80 - create IPUIPlugin
2025-12-21 10:10:23,529 [INFO] PluginManager:220 - loadIPPluginJar : add cryp
2025-12-21 10:10:23,531 [INFO] IPUIPlugin:80 - create IPUIPlugin
2025-12-21 10:10:23,531 [INFO] PluginManager:220 - loadIPPluginJar : add ddr_ctrl_phy
2025-12-21 10:10:23,533 [INFO] IPUIPlugin:80 - create IPUIPlugin
2025-12-21 10:10:23,533 [INFO] PluginManager:220 - loadIPPluginJar : add dfsdm
2025-12-21 10:10:23,536 [INFO] IPUIPlugin:80 - create IPUIPlugin
2025-12-21 10:10:23,536 [INFO] PluginManager:220 - loadIPPluginJar : add dma
2025-12-21 10:10:23,537 [INFO] IPUIPlugin:80 - create IPUIPlugin
2025-12-21 10:10:23,537 [INFO] PluginManager:220 - loadIPPluginJar : add dma3
2025-12-21 10:10:23,539 [INFO] IPUIPlugin:80 - create IPUIPlugin
2025-12-21 10:10:23,539 [INFO] PluginManager:220 - loadIPPluginJar : add extmemmanager
2025-12-21 10:10:23,540 [INFO] IPUIPlugin:80 - create IPUIPlugin
2025-12-21 10:10:23,540 [INFO] PluginManager:220 - loadIPPluginJar : add fatfs
2025-12-21 10:10:23,542 [INFO] IPUIPlugin:80 - create IPUIPlugin
2025-12-21 10:10:23,542 [INFO] PluginManager:220 - loadIPPluginJar : add fmc
2025-12-21 10:10:23,545 [INFO] IPUIPlugin:80 - create IPUIPlugin
2025-12-21 10:10:23,545 [INFO] PluginManager:220 - loadIPPluginJar : add freertos
2025-12-21 10:10:23,546 [INFO] IPUIPlugin:80 - create IPUIPlugin
2025-12-21 10:10:23,547 [INFO] PluginManager:220 - loadIPPluginJar : add genericplugin
2025-12-21 10:10:23,548 [INFO] IPUIPlugin:80 - create IPUIPlugin
2025-12-21 10:10:23,548 [INFO] PluginManager:220 - loadIPPluginJar : add gfxmmu
2025-12-21 10:10:23,551 [INFO] IPUIPlugin:80 - create IPUIPlugin
2025-12-21 10:10:23,551 [INFO] PluginManager:220 - loadIPPluginJar : add gic
2025-12-21 10:10:23,553 [INFO] IPUIPlugin:80 - create IPUIPlugin
2025-12-21 10:10:23,553 [INFO] PluginManager:220 - loadIPPluginJar : add gpio
2025-12-21 10:10:23,556 [INFO] IPUIPlugin:80 - create IPUIPlugin
2025-12-21 10:10:23,556 [INFO] PluginManager:220 - loadIPPluginJar : add gtzc
2025-12-21 10:10:23,557 [INFO] IPUIPlugin:80 - create IPUIPlugin
2025-12-21 10:10:23,557 [INFO] PluginManager:220 - loadIPPluginJar : add hash
2025-12-21 10:10:23,559 [INFO] IPUIPlugin:80 - create IPUIPlugin
2025-12-21 10:10:23,559 [INFO] PluginManager:220 - loadIPPluginJar : add i2c
2025-12-21 10:10:23,562 [INFO] IPUIPlugin:80 - create IPUIPlugin
2025-12-21 10:10:23,563 [INFO] PluginManager:220 - loadIPPluginJar : add i2s
2025-12-21 10:10:23,565 [INFO] IPUIPlugin:80 - create IPUIPlugin
2025-12-21 10:10:23,565 [INFO] PluginManager:220 - loadIPPluginJar : add i3c
2025-12-21 10:10:23,566 [INFO] IPUIPlugin:80 - create IPUIPlugin
2025-12-21 10:10:23,567 [INFO] PluginManager:220 - loadIPPluginJar : add ipddr
2025-12-21 10:10:23,570 [INFO] IPUIPlugin:80 - create IPUIPlugin
2025-12-21 10:10:23,571 [INFO] PluginManager:220 - loadIPPluginJar : add linkedlist
2025-12-21 10:10:23,576 [INFO] IPUIPlugin:80 - create IPUIPlugin
2025-12-21 10:10:23,576 [INFO] PluginManager:220 - loadIPPluginJar : add lorawan
2025-12-21 10:10:23,577 [INFO] IPUIPlugin:80 - create IPUIPlugin
2025-12-21 10:10:23,577 [INFO] PluginManager:220 - loadIPPluginJar : add ltdc
2025-12-21 10:10:23,582 [INFO] IPUIPlugin:80 - create IPUIPlugin
2025-12-21 10:10:23,582 [INFO] PluginManager:220 - loadIPPluginJar : add mdma
2025-12-21 10:10:23,584 [INFO] IPUIPlugin:80 - create IPUIPlugin
2025-12-21 10:10:23,584 [INFO] PluginManager:220 - loadIPPluginJar : add nvic
2025-12-21 10:10:23,589 [INFO] IPUIPlugin:80 - create IPUIPlugin
2025-12-21 10:10:23,589 [INFO] PluginManager:220 - loadIPPluginJar : add opamp
2025-12-21 10:10:23,591 [INFO] IPUIPlugin:80 - create IPUIPlugin
2025-12-21 10:10:23,591 [INFO] PluginManager:220 - loadIPPluginJar : add openamp
2025-12-21 10:10:23,596 [INFO] IPUIPlugin:80 - create IPUIPlugin
2025-12-21 10:10:23,596 [INFO] PluginManager:220 - loadIPPluginJar : add pdm2pcm
2025-12-21 10:10:23,602 [INFO] IPUIPlugin:80 - create IPUIPlugin
2025-12-21 10:10:23,604 [INFO] PluginManager:220 - loadIPPluginJar : add plateformsettings
2025-12-21 10:10:23,605 [INFO] IPUIPlugin:80 - create IPUIPlugin
2025-12-21 10:10:23,605 [INFO] PluginManager:220 - loadIPPluginJar : add quadspi
2025-12-21 10:10:23,606 [INFO] IPUIPlugin:80 - create IPUIPlugin
2025-12-21 10:10:23,607 [INFO] PluginManager:220 - loadIPPluginJar : add radio
2025-12-21 10:10:23,608 [INFO] IPUIPlugin:80 - create IPUIPlugin
2025-12-21 10:10:23,609 [INFO] PluginManager:220 - loadIPPluginJar : add resmgrutility
2025-12-21 10:10:23,610 [INFO] IPUIPlugin:80 - create IPUIPlugin
2025-12-21 10:10:23,610 [INFO] PluginManager:220 - loadIPPluginJar : add sai
2025-12-21 10:10:23,612 [INFO] IPUIPlugin:80 - create IPUIPlugin
2025-12-21 10:10:23,612 [INFO] PluginManager:220 - loadIPPluginJar : add spi
2025-12-21 10:10:23,615 [INFO] IPUIPlugin:80 - create IPUIPlugin
2025-12-21 10:10:23,616 [INFO] PluginManager:220 - loadIPPluginJar : add stm32_wpan
2025-12-21 10:10:23,616 [INFO] IPUIPlugin:80 - create IPUIPlugin
2025-12-21 10:10:23,616 [INFO] PluginManager:220 - loadIPPluginJar : add tim
2025-12-21 10:10:23,618 [INFO] IPUIPlugin:80 - create IPUIPlugin
2025-12-21 10:10:23,618 [INFO] PluginManager:220 - loadIPPluginJar : add touchsensing
2025-12-21 10:10:23,619 [INFO] IPUIPlugin:80 - create IPUIPlugin
2025-12-21 10:10:23,619 [INFO] PluginManager:220 - loadIPPluginJar : add tracer_emb
2025-12-21 10:10:23,622 [INFO] IPUIPlugin:80 - create IPUIPlugin
2025-12-21 10:10:23,622 [INFO] PluginManager:220 - loadIPPluginJar : add ts
2025-12-21 10:10:23,623 [INFO] IPUIPlugin:80 - create IPUIPlugin
2025-12-21 10:10:23,623 [INFO] PluginManager:220 - loadIPPluginJar : add tsc
2025-12-21 10:10:23,624 [INFO] IPUIPlugin:80 - create IPUIPlugin
2025-12-21 10:10:23,624 [INFO] PluginManager:220 - loadIPPluginJar : add ucpd
2025-12-21 10:10:23,626 [INFO] IPUIPlugin:80 - create IPUIPlugin
2025-12-21 10:10:23,626 [INFO] PluginManager:220 - loadIPPluginJar : add usart
2025-12-21 10:10:23,628 [INFO] IPUIPlugin:80 - create IPUIPlugin
2025-12-21 10:10:23,628 [INFO] PluginManager:220 - loadIPPluginJar : add usbx
2025-12-21 10:10:23,744 [FATAL] Updater:351 - Updater called before beeing initialized
2025-12-21 10:10:23,767 [INFO] RulesReader:64 - Compatibility file has been processed (317 Rules)
2025-12-21 10:10:23,783 [INFO] RulesReader:64 - Compatibility file has been processed (317 Rules)
2025-12-21 10:10:23,798 [INFO] CADModel:165 - CPN selected for project level
2025-12-21 10:10:23,798 [INFO] CADModel:114 - Register for checkConnection events
2025-12-21 10:10:23,798 [FATAL] Updater:351 - Updater called before beeing initialized
2025-12-21 10:10:23,798 [ERROR] CADModel:125 - Updater not yet initialized, retry later 
2025-12-21 10:10:23,971 [FATAL] Updater:351 - Updater called before beeing initialized
2025-12-21 10:10:23,972 [INFO] CADModel:165 - CPN selected for project level
2025-12-21 10:10:23,972 [INFO] CADModel:114 - Register for checkConnection events
2025-12-21 10:10:23,972 [FATAL] Updater:351 - Updater called before beeing initialized
2025-12-21 10:10:23,972 [ERROR] CADModel:125 - Updater not yet initialized, retry later 
2025-12-21 10:10:23,974 [FATAL] Updater:351 - Updater called before beeing initialized
2025-12-21 10:10:24,122 [FATAL] Updater:351 - Updater called before beeing initialized
2025-12-21 10:10:24,147 [INFO] DbMcusAds:53 - JSON generation date=Tue Dec 16 07:11:46 CST 2025 (1765840306612)
2025-12-21 10:10:24,147 [FATAL] Updater:351 - Updater called before beeing initialized
2025-12-21 10:10:24,198 [WARN] DetailPanel:346 - Failed to get advertising image, set to default
2025-12-21 10:10:24,279 [FATAL] Updater:351 - Updater called before beeing initialized
2025-12-21 10:10:24,279 [FATAL] Updater:351 - Updater called before beeing initialized
2025-12-21 10:10:24,280 [FATAL] Updater:351 - Updater called before beeing initialized
2025-12-21 10:10:24,280 [WARN] DetailPanel:346 - Failed to get advertising image, set to default
2025-12-21 10:10:24,281 [FATAL] Updater:351 - Updater called before beeing initialized
2025-12-21 10:10:24,324 [ERROR] Updater:1198 - MainUpdater not yet initialized. External WinMGr cannot be set.
2025-12-21 10:10:24,325 [INFO] Updater:1134 - Updater Version found : 6.15.0
2025-12-21 10:10:24,341 [INFO] ApplicationProperties:184 - Using Application install path: C:\ST\STM32CubeIDE_1.19.0\STM32CubeIDE\plugins\com.st.stm32cube.common.mx_6.15.0.202507011659
2025-12-21 10:10:25,934 [ERROR] LogOutputStream:75 - [STDERR_REDIRECT] Dec 21, 2025 10:10:25 AM java.util.prefs.WindowsPreferences <init>
2025-12-21 10:10:25,938 [ERROR] LogOutputStream:75 - [STDERR_REDIRECT] WARNING: Could not open/create prefs root node Software\JavaSoft\Prefs at root 0xffffffff80000002. Windows RegCreateKeyEx(...) returned error code 5.
2025-12-21 10:10:25,938 [ERROR] LogOutputStream:75 - [STDERR_REDIRECT] 
2025-12-21 10:10:26,072 [INFO] ThirdPartyUpdaterWithRetryManager:70 - Updater plugin not ready yet. [2/15]
2025-12-21 10:10:26,283 [INFO] MainUpdater:2872 - connection check result : 10
2025-12-21 10:10:26,284 [INFO] MainUpdater:289 - Updater Check For Update Now.
2025-12-21 10:10:26,284 [INFO] MicroXplorer:498 - Change Database Version : DB.6.0.150
2025-12-21 10:10:26,299 [INFO] McuFinderGlobals:63 - Set McuFinder mode to 2 (CubeIDE integrated)
2025-12-21 10:10:26,299 [INFO] UserAuth:487 - Internet connection configuration mode: 1
2025-12-21 10:10:26,366 [INFO] JxBrowserEngine:152 - Initiate JxBrowser Engine with user profile folder
2025-12-21 10:10:26,500 [INFO] CheckServerUpdateThread:120 - End of CheckServer Thread
2025-12-21 10:10:29,309 [WARN] PackLoader:240 - Cannot read IP mode file for STMicroelectronics.FP-SNS-MOTENVWB1.1.4.0
2025-12-21 10:10:29,319 [WARN] PackLoader:240 - Cannot read IP mode file for STMicroelectronics.FP-ATR-ASTRA1.2.0.2
2025-12-21 10:10:29,428 [WARN] PackLoader:240 - Cannot read IP mode file for STMicroelectronics.X-CUBE-SMBUS.2.1.0
2025-12-21 10:10:29,435 [WARN] PackLoader:240 - Cannot read IP mode file for STMicroelectronics.X-CUBE-ST60.1.0.0
2025-12-21 10:10:29,485 [WARN] PackLoader:240 - Cannot read IP mode file for STMicroelectronics.X-CUBE-AZRTOS-F7.1.1.0
2025-12-21 10:10:29,498 [WARN] PackLoader:240 - Cannot read IP mode file for STMicroelectronics.FP-SNS-MOTENV1.5.1.0
2025-12-21 10:10:29,514 [WARN] PackLoader:240 - Cannot read IP mode file for WES.I-CUBE-Cesium.1.4.0
2025-12-21 10:10:29,544 [WARN] PackLoader:240 - Cannot read IP mode file for Infineon.AIROC-Wi-Fi-Bluetooth-STM32.1.7.1
2025-12-21 10:10:29,579 [WARN] PackLoader:240 - Cannot read IP mode file for STMicroelectronics.X-CUBE-AZRTOS-H7.3.4.0
2025-12-21 10:10:29,592 [WARN] PackLoader:240 - Cannot read IP mode file for STMicroelectronics.X-CUBE-DISPLAY.3.0.0
2025-12-21 10:10:29,621 [WARN] PackLoader:240 - Cannot read IP mode file for STMicroelectronics.X-CUBE-NFC10.1.0.0
2025-12-21 10:10:29,634 [WARN] PackLoader:240 - Cannot read IP mode file for STMicroelectronics.X-CUBE-ST60.1.1.0
2025-12-21 10:10:29,642 [WARN] PackLoader:240 - Cannot read IP mode file for emotas.I-CUBE-CANOPEN.1.3.0
2025-12-21 10:10:29,648 [WARN] PackLoader:240 - Cannot read IP mode file for STMicroelectronics.X-CUBE-GNSS1.7.1.0
2025-12-21 10:10:29,683 [WARN] PackLoader:240 - Cannot read IP mode file for STMicroelectronics.FP-SNS-STBOX1.2.1.0
2025-12-21 10:10:29,692 [WARN] PackLoader:240 - Cannot read IP mode file for STMicroelectronics.FP-SNS-SMARTAG2.1.2.0
2025-12-21 10:10:29,699 [WARN] PackLoader:240 - Cannot read IP mode file for STMicroelectronics.FP-SNS-FLIGHT1.5.1.0
2025-12-21 10:10:29,711 [INFO] LogOutputStream:77 - [STDOUT_REDIRECT] 1 : Invalid condition id : UX_CORESTACK_Condition cause : null
2025-12-21 10:10:29,713 [INFO] LogOutputStream:77 - [STDOUT_REDIRECT] 1 : Invalid condition id : UX_CORESTACK_Condition cause : null
2025-12-21 10:10:29,715 [INFO] LogOutputStream:77 - [STDOUT_REDIRECT] 1 : Invalid condition id : UX_CORESTACK_Condition cause : null
2025-12-21 10:10:29,717 [INFO] LogOutputStream:77 - [STDOUT_REDIRECT] 1 : Invalid condition id : UX_CORESTACK_Condition cause : null
2025-12-21 10:10:29,719 [INFO] LogOutputStream:77 - [STDOUT_REDIRECT] 1 : Invalid condition id : UX_CORESTACK_Condition cause : null
2025-12-21 10:10:29,724 [WARN] PackLoader:240 - Cannot read IP mode file for STMicroelectronics.X-CUBE-AZRTOS-WL.2.0.0
2025-12-21 10:10:29,730 [WARN] PackLoader:240 - Cannot read IP mode file for STMicroelectronics.FP-SNS-MOTENV1.5.0.0
2025-12-21 10:10:29,754 [WARN] PackLoader:240 - Cannot read IP mode file for STMicroelectronics.X-CUBE-AZRTOS-H7RS.1.2.0
2025-12-21 10:10:29,764 [WARN] PackLoader:240 - Cannot read IP mode file for STMicroelectronics.X-CUBE-BLE2.3.3.0
2025-12-21 10:10:29,792 [WARN] PackLoader:240 - Cannot read IP mode file for STMicroelectronics.X-CUBE-NFC9.1.0.0
2025-12-21 10:10:29,799 [WARN] PackLoader:240 - Cannot read IP mode file for wolfSSL.I-CUBE-wolfSSL.5.8.2
2025-12-21 10:10:29,804 [WARN] PackLoader:240 - Cannot read IP mode file for STMicroelectronics.X-CUBE-BLE1.7.1.0
2025-12-21 10:10:29,809 [WARN] PackLoader:240 - Cannot read IP mode file for wolfSSL.I-CUBE-wolfMQTT.1.19.2
2025-12-21 10:10:29,817 [WARN] PackLoader:240 - Cannot read IP mode file for STMicroelectronics.X-CUBE-FREERTOS.1.4.0
2025-12-21 10:10:29,822 [WARN] PackLoader:240 - Cannot read IP mode file for STMicroelectronics.X-CUBE-EEPRMA1.5.2.0
2025-12-21 10:10:29,832 [WARN] PackLoader:240 - Cannot read IP mode file for STMicroelectronics.X-CUBE-ST67W61.1.1.0
2025-12-21 10:10:29,880 [WARN] PackLoader:240 - Cannot read IP mode file for STMicroelectronics.X-CUBE-MEMS1.12.0.0
2025-12-21 10:10:29,998 [WARN] PackLoader:240 - Cannot read IP mode file for STMicroelectronics.X-CUBE-AZRTOS-G0.1.1.0
2025-12-21 10:10:30,006 [WARN] PackLoader:240 - Cannot read IP mode file for STMicroelectronics.X-CUBE-SAFEA1.1.2.2
2025-12-21 10:10:30,013 [WARN] PackLoader:240 - Cannot read IP mode file for STMicroelectronics.X-CUBE-NFC4.3.0.0
2025-12-21 10:10:30,022 [WARN] PackLoader:240 - Cannot read IP mode file for EmbeddedOffice.I-CUBE-FS-RTOS.1.0.1
2025-12-21 10:10:30,028 [WARN] PackLoader:240 - Cannot read IP mode file for STMicroelectronics.X-CUBE-WB05N.2.0.0
2025-12-21 10:10:30,033 [WARN] PackLoader:240 - Cannot read IP mode file for wolfSSL.I-CUBE-wolfTPM.3.8.0
2025-12-21 10:10:30,038 [WARN] PackLoader:240 - Cannot read IP mode file for STMicroelectronics.X-CUBE-TCPP.4.2.0
2025-12-21 10:10:30,045 [WARN] PackLoader:240 - Cannot read IP mode file for RealThread.X-CUBE-RT-Thread_Nano.4.1.1
2025-12-21 10:10:30,049 [WARN] PackLoader:240 - Cannot read IP mode file for STMicroelectronics.FP-ATR-SIGFOX1.3.2.0
2025-12-21 10:10:30,057 [WARN] PackLoader:240 - Cannot read IP mode file for ITTIA_DB.I-CUBE-ITTIADB.8.9.0
2025-12-21 10:10:30,067 [WARN] PackLoader:240 - Cannot read IP mode file for STMicroelectronics.X-CUBE-ST67W61.1.0.0
2025-12-21 10:10:30,072 [WARN] PackLoader:240 - Cannot read IP mode file for STMicroelectronics.X-CUBE-AI.10.2.0
2025-12-21 10:10:30,098 [WARN] PackLoader:240 - Cannot read IP mode file for SEGGER.I-CUBE-embOS.1.3.1
2025-12-21 10:10:30,149 [WARN] PackLoader:240 - Cannot read IP mode file for STMicroelectronics.X-CUBE-ALGOBUILD.1.4.0
2025-12-21 10:10:30,192 [WARN] PackLoader:240 - Cannot read IP mode file for STMicroelectronics.X-CUBE-MEMS1.11.3.0
2025-12-21 10:10:30,339 [WARN] PackLoader:240 - Cannot read IP mode file for STMicroelectronics.X-CUBE-PM33A1.1.0.0
2025-12-21 10:10:30,356 [WARN] PackLoader:240 - Cannot read IP mode file for STMicroelectronics.X-CUBE-AZRTOS-F4.1.1.0
2025-12-21 10:10:30,362 [WARN] PackLoader:240 - Cannot read IP mode file for Avnet-IotConnect.X-CUBE-IoTC-DA16k-PMOD.1.0.0
2025-12-21 10:10:30,366 [WARN] PackLoader:240 - Cannot read IP mode file for STMicroelectronics.X-CUBE-ISPU.2.1.0
2025-12-21 10:10:30,379 [WARN] PackLoader:240 - Cannot read IP mode file for STMicroelectronics.X-CUBE-IPS.3.2.0
2025-12-21 10:10:30,424 [WARN] PackLoader:240 - Cannot read IP mode file for STMicroelectronics.X-CUBE-NFC12.1.0.0
2025-12-21 10:10:30,442 [WARN] PackLoader:240 - Cannot read IP mode file for STMicroelectronics.X-CUBE-AZRTOS-L5.2.0.0
2025-12-21 10:10:30,451 [WARN] PackLoader:240 - Cannot read IP mode file for STMicroelectronics.X-CUBE-NFC6.3.1.0
2025-12-21 10:10:30,458 [WARN] PackLoader:240 - Cannot read IP mode file for STMicroelectronics.X-CUBE-FREERTOS.1.3.1
2025-12-21 10:10:30,470 [WARN] PackLoader:240 - Cannot read IP mode file for STMicroelectronics.X-CUBE-TOUCHGFX.4.26.0
2025-12-21 10:10:30,475 [WARN] PackLoader:240 - Cannot read IP mode file for STMicroelectronics.FP-SNS-STAIOTCFT.1.0.0
2025-12-21 10:10:30,480 [WARN] PackLoader:240 - Cannot read IP mode file for STMicroelectronics.X-CUBE-DPower.1.3.0
2025-12-21 10:10:30,496 [WARN] ConditionMgr:438 - getConditionDescription Invalid condition id : LAN8742 Phy interface Condition cause : null
2025-12-21 10:10:30,496 [WARN] PackLoader:240 - Cannot read IP mode file for STMicroelectronics.X-CUBE-AZRTOS-L4.2.0.0
2025-12-21 10:10:30,498 [WARN] ConditionMgr:1044 - genDependencies : Invalid condition id : LAN8742 Phy interface Condition cause : null
2025-12-21 10:10:30,498 [WARN] ConditionMgr:1044 - genDependencies : Invalid condition id : LAN8742 Phy interface Condition cause : null
2025-12-21 10:10:30,498 [WARN] ConditionMgr:1044 - genDependencies : Invalid condition id : LAN8742 Phy interface Condition cause : null
2025-12-21 10:10:30,505 [WARN] PackLoader:240 - Cannot read IP mode file for STMicroelectronics.X-CUBE-SFXS2LP1.4.0.0
2025-12-21 10:10:30,516 [WARN] PackLoader:240 - Cannot read IP mode file for STMicroelectronics.X-CUBE-BLEMGR.4.1.0
2025-12-21 10:10:30,532 [WARN] ConditionMgr:438 - getConditionDescription Invalid condition id : UX DEVICE CLASS RTOS Condition cause : null
2025-12-21 10:10:30,533 [WARN] ConditionMgr:438 - getConditionDescription Invalid condition id : UX DEVICE CLASS RTOS Condition cause : null
2025-12-21 10:10:30,535 [WARN] PackLoader:240 - Cannot read IP mode file for STMicroelectronics.X-CUBE-AZRTOS-WB.2.0.0
2025-12-21 10:10:30,536 [WARN] ConditionMgr:1044 - genDependencies : Invalid condition id : UX DEVICE CLASS RTOS Condition cause : null
2025-12-21 10:10:30,536 [WARN] ConditionMgr:1044 - genDependencies : Invalid condition id : UX DEVICE CLASS RTOS Condition cause : null
2025-12-21 10:10:30,536 [WARN] ConditionMgr:1044 - genDependencies : Invalid condition id : UX DEVICE CLASS RTOS Condition cause : null
2025-12-21 10:10:30,536 [WARN] ConditionMgr:1044 - genDependencies : Invalid condition id : UX DEVICE CLASS RTOS Condition cause : null
2025-12-21 10:10:30,536 [WARN] ConditionMgr:1044 - genDependencies : Invalid condition id : UX DEVICE CLASS RTOS Condition cause : null
2025-12-21 10:10:30,542 [WARN] PackLoader:240 - Cannot read IP mode file for STMicroelectronics.X-CUBE-GNSS1.7.0.1
2025-12-21 10:10:30,546 [WARN] PackLoader:240 - Cannot read IP mode file for STMicroelectronics.X-CUBE-TOUCHGFX.4.25.0
2025-12-21 10:10:30,550 [WARN] ConditionMgr:438 - getConditionDescription Invalid condition id : Cortex-A Device cause : null
2025-12-21 10:10:30,560 [WARN] ConditionMgr:1044 - genDependencies : Invalid condition id : Cortex-A Device cause : null
2025-12-21 10:10:30,560 [WARN] ConditionMgr:1044 - genDependencies : Invalid condition id : Cortex-A Device cause : null
2025-12-21 10:10:30,560 [WARN] ConditionMgr:1044 - genDependencies : Invalid condition id : Cortex-A Device cause : null
2025-12-21 10:10:30,572 [WARN] PackLoader:240 - Cannot read IP mode file for STMicroelectronics.X-CUBE-SUBG2.5.0.0
2025-12-21 10:10:30,591 [WARN] PackLoader:240 - Cannot read IP mode file for STMicroelectronics.X-CUBE-AZRTOS-H7RS.1.1.0
2025-12-21 10:10:30,597 [WARN] PackLoader:240 - Cannot read IP mode file for Cesanta.I-CUBE-Mongoose.7.13.0
2025-12-21 10:10:30,610 [WARN] PackLoader:240 - Cannot read IP mode file for STMicroelectronics.X-CUBE-AZRTOS-G4.2.0.0
2025-12-21 10:10:30,615 [WARN] PackLoader:240 - Cannot read IP mode file for wolfSSL.I-CUBE-wolfSSH.1.4.20
2025-12-21 10:10:30,620 [WARN] PackLoader:240 - Cannot read IP mode file for STMicroelectronics.X-CUBE-NFC7.2.0.0
2025-12-21 10:10:30,630 [WARN] PackLoader:240 - Cannot read IP mode file for STMicroelectronics.X-CUBE-IPS.3.1.0
2025-12-21 10:10:30,639 [INFO] WebApp:169 - Instantiating new browser for Auth
2025-12-21 10:10:30,639 [WARN] PackLoader:240 - Cannot read IP mode file for STMicroelectronics.X-CUBE-ALS.1.0.2
2025-12-21 10:10:30,645 [WARN] PackLoader:240 - Cannot read IP mode file for STMicroelectronics.X-CUBE-STSE01.1.0.0
2025-12-21 10:10:30,656 [WARN] PackLoader:240 - Cannot read IP mode file for STMicroelectronics.X-CUBE-TOF1.3.4.3
2025-12-21 10:10:30,666 [INFO] ThirdParty:978 - Integrity check success = true
2025-12-21 10:10:30,666 [INFO] IntegrityCheckThread:100 - exiting critical section [integrity check]
2025-12-21 10:10:30,666 [INFO] IntegrityCheckThread:103 - End integrity checks thread
2025-12-21 10:10:31,762 [INFO] WebApp:463 - Apply proxy settings
2025-12-21 10:10:31,763 [INFO] WebApp:548 - Chromium requires no authentication
2025-12-21 10:10:31,768 [INFO] WebApp:491 - Direct internet connection detected
2025-12-21 10:10:31,782 [INFO] WebApp:900 - Register for checkConnection events
2025-12-21 10:10:31,782 [INFO] WebApp:463 - Apply proxy settings
2025-12-21 10:10:31,782 [INFO] WebApp:548 - Chromium requires no authentication
2025-12-21 10:10:31,783 [INFO] WebApp:491 - Direct internet connection detected
2025-12-21 10:10:31,902 [INFO] WebApp:225 - Starting web application
2025-12-21 10:10:31,902 [INFO] WebApp:593 - Web application path used C:\ST\STM32CubeIDE_1.19.0\STM32CubeIDE\plugins\com.st.stm32cube.common.mx_6.15.0.202507011659\db\plugins\mcufinder\reactClient1\index.html
2025-12-21 10:10:31,969 [INFO] UserAuth:487 - Internet connection configuration mode: 1
2025-12-21 10:10:32,093 [INFO] WebApp:191 - Connection restablished
2025-12-21 10:11:40,422 [INFO] McuFinderGlobals:63 - Set McuFinder mode to 2 (CubeIDE integrated)
2025-12-21 10:11:40,427 [INFO] MainUpdater:2872 - connection check result : 10
2025-12-21 10:11:40,427 [INFO] MainUpdater:2872 - connection check result : 10
2025-12-21 10:11:40,451 [INFO] MicroXplorer:468 - Change Database Path : 
2025-12-21 10:11:40,451 [INFO] MicroXplorer:498 - Change Database Version : DB.6.0.150
2025-12-21 10:11:40,467 [WARN] ThirdParty:871 - waiting for thirdparty lock release [close project]
2025-12-21 10:11:40,467 [INFO] ThirdParty:873 - entering critical section [close project]
2025-12-21 10:11:40,468 [INFO] ThirdParty:883 - exiting critical section [close project]
2025-12-21 10:11:40,471 [INFO] PinOutPanel:1589 - setPackage(No Configuration,No Configuration)
2025-12-21 10:11:40,472 [INFO] UtilMem:75 - Begin LoadConfig() Used Memory: 358892720 Bytes (439353344)
2025-12-21 10:11:40,474 [INFO] MicroXplorer:468 - Change Database Path : 
2025-12-21 10:11:40,474 [INFO] MicroXplorer:498 - Change Database Version : DB.6.0.150
2025-12-21 10:11:40,474 [INFO] OpenFileManager:355 - Change cursor
2025-12-21 10:11:40,492 [INFO] Mcu:2029 - Initializing MCU STM32L476R(C-E-G)Tx STM32L476RGTx STM32L476RGT3
2025-12-21 10:11:42,681 [INFO] Context:786 - Trying to add GPIOservice into a context  which must be forbidden
2025-12-21 10:11:43,200 [INFO] ImportTextPane:234 - (OptionalMessage_ERROR) Pin3 (VP_RIF_VS_RIF1) cannot be retrieved for this MCU
2025-12-21 10:11:43,429 [INFO] RtosManager:558 - Registered RTOS mode: class=CMSIS, group=RTOS, mode=CMSIS_V1, owner=FREERTOS
2025-12-21 10:11:43,430 [INFO] RtosManager:558 - Registered RTOS mode: class=CMSIS, group=RTOS2, mode=CMSIS_V2, owner=FREERTOS
2025-12-21 10:11:43,430 [INFO] RtosManager:558 - Registered RTOS mode: class=RTOS, group=Core, mode=CMSIS_V1, owner=FREERTOS
2025-12-21 10:11:43,430 [INFO] RtosManager:558 - Registered RTOS mode: class=RTOS, group=Core, mode=CMSIS_V2, owner=FREERTOS
2025-12-21 10:11:43,430 [WARN] ModelIntegratedComponent:184 - Missing modes for component STMicroelectronics:FreeRTOS:0.0.1:STMicroelectronics:RTOS:FreeRTOS:Core:::10.2.0:
2025-12-21 10:11:43,446 [WARN] ModelIntegratedComponent:63 - No mode defined for component null
2025-12-21 10:11:43,446 [WARN] ModelIntegratedComponent:63 - No mode defined for component null
2025-12-21 10:11:43,446 [WARN] ModelIntegratedComponent:63 - No mode defined for component null
2025-12-21 10:11:43,447 [WARN] ModelIntegratedComponent:63 - No mode defined for component null
2025-12-21 10:11:43,447 [WARN] ModelIntegratedComponent:63 - No mode defined for component null
2025-12-21 10:11:43,447 [WARN] ModelIntegratedComponent:63 - No mode defined for component null
2025-12-21 10:11:43,447 [WARN] ModelIntegratedComponent:63 - No mode defined for component null
2025-12-21 10:11:43,447 [WARN] ModelIntegratedComponent:63 - No mode defined for component null
2025-12-21 10:11:43,447 [WARN] ModelIntegratedComponent:63 - No mode defined for component null
2025-12-21 10:11:43,447 [WARN] ModelIntegratedComponent:63 - No mode defined for component null
2025-12-21 10:11:43,447 [WARN] ModelIntegratedComponent:63 - No mode defined for component null
2025-12-21 10:11:43,447 [WARN] ModelIntegratedComponent:63 - No mode defined for component null
2025-12-21 10:11:43,447 [WARN] ModelIntegratedComponent:63 - No mode defined for component null
2025-12-21 10:11:43,447 [WARN] ModelIntegratedComponent:63 - No mode defined for component null
2025-12-21 10:11:43,447 [WARN] ModelIntegratedComponent:63 - No mode defined for component null
2025-12-21 10:11:43,447 [WARN] ModelIntegratedComponent:63 - No mode defined for component null
2025-12-21 10:11:43,447 [WARN] ModelIntegratedComponent:63 - No mode defined for component null
2025-12-21 10:11:43,447 [WARN] ModelIntegratedComponent:63 - No mode defined for component null
2025-12-21 10:11:43,447 [WARN] ModelIntegratedComponent:63 - No mode defined for component null
2025-12-21 10:11:43,447 [WARN] ModelIntegratedComponent:63 - No mode defined for component null
2025-12-21 10:11:43,447 [WARN] ModelIntegratedComponent:63 - No mode defined for component null
2025-12-21 10:11:43,447 [WARN] ModelIntegratedComponent:63 - No mode defined for component null
2025-12-21 10:11:43,447 [WARN] ModelIntegratedComponent:63 - No mode defined for component null
2025-12-21 10:11:43,448 [WARN] ModelIntegratedComponent:63 - No mode defined for component null
2025-12-21 10:11:43,448 [WARN] ModelIntegratedComponent:63 - No mode defined for component null
2025-12-21 10:11:43,448 [WARN] ModelIntegratedComponent:63 - No mode defined for component null
2025-12-21 10:11:43,448 [WARN] ModelIntegratedComponent:63 - No mode defined for component null
2025-12-21 10:11:43,448 [WARN] ModelIntegratedComponent:63 - No mode defined for component null
2025-12-21 10:11:43,448 [WARN] ModelIntegratedComponent:63 - No mode defined for component null
2025-12-21 10:11:43,448 [WARN] ModelIntegratedComponent:63 - No mode defined for component null
2025-12-21 10:11:43,448 [WARN] ModelIntegratedComponent:63 - No mode defined for component null
2025-12-21 10:11:43,448 [WARN] ModelIntegratedComponent:63 - No mode defined for component null
2025-12-21 10:11:43,448 [WARN] ModelIntegratedComponent:63 - No mode defined for component null
2025-12-21 10:11:43,448 [WARN] ModelIntegratedComponent:63 - No mode defined for component null
2025-12-21 10:11:43,448 [WARN] ModelIntegratedComponent:63 - No mode defined for component null
2025-12-21 10:11:43,448 [WARN] ModelPack:524 - Component already loaded: STMicroelectronics:HAL Drivers:0.0.0:STMicroelectronics:Device:STMicro_Driver:XSPI:HAL::0.0.1:HAL_XSPI
2025-12-21 10:11:43,533 [INFO] ThirdPartyModel:298 - Start build external matchings
2025-12-21 10:11:44,150 [INFO] ThirdPartyModel:316 - End build external matchings
2025-12-21 10:11:46,075 [INFO] ApiDb:581 - Connected to CubeFinder SQLite database (C:\Users\user\.stmcufinder\plugins\mcufinder\mcu\cube-finder-db.db)
2025-12-21 10:11:46,138 [INFO] ApiDb:668 - CubeFinder database Data Model version=2.1
2025-12-21 10:11:46,138 [INFO] ApiDb:669 - CubeFinder database Configuration version=3.0.39
2025-12-21 10:11:46,138 [INFO] ApiDb:670 - CubeFinder database generation date=2025-11-05 (1762334721)
2025-12-21 10:11:46,138 [INFO] ApiDb:671 - CubeFinder database FW Pack versions=[FP-ATR-ASTRA1_V2.0.0, FP-SNS-FLIGHT1_V5.1.0, FP-SNS-MOTENV1_V5.1.0, FP-SNS-MOTENVWB1_V1.4.0, FP-SNS-SMARTAG2_V1.2.0, FP-SNS-STBOX1_V2.1.0, STM32Cube_FW_C0_V1.4.0, STM32Cube_FW_F4_V1.28.3, STM32Cube_FW_F7_V1.17.4, STM32Cube_FW_G0_V1.6.2, STM32Cube_FW_G4_V1.6.1, STM32Cube_FW_H5_V1.5.1, STM32Cube_FW_H7RS_V1.3.0, STM32Cube_FW_H7_V1.12.1, STM32Cube_FW_L0_V1.12.2, STM32Cube_FW_L4_V1.18.1, STM32Cube_FW_L5_V1.6.0, STM32Cube_FW_N6_V1.3.0, STM32Cube_FW_U0_V1.3.0, STM32Cube_FW_U3_V1.2.1, STM32Cube_FW_U5_V1.8.0, STM32Cube_FW_WB0_V1.4.0, STM32Cube_FW_WBA_V1.8.0, STM32Cube_FW_WB_V1.24.0, STM32Cube_FW_WL3_V1.3.0, STM32Cube_FW_WL_V1.4.0, X-CUBE-ALGOBUILD_V1.4.0, X-CUBE-ALS_V1.0.2, X-CUBE-AZRTOS-F4_V1.1.0, X-CUBE-AZRTOS-F7_V1.1.0, X-CUBE-AZRTOS-G0_V1.1.0, X-CUBE-AZRTOS-G4_V2.0.0, X-CUBE-AZRTOS-H7RS_V1.1.0, X-CUBE-AZRTOS-H7_V3.4.0, X-CUBE-AZRTOS-L4_V2.0.0, X-CUBE-AZRTOS-L5_V2.0.0, X-CUBE-AZRTOS-WB_V2.0.0, X-CUBE-AZRTOS-WL_V2.0.0, X-CUBE-BLE1_V7.1.0, X-CUBE-BLE2_V3.3.0, X-CUBE-BLEMGR_V4.1.0, X-CUBE-EEPRMA1_V5.2.0, X-CUBE-FREERTOS_V1.3.1, X-CUBE-GNSS1_V6.0.0, X-CUBE-MEMS1_V11.3.0, X-CUBE-NFC4_V3.0.0, X-CUBE-NFC7_V2.0.0, X-CUBE-SFXS2LP1_V4.0.0, X-CUBE-ST67W61_V1.1.0, X-CUBE-SUBG2_V5.0.0, X-CUBE-TOF1_V3.4.3]
2025-12-21 10:11:46,195 [INFO] DbBoardsSqlite:226 - include board P-NUCLEO-WB55-NUCLEO as a kit item of type 'Nucleo-64'
2025-12-21 10:11:46,196 [INFO] DbBoardsSqlite:226 - include board P-NUCLEO-WB55-USBDONGLE as a kit item of type 'Nucleo USB Dongle'
2025-12-21 10:11:46,196 [INFO] DbBoardsSqlite:226 - include board STEVAL-IDP005V1 as a kit item of type 'Evaluation Board'
2025-12-21 10:11:46,196 [INFO] DbBoardsSqlite:226 - include board STEVAL-IDP005V2 as a kit item of type 'Evaluation Board'
2025-12-21 10:11:46,258 [INFO] ApiDb:240 - Found 880 in-development CPN: [B-G473E-ZEST1S, B-WB1M-WPAN1, B-WBA5M-WPAN, B-WL5M-SUBG1, NUCLEO-C031C6, NUCLEO-C051C8, NUCLEO-C071RB, NUCLEO-C092RC, NUCLEO-H503RB, NUCLEO-H533RE, NUCLEO-H563ZI, NUCLEO-H7S3L8, NUCLEO-N657X0-Q, NUCLEO-U031R8, NUCLEO-U083RC, NUCLEO-U385RG-Q, NUCLEO-U545RE-Q, NUCLEO-U5A5ZJ-Q, NUCLEO-WB05KZ, NUCLEO-WB07CC, NUCLEO-WB09KE, NUCLEO-WBA52CG, NUCLEO-WBA55CG, NUCLEO-WL33CC1, NUCLEO-WL33CC2, STEVAL-PROTEUS1, STEVAL-SMARTAG2, STEVAL-STWINBX1, STM320518-EVAL, STM32C0116-DK, STM32C011D6Y3TR, STM32C011D6Y6TR, STM32C011F4P3, STM32C011F4P6, STM32C011F4U3, STM32C011F4U6TR, STM32C011F6P3, STM32C011F6P6, STM32C011F6U3, STM32C011F6U6TR, STM32C011J4M3, STM32C011J4M6, STM32C011J6M3, STM32C011J6M6, STM32C0316-DK, STM32C031C4T3, STM32C031C4T6, STM32C031C4U3, STM32C031C4U6, STM32C031C6T3, STM32C031C6T6, STM32C031C6U3, STM32C031C6U6, STM32C031F4P3, STM32C031F4P6, STM32C031F6P3, STM32C031F6P6, STM32C031G4U3, STM32C031G4U6, STM32C031G6U3, STM32C031G6U6, STM32C031K4T3, STM32C031K4T6, STM32C031K4U3, STM32C031K4U6, STM32C031K6T3, STM32C031K6T6, STM32C031K6U3, STM32C031K6U6, STM32C051C6T6, STM32C051C6U6, STM32C051C8T6, STM32C051C8U6, STM32C051D8Y6TR, STM32C051F6P6, STM32C051F8P6, STM32C051G6U6, STM32C051G8U6, STM32C051K6T6, STM32C051K6U6, STM32C051K8T6, STM32C071C8T6, STM32C071C8T6N, STM32C071C8U6, STM32C071C8U6N, STM32C071CBT6, STM32C071CBT6N, STM32C071CBU6, STM32C071CBU6N, STM32C071F8P6, STM32C071F8P6N, STM32C071FBP6, STM32C071FBP6N, STM32C071FBY6TR, STM32C071G8U6, STM32C071G8U6N, STM32C071GBU6, STM32C071GBU6N, STM32C071K8T6, STM32C071K8T6N, STM32C071K8U6, STM32C071K8U6N, STM32C071KBT6, STM32C071KBT6N, STM32C071KBU6, STM32C071KBU6N, STM32C071R8T6, STM32C071R8T6N, STM32C071RBI6N, STM32C071RBT6, STM32C071RBT6N, STM32C091CBT6, STM32C091CBU6, STM32C091CCT6, STM32C091CCU6, STM32C091ECY6TR, STM32C091FBP6, STM32C091FCP6, STM32C091GBU6, STM32C091GCU6, STM32C091KBT6, STM32C091KBU6, STM32C091KCT6, STM32C091KCU6, STM32C091RBT6, STM32C091RCI6, STM32C091RCT6, STM32C092CBT6, STM32C092CBU6, STM32C092CCT6, STM32C092CCU6, STM32C092ECY6TR, STM32C092FBP6, STM32C092FCP6, STM32C092GBU6, STM32C092GCU6, STM32C092KBT6, STM32C092KBU6, STM32C092KCT6, STM32C092KCU6, STM32C092RBT6, STM32C092RCI6, STM32C092RCT6, STM32G071K8TXN, STM32G071K8UXN, STM32G081GBU6N, STM32G081KBT6N, STM32G081KBUXN, STM32G0B1CCT6N, STM32G0B1KCT6, STM32G0B1NEY6TR, STM32G0B1RCT6N, STM32G0C1CCT6, STM32G0C1CCT6N, STM32G0C1CCU6N, STM32G0C1CET6N, STM32G0C1CEU6N, STM32G0C1KCT6, STM32G0C1NEY6TR, STM32G0C1RCI6N, STM32G0C1RCT6N, STM32G0C1REI6N, STM32G0C1RET6N, STM32G0C1VCI6, STM32G0C1VEI6, STM32G411C6T3, STM32G411C6T6, STM32G411C6U3, STM32G411C6U6, STM32G411C8T3, STM32G411C8T6, STM32G411C8U3, STM32G411C8U6, STM32G411CBT3, STM32G411CBT6, STM32G411CBU3, STM32G411CBU6, STM32G411K6T3, STM32G411K6T6, STM32G411K6U3, STM32G411K6U6, STM32G411K8T3, STM32G411K8T6, STM32G411K8U3, STM32G411K8U6, STM32G411KBT3, STM32G411KBT6, STM32G411KBU3, STM32G411KBU6, STM32G411M6T3, STM32G411M6T6, STM32G411M8T3, STM32G411M8T6, STM32G411MBT3, STM32G411MBT6, STM32G411R6T3, STM32G411R6T6, STM32G411R8T3, STM32G411R8T6, STM32G411RBT3, STM32G411RBT6, STM32G414CBT3, STM32G414CBT6, STM32G414CBU3, STM32G414CBU6, STM32G414CCT3, STM32G414CCT6, STM32G414CCU3, STM32G414CCU6, STM32G414MBT3, STM32G414MBT6, STM32G414MCT3, STM32G414MCT6, STM32G414RBT3, STM32G414RBT6, STM32G414RCT3, STM32G414RCT6, STM32G414VBT3, STM32G414VBT6, STM32G414VCT3, STM32G414VCT6, STM32G431CBT3Z, STM32G431RBT3Z, STM32G471CCT6, STM32G471CCU6, STM32G471CET3, STM32G471CET6, STM32G471CEU3, STM32G471CEU6, STM32G471MCT6, STM32G471MET3, STM32G471MET6, STM32G471MEY6TR, STM32G471QCT6, STM32G471QET3, STM32G471RCT6, STM32G471RET3, STM32G471RET6, STM32G471VCH6, STM32G471VCI6, STM32G471VCT6, STM32G471VEH3, STM32G471VEH6, STM32G471VEI3, STM32G471VEI6, STM32G471VET3, STM32G471VET6, STM32G473QET3Z, STM32G473RET3Z, STM32G474CCT6, STM32G491RET3Z, STM32H503CBT6, STM32H503CBU6, STM32H503EBY6TR, STM32H503KBU6, STM32H503RBT6, STM32H523CCT6, STM32H523CCU6, STM32H523CET6, STM32H523CEU6, STM32H523HEY6TR, STM32H523RCT6, STM32H523RET6, STM32H523VCI6, STM32H523VCT6, STM32H523VEI6, STM32H523VET6, STM32H523ZCJ6, STM32H523ZCT6, STM32H523ZEJ6, STM32H523ZET6, STM32H533CET6, STM32H533CEU6, STM32H533HEY6TR, STM32H533RET6, STM32H533VEI6, STM32H533VET6, STM32H533ZEJ6, STM32H533ZET6, STM32H562AGI6, STM32H562AII6, STM32H562IGK6, STM32H562IGT6, STM32H562IIK6, STM32H562IIT6, STM32H562RGT6, STM32H562RGV6, STM32H562RIT6, STM32H562RIV6, STM32H562VGT6, STM32H562VIT6, STM32H562ZGT6, STM32H562ZIT6, STM32H563AGI6, STM32H563AII3Q, STM32H563AII6, STM32H563IGK6, STM32H563IGT6, STM32H563IIK3Q, STM32H563IIK6, STM32H563IIT3Q, STM32H563IIT6, STM32H563MIY3QTR, STM32H563RGT6, STM32H563RGV6, STM32H563RIT6, STM32H563RIV6, STM32H563VGT6, STM32H563VIT3Q, STM32H563VIT6, STM32H563ZGT6, STM32H563ZIT3Q, STM32H563ZIT6, STM32H573AII3Q, STM32H573AII6, STM32H573I-DK, STM32H573IIK3Q, STM32H573IIK6, STM32H573IIT3Q, STM32H573IIT6, STM32H573MIY3QTR, STM32H573RIT6, STM32H573RIV6, STM32H573VIT3Q, STM32H573VIT6, STM32H573ZIT3Q, STM32H573ZIT6, STM32H7R3A8I6, STM32H7R3I8K6, STM32H7R3I8T6, STM32H7R3L8H6, STM32H7R3L8H6H, STM32H7R3R8V6, STM32H7R3V8H6, STM32H7R3V8T6, STM32H7R3V8Y6TR, STM32H7R3Z8J6, STM32H7R3Z8T6, STM32H7R7A8I6, STM32H7R7I8K6, STM32H7R7I8T6, STM32H7R7L8H6, STM32H7R7L8H6H, STM32H7R7Z8J6, STM32H7S3A8I6, STM32H7S3I8K6, STM32H7S3I8T6, STM32H7S3L8H6, STM32H7S3L8H6H, STM32H7S3R8V6, STM32H7S3V8H6, STM32H7S3V8T6, STM32H7S3V8Y6TR, STM32H7S3Z8J6, STM32H7S3Z8T6, STM32H7S78-DK, STM32H7S7A8I6, STM32H7S7I8K6, STM32H7S7I8T6, STM32H7S7L8H6, STM32H7S7L8H6H, STM32H7S7Z8J6, STM32L4R5QGI6STR, STM32MP131AAE3, STM32MP131AAF3, STM32MP131AAG3, STM32MP131CAE3, STM32MP131CAF3, STM32MP131CAG3, STM32MP131DAE7, STM32MP131DAF7, STM32MP131DAG7, STM32MP131FAE7, STM32MP131FAF7, STM32MP131FAG7, STM32MP133AAE3, STM32MP133AAF3, STM32MP133AAG3, STM32MP133CAE3, STM32MP133CAF3, STM32MP133CAG3, STM32MP133DAE7, STM32MP133DAF7, STM32MP133DAG7, STM32MP133FAE7, STM32MP133FAF7, STM32MP133FAG7, STM32MP135AAE3, STM32MP135AAF3, STM32MP135AAG3, STM32MP135CAE3, STM32MP135CAF3, STM32MP135CAG3, STM32MP135DAE7, STM32MP135DAF7, STM32MP135DAG7, STM32MP135F-DK, STM32MP135FAE7, STM32MP135FAF7, STM32MP135FAF7T, STM32MP135FAF7U, STM32MP135FAG7, STM32MP211AAL3, STM32MP211AAM3, STM32MP211AAN3, STM32MP211AAO3, STM32MP211CAL3, STM32MP211CAM3, STM32MP211CAN3, STM32MP211CAO3, STM32MP211DAL3, STM32MP211DAM3, STM32MP211DAN3, STM32MP211DAO3, STM32MP211FAL3, STM32MP211FAM3, STM32MP211FAN3, STM32MP211FAO3, STM32MP213AAL3, STM32MP213AAM3, STM32MP213AAN3, STM32MP213AAO3, STM32MP213CAL3, STM32MP213CAM3, STM32MP213CAN3, STM32MP213CAO3, STM32MP213DAL3, STM32MP213DAM3, STM32MP213DAN3, STM32MP213DAO3, STM32MP213FAL3, STM32MP213FAM3, STM32MP213FAN3, STM32MP213FAO3, STM32MP215AAL3, STM32MP215AAM3, STM32MP215AAN3, STM32MP215AAO3, STM32MP215CAL3, STM32MP215CAM3, STM32MP215CAN3, STM32MP215CAO3, STM32MP215DAL3, STM32MP215DAM3, STM32MP215DAN3, STM32MP215DAO3, STM32MP215F-DK, STM32MP215FAL3, STM32MP215FAM3, STM32MP215FAN3, STM32MP215FAO3, STM32MP231AAJ3, STM32MP231AAK3, STM32MP231AAL3, STM32MP231CAJ3, STM32MP231CAK3, STM32MP231CAL3, STM32MP231DAJ3, STM32MP231DAK3, STM32MP231DAL3, STM32MP231FAJ3, STM32MP231FAK3, STM32MP231FAL3, STM32MP233AAJ3, STM32MP233AAK3, STM32MP233AAL3, STM32MP233CAJ3, STM32MP233CAK3, STM32MP233CAL3, STM32MP233DAJ3, STM32MP233DAK3, STM32MP233DAL3, STM32MP233FAJ3, STM32MP233FAK3, STM32MP233FAL3, STM32MP235AAJ3, STM32MP235AAK3, STM32MP235AAL3, STM32MP235CAJ3, STM32MP235CAK3, STM32MP235CAL3, STM32MP235DAJ3, STM32MP235DAK3, STM32MP235DAL3, STM32MP235FAJ3, STM32MP235FAK3, STM32MP235FAL3, STM32MP251AAI3, STM32MP251AAK3, STM32MP251AAL3, STM32MP251CAI3, STM32MP251CAK3, STM32MP251CAL3, STM32MP251DAI3, STM32MP251DAK3, STM32MP251DAL3, STM32MP251FAI3, STM32MP251FAK3, STM32MP251FAL3, STM32MP253AAI3, STM32MP253AAK3, STM32MP253AAL3, STM32MP253CAI3, STM32MP253CAK3, STM32MP253CAL3, STM32MP253DAI3, STM32MP253DAK3, STM32MP253DAL3, STM32MP253FAI3, STM32MP253FAK3, STM32MP253FAL3, STM32MP255AAI3, STM32MP255AAK3, STM32MP255AAL3, STM32MP255CAI3, STM32MP255CAK3, STM32MP255CAL3, STM32MP255DAI3, STM32MP255DAK3, STM32MP255DAL3, STM32MP255FAI3, STM32MP255FAK3, STM32MP255FAL3, STM32MP257AAI3, STM32MP257AAK3, STM32MP257AAL3, STM32MP257CAI3, STM32MP257CAK3, STM32MP257CAL3, STM32MP257DAI3, STM32MP257DAK3, STM32MP257DAL3, STM32MP257F-DK, STM32MP257F-EV1, STM32MP257FAI3, STM32MP257FAK3, STM32MP257FAL3, STM32N645A0H3Q, STM32N645B0H3Q, STM32N645I0H3Q, STM32N645L0H3Q, STM32N645X0H3Q, STM32N645Z0H3Q, STM32N647A0H3Q, STM32N647B0H3Q, STM32N647I0H3Q, STM32N647L0H3Q, STM32N647X0H3Q, STM32N647Z0H3Q, STM32N655A0H3Q, STM32N655B0H3Q, STM32N655I0H3Q, STM32N655L0H3Q, STM32N655X0H3Q, STM32N655Z0H3Q, STM32N6570-DK, STM32N657A0H3Q, STM32N657B0H3Q, STM32N657I0H3Q, STM32N657L0H3Q, STM32N657X0H3Q, STM32N657Z0H3Q, STM32U031C6T6, STM32U031C6U6, STM32U031C8T6, STM32U031C8U6, STM32U031F4P6, STM32U031F6P6, STM32U031F8P6, STM32U031G6Y6TR, STM32U031G8Y6TR, STM32U031K4U6, STM32U031K6U6, STM32U031K8U6, STM32U031R6I6, STM32U031R6T6, STM32U031R8I6, STM32U031R8T6, STM32U073C8T6, STM32U073C8U6, STM32U073CBT6, STM32U073CBU6, STM32U073CCT6, STM32U073CCU6, STM32U073H8Y6TR, STM32U073HBY6TR, STM32U073HCY6TR, STM32U073K8U6, STM32U073KBU6, STM32U073KCU6, STM32U073M8I6, STM32U073M8T6, STM32U073MBI6, STM32U073MBT6, STM32U073MCI6, STM32U073MCT6, STM32U073R8I6, STM32U073R8T6, STM32U073RBI6, STM32U073RBT6, STM32U073RCI6, STM32U073RCT6, STM32U083C-DK, STM32U083CCT6, STM32U083CCU6, STM32U083HCY6TR, STM32U083KCU6, STM32U083MCI6, STM32U083MCT6, STM32U083RCI6, STM32U083RCT6, STM32U375CET6, STM32U375CET6Q, STM32U375CEU6, STM32U375CEU6Q, STM32U375CEY6QTR, STM32U375CGT6, STM32U375CGT6Q, STM32U375CGU6, STM32U375CGU6Q, STM32U375CGY6QTR, STM32U375KEU6, STM32U375KGU6, STM32U375REI6, STM32U375REI6Q, STM32U375RET6, STM32U375RET6Q, STM32U375REY6GTR, STM32U375REY6QTR, STM32U375RGI6, STM32U375RGI6Q, STM32U375RGT6, STM32U375RGT6Q, STM32U375RGY6GTR, STM32U375RGY6QTR, STM32U375VEI6, STM32U375VEI6Q, STM32U375VET6, STM32U375VET6Q, STM32U375VGI6, STM32U375VGI6Q, STM32U375VGT6, STM32U375VGT6Q, STM32U385CGT6, STM32U385CGT6Q, STM32U385CGU6, STM32U385CGU6Q, STM32U385CGY6QTR, STM32U385KGU6, STM32U385RGI6, STM32U385RGI6Q, STM32U385RGT6, STM32U385RGT6Q, STM32U385RGY6GTR, STM32U385RGY6QTR, STM32U385VGI6, STM32U385VGI6Q, STM32U385VGT6, STM32U385VGT6Q, STM32U535CBT6, STM32U535CBT6Q, STM32U535CBU6, STM32U535CBU6Q, STM32U535CCT6, STM32U535CCT6Q, STM32U535CCU6, STM32U535CCU6Q, STM32U535CET6, STM32U535CET6Q, STM32U535CEU6, STM32U535CEU6Q, STM32U535JEY6QTR, STM32U535NCY6QTR, STM32U535NEY6QTR, STM32U535RBI6, STM32U535RBI6Q, STM32U535RBT6, STM32U535RBT6Q, STM32U535RCI6, STM32U535RCI6Q, STM32U535RCT6, STM32U535RCT6Q, STM32U535REI6, STM32U535REI6Q, STM32U535RET6, STM32U535RET6Q, STM32U535VCI6, STM32U535VCI6Q, STM32U535VCT6, STM32U535VCT6Q, STM32U535VEI6, STM32U535VEI6Q, STM32U535VET6, STM32U535VET6Q, STM32U545CET6, STM32U545CET6Q, STM32U545CEU6, STM32U545CEU6Q, STM32U545JEY6QTR, STM32U545NEY6QTR, STM32U545REI6, STM32U545REI6Q, STM32U545RET6, STM32U545RET6Q, STM32U545VEI6, STM32U545VEI6Q, STM32U545VET6, STM32U545VET6Q, STM32U595AIH6, STM32U595AIH6Q, STM32U595AJH6, STM32U595AJH6Q, STM32U595QII6, STM32U595QII6Q, STM32U595QJI6, STM32U595QJI6Q, STM32U595RIT6, STM32U595RIT6Q, STM32U595RJT6, STM32U595RJT6Q, STM32U595VIT6, STM32U595VIT6Q, STM32U595VJT6, STM32U595VJT6Q, STM32U595ZIT6, STM32U595ZIT6Q, STM32U595ZIY6QTR, STM32U595ZJT6, STM32U595ZJT6Q, STM32U595ZJY6QTR, STM32U599BJY6QTR, STM32U599NIH6Q, STM32U599NJH6Q, STM32U599VIT6Q, STM32U599VJT6, STM32U599VJT6Q, STM32U599ZIT6Q, STM32U599ZIY6QTR, STM32U599ZJT6Q, STM32U599ZJY6QTR, STM32U5A5AJH6, STM32U5A5AJH6Q, STM32U5A5QII3Q , STM32U5A5QJI6, STM32U5A5QJI6Q, STM32U5A5RJT6, STM32U5A5RJT6Q, STM32U5A5VJT6, STM32U5A5VJT6Q, STM32U5A5ZJT6, STM32U5A5ZJT6Q, STM32U5A5ZJY6QTR, STM32U5A9BJY6QTR, STM32U5A9J-DK, STM32U5A9NJH6Q, STM32U5A9VJT6Q, STM32U5A9ZJT6Q, STM32U5A9ZJY6QTR, STM32U5F7VIT6, STM32U5F7VIT6Q, STM32U5F7VJT6, STM32U5F7VJT6Q, STM32U5F9BJY6QTR, STM32U5F9NJH6Q, STM32U5F9VIT6Q, STM32U5F9VJT6Q, STM32U5F9ZIJ6QTR, STM32U5F9ZIT6Q, STM32U5F9ZJJ6QTR, STM32U5F9ZJT6Q, STM32U5G7VJT6, STM32U5G7VJT6Q, STM32U5G9BJY6QTR, STM32U5G9J-DK1, STM32U5G9J-DK2, STM32U5G9NJH6Q, STM32U5G9VJT6Q, STM32U5G9ZJJ6QTR, STM32U5G9ZJT6Q, STM32WB05KZV6TR, STM32WB05KZV7TR, STM32WB05TZF6TR, STM32WB05TZF7TR, STM32WB06CCF6TR, STM32WB06CCF7TR, STM32WB06CCV6TR, STM32WB06CCV7TR, STM32WB06KCV6TR, STM32WB06KCV7TR, STM32WB07CCF6TR, STM32WB07CCF7TR, STM32WB07CCV6TR, STM32WB07CCV7TR, STM32WB07KCV6TR, STM32WB07KCV7TR, STM32WB09KEV6TR, STM32WB09KEV7TR, STM32WB09TEF6TR, STM32WB09TEF7TR, STM32WB1MMCH6, STM32WBA50KGU6, STM32WBA50KGU6TR, STM32WBA52CEU6, STM32WBA52CEU6TR, STM32WBA52CEU7, STM32WBA52CEU7TR, STM32WBA52CGU6, STM32WBA52CGU6TR, STM32WBA52CGU6U, STM32WBA52CGU7, STM32WBA52CGU7TR, STM32WBA52KEU6, STM32WBA52KEU6TR, STM32WBA52KGU6, STM32WBA52KGU6TR, STM32WBA54CEU6, STM32WBA54CEU6TR, STM32WBA54CEU7, STM32WBA54CEU7TR, STM32WBA54CGU6, STM32WBA54CGU6TR, STM32WBA54CGU7, STM32WBA54CGU7TR, STM32WBA54KEU6, STM32WBA54KEU6TR, STM32WBA54KEU7, STM32WBA54KEU7TR, STM32WBA54KGU6, STM32WBA54KGU6TR, STM32WBA54KGU7, STM32WBA54KGU7TR, STM32WBA55CEU6, STM32WBA55CEU6TR, STM32WBA55CEU7, STM32WBA55CEU7TR, STM32WBA55CGU6, STM32WBA55CGU6TR, STM32WBA55CGU6U, STM32WBA55CGU7, STM32WBA55CGU7TR, STM32WBA55G-DK1, STM32WBA55HEF6, STM32WBA55HEF7, STM32WBA55HGF6, STM32WBA55HGF7, STM32WBA55UEI6, STM32WBA55UEI6TR, STM32WBA55UEI7, STM32WBA55UEI7TR, STM32WBA55UGI6, STM32WBA55UGI6TR, STM32WBA55UGI7, STM32WBA55UGI7TR, STM32WBA5MMGH6TR, STM32WBA62MGF6, STM32WBA62MIF6, STM32WBA65MGF7, STM32WBA65MIF6, STM32WBA65MIF7, STM32WL30K8V6, STM32WL30KBV6, STM32WL31C8V6, STM32WL31CBV6, STM32WL31K8V6, STM32WL31KBV6, STM32WL33C8V6, STM32WL33C8V6X, STM32WL33CBV6, STM32WL33CBV6X, STM32WL33CCV6, STM32WL33CCV6A, STM32WL33CCV6X, STM32WL33K8V7, STM32WL33K8V7X, STM32WL33KBV7 , STM32WL33KBV7X, STM32WL33KCV7, STM32WL33KCV7X, STM32WL5MOCH6, STM32WL5MOCH6TR]
2025-12-21 10:11:46,263 [INFO] ApiDb:668 - CubeFinder database Data Model version=2.1
2025-12-21 10:11:46,263 [INFO] ApiDb:669 - CubeFinder database Configuration version=3.0.39
2025-12-21 10:11:46,263 [INFO] ApiDb:670 - CubeFinder database generation date=2025-11-05 (1762334721)
2025-12-21 10:11:46,263 [INFO] ApiDb:671 - CubeFinder database FW Pack versions=[FP-ATR-ASTRA1_V2.0.0, FP-SNS-FLIGHT1_V5.1.0, FP-SNS-MOTENV1_V5.1.0, FP-SNS-MOTENVWB1_V1.4.0, FP-SNS-SMARTAG2_V1.2.0, FP-SNS-STBOX1_V2.1.0, STM32Cube_FW_C0_V1.4.0, STM32Cube_FW_F4_V1.28.3, STM32Cube_FW_F7_V1.17.4, STM32Cube_FW_G0_V1.6.2, STM32Cube_FW_G4_V1.6.1, STM32Cube_FW_H5_V1.5.1, STM32Cube_FW_H7RS_V1.3.0, STM32Cube_FW_H7_V1.12.1, STM32Cube_FW_L0_V1.12.2, STM32Cube_FW_L4_V1.18.1, STM32Cube_FW_L5_V1.6.0, STM32Cube_FW_N6_V1.3.0, STM32Cube_FW_U0_V1.3.0, STM32Cube_FW_U3_V1.2.1, STM32Cube_FW_U5_V1.8.0, STM32Cube_FW_WB0_V1.4.0, STM32Cube_FW_WBA_V1.8.0, STM32Cube_FW_WB_V1.24.0, STM32Cube_FW_WL3_V1.3.0, STM32Cube_FW_WL_V1.4.0, X-CUBE-ALGOBUILD_V1.4.0, X-CUBE-ALS_V1.0.2, X-CUBE-AZRTOS-F4_V1.1.0, X-CUBE-AZRTOS-F7_V1.1.0, X-CUBE-AZRTOS-G0_V1.1.0, X-CUBE-AZRTOS-G4_V2.0.0, X-CUBE-AZRTOS-H7RS_V1.1.0, X-CUBE-AZRTOS-H7_V3.4.0, X-CUBE-AZRTOS-L4_V2.0.0, X-CUBE-AZRTOS-L5_V2.0.0, X-CUBE-AZRTOS-WB_V2.0.0, X-CUBE-AZRTOS-WL_V2.0.0, X-CUBE-BLE1_V7.1.0, X-CUBE-BLE2_V3.3.0, X-CUBE-BLEMGR_V4.1.0, X-CUBE-EEPRMA1_V5.2.0, X-CUBE-FREERTOS_V1.3.1, X-CUBE-GNSS1_V6.0.0, X-CUBE-MEMS1_V11.3.0, X-CUBE-NFC4_V3.0.0, X-CUBE-NFC7_V2.0.0, X-CUBE-SFXS2LP1_V4.0.0, X-CUBE-ST67W61_V1.1.0, X-CUBE-SUBG2_V5.0.0, X-CUBE-TOF1_V3.4.3]
2025-12-21 10:11:48,116 [INFO] ApiDb:240 - Found 880 in-development CPN: [B-G473E-ZEST1S, B-WB1M-WPAN1, B-WBA5M-WPAN, B-WL5M-SUBG1, NUCLEO-C031C6, NUCLEO-C051C8, NUCLEO-C071RB, NUCLEO-C092RC, NUCLEO-H503RB, NUCLEO-H533RE, NUCLEO-H563ZI, NUCLEO-H7S3L8, NUCLEO-N657X0-Q, NUCLEO-U031R8, NUCLEO-U083RC, NUCLEO-U385RG-Q, NUCLEO-U545RE-Q, NUCLEO-U5A5ZJ-Q, NUCLEO-WB05KZ, NUCLEO-WB07CC, NUCLEO-WB09KE, NUCLEO-WBA52CG, NUCLEO-WBA55CG, NUCLEO-WL33CC1, NUCLEO-WL33CC2, STEVAL-PROTEUS1, STEVAL-SMARTAG2, STEVAL-STWINBX1, STM320518-EVAL, STM32C0116-DK, STM32C011D6Y3TR, STM32C011D6Y6TR, STM32C011F4P3, STM32C011F4P6, STM32C011F4U3, STM32C011F4U6TR, STM32C011F6P3, STM32C011F6P6, STM32C011F6U3, STM32C011F6U6TR, STM32C011J4M3, STM32C011J4M6, STM32C011J6M3, STM32C011J6M6, STM32C0316-DK, STM32C031C4T3, STM32C031C4T6, STM32C031C4U3, STM32C031C4U6, STM32C031C6T3, STM32C031C6T6, STM32C031C6U3, STM32C031C6U6, STM32C031F4P3, STM32C031F4P6, STM32C031F6P3, STM32C031F6P6, STM32C031G4U3, STM32C031G4U6, STM32C031G6U3, STM32C031G6U6, STM32C031K4T3, STM32C031K4T6, STM32C031K4U3, STM32C031K4U6, STM32C031K6T3, STM32C031K6T6, STM32C031K6U3, STM32C031K6U6, STM32C051C6T6, STM32C051C6U6, STM32C051C8T6, STM32C051C8U6, STM32C051D8Y6TR, STM32C051F6P6, STM32C051F8P6, STM32C051G6U6, STM32C051G8U6, STM32C051K6T6, STM32C051K6U6, STM32C051K8T6, STM32C071C8T6, STM32C071C8T6N, STM32C071C8U6, STM32C071C8U6N, STM32C071CBT6, STM32C071CBT6N, STM32C071CBU6, STM32C071CBU6N, STM32C071F8P6, STM32C071F8P6N, STM32C071FBP6, STM32C071FBP6N, STM32C071FBY6TR, STM32C071G8U6, STM32C071G8U6N, STM32C071GBU6, STM32C071GBU6N, STM32C071K8T6, STM32C071K8T6N, STM32C071K8U6, STM32C071K8U6N, STM32C071KBT6, STM32C071KBT6N, STM32C071KBU6, STM32C071KBU6N, STM32C071R8T6, STM32C071R8T6N, STM32C071RBI6N, STM32C071RBT6, STM32C071RBT6N, STM32C091CBT6, STM32C091CBU6, STM32C091CCT6, STM32C091CCU6, STM32C091ECY6TR, STM32C091FBP6, STM32C091FCP6, STM32C091GBU6, STM32C091GCU6, STM32C091KBT6, STM32C091KBU6, STM32C091KCT6, STM32C091KCU6, STM32C091RBT6, STM32C091RCI6, STM32C091RCT6, STM32C092CBT6, STM32C092CBU6, STM32C092CCT6, STM32C092CCU6, STM32C092ECY6TR, STM32C092FBP6, STM32C092FCP6, STM32C092GBU6, STM32C092GCU6, STM32C092KBT6, STM32C092KBU6, STM32C092KCT6, STM32C092KCU6, STM32C092RBT6, STM32C092RCI6, STM32C092RCT6, STM32G071K8TXN, STM32G071K8UXN, STM32G081GBU6N, STM32G081KBT6N, STM32G081KBUXN, STM32G0B1CCT6N, STM32G0B1KCT6, STM32G0B1NEY6TR, STM32G0B1RCT6N, STM32G0C1CCT6, STM32G0C1CCT6N, STM32G0C1CCU6N, STM32G0C1CET6N, STM32G0C1CEU6N, STM32G0C1KCT6, STM32G0C1NEY6TR, STM32G0C1RCI6N, STM32G0C1RCT6N, STM32G0C1REI6N, STM32G0C1RET6N, STM32G0C1VCI6, STM32G0C1VEI6, STM32G411C6T3, STM32G411C6T6, STM32G411C6U3, STM32G411C6U6, STM32G411C8T3, STM32G411C8T6, STM32G411C8U3, STM32G411C8U6, STM32G411CBT3, STM32G411CBT6, STM32G411CBU3, STM32G411CBU6, STM32G411K6T3, STM32G411K6T6, STM32G411K6U3, STM32G411K6U6, STM32G411K8T3, STM32G411K8T6, STM32G411K8U3, STM32G411K8U6, STM32G411KBT3, STM32G411KBT6, STM32G411KBU3, STM32G411KBU6, STM32G411M6T3, STM32G411M6T6, STM32G411M8T3, STM32G411M8T6, STM32G411MBT3, STM32G411MBT6, STM32G411R6T3, STM32G411R6T6, STM32G411R8T3, STM32G411R8T6, STM32G411RBT3, STM32G411RBT6, STM32G414CBT3, STM32G414CBT6, STM32G414CBU3, STM32G414CBU6, STM32G414CCT3, STM32G414CCT6, STM32G414CCU3, STM32G414CCU6, STM32G414MBT3, STM32G414MBT6, STM32G414MCT3, STM32G414MCT6, STM32G414RBT3, STM32G414RBT6, STM32G414RCT3, STM32G414RCT6, STM32G414VBT3, STM32G414VBT6, STM32G414VCT3, STM32G414VCT6, STM32G431CBT3Z, STM32G431RBT3Z, STM32G471CCT6, STM32G471CCU6, STM32G471CET3, STM32G471CET6, STM32G471CEU3, STM32G471CEU6, STM32G471MCT6, STM32G471MET3, STM32G471MET6, STM32G471MEY6TR, STM32G471QCT6, STM32G471QET3, STM32G471RCT6, STM32G471RET3, STM32G471RET6, STM32G471VCH6, STM32G471VCI6, STM32G471VCT6, STM32G471VEH3, STM32G471VEH6, STM32G471VEI3, STM32G471VEI6, STM32G471VET3, STM32G471VET6, STM32G473QET3Z, STM32G473RET3Z, STM32G474CCT6, STM32G491RET3Z, STM32H503CBT6, STM32H503CBU6, STM32H503EBY6TR, STM32H503KBU6, STM32H503RBT6, STM32H523CCT6, STM32H523CCU6, STM32H523CET6, STM32H523CEU6, STM32H523HEY6TR, STM32H523RCT6, STM32H523RET6, STM32H523VCI6, STM32H523VCT6, STM32H523VEI6, STM32H523VET6, STM32H523ZCJ6, STM32H523ZCT6, STM32H523ZEJ6, STM32H523ZET6, STM32H533CET6, STM32H533CEU6, STM32H533HEY6TR, STM32H533RET6, STM32H533VEI6, STM32H533VET6, STM32H533ZEJ6, STM32H533ZET6, STM32H562AGI6, STM32H562AII6, STM32H562IGK6, STM32H562IGT6, STM32H562IIK6, STM32H562IIT6, STM32H562RGT6, STM32H562RGV6, STM32H562RIT6, STM32H562RIV6, STM32H562VGT6, STM32H562VIT6, STM32H562ZGT6, STM32H562ZIT6, STM32H563AGI6, STM32H563AII3Q, STM32H563AII6, STM32H563IGK6, STM32H563IGT6, STM32H563IIK3Q, STM32H563IIK6, STM32H563IIT3Q, STM32H563IIT6, STM32H563MIY3QTR, STM32H563RGT6, STM32H563RGV6, STM32H563RIT6, STM32H563RIV6, STM32H563VGT6, STM32H563VIT3Q, STM32H563VIT6, STM32H563ZGT6, STM32H563ZIT3Q, STM32H563ZIT6, STM32H573AII3Q, STM32H573AII6, STM32H573I-DK, STM32H573IIK3Q, STM32H573IIK6, STM32H573IIT3Q, STM32H573IIT6, STM32H573MIY3QTR, STM32H573RIT6, STM32H573RIV6, STM32H573VIT3Q, STM32H573VIT6, STM32H573ZIT3Q, STM32H573ZIT6, STM32H7R3A8I6, STM32H7R3I8K6, STM32H7R3I8T6, STM32H7R3L8H6, STM32H7R3L8H6H, STM32H7R3R8V6, STM32H7R3V8H6, STM32H7R3V8T6, STM32H7R3V8Y6TR, STM32H7R3Z8J6, STM32H7R3Z8T6, STM32H7R7A8I6, STM32H7R7I8K6, STM32H7R7I8T6, STM32H7R7L8H6, STM32H7R7L8H6H, STM32H7R7Z8J6, STM32H7S3A8I6, STM32H7S3I8K6, STM32H7S3I8T6, STM32H7S3L8H6, STM32H7S3L8H6H, STM32H7S3R8V6, STM32H7S3V8H6, STM32H7S3V8T6, STM32H7S3V8Y6TR, STM32H7S3Z8J6, STM32H7S3Z8T6, STM32H7S78-DK, STM32H7S7A8I6, STM32H7S7I8K6, STM32H7S7I8T6, STM32H7S7L8H6, STM32H7S7L8H6H, STM32H7S7Z8J6, STM32L4R5QGI6STR, STM32MP131AAE3, STM32MP131AAF3, STM32MP131AAG3, STM32MP131CAE3, STM32MP131CAF3, STM32MP131CAG3, STM32MP131DAE7, STM32MP131DAF7, STM32MP131DAG7, STM32MP131FAE7, STM32MP131FAF7, STM32MP131FAG7, STM32MP133AAE3, STM32MP133AAF3, STM32MP133AAG3, STM32MP133CAE3, STM32MP133CAF3, STM32MP133CAG3, STM32MP133DAE7, STM32MP133DAF7, STM32MP133DAG7, STM32MP133FAE7, STM32MP133FAF7, STM32MP133FAG7, STM32MP135AAE3, STM32MP135AAF3, STM32MP135AAG3, STM32MP135CAE3, STM32MP135CAF3, STM32MP135CAG3, STM32MP135DAE7, STM32MP135DAF7, STM32MP135DAG7, STM32MP135F-DK, STM32MP135FAE7, STM32MP135FAF7, STM32MP135FAF7T, STM32MP135FAF7U, STM32MP135FAG7, STM32MP211AAL3, STM32MP211AAM3, STM32MP211AAN3, STM32MP211AAO3, STM32MP211CAL3, STM32MP211CAM3, STM32MP211CAN3, STM32MP211CAO3, STM32MP211DAL3, STM32MP211DAM3, STM32MP211DAN3, STM32MP211DAO3, STM32MP211FAL3, STM32MP211FAM3, STM32MP211FAN3, STM32MP211FAO3, STM32MP213AAL3, STM32MP213AAM3, STM32MP213AAN3, STM32MP213AAO3, STM32MP213CAL3, STM32MP213CAM3, STM32MP213CAN3, STM32MP213CAO3, STM32MP213DAL3, STM32MP213DAM3, STM32MP213DAN3, STM32MP213DAO3, STM32MP213FAL3, STM32MP213FAM3, STM32MP213FAN3, STM32MP213FAO3, STM32MP215AAL3, STM32MP215AAM3, STM32MP215AAN3, STM32MP215AAO3, STM32MP215CAL3, STM32MP215CAM3, STM32MP215CAN3, STM32MP215CAO3, STM32MP215DAL3, STM32MP215DAM3, STM32MP215DAN3, STM32MP215DAO3, STM32MP215F-DK, STM32MP215FAL3, STM32MP215FAM3, STM32MP215FAN3, STM32MP215FAO3, STM32MP231AAJ3, STM32MP231AAK3, STM32MP231AAL3, STM32MP231CAJ3, STM32MP231CAK3, STM32MP231CAL3, STM32MP231DAJ3, STM32MP231DAK3, STM32MP231DAL3, STM32MP231FAJ3, STM32MP231FAK3, STM32MP231FAL3, STM32MP233AAJ3, STM32MP233AAK3, STM32MP233AAL3, STM32MP233CAJ3, STM32MP233CAK3, STM32MP233CAL3, STM32MP233DAJ3, STM32MP233DAK3, STM32MP233DAL3, STM32MP233FAJ3, STM32MP233FAK3, STM32MP233FAL3, STM32MP235AAJ3, STM32MP235AAK3, STM32MP235AAL3, STM32MP235CAJ3, STM32MP235CAK3, STM32MP235CAL3, STM32MP235DAJ3, STM32MP235DAK3, STM32MP235DAL3, STM32MP235FAJ3, STM32MP235FAK3, STM32MP235FAL3, STM32MP251AAI3, STM32MP251AAK3, STM32MP251AAL3, STM32MP251CAI3, STM32MP251CAK3, STM32MP251CAL3, STM32MP251DAI3, STM32MP251DAK3, STM32MP251DAL3, STM32MP251FAI3, STM32MP251FAK3, STM32MP251FAL3, STM32MP253AAI3, STM32MP253AAK3, STM32MP253AAL3, STM32MP253CAI3, STM32MP253CAK3, STM32MP253CAL3, STM32MP253DAI3, STM32MP253DAK3, STM32MP253DAL3, STM32MP253FAI3, STM32MP253FAK3, STM32MP253FAL3, STM32MP255AAI3, STM32MP255AAK3, STM32MP255AAL3, STM32MP255CAI3, STM32MP255CAK3, STM32MP255CAL3, STM32MP255DAI3, STM32MP255DAK3, STM32MP255DAL3, STM32MP255FAI3, STM32MP255FAK3, STM32MP255FAL3, STM32MP257AAI3, STM32MP257AAK3, STM32MP257AAL3, STM32MP257CAI3, STM32MP257CAK3, STM32MP257CAL3, STM32MP257DAI3, STM32MP257DAK3, STM32MP257DAL3, STM32MP257F-DK, STM32MP257F-EV1, STM32MP257FAI3, STM32MP257FAK3, STM32MP257FAL3, STM32N645A0H3Q, STM32N645B0H3Q, STM32N645I0H3Q, STM32N645L0H3Q, STM32N645X0H3Q, STM32N645Z0H3Q, STM32N647A0H3Q, STM32N647B0H3Q, STM32N647I0H3Q, STM32N647L0H3Q, STM32N647X0H3Q, STM32N647Z0H3Q, STM32N655A0H3Q, STM32N655B0H3Q, STM32N655I0H3Q, STM32N655L0H3Q, STM32N655X0H3Q, STM32N655Z0H3Q, STM32N6570-DK, STM32N657A0H3Q, STM32N657B0H3Q, STM32N657I0H3Q, STM32N657L0H3Q, STM32N657X0H3Q, STM32N657Z0H3Q, STM32U031C6T6, STM32U031C6U6, STM32U031C8T6, STM32U031C8U6, STM32U031F4P6, STM32U031F6P6, STM32U031F8P6, STM32U031G6Y6TR, STM32U031G8Y6TR, STM32U031K4U6, STM32U031K6U6, STM32U031K8U6, STM32U031R6I6, STM32U031R6T6, STM32U031R8I6, STM32U031R8T6, STM32U073C8T6, STM32U073C8U6, STM32U073CBT6, STM32U073CBU6, STM32U073CCT6, STM32U073CCU6, STM32U073H8Y6TR, STM32U073HBY6TR, STM32U073HCY6TR, STM32U073K8U6, STM32U073KBU6, STM32U073KCU6, STM32U073M8I6, STM32U073M8T6, STM32U073MBI6, STM32U073MBT6, STM32U073MCI6, STM32U073MCT6, STM32U073R8I6, STM32U073R8T6, STM32U073RBI6, STM32U073RBT6, STM32U073RCI6, STM32U073RCT6, STM32U083C-DK, STM32U083CCT6, STM32U083CCU6, STM32U083HCY6TR, STM32U083KCU6, STM32U083MCI6, STM32U083MCT6, STM32U083RCI6, STM32U083RCT6, STM32U375CET6, STM32U375CET6Q, STM32U375CEU6, STM32U375CEU6Q, STM32U375CEY6QTR, STM32U375CGT6, STM32U375CGT6Q, STM32U375CGU6, STM32U375CGU6Q, STM32U375CGY6QTR, STM32U375KEU6, STM32U375KGU6, STM32U375REI6, STM32U375REI6Q, STM32U375RET6, STM32U375RET6Q, STM32U375REY6GTR, STM32U375REY6QTR, STM32U375RGI6, STM32U375RGI6Q, STM32U375RGT6, STM32U375RGT6Q, STM32U375RGY6GTR, STM32U375RGY6QTR, STM32U375VEI6, STM32U375VEI6Q, STM32U375VET6, STM32U375VET6Q, STM32U375VGI6, STM32U375VGI6Q, STM32U375VGT6, STM32U375VGT6Q, STM32U385CGT6, STM32U385CGT6Q, STM32U385CGU6, STM32U385CGU6Q, STM32U385CGY6QTR, STM32U385KGU6, STM32U385RGI6, STM32U385RGI6Q, STM32U385RGT6, STM32U385RGT6Q, STM32U385RGY6GTR, STM32U385RGY6QTR, STM32U385VGI6, STM32U385VGI6Q, STM32U385VGT6, STM32U385VGT6Q, STM32U535CBT6, STM32U535CBT6Q, STM32U535CBU6, STM32U535CBU6Q, STM32U535CCT6, STM32U535CCT6Q, STM32U535CCU6, STM32U535CCU6Q, STM32U535CET6, STM32U535CET6Q, STM32U535CEU6, STM32U535CEU6Q, STM32U535JEY6QTR, STM32U535NCY6QTR, STM32U535NEY6QTR, STM32U535RBI6, STM32U535RBI6Q, STM32U535RBT6, STM32U535RBT6Q, STM32U535RCI6, STM32U535RCI6Q, STM32U535RCT6, STM32U535RCT6Q, STM32U535REI6, STM32U535REI6Q, STM32U535RET6, STM32U535RET6Q, STM32U535VCI6, STM32U535VCI6Q, STM32U535VCT6, STM32U535VCT6Q, STM32U535VEI6, STM32U535VEI6Q, STM32U535VET6, STM32U535VET6Q, STM32U545CET6, STM32U545CET6Q, STM32U545CEU6, STM32U545CEU6Q, STM32U545JEY6QTR, STM32U545NEY6QTR, STM32U545REI6, STM32U545REI6Q, STM32U545RET6, STM32U545RET6Q, STM32U545VEI6, STM32U545VEI6Q, STM32U545VET6, STM32U545VET6Q, STM32U595AIH6, STM32U595AIH6Q, STM32U595AJH6, STM32U595AJH6Q, STM32U595QII6, STM32U595QII6Q, STM32U595QJI6, STM32U595QJI6Q, STM32U595RIT6, STM32U595RIT6Q, STM32U595RJT6, STM32U595RJT6Q, STM32U595VIT6, STM32U595VIT6Q, STM32U595VJT6, STM32U595VJT6Q, STM32U595ZIT6, STM32U595ZIT6Q, STM32U595ZIY6QTR, STM32U595ZJT6, STM32U595ZJT6Q, STM32U595ZJY6QTR, STM32U599BJY6QTR, STM32U599NIH6Q, STM32U599NJH6Q, STM32U599VIT6Q, STM32U599VJT6, STM32U599VJT6Q, STM32U599ZIT6Q, STM32U599ZIY6QTR, STM32U599ZJT6Q, STM32U599ZJY6QTR, STM32U5A5AJH6, STM32U5A5AJH6Q, STM32U5A5QII3Q , STM32U5A5QJI6, STM32U5A5QJI6Q, STM32U5A5RJT6, STM32U5A5RJT6Q, STM32U5A5VJT6, STM32U5A5VJT6Q, STM32U5A5ZJT6, STM32U5A5ZJT6Q, STM32U5A5ZJY6QTR, STM32U5A9BJY6QTR, STM32U5A9J-DK, STM32U5A9NJH6Q, STM32U5A9VJT6Q, STM32U5A9ZJT6Q, STM32U5A9ZJY6QTR, STM32U5F7VIT6, STM32U5F7VIT6Q, STM32U5F7VJT6, STM32U5F7VJT6Q, STM32U5F9BJY6QTR, STM32U5F9NJH6Q, STM32U5F9VIT6Q, STM32U5F9VJT6Q, STM32U5F9ZIJ6QTR, STM32U5F9ZIT6Q, STM32U5F9ZJJ6QTR, STM32U5F9ZJT6Q, STM32U5G7VJT6, STM32U5G7VJT6Q, STM32U5G9BJY6QTR, STM32U5G9J-DK1, STM32U5G9J-DK2, STM32U5G9NJH6Q, STM32U5G9VJT6Q, STM32U5G9ZJJ6QTR, STM32U5G9ZJT6Q, STM32WB05KZV6TR, STM32WB05KZV7TR, STM32WB05TZF6TR, STM32WB05TZF7TR, STM32WB06CCF6TR, STM32WB06CCF7TR, STM32WB06CCV6TR, STM32WB06CCV7TR, STM32WB06KCV6TR, STM32WB06KCV7TR, STM32WB07CCF6TR, STM32WB07CCF7TR, STM32WB07CCV6TR, STM32WB07CCV7TR, STM32WB07KCV6TR, STM32WB07KCV7TR, STM32WB09KEV6TR, STM32WB09KEV7TR, STM32WB09TEF6TR, STM32WB09TEF7TR, STM32WB1MMCH6, STM32WBA50KGU6, STM32WBA50KGU6TR, STM32WBA52CEU6, STM32WBA52CEU6TR, STM32WBA52CEU7, STM32WBA52CEU7TR, STM32WBA52CGU6, STM32WBA52CGU6TR, STM32WBA52CGU6U, STM32WBA52CGU7, STM32WBA52CGU7TR, STM32WBA52KEU6, STM32WBA52KEU6TR, STM32WBA52KGU6, STM32WBA52KGU6TR, STM32WBA54CEU6, STM32WBA54CEU6TR, STM32WBA54CEU7, STM32WBA54CEU7TR, STM32WBA54CGU6, STM32WBA54CGU6TR, STM32WBA54CGU7, STM32WBA54CGU7TR, STM32WBA54KEU6, STM32WBA54KEU6TR, STM32WBA54KEU7, STM32WBA54KEU7TR, STM32WBA54KGU6, STM32WBA54KGU6TR, STM32WBA54KGU7, STM32WBA54KGU7TR, STM32WBA55CEU6, STM32WBA55CEU6TR, STM32WBA55CEU7, STM32WBA55CEU7TR, STM32WBA55CGU6, STM32WBA55CGU6TR, STM32WBA55CGU6U, STM32WBA55CGU7, STM32WBA55CGU7TR, STM32WBA55G-DK1, STM32WBA55HEF6, STM32WBA55HEF7, STM32WBA55HGF6, STM32WBA55HGF7, STM32WBA55UEI6, STM32WBA55UEI6TR, STM32WBA55UEI7, STM32WBA55UEI7TR, STM32WBA55UGI6, STM32WBA55UGI6TR, STM32WBA55UGI7, STM32WBA55UGI7TR, STM32WBA5MMGH6TR, STM32WBA62MGF6, STM32WBA62MIF6, STM32WBA65MGF7, STM32WBA65MIF6, STM32WBA65MIF7, STM32WL30K8V6, STM32WL30KBV6, STM32WL31C8V6, STM32WL31CBV6, STM32WL31K8V6, STM32WL31KBV6, STM32WL33C8V6, STM32WL33C8V6X, STM32WL33CBV6, STM32WL33CBV6X, STM32WL33CCV6, STM32WL33CCV6A, STM32WL33CCV6X, STM32WL33K8V7, STM32WL33K8V7X, STM32WL33KBV7 , STM32WL33KBV7X, STM32WL33KCV7, STM32WL33KCV7X, STM32WL5MOCH6, STM32WL5MOCH6TR]
2025-12-21 10:11:48,121 [INFO] DbMcus:218 - Found 4876 MCUs, 4876 are supported
2025-12-21 10:11:48,122 [INFO] ApiDb:423 - Load user favorites file C:\Users\user/.stm32cubeide/favorites.mcus.txt: 0 item(s)
2025-12-21 10:11:48,122 [INFO] ApiDb:427 - User favorites MCUs=[]
2025-12-21 10:11:48,122 [INFO] DbMcus:224 - Set 0 / 0 favorites MCUs
2025-12-21 10:11:48,674 [INFO] BoardInfo:889 - No configuration file found for board P-NUCLEO-WB55
2025-12-21 10:11:48,675 [INFO] DbBoards:161 - Kit is not supported: P-NUCLEO-WB55
2025-12-21 10:11:48,682 [INFO] BoardInfo:889 - No configuration file found for board STEVAL-BFA001V1B
2025-12-21 10:11:48,683 [INFO] DbBoards:161 - Kit is not supported: STEVAL-BFA001V1B
2025-12-21 10:11:48,684 [INFO] BoardInfo:889 - No configuration file found for board STEVAL-BFA001V2B
2025-12-21 10:11:48,685 [INFO] DbBoards:161 - Kit is not supported: STEVAL-BFA001V2B
2025-12-21 10:11:48,905 [INFO] DbBoards:168 - Found 212 boards, 209 are supported
2025-12-21 10:11:48,905 [INFO] DbBoards:169 - Found 212 boards, 43 of them is supported for  Bsp
2025-12-21 10:11:48,907 [INFO] ApiDb:423 - Load user favorites file C:\Users\user/.stm32cubeide/favorites.boards.txt: 1 item(s)
2025-12-21 10:11:48,907 [INFO] ApiDb:427 - User favorites Boards=[NUCLEO-L476RG]
2025-12-21 10:11:48,907 [INFO] DbBoards:198 - Set 1 / 1 favorites Boards
2025-12-21 10:11:48,981 [INFO] UtilMem:75 - End LoadConfig() Used Memory: 269754472 Bytes (498073600)
2025-12-21 10:11:49,079 [WARN] ThirdParty:833 - waiting for thirdparty lock release [change project]
2025-12-21 10:11:49,079 [INFO] ThirdParty:835 - entering critical section [change project]
2025-12-21 10:11:49,079 [INFO] ThirdParty:1030 - CMSIS Pack Vendor :STMicroelectronics X-CUBE-PM33A1 1.0.0
2025-12-21 10:11:49,079 [INFO] ThirdParty:1030 - CMSIS Pack Vendor :STMicroelectronics USBPD 4.1
2025-12-21 10:11:49,079 [INFO] ThirdParty:1030 - CMSIS Pack Vendor :STMicroelectronics X-CUBE-NFC9 1.0.0
2025-12-21 10:11:49,079 [INFO] ThirdParty:1030 - CMSIS Pack Vendor :STMicroelectronics USB_HOST 2.0.0
2025-12-21 10:11:49,079 [INFO] ThirdParty:1030 - CMSIS Pack Vendor :STMicroelectronics FP-SNS-MOTENVWB1 1.4.0
2025-12-21 10:11:49,079 [INFO] ThirdParty:1030 - CMSIS Pack Vendor :STMicroelectronics X-CUBE-AZRTOS-F4 1.1.0
2025-12-21 10:11:49,079 [INFO] ThirdParty:1030 - CMSIS Pack Vendor :STMicroelectronics LIBJPEG 8.0.0
2025-12-21 10:11:49,079 [INFO] ThirdParty:1030 - CMSIS Pack Vendor :STMicroelectronics FP-ATR-ASTRA1 2.0.2
2025-12-21 10:11:49,079 [INFO] ThirdParty:1030 - CMSIS Pack Vendor :wolfSSL I-CUBE-wolfSSL 5.8.2
2025-12-21 10:11:49,079 [INFO] ThirdParty:1030 - CMSIS Pack Vendor :STMicroelectronics X-CUBE-BLE1 7.1.0
2025-12-21 10:11:49,079 [INFO] ThirdParty:1030 - CMSIS Pack Vendor :Avnet-IotConnect X-CUBE-IoTC-DA16k-PMOD 1.0.0
2025-12-21 10:11:49,079 [INFO] ThirdParty:1030 - CMSIS Pack Vendor :STMicroelectronics X-CUBE-SMBUS 2.1.0
2025-12-21 10:11:49,079 [INFO] ThirdParty:1030 - CMSIS Pack Vendor :wolfSSL I-CUBE-wolfMQTT 1.19.2
2025-12-21 10:11:49,080 [INFO] ThirdParty:1030 - CMSIS Pack Vendor :STMicroelectronics USB_DEVICE 3.0.0
2025-12-21 10:11:49,080 [INFO] ThirdParty:1030 - CMSIS Pack Vendor :STMicroelectronics X-CUBE-ISPU 2.1.0
2025-12-21 10:11:49,080 [INFO] ThirdParty:1030 - CMSIS Pack Vendor :STMicroelectronics X-CUBE-FREERTOS 1.4.0
2025-12-21 10:11:49,080 [INFO] ThirdParty:1030 - CMSIS Pack Vendor :STMicroelectronics X-CUBE-EEPRMA1 5.2.0
2025-12-21 10:11:49,080 [INFO] ThirdParty:1030 - CMSIS Pack Vendor :STMicroelectronics X-CUBE-IPS 3.2.0
2025-12-21 10:11:49,080 [INFO] ThirdParty:1030 - CMSIS Pack Vendor :STMicroelectronics X-CUBE-BLEMGR 4.1.0
2025-12-21 10:11:49,080 [INFO] ThirdParty:1030 - CMSIS Pack Vendor :STMicroelectronics X-CUBE-AZRTOS-WB 2.0.0
2025-12-21 10:11:49,080 [INFO] ThirdParty:1030 - CMSIS Pack Vendor :STMicroelectronics X-CUBE-ST60 1.0.0
2025-12-21 10:11:49,080 [INFO] ThirdParty:1030 - CMSIS Pack Vendor :STMicroelectronics X-CUBE-GNSS1 7.0.1
2025-12-21 10:11:49,080 [INFO] ThirdParty:1030 - CMSIS Pack Vendor :STMicroelectronics X-CUBE-NFC12 1.0.0
2025-12-21 10:11:49,080 [INFO] ThirdParty:1030 - CMSIS Pack Vendor :STMicroelectronics X-CUBE-AZRTOS-F7 1.1.0
2025-12-21 10:11:49,080 [INFO] ThirdParty:1030 - CMSIS Pack Vendor :STMicroelectronics X-CUBE-AZRTOS-L5 2.0.0
2025-12-21 10:11:49,080 [INFO] ThirdParty:1030 - CMSIS Pack Vendor :STMicroelectronics X-CUBE-TOUCHGFX 4.25.0
2025-12-21 10:11:49,080 [INFO] ThirdParty:1030 - CMSIS Pack Vendor :STMicroelectronics USB_DEVICE 2.0.0
2025-12-21 10:11:49,080 [INFO] ThirdParty:1030 - CMSIS Pack Vendor :STMicroelectronics X-CUBE-NFC6 3.1.0
2025-12-21 10:11:49,080 [INFO] ThirdParty:1030 - CMSIS Pack Vendor :STMicroelectronics X-CUBE-ST67W61 1.1.0
2025-12-21 10:11:49,080 [INFO] ThirdParty:1030 - CMSIS Pack Vendor :quantropi X-CUBE-qispace-sdk-base 2.1.0
2025-12-21 10:11:49,080 [INFO] ThirdParty:1030 - CMSIS Pack Vendor :STMicroelectronics X-CUBE-MEMS1 12.0.0
2025-12-21 10:11:49,080 [INFO] ThirdParty:1030 - CMSIS Pack Vendor :STMicroelectronics FP-SNS-MOTENV1 5.1.0
2025-12-21 10:11:49,080 [INFO] ThirdParty:1030 - CMSIS Pack Vendor :STMicroelectronics FreeRTOS 0.0.1
2025-12-21 10:11:49,080 [INFO] ThirdParty:1030 - CMSIS Pack Vendor :STMicroelectronics X-CUBE-AZRTOS-G0 1.1.0
2025-12-21 10:11:49,080 [INFO] ThirdParty:1030 - CMSIS Pack Vendor :STMicroelectronics X-CUBE-SAFEA1 1.2.2
2025-12-21 10:11:49,080 [INFO] ThirdParty:1030 - CMSIS Pack Vendor :STMicroelectronics X-CUBE-NFC4 3.0.0
2025-12-21 10:11:49,080 [INFO] ThirdParty:1030 - CMSIS Pack Vendor :STMicroelectronics X-CUBE-SUBG2 5.0.0
2025-12-21 10:11:49,080 [INFO] ThirdParty:1030 - CMSIS Pack Vendor :STMicroelectronics X-CUBE-AZRTOS-H7RS 1.1.0
2025-12-21 10:11:49,080 [INFO] ThirdParty:1030 - CMSIS Pack Vendor :STMicroelectronics STM32_WPAN 1.0.0
2025-12-21 10:11:49,080 [INFO] ThirdParty:1030 - CMSIS Pack Vendor :EmbeddedOffice I-CUBE-FS-RTOS 1.0.1
2025-12-21 10:11:49,080 [INFO] ThirdParty:1030 - CMSIS Pack Vendor :STMicroelectronics lwIP 2.0.3
2025-12-21 10:11:49,080 [INFO] ThirdParty:1030 - CMSIS Pack Vendor :WES I-CUBE-Cesium 1.4.0
2025-12-21 10:11:49,080 [INFO] ThirdParty:1030 - CMSIS Pack Vendor :Cesanta I-CUBE-Mongoose 7.13.0
2025-12-21 10:11:49,080 [INFO] ThirdParty:1030 - CMSIS Pack Vendor :STMicroelectronics USB_HOST 1.0.0
2025-12-21 10:11:49,080 [INFO] ThirdParty:1030 - CMSIS Pack Vendor :Infineon AIROC-Wi-Fi-Bluetooth-STM32 1.7.1
2025-12-21 10:11:49,080 [INFO] ThirdParty:1030 - CMSIS Pack Vendor :STMicroelectronics X-CUBE-AZRTOS-G4 2.0.0
2025-12-21 10:11:49,081 [INFO] ThirdParty:1030 - CMSIS Pack Vendor :STMicroelectronics X-CUBE-WB05N 2.0.0
2025-12-21 10:11:49,081 [INFO] ThirdParty:1030 - CMSIS Pack Vendor :STMicroelectronics PDM2PCM 3.1.0
2025-12-21 10:11:49,081 [INFO] ThirdParty:1030 - CMSIS Pack Vendor :STMicroelectronics PDM2PCM 3.3.0
2025-12-21 10:11:49,081 [INFO] ThirdParty:1030 - CMSIS Pack Vendor :wolfSSL I-CUBE-wolfTPM 3.8.0
2025-12-21 10:11:49,081 [INFO] ThirdParty:1030 - CMSIS Pack Vendor :STMicroelectronics X-CUBE-AZRTOS-H7 3.4.0
2025-12-21 10:11:49,081 [INFO] ThirdParty:1030 - CMSIS Pack Vendor :STMicroelectronics X-CUBE-DISPLAY 3.0.0
2025-12-21 10:11:49,081 [INFO] ThirdParty:1030 - CMSIS Pack Vendor :wolfSSL I-CUBE-wolfSSH 1.4.20
2025-12-21 10:11:49,081 [INFO] ThirdParty:1030 - CMSIS Pack Vendor :STMicroelectronics X-CUBE-NFC7 2.0.0
2025-12-21 10:11:49,081 [INFO] ThirdParty:1030 - CMSIS Pack Vendor :STMicroelectronics X-CUBE-TCPP 4.2.0
2025-12-21 10:11:49,081 [INFO] ThirdParty:1030 - CMSIS Pack Vendor :RealThread X-CUBE-RT-Thread_Nano 4.1.1
2025-12-21 10:11:49,081 [INFO] ThirdParty:1030 - CMSIS Pack Vendor :STMicroelectronics FP-ATR-SIGFOX1 3.2.0
2025-12-21 10:11:49,081 [INFO] ThirdParty:1030 - CMSIS Pack Vendor :STMicroelectronics X-CUBE-NFC10 1.0.0
2025-12-21 10:11:49,081 [INFO] ThirdParty:1030 - CMSIS Pack Vendor :STMicroelectronics X-CUBE-FREERTOS 1.3.1
2025-12-21 10:11:49,081 [INFO] ThirdParty:1030 - CMSIS Pack Vendor :STMicroelectronics HAL Drivers 0.0.0
2025-12-21 10:11:49,081 [INFO] ThirdParty:1030 - CMSIS Pack Vendor :STMicroelectronics MBEDTLS 2.16.2
2025-12-21 10:11:49,081 [INFO] ThirdParty:1030 - CMSIS Pack Vendor :STMicroelectronics X-CUBE-ST60 1.1.0
2025-12-21 10:11:49,081 [INFO] ThirdParty:1030 - CMSIS Pack Vendor :STMicroelectronics X-CUBE-IPS 3.1.0
2025-12-21 10:11:49,081 [INFO] ThirdParty:1030 - CMSIS Pack Vendor :STMicroelectronics X-CUBE-ALS 1.0.2
2025-12-21 10:11:49,081 [INFO] ThirdParty:1030 - CMSIS Pack Vendor :emotas I-CUBE-CANOPEN 1.3.0
2025-12-21 10:11:49,081 [INFO] ThirdParty:1030 - CMSIS Pack Vendor :STMicroelectronics MBEDTLS 2.14.1
2025-12-21 10:11:49,081 [INFO] ThirdParty:1030 - CMSIS Pack Vendor :STMicroelectronics X-CUBE-GNSS1 7.1.0
2025-12-21 10:11:49,081 [INFO] ThirdParty:1030 - CMSIS Pack Vendor :ITTIA_DB I-CUBE-ITTIADB 8.9.0
2025-12-21 10:11:49,081 [INFO] ThirdParty:1030 - CMSIS Pack Vendor :STMicroelectronics X-CUBE-TOUCHGFX 4.26.0
2025-12-21 10:11:49,081 [INFO] ThirdParty:1030 - CMSIS Pack Vendor :STMicroelectronics X-CUBE-STSE01 1.0.0
2025-12-21 10:11:49,081 [INFO] ThirdParty:1030 - CMSIS Pack Vendor :STMicroelectronics X-CUBE-ST67W61 1.0.0
2025-12-21 10:11:49,081 [INFO] ThirdParty:1030 - CMSIS Pack Vendor :STMicroelectronics FP-SNS-STBOX1 2.1.0
2025-12-21 10:11:49,081 [INFO] ThirdParty:1030 - CMSIS Pack Vendor :STMicroelectronics X-CUBE-AI 10.2.0
2025-12-21 10:11:49,081 [INFO] ThirdParty:1030 - CMSIS Pack Vendor :STMicroelectronics FP-SNS-STAIOTCFT 1.0.0
2025-12-21 10:11:49,081 [INFO] ThirdParty:1030 - CMSIS Pack Vendor :STMicroelectronics ThreadX 1.0.0
2025-12-21 10:11:49,081 [INFO] ThirdParty:1030 - CMSIS Pack Vendor :STMicroelectronics FP-SNS-SMARTAG2 1.2.0
2025-12-21 10:11:49,081 [INFO] ThirdParty:1030 - CMSIS Pack Vendor :STMicroelectronics FP-SNS-FLIGHT1 5.1.0
2025-12-21 10:11:49,081 [INFO] ThirdParty:1030 - CMSIS Pack Vendor :STMicroelectronics X-CUBE-AZRTOS-WL 2.0.0
2025-12-21 10:11:49,081 [INFO] ThirdParty:1030 - CMSIS Pack Vendor :SEGGER I-CUBE-embOS 1.3.1
2025-12-21 10:11:49,082 [INFO] ThirdParty:1030 - CMSIS Pack Vendor :STMicroelectronics X-CUBE-ALGOBUILD 1.4.0
2025-12-21 10:11:49,082 [INFO] ThirdParty:1030 - CMSIS Pack Vendor :STMicroelectronics X-CUBE-DPower 1.3.0
2025-12-21 10:11:49,082 [INFO] ThirdParty:1030 - CMSIS Pack Vendor :STMicroelectronics X-CUBE-MEMS1 11.3.0
2025-12-21 10:11:49,082 [INFO] ThirdParty:1030 - CMSIS Pack Vendor :STMicroelectronics FP-SNS-MOTENV1 5.0.0
2025-12-21 10:11:49,082 [INFO] ThirdParty:1030 - CMSIS Pack Vendor :STMicroelectronics USB_DEVICE 1.0.0
2025-12-21 10:11:49,082 [INFO] ThirdParty:1030 - CMSIS Pack Vendor :STMicroelectronics X-CUBE-AZRTOS-H7RS 1.2.0
2025-12-21 10:11:49,082 [INFO] ThirdParty:1030 - CMSIS Pack Vendor :STMicroelectronics X-CUBE-AZRTOS-L4 2.0.0
2025-12-21 10:11:49,082 [INFO] ThirdParty:1030 - CMSIS Pack Vendor :STMicroelectronics ThreadX 0.0.2
2025-12-21 10:11:49,082 [INFO] ThirdParty:1030 - CMSIS Pack Vendor :STMicroelectronics lwIP 2.1.2
2025-12-21 10:11:49,082 [INFO] ThirdParty:1030 - CMSIS Pack Vendor :STMicroelectronics X-CUBE-SFXS2LP1 4.0.0
2025-12-21 10:11:49,082 [INFO] ThirdParty:1030 - CMSIS Pack Vendor :STMicroelectronics X-CUBE-BLE2 3.3.0
2025-12-21 10:11:49,082 [INFO] ThirdParty:1030 - CMSIS Pack Vendor :Avnet-IOTCONNECT X-CUBE-iotc-st67-sdk 1.0.0
2025-12-21 10:11:49,082 [INFO] ThirdParty:1030 - CMSIS Pack Vendor :STMicroelectronics X-CUBE-TOF1 3.4.3
2025-12-21 10:11:49,082 [INFO] ThirdParty:1030 - CMSIS Pack Vendor :STMicroelectronics PDM2PCM 3.2.0
2025-12-21 10:11:49,082 [INFO] ThirdParty:841 - exiting critical section [change project]
2025-12-21 10:11:49,524 [INFO] PinOutPanel:1589 - setPackage(No Configuration,No Configuration)
2025-12-21 10:11:49,525 [INFO] PinOutPanel:1589 - setPackage(STM32L476RGTx,LQFP64)
2025-12-21 10:11:50,176 [INFO] UtilMem:75 - Before build in PCC Used Memory: 316444808 Bytes (498073600)
2025-12-21 10:11:51,143 [INFO] UtilMem:75 - After build in PCC Used Memory: 411871384 Bytes (498073600)
2025-12-21 10:11:51,177 [INFO] IPUIPlugin:80 - create IPUIPlugin
2025-12-21 10:11:51,177 [INFO] IPUIPlugin:80 - create IPUIPlugin
2025-12-21 10:11:51,178 [INFO] IPUIPlugin:80 - create IPUIPlugin
2025-12-21 10:11:51,178 [INFO] IPUIPlugin:80 - create IPUIPlugin
2025-12-21 10:11:51,178 [INFO] IPUIPlugin:80 - create IPUIPlugin
2025-12-21 10:11:51,178 [INFO] IPUIPlugin:80 - create IPUIPlugin
2025-12-21 10:11:51,178 [INFO] IPUIPlugin:80 - create IPUIPlugin
2025-12-21 10:11:51,178 [INFO] IPUIPlugin:80 - create IPUIPlugin
2025-12-21 10:11:51,178 [INFO] IPUIPlugin:80 - create IPUIPlugin
2025-12-21 10:11:51,178 [INFO] IPUIPlugin:80 - create IPUIPlugin
2025-12-21 10:11:51,178 [INFO] IPUIPlugin:80 - create IPUIPlugin
2025-12-21 10:11:51,178 [INFO] IPUIPlugin:80 - create IPUIPlugin
2025-12-21 10:11:51,178 [INFO] IPUIPlugin:80 - create IPUIPlugin
2025-12-21 10:11:51,178 [INFO] IPUIPlugin:80 - create IPUIPlugin
2025-12-21 10:11:51,178 [INFO] IPUIPlugin:80 - create IPUIPlugin
2025-12-21 10:11:51,179 [INFO] IPUIPlugin:80 - create IPUIPlugin
2025-12-21 10:11:51,179 [INFO] IPUIPlugin:80 - create IPUIPlugin
2025-12-21 10:11:51,179 [INFO] IPUIPlugin:80 - create IPUIPlugin
2025-12-21 10:11:51,179 [INFO] IPUIPlugin:80 - create IPUIPlugin
2025-12-21 10:11:51,179 [INFO] IPUIPlugin:80 - create IPUIPlugin
2025-12-21 10:11:51,180 [INFO] IPUIPlugin:80 - create IPUIPlugin
2025-12-21 10:11:51,180 [INFO] IPUIPlugin:80 - create IPUIPlugin
2025-12-21 10:11:51,180 [INFO] IPUIPlugin:80 - create IPUIPlugin
2025-12-21 10:11:51,180 [INFO] IPUIPlugin:80 - create IPUIPlugin
2025-12-21 10:11:51,180 [INFO] IPUIPlugin:80 - create IPUIPlugin
2025-12-21 10:11:51,180 [INFO] IPUIPlugin:80 - create IPUIPlugin
2025-12-21 10:11:51,180 [INFO] IPUIPlugin:80 - create IPUIPlugin
2025-12-21 10:11:51,181 [INFO] IPUIPlugin:80 - create IPUIPlugin
2025-12-21 10:11:51,181 [INFO] IPUIPlugin:80 - create IPUIPlugin
2025-12-21 10:11:51,181 [INFO] IPUIPlugin:80 - create IPUIPlugin
2025-12-21 10:11:51,181 [INFO] IPUIPlugin:80 - create IPUIPlugin
2025-12-21 10:11:51,181 [INFO] IPUIPlugin:80 - create IPUIPlugin
2025-12-21 10:11:51,182 [INFO] IPUIPlugin:80 - create IPUIPlugin
2025-12-21 10:11:51,182 [INFO] IPUIPlugin:80 - create IPUIPlugin
2025-12-21 10:11:51,182 [INFO] IPUIPlugin:80 - create IPUIPlugin
2025-12-21 10:11:51,182 [INFO] IPUIPlugin:80 - create IPUIPlugin
2025-12-21 10:11:51,182 [INFO] IPUIPlugin:80 - create IPUIPlugin
2025-12-21 10:11:51,183 [INFO] IPUIPlugin:80 - create IPUIPlugin
2025-12-21 10:11:51,183 [INFO] IPUIPlugin:80 - create IPUIPlugin
2025-12-21 10:11:51,183 [INFO] IPUIPlugin:80 - create IPUIPlugin
2025-12-21 10:11:51,183 [INFO] IPUIPlugin:80 - create IPUIPlugin
2025-12-21 10:11:51,183 [INFO] IPUIPlugin:80 - create IPUIPlugin
2025-12-21 10:11:51,183 [INFO] IPUIPlugin:80 - create IPUIPlugin
2025-12-21 10:11:51,184 [INFO] IPUIPlugin:80 - create IPUIPlugin
2025-12-21 10:11:51,184 [INFO] IPUIPlugin:80 - create IPUIPlugin
2025-12-21 10:11:51,184 [INFO] IPUIPlugin:80 - create IPUIPlugin
2025-12-21 10:11:51,184 [INFO] IPUIPlugin:80 - create IPUIPlugin
2025-12-21 10:11:51,184 [INFO] IPUIPlugin:80 - create IPUIPlugin
2025-12-21 10:11:51,185 [INFO] IPUIPlugin:80 - create IPUIPlugin
2025-12-21 10:11:51,185 [INFO] IPUIPlugin:80 - create IPUIPlugin
2025-12-21 10:11:51,185 [INFO] IPUIPlugin:80 - create IPUIPlugin
2025-12-21 10:11:51,185 [INFO] IPUIPlugin:80 - create IPUIPlugin
2025-12-21 10:11:51,186 [INFO] IPUIPlugin:80 - create IPUIPlugin
2025-12-21 10:11:51,186 [INFO] IPUIPlugin:80 - create IPUIPlugin
2025-12-21 10:11:51,186 [INFO] IPUIPlugin:80 - create IPUIPlugin
2025-12-21 10:11:51,186 [INFO] IPUIPlugin:80 - create IPUIPlugin
2025-12-21 10:11:51,187 [INFO] IPUIPlugin:80 - create IPUIPlugin
2025-12-21 10:11:51,187 [INFO] IPUIPlugin:80 - create IPUIPlugin
2025-12-21 10:11:51,187 [INFO] IPUIPlugin:80 - create IPUIPlugin
2025-12-21 10:11:51,465 [INFO] CADModel:165 - CPN selected for project levelSTM32L476RGT3
2025-12-21 10:11:51,466 [INFO] CADModel:114 - Register for checkConnection events
2025-12-21 10:11:51,517 [INFO] OpenFileManager:386 - Restore cursor
2025-12-21 10:12:16,282 [INFO] I2cTimingTraitement:330 - 0x10909CEC
2025-12-21 10:17:19,953 [INFO] I2cTimingTraitement:330 - 0x10909CEC
2025-12-21 11:16:53,339 [ERROR] LogOutputStream:75 - [STDERR_REDIRECT] 
2025-12-21 13:53:55,169 [INFO] Activator:176 - 


2025-12-21 13:53:55,175 [INFO] Activator:177 - !SESSION log4j initialized
2025-12-21 13:54:01,803 [INFO] LogOutputStream:77 - [STDOUT_REDIRECT] 
2025-12-21 13:54:08,823 [INFO] ApplicationProperties:184 - Using Application install path: C:\ST\STM32CubeIDE_1.19.0\STM32CubeIDE\plugins\com.st.stm32cube.common.mx_6.15.0.202507011659
2025-12-21 13:54:08,850 [INFO] DbMcusXml:78 - Set database path to: C:\ST\STM32CubeIDE_1.19.0\STM32CubeIDE\plugins\com.st.stm32cube.common.mx_6.15.0.202507011659\\db\/mcu/
2025-12-21 13:54:08,850 [INFO] ApiDb:274 - Set plugin database path to: C:\ST\STM32CubeIDE_1.19.0\STM32CubeIDE\plugins\com.st.stm32cube.common.mx_6.15.0.202507011659\\db\/plugins/boardmanager/
2025-12-21 13:54:08,850 [WARN] ApiDb:259 - Overriding images path with different value:  => C:\ST\STM32CubeIDE_1.19.0\STM32CubeIDE\plugins\com.st.stm32cube.common.mx_6.15.0.202507011659\\db\/plugins/mcufinder/images/
2025-12-21 13:54:08,855 [INFO] ApiDb:250 - Set database path to: C:\Users\user\.stmcufinder\plugins\mcufinder//mcu/
2025-12-21 13:54:08,855 [INFO] DbMcusAds:125 - Set database path to: C:\Users\user\.stmcufinder\plugins\mcufinder//mcu/
2025-12-21 13:54:08,855 [INFO] CrossReferenceDbSqlite:203 - Set database path to: C:\Users\user\.stmcufinder\plugins\mcufinder//mcu/cs/
2025-12-21 13:54:08,966 [INFO] RulesReader:64 - Compatibility file has been processed (317 Rules)
2025-12-21 13:54:09,067 [INFO] DbMcusXml:78 - Set database path to: C:\ST\STM32CubeIDE_1.19.0\STM32CubeIDE\plugins\com.st.stm32cube.common.mx_6.15.0.202507011659\\db\/mcu/
2025-12-21 13:54:09,067 [INFO] ApiDb:274 - Set plugin database path to: C:\ST\STM32CubeIDE_1.19.0\STM32CubeIDE\plugins\com.st.stm32cube.common.mx_6.15.0.202507011659\\db\/plugins/boardmanager/
2025-12-21 13:54:09,067 [INFO] ApiDb:261 - Set plugin images path to: C:\ST\STM32CubeIDE_1.19.0\STM32CubeIDE\plugins\com.st.stm32cube.common.mx_6.15.0.202507011659\\db\/plugins/mcufinder/images/
2025-12-21 13:54:09,067 [WARN] DbFile:41 - Overriding database path with different value: C:\Users\user\.stmcufinder\plugins\mcufinder/ => C:\Users\user\.stmcufinder\plugins\mcufinder
2025-12-21 13:54:09,067 [INFO] ApiDb:250 - Set database path to: C:\Users\user\.stmcufinder\plugins\mcufinder//mcu/
2025-12-21 13:54:09,067 [WARN] DbFile:41 - Overriding database path with different value: C:\Users\user\.stmcufinder\plugins\mcufinder/ => C:\Users\user\.stmcufinder\plugins\mcufinder
2025-12-21 13:54:09,067 [INFO] DbMcusAds:125 - Set database path to: C:\Users\user\.stmcufinder\plugins\mcufinder//mcu/
2025-12-21 13:54:09,067 [WARN] DbFile:41 - Overriding database path with different value: C:\Users\user\.stmcufinder\plugins\mcufinder/ => C:\Users\user\.stmcufinder\plugins\mcufinder
2025-12-21 13:54:09,067 [WARN] DbFile:41 - Overriding database path with different value: C:\Users\user\.stmcufinder\plugins\mcufinder/ => C:\Users\user\.stmcufinder\plugins\mcufinder
2025-12-21 13:54:09,067 [INFO] CrossReferenceDbSqlite:203 - Set database path to: C:\Users\user\.stmcufinder\plugins\mcufinder//mcu/cs/
2025-12-21 13:54:09,146 [INFO] MainPanel:274 - HeapMemory: 268435456
2025-12-21 13:54:09,271 [INFO] DbMcusXml:78 - Set database path to: C:\ST\STM32CubeIDE_1.19.0\STM32CubeIDE\plugins\com.st.stm32cube.common.mx_6.15.0.202507011659\\db\/mcu/
2025-12-21 13:54:09,271 [INFO] ApiDb:274 - Set plugin database path to: C:\ST\STM32CubeIDE_1.19.0\STM32CubeIDE\plugins\com.st.stm32cube.common.mx_6.15.0.202507011659\\db\/plugins/boardmanager/
2025-12-21 13:54:09,271 [INFO] ApiDb:261 - Set plugin images path to: C:\ST\STM32CubeIDE_1.19.0\STM32CubeIDE\plugins\com.st.stm32cube.common.mx_6.15.0.202507011659\\db\/plugins/mcufinder/images/
2025-12-21 13:54:09,271 [WARN] DbFile:41 - Overriding database path with different value: C:\Users\user\.stmcufinder\plugins\mcufinder/ => C:\Users\user\.stmcufinder\plugins\mcufinder
2025-12-21 13:54:09,271 [INFO] ApiDb:250 - Set database path to: C:\Users\user\.stmcufinder\plugins\mcufinder//mcu/
2025-12-21 13:54:09,271 [WARN] DbFile:41 - Overriding database path with different value: C:\Users\user\.stmcufinder\plugins\mcufinder/ => C:\Users\user\.stmcufinder\plugins\mcufinder
2025-12-21 13:54:09,271 [INFO] DbMcusAds:125 - Set database path to: C:\Users\user\.stmcufinder\plugins\mcufinder//mcu/
2025-12-21 13:54:09,271 [WARN] DbFile:41 - Overriding database path with different value: C:\Users\user\.stmcufinder\plugins\mcufinder/ => C:\Users\user\.stmcufinder\plugins\mcufinder
2025-12-21 13:54:09,271 [WARN] DbFile:41 - Overriding database path with different value: C:\Users\user\.stmcufinder\plugins\mcufinder/ => C:\Users\user\.stmcufinder\plugins\mcufinder
2025-12-21 13:54:09,271 [INFO] CrossReferenceDbSqlite:203 - Set database path to: C:\Users\user\.stmcufinder\plugins\mcufinder//mcu/cs/
2025-12-21 13:54:09,287 [INFO] ApplicationProperties:184 - Using Application install path: C:\ST\STM32CubeIDE_1.19.0\STM32CubeIDE\plugins\com.st.stm32cube.common.mx_6.15.0.202507011659
2025-12-21 13:54:09,287 [INFO] PluginManage:196 - Search for loadable plugins [exclusion list=, ]
2025-12-21 13:54:09,287 [INFO] PluginManage:310 - Check plugin analytics
2025-12-21 13:54:09,459 [INFO] AnalyticsPlugin:253 - Accepted Software Licenses: 
2025-12-21 13:54:09,459 [INFO] AnalyticsPlugin:255 - Accepted CMSIS Pack Licenses: 
2025-12-21 13:54:09,459 [INFO] AnalyticsPlugin:257 - Accepted Firmware Licenses: FW.L4.1.18.0
2025-12-21 13:54:09,459 [INFO] PluginManage:359 - Loaded plugin analytics (category:tool,tabindex:-1)
2025-12-21 13:54:09,459 [INFO] PluginManage:310 - Check plugin cadmodel
2025-12-21 13:54:09,475 [INFO] CADModel:105 - Init CAD model plugin
2025-12-21 13:54:09,475 [INFO] PluginManage:359 - Loaded plugin cadmodel (category:power,tabindex:5)
2025-12-21 13:54:09,475 [INFO] PluginManage:310 - Check plugin clock
2025-12-21 13:54:09,475 [INFO] PluginManage:359 - Loaded plugin clock (category:base,tabindex:2)
2025-12-21 13:54:09,475 [INFO] PluginManage:310 - Check plugin ddr
2025-12-21 13:54:09,491 [INFO] PluginManage:359 - Loaded plugin ddr (category:tool,tabindex:6)
2025-12-21 13:54:09,491 [INFO] PluginManage:310 - Check plugin filemanager
2025-12-21 13:54:09,619 [INFO] PluginManage:359 - Loaded plugin filemanager (category:base,tabindex:10)
2025-12-21 13:54:09,619 [INFO] PluginManage:310 - Check plugin ipmanager
2025-12-21 13:54:09,634 [INFO] PluginManage:359 - Loaded plugin ipmanager (category:base,tabindex:5)
2025-12-21 13:54:09,634 [INFO] PluginManage:310 - Check plugin lpbam
2025-12-21 13:54:09,634 [INFO] PluginManage:359 - Loaded plugin lpbam (category:base,tabindex:0)
2025-12-21 13:54:09,634 [INFO] PluginManage:310 - Check plugin memorymap
2025-12-21 13:54:09,650 [INFO] PluginManage:359 - Loaded plugin memorymap (category:base,tabindex:4)
2025-12-21 13:54:09,650 [INFO] PluginManage:310 - Check plugin pinoutandconfiguration
2025-12-21 13:54:09,665 [INFO] PluginManage:359 - Loaded plugin pinoutandconfiguration (category:base,tabindex:1)
2025-12-21 13:54:09,665 [INFO] PluginManage:310 - Check plugin pinoutconfig
2025-12-21 13:54:09,746 [WARN] SupportedApi:132 - Cannot load RTOS API schema: s4s-elt-must-match.1: The content of 'definitions' must match (annotation?, (simpleType | complexType)?, (unique | key | keyref)*)). A problem was found starting at: attribute.
2025-12-21 13:54:09,903 [INFO] PluginManage:359 - Loaded plugin pinoutconfig (category:base,tabindex:0)
2025-12-21 13:54:09,903 [INFO] PluginManage:310 - Check plugin power
2025-12-21 13:54:09,919 [INFO] PluginManage:359 - Loaded plugin power (category:power,tabindex:4)
2025-12-21 13:54:09,919 [INFO] PluginManage:310 - Check plugin projectmanager
2025-12-21 13:54:09,935 [INFO] PluginManage:359 - Loaded plugin projectmanager (category:projectmanager,tabindex:4)
2025-12-21 13:54:09,935 [INFO] PluginManage:310 - Check plugin rif
2025-12-21 13:54:09,935 [INFO] PluginManage:359 - Loaded plugin rif (category:base,tabindex:3)
2025-12-21 13:54:09,935 [INFO] PluginManage:310 - Check plugin thirdparty
2025-12-21 13:54:10,077 [WARN] IntegrityCheckThread:84 - waiting for thirdparty lock release [integrity check]
2025-12-21 13:54:10,077 [INFO] IntegrityCheckThread:86 - entering critical section [integrity check]
2025-12-21 13:54:10,077 [INFO] ThirdPartyUpdaterWithRetryManager:70 - Updater plugin not ready yet. [1/15]
2025-12-21 13:54:10,077 [INFO] PluginManage:359 - Loaded plugin thirdparty (category:base,tabindex:-1)
2025-12-21 13:54:10,077 [INFO] PluginManage:310 - Check plugin tools
2025-12-21 13:54:10,093 [INFO] PluginManage:359 - Loaded plugin tools (category:base,tabindex:7)
2025-12-21 13:54:10,093 [INFO] PluginManage:310 - Check plugin tutovideos
2025-12-21 13:54:10,272 [INFO] PluginManage:359 - Loaded plugin tutovideos (category:base,tabindex:-1)
2025-12-21 13:54:10,272 [INFO] PluginManage:310 - Check plugin updater
2025-12-21 13:54:10,298 [INFO] PluginManage:359 - Loaded plugin updater (category:base,tabindex:12)
2025-12-21 13:54:10,303 [INFO] PluginManage:310 - Check plugin userauth
2025-12-21 13:54:10,303 [INFO] UserAuth:118 - Init User Auth plugin
2025-12-21 13:54:10,303 [INFO] PluginManage:359 - Loaded plugin userauth (category:base,tabindex:14)
2025-12-21 13:54:10,303 [INFO] PluginManage:283 - PluginManage : Loaded plugins [18]
2025-12-21 13:54:10,513 [INFO] PinOutPanel:1589 - setPackage(No Configuration,No Configuration)
2025-12-21 13:54:10,576 [INFO] CADModel:165 - CPN selected for project level
2025-12-21 13:54:10,576 [INFO] CADModel:114 - Register for checkConnection events
2025-12-21 13:54:10,592 [INFO] IPUIPlugin:80 - create IPUIPlugin
2025-12-21 13:54:10,592 [INFO] PluginManager:220 - loadIPPluginJar : add adc
2025-12-21 13:54:10,592 [INFO] IPUIPlugin:80 - create IPUIPlugin
2025-12-21 13:54:10,592 [INFO] PluginManager:220 - loadIPPluginJar : add aes
2025-12-21 13:54:10,592 [INFO] IPUIPlugin:80 - create IPUIPlugin
2025-12-21 13:54:10,592 [INFO] PluginManager:220 - loadIPPluginJar : add can
2025-12-21 13:54:10,592 [INFO] IPUIPlugin:80 - create IPUIPlugin
2025-12-21 13:54:10,592 [INFO] PluginManager:220 - loadIPPluginJar : add comp
2025-12-21 13:54:10,607 [INFO] IPUIPlugin:80 - create IPUIPlugin
2025-12-21 13:54:10,607 [INFO] PluginManager:220 - loadIPPluginJar : add cryp
2025-12-21 13:54:10,607 [INFO] IPUIPlugin:80 - create IPUIPlugin
2025-12-21 13:54:10,607 [INFO] PluginManager:220 - loadIPPluginJar : add ddr_ctrl_phy
2025-12-21 13:54:10,607 [INFO] IPUIPlugin:80 - create IPUIPlugin
2025-12-21 13:54:10,607 [INFO] PluginManager:220 - loadIPPluginJar : add dfsdm
2025-12-21 13:54:10,607 [INFO] IPUIPlugin:80 - create IPUIPlugin
2025-12-21 13:54:10,607 [INFO] PluginManager:220 - loadIPPluginJar : add dma
2025-12-21 13:54:10,607 [INFO] IPUIPlugin:80 - create IPUIPlugin
2025-12-21 13:54:10,607 [INFO] PluginManager:220 - loadIPPluginJar : add dma3
2025-12-21 13:54:10,623 [INFO] IPUIPlugin:80 - create IPUIPlugin
2025-12-21 13:54:10,623 [INFO] PluginManager:220 - loadIPPluginJar : add extmemmanager
2025-12-21 13:54:10,625 [INFO] IPUIPlugin:80 - create IPUIPlugin
2025-12-21 13:54:10,625 [INFO] PluginManager:220 - loadIPPluginJar : add fatfs
2025-12-21 13:54:10,625 [INFO] IPUIPlugin:80 - create IPUIPlugin
2025-12-21 13:54:10,625 [INFO] PluginManager:220 - loadIPPluginJar : add fmc
2025-12-21 13:54:10,625 [INFO] IPUIPlugin:80 - create IPUIPlugin
2025-12-21 13:54:10,625 [INFO] PluginManager:220 - loadIPPluginJar : add freertos
2025-12-21 13:54:10,625 [INFO] IPUIPlugin:80 - create IPUIPlugin
2025-12-21 13:54:10,625 [INFO] PluginManager:220 - loadIPPluginJar : add genericplugin
2025-12-21 13:54:10,625 [INFO] IPUIPlugin:80 - create IPUIPlugin
2025-12-21 13:54:10,625 [INFO] PluginManager:220 - loadIPPluginJar : add gfxmmu
2025-12-21 13:54:10,639 [INFO] IPUIPlugin:80 - create IPUIPlugin
2025-12-21 13:54:10,639 [INFO] PluginManager:220 - loadIPPluginJar : add gic
2025-12-21 13:54:10,639 [INFO] IPUIPlugin:80 - create IPUIPlugin
2025-12-21 13:54:10,639 [INFO] PluginManager:220 - loadIPPluginJar : add gpio
2025-12-21 13:54:10,639 [INFO] IPUIPlugin:80 - create IPUIPlugin
2025-12-21 13:54:10,639 [INFO] PluginManager:220 - loadIPPluginJar : add gtzc
2025-12-21 13:54:10,651 [INFO] IPUIPlugin:80 - create IPUIPlugin
2025-12-21 13:54:10,651 [INFO] PluginManager:220 - loadIPPluginJar : add hash
2025-12-21 13:54:10,651 [INFO] IPUIPlugin:80 - create IPUIPlugin
2025-12-21 13:54:10,651 [INFO] PluginManager:220 - loadIPPluginJar : add i2c
2025-12-21 13:54:10,655 [INFO] IPUIPlugin:80 - create IPUIPlugin
2025-12-21 13:54:10,655 [INFO] PluginManager:220 - loadIPPluginJar : add i2s
2025-12-21 13:54:10,655 [INFO] IPUIPlugin:80 - create IPUIPlugin
2025-12-21 13:54:10,655 [INFO] PluginManager:220 - loadIPPluginJar : add i3c
2025-12-21 13:54:10,655 [INFO] IPUIPlugin:80 - create IPUIPlugin
2025-12-21 13:54:10,655 [INFO] PluginManager:220 - loadIPPluginJar : add ipddr
2025-12-21 13:54:10,667 [INFO] IPUIPlugin:80 - create IPUIPlugin
2025-12-21 13:54:10,667 [INFO] PluginManager:220 - loadIPPluginJar : add linkedlist
2025-12-21 13:54:10,671 [INFO] IPUIPlugin:80 - create IPUIPlugin
2025-12-21 13:54:10,671 [INFO] PluginManager:220 - loadIPPluginJar : add lorawan
2025-12-21 13:54:10,671 [INFO] IPUIPlugin:80 - create IPUIPlugin
2025-12-21 13:54:10,671 [INFO] PluginManager:220 - loadIPPluginJar : add ltdc
2025-12-21 13:54:10,671 [INFO] IPUIPlugin:80 - create IPUIPlugin
2025-12-21 13:54:10,671 [INFO] PluginManager:220 - loadIPPluginJar : add mdma
2025-12-21 13:54:10,671 [INFO] IPUIPlugin:80 - create IPUIPlugin
2025-12-21 13:54:10,671 [INFO] PluginManager:220 - loadIPPluginJar : add nvic
2025-12-21 13:54:10,671 [INFO] IPUIPlugin:80 - create IPUIPlugin
2025-12-21 13:54:10,671 [INFO] PluginManager:220 - loadIPPluginJar : add opamp
2025-12-21 13:54:10,686 [INFO] IPUIPlugin:80 - create IPUIPlugin
2025-12-21 13:54:10,686 [INFO] PluginManager:220 - loadIPPluginJar : add openamp
2025-12-21 13:54:10,686 [INFO] IPUIPlugin:80 - create IPUIPlugin
2025-12-21 13:54:10,686 [INFO] PluginManager:220 - loadIPPluginJar : add pdm2pcm
2025-12-21 13:54:10,686 [INFO] IPUIPlugin:80 - create IPUIPlugin
2025-12-21 13:54:10,686 [INFO] PluginManager:220 - loadIPPluginJar : add plateformsettings
2025-12-21 13:54:10,686 [INFO] IPUIPlugin:80 - create IPUIPlugin
2025-12-21 13:54:10,686 [INFO] PluginManager:220 - loadIPPluginJar : add quadspi
2025-12-21 13:54:10,686 [INFO] IPUIPlugin:80 - create IPUIPlugin
2025-12-21 13:54:10,686 [INFO] PluginManager:220 - loadIPPluginJar : add radio
2025-12-21 13:54:10,702 [INFO] IPUIPlugin:80 - create IPUIPlugin
2025-12-21 13:54:10,702 [INFO] PluginManager:220 - loadIPPluginJar : add resmgrutility
2025-12-21 13:54:10,702 [INFO] IPUIPlugin:80 - create IPUIPlugin
2025-12-21 13:54:10,702 [INFO] PluginManager:220 - loadIPPluginJar : add sai
2025-12-21 13:54:10,702 [INFO] IPUIPlugin:80 - create IPUIPlugin
2025-12-21 13:54:10,702 [INFO] PluginManager:220 - loadIPPluginJar : add spi
2025-12-21 13:54:10,702 [INFO] IPUIPlugin:80 - create IPUIPlugin
2025-12-21 13:54:10,702 [INFO] PluginManager:220 - loadIPPluginJar : add stm32_wpan
2025-12-21 13:54:10,702 [INFO] IPUIPlugin:80 - create IPUIPlugin
2025-12-21 13:54:10,702 [INFO] PluginManager:220 - loadIPPluginJar : add tim
2025-12-21 13:54:10,702 [INFO] IPUIPlugin:80 - create IPUIPlugin
2025-12-21 13:54:10,702 [INFO] PluginManager:220 - loadIPPluginJar : add touchsensing
2025-12-21 13:54:10,718 [INFO] IPUIPlugin:80 - create IPUIPlugin
2025-12-21 13:54:10,718 [INFO] PluginManager:220 - loadIPPluginJar : add tracer_emb
2025-12-21 13:54:10,718 [INFO] IPUIPlugin:80 - create IPUIPlugin
2025-12-21 13:54:10,718 [INFO] PluginManager:220 - loadIPPluginJar : add ts
2025-12-21 13:54:10,718 [INFO] IPUIPlugin:80 - create IPUIPlugin
2025-12-21 13:54:10,718 [INFO] PluginManager:220 - loadIPPluginJar : add tsc
2025-12-21 13:54:10,718 [INFO] IPUIPlugin:80 - create IPUIPlugin
2025-12-21 13:54:10,718 [INFO] PluginManager:220 - loadIPPluginJar : add ucpd
2025-12-21 13:54:10,718 [INFO] IPUIPlugin:80 - create IPUIPlugin
2025-12-21 13:54:10,718 [INFO] PluginManager:220 - loadIPPluginJar : add usart
2025-12-21 13:54:10,718 [INFO] IPUIPlugin:80 - create IPUIPlugin
2025-12-21 13:54:10,718 [INFO] PluginManager:220 - loadIPPluginJar : add usbx
2025-12-21 13:54:10,854 [FATAL] Updater:351 - Updater called before beeing initialized
2025-12-21 13:54:10,873 [INFO] RulesReader:64 - Compatibility file has been processed (317 Rules)
2025-12-21 13:54:10,888 [INFO] RulesReader:64 - Compatibility file has been processed (317 Rules)
2025-12-21 13:54:10,906 [INFO] CADModel:165 - CPN selected for project level
2025-12-21 13:54:10,906 [INFO] CADModel:114 - Register for checkConnection events
2025-12-21 13:54:10,906 [FATAL] Updater:351 - Updater called before beeing initialized
2025-12-21 13:54:10,906 [ERROR] CADModel:125 - Updater not yet initialized, retry later 
2025-12-21 13:54:11,054 [FATAL] Updater:351 - Updater called before beeing initialized
2025-12-21 13:54:11,059 [INFO] CADModel:165 - CPN selected for project level
2025-12-21 13:54:11,059 [INFO] CADModel:114 - Register for checkConnection events
2025-12-21 13:54:11,059 [FATAL] Updater:351 - Updater called before beeing initialized
2025-12-21 13:54:11,059 [ERROR] CADModel:125 - Updater not yet initialized, retry later 
2025-12-21 13:54:11,061 [FATAL] Updater:351 - Updater called before beeing initialized
2025-12-21 13:54:11,193 [FATAL] Updater:351 - Updater called before beeing initialized
2025-12-21 13:54:11,208 [INFO] DbMcusAds:53 - JSON generation date=Tue Dec 16 07:11:46 CST 2025 (1765840306612)
2025-12-21 13:54:11,208 [FATAL] Updater:351 - Updater called before beeing initialized
2025-12-21 13:54:11,256 [WARN] DetailPanel:346 - Failed to get advertising image, set to default
2025-12-21 13:54:11,351 [FATAL] Updater:351 - Updater called before beeing initialized
2025-12-21 13:54:11,351 [FATAL] Updater:351 - Updater called before beeing initialized
2025-12-21 13:54:11,351 [FATAL] Updater:351 - Updater called before beeing initialized
2025-12-21 13:54:11,351 [WARN] DetailPanel:346 - Failed to get advertising image, set to default
2025-12-21 13:54:11,351 [FATAL] Updater:351 - Updater called before beeing initialized
2025-12-21 13:54:11,408 [ERROR] Updater:1198 - MainUpdater not yet initialized. External WinMGr cannot be set.
2025-12-21 13:54:11,408 [INFO] Updater:1134 - Updater Version found : 6.15.0
2025-12-21 13:54:11,424 [INFO] ApplicationProperties:184 - Using Application install path: C:\ST\STM32CubeIDE_1.19.0\STM32CubeIDE\plugins\com.st.stm32cube.common.mx_6.15.0.202507011659
2025-12-21 13:54:13,048 [ERROR] LogOutputStream:75 - [STDERR_REDIRECT] Dec 21, 2025 1:54:13 PM java.util.prefs.WindowsPreferences <init>
2025-12-21 13:54:13,048 [ERROR] LogOutputStream:75 - [STDERR_REDIRECT] WARNING: Could not open/create prefs root node Software\JavaSoft\Prefs at root 0xffffffff80000002. Windows RegCreateKeyEx(...) returned error code 5.
2025-12-21 13:54:13,048 [ERROR] LogOutputStream:75 - [STDERR_REDIRECT] 
2025-12-21 13:54:13,094 [INFO] ThirdPartyUpdaterWithRetryManager:70 - Updater plugin not ready yet. [2/15]
2025-12-21 13:54:13,350 [INFO] MainUpdater:2872 - connection check result : 10
2025-12-21 13:54:13,350 [INFO] MainUpdater:289 - Updater Check For Update Now.
2025-12-21 13:54:13,350 [INFO] MicroXplorer:498 - Change Database Version : DB.6.0.150
2025-12-21 13:54:13,540 [INFO] CheckServerUpdateThread:120 - End of CheckServer Thread
2025-12-21 13:54:13,575 [INFO] MainUpdater:2872 - connection check result : 10
2025-12-21 13:54:13,575 [INFO] MainUpdater:2872 - connection check result : 10
2025-12-21 13:54:13,607 [INFO] MicroXplorer:468 - Change Database Path : 
2025-12-21 13:54:13,607 [INFO] MicroXplorer:498 - Change Database Version : DB.6.0.150
2025-12-21 13:54:13,611 [WARN] ThirdParty:871 - waiting for thirdparty lock release [close project]
2025-12-21 13:54:16,328 [WARN] PackLoader:240 - Cannot read IP mode file for STMicroelectronics.FP-SNS-MOTENVWB1.1.4.0
2025-12-21 13:54:16,334 [WARN] PackLoader:240 - Cannot read IP mode file for STMicroelectronics.FP-ATR-ASTRA1.2.0.2
2025-12-21 13:54:16,341 [WARN] PackLoader:240 - Cannot read IP mode file for STMicroelectronics.X-CUBE-SMBUS.2.1.0
2025-12-21 13:54:16,345 [WARN] PackLoader:240 - Cannot read IP mode file for STMicroelectronics.X-CUBE-ST60.1.0.0
2025-12-21 13:54:16,360 [WARN] PackLoader:240 - Cannot read IP mode file for STMicroelectronics.X-CUBE-AZRTOS-F7.1.1.0
2025-12-21 13:54:16,360 [WARN] PackLoader:240 - Cannot read IP mode file for STMicroelectronics.FP-SNS-MOTENV1.5.1.0
2025-12-21 13:54:16,380 [WARN] PackLoader:240 - Cannot read IP mode file for WES.I-CUBE-Cesium.1.4.0
2025-12-21 13:54:16,404 [WARN] PackLoader:240 - Cannot read IP mode file for Infineon.AIROC-Wi-Fi-Bluetooth-STM32.1.7.1
2025-12-21 13:54:16,424 [WARN] PackLoader:240 - Cannot read IP mode file for STMicroelectronics.X-CUBE-AZRTOS-H7.3.4.0
2025-12-21 13:54:16,432 [WARN] PackLoader:240 - Cannot read IP mode file for STMicroelectronics.X-CUBE-DISPLAY.3.0.0
2025-12-21 13:54:16,444 [WARN] PackLoader:240 - Cannot read IP mode file for STMicroelectronics.X-CUBE-NFC10.1.0.0
2025-12-21 13:54:16,448 [WARN] PackLoader:240 - Cannot read IP mode file for STMicroelectronics.X-CUBE-ST60.1.1.0
2025-12-21 13:54:16,453 [WARN] PackLoader:240 - Cannot read IP mode file for emotas.I-CUBE-CANOPEN.1.3.0
2025-12-21 13:54:16,457 [WARN] PackLoader:240 - Cannot read IP mode file for STMicroelectronics.X-CUBE-GNSS1.7.1.0
2025-12-21 13:54:16,463 [WARN] PackLoader:240 - Cannot read IP mode file for STMicroelectronics.FP-SNS-STBOX1.2.1.0
2025-12-21 13:54:16,468 [WARN] PackLoader:240 - Cannot read IP mode file for STMicroelectronics.FP-SNS-SMARTAG2.1.2.0
2025-12-21 13:54:16,472 [WARN] PackLoader:240 - Cannot read IP mode file for STMicroelectronics.FP-SNS-FLIGHT1.5.1.0
2025-12-21 13:54:16,474 [INFO] LogOutputStream:77 - [STDOUT_REDIRECT] 1 : Invalid condition id : UX_CORESTACK_Condition cause : null
2025-12-21 13:54:16,474 [INFO] LogOutputStream:77 - [STDOUT_REDIRECT] 1 : Invalid condition id : UX_CORESTACK_Condition cause : null
2025-12-21 13:54:16,474 [INFO] LogOutputStream:77 - [STDOUT_REDIRECT] 1 : Invalid condition id : UX_CORESTACK_Condition cause : null
2025-12-21 13:54:16,474 [INFO] LogOutputStream:77 - [STDOUT_REDIRECT] 1 : Invalid condition id : UX_CORESTACK_Condition cause : null
2025-12-21 13:54:16,474 [INFO] LogOutputStream:77 - [STDOUT_REDIRECT] 1 : Invalid condition id : UX_CORESTACK_Condition cause : null
2025-12-21 13:54:16,474 [WARN] PackLoader:240 - Cannot read IP mode file for STMicroelectronics.X-CUBE-AZRTOS-WL.2.0.0
2025-12-21 13:54:16,474 [WARN] PackLoader:240 - Cannot read IP mode file for STMicroelectronics.FP-SNS-MOTENV1.5.0.0
2025-12-21 13:54:16,490 [WARN] PackLoader:240 - Cannot read IP mode file for STMicroelectronics.X-CUBE-AZRTOS-H7RS.1.2.0
2025-12-21 13:54:16,506 [WARN] PackLoader:240 - Cannot read IP mode file for STMicroelectronics.X-CUBE-BLE2.3.3.0
2025-12-21 13:54:16,522 [WARN] PackLoader:240 - Cannot read IP mode file for STMicroelectronics.X-CUBE-NFC9.1.0.0
2025-12-21 13:54:16,522 [WARN] PackLoader:240 - Cannot read IP mode file for wolfSSL.I-CUBE-wolfSSL.5.8.2
2025-12-21 13:54:16,522 [WARN] PackLoader:240 - Cannot read IP mode file for STMicroelectronics.X-CUBE-BLE1.7.1.0
2025-12-21 13:54:16,538 [WARN] PackLoader:240 - Cannot read IP mode file for wolfSSL.I-CUBE-wolfMQTT.1.19.2
2025-12-21 13:54:16,542 [WARN] PackLoader:240 - Cannot read IP mode file for STMicroelectronics.X-CUBE-FREERTOS.1.4.0
2025-12-21 13:54:16,547 [WARN] PackLoader:240 - Cannot read IP mode file for STMicroelectronics.X-CUBE-EEPRMA1.5.2.0
2025-12-21 13:54:16,554 [WARN] PackLoader:240 - Cannot read IP mode file for STMicroelectronics.X-CUBE-ST67W61.1.1.0
2025-12-21 13:54:16,580 [WARN] PackLoader:240 - Cannot read IP mode file for STMicroelectronics.X-CUBE-MEMS1.12.0.0
2025-12-21 13:54:16,646 [WARN] PackLoader:240 - Cannot read IP mode file for STMicroelectronics.X-CUBE-AZRTOS-G0.1.1.0
2025-12-21 13:54:16,652 [WARN] PackLoader:240 - Cannot read IP mode file for STMicroelectronics.X-CUBE-SAFEA1.1.2.2
2025-12-21 13:54:16,652 [WARN] PackLoader:240 - Cannot read IP mode file for STMicroelectronics.X-CUBE-NFC4.3.0.0
2025-12-21 13:54:16,668 [WARN] PackLoader:240 - Cannot read IP mode file for EmbeddedOffice.I-CUBE-FS-RTOS.1.0.1
2025-12-21 13:54:16,671 [WARN] PackLoader:240 - Cannot read IP mode file for STMicroelectronics.X-CUBE-WB05N.2.0.0
2025-12-21 13:54:16,671 [WARN] PackLoader:240 - Cannot read IP mode file for wolfSSL.I-CUBE-wolfTPM.3.8.0
2025-12-21 13:54:16,671 [WARN] PackLoader:240 - Cannot read IP mode file for STMicroelectronics.X-CUBE-TCPP.4.2.0
2025-12-21 13:54:16,683 [WARN] PackLoader:240 - Cannot read IP mode file for RealThread.X-CUBE-RT-Thread_Nano.4.1.1
2025-12-21 13:54:16,683 [WARN] PackLoader:240 - Cannot read IP mode file for STMicroelectronics.FP-ATR-SIGFOX1.3.2.0
2025-12-21 13:54:16,683 [WARN] PackLoader:240 - Cannot read IP mode file for ITTIA_DB.I-CUBE-ITTIADB.8.9.0
2025-12-21 13:54:16,699 [WARN] PackLoader:240 - Cannot read IP mode file for STMicroelectronics.X-CUBE-ST67W61.1.0.0
2025-12-21 13:54:16,699 [WARN] PackLoader:240 - Cannot read IP mode file for STMicroelectronics.X-CUBE-AI.10.2.0
2025-12-21 13:54:16,715 [WARN] PackLoader:240 - Cannot read IP mode file for SEGGER.I-CUBE-embOS.1.3.1
2025-12-21 13:54:16,745 [WARN] PackLoader:240 - Cannot read IP mode file for STMicroelectronics.X-CUBE-ALGOBUILD.1.4.0
2025-12-21 13:54:16,805 [WARN] PackLoader:240 - Cannot read IP mode file for STMicroelectronics.X-CUBE-MEMS1.11.3.0
2025-12-21 13:54:16,894 [WARN] PackLoader:240 - Cannot read IP mode file for STMicroelectronics.X-CUBE-PM33A1.1.0.0
2025-12-21 13:54:16,905 [WARN] PackLoader:240 - Cannot read IP mode file for STMicroelectronics.X-CUBE-AZRTOS-F4.1.1.0
2025-12-21 13:54:16,905 [WARN] PackLoader:240 - Cannot read IP mode file for Avnet-IotConnect.X-CUBE-IoTC-DA16k-PMOD.1.0.0
2025-12-21 13:54:16,905 [WARN] PackLoader:240 - Cannot read IP mode file for STMicroelectronics.X-CUBE-ISPU.2.1.0
2025-12-21 13:54:16,920 [WARN] PackLoader:240 - Cannot read IP mode file for STMicroelectronics.X-CUBE-IPS.3.2.0
2025-12-21 13:54:16,920 [WARN] PackLoader:240 - Cannot read IP mode file for STMicroelectronics.X-CUBE-NFC12.1.0.0
2025-12-21 13:54:16,936 [WARN] PackLoader:240 - Cannot read IP mode file for STMicroelectronics.X-CUBE-AZRTOS-L5.2.0.0
2025-12-21 13:54:16,952 [WARN] PackLoader:240 - Cannot read IP mode file for STMicroelectronics.X-CUBE-NFC6.3.1.0
2025-12-21 13:54:16,952 [WARN] PackLoader:240 - Cannot read IP mode file for STMicroelectronics.X-CUBE-FREERTOS.1.3.1
2025-12-21 13:54:16,952 [WARN] PackLoader:240 - Cannot read IP mode file for STMicroelectronics.X-CUBE-TOUCHGFX.4.26.0
2025-12-21 13:54:16,952 [WARN] PackLoader:240 - Cannot read IP mode file for STMicroelectronics.FP-SNS-STAIOTCFT.1.0.0
2025-12-21 13:54:16,968 [WARN] PackLoader:240 - Cannot read IP mode file for STMicroelectronics.X-CUBE-DPower.1.3.0
2025-12-21 13:54:16,981 [WARN] ConditionMgr:438 - getConditionDescription Invalid condition id : LAN8742 Phy interface Condition cause : null
2025-12-21 13:54:16,982 [WARN] PackLoader:240 - Cannot read IP mode file for STMicroelectronics.X-CUBE-AZRTOS-L4.2.0.0
2025-12-21 13:54:16,982 [WARN] ConditionMgr:1044 - genDependencies : Invalid condition id : LAN8742 Phy interface Condition cause : null
2025-12-21 13:54:16,982 [WARN] ConditionMgr:1044 - genDependencies : Invalid condition id : LAN8742 Phy interface Condition cause : null
2025-12-21 13:54:16,983 [WARN] ConditionMgr:1044 - genDependencies : Invalid condition id : LAN8742 Phy interface Condition cause : null
2025-12-21 13:54:16,988 [WARN] PackLoader:240 - Cannot read IP mode file for STMicroelectronics.X-CUBE-SFXS2LP1.4.0.0
2025-12-21 13:54:16,996 [WARN] PackLoader:240 - Cannot read IP mode file for STMicroelectronics.X-CUBE-BLEMGR.4.1.0
2025-12-21 13:54:17,007 [WARN] ConditionMgr:438 - getConditionDescription Invalid condition id : UX DEVICE CLASS RTOS Condition cause : null
2025-12-21 13:54:17,007 [WARN] ConditionMgr:438 - getConditionDescription Invalid condition id : UX DEVICE CLASS RTOS Condition cause : null
2025-12-21 13:54:17,009 [WARN] PackLoader:240 - Cannot read IP mode file for STMicroelectronics.X-CUBE-AZRTOS-WB.2.0.0
2025-12-21 13:54:17,009 [WARN] ConditionMgr:1044 - genDependencies : Invalid condition id : UX DEVICE CLASS RTOS Condition cause : null
2025-12-21 13:54:17,009 [WARN] ConditionMgr:1044 - genDependencies : Invalid condition id : UX DEVICE CLASS RTOS Condition cause : null
2025-12-21 13:54:17,009 [WARN] ConditionMgr:1044 - genDependencies : Invalid condition id : UX DEVICE CLASS RTOS Condition cause : null
2025-12-21 13:54:17,009 [WARN] ConditionMgr:1044 - genDependencies : Invalid condition id : UX DEVICE CLASS RTOS Condition cause : null
2025-12-21 13:54:17,009 [WARN] ConditionMgr:1044 - genDependencies : Invalid condition id : UX DEVICE CLASS RTOS Condition cause : null
2025-12-21 13:54:17,013 [WARN] PackLoader:240 - Cannot read IP mode file for STMicroelectronics.X-CUBE-GNSS1.7.0.1
2025-12-21 13:54:17,016 [WARN] PackLoader:240 - Cannot read IP mode file for STMicroelectronics.X-CUBE-TOUCHGFX.4.25.0
2025-12-21 13:54:17,020 [WARN] ConditionMgr:438 - getConditionDescription Invalid condition id : Cortex-A Device cause : null
2025-12-21 13:54:17,028 [WARN] ConditionMgr:1044 - genDependencies : Invalid condition id : Cortex-A Device cause : null
2025-12-21 13:54:17,028 [WARN] ConditionMgr:1044 - genDependencies : Invalid condition id : Cortex-A Device cause : null
2025-12-21 13:54:17,028 [WARN] ConditionMgr:1044 - genDependencies : Invalid condition id : Cortex-A Device cause : null
2025-12-21 13:54:17,035 [WARN] PackLoader:240 - Cannot read IP mode file for STMicroelectronics.X-CUBE-SUBG2.5.0.0
2025-12-21 13:54:17,051 [WARN] PackLoader:240 - Cannot read IP mode file for STMicroelectronics.X-CUBE-AZRTOS-H7RS.1.1.0
2025-12-21 13:54:17,055 [WARN] PackLoader:240 - Cannot read IP mode file for Cesanta.I-CUBE-Mongoose.7.13.0
2025-12-21 13:54:17,066 [WARN] PackLoader:240 - Cannot read IP mode file for STMicroelectronics.X-CUBE-AZRTOS-G4.2.0.0
2025-12-21 13:54:17,070 [WARN] PackLoader:240 - Cannot read IP mode file for wolfSSL.I-CUBE-wolfSSH.1.4.20
2025-12-21 13:54:17,073 [WARN] PackLoader:240 - Cannot read IP mode file for STMicroelectronics.X-CUBE-NFC7.2.0.0
2025-12-21 13:54:17,082 [WARN] PackLoader:240 - Cannot read IP mode file for STMicroelectronics.X-CUBE-IPS.3.1.0
2025-12-21 13:54:17,088 [WARN] PackLoader:240 - Cannot read IP mode file for STMicroelectronics.X-CUBE-ALS.1.0.2
2025-12-21 13:54:17,094 [WARN] PackLoader:240 - Cannot read IP mode file for STMicroelectronics.X-CUBE-STSE01.1.0.0
2025-12-21 13:54:17,102 [WARN] PackLoader:240 - Cannot read IP mode file for STMicroelectronics.X-CUBE-TOF1.3.4.3
2025-12-21 13:54:17,112 [INFO] ThirdParty:978 - Integrity check success = true
2025-12-21 13:54:17,112 [INFO] IntegrityCheckThread:100 - exiting critical section [integrity check]
2025-12-21 13:54:17,112 [INFO] IntegrityCheckThread:103 - End integrity checks thread
2025-12-21 13:54:17,112 [INFO] ThirdParty:873 - entering critical section [close project]
2025-12-21 13:54:17,114 [INFO] ThirdParty:883 - exiting critical section [close project]
2025-12-21 13:54:17,119 [INFO] PinOutPanel:1589 - setPackage(No Configuration,No Configuration)
2025-12-21 13:54:17,120 [INFO] UtilMem:75 - Begin LoadConfig() Used Memory: 146614144 Bytes (283115520)
2025-12-21 13:54:17,122 [INFO] MicroXplorer:468 - Change Database Path : 
2025-12-21 13:54:17,122 [INFO] MicroXplorer:498 - Change Database Version : DB.6.0.150
2025-12-21 13:54:17,122 [INFO] OpenFileManager:355 - Change cursor
2025-12-21 13:54:17,184 [INFO] Mcu:2029 - Initializing MCU STM32L476R(C-E-G)Tx STM32L476RGTx STM32L476RGT3
2025-12-21 13:54:17,328 [INFO] McuFinderGlobals:63 - Set McuFinder mode to 2 (CubeIDE integrated)
2025-12-21 13:54:17,329 [INFO] UserAuth:487 - Internet connection configuration mode: 1
2025-12-21 13:54:17,373 [INFO] JxBrowserEngine:152 - Initiate JxBrowser Engine with user profile folder
2025-12-21 13:54:19,792 [INFO] WebApp:169 - Instantiating new browser for Auth
2025-12-21 13:54:20,237 [INFO] Context:786 - Trying to add GPIOservice into a context  which must be forbidden
2025-12-21 13:54:20,805 [INFO] ImportTextPane:234 - (OptionalMessage_ERROR) Pin3 (VP_RIF_VS_RIF1) cannot be retrieved for this MCU
2025-12-21 13:54:21,035 [INFO] RtosManager:558 - Registered RTOS mode: class=CMSIS, group=RTOS, mode=CMSIS_V1, owner=FREERTOS
2025-12-21 13:54:21,035 [INFO] RtosManager:558 - Registered RTOS mode: class=CMSIS, group=RTOS2, mode=CMSIS_V2, owner=FREERTOS
2025-12-21 13:54:21,035 [INFO] RtosManager:558 - Registered RTOS mode: class=RTOS, group=Core, mode=CMSIS_V1, owner=FREERTOS
2025-12-21 13:54:21,035 [INFO] RtosManager:558 - Registered RTOS mode: class=RTOS, group=Core, mode=CMSIS_V2, owner=FREERTOS
2025-12-21 13:54:21,035 [WARN] ModelIntegratedComponent:184 - Missing modes for component STMicroelectronics:FreeRTOS:0.0.1:STMicroelectronics:RTOS:FreeRTOS:Core:::10.2.0:
2025-12-21 13:54:21,056 [WARN] ModelIntegratedComponent:63 - No mode defined for component null
2025-12-21 13:54:21,056 [WARN] ModelIntegratedComponent:63 - No mode defined for component null
2025-12-21 13:54:21,056 [WARN] ModelIntegratedComponent:63 - No mode defined for component null
2025-12-21 13:54:21,056 [WARN] ModelIntegratedComponent:63 - No mode defined for component null
2025-12-21 13:54:21,056 [WARN] ModelIntegratedComponent:63 - No mode defined for component null
2025-12-21 13:54:21,056 [WARN] ModelIntegratedComponent:63 - No mode defined for component null
2025-12-21 13:54:21,056 [WARN] ModelIntegratedComponent:63 - No mode defined for component null
2025-12-21 13:54:21,056 [WARN] ModelIntegratedComponent:63 - No mode defined for component null
2025-12-21 13:54:21,056 [WARN] ModelIntegratedComponent:63 - No mode defined for component null
2025-12-21 13:54:21,056 [WARN] ModelIntegratedComponent:63 - No mode defined for component null
2025-12-21 13:54:21,056 [WARN] ModelIntegratedComponent:63 - No mode defined for component null
2025-12-21 13:54:21,057 [WARN] ModelIntegratedComponent:63 - No mode defined for component null
2025-12-21 13:54:21,057 [WARN] ModelIntegratedComponent:63 - No mode defined for component null
2025-12-21 13:54:21,057 [WARN] ModelIntegratedComponent:63 - No mode defined for component null
2025-12-21 13:54:21,057 [WARN] ModelIntegratedComponent:63 - No mode defined for component null
2025-12-21 13:54:21,057 [WARN] ModelIntegratedComponent:63 - No mode defined for component null
2025-12-21 13:54:21,057 [WARN] ModelIntegratedComponent:63 - No mode defined for component null
2025-12-21 13:54:21,057 [WARN] ModelIntegratedComponent:63 - No mode defined for component null
2025-12-21 13:54:21,057 [WARN] ModelIntegratedComponent:63 - No mode defined for component null
2025-12-21 13:54:21,057 [WARN] ModelIntegratedComponent:63 - No mode defined for component null
2025-12-21 13:54:21,057 [WARN] ModelIntegratedComponent:63 - No mode defined for component null
2025-12-21 13:54:21,057 [WARN] ModelIntegratedComponent:63 - No mode defined for component null
2025-12-21 13:54:21,057 [WARN] ModelIntegratedComponent:63 - No mode defined for component null
2025-12-21 13:54:21,057 [WARN] ModelIntegratedComponent:63 - No mode defined for component null
2025-12-21 13:54:21,057 [WARN] ModelIntegratedComponent:63 - No mode defined for component null
2025-12-21 13:54:21,057 [WARN] ModelIntegratedComponent:63 - No mode defined for component null
2025-12-21 13:54:21,057 [WARN] ModelIntegratedComponent:63 - No mode defined for component null
2025-12-21 13:54:21,057 [WARN] ModelIntegratedComponent:63 - No mode defined for component null
2025-12-21 13:54:21,057 [WARN] ModelIntegratedComponent:63 - No mode defined for component null
2025-12-21 13:54:21,057 [WARN] ModelIntegratedComponent:63 - No mode defined for component null
2025-12-21 13:54:21,057 [WARN] ModelIntegratedComponent:63 - No mode defined for component null
2025-12-21 13:54:21,057 [WARN] ModelIntegratedComponent:63 - No mode defined for component null
2025-12-21 13:54:21,057 [WARN] ModelIntegratedComponent:63 - No mode defined for component null
2025-12-21 13:54:21,058 [WARN] ModelIntegratedComponent:63 - No mode defined for component null
2025-12-21 13:54:21,058 [WARN] ModelIntegratedComponent:63 - No mode defined for component null
2025-12-21 13:54:21,058 [WARN] ModelPack:524 - Component already loaded: STMicroelectronics:HAL Drivers:0.0.0:STMicroelectronics:Device:STMicro_Driver:XSPI:HAL::0.0.1:HAL_XSPI
2025-12-21 13:54:21,137 [INFO] ThirdPartyModel:298 - Start build external matchings
2025-12-21 13:54:21,570 [INFO] WebApp:463 - Apply proxy settings
2025-12-21 13:54:21,570 [INFO] WebApp:548 - Chromium requires no authentication
2025-12-21 13:54:21,616 [INFO] WebApp:491 - Direct internet connection detected
2025-12-21 13:54:21,694 [INFO] WebApp:900 - Register for checkConnection events
2025-12-21 13:54:21,694 [INFO] WebApp:463 - Apply proxy settings
2025-12-21 13:54:21,694 [INFO] WebApp:548 - Chromium requires no authentication
2025-12-21 13:54:21,695 [INFO] WebApp:491 - Direct internet connection detected
2025-12-21 13:54:21,796 [INFO] ThirdPartyModel:316 - End build external matchings
2025-12-21 13:54:21,885 [INFO] WebApp:191 - Connection restablished
2025-12-21 13:54:22,345 [INFO] WebApp:225 - Starting web application
2025-12-21 13:54:22,345 [INFO] WebApp:593 - Web application path used C:\ST\STM32CubeIDE_1.19.0\STM32CubeIDE\plugins\com.st.stm32cube.common.mx_6.15.0.202507011659\db\plugins\mcufinder\reactClient1\index.html
2025-12-21 13:54:22,355 [INFO] ApiDb:581 - Connected to CubeFinder SQLite database (C:\Users\user\.stmcufinder\plugins\mcufinder\mcu\cube-finder-db.db)
2025-12-21 13:54:22,442 [INFO] UserAuth:487 - Internet connection configuration mode: 1
2025-12-21 13:54:22,518 [INFO] ApiDb:668 - CubeFinder database Data Model version=2.1
2025-12-21 13:54:22,518 [INFO] ApiDb:669 - CubeFinder database Configuration version=3.0.39
2025-12-21 13:54:22,518 [INFO] ApiDb:670 - CubeFinder database generation date=2025-11-05 (1762334721)
2025-12-21 13:54:22,518 [INFO] ApiDb:671 - CubeFinder database FW Pack versions=[FP-ATR-ASTRA1_V2.0.0, FP-SNS-FLIGHT1_V5.1.0, FP-SNS-MOTENV1_V5.1.0, FP-SNS-MOTENVWB1_V1.4.0, FP-SNS-SMARTAG2_V1.2.0, FP-SNS-STBOX1_V2.1.0, STM32Cube_FW_C0_V1.4.0, STM32Cube_FW_F4_V1.28.3, STM32Cube_FW_F7_V1.17.4, STM32Cube_FW_G0_V1.6.2, STM32Cube_FW_G4_V1.6.1, STM32Cube_FW_H5_V1.5.1, STM32Cube_FW_H7RS_V1.3.0, STM32Cube_FW_H7_V1.12.1, STM32Cube_FW_L0_V1.12.2, STM32Cube_FW_L4_V1.18.1, STM32Cube_FW_L5_V1.6.0, STM32Cube_FW_N6_V1.3.0, STM32Cube_FW_U0_V1.3.0, STM32Cube_FW_U3_V1.2.1, STM32Cube_FW_U5_V1.8.0, STM32Cube_FW_WB0_V1.4.0, STM32Cube_FW_WBA_V1.8.0, STM32Cube_FW_WB_V1.24.0, STM32Cube_FW_WL3_V1.3.0, STM32Cube_FW_WL_V1.4.0, X-CUBE-ALGOBUILD_V1.4.0, X-CUBE-ALS_V1.0.2, X-CUBE-AZRTOS-F4_V1.1.0, X-CUBE-AZRTOS-F7_V1.1.0, X-CUBE-AZRTOS-G0_V1.1.0, X-CUBE-AZRTOS-G4_V2.0.0, X-CUBE-AZRTOS-H7RS_V1.1.0, X-CUBE-AZRTOS-H7_V3.4.0, X-CUBE-AZRTOS-L4_V2.0.0, X-CUBE-AZRTOS-L5_V2.0.0, X-CUBE-AZRTOS-WB_V2.0.0, X-CUBE-AZRTOS-WL_V2.0.0, X-CUBE-BLE1_V7.1.0, X-CUBE-BLE2_V3.3.0, X-CUBE-BLEMGR_V4.1.0, X-CUBE-EEPRMA1_V5.2.0, X-CUBE-FREERTOS_V1.3.1, X-CUBE-GNSS1_V6.0.0, X-CUBE-MEMS1_V11.3.0, X-CUBE-NFC4_V3.0.0, X-CUBE-NFC7_V2.0.0, X-CUBE-SFXS2LP1_V4.0.0, X-CUBE-ST67W61_V1.1.0, X-CUBE-SUBG2_V5.0.0, X-CUBE-TOF1_V3.4.3]
2025-12-21 13:54:22,677 [INFO] DbBoardsSqlite:226 - include board P-NUCLEO-WB55-NUCLEO as a kit item of type 'Nucleo-64'
2025-12-21 13:54:22,677 [INFO] DbBoardsSqlite:226 - include board P-NUCLEO-WB55-USBDONGLE as a kit item of type 'Nucleo USB Dongle'
2025-12-21 13:54:22,679 [INFO] DbBoardsSqlite:226 - include board STEVAL-IDP005V1 as a kit item of type 'Evaluation Board'
2025-12-21 13:54:22,679 [INFO] DbBoardsSqlite:226 - include board STEVAL-IDP005V2 as a kit item of type 'Evaluation Board'
2025-12-21 13:54:23,743 [INFO] ApiDb:240 - Found 880 in-development CPN: [B-G473E-ZEST1S, B-WB1M-WPAN1, B-WBA5M-WPAN, B-WL5M-SUBG1, NUCLEO-C031C6, NUCLEO-C051C8, NUCLEO-C071RB, NUCLEO-C092RC, NUCLEO-H503RB, NUCLEO-H533RE, NUCLEO-H563ZI, NUCLEO-H7S3L8, NUCLEO-N657X0-Q, NUCLEO-U031R8, NUCLEO-U083RC, NUCLEO-U385RG-Q, NUCLEO-U545RE-Q, NUCLEO-U5A5ZJ-Q, NUCLEO-WB05KZ, NUCLEO-WB07CC, NUCLEO-WB09KE, NUCLEO-WBA52CG, NUCLEO-WBA55CG, NUCLEO-WL33CC1, NUCLEO-WL33CC2, STEVAL-PROTEUS1, STEVAL-SMARTAG2, STEVAL-STWINBX1, STM320518-EVAL, STM32C0116-DK, STM32C011D6Y3TR, STM32C011D6Y6TR, STM32C011F4P3, STM32C011F4P6, STM32C011F4U3, STM32C011F4U6TR, STM32C011F6P3, STM32C011F6P6, STM32C011F6U3, STM32C011F6U6TR, STM32C011J4M3, STM32C011J4M6, STM32C011J6M3, STM32C011J6M6, STM32C0316-DK, STM32C031C4T3, STM32C031C4T6, STM32C031C4U3, STM32C031C4U6, STM32C031C6T3, STM32C031C6T6, STM32C031C6U3, STM32C031C6U6, STM32C031F4P3, STM32C031F4P6, STM32C031F6P3, STM32C031F6P6, STM32C031G4U3, STM32C031G4U6, STM32C031G6U3, STM32C031G6U6, STM32C031K4T3, STM32C031K4T6, STM32C031K4U3, STM32C031K4U6, STM32C031K6T3, STM32C031K6T6, STM32C031K6U3, STM32C031K6U6, STM32C051C6T6, STM32C051C6U6, STM32C051C8T6, STM32C051C8U6, STM32C051D8Y6TR, STM32C051F6P6, STM32C051F8P6, STM32C051G6U6, STM32C051G8U6, STM32C051K6T6, STM32C051K6U6, STM32C051K8T6, STM32C071C8T6, STM32C071C8T6N, STM32C071C8U6, STM32C071C8U6N, STM32C071CBT6, STM32C071CBT6N, STM32C071CBU6, STM32C071CBU6N, STM32C071F8P6, STM32C071F8P6N, STM32C071FBP6, STM32C071FBP6N, STM32C071FBY6TR, STM32C071G8U6, STM32C071G8U6N, STM32C071GBU6, STM32C071GBU6N, STM32C071K8T6, STM32C071K8T6N, STM32C071K8U6, STM32C071K8U6N, STM32C071KBT6, STM32C071KBT6N, STM32C071KBU6, STM32C071KBU6N, STM32C071R8T6, STM32C071R8T6N, STM32C071RBI6N, STM32C071RBT6, STM32C071RBT6N, STM32C091CBT6, STM32C091CBU6, STM32C091CCT6, STM32C091CCU6, STM32C091ECY6TR, STM32C091FBP6, STM32C091FCP6, STM32C091GBU6, STM32C091GCU6, STM32C091KBT6, STM32C091KBU6, STM32C091KCT6, STM32C091KCU6, STM32C091RBT6, STM32C091RCI6, STM32C091RCT6, STM32C092CBT6, STM32C092CBU6, STM32C092CCT6, STM32C092CCU6, STM32C092ECY6TR, STM32C092FBP6, STM32C092FCP6, STM32C092GBU6, STM32C092GCU6, STM32C092KBT6, STM32C092KBU6, STM32C092KCT6, STM32C092KCU6, STM32C092RBT6, STM32C092RCI6, STM32C092RCT6, STM32G071K8TXN, STM32G071K8UXN, STM32G081GBU6N, STM32G081KBT6N, STM32G081KBUXN, STM32G0B1CCT6N, STM32G0B1KCT6, STM32G0B1NEY6TR, STM32G0B1RCT6N, STM32G0C1CCT6, STM32G0C1CCT6N, STM32G0C1CCU6N, STM32G0C1CET6N, STM32G0C1CEU6N, STM32G0C1KCT6, STM32G0C1NEY6TR, STM32G0C1RCI6N, STM32G0C1RCT6N, STM32G0C1REI6N, STM32G0C1RET6N, STM32G0C1VCI6, STM32G0C1VEI6, STM32G411C6T3, STM32G411C6T6, STM32G411C6U3, STM32G411C6U6, STM32G411C8T3, STM32G411C8T6, STM32G411C8U3, STM32G411C8U6, STM32G411CBT3, STM32G411CBT6, STM32G411CBU3, STM32G411CBU6, STM32G411K6T3, STM32G411K6T6, STM32G411K6U3, STM32G411K6U6, STM32G411K8T3, STM32G411K8T6, STM32G411K8U3, STM32G411K8U6, STM32G411KBT3, STM32G411KBT6, STM32G411KBU3, STM32G411KBU6, STM32G411M6T3, STM32G411M6T6, STM32G411M8T3, STM32G411M8T6, STM32G411MBT3, STM32G411MBT6, STM32G411R6T3, STM32G411R6T6, STM32G411R8T3, STM32G411R8T6, STM32G411RBT3, STM32G411RBT6, STM32G414CBT3, STM32G414CBT6, STM32G414CBU3, STM32G414CBU6, STM32G414CCT3, STM32G414CCT6, STM32G414CCU3, STM32G414CCU6, STM32G414MBT3, STM32G414MBT6, STM32G414MCT3, STM32G414MCT6, STM32G414RBT3, STM32G414RBT6, STM32G414RCT3, STM32G414RCT6, STM32G414VBT3, STM32G414VBT6, STM32G414VCT3, STM32G414VCT6, STM32G431CBT3Z, STM32G431RBT3Z, STM32G471CCT6, STM32G471CCU6, STM32G471CET3, STM32G471CET6, STM32G471CEU3, STM32G471CEU6, STM32G471MCT6, STM32G471MET3, STM32G471MET6, STM32G471MEY6TR, STM32G471QCT6, STM32G471QET3, STM32G471RCT6, STM32G471RET3, STM32G471RET6, STM32G471VCH6, STM32G471VCI6, STM32G471VCT6, STM32G471VEH3, STM32G471VEH6, STM32G471VEI3, STM32G471VEI6, STM32G471VET3, STM32G471VET6, STM32G473QET3Z, STM32G473RET3Z, STM32G474CCT6, STM32G491RET3Z, STM32H503CBT6, STM32H503CBU6, STM32H503EBY6TR, STM32H503KBU6, STM32H503RBT6, STM32H523CCT6, STM32H523CCU6, STM32H523CET6, STM32H523CEU6, STM32H523HEY6TR, STM32H523RCT6, STM32H523RET6, STM32H523VCI6, STM32H523VCT6, STM32H523VEI6, STM32H523VET6, STM32H523ZCJ6, STM32H523ZCT6, STM32H523ZEJ6, STM32H523ZET6, STM32H533CET6, STM32H533CEU6, STM32H533HEY6TR, STM32H533RET6, STM32H533VEI6, STM32H533VET6, STM32H533ZEJ6, STM32H533ZET6, STM32H562AGI6, STM32H562AII6, STM32H562IGK6, STM32H562IGT6, STM32H562IIK6, STM32H562IIT6, STM32H562RGT6, STM32H562RGV6, STM32H562RIT6, STM32H562RIV6, STM32H562VGT6, STM32H562VIT6, STM32H562ZGT6, STM32H562ZIT6, STM32H563AGI6, STM32H563AII3Q, STM32H563AII6, STM32H563IGK6, STM32H563IGT6, STM32H563IIK3Q, STM32H563IIK6, STM32H563IIT3Q, STM32H563IIT6, STM32H563MIY3QTR, STM32H563RGT6, STM32H563RGV6, STM32H563RIT6, STM32H563RIV6, STM32H563VGT6, STM32H563VIT3Q, STM32H563VIT6, STM32H563ZGT6, STM32H563ZIT3Q, STM32H563ZIT6, STM32H573AII3Q, STM32H573AII6, STM32H573I-DK, STM32H573IIK3Q, STM32H573IIK6, STM32H573IIT3Q, STM32H573IIT6, STM32H573MIY3QTR, STM32H573RIT6, STM32H573RIV6, STM32H573VIT3Q, STM32H573VIT6, STM32H573ZIT3Q, STM32H573ZIT6, STM32H7R3A8I6, STM32H7R3I8K6, STM32H7R3I8T6, STM32H7R3L8H6, STM32H7R3L8H6H, STM32H7R3R8V6, STM32H7R3V8H6, STM32H7R3V8T6, STM32H7R3V8Y6TR, STM32H7R3Z8J6, STM32H7R3Z8T6, STM32H7R7A8I6, STM32H7R7I8K6, STM32H7R7I8T6, STM32H7R7L8H6, STM32H7R7L8H6H, STM32H7R7Z8J6, STM32H7S3A8I6, STM32H7S3I8K6, STM32H7S3I8T6, STM32H7S3L8H6, STM32H7S3L8H6H, STM32H7S3R8V6, STM32H7S3V8H6, STM32H7S3V8T6, STM32H7S3V8Y6TR, STM32H7S3Z8J6, STM32H7S3Z8T6, STM32H7S78-DK, STM32H7S7A8I6, STM32H7S7I8K6, STM32H7S7I8T6, STM32H7S7L8H6, STM32H7S7L8H6H, STM32H7S7Z8J6, STM32L4R5QGI6STR, STM32MP131AAE3, STM32MP131AAF3, STM32MP131AAG3, STM32MP131CAE3, STM32MP131CAF3, STM32MP131CAG3, STM32MP131DAE7, STM32MP131DAF7, STM32MP131DAG7, STM32MP131FAE7, STM32MP131FAF7, STM32MP131FAG7, STM32MP133AAE3, STM32MP133AAF3, STM32MP133AAG3, STM32MP133CAE3, STM32MP133CAF3, STM32MP133CAG3, STM32MP133DAE7, STM32MP133DAF7, STM32MP133DAG7, STM32MP133FAE7, STM32MP133FAF7, STM32MP133FAG7, STM32MP135AAE3, STM32MP135AAF3, STM32MP135AAG3, STM32MP135CAE3, STM32MP135CAF3, STM32MP135CAG3, STM32MP135DAE7, STM32MP135DAF7, STM32MP135DAG7, STM32MP135F-DK, STM32MP135FAE7, STM32MP135FAF7, STM32MP135FAF7T, STM32MP135FAF7U, STM32MP135FAG7, STM32MP211AAL3, STM32MP211AAM3, STM32MP211AAN3, STM32MP211AAO3, STM32MP211CAL3, STM32MP211CAM3, STM32MP211CAN3, STM32MP211CAO3, STM32MP211DAL3, STM32MP211DAM3, STM32MP211DAN3, STM32MP211DAO3, STM32MP211FAL3, STM32MP211FAM3, STM32MP211FAN3, STM32MP211FAO3, STM32MP213AAL3, STM32MP213AAM3, STM32MP213AAN3, STM32MP213AAO3, STM32MP213CAL3, STM32MP213CAM3, STM32MP213CAN3, STM32MP213CAO3, STM32MP213DAL3, STM32MP213DAM3, STM32MP213DAN3, STM32MP213DAO3, STM32MP213FAL3, STM32MP213FAM3, STM32MP213FAN3, STM32MP213FAO3, STM32MP215AAL3, STM32MP215AAM3, STM32MP215AAN3, STM32MP215AAO3, STM32MP215CAL3, STM32MP215CAM3, STM32MP215CAN3, STM32MP215CAO3, STM32MP215DAL3, STM32MP215DAM3, STM32MP215DAN3, STM32MP215DAO3, STM32MP215F-DK, STM32MP215FAL3, STM32MP215FAM3, STM32MP215FAN3, STM32MP215FAO3, STM32MP231AAJ3, STM32MP231AAK3, STM32MP231AAL3, STM32MP231CAJ3, STM32MP231CAK3, STM32MP231CAL3, STM32MP231DAJ3, STM32MP231DAK3, STM32MP231DAL3, STM32MP231FAJ3, STM32MP231FAK3, STM32MP231FAL3, STM32MP233AAJ3, STM32MP233AAK3, STM32MP233AAL3, STM32MP233CAJ3, STM32MP233CAK3, STM32MP233CAL3, STM32MP233DAJ3, STM32MP233DAK3, STM32MP233DAL3, STM32MP233FAJ3, STM32MP233FAK3, STM32MP233FAL3, STM32MP235AAJ3, STM32MP235AAK3, STM32MP235AAL3, STM32MP235CAJ3, STM32MP235CAK3, STM32MP235CAL3, STM32MP235DAJ3, STM32MP235DAK3, STM32MP235DAL3, STM32MP235FAJ3, STM32MP235FAK3, STM32MP235FAL3, STM32MP251AAI3, STM32MP251AAK3, STM32MP251AAL3, STM32MP251CAI3, STM32MP251CAK3, STM32MP251CAL3, STM32MP251DAI3, STM32MP251DAK3, STM32MP251DAL3, STM32MP251FAI3, STM32MP251FAK3, STM32MP251FAL3, STM32MP253AAI3, STM32MP253AAK3, STM32MP253AAL3, STM32MP253CAI3, STM32MP253CAK3, STM32MP253CAL3, STM32MP253DAI3, STM32MP253DAK3, STM32MP253DAL3, STM32MP253FAI3, STM32MP253FAK3, STM32MP253FAL3, STM32MP255AAI3, STM32MP255AAK3, STM32MP255AAL3, STM32MP255CAI3, STM32MP255CAK3, STM32MP255CAL3, STM32MP255DAI3, STM32MP255DAK3, STM32MP255DAL3, STM32MP255FAI3, STM32MP255FAK3, STM32MP255FAL3, STM32MP257AAI3, STM32MP257AAK3, STM32MP257AAL3, STM32MP257CAI3, STM32MP257CAK3, STM32MP257CAL3, STM32MP257DAI3, STM32MP257DAK3, STM32MP257DAL3, STM32MP257F-DK, STM32MP257F-EV1, STM32MP257FAI3, STM32MP257FAK3, STM32MP257FAL3, STM32N645A0H3Q, STM32N645B0H3Q, STM32N645I0H3Q, STM32N645L0H3Q, STM32N645X0H3Q, STM32N645Z0H3Q, STM32N647A0H3Q, STM32N647B0H3Q, STM32N647I0H3Q, STM32N647L0H3Q, STM32N647X0H3Q, STM32N647Z0H3Q, STM32N655A0H3Q, STM32N655B0H3Q, STM32N655I0H3Q, STM32N655L0H3Q, STM32N655X0H3Q, STM32N655Z0H3Q, STM32N6570-DK, STM32N657A0H3Q, STM32N657B0H3Q, STM32N657I0H3Q, STM32N657L0H3Q, STM32N657X0H3Q, STM32N657Z0H3Q, STM32U031C6T6, STM32U031C6U6, STM32U031C8T6, STM32U031C8U6, STM32U031F4P6, STM32U031F6P6, STM32U031F8P6, STM32U031G6Y6TR, STM32U031G8Y6TR, STM32U031K4U6, STM32U031K6U6, STM32U031K8U6, STM32U031R6I6, STM32U031R6T6, STM32U031R8I6, STM32U031R8T6, STM32U073C8T6, STM32U073C8U6, STM32U073CBT6, STM32U073CBU6, STM32U073CCT6, STM32U073CCU6, STM32U073H8Y6TR, STM32U073HBY6TR, STM32U073HCY6TR, STM32U073K8U6, STM32U073KBU6, STM32U073KCU6, STM32U073M8I6, STM32U073M8T6, STM32U073MBI6, STM32U073MBT6, STM32U073MCI6, STM32U073MCT6, STM32U073R8I6, STM32U073R8T6, STM32U073RBI6, STM32U073RBT6, STM32U073RCI6, STM32U073RCT6, STM32U083C-DK, STM32U083CCT6, STM32U083CCU6, STM32U083HCY6TR, STM32U083KCU6, STM32U083MCI6, STM32U083MCT6, STM32U083RCI6, STM32U083RCT6, STM32U375CET6, STM32U375CET6Q, STM32U375CEU6, STM32U375CEU6Q, STM32U375CEY6QTR, STM32U375CGT6, STM32U375CGT6Q, STM32U375CGU6, STM32U375CGU6Q, STM32U375CGY6QTR, STM32U375KEU6, STM32U375KGU6, STM32U375REI6, STM32U375REI6Q, STM32U375RET6, STM32U375RET6Q, STM32U375REY6GTR, STM32U375REY6QTR, STM32U375RGI6, STM32U375RGI6Q, STM32U375RGT6, STM32U375RGT6Q, STM32U375RGY6GTR, STM32U375RGY6QTR, STM32U375VEI6, STM32U375VEI6Q, STM32U375VET6, STM32U375VET6Q, STM32U375VGI6, STM32U375VGI6Q, STM32U375VGT6, STM32U375VGT6Q, STM32U385CGT6, STM32U385CGT6Q, STM32U385CGU6, STM32U385CGU6Q, STM32U385CGY6QTR, STM32U385KGU6, STM32U385RGI6, STM32U385RGI6Q, STM32U385RGT6, STM32U385RGT6Q, STM32U385RGY6GTR, STM32U385RGY6QTR, STM32U385VGI6, STM32U385VGI6Q, STM32U385VGT6, STM32U385VGT6Q, STM32U535CBT6, STM32U535CBT6Q, STM32U535CBU6, STM32U535CBU6Q, STM32U535CCT6, STM32U535CCT6Q, STM32U535CCU6, STM32U535CCU6Q, STM32U535CET6, STM32U535CET6Q, STM32U535CEU6, STM32U535CEU6Q, STM32U535JEY6QTR, STM32U535NCY6QTR, STM32U535NEY6QTR, STM32U535RBI6, STM32U535RBI6Q, STM32U535RBT6, STM32U535RBT6Q, STM32U535RCI6, STM32U535RCI6Q, STM32U535RCT6, STM32U535RCT6Q, STM32U535REI6, STM32U535REI6Q, STM32U535RET6, STM32U535RET6Q, STM32U535VCI6, STM32U535VCI6Q, STM32U535VCT6, STM32U535VCT6Q, STM32U535VEI6, STM32U535VEI6Q, STM32U535VET6, STM32U535VET6Q, STM32U545CET6, STM32U545CET6Q, STM32U545CEU6, STM32U545CEU6Q, STM32U545JEY6QTR, STM32U545NEY6QTR, STM32U545REI6, STM32U545REI6Q, STM32U545RET6, STM32U545RET6Q, STM32U545VEI6, STM32U545VEI6Q, STM32U545VET6, STM32U545VET6Q, STM32U595AIH6, STM32U595AIH6Q, STM32U595AJH6, STM32U595AJH6Q, STM32U595QII6, STM32U595QII6Q, STM32U595QJI6, STM32U595QJI6Q, STM32U595RIT6, STM32U595RIT6Q, STM32U595RJT6, STM32U595RJT6Q, STM32U595VIT6, STM32U595VIT6Q, STM32U595VJT6, STM32U595VJT6Q, STM32U595ZIT6, STM32U595ZIT6Q, STM32U595ZIY6QTR, STM32U595ZJT6, STM32U595ZJT6Q, STM32U595ZJY6QTR, STM32U599BJY6QTR, STM32U599NIH6Q, STM32U599NJH6Q, STM32U599VIT6Q, STM32U599VJT6, STM32U599VJT6Q, STM32U599ZIT6Q, STM32U599ZIY6QTR, STM32U599ZJT6Q, STM32U599ZJY6QTR, STM32U5A5AJH6, STM32U5A5AJH6Q, STM32U5A5QII3Q , STM32U5A5QJI6, STM32U5A5QJI6Q, STM32U5A5RJT6, STM32U5A5RJT6Q, STM32U5A5VJT6, STM32U5A5VJT6Q, STM32U5A5ZJT6, STM32U5A5ZJT6Q, STM32U5A5ZJY6QTR, STM32U5A9BJY6QTR, STM32U5A9J-DK, STM32U5A9NJH6Q, STM32U5A9VJT6Q, STM32U5A9ZJT6Q, STM32U5A9ZJY6QTR, STM32U5F7VIT6, STM32U5F7VIT6Q, STM32U5F7VJT6, STM32U5F7VJT6Q, STM32U5F9BJY6QTR, STM32U5F9NJH6Q, STM32U5F9VIT6Q, STM32U5F9VJT6Q, STM32U5F9ZIJ6QTR, STM32U5F9ZIT6Q, STM32U5F9ZJJ6QTR, STM32U5F9ZJT6Q, STM32U5G7VJT6, STM32U5G7VJT6Q, STM32U5G9BJY6QTR, STM32U5G9J-DK1, STM32U5G9J-DK2, STM32U5G9NJH6Q, STM32U5G9VJT6Q, STM32U5G9ZJJ6QTR, STM32U5G9ZJT6Q, STM32WB05KZV6TR, STM32WB05KZV7TR, STM32WB05TZF6TR, STM32WB05TZF7TR, STM32WB06CCF6TR, STM32WB06CCF7TR, STM32WB06CCV6TR, STM32WB06CCV7TR, STM32WB06KCV6TR, STM32WB06KCV7TR, STM32WB07CCF6TR, STM32WB07CCF7TR, STM32WB07CCV6TR, STM32WB07CCV7TR, STM32WB07KCV6TR, STM32WB07KCV7TR, STM32WB09KEV6TR, STM32WB09KEV7TR, STM32WB09TEF6TR, STM32WB09TEF7TR, STM32WB1MMCH6, STM32WBA50KGU6, STM32WBA50KGU6TR, STM32WBA52CEU6, STM32WBA52CEU6TR, STM32WBA52CEU7, STM32WBA52CEU7TR, STM32WBA52CGU6, STM32WBA52CGU6TR, STM32WBA52CGU6U, STM32WBA52CGU7, STM32WBA52CGU7TR, STM32WBA52KEU6, STM32WBA52KEU6TR, STM32WBA52KGU6, STM32WBA52KGU6TR, STM32WBA54CEU6, STM32WBA54CEU6TR, STM32WBA54CEU7, STM32WBA54CEU7TR, STM32WBA54CGU6, STM32WBA54CGU6TR, STM32WBA54CGU7, STM32WBA54CGU7TR, STM32WBA54KEU6, STM32WBA54KEU6TR, STM32WBA54KEU7, STM32WBA54KEU7TR, STM32WBA54KGU6, STM32WBA54KGU6TR, STM32WBA54KGU7, STM32WBA54KGU7TR, STM32WBA55CEU6, STM32WBA55CEU6TR, STM32WBA55CEU7, STM32WBA55CEU7TR, STM32WBA55CGU6, STM32WBA55CGU6TR, STM32WBA55CGU6U, STM32WBA55CGU7, STM32WBA55CGU7TR, STM32WBA55G-DK1, STM32WBA55HEF6, STM32WBA55HEF7, STM32WBA55HGF6, STM32WBA55HGF7, STM32WBA55UEI6, STM32WBA55UEI6TR, STM32WBA55UEI7, STM32WBA55UEI7TR, STM32WBA55UGI6, STM32WBA55UGI6TR, STM32WBA55UGI7, STM32WBA55UGI7TR, STM32WBA5MMGH6TR, STM32WBA62MGF6, STM32WBA62MIF6, STM32WBA65MGF7, STM32WBA65MIF6, STM32WBA65MIF7, STM32WL30K8V6, STM32WL30KBV6, STM32WL31C8V6, STM32WL31CBV6, STM32WL31K8V6, STM32WL31KBV6, STM32WL33C8V6, STM32WL33C8V6X, STM32WL33CBV6, STM32WL33CBV6X, STM32WL33CCV6, STM32WL33CCV6A, STM32WL33CCV6X, STM32WL33K8V7, STM32WL33K8V7X, STM32WL33KBV7 , STM32WL33KBV7X, STM32WL33KCV7, STM32WL33KCV7X, STM32WL5MOCH6, STM32WL5MOCH6TR]
2025-12-21 13:54:23,746 [INFO] ApiDb:668 - CubeFinder database Data Model version=2.1
2025-12-21 13:54:23,746 [INFO] ApiDb:669 - CubeFinder database Configuration version=3.0.39
2025-12-21 13:54:23,746 [INFO] ApiDb:670 - CubeFinder database generation date=2025-11-05 (1762334721)
2025-12-21 13:54:23,746 [INFO] ApiDb:671 - CubeFinder database FW Pack versions=[FP-ATR-ASTRA1_V2.0.0, FP-SNS-FLIGHT1_V5.1.0, FP-SNS-MOTENV1_V5.1.0, FP-SNS-MOTENVWB1_V1.4.0, FP-SNS-SMARTAG2_V1.2.0, FP-SNS-STBOX1_V2.1.0, STM32Cube_FW_C0_V1.4.0, STM32Cube_FW_F4_V1.28.3, STM32Cube_FW_F7_V1.17.4, STM32Cube_FW_G0_V1.6.2, STM32Cube_FW_G4_V1.6.1, STM32Cube_FW_H5_V1.5.1, STM32Cube_FW_H7RS_V1.3.0, STM32Cube_FW_H7_V1.12.1, STM32Cube_FW_L0_V1.12.2, STM32Cube_FW_L4_V1.18.1, STM32Cube_FW_L5_V1.6.0, STM32Cube_FW_N6_V1.3.0, STM32Cube_FW_U0_V1.3.0, STM32Cube_FW_U3_V1.2.1, STM32Cube_FW_U5_V1.8.0, STM32Cube_FW_WB0_V1.4.0, STM32Cube_FW_WBA_V1.8.0, STM32Cube_FW_WB_V1.24.0, STM32Cube_FW_WL3_V1.3.0, STM32Cube_FW_WL_V1.4.0, X-CUBE-ALGOBUILD_V1.4.0, X-CUBE-ALS_V1.0.2, X-CUBE-AZRTOS-F4_V1.1.0, X-CUBE-AZRTOS-F7_V1.1.0, X-CUBE-AZRTOS-G0_V1.1.0, X-CUBE-AZRTOS-G4_V2.0.0, X-CUBE-AZRTOS-H7RS_V1.1.0, X-CUBE-AZRTOS-H7_V3.4.0, X-CUBE-AZRTOS-L4_V2.0.0, X-CUBE-AZRTOS-L5_V2.0.0, X-CUBE-AZRTOS-WB_V2.0.0, X-CUBE-AZRTOS-WL_V2.0.0, X-CUBE-BLE1_V7.1.0, X-CUBE-BLE2_V3.3.0, X-CUBE-BLEMGR_V4.1.0, X-CUBE-EEPRMA1_V5.2.0, X-CUBE-FREERTOS_V1.3.1, X-CUBE-GNSS1_V6.0.0, X-CUBE-MEMS1_V11.3.0, X-CUBE-NFC4_V3.0.0, X-CUBE-NFC7_V2.0.0, X-CUBE-SFXS2LP1_V4.0.0, X-CUBE-ST67W61_V1.1.0, X-CUBE-SUBG2_V5.0.0, X-CUBE-TOF1_V3.4.3]
2025-12-21 13:54:25,576 [INFO] ApiDb:240 - Found 880 in-development CPN: [B-G473E-ZEST1S, B-WB1M-WPAN1, B-WBA5M-WPAN, B-WL5M-SUBG1, NUCLEO-C031C6, NUCLEO-C051C8, NUCLEO-C071RB, NUCLEO-C092RC, NUCLEO-H503RB, NUCLEO-H533RE, NUCLEO-H563ZI, NUCLEO-H7S3L8, NUCLEO-N657X0-Q, NUCLEO-U031R8, NUCLEO-U083RC, NUCLEO-U385RG-Q, NUCLEO-U545RE-Q, NUCLEO-U5A5ZJ-Q, NUCLEO-WB05KZ, NUCLEO-WB07CC, NUCLEO-WB09KE, NUCLEO-WBA52CG, NUCLEO-WBA55CG, NUCLEO-WL33CC1, NUCLEO-WL33CC2, STEVAL-PROTEUS1, STEVAL-SMARTAG2, STEVAL-STWINBX1, STM320518-EVAL, STM32C0116-DK, STM32C011D6Y3TR, STM32C011D6Y6TR, STM32C011F4P3, STM32C011F4P6, STM32C011F4U3, STM32C011F4U6TR, STM32C011F6P3, STM32C011F6P6, STM32C011F6U3, STM32C011F6U6TR, STM32C011J4M3, STM32C011J4M6, STM32C011J6M3, STM32C011J6M6, STM32C0316-DK, STM32C031C4T3, STM32C031C4T6, STM32C031C4U3, STM32C031C4U6, STM32C031C6T3, STM32C031C6T6, STM32C031C6U3, STM32C031C6U6, STM32C031F4P3, STM32C031F4P6, STM32C031F6P3, STM32C031F6P6, STM32C031G4U3, STM32C031G4U6, STM32C031G6U3, STM32C031G6U6, STM32C031K4T3, STM32C031K4T6, STM32C031K4U3, STM32C031K4U6, STM32C031K6T3, STM32C031K6T6, STM32C031K6U3, STM32C031K6U6, STM32C051C6T6, STM32C051C6U6, STM32C051C8T6, STM32C051C8U6, STM32C051D8Y6TR, STM32C051F6P6, STM32C051F8P6, STM32C051G6U6, STM32C051G8U6, STM32C051K6T6, STM32C051K6U6, STM32C051K8T6, STM32C071C8T6, STM32C071C8T6N, STM32C071C8U6, STM32C071C8U6N, STM32C071CBT6, STM32C071CBT6N, STM32C071CBU6, STM32C071CBU6N, STM32C071F8P6, STM32C071F8P6N, STM32C071FBP6, STM32C071FBP6N, STM32C071FBY6TR, STM32C071G8U6, STM32C071G8U6N, STM32C071GBU6, STM32C071GBU6N, STM32C071K8T6, STM32C071K8T6N, STM32C071K8U6, STM32C071K8U6N, STM32C071KBT6, STM32C071KBT6N, STM32C071KBU6, STM32C071KBU6N, STM32C071R8T6, STM32C071R8T6N, STM32C071RBI6N, STM32C071RBT6, STM32C071RBT6N, STM32C091CBT6, STM32C091CBU6, STM32C091CCT6, STM32C091CCU6, STM32C091ECY6TR, STM32C091FBP6, STM32C091FCP6, STM32C091GBU6, STM32C091GCU6, STM32C091KBT6, STM32C091KBU6, STM32C091KCT6, STM32C091KCU6, STM32C091RBT6, STM32C091RCI6, STM32C091RCT6, STM32C092CBT6, STM32C092CBU6, STM32C092CCT6, STM32C092CCU6, STM32C092ECY6TR, STM32C092FBP6, STM32C092FCP6, STM32C092GBU6, STM32C092GCU6, STM32C092KBT6, STM32C092KBU6, STM32C092KCT6, STM32C092KCU6, STM32C092RBT6, STM32C092RCI6, STM32C092RCT6, STM32G071K8TXN, STM32G071K8UXN, STM32G081GBU6N, STM32G081KBT6N, STM32G081KBUXN, STM32G0B1CCT6N, STM32G0B1KCT6, STM32G0B1NEY6TR, STM32G0B1RCT6N, STM32G0C1CCT6, STM32G0C1CCT6N, STM32G0C1CCU6N, STM32G0C1CET6N, STM32G0C1CEU6N, STM32G0C1KCT6, STM32G0C1NEY6TR, STM32G0C1RCI6N, STM32G0C1RCT6N, STM32G0C1REI6N, STM32G0C1RET6N, STM32G0C1VCI6, STM32G0C1VEI6, STM32G411C6T3, STM32G411C6T6, STM32G411C6U3, STM32G411C6U6, STM32G411C8T3, STM32G411C8T6, STM32G411C8U3, STM32G411C8U6, STM32G411CBT3, STM32G411CBT6, STM32G411CBU3, STM32G411CBU6, STM32G411K6T3, STM32G411K6T6, STM32G411K6U3, STM32G411K6U6, STM32G411K8T3, STM32G411K8T6, STM32G411K8U3, STM32G411K8U6, STM32G411KBT3, STM32G411KBT6, STM32G411KBU3, STM32G411KBU6, STM32G411M6T3, STM32G411M6T6, STM32G411M8T3, STM32G411M8T6, STM32G411MBT3, STM32G411MBT6, STM32G411R6T3, STM32G411R6T6, STM32G411R8T3, STM32G411R8T6, STM32G411RBT3, STM32G411RBT6, STM32G414CBT3, STM32G414CBT6, STM32G414CBU3, STM32G414CBU6, STM32G414CCT3, STM32G414CCT6, STM32G414CCU3, STM32G414CCU6, STM32G414MBT3, STM32G414MBT6, STM32G414MCT3, STM32G414MCT6, STM32G414RBT3, STM32G414RBT6, STM32G414RCT3, STM32G414RCT6, STM32G414VBT3, STM32G414VBT6, STM32G414VCT3, STM32G414VCT6, STM32G431CBT3Z, STM32G431RBT3Z, STM32G471CCT6, STM32G471CCU6, STM32G471CET3, STM32G471CET6, STM32G471CEU3, STM32G471CEU6, STM32G471MCT6, STM32G471MET3, STM32G471MET6, STM32G471MEY6TR, STM32G471QCT6, STM32G471QET3, STM32G471RCT6, STM32G471RET3, STM32G471RET6, STM32G471VCH6, STM32G471VCI6, STM32G471VCT6, STM32G471VEH3, STM32G471VEH6, STM32G471VEI3, STM32G471VEI6, STM32G471VET3, STM32G471VET6, STM32G473QET3Z, STM32G473RET3Z, STM32G474CCT6, STM32G491RET3Z, STM32H503CBT6, STM32H503CBU6, STM32H503EBY6TR, STM32H503KBU6, STM32H503RBT6, STM32H523CCT6, STM32H523CCU6, STM32H523CET6, STM32H523CEU6, STM32H523HEY6TR, STM32H523RCT6, STM32H523RET6, STM32H523VCI6, STM32H523VCT6, STM32H523VEI6, STM32H523VET6, STM32H523ZCJ6, STM32H523ZCT6, STM32H523ZEJ6, STM32H523ZET6, STM32H533CET6, STM32H533CEU6, STM32H533HEY6TR, STM32H533RET6, STM32H533VEI6, STM32H533VET6, STM32H533ZEJ6, STM32H533ZET6, STM32H562AGI6, STM32H562AII6, STM32H562IGK6, STM32H562IGT6, STM32H562IIK6, STM32H562IIT6, STM32H562RGT6, STM32H562RGV6, STM32H562RIT6, STM32H562RIV6, STM32H562VGT6, STM32H562VIT6, STM32H562ZGT6, STM32H562ZIT6, STM32H563AGI6, STM32H563AII3Q, STM32H563AII6, STM32H563IGK6, STM32H563IGT6, STM32H563IIK3Q, STM32H563IIK6, STM32H563IIT3Q, STM32H563IIT6, STM32H563MIY3QTR, STM32H563RGT6, STM32H563RGV6, STM32H563RIT6, STM32H563RIV6, STM32H563VGT6, STM32H563VIT3Q, STM32H563VIT6, STM32H563ZGT6, STM32H563ZIT3Q, STM32H563ZIT6, STM32H573AII3Q, STM32H573AII6, STM32H573I-DK, STM32H573IIK3Q, STM32H573IIK6, STM32H573IIT3Q, STM32H573IIT6, STM32H573MIY3QTR, STM32H573RIT6, STM32H573RIV6, STM32H573VIT3Q, STM32H573VIT6, STM32H573ZIT3Q, STM32H573ZIT6, STM32H7R3A8I6, STM32H7R3I8K6, STM32H7R3I8T6, STM32H7R3L8H6, STM32H7R3L8H6H, STM32H7R3R8V6, STM32H7R3V8H6, STM32H7R3V8T6, STM32H7R3V8Y6TR, STM32H7R3Z8J6, STM32H7R3Z8T6, STM32H7R7A8I6, STM32H7R7I8K6, STM32H7R7I8T6, STM32H7R7L8H6, STM32H7R7L8H6H, STM32H7R7Z8J6, STM32H7S3A8I6, STM32H7S3I8K6, STM32H7S3I8T6, STM32H7S3L8H6, STM32H7S3L8H6H, STM32H7S3R8V6, STM32H7S3V8H6, STM32H7S3V8T6, STM32H7S3V8Y6TR, STM32H7S3Z8J6, STM32H7S3Z8T6, STM32H7S78-DK, STM32H7S7A8I6, STM32H7S7I8K6, STM32H7S7I8T6, STM32H7S7L8H6, STM32H7S7L8H6H, STM32H7S7Z8J6, STM32L4R5QGI6STR, STM32MP131AAE3, STM32MP131AAF3, STM32MP131AAG3, STM32MP131CAE3, STM32MP131CAF3, STM32MP131CAG3, STM32MP131DAE7, STM32MP131DAF7, STM32MP131DAG7, STM32MP131FAE7, STM32MP131FAF7, STM32MP131FAG7, STM32MP133AAE3, STM32MP133AAF3, STM32MP133AAG3, STM32MP133CAE3, STM32MP133CAF3, STM32MP133CAG3, STM32MP133DAE7, STM32MP133DAF7, STM32MP133DAG7, STM32MP133FAE7, STM32MP133FAF7, STM32MP133FAG7, STM32MP135AAE3, STM32MP135AAF3, STM32MP135AAG3, STM32MP135CAE3, STM32MP135CAF3, STM32MP135CAG3, STM32MP135DAE7, STM32MP135DAF7, STM32MP135DAG7, STM32MP135F-DK, STM32MP135FAE7, STM32MP135FAF7, STM32MP135FAF7T, STM32MP135FAF7U, STM32MP135FAG7, STM32MP211AAL3, STM32MP211AAM3, STM32MP211AAN3, STM32MP211AAO3, STM32MP211CAL3, STM32MP211CAM3, STM32MP211CAN3, STM32MP211CAO3, STM32MP211DAL3, STM32MP211DAM3, STM32MP211DAN3, STM32MP211DAO3, STM32MP211FAL3, STM32MP211FAM3, STM32MP211FAN3, STM32MP211FAO3, STM32MP213AAL3, STM32MP213AAM3, STM32MP213AAN3, STM32MP213AAO3, STM32MP213CAL3, STM32MP213CAM3, STM32MP213CAN3, STM32MP213CAO3, STM32MP213DAL3, STM32MP213DAM3, STM32MP213DAN3, STM32MP213DAO3, STM32MP213FAL3, STM32MP213FAM3, STM32MP213FAN3, STM32MP213FAO3, STM32MP215AAL3, STM32MP215AAM3, STM32MP215AAN3, STM32MP215AAO3, STM32MP215CAL3, STM32MP215CAM3, STM32MP215CAN3, STM32MP215CAO3, STM32MP215DAL3, STM32MP215DAM3, STM32MP215DAN3, STM32MP215DAO3, STM32MP215F-DK, STM32MP215FAL3, STM32MP215FAM3, STM32MP215FAN3, STM32MP215FAO3, STM32MP231AAJ3, STM32MP231AAK3, STM32MP231AAL3, STM32MP231CAJ3, STM32MP231CAK3, STM32MP231CAL3, STM32MP231DAJ3, STM32MP231DAK3, STM32MP231DAL3, STM32MP231FAJ3, STM32MP231FAK3, STM32MP231FAL3, STM32MP233AAJ3, STM32MP233AAK3, STM32MP233AAL3, STM32MP233CAJ3, STM32MP233CAK3, STM32MP233CAL3, STM32MP233DAJ3, STM32MP233DAK3, STM32MP233DAL3, STM32MP233FAJ3, STM32MP233FAK3, STM32MP233FAL3, STM32MP235AAJ3, STM32MP235AAK3, STM32MP235AAL3, STM32MP235CAJ3, STM32MP235CAK3, STM32MP235CAL3, STM32MP235DAJ3, STM32MP235DAK3, STM32MP235DAL3, STM32MP235FAJ3, STM32MP235FAK3, STM32MP235FAL3, STM32MP251AAI3, STM32MP251AAK3, STM32MP251AAL3, STM32MP251CAI3, STM32MP251CAK3, STM32MP251CAL3, STM32MP251DAI3, STM32MP251DAK3, STM32MP251DAL3, STM32MP251FAI3, STM32MP251FAK3, STM32MP251FAL3, STM32MP253AAI3, STM32MP253AAK3, STM32MP253AAL3, STM32MP253CAI3, STM32MP253CAK3, STM32MP253CAL3, STM32MP253DAI3, STM32MP253DAK3, STM32MP253DAL3, STM32MP253FAI3, STM32MP253FAK3, STM32MP253FAL3, STM32MP255AAI3, STM32MP255AAK3, STM32MP255AAL3, STM32MP255CAI3, STM32MP255CAK3, STM32MP255CAL3, STM32MP255DAI3, STM32MP255DAK3, STM32MP255DAL3, STM32MP255FAI3, STM32MP255FAK3, STM32MP255FAL3, STM32MP257AAI3, STM32MP257AAK3, STM32MP257AAL3, STM32MP257CAI3, STM32MP257CAK3, STM32MP257CAL3, STM32MP257DAI3, STM32MP257DAK3, STM32MP257DAL3, STM32MP257F-DK, STM32MP257F-EV1, STM32MP257FAI3, STM32MP257FAK3, STM32MP257FAL3, STM32N645A0H3Q, STM32N645B0H3Q, STM32N645I0H3Q, STM32N645L0H3Q, STM32N645X0H3Q, STM32N645Z0H3Q, STM32N647A0H3Q, STM32N647B0H3Q, STM32N647I0H3Q, STM32N647L0H3Q, STM32N647X0H3Q, STM32N647Z0H3Q, STM32N655A0H3Q, STM32N655B0H3Q, STM32N655I0H3Q, STM32N655L0H3Q, STM32N655X0H3Q, STM32N655Z0H3Q, STM32N6570-DK, STM32N657A0H3Q, STM32N657B0H3Q, STM32N657I0H3Q, STM32N657L0H3Q, STM32N657X0H3Q, STM32N657Z0H3Q, STM32U031C6T6, STM32U031C6U6, STM32U031C8T6, STM32U031C8U6, STM32U031F4P6, STM32U031F6P6, STM32U031F8P6, STM32U031G6Y6TR, STM32U031G8Y6TR, STM32U031K4U6, STM32U031K6U6, STM32U031K8U6, STM32U031R6I6, STM32U031R6T6, STM32U031R8I6, STM32U031R8T6, STM32U073C8T6, STM32U073C8U6, STM32U073CBT6, STM32U073CBU6, STM32U073CCT6, STM32U073CCU6, STM32U073H8Y6TR, STM32U073HBY6TR, STM32U073HCY6TR, STM32U073K8U6, STM32U073KBU6, STM32U073KCU6, STM32U073M8I6, STM32U073M8T6, STM32U073MBI6, STM32U073MBT6, STM32U073MCI6, STM32U073MCT6, STM32U073R8I6, STM32U073R8T6, STM32U073RBI6, STM32U073RBT6, STM32U073RCI6, STM32U073RCT6, STM32U083C-DK, STM32U083CCT6, STM32U083CCU6, STM32U083HCY6TR, STM32U083KCU6, STM32U083MCI6, STM32U083MCT6, STM32U083RCI6, STM32U083RCT6, STM32U375CET6, STM32U375CET6Q, STM32U375CEU6, STM32U375CEU6Q, STM32U375CEY6QTR, STM32U375CGT6, STM32U375CGT6Q, STM32U375CGU6, STM32U375CGU6Q, STM32U375CGY6QTR, STM32U375KEU6, STM32U375KGU6, STM32U375REI6, STM32U375REI6Q, STM32U375RET6, STM32U375RET6Q, STM32U375REY6GTR, STM32U375REY6QTR, STM32U375RGI6, STM32U375RGI6Q, STM32U375RGT6, STM32U375RGT6Q, STM32U375RGY6GTR, STM32U375RGY6QTR, STM32U375VEI6, STM32U375VEI6Q, STM32U375VET6, STM32U375VET6Q, STM32U375VGI6, STM32U375VGI6Q, STM32U375VGT6, STM32U375VGT6Q, STM32U385CGT6, STM32U385CGT6Q, STM32U385CGU6, STM32U385CGU6Q, STM32U385CGY6QTR, STM32U385KGU6, STM32U385RGI6, STM32U385RGI6Q, STM32U385RGT6, STM32U385RGT6Q, STM32U385RGY6GTR, STM32U385RGY6QTR, STM32U385VGI6, STM32U385VGI6Q, STM32U385VGT6, STM32U385VGT6Q, STM32U535CBT6, STM32U535CBT6Q, STM32U535CBU6, STM32U535CBU6Q, STM32U535CCT6, STM32U535CCT6Q, STM32U535CCU6, STM32U535CCU6Q, STM32U535CET6, STM32U535CET6Q, STM32U535CEU6, STM32U535CEU6Q, STM32U535JEY6QTR, STM32U535NCY6QTR, STM32U535NEY6QTR, STM32U535RBI6, STM32U535RBI6Q, STM32U535RBT6, STM32U535RBT6Q, STM32U535RCI6, STM32U535RCI6Q, STM32U535RCT6, STM32U535RCT6Q, STM32U535REI6, STM32U535REI6Q, STM32U535RET6, STM32U535RET6Q, STM32U535VCI6, STM32U535VCI6Q, STM32U535VCT6, STM32U535VCT6Q, STM32U535VEI6, STM32U535VEI6Q, STM32U535VET6, STM32U535VET6Q, STM32U545CET6, STM32U545CET6Q, STM32U545CEU6, STM32U545CEU6Q, STM32U545JEY6QTR, STM32U545NEY6QTR, STM32U545REI6, STM32U545REI6Q, STM32U545RET6, STM32U545RET6Q, STM32U545VEI6, STM32U545VEI6Q, STM32U545VET6, STM32U545VET6Q, STM32U595AIH6, STM32U595AIH6Q, STM32U595AJH6, STM32U595AJH6Q, STM32U595QII6, STM32U595QII6Q, STM32U595QJI6, STM32U595QJI6Q, STM32U595RIT6, STM32U595RIT6Q, STM32U595RJT6, STM32U595RJT6Q, STM32U595VIT6, STM32U595VIT6Q, STM32U595VJT6, STM32U595VJT6Q, STM32U595ZIT6, STM32U595ZIT6Q, STM32U595ZIY6QTR, STM32U595ZJT6, STM32U595ZJT6Q, STM32U595ZJY6QTR, STM32U599BJY6QTR, STM32U599NIH6Q, STM32U599NJH6Q, STM32U599VIT6Q, STM32U599VJT6, STM32U599VJT6Q, STM32U599ZIT6Q, STM32U599ZIY6QTR, STM32U599ZJT6Q, STM32U599ZJY6QTR, STM32U5A5AJH6, STM32U5A5AJH6Q, STM32U5A5QII3Q , STM32U5A5QJI6, STM32U5A5QJI6Q, STM32U5A5RJT6, STM32U5A5RJT6Q, STM32U5A5VJT6, STM32U5A5VJT6Q, STM32U5A5ZJT6, STM32U5A5ZJT6Q, STM32U5A5ZJY6QTR, STM32U5A9BJY6QTR, STM32U5A9J-DK, STM32U5A9NJH6Q, STM32U5A9VJT6Q, STM32U5A9ZJT6Q, STM32U5A9ZJY6QTR, STM32U5F7VIT6, STM32U5F7VIT6Q, STM32U5F7VJT6, STM32U5F7VJT6Q, STM32U5F9BJY6QTR, STM32U5F9NJH6Q, STM32U5F9VIT6Q, STM32U5F9VJT6Q, STM32U5F9ZIJ6QTR, STM32U5F9ZIT6Q, STM32U5F9ZJJ6QTR, STM32U5F9ZJT6Q, STM32U5G7VJT6, STM32U5G7VJT6Q, STM32U5G9BJY6QTR, STM32U5G9J-DK1, STM32U5G9J-DK2, STM32U5G9NJH6Q, STM32U5G9VJT6Q, STM32U5G9ZJJ6QTR, STM32U5G9ZJT6Q, STM32WB05KZV6TR, STM32WB05KZV7TR, STM32WB05TZF6TR, STM32WB05TZF7TR, STM32WB06CCF6TR, STM32WB06CCF7TR, STM32WB06CCV6TR, STM32WB06CCV7TR, STM32WB06KCV6TR, STM32WB06KCV7TR, STM32WB07CCF6TR, STM32WB07CCF7TR, STM32WB07CCV6TR, STM32WB07CCV7TR, STM32WB07KCV6TR, STM32WB07KCV7TR, STM32WB09KEV6TR, STM32WB09KEV7TR, STM32WB09TEF6TR, STM32WB09TEF7TR, STM32WB1MMCH6, STM32WBA50KGU6, STM32WBA50KGU6TR, STM32WBA52CEU6, STM32WBA52CEU6TR, STM32WBA52CEU7, STM32WBA52CEU7TR, STM32WBA52CGU6, STM32WBA52CGU6TR, STM32WBA52CGU6U, STM32WBA52CGU7, STM32WBA52CGU7TR, STM32WBA52KEU6, STM32WBA52KEU6TR, STM32WBA52KGU6, STM32WBA52KGU6TR, STM32WBA54CEU6, STM32WBA54CEU6TR, STM32WBA54CEU7, STM32WBA54CEU7TR, STM32WBA54CGU6, STM32WBA54CGU6TR, STM32WBA54CGU7, STM32WBA54CGU7TR, STM32WBA54KEU6, STM32WBA54KEU6TR, STM32WBA54KEU7, STM32WBA54KEU7TR, STM32WBA54KGU6, STM32WBA54KGU6TR, STM32WBA54KGU7, STM32WBA54KGU7TR, STM32WBA55CEU6, STM32WBA55CEU6TR, STM32WBA55CEU7, STM32WBA55CEU7TR, STM32WBA55CGU6, STM32WBA55CGU6TR, STM32WBA55CGU6U, STM32WBA55CGU7, STM32WBA55CGU7TR, STM32WBA55G-DK1, STM32WBA55HEF6, STM32WBA55HEF7, STM32WBA55HGF6, STM32WBA55HGF7, STM32WBA55UEI6, STM32WBA55UEI6TR, STM32WBA55UEI7, STM32WBA55UEI7TR, STM32WBA55UGI6, STM32WBA55UGI6TR, STM32WBA55UGI7, STM32WBA55UGI7TR, STM32WBA5MMGH6TR, STM32WBA62MGF6, STM32WBA62MIF6, STM32WBA65MGF7, STM32WBA65MIF6, STM32WBA65MIF7, STM32WL30K8V6, STM32WL30KBV6, STM32WL31C8V6, STM32WL31CBV6, STM32WL31K8V6, STM32WL31KBV6, STM32WL33C8V6, STM32WL33C8V6X, STM32WL33CBV6, STM32WL33CBV6X, STM32WL33CCV6, STM32WL33CCV6A, STM32WL33CCV6X, STM32WL33K8V7, STM32WL33K8V7X, STM32WL33KBV7 , STM32WL33KBV7X, STM32WL33KCV7, STM32WL33KCV7X, STM32WL5MOCH6, STM32WL5MOCH6TR]
2025-12-21 13:54:25,580 [INFO] DbMcus:218 - Found 4876 MCUs, 4876 are supported
2025-12-21 13:54:25,581 [INFO] ApiDb:423 - Load user favorites file C:\Users\user/.stm32cubeide/favorites.mcus.txt: 0 item(s)
2025-12-21 13:54:25,581 [INFO] ApiDb:427 - User favorites MCUs=[]
2025-12-21 13:54:25,581 [INFO] DbMcus:224 - Set 0 / 0 favorites MCUs
2025-12-21 13:54:26,177 [INFO] BoardInfo:889 - No configuration file found for board P-NUCLEO-WB55
2025-12-21 13:54:26,178 [INFO] DbBoards:161 - Kit is not supported: P-NUCLEO-WB55
2025-12-21 13:54:26,185 [INFO] BoardInfo:889 - No configuration file found for board STEVAL-BFA001V1B
2025-12-21 13:54:26,187 [INFO] DbBoards:161 - Kit is not supported: STEVAL-BFA001V1B
2025-12-21 13:54:26,187 [INFO] BoardInfo:889 - No configuration file found for board STEVAL-BFA001V2B
2025-12-21 13:54:26,189 [INFO] DbBoards:161 - Kit is not supported: STEVAL-BFA001V2B
2025-12-21 13:54:26,424 [INFO] DbBoards:168 - Found 212 boards, 209 are supported
2025-12-21 13:54:26,424 [INFO] DbBoards:169 - Found 212 boards, 43 of them is supported for  Bsp
2025-12-21 13:54:26,426 [INFO] ApiDb:423 - Load user favorites file C:\Users\user/.stm32cubeide/favorites.boards.txt: 1 item(s)
2025-12-21 13:54:26,426 [INFO] ApiDb:427 - User favorites Boards=[NUCLEO-L476RG]
2025-12-21 13:54:26,426 [INFO] DbBoards:198 - Set 1 / 1 favorites Boards
2025-12-21 13:54:26,497 [INFO] UtilMem:75 - End LoadConfig() Used Memory: 268085040 Bytes (360710144)
2025-12-21 13:54:26,683 [WARN] ThirdParty:833 - waiting for thirdparty lock release [change project]
2025-12-21 13:54:26,684 [INFO] ThirdParty:835 - entering critical section [change project]
2025-12-21 13:54:26,684 [INFO] ThirdParty:1030 - CMSIS Pack Vendor :STMicroelectronics X-CUBE-PM33A1 1.0.0
2025-12-21 13:54:26,684 [INFO] ThirdParty:1030 - CMSIS Pack Vendor :STMicroelectronics USBPD 4.1
2025-12-21 13:54:26,684 [INFO] ThirdParty:1030 - CMSIS Pack Vendor :STMicroelectronics X-CUBE-NFC9 1.0.0
2025-12-21 13:54:26,684 [INFO] ThirdParty:1030 - CMSIS Pack Vendor :STMicroelectronics USB_HOST 2.0.0
2025-12-21 13:54:26,684 [INFO] ThirdParty:1030 - CMSIS Pack Vendor :STMicroelectronics FP-SNS-MOTENVWB1 1.4.0
2025-12-21 13:54:26,684 [INFO] ThirdParty:1030 - CMSIS Pack Vendor :STMicroelectronics X-CUBE-AZRTOS-F4 1.1.0
2025-12-21 13:54:26,684 [INFO] ThirdParty:1030 - CMSIS Pack Vendor :STMicroelectronics LIBJPEG 8.0.0
2025-12-21 13:54:26,684 [INFO] ThirdParty:1030 - CMSIS Pack Vendor :STMicroelectronics FP-ATR-ASTRA1 2.0.2
2025-12-21 13:54:26,684 [INFO] ThirdParty:1030 - CMSIS Pack Vendor :wolfSSL I-CUBE-wolfSSL 5.8.2
2025-12-21 13:54:26,684 [INFO] ThirdParty:1030 - CMSIS Pack Vendor :STMicroelectronics X-CUBE-BLE1 7.1.0
2025-12-21 13:54:26,684 [INFO] ThirdParty:1030 - CMSIS Pack Vendor :Avnet-IotConnect X-CUBE-IoTC-DA16k-PMOD 1.0.0
2025-12-21 13:54:26,684 [INFO] ThirdParty:1030 - CMSIS Pack Vendor :STMicroelectronics X-CUBE-SMBUS 2.1.0
2025-12-21 13:54:26,684 [INFO] ThirdParty:1030 - CMSIS Pack Vendor :wolfSSL I-CUBE-wolfMQTT 1.19.2
2025-12-21 13:54:26,684 [INFO] ThirdParty:1030 - CMSIS Pack Vendor :STMicroelectronics USB_DEVICE 3.0.0
2025-12-21 13:54:26,684 [INFO] ThirdParty:1030 - CMSIS Pack Vendor :STMicroelectronics X-CUBE-ISPU 2.1.0
2025-12-21 13:54:26,684 [INFO] ThirdParty:1030 - CMSIS Pack Vendor :STMicroelectronics X-CUBE-FREERTOS 1.4.0
2025-12-21 13:54:26,684 [INFO] ThirdParty:1030 - CMSIS Pack Vendor :STMicroelectronics X-CUBE-EEPRMA1 5.2.0
2025-12-21 13:54:26,684 [INFO] ThirdParty:1030 - CMSIS Pack Vendor :STMicroelectronics X-CUBE-IPS 3.2.0
2025-12-21 13:54:26,684 [INFO] ThirdParty:1030 - CMSIS Pack Vendor :STMicroelectronics X-CUBE-BLEMGR 4.1.0
2025-12-21 13:54:26,684 [INFO] ThirdParty:1030 - CMSIS Pack Vendor :STMicroelectronics X-CUBE-AZRTOS-WB 2.0.0
2025-12-21 13:54:26,684 [INFO] ThirdParty:1030 - CMSIS Pack Vendor :STMicroelectronics X-CUBE-ST60 1.0.0
2025-12-21 13:54:26,684 [INFO] ThirdParty:1030 - CMSIS Pack Vendor :STMicroelectronics X-CUBE-GNSS1 7.0.1
2025-12-21 13:54:26,684 [INFO] ThirdParty:1030 - CMSIS Pack Vendor :STMicroelectronics X-CUBE-NFC12 1.0.0
2025-12-21 13:54:26,684 [INFO] ThirdParty:1030 - CMSIS Pack Vendor :STMicroelectronics X-CUBE-AZRTOS-F7 1.1.0
2025-12-21 13:54:26,685 [INFO] ThirdParty:1030 - CMSIS Pack Vendor :STMicroelectronics X-CUBE-AZRTOS-L5 2.0.0
2025-12-21 13:54:26,685 [INFO] ThirdParty:1030 - CMSIS Pack Vendor :STMicroelectronics X-CUBE-TOUCHGFX 4.25.0
2025-12-21 13:54:26,685 [INFO] ThirdParty:1030 - CMSIS Pack Vendor :STMicroelectronics USB_DEVICE 2.0.0
2025-12-21 13:54:26,685 [INFO] ThirdParty:1030 - CMSIS Pack Vendor :STMicroelectronics X-CUBE-NFC6 3.1.0
2025-12-21 13:54:26,685 [INFO] ThirdParty:1030 - CMSIS Pack Vendor :STMicroelectronics X-CUBE-ST67W61 1.1.0
2025-12-21 13:54:26,685 [INFO] ThirdParty:1030 - CMSIS Pack Vendor :quantropi X-CUBE-qispace-sdk-base 2.1.0
2025-12-21 13:54:26,685 [INFO] ThirdParty:1030 - CMSIS Pack Vendor :STMicroelectronics X-CUBE-MEMS1 12.0.0
2025-12-21 13:54:26,685 [INFO] ThirdParty:1030 - CMSIS Pack Vendor :STMicroelectronics FP-SNS-MOTENV1 5.1.0
2025-12-21 13:54:26,685 [INFO] ThirdParty:1030 - CMSIS Pack Vendor :STMicroelectronics FreeRTOS 0.0.1
2025-12-21 13:54:26,685 [INFO] ThirdParty:1030 - CMSIS Pack Vendor :STMicroelectronics X-CUBE-AZRTOS-G0 1.1.0
2025-12-21 13:54:26,685 [INFO] ThirdParty:1030 - CMSIS Pack Vendor :STMicroelectronics X-CUBE-SAFEA1 1.2.2
2025-12-21 13:54:26,685 [INFO] ThirdParty:1030 - CMSIS Pack Vendor :STMicroelectronics X-CUBE-NFC4 3.0.0
2025-12-21 13:54:26,685 [INFO] ThirdParty:1030 - CMSIS Pack Vendor :STMicroelectronics X-CUBE-SUBG2 5.0.0
2025-12-21 13:54:26,685 [INFO] ThirdParty:1030 - CMSIS Pack Vendor :STMicroelectronics X-CUBE-AZRTOS-H7RS 1.1.0
2025-12-21 13:54:26,685 [INFO] ThirdParty:1030 - CMSIS Pack Vendor :STMicroelectronics STM32_WPAN 1.0.0
2025-12-21 13:54:26,685 [INFO] ThirdParty:1030 - CMSIS Pack Vendor :EmbeddedOffice I-CUBE-FS-RTOS 1.0.1
2025-12-21 13:54:26,685 [INFO] ThirdParty:1030 - CMSIS Pack Vendor :STMicroelectronics lwIP 2.0.3
2025-12-21 13:54:26,685 [INFO] ThirdParty:1030 - CMSIS Pack Vendor :WES I-CUBE-Cesium 1.4.0
2025-12-21 13:54:26,685 [INFO] ThirdParty:1030 - CMSIS Pack Vendor :Cesanta I-CUBE-Mongoose 7.13.0
2025-12-21 13:54:26,685 [INFO] ThirdParty:1030 - CMSIS Pack Vendor :STMicroelectronics USB_HOST 1.0.0
2025-12-21 13:54:26,685 [INFO] ThirdParty:1030 - CMSIS Pack Vendor :Infineon AIROC-Wi-Fi-Bluetooth-STM32 1.7.1
2025-12-21 13:54:26,685 [INFO] ThirdParty:1030 - CMSIS Pack Vendor :STMicroelectronics X-CUBE-AZRTOS-G4 2.0.0
2025-12-21 13:54:26,685 [INFO] ThirdParty:1030 - CMSIS Pack Vendor :STMicroelectronics X-CUBE-WB05N 2.0.0
2025-12-21 13:54:26,685 [INFO] ThirdParty:1030 - CMSIS Pack Vendor :STMicroelectronics PDM2PCM 3.1.0
2025-12-21 13:54:26,685 [INFO] ThirdParty:1030 - CMSIS Pack Vendor :STMicroelectronics PDM2PCM 3.3.0
2025-12-21 13:54:26,685 [INFO] ThirdParty:1030 - CMSIS Pack Vendor :wolfSSL I-CUBE-wolfTPM 3.8.0
2025-12-21 13:54:26,685 [INFO] ThirdParty:1030 - CMSIS Pack Vendor :STMicroelectronics X-CUBE-AZRTOS-H7 3.4.0
2025-12-21 13:54:26,685 [INFO] ThirdParty:1030 - CMSIS Pack Vendor :STMicroelectronics X-CUBE-DISPLAY 3.0.0
2025-12-21 13:54:26,685 [INFO] ThirdParty:1030 - CMSIS Pack Vendor :wolfSSL I-CUBE-wolfSSH 1.4.20
2025-12-21 13:54:26,685 [INFO] ThirdParty:1030 - CMSIS Pack Vendor :STMicroelectronics X-CUBE-NFC7 2.0.0
2025-12-21 13:54:26,685 [INFO] ThirdParty:1030 - CMSIS Pack Vendor :STMicroelectronics X-CUBE-TCPP 4.2.0
2025-12-21 13:54:26,686 [INFO] ThirdParty:1030 - CMSIS Pack Vendor :RealThread X-CUBE-RT-Thread_Nano 4.1.1
2025-12-21 13:54:26,686 [INFO] ThirdParty:1030 - CMSIS Pack Vendor :STMicroelectronics FP-ATR-SIGFOX1 3.2.0
2025-12-21 13:54:26,686 [INFO] ThirdParty:1030 - CMSIS Pack Vendor :STMicroelectronics X-CUBE-NFC10 1.0.0
2025-12-21 13:54:26,686 [INFO] ThirdParty:1030 - CMSIS Pack Vendor :STMicroelectronics X-CUBE-FREERTOS 1.3.1
2025-12-21 13:54:26,686 [INFO] ThirdParty:1030 - CMSIS Pack Vendor :STMicroelectronics HAL Drivers 0.0.0
2025-12-21 13:54:26,686 [INFO] ThirdParty:1030 - CMSIS Pack Vendor :STMicroelectronics MBEDTLS 2.16.2
2025-12-21 13:54:26,686 [INFO] ThirdParty:1030 - CMSIS Pack Vendor :STMicroelectronics X-CUBE-ST60 1.1.0
2025-12-21 13:54:26,686 [INFO] ThirdParty:1030 - CMSIS Pack Vendor :STMicroelectronics X-CUBE-IPS 3.1.0
2025-12-21 13:54:26,686 [INFO] ThirdParty:1030 - CMSIS Pack Vendor :STMicroelectronics X-CUBE-ALS 1.0.2
2025-12-21 13:54:26,686 [INFO] ThirdParty:1030 - CMSIS Pack Vendor :emotas I-CUBE-CANOPEN 1.3.0
2025-12-21 13:54:26,686 [INFO] ThirdParty:1030 - CMSIS Pack Vendor :STMicroelectronics MBEDTLS 2.14.1
2025-12-21 13:54:26,686 [INFO] ThirdParty:1030 - CMSIS Pack Vendor :STMicroelectronics X-CUBE-GNSS1 7.1.0
2025-12-21 13:54:26,686 [INFO] ThirdParty:1030 - CMSIS Pack Vendor :ITTIA_DB I-CUBE-ITTIADB 8.9.0
2025-12-21 13:54:26,686 [INFO] ThirdParty:1030 - CMSIS Pack Vendor :STMicroelectronics X-CUBE-TOUCHGFX 4.26.0
2025-12-21 13:54:26,686 [INFO] ThirdParty:1030 - CMSIS Pack Vendor :STMicroelectronics X-CUBE-STSE01 1.0.0
2025-12-21 13:54:26,686 [INFO] ThirdParty:1030 - CMSIS Pack Vendor :STMicroelectronics X-CUBE-ST67W61 1.0.0
2025-12-21 13:54:26,686 [INFO] ThirdParty:1030 - CMSIS Pack Vendor :STMicroelectronics FP-SNS-STBOX1 2.1.0
2025-12-21 13:54:26,686 [INFO] ThirdParty:1030 - CMSIS Pack Vendor :STMicroelectronics X-CUBE-AI 10.2.0
2025-12-21 13:54:26,686 [INFO] ThirdParty:1030 - CMSIS Pack Vendor :STMicroelectronics FP-SNS-STAIOTCFT 1.0.0
2025-12-21 13:54:26,686 [INFO] ThirdParty:1030 - CMSIS Pack Vendor :STMicroelectronics ThreadX 1.0.0
2025-12-21 13:54:26,686 [INFO] ThirdParty:1030 - CMSIS Pack Vendor :STMicroelectronics FP-SNS-SMARTAG2 1.2.0
2025-12-21 13:54:26,686 [INFO] ThirdParty:1030 - CMSIS Pack Vendor :STMicroelectronics FP-SNS-FLIGHT1 5.1.0
2025-12-21 13:54:26,686 [INFO] ThirdParty:1030 - CMSIS Pack Vendor :STMicroelectronics X-CUBE-AZRTOS-WL 2.0.0
2025-12-21 13:54:26,686 [INFO] ThirdParty:1030 - CMSIS Pack Vendor :SEGGER I-CUBE-embOS 1.3.1
2025-12-21 13:54:26,686 [INFO] ThirdParty:1030 - CMSIS Pack Vendor :STMicroelectronics X-CUBE-ALGOBUILD 1.4.0
2025-12-21 13:54:26,686 [INFO] ThirdParty:1030 - CMSIS Pack Vendor :STMicroelectronics X-CUBE-DPower 1.3.0
2025-12-21 13:54:26,686 [INFO] ThirdParty:1030 - CMSIS Pack Vendor :STMicroelectronics X-CUBE-MEMS1 11.3.0
2025-12-21 13:54:26,686 [INFO] ThirdParty:1030 - CMSIS Pack Vendor :STMicroelectronics FP-SNS-MOTENV1 5.0.0
2025-12-21 13:54:26,686 [INFO] ThirdParty:1030 - CMSIS Pack Vendor :STMicroelectronics USB_DEVICE 1.0.0
2025-12-21 13:54:26,686 [INFO] ThirdParty:1030 - CMSIS Pack Vendor :STMicroelectronics X-CUBE-AZRTOS-H7RS 1.2.0
2025-12-21 13:54:26,686 [INFO] ThirdParty:1030 - CMSIS Pack Vendor :STMicroelectronics X-CUBE-AZRTOS-L4 2.0.0
2025-12-21 13:54:26,686 [INFO] ThirdParty:1030 - CMSIS Pack Vendor :STMicroelectronics ThreadX 0.0.2
2025-12-21 13:54:26,687 [INFO] ThirdParty:1030 - CMSIS Pack Vendor :STMicroelectronics lwIP 2.1.2
2025-12-21 13:54:26,687 [INFO] ThirdParty:1030 - CMSIS Pack Vendor :STMicroelectronics X-CUBE-SFXS2LP1 4.0.0
2025-12-21 13:54:26,687 [INFO] ThirdParty:1030 - CMSIS Pack Vendor :STMicroelectronics X-CUBE-BLE2 3.3.0
2025-12-21 13:54:26,687 [INFO] ThirdParty:1030 - CMSIS Pack Vendor :Avnet-IOTCONNECT X-CUBE-iotc-st67-sdk 1.0.0
2025-12-21 13:54:26,687 [INFO] ThirdParty:1030 - CMSIS Pack Vendor :STMicroelectronics X-CUBE-TOF1 3.4.3
2025-12-21 13:54:26,687 [INFO] ThirdParty:1030 - CMSIS Pack Vendor :STMicroelectronics PDM2PCM 3.2.0
2025-12-21 13:54:26,687 [INFO] ThirdParty:841 - exiting critical section [change project]
2025-12-21 13:54:27,116 [INFO] PinOutPanel:1589 - setPackage(No Configuration,No Configuration)
2025-12-21 13:54:27,118 [INFO] PinOutPanel:1589 - setPackage(STM32L476RGTx,LQFP64)
2025-12-21 13:54:28,617 [INFO] UtilMem:75 - Before build in PCC Used Memory: 207994800 Bytes (360710144)
2025-12-21 13:54:31,209 [INFO] UtilMem:75 - After build in PCC Used Memory: 298358768 Bytes (360710144)
2025-12-21 13:54:31,238 [INFO] IPUIPlugin:80 - create IPUIPlugin
2025-12-21 13:54:31,238 [INFO] IPUIPlugin:80 - create IPUIPlugin
2025-12-21 13:54:31,238 [INFO] IPUIPlugin:80 - create IPUIPlugin
2025-12-21 13:54:31,238 [INFO] IPUIPlugin:80 - create IPUIPlugin
2025-12-21 13:54:31,238 [INFO] IPUIPlugin:80 - create IPUIPlugin
2025-12-21 13:54:31,238 [INFO] IPUIPlugin:80 - create IPUIPlugin
2025-12-21 13:54:31,239 [INFO] IPUIPlugin:80 - create IPUIPlugin
2025-12-21 13:54:31,239 [INFO] IPUIPlugin:80 - create IPUIPlugin
2025-12-21 13:54:31,239 [INFO] IPUIPlugin:80 - create IPUIPlugin
2025-12-21 13:54:31,239 [INFO] IPUIPlugin:80 - create IPUIPlugin
2025-12-21 13:54:31,239 [INFO] IPUIPlugin:80 - create IPUIPlugin
2025-12-21 13:54:31,239 [INFO] IPUIPlugin:80 - create IPUIPlugin
2025-12-21 13:54:31,239 [INFO] IPUIPlugin:80 - create IPUIPlugin
2025-12-21 13:54:31,239 [INFO] IPUIPlugin:80 - create IPUIPlugin
2025-12-21 13:54:31,239 [INFO] IPUIPlugin:80 - create IPUIPlugin
2025-12-21 13:54:31,239 [INFO] IPUIPlugin:80 - create IPUIPlugin
2025-12-21 13:54:31,240 [INFO] IPUIPlugin:80 - create IPUIPlugin
2025-12-21 13:54:31,240 [INFO] IPUIPlugin:80 - create IPUIPlugin
2025-12-21 13:54:31,240 [INFO] IPUIPlugin:80 - create IPUIPlugin
2025-12-21 13:54:31,240 [INFO] IPUIPlugin:80 - create IPUIPlugin
2025-12-21 13:54:31,240 [INFO] IPUIPlugin:80 - create IPUIPlugin
2025-12-21 13:54:31,240 [INFO] IPUIPlugin:80 - create IPUIPlugin
2025-12-21 13:54:31,241 [INFO] IPUIPlugin:80 - create IPUIPlugin
2025-12-21 13:54:31,241 [INFO] IPUIPlugin:80 - create IPUIPlugin
2025-12-21 13:54:31,241 [INFO] IPUIPlugin:80 - create IPUIPlugin
2025-12-21 13:54:31,241 [INFO] IPUIPlugin:80 - create IPUIPlugin
2025-12-21 13:54:31,241 [INFO] IPUIPlugin:80 - create IPUIPlugin
2025-12-21 13:54:31,241 [INFO] IPUIPlugin:80 - create IPUIPlugin
2025-12-21 13:54:31,241 [INFO] IPUIPlugin:80 - create IPUIPlugin
2025-12-21 13:54:31,242 [INFO] IPUIPlugin:80 - create IPUIPlugin
2025-12-21 13:54:31,242 [INFO] IPUIPlugin:80 - create IPUIPlugin
2025-12-21 13:54:31,242 [INFO] IPUIPlugin:80 - create IPUIPlugin
2025-12-21 13:54:31,242 [INFO] IPUIPlugin:80 - create IPUIPlugin
2025-12-21 13:54:31,242 [INFO] IPUIPlugin:80 - create IPUIPlugin
2025-12-21 13:54:31,243 [INFO] IPUIPlugin:80 - create IPUIPlugin
2025-12-21 13:54:31,243 [INFO] IPUIPlugin:80 - create IPUIPlugin
2025-12-21 13:54:31,243 [INFO] IPUIPlugin:80 - create IPUIPlugin
2025-12-21 13:54:31,243 [INFO] IPUIPlugin:80 - create IPUIPlugin
2025-12-21 13:54:31,243 [INFO] IPUIPlugin:80 - create IPUIPlugin
2025-12-21 13:54:31,244 [INFO] IPUIPlugin:80 - create IPUIPlugin
2025-12-21 13:54:31,244 [INFO] IPUIPlugin:80 - create IPUIPlugin
2025-12-21 13:54:31,244 [INFO] IPUIPlugin:80 - create IPUIPlugin
2025-12-21 13:54:31,244 [INFO] IPUIPlugin:80 - create IPUIPlugin
2025-12-21 13:54:31,244 [INFO] IPUIPlugin:80 - create IPUIPlugin
2025-12-21 13:54:31,244 [INFO] IPUIPlugin:80 - create IPUIPlugin
2025-12-21 13:54:31,245 [INFO] IPUIPlugin:80 - create IPUIPlugin
2025-12-21 13:54:31,245 [INFO] IPUIPlugin:80 - create IPUIPlugin
2025-12-21 13:54:31,245 [INFO] IPUIPlugin:80 - create IPUIPlugin
2025-12-21 13:54:31,245 [INFO] IPUIPlugin:80 - create IPUIPlugin
2025-12-21 13:54:31,246 [INFO] IPUIPlugin:80 - create IPUIPlugin
2025-12-21 13:54:31,246 [INFO] IPUIPlugin:80 - create IPUIPlugin
2025-12-21 13:54:31,246 [INFO] IPUIPlugin:80 - create IPUIPlugin
2025-12-21 13:54:31,246 [INFO] IPUIPlugin:80 - create IPUIPlugin
2025-12-21 13:54:31,246 [INFO] IPUIPlugin:80 - create IPUIPlugin
2025-12-21 13:54:31,247 [INFO] IPUIPlugin:80 - create IPUIPlugin
2025-12-21 13:54:31,247 [INFO] IPUIPlugin:80 - create IPUIPlugin
2025-12-21 13:54:31,247 [INFO] IPUIPlugin:80 - create IPUIPlugin
2025-12-21 13:54:31,248 [INFO] IPUIPlugin:80 - create IPUIPlugin
2025-12-21 13:54:31,248 [INFO] IPUIPlugin:80 - create IPUIPlugin
2025-12-21 13:54:31,471 [INFO] CADModel:165 - CPN selected for project levelSTM32L476RGT3
2025-12-21 13:54:31,472 [INFO] CADModel:114 - Register for checkConnection events
2025-12-21 13:54:31,521 [INFO] OpenFileManager:386 - Restore cursor
2025-12-21 13:54:45,490 [INFO] I2cTimingTraitement:330 - 0x10909CEC
2025-12-21 13:55:35,081 [INFO] I2cTimingTraitement:330 - 0x10909CEC
2025-12-21 16:59:55,710 [INFO] MainUpdater:2872 - connection check result : 10
2025-12-21 16:59:55,710 [INFO] MainUpdater:2872 - connection check result : 10
2025-12-21 16:59:56,781 [INFO] I2cTimingTraitement:330 - 0x10909CEC
2025-12-21 16:59:56,787 [INFO] MicroXplorer:468 - Change Database Path : 
2025-12-21 16:59:56,787 [INFO] MicroXplorer:498 - Change Database Version : DB.6.0.150
2025-12-21 16:59:56,839 [ERROR] ProjectManagerView:395 - 
java.lang.NullPointerException: Cannot invoke "javax.swing.JTextField.getText()" because the return value of "java.util.List.get(int)" is null
	at com.st.microxplorer.plugins.projectmanager.gui.ProjectChoiceTab$9.caretUpdate(ProjectChoiceTab.java:2706) ~[filemanager.jar:?]
	at javax.swing.text.JTextComponent.fireCaretUpdate(JTextComponent.java:408) ~[?:?]
	at javax.swing.text.JTextComponent$MutableCaretEvent.fire(JTextComponent.java:4484) ~[?:?]
	at javax.swing.text.JTextComponent$MutableCaretEvent.stateChanged(JTextComponent.java:4506) ~[?:?]
	at javax.swing.text.DefaultCaret.fireStateChanged(DefaultCaret.java:857) ~[?:?]
	at javax.swing.text.DefaultCaret.changeCaretPosition(DefaultCaret.java:1343) ~[?:?]
	at javax.swing.text.DefaultCaret.handleSetDot(DefaultCaret.java:1242) ~[?:?]
	at javax.swing.text.DefaultCaret.setDot(DefaultCaret.java:1223) ~[?:?]
	at javax.swing.text.DefaultCaret$Handler.insertUpdate(DefaultCaret.java:1819) ~[?:?]
	at javax.swing.text.AbstractDocument.fireInsertUpdate(AbstractDocument.java:227) ~[?:?]
	at javax.swing.text.AbstractDocument.handleInsertString(AbstractDocument.java:781) ~[?:?]
	at javax.swing.text.AbstractDocument.insertString(AbstractDocument.java:740) ~[?:?]
	at javax.swing.text.PlainDocument.insertString(PlainDocument.java:131) ~[?:?]
	at javax.swing.text.AbstractDocument.replace(AbstractDocument.java:699) ~[?:?]
	at javax.swing.text.JTextComponent.setText(JTextComponent.java:1725) ~[?:?]
	at com.st.microxplorer.plugins.projectmanager.gui.ProjectChoiceTab.createHeapStackFields(ProjectChoiceTab.java:993) ~[filemanager.jar:?]
	at com.st.microxplorer.plugins.projectmanager.gui.ProjectChoiceTab.buildLinkSettingsPanel(ProjectChoiceTab.java:3813) ~[filemanager.jar:?]
	at com.st.microxplorer.plugins.projectmanager.gui.ProjectChoiceTab.defineWindowsFields(ProjectChoiceTab.java:1987) ~[filemanager.jar:?]
	at com.st.microxplorer.plugins.projectmanager.gui.ProjectChoiceTab.updateSettings(ProjectChoiceTab.java:558) ~[filemanager.jar:?]
	at com.st.microxplorer.plugins.projectmanager.gui.ProjectSettingsPanel.UpdateDialog(ProjectSettingsPanel.java:247) ~[filemanager.jar:?]
	at com.st.microxplorer.plugins.projectmanager.ProjectManagerView.propertyChange(ProjectManagerView.java:392) ~[filemanager.jar:?]
	at java.beans.PropertyChangeSupport.fire(PropertyChangeSupport.java:343) ~[?:?]
	at java.beans.PropertyChangeSupport.firePropertyChange(PropertyChangeSupport.java:335) ~[?:?]
	at java.beans.PropertyChangeSupport.firePropertyChange(PropertyChangeSupport.java:268) ~[?:?]
	at com.st.microxplorer.util.MXPropertyChangeSupport.firePropertyChange(MXPropertyChangeSupport.java:54) ~[STM32CubeMX.jar:?]
	at com.st.microxplorer.mxsystem.MxSystem.closeConfig(MxSystem.java:899) ~[STM32CubeMX.jar:?]
	at com.st.microxplorer.maingui.MainPanel.closeConfig(MainPanel.java:792) ~[STM32CubeMX.jar:?]
	at com.st.microxplorer.plugins.filemanager.engine.OpenFileManager.loadConfigurationFile(OpenFileManager.java:288) ~[filemanager.jar:?]
	at com.st.microxplorer.plugins.filemanager.engine.MainFileManager.userLoadConfig(MainFileManager.java:364) ~[filemanager.jar:?]
	at com.st.microxplorer.plugins.filemanager.engine.MainFileManager.userLoadConfig(MainFileManager.java:342) ~[filemanager.jar:?]
	at com.st.microxplorer.plugins.filemanager.FileManagerView.getSpecificTask(FileManagerView.java:264) ~[filemanager.jar:?]
	at com.st.stm32cube.common.mx.editor.CubeMxEditor.getMxTabbedPaneInstance(CubeMxEditor.java:1198) ~[com.st.stm32cube.common.mx_6.15.0.202507011659/:?]
	at com.st.stm32cube.common.mx.editor.CubeMxEditor$12$1.createSwingComponent(CubeMxEditor.java:1068) ~[com.st.stm32cube.common.mx_6.15.0.202507011659/:?]
	at com.st.stm32cube.common.mx.oss.core.awtswtbridge.EmbeddedSwingComposite.doComponentCreation(EmbeddedSwingComposite.java:492) ~[com.st.stm32cube.common.mx.oss_6.15.0.202507011659/:?]
	at com.st.stm32cube.common.mx.oss.core.awtswtbridge.EmbeddedSwingComposite$4.run(EmbeddedSwingComposite.java:291) ~[com.st.stm32cube.common.mx.oss_6.15.0.202507011659/:?]
	at com.st.stm32cube.common.mx.oss.core.awtswtbridge.AwtEnvironment$2.run(AwtEnvironment.java:166) ~[com.st.stm32cube.common.mx.oss_6.15.0.202507011659/:?]
	at java.awt.event.InvocationEvent.dispatch(InvocationEvent.java:318) ~[?:?]
	at java.awt.EventQueue.dispatchEventImpl(EventQueue.java:773) ~[?:?]
	at java.awt.EventQueue$4.run(EventQueue.java:720) ~[?:?]
	at java.awt.EventQueue$4.run(EventQueue.java:714) ~[?:?]
	at java.security.AccessController.doPrivileged(AccessController.java:400) ~[?:?]
	at java.security.ProtectionDomain$JavaSecurityAccessImpl.doIntersectionPrivilege(ProtectionDomain.java:87) ~[?:?]
	at java.awt.EventQueue.dispatchEvent(EventQueue.java:742) ~[?:?]
	at java.awt.EventDispatchThread.pumpOneEventForFilters(EventDispatchThread.java:203) ~[?:?]
	at java.awt.EventDispatchThread.pumpEventsForFilter(EventDispatchThread.java:124) ~[?:?]
	at java.awt.EventDispatchThread.pumpEventsForHierarchy(EventDispatchThread.java:113) ~[?:?]
	at java.awt.EventDispatchThread.pumpEvents(EventDispatchThread.java:109) ~[?:?]
	at java.awt.EventDispatchThread.pumpEvents(EventDispatchThread.java:101) ~[?:?]
	at java.awt.EventDispatchThread.run(EventDispatchThread.java:90) ~[?:?]
2025-12-21 16:59:56,861 [WARN] ThirdParty:871 - waiting for thirdparty lock release [close project]
2025-12-21 16:59:56,861 [INFO] ThirdParty:873 - entering critical section [close project]
2025-12-21 16:59:56,861 [INFO] ThirdParty:883 - exiting critical section [close project]
2025-12-21 16:59:56,867 [INFO] PinOutPanel:1589 - setPackage(No Configuration,No Configuration)
2025-12-21 16:59:56,883 [INFO] UtilMem:75 - Begin LoadConfig() Used Memory: 969188632 Bytes (1073741824)
2025-12-21 16:59:56,884 [INFO] MicroXplorer:468 - Change Database Path : 
2025-12-21 16:59:56,884 [INFO] MicroXplorer:498 - Change Database Version : DB.6.0.150
2025-12-21 16:59:56,884 [INFO] OpenFileManager:355 - Change cursor
2025-12-21 16:59:56,908 [INFO] Mcu:2029 - Initializing MCU STM32L476R(C-E-G)Tx STM32L476RGTx STM32L476RGT3
2025-12-21 16:59:58,711 [INFO] Context:786 - Trying to add GPIOservice into a context  which must be forbidden
2025-12-21 16:59:59,413 [INFO] ImportTextPane:234 - (OptionalMessage_ERROR) Pin4 (VP_RIF_VS_RIF1) cannot be retrieved for this MCU
2025-12-21 16:59:59,555 [INFO] RtosManager:558 - Registered RTOS mode: class=CMSIS, group=RTOS, mode=CMSIS_V1, owner=FREERTOS
2025-12-21 16:59:59,556 [INFO] RtosManager:558 - Registered RTOS mode: class=CMSIS, group=RTOS2, mode=CMSIS_V2, owner=FREERTOS
2025-12-21 16:59:59,556 [INFO] RtosManager:558 - Registered RTOS mode: class=RTOS, group=Core, mode=CMSIS_V1, owner=FREERTOS
2025-12-21 16:59:59,556 [INFO] RtosManager:558 - Registered RTOS mode: class=RTOS, group=Core, mode=CMSIS_V2, owner=FREERTOS
2025-12-21 16:59:59,556 [WARN] ModelIntegratedComponent:184 - Missing modes for component STMicroelectronics:FreeRTOS:0.0.1:STMicroelectronics:RTOS:FreeRTOS:Core:::10.2.0:
2025-12-21 16:59:59,564 [WARN] ModelIntegratedComponent:63 - No mode defined for component null
2025-12-21 16:59:59,564 [WARN] ModelIntegratedComponent:63 - No mode defined for component null
2025-12-21 16:59:59,564 [WARN] ModelIntegratedComponent:63 - No mode defined for component null
2025-12-21 16:59:59,564 [WARN] ModelIntegratedComponent:63 - No mode defined for component null
2025-12-21 16:59:59,564 [WARN] ModelIntegratedComponent:63 - No mode defined for component null
2025-12-21 16:59:59,564 [WARN] ModelIntegratedComponent:63 - No mode defined for component null
2025-12-21 16:59:59,564 [WARN] ModelIntegratedComponent:63 - No mode defined for component null
2025-12-21 16:59:59,564 [WARN] ModelIntegratedComponent:63 - No mode defined for component null
2025-12-21 16:59:59,564 [WARN] ModelIntegratedComponent:63 - No mode defined for component null
2025-12-21 16:59:59,564 [WARN] ModelIntegratedComponent:63 - No mode defined for component null
2025-12-21 16:59:59,564 [WARN] ModelIntegratedComponent:63 - No mode defined for component null
2025-12-21 16:59:59,565 [WARN] ModelIntegratedComponent:63 - No mode defined for component null
2025-12-21 16:59:59,565 [WARN] ModelIntegratedComponent:63 - No mode defined for component null
2025-12-21 16:59:59,565 [WARN] ModelIntegratedComponent:63 - No mode defined for component null
2025-12-21 16:59:59,565 [WARN] ModelIntegratedComponent:63 - No mode defined for component null
2025-12-21 16:59:59,565 [WARN] ModelIntegratedComponent:63 - No mode defined for component null
2025-12-21 16:59:59,565 [WARN] ModelIntegratedComponent:63 - No mode defined for component null
2025-12-21 16:59:59,565 [WARN] ModelIntegratedComponent:63 - No mode defined for component null
2025-12-21 16:59:59,565 [WARN] ModelIntegratedComponent:63 - No mode defined for component null
2025-12-21 16:59:59,565 [WARN] ModelIntegratedComponent:63 - No mode defined for component null
2025-12-21 16:59:59,565 [WARN] ModelIntegratedComponent:63 - No mode defined for component null
2025-12-21 16:59:59,565 [WARN] ModelIntegratedComponent:63 - No mode defined for component null
2025-12-21 16:59:59,565 [WARN] ModelIntegratedComponent:63 - No mode defined for component null
2025-12-21 16:59:59,565 [WARN] ModelIntegratedComponent:63 - No mode defined for component null
2025-12-21 16:59:59,565 [WARN] ModelIntegratedComponent:63 - No mode defined for component null
2025-12-21 16:59:59,566 [WARN] ModelIntegratedComponent:63 - No mode defined for component null
2025-12-21 16:59:59,566 [WARN] ModelIntegratedComponent:63 - No mode defined for component null
2025-12-21 16:59:59,566 [WARN] ModelIntegratedComponent:63 - No mode defined for component null
2025-12-21 16:59:59,566 [WARN] ModelIntegratedComponent:63 - No mode defined for component null
2025-12-21 16:59:59,566 [WARN] ModelIntegratedComponent:63 - No mode defined for component null
2025-12-21 16:59:59,566 [WARN] ModelIntegratedComponent:63 - No mode defined for component null
2025-12-21 16:59:59,566 [WARN] ModelIntegratedComponent:63 - No mode defined for component null
2025-12-21 16:59:59,566 [WARN] ModelIntegratedComponent:63 - No mode defined for component null
2025-12-21 16:59:59,566 [WARN] ModelIntegratedComponent:63 - No mode defined for component null
2025-12-21 16:59:59,566 [WARN] ModelIntegratedComponent:63 - No mode defined for component null
2025-12-21 16:59:59,566 [WARN] ModelPack:524 - Component already loaded: STMicroelectronics:HAL Drivers:0.0.0:STMicroelectronics:Device:STMicro_Driver:XSPI:HAL::0.0.1:HAL_XSPI
2025-12-21 16:59:59,626 [INFO] ThirdPartyModel:298 - Start build external matchings
2025-12-21 17:00:00,184 [INFO] ThirdPartyModel:316 - End build external matchings
2025-12-21 17:00:00,467 [INFO] UtilMem:75 - End LoadConfig() Used Memory: 754035104 Bytes (1073741824)
2025-12-21 17:00:00,497 [WARN] ThirdParty:833 - waiting for thirdparty lock release [change project]
2025-12-21 17:00:00,497 [INFO] ThirdParty:835 - entering critical section [change project]
2025-12-21 17:00:00,498 [INFO] ThirdParty:1030 - CMSIS Pack Vendor :STMicroelectronics X-CUBE-PM33A1 1.0.0
2025-12-21 17:00:00,498 [INFO] ThirdParty:1030 - CMSIS Pack Vendor :STMicroelectronics USBPD 4.1
2025-12-21 17:00:00,498 [INFO] ThirdParty:1030 - CMSIS Pack Vendor :STMicroelectronics X-CUBE-NFC9 1.0.0
2025-12-21 17:00:00,498 [INFO] ThirdParty:1030 - CMSIS Pack Vendor :STMicroelectronics USB_HOST 2.0.0
2025-12-21 17:00:00,498 [INFO] ThirdParty:1030 - CMSIS Pack Vendor :STMicroelectronics FP-SNS-MOTENVWB1 1.4.0
2025-12-21 17:00:00,498 [INFO] ThirdParty:1030 - CMSIS Pack Vendor :STMicroelectronics X-CUBE-AZRTOS-F4 1.1.0
2025-12-21 17:00:00,498 [INFO] ThirdParty:1030 - CMSIS Pack Vendor :STMicroelectronics LIBJPEG 8.0.0
2025-12-21 17:00:00,498 [INFO] ThirdParty:1030 - CMSIS Pack Vendor :STMicroelectronics FP-ATR-ASTRA1 2.0.2
2025-12-21 17:00:00,498 [INFO] ThirdParty:1030 - CMSIS Pack Vendor :wolfSSL I-CUBE-wolfSSL 5.8.2
2025-12-21 17:00:00,499 [INFO] ThirdParty:1030 - CMSIS Pack Vendor :STMicroelectronics X-CUBE-BLE1 7.1.0
2025-12-21 17:00:00,499 [INFO] ThirdParty:1030 - CMSIS Pack Vendor :Avnet-IotConnect X-CUBE-IoTC-DA16k-PMOD 1.0.0
2025-12-21 17:00:00,499 [INFO] ThirdParty:1030 - CMSIS Pack Vendor :STMicroelectronics X-CUBE-SMBUS 2.1.0
2025-12-21 17:00:00,499 [INFO] ThirdParty:1030 - CMSIS Pack Vendor :wolfSSL I-CUBE-wolfMQTT 1.19.2
2025-12-21 17:00:00,499 [INFO] ThirdParty:1030 - CMSIS Pack Vendor :STMicroelectronics USB_DEVICE 3.0.0
2025-12-21 17:00:00,499 [INFO] ThirdParty:1030 - CMSIS Pack Vendor :STMicroelectronics X-CUBE-ISPU 2.1.0
2025-12-21 17:00:00,499 [INFO] ThirdParty:1030 - CMSIS Pack Vendor :STMicroelectronics X-CUBE-FREERTOS 1.4.0
2025-12-21 17:00:00,500 [INFO] ThirdParty:1030 - CMSIS Pack Vendor :STMicroelectronics X-CUBE-EEPRMA1 5.2.0
2025-12-21 17:00:00,500 [INFO] ThirdParty:1030 - CMSIS Pack Vendor :STMicroelectronics X-CUBE-IPS 3.2.0
2025-12-21 17:00:00,500 [INFO] ThirdParty:1030 - CMSIS Pack Vendor :STMicroelectronics X-CUBE-BLEMGR 4.1.0
2025-12-21 17:00:00,500 [INFO] ThirdParty:1030 - CMSIS Pack Vendor :STMicroelectronics X-CUBE-AZRTOS-WB 2.0.0
2025-12-21 17:00:00,500 [INFO] ThirdParty:1030 - CMSIS Pack Vendor :STMicroelectronics X-CUBE-ST60 1.0.0
2025-12-21 17:00:00,500 [INFO] ThirdParty:1030 - CMSIS Pack Vendor :STMicroelectronics X-CUBE-GNSS1 7.0.1
2025-12-21 17:00:00,500 [INFO] ThirdParty:1030 - CMSIS Pack Vendor :STMicroelectronics X-CUBE-NFC12 1.0.0
2025-12-21 17:00:00,500 [INFO] ThirdParty:1030 - CMSIS Pack Vendor :STMicroelectronics X-CUBE-AZRTOS-F7 1.1.0
2025-12-21 17:00:00,500 [INFO] ThirdParty:1030 - CMSIS Pack Vendor :STMicroelectronics X-CUBE-AZRTOS-L5 2.0.0
2025-12-21 17:00:00,500 [INFO] ThirdParty:1030 - CMSIS Pack Vendor :STMicroelectronics X-CUBE-TOUCHGFX 4.25.0
2025-12-21 17:00:00,500 [INFO] ThirdParty:1030 - CMSIS Pack Vendor :STMicroelectronics USB_DEVICE 2.0.0
2025-12-21 17:00:00,500 [INFO] ThirdParty:1030 - CMSIS Pack Vendor :STMicroelectronics X-CUBE-NFC6 3.1.0
2025-12-21 17:00:00,500 [INFO] ThirdParty:1030 - CMSIS Pack Vendor :STMicroelectronics X-CUBE-ST67W61 1.1.0
2025-12-21 17:00:00,500 [INFO] ThirdParty:1030 - CMSIS Pack Vendor :quantropi X-CUBE-qispace-sdk-base 2.1.0
2025-12-21 17:00:00,501 [INFO] ThirdParty:1030 - CMSIS Pack Vendor :STMicroelectronics X-CUBE-MEMS1 12.0.0
2025-12-21 17:00:00,501 [INFO] ThirdParty:1030 - CMSIS Pack Vendor :STMicroelectronics FP-SNS-MOTENV1 5.1.0
2025-12-21 17:00:00,501 [INFO] ThirdParty:1030 - CMSIS Pack Vendor :STMicroelectronics FreeRTOS 0.0.1
2025-12-21 17:00:00,501 [INFO] ThirdParty:1030 - CMSIS Pack Vendor :STMicroelectronics X-CUBE-AZRTOS-G0 1.1.0
2025-12-21 17:00:00,501 [INFO] ThirdParty:1030 - CMSIS Pack Vendor :STMicroelectronics X-CUBE-SAFEA1 1.2.2
2025-12-21 17:00:00,501 [INFO] ThirdParty:1030 - CMSIS Pack Vendor :STMicroelectronics X-CUBE-NFC4 3.0.0
2025-12-21 17:00:00,501 [INFO] ThirdParty:1030 - CMSIS Pack Vendor :STMicroelectronics X-CUBE-SUBG2 5.0.0
2025-12-21 17:00:00,501 [INFO] ThirdParty:1030 - CMSIS Pack Vendor :STMicroelectronics X-CUBE-AZRTOS-H7RS 1.1.0
2025-12-21 17:00:00,501 [INFO] ThirdParty:1030 - CMSIS Pack Vendor :STMicroelectronics STM32_WPAN 1.0.0
2025-12-21 17:00:00,501 [INFO] ThirdParty:1030 - CMSIS Pack Vendor :EmbeddedOffice I-CUBE-FS-RTOS 1.0.1
2025-12-21 17:00:00,502 [INFO] ThirdParty:1030 - CMSIS Pack Vendor :STMicroelectronics lwIP 2.0.3
2025-12-21 17:00:00,502 [INFO] ThirdParty:1030 - CMSIS Pack Vendor :WES I-CUBE-Cesium 1.4.0
2025-12-21 17:00:00,502 [INFO] ThirdParty:1030 - CMSIS Pack Vendor :Cesanta I-CUBE-Mongoose 7.13.0
2025-12-21 17:00:00,502 [INFO] ThirdParty:1030 - CMSIS Pack Vendor :STMicroelectronics USB_HOST 1.0.0
2025-12-21 17:00:00,502 [INFO] ThirdParty:1030 - CMSIS Pack Vendor :Infineon AIROC-Wi-Fi-Bluetooth-STM32 1.7.1
2025-12-21 17:00:00,502 [INFO] ThirdParty:1030 - CMSIS Pack Vendor :STMicroelectronics X-CUBE-AZRTOS-G4 2.0.0
2025-12-21 17:00:00,502 [INFO] ThirdParty:1030 - CMSIS Pack Vendor :STMicroelectronics X-CUBE-WB05N 2.0.0
2025-12-21 17:00:00,502 [INFO] ThirdParty:1030 - CMSIS Pack Vendor :STMicroelectronics PDM2PCM 3.1.0
2025-12-21 17:00:00,502 [INFO] ThirdParty:1030 - CMSIS Pack Vendor :STMicroelectronics PDM2PCM 3.3.0
2025-12-21 17:00:00,502 [INFO] ThirdParty:1030 - CMSIS Pack Vendor :wolfSSL I-CUBE-wolfTPM 3.8.0
2025-12-21 17:00:00,502 [INFO] ThirdParty:1030 - CMSIS Pack Vendor :STMicroelectronics X-CUBE-AZRTOS-H7 3.4.0
2025-12-21 17:00:00,502 [INFO] ThirdParty:1030 - CMSIS Pack Vendor :STMicroelectronics X-CUBE-DISPLAY 3.0.0
2025-12-21 17:00:00,502 [INFO] ThirdParty:1030 - CMSIS Pack Vendor :wolfSSL I-CUBE-wolfSSH 1.4.20
2025-12-21 17:00:00,502 [INFO] ThirdParty:1030 - CMSIS Pack Vendor :STMicroelectronics X-CUBE-NFC7 2.0.0
2025-12-21 17:00:00,502 [INFO] ThirdParty:1030 - CMSIS Pack Vendor :STMicroelectronics X-CUBE-TCPP 4.2.0
2025-12-21 17:00:00,503 [INFO] ThirdParty:1030 - CMSIS Pack Vendor :RealThread X-CUBE-RT-Thread_Nano 4.1.1
2025-12-21 17:00:00,503 [INFO] ThirdParty:1030 - CMSIS Pack Vendor :STMicroelectronics FP-ATR-SIGFOX1 3.2.0
2025-12-21 17:00:00,503 [INFO] ThirdParty:1030 - CMSIS Pack Vendor :STMicroelectronics X-CUBE-NFC10 1.0.0
2025-12-21 17:00:00,503 [INFO] ThirdParty:1030 - CMSIS Pack Vendor :STMicroelectronics X-CUBE-FREERTOS 1.3.1
2025-12-21 17:00:00,503 [INFO] ThirdParty:1030 - CMSIS Pack Vendor :STMicroelectronics HAL Drivers 0.0.0
2025-12-21 17:00:00,503 [INFO] ThirdParty:1030 - CMSIS Pack Vendor :STMicroelectronics MBEDTLS 2.16.2
2025-12-21 17:00:00,503 [INFO] ThirdParty:1030 - CMSIS Pack Vendor :STMicroelectronics X-CUBE-ST60 1.1.0
2025-12-21 17:00:00,503 [INFO] ThirdParty:1030 - CMSIS Pack Vendor :STMicroelectronics X-CUBE-IPS 3.1.0
2025-12-21 17:00:00,503 [INFO] ThirdParty:1030 - CMSIS Pack Vendor :STMicroelectronics X-CUBE-ALS 1.0.2
2025-12-21 17:00:00,503 [INFO] ThirdParty:1030 - CMSIS Pack Vendor :emotas I-CUBE-CANOPEN 1.3.0
2025-12-21 17:00:00,503 [INFO] ThirdParty:1030 - CMSIS Pack Vendor :STMicroelectronics MBEDTLS 2.14.1
2025-12-21 17:00:00,503 [INFO] ThirdParty:1030 - CMSIS Pack Vendor :STMicroelectronics X-CUBE-GNSS1 7.1.0
2025-12-21 17:00:00,503 [INFO] ThirdParty:1030 - CMSIS Pack Vendor :ITTIA_DB I-CUBE-ITTIADB 8.9.0
2025-12-21 17:00:00,503 [INFO] ThirdParty:1030 - CMSIS Pack Vendor :STMicroelectronics X-CUBE-TOUCHGFX 4.26.0
2025-12-21 17:00:00,503 [INFO] ThirdParty:1030 - CMSIS Pack Vendor :STMicroelectronics X-CUBE-STSE01 1.0.0
2025-12-21 17:00:00,503 [INFO] ThirdParty:1030 - CMSIS Pack Vendor :STMicroelectronics X-CUBE-ST67W61 1.0.0
2025-12-21 17:00:00,504 [INFO] ThirdParty:1030 - CMSIS Pack Vendor :STMicroelectronics FP-SNS-STBOX1 2.1.0
2025-12-21 17:00:00,504 [INFO] ThirdParty:1030 - CMSIS Pack Vendor :STMicroelectronics X-CUBE-AI 10.2.0
2025-12-21 17:00:00,504 [INFO] ThirdParty:1030 - CMSIS Pack Vendor :STMicroelectronics FP-SNS-STAIOTCFT 1.0.0
2025-12-21 17:00:00,504 [INFO] ThirdParty:1030 - CMSIS Pack Vendor :STMicroelectronics ThreadX 1.0.0
2025-12-21 17:00:00,504 [INFO] ThirdParty:1030 - CMSIS Pack Vendor :STMicroelectronics FP-SNS-SMARTAG2 1.2.0
2025-12-21 17:00:00,504 [INFO] ThirdParty:1030 - CMSIS Pack Vendor :STMicroelectronics FP-SNS-FLIGHT1 5.1.0
2025-12-21 17:00:00,504 [INFO] ThirdParty:1030 - CMSIS Pack Vendor :STMicroelectronics X-CUBE-AZRTOS-WL 2.0.0
2025-12-21 17:00:00,504 [INFO] ThirdParty:1030 - CMSIS Pack Vendor :SEGGER I-CUBE-embOS 1.3.1
2025-12-21 17:00:00,504 [INFO] ThirdParty:1030 - CMSIS Pack Vendor :STMicroelectronics X-CUBE-ALGOBUILD 1.4.0
2025-12-21 17:00:00,504 [INFO] ThirdParty:1030 - CMSIS Pack Vendor :STMicroelectronics X-CUBE-DPower 1.3.0
2025-12-21 17:00:00,504 [INFO] ThirdParty:1030 - CMSIS Pack Vendor :STMicroelectronics X-CUBE-MEMS1 11.3.0
2025-12-21 17:00:00,504 [INFO] ThirdParty:1030 - CMSIS Pack Vendor :STMicroelectronics FP-SNS-MOTENV1 5.0.0
2025-12-21 17:00:00,504 [INFO] ThirdParty:1030 - CMSIS Pack Vendor :STMicroelectronics USB_DEVICE 1.0.0
2025-12-21 17:00:00,504 [INFO] ThirdParty:1030 - CMSIS Pack Vendor :STMicroelectronics X-CUBE-AZRTOS-H7RS 1.2.0
2025-12-21 17:00:00,504 [INFO] ThirdParty:1030 - CMSIS Pack Vendor :STMicroelectronics X-CUBE-AZRTOS-L4 2.0.0
2025-12-21 17:00:00,504 [INFO] ThirdParty:1030 - CMSIS Pack Vendor :STMicroelectronics ThreadX 0.0.2
2025-12-21 17:00:00,505 [INFO] ThirdParty:1030 - CMSIS Pack Vendor :STMicroelectronics lwIP 2.1.2
2025-12-21 17:00:00,505 [INFO] ThirdParty:1030 - CMSIS Pack Vendor :STMicroelectronics X-CUBE-SFXS2LP1 4.0.0
2025-12-21 17:00:00,505 [INFO] ThirdParty:1030 - CMSIS Pack Vendor :STMicroelectronics X-CUBE-BLE2 3.3.0
2025-12-21 17:00:00,505 [INFO] ThirdParty:1030 - CMSIS Pack Vendor :Avnet-IOTCONNECT X-CUBE-iotc-st67-sdk 1.0.0
2025-12-21 17:00:00,505 [INFO] ThirdParty:1030 - CMSIS Pack Vendor :STMicroelectronics X-CUBE-TOF1 3.4.3
2025-12-21 17:00:00,505 [INFO] ThirdParty:1030 - CMSIS Pack Vendor :STMicroelectronics PDM2PCM 3.2.0
2025-12-21 17:00:00,505 [INFO] ThirdParty:841 - exiting critical section [change project]
2025-12-21 17:00:00,757 [INFO] PinOutPanel:1589 - setPackage(No Configuration,No Configuration)
2025-12-21 17:00:00,758 [INFO] PinOutPanel:1589 - setPackage(STM32L476RGTx,LQFP64)
2025-12-21 17:00:01,341 [INFO] UtilMem:75 - Before build in PCC Used Memory: 747568304 Bytes (1073741824)
2025-12-21 17:00:01,635 [INFO] UtilMem:75 - After build in PCC Used Memory: 828830896 Bytes (1073741824)
2025-12-21 17:00:01,657 [INFO] IPUIPlugin:80 - create IPUIPlugin
2025-12-21 17:00:01,657 [INFO] IPUIPlugin:80 - create IPUIPlugin
2025-12-21 17:00:01,657 [INFO] IPUIPlugin:80 - create IPUIPlugin
2025-12-21 17:00:01,657 [INFO] IPUIPlugin:80 - create IPUIPlugin
2025-12-21 17:00:01,657 [INFO] IPUIPlugin:80 - create IPUIPlugin
2025-12-21 17:00:01,657 [INFO] IPUIPlugin:80 - create IPUIPlugin
2025-12-21 17:00:01,657 [INFO] IPUIPlugin:80 - create IPUIPlugin
2025-12-21 17:00:01,657 [INFO] IPUIPlugin:80 - create IPUIPlugin
2025-12-21 17:00:01,657 [INFO] IPUIPlugin:80 - create IPUIPlugin
2025-12-21 17:00:01,658 [INFO] IPUIPlugin:80 - create IPUIPlugin
2025-12-21 17:00:01,658 [INFO] IPUIPlugin:80 - create IPUIPlugin
2025-12-21 17:00:01,658 [INFO] IPUIPlugin:80 - create IPUIPlugin
2025-12-21 17:00:01,658 [INFO] IPUIPlugin:80 - create IPUIPlugin
2025-12-21 17:00:01,658 [INFO] IPUIPlugin:80 - create IPUIPlugin
2025-12-21 17:00:01,658 [INFO] IPUIPlugin:80 - create IPUIPlugin
2025-12-21 17:00:01,658 [INFO] IPUIPlugin:80 - create IPUIPlugin
2025-12-21 17:00:01,658 [INFO] IPUIPlugin:80 - create IPUIPlugin
2025-12-21 17:00:01,658 [INFO] IPUIPlugin:80 - create IPUIPlugin
2025-12-21 17:00:01,659 [INFO] IPUIPlugin:80 - create IPUIPlugin
2025-12-21 17:00:01,659 [INFO] IPUIPlugin:80 - create IPUIPlugin
2025-12-21 17:00:01,659 [INFO] IPUIPlugin:80 - create IPUIPlugin
2025-12-21 17:00:01,659 [INFO] IPUIPlugin:80 - create IPUIPlugin
2025-12-21 17:00:01,659 [INFO] IPUIPlugin:80 - create IPUIPlugin
2025-12-21 17:00:01,659 [INFO] IPUIPlugin:80 - create IPUIPlugin
2025-12-21 17:00:01,659 [INFO] IPUIPlugin:80 - create IPUIPlugin
2025-12-21 17:00:01,660 [INFO] IPUIPlugin:80 - create IPUIPlugin
2025-12-21 17:00:01,660 [INFO] IPUIPlugin:80 - create IPUIPlugin
2025-12-21 17:00:01,660 [INFO] IPUIPlugin:80 - create IPUIPlugin
2025-12-21 17:00:01,660 [INFO] IPUIPlugin:80 - create IPUIPlugin
2025-12-21 17:00:01,660 [INFO] IPUIPlugin:80 - create IPUIPlugin
2025-12-21 17:00:01,660 [INFO] IPUIPlugin:80 - create IPUIPlugin
2025-12-21 17:00:01,661 [INFO] IPUIPlugin:80 - create IPUIPlugin
2025-12-21 17:00:01,661 [INFO] IPUIPlugin:80 - create IPUIPlugin
2025-12-21 17:00:01,661 [INFO] IPUIPlugin:80 - create IPUIPlugin
2025-12-21 17:00:01,661 [INFO] IPUIPlugin:80 - create IPUIPlugin
2025-12-21 17:00:01,661 [INFO] IPUIPlugin:80 - create IPUIPlugin
2025-12-21 17:00:01,661 [INFO] IPUIPlugin:80 - create IPUIPlugin
2025-12-21 17:00:01,662 [INFO] IPUIPlugin:80 - create IPUIPlugin
2025-12-21 17:00:01,662 [INFO] IPUIPlugin:80 - create IPUIPlugin
2025-12-21 17:00:01,662 [INFO] IPUIPlugin:80 - create IPUIPlugin
2025-12-21 17:00:01,662 [INFO] IPUIPlugin:80 - create IPUIPlugin
2025-12-21 17:00:01,662 [INFO] IPUIPlugin:80 - create IPUIPlugin
2025-12-21 17:00:01,662 [INFO] IPUIPlugin:80 - create IPUIPlugin
2025-12-21 17:00:01,663 [INFO] IPUIPlugin:80 - create IPUIPlugin
2025-12-21 17:00:01,663 [INFO] IPUIPlugin:80 - create IPUIPlugin
2025-12-21 17:00:01,663 [INFO] IPUIPlugin:80 - create IPUIPlugin
2025-12-21 17:00:01,663 [INFO] IPUIPlugin:80 - create IPUIPlugin
2025-12-21 17:00:01,663 [INFO] IPUIPlugin:80 - create IPUIPlugin
2025-12-21 17:00:01,664 [INFO] IPUIPlugin:80 - create IPUIPlugin
2025-12-21 17:00:01,664 [INFO] IPUIPlugin:80 - create IPUIPlugin
2025-12-21 17:00:01,664 [INFO] IPUIPlugin:80 - create IPUIPlugin
2025-12-21 17:00:01,665 [INFO] IPUIPlugin:80 - create IPUIPlugin
2025-12-21 17:00:01,665 [INFO] IPUIPlugin:80 - create IPUIPlugin
2025-12-21 17:00:01,665 [INFO] IPUIPlugin:80 - create IPUIPlugin
2025-12-21 17:00:01,665 [INFO] IPUIPlugin:80 - create IPUIPlugin
2025-12-21 17:00:01,666 [INFO] IPUIPlugin:80 - create IPUIPlugin
2025-12-21 17:00:01,666 [INFO] IPUIPlugin:80 - create IPUIPlugin
2025-12-21 17:00:01,666 [INFO] IPUIPlugin:80 - create IPUIPlugin
2025-12-21 17:00:01,667 [INFO] IPUIPlugin:80 - create IPUIPlugin
2025-12-21 17:00:01,725 [INFO] CADModel:165 - CPN selected for project levelSTM32L476RGT3
2025-12-21 17:00:01,725 [INFO] CADModel:114 - Register for checkConnection events
2025-12-21 17:00:01,808 [INFO] OpenFileManager:386 - Restore cursor
2025-12-21 17:02:53,726 [INFO] I2cTimingTraitement:330 - 0x10D19CE4
2025-12-21 17:03:11,362 [INFO] I2cTimingTraitement:330 - 0x10D19CE4
2025-12-21 17:03:26,701 [INFO] Gpio:278 - dependency for GPIO [I2C1]
2025-12-21 17:03:32,313 [INFO] NvicIntPanel:101 - NVIC parent = com.st.microxplorer.plugins.ip.nvic.MultiNvicIntPanel[,2,27,658x439,layout=javax.swing.BoxLayout,alignmentX=0.0,alignmentY=0.0,border=,flags=9,maximumSize=,minimumSize=,preferredSize=]
2025-12-21 17:03:34,041 [INFO] Gpio:278 - dependency for GPIO [I2C1]
2025-12-21 17:03:43,997 [INFO] Gpio:278 - dependency for GPIO [I2C1]
2025-12-21 17:03:48,855 [INFO] NvicIntPanel:101 - NVIC parent = com.st.microxplorer.plugins.ip.nvic.MultiNvicIntPanel[,2,27,658x439,layout=javax.swing.BoxLayout,alignmentX=0.0,alignmentY=0.0,border=,flags=9,maximumSize=,minimumSize=,preferredSize=]
2025-12-21 17:04:13,324 [INFO] Gpio:278 - dependency for GPIO [I2C1]
2025-12-21 17:04:41,717 [INFO] NvicIntPanel:101 - NVIC parent = com.st.microxplorer.plugins.ip.nvic.MultiNvicIntPanel[,2,27,658x377,layout=javax.swing.BoxLayout,alignmentX=0.0,alignmentY=0.0,border=,flags=9,maximumSize=,minimumSize=,preferredSize=]
2025-12-21 17:04:48,029 [INFO] I2cTimingTraitement:330 - 0x10D19CE4
2025-12-21 17:05:34,326 [INFO] UtilMem:75 - End SaveConfig() Used Memory: 774283680 Bytes (1073741824)
2025-12-21 17:05:36,375 [INFO] UtilMem:75 - End SaveConfig() Used Memory: 806568136 Bytes (1073741824)
2025-12-21 17:05:38,821 [INFO] UtilMem:75 - End SaveConfig() Used Memory: 863741440 Bytes (1073741824)
2025-12-21 17:05:39,296 [INFO] BlockDiagram:2775 - set Specific Code input for plugin: SYS
2025-12-21 17:05:39,297 [INFO] BlockDiagram:2775 - set Specific Code input for plugin: RCC
2025-12-21 17:05:39,297 [INFO] BlockDiagram:2775 - set Specific Code input for plugin: I2C
2025-12-21 17:05:39,297 [INFO] BlockDiagram:2775 - set Specific Code input for plugin: NVIC
2025-12-21 17:05:39,297 [INFO] BlockDiagram:2775 - set Specific Code input for plugin: GPIO
2025-12-21 17:05:39,298 [INFO] CodeGenerator:892 - code generatio: config db path: C:\ST\STM32CubeIDE_1.19.0\STM32CubeIDE\plugins\com.st.stm32cube.common.mx_6.15.0.202507011659\\db\
2025-12-21 17:05:39,482 [INFO] CodeEngine:265 - oldGeneratedFile, D:\STM32\Lab\41-i2c-eeprom\MXTmpFiles\license.tmp_save
2025-12-21 17:05:40,078 [INFO] CodeEngine:289 - Generated code: D:\STM32\Lab\41-i2c-eeprom\MXTmpFiles\license.tmp
2025-12-21 17:05:40,332 [INFO] CodeEngine:265 - oldGeneratedFile, D:\STM32\Lab\41-i2c-eeprom\MXTmpFiles\gpio.tmp_save
2025-12-21 17:05:40,468 [INFO] CodeEngine:289 - Generated code: D:\STM32\Lab\41-i2c-eeprom\MXTmpFiles\gpio.tmp
2025-12-21 17:05:40,627 [INFO] CodeEngine:265 - oldGeneratedFile, D:\STM32\Lab\41-i2c-eeprom\Core\Src\stm32l4xx_it.c_save
2025-12-21 17:05:40,773 [INFO] CodeEngine:289 - Generated code: D:\STM32\Lab\41-i2c-eeprom\Core\Src\stm32l4xx_it.c
2025-12-21 17:05:40,779 [INFO] CodeEngine:265 - oldGeneratedFile, D:\STM32\Lab\41-i2c-eeprom\Core\Inc\stm32l4xx_it.h_save
2025-12-21 17:05:40,854 [INFO] CodeEngine:289 - Generated code: D:\STM32\Lab\41-i2c-eeprom\Core\Inc\stm32l4xx_it.h
2025-12-21 17:05:40,866 [INFO] CodeEngine:265 - oldGeneratedFile, D:\STM32\Lab\41-i2c-eeprom\Core\Src\stm32l4xx_hal_msp.c_save
2025-12-21 17:05:40,982 [INFO] CodeEngine:289 - Generated code: D:\STM32\Lab\41-i2c-eeprom\Core\Src\stm32l4xx_hal_msp.c
2025-12-21 17:05:40,987 [INFO] CodeEngine:265 - oldGeneratedFile, D:\STM32\Lab\41-i2c-eeprom\MXTmpFiles\system.tmp_save
2025-12-21 17:05:41,043 [INFO] CodeEngine:289 - Generated code: D:\STM32\Lab\41-i2c-eeprom\MXTmpFiles\system.tmp
2025-12-21 17:05:41,054 [INFO] CodeEngine:321 - oldGeneratedFile, D:\STM32\Lab\41-i2c-eeprom\Core\Inc\stm32l4xx_hal_conf.h_save
2025-12-21 17:05:41,119 [INFO] CodeEngine:345 - Generated code: D:\STM32\Lab\41-i2c-eeprom\Core\Inc\stm32l4xx_hal_conf.h
2025-12-21 17:05:41,156 [INFO] ApiDbMcu:532 - Load IP Config File for I2C1
2025-12-21 17:05:41,161 [INFO] ApiDbMcu:532 - Load IP Config File for RCC
2025-12-21 17:05:41,171 [INFO] CodeEngine:265 - oldGeneratedFile, D:\STM32\Lab\41-i2c-eeprom\Core\Inc\main.h_save
2025-12-21 17:05:41,252 [INFO] CodeEngine:289 - Generated code: D:\STM32\Lab\41-i2c-eeprom\Core\Inc\main.h
2025-12-21 17:05:41,259 [INFO] CodeEngine:265 - oldGeneratedFile, D:\STM32\Lab\41-i2c-eeprom\Core\Src\main.c_save
2025-12-21 17:05:41,385 [INFO] CodeEngine:289 - Generated code: D:\STM32\Lab\41-i2c-eeprom\Core\Src\main.c
2025-12-21 17:05:41,755 [INFO] ProjectBuilder:3606 - Time for Copy HAL[1] : 205mS.
2025-12-21 17:05:41,766 [INFO] ProjectBuilder:5216 - Project Generator version: 4.7.0-B52
2025-12-21 17:05:41,848 [INFO] ConfigFileManager:1595 - The Die is : DIE415
2025-12-21 17:05:41,884 [INFO] ApiDbMcu:532 - Load IP Config File for FATFS
2025-12-21 17:05:41,888 [INFO] ApiDbMcu:532 - Load IP Config File for FREERTOS
2025-12-21 17:05:41,896 [INFO] ApiDbMcu:532 - Load IP Config File for TOUCHSENSING
2025-12-21 17:05:41,901 [INFO] ApiDbMcu:532 - Load IP Config File for USB_DEVICE
2025-12-21 17:05:41,905 [INFO] ApiDbMcu:532 - Load IP Config File for USB_HOST
2025-12-21 17:05:42,316 [INFO] LogOutputStream:77 - [STDOUT_REDIRECT] 
2025-12-21 17:05:43,328 [INFO] ProjectBuilder:5496 - Time for Generating toolchain IDE Files: 1561mS.
2025-12-21 17:05:43,328 [INFO] ProjectBuilder:3463 - Time for Copy CMSIS : 0mS.
2025-12-21 17:05:43,330 [INFO] ProjectBuilder:3463 - Time for Copy CMSIS : 0mS.
2025-12-21 17:05:43,858 [INFO] MainUpdater:2872 - connection check result : 10
2025-12-21 17:05:43,858 [INFO] MainUpdater:2872 - connection check result : 10
2025-12-21 17:05:44,003 [INFO] I2cTimingTraitement:330 - 0x10D19CE4
2025-12-21 17:05:44,006 [INFO] MicroXplorer:468 - Change Database Path : 
2025-12-21 17:05:44,006 [INFO] MicroXplorer:498 - Change Database Version : DB.6.0.150
2025-12-21 17:05:44,050 [ERROR] ProjectManagerView:395 - 
java.lang.NullPointerException: Cannot invoke "javax.swing.JTextField.getText()" because the return value of "java.util.List.get(int)" is null
	at com.st.microxplorer.plugins.projectmanager.gui.ProjectChoiceTab$9.caretUpdate(ProjectChoiceTab.java:2706) ~[filemanager.jar:?]
	at javax.swing.text.JTextComponent.fireCaretUpdate(JTextComponent.java:408) ~[?:?]
	at javax.swing.text.JTextComponent$MutableCaretEvent.fire(JTextComponent.java:4484) ~[?:?]
	at javax.swing.text.JTextComponent$MutableCaretEvent.stateChanged(JTextComponent.java:4506) ~[?:?]
	at javax.swing.text.DefaultCaret.fireStateChanged(DefaultCaret.java:857) ~[?:?]
	at javax.swing.text.DefaultCaret.changeCaretPosition(DefaultCaret.java:1343) ~[?:?]
	at javax.swing.text.DefaultCaret.handleSetDot(DefaultCaret.java:1242) ~[?:?]
	at javax.swing.text.DefaultCaret.setDot(DefaultCaret.java:1223) ~[?:?]
	at javax.swing.text.DefaultCaret$Handler.insertUpdate(DefaultCaret.java:1819) ~[?:?]
	at javax.swing.text.AbstractDocument.fireInsertUpdate(AbstractDocument.java:227) ~[?:?]
	at javax.swing.text.AbstractDocument.handleInsertString(AbstractDocument.java:781) ~[?:?]
	at javax.swing.text.AbstractDocument.insertString(AbstractDocument.java:740) ~[?:?]
	at javax.swing.text.PlainDocument.insertString(PlainDocument.java:131) ~[?:?]
	at javax.swing.text.AbstractDocument.replace(AbstractDocument.java:699) ~[?:?]
	at javax.swing.text.JTextComponent.setText(JTextComponent.java:1725) ~[?:?]
	at com.st.microxplorer.plugins.projectmanager.gui.ProjectChoiceTab.createHeapStackFields(ProjectChoiceTab.java:993) ~[filemanager.jar:?]
	at com.st.microxplorer.plugins.projectmanager.gui.ProjectChoiceTab.buildLinkSettingsPanel(ProjectChoiceTab.java:3813) ~[filemanager.jar:?]
	at com.st.microxplorer.plugins.projectmanager.gui.ProjectChoiceTab.defineWindowsFields(ProjectChoiceTab.java:1987) ~[filemanager.jar:?]
	at com.st.microxplorer.plugins.projectmanager.gui.ProjectChoiceTab.updateSettings(ProjectChoiceTab.java:558) ~[filemanager.jar:?]
	at com.st.microxplorer.plugins.projectmanager.gui.ProjectSettingsPanel.UpdateDialog(ProjectSettingsPanel.java:247) ~[filemanager.jar:?]
	at com.st.microxplorer.plugins.projectmanager.ProjectManagerView.propertyChange(ProjectManagerView.java:392) ~[filemanager.jar:?]
	at java.beans.PropertyChangeSupport.fire(PropertyChangeSupport.java:343) ~[?:?]
	at java.beans.PropertyChangeSupport.firePropertyChange(PropertyChangeSupport.java:335) ~[?:?]
	at java.beans.PropertyChangeSupport.firePropertyChange(PropertyChangeSupport.java:268) ~[?:?]
	at com.st.microxplorer.util.MXPropertyChangeSupport.firePropertyChange(MXPropertyChangeSupport.java:54) ~[STM32CubeMX.jar:?]
	at com.st.microxplorer.mxsystem.MxSystem.closeConfig(MxSystem.java:899) ~[STM32CubeMX.jar:?]
	at com.st.microxplorer.maingui.MainPanel.closeConfig(MainPanel.java:792) ~[STM32CubeMX.jar:?]
	at com.st.microxplorer.plugins.filemanager.engine.OpenFileManager.loadConfigurationFile(OpenFileManager.java:288) ~[filemanager.jar:?]
	at com.st.microxplorer.plugins.filemanager.engine.MainFileManager.userLoadConfig(MainFileManager.java:364) ~[filemanager.jar:?]
	at com.st.microxplorer.plugins.filemanager.engine.MainFileManager.userLoadConfig(MainFileManager.java:342) ~[filemanager.jar:?]
	at com.st.microxplorer.plugins.filemanager.FileManagerView.getSpecificTask(FileManagerView.java:264) ~[filemanager.jar:?]
	at com.st.stm32cube.common.mx.editor.CubeMxEditor.getMxTabbedPaneInstance(CubeMxEditor.java:1198) ~[com.st.stm32cube.common.mx_6.15.0.202507011659/:?]
	at com.st.stm32cube.common.mx.editor.CubeMxEditor$12$1.createSwingComponent(CubeMxEditor.java:1068) ~[com.st.stm32cube.common.mx_6.15.0.202507011659/:?]
	at com.st.stm32cube.common.mx.oss.core.awtswtbridge.EmbeddedSwingComposite.doComponentCreation(EmbeddedSwingComposite.java:492) ~[com.st.stm32cube.common.mx.oss_6.15.0.202507011659/:?]
	at com.st.stm32cube.common.mx.oss.core.awtswtbridge.EmbeddedSwingComposite$4.run(EmbeddedSwingComposite.java:291) ~[com.st.stm32cube.common.mx.oss_6.15.0.202507011659/:?]
	at com.st.stm32cube.common.mx.oss.core.awtswtbridge.AwtEnvironment$2.run(AwtEnvironment.java:166) ~[com.st.stm32cube.common.mx.oss_6.15.0.202507011659/:?]
	at java.awt.event.InvocationEvent.dispatch(InvocationEvent.java:318) ~[?:?]
	at java.awt.EventQueue.dispatchEventImpl(EventQueue.java:773) ~[?:?]
	at java.awt.EventQueue$4.run(EventQueue.java:720) ~[?:?]
	at java.awt.EventQueue$4.run(EventQueue.java:714) ~[?:?]
	at java.security.AccessController.doPrivileged(AccessController.java:400) ~[?:?]
	at java.security.ProtectionDomain$JavaSecurityAccessImpl.doIntersectionPrivilege(ProtectionDomain.java:87) ~[?:?]
	at java.awt.EventQueue.dispatchEvent(EventQueue.java:742) ~[?:?]
	at java.awt.EventDispatchThread.pumpOneEventForFilters(EventDispatchThread.java:203) ~[?:?]
	at java.awt.EventDispatchThread.pumpEventsForFilter(EventDispatchThread.java:124) ~[?:?]
	at java.awt.EventDispatchThread.pumpEventsForHierarchy(EventDispatchThread.java:113) ~[?:?]
	at java.awt.EventDispatchThread.pumpEvents(EventDispatchThread.java:109) ~[?:?]
	at java.awt.EventDispatchThread.pumpEvents(EventDispatchThread.java:101) ~[?:?]
	at java.awt.EventDispatchThread.run(EventDispatchThread.java:90) ~[?:?]
2025-12-21 17:05:44,054 [WARN] ThirdParty:871 - waiting for thirdparty lock release [close project]
2025-12-21 17:05:44,054 [INFO] ThirdParty:873 - entering critical section [close project]
2025-12-21 17:05:44,054 [INFO] ThirdParty:883 - exiting critical section [close project]
2025-12-21 17:05:44,058 [INFO] PinOutPanel:1589 - setPackage(No Configuration,No Configuration)
2025-12-21 17:05:44,076 [INFO] UtilMem:75 - Begin LoadConfig() Used Memory: 753917856 Bytes (1073741824)
2025-12-21 17:05:44,077 [INFO] MicroXplorer:468 - Change Database Path : 
2025-12-21 17:05:44,077 [INFO] MicroXplorer:498 - Change Database Version : DB.6.0.150
2025-12-21 17:05:44,077 [INFO] OpenFileManager:355 - Change cursor
2025-12-21 17:05:44,095 [INFO] RulesReader:64 - Compatibility file has been processed (317 Rules)
2025-12-21 17:05:44,098 [INFO] Mcu:2029 - Initializing MCU STM32L476R(C-E-G)Tx STM32L476RGTx STM32L476RGT3
2025-12-21 17:05:45,906 [INFO] Context:786 - Trying to add GPIOservice into a context  which must be forbidden
2025-12-21 17:05:46,455 [INFO] ImportTextPane:234 - (OptionalMessage_ERROR) Pin3 (VP_RIF_VS_RIF1) cannot be retrieved for this MCU
2025-12-21 17:05:46,619 [INFO] RtosManager:558 - Registered RTOS mode: class=CMSIS, group=RTOS, mode=CMSIS_V1, owner=FREERTOS
2025-12-21 17:05:46,620 [INFO] RtosManager:558 - Registered RTOS mode: class=CMSIS, group=RTOS2, mode=CMSIS_V2, owner=FREERTOS
2025-12-21 17:05:46,620 [INFO] RtosManager:558 - Registered RTOS mode: class=RTOS, group=Core, mode=CMSIS_V1, owner=FREERTOS
2025-12-21 17:05:46,620 [INFO] RtosManager:558 - Registered RTOS mode: class=RTOS, group=Core, mode=CMSIS_V2, owner=FREERTOS
2025-12-21 17:05:46,620 [WARN] ModelIntegratedComponent:184 - Missing modes for component STMicroelectronics:FreeRTOS:0.0.1:STMicroelectronics:RTOS:FreeRTOS:Core:::10.2.0:
2025-12-21 17:05:46,629 [WARN] ModelIntegratedComponent:63 - No mode defined for component null
2025-12-21 17:05:46,629 [WARN] ModelIntegratedComponent:63 - No mode defined for component null
2025-12-21 17:05:46,629 [WARN] ModelIntegratedComponent:63 - No mode defined for component null
2025-12-21 17:05:46,629 [WARN] ModelIntegratedComponent:63 - No mode defined for component null
2025-12-21 17:05:46,629 [WARN] ModelIntegratedComponent:63 - No mode defined for component null
2025-12-21 17:05:46,629 [WARN] ModelIntegratedComponent:63 - No mode defined for component null
2025-12-21 17:05:46,630 [WARN] ModelIntegratedComponent:63 - No mode defined for component null
2025-12-21 17:05:46,630 [WARN] ModelIntegratedComponent:63 - No mode defined for component null
2025-12-21 17:05:46,630 [WARN] ModelIntegratedComponent:63 - No mode defined for component null
2025-12-21 17:05:46,630 [WARN] ModelIntegratedComponent:63 - No mode defined for component null
2025-12-21 17:05:46,630 [WARN] ModelIntegratedComponent:63 - No mode defined for component null
2025-12-21 17:05:46,630 [WARN] ModelIntegratedComponent:63 - No mode defined for component null
2025-12-21 17:05:46,630 [WARN] ModelIntegratedComponent:63 - No mode defined for component null
2025-12-21 17:05:46,630 [WARN] ModelIntegratedComponent:63 - No mode defined for component null
2025-12-21 17:05:46,630 [WARN] ModelIntegratedComponent:63 - No mode defined for component null
2025-12-21 17:05:46,630 [WARN] ModelIntegratedComponent:63 - No mode defined for component null
2025-12-21 17:05:46,630 [WARN] ModelIntegratedComponent:63 - No mode defined for component null
2025-12-21 17:05:46,630 [WARN] ModelIntegratedComponent:63 - No mode defined for component null
2025-12-21 17:05:46,630 [WARN] ModelIntegratedComponent:63 - No mode defined for component null
2025-12-21 17:05:46,630 [WARN] ModelIntegratedComponent:63 - No mode defined for component null
2025-12-21 17:05:46,630 [WARN] ModelIntegratedComponent:63 - No mode defined for component null
2025-12-21 17:05:46,631 [WARN] ModelIntegratedComponent:63 - No mode defined for component null
2025-12-21 17:05:46,631 [WARN] ModelIntegratedComponent:63 - No mode defined for component null
2025-12-21 17:05:46,631 [WARN] ModelIntegratedComponent:63 - No mode defined for component null
2025-12-21 17:05:46,631 [WARN] ModelIntegratedComponent:63 - No mode defined for component null
2025-12-21 17:05:46,631 [WARN] ModelIntegratedComponent:63 - No mode defined for component null
2025-12-21 17:05:46,631 [WARN] ModelIntegratedComponent:63 - No mode defined for component null
2025-12-21 17:05:46,631 [WARN] ModelIntegratedComponent:63 - No mode defined for component null
2025-12-21 17:05:46,631 [WARN] ModelIntegratedComponent:63 - No mode defined for component null
2025-12-21 17:05:46,631 [WARN] ModelIntegratedComponent:63 - No mode defined for component null
2025-12-21 17:05:46,631 [WARN] ModelIntegratedComponent:63 - No mode defined for component null
2025-12-21 17:05:46,631 [WARN] ModelIntegratedComponent:63 - No mode defined for component null
2025-12-21 17:05:46,631 [WARN] ModelIntegratedComponent:63 - No mode defined for component null
2025-12-21 17:05:46,631 [WARN] ModelIntegratedComponent:63 - No mode defined for component null
2025-12-21 17:05:46,631 [WARN] ModelIntegratedComponent:63 - No mode defined for component null
2025-12-21 17:05:46,631 [WARN] ModelPack:524 - Component already loaded: STMicroelectronics:HAL Drivers:0.0.0:STMicroelectronics:Device:STMicro_Driver:XSPI:HAL::0.0.1:HAL_XSPI
2025-12-21 17:05:46,720 [INFO] ThirdPartyModel:298 - Start build external matchings
2025-12-21 17:05:47,328 [INFO] ThirdPartyModel:316 - End build external matchings
2025-12-21 17:05:47,627 [INFO] UtilMem:75 - End LoadConfig() Used Memory: 771846752 Bytes (1073741824)
2025-12-21 17:05:47,661 [WARN] ThirdParty:833 - waiting for thirdparty lock release [change project]
2025-12-21 17:05:47,662 [INFO] ThirdParty:835 - entering critical section [change project]
2025-12-21 17:05:47,662 [INFO] ThirdParty:1030 - CMSIS Pack Vendor :STMicroelectronics X-CUBE-PM33A1 1.0.0
2025-12-21 17:05:47,662 [INFO] ThirdParty:1030 - CMSIS Pack Vendor :STMicroelectronics USBPD 4.1
2025-12-21 17:05:47,662 [INFO] ThirdParty:1030 - CMSIS Pack Vendor :STMicroelectronics X-CUBE-NFC9 1.0.0
2025-12-21 17:05:47,662 [INFO] ThirdParty:1030 - CMSIS Pack Vendor :STMicroelectronics USB_HOST 2.0.0
2025-12-21 17:05:47,662 [INFO] ThirdParty:1030 - CMSIS Pack Vendor :STMicroelectronics FP-SNS-MOTENVWB1 1.4.0
2025-12-21 17:05:47,662 [INFO] ThirdParty:1030 - CMSIS Pack Vendor :STMicroelectronics X-CUBE-AZRTOS-F4 1.1.0
2025-12-21 17:05:47,662 [INFO] ThirdParty:1030 - CMSIS Pack Vendor :STMicroelectronics LIBJPEG 8.0.0
2025-12-21 17:05:47,662 [INFO] ThirdParty:1030 - CMSIS Pack Vendor :STMicroelectronics FP-ATR-ASTRA1 2.0.2
2025-12-21 17:05:47,662 [INFO] ThirdParty:1030 - CMSIS Pack Vendor :wolfSSL I-CUBE-wolfSSL 5.8.2
2025-12-21 17:05:47,663 [INFO] ThirdParty:1030 - CMSIS Pack Vendor :STMicroelectronics X-CUBE-BLE1 7.1.0
2025-12-21 17:05:47,663 [INFO] ThirdParty:1030 - CMSIS Pack Vendor :Avnet-IotConnect X-CUBE-IoTC-DA16k-PMOD 1.0.0
2025-12-21 17:05:47,663 [INFO] ThirdParty:1030 - CMSIS Pack Vendor :STMicroelectronics X-CUBE-SMBUS 2.1.0
2025-12-21 17:05:47,663 [INFO] ThirdParty:1030 - CMSIS Pack Vendor :wolfSSL I-CUBE-wolfMQTT 1.19.2
2025-12-21 17:05:47,663 [INFO] ThirdParty:1030 - CMSIS Pack Vendor :STMicroelectronics USB_DEVICE 3.0.0
2025-12-21 17:05:47,663 [INFO] ThirdParty:1030 - CMSIS Pack Vendor :STMicroelectronics X-CUBE-ISPU 2.1.0
2025-12-21 17:05:47,663 [INFO] ThirdParty:1030 - CMSIS Pack Vendor :STMicroelectronics X-CUBE-FREERTOS 1.4.0
2025-12-21 17:05:47,663 [INFO] ThirdParty:1030 - CMSIS Pack Vendor :STMicroelectronics X-CUBE-EEPRMA1 5.2.0
2025-12-21 17:05:47,663 [INFO] ThirdParty:1030 - CMSIS Pack Vendor :STMicroelectronics X-CUBE-IPS 3.2.0
2025-12-21 17:05:47,663 [INFO] ThirdParty:1030 - CMSIS Pack Vendor :STMicroelectronics X-CUBE-BLEMGR 4.1.0
2025-12-21 17:05:47,663 [INFO] ThirdParty:1030 - CMSIS Pack Vendor :STMicroelectronics X-CUBE-AZRTOS-WB 2.0.0
2025-12-21 17:05:47,663 [INFO] ThirdParty:1030 - CMSIS Pack Vendor :STMicroelectronics X-CUBE-ST60 1.0.0
2025-12-21 17:05:47,663 [INFO] ThirdParty:1030 - CMSIS Pack Vendor :STMicroelectronics X-CUBE-GNSS1 7.0.1
2025-12-21 17:05:47,663 [INFO] ThirdParty:1030 - CMSIS Pack Vendor :STMicroelectronics X-CUBE-NFC12 1.0.0
2025-12-21 17:05:47,663 [INFO] ThirdParty:1030 - CMSIS Pack Vendor :STMicroelectronics X-CUBE-AZRTOS-F7 1.1.0
2025-12-21 17:05:47,663 [INFO] ThirdParty:1030 - CMSIS Pack Vendor :STMicroelectronics X-CUBE-AZRTOS-L5 2.0.0
2025-12-21 17:05:47,663 [INFO] ThirdParty:1030 - CMSIS Pack Vendor :STMicroelectronics X-CUBE-TOUCHGFX 4.25.0
2025-12-21 17:05:47,663 [INFO] ThirdParty:1030 - CMSIS Pack Vendor :STMicroelectronics USB_DEVICE 2.0.0
2025-12-21 17:05:47,663 [INFO] ThirdParty:1030 - CMSIS Pack Vendor :STMicroelectronics X-CUBE-NFC6 3.1.0
2025-12-21 17:05:47,663 [INFO] ThirdParty:1030 - CMSIS Pack Vendor :STMicroelectronics X-CUBE-ST67W61 1.1.0
2025-12-21 17:05:47,663 [INFO] ThirdParty:1030 - CMSIS Pack Vendor :quantropi X-CUBE-qispace-sdk-base 2.1.0
2025-12-21 17:05:47,663 [INFO] ThirdParty:1030 - CMSIS Pack Vendor :STMicroelectronics X-CUBE-MEMS1 12.0.0
2025-12-21 17:05:47,664 [INFO] ThirdParty:1030 - CMSIS Pack Vendor :STMicroelectronics FP-SNS-MOTENV1 5.1.0
2025-12-21 17:05:47,664 [INFO] ThirdParty:1030 - CMSIS Pack Vendor :STMicroelectronics FreeRTOS 0.0.1
2025-12-21 17:05:47,664 [INFO] ThirdParty:1030 - CMSIS Pack Vendor :STMicroelectronics X-CUBE-AZRTOS-G0 1.1.0
2025-12-21 17:05:47,664 [INFO] ThirdParty:1030 - CMSIS Pack Vendor :STMicroelectronics X-CUBE-SAFEA1 1.2.2
2025-12-21 17:05:47,664 [INFO] ThirdParty:1030 - CMSIS Pack Vendor :STMicroelectronics X-CUBE-NFC4 3.0.0
2025-12-21 17:05:47,664 [INFO] ThirdParty:1030 - CMSIS Pack Vendor :STMicroelectronics X-CUBE-SUBG2 5.0.0
2025-12-21 17:05:47,664 [INFO] ThirdParty:1030 - CMSIS Pack Vendor :STMicroelectronics X-CUBE-AZRTOS-H7RS 1.1.0
2025-12-21 17:05:47,664 [INFO] ThirdParty:1030 - CMSIS Pack Vendor :STMicroelectronics STM32_WPAN 1.0.0
2025-12-21 17:05:47,664 [INFO] ThirdParty:1030 - CMSIS Pack Vendor :EmbeddedOffice I-CUBE-FS-RTOS 1.0.1
2025-12-21 17:05:47,664 [INFO] ThirdParty:1030 - CMSIS Pack Vendor :STMicroelectronics lwIP 2.0.3
2025-12-21 17:05:47,664 [INFO] ThirdParty:1030 - CMSIS Pack Vendor :WES I-CUBE-Cesium 1.4.0
2025-12-21 17:05:47,664 [INFO] ThirdParty:1030 - CMSIS Pack Vendor :Cesanta I-CUBE-Mongoose 7.13.0
2025-12-21 17:05:47,664 [INFO] ThirdParty:1030 - CMSIS Pack Vendor :STMicroelectronics USB_HOST 1.0.0
2025-12-21 17:05:47,664 [INFO] ThirdParty:1030 - CMSIS Pack Vendor :Infineon AIROC-Wi-Fi-Bluetooth-STM32 1.7.1
2025-12-21 17:05:47,664 [INFO] ThirdParty:1030 - CMSIS Pack Vendor :STMicroelectronics X-CUBE-AZRTOS-G4 2.0.0
2025-12-21 17:05:47,664 [INFO] ThirdParty:1030 - CMSIS Pack Vendor :STMicroelectronics X-CUBE-WB05N 2.0.0
2025-12-21 17:05:47,664 [INFO] ThirdParty:1030 - CMSIS Pack Vendor :STMicroelectronics PDM2PCM 3.1.0
2025-12-21 17:05:47,664 [INFO] ThirdParty:1030 - CMSIS Pack Vendor :STMicroelectronics PDM2PCM 3.3.0
2025-12-21 17:05:47,664 [INFO] ThirdParty:1030 - CMSIS Pack Vendor :wolfSSL I-CUBE-wolfTPM 3.8.0
2025-12-21 17:05:47,664 [INFO] ThirdParty:1030 - CMSIS Pack Vendor :STMicroelectronics X-CUBE-AZRTOS-H7 3.4.0
2025-12-21 17:05:47,664 [INFO] ThirdParty:1030 - CMSIS Pack Vendor :STMicroelectronics X-CUBE-DISPLAY 3.0.0
2025-12-21 17:05:47,665 [INFO] ThirdParty:1030 - CMSIS Pack Vendor :wolfSSL I-CUBE-wolfSSH 1.4.20
2025-12-21 17:05:47,665 [INFO] ThirdParty:1030 - CMSIS Pack Vendor :STMicroelectronics X-CUBE-NFC7 2.0.0
2025-12-21 17:05:47,665 [INFO] ThirdParty:1030 - CMSIS Pack Vendor :STMicroelectronics X-CUBE-TCPP 4.2.0
2025-12-21 17:05:47,665 [INFO] ThirdParty:1030 - CMSIS Pack Vendor :RealThread X-CUBE-RT-Thread_Nano 4.1.1
2025-12-21 17:05:47,665 [INFO] ThirdParty:1030 - CMSIS Pack Vendor :STMicroelectronics FP-ATR-SIGFOX1 3.2.0
2025-12-21 17:05:47,665 [INFO] ThirdParty:1030 - CMSIS Pack Vendor :STMicroelectronics X-CUBE-NFC10 1.0.0
2025-12-21 17:05:47,665 [INFO] ThirdParty:1030 - CMSIS Pack Vendor :STMicroelectronics X-CUBE-FREERTOS 1.3.1
2025-12-21 17:05:47,665 [INFO] ThirdParty:1030 - CMSIS Pack Vendor :STMicroelectronics HAL Drivers 0.0.0
2025-12-21 17:05:47,665 [INFO] ThirdParty:1030 - CMSIS Pack Vendor :STMicroelectronics MBEDTLS 2.16.2
2025-12-21 17:05:47,665 [INFO] ThirdParty:1030 - CMSIS Pack Vendor :STMicroelectronics X-CUBE-ST60 1.1.0
2025-12-21 17:05:47,665 [INFO] ThirdParty:1030 - CMSIS Pack Vendor :STMicroelectronics X-CUBE-IPS 3.1.0
2025-12-21 17:05:47,665 [INFO] ThirdParty:1030 - CMSIS Pack Vendor :STMicroelectronics X-CUBE-ALS 1.0.2
2025-12-21 17:05:47,665 [INFO] ThirdParty:1030 - CMSIS Pack Vendor :emotas I-CUBE-CANOPEN 1.3.0
2025-12-21 17:05:47,665 [INFO] ThirdParty:1030 - CMSIS Pack Vendor :STMicroelectronics MBEDTLS 2.14.1
2025-12-21 17:05:47,665 [INFO] ThirdParty:1030 - CMSIS Pack Vendor :STMicroelectronics X-CUBE-GNSS1 7.1.0
2025-12-21 17:05:47,665 [INFO] ThirdParty:1030 - CMSIS Pack Vendor :ITTIA_DB I-CUBE-ITTIADB 8.9.0
2025-12-21 17:05:47,665 [INFO] ThirdParty:1030 - CMSIS Pack Vendor :STMicroelectronics X-CUBE-TOUCHGFX 4.26.0
2025-12-21 17:05:47,665 [INFO] ThirdParty:1030 - CMSIS Pack Vendor :STMicroelectronics X-CUBE-STSE01 1.0.0
2025-12-21 17:05:47,665 [INFO] ThirdParty:1030 - CMSIS Pack Vendor :STMicroelectronics X-CUBE-ST67W61 1.0.0
2025-12-21 17:05:47,665 [INFO] ThirdParty:1030 - CMSIS Pack Vendor :STMicroelectronics FP-SNS-STBOX1 2.1.0
2025-12-21 17:05:47,666 [INFO] ThirdParty:1030 - CMSIS Pack Vendor :STMicroelectronics X-CUBE-AI 10.2.0
2025-12-21 17:05:47,666 [INFO] ThirdParty:1030 - CMSIS Pack Vendor :STMicroelectronics FP-SNS-STAIOTCFT 1.0.0
2025-12-21 17:05:47,666 [INFO] ThirdParty:1030 - CMSIS Pack Vendor :STMicroelectronics ThreadX 1.0.0
2025-12-21 17:05:47,666 [INFO] ThirdParty:1030 - CMSIS Pack Vendor :STMicroelectronics FP-SNS-SMARTAG2 1.2.0
2025-12-21 17:05:47,666 [INFO] ThirdParty:1030 - CMSIS Pack Vendor :STMicroelectronics FP-SNS-FLIGHT1 5.1.0
2025-12-21 17:05:47,666 [INFO] ThirdParty:1030 - CMSIS Pack Vendor :STMicroelectronics X-CUBE-AZRTOS-WL 2.0.0
2025-12-21 17:05:47,666 [INFO] ThirdParty:1030 - CMSIS Pack Vendor :SEGGER I-CUBE-embOS 1.3.1
2025-12-21 17:05:47,666 [INFO] ThirdParty:1030 - CMSIS Pack Vendor :STMicroelectronics X-CUBE-ALGOBUILD 1.4.0
2025-12-21 17:05:47,666 [INFO] ThirdParty:1030 - CMSIS Pack Vendor :STMicroelectronics X-CUBE-DPower 1.3.0
2025-12-21 17:05:47,666 [INFO] ThirdParty:1030 - CMSIS Pack Vendor :STMicroelectronics X-CUBE-MEMS1 11.3.0
2025-12-21 17:05:47,666 [INFO] ThirdParty:1030 - CMSIS Pack Vendor :STMicroelectronics FP-SNS-MOTENV1 5.0.0
2025-12-21 17:05:47,666 [INFO] ThirdParty:1030 - CMSIS Pack Vendor :STMicroelectronics USB_DEVICE 1.0.0
2025-12-21 17:05:47,666 [INFO] ThirdParty:1030 - CMSIS Pack Vendor :STMicroelectronics X-CUBE-AZRTOS-H7RS 1.2.0
2025-12-21 17:05:47,666 [INFO] ThirdParty:1030 - CMSIS Pack Vendor :STMicroelectronics X-CUBE-AZRTOS-L4 2.0.0
2025-12-21 17:05:47,666 [INFO] ThirdParty:1030 - CMSIS Pack Vendor :STMicroelectronics ThreadX 0.0.2
2025-12-21 17:05:47,666 [INFO] ThirdParty:1030 - CMSIS Pack Vendor :STMicroelectronics lwIP 2.1.2
2025-12-21 17:05:47,667 [INFO] ThirdParty:1030 - CMSIS Pack Vendor :STMicroelectronics X-CUBE-SFXS2LP1 4.0.0
2025-12-21 17:05:47,667 [INFO] ThirdParty:1030 - CMSIS Pack Vendor :STMicroelectronics X-CUBE-BLE2 3.3.0
2025-12-21 17:05:47,667 [INFO] ThirdParty:1030 - CMSIS Pack Vendor :Avnet-IOTCONNECT X-CUBE-iotc-st67-sdk 1.0.0
2025-12-21 17:05:47,667 [INFO] ThirdParty:1030 - CMSIS Pack Vendor :STMicroelectronics X-CUBE-TOF1 3.4.3
2025-12-21 17:05:47,667 [INFO] ThirdParty:1030 - CMSIS Pack Vendor :STMicroelectronics PDM2PCM 3.2.0
2025-12-21 17:05:47,667 [INFO] ThirdParty:841 - exiting critical section [change project]
2025-12-21 17:05:47,859 [INFO] PinOutPanel:1589 - setPackage(No Configuration,No Configuration)
2025-12-21 17:05:47,860 [INFO] PinOutPanel:1589 - setPackage(STM32L476RGTx,LQFP64)
2025-12-21 17:05:48,276 [INFO] UtilMem:75 - Before build in PCC Used Memory: 837147048 Bytes (1073741824)
2025-12-21 17:05:48,562 [INFO] UtilMem:75 - After build in PCC Used Memory: 918935976 Bytes (1073741824)
2025-12-21 17:05:48,583 [INFO] IPUIPlugin:80 - create IPUIPlugin
2025-12-21 17:05:48,584 [INFO] IPUIPlugin:80 - create IPUIPlugin
2025-12-21 17:05:48,584 [INFO] IPUIPlugin:80 - create IPUIPlugin
2025-12-21 17:05:48,584 [INFO] IPUIPlugin:80 - create IPUIPlugin
2025-12-21 17:05:48,584 [INFO] IPUIPlugin:80 - create IPUIPlugin
2025-12-21 17:05:48,584 [INFO] IPUIPlugin:80 - create IPUIPlugin
2025-12-21 17:05:48,584 [INFO] IPUIPlugin:80 - create IPUIPlugin
2025-12-21 17:05:48,584 [INFO] IPUIPlugin:80 - create IPUIPlugin
2025-12-21 17:05:48,584 [INFO] IPUIPlugin:80 - create IPUIPlugin
2025-12-21 17:05:48,584 [INFO] IPUIPlugin:80 - create IPUIPlugin
2025-12-21 17:05:48,584 [INFO] IPUIPlugin:80 - create IPUIPlugin
2025-12-21 17:05:48,584 [INFO] IPUIPlugin:80 - create IPUIPlugin
2025-12-21 17:05:48,584 [INFO] IPUIPlugin:80 - create IPUIPlugin
2025-12-21 17:05:48,585 [INFO] IPUIPlugin:80 - create IPUIPlugin
2025-12-21 17:05:48,585 [INFO] IPUIPlugin:80 - create IPUIPlugin
2025-12-21 17:05:48,585 [INFO] IPUIPlugin:80 - create IPUIPlugin
2025-12-21 17:05:48,585 [INFO] IPUIPlugin:80 - create IPUIPlugin
2025-12-21 17:05:48,585 [INFO] IPUIPlugin:80 - create IPUIPlugin
2025-12-21 17:05:48,585 [INFO] IPUIPlugin:80 - create IPUIPlugin
2025-12-21 17:05:48,585 [INFO] IPUIPlugin:80 - create IPUIPlugin
2025-12-21 17:05:48,585 [INFO] IPUIPlugin:80 - create IPUIPlugin
2025-12-21 17:05:48,586 [INFO] IPUIPlugin:80 - create IPUIPlugin
2025-12-21 17:05:48,586 [INFO] IPUIPlugin:80 - create IPUIPlugin
2025-12-21 17:05:48,586 [INFO] IPUIPlugin:80 - create IPUIPlugin
2025-12-21 17:05:48,586 [INFO] IPUIPlugin:80 - create IPUIPlugin
2025-12-21 17:05:48,586 [INFO] IPUIPlugin:80 - create IPUIPlugin
2025-12-21 17:05:48,586 [INFO] IPUIPlugin:80 - create IPUIPlugin
2025-12-21 17:05:48,587 [INFO] IPUIPlugin:80 - create IPUIPlugin
2025-12-21 17:05:48,587 [INFO] IPUIPlugin:80 - create IPUIPlugin
2025-12-21 17:05:48,587 [INFO] IPUIPlugin:80 - create IPUIPlugin
2025-12-21 17:05:48,587 [INFO] IPUIPlugin:80 - create IPUIPlugin
2025-12-21 17:05:48,587 [INFO] IPUIPlugin:80 - create IPUIPlugin
2025-12-21 17:05:48,587 [INFO] IPUIPlugin:80 - create IPUIPlugin
2025-12-21 17:05:48,587 [INFO] IPUIPlugin:80 - create IPUIPlugin
2025-12-21 17:05:48,588 [INFO] IPUIPlugin:80 - create IPUIPlugin
2025-12-21 17:05:48,588 [INFO] IPUIPlugin:80 - create IPUIPlugin
2025-12-21 17:05:48,588 [INFO] IPUIPlugin:80 - create IPUIPlugin
2025-12-21 17:05:48,588 [INFO] IPUIPlugin:80 - create IPUIPlugin
2025-12-21 17:05:48,588 [INFO] IPUIPlugin:80 - create IPUIPlugin
2025-12-21 17:05:48,589 [INFO] IPUIPlugin:80 - create IPUIPlugin
2025-12-21 17:05:48,589 [INFO] IPUIPlugin:80 - create IPUIPlugin
2025-12-21 17:05:48,589 [INFO] IPUIPlugin:80 - create IPUIPlugin
2025-12-21 17:05:48,589 [INFO] IPUIPlugin:80 - create IPUIPlugin
2025-12-21 17:05:48,589 [INFO] IPUIPlugin:80 - create IPUIPlugin
2025-12-21 17:05:48,589 [INFO] IPUIPlugin:80 - create IPUIPlugin
2025-12-21 17:05:48,590 [INFO] IPUIPlugin:80 - create IPUIPlugin
2025-12-21 17:05:48,590 [INFO] IPUIPlugin:80 - create IPUIPlugin
2025-12-21 17:05:48,590 [INFO] IPUIPlugin:80 - create IPUIPlugin
2025-12-21 17:05:48,590 [INFO] IPUIPlugin:80 - create IPUIPlugin
2025-12-21 17:05:48,590 [INFO] IPUIPlugin:80 - create IPUIPlugin
2025-12-21 17:05:48,591 [INFO] IPUIPlugin:80 - create IPUIPlugin
2025-12-21 17:05:48,591 [INFO] IPUIPlugin:80 - create IPUIPlugin
2025-12-21 17:05:48,591 [INFO] IPUIPlugin:80 - create IPUIPlugin
2025-12-21 17:05:48,591 [INFO] IPUIPlugin:80 - create IPUIPlugin
2025-12-21 17:05:48,592 [INFO] IPUIPlugin:80 - create IPUIPlugin
2025-12-21 17:05:48,592 [INFO] IPUIPlugin:80 - create IPUIPlugin
2025-12-21 17:05:48,592 [INFO] IPUIPlugin:80 - create IPUIPlugin
2025-12-21 17:05:48,592 [INFO] IPUIPlugin:80 - create IPUIPlugin
2025-12-21 17:05:48,593 [INFO] IPUIPlugin:80 - create IPUIPlugin
2025-12-21 17:05:48,667 [INFO] CADModel:165 - CPN selected for project levelSTM32L476RGT3
2025-12-21 17:05:48,667 [INFO] CADModel:114 - Register for checkConnection events
2025-12-21 17:05:48,756 [INFO] OpenFileManager:386 - Restore cursor
2025-12-21 17:06:00,920 [INFO] MainUpdater:2872 - connection check result : 10
2025-12-21 17:06:00,920 [INFO] MainUpdater:2872 - connection check result : 10
2025-12-21 17:06:01,372 [INFO] MicroXplorer:468 - Change Database Path : 
2025-12-21 17:06:01,372 [INFO] MicroXplorer:498 - Change Database Version : DB.6.0.150
2025-12-21 17:06:01,379 [ERROR] ProjectManagerView:395 - 
java.lang.NullPointerException: Cannot invoke "javax.swing.JTextField.getText()" because the return value of "java.util.List.get(int)" is null
	at com.st.microxplorer.plugins.projectmanager.gui.ProjectChoiceTab$9.caretUpdate(ProjectChoiceTab.java:2706) ~[filemanager.jar:?]
	at javax.swing.text.JTextComponent.fireCaretUpdate(JTextComponent.java:408) ~[?:?]
	at javax.swing.text.JTextComponent$MutableCaretEvent.fire(JTextComponent.java:4484) ~[?:?]
	at javax.swing.text.JTextComponent$MutableCaretEvent.stateChanged(JTextComponent.java:4506) ~[?:?]
	at javax.swing.text.DefaultCaret.fireStateChanged(DefaultCaret.java:857) ~[?:?]
	at javax.swing.text.DefaultCaret.changeCaretPosition(DefaultCaret.java:1343) ~[?:?]
	at javax.swing.text.DefaultCaret.handleSetDot(DefaultCaret.java:1242) ~[?:?]
	at javax.swing.text.DefaultCaret.setDot(DefaultCaret.java:1223) ~[?:?]
	at javax.swing.text.DefaultCaret$Handler.insertUpdate(DefaultCaret.java:1819) ~[?:?]
	at javax.swing.text.AbstractDocument.fireInsertUpdate(AbstractDocument.java:227) ~[?:?]
	at javax.swing.text.AbstractDocument.handleInsertString(AbstractDocument.java:781) ~[?:?]
	at javax.swing.text.AbstractDocument.insertString(AbstractDocument.java:740) ~[?:?]
	at javax.swing.text.PlainDocument.insertString(PlainDocument.java:131) ~[?:?]
	at javax.swing.text.AbstractDocument.replace(AbstractDocument.java:699) ~[?:?]
	at javax.swing.text.JTextComponent.setText(JTextComponent.java:1725) ~[?:?]
	at com.st.microxplorer.plugins.projectmanager.gui.ProjectChoiceTab.createHeapStackFields(ProjectChoiceTab.java:993) ~[filemanager.jar:?]
	at com.st.microxplorer.plugins.projectmanager.gui.ProjectChoiceTab.buildLinkSettingsPanel(ProjectChoiceTab.java:3813) ~[filemanager.jar:?]
	at com.st.microxplorer.plugins.projectmanager.gui.ProjectChoiceTab.defineWindowsFields(ProjectChoiceTab.java:1987) ~[filemanager.jar:?]
	at com.st.microxplorer.plugins.projectmanager.gui.ProjectChoiceTab.updateSettings(ProjectChoiceTab.java:558) ~[filemanager.jar:?]
	at com.st.microxplorer.plugins.projectmanager.gui.ProjectSettingsPanel.UpdateDialog(ProjectSettingsPanel.java:247) ~[filemanager.jar:?]
	at com.st.microxplorer.plugins.projectmanager.ProjectManagerView.propertyChange(ProjectManagerView.java:392) ~[filemanager.jar:?]
	at java.beans.PropertyChangeSupport.fire(PropertyChangeSupport.java:343) ~[?:?]
	at java.beans.PropertyChangeSupport.firePropertyChange(PropertyChangeSupport.java:335) ~[?:?]
	at java.beans.PropertyChangeSupport.firePropertyChange(PropertyChangeSupport.java:268) ~[?:?]
	at com.st.microxplorer.util.MXPropertyChangeSupport.firePropertyChange(MXPropertyChangeSupport.java:54) ~[STM32CubeMX.jar:?]
	at com.st.microxplorer.mxsystem.MxSystem.closeConfig(MxSystem.java:899) ~[STM32CubeMX.jar:?]
	at com.st.microxplorer.maingui.MainPanel.closeConfig(MainPanel.java:792) ~[STM32CubeMX.jar:?]
	at com.st.microxplorer.plugins.filemanager.engine.OpenFileManager.loadConfigurationFile(OpenFileManager.java:288) ~[filemanager.jar:?]
	at com.st.microxplorer.plugins.filemanager.engine.MainFileManager.userLoadConfig(MainFileManager.java:364) ~[filemanager.jar:?]
	at com.st.microxplorer.plugins.filemanager.engine.MainFileManager.userLoadConfig(MainFileManager.java:342) ~[filemanager.jar:?]
	at com.st.microxplorer.plugins.filemanager.FileManagerView.getSpecificTask(FileManagerView.java:264) ~[filemanager.jar:?]
	at com.st.stm32cube.common.mx.editor.CubeMxEditor.getMxTabbedPaneInstance(CubeMxEditor.java:1198) ~[com.st.stm32cube.common.mx_6.15.0.202507011659/:?]
	at com.st.stm32cube.common.mx.editor.CubeMxEditor$12$1.createSwingComponent(CubeMxEditor.java:1068) ~[com.st.stm32cube.common.mx_6.15.0.202507011659/:?]
	at com.st.stm32cube.common.mx.oss.core.awtswtbridge.EmbeddedSwingComposite.doComponentCreation(EmbeddedSwingComposite.java:492) ~[com.st.stm32cube.common.mx.oss_6.15.0.202507011659/:?]
	at com.st.stm32cube.common.mx.oss.core.awtswtbridge.EmbeddedSwingComposite$4.run(EmbeddedSwingComposite.java:291) ~[com.st.stm32cube.common.mx.oss_6.15.0.202507011659/:?]
	at com.st.stm32cube.common.mx.oss.core.awtswtbridge.AwtEnvironment$2.run(AwtEnvironment.java:166) ~[com.st.stm32cube.common.mx.oss_6.15.0.202507011659/:?]
	at java.awt.event.InvocationEvent.dispatch(InvocationEvent.java:318) ~[?:?]
	at java.awt.EventQueue.dispatchEventImpl(EventQueue.java:773) ~[?:?]
	at java.awt.EventQueue$4.run(EventQueue.java:720) ~[?:?]
	at java.awt.EventQueue$4.run(EventQueue.java:714) ~[?:?]
	at java.security.AccessController.doPrivileged(AccessController.java:400) ~[?:?]
	at java.security.ProtectionDomain$JavaSecurityAccessImpl.doIntersectionPrivilege(ProtectionDomain.java:87) ~[?:?]
	at java.awt.EventQueue.dispatchEvent(EventQueue.java:742) ~[?:?]
	at java.awt.EventDispatchThread.pumpOneEventForFilters(EventDispatchThread.java:203) ~[?:?]
	at java.awt.EventDispatchThread.pumpEventsForFilter(EventDispatchThread.java:124) ~[?:?]
	at java.awt.EventDispatchThread.pumpEventsForHierarchy(EventDispatchThread.java:113) ~[?:?]
	at java.awt.EventDispatchThread.pumpEvents(EventDispatchThread.java:109) ~[?:?]
	at java.awt.EventDispatchThread.pumpEvents(EventDispatchThread.java:101) ~[?:?]
	at java.awt.EventDispatchThread.run(EventDispatchThread.java:90) ~[?:?]
2025-12-21 17:06:01,380 [WARN] ThirdParty:871 - waiting for thirdparty lock release [close project]
2025-12-21 17:06:01,380 [INFO] ThirdParty:873 - entering critical section [close project]
2025-12-21 17:06:01,380 [INFO] ThirdParty:883 - exiting critical section [close project]
2025-12-21 17:06:01,381 [INFO] PinOutPanel:1589 - setPackage(No Configuration,No Configuration)
2025-12-21 17:06:01,383 [INFO] UtilMem:75 - Begin LoadConfig() Used Memory: 922173896 Bytes (1073741824)
2025-12-21 17:06:01,383 [INFO] MicroXplorer:468 - Change Database Path : 
2025-12-21 17:06:01,383 [INFO] MicroXplorer:498 - Change Database Version : DB.6.0.150
2025-12-21 17:06:01,384 [INFO] OpenFileManager:355 - Change cursor
2025-12-21 17:06:01,389 [INFO] Mcu:2029 - Initializing MCU STM32L476R(C-E-G)Tx STM32L476RGTx STM32L476RGT3
2025-12-21 17:06:02,591 [INFO] Context:786 - Trying to add GPIOservice into a context  which must be forbidden
2025-12-21 17:06:02,809 [INFO] ImportTextPane:234 - (OptionalMessage_ERROR) Pin5 (VP_RIF_VS_RIF1) cannot be retrieved for this MCU
2025-12-21 17:06:02,862 [INFO] RtosManager:558 - Registered RTOS mode: class=CMSIS, group=RTOS, mode=CMSIS_V1, owner=FREERTOS
2025-12-21 17:06:02,862 [INFO] RtosManager:558 - Registered RTOS mode: class=CMSIS, group=RTOS2, mode=CMSIS_V2, owner=FREERTOS
2025-12-21 17:06:02,862 [INFO] RtosManager:558 - Registered RTOS mode: class=RTOS, group=Core, mode=CMSIS_V1, owner=FREERTOS
2025-12-21 17:06:02,862 [INFO] RtosManager:558 - Registered RTOS mode: class=RTOS, group=Core, mode=CMSIS_V2, owner=FREERTOS
2025-12-21 17:06:02,862 [WARN] ModelIntegratedComponent:184 - Missing modes for component STMicroelectronics:FreeRTOS:0.0.1:STMicroelectronics:RTOS:FreeRTOS:Core:::10.2.0:
2025-12-21 17:06:02,867 [WARN] ModelIntegratedComponent:63 - No mode defined for component null
2025-12-21 17:06:02,867 [WARN] ModelIntegratedComponent:63 - No mode defined for component null
2025-12-21 17:06:02,867 [WARN] ModelIntegratedComponent:63 - No mode defined for component null
2025-12-21 17:06:02,867 [WARN] ModelIntegratedComponent:63 - No mode defined for component null
2025-12-21 17:06:02,867 [WARN] ModelIntegratedComponent:63 - No mode defined for component null
2025-12-21 17:06:02,867 [WARN] ModelIntegratedComponent:63 - No mode defined for component null
2025-12-21 17:06:02,867 [WARN] ModelIntegratedComponent:63 - No mode defined for component null
2025-12-21 17:06:02,867 [WARN] ModelIntegratedComponent:63 - No mode defined for component null
2025-12-21 17:06:02,867 [WARN] ModelIntegratedComponent:63 - No mode defined for component null
2025-12-21 17:06:02,867 [WARN] ModelIntegratedComponent:63 - No mode defined for component null
2025-12-21 17:06:02,867 [WARN] ModelIntegratedComponent:63 - No mode defined for component null
2025-12-21 17:06:02,867 [WARN] ModelIntegratedComponent:63 - No mode defined for component null
2025-12-21 17:06:02,867 [WARN] ModelIntegratedComponent:63 - No mode defined for component null
2025-12-21 17:06:02,867 [WARN] ModelIntegratedComponent:63 - No mode defined for component null
2025-12-21 17:06:02,867 [WARN] ModelIntegratedComponent:63 - No mode defined for component null
2025-12-21 17:06:02,867 [WARN] ModelIntegratedComponent:63 - No mode defined for component null
2025-12-21 17:06:02,867 [WARN] ModelIntegratedComponent:63 - No mode defined for component null
2025-12-21 17:06:02,867 [WARN] ModelIntegratedComponent:63 - No mode defined for component null
2025-12-21 17:06:02,867 [WARN] ModelIntegratedComponent:63 - No mode defined for component null
2025-12-21 17:06:02,867 [WARN] ModelIntegratedComponent:63 - No mode defined for component null
2025-12-21 17:06:02,867 [WARN] ModelIntegratedComponent:63 - No mode defined for component null
2025-12-21 17:06:02,867 [WARN] ModelIntegratedComponent:63 - No mode defined for component null
2025-12-21 17:06:02,867 [WARN] ModelIntegratedComponent:63 - No mode defined for component null
2025-12-21 17:06:02,867 [WARN] ModelIntegratedComponent:63 - No mode defined for component null
2025-12-21 17:06:02,867 [WARN] ModelIntegratedComponent:63 - No mode defined for component null
2025-12-21 17:06:02,868 [WARN] ModelIntegratedComponent:63 - No mode defined for component null
2025-12-21 17:06:02,868 [WARN] ModelIntegratedComponent:63 - No mode defined for component null
2025-12-21 17:06:02,868 [WARN] ModelIntegratedComponent:63 - No mode defined for component null
2025-12-21 17:06:02,868 [WARN] ModelIntegratedComponent:63 - No mode defined for component null
2025-12-21 17:06:02,868 [WARN] ModelIntegratedComponent:63 - No mode defined for component null
2025-12-21 17:06:02,868 [WARN] ModelIntegratedComponent:63 - No mode defined for component null
2025-12-21 17:06:02,868 [WARN] ModelIntegratedComponent:63 - No mode defined for component null
2025-12-21 17:06:02,868 [WARN] ModelIntegratedComponent:63 - No mode defined for component null
2025-12-21 17:06:02,868 [WARN] ModelIntegratedComponent:63 - No mode defined for component null
2025-12-21 17:06:02,868 [WARN] ModelIntegratedComponent:63 - No mode defined for component null
2025-12-21 17:06:02,868 [WARN] ModelPack:524 - Component already loaded: STMicroelectronics:HAL Drivers:0.0.0:STMicroelectronics:Device:STMicro_Driver:XSPI:HAL::0.0.1:HAL_XSPI
2025-12-21 17:06:02,919 [INFO] ThirdPartyModel:298 - Start build external matchings
2025-12-21 17:06:03,519 [INFO] ThirdPartyModel:316 - End build external matchings
2025-12-21 17:06:03,795 [INFO] UtilMem:75 - End LoadConfig() Used Memory: 743088968 Bytes (1073741824)
2025-12-21 17:06:03,826 [WARN] ThirdParty:833 - waiting for thirdparty lock release [change project]
2025-12-21 17:06:03,826 [INFO] ThirdParty:835 - entering critical section [change project]
2025-12-21 17:06:03,826 [INFO] ThirdParty:1030 - CMSIS Pack Vendor :STMicroelectronics X-CUBE-PM33A1 1.0.0
2025-12-21 17:06:03,826 [INFO] ThirdParty:1030 - CMSIS Pack Vendor :STMicroelectronics USBPD 4.1
2025-12-21 17:06:03,826 [INFO] ThirdParty:1030 - CMSIS Pack Vendor :STMicroelectronics X-CUBE-NFC9 1.0.0
2025-12-21 17:06:03,826 [INFO] ThirdParty:1030 - CMSIS Pack Vendor :STMicroelectronics USB_HOST 2.0.0
2025-12-21 17:06:03,826 [INFO] ThirdParty:1030 - CMSIS Pack Vendor :STMicroelectronics FP-SNS-MOTENVWB1 1.4.0
2025-12-21 17:06:03,826 [INFO] ThirdParty:1030 - CMSIS Pack Vendor :STMicroelectronics X-CUBE-AZRTOS-F4 1.1.0
2025-12-21 17:06:03,826 [INFO] ThirdParty:1030 - CMSIS Pack Vendor :STMicroelectronics LIBJPEG 8.0.0
2025-12-21 17:06:03,826 [INFO] ThirdParty:1030 - CMSIS Pack Vendor :STMicroelectronics FP-ATR-ASTRA1 2.0.2
2025-12-21 17:06:03,826 [INFO] ThirdParty:1030 - CMSIS Pack Vendor :wolfSSL I-CUBE-wolfSSL 5.8.2
2025-12-21 17:06:03,826 [INFO] ThirdParty:1030 - CMSIS Pack Vendor :STMicroelectronics X-CUBE-BLE1 7.1.0
2025-12-21 17:06:03,826 [INFO] ThirdParty:1030 - CMSIS Pack Vendor :Avnet-IotConnect X-CUBE-IoTC-DA16k-PMOD 1.0.0
2025-12-21 17:06:03,826 [INFO] ThirdParty:1030 - CMSIS Pack Vendor :STMicroelectronics X-CUBE-SMBUS 2.1.0
2025-12-21 17:06:03,826 [INFO] ThirdParty:1030 - CMSIS Pack Vendor :wolfSSL I-CUBE-wolfMQTT 1.19.2
2025-12-21 17:06:03,826 [INFO] ThirdParty:1030 - CMSIS Pack Vendor :STMicroelectronics USB_DEVICE 3.0.0
2025-12-21 17:06:03,826 [INFO] ThirdParty:1030 - CMSIS Pack Vendor :STMicroelectronics X-CUBE-ISPU 2.1.0
2025-12-21 17:06:03,826 [INFO] ThirdParty:1030 - CMSIS Pack Vendor :STMicroelectronics X-CUBE-FREERTOS 1.4.0
2025-12-21 17:06:03,826 [INFO] ThirdParty:1030 - CMSIS Pack Vendor :STMicroelectronics X-CUBE-EEPRMA1 5.2.0
2025-12-21 17:06:03,826 [INFO] ThirdParty:1030 - CMSIS Pack Vendor :STMicroelectronics X-CUBE-IPS 3.2.0
2025-12-21 17:06:03,826 [INFO] ThirdParty:1030 - CMSIS Pack Vendor :STMicroelectronics X-CUBE-BLEMGR 4.1.0
2025-12-21 17:06:03,826 [INFO] ThirdParty:1030 - CMSIS Pack Vendor :STMicroelectronics X-CUBE-AZRTOS-WB 2.0.0
2025-12-21 17:06:03,826 [INFO] ThirdParty:1030 - CMSIS Pack Vendor :STMicroelectronics X-CUBE-ST60 1.0.0
2025-12-21 17:06:03,826 [INFO] ThirdParty:1030 - CMSIS Pack Vendor :STMicroelectronics X-CUBE-GNSS1 7.0.1
2025-12-21 17:06:03,826 [INFO] ThirdParty:1030 - CMSIS Pack Vendor :STMicroelectronics X-CUBE-NFC12 1.0.0
2025-12-21 17:06:03,826 [INFO] ThirdParty:1030 - CMSIS Pack Vendor :STMicroelectronics X-CUBE-AZRTOS-F7 1.1.0
2025-12-21 17:06:03,826 [INFO] ThirdParty:1030 - CMSIS Pack Vendor :STMicroelectronics X-CUBE-AZRTOS-L5 2.0.0
2025-12-21 17:06:03,827 [INFO] ThirdParty:1030 - CMSIS Pack Vendor :STMicroelectronics X-CUBE-TOUCHGFX 4.25.0
2025-12-21 17:06:03,827 [INFO] ThirdParty:1030 - CMSIS Pack Vendor :STMicroelectronics USB_DEVICE 2.0.0
2025-12-21 17:06:03,827 [INFO] ThirdParty:1030 - CMSIS Pack Vendor :STMicroelectronics X-CUBE-NFC6 3.1.0
2025-12-21 17:06:03,827 [INFO] ThirdParty:1030 - CMSIS Pack Vendor :STMicroelectronics X-CUBE-ST67W61 1.1.0
2025-12-21 17:06:03,827 [INFO] ThirdParty:1030 - CMSIS Pack Vendor :quantropi X-CUBE-qispace-sdk-base 2.1.0
2025-12-21 17:06:03,827 [INFO] ThirdParty:1030 - CMSIS Pack Vendor :STMicroelectronics X-CUBE-MEMS1 12.0.0
2025-12-21 17:06:03,827 [INFO] ThirdParty:1030 - CMSIS Pack Vendor :STMicroelectronics FP-SNS-MOTENV1 5.1.0
2025-12-21 17:06:03,827 [INFO] ThirdParty:1030 - CMSIS Pack Vendor :STMicroelectronics FreeRTOS 0.0.1
2025-12-21 17:06:03,827 [INFO] ThirdParty:1030 - CMSIS Pack Vendor :STMicroelectronics X-CUBE-AZRTOS-G0 1.1.0
2025-12-21 17:06:03,827 [INFO] ThirdParty:1030 - CMSIS Pack Vendor :STMicroelectronics X-CUBE-SAFEA1 1.2.2
2025-12-21 17:06:03,827 [INFO] ThirdParty:1030 - CMSIS Pack Vendor :STMicroelectronics X-CUBE-NFC4 3.0.0
2025-12-21 17:06:03,827 [INFO] ThirdParty:1030 - CMSIS Pack Vendor :STMicroelectronics X-CUBE-SUBG2 5.0.0
2025-12-21 17:06:03,827 [INFO] ThirdParty:1030 - CMSIS Pack Vendor :STMicroelectronics X-CUBE-AZRTOS-H7RS 1.1.0
2025-12-21 17:06:03,827 [INFO] ThirdParty:1030 - CMSIS Pack Vendor :STMicroelectronics STM32_WPAN 1.0.0
2025-12-21 17:06:03,827 [INFO] ThirdParty:1030 - CMSIS Pack Vendor :EmbeddedOffice I-CUBE-FS-RTOS 1.0.1
2025-12-21 17:06:03,827 [INFO] ThirdParty:1030 - CMSIS Pack Vendor :STMicroelectronics lwIP 2.0.3
2025-12-21 17:06:03,827 [INFO] ThirdParty:1030 - CMSIS Pack Vendor :WES I-CUBE-Cesium 1.4.0
2025-12-21 17:06:03,827 [INFO] ThirdParty:1030 - CMSIS Pack Vendor :Cesanta I-CUBE-Mongoose 7.13.0
2025-12-21 17:06:03,827 [INFO] ThirdParty:1030 - CMSIS Pack Vendor :STMicroelectronics USB_HOST 1.0.0
2025-12-21 17:06:03,827 [INFO] ThirdParty:1030 - CMSIS Pack Vendor :Infineon AIROC-Wi-Fi-Bluetooth-STM32 1.7.1
2025-12-21 17:06:03,827 [INFO] ThirdParty:1030 - CMSIS Pack Vendor :STMicroelectronics X-CUBE-AZRTOS-G4 2.0.0
2025-12-21 17:06:03,827 [INFO] ThirdParty:1030 - CMSIS Pack Vendor :STMicroelectronics X-CUBE-WB05N 2.0.0
2025-12-21 17:06:03,827 [INFO] ThirdParty:1030 - CMSIS Pack Vendor :STMicroelectronics PDM2PCM 3.1.0
2025-12-21 17:06:03,827 [INFO] ThirdParty:1030 - CMSIS Pack Vendor :STMicroelectronics PDM2PCM 3.3.0
2025-12-21 17:06:03,827 [INFO] ThirdParty:1030 - CMSIS Pack Vendor :wolfSSL I-CUBE-wolfTPM 3.8.0
2025-12-21 17:06:03,827 [INFO] ThirdParty:1030 - CMSIS Pack Vendor :STMicroelectronics X-CUBE-AZRTOS-H7 3.4.0
2025-12-21 17:06:03,827 [INFO] ThirdParty:1030 - CMSIS Pack Vendor :STMicroelectronics X-CUBE-DISPLAY 3.0.0
2025-12-21 17:06:03,827 [INFO] ThirdParty:1030 - CMSIS Pack Vendor :wolfSSL I-CUBE-wolfSSH 1.4.20
2025-12-21 17:06:03,827 [INFO] ThirdParty:1030 - CMSIS Pack Vendor :STMicroelectronics X-CUBE-NFC7 2.0.0
2025-12-21 17:06:03,827 [INFO] ThirdParty:1030 - CMSIS Pack Vendor :STMicroelectronics X-CUBE-TCPP 4.2.0
2025-12-21 17:06:03,827 [INFO] ThirdParty:1030 - CMSIS Pack Vendor :RealThread X-CUBE-RT-Thread_Nano 4.1.1
2025-12-21 17:06:03,827 [INFO] ThirdParty:1030 - CMSIS Pack Vendor :STMicroelectronics FP-ATR-SIGFOX1 3.2.0
2025-12-21 17:06:03,827 [INFO] ThirdParty:1030 - CMSIS Pack Vendor :STMicroelectronics X-CUBE-NFC10 1.0.0
2025-12-21 17:06:03,827 [INFO] ThirdParty:1030 - CMSIS Pack Vendor :STMicroelectronics X-CUBE-FREERTOS 1.3.1
2025-12-21 17:06:03,827 [INFO] ThirdParty:1030 - CMSIS Pack Vendor :STMicroelectronics HAL Drivers 0.0.0
2025-12-21 17:06:03,827 [INFO] ThirdParty:1030 - CMSIS Pack Vendor :STMicroelectronics MBEDTLS 2.16.2
2025-12-21 17:06:03,827 [INFO] ThirdParty:1030 - CMSIS Pack Vendor :STMicroelectronics X-CUBE-ST60 1.1.0
2025-12-21 17:06:03,827 [INFO] ThirdParty:1030 - CMSIS Pack Vendor :STMicroelectronics X-CUBE-IPS 3.1.0
2025-12-21 17:06:03,828 [INFO] ThirdParty:1030 - CMSIS Pack Vendor :STMicroelectronics X-CUBE-ALS 1.0.2
2025-12-21 17:06:03,828 [INFO] ThirdParty:1030 - CMSIS Pack Vendor :emotas I-CUBE-CANOPEN 1.3.0
2025-12-21 17:06:03,828 [INFO] ThirdParty:1030 - CMSIS Pack Vendor :STMicroelectronics MBEDTLS 2.14.1
2025-12-21 17:06:03,828 [INFO] ThirdParty:1030 - CMSIS Pack Vendor :STMicroelectronics X-CUBE-GNSS1 7.1.0
2025-12-21 17:06:03,828 [INFO] ThirdParty:1030 - CMSIS Pack Vendor :ITTIA_DB I-CUBE-ITTIADB 8.9.0
2025-12-21 17:06:03,828 [INFO] ThirdParty:1030 - CMSIS Pack Vendor :STMicroelectronics X-CUBE-TOUCHGFX 4.26.0
2025-12-21 17:06:03,828 [INFO] ThirdParty:1030 - CMSIS Pack Vendor :STMicroelectronics X-CUBE-STSE01 1.0.0
2025-12-21 17:06:03,828 [INFO] ThirdParty:1030 - CMSIS Pack Vendor :STMicroelectronics X-CUBE-ST67W61 1.0.0
2025-12-21 17:06:03,828 [INFO] ThirdParty:1030 - CMSIS Pack Vendor :STMicroelectronics FP-SNS-STBOX1 2.1.0
2025-12-21 17:06:03,828 [INFO] ThirdParty:1030 - CMSIS Pack Vendor :STMicroelectronics X-CUBE-AI 10.2.0
2025-12-21 17:06:03,828 [INFO] ThirdParty:1030 - CMSIS Pack Vendor :STMicroelectronics FP-SNS-STAIOTCFT 1.0.0
2025-12-21 17:06:03,828 [INFO] ThirdParty:1030 - CMSIS Pack Vendor :STMicroelectronics ThreadX 1.0.0
2025-12-21 17:06:03,828 [INFO] ThirdParty:1030 - CMSIS Pack Vendor :STMicroelectronics FP-SNS-SMARTAG2 1.2.0
2025-12-21 17:06:03,828 [INFO] ThirdParty:1030 - CMSIS Pack Vendor :STMicroelectronics FP-SNS-FLIGHT1 5.1.0
2025-12-21 17:06:03,828 [INFO] ThirdParty:1030 - CMSIS Pack Vendor :STMicroelectronics X-CUBE-AZRTOS-WL 2.0.0
2025-12-21 17:06:03,828 [INFO] ThirdParty:1030 - CMSIS Pack Vendor :SEGGER I-CUBE-embOS 1.3.1
2025-12-21 17:06:03,828 [INFO] ThirdParty:1030 - CMSIS Pack Vendor :STMicroelectronics X-CUBE-ALGOBUILD 1.4.0
2025-12-21 17:06:03,828 [INFO] ThirdParty:1030 - CMSIS Pack Vendor :STMicroelectronics X-CUBE-DPower 1.3.0
2025-12-21 17:06:03,828 [INFO] ThirdParty:1030 - CMSIS Pack Vendor :STMicroelectronics X-CUBE-MEMS1 11.3.0
2025-12-21 17:06:03,828 [INFO] ThirdParty:1030 - CMSIS Pack Vendor :STMicroelectronics FP-SNS-MOTENV1 5.0.0
2025-12-21 17:06:03,828 [INFO] ThirdParty:1030 - CMSIS Pack Vendor :STMicroelectronics USB_DEVICE 1.0.0
2025-12-21 17:06:03,828 [INFO] ThirdParty:1030 - CMSIS Pack Vendor :STMicroelectronics X-CUBE-AZRTOS-H7RS 1.2.0
2025-12-21 17:06:03,828 [INFO] ThirdParty:1030 - CMSIS Pack Vendor :STMicroelectronics X-CUBE-AZRTOS-L4 2.0.0
2025-12-21 17:06:03,828 [INFO] ThirdParty:1030 - CMSIS Pack Vendor :STMicroelectronics ThreadX 0.0.2
2025-12-21 17:06:03,828 [INFO] ThirdParty:1030 - CMSIS Pack Vendor :STMicroelectronics lwIP 2.1.2
2025-12-21 17:06:03,828 [INFO] ThirdParty:1030 - CMSIS Pack Vendor :STMicroelectronics X-CUBE-SFXS2LP1 4.0.0
2025-12-21 17:06:03,828 [INFO] ThirdParty:1030 - CMSIS Pack Vendor :STMicroelectronics X-CUBE-BLE2 3.3.0
2025-12-21 17:06:03,828 [INFO] ThirdParty:1030 - CMSIS Pack Vendor :Avnet-IOTCONNECT X-CUBE-iotc-st67-sdk 1.0.0
2025-12-21 17:06:03,828 [INFO] ThirdParty:1030 - CMSIS Pack Vendor :STMicroelectronics X-CUBE-TOF1 3.4.3
2025-12-21 17:06:03,828 [INFO] ThirdParty:1030 - CMSIS Pack Vendor :STMicroelectronics PDM2PCM 3.2.0
2025-12-21 17:06:03,828 [INFO] ThirdParty:841 - exiting critical section [change project]
2025-12-21 17:06:03,983 [INFO] PinOutPanel:1589 - setPackage(No Configuration,No Configuration)
2025-12-21 17:06:03,983 [INFO] PinOutPanel:1589 - setPackage(STM32L476RGTx,LQFP64)
2025-12-21 17:06:04,223 [INFO] UtilMem:75 - Before build in PCC Used Memory: 821580696 Bytes (1073741824)
2025-12-21 17:06:04,376 [INFO] UtilMem:75 - After build in PCC Used Memory: 901272472 Bytes (1073741824)
2025-12-21 17:06:04,397 [INFO] IPUIPlugin:80 - create IPUIPlugin
2025-12-21 17:06:04,397 [INFO] IPUIPlugin:80 - create IPUIPlugin
2025-12-21 17:06:04,397 [INFO] IPUIPlugin:80 - create IPUIPlugin
2025-12-21 17:06:04,397 [INFO] IPUIPlugin:80 - create IPUIPlugin
2025-12-21 17:06:04,397 [INFO] IPUIPlugin:80 - create IPUIPlugin
2025-12-21 17:06:04,397 [INFO] IPUIPlugin:80 - create IPUIPlugin
2025-12-21 17:06:04,397 [INFO] IPUIPlugin:80 - create IPUIPlugin
2025-12-21 17:06:04,397 [INFO] IPUIPlugin:80 - create IPUIPlugin
2025-12-21 17:06:04,397 [INFO] IPUIPlugin:80 - create IPUIPlugin
2025-12-21 17:06:04,397 [INFO] IPUIPlugin:80 - create IPUIPlugin
2025-12-21 17:06:04,397 [INFO] IPUIPlugin:80 - create IPUIPlugin
2025-12-21 17:06:04,397 [INFO] IPUIPlugin:80 - create IPUIPlugin
2025-12-21 17:06:04,397 [INFO] IPUIPlugin:80 - create IPUIPlugin
2025-12-21 17:06:04,397 [INFO] IPUIPlugin:80 - create IPUIPlugin
2025-12-21 17:06:04,397 [INFO] IPUIPlugin:80 - create IPUIPlugin
2025-12-21 17:06:04,397 [INFO] IPUIPlugin:80 - create IPUIPlugin
2025-12-21 17:06:04,397 [INFO] IPUIPlugin:80 - create IPUIPlugin
2025-12-21 17:06:04,398 [INFO] IPUIPlugin:80 - create IPUIPlugin
2025-12-21 17:06:04,398 [INFO] IPUIPlugin:80 - create IPUIPlugin
2025-12-21 17:06:04,398 [INFO] IPUIPlugin:80 - create IPUIPlugin
2025-12-21 17:06:04,398 [INFO] IPUIPlugin:80 - create IPUIPlugin
2025-12-21 17:06:04,398 [INFO] IPUIPlugin:80 - create IPUIPlugin
2025-12-21 17:06:04,398 [INFO] IPUIPlugin:80 - create IPUIPlugin
2025-12-21 17:06:04,398 [INFO] IPUIPlugin:80 - create IPUIPlugin
2025-12-21 17:06:04,398 [INFO] IPUIPlugin:80 - create IPUIPlugin
2025-12-21 17:06:04,398 [INFO] IPUIPlugin:80 - create IPUIPlugin
2025-12-21 17:06:04,399 [INFO] IPUIPlugin:80 - create IPUIPlugin
2025-12-21 17:06:04,399 [INFO] IPUIPlugin:80 - create IPUIPlugin
2025-12-21 17:06:04,399 [INFO] IPUIPlugin:80 - create IPUIPlugin
2025-12-21 17:06:04,399 [INFO] IPUIPlugin:80 - create IPUIPlugin
2025-12-21 17:06:04,399 [INFO] IPUIPlugin:80 - create IPUIPlugin
2025-12-21 17:06:04,399 [INFO] IPUIPlugin:80 - create IPUIPlugin
2025-12-21 17:06:04,399 [INFO] IPUIPlugin:80 - create IPUIPlugin
2025-12-21 17:06:04,400 [INFO] IPUIPlugin:80 - create IPUIPlugin
2025-12-21 17:06:04,400 [INFO] IPUIPlugin:80 - create IPUIPlugin
2025-12-21 17:06:04,400 [INFO] IPUIPlugin:80 - create IPUIPlugin
2025-12-21 17:06:04,400 [INFO] IPUIPlugin:80 - create IPUIPlugin
2025-12-21 17:06:04,400 [INFO] IPUIPlugin:80 - create IPUIPlugin
2025-12-21 17:06:04,400 [INFO] IPUIPlugin:80 - create IPUIPlugin
2025-12-21 17:06:04,400 [INFO] IPUIPlugin:80 - create IPUIPlugin
2025-12-21 17:06:04,401 [INFO] IPUIPlugin:80 - create IPUIPlugin
2025-12-21 17:06:04,401 [INFO] IPUIPlugin:80 - create IPUIPlugin
2025-12-21 17:06:04,401 [INFO] IPUIPlugin:80 - create IPUIPlugin
2025-12-21 17:06:04,401 [INFO] IPUIPlugin:80 - create IPUIPlugin
2025-12-21 17:06:04,401 [INFO] IPUIPlugin:80 - create IPUIPlugin
2025-12-21 17:06:04,401 [INFO] IPUIPlugin:80 - create IPUIPlugin
2025-12-21 17:06:04,402 [INFO] IPUIPlugin:80 - create IPUIPlugin
2025-12-21 17:06:04,402 [INFO] IPUIPlugin:80 - create IPUIPlugin
2025-12-21 17:06:04,402 [INFO] IPUIPlugin:80 - create IPUIPlugin
2025-12-21 17:06:04,402 [INFO] IPUIPlugin:80 - create IPUIPlugin
2025-12-21 17:06:04,402 [INFO] IPUIPlugin:80 - create IPUIPlugin
2025-12-21 17:06:04,403 [INFO] IPUIPlugin:80 - create IPUIPlugin
2025-12-21 17:06:04,403 [INFO] IPUIPlugin:80 - create IPUIPlugin
2025-12-21 17:06:04,403 [INFO] IPUIPlugin:80 - create IPUIPlugin
2025-12-21 17:06:04,403 [INFO] IPUIPlugin:80 - create IPUIPlugin
2025-12-21 17:06:04,404 [INFO] IPUIPlugin:80 - create IPUIPlugin
2025-12-21 17:06:04,404 [INFO] IPUIPlugin:80 - create IPUIPlugin
2025-12-21 17:06:04,404 [INFO] IPUIPlugin:80 - create IPUIPlugin
2025-12-21 17:06:04,405 [INFO] IPUIPlugin:80 - create IPUIPlugin
2025-12-21 17:06:04,451 [INFO] CADModel:165 - CPN selected for project levelSTM32L476RGT3
2025-12-21 17:06:04,451 [INFO] CADModel:114 - Register for checkConnection events
2025-12-21 17:06:04,503 [INFO] OpenFileManager:386 - Restore cursor
2025-12-21 17:06:43,801 [ERROR] LogOutputStream:75 - [STDERR_REDIRECT] Exception in thread "AWT-EventQueue-0" java.awt.IllegalComponentStateException: component must be showing on the screen to determine its location
2025-12-21 17:06:43,803 [ERROR] LogOutputStream:75 - [STDERR_REDIRECT] 	at java.desktop/java.awt.Component.getLocationOnScreen_NoTreeLock(Component.java:2113)
2025-12-21 17:06:43,805 [ERROR] LogOutputStream:75 - [STDERR_REDIRECT] 	at java.desktop/java.awt.Component.getLocationOnScreen(Component.java:2087)
2025-12-21 17:06:43,806 [ERROR] LogOutputStream:75 - [STDERR_REDIRECT] 	at java.desktop/javax.swing.JPopupMenu.show(JPopupMenu.java:982)
2025-12-21 17:06:43,807 [ERROR] LogOutputStream:75 - [STDERR_REDIRECT] 	at java.desktop/javax.swing.plaf.basic.BasicComboPopup.show(BasicComboPopup.java:235)
2025-12-21 17:06:43,809 [ERROR] LogOutputStream:75 - [STDERR_REDIRECT] 	at java.desktop/javax.swing.plaf.basic.BasicComboPopup.togglePopup(BasicComboPopup.java:1265)
2025-12-21 17:06:43,810 [ERROR] LogOutputStream:75 - [STDERR_REDIRECT] 	at java.desktop/javax.swing.plaf.basic.BasicComboPopup$Handler.mousePressed(BasicComboPopup.java:936)
2025-12-21 17:06:43,812 [ERROR] LogOutputStream:75 - [STDERR_REDIRECT] 	at java.desktop/java.awt.Component.processMouseEvent(Component.java:6618)
2025-12-21 17:06:43,813 [ERROR] LogOutputStream:75 - [STDERR_REDIRECT] 	at java.desktop/javax.swing.JComponent.processMouseEvent(JComponent.java:3398)
2025-12-21 17:06:43,817 [ERROR] LogOutputStream:75 - [STDERR_REDIRECT] 	at java.desktop/java.awt.Component.processEvent(Component.java:6386)
2025-12-21 17:06:43,818 [ERROR] LogOutputStream:75 - [STDERR_REDIRECT] 	at java.desktop/java.awt.Container.processEvent(Container.java:2266)
2025-12-21 17:06:43,820 [ERROR] LogOutputStream:75 - [STDERR_REDIRECT] 	at java.desktop/java.awt.Component.dispatchEventImpl(Component.java:4996)
2025-12-21 17:06:43,821 [ERROR] LogOutputStream:75 - [STDERR_REDIRECT] 	at java.desktop/java.awt.Container.dispatchEventImpl(Container.java:2324)
2025-12-21 17:06:43,822 [ERROR] LogOutputStream:75 - [STDERR_REDIRECT] 	at java.desktop/java.awt.Component.dispatchEvent(Component.java:4828)
2025-12-21 17:06:43,824 [ERROR] LogOutputStream:75 - [STDERR_REDIRECT] 	at java.desktop/javax.swing.plaf.basic.BasicTableUI$Handler.repostEvent(BasicTableUI.java:978)
2025-12-21 17:06:43,826 [ERROR] LogOutputStream:75 - [STDERR_REDIRECT] 	at java.desktop/javax.swing.plaf.basic.BasicTableUI$Handler.adjustSelection(BasicTableUI.java:1140)
2025-12-21 17:06:43,827 [ERROR] LogOutputStream:75 - [STDERR_REDIRECT] 	at java.desktop/javax.swing.plaf.basic.BasicTableUI$Handler.mousePressed(BasicTableUI.java:1068)
2025-12-21 17:06:43,829 [ERROR] LogOutputStream:75 - [STDERR_REDIRECT] 	at java.desktop/java.awt.AWTEventMulticaster.mousePressed(AWTEventMulticaster.java:288)
2025-12-21 17:06:43,830 [ERROR] LogOutputStream:75 - [STDERR_REDIRECT] 	at java.desktop/java.awt.AWTEventMulticaster.mousePressed(AWTEventMulticaster.java:287)
2025-12-21 17:06:43,832 [ERROR] LogOutputStream:75 - [STDERR_REDIRECT] 	at java.desktop/java.awt.AWTEventMulticaster.mousePressed(AWTEventMulticaster.java:287)
2025-12-21 17:06:43,833 [ERROR] LogOutputStream:75 - [STDERR_REDIRECT] 	at java.desktop/java.awt.AWTEventMulticaster.mousePressed(AWTEventMulticaster.java:287)
2025-12-21 17:06:43,834 [ERROR] LogOutputStream:75 - [STDERR_REDIRECT] 	at java.desktop/java.awt.Component.processMouseEvent(Component.java:6618)
2025-12-21 17:06:43,836 [ERROR] LogOutputStream:75 - [STDERR_REDIRECT] 	at java.desktop/javax.swing.JComponent.processMouseEvent(JComponent.java:3398)
2025-12-21 17:06:43,837 [ERROR] LogOutputStream:75 - [STDERR_REDIRECT] 	at java.desktop/java.awt.Component.processEvent(Component.java:6386)
2025-12-21 17:06:43,838 [ERROR] LogOutputStream:75 - [STDERR_REDIRECT] 	at java.desktop/java.awt.Container.processEvent(Container.java:2266)
2025-12-21 17:06:43,840 [ERROR] LogOutputStream:75 - [STDERR_REDIRECT] 	at java.desktop/java.awt.Component.dispatchEventImpl(Component.java:4996)
2025-12-21 17:06:43,841 [ERROR] LogOutputStream:75 - [STDERR_REDIRECT] 	at java.desktop/java.awt.Container.dispatchEventImpl(Container.java:2324)
2025-12-21 17:06:43,843 [ERROR] LogOutputStream:75 - [STDERR_REDIRECT] 	at java.desktop/java.awt.Component.dispatchEvent(Component.java:4828)
2025-12-21 17:06:43,844 [ERROR] LogOutputStream:75 - [STDERR_REDIRECT] 	at java.desktop/java.awt.LightweightDispatcher.retargetMouseEvent(Container.java:4948)
2025-12-21 17:06:43,846 [ERROR] LogOutputStream:75 - [STDERR_REDIRECT] 	at java.desktop/java.awt.LightweightDispatcher.processMouseEvent(Container.java:4572)
2025-12-21 17:06:43,847 [ERROR] LogOutputStream:75 - [STDERR_REDIRECT] 	at java.desktop/java.awt.LightweightDispatcher.dispatchEvent(Container.java:4516)
2025-12-21 17:06:43,848 [ERROR] LogOutputStream:75 - [STDERR_REDIRECT] 	at java.desktop/java.awt.Container.dispatchEventImpl(Container.java:2310)
2025-12-21 17:06:43,850 [ERROR] LogOutputStream:75 - [STDERR_REDIRECT] 	at java.desktop/java.awt.Component.dispatchEvent(Component.java:4828)
2025-12-21 17:06:43,851 [ERROR] LogOutputStream:75 - [STDERR_REDIRECT] 	at java.desktop/java.awt.EventQueue.dispatchEventImpl(EventQueue.java:775)
2025-12-21 17:06:43,852 [ERROR] LogOutputStream:75 - [STDERR_REDIRECT] 	at java.desktop/java.awt.EventQueue$4.run(EventQueue.java:720)
2025-12-21 17:06:43,853 [ERROR] LogOutputStream:75 - [STDERR_REDIRECT] 	at java.desktop/java.awt.EventQueue$4.run(EventQueue.java:714)
2025-12-21 17:06:43,854 [ERROR] LogOutputStream:75 - [STDERR_REDIRECT] 	at java.base/java.security.AccessController.doPrivileged(AccessController.java:400)
2025-12-21 17:06:43,856 [ERROR] LogOutputStream:75 - [STDERR_REDIRECT] 	at java.base/java.security.ProtectionDomain$JavaSecurityAccessImpl.doIntersectionPrivilege(ProtectionDomain.java:87)
2025-12-21 17:06:43,857 [ERROR] LogOutputStream:75 - [STDERR_REDIRECT] 	at java.base/java.security.ProtectionDomain$JavaSecurityAccessImpl.doIntersectionPrivilege(ProtectionDomain.java:98)
2025-12-21 17:06:43,858 [ERROR] LogOutputStream:75 - [STDERR_REDIRECT] 	at java.desktop/java.awt.EventQueue$5.run(EventQueue.java:747)
2025-12-21 17:06:43,859 [ERROR] LogOutputStream:75 - [STDERR_REDIRECT] 	at java.desktop/java.awt.EventQueue$5.run(EventQueue.java:745)
2025-12-21 17:06:43,861 [ERROR] LogOutputStream:75 - [STDERR_REDIRECT] 	at java.base/java.security.AccessController.doPrivileged(AccessController.java:400)
2025-12-21 17:06:43,862 [ERROR] LogOutputStream:75 - [STDERR_REDIRECT] 	at java.base/java.security.ProtectionDomain$JavaSecurityAccessImpl.doIntersectionPrivilege(ProtectionDomain.java:87)
2025-12-21 17:06:43,863 [ERROR] LogOutputStream:75 - [STDERR_REDIRECT] 	at java.desktop/java.awt.EventQueue.dispatchEvent(EventQueue.java:744)
2025-12-21 17:06:43,865 [ERROR] LogOutputStream:75 - [STDERR_REDIRECT] 	at java.desktop/java.awt.EventDispatchThread.pumpOneEventForFilters(EventDispatchThread.java:203)
2025-12-21 17:06:43,866 [ERROR] LogOutputStream:75 - [STDERR_REDIRECT] 	at java.desktop/java.awt.EventDispatchThread.pumpEventsForFilter(EventDispatchThread.java:124)
2025-12-21 17:06:43,868 [ERROR] LogOutputStream:75 - [STDERR_REDIRECT] 	at java.desktop/java.awt.EventDispatchThread.pumpEventsForHierarchy(EventDispatchThread.java:113)
2025-12-21 17:06:43,869 [ERROR] LogOutputStream:75 - [STDERR_REDIRECT] 	at java.desktop/java.awt.EventDispatchThread.pumpEvents(EventDispatchThread.java:109)
2025-12-21 17:06:43,870 [ERROR] LogOutputStream:75 - [STDERR_REDIRECT] 	at java.desktop/java.awt.EventDispatchThread.pumpEvents(EventDispatchThread.java:101)
2025-12-21 17:06:43,872 [ERROR] LogOutputStream:75 - [STDERR_REDIRECT] 	at java.desktop/java.awt.EventDispatchThread.run(EventDispatchThread.java:90)
2025-12-21 17:07:23,377 [INFO] Gpio:278 - dependency for GPIO [I2C1, USART2]
2025-12-21 17:07:29,308 [INFO] NvicIntPanel:101 - NVIC parent = com.st.microxplorer.plugins.ip.nvic.MultiNvicIntPanel[,2,27,659x374,layout=javax.swing.BoxLayout,alignmentX=0.0,alignmentY=0.0,border=,flags=9,maximumSize=,minimumSize=,preferredSize=]
2025-12-21 17:07:33,705 [INFO] UtilMem:75 - End SaveConfig() Used Memory: 875923704 Bytes (1073741824)
2025-12-21 17:07:35,030 [INFO] UtilMem:75 - End SaveConfig() Used Memory: 904235256 Bytes (1073741824)
2025-12-21 17:07:36,393 [INFO] UtilMem:75 - End SaveConfig() Used Memory: 955107800 Bytes (1073741824)
2025-12-21 17:07:36,850 [INFO] BlockDiagram:2775 - set Specific Code input for plugin: SYS
2025-12-21 17:07:36,850 [INFO] BlockDiagram:2775 - set Specific Code input for plugin: RCC
2025-12-21 17:07:36,850 [INFO] BlockDiagram:2775 - set Specific Code input for plugin: I2C
2025-12-21 17:07:36,850 [INFO] BlockDiagram:2775 - set Specific Code input for plugin: NVIC
2025-12-21 17:07:36,850 [INFO] BlockDiagram:2775 - set Specific Code input for plugin: USART
2025-12-21 17:07:36,850 [INFO] BlockDiagram:2775 - set Specific Code input for plugin: GPIO
2025-12-21 17:07:36,851 [INFO] CodeGenerator:892 - code generatio: config db path: C:\ST\STM32CubeIDE_1.19.0\STM32CubeIDE\plugins\com.st.stm32cube.common.mx_6.15.0.202507011659\\db\
2025-12-21 17:07:36,926 [INFO] CodeEngine:265 - oldGeneratedFile, D:\STM32\Lab\41-i2c-eeprom\MXTmpFiles\license.tmp_save
2025-12-21 17:07:37,125 [INFO] CodeEngine:289 - Generated code: D:\STM32\Lab\41-i2c-eeprom\MXTmpFiles\license.tmp
2025-12-21 17:07:37,190 [INFO] CodeEngine:265 - oldGeneratedFile, D:\STM32\Lab\41-i2c-eeprom\MXTmpFiles\gpio.tmp_save
2025-12-21 17:07:37,283 [INFO] CodeEngine:289 - Generated code: D:\STM32\Lab\41-i2c-eeprom\MXTmpFiles\gpio.tmp
2025-12-21 17:07:37,471 [INFO] CodeEngine:265 - oldGeneratedFile, D:\STM32\Lab\41-i2c-eeprom\Core\Src\stm32l4xx_it.c_save
2025-12-21 17:07:37,565 [INFO] CodeEngine:289 - Generated code: D:\STM32\Lab\41-i2c-eeprom\Core\Src\stm32l4xx_it.c
2025-12-21 17:07:37,574 [INFO] CodeEngine:265 - oldGeneratedFile, D:\STM32\Lab\41-i2c-eeprom\Core\Inc\stm32l4xx_it.h_save
2025-12-21 17:07:37,648 [INFO] CodeEngine:289 - Generated code: D:\STM32\Lab\41-i2c-eeprom\Core\Inc\stm32l4xx_it.h
2025-12-21 17:07:37,661 [INFO] CodeEngine:265 - oldGeneratedFile, D:\STM32\Lab\41-i2c-eeprom\Core\Src\stm32l4xx_hal_msp.c_save
2025-12-21 17:07:37,768 [INFO] CodeEngine:289 - Generated code: D:\STM32\Lab\41-i2c-eeprom\Core\Src\stm32l4xx_hal_msp.c
2025-12-21 17:07:37,772 [INFO] CodeEngine:265 - oldGeneratedFile, D:\STM32\Lab\41-i2c-eeprom\MXTmpFiles\system.tmp_save
2025-12-21 17:07:37,830 [INFO] CodeEngine:289 - Generated code: D:\STM32\Lab\41-i2c-eeprom\MXTmpFiles\system.tmp
2025-12-21 17:07:37,840 [INFO] CodeEngine:321 - oldGeneratedFile, D:\STM32\Lab\41-i2c-eeprom\Core\Inc\stm32l4xx_hal_conf.h_save
2025-12-21 17:07:37,899 [INFO] CodeEngine:345 - Generated code: D:\STM32\Lab\41-i2c-eeprom\Core\Inc\stm32l4xx_hal_conf.h
2025-12-21 17:07:37,929 [INFO] ApiDbMcu:532 - Load IP Config File for I2C1
2025-12-21 17:07:37,940 [INFO] ApiDbMcu:532 - Load IP Config File for USART2
2025-12-21 17:07:37,943 [INFO] ApiDbMcu:532 - Load IP Config File for RCC
2025-12-21 17:07:37,952 [INFO] CodeEngine:265 - oldGeneratedFile, D:\STM32\Lab\41-i2c-eeprom\Core\Inc\main.h_save
2025-12-21 17:07:38,014 [INFO] CodeEngine:289 - Generated code: D:\STM32\Lab\41-i2c-eeprom\Core\Inc\main.h
2025-12-21 17:07:38,020 [INFO] CodeEngine:265 - oldGeneratedFile, D:\STM32\Lab\41-i2c-eeprom\Core\Src\main.c_save
2025-12-21 17:07:38,110 [INFO] CodeEngine:289 - Generated code: D:\STM32\Lab\41-i2c-eeprom\Core\Src\main.c
2025-12-21 17:07:38,416 [INFO] ProjectBuilder:3606 - Time for Copy HAL[1] : 159mS.
2025-12-21 17:07:38,419 [INFO] ProjectBuilder:5216 - Project Generator version: 4.7.0-B52
2025-12-21 17:07:38,487 [INFO] ConfigFileManager:1595 - The Die is : DIE415
2025-12-21 17:07:38,490 [INFO] ApiDbMcu:532 - Load IP Config File for FATFS
2025-12-21 17:07:38,494 [INFO] ApiDbMcu:532 - Load IP Config File for FREERTOS
2025-12-21 17:07:38,503 [INFO] ApiDbMcu:532 - Load IP Config File for TOUCHSENSING
2025-12-21 17:07:38,507 [INFO] ApiDbMcu:532 - Load IP Config File for USB_DEVICE
2025-12-21 17:07:38,511 [INFO] ApiDbMcu:532 - Load IP Config File for USB_HOST
2025-12-21 17:07:39,292 [INFO] ProjectBuilder:5496 - Time for Generating toolchain IDE Files: 873mS.
2025-12-21 17:07:39,293 [INFO] ProjectBuilder:3463 - Time for Copy CMSIS : 1mS.
2025-12-21 17:07:39,295 [INFO] ProjectBuilder:3463 - Time for Copy CMSIS : 0mS.
2025-12-21 17:07:48,087 [INFO] I2cTimingTraitement:330 - 0x10D19CE4
2025-12-21 17:07:48,128 [INFO] Gpio:278 - dependency for GPIO [I2C1, USART2]
2025-12-21 17:07:48,155 [INFO] NvicIntPanel:101 - NVIC parent = com.st.microxplorer.plugins.ip.nvic.MultiNvicIntPanel[,0,0,0x0,invalid,layout=javax.swing.BoxLayout,alignmentX=0.0,alignmentY=0.0,border=,flags=9,maximumSize=,minimumSize=,preferredSize=]
2025-12-21 17:22:45,132 [INFO] UtilMem:75 - End SaveConfig() Used Memory: 701251616 Bytes (1073741824)
2025-12-21 17:22:45,388 [INFO] BlockDiagram:2775 - set Specific Code input for plugin: SYS
2025-12-21 17:22:45,388 [INFO] BlockDiagram:2775 - set Specific Code input for plugin: RCC
2025-12-21 17:22:45,388 [INFO] BlockDiagram:2775 - set Specific Code input for plugin: I2C
2025-12-21 17:22:45,388 [INFO] BlockDiagram:2775 - set Specific Code input for plugin: NVIC
2025-12-21 17:22:45,388 [INFO] BlockDiagram:2775 - set Specific Code input for plugin: USART
2025-12-21 17:22:45,389 [INFO] BlockDiagram:2775 - set Specific Code input for plugin: GPIO
2025-12-21 17:22:45,390 [INFO] CodeGenerator:892 - code generatio: config db path: C:\ST\STM32CubeIDE_1.19.0\STM32CubeIDE\plugins\com.st.stm32cube.common.mx_6.15.0.202507011659\\db\
2025-12-21 17:22:45,603 [INFO] CodeEngine:265 - oldGeneratedFile, D:\STM32\Lab\41-i2c-eeprom\MXTmpFiles\license.tmp_save
2025-12-21 17:22:45,874 [INFO] CodeEngine:289 - Generated code: D:\STM32\Lab\41-i2c-eeprom\MXTmpFiles\license.tmp
2025-12-21 17:22:45,930 [INFO] CodeEngine:265 - oldGeneratedFile, D:\STM32\Lab\41-i2c-eeprom\MXTmpFiles\gpio.tmp_save
2025-12-21 17:22:46,069 [INFO] CodeEngine:289 - Generated code: D:\STM32\Lab\41-i2c-eeprom\MXTmpFiles\gpio.tmp
2025-12-21 17:22:46,344 [INFO] CodeEngine:265 - oldGeneratedFile, D:\STM32\Lab\41-i2c-eeprom\Core\Src\stm32l4xx_it.c_save
2025-12-21 17:22:46,619 [INFO] CodeEngine:289 - Generated code: D:\STM32\Lab\41-i2c-eeprom\Core\Src\stm32l4xx_it.c
2025-12-21 17:22:46,625 [INFO] CodeEngine:265 - oldGeneratedFile, D:\STM32\Lab\41-i2c-eeprom\Core\Inc\stm32l4xx_it.h_save
2025-12-21 17:22:46,718 [INFO] CodeEngine:289 - Generated code: D:\STM32\Lab\41-i2c-eeprom\Core\Inc\stm32l4xx_it.h
2025-12-21 17:22:46,739 [INFO] CodeEngine:265 - oldGeneratedFile, D:\STM32\Lab\41-i2c-eeprom\Core\Src\stm32l4xx_hal_msp.c_save
2025-12-21 17:22:46,904 [INFO] CodeEngine:289 - Generated code: D:\STM32\Lab\41-i2c-eeprom\Core\Src\stm32l4xx_hal_msp.c
2025-12-21 17:22:46,908 [INFO] CodeEngine:265 - oldGeneratedFile, D:\STM32\Lab\41-i2c-eeprom\MXTmpFiles\system.tmp_save
2025-12-21 17:22:46,993 [INFO] CodeEngine:289 - Generated code: D:\STM32\Lab\41-i2c-eeprom\MXTmpFiles\system.tmp
2025-12-21 17:22:47,004 [INFO] CodeEngine:321 - oldGeneratedFile, D:\STM32\Lab\41-i2c-eeprom\Core\Inc\stm32l4xx_hal_conf.h_save
2025-12-21 17:22:47,092 [INFO] CodeEngine:345 - Generated code: D:\STM32\Lab\41-i2c-eeprom\Core\Inc\stm32l4xx_hal_conf.h
2025-12-21 17:22:47,143 [INFO] CodeEngine:265 - oldGeneratedFile, D:\STM32\Lab\41-i2c-eeprom\Core\Inc\main.h_save
2025-12-21 17:22:47,256 [INFO] CodeEngine:289 - Generated code: D:\STM32\Lab\41-i2c-eeprom\Core\Inc\main.h
2025-12-21 17:22:47,262 [INFO] CodeEngine:265 - oldGeneratedFile, D:\STM32\Lab\41-i2c-eeprom\Core\Src\main.c_save
2025-12-21 17:22:47,403 [INFO] CodeEngine:289 - Generated code: D:\STM32\Lab\41-i2c-eeprom\Core\Src\main.c
2025-12-21 17:22:47,774 [INFO] ProjectBuilder:3606 - Time for Copy HAL[1] : 171mS.
2025-12-21 17:22:47,777 [INFO] ProjectBuilder:5216 - Project Generator version: 4.7.0-B52
2025-12-21 17:22:47,855 [INFO] ConfigFileManager:1595 - The Die is : DIE415
2025-12-21 17:22:48,561 [INFO] ProjectBuilder:5496 - Time for Generating toolchain IDE Files: 783mS.
2025-12-21 17:22:48,561 [INFO] ProjectBuilder:3463 - Time for Copy CMSIS : 0mS.
2025-12-21 17:22:48,563 [INFO] ProjectBuilder:3463 - Time for Copy CMSIS : 0mS.
2025-12-21 22:56:04,021 [INFO] Gpio:278 - dependency for GPIO [I2C1, USART2]
2025-12-21 22:56:05,375 [INFO] NvicIntPanel:101 - NVIC parent = com.st.microxplorer.plugins.ip.nvic.MultiNvicIntPanel[,2,27,603x376,layout=javax.swing.BoxLayout,alignmentX=0.0,alignmentY=0.0,border=,flags=9,maximumSize=,minimumSize=,preferredSize=]
2025-12-21 22:58:04,921 [INFO] Gpio:278 - dependency for GPIO [I2C1, USART2]
2025-12-21 22:58:08,981 [INFO] NvicIntPanel:101 - NVIC parent = com.st.microxplorer.plugins.ip.nvic.MultiNvicIntPanel[,2,27,603x481,layout=javax.swing.BoxLayout,alignmentX=0.0,alignmentY=0.0,border=,flags=9,maximumSize=,minimumSize=,preferredSize=]
2025-12-21 23:09:25,840 [INFO] I2cTimingTraitement:330 - 0x10D19CE4
2025-12-21 23:09:54,622 [INFO] NvicIntPanel:101 - NVIC parent = com.st.microxplorer.plugins.ip.nvic.MultiNvicIntPanel[,0,0,0x0,invalid,layout=javax.swing.BoxLayout,alignmentX=0.0,alignmentY=0.0,border=,flags=9,maximumSize=,minimumSize=,preferredSize=]
2025-12-21 23:09:54,687 [INFO] I2cTimingTraitement:330 - 0x10919CE8
2025-12-21 23:09:54,768 [INFO] NvicIntPanel:101 - NVIC parent = com.st.microxplorer.plugins.ip.nvic.MultiNvicIntPanel[,0,0,0x0,invalid,layout=javax.swing.BoxLayout,alignmentX=0.0,alignmentY=0.0,border=,flags=9,maximumSize=,minimumSize=,preferredSize=]
2025-12-21 23:09:57,839 [INFO] NvicIntPanel:101 - NVIC parent = com.st.microxplorer.plugins.ip.nvic.MultiNvicIntPanel[,0,0,0x0,invalid,layout=javax.swing.BoxLayout,alignmentX=0.0,alignmentY=0.0,border=,flags=9,maximumSize=,minimumSize=,preferredSize=]
2025-12-21 23:09:57,889 [INFO] I2cTimingTraitement:330 - 0x10909CEC
2025-12-21 23:09:57,956 [INFO] NvicIntPanel:101 - NVIC parent = com.st.microxplorer.plugins.ip.nvic.MultiNvicIntPanel[,0,0,0x0,invalid,layout=javax.swing.BoxLayout,alignmentX=0.0,alignmentY=0.0,border=,flags=9,maximumSize=,minimumSize=,preferredSize=]
2025-12-21 23:10:09,259 [INFO] UtilMem:75 - End SaveConfig() Used Memory: 831592200 Bytes (1073741824)
2025-12-21 23:10:12,587 [INFO] UtilMem:75 - End SaveConfig() Used Memory: 862471088 Bytes (1073741824)
2025-12-21 23:10:16,033 [INFO] UtilMem:75 - End SaveConfig() Used Memory: 911231920 Bytes (1073741824)
2025-12-21 23:10:16,640 [INFO] BlockDiagram:2775 - set Specific Code input for plugin: SYS
2025-12-21 23:10:16,640 [INFO] BlockDiagram:2775 - set Specific Code input for plugin: RCC
2025-12-21 23:10:16,640 [INFO] BlockDiagram:2775 - set Specific Code input for plugin: I2C
2025-12-21 23:10:16,640 [INFO] BlockDiagram:2775 - set Specific Code input for plugin: NVIC
2025-12-21 23:10:16,640 [INFO] BlockDiagram:2775 - set Specific Code input for plugin: USART
2025-12-21 23:10:16,641 [INFO] BlockDiagram:2775 - set Specific Code input for plugin: GPIO
2025-12-21 23:10:16,641 [INFO] CodeGenerator:892 - code generatio: config db path: C:\ST\STM32CubeIDE_1.19.0\STM32CubeIDE\plugins\com.st.stm32cube.common.mx_6.15.0.202507011659\\db\
2025-12-21 23:10:17,017 [INFO] CodeEngine:265 - oldGeneratedFile, D:\STM32\Lab\41-i2c-eeprom\MXTmpFiles\license.tmp_save
2025-12-21 23:10:17,277 [INFO] CodeEngine:289 - Generated code: D:\STM32\Lab\41-i2c-eeprom\MXTmpFiles\license.tmp
2025-12-21 23:10:17,320 [INFO] CodeEngine:265 - oldGeneratedFile, D:\STM32\Lab\41-i2c-eeprom\MXTmpFiles\gpio.tmp_save
2025-12-21 23:10:17,467 [INFO] CodeEngine:289 - Generated code: D:\STM32\Lab\41-i2c-eeprom\MXTmpFiles\gpio.tmp
2025-12-21 23:10:17,692 [INFO] CodeEngine:265 - oldGeneratedFile, D:\STM32\Lab\41-i2c-eeprom\Core\Src\stm32l4xx_it.c_save
2025-12-21 23:10:18,033 [INFO] CodeEngine:289 - Generated code: D:\STM32\Lab\41-i2c-eeprom\Core\Src\stm32l4xx_it.c
2025-12-21 23:10:18,041 [INFO] CodeEngine:265 - oldGeneratedFile, D:\STM32\Lab\41-i2c-eeprom\Core\Inc\stm32l4xx_it.h_save
2025-12-21 23:10:18,109 [INFO] CodeEngine:289 - Generated code: D:\STM32\Lab\41-i2c-eeprom\Core\Inc\stm32l4xx_it.h
2025-12-21 23:10:18,126 [INFO] CodeEngine:265 - oldGeneratedFile, D:\STM32\Lab\41-i2c-eeprom\Core\Src\stm32l4xx_hal_msp.c_save
2025-12-21 23:10:18,277 [INFO] CodeEngine:289 - Generated code: D:\STM32\Lab\41-i2c-eeprom\Core\Src\stm32l4xx_hal_msp.c
2025-12-21 23:10:18,289 [INFO] CodeEngine:265 - oldGeneratedFile, D:\STM32\Lab\41-i2c-eeprom\MXTmpFiles\system.tmp_save
2025-12-21 23:10:18,343 [INFO] CodeEngine:289 - Generated code: D:\STM32\Lab\41-i2c-eeprom\MXTmpFiles\system.tmp
2025-12-21 23:10:18,364 [INFO] CodeEngine:321 - oldGeneratedFile, D:\STM32\Lab\41-i2c-eeprom\Core\Inc\stm32l4xx_hal_conf.h_save
2025-12-21 23:10:18,443 [INFO] CodeEngine:345 - Generated code: D:\STM32\Lab\41-i2c-eeprom\Core\Inc\stm32l4xx_hal_conf.h
2025-12-21 23:10:18,472 [INFO] CodeEngine:265 - oldGeneratedFile, D:\STM32\Lab\41-i2c-eeprom\Core\Inc\main.h_save
2025-12-21 23:10:18,574 [INFO] CodeEngine:289 - Generated code: D:\STM32\Lab\41-i2c-eeprom\Core\Inc\main.h
2025-12-21 23:10:18,579 [INFO] CodeEngine:265 - oldGeneratedFile, D:\STM32\Lab\41-i2c-eeprom\Core\Src\main.c_save
2025-12-21 23:10:18,670 [INFO] CodeEngine:289 - Generated code: D:\STM32\Lab\41-i2c-eeprom\Core\Src\main.c
2025-12-21 23:10:19,050 [INFO] ProjectBuilder:3606 - Time for Copy HAL[1] : 193mS.
2025-12-21 23:10:19,052 [INFO] ProjectBuilder:5216 - Project Generator version: 4.7.0-B52
2025-12-21 23:10:19,130 [INFO] ConfigFileManager:1595 - The Die is : DIE415
2025-12-21 23:10:19,989 [INFO] ProjectBuilder:5496 - Time for Generating toolchain IDE Files: 937mS.
2025-12-21 23:10:19,989 [INFO] ProjectBuilder:3463 - Time for Copy CMSIS : 0mS.
2025-12-21 23:10:19,992 [INFO] ProjectBuilder:3463 - Time for Copy CMSIS : 0mS.
