2025-12-25 07:43:40,398 [INFO] Activator:176 - 


2025-12-25 07:43:40,402 [INFO] Activator:177 - !SESSION log4j initialized
2025-12-25 07:43:49,645 [INFO] LogOutputStream:77 - [STDOUT_REDIRECT] 
2025-12-25 07:44:07,818 [INFO] ApplicationProperties:184 - Using Application install path: C:\ST\STM32CubeIDE_1.19.0\STM32CubeIDE\plugins\com.st.stm32cube.common.mx_6.15.0.202507011659
2025-12-25 07:44:07,832 [INFO] DbMcusXml:78 - Set database path to: C:\ST\STM32CubeIDE_1.19.0\STM32CubeIDE\plugins\com.st.stm32cube.common.mx_6.15.0.202507011659\\db\/mcu/
2025-12-25 07:44:07,832 [INFO] ApiDb:274 - Set plugin database path to: C:\ST\STM32CubeIDE_1.19.0\STM32CubeIDE\plugins\com.st.stm32cube.common.mx_6.15.0.202507011659\\db\/plugins/boardmanager/
2025-12-25 07:44:07,832 [WARN] ApiDb:259 - Overriding images path with different value:  => C:\ST\STM32CubeIDE_1.19.0\STM32CubeIDE\plugins\com.st.stm32cube.common.mx_6.15.0.202507011659\\db\/plugins/mcufinder/images/
2025-12-25 07:44:07,847 [INFO] ApiDb:250 - Set database path to: C:\Users\user\.stmcufinder\plugins\mcufinder//mcu/
2025-12-25 07:44:07,847 [INFO] DbMcusAds:125 - Set database path to: C:\Users\user\.stmcufinder\plugins\mcufinder//mcu/
2025-12-25 07:44:07,853 [INFO] CrossReferenceDbSqlite:203 - Set database path to: C:\Users\user\.stmcufinder\plugins\mcufinder//mcu/cs/
2025-12-25 07:44:07,943 [INFO] RulesReader:64 - Compatibility file has been processed (317 Rules)
2025-12-25 07:44:08,053 [INFO] DbMcusXml:78 - Set database path to: C:\ST\STM32CubeIDE_1.19.0\STM32CubeIDE\plugins\com.st.stm32cube.common.mx_6.15.0.202507011659\\db\/mcu/
2025-12-25 07:44:08,053 [INFO] ApiDb:274 - Set plugin database path to: C:\ST\STM32CubeIDE_1.19.0\STM32CubeIDE\plugins\com.st.stm32cube.common.mx_6.15.0.202507011659\\db\/plugins/boardmanager/
2025-12-25 07:44:08,053 [INFO] ApiDb:261 - Set plugin images path to: C:\ST\STM32CubeIDE_1.19.0\STM32CubeIDE\plugins\com.st.stm32cube.common.mx_6.15.0.202507011659\\db\/plugins/mcufinder/images/
2025-12-25 07:44:08,053 [WARN] DbFile:41 - Overriding database path with different value: C:\Users\user\.stmcufinder\plugins\mcufinder/ => C:\Users\user\.stmcufinder\plugins\mcufinder
2025-12-25 07:44:08,053 [INFO] ApiDb:250 - Set database path to: C:\Users\user\.stmcufinder\plugins\mcufinder//mcu/
2025-12-25 07:44:08,053 [WARN] DbFile:41 - Overriding database path with different value: C:\Users\user\.stmcufinder\plugins\mcufinder/ => C:\Users\user\.stmcufinder\plugins\mcufinder
2025-12-25 07:44:08,053 [INFO] DbMcusAds:125 - Set database path to: C:\Users\user\.stmcufinder\plugins\mcufinder//mcu/
2025-12-25 07:44:08,053 [WARN] DbFile:41 - Overriding database path with different value: C:\Users\user\.stmcufinder\plugins\mcufinder/ => C:\Users\user\.stmcufinder\plugins\mcufinder
2025-12-25 07:44:08,053 [WARN] DbFile:41 - Overriding database path with different value: C:\Users\user\.stmcufinder\plugins\mcufinder/ => C:\Users\user\.stmcufinder\plugins\mcufinder
2025-12-25 07:44:08,053 [INFO] CrossReferenceDbSqlite:203 - Set database path to: C:\Users\user\.stmcufinder\plugins\mcufinder//mcu/cs/
2025-12-25 07:44:08,121 [INFO] MainPanel:274 - HeapMemory: 271581184
2025-12-25 07:44:08,227 [INFO] DbMcusXml:78 - Set database path to: C:\ST\STM32CubeIDE_1.19.0\STM32CubeIDE\plugins\com.st.stm32cube.common.mx_6.15.0.202507011659\\db\/mcu/
2025-12-25 07:44:08,227 [INFO] ApiDb:274 - Set plugin database path to: C:\ST\STM32CubeIDE_1.19.0\STM32CubeIDE\plugins\com.st.stm32cube.common.mx_6.15.0.202507011659\\db\/plugins/boardmanager/
2025-12-25 07:44:08,227 [INFO] ApiDb:261 - Set plugin images path to: C:\ST\STM32CubeIDE_1.19.0\STM32CubeIDE\plugins\com.st.stm32cube.common.mx_6.15.0.202507011659\\db\/plugins/mcufinder/images/
2025-12-25 07:44:08,227 [WARN] DbFile:41 - Overriding database path with different value: C:\Users\user\.stmcufinder\plugins\mcufinder/ => C:\Users\user\.stmcufinder\plugins\mcufinder
2025-12-25 07:44:08,227 [INFO] ApiDb:250 - Set database path to: C:\Users\user\.stmcufinder\plugins\mcufinder//mcu/
2025-12-25 07:44:08,227 [WARN] DbFile:41 - Overriding database path with different value: C:\Users\user\.stmcufinder\plugins\mcufinder/ => C:\Users\user\.stmcufinder\plugins\mcufinder
2025-12-25 07:44:08,227 [INFO] DbMcusAds:125 - Set database path to: C:\Users\user\.stmcufinder\plugins\mcufinder//mcu/
2025-12-25 07:44:08,227 [WARN] DbFile:41 - Overriding database path with different value: C:\Users\user\.stmcufinder\plugins\mcufinder/ => C:\Users\user\.stmcufinder\plugins\mcufinder
2025-12-25 07:44:08,227 [WARN] DbFile:41 - Overriding database path with different value: C:\Users\user\.stmcufinder\plugins\mcufinder/ => C:\Users\user\.stmcufinder\plugins\mcufinder
2025-12-25 07:44:08,227 [INFO] CrossReferenceDbSqlite:203 - Set database path to: C:\Users\user\.stmcufinder\plugins\mcufinder//mcu/cs/
2025-12-25 07:44:08,255 [INFO] ApplicationProperties:184 - Using Application install path: C:\ST\STM32CubeIDE_1.19.0\STM32CubeIDE\plugins\com.st.stm32cube.common.mx_6.15.0.202507011659
2025-12-25 07:44:08,255 [INFO] PluginManage:196 - Search for loadable plugins [exclusion list=, ]
2025-12-25 07:44:08,255 [INFO] PluginManage:310 - Check plugin analytics
2025-12-25 07:44:08,498 [INFO] AnalyticsPlugin:253 - Accepted Software Licenses: 
2025-12-25 07:44:08,498 [INFO] AnalyticsPlugin:255 - Accepted CMSIS Pack Licenses: 
2025-12-25 07:44:08,498 [INFO] AnalyticsPlugin:257 - Accepted Firmware Licenses: FW.L4.1.18.0
2025-12-25 07:44:08,498 [INFO] PluginManage:359 - Loaded plugin analytics (category:tool,tabindex:-1)
2025-12-25 07:44:08,498 [INFO] PluginManage:310 - Check plugin cadmodel
2025-12-25 07:44:08,511 [INFO] CADModel:105 - Init CAD model plugin
2025-12-25 07:44:08,511 [INFO] PluginManage:359 - Loaded plugin cadmodel (category:power,tabindex:5)
2025-12-25 07:44:08,511 [INFO] PluginManage:310 - Check plugin clock
2025-12-25 07:44:08,527 [INFO] PluginManage:359 - Loaded plugin clock (category:base,tabindex:2)
2025-12-25 07:44:08,527 [INFO] PluginManage:310 - Check plugin ddr
2025-12-25 07:44:08,527 [INFO] PluginManage:359 - Loaded plugin ddr (category:tool,tabindex:6)
2025-12-25 07:44:08,527 [INFO] PluginManage:310 - Check plugin filemanager
2025-12-25 07:44:08,685 [INFO] PluginManage:359 - Loaded plugin filemanager (category:base,tabindex:10)
2025-12-25 07:44:08,685 [INFO] PluginManage:310 - Check plugin ipmanager
2025-12-25 07:44:08,691 [INFO] PluginManage:359 - Loaded plugin ipmanager (category:base,tabindex:5)
2025-12-25 07:44:08,691 [INFO] PluginManage:310 - Check plugin lpbam
2025-12-25 07:44:08,695 [INFO] PluginManage:359 - Loaded plugin lpbam (category:base,tabindex:0)
2025-12-25 07:44:08,695 [INFO] PluginManage:310 - Check plugin memorymap
2025-12-25 07:44:08,712 [INFO] PluginManage:359 - Loaded plugin memorymap (category:base,tabindex:4)
2025-12-25 07:44:08,712 [INFO] PluginManage:310 - Check plugin pinoutandconfiguration
2025-12-25 07:44:08,722 [INFO] PluginManage:359 - Loaded plugin pinoutandconfiguration (category:base,tabindex:1)
2025-12-25 07:44:08,722 [INFO] PluginManage:310 - Check plugin pinoutconfig
2025-12-25 07:44:08,801 [WARN] SupportedApi:132 - Cannot load RTOS API schema: s4s-elt-must-match.1: The content of 'definitions' must match (annotation?, (simpleType | complexType)?, (unique | key | keyref)*)). A problem was found starting at: attribute.
2025-12-25 07:44:08,912 [INFO] PluginManage:359 - Loaded plugin pinoutconfig (category:base,tabindex:0)
2025-12-25 07:44:08,912 [INFO] PluginManage:310 - Check plugin power
2025-12-25 07:44:08,928 [INFO] PluginManage:359 - Loaded plugin power (category:power,tabindex:4)
2025-12-25 07:44:08,928 [INFO] PluginManage:310 - Check plugin projectmanager
2025-12-25 07:44:08,944 [INFO] PluginManage:359 - Loaded plugin projectmanager (category:projectmanager,tabindex:4)
2025-12-25 07:44:08,944 [INFO] PluginManage:310 - Check plugin rif
2025-12-25 07:44:08,960 [INFO] PluginManage:359 - Loaded plugin rif (category:base,tabindex:3)
2025-12-25 07:44:08,960 [INFO] PluginManage:310 - Check plugin thirdparty
2025-12-25 07:44:09,086 [WARN] IntegrityCheckThread:84 - waiting for thirdparty lock release [integrity check]
2025-12-25 07:44:09,086 [INFO] IntegrityCheckThread:86 - entering critical section [integrity check]
2025-12-25 07:44:09,086 [INFO] ThirdPartyUpdaterWithRetryManager:70 - Updater plugin not ready yet. [1/15]
2025-12-25 07:44:09,086 [INFO] PluginManage:359 - Loaded plugin thirdparty (category:base,tabindex:-1)
2025-12-25 07:44:09,086 [INFO] PluginManage:310 - Check plugin tools
2025-12-25 07:44:09,086 [INFO] PluginManage:359 - Loaded plugin tools (category:base,tabindex:7)
2025-12-25 07:44:09,086 [INFO] PluginManage:310 - Check plugin tutovideos
2025-12-25 07:44:09,276 [INFO] PluginManage:359 - Loaded plugin tutovideos (category:base,tabindex:-1)
2025-12-25 07:44:09,276 [INFO] PluginManage:310 - Check plugin updater
2025-12-25 07:44:09,299 [INFO] PluginManage:359 - Loaded plugin updater (category:base,tabindex:12)
2025-12-25 07:44:09,299 [INFO] PluginManage:310 - Check plugin userauth
2025-12-25 07:44:09,299 [INFO] UserAuth:118 - Init User Auth plugin
2025-12-25 07:44:09,299 [INFO] PluginManage:359 - Loaded plugin userauth (category:base,tabindex:14)
2025-12-25 07:44:09,299 [INFO] PluginManage:283 - PluginManage : Loaded plugins [18]
2025-12-25 07:44:09,478 [INFO] PinOutPanel:1589 - setPackage(No Configuration,No Configuration)
2025-12-25 07:44:09,556 [INFO] CADModel:165 - CPN selected for project level
2025-12-25 07:44:09,556 [INFO] CADModel:114 - Register for checkConnection events
2025-12-25 07:44:09,573 [INFO] IPUIPlugin:80 - create IPUIPlugin
2025-12-25 07:44:09,573 [INFO] PluginManager:220 - loadIPPluginJar : add adc
2025-12-25 07:44:09,573 [INFO] IPUIPlugin:80 - create IPUIPlugin
2025-12-25 07:44:09,573 [INFO] PluginManager:220 - loadIPPluginJar : add aes
2025-12-25 07:44:09,573 [INFO] IPUIPlugin:80 - create IPUIPlugin
2025-12-25 07:44:09,573 [INFO] PluginManager:220 - loadIPPluginJar : add can
2025-12-25 07:44:09,573 [INFO] IPUIPlugin:80 - create IPUIPlugin
2025-12-25 07:44:09,573 [INFO] PluginManager:220 - loadIPPluginJar : add comp
2025-12-25 07:44:09,585 [INFO] IPUIPlugin:80 - create IPUIPlugin
2025-12-25 07:44:09,585 [INFO] PluginManager:220 - loadIPPluginJar : add cryp
2025-12-25 07:44:09,589 [INFO] IPUIPlugin:80 - create IPUIPlugin
2025-12-25 07:44:09,589 [INFO] PluginManager:220 - loadIPPluginJar : add ddr_ctrl_phy
2025-12-25 07:44:09,591 [INFO] IPUIPlugin:80 - create IPUIPlugin
2025-12-25 07:44:09,591 [INFO] PluginManager:220 - loadIPPluginJar : add dfsdm
2025-12-25 07:44:09,595 [INFO] IPUIPlugin:80 - create IPUIPlugin
2025-12-25 07:44:09,595 [INFO] PluginManager:220 - loadIPPluginJar : add dma
2025-12-25 07:44:09,598 [INFO] IPUIPlugin:80 - create IPUIPlugin
2025-12-25 07:44:09,598 [INFO] PluginManager:220 - loadIPPluginJar : add dma3
2025-12-25 07:44:09,598 [INFO] IPUIPlugin:80 - create IPUIPlugin
2025-12-25 07:44:09,598 [INFO] PluginManager:220 - loadIPPluginJar : add extmemmanager
2025-12-25 07:44:09,603 [INFO] IPUIPlugin:80 - create IPUIPlugin
2025-12-25 07:44:09,603 [INFO] PluginManager:220 - loadIPPluginJar : add fatfs
2025-12-25 07:44:09,606 [INFO] IPUIPlugin:80 - create IPUIPlugin
2025-12-25 07:44:09,606 [INFO] PluginManager:220 - loadIPPluginJar : add fmc
2025-12-25 07:44:09,613 [INFO] IPUIPlugin:80 - create IPUIPlugin
2025-12-25 07:44:09,613 [INFO] PluginManager:220 - loadIPPluginJar : add freertos
2025-12-25 07:44:09,615 [INFO] IPUIPlugin:80 - create IPUIPlugin
2025-12-25 07:44:09,615 [INFO] PluginManager:220 - loadIPPluginJar : add genericplugin
2025-12-25 07:44:09,615 [INFO] IPUIPlugin:80 - create IPUIPlugin
2025-12-25 07:44:09,615 [INFO] PluginManager:220 - loadIPPluginJar : add gfxmmu
2025-12-25 07:44:09,623 [INFO] IPUIPlugin:80 - create IPUIPlugin
2025-12-25 07:44:09,623 [INFO] PluginManager:220 - loadIPPluginJar : add gic
2025-12-25 07:44:09,625 [INFO] IPUIPlugin:80 - create IPUIPlugin
2025-12-25 07:44:09,625 [INFO] PluginManager:220 - loadIPPluginJar : add gpio
2025-12-25 07:44:09,630 [INFO] IPUIPlugin:80 - create IPUIPlugin
2025-12-25 07:44:09,630 [INFO] PluginManager:220 - loadIPPluginJar : add gtzc
2025-12-25 07:44:09,633 [INFO] IPUIPlugin:80 - create IPUIPlugin
2025-12-25 07:44:09,633 [INFO] PluginManager:220 - loadIPPluginJar : add hash
2025-12-25 07:44:09,636 [INFO] IPUIPlugin:80 - create IPUIPlugin
2025-12-25 07:44:09,636 [INFO] PluginManager:220 - loadIPPluginJar : add i2c
2025-12-25 07:44:09,636 [INFO] IPUIPlugin:80 - create IPUIPlugin
2025-12-25 07:44:09,636 [INFO] PluginManager:220 - loadIPPluginJar : add i2s
2025-12-25 07:44:09,643 [INFO] IPUIPlugin:80 - create IPUIPlugin
2025-12-25 07:44:09,643 [INFO] PluginManager:220 - loadIPPluginJar : add i3c
2025-12-25 07:44:09,643 [INFO] IPUIPlugin:80 - create IPUIPlugin
2025-12-25 07:44:09,643 [INFO] PluginManager:220 - loadIPPluginJar : add ipddr
2025-12-25 07:44:09,652 [INFO] IPUIPlugin:80 - create IPUIPlugin
2025-12-25 07:44:09,652 [INFO] PluginManager:220 - loadIPPluginJar : add linkedlist
2025-12-25 07:44:09,652 [INFO] IPUIPlugin:80 - create IPUIPlugin
2025-12-25 07:44:09,652 [INFO] PluginManager:220 - loadIPPluginJar : add lorawan
2025-12-25 07:44:09,660 [INFO] IPUIPlugin:80 - create IPUIPlugin
2025-12-25 07:44:09,660 [INFO] PluginManager:220 - loadIPPluginJar : add ltdc
2025-12-25 07:44:09,662 [INFO] IPUIPlugin:80 - create IPUIPlugin
2025-12-25 07:44:09,662 [INFO] PluginManager:220 - loadIPPluginJar : add mdma
2025-12-25 07:44:09,668 [INFO] IPUIPlugin:80 - create IPUIPlugin
2025-12-25 07:44:09,668 [INFO] PluginManager:220 - loadIPPluginJar : add nvic
2025-12-25 07:44:09,668 [INFO] IPUIPlugin:80 - create IPUIPlugin
2025-12-25 07:44:09,668 [INFO] PluginManager:220 - loadIPPluginJar : add opamp
2025-12-25 07:44:09,668 [INFO] IPUIPlugin:80 - create IPUIPlugin
2025-12-25 07:44:09,668 [INFO] PluginManager:220 - loadIPPluginJar : add openamp
2025-12-25 07:44:09,676 [INFO] IPUIPlugin:80 - create IPUIPlugin
2025-12-25 07:44:09,676 [INFO] PluginManager:220 - loadIPPluginJar : add pdm2pcm
2025-12-25 07:44:09,684 [INFO] IPUIPlugin:80 - create IPUIPlugin
2025-12-25 07:44:09,685 [INFO] PluginManager:220 - loadIPPluginJar : add plateformsettings
2025-12-25 07:44:09,685 [INFO] IPUIPlugin:80 - create IPUIPlugin
2025-12-25 07:44:09,685 [INFO] PluginManager:220 - loadIPPluginJar : add quadspi
2025-12-25 07:44:09,685 [INFO] IPUIPlugin:80 - create IPUIPlugin
2025-12-25 07:44:09,685 [INFO] PluginManager:220 - loadIPPluginJar : add radio
2025-12-25 07:44:09,685 [INFO] IPUIPlugin:80 - create IPUIPlugin
2025-12-25 07:44:09,685 [INFO] PluginManager:220 - loadIPPluginJar : add resmgrutility
2025-12-25 07:44:09,685 [INFO] IPUIPlugin:80 - create IPUIPlugin
2025-12-25 07:44:09,685 [INFO] PluginManager:220 - loadIPPluginJar : add sai
2025-12-25 07:44:09,699 [INFO] IPUIPlugin:80 - create IPUIPlugin
2025-12-25 07:44:09,699 [INFO] PluginManager:220 - loadIPPluginJar : add spi
2025-12-25 07:44:09,699 [INFO] IPUIPlugin:80 - create IPUIPlugin
2025-12-25 07:44:09,699 [INFO] PluginManager:220 - loadIPPluginJar : add stm32_wpan
2025-12-25 07:44:09,699 [INFO] IPUIPlugin:80 - create IPUIPlugin
2025-12-25 07:44:09,699 [INFO] PluginManager:220 - loadIPPluginJar : add tim
2025-12-25 07:44:09,699 [INFO] IPUIPlugin:80 - create IPUIPlugin
2025-12-25 07:44:09,699 [INFO] PluginManager:220 - loadIPPluginJar : add touchsensing
2025-12-25 07:44:09,699 [INFO] IPUIPlugin:80 - create IPUIPlugin
2025-12-25 07:44:09,699 [INFO] PluginManager:220 - loadIPPluginJar : add tracer_emb
2025-12-25 07:44:09,716 [INFO] IPUIPlugin:80 - create IPUIPlugin
2025-12-25 07:44:09,716 [INFO] PluginManager:220 - loadIPPluginJar : add ts
2025-12-25 07:44:09,716 [INFO] IPUIPlugin:80 - create IPUIPlugin
2025-12-25 07:44:09,716 [INFO] PluginManager:220 - loadIPPluginJar : add tsc
2025-12-25 07:44:09,716 [INFO] IPUIPlugin:80 - create IPUIPlugin
2025-12-25 07:44:09,716 [INFO] PluginManager:220 - loadIPPluginJar : add ucpd
2025-12-25 07:44:09,716 [INFO] IPUIPlugin:80 - create IPUIPlugin
2025-12-25 07:44:09,716 [INFO] PluginManager:220 - loadIPPluginJar : add usart
2025-12-25 07:44:09,716 [INFO] IPUIPlugin:80 - create IPUIPlugin
2025-12-25 07:44:09,716 [INFO] PluginManager:220 - loadIPPluginJar : add usbx
2025-12-25 07:44:09,848 [FATAL] Updater:351 - Updater called before beeing initialized
2025-12-25 07:44:09,860 [INFO] RulesReader:64 - Compatibility file has been processed (317 Rules)
2025-12-25 07:44:09,876 [INFO] RulesReader:64 - Compatibility file has been processed (317 Rules)
2025-12-25 07:44:09,892 [INFO] CADModel:165 - CPN selected for project level
2025-12-25 07:44:09,892 [INFO] CADModel:114 - Register for checkConnection events
2025-12-25 07:44:09,892 [FATAL] Updater:351 - Updater called before beeing initialized
2025-12-25 07:44:09,892 [ERROR] CADModel:125 - Updater not yet initialized, retry later 
2025-12-25 07:44:10,041 [FATAL] Updater:351 - Updater called before beeing initialized
2025-12-25 07:44:10,045 [INFO] CADModel:165 - CPN selected for project level
2025-12-25 07:44:10,045 [INFO] CADModel:114 - Register for checkConnection events
2025-12-25 07:44:10,045 [FATAL] Updater:351 - Updater called before beeing initialized
2025-12-25 07:44:10,045 [ERROR] CADModel:125 - Updater not yet initialized, retry later 
2025-12-25 07:44:10,045 [FATAL] Updater:351 - Updater called before beeing initialized
2025-12-25 07:44:10,140 [FATAL] Updater:351 - Updater called before beeing initialized
2025-12-25 07:44:10,155 [INFO] DbMcusAds:53 - JSON generation date=Tue Dec 16 07:11:46 CST 2025 (1765840306612)
2025-12-25 07:44:10,155 [FATAL] Updater:351 - Updater called before beeing initialized
2025-12-25 07:44:10,204 [WARN] DetailPanel:346 - Failed to get advertising image, set to default
2025-12-25 07:44:10,283 [FATAL] Updater:351 - Updater called before beeing initialized
2025-12-25 07:44:10,285 [FATAL] Updater:351 - Updater called before beeing initialized
2025-12-25 07:44:10,285 [FATAL] Updater:351 - Updater called before beeing initialized
2025-12-25 07:44:10,285 [WARN] DetailPanel:346 - Failed to get advertising image, set to default
2025-12-25 07:44:10,285 [FATAL] Updater:351 - Updater called before beeing initialized
2025-12-25 07:44:10,332 [ERROR] Updater:1198 - MainUpdater not yet initialized. External WinMGr cannot be set.
2025-12-25 07:44:10,334 [INFO] Updater:1134 - Updater Version found : 6.15.0
2025-12-25 07:44:10,346 [INFO] ApplicationProperties:184 - Using Application install path: C:\ST\STM32CubeIDE_1.19.0\STM32CubeIDE\plugins\com.st.stm32cube.common.mx_6.15.0.202507011659
2025-12-25 07:44:11,979 [ERROR] LogOutputStream:75 - [STDERR_REDIRECT] Dec 25, 2025 7:44:11 AM java.util.prefs.WindowsPreferences <init>
2025-12-25 07:44:11,985 [ERROR] LogOutputStream:75 - [STDERR_REDIRECT] WARNING: Could not open/create prefs root node Software\JavaSoft\Prefs at root 0xffffffff80000002. Windows RegCreateKeyEx(...) returned error code 5.
2025-12-25 07:44:11,985 [ERROR] LogOutputStream:75 - [STDERR_REDIRECT] 
2025-12-25 07:44:12,101 [INFO] ThirdPartyUpdaterWithRetryManager:70 - Updater plugin not ready yet. [2/15]
2025-12-25 07:44:12,291 [INFO] MainUpdater:2872 - connection check result : 10
2025-12-25 07:44:12,291 [INFO] MainUpdater:289 - Updater Check For Update Now.
2025-12-25 07:44:12,291 [INFO] MicroXplorer:498 - Change Database Version : DB.6.0.150
2025-12-25 07:44:12,299 [INFO] McuFinderGlobals:63 - Set McuFinder mode to 2 (CubeIDE integrated)
2025-12-25 07:44:12,299 [INFO] UserAuth:487 - Internet connection configuration mode: 1
2025-12-25 07:44:12,340 [INFO] JxBrowserEngine:152 - Initiate JxBrowser Engine with user profile folder
2025-12-25 07:44:12,496 [INFO] CheckServerUpdateThread:120 - End of CheckServer Thread
2025-12-25 07:44:14,466 [INFO] WebApp:169 - Instantiating new browser for Auth
2025-12-25 07:44:15,461 [WARN] PackLoader:240 - Cannot read IP mode file for STMicroelectronics.FP-SNS-MOTENVWB1.1.4.0
2025-12-25 07:44:15,479 [WARN] PackLoader:240 - Cannot read IP mode file for STMicroelectronics.FP-ATR-ASTRA1.2.0.2
2025-12-25 07:44:15,515 [WARN] PackLoader:240 - Cannot read IP mode file for STMicroelectronics.X-CUBE-SMBUS.2.1.0
2025-12-25 07:44:15,531 [WARN] PackLoader:240 - Cannot read IP mode file for STMicroelectronics.X-CUBE-ST60.1.0.0
2025-12-25 07:44:15,567 [WARN] PackLoader:240 - Cannot read IP mode file for STMicroelectronics.X-CUBE-AZRTOS-F7.1.1.0
2025-12-25 07:44:15,582 [WARN] PackLoader:240 - Cannot read IP mode file for STMicroelectronics.FP-SNS-MOTENV1.5.1.0
2025-12-25 07:44:15,598 [INFO] WebApp:463 - Apply proxy settings
2025-12-25 07:44:15,598 [INFO] WebApp:548 - Chromium requires no authentication
2025-12-25 07:44:15,612 [WARN] PackLoader:240 - Cannot read IP mode file for WES.I-CUBE-Cesium.1.4.0
2025-12-25 07:44:15,651 [WARN] PackLoader:240 - Cannot read IP mode file for Infineon.AIROC-Wi-Fi-Bluetooth-STM32.1.7.1
2025-12-25 07:44:15,683 [INFO] WebApp:491 - Direct internet connection detected
2025-12-25 07:44:15,698 [WARN] PackLoader:240 - Cannot read IP mode file for STMicroelectronics.X-CUBE-AZRTOS-H7.3.4.0
2025-12-25 07:44:15,719 [WARN] PackLoader:240 - Cannot read IP mode file for STMicroelectronics.X-CUBE-DISPLAY.3.0.0
2025-12-25 07:44:15,746 [WARN] PackLoader:240 - Cannot read IP mode file for STMicroelectronics.X-CUBE-NFC10.1.0.0
2025-12-25 07:44:15,774 [WARN] PackLoader:240 - Cannot read IP mode file for STMicroelectronics.X-CUBE-ST60.1.1.0
2025-12-25 07:44:15,787 [WARN] PackLoader:240 - Cannot read IP mode file for emotas.I-CUBE-CANOPEN.1.3.0
2025-12-25 07:44:15,789 [WARN] PackLoader:240 - Cannot read IP mode file for STMicroelectronics.X-CUBE-GNSS1.7.1.0
2025-12-25 07:44:15,810 [WARN] PackLoader:240 - Cannot read IP mode file for STMicroelectronics.FP-SNS-STBOX1.2.1.0
2025-12-25 07:44:15,820 [WARN] PackLoader:240 - Cannot read IP mode file for STMicroelectronics.FP-SNS-SMARTAG2.1.2.0
2025-12-25 07:44:15,820 [WARN] PackLoader:240 - Cannot read IP mode file for STMicroelectronics.FP-SNS-FLIGHT1.5.1.0
2025-12-25 07:44:15,877 [INFO] LogOutputStream:77 - [STDOUT_REDIRECT] 1 : Invalid condition id : UX_CORESTACK_Condition cause : null
2025-12-25 07:44:15,879 [INFO] LogOutputStream:77 - [STDOUT_REDIRECT] 1 : Invalid condition id : UX_CORESTACK_Condition cause : null
2025-12-25 07:44:15,881 [INFO] LogOutputStream:77 - [STDOUT_REDIRECT] 1 : Invalid condition id : UX_CORESTACK_Condition cause : null
2025-12-25 07:44:15,884 [INFO] LogOutputStream:77 - [STDOUT_REDIRECT] 1 : Invalid condition id : UX_CORESTACK_Condition cause : null
2025-12-25 07:44:15,885 [INFO] LogOutputStream:77 - [STDOUT_REDIRECT] 1 : Invalid condition id : UX_CORESTACK_Condition cause : null
2025-12-25 07:44:15,889 [WARN] PackLoader:240 - Cannot read IP mode file for STMicroelectronics.X-CUBE-AZRTOS-WL.2.0.0
2025-12-25 07:44:15,897 [WARN] PackLoader:240 - Cannot read IP mode file for STMicroelectronics.FP-SNS-MOTENV1.5.0.0
2025-12-25 07:44:15,931 [WARN] PackLoader:240 - Cannot read IP mode file for STMicroelectronics.X-CUBE-AZRTOS-H7RS.1.2.0
2025-12-25 07:44:15,945 [WARN] PackLoader:240 - Cannot read IP mode file for STMicroelectronics.X-CUBE-BLE2.3.3.0
2025-12-25 07:44:15,948 [INFO] WebApp:191 - Connection restablished
2025-12-25 07:44:15,952 [INFO] WebApp:900 - Register for checkConnection events
2025-12-25 07:44:15,952 [INFO] WebApp:463 - Apply proxy settings
2025-12-25 07:44:15,953 [INFO] WebApp:548 - Chromium requires no authentication
2025-12-25 07:44:15,978 [WARN] PackLoader:240 - Cannot read IP mode file for STMicroelectronics.X-CUBE-NFC9.1.0.0
2025-12-25 07:44:15,987 [WARN] PackLoader:240 - Cannot read IP mode file for wolfSSL.I-CUBE-wolfSSL.5.8.2
2025-12-25 07:44:15,992 [WARN] PackLoader:240 - Cannot read IP mode file for STMicroelectronics.X-CUBE-BLE1.7.1.0
2025-12-25 07:44:15,996 [WARN] PackLoader:240 - Cannot read IP mode file for wolfSSL.I-CUBE-wolfMQTT.1.19.2
2025-12-25 07:44:16,003 [WARN] PackLoader:240 - Cannot read IP mode file for STMicroelectronics.X-CUBE-FREERTOS.1.4.0
2025-12-25 07:44:16,009 [WARN] PackLoader:240 - Cannot read IP mode file for STMicroelectronics.X-CUBE-EEPRMA1.5.2.0
2025-12-25 07:44:16,014 [INFO] WebApp:491 - Direct internet connection detected
2025-12-25 07:44:16,019 [WARN] PackLoader:240 - Cannot read IP mode file for STMicroelectronics.X-CUBE-ST67W61.1.1.0
2025-12-25 07:44:16,070 [WARN] PackLoader:240 - Cannot read IP mode file for STMicroelectronics.X-CUBE-MEMS1.12.0.0
2025-12-25 07:44:16,185 [WARN] PackLoader:240 - Cannot read IP mode file for STMicroelectronics.X-CUBE-AZRTOS-G0.1.1.0
2025-12-25 07:44:16,195 [WARN] PackLoader:240 - Cannot read IP mode file for STMicroelectronics.X-CUBE-SAFEA1.1.2.2
2025-12-25 07:44:16,202 [WARN] PackLoader:240 - Cannot read IP mode file for STMicroelectronics.X-CUBE-NFC4.3.0.0
2025-12-25 07:44:16,213 [WARN] PackLoader:240 - Cannot read IP mode file for EmbeddedOffice.I-CUBE-FS-RTOS.1.0.1
2025-12-25 07:44:16,220 [WARN] PackLoader:240 - Cannot read IP mode file for STMicroelectronics.X-CUBE-WB05N.2.0.0
2025-12-25 07:44:16,229 [WARN] PackLoader:240 - Cannot read IP mode file for wolfSSL.I-CUBE-wolfTPM.3.8.0
2025-12-25 07:44:16,236 [WARN] PackLoader:240 - Cannot read IP mode file for STMicroelectronics.X-CUBE-TCPP.4.2.0
2025-12-25 07:44:16,245 [WARN] PackLoader:240 - Cannot read IP mode file for RealThread.X-CUBE-RT-Thread_Nano.4.1.1
2025-12-25 07:44:16,250 [WARN] PackLoader:240 - Cannot read IP mode file for STMicroelectronics.FP-ATR-SIGFOX1.3.2.0
2025-12-25 07:44:16,257 [WARN] PackLoader:240 - Cannot read IP mode file for ITTIA_DB.I-CUBE-ITTIADB.8.9.0
2025-12-25 07:44:16,269 [WARN] PackLoader:240 - Cannot read IP mode file for STMicroelectronics.X-CUBE-ST67W61.1.0.0
2025-12-25 07:44:16,269 [WARN] PackLoader:240 - Cannot read IP mode file for STMicroelectronics.X-CUBE-AI.10.2.0
2025-12-25 07:44:16,285 [WARN] PackLoader:240 - Cannot read IP mode file for SEGGER.I-CUBE-embOS.1.3.1
2025-12-25 07:44:16,335 [WARN] PackLoader:240 - Cannot read IP mode file for STMicroelectronics.X-CUBE-ALGOBUILD.1.4.0
2025-12-25 07:44:16,369 [WARN] PackLoader:240 - Cannot read IP mode file for STMicroelectronics.X-CUBE-MEMS1.11.3.0
2025-12-25 07:44:16,540 [WARN] PackLoader:240 - Cannot read IP mode file for STMicroelectronics.X-CUBE-PM33A1.1.0.0
2025-12-25 07:44:16,558 [WARN] PackLoader:240 - Cannot read IP mode file for STMicroelectronics.X-CUBE-AZRTOS-F4.1.1.0
2025-12-25 07:44:16,565 [WARN] PackLoader:240 - Cannot read IP mode file for Avnet-IotConnect.X-CUBE-IoTC-DA16k-PMOD.1.0.0
2025-12-25 07:44:16,569 [WARN] PackLoader:240 - Cannot read IP mode file for STMicroelectronics.X-CUBE-ISPU.2.1.0
2025-12-25 07:44:16,583 [WARN] PackLoader:240 - Cannot read IP mode file for STMicroelectronics.X-CUBE-IPS.3.2.0
2025-12-25 07:44:16,635 [WARN] PackLoader:240 - Cannot read IP mode file for STMicroelectronics.X-CUBE-NFC12.1.0.0
2025-12-25 07:44:16,655 [WARN] PackLoader:240 - Cannot read IP mode file for STMicroelectronics.X-CUBE-AZRTOS-L5.2.0.0
2025-12-25 07:44:16,686 [WARN] PackLoader:240 - Cannot read IP mode file for STMicroelectronics.X-CUBE-NFC6.3.1.0
2025-12-25 07:44:16,703 [WARN] PackLoader:240 - Cannot read IP mode file for STMicroelectronics.X-CUBE-FREERTOS.1.3.1
2025-12-25 07:44:16,718 [WARN] PackLoader:240 - Cannot read IP mode file for STMicroelectronics.X-CUBE-TOUCHGFX.4.26.0
2025-12-25 07:44:16,724 [WARN] PackLoader:240 - Cannot read IP mode file for STMicroelectronics.FP-SNS-STAIOTCFT.1.0.0
2025-12-25 07:44:16,729 [WARN] PackLoader:240 - Cannot read IP mode file for STMicroelectronics.X-CUBE-DPower.1.3.0
2025-12-25 07:44:16,736 [WARN] ConditionMgr:438 - getConditionDescription Invalid condition id : LAN8742 Phy interface Condition cause : null
2025-12-25 07:44:16,736 [WARN] PackLoader:240 - Cannot read IP mode file for STMicroelectronics.X-CUBE-AZRTOS-L4.2.0.0
2025-12-25 07:44:16,736 [WARN] ConditionMgr:1044 - genDependencies : Invalid condition id : LAN8742 Phy interface Condition cause : null
2025-12-25 07:44:16,736 [WARN] ConditionMgr:1044 - genDependencies : Invalid condition id : LAN8742 Phy interface Condition cause : null
2025-12-25 07:44:16,736 [WARN] ConditionMgr:1044 - genDependencies : Invalid condition id : LAN8742 Phy interface Condition cause : null
2025-12-25 07:44:16,753 [WARN] PackLoader:240 - Cannot read IP mode file for STMicroelectronics.X-CUBE-SFXS2LP1.4.0.0
2025-12-25 07:44:16,753 [WARN] PackLoader:240 - Cannot read IP mode file for STMicroelectronics.X-CUBE-BLEMGR.4.1.0
2025-12-25 07:44:16,791 [WARN] ConditionMgr:438 - getConditionDescription Invalid condition id : UX DEVICE CLASS RTOS Condition cause : null
2025-12-25 07:44:16,791 [WARN] ConditionMgr:438 - getConditionDescription Invalid condition id : UX DEVICE CLASS RTOS Condition cause : null
2025-12-25 07:44:16,791 [WARN] PackLoader:240 - Cannot read IP mode file for STMicroelectronics.X-CUBE-AZRTOS-WB.2.0.0
2025-12-25 07:44:16,791 [WARN] ConditionMgr:1044 - genDependencies : Invalid condition id : UX DEVICE CLASS RTOS Condition cause : null
2025-12-25 07:44:16,791 [WARN] ConditionMgr:1044 - genDependencies : Invalid condition id : UX DEVICE CLASS RTOS Condition cause : null
2025-12-25 07:44:16,791 [WARN] ConditionMgr:1044 - genDependencies : Invalid condition id : UX DEVICE CLASS RTOS Condition cause : null
2025-12-25 07:44:16,791 [WARN] ConditionMgr:1044 - genDependencies : Invalid condition id : UX DEVICE CLASS RTOS Condition cause : null
2025-12-25 07:44:16,791 [WARN] ConditionMgr:1044 - genDependencies : Invalid condition id : UX DEVICE CLASS RTOS Condition cause : null
2025-12-25 07:44:16,803 [WARN] PackLoader:240 - Cannot read IP mode file for STMicroelectronics.X-CUBE-GNSS1.7.0.1
2025-12-25 07:44:16,803 [WARN] PackLoader:240 - Cannot read IP mode file for STMicroelectronics.X-CUBE-TOUCHGFX.4.25.0
2025-12-25 07:44:16,803 [WARN] ConditionMgr:438 - getConditionDescription Invalid condition id : Cortex-A Device cause : null
2025-12-25 07:44:16,819 [WARN] ConditionMgr:1044 - genDependencies : Invalid condition id : Cortex-A Device cause : null
2025-12-25 07:44:16,819 [WARN] ConditionMgr:1044 - genDependencies : Invalid condition id : Cortex-A Device cause : null
2025-12-25 07:44:16,819 [WARN] ConditionMgr:1044 - genDependencies : Invalid condition id : Cortex-A Device cause : null
2025-12-25 07:44:16,819 [WARN] PackLoader:240 - Cannot read IP mode file for STMicroelectronics.X-CUBE-SUBG2.5.0.0
2025-12-25 07:44:16,836 [WARN] PackLoader:240 - Cannot read IP mode file for STMicroelectronics.X-CUBE-AZRTOS-H7RS.1.1.0
2025-12-25 07:44:16,853 [WARN] PackLoader:240 - Cannot read IP mode file for Cesanta.I-CUBE-Mongoose.7.13.0
2025-12-25 07:44:16,853 [WARN] PackLoader:240 - Cannot read IP mode file for STMicroelectronics.X-CUBE-AZRTOS-G4.2.0.0
2025-12-25 07:44:16,869 [WARN] PackLoader:240 - Cannot read IP mode file for wolfSSL.I-CUBE-wolfSSH.1.4.20
2025-12-25 07:44:16,876 [WARN] PackLoader:240 - Cannot read IP mode file for STMicroelectronics.X-CUBE-NFC7.2.0.0
2025-12-25 07:44:16,888 [WARN] PackLoader:240 - Cannot read IP mode file for STMicroelectronics.X-CUBE-IPS.3.1.0
2025-12-25 07:44:16,898 [WARN] PackLoader:240 - Cannot read IP mode file for STMicroelectronics.X-CUBE-ALS.1.0.2
2025-12-25 07:44:16,903 [WARN] PackLoader:240 - Cannot read IP mode file for STMicroelectronics.X-CUBE-STSE01.1.0.0
2025-12-25 07:44:16,918 [WARN] PackLoader:240 - Cannot read IP mode file for STMicroelectronics.X-CUBE-TOF1.3.4.3
2025-12-25 07:44:16,930 [INFO] ThirdParty:978 - Integrity check success = true
2025-12-25 07:44:16,930 [INFO] IntegrityCheckThread:100 - exiting critical section [integrity check]
2025-12-25 07:44:16,930 [INFO] IntegrityCheckThread:103 - End integrity checks thread
2025-12-25 07:44:17,354 [INFO] WebApp:225 - Starting web application
2025-12-25 07:44:17,354 [INFO] WebApp:593 - Web application path used C:\ST\STM32CubeIDE_1.19.0\STM32CubeIDE\plugins\com.st.stm32cube.common.mx_6.15.0.202507011659\db\plugins\mcufinder\reactClient1\index.html
2025-12-25 07:44:17,458 [INFO] UserAuth:487 - Internet connection configuration mode: 1
2025-12-25 10:53:24,988 [INFO] McuFinderGlobals:63 - Set McuFinder mode to 2 (CubeIDE integrated)
2025-12-25 10:53:24,995 [INFO] MainUpdater:2872 - connection check result : 10
2025-12-25 10:53:24,997 [INFO] MainUpdater:2872 - connection check result : 10
2025-12-25 10:53:25,044 [INFO] MicroXplorer:468 - Change Database Path : 
2025-12-25 10:53:25,045 [INFO] MicroXplorer:498 - Change Database Version : DB.6.0.150
2025-12-25 10:53:25,051 [WARN] ThirdParty:871 - waiting for thirdparty lock release [close project]
2025-12-25 10:53:25,052 [INFO] ThirdParty:873 - entering critical section [close project]
2025-12-25 10:53:25,054 [INFO] ThirdParty:883 - exiting critical section [close project]
2025-12-25 10:53:25,058 [INFO] PinOutPanel:1589 - setPackage(No Configuration,No Configuration)
2025-12-25 10:53:25,060 [INFO] UtilMem:75 - Begin LoadConfig() Used Memory: 651104232 Bytes (1073741824)
2025-12-25 10:53:25,062 [INFO] MicroXplorer:468 - Change Database Path : 
2025-12-25 10:53:25,062 [INFO] MicroXplorer:498 - Change Database Version : DB.6.0.150
2025-12-25 10:53:25,062 [INFO] OpenFileManager:355 - Change cursor
2025-12-25 10:53:25,107 [INFO] Mcu:2029 - Initializing MCU STM32L476R(C-E-G)Tx STM32L476RGTx STM32L476RGT3
2025-12-25 10:53:27,281 [INFO] Context:786 - Trying to add GPIOservice into a context  which must be forbidden
2025-12-25 10:53:27,824 [INFO] ImportTextPane:234 - (OptionalMessage_ERROR) Pin7 (VP_RIF_VS_RIF1) cannot be retrieved for this MCU
2025-12-25 10:53:28,031 [INFO] RtosManager:558 - Registered RTOS mode: class=CMSIS, group=RTOS, mode=CMSIS_V1, owner=FREERTOS
2025-12-25 10:53:28,031 [INFO] RtosManager:558 - Registered RTOS mode: class=CMSIS, group=RTOS2, mode=CMSIS_V2, owner=FREERTOS
2025-12-25 10:53:28,031 [INFO] RtosManager:558 - Registered RTOS mode: class=RTOS, group=Core, mode=CMSIS_V1, owner=FREERTOS
2025-12-25 10:53:28,031 [INFO] RtosManager:558 - Registered RTOS mode: class=RTOS, group=Core, mode=CMSIS_V2, owner=FREERTOS
2025-12-25 10:53:28,031 [WARN] ModelIntegratedComponent:184 - Missing modes for component STMicroelectronics:FreeRTOS:0.0.1:STMicroelectronics:RTOS:FreeRTOS:Core:::10.2.0:
2025-12-25 10:53:28,052 [WARN] ModelIntegratedComponent:63 - No mode defined for component null
2025-12-25 10:53:28,052 [WARN] ModelIntegratedComponent:63 - No mode defined for component null
2025-12-25 10:53:28,052 [WARN] ModelIntegratedComponent:63 - No mode defined for component null
2025-12-25 10:53:28,052 [WARN] ModelIntegratedComponent:63 - No mode defined for component null
2025-12-25 10:53:28,052 [WARN] ModelIntegratedComponent:63 - No mode defined for component null
2025-12-25 10:53:28,052 [WARN] ModelIntegratedComponent:63 - No mode defined for component null
2025-12-25 10:53:28,052 [WARN] ModelIntegratedComponent:63 - No mode defined for component null
2025-12-25 10:53:28,052 [WARN] ModelIntegratedComponent:63 - No mode defined for component null
2025-12-25 10:53:28,052 [WARN] ModelIntegratedComponent:63 - No mode defined for component null
2025-12-25 10:53:28,052 [WARN] ModelIntegratedComponent:63 - No mode defined for component null
2025-12-25 10:53:28,052 [WARN] ModelIntegratedComponent:63 - No mode defined for component null
2025-12-25 10:53:28,052 [WARN] ModelIntegratedComponent:63 - No mode defined for component null
2025-12-25 10:53:28,052 [WARN] ModelIntegratedComponent:63 - No mode defined for component null
2025-12-25 10:53:28,053 [WARN] ModelIntegratedComponent:63 - No mode defined for component null
2025-12-25 10:53:28,053 [WARN] ModelIntegratedComponent:63 - No mode defined for component null
2025-12-25 10:53:28,053 [WARN] ModelIntegratedComponent:63 - No mode defined for component null
2025-12-25 10:53:28,053 [WARN] ModelIntegratedComponent:63 - No mode defined for component null
2025-12-25 10:53:28,053 [WARN] ModelIntegratedComponent:63 - No mode defined for component null
2025-12-25 10:53:28,053 [WARN] ModelIntegratedComponent:63 - No mode defined for component null
2025-12-25 10:53:28,053 [WARN] ModelIntegratedComponent:63 - No mode defined for component null
2025-12-25 10:53:28,053 [WARN] ModelIntegratedComponent:63 - No mode defined for component null
2025-12-25 10:53:28,053 [WARN] ModelIntegratedComponent:63 - No mode defined for component null
2025-12-25 10:53:28,053 [WARN] ModelIntegratedComponent:63 - No mode defined for component null
2025-12-25 10:53:28,053 [WARN] ModelIntegratedComponent:63 - No mode defined for component null
2025-12-25 10:53:28,053 [WARN] ModelIntegratedComponent:63 - No mode defined for component null
2025-12-25 10:53:28,053 [WARN] ModelIntegratedComponent:63 - No mode defined for component null
2025-12-25 10:53:28,053 [WARN] ModelIntegratedComponent:63 - No mode defined for component null
2025-12-25 10:53:28,053 [WARN] ModelIntegratedComponent:63 - No mode defined for component null
2025-12-25 10:53:28,053 [WARN] ModelIntegratedComponent:63 - No mode defined for component null
2025-12-25 10:53:28,054 [WARN] ModelIntegratedComponent:63 - No mode defined for component null
2025-12-25 10:53:28,054 [WARN] ModelIntegratedComponent:63 - No mode defined for component null
2025-12-25 10:53:28,054 [WARN] ModelIntegratedComponent:63 - No mode defined for component null
2025-12-25 10:53:28,054 [WARN] ModelIntegratedComponent:63 - No mode defined for component null
2025-12-25 10:53:28,054 [WARN] ModelIntegratedComponent:63 - No mode defined for component null
2025-12-25 10:53:28,054 [WARN] ModelIntegratedComponent:63 - No mode defined for component null
2025-12-25 10:53:28,054 [WARN] ModelPack:524 - Component already loaded: STMicroelectronics:HAL Drivers:0.0.0:STMicroelectronics:Device:STMicro_Driver:XSPI:HAL::0.0.1:HAL_XSPI
2025-12-25 10:53:28,149 [INFO] ThirdPartyModel:298 - Start build external matchings
2025-12-25 10:53:28,754 [INFO] ThirdPartyModel:316 - End build external matchings
2025-12-25 10:53:29,159 [INFO] ApiDb:581 - Connected to CubeFinder SQLite database (C:\Users\user\.stmcufinder\plugins\mcufinder\mcu\cube-finder-db.db)
2025-12-25 10:53:29,269 [INFO] ApiDb:668 - CubeFinder database Data Model version=2.1
2025-12-25 10:53:29,269 [INFO] ApiDb:669 - CubeFinder database Configuration version=3.0.39
2025-12-25 10:53:29,270 [INFO] ApiDb:670 - CubeFinder database generation date=2025-11-05 (1762334721)
2025-12-25 10:53:29,270 [INFO] ApiDb:671 - CubeFinder database FW Pack versions=[FP-ATR-ASTRA1_V2.0.0, FP-SNS-FLIGHT1_V5.1.0, FP-SNS-MOTENV1_V5.1.0, FP-SNS-MOTENVWB1_V1.4.0, FP-SNS-SMARTAG2_V1.2.0, FP-SNS-STBOX1_V2.1.0, STM32Cube_FW_C0_V1.4.0, STM32Cube_FW_F4_V1.28.3, STM32Cube_FW_F7_V1.17.4, STM32Cube_FW_G0_V1.6.2, STM32Cube_FW_G4_V1.6.1, STM32Cube_FW_H5_V1.5.1, STM32Cube_FW_H7RS_V1.3.0, STM32Cube_FW_H7_V1.12.1, STM32Cube_FW_L0_V1.12.2, STM32Cube_FW_L4_V1.18.1, STM32Cube_FW_L5_V1.6.0, STM32Cube_FW_N6_V1.3.0, STM32Cube_FW_U0_V1.3.0, STM32Cube_FW_U3_V1.2.1, STM32Cube_FW_U5_V1.8.0, STM32Cube_FW_WB0_V1.4.0, STM32Cube_FW_WBA_V1.8.0, STM32Cube_FW_WB_V1.24.0, STM32Cube_FW_WL3_V1.3.0, STM32Cube_FW_WL_V1.4.0, X-CUBE-ALGOBUILD_V1.4.0, X-CUBE-ALS_V1.0.2, X-CUBE-AZRTOS-F4_V1.1.0, X-CUBE-AZRTOS-F7_V1.1.0, X-CUBE-AZRTOS-G0_V1.1.0, X-CUBE-AZRTOS-G4_V2.0.0, X-CUBE-AZRTOS-H7RS_V1.1.0, X-CUBE-AZRTOS-H7_V3.4.0, X-CUBE-AZRTOS-L4_V2.0.0, X-CUBE-AZRTOS-L5_V2.0.0, X-CUBE-AZRTOS-WB_V2.0.0, X-CUBE-AZRTOS-WL_V2.0.0, X-CUBE-BLE1_V7.1.0, X-CUBE-BLE2_V3.3.0, X-CUBE-BLEMGR_V4.1.0, X-CUBE-EEPRMA1_V5.2.0, X-CUBE-FREERTOS_V1.3.1, X-CUBE-GNSS1_V6.0.0, X-CUBE-MEMS1_V11.3.0, X-CUBE-NFC4_V3.0.0, X-CUBE-NFC7_V2.0.0, X-CUBE-SFXS2LP1_V4.0.0, X-CUBE-ST67W61_V1.1.0, X-CUBE-SUBG2_V5.0.0, X-CUBE-TOF1_V3.4.3]
2025-12-25 10:53:29,422 [INFO] DbBoardsSqlite:226 - include board P-NUCLEO-WB55-NUCLEO as a kit item of type 'Nucleo-64'
2025-12-25 10:53:29,422 [INFO] DbBoardsSqlite:226 - include board P-NUCLEO-WB55-USBDONGLE as a kit item of type 'Nucleo USB Dongle'
2025-12-25 10:53:29,424 [INFO] DbBoardsSqlite:226 - include board STEVAL-IDP005V1 as a kit item of type 'Evaluation Board'
2025-12-25 10:53:29,424 [INFO] DbBoardsSqlite:226 - include board STEVAL-IDP005V2 as a kit item of type 'Evaluation Board'
2025-12-25 10:53:30,413 [INFO] ApiDb:240 - Found 880 in-development CPN: [B-G473E-ZEST1S, B-WB1M-WPAN1, B-WBA5M-WPAN, B-WL5M-SUBG1, NUCLEO-C031C6, NUCLEO-C051C8, NUCLEO-C071RB, NUCLEO-C092RC, NUCLEO-H503RB, NUCLEO-H533RE, NUCLEO-H563ZI, NUCLEO-H7S3L8, NUCLEO-N657X0-Q, NUCLEO-U031R8, NUCLEO-U083RC, NUCLEO-U385RG-Q, NUCLEO-U545RE-Q, NUCLEO-U5A5ZJ-Q, NUCLEO-WB05KZ, NUCLEO-WB07CC, NUCLEO-WB09KE, NUCLEO-WBA52CG, NUCLEO-WBA55CG, NUCLEO-WL33CC1, NUCLEO-WL33CC2, STEVAL-PROTEUS1, STEVAL-SMARTAG2, STEVAL-STWINBX1, STM320518-EVAL, STM32C0116-DK, STM32C011D6Y3TR, STM32C011D6Y6TR, STM32C011F4P3, STM32C011F4P6, STM32C011F4U3, STM32C011F4U6TR, STM32C011F6P3, STM32C011F6P6, STM32C011F6U3, STM32C011F6U6TR, STM32C011J4M3, STM32C011J4M6, STM32C011J6M3, STM32C011J6M6, STM32C0316-DK, STM32C031C4T3, STM32C031C4T6, STM32C031C4U3, STM32C031C4U6, STM32C031C6T3, STM32C031C6T6, STM32C031C6U3, STM32C031C6U6, STM32C031F4P3, STM32C031F4P6, STM32C031F6P3, STM32C031F6P6, STM32C031G4U3, STM32C031G4U6, STM32C031G6U3, STM32C031G6U6, STM32C031K4T3, STM32C031K4T6, STM32C031K4U3, STM32C031K4U6, STM32C031K6T3, STM32C031K6T6, STM32C031K6U3, STM32C031K6U6, STM32C051C6T6, STM32C051C6U6, STM32C051C8T6, STM32C051C8U6, STM32C051D8Y6TR, STM32C051F6P6, STM32C051F8P6, STM32C051G6U6, STM32C051G8U6, STM32C051K6T6, STM32C051K6U6, STM32C051K8T6, STM32C071C8T6, STM32C071C8T6N, STM32C071C8U6, STM32C071C8U6N, STM32C071CBT6, STM32C071CBT6N, STM32C071CBU6, STM32C071CBU6N, STM32C071F8P6, STM32C071F8P6N, STM32C071FBP6, STM32C071FBP6N, STM32C071FBY6TR, STM32C071G8U6, STM32C071G8U6N, STM32C071GBU6, STM32C071GBU6N, STM32C071K8T6, STM32C071K8T6N, STM32C071K8U6, STM32C071K8U6N, STM32C071KBT6, STM32C071KBT6N, STM32C071KBU6, STM32C071KBU6N, STM32C071R8T6, STM32C071R8T6N, STM32C071RBI6N, STM32C071RBT6, STM32C071RBT6N, STM32C091CBT6, STM32C091CBU6, STM32C091CCT6, STM32C091CCU6, STM32C091ECY6TR, STM32C091FBP6, STM32C091FCP6, STM32C091GBU6, STM32C091GCU6, STM32C091KBT6, STM32C091KBU6, STM32C091KCT6, STM32C091KCU6, STM32C091RBT6, STM32C091RCI6, STM32C091RCT6, STM32C092CBT6, STM32C092CBU6, STM32C092CCT6, STM32C092CCU6, STM32C092ECY6TR, STM32C092FBP6, STM32C092FCP6, STM32C092GBU6, STM32C092GCU6, STM32C092KBT6, STM32C092KBU6, STM32C092KCT6, STM32C092KCU6, STM32C092RBT6, STM32C092RCI6, STM32C092RCT6, STM32G071K8TXN, STM32G071K8UXN, STM32G081GBU6N, STM32G081KBT6N, STM32G081KBUXN, STM32G0B1CCT6N, STM32G0B1KCT6, STM32G0B1NEY6TR, STM32G0B1RCT6N, STM32G0C1CCT6, STM32G0C1CCT6N, STM32G0C1CCU6N, STM32G0C1CET6N, STM32G0C1CEU6N, STM32G0C1KCT6, STM32G0C1NEY6TR, STM32G0C1RCI6N, STM32G0C1RCT6N, STM32G0C1REI6N, STM32G0C1RET6N, STM32G0C1VCI6, STM32G0C1VEI6, STM32G411C6T3, STM32G411C6T6, STM32G411C6U3, STM32G411C6U6, STM32G411C8T3, STM32G411C8T6, STM32G411C8U3, STM32G411C8U6, STM32G411CBT3, STM32G411CBT6, STM32G411CBU3, STM32G411CBU6, STM32G411K6T3, STM32G411K6T6, STM32G411K6U3, STM32G411K6U6, STM32G411K8T3, STM32G411K8T6, STM32G411K8U3, STM32G411K8U6, STM32G411KBT3, STM32G411KBT6, STM32G411KBU3, STM32G411KBU6, STM32G411M6T3, STM32G411M6T6, STM32G411M8T3, STM32G411M8T6, STM32G411MBT3, STM32G411MBT6, STM32G411R6T3, STM32G411R6T6, STM32G411R8T3, STM32G411R8T6, STM32G411RBT3, STM32G411RBT6, STM32G414CBT3, STM32G414CBT6, STM32G414CBU3, STM32G414CBU6, STM32G414CCT3, STM32G414CCT6, STM32G414CCU3, STM32G414CCU6, STM32G414MBT3, STM32G414MBT6, STM32G414MCT3, STM32G414MCT6, STM32G414RBT3, STM32G414RBT6, STM32G414RCT3, STM32G414RCT6, STM32G414VBT3, STM32G414VBT6, STM32G414VCT3, STM32G414VCT6, STM32G431CBT3Z, STM32G431RBT3Z, STM32G471CCT6, STM32G471CCU6, STM32G471CET3, STM32G471CET6, STM32G471CEU3, STM32G471CEU6, STM32G471MCT6, STM32G471MET3, STM32G471MET6, STM32G471MEY6TR, STM32G471QCT6, STM32G471QET3, STM32G471RCT6, STM32G471RET3, STM32G471RET6, STM32G471VCH6, STM32G471VCI6, STM32G471VCT6, STM32G471VEH3, STM32G471VEH6, STM32G471VEI3, STM32G471VEI6, STM32G471VET3, STM32G471VET6, STM32G473QET3Z, STM32G473RET3Z, STM32G474CCT6, STM32G491RET3Z, STM32H503CBT6, STM32H503CBU6, STM32H503EBY6TR, STM32H503KBU6, STM32H503RBT6, STM32H523CCT6, STM32H523CCU6, STM32H523CET6, STM32H523CEU6, STM32H523HEY6TR, STM32H523RCT6, STM32H523RET6, STM32H523VCI6, STM32H523VCT6, STM32H523VEI6, STM32H523VET6, STM32H523ZCJ6, STM32H523ZCT6, STM32H523ZEJ6, STM32H523ZET6, STM32H533CET6, STM32H533CEU6, STM32H533HEY6TR, STM32H533RET6, STM32H533VEI6, STM32H533VET6, STM32H533ZEJ6, STM32H533ZET6, STM32H562AGI6, STM32H562AII6, STM32H562IGK6, STM32H562IGT6, STM32H562IIK6, STM32H562IIT6, STM32H562RGT6, STM32H562RGV6, STM32H562RIT6, STM32H562RIV6, STM32H562VGT6, STM32H562VIT6, STM32H562ZGT6, STM32H562ZIT6, STM32H563AGI6, STM32H563AII3Q, STM32H563AII6, STM32H563IGK6, STM32H563IGT6, STM32H563IIK3Q, STM32H563IIK6, STM32H563IIT3Q, STM32H563IIT6, STM32H563MIY3QTR, STM32H563RGT6, STM32H563RGV6, STM32H563RIT6, STM32H563RIV6, STM32H563VGT6, STM32H563VIT3Q, STM32H563VIT6, STM32H563ZGT6, STM32H563ZIT3Q, STM32H563ZIT6, STM32H573AII3Q, STM32H573AII6, STM32H573I-DK, STM32H573IIK3Q, STM32H573IIK6, STM32H573IIT3Q, STM32H573IIT6, STM32H573MIY3QTR, STM32H573RIT6, STM32H573RIV6, STM32H573VIT3Q, STM32H573VIT6, STM32H573ZIT3Q, STM32H573ZIT6, STM32H7R3A8I6, STM32H7R3I8K6, STM32H7R3I8T6, STM32H7R3L8H6, STM32H7R3L8H6H, STM32H7R3R8V6, STM32H7R3V8H6, STM32H7R3V8T6, STM32H7R3V8Y6TR, STM32H7R3Z8J6, STM32H7R3Z8T6, STM32H7R7A8I6, STM32H7R7I8K6, STM32H7R7I8T6, STM32H7R7L8H6, STM32H7R7L8H6H, STM32H7R7Z8J6, STM32H7S3A8I6, STM32H7S3I8K6, STM32H7S3I8T6, STM32H7S3L8H6, STM32H7S3L8H6H, STM32H7S3R8V6, STM32H7S3V8H6, STM32H7S3V8T6, STM32H7S3V8Y6TR, STM32H7S3Z8J6, STM32H7S3Z8T6, STM32H7S78-DK, STM32H7S7A8I6, STM32H7S7I8K6, STM32H7S7I8T6, STM32H7S7L8H6, STM32H7S7L8H6H, STM32H7S7Z8J6, STM32L4R5QGI6STR, STM32MP131AAE3, STM32MP131AAF3, STM32MP131AAG3, STM32MP131CAE3, STM32MP131CAF3, STM32MP131CAG3, STM32MP131DAE7, STM32MP131DAF7, STM32MP131DAG7, STM32MP131FAE7, STM32MP131FAF7, STM32MP131FAG7, STM32MP133AAE3, STM32MP133AAF3, STM32MP133AAG3, STM32MP133CAE3, STM32MP133CAF3, STM32MP133CAG3, STM32MP133DAE7, STM32MP133DAF7, STM32MP133DAG7, STM32MP133FAE7, STM32MP133FAF7, STM32MP133FAG7, STM32MP135AAE3, STM32MP135AAF3, STM32MP135AAG3, STM32MP135CAE3, STM32MP135CAF3, STM32MP135CAG3, STM32MP135DAE7, STM32MP135DAF7, STM32MP135DAG7, STM32MP135F-DK, STM32MP135FAE7, STM32MP135FAF7, STM32MP135FAF7T, STM32MP135FAF7U, STM32MP135FAG7, STM32MP211AAL3, STM32MP211AAM3, STM32MP211AAN3, STM32MP211AAO3, STM32MP211CAL3, STM32MP211CAM3, STM32MP211CAN3, STM32MP211CAO3, STM32MP211DAL3, STM32MP211DAM3, STM32MP211DAN3, STM32MP211DAO3, STM32MP211FAL3, STM32MP211FAM3, STM32MP211FAN3, STM32MP211FAO3, STM32MP213AAL3, STM32MP213AAM3, STM32MP213AAN3, STM32MP213AAO3, STM32MP213CAL3, STM32MP213CAM3, STM32MP213CAN3, STM32MP213CAO3, STM32MP213DAL3, STM32MP213DAM3, STM32MP213DAN3, STM32MP213DAO3, STM32MP213FAL3, STM32MP213FAM3, STM32MP213FAN3, STM32MP213FAO3, STM32MP215AAL3, STM32MP215AAM3, STM32MP215AAN3, STM32MP215AAO3, STM32MP215CAL3, STM32MP215CAM3, STM32MP215CAN3, STM32MP215CAO3, STM32MP215DAL3, STM32MP215DAM3, STM32MP215DAN3, STM32MP215DAO3, STM32MP215F-DK, STM32MP215FAL3, STM32MP215FAM3, STM32MP215FAN3, STM32MP215FAO3, STM32MP231AAJ3, STM32MP231AAK3, STM32MP231AAL3, STM32MP231CAJ3, STM32MP231CAK3, STM32MP231CAL3, STM32MP231DAJ3, STM32MP231DAK3, STM32MP231DAL3, STM32MP231FAJ3, STM32MP231FAK3, STM32MP231FAL3, STM32MP233AAJ3, STM32MP233AAK3, STM32MP233AAL3, STM32MP233CAJ3, STM32MP233CAK3, STM32MP233CAL3, STM32MP233DAJ3, STM32MP233DAK3, STM32MP233DAL3, STM32MP233FAJ3, STM32MP233FAK3, STM32MP233FAL3, STM32MP235AAJ3, STM32MP235AAK3, STM32MP235AAL3, STM32MP235CAJ3, STM32MP235CAK3, STM32MP235CAL3, STM32MP235DAJ3, STM32MP235DAK3, STM32MP235DAL3, STM32MP235FAJ3, STM32MP235FAK3, STM32MP235FAL3, STM32MP251AAI3, STM32MP251AAK3, STM32MP251AAL3, STM32MP251CAI3, STM32MP251CAK3, STM32MP251CAL3, STM32MP251DAI3, STM32MP251DAK3, STM32MP251DAL3, STM32MP251FAI3, STM32MP251FAK3, STM32MP251FAL3, STM32MP253AAI3, STM32MP253AAK3, STM32MP253AAL3, STM32MP253CAI3, STM32MP253CAK3, STM32MP253CAL3, STM32MP253DAI3, STM32MP253DAK3, STM32MP253DAL3, STM32MP253FAI3, STM32MP253FAK3, STM32MP253FAL3, STM32MP255AAI3, STM32MP255AAK3, STM32MP255AAL3, STM32MP255CAI3, STM32MP255CAK3, STM32MP255CAL3, STM32MP255DAI3, STM32MP255DAK3, STM32MP255DAL3, STM32MP255FAI3, STM32MP255FAK3, STM32MP255FAL3, STM32MP257AAI3, STM32MP257AAK3, STM32MP257AAL3, STM32MP257CAI3, STM32MP257CAK3, STM32MP257CAL3, STM32MP257DAI3, STM32MP257DAK3, STM32MP257DAL3, STM32MP257F-DK, STM32MP257F-EV1, STM32MP257FAI3, STM32MP257FAK3, STM32MP257FAL3, STM32N645A0H3Q, STM32N645B0H3Q, STM32N645I0H3Q, STM32N645L0H3Q, STM32N645X0H3Q, STM32N645Z0H3Q, STM32N647A0H3Q, STM32N647B0H3Q, STM32N647I0H3Q, STM32N647L0H3Q, STM32N647X0H3Q, STM32N647Z0H3Q, STM32N655A0H3Q, STM32N655B0H3Q, STM32N655I0H3Q, STM32N655L0H3Q, STM32N655X0H3Q, STM32N655Z0H3Q, STM32N6570-DK, STM32N657A0H3Q, STM32N657B0H3Q, STM32N657I0H3Q, STM32N657L0H3Q, STM32N657X0H3Q, STM32N657Z0H3Q, STM32U031C6T6, STM32U031C6U6, STM32U031C8T6, STM32U031C8U6, STM32U031F4P6, STM32U031F6P6, STM32U031F8P6, STM32U031G6Y6TR, STM32U031G8Y6TR, STM32U031K4U6, STM32U031K6U6, STM32U031K8U6, STM32U031R6I6, STM32U031R6T6, STM32U031R8I6, STM32U031R8T6, STM32U073C8T6, STM32U073C8U6, STM32U073CBT6, STM32U073CBU6, STM32U073CCT6, STM32U073CCU6, STM32U073H8Y6TR, STM32U073HBY6TR, STM32U073HCY6TR, STM32U073K8U6, STM32U073KBU6, STM32U073KCU6, STM32U073M8I6, STM32U073M8T6, STM32U073MBI6, STM32U073MBT6, STM32U073MCI6, STM32U073MCT6, STM32U073R8I6, STM32U073R8T6, STM32U073RBI6, STM32U073RBT6, STM32U073RCI6, STM32U073RCT6, STM32U083C-DK, STM32U083CCT6, STM32U083CCU6, STM32U083HCY6TR, STM32U083KCU6, STM32U083MCI6, STM32U083MCT6, STM32U083RCI6, STM32U083RCT6, STM32U375CET6, STM32U375CET6Q, STM32U375CEU6, STM32U375CEU6Q, STM32U375CEY6QTR, STM32U375CGT6, STM32U375CGT6Q, STM32U375CGU6, STM32U375CGU6Q, STM32U375CGY6QTR, STM32U375KEU6, STM32U375KGU6, STM32U375REI6, STM32U375REI6Q, STM32U375RET6, STM32U375RET6Q, STM32U375REY6GTR, STM32U375REY6QTR, STM32U375RGI6, STM32U375RGI6Q, STM32U375RGT6, STM32U375RGT6Q, STM32U375RGY6GTR, STM32U375RGY6QTR, STM32U375VEI6, STM32U375VEI6Q, STM32U375VET6, STM32U375VET6Q, STM32U375VGI6, STM32U375VGI6Q, STM32U375VGT6, STM32U375VGT6Q, STM32U385CGT6, STM32U385CGT6Q, STM32U385CGU6, STM32U385CGU6Q, STM32U385CGY6QTR, STM32U385KGU6, STM32U385RGI6, STM32U385RGI6Q, STM32U385RGT6, STM32U385RGT6Q, STM32U385RGY6GTR, STM32U385RGY6QTR, STM32U385VGI6, STM32U385VGI6Q, STM32U385VGT6, STM32U385VGT6Q, STM32U535CBT6, STM32U535CBT6Q, STM32U535CBU6, STM32U535CBU6Q, STM32U535CCT6, STM32U535CCT6Q, STM32U535CCU6, STM32U535CCU6Q, STM32U535CET6, STM32U535CET6Q, STM32U535CEU6, STM32U535CEU6Q, STM32U535JEY6QTR, STM32U535NCY6QTR, STM32U535NEY6QTR, STM32U535RBI6, STM32U535RBI6Q, STM32U535RBT6, STM32U535RBT6Q, STM32U535RCI6, STM32U535RCI6Q, STM32U535RCT6, STM32U535RCT6Q, STM32U535REI6, STM32U535REI6Q, STM32U535RET6, STM32U535RET6Q, STM32U535VCI6, STM32U535VCI6Q, STM32U535VCT6, STM32U535VCT6Q, STM32U535VEI6, STM32U535VEI6Q, STM32U535VET6, STM32U535VET6Q, STM32U545CET6, STM32U545CET6Q, STM32U545CEU6, STM32U545CEU6Q, STM32U545JEY6QTR, STM32U545NEY6QTR, STM32U545REI6, STM32U545REI6Q, STM32U545RET6, STM32U545RET6Q, STM32U545VEI6, STM32U545VEI6Q, STM32U545VET6, STM32U545VET6Q, STM32U595AIH6, STM32U595AIH6Q, STM32U595AJH6, STM32U595AJH6Q, STM32U595QII6, STM32U595QII6Q, STM32U595QJI6, STM32U595QJI6Q, STM32U595RIT6, STM32U595RIT6Q, STM32U595RJT6, STM32U595RJT6Q, STM32U595VIT6, STM32U595VIT6Q, STM32U595VJT6, STM32U595VJT6Q, STM32U595ZIT6, STM32U595ZIT6Q, STM32U595ZIY6QTR, STM32U595ZJT6, STM32U595ZJT6Q, STM32U595ZJY6QTR, STM32U599BJY6QTR, STM32U599NIH6Q, STM32U599NJH6Q, STM32U599VIT6Q, STM32U599VJT6, STM32U599VJT6Q, STM32U599ZIT6Q, STM32U599ZIY6QTR, STM32U599ZJT6Q, STM32U599ZJY6QTR, STM32U5A5AJH6, STM32U5A5AJH6Q, STM32U5A5QII3Q , STM32U5A5QJI6, STM32U5A5QJI6Q, STM32U5A5RJT6, STM32U5A5RJT6Q, STM32U5A5VJT6, STM32U5A5VJT6Q, STM32U5A5ZJT6, STM32U5A5ZJT6Q, STM32U5A5ZJY6QTR, STM32U5A9BJY6QTR, STM32U5A9J-DK, STM32U5A9NJH6Q, STM32U5A9VJT6Q, STM32U5A9ZJT6Q, STM32U5A9ZJY6QTR, STM32U5F7VIT6, STM32U5F7VIT6Q, STM32U5F7VJT6, STM32U5F7VJT6Q, STM32U5F9BJY6QTR, STM32U5F9NJH6Q, STM32U5F9VIT6Q, STM32U5F9VJT6Q, STM32U5F9ZIJ6QTR, STM32U5F9ZIT6Q, STM32U5F9ZJJ6QTR, STM32U5F9ZJT6Q, STM32U5G7VJT6, STM32U5G7VJT6Q, STM32U5G9BJY6QTR, STM32U5G9J-DK1, STM32U5G9J-DK2, STM32U5G9NJH6Q, STM32U5G9VJT6Q, STM32U5G9ZJJ6QTR, STM32U5G9ZJT6Q, STM32WB05KZV6TR, STM32WB05KZV7TR, STM32WB05TZF6TR, STM32WB05TZF7TR, STM32WB06CCF6TR, STM32WB06CCF7TR, STM32WB06CCV6TR, STM32WB06CCV7TR, STM32WB06KCV6TR, STM32WB06KCV7TR, STM32WB07CCF6TR, STM32WB07CCF7TR, STM32WB07CCV6TR, STM32WB07CCV7TR, STM32WB07KCV6TR, STM32WB07KCV7TR, STM32WB09KEV6TR, STM32WB09KEV7TR, STM32WB09TEF6TR, STM32WB09TEF7TR, STM32WB1MMCH6, STM32WBA50KGU6, STM32WBA50KGU6TR, STM32WBA52CEU6, STM32WBA52CEU6TR, STM32WBA52CEU7, STM32WBA52CEU7TR, STM32WBA52CGU6, STM32WBA52CGU6TR, STM32WBA52CGU6U, STM32WBA52CGU7, STM32WBA52CGU7TR, STM32WBA52KEU6, STM32WBA52KEU6TR, STM32WBA52KGU6, STM32WBA52KGU6TR, STM32WBA54CEU6, STM32WBA54CEU6TR, STM32WBA54CEU7, STM32WBA54CEU7TR, STM32WBA54CGU6, STM32WBA54CGU6TR, STM32WBA54CGU7, STM32WBA54CGU7TR, STM32WBA54KEU6, STM32WBA54KEU6TR, STM32WBA54KEU7, STM32WBA54KEU7TR, STM32WBA54KGU6, STM32WBA54KGU6TR, STM32WBA54KGU7, STM32WBA54KGU7TR, STM32WBA55CEU6, STM32WBA55CEU6TR, STM32WBA55CEU7, STM32WBA55CEU7TR, STM32WBA55CGU6, STM32WBA55CGU6TR, STM32WBA55CGU6U, STM32WBA55CGU7, STM32WBA55CGU7TR, STM32WBA55G-DK1, STM32WBA55HEF6, STM32WBA55HEF7, STM32WBA55HGF6, STM32WBA55HGF7, STM32WBA55UEI6, STM32WBA55UEI6TR, STM32WBA55UEI7, STM32WBA55UEI7TR, STM32WBA55UGI6, STM32WBA55UGI6TR, STM32WBA55UGI7, STM32WBA55UGI7TR, STM32WBA5MMGH6TR, STM32WBA62MGF6, STM32WBA62MIF6, STM32WBA65MGF7, STM32WBA65MIF6, STM32WBA65MIF7, STM32WL30K8V6, STM32WL30KBV6, STM32WL31C8V6, STM32WL31CBV6, STM32WL31K8V6, STM32WL31KBV6, STM32WL33C8V6, STM32WL33C8V6X, STM32WL33CBV6, STM32WL33CBV6X, STM32WL33CCV6, STM32WL33CCV6A, STM32WL33CCV6X, STM32WL33K8V7, STM32WL33K8V7X, STM32WL33KBV7 , STM32WL33KBV7X, STM32WL33KCV7, STM32WL33KCV7X, STM32WL5MOCH6, STM32WL5MOCH6TR]
2025-12-25 10:53:30,416 [INFO] ApiDb:668 - CubeFinder database Data Model version=2.1
2025-12-25 10:53:30,416 [INFO] ApiDb:669 - CubeFinder database Configuration version=3.0.39
2025-12-25 10:53:30,416 [INFO] ApiDb:670 - CubeFinder database generation date=2025-11-05 (1762334721)
2025-12-25 10:53:30,416 [INFO] ApiDb:671 - CubeFinder database FW Pack versions=[FP-ATR-ASTRA1_V2.0.0, FP-SNS-FLIGHT1_V5.1.0, FP-SNS-MOTENV1_V5.1.0, FP-SNS-MOTENVWB1_V1.4.0, FP-SNS-SMARTAG2_V1.2.0, FP-SNS-STBOX1_V2.1.0, STM32Cube_FW_C0_V1.4.0, STM32Cube_FW_F4_V1.28.3, STM32Cube_FW_F7_V1.17.4, STM32Cube_FW_G0_V1.6.2, STM32Cube_FW_G4_V1.6.1, STM32Cube_FW_H5_V1.5.1, STM32Cube_FW_H7RS_V1.3.0, STM32Cube_FW_H7_V1.12.1, STM32Cube_FW_L0_V1.12.2, STM32Cube_FW_L4_V1.18.1, STM32Cube_FW_L5_V1.6.0, STM32Cube_FW_N6_V1.3.0, STM32Cube_FW_U0_V1.3.0, STM32Cube_FW_U3_V1.2.1, STM32Cube_FW_U5_V1.8.0, STM32Cube_FW_WB0_V1.4.0, STM32Cube_FW_WBA_V1.8.0, STM32Cube_FW_WB_V1.24.0, STM32Cube_FW_WL3_V1.3.0, STM32Cube_FW_WL_V1.4.0, X-CUBE-ALGOBUILD_V1.4.0, X-CUBE-ALS_V1.0.2, X-CUBE-AZRTOS-F4_V1.1.0, X-CUBE-AZRTOS-F7_V1.1.0, X-CUBE-AZRTOS-G0_V1.1.0, X-CUBE-AZRTOS-G4_V2.0.0, X-CUBE-AZRTOS-H7RS_V1.1.0, X-CUBE-AZRTOS-H7_V3.4.0, X-CUBE-AZRTOS-L4_V2.0.0, X-CUBE-AZRTOS-L5_V2.0.0, X-CUBE-AZRTOS-WB_V2.0.0, X-CUBE-AZRTOS-WL_V2.0.0, X-CUBE-BLE1_V7.1.0, X-CUBE-BLE2_V3.3.0, X-CUBE-BLEMGR_V4.1.0, X-CUBE-EEPRMA1_V5.2.0, X-CUBE-FREERTOS_V1.3.1, X-CUBE-GNSS1_V6.0.0, X-CUBE-MEMS1_V11.3.0, X-CUBE-NFC4_V3.0.0, X-CUBE-NFC7_V2.0.0, X-CUBE-SFXS2LP1_V4.0.0, X-CUBE-ST67W61_V1.1.0, X-CUBE-SUBG2_V5.0.0, X-CUBE-TOF1_V3.4.3]
2025-12-25 10:53:32,225 [INFO] ApiDb:240 - Found 880 in-development CPN: [B-G473E-ZEST1S, B-WB1M-WPAN1, B-WBA5M-WPAN, B-WL5M-SUBG1, NUCLEO-C031C6, NUCLEO-C051C8, NUCLEO-C071RB, NUCLEO-C092RC, NUCLEO-H503RB, NUCLEO-H533RE, NUCLEO-H563ZI, NUCLEO-H7S3L8, NUCLEO-N657X0-Q, NUCLEO-U031R8, NUCLEO-U083RC, NUCLEO-U385RG-Q, NUCLEO-U545RE-Q, NUCLEO-U5A5ZJ-Q, NUCLEO-WB05KZ, NUCLEO-WB07CC, NUCLEO-WB09KE, NUCLEO-WBA52CG, NUCLEO-WBA55CG, NUCLEO-WL33CC1, NUCLEO-WL33CC2, STEVAL-PROTEUS1, STEVAL-SMARTAG2, STEVAL-STWINBX1, STM320518-EVAL, STM32C0116-DK, STM32C011D6Y3TR, STM32C011D6Y6TR, STM32C011F4P3, STM32C011F4P6, STM32C011F4U3, STM32C011F4U6TR, STM32C011F6P3, STM32C011F6P6, STM32C011F6U3, STM32C011F6U6TR, STM32C011J4M3, STM32C011J4M6, STM32C011J6M3, STM32C011J6M6, STM32C0316-DK, STM32C031C4T3, STM32C031C4T6, STM32C031C4U3, STM32C031C4U6, STM32C031C6T3, STM32C031C6T6, STM32C031C6U3, STM32C031C6U6, STM32C031F4P3, STM32C031F4P6, STM32C031F6P3, STM32C031F6P6, STM32C031G4U3, STM32C031G4U6, STM32C031G6U3, STM32C031G6U6, STM32C031K4T3, STM32C031K4T6, STM32C031K4U3, STM32C031K4U6, STM32C031K6T3, STM32C031K6T6, STM32C031K6U3, STM32C031K6U6, STM32C051C6T6, STM32C051C6U6, STM32C051C8T6, STM32C051C8U6, STM32C051D8Y6TR, STM32C051F6P6, STM32C051F8P6, STM32C051G6U6, STM32C051G8U6, STM32C051K6T6, STM32C051K6U6, STM32C051K8T6, STM32C071C8T6, STM32C071C8T6N, STM32C071C8U6, STM32C071C8U6N, STM32C071CBT6, STM32C071CBT6N, STM32C071CBU6, STM32C071CBU6N, STM32C071F8P6, STM32C071F8P6N, STM32C071FBP6, STM32C071FBP6N, STM32C071FBY6TR, STM32C071G8U6, STM32C071G8U6N, STM32C071GBU6, STM32C071GBU6N, STM32C071K8T6, STM32C071K8T6N, STM32C071K8U6, STM32C071K8U6N, STM32C071KBT6, STM32C071KBT6N, STM32C071KBU6, STM32C071KBU6N, STM32C071R8T6, STM32C071R8T6N, STM32C071RBI6N, STM32C071RBT6, STM32C071RBT6N, STM32C091CBT6, STM32C091CBU6, STM32C091CCT6, STM32C091CCU6, STM32C091ECY6TR, STM32C091FBP6, STM32C091FCP6, STM32C091GBU6, STM32C091GCU6, STM32C091KBT6, STM32C091KBU6, STM32C091KCT6, STM32C091KCU6, STM32C091RBT6, STM32C091RCI6, STM32C091RCT6, STM32C092CBT6, STM32C092CBU6, STM32C092CCT6, STM32C092CCU6, STM32C092ECY6TR, STM32C092FBP6, STM32C092FCP6, STM32C092GBU6, STM32C092GCU6, STM32C092KBT6, STM32C092KBU6, STM32C092KCT6, STM32C092KCU6, STM32C092RBT6, STM32C092RCI6, STM32C092RCT6, STM32G071K8TXN, STM32G071K8UXN, STM32G081GBU6N, STM32G081KBT6N, STM32G081KBUXN, STM32G0B1CCT6N, STM32G0B1KCT6, STM32G0B1NEY6TR, STM32G0B1RCT6N, STM32G0C1CCT6, STM32G0C1CCT6N, STM32G0C1CCU6N, STM32G0C1CET6N, STM32G0C1CEU6N, STM32G0C1KCT6, STM32G0C1NEY6TR, STM32G0C1RCI6N, STM32G0C1RCT6N, STM32G0C1REI6N, STM32G0C1RET6N, STM32G0C1VCI6, STM32G0C1VEI6, STM32G411C6T3, STM32G411C6T6, STM32G411C6U3, STM32G411C6U6, STM32G411C8T3, STM32G411C8T6, STM32G411C8U3, STM32G411C8U6, STM32G411CBT3, STM32G411CBT6, STM32G411CBU3, STM32G411CBU6, STM32G411K6T3, STM32G411K6T6, STM32G411K6U3, STM32G411K6U6, STM32G411K8T3, STM32G411K8T6, STM32G411K8U3, STM32G411K8U6, STM32G411KBT3, STM32G411KBT6, STM32G411KBU3, STM32G411KBU6, STM32G411M6T3, STM32G411M6T6, STM32G411M8T3, STM32G411M8T6, STM32G411MBT3, STM32G411MBT6, STM32G411R6T3, STM32G411R6T6, STM32G411R8T3, STM32G411R8T6, STM32G411RBT3, STM32G411RBT6, STM32G414CBT3, STM32G414CBT6, STM32G414CBU3, STM32G414CBU6, STM32G414CCT3, STM32G414CCT6, STM32G414CCU3, STM32G414CCU6, STM32G414MBT3, STM32G414MBT6, STM32G414MCT3, STM32G414MCT6, STM32G414RBT3, STM32G414RBT6, STM32G414RCT3, STM32G414RCT6, STM32G414VBT3, STM32G414VBT6, STM32G414VCT3, STM32G414VCT6, STM32G431CBT3Z, STM32G431RBT3Z, STM32G471CCT6, STM32G471CCU6, STM32G471CET3, STM32G471CET6, STM32G471CEU3, STM32G471CEU6, STM32G471MCT6, STM32G471MET3, STM32G471MET6, STM32G471MEY6TR, STM32G471QCT6, STM32G471QET3, STM32G471RCT6, STM32G471RET3, STM32G471RET6, STM32G471VCH6, STM32G471VCI6, STM32G471VCT6, STM32G471VEH3, STM32G471VEH6, STM32G471VEI3, STM32G471VEI6, STM32G471VET3, STM32G471VET6, STM32G473QET3Z, STM32G473RET3Z, STM32G474CCT6, STM32G491RET3Z, STM32H503CBT6, STM32H503CBU6, STM32H503EBY6TR, STM32H503KBU6, STM32H503RBT6, STM32H523CCT6, STM32H523CCU6, STM32H523CET6, STM32H523CEU6, STM32H523HEY6TR, STM32H523RCT6, STM32H523RET6, STM32H523VCI6, STM32H523VCT6, STM32H523VEI6, STM32H523VET6, STM32H523ZCJ6, STM32H523ZCT6, STM32H523ZEJ6, STM32H523ZET6, STM32H533CET6, STM32H533CEU6, STM32H533HEY6TR, STM32H533RET6, STM32H533VEI6, STM32H533VET6, STM32H533ZEJ6, STM32H533ZET6, STM32H562AGI6, STM32H562AII6, STM32H562IGK6, STM32H562IGT6, STM32H562IIK6, STM32H562IIT6, STM32H562RGT6, STM32H562RGV6, STM32H562RIT6, STM32H562RIV6, STM32H562VGT6, STM32H562VIT6, STM32H562ZGT6, STM32H562ZIT6, STM32H563AGI6, STM32H563AII3Q, STM32H563AII6, STM32H563IGK6, STM32H563IGT6, STM32H563IIK3Q, STM32H563IIK6, STM32H563IIT3Q, STM32H563IIT6, STM32H563MIY3QTR, STM32H563RGT6, STM32H563RGV6, STM32H563RIT6, STM32H563RIV6, STM32H563VGT6, STM32H563VIT3Q, STM32H563VIT6, STM32H563ZGT6, STM32H563ZIT3Q, STM32H563ZIT6, STM32H573AII3Q, STM32H573AII6, STM32H573I-DK, STM32H573IIK3Q, STM32H573IIK6, STM32H573IIT3Q, STM32H573IIT6, STM32H573MIY3QTR, STM32H573RIT6, STM32H573RIV6, STM32H573VIT3Q, STM32H573VIT6, STM32H573ZIT3Q, STM32H573ZIT6, STM32H7R3A8I6, STM32H7R3I8K6, STM32H7R3I8T6, STM32H7R3L8H6, STM32H7R3L8H6H, STM32H7R3R8V6, STM32H7R3V8H6, STM32H7R3V8T6, STM32H7R3V8Y6TR, STM32H7R3Z8J6, STM32H7R3Z8T6, STM32H7R7A8I6, STM32H7R7I8K6, STM32H7R7I8T6, STM32H7R7L8H6, STM32H7R7L8H6H, STM32H7R7Z8J6, STM32H7S3A8I6, STM32H7S3I8K6, STM32H7S3I8T6, STM32H7S3L8H6, STM32H7S3L8H6H, STM32H7S3R8V6, STM32H7S3V8H6, STM32H7S3V8T6, STM32H7S3V8Y6TR, STM32H7S3Z8J6, STM32H7S3Z8T6, STM32H7S78-DK, STM32H7S7A8I6, STM32H7S7I8K6, STM32H7S7I8T6, STM32H7S7L8H6, STM32H7S7L8H6H, STM32H7S7Z8J6, STM32L4R5QGI6STR, STM32MP131AAE3, STM32MP131AAF3, STM32MP131AAG3, STM32MP131CAE3, STM32MP131CAF3, STM32MP131CAG3, STM32MP131DAE7, STM32MP131DAF7, STM32MP131DAG7, STM32MP131FAE7, STM32MP131FAF7, STM32MP131FAG7, STM32MP133AAE3, STM32MP133AAF3, STM32MP133AAG3, STM32MP133CAE3, STM32MP133CAF3, STM32MP133CAG3, STM32MP133DAE7, STM32MP133DAF7, STM32MP133DAG7, STM32MP133FAE7, STM32MP133FAF7, STM32MP133FAG7, STM32MP135AAE3, STM32MP135AAF3, STM32MP135AAG3, STM32MP135CAE3, STM32MP135CAF3, STM32MP135CAG3, STM32MP135DAE7, STM32MP135DAF7, STM32MP135DAG7, STM32MP135F-DK, STM32MP135FAE7, STM32MP135FAF7, STM32MP135FAF7T, STM32MP135FAF7U, STM32MP135FAG7, STM32MP211AAL3, STM32MP211AAM3, STM32MP211AAN3, STM32MP211AAO3, STM32MP211CAL3, STM32MP211CAM3, STM32MP211CAN3, STM32MP211CAO3, STM32MP211DAL3, STM32MP211DAM3, STM32MP211DAN3, STM32MP211DAO3, STM32MP211FAL3, STM32MP211FAM3, STM32MP211FAN3, STM32MP211FAO3, STM32MP213AAL3, STM32MP213AAM3, STM32MP213AAN3, STM32MP213AAO3, STM32MP213CAL3, STM32MP213CAM3, STM32MP213CAN3, STM32MP213CAO3, STM32MP213DAL3, STM32MP213DAM3, STM32MP213DAN3, STM32MP213DAO3, STM32MP213FAL3, STM32MP213FAM3, STM32MP213FAN3, STM32MP213FAO3, STM32MP215AAL3, STM32MP215AAM3, STM32MP215AAN3, STM32MP215AAO3, STM32MP215CAL3, STM32MP215CAM3, STM32MP215CAN3, STM32MP215CAO3, STM32MP215DAL3, STM32MP215DAM3, STM32MP215DAN3, STM32MP215DAO3, STM32MP215F-DK, STM32MP215FAL3, STM32MP215FAM3, STM32MP215FAN3, STM32MP215FAO3, STM32MP231AAJ3, STM32MP231AAK3, STM32MP231AAL3, STM32MP231CAJ3, STM32MP231CAK3, STM32MP231CAL3, STM32MP231DAJ3, STM32MP231DAK3, STM32MP231DAL3, STM32MP231FAJ3, STM32MP231FAK3, STM32MP231FAL3, STM32MP233AAJ3, STM32MP233AAK3, STM32MP233AAL3, STM32MP233CAJ3, STM32MP233CAK3, STM32MP233CAL3, STM32MP233DAJ3, STM32MP233DAK3, STM32MP233DAL3, STM32MP233FAJ3, STM32MP233FAK3, STM32MP233FAL3, STM32MP235AAJ3, STM32MP235AAK3, STM32MP235AAL3, STM32MP235CAJ3, STM32MP235CAK3, STM32MP235CAL3, STM32MP235DAJ3, STM32MP235DAK3, STM32MP235DAL3, STM32MP235FAJ3, STM32MP235FAK3, STM32MP235FAL3, STM32MP251AAI3, STM32MP251AAK3, STM32MP251AAL3, STM32MP251CAI3, STM32MP251CAK3, STM32MP251CAL3, STM32MP251DAI3, STM32MP251DAK3, STM32MP251DAL3, STM32MP251FAI3, STM32MP251FAK3, STM32MP251FAL3, STM32MP253AAI3, STM32MP253AAK3, STM32MP253AAL3, STM32MP253CAI3, STM32MP253CAK3, STM32MP253CAL3, STM32MP253DAI3, STM32MP253DAK3, STM32MP253DAL3, STM32MP253FAI3, STM32MP253FAK3, STM32MP253FAL3, STM32MP255AAI3, STM32MP255AAK3, STM32MP255AAL3, STM32MP255CAI3, STM32MP255CAK3, STM32MP255CAL3, STM32MP255DAI3, STM32MP255DAK3, STM32MP255DAL3, STM32MP255FAI3, STM32MP255FAK3, STM32MP255FAL3, STM32MP257AAI3, STM32MP257AAK3, STM32MP257AAL3, STM32MP257CAI3, STM32MP257CAK3, STM32MP257CAL3, STM32MP257DAI3, STM32MP257DAK3, STM32MP257DAL3, STM32MP257F-DK, STM32MP257F-EV1, STM32MP257FAI3, STM32MP257FAK3, STM32MP257FAL3, STM32N645A0H3Q, STM32N645B0H3Q, STM32N645I0H3Q, STM32N645L0H3Q, STM32N645X0H3Q, STM32N645Z0H3Q, STM32N647A0H3Q, STM32N647B0H3Q, STM32N647I0H3Q, STM32N647L0H3Q, STM32N647X0H3Q, STM32N647Z0H3Q, STM32N655A0H3Q, STM32N655B0H3Q, STM32N655I0H3Q, STM32N655L0H3Q, STM32N655X0H3Q, STM32N655Z0H3Q, STM32N6570-DK, STM32N657A0H3Q, STM32N657B0H3Q, STM32N657I0H3Q, STM32N657L0H3Q, STM32N657X0H3Q, STM32N657Z0H3Q, STM32U031C6T6, STM32U031C6U6, STM32U031C8T6, STM32U031C8U6, STM32U031F4P6, STM32U031F6P6, STM32U031F8P6, STM32U031G6Y6TR, STM32U031G8Y6TR, STM32U031K4U6, STM32U031K6U6, STM32U031K8U6, STM32U031R6I6, STM32U031R6T6, STM32U031R8I6, STM32U031R8T6, STM32U073C8T6, STM32U073C8U6, STM32U073CBT6, STM32U073CBU6, STM32U073CCT6, STM32U073CCU6, STM32U073H8Y6TR, STM32U073HBY6TR, STM32U073HCY6TR, STM32U073K8U6, STM32U073KBU6, STM32U073KCU6, STM32U073M8I6, STM32U073M8T6, STM32U073MBI6, STM32U073MBT6, STM32U073MCI6, STM32U073MCT6, STM32U073R8I6, STM32U073R8T6, STM32U073RBI6, STM32U073RBT6, STM32U073RCI6, STM32U073RCT6, STM32U083C-DK, STM32U083CCT6, STM32U083CCU6, STM32U083HCY6TR, STM32U083KCU6, STM32U083MCI6, STM32U083MCT6, STM32U083RCI6, STM32U083RCT6, STM32U375CET6, STM32U375CET6Q, STM32U375CEU6, STM32U375CEU6Q, STM32U375CEY6QTR, STM32U375CGT6, STM32U375CGT6Q, STM32U375CGU6, STM32U375CGU6Q, STM32U375CGY6QTR, STM32U375KEU6, STM32U375KGU6, STM32U375REI6, STM32U375REI6Q, STM32U375RET6, STM32U375RET6Q, STM32U375REY6GTR, STM32U375REY6QTR, STM32U375RGI6, STM32U375RGI6Q, STM32U375RGT6, STM32U375RGT6Q, STM32U375RGY6GTR, STM32U375RGY6QTR, STM32U375VEI6, STM32U375VEI6Q, STM32U375VET6, STM32U375VET6Q, STM32U375VGI6, STM32U375VGI6Q, STM32U375VGT6, STM32U375VGT6Q, STM32U385CGT6, STM32U385CGT6Q, STM32U385CGU6, STM32U385CGU6Q, STM32U385CGY6QTR, STM32U385KGU6, STM32U385RGI6, STM32U385RGI6Q, STM32U385RGT6, STM32U385RGT6Q, STM32U385RGY6GTR, STM32U385RGY6QTR, STM32U385VGI6, STM32U385VGI6Q, STM32U385VGT6, STM32U385VGT6Q, STM32U535CBT6, STM32U535CBT6Q, STM32U535CBU6, STM32U535CBU6Q, STM32U535CCT6, STM32U535CCT6Q, STM32U535CCU6, STM32U535CCU6Q, STM32U535CET6, STM32U535CET6Q, STM32U535CEU6, STM32U535CEU6Q, STM32U535JEY6QTR, STM32U535NCY6QTR, STM32U535NEY6QTR, STM32U535RBI6, STM32U535RBI6Q, STM32U535RBT6, STM32U535RBT6Q, STM32U535RCI6, STM32U535RCI6Q, STM32U535RCT6, STM32U535RCT6Q, STM32U535REI6, STM32U535REI6Q, STM32U535RET6, STM32U535RET6Q, STM32U535VCI6, STM32U535VCI6Q, STM32U535VCT6, STM32U535VCT6Q, STM32U535VEI6, STM32U535VEI6Q, STM32U535VET6, STM32U535VET6Q, STM32U545CET6, STM32U545CET6Q, STM32U545CEU6, STM32U545CEU6Q, STM32U545JEY6QTR, STM32U545NEY6QTR, STM32U545REI6, STM32U545REI6Q, STM32U545RET6, STM32U545RET6Q, STM32U545VEI6, STM32U545VEI6Q, STM32U545VET6, STM32U545VET6Q, STM32U595AIH6, STM32U595AIH6Q, STM32U595AJH6, STM32U595AJH6Q, STM32U595QII6, STM32U595QII6Q, STM32U595QJI6, STM32U595QJI6Q, STM32U595RIT6, STM32U595RIT6Q, STM32U595RJT6, STM32U595RJT6Q, STM32U595VIT6, STM32U595VIT6Q, STM32U595VJT6, STM32U595VJT6Q, STM32U595ZIT6, STM32U595ZIT6Q, STM32U595ZIY6QTR, STM32U595ZJT6, STM32U595ZJT6Q, STM32U595ZJY6QTR, STM32U599BJY6QTR, STM32U599NIH6Q, STM32U599NJH6Q, STM32U599VIT6Q, STM32U599VJT6, STM32U599VJT6Q, STM32U599ZIT6Q, STM32U599ZIY6QTR, STM32U599ZJT6Q, STM32U599ZJY6QTR, STM32U5A5AJH6, STM32U5A5AJH6Q, STM32U5A5QII3Q , STM32U5A5QJI6, STM32U5A5QJI6Q, STM32U5A5RJT6, STM32U5A5RJT6Q, STM32U5A5VJT6, STM32U5A5VJT6Q, STM32U5A5ZJT6, STM32U5A5ZJT6Q, STM32U5A5ZJY6QTR, STM32U5A9BJY6QTR, STM32U5A9J-DK, STM32U5A9NJH6Q, STM32U5A9VJT6Q, STM32U5A9ZJT6Q, STM32U5A9ZJY6QTR, STM32U5F7VIT6, STM32U5F7VIT6Q, STM32U5F7VJT6, STM32U5F7VJT6Q, STM32U5F9BJY6QTR, STM32U5F9NJH6Q, STM32U5F9VIT6Q, STM32U5F9VJT6Q, STM32U5F9ZIJ6QTR, STM32U5F9ZIT6Q, STM32U5F9ZJJ6QTR, STM32U5F9ZJT6Q, STM32U5G7VJT6, STM32U5G7VJT6Q, STM32U5G9BJY6QTR, STM32U5G9J-DK1, STM32U5G9J-DK2, STM32U5G9NJH6Q, STM32U5G9VJT6Q, STM32U5G9ZJJ6QTR, STM32U5G9ZJT6Q, STM32WB05KZV6TR, STM32WB05KZV7TR, STM32WB05TZF6TR, STM32WB05TZF7TR, STM32WB06CCF6TR, STM32WB06CCF7TR, STM32WB06CCV6TR, STM32WB06CCV7TR, STM32WB06KCV6TR, STM32WB06KCV7TR, STM32WB07CCF6TR, STM32WB07CCF7TR, STM32WB07CCV6TR, STM32WB07CCV7TR, STM32WB07KCV6TR, STM32WB07KCV7TR, STM32WB09KEV6TR, STM32WB09KEV7TR, STM32WB09TEF6TR, STM32WB09TEF7TR, STM32WB1MMCH6, STM32WBA50KGU6, STM32WBA50KGU6TR, STM32WBA52CEU6, STM32WBA52CEU6TR, STM32WBA52CEU7, STM32WBA52CEU7TR, STM32WBA52CGU6, STM32WBA52CGU6TR, STM32WBA52CGU6U, STM32WBA52CGU7, STM32WBA52CGU7TR, STM32WBA52KEU6, STM32WBA52KEU6TR, STM32WBA52KGU6, STM32WBA52KGU6TR, STM32WBA54CEU6, STM32WBA54CEU6TR, STM32WBA54CEU7, STM32WBA54CEU7TR, STM32WBA54CGU6, STM32WBA54CGU6TR, STM32WBA54CGU7, STM32WBA54CGU7TR, STM32WBA54KEU6, STM32WBA54KEU6TR, STM32WBA54KEU7, STM32WBA54KEU7TR, STM32WBA54KGU6, STM32WBA54KGU6TR, STM32WBA54KGU7, STM32WBA54KGU7TR, STM32WBA55CEU6, STM32WBA55CEU6TR, STM32WBA55CEU7, STM32WBA55CEU7TR, STM32WBA55CGU6, STM32WBA55CGU6TR, STM32WBA55CGU6U, STM32WBA55CGU7, STM32WBA55CGU7TR, STM32WBA55G-DK1, STM32WBA55HEF6, STM32WBA55HEF7, STM32WBA55HGF6, STM32WBA55HGF7, STM32WBA55UEI6, STM32WBA55UEI6TR, STM32WBA55UEI7, STM32WBA55UEI7TR, STM32WBA55UGI6, STM32WBA55UGI6TR, STM32WBA55UGI7, STM32WBA55UGI7TR, STM32WBA5MMGH6TR, STM32WBA62MGF6, STM32WBA62MIF6, STM32WBA65MGF7, STM32WBA65MIF6, STM32WBA65MIF7, STM32WL30K8V6, STM32WL30KBV6, STM32WL31C8V6, STM32WL31CBV6, STM32WL31K8V6, STM32WL31KBV6, STM32WL33C8V6, STM32WL33C8V6X, STM32WL33CBV6, STM32WL33CBV6X, STM32WL33CCV6, STM32WL33CCV6A, STM32WL33CCV6X, STM32WL33K8V7, STM32WL33K8V7X, STM32WL33KBV7 , STM32WL33KBV7X, STM32WL33KCV7, STM32WL33KCV7X, STM32WL5MOCH6, STM32WL5MOCH6TR]
2025-12-25 10:53:32,228 [INFO] DbMcus:218 - Found 4876 MCUs, 4876 are supported
2025-12-25 10:53:32,229 [INFO] ApiDb:423 - Load user favorites file C:\Users\user/.stm32cubeide/favorites.mcus.txt: 0 item(s)
2025-12-25 10:53:32,229 [INFO] ApiDb:427 - User favorites MCUs=[]
2025-12-25 10:53:32,229 [INFO] DbMcus:224 - Set 0 / 0 favorites MCUs
2025-12-25 10:53:32,870 [INFO] BoardInfo:889 - No configuration file found for board P-NUCLEO-WB55
2025-12-25 10:53:32,871 [INFO] DbBoards:161 - Kit is not supported: P-NUCLEO-WB55
2025-12-25 10:53:32,878 [INFO] BoardInfo:889 - No configuration file found for board STEVAL-BFA001V1B
2025-12-25 10:53:32,879 [INFO] DbBoards:161 - Kit is not supported: STEVAL-BFA001V1B
2025-12-25 10:53:32,880 [INFO] BoardInfo:889 - No configuration file found for board STEVAL-BFA001V2B
2025-12-25 10:53:32,882 [INFO] DbBoards:161 - Kit is not supported: STEVAL-BFA001V2B
2025-12-25 10:53:33,092 [INFO] DbBoards:168 - Found 212 boards, 209 are supported
2025-12-25 10:53:33,092 [INFO] DbBoards:169 - Found 212 boards, 43 of them is supported for  Bsp
2025-12-25 10:53:33,094 [INFO] ApiDb:423 - Load user favorites file C:\Users\user/.stm32cubeide/favorites.boards.txt: 1 item(s)
2025-12-25 10:53:33,094 [INFO] ApiDb:427 - User favorites Boards=[NUCLEO-L476RG]
2025-12-25 10:53:33,095 [INFO] DbBoards:198 - Set 1 / 1 favorites Boards
2025-12-25 10:53:33,166 [INFO] UtilMem:75 - End LoadConfig() Used Memory: 758312200 Bytes (1073741824)
2025-12-25 10:53:33,314 [WARN] ThirdParty:833 - waiting for thirdparty lock release [change project]
2025-12-25 10:53:33,315 [INFO] ThirdParty:835 - entering critical section [change project]
2025-12-25 10:53:33,315 [INFO] ThirdParty:1030 - CMSIS Pack Vendor :STMicroelectronics X-CUBE-PM33A1 1.0.0
2025-12-25 10:53:33,315 [INFO] ThirdParty:1030 - CMSIS Pack Vendor :STMicroelectronics USBPD 4.1
2025-12-25 10:53:33,315 [INFO] ThirdParty:1030 - CMSIS Pack Vendor :STMicroelectronics X-CUBE-NFC9 1.0.0
2025-12-25 10:53:33,315 [INFO] ThirdParty:1030 - CMSIS Pack Vendor :STMicroelectronics USB_HOST 2.0.0
2025-12-25 10:53:33,315 [INFO] ThirdParty:1030 - CMSIS Pack Vendor :STMicroelectronics FP-SNS-MOTENVWB1 1.4.0
2025-12-25 10:53:33,315 [INFO] ThirdParty:1030 - CMSIS Pack Vendor :STMicroelectronics X-CUBE-AZRTOS-F4 1.1.0
2025-12-25 10:53:33,315 [INFO] ThirdParty:1030 - CMSIS Pack Vendor :STMicroelectronics LIBJPEG 8.0.0
2025-12-25 10:53:33,315 [INFO] ThirdParty:1030 - CMSIS Pack Vendor :STMicroelectronics FP-ATR-ASTRA1 2.0.2
2025-12-25 10:53:33,315 [INFO] ThirdParty:1030 - CMSIS Pack Vendor :wolfSSL I-CUBE-wolfSSL 5.8.2
2025-12-25 10:53:33,315 [INFO] ThirdParty:1030 - CMSIS Pack Vendor :STMicroelectronics X-CUBE-BLE1 7.1.0
2025-12-25 10:53:33,315 [INFO] ThirdParty:1030 - CMSIS Pack Vendor :Avnet-IotConnect X-CUBE-IoTC-DA16k-PMOD 1.0.0
2025-12-25 10:53:33,315 [INFO] ThirdParty:1030 - CMSIS Pack Vendor :STMicroelectronics X-CUBE-SMBUS 2.1.0
2025-12-25 10:53:33,315 [INFO] ThirdParty:1030 - CMSIS Pack Vendor :wolfSSL I-CUBE-wolfMQTT 1.19.2
2025-12-25 10:53:33,315 [INFO] ThirdParty:1030 - CMSIS Pack Vendor :STMicroelectronics USB_DEVICE 3.0.0
2025-12-25 10:53:33,315 [INFO] ThirdParty:1030 - CMSIS Pack Vendor :STMicroelectronics X-CUBE-ISPU 2.1.0
2025-12-25 10:53:33,315 [INFO] ThirdParty:1030 - CMSIS Pack Vendor :STMicroelectronics X-CUBE-FREERTOS 1.4.0
2025-12-25 10:53:33,315 [INFO] ThirdParty:1030 - CMSIS Pack Vendor :STMicroelectronics X-CUBE-EEPRMA1 5.2.0
2025-12-25 10:53:33,315 [INFO] ThirdParty:1030 - CMSIS Pack Vendor :STMicroelectronics X-CUBE-IPS 3.2.0
2025-12-25 10:53:33,315 [INFO] ThirdParty:1030 - CMSIS Pack Vendor :STMicroelectronics X-CUBE-BLEMGR 4.1.0
2025-12-25 10:53:33,315 [INFO] ThirdParty:1030 - CMSIS Pack Vendor :STMicroelectronics X-CUBE-AZRTOS-WB 2.0.0
2025-12-25 10:53:33,316 [INFO] ThirdParty:1030 - CMSIS Pack Vendor :STMicroelectronics X-CUBE-ST60 1.0.0
2025-12-25 10:53:33,316 [INFO] ThirdParty:1030 - CMSIS Pack Vendor :STMicroelectronics X-CUBE-GNSS1 7.0.1
2025-12-25 10:53:33,316 [INFO] ThirdParty:1030 - CMSIS Pack Vendor :STMicroelectronics X-CUBE-NFC12 1.0.0
2025-12-25 10:53:33,316 [INFO] ThirdParty:1030 - CMSIS Pack Vendor :STMicroelectronics X-CUBE-AZRTOS-F7 1.1.0
2025-12-25 10:53:33,316 [INFO] ThirdParty:1030 - CMSIS Pack Vendor :STMicroelectronics X-CUBE-AZRTOS-L5 2.0.0
2025-12-25 10:53:33,316 [INFO] ThirdParty:1030 - CMSIS Pack Vendor :STMicroelectronics X-CUBE-TOUCHGFX 4.25.0
2025-12-25 10:53:33,316 [INFO] ThirdParty:1030 - CMSIS Pack Vendor :STMicroelectronics USB_DEVICE 2.0.0
2025-12-25 10:53:33,316 [INFO] ThirdParty:1030 - CMSIS Pack Vendor :STMicroelectronics X-CUBE-NFC6 3.1.0
2025-12-25 10:53:33,316 [INFO] ThirdParty:1030 - CMSIS Pack Vendor :STMicroelectronics X-CUBE-ST67W61 1.1.0
2025-12-25 10:53:33,316 [INFO] ThirdParty:1030 - CMSIS Pack Vendor :quantropi X-CUBE-qispace-sdk-base 2.1.0
2025-12-25 10:53:33,316 [INFO] ThirdParty:1030 - CMSIS Pack Vendor :STMicroelectronics X-CUBE-MEMS1 12.0.0
2025-12-25 10:53:33,316 [INFO] ThirdParty:1030 - CMSIS Pack Vendor :STMicroelectronics FP-SNS-MOTENV1 5.1.0
2025-12-25 10:53:33,316 [INFO] ThirdParty:1030 - CMSIS Pack Vendor :STMicroelectronics FreeRTOS 0.0.1
2025-12-25 10:53:33,316 [INFO] ThirdParty:1030 - CMSIS Pack Vendor :STMicroelectronics X-CUBE-AZRTOS-G0 1.1.0
2025-12-25 10:53:33,316 [INFO] ThirdParty:1030 - CMSIS Pack Vendor :STMicroelectronics X-CUBE-SAFEA1 1.2.2
2025-12-25 10:53:33,316 [INFO] ThirdParty:1030 - CMSIS Pack Vendor :STMicroelectronics X-CUBE-NFC4 3.0.0
2025-12-25 10:53:33,316 [INFO] ThirdParty:1030 - CMSIS Pack Vendor :STMicroelectronics X-CUBE-SUBG2 5.0.0
2025-12-25 10:53:33,316 [INFO] ThirdParty:1030 - CMSIS Pack Vendor :STMicroelectronics X-CUBE-AZRTOS-H7RS 1.1.0
2025-12-25 10:53:33,316 [INFO] ThirdParty:1030 - CMSIS Pack Vendor :STMicroelectronics STM32_WPAN 1.0.0
2025-12-25 10:53:33,316 [INFO] ThirdParty:1030 - CMSIS Pack Vendor :EmbeddedOffice I-CUBE-FS-RTOS 1.0.1
2025-12-25 10:53:33,316 [INFO] ThirdParty:1030 - CMSIS Pack Vendor :STMicroelectronics lwIP 2.0.3
2025-12-25 10:53:33,317 [INFO] ThirdParty:1030 - CMSIS Pack Vendor :WES I-CUBE-Cesium 1.4.0
2025-12-25 10:53:33,317 [INFO] ThirdParty:1030 - CMSIS Pack Vendor :Cesanta I-CUBE-Mongoose 7.13.0
2025-12-25 10:53:33,317 [INFO] ThirdParty:1030 - CMSIS Pack Vendor :STMicroelectronics USB_HOST 1.0.0
2025-12-25 10:53:33,317 [INFO] ThirdParty:1030 - CMSIS Pack Vendor :Infineon AIROC-Wi-Fi-Bluetooth-STM32 1.7.1
2025-12-25 10:53:33,317 [INFO] ThirdParty:1030 - CMSIS Pack Vendor :STMicroelectronics X-CUBE-AZRTOS-G4 2.0.0
2025-12-25 10:53:33,317 [INFO] ThirdParty:1030 - CMSIS Pack Vendor :STMicroelectronics X-CUBE-WB05N 2.0.0
2025-12-25 10:53:33,317 [INFO] ThirdParty:1030 - CMSIS Pack Vendor :STMicroelectronics PDM2PCM 3.1.0
2025-12-25 10:53:33,317 [INFO] ThirdParty:1030 - CMSIS Pack Vendor :STMicroelectronics PDM2PCM 3.3.0
2025-12-25 10:53:33,317 [INFO] ThirdParty:1030 - CMSIS Pack Vendor :wolfSSL I-CUBE-wolfTPM 3.8.0
2025-12-25 10:53:33,317 [INFO] ThirdParty:1030 - CMSIS Pack Vendor :STMicroelectronics X-CUBE-AZRTOS-H7 3.4.0
2025-12-25 10:53:33,317 [INFO] ThirdParty:1030 - CMSIS Pack Vendor :STMicroelectronics X-CUBE-DISPLAY 3.0.0
2025-12-25 10:53:33,317 [INFO] ThirdParty:1030 - CMSIS Pack Vendor :wolfSSL I-CUBE-wolfSSH 1.4.20
2025-12-25 10:53:33,317 [INFO] ThirdParty:1030 - CMSIS Pack Vendor :STMicroelectronics X-CUBE-NFC7 2.0.0
2025-12-25 10:53:33,317 [INFO] ThirdParty:1030 - CMSIS Pack Vendor :STMicroelectronics X-CUBE-TCPP 4.2.0
2025-12-25 10:53:33,317 [INFO] ThirdParty:1030 - CMSIS Pack Vendor :RealThread X-CUBE-RT-Thread_Nano 4.1.1
2025-12-25 10:53:33,317 [INFO] ThirdParty:1030 - CMSIS Pack Vendor :STMicroelectronics FP-ATR-SIGFOX1 3.2.0
2025-12-25 10:53:33,317 [INFO] ThirdParty:1030 - CMSIS Pack Vendor :STMicroelectronics X-CUBE-NFC10 1.0.0
2025-12-25 10:53:33,317 [INFO] ThirdParty:1030 - CMSIS Pack Vendor :STMicroelectronics X-CUBE-FREERTOS 1.3.1
2025-12-25 10:53:33,317 [INFO] ThirdParty:1030 - CMSIS Pack Vendor :STMicroelectronics HAL Drivers 0.0.0
2025-12-25 10:53:33,317 [INFO] ThirdParty:1030 - CMSIS Pack Vendor :STMicroelectronics MBEDTLS 2.16.2
2025-12-25 10:53:33,317 [INFO] ThirdParty:1030 - CMSIS Pack Vendor :STMicroelectronics X-CUBE-ST60 1.1.0
2025-12-25 10:53:33,317 [INFO] ThirdParty:1030 - CMSIS Pack Vendor :STMicroelectronics X-CUBE-IPS 3.1.0
2025-12-25 10:53:33,317 [INFO] ThirdParty:1030 - CMSIS Pack Vendor :STMicroelectronics X-CUBE-ALS 1.0.2
2025-12-25 10:53:33,317 [INFO] ThirdParty:1030 - CMSIS Pack Vendor :emotas I-CUBE-CANOPEN 1.3.0
2025-12-25 10:53:33,317 [INFO] ThirdParty:1030 - CMSIS Pack Vendor :STMicroelectronics MBEDTLS 2.14.1
2025-12-25 10:53:33,317 [INFO] ThirdParty:1030 - CMSIS Pack Vendor :STMicroelectronics X-CUBE-GNSS1 7.1.0
2025-12-25 10:53:33,318 [INFO] ThirdParty:1030 - CMSIS Pack Vendor :ITTIA_DB I-CUBE-ITTIADB 8.9.0
2025-12-25 10:53:33,318 [INFO] ThirdParty:1030 - CMSIS Pack Vendor :STMicroelectronics X-CUBE-TOUCHGFX 4.26.0
2025-12-25 10:53:33,318 [INFO] ThirdParty:1030 - CMSIS Pack Vendor :STMicroelectronics X-CUBE-STSE01 1.0.0
2025-12-25 10:53:33,318 [INFO] ThirdParty:1030 - CMSIS Pack Vendor :STMicroelectronics X-CUBE-ST67W61 1.0.0
2025-12-25 10:53:33,318 [INFO] ThirdParty:1030 - CMSIS Pack Vendor :STMicroelectronics FP-SNS-STBOX1 2.1.0
2025-12-25 10:53:33,318 [INFO] ThirdParty:1030 - CMSIS Pack Vendor :STMicroelectronics X-CUBE-AI 10.2.0
2025-12-25 10:53:33,318 [INFO] ThirdParty:1030 - CMSIS Pack Vendor :STMicroelectronics FP-SNS-STAIOTCFT 1.0.0
2025-12-25 10:53:33,318 [INFO] ThirdParty:1030 - CMSIS Pack Vendor :STMicroelectronics ThreadX 1.0.0
2025-12-25 10:53:33,318 [INFO] ThirdParty:1030 - CMSIS Pack Vendor :STMicroelectronics FP-SNS-SMARTAG2 1.2.0
2025-12-25 10:53:33,318 [INFO] ThirdParty:1030 - CMSIS Pack Vendor :STMicroelectronics FP-SNS-FLIGHT1 5.1.0
2025-12-25 10:53:33,318 [INFO] ThirdParty:1030 - CMSIS Pack Vendor :STMicroelectronics X-CUBE-AZRTOS-WL 2.0.0
2025-12-25 10:53:33,318 [INFO] ThirdParty:1030 - CMSIS Pack Vendor :SEGGER I-CUBE-embOS 1.3.1
2025-12-25 10:53:33,318 [INFO] ThirdParty:1030 - CMSIS Pack Vendor :STMicroelectronics X-CUBE-ALGOBUILD 1.4.0
2025-12-25 10:53:33,318 [INFO] ThirdParty:1030 - CMSIS Pack Vendor :STMicroelectronics X-CUBE-DPower 1.3.0
2025-12-25 10:53:33,318 [INFO] ThirdParty:1030 - CMSIS Pack Vendor :STMicroelectronics X-CUBE-MEMS1 11.3.0
2025-12-25 10:53:33,318 [INFO] ThirdParty:1030 - CMSIS Pack Vendor :STMicroelectronics FP-SNS-MOTENV1 5.0.0
2025-12-25 10:53:33,318 [INFO] ThirdParty:1030 - CMSIS Pack Vendor :STMicroelectronics USB_DEVICE 1.0.0
2025-12-25 10:53:33,318 [INFO] ThirdParty:1030 - CMSIS Pack Vendor :STMicroelectronics X-CUBE-AZRTOS-H7RS 1.2.0
2025-12-25 10:53:33,318 [INFO] ThirdParty:1030 - CMSIS Pack Vendor :STMicroelectronics X-CUBE-AZRTOS-L4 2.0.0
2025-12-25 10:53:33,318 [INFO] ThirdParty:1030 - CMSIS Pack Vendor :STMicroelectronics ThreadX 0.0.2
2025-12-25 10:53:33,318 [INFO] ThirdParty:1030 - CMSIS Pack Vendor :STMicroelectronics lwIP 2.1.2
2025-12-25 10:53:33,318 [INFO] ThirdParty:1030 - CMSIS Pack Vendor :STMicroelectronics X-CUBE-SFXS2LP1 4.0.0
2025-12-25 10:53:33,318 [INFO] ThirdParty:1030 - CMSIS Pack Vendor :STMicroelectronics X-CUBE-BLE2 3.3.0
2025-12-25 10:53:33,318 [INFO] ThirdParty:1030 - CMSIS Pack Vendor :Avnet-IOTCONNECT X-CUBE-iotc-st67-sdk 1.0.0
2025-12-25 10:53:33,318 [INFO] ThirdParty:1030 - CMSIS Pack Vendor :STMicroelectronics X-CUBE-TOF1 3.4.3
2025-12-25 10:53:33,319 [INFO] ThirdParty:1030 - CMSIS Pack Vendor :STMicroelectronics PDM2PCM 3.2.0
2025-12-25 10:53:33,319 [INFO] ThirdParty:841 - exiting critical section [change project]
2025-12-25 10:53:33,802 [INFO] PinOutPanel:1589 - setPackage(No Configuration,No Configuration)
2025-12-25 10:53:33,804 [INFO] PinOutPanel:1589 - setPackage(STM32L476RGTx,LQFP64)
2025-12-25 10:53:34,483 [INFO] UtilMem:75 - Before build in PCC Used Memory: 775864432 Bytes (1073741824)
2025-12-25 10:53:35,518 [INFO] UtilMem:75 - After build in PCC Used Memory: 870762608 Bytes (1073741824)
2025-12-25 10:53:35,550 [INFO] IPUIPlugin:80 - create IPUIPlugin
2025-12-25 10:53:35,550 [INFO] IPUIPlugin:80 - create IPUIPlugin
2025-12-25 10:53:35,551 [INFO] IPUIPlugin:80 - create IPUIPlugin
2025-12-25 10:53:35,551 [INFO] IPUIPlugin:80 - create IPUIPlugin
2025-12-25 10:53:35,551 [INFO] IPUIPlugin:80 - create IPUIPlugin
2025-12-25 10:53:35,551 [INFO] IPUIPlugin:80 - create IPUIPlugin
2025-12-25 10:53:35,551 [INFO] IPUIPlugin:80 - create IPUIPlugin
2025-12-25 10:53:35,551 [INFO] IPUIPlugin:80 - create IPUIPlugin
2025-12-25 10:53:35,551 [INFO] IPUIPlugin:80 - create IPUIPlugin
2025-12-25 10:53:35,551 [INFO] IPUIPlugin:80 - create IPUIPlugin
2025-12-25 10:53:35,551 [INFO] IPUIPlugin:80 - create IPUIPlugin
2025-12-25 10:53:35,551 [INFO] IPUIPlugin:80 - create IPUIPlugin
2025-12-25 10:53:35,551 [INFO] IPUIPlugin:80 - create IPUIPlugin
2025-12-25 10:53:35,551 [INFO] IPUIPlugin:80 - create IPUIPlugin
2025-12-25 10:53:35,552 [INFO] IPUIPlugin:80 - create IPUIPlugin
2025-12-25 10:53:35,552 [INFO] IPUIPlugin:80 - create IPUIPlugin
2025-12-25 10:53:35,552 [INFO] IPUIPlugin:80 - create IPUIPlugin
2025-12-25 10:53:35,552 [INFO] IPUIPlugin:80 - create IPUIPlugin
2025-12-25 10:53:35,552 [INFO] IPUIPlugin:80 - create IPUIPlugin
2025-12-25 10:53:35,552 [INFO] IPUIPlugin:80 - create IPUIPlugin
2025-12-25 10:53:35,553 [INFO] IPUIPlugin:80 - create IPUIPlugin
2025-12-25 10:53:35,553 [INFO] IPUIPlugin:80 - create IPUIPlugin
2025-12-25 10:53:35,553 [INFO] IPUIPlugin:80 - create IPUIPlugin
2025-12-25 10:53:35,553 [INFO] IPUIPlugin:80 - create IPUIPlugin
2025-12-25 10:53:35,553 [INFO] IPUIPlugin:80 - create IPUIPlugin
2025-12-25 10:53:35,553 [INFO] IPUIPlugin:80 - create IPUIPlugin
2025-12-25 10:53:35,553 [INFO] IPUIPlugin:80 - create IPUIPlugin
2025-12-25 10:53:35,554 [INFO] IPUIPlugin:80 - create IPUIPlugin
2025-12-25 10:53:35,554 [INFO] IPUIPlugin:80 - create IPUIPlugin
2025-12-25 10:53:35,554 [INFO] IPUIPlugin:80 - create IPUIPlugin
2025-12-25 10:53:35,554 [INFO] IPUIPlugin:80 - create IPUIPlugin
2025-12-25 10:53:35,555 [INFO] IPUIPlugin:80 - create IPUIPlugin
2025-12-25 10:53:35,555 [INFO] IPUIPlugin:80 - create IPUIPlugin
2025-12-25 10:53:35,555 [INFO] IPUIPlugin:80 - create IPUIPlugin
2025-12-25 10:53:35,555 [INFO] IPUIPlugin:80 - create IPUIPlugin
2025-12-25 10:53:35,556 [INFO] IPUIPlugin:80 - create IPUIPlugin
2025-12-25 10:53:35,556 [INFO] IPUIPlugin:80 - create IPUIPlugin
2025-12-25 10:53:35,556 [INFO] IPUIPlugin:80 - create IPUIPlugin
2025-12-25 10:53:35,556 [INFO] IPUIPlugin:80 - create IPUIPlugin
2025-12-25 10:53:35,557 [INFO] IPUIPlugin:80 - create IPUIPlugin
2025-12-25 10:53:35,557 [INFO] IPUIPlugin:80 - create IPUIPlugin
2025-12-25 10:53:35,557 [INFO] IPUIPlugin:80 - create IPUIPlugin
2025-12-25 10:53:35,557 [INFO] IPUIPlugin:80 - create IPUIPlugin
2025-12-25 10:53:35,557 [INFO] IPUIPlugin:80 - create IPUIPlugin
2025-12-25 10:53:35,557 [INFO] IPUIPlugin:80 - create IPUIPlugin
2025-12-25 10:53:35,558 [INFO] IPUIPlugin:80 - create IPUIPlugin
2025-12-25 10:53:35,558 [INFO] IPUIPlugin:80 - create IPUIPlugin
2025-12-25 10:53:35,558 [INFO] IPUIPlugin:80 - create IPUIPlugin
2025-12-25 10:53:35,558 [INFO] IPUIPlugin:80 - create IPUIPlugin
2025-12-25 10:53:35,559 [INFO] IPUIPlugin:80 - create IPUIPlugin
2025-12-25 10:53:35,559 [INFO] IPUIPlugin:80 - create IPUIPlugin
2025-12-25 10:53:35,559 [INFO] IPUIPlugin:80 - create IPUIPlugin
2025-12-25 10:53:35,559 [INFO] IPUIPlugin:80 - create IPUIPlugin
2025-12-25 10:53:35,559 [INFO] IPUIPlugin:80 - create IPUIPlugin
2025-12-25 10:53:35,560 [INFO] IPUIPlugin:80 - create IPUIPlugin
2025-12-25 10:53:35,560 [INFO] IPUIPlugin:80 - create IPUIPlugin
2025-12-25 10:53:35,560 [INFO] IPUIPlugin:80 - create IPUIPlugin
2025-12-25 10:53:35,560 [INFO] IPUIPlugin:80 - create IPUIPlugin
2025-12-25 10:53:35,561 [INFO] IPUIPlugin:80 - create IPUIPlugin
2025-12-25 10:53:35,819 [INFO] CADModel:165 - CPN selected for project levelSTM32L476RGT3
2025-12-25 10:53:35,820 [INFO] CADModel:114 - Register for checkConnection events
2025-12-25 10:53:35,868 [INFO] OpenFileManager:386 - Restore cursor
2025-12-25 16:39:52,511 [INFO] MainUpdater:2872 - connection check result : 10
2025-12-25 16:39:52,516 [INFO] McuFinderGlobals:76 - Set McuFinderConnectedMode to true
2025-12-25 16:39:52,723 [INFO] ServerAccessManage:452 - Complete download http(s) 200
2025-12-25 16:39:52,728 [INFO] ServerAccessManage:509 - Download File mcusAds.json._tmp_
2025-12-25 16:39:52,853 [INFO] LoadUrlFilesThread:156 - End of LoadUrlFiles Thread
2025-12-25 16:39:52,991 [INFO] ServerAccessManage:452 - Complete download http(s) 200
2025-12-25 16:39:52,992 [INFO] ServerAccessManage:509 - Download File cube-finder-db.zip
2025-12-25 16:39:56,158 [INFO] FileExtend:248 - Unzip File : cube-finder-db.zip
2025-12-25 16:39:56,158 [INFO] FileExtend:263 - Standard Zip Deflate
2025-12-25 16:39:56,889 [INFO] LoadUrlFilesThread:156 - End of LoadUrlFiles Thread
2025-12-25 16:39:57,885 [INFO] ServerAccessManage:452 - Complete download http(s) 200
2025-12-25 16:39:57,887 [INFO] ServerAccessManage:509 - Download File crdb.zip
2025-12-25 16:39:58,975 [INFO] FileExtend:248 - Unzip File : crdb.zip
2025-12-25 16:39:58,975 [INFO] FileExtend:263 - Standard Zip Deflate
2025-12-25 16:39:59,124 [INFO] LoadUrlFilesThread:156 - End of LoadUrlFiles Thread
2025-12-25 16:39:59,236 [INFO] ServerAccessManage:452 - Complete download http(s) 200
2025-12-25 16:39:59,236 [INFO] ServerAccessManage:509 - Download File tutoVideoDB.zip
2025-12-25 16:39:59,254 [INFO] FileExtend:248 - Unzip File : tutoVideoDB.zip
2025-12-25 16:39:59,254 [INFO] FileExtend:263 - Standard Zip Deflate
2025-12-25 16:39:59,394 [INFO] LoadUrlFilesThread:156 - End of LoadUrlFiles Thread
2025-12-25 16:39:59,394 [WARN] DbFile:41 - Overriding database path with different value: C:\Users\user\.stmcufinder\plugins\mcufinder/ => C:\Users\user\.stmcufinder\plugins\mcufinder
2025-12-25 16:40:00,239 [INFO] ServerAccessManage:452 - Complete download http(s) 200
2025-12-25 16:40:00,240 [INFO] ServerAccessManage:509 - Download File api_config.json
2025-12-25 16:40:00,368 [INFO] LoadUrlFilesThread:156 - End of LoadUrlFiles Thread
2025-12-25 16:40:00,371 [INFO] DbMcusAds:53 - JSON generation date=Tue Dec 16 07:11:46 CST 2025 (1765840306612)
2025-12-25 16:40:00,376 [INFO] ApiDb:448 - Save user favorites file C:\Users\user/.stm32cubeide/favorites.mcus.txt: 0 item(s)
2025-12-25 16:40:00,377 [INFO] ApiDb:452 - User favorites MCUs=[]
2025-12-25 16:40:00,379 [INFO] ApiDb:581 - Connected to CubeFinder SQLite database (C:\Users\user\.stmcufinder\plugins\mcufinder\mcu\cube-finder-db.db)
2025-12-25 16:40:00,435 [INFO] ApiDb:668 - CubeFinder database Data Model version=2.1
2025-12-25 16:40:00,435 [INFO] ApiDb:669 - CubeFinder database Configuration version=3.0.39
2025-12-25 16:40:00,435 [INFO] ApiDb:670 - CubeFinder database generation date=2025-11-05 (1762334721)
2025-12-25 16:40:00,435 [INFO] ApiDb:671 - CubeFinder database FW Pack versions=[FP-ATR-ASTRA1_V2.0.0, FP-SNS-FLIGHT1_V5.1.0, FP-SNS-MOTENV1_V5.1.0, FP-SNS-MOTENVWB1_V1.4.0, FP-SNS-SMARTAG2_V1.2.0, FP-SNS-STBOX1_V2.1.0, STM32Cube_FW_C0_V1.4.0, STM32Cube_FW_F4_V1.28.3, STM32Cube_FW_F7_V1.17.4, STM32Cube_FW_G0_V1.6.2, STM32Cube_FW_G4_V1.6.1, STM32Cube_FW_H5_V1.5.1, STM32Cube_FW_H7RS_V1.3.0, STM32Cube_FW_H7_V1.12.1, STM32Cube_FW_L0_V1.12.2, STM32Cube_FW_L4_V1.18.1, STM32Cube_FW_L5_V1.6.0, STM32Cube_FW_N6_V1.3.0, STM32Cube_FW_U0_V1.3.0, STM32Cube_FW_U3_V1.2.1, STM32Cube_FW_U5_V1.8.0, STM32Cube_FW_WB0_V1.4.0, STM32Cube_FW_WBA_V1.8.0, STM32Cube_FW_WB_V1.24.0, STM32Cube_FW_WL3_V1.3.0, STM32Cube_FW_WL_V1.4.0, X-CUBE-ALGOBUILD_V1.4.0, X-CUBE-ALS_V1.0.2, X-CUBE-AZRTOS-F4_V1.1.0, X-CUBE-AZRTOS-F7_V1.1.0, X-CUBE-AZRTOS-G0_V1.1.0, X-CUBE-AZRTOS-G4_V2.0.0, X-CUBE-AZRTOS-H7RS_V1.1.0, X-CUBE-AZRTOS-H7_V3.4.0, X-CUBE-AZRTOS-L4_V2.0.0, X-CUBE-AZRTOS-L5_V2.0.0, X-CUBE-AZRTOS-WB_V2.0.0, X-CUBE-AZRTOS-WL_V2.0.0, X-CUBE-BLE1_V7.1.0, X-CUBE-BLE2_V3.3.0, X-CUBE-BLEMGR_V4.1.0, X-CUBE-EEPRMA1_V5.2.0, X-CUBE-FREERTOS_V1.3.1, X-CUBE-GNSS1_V6.0.0, X-CUBE-MEMS1_V11.3.0, X-CUBE-NFC4_V3.0.0, X-CUBE-NFC7_V2.0.0, X-CUBE-SFXS2LP1_V4.0.0, X-CUBE-ST67W61_V1.1.0, X-CUBE-SUBG2_V5.0.0, X-CUBE-TOF1_V3.4.3]
2025-12-25 16:40:02,042 [INFO] ApiDb:240 - Found 880 in-development CPN: [B-G473E-ZEST1S, B-WB1M-WPAN1, B-WBA5M-WPAN, B-WL5M-SUBG1, NUCLEO-C031C6, NUCLEO-C051C8, NUCLEO-C071RB, NUCLEO-C092RC, NUCLEO-H503RB, NUCLEO-H533RE, NUCLEO-H563ZI, NUCLEO-H7S3L8, NUCLEO-N657X0-Q, NUCLEO-U031R8, NUCLEO-U083RC, NUCLEO-U385RG-Q, NUCLEO-U545RE-Q, NUCLEO-U5A5ZJ-Q, NUCLEO-WB05KZ, NUCLEO-WB07CC, NUCLEO-WB09KE, NUCLEO-WBA52CG, NUCLEO-WBA55CG, NUCLEO-WL33CC1, NUCLEO-WL33CC2, STEVAL-PROTEUS1, STEVAL-SMARTAG2, STEVAL-STWINBX1, STM320518-EVAL, STM32C0116-DK, STM32C011D6Y3TR, STM32C011D6Y6TR, STM32C011F4P3, STM32C011F4P6, STM32C011F4U3, STM32C011F4U6TR, STM32C011F6P3, STM32C011F6P6, STM32C011F6U3, STM32C011F6U6TR, STM32C011J4M3, STM32C011J4M6, STM32C011J6M3, STM32C011J6M6, STM32C0316-DK, STM32C031C4T3, STM32C031C4T6, STM32C031C4U3, STM32C031C4U6, STM32C031C6T3, STM32C031C6T6, STM32C031C6U3, STM32C031C6U6, STM32C031F4P3, STM32C031F4P6, STM32C031F6P3, STM32C031F6P6, STM32C031G4U3, STM32C031G4U6, STM32C031G6U3, STM32C031G6U6, STM32C031K4T3, STM32C031K4T6, STM32C031K4U3, STM32C031K4U6, STM32C031K6T3, STM32C031K6T6, STM32C031K6U3, STM32C031K6U6, STM32C051C6T6, STM32C051C6U6, STM32C051C8T6, STM32C051C8U6, STM32C051D8Y6TR, STM32C051F6P6, STM32C051F8P6, STM32C051G6U6, STM32C051G8U6, STM32C051K6T6, STM32C051K6U6, STM32C051K8T6, STM32C071C8T6, STM32C071C8T6N, STM32C071C8U6, STM32C071C8U6N, STM32C071CBT6, STM32C071CBT6N, STM32C071CBU6, STM32C071CBU6N, STM32C071F8P6, STM32C071F8P6N, STM32C071FBP6, STM32C071FBP6N, STM32C071FBY6TR, STM32C071G8U6, STM32C071G8U6N, STM32C071GBU6, STM32C071GBU6N, STM32C071K8T6, STM32C071K8T6N, STM32C071K8U6, STM32C071K8U6N, STM32C071KBT6, STM32C071KBT6N, STM32C071KBU6, STM32C071KBU6N, STM32C071R8T6, STM32C071R8T6N, STM32C071RBI6N, STM32C071RBT6, STM32C071RBT6N, STM32C091CBT6, STM32C091CBU6, STM32C091CCT6, STM32C091CCU6, STM32C091ECY6TR, STM32C091FBP6, STM32C091FCP6, STM32C091GBU6, STM32C091GCU6, STM32C091KBT6, STM32C091KBU6, STM32C091KCT6, STM32C091KCU6, STM32C091RBT6, STM32C091RCI6, STM32C091RCT6, STM32C092CBT6, STM32C092CBU6, STM32C092CCT6, STM32C092CCU6, STM32C092ECY6TR, STM32C092FBP6, STM32C092FCP6, STM32C092GBU6, STM32C092GCU6, STM32C092KBT6, STM32C092KBU6, STM32C092KCT6, STM32C092KCU6, STM32C092RBT6, STM32C092RCI6, STM32C092RCT6, STM32G071K8TXN, STM32G071K8UXN, STM32G081GBU6N, STM32G081KBT6N, STM32G081KBUXN, STM32G0B1CCT6N, STM32G0B1KCT6, STM32G0B1NEY6TR, STM32G0B1RCT6N, STM32G0C1CCT6, STM32G0C1CCT6N, STM32G0C1CCU6N, STM32G0C1CET6N, STM32G0C1CEU6N, STM32G0C1KCT6, STM32G0C1NEY6TR, STM32G0C1RCI6N, STM32G0C1RCT6N, STM32G0C1REI6N, STM32G0C1RET6N, STM32G0C1VCI6, STM32G0C1VEI6, STM32G411C6T3, STM32G411C6T6, STM32G411C6U3, STM32G411C6U6, STM32G411C8T3, STM32G411C8T6, STM32G411C8U3, STM32G411C8U6, STM32G411CBT3, STM32G411CBT6, STM32G411CBU3, STM32G411CBU6, STM32G411K6T3, STM32G411K6T6, STM32G411K6U3, STM32G411K6U6, STM32G411K8T3, STM32G411K8T6, STM32G411K8U3, STM32G411K8U6, STM32G411KBT3, STM32G411KBT6, STM32G411KBU3, STM32G411KBU6, STM32G411M6T3, STM32G411M6T6, STM32G411M8T3, STM32G411M8T6, STM32G411MBT3, STM32G411MBT6, STM32G411R6T3, STM32G411R6T6, STM32G411R8T3, STM32G411R8T6, STM32G411RBT3, STM32G411RBT6, STM32G414CBT3, STM32G414CBT6, STM32G414CBU3, STM32G414CBU6, STM32G414CCT3, STM32G414CCT6, STM32G414CCU3, STM32G414CCU6, STM32G414MBT3, STM32G414MBT6, STM32G414MCT3, STM32G414MCT6, STM32G414RBT3, STM32G414RBT6, STM32G414RCT3, STM32G414RCT6, STM32G414VBT3, STM32G414VBT6, STM32G414VCT3, STM32G414VCT6, STM32G431CBT3Z, STM32G431RBT3Z, STM32G471CCT6, STM32G471CCU6, STM32G471CET3, STM32G471CET6, STM32G471CEU3, STM32G471CEU6, STM32G471MCT6, STM32G471MET3, STM32G471MET6, STM32G471MEY6TR, STM32G471QCT6, STM32G471QET3, STM32G471RCT6, STM32G471RET3, STM32G471RET6, STM32G471VCH6, STM32G471VCI6, STM32G471VCT6, STM32G471VEH3, STM32G471VEH6, STM32G471VEI3, STM32G471VEI6, STM32G471VET3, STM32G471VET6, STM32G473QET3Z, STM32G473RET3Z, STM32G474CCT6, STM32G491RET3Z, STM32H503CBT6, STM32H503CBU6, STM32H503EBY6TR, STM32H503KBU6, STM32H503RBT6, STM32H523CCT6, STM32H523CCU6, STM32H523CET6, STM32H523CEU6, STM32H523HEY6TR, STM32H523RCT6, STM32H523RET6, STM32H523VCI6, STM32H523VCT6, STM32H523VEI6, STM32H523VET6, STM32H523ZCJ6, STM32H523ZCT6, STM32H523ZEJ6, STM32H523ZET6, STM32H533CET6, STM32H533CEU6, STM32H533HEY6TR, STM32H533RET6, STM32H533VEI6, STM32H533VET6, STM32H533ZEJ6, STM32H533ZET6, STM32H562AGI6, STM32H562AII6, STM32H562IGK6, STM32H562IGT6, STM32H562IIK6, STM32H562IIT6, STM32H562RGT6, STM32H562RGV6, STM32H562RIT6, STM32H562RIV6, STM32H562VGT6, STM32H562VIT6, STM32H562ZGT6, STM32H562ZIT6, STM32H563AGI6, STM32H563AII3Q, STM32H563AII6, STM32H563IGK6, STM32H563IGT6, STM32H563IIK3Q, STM32H563IIK6, STM32H563IIT3Q, STM32H563IIT6, STM32H563MIY3QTR, STM32H563RGT6, STM32H563RGV6, STM32H563RIT6, STM32H563RIV6, STM32H563VGT6, STM32H563VIT3Q, STM32H563VIT6, STM32H563ZGT6, STM32H563ZIT3Q, STM32H563ZIT6, STM32H573AII3Q, STM32H573AII6, STM32H573I-DK, STM32H573IIK3Q, STM32H573IIK6, STM32H573IIT3Q, STM32H573IIT6, STM32H573MIY3QTR, STM32H573RIT6, STM32H573RIV6, STM32H573VIT3Q, STM32H573VIT6, STM32H573ZIT3Q, STM32H573ZIT6, STM32H7R3A8I6, STM32H7R3I8K6, STM32H7R3I8T6, STM32H7R3L8H6, STM32H7R3L8H6H, STM32H7R3R8V6, STM32H7R3V8H6, STM32H7R3V8T6, STM32H7R3V8Y6TR, STM32H7R3Z8J6, STM32H7R3Z8T6, STM32H7R7A8I6, STM32H7R7I8K6, STM32H7R7I8T6, STM32H7R7L8H6, STM32H7R7L8H6H, STM32H7R7Z8J6, STM32H7S3A8I6, STM32H7S3I8K6, STM32H7S3I8T6, STM32H7S3L8H6, STM32H7S3L8H6H, STM32H7S3R8V6, STM32H7S3V8H6, STM32H7S3V8T6, STM32H7S3V8Y6TR, STM32H7S3Z8J6, STM32H7S3Z8T6, STM32H7S78-DK, STM32H7S7A8I6, STM32H7S7I8K6, STM32H7S7I8T6, STM32H7S7L8H6, STM32H7S7L8H6H, STM32H7S7Z8J6, STM32L4R5QGI6STR, STM32MP131AAE3, STM32MP131AAF3, STM32MP131AAG3, STM32MP131CAE3, STM32MP131CAF3, STM32MP131CAG3, STM32MP131DAE7, STM32MP131DAF7, STM32MP131DAG7, STM32MP131FAE7, STM32MP131FAF7, STM32MP131FAG7, STM32MP133AAE3, STM32MP133AAF3, STM32MP133AAG3, STM32MP133CAE3, STM32MP133CAF3, STM32MP133CAG3, STM32MP133DAE7, STM32MP133DAF7, STM32MP133DAG7, STM32MP133FAE7, STM32MP133FAF7, STM32MP133FAG7, STM32MP135AAE3, STM32MP135AAF3, STM32MP135AAG3, STM32MP135CAE3, STM32MP135CAF3, STM32MP135CAG3, STM32MP135DAE7, STM32MP135DAF7, STM32MP135DAG7, STM32MP135F-DK, STM32MP135FAE7, STM32MP135FAF7, STM32MP135FAF7T, STM32MP135FAF7U, STM32MP135FAG7, STM32MP211AAL3, STM32MP211AAM3, STM32MP211AAN3, STM32MP211AAO3, STM32MP211CAL3, STM32MP211CAM3, STM32MP211CAN3, STM32MP211CAO3, STM32MP211DAL3, STM32MP211DAM3, STM32MP211DAN3, STM32MP211DAO3, STM32MP211FAL3, STM32MP211FAM3, STM32MP211FAN3, STM32MP211FAO3, STM32MP213AAL3, STM32MP213AAM3, STM32MP213AAN3, STM32MP213AAO3, STM32MP213CAL3, STM32MP213CAM3, STM32MP213CAN3, STM32MP213CAO3, STM32MP213DAL3, STM32MP213DAM3, STM32MP213DAN3, STM32MP213DAO3, STM32MP213FAL3, STM32MP213FAM3, STM32MP213FAN3, STM32MP213FAO3, STM32MP215AAL3, STM32MP215AAM3, STM32MP215AAN3, STM32MP215AAO3, STM32MP215CAL3, STM32MP215CAM3, STM32MP215CAN3, STM32MP215CAO3, STM32MP215DAL3, STM32MP215DAM3, STM32MP215DAN3, STM32MP215DAO3, STM32MP215F-DK, STM32MP215FAL3, STM32MP215FAM3, STM32MP215FAN3, STM32MP215FAO3, STM32MP231AAJ3, STM32MP231AAK3, STM32MP231AAL3, STM32MP231CAJ3, STM32MP231CAK3, STM32MP231CAL3, STM32MP231DAJ3, STM32MP231DAK3, STM32MP231DAL3, STM32MP231FAJ3, STM32MP231FAK3, STM32MP231FAL3, STM32MP233AAJ3, STM32MP233AAK3, STM32MP233AAL3, STM32MP233CAJ3, STM32MP233CAK3, STM32MP233CAL3, STM32MP233DAJ3, STM32MP233DAK3, STM32MP233DAL3, STM32MP233FAJ3, STM32MP233FAK3, STM32MP233FAL3, STM32MP235AAJ3, STM32MP235AAK3, STM32MP235AAL3, STM32MP235CAJ3, STM32MP235CAK3, STM32MP235CAL3, STM32MP235DAJ3, STM32MP235DAK3, STM32MP235DAL3, STM32MP235FAJ3, STM32MP235FAK3, STM32MP235FAL3, STM32MP251AAI3, STM32MP251AAK3, STM32MP251AAL3, STM32MP251CAI3, STM32MP251CAK3, STM32MP251CAL3, STM32MP251DAI3, STM32MP251DAK3, STM32MP251DAL3, STM32MP251FAI3, STM32MP251FAK3, STM32MP251FAL3, STM32MP253AAI3, STM32MP253AAK3, STM32MP253AAL3, STM32MP253CAI3, STM32MP253CAK3, STM32MP253CAL3, STM32MP253DAI3, STM32MP253DAK3, STM32MP253DAL3, STM32MP253FAI3, STM32MP253FAK3, STM32MP253FAL3, STM32MP255AAI3, STM32MP255AAK3, STM32MP255AAL3, STM32MP255CAI3, STM32MP255CAK3, STM32MP255CAL3, STM32MP255DAI3, STM32MP255DAK3, STM32MP255DAL3, STM32MP255FAI3, STM32MP255FAK3, STM32MP255FAL3, STM32MP257AAI3, STM32MP257AAK3, STM32MP257AAL3, STM32MP257CAI3, STM32MP257CAK3, STM32MP257CAL3, STM32MP257DAI3, STM32MP257DAK3, STM32MP257DAL3, STM32MP257F-DK, STM32MP257F-EV1, STM32MP257FAI3, STM32MP257FAK3, STM32MP257FAL3, STM32N645A0H3Q, STM32N645B0H3Q, STM32N645I0H3Q, STM32N645L0H3Q, STM32N645X0H3Q, STM32N645Z0H3Q, STM32N647A0H3Q, STM32N647B0H3Q, STM32N647I0H3Q, STM32N647L0H3Q, STM32N647X0H3Q, STM32N647Z0H3Q, STM32N655A0H3Q, STM32N655B0H3Q, STM32N655I0H3Q, STM32N655L0H3Q, STM32N655X0H3Q, STM32N655Z0H3Q, STM32N6570-DK, STM32N657A0H3Q, STM32N657B0H3Q, STM32N657I0H3Q, STM32N657L0H3Q, STM32N657X0H3Q, STM32N657Z0H3Q, STM32U031C6T6, STM32U031C6U6, STM32U031C8T6, STM32U031C8U6, STM32U031F4P6, STM32U031F6P6, STM32U031F8P6, STM32U031G6Y6TR, STM32U031G8Y6TR, STM32U031K4U6, STM32U031K6U6, STM32U031K8U6, STM32U031R6I6, STM32U031R6T6, STM32U031R8I6, STM32U031R8T6, STM32U073C8T6, STM32U073C8U6, STM32U073CBT6, STM32U073CBU6, STM32U073CCT6, STM32U073CCU6, STM32U073H8Y6TR, STM32U073HBY6TR, STM32U073HCY6TR, STM32U073K8U6, STM32U073KBU6, STM32U073KCU6, STM32U073M8I6, STM32U073M8T6, STM32U073MBI6, STM32U073MBT6, STM32U073MCI6, STM32U073MCT6, STM32U073R8I6, STM32U073R8T6, STM32U073RBI6, STM32U073RBT6, STM32U073RCI6, STM32U073RCT6, STM32U083C-DK, STM32U083CCT6, STM32U083CCU6, STM32U083HCY6TR, STM32U083KCU6, STM32U083MCI6, STM32U083MCT6, STM32U083RCI6, STM32U083RCT6, STM32U375CET6, STM32U375CET6Q, STM32U375CEU6, STM32U375CEU6Q, STM32U375CEY6QTR, STM32U375CGT6, STM32U375CGT6Q, STM32U375CGU6, STM32U375CGU6Q, STM32U375CGY6QTR, STM32U375KEU6, STM32U375KGU6, STM32U375REI6, STM32U375REI6Q, STM32U375RET6, STM32U375RET6Q, STM32U375REY6GTR, STM32U375REY6QTR, STM32U375RGI6, STM32U375RGI6Q, STM32U375RGT6, STM32U375RGT6Q, STM32U375RGY6GTR, STM32U375RGY6QTR, STM32U375VEI6, STM32U375VEI6Q, STM32U375VET6, STM32U375VET6Q, STM32U375VGI6, STM32U375VGI6Q, STM32U375VGT6, STM32U375VGT6Q, STM32U385CGT6, STM32U385CGT6Q, STM32U385CGU6, STM32U385CGU6Q, STM32U385CGY6QTR, STM32U385KGU6, STM32U385RGI6, STM32U385RGI6Q, STM32U385RGT6, STM32U385RGT6Q, STM32U385RGY6GTR, STM32U385RGY6QTR, STM32U385VGI6, STM32U385VGI6Q, STM32U385VGT6, STM32U385VGT6Q, STM32U535CBT6, STM32U535CBT6Q, STM32U535CBU6, STM32U535CBU6Q, STM32U535CCT6, STM32U535CCT6Q, STM32U535CCU6, STM32U535CCU6Q, STM32U535CET6, STM32U535CET6Q, STM32U535CEU6, STM32U535CEU6Q, STM32U535JEY6QTR, STM32U535NCY6QTR, STM32U535NEY6QTR, STM32U535RBI6, STM32U535RBI6Q, STM32U535RBT6, STM32U535RBT6Q, STM32U535RCI6, STM32U535RCI6Q, STM32U535RCT6, STM32U535RCT6Q, STM32U535REI6, STM32U535REI6Q, STM32U535RET6, STM32U535RET6Q, STM32U535VCI6, STM32U535VCI6Q, STM32U535VCT6, STM32U535VCT6Q, STM32U535VEI6, STM32U535VEI6Q, STM32U535VET6, STM32U535VET6Q, STM32U545CET6, STM32U545CET6Q, STM32U545CEU6, STM32U545CEU6Q, STM32U545JEY6QTR, STM32U545NEY6QTR, STM32U545REI6, STM32U545REI6Q, STM32U545RET6, STM32U545RET6Q, STM32U545VEI6, STM32U545VEI6Q, STM32U545VET6, STM32U545VET6Q, STM32U595AIH6, STM32U595AIH6Q, STM32U595AJH6, STM32U595AJH6Q, STM32U595QII6, STM32U595QII6Q, STM32U595QJI6, STM32U595QJI6Q, STM32U595RIT6, STM32U595RIT6Q, STM32U595RJT6, STM32U595RJT6Q, STM32U595VIT6, STM32U595VIT6Q, STM32U595VJT6, STM32U595VJT6Q, STM32U595ZIT6, STM32U595ZIT6Q, STM32U595ZIY6QTR, STM32U595ZJT6, STM32U595ZJT6Q, STM32U595ZJY6QTR, STM32U599BJY6QTR, STM32U599NIH6Q, STM32U599NJH6Q, STM32U599VIT6Q, STM32U599VJT6, STM32U599VJT6Q, STM32U599ZIT6Q, STM32U599ZIY6QTR, STM32U599ZJT6Q, STM32U599ZJY6QTR, STM32U5A5AJH6, STM32U5A5AJH6Q, STM32U5A5QII3Q , STM32U5A5QJI6, STM32U5A5QJI6Q, STM32U5A5RJT6, STM32U5A5RJT6Q, STM32U5A5VJT6, STM32U5A5VJT6Q, STM32U5A5ZJT6, STM32U5A5ZJT6Q, STM32U5A5ZJY6QTR, STM32U5A9BJY6QTR, STM32U5A9J-DK, STM32U5A9NJH6Q, STM32U5A9VJT6Q, STM32U5A9ZJT6Q, STM32U5A9ZJY6QTR, STM32U5F7VIT6, STM32U5F7VIT6Q, STM32U5F7VJT6, STM32U5F7VJT6Q, STM32U5F9BJY6QTR, STM32U5F9NJH6Q, STM32U5F9VIT6Q, STM32U5F9VJT6Q, STM32U5F9ZIJ6QTR, STM32U5F9ZIT6Q, STM32U5F9ZJJ6QTR, STM32U5F9ZJT6Q, STM32U5G7VJT6, STM32U5G7VJT6Q, STM32U5G9BJY6QTR, STM32U5G9J-DK1, STM32U5G9J-DK2, STM32U5G9NJH6Q, STM32U5G9VJT6Q, STM32U5G9ZJJ6QTR, STM32U5G9ZJT6Q, STM32WB05KZV6TR, STM32WB05KZV7TR, STM32WB05TZF6TR, STM32WB05TZF7TR, STM32WB06CCF6TR, STM32WB06CCF7TR, STM32WB06CCV6TR, STM32WB06CCV7TR, STM32WB06KCV6TR, STM32WB06KCV7TR, STM32WB07CCF6TR, STM32WB07CCF7TR, STM32WB07CCV6TR, STM32WB07CCV7TR, STM32WB07KCV6TR, STM32WB07KCV7TR, STM32WB09KEV6TR, STM32WB09KEV7TR, STM32WB09TEF6TR, STM32WB09TEF7TR, STM32WB1MMCH6, STM32WBA50KGU6, STM32WBA50KGU6TR, STM32WBA52CEU6, STM32WBA52CEU6TR, STM32WBA52CEU7, STM32WBA52CEU7TR, STM32WBA52CGU6, STM32WBA52CGU6TR, STM32WBA52CGU6U, STM32WBA52CGU7, STM32WBA52CGU7TR, STM32WBA52KEU6, STM32WBA52KEU6TR, STM32WBA52KGU6, STM32WBA52KGU6TR, STM32WBA54CEU6, STM32WBA54CEU6TR, STM32WBA54CEU7, STM32WBA54CEU7TR, STM32WBA54CGU6, STM32WBA54CGU6TR, STM32WBA54CGU7, STM32WBA54CGU7TR, STM32WBA54KEU6, STM32WBA54KEU6TR, STM32WBA54KEU7, STM32WBA54KEU7TR, STM32WBA54KGU6, STM32WBA54KGU6TR, STM32WBA54KGU7, STM32WBA54KGU7TR, STM32WBA55CEU6, STM32WBA55CEU6TR, STM32WBA55CEU7, STM32WBA55CEU7TR, STM32WBA55CGU6, STM32WBA55CGU6TR, STM32WBA55CGU6U, STM32WBA55CGU7, STM32WBA55CGU7TR, STM32WBA55G-DK1, STM32WBA55HEF6, STM32WBA55HEF7, STM32WBA55HGF6, STM32WBA55HGF7, STM32WBA55UEI6, STM32WBA55UEI6TR, STM32WBA55UEI7, STM32WBA55UEI7TR, STM32WBA55UGI6, STM32WBA55UGI6TR, STM32WBA55UGI7, STM32WBA55UGI7TR, STM32WBA5MMGH6TR, STM32WBA62MGF6, STM32WBA62MIF6, STM32WBA65MGF7, STM32WBA65MIF6, STM32WBA65MIF7, STM32WL30K8V6, STM32WL30KBV6, STM32WL31C8V6, STM32WL31CBV6, STM32WL31K8V6, STM32WL31KBV6, STM32WL33C8V6, STM32WL33C8V6X, STM32WL33CBV6, STM32WL33CBV6X, STM32WL33CCV6, STM32WL33CCV6A, STM32WL33CCV6X, STM32WL33K8V7, STM32WL33K8V7X, STM32WL33KBV7 , STM32WL33KBV7X, STM32WL33KCV7, STM32WL33KCV7X, STM32WL5MOCH6, STM32WL5MOCH6TR]
2025-12-25 16:40:02,045 [INFO] DbMcus:218 - Found 4876 MCUs, 4876 are supported
2025-12-25 16:40:02,046 [INFO] ApiDb:423 - Load user favorites file C:\Users\user/.stm32cubeide/favorites.mcus.txt: 0 item(s)
2025-12-25 16:40:02,046 [INFO] ApiDb:427 - User favorites MCUs=[]
2025-12-25 16:40:02,046 [INFO] DbMcus:224 - Set 0 / 0 favorites MCUs
2025-12-25 16:40:02,387 [INFO] ApiDb:448 - Save user favorites file C:\Users\user/.stm32cubeide/favorites.boards.txt: 1 item(s)
2025-12-25 16:40:02,387 [INFO] ApiDb:452 - User favorites Boards=[NUCLEO-L476RG]
2025-12-25 16:40:02,388 [INFO] ApiDb:581 - Connected to CubeFinder SQLite database (C:\Users\user\.stmcufinder\plugins\mcufinder\mcu\cube-finder-db.db)
2025-12-25 16:40:02,441 [INFO] ApiDb:668 - CubeFinder database Data Model version=2.1
2025-12-25 16:40:02,442 [INFO] ApiDb:669 - CubeFinder database Configuration version=3.0.39
2025-12-25 16:40:02,442 [INFO] ApiDb:670 - CubeFinder database generation date=2025-11-05 (1762334721)
2025-12-25 16:40:02,442 [INFO] ApiDb:671 - CubeFinder database FW Pack versions=[FP-ATR-ASTRA1_V2.0.0, FP-SNS-FLIGHT1_V5.1.0, FP-SNS-MOTENV1_V5.1.0, FP-SNS-MOTENVWB1_V1.4.0, FP-SNS-SMARTAG2_V1.2.0, FP-SNS-STBOX1_V2.1.0, STM32Cube_FW_C0_V1.4.0, STM32Cube_FW_F4_V1.28.3, STM32Cube_FW_F7_V1.17.4, STM32Cube_FW_G0_V1.6.2, STM32Cube_FW_G4_V1.6.1, STM32Cube_FW_H5_V1.5.1, STM32Cube_FW_H7RS_V1.3.0, STM32Cube_FW_H7_V1.12.1, STM32Cube_FW_L0_V1.12.2, STM32Cube_FW_L4_V1.18.1, STM32Cube_FW_L5_V1.6.0, STM32Cube_FW_N6_V1.3.0, STM32Cube_FW_U0_V1.3.0, STM32Cube_FW_U3_V1.2.1, STM32Cube_FW_U5_V1.8.0, STM32Cube_FW_WB0_V1.4.0, STM32Cube_FW_WBA_V1.8.0, STM32Cube_FW_WB_V1.24.0, STM32Cube_FW_WL3_V1.3.0, STM32Cube_FW_WL_V1.4.0, X-CUBE-ALGOBUILD_V1.4.0, X-CUBE-ALS_V1.0.2, X-CUBE-AZRTOS-F4_V1.1.0, X-CUBE-AZRTOS-F7_V1.1.0, X-CUBE-AZRTOS-G0_V1.1.0, X-CUBE-AZRTOS-G4_V2.0.0, X-CUBE-AZRTOS-H7RS_V1.1.0, X-CUBE-AZRTOS-H7_V3.4.0, X-CUBE-AZRTOS-L4_V2.0.0, X-CUBE-AZRTOS-L5_V2.0.0, X-CUBE-AZRTOS-WB_V2.0.0, X-CUBE-AZRTOS-WL_V2.0.0, X-CUBE-BLE1_V7.1.0, X-CUBE-BLE2_V3.3.0, X-CUBE-BLEMGR_V4.1.0, X-CUBE-EEPRMA1_V5.2.0, X-CUBE-FREERTOS_V1.3.1, X-CUBE-GNSS1_V6.0.0, X-CUBE-MEMS1_V11.3.0, X-CUBE-NFC4_V3.0.0, X-CUBE-NFC7_V2.0.0, X-CUBE-SFXS2LP1_V4.0.0, X-CUBE-ST67W61_V1.1.0, X-CUBE-SUBG2_V5.0.0, X-CUBE-TOF1_V3.4.3]
2025-12-25 16:40:02,479 [INFO] DbBoardsSqlite:226 - include board P-NUCLEO-WB55-NUCLEO as a kit item of type 'Nucleo-64'
2025-12-25 16:40:02,480 [INFO] DbBoardsSqlite:226 - include board P-NUCLEO-WB55-USBDONGLE as a kit item of type 'Nucleo USB Dongle'
2025-12-25 16:40:02,480 [INFO] DbBoardsSqlite:226 - include board STEVAL-IDP005V1 as a kit item of type 'Evaluation Board'
2025-12-25 16:40:02,480 [INFO] DbBoardsSqlite:226 - include board STEVAL-IDP005V2 as a kit item of type 'Evaluation Board'
2025-12-25 16:40:02,529 [INFO] ApiDb:240 - Found 880 in-development CPN: [B-G473E-ZEST1S, B-WB1M-WPAN1, B-WBA5M-WPAN, B-WL5M-SUBG1, NUCLEO-C031C6, NUCLEO-C051C8, NUCLEO-C071RB, NUCLEO-C092RC, NUCLEO-H503RB, NUCLEO-H533RE, NUCLEO-H563ZI, NUCLEO-H7S3L8, NUCLEO-N657X0-Q, NUCLEO-U031R8, NUCLEO-U083RC, NUCLEO-U385RG-Q, NUCLEO-U545RE-Q, NUCLEO-U5A5ZJ-Q, NUCLEO-WB05KZ, NUCLEO-WB07CC, NUCLEO-WB09KE, NUCLEO-WBA52CG, NUCLEO-WBA55CG, NUCLEO-WL33CC1, NUCLEO-WL33CC2, STEVAL-PROTEUS1, STEVAL-SMARTAG2, STEVAL-STWINBX1, STM320518-EVAL, STM32C0116-DK, STM32C011D6Y3TR, STM32C011D6Y6TR, STM32C011F4P3, STM32C011F4P6, STM32C011F4U3, STM32C011F4U6TR, STM32C011F6P3, STM32C011F6P6, STM32C011F6U3, STM32C011F6U6TR, STM32C011J4M3, STM32C011J4M6, STM32C011J6M3, STM32C011J6M6, STM32C0316-DK, STM32C031C4T3, STM32C031C4T6, STM32C031C4U3, STM32C031C4U6, STM32C031C6T3, STM32C031C6T6, STM32C031C6U3, STM32C031C6U6, STM32C031F4P3, STM32C031F4P6, STM32C031F6P3, STM32C031F6P6, STM32C031G4U3, STM32C031G4U6, STM32C031G6U3, STM32C031G6U6, STM32C031K4T3, STM32C031K4T6, STM32C031K4U3, STM32C031K4U6, STM32C031K6T3, STM32C031K6T6, STM32C031K6U3, STM32C031K6U6, STM32C051C6T6, STM32C051C6U6, STM32C051C8T6, STM32C051C8U6, STM32C051D8Y6TR, STM32C051F6P6, STM32C051F8P6, STM32C051G6U6, STM32C051G8U6, STM32C051K6T6, STM32C051K6U6, STM32C051K8T6, STM32C071C8T6, STM32C071C8T6N, STM32C071C8U6, STM32C071C8U6N, STM32C071CBT6, STM32C071CBT6N, STM32C071CBU6, STM32C071CBU6N, STM32C071F8P6, STM32C071F8P6N, STM32C071FBP6, STM32C071FBP6N, STM32C071FBY6TR, STM32C071G8U6, STM32C071G8U6N, STM32C071GBU6, STM32C071GBU6N, STM32C071K8T6, STM32C071K8T6N, STM32C071K8U6, STM32C071K8U6N, STM32C071KBT6, STM32C071KBT6N, STM32C071KBU6, STM32C071KBU6N, STM32C071R8T6, STM32C071R8T6N, STM32C071RBI6N, STM32C071RBT6, STM32C071RBT6N, STM32C091CBT6, STM32C091CBU6, STM32C091CCT6, STM32C091CCU6, STM32C091ECY6TR, STM32C091FBP6, STM32C091FCP6, STM32C091GBU6, STM32C091GCU6, STM32C091KBT6, STM32C091KBU6, STM32C091KCT6, STM32C091KCU6, STM32C091RBT6, STM32C091RCI6, STM32C091RCT6, STM32C092CBT6, STM32C092CBU6, STM32C092CCT6, STM32C092CCU6, STM32C092ECY6TR, STM32C092FBP6, STM32C092FCP6, STM32C092GBU6, STM32C092GCU6, STM32C092KBT6, STM32C092KBU6, STM32C092KCT6, STM32C092KCU6, STM32C092RBT6, STM32C092RCI6, STM32C092RCT6, STM32G071K8TXN, STM32G071K8UXN, STM32G081GBU6N, STM32G081KBT6N, STM32G081KBUXN, STM32G0B1CCT6N, STM32G0B1KCT6, STM32G0B1NEY6TR, STM32G0B1RCT6N, STM32G0C1CCT6, STM32G0C1CCT6N, STM32G0C1CCU6N, STM32G0C1CET6N, STM32G0C1CEU6N, STM32G0C1KCT6, STM32G0C1NEY6TR, STM32G0C1RCI6N, STM32G0C1RCT6N, STM32G0C1REI6N, STM32G0C1RET6N, STM32G0C1VCI6, STM32G0C1VEI6, STM32G411C6T3, STM32G411C6T6, STM32G411C6U3, STM32G411C6U6, STM32G411C8T3, STM32G411C8T6, STM32G411C8U3, STM32G411C8U6, STM32G411CBT3, STM32G411CBT6, STM32G411CBU3, STM32G411CBU6, STM32G411K6T3, STM32G411K6T6, STM32G411K6U3, STM32G411K6U6, STM32G411K8T3, STM32G411K8T6, STM32G411K8U3, STM32G411K8U6, STM32G411KBT3, STM32G411KBT6, STM32G411KBU3, STM32G411KBU6, STM32G411M6T3, STM32G411M6T6, STM32G411M8T3, STM32G411M8T6, STM32G411MBT3, STM32G411MBT6, STM32G411R6T3, STM32G411R6T6, STM32G411R8T3, STM32G411R8T6, STM32G411RBT3, STM32G411RBT6, STM32G414CBT3, STM32G414CBT6, STM32G414CBU3, STM32G414CBU6, STM32G414CCT3, STM32G414CCT6, STM32G414CCU3, STM32G414CCU6, STM32G414MBT3, STM32G414MBT6, STM32G414MCT3, STM32G414MCT6, STM32G414RBT3, STM32G414RBT6, STM32G414RCT3, STM32G414RCT6, STM32G414VBT3, STM32G414VBT6, STM32G414VCT3, STM32G414VCT6, STM32G431CBT3Z, STM32G431RBT3Z, STM32G471CCT6, STM32G471CCU6, STM32G471CET3, STM32G471CET6, STM32G471CEU3, STM32G471CEU6, STM32G471MCT6, STM32G471MET3, STM32G471MET6, STM32G471MEY6TR, STM32G471QCT6, STM32G471QET3, STM32G471RCT6, STM32G471RET3, STM32G471RET6, STM32G471VCH6, STM32G471VCI6, STM32G471VCT6, STM32G471VEH3, STM32G471VEH6, STM32G471VEI3, STM32G471VEI6, STM32G471VET3, STM32G471VET6, STM32G473QET3Z, STM32G473RET3Z, STM32G474CCT6, STM32G491RET3Z, STM32H503CBT6, STM32H503CBU6, STM32H503EBY6TR, STM32H503KBU6, STM32H503RBT6, STM32H523CCT6, STM32H523CCU6, STM32H523CET6, STM32H523CEU6, STM32H523HEY6TR, STM32H523RCT6, STM32H523RET6, STM32H523VCI6, STM32H523VCT6, STM32H523VEI6, STM32H523VET6, STM32H523ZCJ6, STM32H523ZCT6, STM32H523ZEJ6, STM32H523ZET6, STM32H533CET6, STM32H533CEU6, STM32H533HEY6TR, STM32H533RET6, STM32H533VEI6, STM32H533VET6, STM32H533ZEJ6, STM32H533ZET6, STM32H562AGI6, STM32H562AII6, STM32H562IGK6, STM32H562IGT6, STM32H562IIK6, STM32H562IIT6, STM32H562RGT6, STM32H562RGV6, STM32H562RIT6, STM32H562RIV6, STM32H562VGT6, STM32H562VIT6, STM32H562ZGT6, STM32H562ZIT6, STM32H563AGI6, STM32H563AII3Q, STM32H563AII6, STM32H563IGK6, STM32H563IGT6, STM32H563IIK3Q, STM32H563IIK6, STM32H563IIT3Q, STM32H563IIT6, STM32H563MIY3QTR, STM32H563RGT6, STM32H563RGV6, STM32H563RIT6, STM32H563RIV6, STM32H563VGT6, STM32H563VIT3Q, STM32H563VIT6, STM32H563ZGT6, STM32H563ZIT3Q, STM32H563ZIT6, STM32H573AII3Q, STM32H573AII6, STM32H573I-DK, STM32H573IIK3Q, STM32H573IIK6, STM32H573IIT3Q, STM32H573IIT6, STM32H573MIY3QTR, STM32H573RIT6, STM32H573RIV6, STM32H573VIT3Q, STM32H573VIT6, STM32H573ZIT3Q, STM32H573ZIT6, STM32H7R3A8I6, STM32H7R3I8K6, STM32H7R3I8T6, STM32H7R3L8H6, STM32H7R3L8H6H, STM32H7R3R8V6, STM32H7R3V8H6, STM32H7R3V8T6, STM32H7R3V8Y6TR, STM32H7R3Z8J6, STM32H7R3Z8T6, STM32H7R7A8I6, STM32H7R7I8K6, STM32H7R7I8T6, STM32H7R7L8H6, STM32H7R7L8H6H, STM32H7R7Z8J6, STM32H7S3A8I6, STM32H7S3I8K6, STM32H7S3I8T6, STM32H7S3L8H6, STM32H7S3L8H6H, STM32H7S3R8V6, STM32H7S3V8H6, STM32H7S3V8T6, STM32H7S3V8Y6TR, STM32H7S3Z8J6, STM32H7S3Z8T6, STM32H7S78-DK, STM32H7S7A8I6, STM32H7S7I8K6, STM32H7S7I8T6, STM32H7S7L8H6, STM32H7S7L8H6H, STM32H7S7Z8J6, STM32L4R5QGI6STR, STM32MP131AAE3, STM32MP131AAF3, STM32MP131AAG3, STM32MP131CAE3, STM32MP131CAF3, STM32MP131CAG3, STM32MP131DAE7, STM32MP131DAF7, STM32MP131DAG7, STM32MP131FAE7, STM32MP131FAF7, STM32MP131FAG7, STM32MP133AAE3, STM32MP133AAF3, STM32MP133AAG3, STM32MP133CAE3, STM32MP133CAF3, STM32MP133CAG3, STM32MP133DAE7, STM32MP133DAF7, STM32MP133DAG7, STM32MP133FAE7, STM32MP133FAF7, STM32MP133FAG7, STM32MP135AAE3, STM32MP135AAF3, STM32MP135AAG3, STM32MP135CAE3, STM32MP135CAF3, STM32MP135CAG3, STM32MP135DAE7, STM32MP135DAF7, STM32MP135DAG7, STM32MP135F-DK, STM32MP135FAE7, STM32MP135FAF7, STM32MP135FAF7T, STM32MP135FAF7U, STM32MP135FAG7, STM32MP211AAL3, STM32MP211AAM3, STM32MP211AAN3, STM32MP211AAO3, STM32MP211CAL3, STM32MP211CAM3, STM32MP211CAN3, STM32MP211CAO3, STM32MP211DAL3, STM32MP211DAM3, STM32MP211DAN3, STM32MP211DAO3, STM32MP211FAL3, STM32MP211FAM3, STM32MP211FAN3, STM32MP211FAO3, STM32MP213AAL3, STM32MP213AAM3, STM32MP213AAN3, STM32MP213AAO3, STM32MP213CAL3, STM32MP213CAM3, STM32MP213CAN3, STM32MP213CAO3, STM32MP213DAL3, STM32MP213DAM3, STM32MP213DAN3, STM32MP213DAO3, STM32MP213FAL3, STM32MP213FAM3, STM32MP213FAN3, STM32MP213FAO3, STM32MP215AAL3, STM32MP215AAM3, STM32MP215AAN3, STM32MP215AAO3, STM32MP215CAL3, STM32MP215CAM3, STM32MP215CAN3, STM32MP215CAO3, STM32MP215DAL3, STM32MP215DAM3, STM32MP215DAN3, STM32MP215DAO3, STM32MP215F-DK, STM32MP215FAL3, STM32MP215FAM3, STM32MP215FAN3, STM32MP215FAO3, STM32MP231AAJ3, STM32MP231AAK3, STM32MP231AAL3, STM32MP231CAJ3, STM32MP231CAK3, STM32MP231CAL3, STM32MP231DAJ3, STM32MP231DAK3, STM32MP231DAL3, STM32MP231FAJ3, STM32MP231FAK3, STM32MP231FAL3, STM32MP233AAJ3, STM32MP233AAK3, STM32MP233AAL3, STM32MP233CAJ3, STM32MP233CAK3, STM32MP233CAL3, STM32MP233DAJ3, STM32MP233DAK3, STM32MP233DAL3, STM32MP233FAJ3, STM32MP233FAK3, STM32MP233FAL3, STM32MP235AAJ3, STM32MP235AAK3, STM32MP235AAL3, STM32MP235CAJ3, STM32MP235CAK3, STM32MP235CAL3, STM32MP235DAJ3, STM32MP235DAK3, STM32MP235DAL3, STM32MP235FAJ3, STM32MP235FAK3, STM32MP235FAL3, STM32MP251AAI3, STM32MP251AAK3, STM32MP251AAL3, STM32MP251CAI3, STM32MP251CAK3, STM32MP251CAL3, STM32MP251DAI3, STM32MP251DAK3, STM32MP251DAL3, STM32MP251FAI3, STM32MP251FAK3, STM32MP251FAL3, STM32MP253AAI3, STM32MP253AAK3, STM32MP253AAL3, STM32MP253CAI3, STM32MP253CAK3, STM32MP253CAL3, STM32MP253DAI3, STM32MP253DAK3, STM32MP253DAL3, STM32MP253FAI3, STM32MP253FAK3, STM32MP253FAL3, STM32MP255AAI3, STM32MP255AAK3, STM32MP255AAL3, STM32MP255CAI3, STM32MP255CAK3, STM32MP255CAL3, STM32MP255DAI3, STM32MP255DAK3, STM32MP255DAL3, STM32MP255FAI3, STM32MP255FAK3, STM32MP255FAL3, STM32MP257AAI3, STM32MP257AAK3, STM32MP257AAL3, STM32MP257CAI3, STM32MP257CAK3, STM32MP257CAL3, STM32MP257DAI3, STM32MP257DAK3, STM32MP257DAL3, STM32MP257F-DK, STM32MP257F-EV1, STM32MP257FAI3, STM32MP257FAK3, STM32MP257FAL3, STM32N645A0H3Q, STM32N645B0H3Q, STM32N645I0H3Q, STM32N645L0H3Q, STM32N645X0H3Q, STM32N645Z0H3Q, STM32N647A0H3Q, STM32N647B0H3Q, STM32N647I0H3Q, STM32N647L0H3Q, STM32N647X0H3Q, STM32N647Z0H3Q, STM32N655A0H3Q, STM32N655B0H3Q, STM32N655I0H3Q, STM32N655L0H3Q, STM32N655X0H3Q, STM32N655Z0H3Q, STM32N6570-DK, STM32N657A0H3Q, STM32N657B0H3Q, STM32N657I0H3Q, STM32N657L0H3Q, STM32N657X0H3Q, STM32N657Z0H3Q, STM32U031C6T6, STM32U031C6U6, STM32U031C8T6, STM32U031C8U6, STM32U031F4P6, STM32U031F6P6, STM32U031F8P6, STM32U031G6Y6TR, STM32U031G8Y6TR, STM32U031K4U6, STM32U031K6U6, STM32U031K8U6, STM32U031R6I6, STM32U031R6T6, STM32U031R8I6, STM32U031R8T6, STM32U073C8T6, STM32U073C8U6, STM32U073CBT6, STM32U073CBU6, STM32U073CCT6, STM32U073CCU6, STM32U073H8Y6TR, STM32U073HBY6TR, STM32U073HCY6TR, STM32U073K8U6, STM32U073KBU6, STM32U073KCU6, STM32U073M8I6, STM32U073M8T6, STM32U073MBI6, STM32U073MBT6, STM32U073MCI6, STM32U073MCT6, STM32U073R8I6, STM32U073R8T6, STM32U073RBI6, STM32U073RBT6, STM32U073RCI6, STM32U073RCT6, STM32U083C-DK, STM32U083CCT6, STM32U083CCU6, STM32U083HCY6TR, STM32U083KCU6, STM32U083MCI6, STM32U083MCT6, STM32U083RCI6, STM32U083RCT6, STM32U375CET6, STM32U375CET6Q, STM32U375CEU6, STM32U375CEU6Q, STM32U375CEY6QTR, STM32U375CGT6, STM32U375CGT6Q, STM32U375CGU6, STM32U375CGU6Q, STM32U375CGY6QTR, STM32U375KEU6, STM32U375KGU6, STM32U375REI6, STM32U375REI6Q, STM32U375RET6, STM32U375RET6Q, STM32U375REY6GTR, STM32U375REY6QTR, STM32U375RGI6, STM32U375RGI6Q, STM32U375RGT6, STM32U375RGT6Q, STM32U375RGY6GTR, STM32U375RGY6QTR, STM32U375VEI6, STM32U375VEI6Q, STM32U375VET6, STM32U375VET6Q, STM32U375VGI6, STM32U375VGI6Q, STM32U375VGT6, STM32U375VGT6Q, STM32U385CGT6, STM32U385CGT6Q, STM32U385CGU6, STM32U385CGU6Q, STM32U385CGY6QTR, STM32U385KGU6, STM32U385RGI6, STM32U385RGI6Q, STM32U385RGT6, STM32U385RGT6Q, STM32U385RGY6GTR, STM32U385RGY6QTR, STM32U385VGI6, STM32U385VGI6Q, STM32U385VGT6, STM32U385VGT6Q, STM32U535CBT6, STM32U535CBT6Q, STM32U535CBU6, STM32U535CBU6Q, STM32U535CCT6, STM32U535CCT6Q, STM32U535CCU6, STM32U535CCU6Q, STM32U535CET6, STM32U535CET6Q, STM32U535CEU6, STM32U535CEU6Q, STM32U535JEY6QTR, STM32U535NCY6QTR, STM32U535NEY6QTR, STM32U535RBI6, STM32U535RBI6Q, STM32U535RBT6, STM32U535RBT6Q, STM32U535RCI6, STM32U535RCI6Q, STM32U535RCT6, STM32U535RCT6Q, STM32U535REI6, STM32U535REI6Q, STM32U535RET6, STM32U535RET6Q, STM32U535VCI6, STM32U535VCI6Q, STM32U535VCT6, STM32U535VCT6Q, STM32U535VEI6, STM32U535VEI6Q, STM32U535VET6, STM32U535VET6Q, STM32U545CET6, STM32U545CET6Q, STM32U545CEU6, STM32U545CEU6Q, STM32U545JEY6QTR, STM32U545NEY6QTR, STM32U545REI6, STM32U545REI6Q, STM32U545RET6, STM32U545RET6Q, STM32U545VEI6, STM32U545VEI6Q, STM32U545VET6, STM32U545VET6Q, STM32U595AIH6, STM32U595AIH6Q, STM32U595AJH6, STM32U595AJH6Q, STM32U595QII6, STM32U595QII6Q, STM32U595QJI6, STM32U595QJI6Q, STM32U595RIT6, STM32U595RIT6Q, STM32U595RJT6, STM32U595RJT6Q, STM32U595VIT6, STM32U595VIT6Q, STM32U595VJT6, STM32U595VJT6Q, STM32U595ZIT6, STM32U595ZIT6Q, STM32U595ZIY6QTR, STM32U595ZJT6, STM32U595ZJT6Q, STM32U595ZJY6QTR, STM32U599BJY6QTR, STM32U599NIH6Q, STM32U599NJH6Q, STM32U599VIT6Q, STM32U599VJT6, STM32U599VJT6Q, STM32U599ZIT6Q, STM32U599ZIY6QTR, STM32U599ZJT6Q, STM32U599ZJY6QTR, STM32U5A5AJH6, STM32U5A5AJH6Q, STM32U5A5QII3Q , STM32U5A5QJI6, STM32U5A5QJI6Q, STM32U5A5RJT6, STM32U5A5RJT6Q, STM32U5A5VJT6, STM32U5A5VJT6Q, STM32U5A5ZJT6, STM32U5A5ZJT6Q, STM32U5A5ZJY6QTR, STM32U5A9BJY6QTR, STM32U5A9J-DK, STM32U5A9NJH6Q, STM32U5A9VJT6Q, STM32U5A9ZJT6Q, STM32U5A9ZJY6QTR, STM32U5F7VIT6, STM32U5F7VIT6Q, STM32U5F7VJT6, STM32U5F7VJT6Q, STM32U5F9BJY6QTR, STM32U5F9NJH6Q, STM32U5F9VIT6Q, STM32U5F9VJT6Q, STM32U5F9ZIJ6QTR, STM32U5F9ZIT6Q, STM32U5F9ZJJ6QTR, STM32U5F9ZJT6Q, STM32U5G7VJT6, STM32U5G7VJT6Q, STM32U5G9BJY6QTR, STM32U5G9J-DK1, STM32U5G9J-DK2, STM32U5G9NJH6Q, STM32U5G9VJT6Q, STM32U5G9ZJJ6QTR, STM32U5G9ZJT6Q, STM32WB05KZV6TR, STM32WB05KZV7TR, STM32WB05TZF6TR, STM32WB05TZF7TR, STM32WB06CCF6TR, STM32WB06CCF7TR, STM32WB06CCV6TR, STM32WB06CCV7TR, STM32WB06KCV6TR, STM32WB06KCV7TR, STM32WB07CCF6TR, STM32WB07CCF7TR, STM32WB07CCV6TR, STM32WB07CCV7TR, STM32WB07KCV6TR, STM32WB07KCV7TR, STM32WB09KEV6TR, STM32WB09KEV7TR, STM32WB09TEF6TR, STM32WB09TEF7TR, STM32WB1MMCH6, STM32WBA50KGU6, STM32WBA50KGU6TR, STM32WBA52CEU6, STM32WBA52CEU6TR, STM32WBA52CEU7, STM32WBA52CEU7TR, STM32WBA52CGU6, STM32WBA52CGU6TR, STM32WBA52CGU6U, STM32WBA52CGU7, STM32WBA52CGU7TR, STM32WBA52KEU6, STM32WBA52KEU6TR, STM32WBA52KGU6, STM32WBA52KGU6TR, STM32WBA54CEU6, STM32WBA54CEU6TR, STM32WBA54CEU7, STM32WBA54CEU7TR, STM32WBA54CGU6, STM32WBA54CGU6TR, STM32WBA54CGU7, STM32WBA54CGU7TR, STM32WBA54KEU6, STM32WBA54KEU6TR, STM32WBA54KEU7, STM32WBA54KEU7TR, STM32WBA54KGU6, STM32WBA54KGU6TR, STM32WBA54KGU7, STM32WBA54KGU7TR, STM32WBA55CEU6, STM32WBA55CEU6TR, STM32WBA55CEU7, STM32WBA55CEU7TR, STM32WBA55CGU6, STM32WBA55CGU6TR, STM32WBA55CGU6U, STM32WBA55CGU7, STM32WBA55CGU7TR, STM32WBA55G-DK1, STM32WBA55HEF6, STM32WBA55HEF7, STM32WBA55HGF6, STM32WBA55HGF7, STM32WBA55UEI6, STM32WBA55UEI6TR, STM32WBA55UEI7, STM32WBA55UEI7TR, STM32WBA55UGI6, STM32WBA55UGI6TR, STM32WBA55UGI7, STM32WBA55UGI7TR, STM32WBA5MMGH6TR, STM32WBA62MGF6, STM32WBA62MIF6, STM32WBA65MGF7, STM32WBA65MIF6, STM32WBA65MIF7, STM32WL30K8V6, STM32WL30KBV6, STM32WL31C8V6, STM32WL31CBV6, STM32WL31K8V6, STM32WL31KBV6, STM32WL33C8V6, STM32WL33C8V6X, STM32WL33CBV6, STM32WL33CBV6X, STM32WL33CCV6, STM32WL33CCV6A, STM32WL33CCV6X, STM32WL33K8V7, STM32WL33K8V7X, STM32WL33KBV7 , STM32WL33KBV7X, STM32WL33KCV7, STM32WL33KCV7X, STM32WL5MOCH6, STM32WL5MOCH6TR]
2025-12-25 16:40:02,739 [INFO] BoardInfo:889 - No configuration file found for board P-NUCLEO-WB55
2025-12-25 16:40:02,739 [INFO] DbBoards:161 - Kit is not supported: P-NUCLEO-WB55
2025-12-25 16:40:02,755 [INFO] BoardInfo:889 - No configuration file found for board STEVAL-BFA001V1B
2025-12-25 16:40:02,755 [INFO] DbBoards:161 - Kit is not supported: STEVAL-BFA001V1B
2025-12-25 16:40:02,759 [INFO] BoardInfo:889 - No configuration file found for board STEVAL-BFA001V2B
2025-12-25 16:40:02,759 [INFO] DbBoards:161 - Kit is not supported: STEVAL-BFA001V2B
2025-12-25 16:40:02,975 [INFO] DbBoards:168 - Found 212 boards, 209 are supported
2025-12-25 16:40:02,975 [INFO] DbBoards:169 - Found 212 boards, 43 of them is supported for  Bsp
2025-12-25 16:40:02,975 [INFO] ApiDb:423 - Load user favorites file C:\Users\user/.stm32cubeide/favorites.boards.txt: 1 item(s)
2025-12-25 16:40:02,975 [INFO] ApiDb:427 - User favorites Boards=[NUCLEO-L476RG]
2025-12-25 16:40:02,975 [INFO] DbBoards:198 - Set 1 / 1 favorites Boards
2025-12-25 16:40:03,007 [INFO] LoadUrlFilesThread:185 - End of LoadServerUrlFiles without Thread
2025-12-25 16:40:03,007 [INFO] TargetSelectorAdapter:259 - Refresh data is successful
2025-12-25 16:40:03,007 [INFO] ApiDb:668 - CubeFinder database Data Model version=2.1
2025-12-25 16:40:03,007 [INFO] ApiDb:669 - CubeFinder database Configuration version=3.0.39
2025-12-25 16:40:03,007 [INFO] ApiDb:670 - CubeFinder database generation date=2025-11-05 (1762334721)
2025-12-25 16:40:03,007 [INFO] ApiDb:671 - CubeFinder database FW Pack versions=[FP-ATR-ASTRA1_V2.0.0, FP-SNS-FLIGHT1_V5.1.0, FP-SNS-MOTENV1_V5.1.0, FP-SNS-MOTENVWB1_V1.4.0, FP-SNS-SMARTAG2_V1.2.0, FP-SNS-STBOX1_V2.1.0, STM32Cube_FW_C0_V1.4.0, STM32Cube_FW_F4_V1.28.3, STM32Cube_FW_F7_V1.17.4, STM32Cube_FW_G0_V1.6.2, STM32Cube_FW_G4_V1.6.1, STM32Cube_FW_H5_V1.5.1, STM32Cube_FW_H7RS_V1.3.0, STM32Cube_FW_H7_V1.12.1, STM32Cube_FW_L0_V1.12.2, STM32Cube_FW_L4_V1.18.1, STM32Cube_FW_L5_V1.6.0, STM32Cube_FW_N6_V1.3.0, STM32Cube_FW_U0_V1.3.0, STM32Cube_FW_U3_V1.2.1, STM32Cube_FW_U5_V1.8.0, STM32Cube_FW_WB0_V1.4.0, STM32Cube_FW_WBA_V1.8.0, STM32Cube_FW_WB_V1.24.0, STM32Cube_FW_WL3_V1.3.0, STM32Cube_FW_WL_V1.4.0, X-CUBE-ALGOBUILD_V1.4.0, X-CUBE-ALS_V1.0.2, X-CUBE-AZRTOS-F4_V1.1.0, X-CUBE-AZRTOS-F7_V1.1.0, X-CUBE-AZRTOS-G0_V1.1.0, X-CUBE-AZRTOS-G4_V2.0.0, X-CUBE-AZRTOS-H7RS_V1.1.0, X-CUBE-AZRTOS-H7_V3.4.0, X-CUBE-AZRTOS-L4_V2.0.0, X-CUBE-AZRTOS-L5_V2.0.0, X-CUBE-AZRTOS-WB_V2.0.0, X-CUBE-AZRTOS-WL_V2.0.0, X-CUBE-BLE1_V7.1.0, X-CUBE-BLE2_V3.3.0, X-CUBE-BLEMGR_V4.1.0, X-CUBE-EEPRMA1_V5.2.0, X-CUBE-FREERTOS_V1.3.1, X-CUBE-GNSS1_V6.0.0, X-CUBE-MEMS1_V11.3.0, X-CUBE-NFC4_V3.0.0, X-CUBE-NFC7_V2.0.0, X-CUBE-SFXS2LP1_V4.0.0, X-CUBE-ST67W61_V1.1.0, X-CUBE-SUBG2_V5.0.0, X-CUBE-TOF1_V3.4.3]
2025-12-25 16:40:03,530 [ERROR] DbExamplesSqlite:437 - Missing JSON key: board_cpn
2025-12-25 16:40:03,530 [ERROR] DbExamplesSqlite:437 - Missing JSON key: board_cpn
2025-12-25 16:40:03,531 [ERROR] DbExamplesSqlite:437 - Missing JSON key: board_cpn
2025-12-25 16:40:03,531 [ERROR] DbExamplesSqlite:437 - Missing JSON key: board_cpn
2025-12-25 16:40:03,750 [ERROR] DbExamplesSqlite:437 - Missing JSON key: board_cpn
2025-12-25 16:40:03,750 [ERROR] DbExamplesSqlite:437 - Missing JSON key: board_cpn
2025-12-25 16:40:03,757 [INFO] DbExamplesSqlite:395 - Ignored 42 examples not supported by CubeIDE
2025-12-25 16:40:03,757 [INFO] DbExamplesSqlite:396 - Found 10883 examples active
2025-12-25 16:40:03,758 [INFO] DbExamplesSqlite:397 - Found 0 examples obsolete
2025-12-25 16:40:03,758 [INFO] DbExamplesSqlite:398 - Found 0 examples under development
2025-12-25 16:40:03,758 [INFO] DbExamplesSqlite:399 - Found 85 examples not building
2025-12-25 16:40:03,759 [INFO] DbExamples:125 - Found 10926 examples
2025-12-25 16:40:03,788 [ERROR] DbExamples:208 - Found 73 examples with invalid data (board or MCU)
2025-12-25 16:40:03,788 [INFO] DbExamples:222 - Found 134 boards with related examples
2025-12-25 16:40:03,789 [INFO] DbExamples:235 - Found 111 MCUs with related examples
2025-12-25 16:40:03,807 [INFO] ApiDb:414 - User favorites file not found: C:\Users\user/.stm32cubeide/favorites.examples.txt
2025-12-25 16:40:03,807 [INFO] DbExamples:250 - Set 0 / 0 favorites Examples
2025-12-25 16:40:03,887 [INFO] McuFinderGlobals:76 - Set McuFinderConnectedMode to true
2025-12-25 16:40:03,895 [INFO] MultiScanPanel:200 - Auto-refresh data requested => check proxy status ongoing
2025-12-25 16:40:03,898 [INFO] FinderPluginLoader:96 - Searching for filters in installed packs
2025-12-25 16:40:05,184 [INFO] LoadUrlFilesThread:185 - End of LoadServerUrlFiles without Thread
2025-12-25 16:40:05,204 [INFO] DetailPanel:341 - Set advertising image to C:/Users/user/STM32Cube/Repository/\en.prom-st67w-expansion-board.png
2025-12-25 16:41:14,662 [INFO] MainUpdater:2872 - connection check result : 10
2025-12-25 16:41:14,662 [INFO] MainUpdater:2872 - connection check result : 10
2025-12-25 16:41:14,953 [INFO] I2cTimingTraitement:330 - 0x10909CEC
2025-12-25 16:41:14,953 [INFO] MicroXplorer:468 - Change Database Path : 
2025-12-25 16:41:14,953 [INFO] MicroXplorer:498 - Change Database Version : DB.6.0.150
2025-12-25 16:41:15,000 [ERROR] ProjectManagerView:395 - 
java.lang.NullPointerException: Cannot invoke "javax.swing.JTextField.getText()" because the return value of "java.util.List.get(int)" is null
	at com.st.microxplorer.plugins.projectmanager.gui.ProjectChoiceTab$9.caretUpdate(ProjectChoiceTab.java:2706) ~[filemanager.jar:?]
	at javax.swing.text.JTextComponent.fireCaretUpdate(JTextComponent.java:408) ~[?:?]
	at javax.swing.text.JTextComponent$MutableCaretEvent.fire(JTextComponent.java:4484) ~[?:?]
	at javax.swing.text.JTextComponent$MutableCaretEvent.stateChanged(JTextComponent.java:4506) ~[?:?]
	at javax.swing.text.DefaultCaret.fireStateChanged(DefaultCaret.java:857) ~[?:?]
	at javax.swing.text.DefaultCaret.changeCaretPosition(DefaultCaret.java:1343) ~[?:?]
	at javax.swing.text.DefaultCaret.handleSetDot(DefaultCaret.java:1242) ~[?:?]
	at javax.swing.text.DefaultCaret.setDot(DefaultCaret.java:1223) ~[?:?]
	at javax.swing.text.DefaultCaret$Handler.insertUpdate(DefaultCaret.java:1819) ~[?:?]
	at javax.swing.text.AbstractDocument.fireInsertUpdate(AbstractDocument.java:227) ~[?:?]
	at javax.swing.text.AbstractDocument.handleInsertString(AbstractDocument.java:781) ~[?:?]
	at javax.swing.text.AbstractDocument.insertString(AbstractDocument.java:740) ~[?:?]
	at javax.swing.text.PlainDocument.insertString(PlainDocument.java:131) ~[?:?]
	at javax.swing.text.AbstractDocument.replace(AbstractDocument.java:699) ~[?:?]
	at javax.swing.text.JTextComponent.setText(JTextComponent.java:1725) ~[?:?]
	at com.st.microxplorer.plugins.projectmanager.gui.ProjectChoiceTab.createHeapStackFields(ProjectChoiceTab.java:993) ~[filemanager.jar:?]
	at com.st.microxplorer.plugins.projectmanager.gui.ProjectChoiceTab.buildLinkSettingsPanel(ProjectChoiceTab.java:3813) ~[filemanager.jar:?]
	at com.st.microxplorer.plugins.projectmanager.gui.ProjectChoiceTab.defineWindowsFields(ProjectChoiceTab.java:1987) ~[filemanager.jar:?]
	at com.st.microxplorer.plugins.projectmanager.gui.ProjectChoiceTab.updateSettings(ProjectChoiceTab.java:558) ~[filemanager.jar:?]
	at com.st.microxplorer.plugins.projectmanager.gui.ProjectSettingsPanel.UpdateDialog(ProjectSettingsPanel.java:247) ~[filemanager.jar:?]
	at com.st.microxplorer.plugins.projectmanager.ProjectManagerView.propertyChange(ProjectManagerView.java:392) ~[filemanager.jar:?]
	at java.beans.PropertyChangeSupport.fire(PropertyChangeSupport.java:343) ~[?:?]
	at java.beans.PropertyChangeSupport.firePropertyChange(PropertyChangeSupport.java:335) ~[?:?]
	at java.beans.PropertyChangeSupport.firePropertyChange(PropertyChangeSupport.java:268) ~[?:?]
	at com.st.microxplorer.util.MXPropertyChangeSupport.firePropertyChange(MXPropertyChangeSupport.java:54) ~[STM32CubeMX.jar:?]
	at com.st.microxplorer.mxsystem.MxSystem.closeConfig(MxSystem.java:899) ~[STM32CubeMX.jar:?]
	at com.st.microxplorer.maingui.MainPanel.closeConfig(MainPanel.java:792) ~[STM32CubeMX.jar:?]
	at com.st.microxplorer.plugins.filemanager.engine.OpenFileManager.loadConfigurationFile(OpenFileManager.java:288) ~[filemanager.jar:?]
	at com.st.microxplorer.plugins.filemanager.engine.MainFileManager.userLoadConfig(MainFileManager.java:364) ~[filemanager.jar:?]
	at com.st.microxplorer.plugins.filemanager.engine.MainFileManager.userLoadConfig(MainFileManager.java:342) ~[filemanager.jar:?]
	at com.st.microxplorer.plugins.filemanager.FileManagerView.getSpecificTask(FileManagerView.java:264) ~[filemanager.jar:?]
	at com.st.stm32cube.common.mx.editor.CubeMxEditor.getMxTabbedPaneInstance(CubeMxEditor.java:1198) ~[com.st.stm32cube.common.mx_6.15.0.202507011659/:?]
	at com.st.stm32cube.common.mx.editor.CubeMxEditor$12$1.createSwingComponent(CubeMxEditor.java:1068) ~[com.st.stm32cube.common.mx_6.15.0.202507011659/:?]
	at com.st.stm32cube.common.mx.oss.core.awtswtbridge.EmbeddedSwingComposite.doComponentCreation(EmbeddedSwingComposite.java:492) ~[com.st.stm32cube.common.mx.oss_6.15.0.202507011659/:?]
	at com.st.stm32cube.common.mx.oss.core.awtswtbridge.EmbeddedSwingComposite$4.run(EmbeddedSwingComposite.java:291) ~[com.st.stm32cube.common.mx.oss_6.15.0.202507011659/:?]
	at com.st.stm32cube.common.mx.oss.core.awtswtbridge.AwtEnvironment$2.run(AwtEnvironment.java:166) ~[com.st.stm32cube.common.mx.oss_6.15.0.202507011659/:?]
	at java.awt.event.InvocationEvent.dispatch(InvocationEvent.java:318) ~[?:?]
	at java.awt.EventQueue.dispatchEventImpl(EventQueue.java:773) ~[?:?]
	at java.awt.EventQueue$4.run(EventQueue.java:720) ~[?:?]
	at java.awt.EventQueue$4.run(EventQueue.java:714) ~[?:?]
	at java.security.AccessController.doPrivileged(AccessController.java:400) ~[?:?]
	at java.security.ProtectionDomain$JavaSecurityAccessImpl.doIntersectionPrivilege(ProtectionDomain.java:87) ~[?:?]
	at java.awt.EventQueue.dispatchEvent(EventQueue.java:742) ~[?:?]
	at java.awt.EventDispatchThread.pumpOneEventForFilters(EventDispatchThread.java:203) ~[?:?]
	at java.awt.EventDispatchThread.pumpEventsForFilter(EventDispatchThread.java:124) ~[?:?]
	at java.awt.EventDispatchThread.pumpEventsForHierarchy(EventDispatchThread.java:113) ~[?:?]
	at java.awt.EventDispatchThread.pumpEvents(EventDispatchThread.java:109) ~[?:?]
	at java.awt.EventDispatchThread.pumpEvents(EventDispatchThread.java:101) ~[?:?]
	at java.awt.EventDispatchThread.run(EventDispatchThread.java:90) ~[?:?]
2025-12-25 16:41:15,032 [WARN] ThirdParty:871 - waiting for thirdparty lock release [close project]
2025-12-25 16:41:15,032 [INFO] ThirdParty:873 - entering critical section [close project]
2025-12-25 16:41:15,032 [INFO] ThirdParty:883 - exiting critical section [close project]
2025-12-25 16:41:15,032 [INFO] PinOutPanel:1589 - setPackage(No Configuration,No Configuration)
2025-12-25 16:41:15,048 [INFO] UtilMem:75 - Begin LoadConfig() Used Memory: 860953448 Bytes (1073741824)
2025-12-25 16:41:15,048 [INFO] MicroXplorer:468 - Change Database Path : 
2025-12-25 16:41:15,048 [INFO] MicroXplorer:498 - Change Database Version : DB.6.0.150
2025-12-25 16:41:15,048 [INFO] OpenFileManager:355 - Change cursor
2025-12-25 16:41:15,064 [INFO] Mcu:2029 - Initializing MCU STM32L476R(C-E-G)Tx STM32L476RGTx STM32L476RGT3
2025-12-25 16:41:17,003 [INFO] Context:786 - Trying to add GPIOservice into a context  which must be forbidden
2025-12-25 16:41:17,746 [INFO] ImportTextPane:234 - (OptionalMessage_ERROR) Pin3 (VP_RIF_VS_RIF1) cannot be retrieved for this MCU
2025-12-25 16:41:17,870 [INFO] RtosManager:558 - Registered RTOS mode: class=CMSIS, group=RTOS, mode=CMSIS_V1, owner=FREERTOS
2025-12-25 16:41:17,870 [INFO] RtosManager:558 - Registered RTOS mode: class=CMSIS, group=RTOS2, mode=CMSIS_V2, owner=FREERTOS
2025-12-25 16:41:17,870 [INFO] RtosManager:558 - Registered RTOS mode: class=RTOS, group=Core, mode=CMSIS_V1, owner=FREERTOS
2025-12-25 16:41:17,870 [INFO] RtosManager:558 - Registered RTOS mode: class=RTOS, group=Core, mode=CMSIS_V2, owner=FREERTOS
2025-12-25 16:41:17,870 [WARN] ModelIntegratedComponent:184 - Missing modes for component STMicroelectronics:FreeRTOS:0.0.1:STMicroelectronics:RTOS:FreeRTOS:Core:::10.2.0:
2025-12-25 16:41:17,879 [WARN] ModelIntegratedComponent:63 - No mode defined for component null
2025-12-25 16:41:17,879 [WARN] ModelIntegratedComponent:63 - No mode defined for component null
2025-12-25 16:41:17,879 [WARN] ModelIntegratedComponent:63 - No mode defined for component null
2025-12-25 16:41:17,879 [WARN] ModelIntegratedComponent:63 - No mode defined for component null
2025-12-25 16:41:17,879 [WARN] ModelIntegratedComponent:63 - No mode defined for component null
2025-12-25 16:41:17,879 [WARN] ModelIntegratedComponent:63 - No mode defined for component null
2025-12-25 16:41:17,880 [WARN] ModelIntegratedComponent:63 - No mode defined for component null
2025-12-25 16:41:17,880 [WARN] ModelIntegratedComponent:63 - No mode defined for component null
2025-12-25 16:41:17,880 [WARN] ModelIntegratedComponent:63 - No mode defined for component null
2025-12-25 16:41:17,880 [WARN] ModelIntegratedComponent:63 - No mode defined for component null
2025-12-25 16:41:17,880 [WARN] ModelIntegratedComponent:63 - No mode defined for component null
2025-12-25 16:41:17,880 [WARN] ModelIntegratedComponent:63 - No mode defined for component null
2025-12-25 16:41:17,880 [WARN] ModelIntegratedComponent:63 - No mode defined for component null
2025-12-25 16:41:17,880 [WARN] ModelIntegratedComponent:63 - No mode defined for component null
2025-12-25 16:41:17,880 [WARN] ModelIntegratedComponent:63 - No mode defined for component null
2025-12-25 16:41:17,880 [WARN] ModelIntegratedComponent:63 - No mode defined for component null
2025-12-25 16:41:17,880 [WARN] ModelIntegratedComponent:63 - No mode defined for component null
2025-12-25 16:41:17,880 [WARN] ModelIntegratedComponent:63 - No mode defined for component null
2025-12-25 16:41:17,880 [WARN] ModelIntegratedComponent:63 - No mode defined for component null
2025-12-25 16:41:17,880 [WARN] ModelIntegratedComponent:63 - No mode defined for component null
2025-12-25 16:41:17,880 [WARN] ModelIntegratedComponent:63 - No mode defined for component null
2025-12-25 16:41:17,880 [WARN] ModelIntegratedComponent:63 - No mode defined for component null
2025-12-25 16:41:17,880 [WARN] ModelIntegratedComponent:63 - No mode defined for component null
2025-12-25 16:41:17,880 [WARN] ModelIntegratedComponent:63 - No mode defined for component null
2025-12-25 16:41:17,880 [WARN] ModelIntegratedComponent:63 - No mode defined for component null
2025-12-25 16:41:17,880 [WARN] ModelIntegratedComponent:63 - No mode defined for component null
2025-12-25 16:41:17,880 [WARN] ModelIntegratedComponent:63 - No mode defined for component null
2025-12-25 16:41:17,880 [WARN] ModelIntegratedComponent:63 - No mode defined for component null
2025-12-25 16:41:17,880 [WARN] ModelIntegratedComponent:63 - No mode defined for component null
2025-12-25 16:41:17,880 [WARN] ModelIntegratedComponent:63 - No mode defined for component null
2025-12-25 16:41:17,881 [WARN] ModelIntegratedComponent:63 - No mode defined for component null
2025-12-25 16:41:17,881 [WARN] ModelIntegratedComponent:63 - No mode defined for component null
2025-12-25 16:41:17,881 [WARN] ModelIntegratedComponent:63 - No mode defined for component null
2025-12-25 16:41:17,881 [WARN] ModelIntegratedComponent:63 - No mode defined for component null
2025-12-25 16:41:17,881 [WARN] ModelIntegratedComponent:63 - No mode defined for component null
2025-12-25 16:41:17,881 [WARN] ModelPack:524 - Component already loaded: STMicroelectronics:HAL Drivers:0.0.0:STMicroelectronics:Device:STMicro_Driver:XSPI:HAL::0.0.1:HAL_XSPI
2025-12-25 16:41:17,942 [INFO] ThirdPartyModel:298 - Start build external matchings
2025-12-25 16:41:18,535 [INFO] ThirdPartyModel:316 - End build external matchings
2025-12-25 16:41:18,879 [INFO] UtilMem:75 - End LoadConfig() Used Memory: 834370424 Bytes (1073741824)
2025-12-25 16:41:18,976 [WARN] ThirdParty:833 - waiting for thirdparty lock release [change project]
2025-12-25 16:41:18,976 [INFO] ThirdParty:835 - entering critical section [change project]
2025-12-25 16:41:18,976 [INFO] ThirdParty:1030 - CMSIS Pack Vendor :STMicroelectronics X-CUBE-PM33A1 1.0.0
2025-12-25 16:41:18,976 [INFO] ThirdParty:1030 - CMSIS Pack Vendor :STMicroelectronics USBPD 4.1
2025-12-25 16:41:18,976 [INFO] ThirdParty:1030 - CMSIS Pack Vendor :STMicroelectronics X-CUBE-NFC9 1.0.0
2025-12-25 16:41:18,976 [INFO] ThirdParty:1030 - CMSIS Pack Vendor :STMicroelectronics USB_HOST 2.0.0
2025-12-25 16:41:18,976 [INFO] ThirdParty:1030 - CMSIS Pack Vendor :STMicroelectronics FP-SNS-MOTENVWB1 1.4.0
2025-12-25 16:41:18,976 [INFO] ThirdParty:1030 - CMSIS Pack Vendor :STMicroelectronics X-CUBE-AZRTOS-F4 1.1.0
2025-12-25 16:41:18,976 [INFO] ThirdParty:1030 - CMSIS Pack Vendor :STMicroelectronics LIBJPEG 8.0.0
2025-12-25 16:41:18,976 [INFO] ThirdParty:1030 - CMSIS Pack Vendor :STMicroelectronics FP-ATR-ASTRA1 2.0.2
2025-12-25 16:41:18,976 [INFO] ThirdParty:1030 - CMSIS Pack Vendor :wolfSSL I-CUBE-wolfSSL 5.8.2
2025-12-25 16:41:18,976 [INFO] ThirdParty:1030 - CMSIS Pack Vendor :STMicroelectronics X-CUBE-BLE1 7.1.0
2025-12-25 16:41:18,977 [INFO] ThirdParty:1030 - CMSIS Pack Vendor :Avnet-IotConnect X-CUBE-IoTC-DA16k-PMOD 1.0.0
2025-12-25 16:41:18,977 [INFO] ThirdParty:1030 - CMSIS Pack Vendor :STMicroelectronics X-CUBE-SMBUS 2.1.0
2025-12-25 16:41:18,977 [INFO] ThirdParty:1030 - CMSIS Pack Vendor :wolfSSL I-CUBE-wolfMQTT 1.19.2
2025-12-25 16:41:18,977 [INFO] ThirdParty:1030 - CMSIS Pack Vendor :STMicroelectronics USB_DEVICE 3.0.0
2025-12-25 16:41:18,977 [INFO] ThirdParty:1030 - CMSIS Pack Vendor :STMicroelectronics X-CUBE-ISPU 2.1.0
2025-12-25 16:41:18,977 [INFO] ThirdParty:1030 - CMSIS Pack Vendor :STMicroelectronics X-CUBE-FREERTOS 1.4.0
2025-12-25 16:41:18,977 [INFO] ThirdParty:1030 - CMSIS Pack Vendor :STMicroelectronics X-CUBE-EEPRMA1 5.2.0
2025-12-25 16:41:18,977 [INFO] ThirdParty:1030 - CMSIS Pack Vendor :STMicroelectronics X-CUBE-IPS 3.2.0
2025-12-25 16:41:18,977 [INFO] ThirdParty:1030 - CMSIS Pack Vendor :STMicroelectronics X-CUBE-BLEMGR 4.1.0
2025-12-25 16:41:18,977 [INFO] ThirdParty:1030 - CMSIS Pack Vendor :STMicroelectronics X-CUBE-AZRTOS-WB 2.0.0
2025-12-25 16:41:18,977 [INFO] ThirdParty:1030 - CMSIS Pack Vendor :STMicroelectronics X-CUBE-ST60 1.0.0
2025-12-25 16:41:18,977 [INFO] ThirdParty:1030 - CMSIS Pack Vendor :STMicroelectronics X-CUBE-GNSS1 7.0.1
2025-12-25 16:41:18,977 [INFO] ThirdParty:1030 - CMSIS Pack Vendor :STMicroelectronics X-CUBE-NFC12 1.0.0
2025-12-25 16:41:18,977 [INFO] ThirdParty:1030 - CMSIS Pack Vendor :STMicroelectronics X-CUBE-AZRTOS-F7 1.1.0
2025-12-25 16:41:18,977 [INFO] ThirdParty:1030 - CMSIS Pack Vendor :STMicroelectronics X-CUBE-AZRTOS-L5 2.0.0
2025-12-25 16:41:18,977 [INFO] ThirdParty:1030 - CMSIS Pack Vendor :STMicroelectronics X-CUBE-TOUCHGFX 4.25.0
2025-12-25 16:41:18,977 [INFO] ThirdParty:1030 - CMSIS Pack Vendor :STMicroelectronics USB_DEVICE 2.0.0
2025-12-25 16:41:18,977 [INFO] ThirdParty:1030 - CMSIS Pack Vendor :STMicroelectronics X-CUBE-NFC6 3.1.0
2025-12-25 16:41:18,977 [INFO] ThirdParty:1030 - CMSIS Pack Vendor :STMicroelectronics X-CUBE-ST67W61 1.1.0
2025-12-25 16:41:18,977 [INFO] ThirdParty:1030 - CMSIS Pack Vendor :quantropi X-CUBE-qispace-sdk-base 2.1.0
2025-12-25 16:41:18,977 [INFO] ThirdParty:1030 - CMSIS Pack Vendor :STMicroelectronics X-CUBE-MEMS1 12.0.0
2025-12-25 16:41:18,977 [INFO] ThirdParty:1030 - CMSIS Pack Vendor :STMicroelectronics FP-SNS-MOTENV1 5.1.0
2025-12-25 16:41:18,977 [INFO] ThirdParty:1030 - CMSIS Pack Vendor :STMicroelectronics FreeRTOS 0.0.1
2025-12-25 16:41:18,977 [INFO] ThirdParty:1030 - CMSIS Pack Vendor :STMicroelectronics X-CUBE-AZRTOS-G0 1.1.0
2025-12-25 16:41:18,977 [INFO] ThirdParty:1030 - CMSIS Pack Vendor :STMicroelectronics X-CUBE-SAFEA1 1.2.2
2025-12-25 16:41:18,977 [INFO] ThirdParty:1030 - CMSIS Pack Vendor :STMicroelectronics X-CUBE-NFC4 3.0.0
2025-12-25 16:41:18,977 [INFO] ThirdParty:1030 - CMSIS Pack Vendor :STMicroelectronics X-CUBE-SUBG2 5.0.0
2025-12-25 16:41:18,977 [INFO] ThirdParty:1030 - CMSIS Pack Vendor :STMicroelectronics X-CUBE-AZRTOS-H7RS 1.1.0
2025-12-25 16:41:18,977 [INFO] ThirdParty:1030 - CMSIS Pack Vendor :STMicroelectronics STM32_WPAN 1.0.0
2025-12-25 16:41:18,977 [INFO] ThirdParty:1030 - CMSIS Pack Vendor :EmbeddedOffice I-CUBE-FS-RTOS 1.0.1
2025-12-25 16:41:18,977 [INFO] ThirdParty:1030 - CMSIS Pack Vendor :STMicroelectronics lwIP 2.0.3
2025-12-25 16:41:18,977 [INFO] ThirdParty:1030 - CMSIS Pack Vendor :WES I-CUBE-Cesium 1.4.0
2025-12-25 16:41:18,977 [INFO] ThirdParty:1030 - CMSIS Pack Vendor :Cesanta I-CUBE-Mongoose 7.13.0
2025-12-25 16:41:18,978 [INFO] ThirdParty:1030 - CMSIS Pack Vendor :STMicroelectronics USB_HOST 1.0.0
2025-12-25 16:41:18,978 [INFO] ThirdParty:1030 - CMSIS Pack Vendor :Infineon AIROC-Wi-Fi-Bluetooth-STM32 1.7.1
2025-12-25 16:41:18,978 [INFO] ThirdParty:1030 - CMSIS Pack Vendor :STMicroelectronics X-CUBE-AZRTOS-G4 2.0.0
2025-12-25 16:41:18,978 [INFO] ThirdParty:1030 - CMSIS Pack Vendor :STMicroelectronics X-CUBE-WB05N 2.0.0
2025-12-25 16:41:18,978 [INFO] ThirdParty:1030 - CMSIS Pack Vendor :STMicroelectronics PDM2PCM 3.1.0
2025-12-25 16:41:18,978 [INFO] ThirdParty:1030 - CMSIS Pack Vendor :STMicroelectronics PDM2PCM 3.3.0
2025-12-25 16:41:18,978 [INFO] ThirdParty:1030 - CMSIS Pack Vendor :wolfSSL I-CUBE-wolfTPM 3.8.0
2025-12-25 16:41:18,978 [INFO] ThirdParty:1030 - CMSIS Pack Vendor :STMicroelectronics X-CUBE-AZRTOS-H7 3.4.0
2025-12-25 16:41:18,978 [INFO] ThirdParty:1030 - CMSIS Pack Vendor :STMicroelectronics X-CUBE-DISPLAY 3.0.0
2025-12-25 16:41:18,978 [INFO] ThirdParty:1030 - CMSIS Pack Vendor :wolfSSL I-CUBE-wolfSSH 1.4.20
2025-12-25 16:41:18,978 [INFO] ThirdParty:1030 - CMSIS Pack Vendor :STMicroelectronics X-CUBE-NFC7 2.0.0
2025-12-25 16:41:18,978 [INFO] ThirdParty:1030 - CMSIS Pack Vendor :STMicroelectronics X-CUBE-TCPP 4.2.0
2025-12-25 16:41:18,978 [INFO] ThirdParty:1030 - CMSIS Pack Vendor :RealThread X-CUBE-RT-Thread_Nano 4.1.1
2025-12-25 16:41:18,978 [INFO] ThirdParty:1030 - CMSIS Pack Vendor :STMicroelectronics FP-ATR-SIGFOX1 3.2.0
2025-12-25 16:41:18,978 [INFO] ThirdParty:1030 - CMSIS Pack Vendor :STMicroelectronics X-CUBE-NFC10 1.0.0
2025-12-25 16:41:18,979 [INFO] ThirdParty:1030 - CMSIS Pack Vendor :STMicroelectronics X-CUBE-FREERTOS 1.3.1
2025-12-25 16:41:18,979 [INFO] ThirdParty:1030 - CMSIS Pack Vendor :STMicroelectronics HAL Drivers 0.0.0
2025-12-25 16:41:18,979 [INFO] ThirdParty:1030 - CMSIS Pack Vendor :STMicroelectronics MBEDTLS 2.16.2
2025-12-25 16:41:18,979 [INFO] ThirdParty:1030 - CMSIS Pack Vendor :STMicroelectronics X-CUBE-ST60 1.1.0
2025-12-25 16:41:18,979 [INFO] ThirdParty:1030 - CMSIS Pack Vendor :STMicroelectronics X-CUBE-IPS 3.1.0
2025-12-25 16:41:18,979 [INFO] ThirdParty:1030 - CMSIS Pack Vendor :STMicroelectronics X-CUBE-ALS 1.0.2
2025-12-25 16:41:18,979 [INFO] ThirdParty:1030 - CMSIS Pack Vendor :emotas I-CUBE-CANOPEN 1.3.0
2025-12-25 16:41:18,979 [INFO] ThirdParty:1030 - CMSIS Pack Vendor :STMicroelectronics MBEDTLS 2.14.1
2025-12-25 16:41:18,979 [INFO] ThirdParty:1030 - CMSIS Pack Vendor :STMicroelectronics X-CUBE-GNSS1 7.1.0
2025-12-25 16:41:18,979 [INFO] ThirdParty:1030 - CMSIS Pack Vendor :ITTIA_DB I-CUBE-ITTIADB 8.9.0
2025-12-25 16:41:18,979 [INFO] ThirdParty:1030 - CMSIS Pack Vendor :STMicroelectronics X-CUBE-TOUCHGFX 4.26.0
2025-12-25 16:41:18,979 [INFO] ThirdParty:1030 - CMSIS Pack Vendor :STMicroelectronics X-CUBE-STSE01 1.0.0
2025-12-25 16:41:18,979 [INFO] ThirdParty:1030 - CMSIS Pack Vendor :STMicroelectronics X-CUBE-ST67W61 1.0.0
2025-12-25 16:41:18,979 [INFO] ThirdParty:1030 - CMSIS Pack Vendor :STMicroelectronics FP-SNS-STBOX1 2.1.0
2025-12-25 16:41:18,979 [INFO] ThirdParty:1030 - CMSIS Pack Vendor :STMicroelectronics X-CUBE-AI 10.2.0
2025-12-25 16:41:18,979 [INFO] ThirdParty:1030 - CMSIS Pack Vendor :STMicroelectronics FP-SNS-STAIOTCFT 1.0.0
2025-12-25 16:41:18,979 [INFO] ThirdParty:1030 - CMSIS Pack Vendor :STMicroelectronics ThreadX 1.0.0
2025-12-25 16:41:18,979 [INFO] ThirdParty:1030 - CMSIS Pack Vendor :STMicroelectronics FP-SNS-SMARTAG2 1.2.0
2025-12-25 16:41:18,979 [INFO] ThirdParty:1030 - CMSIS Pack Vendor :STMicroelectronics FP-SNS-FLIGHT1 5.1.0
2025-12-25 16:41:18,980 [INFO] ThirdParty:1030 - CMSIS Pack Vendor :STMicroelectronics X-CUBE-AZRTOS-WL 2.0.0
2025-12-25 16:41:18,980 [INFO] ThirdParty:1030 - CMSIS Pack Vendor :SEGGER I-CUBE-embOS 1.3.1
2025-12-25 16:41:18,980 [INFO] ThirdParty:1030 - CMSIS Pack Vendor :STMicroelectronics X-CUBE-ALGOBUILD 1.4.0
2025-12-25 16:41:18,980 [INFO] ThirdParty:1030 - CMSIS Pack Vendor :STMicroelectronics X-CUBE-DPower 1.3.0
2025-12-25 16:41:18,980 [INFO] ThirdParty:1030 - CMSIS Pack Vendor :STMicroelectronics X-CUBE-MEMS1 11.3.0
2025-12-25 16:41:18,980 [INFO] ThirdParty:1030 - CMSIS Pack Vendor :STMicroelectronics FP-SNS-MOTENV1 5.0.0
2025-12-25 16:41:18,980 [INFO] ThirdParty:1030 - CMSIS Pack Vendor :STMicroelectronics USB_DEVICE 1.0.0
2025-12-25 16:41:18,980 [INFO] ThirdParty:1030 - CMSIS Pack Vendor :STMicroelectronics X-CUBE-AZRTOS-H7RS 1.2.0
2025-12-25 16:41:18,980 [INFO] ThirdParty:1030 - CMSIS Pack Vendor :STMicroelectronics X-CUBE-AZRTOS-L4 2.0.0
2025-12-25 16:41:18,980 [INFO] ThirdParty:1030 - CMSIS Pack Vendor :STMicroelectronics ThreadX 0.0.2
2025-12-25 16:41:18,980 [INFO] ThirdParty:1030 - CMSIS Pack Vendor :STMicroelectronics lwIP 2.1.2
2025-12-25 16:41:18,980 [INFO] ThirdParty:1030 - CMSIS Pack Vendor :STMicroelectronics X-CUBE-SFXS2LP1 4.0.0
2025-12-25 16:41:18,980 [INFO] ThirdParty:1030 - CMSIS Pack Vendor :STMicroelectronics X-CUBE-BLE2 3.3.0
2025-12-25 16:41:18,980 [INFO] ThirdParty:1030 - CMSIS Pack Vendor :Avnet-IOTCONNECT X-CUBE-iotc-st67-sdk 1.0.0
2025-12-25 16:41:18,980 [INFO] ThirdParty:1030 - CMSIS Pack Vendor :STMicroelectronics X-CUBE-TOF1 3.4.3
2025-12-25 16:41:18,980 [INFO] ThirdParty:1030 - CMSIS Pack Vendor :STMicroelectronics PDM2PCM 3.2.0
2025-12-25 16:41:18,980 [INFO] ThirdParty:841 - exiting critical section [change project]
2025-12-25 16:41:19,271 [INFO] PinOutPanel:1589 - setPackage(No Configuration,No Configuration)
2025-12-25 16:41:19,272 [INFO] PinOutPanel:1589 - setPackage(STM32L476RGTx,LQFP64)
2025-12-25 16:41:19,640 [INFO] UtilMem:75 - Before build in PCC Used Memory: 944474960 Bytes (1073741824)
2025-12-25 16:41:19,940 [INFO] UtilMem:75 - After build in PCC Used Memory: 795702728 Bytes (1073741824)
2025-12-25 16:41:19,972 [INFO] IPUIPlugin:80 - create IPUIPlugin
2025-12-25 16:41:19,972 [INFO] IPUIPlugin:80 - create IPUIPlugin
2025-12-25 16:41:19,972 [INFO] IPUIPlugin:80 - create IPUIPlugin
2025-12-25 16:41:19,972 [INFO] IPUIPlugin:80 - create IPUIPlugin
2025-12-25 16:41:19,972 [INFO] IPUIPlugin:80 - create IPUIPlugin
2025-12-25 16:41:19,972 [INFO] IPUIPlugin:80 - create IPUIPlugin
2025-12-25 16:41:19,972 [INFO] IPUIPlugin:80 - create IPUIPlugin
2025-12-25 16:41:19,972 [INFO] IPUIPlugin:80 - create IPUIPlugin
2025-12-25 16:41:19,972 [INFO] IPUIPlugin:80 - create IPUIPlugin
2025-12-25 16:41:19,972 [INFO] IPUIPlugin:80 - create IPUIPlugin
2025-12-25 16:41:19,972 [INFO] IPUIPlugin:80 - create IPUIPlugin
2025-12-25 16:41:19,972 [INFO] IPUIPlugin:80 - create IPUIPlugin
2025-12-25 16:41:19,972 [INFO] IPUIPlugin:80 - create IPUIPlugin
2025-12-25 16:41:19,972 [INFO] IPUIPlugin:80 - create IPUIPlugin
2025-12-25 16:41:19,972 [INFO] IPUIPlugin:80 - create IPUIPlugin
2025-12-25 16:41:19,972 [INFO] IPUIPlugin:80 - create IPUIPlugin
2025-12-25 16:41:19,972 [INFO] IPUIPlugin:80 - create IPUIPlugin
2025-12-25 16:41:19,972 [INFO] IPUIPlugin:80 - create IPUIPlugin
2025-12-25 16:41:19,972 [INFO] IPUIPlugin:80 - create IPUIPlugin
2025-12-25 16:41:19,972 [INFO] IPUIPlugin:80 - create IPUIPlugin
2025-12-25 16:41:19,972 [INFO] IPUIPlugin:80 - create IPUIPlugin
2025-12-25 16:41:19,972 [INFO] IPUIPlugin:80 - create IPUIPlugin
2025-12-25 16:41:19,972 [INFO] IPUIPlugin:80 - create IPUIPlugin
2025-12-25 16:41:19,972 [INFO] IPUIPlugin:80 - create IPUIPlugin
2025-12-25 16:41:19,972 [INFO] IPUIPlugin:80 - create IPUIPlugin
2025-12-25 16:41:19,972 [INFO] IPUIPlugin:80 - create IPUIPlugin
2025-12-25 16:41:19,972 [INFO] IPUIPlugin:80 - create IPUIPlugin
2025-12-25 16:41:19,972 [INFO] IPUIPlugin:80 - create IPUIPlugin
2025-12-25 16:41:19,972 [INFO] IPUIPlugin:80 - create IPUIPlugin
2025-12-25 16:41:19,972 [INFO] IPUIPlugin:80 - create IPUIPlugin
2025-12-25 16:41:19,972 [INFO] IPUIPlugin:80 - create IPUIPlugin
2025-12-25 16:41:19,972 [INFO] IPUIPlugin:80 - create IPUIPlugin
2025-12-25 16:41:19,972 [INFO] IPUIPlugin:80 - create IPUIPlugin
2025-12-25 16:41:19,972 [INFO] IPUIPlugin:80 - create IPUIPlugin
2025-12-25 16:41:19,972 [INFO] IPUIPlugin:80 - create IPUIPlugin
2025-12-25 16:41:19,972 [INFO] IPUIPlugin:80 - create IPUIPlugin
2025-12-25 16:41:19,972 [INFO] IPUIPlugin:80 - create IPUIPlugin
2025-12-25 16:41:19,972 [INFO] IPUIPlugin:80 - create IPUIPlugin
2025-12-25 16:41:19,972 [INFO] IPUIPlugin:80 - create IPUIPlugin
2025-12-25 16:41:19,972 [INFO] IPUIPlugin:80 - create IPUIPlugin
2025-12-25 16:41:19,972 [INFO] IPUIPlugin:80 - create IPUIPlugin
2025-12-25 16:41:19,972 [INFO] IPUIPlugin:80 - create IPUIPlugin
2025-12-25 16:41:19,972 [INFO] IPUIPlugin:80 - create IPUIPlugin
2025-12-25 16:41:19,972 [INFO] IPUIPlugin:80 - create IPUIPlugin
2025-12-25 16:41:19,972 [INFO] IPUIPlugin:80 - create IPUIPlugin
2025-12-25 16:41:19,972 [INFO] IPUIPlugin:80 - create IPUIPlugin
2025-12-25 16:41:19,972 [INFO] IPUIPlugin:80 - create IPUIPlugin
2025-12-25 16:41:19,972 [INFO] IPUIPlugin:80 - create IPUIPlugin
2025-12-25 16:41:19,972 [INFO] IPUIPlugin:80 - create IPUIPlugin
2025-12-25 16:41:19,972 [INFO] IPUIPlugin:80 - create IPUIPlugin
2025-12-25 16:41:19,972 [INFO] IPUIPlugin:80 - create IPUIPlugin
2025-12-25 16:41:19,972 [INFO] IPUIPlugin:80 - create IPUIPlugin
2025-12-25 16:41:19,972 [INFO] IPUIPlugin:80 - create IPUIPlugin
2025-12-25 16:41:19,972 [INFO] IPUIPlugin:80 - create IPUIPlugin
2025-12-25 16:41:19,972 [INFO] IPUIPlugin:80 - create IPUIPlugin
2025-12-25 16:41:19,972 [INFO] IPUIPlugin:80 - create IPUIPlugin
2025-12-25 16:41:19,972 [INFO] IPUIPlugin:80 - create IPUIPlugin
2025-12-25 16:41:19,972 [INFO] IPUIPlugin:80 - create IPUIPlugin
2025-12-25 16:41:19,972 [INFO] IPUIPlugin:80 - create IPUIPlugin
2025-12-25 16:41:20,026 [INFO] CADModel:165 - CPN selected for project levelSTM32L476RGT3
2025-12-25 16:41:20,026 [INFO] CADModel:114 - Register for checkConnection events
2025-12-25 16:41:20,105 [INFO] OpenFileManager:386 - Restore cursor
2025-12-25 16:41:20,623 [INFO] UtilMem:75 - End SaveConfig() Used Memory: 951636592 Bytes (1073741824)
2025-12-25 16:41:20,689 [INFO] UtilMem:75 - End SaveConfig() Used Memory: 977029480 Bytes (1073741824)
2025-12-25 16:41:21,094 [INFO] BlockDiagram:2775 - set Specific Code input for plugin: SYS
2025-12-25 16:41:21,095 [INFO] BlockDiagram:2775 - set Specific Code input for plugin: RCC
2025-12-25 16:41:21,095 [INFO] BlockDiagram:2775 - set Specific Code input for plugin: I2C
2025-12-25 16:41:21,095 [INFO] BlockDiagram:2775 - set Specific Code input for plugin: NVIC
2025-12-25 16:41:21,095 [INFO] BlockDiagram:2775 - set Specific Code input for plugin: GPIO
2025-12-25 16:41:21,096 [INFO] CodeGenerator:892 - code generatio: config db path: C:\ST\STM32CubeIDE_1.19.0\STM32CubeIDE\plugins\com.st.stm32cube.common.mx_6.15.0.202507011659\\db\
2025-12-25 16:41:21,239 [INFO] CodeEngine:265 - oldGeneratedFile, D:\STM32\Lab\42-spi-port-expander\MXTmpFiles\license.tmp_save
2025-12-25 16:41:21,630 [INFO] CodeEngine:289 - Generated code: D:\STM32\Lab\42-spi-port-expander\MXTmpFiles\license.tmp
2025-12-25 16:41:21,776 [INFO] CodeEngine:265 - oldGeneratedFile, D:\STM32\Lab\42-spi-port-expander\MXTmpFiles\gpio.tmp_save
2025-12-25 16:41:21,897 [INFO] CodeEngine:289 - Generated code: D:\STM32\Lab\42-spi-port-expander\MXTmpFiles\gpio.tmp
2025-12-25 16:41:22,054 [INFO] CodeEngine:265 - oldGeneratedFile, D:\STM32\Lab\42-spi-port-expander\Core\Src\stm32l4xx_it.c_save
2025-12-25 16:41:22,170 [INFO] CodeEngine:289 - Generated code: D:\STM32\Lab\42-spi-port-expander\Core\Src\stm32l4xx_it.c
2025-12-25 16:41:22,174 [INFO] CodeEngine:265 - oldGeneratedFile, D:\STM32\Lab\42-spi-port-expander\Core\Inc\stm32l4xx_it.h_save
2025-12-25 16:41:22,243 [INFO] CodeEngine:289 - Generated code: D:\STM32\Lab\42-spi-port-expander\Core\Inc\stm32l4xx_it.h
2025-12-25 16:41:22,254 [INFO] CodeEngine:265 - oldGeneratedFile, D:\STM32\Lab\42-spi-port-expander\Core\Src\stm32l4xx_hal_msp.c_save
2025-12-25 16:41:22,409 [INFO] CodeEngine:289 - Generated code: D:\STM32\Lab\42-spi-port-expander\Core\Src\stm32l4xx_hal_msp.c
2025-12-25 16:41:22,413 [INFO] CodeEngine:265 - oldGeneratedFile, D:\STM32\Lab\42-spi-port-expander\MXTmpFiles\system.tmp_save
2025-12-25 16:41:22,471 [INFO] CodeEngine:289 - Generated code: D:\STM32\Lab\42-spi-port-expander\MXTmpFiles\system.tmp
2025-12-25 16:41:22,480 [INFO] CodeEngine:321 - oldGeneratedFile, D:\STM32\Lab\42-spi-port-expander\Core\Inc\stm32l4xx_hal_conf.h_save
2025-12-25 16:41:22,529 [INFO] CodeEngine:345 - Generated code: D:\STM32\Lab\42-spi-port-expander\Core\Inc\stm32l4xx_hal_conf.h
2025-12-25 16:41:22,560 [INFO] ApiDbMcu:532 - Load IP Config File for I2C1
2025-12-25 16:41:22,571 [INFO] ApiDbMcu:532 - Load IP Config File for RCC
2025-12-25 16:41:22,578 [INFO] CodeEngine:265 - oldGeneratedFile, D:\STM32\Lab\42-spi-port-expander\Core\Inc\main.h_save
2025-12-25 16:41:22,650 [INFO] CodeEngine:289 - Generated code: D:\STM32\Lab\42-spi-port-expander\Core\Inc\main.h
2025-12-25 16:41:22,655 [INFO] CodeEngine:265 - oldGeneratedFile, D:\STM32\Lab\42-spi-port-expander\Core\Src\main.c_save
2025-12-25 16:41:22,759 [INFO] CodeEngine:289 - Generated code: D:\STM32\Lab\42-spi-port-expander\Core\Src\main.c
2025-12-25 16:41:23,238 [INFO] ProjectBuilder:3606 - Time for Copy HAL[1] : 329mS.
2025-12-25 16:41:23,238 [INFO] ProjectBuilder:5216 - Project Generator version: 4.7.0-B52
2025-12-25 16:41:23,317 [INFO] ConfigFileManager:1595 - The Die is : DIE415
2025-12-25 16:41:23,328 [INFO] ApiDbMcu:532 - Load IP Config File for FATFS
2025-12-25 16:41:23,343 [INFO] ApiDbMcu:532 - Load IP Config File for FREERTOS
2025-12-25 16:41:23,343 [INFO] ApiDbMcu:532 - Load IP Config File for TOUCHSENSING
2025-12-25 16:41:23,359 [INFO] ApiDbMcu:532 - Load IP Config File for USB_DEVICE
2025-12-25 16:41:23,359 [INFO] ApiDbMcu:532 - Load IP Config File for USB_HOST
2025-12-25 16:41:23,819 [INFO] LogOutputStream:77 - [STDOUT_REDIRECT] 
2025-12-25 16:41:26,346 [INFO] ProjectBuilder:5496 - Time for Generating toolchain IDE Files: 3107mS.
2025-12-25 16:41:26,346 [INFO] ProjectBuilder:3463 - Time for Copy CMSIS : 0mS.
2025-12-25 16:41:26,349 [INFO] ProjectBuilder:3463 - Time for Copy CMSIS : 0mS.
2025-12-25 16:41:26,939 [INFO] McuFinderGlobals:76 - Set McuFinderConnectedMode to true
2025-12-25 16:41:27,274 [INFO] ApiDb:448 - Save user favorites file C:\Users\user/.stm32cubeide/favorites.mcus.txt: 0 item(s)
2025-12-25 16:41:27,274 [INFO] ApiDb:452 - User favorites MCUs=[]
2025-12-25 16:41:27,607 [ERROR] LogOutputStream:75 - [STDERR_REDIRECT] Exception in thread "AWT-EventQueue-0" java.awt.IllegalComponentStateException: Native resources unavailable
2025-12-25 16:41:27,609 [ERROR] LogOutputStream:75 - [STDERR_REDIRECT] 	at java.desktop/sun.awt.windows.WWindowPeer.getScreenImOn(Native Method)
2025-12-25 16:41:27,611 [ERROR] LogOutputStream:75 - [STDERR_REDIRECT] 	at java.desktop/sun.awt.windows.WWindowPeer.updateGC(WWindowPeer.java:566)
2025-12-25 16:41:27,612 [ERROR] LogOutputStream:75 - [STDERR_REDIRECT] 	at java.desktop/java.awt.event.InvocationEvent.dispatch(InvocationEvent.java:318)
2025-12-25 16:41:27,613 [ERROR] LogOutputStream:75 - [STDERR_REDIRECT] 	at java.desktop/java.awt.EventQueue.dispatchEventImpl(EventQueue.java:773)
2025-12-25 16:41:27,615 [ERROR] LogOutputStream:75 - [STDERR_REDIRECT] 	at java.desktop/java.awt.EventQueue$4.run(EventQueue.java:720)
2025-12-25 16:41:27,617 [ERROR] LogOutputStream:75 - [STDERR_REDIRECT] 	at java.desktop/java.awt.EventQueue$4.run(EventQueue.java:714)
2025-12-25 16:41:27,618 [ERROR] LogOutputStream:75 - [STDERR_REDIRECT] 	at java.base/java.security.AccessController.doPrivileged(AccessController.java:400)
2025-12-25 16:41:27,621 [ERROR] LogOutputStream:75 - [STDERR_REDIRECT] 	at java.base/java.security.ProtectionDomain$JavaSecurityAccessImpl.doIntersectionPrivilege(ProtectionDomain.java:87)
2025-12-25 16:41:27,623 [ERROR] LogOutputStream:75 - [STDERR_REDIRECT] 	at java.base/java.security.ProtectionDomain$JavaSecurityAccessImpl.doIntersectionPrivilege(ProtectionDomain.java:98)
2025-12-25 16:41:27,624 [ERROR] LogOutputStream:75 - [STDERR_REDIRECT] 	at java.desktop/java.awt.EventQueue$5.run(EventQueue.java:747)
2025-12-25 16:41:27,625 [ERROR] LogOutputStream:75 - [STDERR_REDIRECT] 	at java.desktop/java.awt.EventQueue$5.run(EventQueue.java:745)
2025-12-25 16:41:27,626 [ERROR] LogOutputStream:75 - [STDERR_REDIRECT] 	at java.base/java.security.AccessController.doPrivileged(AccessController.java:400)
2025-12-25 16:41:27,628 [ERROR] LogOutputStream:75 - [STDERR_REDIRECT] 	at java.base/java.security.ProtectionDomain$JavaSecurityAccessImpl.doIntersectionPrivilege(ProtectionDomain.java:87)
2025-12-25 16:41:27,630 [ERROR] LogOutputStream:75 - [STDERR_REDIRECT] 	at java.desktop/java.awt.EventQueue.dispatchEvent(EventQueue.java:744)
2025-12-25 16:41:27,631 [ERROR] LogOutputStream:75 - [STDERR_REDIRECT] 	at java.desktop/java.awt.EventDispatchThread.pumpOneEventForFilters(EventDispatchThread.java:203)
2025-12-25 16:41:27,633 [ERROR] LogOutputStream:75 - [STDERR_REDIRECT] 	at java.desktop/java.awt.EventDispatchThread.pumpEventsForFilter(EventDispatchThread.java:124)
2025-12-25 16:41:27,635 [ERROR] LogOutputStream:75 - [STDERR_REDIRECT] 	at java.desktop/java.awt.EventDispatchThread.pumpEventsForHierarchy(EventDispatchThread.java:113)
2025-12-25 16:41:27,636 [ERROR] LogOutputStream:75 - [STDERR_REDIRECT] 	at java.desktop/java.awt.EventDispatchThread.pumpEvents(EventDispatchThread.java:109)
2025-12-25 16:41:27,638 [ERROR] LogOutputStream:75 - [STDERR_REDIRECT] 	at java.desktop/java.awt.EventDispatchThread.pumpEvents(EventDispatchThread.java:101)
2025-12-25 16:41:27,639 [ERROR] LogOutputStream:75 - [STDERR_REDIRECT] 	at java.desktop/java.awt.EventDispatchThread.run(EventDispatchThread.java:90)
2025-12-25 17:50:00,430 [INFO] UtilMem:75 - End SaveConfig() Used Memory: 869740304 Bytes (1073741824)
2025-12-25 17:50:01,484 [INFO] UtilMem:75 - End SaveConfig() Used Memory: 680793064 Bytes (1073741824)
2025-12-25 17:50:03,176 [INFO] UtilMem:75 - End SaveConfig() Used Memory: 730598376 Bytes (1073741824)
2025-12-25 17:50:03,635 [INFO] BlockDiagram:2775 - set Specific Code input for plugin: SPI
2025-12-25 17:50:03,635 [INFO] BlockDiagram:2775 - set Specific Code input for plugin: SYS
2025-12-25 17:50:03,635 [INFO] BlockDiagram:2775 - set Specific Code input for plugin: RCC
2025-12-25 17:50:03,635 [INFO] BlockDiagram:2775 - set Specific Code input for plugin: NVIC
2025-12-25 17:50:03,635 [INFO] BlockDiagram:2775 - set Specific Code input for plugin: GPIO
2025-12-25 17:50:03,636 [INFO] CodeGenerator:892 - code generatio: config db path: C:\ST\STM32CubeIDE_1.19.0\STM32CubeIDE\plugins\com.st.stm32cube.common.mx_6.15.0.202507011659\\db\
2025-12-25 17:50:03,913 [INFO] CodeEngine:265 - oldGeneratedFile, D:\STM32\Lab\42-spi-port-expander\MXTmpFiles\license.tmp_save
2025-12-25 17:50:04,109 [INFO] CodeEngine:289 - Generated code: D:\STM32\Lab\42-spi-port-expander\MXTmpFiles\license.tmp
2025-12-25 17:50:04,145 [INFO] CodeEngine:265 - oldGeneratedFile, D:\STM32\Lab\42-spi-port-expander\MXTmpFiles\gpio.tmp_save
2025-12-25 17:50:04,246 [INFO] CodeEngine:289 - Generated code: D:\STM32\Lab\42-spi-port-expander\MXTmpFiles\gpio.tmp
2025-12-25 17:50:04,327 [INFO] CodeEngine:265 - oldGeneratedFile, D:\STM32\Lab\42-spi-port-expander\Core\Src\stm32l4xx_it.c_save
2025-12-25 17:50:04,531 [INFO] CodeEngine:289 - Generated code: D:\STM32\Lab\42-spi-port-expander\Core\Src\stm32l4xx_it.c
2025-12-25 17:50:04,536 [INFO] CodeEngine:265 - oldGeneratedFile, D:\STM32\Lab\42-spi-port-expander\Core\Inc\stm32l4xx_it.h_save
2025-12-25 17:50:04,596 [INFO] CodeEngine:289 - Generated code: D:\STM32\Lab\42-spi-port-expander\Core\Inc\stm32l4xx_it.h
2025-12-25 17:50:04,606 [INFO] CodeEngine:265 - oldGeneratedFile, D:\STM32\Lab\42-spi-port-expander\Core\Src\stm32l4xx_hal_msp.c_save
2025-12-25 17:50:04,721 [INFO] CodeEngine:289 - Generated code: D:\STM32\Lab\42-spi-port-expander\Core\Src\stm32l4xx_hal_msp.c
2025-12-25 17:50:04,725 [INFO] CodeEngine:265 - oldGeneratedFile, D:\STM32\Lab\42-spi-port-expander\MXTmpFiles\system.tmp_save
2025-12-25 17:50:04,777 [INFO] CodeEngine:289 - Generated code: D:\STM32\Lab\42-spi-port-expander\MXTmpFiles\system.tmp
2025-12-25 17:50:04,786 [INFO] CodeEngine:321 - oldGeneratedFile, D:\STM32\Lab\42-spi-port-expander\Core\Inc\stm32l4xx_hal_conf.h_save
2025-12-25 17:50:04,847 [INFO] CodeEngine:345 - Generated code: D:\STM32\Lab\42-spi-port-expander\Core\Inc\stm32l4xx_hal_conf.h
2025-12-25 17:50:04,875 [INFO] ApiDbMcu:532 - Load IP Config File for SPI1
2025-12-25 17:50:04,882 [INFO] CodeEngine:265 - oldGeneratedFile, D:\STM32\Lab\42-spi-port-expander\Core\Inc\main.h_save
2025-12-25 17:50:04,971 [INFO] CodeEngine:289 - Generated code: D:\STM32\Lab\42-spi-port-expander\Core\Inc\main.h
2025-12-25 17:50:04,976 [INFO] CodeEngine:265 - oldGeneratedFile, D:\STM32\Lab\42-spi-port-expander\Core\Src\main.c_save
2025-12-25 17:50:05,070 [INFO] CodeEngine:289 - Generated code: D:\STM32\Lab\42-spi-port-expander\Core\Src\main.c
2025-12-25 17:50:05,361 [INFO] ProjectBuilder:3606 - Time for Copy HAL[1] : 141mS.
2025-12-25 17:50:05,364 [INFO] ProjectBuilder:5216 - Project Generator version: 4.7.0-B52
2025-12-25 17:50:05,438 [INFO] ConfigFileManager:1595 - The Die is : DIE415
2025-12-25 17:50:06,413 [INFO] ProjectBuilder:5496 - Time for Generating toolchain IDE Files: 1049mS.
2025-12-25 17:50:06,414 [INFO] ProjectBuilder:3463 - Time for Copy CMSIS : 0mS.
2025-12-25 17:50:06,416 [INFO] ProjectBuilder:3463 - Time for Copy CMSIS : 0mS.
2025-12-25 17:50:17,446 [INFO] MainUpdater:2872 - connection check result : 10
2025-12-25 17:50:17,446 [INFO] MainUpdater:2872 - connection check result : 10
2025-12-25 17:50:17,506 [INFO] MicroXplorer:468 - Change Database Path : 
2025-12-25 17:50:17,506 [INFO] MicroXplorer:498 - Change Database Version : DB.6.0.150
2025-12-25 17:50:17,548 [ERROR] ProjectManagerView:395 - 
java.lang.NullPointerException: Cannot invoke "javax.swing.JTextField.getText()" because the return value of "java.util.List.get(int)" is null
	at com.st.microxplorer.plugins.projectmanager.gui.ProjectChoiceTab$9.caretUpdate(ProjectChoiceTab.java:2706) ~[filemanager.jar:?]
	at javax.swing.text.JTextComponent.fireCaretUpdate(JTextComponent.java:408) ~[?:?]
	at javax.swing.text.JTextComponent$MutableCaretEvent.fire(JTextComponent.java:4484) ~[?:?]
	at javax.swing.text.JTextComponent$MutableCaretEvent.stateChanged(JTextComponent.java:4506) ~[?:?]
	at javax.swing.text.DefaultCaret.fireStateChanged(DefaultCaret.java:857) ~[?:?]
	at javax.swing.text.DefaultCaret.changeCaretPosition(DefaultCaret.java:1343) ~[?:?]
	at javax.swing.text.DefaultCaret.handleSetDot(DefaultCaret.java:1242) ~[?:?]
	at javax.swing.text.DefaultCaret.setDot(DefaultCaret.java:1223) ~[?:?]
	at javax.swing.text.DefaultCaret$Handler.insertUpdate(DefaultCaret.java:1819) ~[?:?]
	at javax.swing.text.AbstractDocument.fireInsertUpdate(AbstractDocument.java:227) ~[?:?]
	at javax.swing.text.AbstractDocument.handleInsertString(AbstractDocument.java:781) ~[?:?]
	at javax.swing.text.AbstractDocument.insertString(AbstractDocument.java:740) ~[?:?]
	at javax.swing.text.PlainDocument.insertString(PlainDocument.java:131) ~[?:?]
	at javax.swing.text.AbstractDocument.replace(AbstractDocument.java:699) ~[?:?]
	at javax.swing.text.JTextComponent.setText(JTextComponent.java:1725) ~[?:?]
	at com.st.microxplorer.plugins.projectmanager.gui.ProjectChoiceTab.createHeapStackFields(ProjectChoiceTab.java:993) ~[filemanager.jar:?]
	at com.st.microxplorer.plugins.projectmanager.gui.ProjectChoiceTab.buildLinkSettingsPanel(ProjectChoiceTab.java:3813) ~[filemanager.jar:?]
	at com.st.microxplorer.plugins.projectmanager.gui.ProjectChoiceTab.defineWindowsFields(ProjectChoiceTab.java:1987) ~[filemanager.jar:?]
	at com.st.microxplorer.plugins.projectmanager.gui.ProjectChoiceTab.updateSettings(ProjectChoiceTab.java:558) ~[filemanager.jar:?]
	at com.st.microxplorer.plugins.projectmanager.gui.ProjectSettingsPanel.UpdateDialog(ProjectSettingsPanel.java:247) ~[filemanager.jar:?]
	at com.st.microxplorer.plugins.projectmanager.ProjectManagerView.propertyChange(ProjectManagerView.java:392) ~[filemanager.jar:?]
	at java.beans.PropertyChangeSupport.fire(PropertyChangeSupport.java:343) ~[?:?]
	at java.beans.PropertyChangeSupport.firePropertyChange(PropertyChangeSupport.java:335) ~[?:?]
	at java.beans.PropertyChangeSupport.firePropertyChange(PropertyChangeSupport.java:268) ~[?:?]
	at com.st.microxplorer.util.MXPropertyChangeSupport.firePropertyChange(MXPropertyChangeSupport.java:54) ~[STM32CubeMX.jar:?]
	at com.st.microxplorer.mxsystem.MxSystem.closeConfig(MxSystem.java:899) ~[STM32CubeMX.jar:?]
	at com.st.microxplorer.maingui.MainPanel.closeConfig(MainPanel.java:792) ~[STM32CubeMX.jar:?]
	at com.st.microxplorer.plugins.filemanager.engine.OpenFileManager.loadConfigurationFile(OpenFileManager.java:288) ~[filemanager.jar:?]
	at com.st.microxplorer.plugins.filemanager.engine.MainFileManager.userLoadConfig(MainFileManager.java:364) ~[filemanager.jar:?]
	at com.st.microxplorer.plugins.filemanager.engine.MainFileManager.userLoadConfig(MainFileManager.java:342) ~[filemanager.jar:?]
	at com.st.microxplorer.plugins.filemanager.FileManagerView.getSpecificTask(FileManagerView.java:264) ~[filemanager.jar:?]
	at com.st.stm32cube.common.mx.editor.CubeMxEditor.getMxTabbedPaneInstance(CubeMxEditor.java:1198) ~[com.st.stm32cube.common.mx_6.15.0.202507011659/:?]
	at com.st.stm32cube.common.mx.editor.CubeMxEditor$12$1.createSwingComponent(CubeMxEditor.java:1068) ~[com.st.stm32cube.common.mx_6.15.0.202507011659/:?]
	at com.st.stm32cube.common.mx.oss.core.awtswtbridge.EmbeddedSwingComposite.doComponentCreation(EmbeddedSwingComposite.java:492) ~[com.st.stm32cube.common.mx.oss_6.15.0.202507011659/:?]
	at com.st.stm32cube.common.mx.oss.core.awtswtbridge.EmbeddedSwingComposite$4.run(EmbeddedSwingComposite.java:291) ~[com.st.stm32cube.common.mx.oss_6.15.0.202507011659/:?]
	at com.st.stm32cube.common.mx.oss.core.awtswtbridge.AwtEnvironment$2.run(AwtEnvironment.java:166) ~[com.st.stm32cube.common.mx.oss_6.15.0.202507011659/:?]
	at java.awt.event.InvocationEvent.dispatch(InvocationEvent.java:318) ~[?:?]
	at java.awt.EventQueue.dispatchEventImpl(EventQueue.java:773) ~[?:?]
	at java.awt.EventQueue$4.run(EventQueue.java:720) ~[?:?]
	at java.awt.EventQueue$4.run(EventQueue.java:714) ~[?:?]
	at java.security.AccessController.doPrivileged(AccessController.java:400) ~[?:?]
	at java.security.ProtectionDomain$JavaSecurityAccessImpl.doIntersectionPrivilege(ProtectionDomain.java:87) ~[?:?]
	at java.awt.EventQueue.dispatchEvent(EventQueue.java:742) ~[?:?]
	at java.awt.EventDispatchThread.pumpOneEventForFilters(EventDispatchThread.java:203) ~[?:?]
	at java.awt.EventDispatchThread.pumpEventsForFilter(EventDispatchThread.java:124) ~[?:?]
	at java.awt.EventDispatchThread.pumpEventsForHierarchy(EventDispatchThread.java:113) ~[?:?]
	at java.awt.EventDispatchThread.pumpEvents(EventDispatchThread.java:109) ~[?:?]
	at java.awt.EventDispatchThread.pumpEvents(EventDispatchThread.java:101) ~[?:?]
	at java.awt.EventDispatchThread.run(EventDispatchThread.java:90) ~[?:?]
2025-12-25 17:50:17,551 [WARN] ThirdParty:871 - waiting for thirdparty lock release [close project]
2025-12-25 17:50:17,551 [INFO] ThirdParty:873 - entering critical section [close project]
2025-12-25 17:50:17,551 [INFO] ThirdParty:883 - exiting critical section [close project]
2025-12-25 17:50:17,555 [INFO] PinOutPanel:1589 - setPackage(No Configuration,No Configuration)
2025-12-25 17:50:17,573 [INFO] UtilMem:75 - Begin LoadConfig() Used Memory: 891457528 Bytes (1073741824)
2025-12-25 17:50:17,574 [INFO] MicroXplorer:468 - Change Database Path : 
2025-12-25 17:50:17,575 [INFO] MicroXplorer:498 - Change Database Version : DB.6.0.150
2025-12-25 17:50:17,575 [INFO] OpenFileManager:355 - Change cursor
2025-12-25 17:50:17,599 [INFO] RulesReader:64 - Compatibility file has been processed (317 Rules)
2025-12-25 17:50:17,602 [INFO] Mcu:2029 - Initializing MCU STM32L476R(C-E-G)Tx STM32L476RGTx STM32L476RGT3
2025-12-25 17:50:19,313 [INFO] Context:786 - Trying to add GPIOservice into a context  which must be forbidden
2025-12-25 17:50:19,999 [INFO] ImportTextPane:234 - (OptionalMessage_ERROR) Pin3 (VP_RIF_VS_RIF1) cannot be retrieved for this MCU
2025-12-25 17:50:20,200 [INFO] RtosManager:558 - Registered RTOS mode: class=CMSIS, group=RTOS, mode=CMSIS_V1, owner=FREERTOS
2025-12-25 17:50:20,200 [INFO] RtosManager:558 - Registered RTOS mode: class=CMSIS, group=RTOS2, mode=CMSIS_V2, owner=FREERTOS
2025-12-25 17:50:20,200 [INFO] RtosManager:558 - Registered RTOS mode: class=RTOS, group=Core, mode=CMSIS_V1, owner=FREERTOS
2025-12-25 17:50:20,200 [INFO] RtosManager:558 - Registered RTOS mode: class=RTOS, group=Core, mode=CMSIS_V2, owner=FREERTOS
2025-12-25 17:50:20,200 [WARN] ModelIntegratedComponent:184 - Missing modes for component STMicroelectronics:FreeRTOS:0.0.1:STMicroelectronics:RTOS:FreeRTOS:Core:::10.2.0:
2025-12-25 17:50:20,208 [WARN] ModelIntegratedComponent:63 - No mode defined for component null
2025-12-25 17:50:20,208 [WARN] ModelIntegratedComponent:63 - No mode defined for component null
2025-12-25 17:50:20,208 [WARN] ModelIntegratedComponent:63 - No mode defined for component null
2025-12-25 17:50:20,208 [WARN] ModelIntegratedComponent:63 - No mode defined for component null
2025-12-25 17:50:20,208 [WARN] ModelIntegratedComponent:63 - No mode defined for component null
2025-12-25 17:50:20,208 [WARN] ModelIntegratedComponent:63 - No mode defined for component null
2025-12-25 17:50:20,208 [WARN] ModelIntegratedComponent:63 - No mode defined for component null
2025-12-25 17:50:20,208 [WARN] ModelIntegratedComponent:63 - No mode defined for component null
2025-12-25 17:50:20,208 [WARN] ModelIntegratedComponent:63 - No mode defined for component null
2025-12-25 17:50:20,208 [WARN] ModelIntegratedComponent:63 - No mode defined for component null
2025-12-25 17:50:20,208 [WARN] ModelIntegratedComponent:63 - No mode defined for component null
2025-12-25 17:50:20,208 [WARN] ModelIntegratedComponent:63 - No mode defined for component null
2025-12-25 17:50:20,208 [WARN] ModelIntegratedComponent:63 - No mode defined for component null
2025-12-25 17:50:20,208 [WARN] ModelIntegratedComponent:63 - No mode defined for component null
2025-12-25 17:50:20,208 [WARN] ModelIntegratedComponent:63 - No mode defined for component null
2025-12-25 17:50:20,208 [WARN] ModelIntegratedComponent:63 - No mode defined for component null
2025-12-25 17:50:20,209 [WARN] ModelIntegratedComponent:63 - No mode defined for component null
2025-12-25 17:50:20,209 [WARN] ModelIntegratedComponent:63 - No mode defined for component null
2025-12-25 17:50:20,209 [WARN] ModelIntegratedComponent:63 - No mode defined for component null
2025-12-25 17:50:20,209 [WARN] ModelIntegratedComponent:63 - No mode defined for component null
2025-12-25 17:50:20,209 [WARN] ModelIntegratedComponent:63 - No mode defined for component null
2025-12-25 17:50:20,209 [WARN] ModelIntegratedComponent:63 - No mode defined for component null
2025-12-25 17:50:20,209 [WARN] ModelIntegratedComponent:63 - No mode defined for component null
2025-12-25 17:50:20,209 [WARN] ModelIntegratedComponent:63 - No mode defined for component null
2025-12-25 17:50:20,209 [WARN] ModelIntegratedComponent:63 - No mode defined for component null
2025-12-25 17:50:20,209 [WARN] ModelIntegratedComponent:63 - No mode defined for component null
2025-12-25 17:50:20,209 [WARN] ModelIntegratedComponent:63 - No mode defined for component null
2025-12-25 17:50:20,209 [WARN] ModelIntegratedComponent:63 - No mode defined for component null
2025-12-25 17:50:20,209 [WARN] ModelIntegratedComponent:63 - No mode defined for component null
2025-12-25 17:50:20,209 [WARN] ModelIntegratedComponent:63 - No mode defined for component null
2025-12-25 17:50:20,209 [WARN] ModelIntegratedComponent:63 - No mode defined for component null
2025-12-25 17:50:20,209 [WARN] ModelIntegratedComponent:63 - No mode defined for component null
2025-12-25 17:50:20,209 [WARN] ModelIntegratedComponent:63 - No mode defined for component null
2025-12-25 17:50:20,209 [WARN] ModelIntegratedComponent:63 - No mode defined for component null
2025-12-25 17:50:20,209 [WARN] ModelIntegratedComponent:63 - No mode defined for component null
2025-12-25 17:50:20,209 [WARN] ModelPack:524 - Component already loaded: STMicroelectronics:HAL Drivers:0.0.0:STMicroelectronics:Device:STMicro_Driver:XSPI:HAL::0.0.1:HAL_XSPI
2025-12-25 17:50:20,267 [INFO] ThirdPartyModel:298 - Start build external matchings
2025-12-25 17:50:20,837 [INFO] ThirdPartyModel:316 - End build external matchings
2025-12-25 17:50:21,143 [INFO] UtilMem:75 - End LoadConfig() Used Memory: 844451984 Bytes (1073741824)
2025-12-25 17:50:21,175 [WARN] ThirdParty:833 - waiting for thirdparty lock release [change project]
2025-12-25 17:50:21,175 [INFO] ThirdParty:835 - entering critical section [change project]
2025-12-25 17:50:21,175 [INFO] ThirdParty:1030 - CMSIS Pack Vendor :STMicroelectronics X-CUBE-PM33A1 1.0.0
2025-12-25 17:50:21,175 [INFO] ThirdParty:1030 - CMSIS Pack Vendor :STMicroelectronics USBPD 4.1
2025-12-25 17:50:21,175 [INFO] ThirdParty:1030 - CMSIS Pack Vendor :STMicroelectronics X-CUBE-NFC9 1.0.0
2025-12-25 17:50:21,175 [INFO] ThirdParty:1030 - CMSIS Pack Vendor :STMicroelectronics USB_HOST 2.0.0
2025-12-25 17:50:21,175 [INFO] ThirdParty:1030 - CMSIS Pack Vendor :STMicroelectronics FP-SNS-MOTENVWB1 1.4.0
2025-12-25 17:50:21,175 [INFO] ThirdParty:1030 - CMSIS Pack Vendor :STMicroelectronics X-CUBE-AZRTOS-F4 1.1.0
2025-12-25 17:50:21,175 [INFO] ThirdParty:1030 - CMSIS Pack Vendor :STMicroelectronics LIBJPEG 8.0.0
2025-12-25 17:50:21,175 [INFO] ThirdParty:1030 - CMSIS Pack Vendor :STMicroelectronics FP-ATR-ASTRA1 2.0.2
2025-12-25 17:50:21,176 [INFO] ThirdParty:1030 - CMSIS Pack Vendor :wolfSSL I-CUBE-wolfSSL 5.8.2
2025-12-25 17:50:21,176 [INFO] ThirdParty:1030 - CMSIS Pack Vendor :STMicroelectronics X-CUBE-BLE1 7.1.0
2025-12-25 17:50:21,176 [INFO] ThirdParty:1030 - CMSIS Pack Vendor :Avnet-IotConnect X-CUBE-IoTC-DA16k-PMOD 1.0.0
2025-12-25 17:50:21,176 [INFO] ThirdParty:1030 - CMSIS Pack Vendor :STMicroelectronics X-CUBE-SMBUS 2.1.0
2025-12-25 17:50:21,176 [INFO] ThirdParty:1030 - CMSIS Pack Vendor :wolfSSL I-CUBE-wolfMQTT 1.19.2
2025-12-25 17:50:21,176 [INFO] ThirdParty:1030 - CMSIS Pack Vendor :STMicroelectronics USB_DEVICE 3.0.0
2025-12-25 17:50:21,177 [INFO] ThirdParty:1030 - CMSIS Pack Vendor :STMicroelectronics X-CUBE-ISPU 2.1.0
2025-12-25 17:50:21,178 [INFO] ThirdParty:1030 - CMSIS Pack Vendor :STMicroelectronics X-CUBE-FREERTOS 1.4.0
2025-12-25 17:50:21,178 [INFO] ThirdParty:1030 - CMSIS Pack Vendor :STMicroelectronics X-CUBE-EEPRMA1 5.2.0
2025-12-25 17:50:21,178 [INFO] ThirdParty:1030 - CMSIS Pack Vendor :STMicroelectronics X-CUBE-IPS 3.2.0
2025-12-25 17:50:21,178 [INFO] ThirdParty:1030 - CMSIS Pack Vendor :STMicroelectronics X-CUBE-BLEMGR 4.1.0
2025-12-25 17:50:21,178 [INFO] ThirdParty:1030 - CMSIS Pack Vendor :STMicroelectronics X-CUBE-AZRTOS-WB 2.0.0
2025-12-25 17:50:21,178 [INFO] ThirdParty:1030 - CMSIS Pack Vendor :STMicroelectronics X-CUBE-ST60 1.0.0
2025-12-25 17:50:21,178 [INFO] ThirdParty:1030 - CMSIS Pack Vendor :STMicroelectronics X-CUBE-GNSS1 7.0.1
2025-12-25 17:50:21,178 [INFO] ThirdParty:1030 - CMSIS Pack Vendor :STMicroelectronics X-CUBE-NFC12 1.0.0
2025-12-25 17:50:21,179 [INFO] ThirdParty:1030 - CMSIS Pack Vendor :STMicroelectronics X-CUBE-AZRTOS-F7 1.1.0
2025-12-25 17:50:21,179 [INFO] ThirdParty:1030 - CMSIS Pack Vendor :STMicroelectronics X-CUBE-AZRTOS-L5 2.0.0
2025-12-25 17:50:21,179 [INFO] ThirdParty:1030 - CMSIS Pack Vendor :STMicroelectronics X-CUBE-TOUCHGFX 4.25.0
2025-12-25 17:50:21,179 [INFO] ThirdParty:1030 - CMSIS Pack Vendor :STMicroelectronics USB_DEVICE 2.0.0
2025-12-25 17:50:21,179 [INFO] ThirdParty:1030 - CMSIS Pack Vendor :STMicroelectronics X-CUBE-NFC6 3.1.0
2025-12-25 17:50:21,179 [INFO] ThirdParty:1030 - CMSIS Pack Vendor :STMicroelectronics X-CUBE-ST67W61 1.1.0
2025-12-25 17:50:21,179 [INFO] ThirdParty:1030 - CMSIS Pack Vendor :quantropi X-CUBE-qispace-sdk-base 2.1.0
2025-12-25 17:50:21,179 [INFO] ThirdParty:1030 - CMSIS Pack Vendor :STMicroelectronics X-CUBE-MEMS1 12.0.0
2025-12-25 17:50:21,179 [INFO] ThirdParty:1030 - CMSIS Pack Vendor :STMicroelectronics FP-SNS-MOTENV1 5.1.0
2025-12-25 17:50:21,179 [INFO] ThirdParty:1030 - CMSIS Pack Vendor :STMicroelectronics FreeRTOS 0.0.1
2025-12-25 17:50:21,179 [INFO] ThirdParty:1030 - CMSIS Pack Vendor :STMicroelectronics X-CUBE-AZRTOS-G0 1.1.0
2025-12-25 17:50:21,179 [INFO] ThirdParty:1030 - CMSIS Pack Vendor :STMicroelectronics X-CUBE-SAFEA1 1.2.2
2025-12-25 17:50:21,179 [INFO] ThirdParty:1030 - CMSIS Pack Vendor :STMicroelectronics X-CUBE-NFC4 3.0.0
2025-12-25 17:50:21,179 [INFO] ThirdParty:1030 - CMSIS Pack Vendor :STMicroelectronics X-CUBE-SUBG2 5.0.0
2025-12-25 17:50:21,179 [INFO] ThirdParty:1030 - CMSIS Pack Vendor :STMicroelectronics X-CUBE-AZRTOS-H7RS 1.1.0
2025-12-25 17:50:21,179 [INFO] ThirdParty:1030 - CMSIS Pack Vendor :STMicroelectronics STM32_WPAN 1.0.0
2025-12-25 17:50:21,179 [INFO] ThirdParty:1030 - CMSIS Pack Vendor :EmbeddedOffice I-CUBE-FS-RTOS 1.0.1
2025-12-25 17:50:21,179 [INFO] ThirdParty:1030 - CMSIS Pack Vendor :STMicroelectronics lwIP 2.0.3
2025-12-25 17:50:21,179 [INFO] ThirdParty:1030 - CMSIS Pack Vendor :WES I-CUBE-Cesium 1.4.0
2025-12-25 17:50:21,180 [INFO] ThirdParty:1030 - CMSIS Pack Vendor :Cesanta I-CUBE-Mongoose 7.13.0
2025-12-25 17:50:21,180 [INFO] ThirdParty:1030 - CMSIS Pack Vendor :STMicroelectronics USB_HOST 1.0.0
2025-12-25 17:50:21,180 [INFO] ThirdParty:1030 - CMSIS Pack Vendor :Infineon AIROC-Wi-Fi-Bluetooth-STM32 1.7.1
2025-12-25 17:50:21,180 [INFO] ThirdParty:1030 - CMSIS Pack Vendor :STMicroelectronics X-CUBE-AZRTOS-G4 2.0.0
2025-12-25 17:50:21,180 [INFO] ThirdParty:1030 - CMSIS Pack Vendor :STMicroelectronics X-CUBE-WB05N 2.0.0
2025-12-25 17:50:21,180 [INFO] ThirdParty:1030 - CMSIS Pack Vendor :STMicroelectronics PDM2PCM 3.1.0
2025-12-25 17:50:21,180 [INFO] ThirdParty:1030 - CMSIS Pack Vendor :STMicroelectronics PDM2PCM 3.3.0
2025-12-25 17:50:21,180 [INFO] ThirdParty:1030 - CMSIS Pack Vendor :wolfSSL I-CUBE-wolfTPM 3.8.0
2025-12-25 17:50:21,180 [INFO] ThirdParty:1030 - CMSIS Pack Vendor :STMicroelectronics X-CUBE-AZRTOS-H7 3.4.0
2025-12-25 17:50:21,180 [INFO] ThirdParty:1030 - CMSIS Pack Vendor :STMicroelectronics X-CUBE-DISPLAY 3.0.0
2025-12-25 17:50:21,180 [INFO] ThirdParty:1030 - CMSIS Pack Vendor :wolfSSL I-CUBE-wolfSSH 1.4.20
2025-12-25 17:50:21,180 [INFO] ThirdParty:1030 - CMSIS Pack Vendor :STMicroelectronics X-CUBE-NFC7 2.0.0
2025-12-25 17:50:21,180 [INFO] ThirdParty:1030 - CMSIS Pack Vendor :STMicroelectronics X-CUBE-TCPP 4.2.0
2025-12-25 17:50:21,180 [INFO] ThirdParty:1030 - CMSIS Pack Vendor :RealThread X-CUBE-RT-Thread_Nano 4.1.1
2025-12-25 17:50:21,180 [INFO] ThirdParty:1030 - CMSIS Pack Vendor :STMicroelectronics FP-ATR-SIGFOX1 3.2.0
2025-12-25 17:50:21,180 [INFO] ThirdParty:1030 - CMSIS Pack Vendor :STMicroelectronics X-CUBE-NFC10 1.0.0
2025-12-25 17:50:21,180 [INFO] ThirdParty:1030 - CMSIS Pack Vendor :STMicroelectronics X-CUBE-FREERTOS 1.3.1
2025-12-25 17:50:21,180 [INFO] ThirdParty:1030 - CMSIS Pack Vendor :STMicroelectronics HAL Drivers 0.0.0
2025-12-25 17:50:21,180 [INFO] ThirdParty:1030 - CMSIS Pack Vendor :STMicroelectronics MBEDTLS 2.16.2
2025-12-25 17:50:21,180 [INFO] ThirdParty:1030 - CMSIS Pack Vendor :STMicroelectronics X-CUBE-ST60 1.1.0
2025-12-25 17:50:21,180 [INFO] ThirdParty:1030 - CMSIS Pack Vendor :STMicroelectronics X-CUBE-IPS 3.1.0
2025-12-25 17:50:21,180 [INFO] ThirdParty:1030 - CMSIS Pack Vendor :STMicroelectronics X-CUBE-ALS 1.0.2
2025-12-25 17:50:21,181 [INFO] ThirdParty:1030 - CMSIS Pack Vendor :emotas I-CUBE-CANOPEN 1.3.0
2025-12-25 17:50:21,181 [INFO] ThirdParty:1030 - CMSIS Pack Vendor :STMicroelectronics MBEDTLS 2.14.1
2025-12-25 17:50:21,181 [INFO] ThirdParty:1030 - CMSIS Pack Vendor :STMicroelectronics X-CUBE-GNSS1 7.1.0
2025-12-25 17:50:21,181 [INFO] ThirdParty:1030 - CMSIS Pack Vendor :ITTIA_DB I-CUBE-ITTIADB 8.9.0
2025-12-25 17:50:21,181 [INFO] ThirdParty:1030 - CMSIS Pack Vendor :STMicroelectronics X-CUBE-TOUCHGFX 4.26.0
2025-12-25 17:50:21,181 [INFO] ThirdParty:1030 - CMSIS Pack Vendor :STMicroelectronics X-CUBE-STSE01 1.0.0
2025-12-25 17:50:21,181 [INFO] ThirdParty:1030 - CMSIS Pack Vendor :STMicroelectronics X-CUBE-ST67W61 1.0.0
2025-12-25 17:50:21,181 [INFO] ThirdParty:1030 - CMSIS Pack Vendor :STMicroelectronics FP-SNS-STBOX1 2.1.0
2025-12-25 17:50:21,181 [INFO] ThirdParty:1030 - CMSIS Pack Vendor :STMicroelectronics X-CUBE-AI 10.2.0
2025-12-25 17:50:21,181 [INFO] ThirdParty:1030 - CMSIS Pack Vendor :STMicroelectronics FP-SNS-STAIOTCFT 1.0.0
2025-12-25 17:50:21,181 [INFO] ThirdParty:1030 - CMSIS Pack Vendor :STMicroelectronics ThreadX 1.0.0
2025-12-25 17:50:21,181 [INFO] ThirdParty:1030 - CMSIS Pack Vendor :STMicroelectronics FP-SNS-SMARTAG2 1.2.0
2025-12-25 17:50:21,181 [INFO] ThirdParty:1030 - CMSIS Pack Vendor :STMicroelectronics FP-SNS-FLIGHT1 5.1.0
2025-12-25 17:50:21,181 [INFO] ThirdParty:1030 - CMSIS Pack Vendor :STMicroelectronics X-CUBE-AZRTOS-WL 2.0.0
2025-12-25 17:50:21,181 [INFO] ThirdParty:1030 - CMSIS Pack Vendor :SEGGER I-CUBE-embOS 1.3.1
2025-12-25 17:50:21,181 [INFO] ThirdParty:1030 - CMSIS Pack Vendor :STMicroelectronics X-CUBE-ALGOBUILD 1.4.0
2025-12-25 17:50:21,181 [INFO] ThirdParty:1030 - CMSIS Pack Vendor :STMicroelectronics X-CUBE-DPower 1.3.0
2025-12-25 17:50:21,181 [INFO] ThirdParty:1030 - CMSIS Pack Vendor :STMicroelectronics X-CUBE-MEMS1 11.3.0
2025-12-25 17:50:21,181 [INFO] ThirdParty:1030 - CMSIS Pack Vendor :STMicroelectronics FP-SNS-MOTENV1 5.0.0
2025-12-25 17:50:21,181 [INFO] ThirdParty:1030 - CMSIS Pack Vendor :STMicroelectronics USB_DEVICE 1.0.0
2025-12-25 17:50:21,181 [INFO] ThirdParty:1030 - CMSIS Pack Vendor :STMicroelectronics X-CUBE-AZRTOS-H7RS 1.2.0
2025-12-25 17:50:21,181 [INFO] ThirdParty:1030 - CMSIS Pack Vendor :STMicroelectronics X-CUBE-AZRTOS-L4 2.0.0
2025-12-25 17:50:21,181 [INFO] ThirdParty:1030 - CMSIS Pack Vendor :STMicroelectronics ThreadX 0.0.2
2025-12-25 17:50:21,181 [INFO] ThirdParty:1030 - CMSIS Pack Vendor :STMicroelectronics lwIP 2.1.2
2025-12-25 17:50:21,181 [INFO] ThirdParty:1030 - CMSIS Pack Vendor :STMicroelectronics X-CUBE-SFXS2LP1 4.0.0
2025-12-25 17:50:21,182 [INFO] ThirdParty:1030 - CMSIS Pack Vendor :STMicroelectronics X-CUBE-BLE2 3.3.0
2025-12-25 17:50:21,182 [INFO] ThirdParty:1030 - CMSIS Pack Vendor :Avnet-IOTCONNECT X-CUBE-iotc-st67-sdk 1.0.0
2025-12-25 17:50:21,182 [INFO] ThirdParty:1030 - CMSIS Pack Vendor :STMicroelectronics X-CUBE-TOF1 3.4.3
2025-12-25 17:50:21,182 [INFO] ThirdParty:1030 - CMSIS Pack Vendor :STMicroelectronics PDM2PCM 3.2.0
2025-12-25 17:50:21,182 [INFO] ThirdParty:841 - exiting critical section [change project]
2025-12-25 17:50:21,391 [INFO] PinOutPanel:1589 - setPackage(No Configuration,No Configuration)
2025-12-25 17:50:21,392 [INFO] PinOutPanel:1589 - setPackage(STM32L476RGTx,LQFP64)
2025-12-25 17:50:21,862 [INFO] UtilMem:75 - Before build in PCC Used Memory: 919799664 Bytes (1073741824)
2025-12-25 17:50:22,258 [INFO] UtilMem:75 - After build in PCC Used Memory: 747760904 Bytes (1073741824)
2025-12-25 17:50:22,280 [INFO] IPUIPlugin:80 - create IPUIPlugin
2025-12-25 17:50:22,280 [INFO] IPUIPlugin:80 - create IPUIPlugin
2025-12-25 17:50:22,280 [INFO] IPUIPlugin:80 - create IPUIPlugin
2025-12-25 17:50:22,280 [INFO] IPUIPlugin:80 - create IPUIPlugin
2025-12-25 17:50:22,280 [INFO] IPUIPlugin:80 - create IPUIPlugin
2025-12-25 17:50:22,280 [INFO] IPUIPlugin:80 - create IPUIPlugin
2025-12-25 17:50:22,280 [INFO] IPUIPlugin:80 - create IPUIPlugin
2025-12-25 17:50:22,281 [INFO] IPUIPlugin:80 - create IPUIPlugin
2025-12-25 17:50:22,281 [INFO] IPUIPlugin:80 - create IPUIPlugin
2025-12-25 17:50:22,281 [INFO] IPUIPlugin:80 - create IPUIPlugin
2025-12-25 17:50:22,281 [INFO] IPUIPlugin:80 - create IPUIPlugin
2025-12-25 17:50:22,281 [INFO] IPUIPlugin:80 - create IPUIPlugin
2025-12-25 17:50:22,281 [INFO] IPUIPlugin:80 - create IPUIPlugin
2025-12-25 17:50:22,281 [INFO] IPUIPlugin:80 - create IPUIPlugin
2025-12-25 17:50:22,281 [INFO] IPUIPlugin:80 - create IPUIPlugin
2025-12-25 17:50:22,281 [INFO] IPUIPlugin:80 - create IPUIPlugin
2025-12-25 17:50:22,281 [INFO] IPUIPlugin:80 - create IPUIPlugin
2025-12-25 17:50:22,282 [INFO] IPUIPlugin:80 - create IPUIPlugin
2025-12-25 17:50:22,282 [INFO] IPUIPlugin:80 - create IPUIPlugin
2025-12-25 17:50:22,282 [INFO] IPUIPlugin:80 - create IPUIPlugin
2025-12-25 17:50:22,282 [INFO] IPUIPlugin:80 - create IPUIPlugin
2025-12-25 17:50:22,282 [INFO] IPUIPlugin:80 - create IPUIPlugin
2025-12-25 17:50:22,282 [INFO] IPUIPlugin:80 - create IPUIPlugin
2025-12-25 17:50:22,282 [INFO] IPUIPlugin:80 - create IPUIPlugin
2025-12-25 17:50:22,283 [INFO] IPUIPlugin:80 - create IPUIPlugin
2025-12-25 17:50:22,283 [INFO] IPUIPlugin:80 - create IPUIPlugin
2025-12-25 17:50:22,283 [INFO] IPUIPlugin:80 - create IPUIPlugin
2025-12-25 17:50:22,283 [INFO] IPUIPlugin:80 - create IPUIPlugin
2025-12-25 17:50:22,283 [INFO] IPUIPlugin:80 - create IPUIPlugin
2025-12-25 17:50:22,284 [INFO] IPUIPlugin:80 - create IPUIPlugin
2025-12-25 17:50:22,284 [INFO] IPUIPlugin:80 - create IPUIPlugin
2025-12-25 17:50:22,284 [INFO] IPUIPlugin:80 - create IPUIPlugin
2025-12-25 17:50:22,284 [INFO] IPUIPlugin:80 - create IPUIPlugin
2025-12-25 17:50:22,284 [INFO] IPUIPlugin:80 - create IPUIPlugin
2025-12-25 17:50:22,284 [INFO] IPUIPlugin:80 - create IPUIPlugin
2025-12-25 17:50:22,284 [INFO] IPUIPlugin:80 - create IPUIPlugin
2025-12-25 17:50:22,285 [INFO] IPUIPlugin:80 - create IPUIPlugin
2025-12-25 17:50:22,285 [INFO] IPUIPlugin:80 - create IPUIPlugin
2025-12-25 17:50:22,285 [INFO] IPUIPlugin:80 - create IPUIPlugin
2025-12-25 17:50:22,285 [INFO] IPUIPlugin:80 - create IPUIPlugin
2025-12-25 17:50:22,285 [INFO] IPUIPlugin:80 - create IPUIPlugin
2025-12-25 17:50:22,286 [INFO] IPUIPlugin:80 - create IPUIPlugin
2025-12-25 17:50:22,286 [INFO] IPUIPlugin:80 - create IPUIPlugin
2025-12-25 17:50:22,286 [INFO] IPUIPlugin:80 - create IPUIPlugin
2025-12-25 17:50:22,286 [INFO] IPUIPlugin:80 - create IPUIPlugin
2025-12-25 17:50:22,286 [INFO] IPUIPlugin:80 - create IPUIPlugin
2025-12-25 17:50:22,286 [INFO] IPUIPlugin:80 - create IPUIPlugin
2025-12-25 17:50:22,287 [INFO] IPUIPlugin:80 - create IPUIPlugin
2025-12-25 17:50:22,287 [INFO] IPUIPlugin:80 - create IPUIPlugin
2025-12-25 17:50:22,287 [INFO] IPUIPlugin:80 - create IPUIPlugin
2025-12-25 17:50:22,287 [INFO] IPUIPlugin:80 - create IPUIPlugin
2025-12-25 17:50:22,288 [INFO] IPUIPlugin:80 - create IPUIPlugin
2025-12-25 17:50:22,288 [INFO] IPUIPlugin:80 - create IPUIPlugin
2025-12-25 17:50:22,288 [INFO] IPUIPlugin:80 - create IPUIPlugin
2025-12-25 17:50:22,288 [INFO] IPUIPlugin:80 - create IPUIPlugin
2025-12-25 17:50:22,289 [INFO] IPUIPlugin:80 - create IPUIPlugin
2025-12-25 17:50:22,289 [INFO] IPUIPlugin:80 - create IPUIPlugin
2025-12-25 17:50:22,289 [INFO] IPUIPlugin:80 - create IPUIPlugin
2025-12-25 17:50:22,289 [INFO] IPUIPlugin:80 - create IPUIPlugin
2025-12-25 17:50:22,345 [INFO] CADModel:165 - CPN selected for project levelSTM32L476RGT3
2025-12-25 17:50:22,345 [INFO] CADModel:114 - Register for checkConnection events
2025-12-25 17:50:22,442 [INFO] OpenFileManager:386 - Restore cursor
2025-12-25 17:50:22,445 [INFO] ApiDb:581 - Connected to CubeFinder SQLite database (C:\Users\user\.stmcufinder\plugins\mcufinder\mcu\cube-finder-db.db)
2025-12-25 18:01:24,383 [INFO] MainUpdater:2872 - connection check result : 10
2025-12-25 18:01:24,384 [INFO] MainUpdater:2872 - connection check result : 10
2025-12-25 18:01:24,619 [INFO] I2cTimingTraitement:330 - 0x10909CEC
2025-12-25 18:01:24,624 [INFO] MicroXplorer:468 - Change Database Path : 
2025-12-25 18:01:24,624 [INFO] MicroXplorer:498 - Change Database Version : DB.6.0.150
2025-12-25 18:01:24,682 [ERROR] ProjectManagerView:395 - 
java.lang.NullPointerException: Cannot invoke "javax.swing.JTextField.getText()" because the return value of "java.util.List.get(int)" is null
	at com.st.microxplorer.plugins.projectmanager.gui.ProjectChoiceTab$9.caretUpdate(ProjectChoiceTab.java:2706) ~[filemanager.jar:?]
	at javax.swing.text.JTextComponent.fireCaretUpdate(JTextComponent.java:408) ~[?:?]
	at javax.swing.text.JTextComponent$MutableCaretEvent.fire(JTextComponent.java:4484) ~[?:?]
	at javax.swing.text.JTextComponent$MutableCaretEvent.stateChanged(JTextComponent.java:4506) ~[?:?]
	at javax.swing.text.DefaultCaret.fireStateChanged(DefaultCaret.java:857) ~[?:?]
	at javax.swing.text.DefaultCaret.changeCaretPosition(DefaultCaret.java:1343) ~[?:?]
	at javax.swing.text.DefaultCaret.handleSetDot(DefaultCaret.java:1242) ~[?:?]
	at javax.swing.text.DefaultCaret.setDot(DefaultCaret.java:1223) ~[?:?]
	at javax.swing.text.DefaultCaret$Handler.insertUpdate(DefaultCaret.java:1819) ~[?:?]
	at javax.swing.text.AbstractDocument.fireInsertUpdate(AbstractDocument.java:227) ~[?:?]
	at javax.swing.text.AbstractDocument.handleInsertString(AbstractDocument.java:781) ~[?:?]
	at javax.swing.text.AbstractDocument.insertString(AbstractDocument.java:740) ~[?:?]
	at javax.swing.text.PlainDocument.insertString(PlainDocument.java:131) ~[?:?]
	at javax.swing.text.AbstractDocument.replace(AbstractDocument.java:699) ~[?:?]
	at javax.swing.text.JTextComponent.setText(JTextComponent.java:1725) ~[?:?]
	at com.st.microxplorer.plugins.projectmanager.gui.ProjectChoiceTab.createHeapStackFields(ProjectChoiceTab.java:993) ~[filemanager.jar:?]
	at com.st.microxplorer.plugins.projectmanager.gui.ProjectChoiceTab.buildLinkSettingsPanel(ProjectChoiceTab.java:3813) ~[filemanager.jar:?]
	at com.st.microxplorer.plugins.projectmanager.gui.ProjectChoiceTab.defineWindowsFields(ProjectChoiceTab.java:1987) ~[filemanager.jar:?]
	at com.st.microxplorer.plugins.projectmanager.gui.ProjectChoiceTab.updateSettings(ProjectChoiceTab.java:558) ~[filemanager.jar:?]
	at com.st.microxplorer.plugins.projectmanager.gui.ProjectSettingsPanel.UpdateDialog(ProjectSettingsPanel.java:247) ~[filemanager.jar:?]
	at com.st.microxplorer.plugins.projectmanager.ProjectManagerView.propertyChange(ProjectManagerView.java:392) ~[filemanager.jar:?]
	at java.beans.PropertyChangeSupport.fire(PropertyChangeSupport.java:343) ~[?:?]
	at java.beans.PropertyChangeSupport.firePropertyChange(PropertyChangeSupport.java:335) ~[?:?]
	at java.beans.PropertyChangeSupport.firePropertyChange(PropertyChangeSupport.java:268) ~[?:?]
	at com.st.microxplorer.util.MXPropertyChangeSupport.firePropertyChange(MXPropertyChangeSupport.java:54) ~[STM32CubeMX.jar:?]
	at com.st.microxplorer.mxsystem.MxSystem.closeConfig(MxSystem.java:899) ~[STM32CubeMX.jar:?]
	at com.st.microxplorer.maingui.MainPanel.closeConfig(MainPanel.java:792) ~[STM32CubeMX.jar:?]
	at com.st.microxplorer.plugins.filemanager.engine.OpenFileManager.loadConfigurationFile(OpenFileManager.java:288) ~[filemanager.jar:?]
	at com.st.microxplorer.plugins.filemanager.engine.MainFileManager.userLoadConfig(MainFileManager.java:364) ~[filemanager.jar:?]
	at com.st.microxplorer.plugins.filemanager.engine.MainFileManager.userLoadConfig(MainFileManager.java:342) ~[filemanager.jar:?]
	at com.st.microxplorer.plugins.filemanager.FileManagerView.getSpecificTask(FileManagerView.java:264) ~[filemanager.jar:?]
	at com.st.stm32cube.common.mx.editor.CubeMxEditor.getMxTabbedPaneInstance(CubeMxEditor.java:1198) ~[com.st.stm32cube.common.mx_6.15.0.202507011659/:?]
	at com.st.stm32cube.common.mx.editor.CubeMxEditor$12$1.createSwingComponent(CubeMxEditor.java:1068) ~[com.st.stm32cube.common.mx_6.15.0.202507011659/:?]
	at com.st.stm32cube.common.mx.oss.core.awtswtbridge.EmbeddedSwingComposite.doComponentCreation(EmbeddedSwingComposite.java:492) ~[com.st.stm32cube.common.mx.oss_6.15.0.202507011659/:?]
	at com.st.stm32cube.common.mx.oss.core.awtswtbridge.EmbeddedSwingComposite$4.run(EmbeddedSwingComposite.java:291) ~[com.st.stm32cube.common.mx.oss_6.15.0.202507011659/:?]
	at com.st.stm32cube.common.mx.oss.core.awtswtbridge.AwtEnvironment$2.run(AwtEnvironment.java:166) ~[com.st.stm32cube.common.mx.oss_6.15.0.202507011659/:?]
	at java.awt.event.InvocationEvent.dispatch(InvocationEvent.java:318) ~[?:?]
	at java.awt.EventQueue.dispatchEventImpl(EventQueue.java:773) ~[?:?]
	at java.awt.EventQueue$4.run(EventQueue.java:720) ~[?:?]
	at java.awt.EventQueue$4.run(EventQueue.java:714) ~[?:?]
	at java.security.AccessController.doPrivileged(AccessController.java:400) ~[?:?]
	at java.security.ProtectionDomain$JavaSecurityAccessImpl.doIntersectionPrivilege(ProtectionDomain.java:87) ~[?:?]
	at java.awt.EventQueue.dispatchEvent(EventQueue.java:742) ~[?:?]
	at java.awt.EventDispatchThread.pumpOneEventForFilters(EventDispatchThread.java:203) ~[?:?]
	at java.awt.EventDispatchThread.pumpEventsForFilter(EventDispatchThread.java:124) ~[?:?]
	at java.awt.EventDispatchThread.pumpEventsForHierarchy(EventDispatchThread.java:113) ~[?:?]
	at java.awt.EventDispatchThread.pumpEvents(EventDispatchThread.java:109) ~[?:?]
	at java.awt.EventDispatchThread.pumpEvents(EventDispatchThread.java:101) ~[?:?]
	at java.awt.EventDispatchThread.run(EventDispatchThread.java:90) ~[?:?]
2025-12-25 18:01:24,686 [WARN] ThirdParty:871 - waiting for thirdparty lock release [close project]
2025-12-25 18:01:24,686 [INFO] ThirdParty:873 - entering critical section [close project]
2025-12-25 18:01:24,686 [INFO] ThirdParty:883 - exiting critical section [close project]
2025-12-25 18:01:24,689 [INFO] PinOutPanel:1589 - setPackage(No Configuration,No Configuration)
2025-12-25 18:01:24,705 [INFO] UtilMem:75 - Begin LoadConfig() Used Memory: 788960960 Bytes (1073741824)
2025-12-25 18:01:24,706 [INFO] MicroXplorer:468 - Change Database Path : 
2025-12-25 18:01:24,706 [INFO] MicroXplorer:498 - Change Database Version : DB.6.0.150
2025-12-25 18:01:24,706 [INFO] OpenFileManager:355 - Change cursor
2025-12-25 18:01:24,726 [INFO] Mcu:2029 - Initializing MCU STM32L476R(C-E-G)Tx STM32L476RGTx STM32L476RGT3
2025-12-25 18:01:26,724 [INFO] Context:786 - Trying to add GPIOservice into a context  which must be forbidden
2025-12-25 18:01:27,465 [INFO] ImportTextPane:234 - (OptionalMessage_ERROR) Pin3 (VP_RIF_VS_RIF1) cannot be retrieved for this MCU
2025-12-25 18:01:27,649 [INFO] RtosManager:558 - Registered RTOS mode: class=CMSIS, group=RTOS, mode=CMSIS_V1, owner=FREERTOS
2025-12-25 18:01:27,649 [INFO] RtosManager:558 - Registered RTOS mode: class=CMSIS, group=RTOS2, mode=CMSIS_V2, owner=FREERTOS
2025-12-25 18:01:27,649 [INFO] RtosManager:558 - Registered RTOS mode: class=RTOS, group=Core, mode=CMSIS_V1, owner=FREERTOS
2025-12-25 18:01:27,649 [INFO] RtosManager:558 - Registered RTOS mode: class=RTOS, group=Core, mode=CMSIS_V2, owner=FREERTOS
2025-12-25 18:01:27,649 [WARN] ModelIntegratedComponent:184 - Missing modes for component STMicroelectronics:FreeRTOS:0.0.1:STMicroelectronics:RTOS:FreeRTOS:Core:::10.2.0:
2025-12-25 18:01:27,656 [WARN] ModelIntegratedComponent:63 - No mode defined for component null
2025-12-25 18:01:27,656 [WARN] ModelIntegratedComponent:63 - No mode defined for component null
2025-12-25 18:01:27,656 [WARN] ModelIntegratedComponent:63 - No mode defined for component null
2025-12-25 18:01:27,656 [WARN] ModelIntegratedComponent:63 - No mode defined for component null
2025-12-25 18:01:27,656 [WARN] ModelIntegratedComponent:63 - No mode defined for component null
2025-12-25 18:01:27,656 [WARN] ModelIntegratedComponent:63 - No mode defined for component null
2025-12-25 18:01:27,656 [WARN] ModelIntegratedComponent:63 - No mode defined for component null
2025-12-25 18:01:27,657 [WARN] ModelIntegratedComponent:63 - No mode defined for component null
2025-12-25 18:01:27,657 [WARN] ModelIntegratedComponent:63 - No mode defined for component null
2025-12-25 18:01:27,657 [WARN] ModelIntegratedComponent:63 - No mode defined for component null
2025-12-25 18:01:27,657 [WARN] ModelIntegratedComponent:63 - No mode defined for component null
2025-12-25 18:01:27,657 [WARN] ModelIntegratedComponent:63 - No mode defined for component null
2025-12-25 18:01:27,657 [WARN] ModelIntegratedComponent:63 - No mode defined for component null
2025-12-25 18:01:27,657 [WARN] ModelIntegratedComponent:63 - No mode defined for component null
2025-12-25 18:01:27,657 [WARN] ModelIntegratedComponent:63 - No mode defined for component null
2025-12-25 18:01:27,657 [WARN] ModelIntegratedComponent:63 - No mode defined for component null
2025-12-25 18:01:27,657 [WARN] ModelIntegratedComponent:63 - No mode defined for component null
2025-12-25 18:01:27,657 [WARN] ModelIntegratedComponent:63 - No mode defined for component null
2025-12-25 18:01:27,657 [WARN] ModelIntegratedComponent:63 - No mode defined for component null
2025-12-25 18:01:27,657 [WARN] ModelIntegratedComponent:63 - No mode defined for component null
2025-12-25 18:01:27,658 [WARN] ModelIntegratedComponent:63 - No mode defined for component null
2025-12-25 18:01:27,658 [WARN] ModelIntegratedComponent:63 - No mode defined for component null
2025-12-25 18:01:27,658 [WARN] ModelIntegratedComponent:63 - No mode defined for component null
2025-12-25 18:01:27,658 [WARN] ModelIntegratedComponent:63 - No mode defined for component null
2025-12-25 18:01:27,658 [WARN] ModelIntegratedComponent:63 - No mode defined for component null
2025-12-25 18:01:27,658 [WARN] ModelIntegratedComponent:63 - No mode defined for component null
2025-12-25 18:01:27,658 [WARN] ModelIntegratedComponent:63 - No mode defined for component null
2025-12-25 18:01:27,658 [WARN] ModelIntegratedComponent:63 - No mode defined for component null
2025-12-25 18:01:27,658 [WARN] ModelIntegratedComponent:63 - No mode defined for component null
2025-12-25 18:01:27,658 [WARN] ModelIntegratedComponent:63 - No mode defined for component null
2025-12-25 18:01:27,658 [WARN] ModelIntegratedComponent:63 - No mode defined for component null
2025-12-25 18:01:27,658 [WARN] ModelIntegratedComponent:63 - No mode defined for component null
2025-12-25 18:01:27,659 [WARN] ModelIntegratedComponent:63 - No mode defined for component null
2025-12-25 18:01:27,659 [WARN] ModelIntegratedComponent:63 - No mode defined for component null
2025-12-25 18:01:27,659 [WARN] ModelIntegratedComponent:63 - No mode defined for component null
2025-12-25 18:01:27,659 [WARN] ModelPack:524 - Component already loaded: STMicroelectronics:HAL Drivers:0.0.0:STMicroelectronics:Device:STMicro_Driver:XSPI:HAL::0.0.1:HAL_XSPI
2025-12-25 18:01:27,719 [INFO] ThirdPartyModel:298 - Start build external matchings
2025-12-25 18:01:28,321 [INFO] ThirdPartyModel:316 - End build external matchings
2025-12-25 18:01:28,736 [INFO] UtilMem:75 - End LoadConfig() Used Memory: 986426304 Bytes (1073741824)
2025-12-25 18:01:28,775 [WARN] ThirdParty:833 - waiting for thirdparty lock release [change project]
2025-12-25 18:01:28,775 [INFO] ThirdParty:835 - entering critical section [change project]
2025-12-25 18:01:28,775 [INFO] ThirdParty:1030 - CMSIS Pack Vendor :STMicroelectronics X-CUBE-PM33A1 1.0.0
2025-12-25 18:01:28,776 [INFO] ThirdParty:1030 - CMSIS Pack Vendor :STMicroelectronics USBPD 4.1
2025-12-25 18:01:28,776 [INFO] ThirdParty:1030 - CMSIS Pack Vendor :STMicroelectronics X-CUBE-NFC9 1.0.0
2025-12-25 18:01:28,776 [INFO] ThirdParty:1030 - CMSIS Pack Vendor :STMicroelectronics USB_HOST 2.0.0
2025-12-25 18:01:28,776 [INFO] ThirdParty:1030 - CMSIS Pack Vendor :STMicroelectronics FP-SNS-MOTENVWB1 1.4.0
2025-12-25 18:01:28,776 [INFO] ThirdParty:1030 - CMSIS Pack Vendor :STMicroelectronics X-CUBE-AZRTOS-F4 1.1.0
2025-12-25 18:01:28,776 [INFO] ThirdParty:1030 - CMSIS Pack Vendor :STMicroelectronics LIBJPEG 8.0.0
2025-12-25 18:01:28,776 [INFO] ThirdParty:1030 - CMSIS Pack Vendor :STMicroelectronics FP-ATR-ASTRA1 2.0.2
2025-12-25 18:01:28,776 [INFO] ThirdParty:1030 - CMSIS Pack Vendor :wolfSSL I-CUBE-wolfSSL 5.8.2
2025-12-25 18:01:28,776 [INFO] ThirdParty:1030 - CMSIS Pack Vendor :STMicroelectronics X-CUBE-BLE1 7.1.0
2025-12-25 18:01:28,776 [INFO] ThirdParty:1030 - CMSIS Pack Vendor :Avnet-IotConnect X-CUBE-IoTC-DA16k-PMOD 1.0.0
2025-12-25 18:01:28,776 [INFO] ThirdParty:1030 - CMSIS Pack Vendor :STMicroelectronics X-CUBE-SMBUS 2.1.0
2025-12-25 18:01:28,776 [INFO] ThirdParty:1030 - CMSIS Pack Vendor :wolfSSL I-CUBE-wolfMQTT 1.19.2
2025-12-25 18:01:28,776 [INFO] ThirdParty:1030 - CMSIS Pack Vendor :STMicroelectronics USB_DEVICE 3.0.0
2025-12-25 18:01:28,776 [INFO] ThirdParty:1030 - CMSIS Pack Vendor :STMicroelectronics X-CUBE-ISPU 2.1.0
2025-12-25 18:01:28,776 [INFO] ThirdParty:1030 - CMSIS Pack Vendor :STMicroelectronics X-CUBE-FREERTOS 1.4.0
2025-12-25 18:01:28,776 [INFO] ThirdParty:1030 - CMSIS Pack Vendor :STMicroelectronics X-CUBE-EEPRMA1 5.2.0
2025-12-25 18:01:28,776 [INFO] ThirdParty:1030 - CMSIS Pack Vendor :STMicroelectronics X-CUBE-IPS 3.2.0
2025-12-25 18:01:28,777 [INFO] ThirdParty:1030 - CMSIS Pack Vendor :STMicroelectronics X-CUBE-BLEMGR 4.1.0
2025-12-25 18:01:28,777 [INFO] ThirdParty:1030 - CMSIS Pack Vendor :STMicroelectronics X-CUBE-AZRTOS-WB 2.0.0
2025-12-25 18:01:28,777 [INFO] ThirdParty:1030 - CMSIS Pack Vendor :STMicroelectronics X-CUBE-ST60 1.0.0
2025-12-25 18:01:28,777 [INFO] ThirdParty:1030 - CMSIS Pack Vendor :STMicroelectronics X-CUBE-GNSS1 7.0.1
2025-12-25 18:01:28,777 [INFO] ThirdParty:1030 - CMSIS Pack Vendor :STMicroelectronics X-CUBE-NFC12 1.0.0
2025-12-25 18:01:28,777 [INFO] ThirdParty:1030 - CMSIS Pack Vendor :STMicroelectronics X-CUBE-AZRTOS-F7 1.1.0
2025-12-25 18:01:28,777 [INFO] ThirdParty:1030 - CMSIS Pack Vendor :STMicroelectronics X-CUBE-AZRTOS-L5 2.0.0
2025-12-25 18:01:28,777 [INFO] ThirdParty:1030 - CMSIS Pack Vendor :STMicroelectronics X-CUBE-TOUCHGFX 4.25.0
2025-12-25 18:01:28,777 [INFO] ThirdParty:1030 - CMSIS Pack Vendor :STMicroelectronics USB_DEVICE 2.0.0
2025-12-25 18:01:28,777 [INFO] ThirdParty:1030 - CMSIS Pack Vendor :STMicroelectronics X-CUBE-NFC6 3.1.0
2025-12-25 18:01:28,777 [INFO] ThirdParty:1030 - CMSIS Pack Vendor :STMicroelectronics X-CUBE-ST67W61 1.1.0
2025-12-25 18:01:28,777 [INFO] ThirdParty:1030 - CMSIS Pack Vendor :quantropi X-CUBE-qispace-sdk-base 2.1.0
2025-12-25 18:01:28,778 [INFO] ThirdParty:1030 - CMSIS Pack Vendor :STMicroelectronics X-CUBE-MEMS1 12.0.0
2025-12-25 18:01:28,778 [INFO] ThirdParty:1030 - CMSIS Pack Vendor :STMicroelectronics FP-SNS-MOTENV1 5.1.0
2025-12-25 18:01:28,778 [INFO] ThirdParty:1030 - CMSIS Pack Vendor :STMicroelectronics FreeRTOS 0.0.1
2025-12-25 18:01:28,778 [INFO] ThirdParty:1030 - CMSIS Pack Vendor :STMicroelectronics X-CUBE-AZRTOS-G0 1.1.0
2025-12-25 18:01:28,778 [INFO] ThirdParty:1030 - CMSIS Pack Vendor :STMicroelectronics X-CUBE-SAFEA1 1.2.2
2025-12-25 18:01:28,778 [INFO] ThirdParty:1030 - CMSIS Pack Vendor :STMicroelectronics X-CUBE-NFC4 3.0.0
2025-12-25 18:01:28,778 [INFO] ThirdParty:1030 - CMSIS Pack Vendor :STMicroelectronics X-CUBE-SUBG2 5.0.0
2025-12-25 18:01:28,778 [INFO] ThirdParty:1030 - CMSIS Pack Vendor :STMicroelectronics X-CUBE-AZRTOS-H7RS 1.1.0
2025-12-25 18:01:28,778 [INFO] ThirdParty:1030 - CMSIS Pack Vendor :STMicroelectronics STM32_WPAN 1.0.0
2025-12-25 18:01:28,778 [INFO] ThirdParty:1030 - CMSIS Pack Vendor :EmbeddedOffice I-CUBE-FS-RTOS 1.0.1
2025-12-25 18:01:28,778 [INFO] ThirdParty:1030 - CMSIS Pack Vendor :STMicroelectronics lwIP 2.0.3
2025-12-25 18:01:28,778 [INFO] ThirdParty:1030 - CMSIS Pack Vendor :WES I-CUBE-Cesium 1.4.0
2025-12-25 18:01:28,778 [INFO] ThirdParty:1030 - CMSIS Pack Vendor :Cesanta I-CUBE-Mongoose 7.13.0
2025-12-25 18:01:28,779 [INFO] ThirdParty:1030 - CMSIS Pack Vendor :STMicroelectronics USB_HOST 1.0.0
2025-12-25 18:01:28,779 [INFO] ThirdParty:1030 - CMSIS Pack Vendor :Infineon AIROC-Wi-Fi-Bluetooth-STM32 1.7.1
2025-12-25 18:01:28,779 [INFO] ThirdParty:1030 - CMSIS Pack Vendor :STMicroelectronics X-CUBE-AZRTOS-G4 2.0.0
2025-12-25 18:01:28,779 [INFO] ThirdParty:1030 - CMSIS Pack Vendor :STMicroelectronics X-CUBE-WB05N 2.0.0
2025-12-25 18:01:28,779 [INFO] ThirdParty:1030 - CMSIS Pack Vendor :STMicroelectronics PDM2PCM 3.1.0
2025-12-25 18:01:28,779 [INFO] ThirdParty:1030 - CMSIS Pack Vendor :STMicroelectronics PDM2PCM 3.3.0
2025-12-25 18:01:28,779 [INFO] ThirdParty:1030 - CMSIS Pack Vendor :wolfSSL I-CUBE-wolfTPM 3.8.0
2025-12-25 18:01:28,779 [INFO] ThirdParty:1030 - CMSIS Pack Vendor :STMicroelectronics X-CUBE-AZRTOS-H7 3.4.0
2025-12-25 18:01:28,779 [INFO] ThirdParty:1030 - CMSIS Pack Vendor :STMicroelectronics X-CUBE-DISPLAY 3.0.0
2025-12-25 18:01:28,779 [INFO] ThirdParty:1030 - CMSIS Pack Vendor :wolfSSL I-CUBE-wolfSSH 1.4.20
2025-12-25 18:01:28,780 [INFO] ThirdParty:1030 - CMSIS Pack Vendor :STMicroelectronics X-CUBE-NFC7 2.0.0
2025-12-25 18:01:28,780 [INFO] ThirdParty:1030 - CMSIS Pack Vendor :STMicroelectronics X-CUBE-TCPP 4.2.0
2025-12-25 18:01:28,780 [INFO] ThirdParty:1030 - CMSIS Pack Vendor :RealThread X-CUBE-RT-Thread_Nano 4.1.1
2025-12-25 18:01:28,780 [INFO] ThirdParty:1030 - CMSIS Pack Vendor :STMicroelectronics FP-ATR-SIGFOX1 3.2.0
2025-12-25 18:01:28,780 [INFO] ThirdParty:1030 - CMSIS Pack Vendor :STMicroelectronics X-CUBE-NFC10 1.0.0
2025-12-25 18:01:28,780 [INFO] ThirdParty:1030 - CMSIS Pack Vendor :STMicroelectronics X-CUBE-FREERTOS 1.3.1
2025-12-25 18:01:28,780 [INFO] ThirdParty:1030 - CMSIS Pack Vendor :STMicroelectronics HAL Drivers 0.0.0
2025-12-25 18:01:28,780 [INFO] ThirdParty:1030 - CMSIS Pack Vendor :STMicroelectronics MBEDTLS 2.16.2
2025-12-25 18:01:28,780 [INFO] ThirdParty:1030 - CMSIS Pack Vendor :STMicroelectronics X-CUBE-ST60 1.1.0
2025-12-25 18:01:28,780 [INFO] ThirdParty:1030 - CMSIS Pack Vendor :STMicroelectronics X-CUBE-IPS 3.1.0
2025-12-25 18:01:28,780 [INFO] ThirdParty:1030 - CMSIS Pack Vendor :STMicroelectronics X-CUBE-ALS 1.0.2
2025-12-25 18:01:28,781 [INFO] ThirdParty:1030 - CMSIS Pack Vendor :emotas I-CUBE-CANOPEN 1.3.0
2025-12-25 18:01:28,781 [INFO] ThirdParty:1030 - CMSIS Pack Vendor :STMicroelectronics MBEDTLS 2.14.1
2025-12-25 18:01:28,781 [INFO] ThirdParty:1030 - CMSIS Pack Vendor :STMicroelectronics X-CUBE-GNSS1 7.1.0
2025-12-25 18:01:28,781 [INFO] ThirdParty:1030 - CMSIS Pack Vendor :ITTIA_DB I-CUBE-ITTIADB 8.9.0
2025-12-25 18:01:28,781 [INFO] ThirdParty:1030 - CMSIS Pack Vendor :STMicroelectronics X-CUBE-TOUCHGFX 4.26.0
2025-12-25 18:01:28,781 [INFO] ThirdParty:1030 - CMSIS Pack Vendor :STMicroelectronics X-CUBE-STSE01 1.0.0
2025-12-25 18:01:28,781 [INFO] ThirdParty:1030 - CMSIS Pack Vendor :STMicroelectronics X-CUBE-ST67W61 1.0.0
2025-12-25 18:01:28,781 [INFO] ThirdParty:1030 - CMSIS Pack Vendor :STMicroelectronics FP-SNS-STBOX1 2.1.0
2025-12-25 18:01:28,781 [INFO] ThirdParty:1030 - CMSIS Pack Vendor :STMicroelectronics X-CUBE-AI 10.2.0
2025-12-25 18:01:28,781 [INFO] ThirdParty:1030 - CMSIS Pack Vendor :STMicroelectronics FP-SNS-STAIOTCFT 1.0.0
2025-12-25 18:01:28,781 [INFO] ThirdParty:1030 - CMSIS Pack Vendor :STMicroelectronics ThreadX 1.0.0
2025-12-25 18:01:28,781 [INFO] ThirdParty:1030 - CMSIS Pack Vendor :STMicroelectronics FP-SNS-SMARTAG2 1.2.0
2025-12-25 18:01:28,781 [INFO] ThirdParty:1030 - CMSIS Pack Vendor :STMicroelectronics FP-SNS-FLIGHT1 5.1.0
2025-12-25 18:01:28,781 [INFO] ThirdParty:1030 - CMSIS Pack Vendor :STMicroelectronics X-CUBE-AZRTOS-WL 2.0.0
2025-12-25 18:01:28,781 [INFO] ThirdParty:1030 - CMSIS Pack Vendor :SEGGER I-CUBE-embOS 1.3.1
2025-12-25 18:01:28,781 [INFO] ThirdParty:1030 - CMSIS Pack Vendor :STMicroelectronics X-CUBE-ALGOBUILD 1.4.0
2025-12-25 18:01:28,781 [INFO] ThirdParty:1030 - CMSIS Pack Vendor :STMicroelectronics X-CUBE-DPower 1.3.0
2025-12-25 18:01:28,781 [INFO] ThirdParty:1030 - CMSIS Pack Vendor :STMicroelectronics X-CUBE-MEMS1 11.3.0
2025-12-25 18:01:28,781 [INFO] ThirdParty:1030 - CMSIS Pack Vendor :STMicroelectronics FP-SNS-MOTENV1 5.0.0
2025-12-25 18:01:28,782 [INFO] ThirdParty:1030 - CMSIS Pack Vendor :STMicroelectronics USB_DEVICE 1.0.0
2025-12-25 18:01:28,782 [INFO] ThirdParty:1030 - CMSIS Pack Vendor :STMicroelectronics X-CUBE-AZRTOS-H7RS 1.2.0
2025-12-25 18:01:28,782 [INFO] ThirdParty:1030 - CMSIS Pack Vendor :STMicroelectronics X-CUBE-AZRTOS-L4 2.0.0
2025-12-25 18:01:28,782 [INFO] ThirdParty:1030 - CMSIS Pack Vendor :STMicroelectronics ThreadX 0.0.2
2025-12-25 18:01:28,782 [INFO] ThirdParty:1030 - CMSIS Pack Vendor :STMicroelectronics lwIP 2.1.2
2025-12-25 18:01:28,782 [INFO] ThirdParty:1030 - CMSIS Pack Vendor :STMicroelectronics X-CUBE-SFXS2LP1 4.0.0
2025-12-25 18:01:28,782 [INFO] ThirdParty:1030 - CMSIS Pack Vendor :STMicroelectronics X-CUBE-BLE2 3.3.0
2025-12-25 18:01:28,782 [INFO] ThirdParty:1030 - CMSIS Pack Vendor :Avnet-IOTCONNECT X-CUBE-iotc-st67-sdk 1.0.0
2025-12-25 18:01:28,782 [INFO] ThirdParty:1030 - CMSIS Pack Vendor :STMicroelectronics X-CUBE-TOF1 3.4.3
2025-12-25 18:01:28,782 [INFO] ThirdParty:1030 - CMSIS Pack Vendor :STMicroelectronics PDM2PCM 3.2.0
2025-12-25 18:01:28,782 [INFO] ThirdParty:841 - exiting critical section [change project]
2025-12-25 18:01:29,035 [INFO] PinOutPanel:1589 - setPackage(No Configuration,No Configuration)
2025-12-25 18:01:29,036 [INFO] PinOutPanel:1589 - setPackage(STM32L476RGTx,LQFP64)
2025-12-25 18:01:29,482 [INFO] UtilMem:75 - Before build in PCC Used Memory: 855719736 Bytes (1073741824)
2025-12-25 18:01:29,877 [INFO] UtilMem:75 - After build in PCC Used Memory: 939605816 Bytes (1073741824)
2025-12-25 18:01:29,899 [INFO] IPUIPlugin:80 - create IPUIPlugin
2025-12-25 18:01:29,899 [INFO] IPUIPlugin:80 - create IPUIPlugin
2025-12-25 18:01:29,899 [INFO] IPUIPlugin:80 - create IPUIPlugin
2025-12-25 18:01:29,899 [INFO] IPUIPlugin:80 - create IPUIPlugin
2025-12-25 18:01:29,899 [INFO] IPUIPlugin:80 - create IPUIPlugin
2025-12-25 18:01:29,899 [INFO] IPUIPlugin:80 - create IPUIPlugin
2025-12-25 18:01:29,899 [INFO] IPUIPlugin:80 - create IPUIPlugin
2025-12-25 18:01:29,900 [INFO] IPUIPlugin:80 - create IPUIPlugin
2025-12-25 18:01:29,900 [INFO] IPUIPlugin:80 - create IPUIPlugin
2025-12-25 18:01:29,900 [INFO] IPUIPlugin:80 - create IPUIPlugin
2025-12-25 18:01:29,900 [INFO] IPUIPlugin:80 - create IPUIPlugin
2025-12-25 18:01:29,900 [INFO] IPUIPlugin:80 - create IPUIPlugin
2025-12-25 18:01:29,900 [INFO] IPUIPlugin:80 - create IPUIPlugin
2025-12-25 18:01:29,900 [INFO] IPUIPlugin:80 - create IPUIPlugin
2025-12-25 18:01:29,900 [INFO] IPUIPlugin:80 - create IPUIPlugin
2025-12-25 18:01:29,900 [INFO] IPUIPlugin:80 - create IPUIPlugin
2025-12-25 18:01:29,901 [INFO] IPUIPlugin:80 - create IPUIPlugin
2025-12-25 18:01:29,901 [INFO] IPUIPlugin:80 - create IPUIPlugin
2025-12-25 18:01:29,901 [INFO] IPUIPlugin:80 - create IPUIPlugin
2025-12-25 18:01:29,901 [INFO] IPUIPlugin:80 - create IPUIPlugin
2025-12-25 18:01:29,901 [INFO] IPUIPlugin:80 - create IPUIPlugin
2025-12-25 18:01:29,901 [INFO] IPUIPlugin:80 - create IPUIPlugin
2025-12-25 18:01:29,902 [INFO] IPUIPlugin:80 - create IPUIPlugin
2025-12-25 18:01:29,902 [INFO] IPUIPlugin:80 - create IPUIPlugin
2025-12-25 18:01:29,902 [INFO] IPUIPlugin:80 - create IPUIPlugin
2025-12-25 18:01:29,902 [INFO] IPUIPlugin:80 - create IPUIPlugin
2025-12-25 18:01:29,902 [INFO] IPUIPlugin:80 - create IPUIPlugin
2025-12-25 18:01:29,902 [INFO] IPUIPlugin:80 - create IPUIPlugin
2025-12-25 18:01:29,903 [INFO] IPUIPlugin:80 - create IPUIPlugin
2025-12-25 18:01:29,903 [INFO] IPUIPlugin:80 - create IPUIPlugin
2025-12-25 18:01:29,903 [INFO] IPUIPlugin:80 - create IPUIPlugin
2025-12-25 18:01:29,903 [INFO] IPUIPlugin:80 - create IPUIPlugin
2025-12-25 18:01:29,903 [INFO] IPUIPlugin:80 - create IPUIPlugin
2025-12-25 18:01:29,903 [INFO] IPUIPlugin:80 - create IPUIPlugin
2025-12-25 18:01:29,904 [INFO] IPUIPlugin:80 - create IPUIPlugin
2025-12-25 18:01:29,904 [INFO] IPUIPlugin:80 - create IPUIPlugin
2025-12-25 18:01:29,904 [INFO] IPUIPlugin:80 - create IPUIPlugin
2025-12-25 18:01:29,904 [INFO] IPUIPlugin:80 - create IPUIPlugin
2025-12-25 18:01:29,905 [INFO] IPUIPlugin:80 - create IPUIPlugin
2025-12-25 18:01:29,905 [INFO] IPUIPlugin:80 - create IPUIPlugin
2025-12-25 18:01:29,905 [INFO] IPUIPlugin:80 - create IPUIPlugin
2025-12-25 18:01:29,905 [INFO] IPUIPlugin:80 - create IPUIPlugin
2025-12-25 18:01:29,905 [INFO] IPUIPlugin:80 - create IPUIPlugin
2025-12-25 18:01:29,906 [INFO] IPUIPlugin:80 - create IPUIPlugin
2025-12-25 18:01:29,906 [INFO] IPUIPlugin:80 - create IPUIPlugin
2025-12-25 18:01:29,906 [INFO] IPUIPlugin:80 - create IPUIPlugin
2025-12-25 18:01:29,906 [INFO] IPUIPlugin:80 - create IPUIPlugin
2025-12-25 18:01:29,907 [INFO] IPUIPlugin:80 - create IPUIPlugin
2025-12-25 18:01:29,907 [INFO] IPUIPlugin:80 - create IPUIPlugin
2025-12-25 18:01:29,907 [INFO] IPUIPlugin:80 - create IPUIPlugin
2025-12-25 18:01:29,907 [INFO] IPUIPlugin:80 - create IPUIPlugin
2025-12-25 18:01:29,907 [INFO] IPUIPlugin:80 - create IPUIPlugin
2025-12-25 18:01:29,908 [INFO] IPUIPlugin:80 - create IPUIPlugin
2025-12-25 18:01:29,908 [INFO] IPUIPlugin:80 - create IPUIPlugin
2025-12-25 18:01:29,908 [INFO] IPUIPlugin:80 - create IPUIPlugin
2025-12-25 18:01:29,908 [INFO] IPUIPlugin:80 - create IPUIPlugin
2025-12-25 18:01:29,909 [INFO] IPUIPlugin:80 - create IPUIPlugin
2025-12-25 18:01:29,909 [INFO] IPUIPlugin:80 - create IPUIPlugin
2025-12-25 18:01:29,909 [INFO] IPUIPlugin:80 - create IPUIPlugin
2025-12-25 18:01:29,969 [INFO] CADModel:165 - CPN selected for project levelSTM32L476RGT3
2025-12-25 18:01:29,969 [INFO] CADModel:114 - Register for checkConnection events
2025-12-25 18:01:30,056 [INFO] OpenFileManager:386 - Restore cursor
2025-12-25 18:01:36,185 [INFO] MainUpdater:2872 - connection check result : 10
2025-12-25 18:01:36,185 [INFO] MainUpdater:2872 - connection check result : 10
2025-12-25 18:01:36,284 [INFO] I2cTimingTraitement:330 - 0x10909CEC
2025-12-25 18:01:36,287 [INFO] MicroXplorer:468 - Change Database Path : 
2025-12-25 18:01:36,287 [INFO] MicroXplorer:498 - Change Database Version : DB.6.0.150
2025-12-25 18:01:36,318 [ERROR] ProjectManagerView:395 - 
java.lang.NullPointerException: Cannot invoke "javax.swing.JTextField.getText()" because the return value of "java.util.List.get(int)" is null
	at com.st.microxplorer.plugins.projectmanager.gui.ProjectChoiceTab$9.caretUpdate(ProjectChoiceTab.java:2706) ~[filemanager.jar:?]
	at javax.swing.text.JTextComponent.fireCaretUpdate(JTextComponent.java:408) ~[?:?]
	at javax.swing.text.JTextComponent$MutableCaretEvent.fire(JTextComponent.java:4484) ~[?:?]
	at javax.swing.text.JTextComponent$MutableCaretEvent.stateChanged(JTextComponent.java:4506) ~[?:?]
	at javax.swing.text.DefaultCaret.fireStateChanged(DefaultCaret.java:857) ~[?:?]
	at javax.swing.text.DefaultCaret.changeCaretPosition(DefaultCaret.java:1343) ~[?:?]
	at javax.swing.text.DefaultCaret.handleSetDot(DefaultCaret.java:1242) ~[?:?]
	at javax.swing.text.DefaultCaret.setDot(DefaultCaret.java:1223) ~[?:?]
	at javax.swing.text.DefaultCaret$Handler.insertUpdate(DefaultCaret.java:1819) ~[?:?]
	at javax.swing.text.AbstractDocument.fireInsertUpdate(AbstractDocument.java:227) ~[?:?]
	at javax.swing.text.AbstractDocument.handleInsertString(AbstractDocument.java:781) ~[?:?]
	at javax.swing.text.AbstractDocument.insertString(AbstractDocument.java:740) ~[?:?]
	at javax.swing.text.PlainDocument.insertString(PlainDocument.java:131) ~[?:?]
	at javax.swing.text.AbstractDocument.replace(AbstractDocument.java:699) ~[?:?]
	at javax.swing.text.JTextComponent.setText(JTextComponent.java:1725) ~[?:?]
	at com.st.microxplorer.plugins.projectmanager.gui.ProjectChoiceTab.createHeapStackFields(ProjectChoiceTab.java:993) ~[filemanager.jar:?]
	at com.st.microxplorer.plugins.projectmanager.gui.ProjectChoiceTab.buildLinkSettingsPanel(ProjectChoiceTab.java:3813) ~[filemanager.jar:?]
	at com.st.microxplorer.plugins.projectmanager.gui.ProjectChoiceTab.defineWindowsFields(ProjectChoiceTab.java:1987) ~[filemanager.jar:?]
	at com.st.microxplorer.plugins.projectmanager.gui.ProjectChoiceTab.updateSettings(ProjectChoiceTab.java:558) ~[filemanager.jar:?]
	at com.st.microxplorer.plugins.projectmanager.gui.ProjectSettingsPanel.UpdateDialog(ProjectSettingsPanel.java:247) ~[filemanager.jar:?]
	at com.st.microxplorer.plugins.projectmanager.ProjectManagerView.propertyChange(ProjectManagerView.java:392) ~[filemanager.jar:?]
	at java.beans.PropertyChangeSupport.fire(PropertyChangeSupport.java:343) ~[?:?]
	at java.beans.PropertyChangeSupport.firePropertyChange(PropertyChangeSupport.java:335) ~[?:?]
	at java.beans.PropertyChangeSupport.firePropertyChange(PropertyChangeSupport.java:268) ~[?:?]
	at com.st.microxplorer.util.MXPropertyChangeSupport.firePropertyChange(MXPropertyChangeSupport.java:54) ~[STM32CubeMX.jar:?]
	at com.st.microxplorer.mxsystem.MxSystem.closeConfig(MxSystem.java:899) ~[STM32CubeMX.jar:?]
	at com.st.microxplorer.maingui.MainPanel.closeConfig(MainPanel.java:792) ~[STM32CubeMX.jar:?]
	at com.st.microxplorer.plugins.filemanager.engine.OpenFileManager.loadConfigurationFile(OpenFileManager.java:288) ~[filemanager.jar:?]
	at com.st.microxplorer.plugins.filemanager.engine.MainFileManager.userLoadConfig(MainFileManager.java:364) ~[filemanager.jar:?]
	at com.st.microxplorer.plugins.filemanager.engine.MainFileManager.userLoadConfig(MainFileManager.java:342) ~[filemanager.jar:?]
	at com.st.microxplorer.plugins.filemanager.FileManagerView.getSpecificTask(FileManagerView.java:264) ~[filemanager.jar:?]
	at com.st.stm32cube.common.mx.editor.CubeMxEditor.getMxTabbedPaneInstance(CubeMxEditor.java:1198) ~[com.st.stm32cube.common.mx_6.15.0.202507011659/:?]
	at com.st.stm32cube.common.mx.editor.CubeMxEditor$12$1.createSwingComponent(CubeMxEditor.java:1068) ~[com.st.stm32cube.common.mx_6.15.0.202507011659/:?]
	at com.st.stm32cube.common.mx.oss.core.awtswtbridge.EmbeddedSwingComposite.doComponentCreation(EmbeddedSwingComposite.java:492) ~[com.st.stm32cube.common.mx.oss_6.15.0.202507011659/:?]
	at com.st.stm32cube.common.mx.oss.core.awtswtbridge.EmbeddedSwingComposite$4.run(EmbeddedSwingComposite.java:291) ~[com.st.stm32cube.common.mx.oss_6.15.0.202507011659/:?]
	at com.st.stm32cube.common.mx.oss.core.awtswtbridge.AwtEnvironment$2.run(AwtEnvironment.java:166) ~[com.st.stm32cube.common.mx.oss_6.15.0.202507011659/:?]
	at java.awt.event.InvocationEvent.dispatch(InvocationEvent.java:318) ~[?:?]
	at java.awt.EventQueue.dispatchEventImpl(EventQueue.java:773) ~[?:?]
	at java.awt.EventQueue$4.run(EventQueue.java:720) ~[?:?]
	at java.awt.EventQueue$4.run(EventQueue.java:714) ~[?:?]
	at java.security.AccessController.doPrivileged(AccessController.java:400) ~[?:?]
	at java.security.ProtectionDomain$JavaSecurityAccessImpl.doIntersectionPrivilege(ProtectionDomain.java:87) ~[?:?]
	at java.awt.EventQueue.dispatchEvent(EventQueue.java:742) ~[?:?]
	at java.awt.EventDispatchThread.pumpOneEventForFilters(EventDispatchThread.java:203) ~[?:?]
	at java.awt.EventDispatchThread.pumpEventsForFilter(EventDispatchThread.java:124) ~[?:?]
	at java.awt.EventDispatchThread.pumpEventsForHierarchy(EventDispatchThread.java:113) ~[?:?]
	at java.awt.EventDispatchThread.pumpEvents(EventDispatchThread.java:109) ~[?:?]
	at java.awt.EventDispatchThread.pumpEvents(EventDispatchThread.java:101) ~[?:?]
	at java.awt.EventDispatchThread.run(EventDispatchThread.java:90) ~[?:?]
2025-12-25 18:01:36,321 [WARN] ThirdParty:871 - waiting for thirdparty lock release [close project]
2025-12-25 18:01:36,321 [INFO] ThirdParty:873 - entering critical section [close project]
2025-12-25 18:01:36,321 [INFO] ThirdParty:883 - exiting critical section [close project]
2025-12-25 18:01:36,323 [INFO] PinOutPanel:1589 - setPackage(No Configuration,No Configuration)
2025-12-25 18:01:36,333 [INFO] UtilMem:75 - Begin LoadConfig() Used Memory: 862672544 Bytes (1073741824)
2025-12-25 18:01:36,334 [INFO] MicroXplorer:468 - Change Database Path : 
2025-12-25 18:01:36,334 [INFO] MicroXplorer:498 - Change Database Version : DB.6.0.150
2025-12-25 18:01:36,334 [INFO] OpenFileManager:355 - Change cursor
2025-12-25 18:01:36,340 [INFO] Mcu:2029 - Initializing MCU STM32L476R(C-E-G)Tx STM32L476RGTx STM32L476RGT3
2025-12-25 18:01:37,721 [INFO] Context:786 - Trying to add GPIOservice into a context  which must be forbidden
2025-12-25 18:01:38,136 [INFO] ImportTextPane:234 - (OptionalMessage_ERROR) Pin4 (VP_RIF_VS_RIF1) cannot be retrieved for this MCU
2025-12-25 18:01:38,289 [INFO] RtosManager:558 - Registered RTOS mode: class=CMSIS, group=RTOS, mode=CMSIS_V1, owner=FREERTOS
2025-12-25 18:01:38,289 [INFO] RtosManager:558 - Registered RTOS mode: class=CMSIS, group=RTOS2, mode=CMSIS_V2, owner=FREERTOS
2025-12-25 18:01:38,289 [INFO] RtosManager:558 - Registered RTOS mode: class=RTOS, group=Core, mode=CMSIS_V1, owner=FREERTOS
2025-12-25 18:01:38,290 [INFO] RtosManager:558 - Registered RTOS mode: class=RTOS, group=Core, mode=CMSIS_V2, owner=FREERTOS
2025-12-25 18:01:38,290 [WARN] ModelIntegratedComponent:184 - Missing modes for component STMicroelectronics:FreeRTOS:0.0.1:STMicroelectronics:RTOS:FreeRTOS:Core:::10.2.0:
2025-12-25 18:01:38,296 [WARN] ModelIntegratedComponent:63 - No mode defined for component null
2025-12-25 18:01:38,296 [WARN] ModelIntegratedComponent:63 - No mode defined for component null
2025-12-25 18:01:38,297 [WARN] ModelIntegratedComponent:63 - No mode defined for component null
2025-12-25 18:01:38,297 [WARN] ModelIntegratedComponent:63 - No mode defined for component null
2025-12-25 18:01:38,297 [WARN] ModelIntegratedComponent:63 - No mode defined for component null
2025-12-25 18:01:38,297 [WARN] ModelIntegratedComponent:63 - No mode defined for component null
2025-12-25 18:01:38,297 [WARN] ModelIntegratedComponent:63 - No mode defined for component null
2025-12-25 18:01:38,297 [WARN] ModelIntegratedComponent:63 - No mode defined for component null
2025-12-25 18:01:38,297 [WARN] ModelIntegratedComponent:63 - No mode defined for component null
2025-12-25 18:01:38,297 [WARN] ModelIntegratedComponent:63 - No mode defined for component null
2025-12-25 18:01:38,297 [WARN] ModelIntegratedComponent:63 - No mode defined for component null
2025-12-25 18:01:38,297 [WARN] ModelIntegratedComponent:63 - No mode defined for component null
2025-12-25 18:01:38,297 [WARN] ModelIntegratedComponent:63 - No mode defined for component null
2025-12-25 18:01:38,297 [WARN] ModelIntegratedComponent:63 - No mode defined for component null
2025-12-25 18:01:38,297 [WARN] ModelIntegratedComponent:63 - No mode defined for component null
2025-12-25 18:01:38,297 [WARN] ModelIntegratedComponent:63 - No mode defined for component null
2025-12-25 18:01:38,297 [WARN] ModelIntegratedComponent:63 - No mode defined for component null
2025-12-25 18:01:38,297 [WARN] ModelIntegratedComponent:63 - No mode defined for component null
2025-12-25 18:01:38,297 [WARN] ModelIntegratedComponent:63 - No mode defined for component null
2025-12-25 18:01:38,297 [WARN] ModelIntegratedComponent:63 - No mode defined for component null
2025-12-25 18:01:38,297 [WARN] ModelIntegratedComponent:63 - No mode defined for component null
2025-12-25 18:01:38,297 [WARN] ModelIntegratedComponent:63 - No mode defined for component null
2025-12-25 18:01:38,297 [WARN] ModelIntegratedComponent:63 - No mode defined for component null
2025-12-25 18:01:38,297 [WARN] ModelIntegratedComponent:63 - No mode defined for component null
2025-12-25 18:01:38,297 [WARN] ModelIntegratedComponent:63 - No mode defined for component null
2025-12-25 18:01:38,297 [WARN] ModelIntegratedComponent:63 - No mode defined for component null
2025-12-25 18:01:38,297 [WARN] ModelIntegratedComponent:63 - No mode defined for component null
2025-12-25 18:01:38,297 [WARN] ModelIntegratedComponent:63 - No mode defined for component null
2025-12-25 18:01:38,297 [WARN] ModelIntegratedComponent:63 - No mode defined for component null
2025-12-25 18:01:38,298 [WARN] ModelIntegratedComponent:63 - No mode defined for component null
2025-12-25 18:01:38,298 [WARN] ModelIntegratedComponent:63 - No mode defined for component null
2025-12-25 18:01:38,298 [WARN] ModelIntegratedComponent:63 - No mode defined for component null
2025-12-25 18:01:38,298 [WARN] ModelIntegratedComponent:63 - No mode defined for component null
2025-12-25 18:01:38,298 [WARN] ModelIntegratedComponent:63 - No mode defined for component null
2025-12-25 18:01:38,298 [WARN] ModelIntegratedComponent:63 - No mode defined for component null
2025-12-25 18:01:38,298 [WARN] ModelPack:524 - Component already loaded: STMicroelectronics:HAL Drivers:0.0.0:STMicroelectronics:Device:STMicro_Driver:XSPI:HAL::0.0.1:HAL_XSPI
2025-12-25 18:01:38,357 [INFO] ThirdPartyModel:298 - Start build external matchings
2025-12-25 18:01:38,987 [INFO] ThirdPartyModel:316 - End build external matchings
2025-12-25 18:01:39,311 [INFO] UtilMem:75 - End LoadConfig() Used Memory: 808161272 Bytes (1073741824)
2025-12-25 18:01:39,344 [WARN] ThirdParty:833 - waiting for thirdparty lock release [change project]
2025-12-25 18:01:39,345 [INFO] ThirdParty:835 - entering critical section [change project]
2025-12-25 18:01:39,345 [INFO] ThirdParty:1030 - CMSIS Pack Vendor :STMicroelectronics X-CUBE-PM33A1 1.0.0
2025-12-25 18:01:39,345 [INFO] ThirdParty:1030 - CMSIS Pack Vendor :STMicroelectronics USBPD 4.1
2025-12-25 18:01:39,345 [INFO] ThirdParty:1030 - CMSIS Pack Vendor :STMicroelectronics X-CUBE-NFC9 1.0.0
2025-12-25 18:01:39,345 [INFO] ThirdParty:1030 - CMSIS Pack Vendor :STMicroelectronics USB_HOST 2.0.0
2025-12-25 18:01:39,345 [INFO] ThirdParty:1030 - CMSIS Pack Vendor :STMicroelectronics FP-SNS-MOTENVWB1 1.4.0
2025-12-25 18:01:39,345 [INFO] ThirdParty:1030 - CMSIS Pack Vendor :STMicroelectronics X-CUBE-AZRTOS-F4 1.1.0
2025-12-25 18:01:39,345 [INFO] ThirdParty:1030 - CMSIS Pack Vendor :STMicroelectronics LIBJPEG 8.0.0
2025-12-25 18:01:39,345 [INFO] ThirdParty:1030 - CMSIS Pack Vendor :STMicroelectronics FP-ATR-ASTRA1 2.0.2
2025-12-25 18:01:39,345 [INFO] ThirdParty:1030 - CMSIS Pack Vendor :wolfSSL I-CUBE-wolfSSL 5.8.2
2025-12-25 18:01:39,345 [INFO] ThirdParty:1030 - CMSIS Pack Vendor :STMicroelectronics X-CUBE-BLE1 7.1.0
2025-12-25 18:01:39,345 [INFO] ThirdParty:1030 - CMSIS Pack Vendor :Avnet-IotConnect X-CUBE-IoTC-DA16k-PMOD 1.0.0
2025-12-25 18:01:39,345 [INFO] ThirdParty:1030 - CMSIS Pack Vendor :STMicroelectronics X-CUBE-SMBUS 2.1.0
2025-12-25 18:01:39,345 [INFO] ThirdParty:1030 - CMSIS Pack Vendor :wolfSSL I-CUBE-wolfMQTT 1.19.2
2025-12-25 18:01:39,345 [INFO] ThirdParty:1030 - CMSIS Pack Vendor :STMicroelectronics USB_DEVICE 3.0.0
2025-12-25 18:01:39,345 [INFO] ThirdParty:1030 - CMSIS Pack Vendor :STMicroelectronics X-CUBE-ISPU 2.1.0
2025-12-25 18:01:39,345 [INFO] ThirdParty:1030 - CMSIS Pack Vendor :STMicroelectronics X-CUBE-FREERTOS 1.4.0
2025-12-25 18:01:39,345 [INFO] ThirdParty:1030 - CMSIS Pack Vendor :STMicroelectronics X-CUBE-EEPRMA1 5.2.0
2025-12-25 18:01:39,345 [INFO] ThirdParty:1030 - CMSIS Pack Vendor :STMicroelectronics X-CUBE-IPS 3.2.0
2025-12-25 18:01:39,345 [INFO] ThirdParty:1030 - CMSIS Pack Vendor :STMicroelectronics X-CUBE-BLEMGR 4.1.0
2025-12-25 18:01:39,345 [INFO] ThirdParty:1030 - CMSIS Pack Vendor :STMicroelectronics X-CUBE-AZRTOS-WB 2.0.0
2025-12-25 18:01:39,345 [INFO] ThirdParty:1030 - CMSIS Pack Vendor :STMicroelectronics X-CUBE-ST60 1.0.0
2025-12-25 18:01:39,345 [INFO] ThirdParty:1030 - CMSIS Pack Vendor :STMicroelectronics X-CUBE-GNSS1 7.0.1
2025-12-25 18:01:39,345 [INFO] ThirdParty:1030 - CMSIS Pack Vendor :STMicroelectronics X-CUBE-NFC12 1.0.0
2025-12-25 18:01:39,345 [INFO] ThirdParty:1030 - CMSIS Pack Vendor :STMicroelectronics X-CUBE-AZRTOS-F7 1.1.0
2025-12-25 18:01:39,345 [INFO] ThirdParty:1030 - CMSIS Pack Vendor :STMicroelectronics X-CUBE-AZRTOS-L5 2.0.0
2025-12-25 18:01:39,345 [INFO] ThirdParty:1030 - CMSIS Pack Vendor :STMicroelectronics X-CUBE-TOUCHGFX 4.25.0
2025-12-25 18:01:39,345 [INFO] ThirdParty:1030 - CMSIS Pack Vendor :STMicroelectronics USB_DEVICE 2.0.0
2025-12-25 18:01:39,345 [INFO] ThirdParty:1030 - CMSIS Pack Vendor :STMicroelectronics X-CUBE-NFC6 3.1.0
2025-12-25 18:01:39,346 [INFO] ThirdParty:1030 - CMSIS Pack Vendor :STMicroelectronics X-CUBE-ST67W61 1.1.0
2025-12-25 18:01:39,346 [INFO] ThirdParty:1030 - CMSIS Pack Vendor :quantropi X-CUBE-qispace-sdk-base 2.1.0
2025-12-25 18:01:39,346 [INFO] ThirdParty:1030 - CMSIS Pack Vendor :STMicroelectronics X-CUBE-MEMS1 12.0.0
2025-12-25 18:01:39,346 [INFO] ThirdParty:1030 - CMSIS Pack Vendor :STMicroelectronics FP-SNS-MOTENV1 5.1.0
2025-12-25 18:01:39,346 [INFO] ThirdParty:1030 - CMSIS Pack Vendor :STMicroelectronics FreeRTOS 0.0.1
2025-12-25 18:01:39,346 [INFO] ThirdParty:1030 - CMSIS Pack Vendor :STMicroelectronics X-CUBE-AZRTOS-G0 1.1.0
2025-12-25 18:01:39,346 [INFO] ThirdParty:1030 - CMSIS Pack Vendor :STMicroelectronics X-CUBE-SAFEA1 1.2.2
2025-12-25 18:01:39,346 [INFO] ThirdParty:1030 - CMSIS Pack Vendor :STMicroelectronics X-CUBE-NFC4 3.0.0
2025-12-25 18:01:39,346 [INFO] ThirdParty:1030 - CMSIS Pack Vendor :STMicroelectronics X-CUBE-SUBG2 5.0.0
2025-12-25 18:01:39,346 [INFO] ThirdParty:1030 - CMSIS Pack Vendor :STMicroelectronics X-CUBE-AZRTOS-H7RS 1.1.0
2025-12-25 18:01:39,346 [INFO] ThirdParty:1030 - CMSIS Pack Vendor :STMicroelectronics STM32_WPAN 1.0.0
2025-12-25 18:01:39,346 [INFO] ThirdParty:1030 - CMSIS Pack Vendor :EmbeddedOffice I-CUBE-FS-RTOS 1.0.1
2025-12-25 18:01:39,346 [INFO] ThirdParty:1030 - CMSIS Pack Vendor :STMicroelectronics lwIP 2.0.3
2025-12-25 18:01:39,346 [INFO] ThirdParty:1030 - CMSIS Pack Vendor :WES I-CUBE-Cesium 1.4.0
2025-12-25 18:01:39,346 [INFO] ThirdParty:1030 - CMSIS Pack Vendor :Cesanta I-CUBE-Mongoose 7.13.0
2025-12-25 18:01:39,346 [INFO] ThirdParty:1030 - CMSIS Pack Vendor :STMicroelectronics USB_HOST 1.0.0
2025-12-25 18:01:39,346 [INFO] ThirdParty:1030 - CMSIS Pack Vendor :Infineon AIROC-Wi-Fi-Bluetooth-STM32 1.7.1
2025-12-25 18:01:39,346 [INFO] ThirdParty:1030 - CMSIS Pack Vendor :STMicroelectronics X-CUBE-AZRTOS-G4 2.0.0
2025-12-25 18:01:39,346 [INFO] ThirdParty:1030 - CMSIS Pack Vendor :STMicroelectronics X-CUBE-WB05N 2.0.0
2025-12-25 18:01:39,346 [INFO] ThirdParty:1030 - CMSIS Pack Vendor :STMicroelectronics PDM2PCM 3.1.0
2025-12-25 18:01:39,346 [INFO] ThirdParty:1030 - CMSIS Pack Vendor :STMicroelectronics PDM2PCM 3.3.0
2025-12-25 18:01:39,346 [INFO] ThirdParty:1030 - CMSIS Pack Vendor :wolfSSL I-CUBE-wolfTPM 3.8.0
2025-12-25 18:01:39,346 [INFO] ThirdParty:1030 - CMSIS Pack Vendor :STMicroelectronics X-CUBE-AZRTOS-H7 3.4.0
2025-12-25 18:01:39,346 [INFO] ThirdParty:1030 - CMSIS Pack Vendor :STMicroelectronics X-CUBE-DISPLAY 3.0.0
2025-12-25 18:01:39,346 [INFO] ThirdParty:1030 - CMSIS Pack Vendor :wolfSSL I-CUBE-wolfSSH 1.4.20
2025-12-25 18:01:39,346 [INFO] ThirdParty:1030 - CMSIS Pack Vendor :STMicroelectronics X-CUBE-NFC7 2.0.0
2025-12-25 18:01:39,346 [INFO] ThirdParty:1030 - CMSIS Pack Vendor :STMicroelectronics X-CUBE-TCPP 4.2.0
2025-12-25 18:01:39,346 [INFO] ThirdParty:1030 - CMSIS Pack Vendor :RealThread X-CUBE-RT-Thread_Nano 4.1.1
2025-12-25 18:01:39,347 [INFO] ThirdParty:1030 - CMSIS Pack Vendor :STMicroelectronics FP-ATR-SIGFOX1 3.2.0
2025-12-25 18:01:39,347 [INFO] ThirdParty:1030 - CMSIS Pack Vendor :STMicroelectronics X-CUBE-NFC10 1.0.0
2025-12-25 18:01:39,347 [INFO] ThirdParty:1030 - CMSIS Pack Vendor :STMicroelectronics X-CUBE-FREERTOS 1.3.1
2025-12-25 18:01:39,347 [INFO] ThirdParty:1030 - CMSIS Pack Vendor :STMicroelectronics HAL Drivers 0.0.0
2025-12-25 18:01:39,347 [INFO] ThirdParty:1030 - CMSIS Pack Vendor :STMicroelectronics MBEDTLS 2.16.2
2025-12-25 18:01:39,347 [INFO] ThirdParty:1030 - CMSIS Pack Vendor :STMicroelectronics X-CUBE-ST60 1.1.0
2025-12-25 18:01:39,347 [INFO] ThirdParty:1030 - CMSIS Pack Vendor :STMicroelectronics X-CUBE-IPS 3.1.0
2025-12-25 18:01:39,347 [INFO] ThirdParty:1030 - CMSIS Pack Vendor :STMicroelectronics X-CUBE-ALS 1.0.2
2025-12-25 18:01:39,347 [INFO] ThirdParty:1030 - CMSIS Pack Vendor :emotas I-CUBE-CANOPEN 1.3.0
2025-12-25 18:01:39,347 [INFO] ThirdParty:1030 - CMSIS Pack Vendor :STMicroelectronics MBEDTLS 2.14.1
2025-12-25 18:01:39,347 [INFO] ThirdParty:1030 - CMSIS Pack Vendor :STMicroelectronics X-CUBE-GNSS1 7.1.0
2025-12-25 18:01:39,347 [INFO] ThirdParty:1030 - CMSIS Pack Vendor :ITTIA_DB I-CUBE-ITTIADB 8.9.0
2025-12-25 18:01:39,347 [INFO] ThirdParty:1030 - CMSIS Pack Vendor :STMicroelectronics X-CUBE-TOUCHGFX 4.26.0
2025-12-25 18:01:39,347 [INFO] ThirdParty:1030 - CMSIS Pack Vendor :STMicroelectronics X-CUBE-STSE01 1.0.0
2025-12-25 18:01:39,347 [INFO] ThirdParty:1030 - CMSIS Pack Vendor :STMicroelectronics X-CUBE-ST67W61 1.0.0
2025-12-25 18:01:39,347 [INFO] ThirdParty:1030 - CMSIS Pack Vendor :STMicroelectronics FP-SNS-STBOX1 2.1.0
2025-12-25 18:01:39,347 [INFO] ThirdParty:1030 - CMSIS Pack Vendor :STMicroelectronics X-CUBE-AI 10.2.0
2025-12-25 18:01:39,347 [INFO] ThirdParty:1030 - CMSIS Pack Vendor :STMicroelectronics FP-SNS-STAIOTCFT 1.0.0
2025-12-25 18:01:39,347 [INFO] ThirdParty:1030 - CMSIS Pack Vendor :STMicroelectronics ThreadX 1.0.0
2025-12-25 18:01:39,347 [INFO] ThirdParty:1030 - CMSIS Pack Vendor :STMicroelectronics FP-SNS-SMARTAG2 1.2.0
2025-12-25 18:01:39,347 [INFO] ThirdParty:1030 - CMSIS Pack Vendor :STMicroelectronics FP-SNS-FLIGHT1 5.1.0
2025-12-25 18:01:39,347 [INFO] ThirdParty:1030 - CMSIS Pack Vendor :STMicroelectronics X-CUBE-AZRTOS-WL 2.0.0
2025-12-25 18:01:39,347 [INFO] ThirdParty:1030 - CMSIS Pack Vendor :SEGGER I-CUBE-embOS 1.3.1
2025-12-25 18:01:39,347 [INFO] ThirdParty:1030 - CMSIS Pack Vendor :STMicroelectronics X-CUBE-ALGOBUILD 1.4.0
2025-12-25 18:01:39,347 [INFO] ThirdParty:1030 - CMSIS Pack Vendor :STMicroelectronics X-CUBE-DPower 1.3.0
2025-12-25 18:01:39,347 [INFO] ThirdParty:1030 - CMSIS Pack Vendor :STMicroelectronics X-CUBE-MEMS1 11.3.0
2025-12-25 18:01:39,347 [INFO] ThirdParty:1030 - CMSIS Pack Vendor :STMicroelectronics FP-SNS-MOTENV1 5.0.0
2025-12-25 18:01:39,347 [INFO] ThirdParty:1030 - CMSIS Pack Vendor :STMicroelectronics USB_DEVICE 1.0.0
2025-12-25 18:01:39,347 [INFO] ThirdParty:1030 - CMSIS Pack Vendor :STMicroelectronics X-CUBE-AZRTOS-H7RS 1.2.0
2025-12-25 18:01:39,347 [INFO] ThirdParty:1030 - CMSIS Pack Vendor :STMicroelectronics X-CUBE-AZRTOS-L4 2.0.0
2025-12-25 18:01:39,348 [INFO] ThirdParty:1030 - CMSIS Pack Vendor :STMicroelectronics ThreadX 0.0.2
2025-12-25 18:01:39,348 [INFO] ThirdParty:1030 - CMSIS Pack Vendor :STMicroelectronics lwIP 2.1.2
2025-12-25 18:01:39,348 [INFO] ThirdParty:1030 - CMSIS Pack Vendor :STMicroelectronics X-CUBE-SFXS2LP1 4.0.0
2025-12-25 18:01:39,348 [INFO] ThirdParty:1030 - CMSIS Pack Vendor :STMicroelectronics X-CUBE-BLE2 3.3.0
2025-12-25 18:01:39,348 [INFO] ThirdParty:1030 - CMSIS Pack Vendor :Avnet-IOTCONNECT X-CUBE-iotc-st67-sdk 1.0.0
2025-12-25 18:01:39,348 [INFO] ThirdParty:1030 - CMSIS Pack Vendor :STMicroelectronics X-CUBE-TOF1 3.4.3
2025-12-25 18:01:39,348 [INFO] ThirdParty:1030 - CMSIS Pack Vendor :STMicroelectronics PDM2PCM 3.2.0
2025-12-25 18:01:39,348 [INFO] ThirdParty:841 - exiting critical section [change project]
2025-12-25 18:01:39,512 [INFO] PinOutPanel:1589 - setPackage(No Configuration,No Configuration)
2025-12-25 18:01:39,513 [INFO] PinOutPanel:1589 - setPackage(STM32L476RGTx,LQFP64)
2025-12-25 18:01:39,765 [INFO] UtilMem:75 - Before build in PCC Used Memory: 891490672 Bytes (1073741824)
2025-12-25 18:01:39,934 [INFO] UtilMem:75 - After build in PCC Used Memory: 960174448 Bytes (1073741824)
2025-12-25 18:01:39,955 [INFO] IPUIPlugin:80 - create IPUIPlugin
2025-12-25 18:01:39,955 [INFO] IPUIPlugin:80 - create IPUIPlugin
2025-12-25 18:01:39,955 [INFO] IPUIPlugin:80 - create IPUIPlugin
2025-12-25 18:01:39,956 [INFO] IPUIPlugin:80 - create IPUIPlugin
2025-12-25 18:01:39,956 [INFO] IPUIPlugin:80 - create IPUIPlugin
2025-12-25 18:01:39,956 [INFO] IPUIPlugin:80 - create IPUIPlugin
2025-12-25 18:01:39,956 [INFO] IPUIPlugin:80 - create IPUIPlugin
2025-12-25 18:01:39,956 [INFO] IPUIPlugin:80 - create IPUIPlugin
2025-12-25 18:01:39,956 [INFO] IPUIPlugin:80 - create IPUIPlugin
2025-12-25 18:01:39,956 [INFO] IPUIPlugin:80 - create IPUIPlugin
2025-12-25 18:01:39,956 [INFO] IPUIPlugin:80 - create IPUIPlugin
2025-12-25 18:01:39,956 [INFO] IPUIPlugin:80 - create IPUIPlugin
2025-12-25 18:01:39,956 [INFO] IPUIPlugin:80 - create IPUIPlugin
2025-12-25 18:01:39,956 [INFO] IPUIPlugin:80 - create IPUIPlugin
2025-12-25 18:01:39,956 [INFO] IPUIPlugin:80 - create IPUIPlugin
2025-12-25 18:01:39,956 [INFO] IPUIPlugin:80 - create IPUIPlugin
2025-12-25 18:01:39,957 [INFO] IPUIPlugin:80 - create IPUIPlugin
2025-12-25 18:01:39,957 [INFO] IPUIPlugin:80 - create IPUIPlugin
2025-12-25 18:01:39,957 [INFO] IPUIPlugin:80 - create IPUIPlugin
2025-12-25 18:01:39,957 [INFO] IPUIPlugin:80 - create IPUIPlugin
2025-12-25 18:01:39,957 [INFO] IPUIPlugin:80 - create IPUIPlugin
2025-12-25 18:01:39,957 [INFO] IPUIPlugin:80 - create IPUIPlugin
2025-12-25 18:01:39,957 [INFO] IPUIPlugin:80 - create IPUIPlugin
2025-12-25 18:01:39,957 [INFO] IPUIPlugin:80 - create IPUIPlugin
2025-12-25 18:01:39,965 [INFO] IPUIPlugin:80 - create IPUIPlugin
2025-12-25 18:01:39,966 [INFO] IPUIPlugin:80 - create IPUIPlugin
2025-12-25 18:01:39,966 [INFO] IPUIPlugin:80 - create IPUIPlugin
2025-12-25 18:01:39,966 [INFO] IPUIPlugin:80 - create IPUIPlugin
2025-12-25 18:01:39,966 [INFO] IPUIPlugin:80 - create IPUIPlugin
2025-12-25 18:01:39,966 [INFO] IPUIPlugin:80 - create IPUIPlugin
2025-12-25 18:01:39,966 [INFO] IPUIPlugin:80 - create IPUIPlugin
2025-12-25 18:01:39,966 [INFO] IPUIPlugin:80 - create IPUIPlugin
2025-12-25 18:01:39,966 [INFO] IPUIPlugin:80 - create IPUIPlugin
2025-12-25 18:01:39,967 [INFO] IPUIPlugin:80 - create IPUIPlugin
2025-12-25 18:01:39,967 [INFO] IPUIPlugin:80 - create IPUIPlugin
2025-12-25 18:01:39,967 [INFO] IPUIPlugin:80 - create IPUIPlugin
2025-12-25 18:01:39,967 [INFO] IPUIPlugin:80 - create IPUIPlugin
2025-12-25 18:01:39,967 [INFO] IPUIPlugin:80 - create IPUIPlugin
2025-12-25 18:01:39,967 [INFO] IPUIPlugin:80 - create IPUIPlugin
2025-12-25 18:01:39,967 [INFO] IPUIPlugin:80 - create IPUIPlugin
2025-12-25 18:01:39,967 [INFO] IPUIPlugin:80 - create IPUIPlugin
2025-12-25 18:01:39,968 [INFO] IPUIPlugin:80 - create IPUIPlugin
2025-12-25 18:01:39,968 [INFO] IPUIPlugin:80 - create IPUIPlugin
2025-12-25 18:01:39,968 [INFO] IPUIPlugin:80 - create IPUIPlugin
2025-12-25 18:01:39,968 [INFO] IPUIPlugin:80 - create IPUIPlugin
2025-12-25 18:01:39,968 [INFO] IPUIPlugin:80 - create IPUIPlugin
2025-12-25 18:01:39,969 [INFO] IPUIPlugin:80 - create IPUIPlugin
2025-12-25 18:01:39,969 [INFO] IPUIPlugin:80 - create IPUIPlugin
2025-12-25 18:01:39,969 [INFO] IPUIPlugin:80 - create IPUIPlugin
2025-12-25 18:01:39,969 [INFO] IPUIPlugin:80 - create IPUIPlugin
2025-12-25 18:01:39,969 [INFO] IPUIPlugin:80 - create IPUIPlugin
2025-12-25 18:01:39,970 [INFO] IPUIPlugin:80 - create IPUIPlugin
2025-12-25 18:01:39,970 [INFO] IPUIPlugin:80 - create IPUIPlugin
2025-12-25 18:01:39,970 [INFO] IPUIPlugin:80 - create IPUIPlugin
2025-12-25 18:01:39,970 [INFO] IPUIPlugin:80 - create IPUIPlugin
2025-12-25 18:01:39,970 [INFO] IPUIPlugin:80 - create IPUIPlugin
2025-12-25 18:01:39,971 [INFO] IPUIPlugin:80 - create IPUIPlugin
2025-12-25 18:01:39,971 [INFO] IPUIPlugin:80 - create IPUIPlugin
2025-12-25 18:01:39,971 [INFO] IPUIPlugin:80 - create IPUIPlugin
2025-12-25 18:01:40,020 [INFO] CADModel:165 - CPN selected for project levelSTM32L476RGT3
2025-12-25 18:01:40,020 [INFO] CADModel:114 - Register for checkConnection events
2025-12-25 18:01:40,086 [INFO] OpenFileManager:386 - Restore cursor
2025-12-25 18:15:38,863 [INFO] UtilMem:75 - End SaveConfig() Used Memory: 945699384 Bytes (1073741824)
2025-12-25 18:15:39,473 [INFO] BlockDiagram:2775 - set Specific Code input for plugin: SPI
2025-12-25 18:15:39,473 [INFO] BlockDiagram:2775 - set Specific Code input for plugin: SYS
2025-12-25 18:15:39,473 [INFO] BlockDiagram:2775 - set Specific Code input for plugin: RCC
2025-12-25 18:15:39,473 [INFO] BlockDiagram:2775 - set Specific Code input for plugin: NVIC
2025-12-25 18:15:39,474 [INFO] BlockDiagram:2775 - set Specific Code input for plugin: GPIO
2025-12-25 18:15:39,474 [INFO] CodeGenerator:892 - code generatio: config db path: C:\ST\STM32CubeIDE_1.19.0\STM32CubeIDE\plugins\com.st.stm32cube.common.mx_6.15.0.202507011659\\db\
2025-12-25 18:15:39,740 [INFO] CodeEngine:265 - oldGeneratedFile, D:\STM32\Lab\42-spi-port-expander\MXTmpFiles\license.tmp_save
2025-12-25 18:15:42,723 [INFO] CodeEngine:289 - Generated code: D:\STM32\Lab\42-spi-port-expander\MXTmpFiles\license.tmp
2025-12-25 18:15:42,791 [INFO] CodeEngine:265 - oldGeneratedFile, D:\STM32\Lab\42-spi-port-expander\MXTmpFiles\gpio.tmp_save
2025-12-25 18:15:42,896 [INFO] CodeEngine:289 - Generated code: D:\STM32\Lab\42-spi-port-expander\MXTmpFiles\gpio.tmp
2025-12-25 18:15:42,978 [INFO] CodeEngine:265 - oldGeneratedFile, D:\STM32\Lab\42-spi-port-expander\Core\Src\stm32l4xx_it.c_save
2025-12-25 18:15:43,171 [INFO] CodeEngine:289 - Generated code: D:\STM32\Lab\42-spi-port-expander\Core\Src\stm32l4xx_it.c
2025-12-25 18:15:43,177 [INFO] CodeEngine:265 - oldGeneratedFile, D:\STM32\Lab\42-spi-port-expander\Core\Inc\stm32l4xx_it.h_save
2025-12-25 18:15:43,273 [INFO] CodeEngine:289 - Generated code: D:\STM32\Lab\42-spi-port-expander\Core\Inc\stm32l4xx_it.h
2025-12-25 18:15:43,286 [INFO] CodeEngine:265 - oldGeneratedFile, D:\STM32\Lab\42-spi-port-expander\Core\Src\stm32l4xx_hal_msp.c_save
2025-12-25 18:15:43,429 [INFO] CodeEngine:289 - Generated code: D:\STM32\Lab\42-spi-port-expander\Core\Src\stm32l4xx_hal_msp.c
2025-12-25 18:15:43,433 [INFO] CodeEngine:265 - oldGeneratedFile, D:\STM32\Lab\42-spi-port-expander\MXTmpFiles\system.tmp_save
2025-12-25 18:15:43,513 [INFO] CodeEngine:289 - Generated code: D:\STM32\Lab\42-spi-port-expander\MXTmpFiles\system.tmp
2025-12-25 18:15:43,523 [INFO] CodeEngine:321 - oldGeneratedFile, D:\STM32\Lab\42-spi-port-expander\Core\Inc\stm32l4xx_hal_conf.h_save
2025-12-25 18:15:43,606 [INFO] CodeEngine:345 - Generated code: D:\STM32\Lab\42-spi-port-expander\Core\Inc\stm32l4xx_hal_conf.h
2025-12-25 18:15:43,650 [INFO] ApiDbMcu:532 - Load IP Config File for SPI1
2025-12-25 18:15:43,660 [INFO] ApiDbMcu:532 - Load IP Config File for RCC
2025-12-25 18:15:43,669 [INFO] CodeEngine:265 - oldGeneratedFile, D:\STM32\Lab\42-spi-port-expander\Core\Inc\main.h_save
2025-12-25 18:15:43,774 [INFO] CodeEngine:289 - Generated code: D:\STM32\Lab\42-spi-port-expander\Core\Inc\main.h
2025-12-25 18:15:43,779 [INFO] CodeEngine:265 - oldGeneratedFile, D:\STM32\Lab\42-spi-port-expander\Core\Src\main.c_save
2025-12-25 18:15:43,894 [INFO] CodeEngine:289 - Generated code: D:\STM32\Lab\42-spi-port-expander\Core\Src\main.c
2025-12-25 18:15:44,247 [INFO] ProjectBuilder:3606 - Time for Copy HAL[1] : 169mS.
2025-12-25 18:15:44,250 [INFO] ProjectBuilder:5216 - Project Generator version: 4.7.0-B52
2025-12-25 18:15:44,328 [INFO] ConfigFileManager:1595 - The Die is : DIE415
2025-12-25 18:15:44,332 [INFO] ApiDbMcu:532 - Load IP Config File for FATFS
2025-12-25 18:15:44,337 [INFO] ApiDbMcu:532 - Load IP Config File for FREERTOS
2025-12-25 18:15:44,351 [INFO] ApiDbMcu:532 - Load IP Config File for TOUCHSENSING
2025-12-25 18:15:44,357 [INFO] ApiDbMcu:532 - Load IP Config File for USB_DEVICE
2025-12-25 18:15:44,361 [INFO] ApiDbMcu:532 - Load IP Config File for USB_HOST
2025-12-25 18:15:45,226 [INFO] ProjectBuilder:5496 - Time for Generating toolchain IDE Files: 976mS.
2025-12-25 18:15:45,227 [INFO] ProjectBuilder:3463 - Time for Copy CMSIS : 1mS.
2025-12-25 18:15:45,230 [INFO] ProjectBuilder:3463 - Time for Copy CMSIS : 1mS.
2025-12-25 18:30:17,641 [INFO] UtilMem:75 - End SaveConfig() Used Memory: 842564232 Bytes (1073741824)
2025-12-25 18:30:17,797 [INFO] BlockDiagram:2775 - set Specific Code input for plugin: SPI
2025-12-25 18:30:17,798 [INFO] BlockDiagram:2775 - set Specific Code input for plugin: SYS
2025-12-25 18:30:17,798 [INFO] BlockDiagram:2775 - set Specific Code input for plugin: RCC
2025-12-25 18:30:17,798 [INFO] BlockDiagram:2775 - set Specific Code input for plugin: NVIC
2025-12-25 18:30:17,798 [INFO] BlockDiagram:2775 - set Specific Code input for plugin: GPIO
2025-12-25 18:30:17,799 [INFO] CodeGenerator:892 - code generatio: config db path: C:\ST\STM32CubeIDE_1.19.0\STM32CubeIDE\plugins\com.st.stm32cube.common.mx_6.15.0.202507011659\\db\
2025-12-25 18:30:17,871 [INFO] CodeEngine:265 - oldGeneratedFile, D:\STM32\Lab\42-spi-port-expander\MXTmpFiles\license.tmp_save
2025-12-25 18:30:17,967 [INFO] CodeEngine:289 - Generated code: D:\STM32\Lab\42-spi-port-expander\MXTmpFiles\license.tmp
2025-12-25 18:30:17,994 [INFO] CodeEngine:265 - oldGeneratedFile, D:\STM32\Lab\42-spi-port-expander\MXTmpFiles\gpio.tmp_save
2025-12-25 18:30:18,051 [INFO] CodeEngine:289 - Generated code: D:\STM32\Lab\42-spi-port-expander\MXTmpFiles\gpio.tmp
2025-12-25 18:30:18,108 [INFO] CodeEngine:265 - oldGeneratedFile, D:\STM32\Lab\42-spi-port-expander\Core\Src\stm32l4xx_it.c_save
2025-12-25 18:30:18,238 [INFO] CodeEngine:289 - Generated code: D:\STM32\Lab\42-spi-port-expander\Core\Src\stm32l4xx_it.c
2025-12-25 18:30:18,243 [INFO] CodeEngine:265 - oldGeneratedFile, D:\STM32\Lab\42-spi-port-expander\Core\Inc\stm32l4xx_it.h_save
2025-12-25 18:30:18,291 [INFO] CodeEngine:289 - Generated code: D:\STM32\Lab\42-spi-port-expander\Core\Inc\stm32l4xx_it.h
2025-12-25 18:30:18,302 [INFO] CodeEngine:265 - oldGeneratedFile, D:\STM32\Lab\42-spi-port-expander\Core\Src\stm32l4xx_hal_msp.c_save
2025-12-25 18:30:18,381 [INFO] CodeEngine:289 - Generated code: D:\STM32\Lab\42-spi-port-expander\Core\Src\stm32l4xx_hal_msp.c
2025-12-25 18:30:18,385 [INFO] CodeEngine:265 - oldGeneratedFile, D:\STM32\Lab\42-spi-port-expander\MXTmpFiles\system.tmp_save
2025-12-25 18:30:18,429 [INFO] CodeEngine:289 - Generated code: D:\STM32\Lab\42-spi-port-expander\MXTmpFiles\system.tmp
2025-12-25 18:30:18,440 [INFO] CodeEngine:321 - oldGeneratedFile, D:\STM32\Lab\42-spi-port-expander\Core\Inc\stm32l4xx_hal_conf.h_save
2025-12-25 18:30:18,490 [INFO] CodeEngine:345 - Generated code: D:\STM32\Lab\42-spi-port-expander\Core\Inc\stm32l4xx_hal_conf.h
2025-12-25 18:30:18,516 [INFO] CodeEngine:265 - oldGeneratedFile, D:\STM32\Lab\42-spi-port-expander\Core\Inc\main.h_save
2025-12-25 18:30:18,587 [INFO] CodeEngine:289 - Generated code: D:\STM32\Lab\42-spi-port-expander\Core\Inc\main.h
2025-12-25 18:30:18,593 [INFO] CodeEngine:265 - oldGeneratedFile, D:\STM32\Lab\42-spi-port-expander\Core\Src\main.c_save
2025-12-25 18:30:18,677 [INFO] CodeEngine:289 - Generated code: D:\STM32\Lab\42-spi-port-expander\Core\Src\main.c
2025-12-25 18:30:19,001 [INFO] ProjectBuilder:3606 - Time for Copy HAL[1] : 158mS.
2025-12-25 18:30:19,004 [INFO] ProjectBuilder:5216 - Project Generator version: 4.7.0-B52
2025-12-25 18:30:19,074 [INFO] ConfigFileManager:1595 - The Die is : DIE415
2025-12-25 18:30:19,655 [INFO] ProjectBuilder:5496 - Time for Generating toolchain IDE Files: 650mS.
2025-12-25 18:30:19,656 [INFO] ProjectBuilder:3463 - Time for Copy CMSIS : 1mS.
2025-12-25 18:30:19,659 [INFO] ProjectBuilder:3463 - Time for Copy CMSIS : 0mS.
2025-12-25 20:19:29,345 [INFO] MainUpdater:2872 - connection check result : 10
2025-12-25 20:19:29,345 [INFO] MainUpdater:2872 - connection check result : 10
2025-12-25 20:19:29,441 [INFO] MicroXplorer:468 - Change Database Path : 
2025-12-25 20:19:29,442 [INFO] MicroXplorer:498 - Change Database Version : DB.6.0.150
2025-12-25 20:19:29,500 [ERROR] ProjectManagerView:395 - 
java.lang.NullPointerException: Cannot invoke "javax.swing.JTextField.getText()" because the return value of "java.util.List.get(int)" is null
	at com.st.microxplorer.plugins.projectmanager.gui.ProjectChoiceTab$9.caretUpdate(ProjectChoiceTab.java:2706) ~[filemanager.jar:?]
	at javax.swing.text.JTextComponent.fireCaretUpdate(JTextComponent.java:408) ~[?:?]
	at javax.swing.text.JTextComponent$MutableCaretEvent.fire(JTextComponent.java:4484) ~[?:?]
	at javax.swing.text.JTextComponent$MutableCaretEvent.stateChanged(JTextComponent.java:4506) ~[?:?]
	at javax.swing.text.DefaultCaret.fireStateChanged(DefaultCaret.java:857) ~[?:?]
	at javax.swing.text.DefaultCaret.changeCaretPosition(DefaultCaret.java:1343) ~[?:?]
	at javax.swing.text.DefaultCaret.handleSetDot(DefaultCaret.java:1242) ~[?:?]
	at javax.swing.text.DefaultCaret.setDot(DefaultCaret.java:1223) ~[?:?]
	at javax.swing.text.DefaultCaret$Handler.insertUpdate(DefaultCaret.java:1819) ~[?:?]
	at javax.swing.text.AbstractDocument.fireInsertUpdate(AbstractDocument.java:227) ~[?:?]
	at javax.swing.text.AbstractDocument.handleInsertString(AbstractDocument.java:781) ~[?:?]
	at javax.swing.text.AbstractDocument.insertString(AbstractDocument.java:740) ~[?:?]
	at javax.swing.text.PlainDocument.insertString(PlainDocument.java:131) ~[?:?]
	at javax.swing.text.AbstractDocument.replace(AbstractDocument.java:699) ~[?:?]
	at javax.swing.text.JTextComponent.setText(JTextComponent.java:1725) ~[?:?]
	at com.st.microxplorer.plugins.projectmanager.gui.ProjectChoiceTab.createHeapStackFields(ProjectChoiceTab.java:993) ~[filemanager.jar:?]
	at com.st.microxplorer.plugins.projectmanager.gui.ProjectChoiceTab.buildLinkSettingsPanel(ProjectChoiceTab.java:3813) ~[filemanager.jar:?]
	at com.st.microxplorer.plugins.projectmanager.gui.ProjectChoiceTab.defineWindowsFields(ProjectChoiceTab.java:1987) ~[filemanager.jar:?]
	at com.st.microxplorer.plugins.projectmanager.gui.ProjectChoiceTab.updateSettings(ProjectChoiceTab.java:558) ~[filemanager.jar:?]
	at com.st.microxplorer.plugins.projectmanager.gui.ProjectSettingsPanel.UpdateDialog(ProjectSettingsPanel.java:247) ~[filemanager.jar:?]
	at com.st.microxplorer.plugins.projectmanager.ProjectManagerView.propertyChange(ProjectManagerView.java:392) ~[filemanager.jar:?]
	at java.beans.PropertyChangeSupport.fire(PropertyChangeSupport.java:343) ~[?:?]
	at java.beans.PropertyChangeSupport.firePropertyChange(PropertyChangeSupport.java:335) ~[?:?]
	at java.beans.PropertyChangeSupport.firePropertyChange(PropertyChangeSupport.java:268) ~[?:?]
	at com.st.microxplorer.util.MXPropertyChangeSupport.firePropertyChange(MXPropertyChangeSupport.java:54) ~[STM32CubeMX.jar:?]
	at com.st.microxplorer.mxsystem.MxSystem.closeConfig(MxSystem.java:899) ~[STM32CubeMX.jar:?]
	at com.st.microxplorer.maingui.MainPanel.closeConfig(MainPanel.java:792) ~[STM32CubeMX.jar:?]
	at com.st.microxplorer.plugins.filemanager.engine.OpenFileManager.loadConfigurationFile(OpenFileManager.java:288) ~[filemanager.jar:?]
	at com.st.microxplorer.plugins.filemanager.engine.MainFileManager.userLoadConfig(MainFileManager.java:364) ~[filemanager.jar:?]
	at com.st.microxplorer.plugins.filemanager.engine.MainFileManager.userLoadConfig(MainFileManager.java:342) ~[filemanager.jar:?]
	at com.st.microxplorer.plugins.filemanager.FileManagerView.getSpecificTask(FileManagerView.java:264) ~[filemanager.jar:?]
	at com.st.stm32cube.common.mx.editor.CubeMxEditor.getMxTabbedPaneInstance(CubeMxEditor.java:1198) ~[com.st.stm32cube.common.mx_6.15.0.202507011659/:?]
	at com.st.stm32cube.common.mx.editor.CubeMxEditor$12$1.createSwingComponent(CubeMxEditor.java:1068) ~[com.st.stm32cube.common.mx_6.15.0.202507011659/:?]
	at com.st.stm32cube.common.mx.oss.core.awtswtbridge.EmbeddedSwingComposite.doComponentCreation(EmbeddedSwingComposite.java:492) ~[com.st.stm32cube.common.mx.oss_6.15.0.202507011659/:?]
	at com.st.stm32cube.common.mx.oss.core.awtswtbridge.EmbeddedSwingComposite$4.run(EmbeddedSwingComposite.java:291) ~[com.st.stm32cube.common.mx.oss_6.15.0.202507011659/:?]
	at com.st.stm32cube.common.mx.oss.core.awtswtbridge.AwtEnvironment$2.run(AwtEnvironment.java:166) ~[com.st.stm32cube.common.mx.oss_6.15.0.202507011659/:?]
	at java.awt.event.InvocationEvent.dispatch(InvocationEvent.java:318) ~[?:?]
	at java.awt.EventQueue.dispatchEventImpl(EventQueue.java:773) ~[?:?]
	at java.awt.EventQueue$4.run(EventQueue.java:720) ~[?:?]
	at java.awt.EventQueue$4.run(EventQueue.java:714) ~[?:?]
	at java.security.AccessController.doPrivileged(AccessController.java:400) ~[?:?]
	at java.security.ProtectionDomain$JavaSecurityAccessImpl.doIntersectionPrivilege(ProtectionDomain.java:87) ~[?:?]
	at java.awt.EventQueue.dispatchEvent(EventQueue.java:742) ~[?:?]
	at java.awt.EventDispatchThread.pumpOneEventForFilters(EventDispatchThread.java:203) ~[?:?]
	at java.awt.EventDispatchThread.pumpEventsForFilter(EventDispatchThread.java:124) ~[?:?]
	at java.awt.EventDispatchThread.pumpEventsForHierarchy(EventDispatchThread.java:113) ~[?:?]
	at java.awt.EventDispatchThread.pumpEvents(EventDispatchThread.java:109) ~[?:?]
	at java.awt.EventDispatchThread.pumpEvents(EventDispatchThread.java:101) ~[?:?]
	at java.awt.EventDispatchThread.run(EventDispatchThread.java:90) ~[?:?]
2025-12-25 20:19:29,504 [WARN] ThirdParty:871 - waiting for thirdparty lock release [close project]
2025-12-25 20:19:29,504 [INFO] ThirdParty:873 - entering critical section [close project]
2025-12-25 20:19:29,504 [INFO] ThirdParty:883 - exiting critical section [close project]
2025-12-25 20:19:29,509 [INFO] PinOutPanel:1589 - setPackage(No Configuration,No Configuration)
2025-12-25 20:19:29,525 [INFO] UtilMem:75 - Begin LoadConfig() Used Memory: 779007912 Bytes (1073741824)
2025-12-25 20:19:29,525 [INFO] MicroXplorer:468 - Change Database Path : 
2025-12-25 20:19:29,526 [INFO] MicroXplorer:498 - Change Database Version : DB.6.0.150
2025-12-25 20:19:29,526 [INFO] OpenFileManager:355 - Change cursor
2025-12-25 20:19:29,563 [INFO] RulesReader:64 - Compatibility file has been processed (317 Rules)
2025-12-25 20:19:29,570 [INFO] Mcu:2029 - Initializing MCU STM32L476R(C-E-G)Tx STM32L476RGTx STM32L476RGT3
2025-12-25 20:19:31,654 [INFO] Context:786 - Trying to add GPIOservice into a context  which must be forbidden
2025-12-25 20:19:32,357 [INFO] ImportTextPane:234 - (OptionalMessage_ERROR) Pin4 (VP_RIF_VS_RIF1) cannot be retrieved for this MCU
2025-12-25 20:19:32,517 [INFO] RtosManager:558 - Registered RTOS mode: class=CMSIS, group=RTOS, mode=CMSIS_V1, owner=FREERTOS
2025-12-25 20:19:32,518 [INFO] RtosManager:558 - Registered RTOS mode: class=CMSIS, group=RTOS2, mode=CMSIS_V2, owner=FREERTOS
2025-12-25 20:19:32,518 [INFO] RtosManager:558 - Registered RTOS mode: class=RTOS, group=Core, mode=CMSIS_V1, owner=FREERTOS
2025-12-25 20:19:32,518 [INFO] RtosManager:558 - Registered RTOS mode: class=RTOS, group=Core, mode=CMSIS_V2, owner=FREERTOS
2025-12-25 20:19:32,518 [WARN] ModelIntegratedComponent:184 - Missing modes for component STMicroelectronics:FreeRTOS:0.0.1:STMicroelectronics:RTOS:FreeRTOS:Core:::10.2.0:
2025-12-25 20:19:32,524 [WARN] ModelIntegratedComponent:63 - No mode defined for component null
2025-12-25 20:19:32,525 [WARN] ModelIntegratedComponent:63 - No mode defined for component null
2025-12-25 20:19:32,525 [WARN] ModelIntegratedComponent:63 - No mode defined for component null
2025-12-25 20:19:32,525 [WARN] ModelIntegratedComponent:63 - No mode defined for component null
2025-12-25 20:19:32,525 [WARN] ModelIntegratedComponent:63 - No mode defined for component null
2025-12-25 20:19:32,525 [WARN] ModelIntegratedComponent:63 - No mode defined for component null
2025-12-25 20:19:32,525 [WARN] ModelIntegratedComponent:63 - No mode defined for component null
2025-12-25 20:19:32,525 [WARN] ModelIntegratedComponent:63 - No mode defined for component null
2025-12-25 20:19:32,525 [WARN] ModelIntegratedComponent:63 - No mode defined for component null
2025-12-25 20:19:32,526 [WARN] ModelIntegratedComponent:63 - No mode defined for component null
2025-12-25 20:19:32,526 [WARN] ModelIntegratedComponent:63 - No mode defined for component null
2025-12-25 20:19:32,526 [WARN] ModelIntegratedComponent:63 - No mode defined for component null
2025-12-25 20:19:32,526 [WARN] ModelIntegratedComponent:63 - No mode defined for component null
2025-12-25 20:19:32,526 [WARN] ModelIntegratedComponent:63 - No mode defined for component null
2025-12-25 20:19:32,526 [WARN] ModelIntegratedComponent:63 - No mode defined for component null
2025-12-25 20:19:32,526 [WARN] ModelIntegratedComponent:63 - No mode defined for component null
2025-12-25 20:19:32,526 [WARN] ModelIntegratedComponent:63 - No mode defined for component null
2025-12-25 20:19:32,526 [WARN] ModelIntegratedComponent:63 - No mode defined for component null
2025-12-25 20:19:32,526 [WARN] ModelIntegratedComponent:63 - No mode defined for component null
2025-12-25 20:19:32,526 [WARN] ModelIntegratedComponent:63 - No mode defined for component null
2025-12-25 20:19:32,526 [WARN] ModelIntegratedComponent:63 - No mode defined for component null
2025-12-25 20:19:32,526 [WARN] ModelIntegratedComponent:63 - No mode defined for component null
2025-12-25 20:19:32,526 [WARN] ModelIntegratedComponent:63 - No mode defined for component null
2025-12-25 20:19:32,526 [WARN] ModelIntegratedComponent:63 - No mode defined for component null
2025-12-25 20:19:32,526 [WARN] ModelIntegratedComponent:63 - No mode defined for component null
2025-12-25 20:19:32,527 [WARN] ModelIntegratedComponent:63 - No mode defined for component null
2025-12-25 20:19:32,527 [WARN] ModelIntegratedComponent:63 - No mode defined for component null
2025-12-25 20:19:32,527 [WARN] ModelIntegratedComponent:63 - No mode defined for component null
2025-12-25 20:19:32,527 [WARN] ModelIntegratedComponent:63 - No mode defined for component null
2025-12-25 20:19:32,527 [WARN] ModelIntegratedComponent:63 - No mode defined for component null
2025-12-25 20:19:32,527 [WARN] ModelIntegratedComponent:63 - No mode defined for component null
2025-12-25 20:19:32,527 [WARN] ModelIntegratedComponent:63 - No mode defined for component null
2025-12-25 20:19:32,527 [WARN] ModelIntegratedComponent:63 - No mode defined for component null
2025-12-25 20:19:32,527 [WARN] ModelIntegratedComponent:63 - No mode defined for component null
2025-12-25 20:19:32,527 [WARN] ModelIntegratedComponent:63 - No mode defined for component null
2025-12-25 20:19:32,527 [WARN] ModelPack:524 - Component already loaded: STMicroelectronics:HAL Drivers:0.0.0:STMicroelectronics:Device:STMicro_Driver:XSPI:HAL::0.0.1:HAL_XSPI
2025-12-25 20:19:32,587 [INFO] ThirdPartyModel:298 - Start build external matchings
2025-12-25 20:19:33,182 [INFO] ThirdPartyModel:316 - End build external matchings
2025-12-25 20:19:33,549 [INFO] UtilMem:75 - End LoadConfig() Used Memory: 902355768 Bytes (1073741824)
2025-12-25 20:19:33,583 [WARN] ThirdParty:833 - waiting for thirdparty lock release [change project]
2025-12-25 20:19:33,584 [INFO] ThirdParty:835 - entering critical section [change project]
2025-12-25 20:19:33,584 [INFO] ThirdParty:1030 - CMSIS Pack Vendor :STMicroelectronics X-CUBE-PM33A1 1.0.0
2025-12-25 20:19:33,584 [INFO] ThirdParty:1030 - CMSIS Pack Vendor :STMicroelectronics USBPD 4.1
2025-12-25 20:19:33,584 [INFO] ThirdParty:1030 - CMSIS Pack Vendor :STMicroelectronics X-CUBE-NFC9 1.0.0
2025-12-25 20:19:33,584 [INFO] ThirdParty:1030 - CMSIS Pack Vendor :STMicroelectronics USB_HOST 2.0.0
2025-12-25 20:19:33,584 [INFO] ThirdParty:1030 - CMSIS Pack Vendor :STMicroelectronics FP-SNS-MOTENVWB1 1.4.0
2025-12-25 20:19:33,584 [INFO] ThirdParty:1030 - CMSIS Pack Vendor :STMicroelectronics X-CUBE-AZRTOS-F4 1.1.0
2025-12-25 20:19:33,584 [INFO] ThirdParty:1030 - CMSIS Pack Vendor :STMicroelectronics LIBJPEG 8.0.0
2025-12-25 20:19:33,584 [INFO] ThirdParty:1030 - CMSIS Pack Vendor :STMicroelectronics FP-ATR-ASTRA1 2.0.2
2025-12-25 20:19:33,584 [INFO] ThirdParty:1030 - CMSIS Pack Vendor :wolfSSL I-CUBE-wolfSSL 5.8.2
2025-12-25 20:19:33,584 [INFO] ThirdParty:1030 - CMSIS Pack Vendor :STMicroelectronics X-CUBE-BLE1 7.1.0
2025-12-25 20:19:33,584 [INFO] ThirdParty:1030 - CMSIS Pack Vendor :Avnet-IotConnect X-CUBE-IoTC-DA16k-PMOD 1.0.0
2025-12-25 20:19:33,584 [INFO] ThirdParty:1030 - CMSIS Pack Vendor :STMicroelectronics X-CUBE-SMBUS 2.1.0
2025-12-25 20:19:33,584 [INFO] ThirdParty:1030 - CMSIS Pack Vendor :wolfSSL I-CUBE-wolfMQTT 1.19.2
2025-12-25 20:19:33,584 [INFO] ThirdParty:1030 - CMSIS Pack Vendor :STMicroelectronics USB_DEVICE 3.0.0
2025-12-25 20:19:33,584 [INFO] ThirdParty:1030 - CMSIS Pack Vendor :STMicroelectronics X-CUBE-ISPU 2.1.0
2025-12-25 20:19:33,585 [INFO] ThirdParty:1030 - CMSIS Pack Vendor :STMicroelectronics X-CUBE-FREERTOS 1.4.0
2025-12-25 20:19:33,585 [INFO] ThirdParty:1030 - CMSIS Pack Vendor :STMicroelectronics X-CUBE-EEPRMA1 5.2.0
2025-12-25 20:19:33,585 [INFO] ThirdParty:1030 - CMSIS Pack Vendor :STMicroelectronics X-CUBE-IPS 3.2.0
2025-12-25 20:19:33,585 [INFO] ThirdParty:1030 - CMSIS Pack Vendor :STMicroelectronics X-CUBE-BLEMGR 4.1.0
2025-12-25 20:19:33,585 [INFO] ThirdParty:1030 - CMSIS Pack Vendor :STMicroelectronics X-CUBE-AZRTOS-WB 2.0.0
2025-12-25 20:19:33,585 [INFO] ThirdParty:1030 - CMSIS Pack Vendor :STMicroelectronics X-CUBE-ST60 1.0.0
2025-12-25 20:19:33,585 [INFO] ThirdParty:1030 - CMSIS Pack Vendor :STMicroelectronics X-CUBE-GNSS1 7.0.1
2025-12-25 20:19:33,585 [INFO] ThirdParty:1030 - CMSIS Pack Vendor :STMicroelectronics X-CUBE-NFC12 1.0.0
2025-12-25 20:19:33,585 [INFO] ThirdParty:1030 - CMSIS Pack Vendor :STMicroelectronics X-CUBE-AZRTOS-F7 1.1.0
2025-12-25 20:19:33,585 [INFO] ThirdParty:1030 - CMSIS Pack Vendor :STMicroelectronics X-CUBE-AZRTOS-L5 2.0.0
2025-12-25 20:19:33,585 [INFO] ThirdParty:1030 - CMSIS Pack Vendor :STMicroelectronics X-CUBE-TOUCHGFX 4.25.0
2025-12-25 20:19:33,585 [INFO] ThirdParty:1030 - CMSIS Pack Vendor :STMicroelectronics USB_DEVICE 2.0.0
2025-12-25 20:19:33,585 [INFO] ThirdParty:1030 - CMSIS Pack Vendor :STMicroelectronics X-CUBE-NFC6 3.1.0
2025-12-25 20:19:33,585 [INFO] ThirdParty:1030 - CMSIS Pack Vendor :STMicroelectronics X-CUBE-ST67W61 1.1.0
2025-12-25 20:19:33,585 [INFO] ThirdParty:1030 - CMSIS Pack Vendor :quantropi X-CUBE-qispace-sdk-base 2.1.0
2025-12-25 20:19:33,585 [INFO] ThirdParty:1030 - CMSIS Pack Vendor :STMicroelectronics X-CUBE-MEMS1 12.0.0
2025-12-25 20:19:33,585 [INFO] ThirdParty:1030 - CMSIS Pack Vendor :STMicroelectronics FP-SNS-MOTENV1 5.1.0
2025-12-25 20:19:33,585 [INFO] ThirdParty:1030 - CMSIS Pack Vendor :STMicroelectronics FreeRTOS 0.0.1
2025-12-25 20:19:33,585 [INFO] ThirdParty:1030 - CMSIS Pack Vendor :STMicroelectronics X-CUBE-AZRTOS-G0 1.1.0
2025-12-25 20:19:33,586 [INFO] ThirdParty:1030 - CMSIS Pack Vendor :STMicroelectronics X-CUBE-SAFEA1 1.2.2
2025-12-25 20:19:33,586 [INFO] ThirdParty:1030 - CMSIS Pack Vendor :STMicroelectronics X-CUBE-NFC4 3.0.0
2025-12-25 20:19:33,586 [INFO] ThirdParty:1030 - CMSIS Pack Vendor :STMicroelectronics X-CUBE-SUBG2 5.0.0
2025-12-25 20:19:33,586 [INFO] ThirdParty:1030 - CMSIS Pack Vendor :STMicroelectronics X-CUBE-AZRTOS-H7RS 1.1.0
2025-12-25 20:19:33,586 [INFO] ThirdParty:1030 - CMSIS Pack Vendor :STMicroelectronics STM32_WPAN 1.0.0
2025-12-25 20:19:33,586 [INFO] ThirdParty:1030 - CMSIS Pack Vendor :EmbeddedOffice I-CUBE-FS-RTOS 1.0.1
2025-12-25 20:19:33,586 [INFO] ThirdParty:1030 - CMSIS Pack Vendor :STMicroelectronics lwIP 2.0.3
2025-12-25 20:19:33,586 [INFO] ThirdParty:1030 - CMSIS Pack Vendor :WES I-CUBE-Cesium 1.4.0
2025-12-25 20:19:33,586 [INFO] ThirdParty:1030 - CMSIS Pack Vendor :Cesanta I-CUBE-Mongoose 7.13.0
2025-12-25 20:19:33,586 [INFO] ThirdParty:1030 - CMSIS Pack Vendor :STMicroelectronics USB_HOST 1.0.0
2025-12-25 20:19:33,586 [INFO] ThirdParty:1030 - CMSIS Pack Vendor :Infineon AIROC-Wi-Fi-Bluetooth-STM32 1.7.1
2025-12-25 20:19:33,586 [INFO] ThirdParty:1030 - CMSIS Pack Vendor :STMicroelectronics X-CUBE-AZRTOS-G4 2.0.0
2025-12-25 20:19:33,586 [INFO] ThirdParty:1030 - CMSIS Pack Vendor :STMicroelectronics X-CUBE-WB05N 2.0.0
2025-12-25 20:19:33,586 [INFO] ThirdParty:1030 - CMSIS Pack Vendor :STMicroelectronics PDM2PCM 3.1.0
2025-12-25 20:19:33,587 [INFO] ThirdParty:1030 - CMSIS Pack Vendor :STMicroelectronics PDM2PCM 3.3.0
2025-12-25 20:19:33,587 [INFO] ThirdParty:1030 - CMSIS Pack Vendor :wolfSSL I-CUBE-wolfTPM 3.8.0
2025-12-25 20:19:33,587 [INFO] ThirdParty:1030 - CMSIS Pack Vendor :STMicroelectronics X-CUBE-AZRTOS-H7 3.4.0
2025-12-25 20:19:33,587 [INFO] ThirdParty:1030 - CMSIS Pack Vendor :STMicroelectronics X-CUBE-DISPLAY 3.0.0
2025-12-25 20:19:33,587 [INFO] ThirdParty:1030 - CMSIS Pack Vendor :wolfSSL I-CUBE-wolfSSH 1.4.20
2025-12-25 20:19:33,587 [INFO] ThirdParty:1030 - CMSIS Pack Vendor :STMicroelectronics X-CUBE-NFC7 2.0.0
2025-12-25 20:19:33,587 [INFO] ThirdParty:1030 - CMSIS Pack Vendor :STMicroelectronics X-CUBE-TCPP 4.2.0
2025-12-25 20:19:33,587 [INFO] ThirdParty:1030 - CMSIS Pack Vendor :RealThread X-CUBE-RT-Thread_Nano 4.1.1
2025-12-25 20:19:33,587 [INFO] ThirdParty:1030 - CMSIS Pack Vendor :STMicroelectronics FP-ATR-SIGFOX1 3.2.0
2025-12-25 20:19:33,587 [INFO] ThirdParty:1030 - CMSIS Pack Vendor :STMicroelectronics X-CUBE-NFC10 1.0.0
2025-12-25 20:19:33,587 [INFO] ThirdParty:1030 - CMSIS Pack Vendor :STMicroelectronics X-CUBE-FREERTOS 1.3.1
2025-12-25 20:19:33,587 [INFO] ThirdParty:1030 - CMSIS Pack Vendor :STMicroelectronics HAL Drivers 0.0.0
2025-12-25 20:19:33,588 [INFO] ThirdParty:1030 - CMSIS Pack Vendor :STMicroelectronics MBEDTLS 2.16.2
2025-12-25 20:19:33,588 [INFO] ThirdParty:1030 - CMSIS Pack Vendor :STMicroelectronics X-CUBE-ST60 1.1.0
2025-12-25 20:19:33,588 [INFO] ThirdParty:1030 - CMSIS Pack Vendor :STMicroelectronics X-CUBE-IPS 3.1.0
2025-12-25 20:19:33,588 [INFO] ThirdParty:1030 - CMSIS Pack Vendor :STMicroelectronics X-CUBE-ALS 1.0.2
2025-12-25 20:19:33,588 [INFO] ThirdParty:1030 - CMSIS Pack Vendor :emotas I-CUBE-CANOPEN 1.3.0
2025-12-25 20:19:33,588 [INFO] ThirdParty:1030 - CMSIS Pack Vendor :STMicroelectronics MBEDTLS 2.14.1
2025-12-25 20:19:33,588 [INFO] ThirdParty:1030 - CMSIS Pack Vendor :STMicroelectronics X-CUBE-GNSS1 7.1.0
2025-12-25 20:19:33,588 [INFO] ThirdParty:1030 - CMSIS Pack Vendor :ITTIA_DB I-CUBE-ITTIADB 8.9.0
2025-12-25 20:19:33,588 [INFO] ThirdParty:1030 - CMSIS Pack Vendor :STMicroelectronics X-CUBE-TOUCHGFX 4.26.0
2025-12-25 20:19:33,588 [INFO] ThirdParty:1030 - CMSIS Pack Vendor :STMicroelectronics X-CUBE-STSE01 1.0.0
2025-12-25 20:19:33,588 [INFO] ThirdParty:1030 - CMSIS Pack Vendor :STMicroelectronics X-CUBE-ST67W61 1.0.0
2025-12-25 20:19:33,588 [INFO] ThirdParty:1030 - CMSIS Pack Vendor :STMicroelectronics FP-SNS-STBOX1 2.1.0
2025-12-25 20:19:33,588 [INFO] ThirdParty:1030 - CMSIS Pack Vendor :STMicroelectronics X-CUBE-AI 10.2.0
2025-12-25 20:19:33,588 [INFO] ThirdParty:1030 - CMSIS Pack Vendor :STMicroelectronics FP-SNS-STAIOTCFT 1.0.0
2025-12-25 20:19:33,588 [INFO] ThirdParty:1030 - CMSIS Pack Vendor :STMicroelectronics ThreadX 1.0.0
2025-12-25 20:19:33,588 [INFO] ThirdParty:1030 - CMSIS Pack Vendor :STMicroelectronics FP-SNS-SMARTAG2 1.2.0
2025-12-25 20:19:33,588 [INFO] ThirdParty:1030 - CMSIS Pack Vendor :STMicroelectronics FP-SNS-FLIGHT1 5.1.0
2025-12-25 20:19:33,588 [INFO] ThirdParty:1030 - CMSIS Pack Vendor :STMicroelectronics X-CUBE-AZRTOS-WL 2.0.0
2025-12-25 20:19:33,588 [INFO] ThirdParty:1030 - CMSIS Pack Vendor :SEGGER I-CUBE-embOS 1.3.1
2025-12-25 20:19:33,605 [INFO] ThirdParty:1030 - CMSIS Pack Vendor :STMicroelectronics X-CUBE-ALGOBUILD 1.4.0
2025-12-25 20:19:33,605 [INFO] ThirdParty:1030 - CMSIS Pack Vendor :STMicroelectronics X-CUBE-DPower 1.3.0
2025-12-25 20:19:33,605 [INFO] ThirdParty:1030 - CMSIS Pack Vendor :STMicroelectronics X-CUBE-MEMS1 11.3.0
2025-12-25 20:19:33,605 [INFO] ThirdParty:1030 - CMSIS Pack Vendor :STMicroelectronics FP-SNS-MOTENV1 5.0.0
2025-12-25 20:19:33,605 [INFO] ThirdParty:1030 - CMSIS Pack Vendor :STMicroelectronics USB_DEVICE 1.0.0
2025-12-25 20:19:33,605 [INFO] ThirdParty:1030 - CMSIS Pack Vendor :STMicroelectronics X-CUBE-AZRTOS-H7RS 1.2.0
2025-12-25 20:19:33,605 [INFO] ThirdParty:1030 - CMSIS Pack Vendor :STMicroelectronics X-CUBE-AZRTOS-L4 2.0.0
2025-12-25 20:19:33,605 [INFO] ThirdParty:1030 - CMSIS Pack Vendor :STMicroelectronics ThreadX 0.0.2
2025-12-25 20:19:33,605 [INFO] ThirdParty:1030 - CMSIS Pack Vendor :STMicroelectronics lwIP 2.1.2
2025-12-25 20:19:33,606 [INFO] ThirdParty:1030 - CMSIS Pack Vendor :STMicroelectronics X-CUBE-SFXS2LP1 4.0.0
2025-12-25 20:19:33,606 [INFO] ThirdParty:1030 - CMSIS Pack Vendor :STMicroelectronics X-CUBE-BLE2 3.3.0
2025-12-25 20:19:33,606 [INFO] ThirdParty:1030 - CMSIS Pack Vendor :Avnet-IOTCONNECT X-CUBE-iotc-st67-sdk 1.0.0
2025-12-25 20:19:33,606 [INFO] ThirdParty:1030 - CMSIS Pack Vendor :STMicroelectronics X-CUBE-TOF1 3.4.3
2025-12-25 20:19:33,606 [INFO] ThirdParty:1030 - CMSIS Pack Vendor :STMicroelectronics PDM2PCM 3.2.0
2025-12-25 20:19:33,606 [INFO] ThirdParty:841 - exiting critical section [change project]
2025-12-25 20:19:33,933 [INFO] PinOutPanel:1589 - setPackage(No Configuration,No Configuration)
2025-12-25 20:19:33,934 [INFO] PinOutPanel:1589 - setPackage(STM32L476RGTx,LQFP64)
2025-12-25 20:19:34,399 [INFO] UtilMem:75 - Before build in PCC Used Memory: 752078688 Bytes (1073741824)
2025-12-25 20:19:34,812 [INFO] UtilMem:75 - After build in PCC Used Memory: 836491104 Bytes (1073741824)
2025-12-25 20:19:34,835 [INFO] IPUIPlugin:80 - create IPUIPlugin
2025-12-25 20:19:34,835 [INFO] IPUIPlugin:80 - create IPUIPlugin
2025-12-25 20:19:34,835 [INFO] IPUIPlugin:80 - create IPUIPlugin
2025-12-25 20:19:34,835 [INFO] IPUIPlugin:80 - create IPUIPlugin
2025-12-25 20:19:34,835 [INFO] IPUIPlugin:80 - create IPUIPlugin
2025-12-25 20:19:34,835 [INFO] IPUIPlugin:80 - create IPUIPlugin
2025-12-25 20:19:34,835 [INFO] IPUIPlugin:80 - create IPUIPlugin
2025-12-25 20:19:34,835 [INFO] IPUIPlugin:80 - create IPUIPlugin
2025-12-25 20:19:34,836 [INFO] IPUIPlugin:80 - create IPUIPlugin
2025-12-25 20:19:34,836 [INFO] IPUIPlugin:80 - create IPUIPlugin
2025-12-25 20:19:34,836 [INFO] IPUIPlugin:80 - create IPUIPlugin
2025-12-25 20:19:34,836 [INFO] IPUIPlugin:80 - create IPUIPlugin
2025-12-25 20:19:34,836 [INFO] IPUIPlugin:80 - create IPUIPlugin
2025-12-25 20:19:34,836 [INFO] IPUIPlugin:80 - create IPUIPlugin
2025-12-25 20:19:34,836 [INFO] IPUIPlugin:80 - create IPUIPlugin
2025-12-25 20:19:34,836 [INFO] IPUIPlugin:80 - create IPUIPlugin
2025-12-25 20:19:34,836 [INFO] IPUIPlugin:80 - create IPUIPlugin
2025-12-25 20:19:34,836 [INFO] IPUIPlugin:80 - create IPUIPlugin
2025-12-25 20:19:34,836 [INFO] IPUIPlugin:80 - create IPUIPlugin
2025-12-25 20:19:34,837 [INFO] IPUIPlugin:80 - create IPUIPlugin
2025-12-25 20:19:34,837 [INFO] IPUIPlugin:80 - create IPUIPlugin
2025-12-25 20:19:34,837 [INFO] IPUIPlugin:80 - create IPUIPlugin
2025-12-25 20:19:34,837 [INFO] IPUIPlugin:80 - create IPUIPlugin
2025-12-25 20:19:34,837 [INFO] IPUIPlugin:80 - create IPUIPlugin
2025-12-25 20:19:34,837 [INFO] IPUIPlugin:80 - create IPUIPlugin
2025-12-25 20:19:34,837 [INFO] IPUIPlugin:80 - create IPUIPlugin
2025-12-25 20:19:34,838 [INFO] IPUIPlugin:80 - create IPUIPlugin
2025-12-25 20:19:34,838 [INFO] IPUIPlugin:80 - create IPUIPlugin
2025-12-25 20:19:34,838 [INFO] IPUIPlugin:80 - create IPUIPlugin
2025-12-25 20:19:34,838 [INFO] IPUIPlugin:80 - create IPUIPlugin
2025-12-25 20:19:34,838 [INFO] IPUIPlugin:80 - create IPUIPlugin
2025-12-25 20:19:34,838 [INFO] IPUIPlugin:80 - create IPUIPlugin
2025-12-25 20:19:34,838 [INFO] IPUIPlugin:80 - create IPUIPlugin
2025-12-25 20:19:34,839 [INFO] IPUIPlugin:80 - create IPUIPlugin
2025-12-25 20:19:34,839 [INFO] IPUIPlugin:80 - create IPUIPlugin
2025-12-25 20:19:34,839 [INFO] IPUIPlugin:80 - create IPUIPlugin
2025-12-25 20:19:34,839 [INFO] IPUIPlugin:80 - create IPUIPlugin
2025-12-25 20:19:34,839 [INFO] IPUIPlugin:80 - create IPUIPlugin
2025-12-25 20:19:34,839 [INFO] IPUIPlugin:80 - create IPUIPlugin
2025-12-25 20:19:34,840 [INFO] IPUIPlugin:80 - create IPUIPlugin
2025-12-25 20:19:34,840 [INFO] IPUIPlugin:80 - create IPUIPlugin
2025-12-25 20:19:34,840 [INFO] IPUIPlugin:80 - create IPUIPlugin
2025-12-25 20:19:34,840 [INFO] IPUIPlugin:80 - create IPUIPlugin
2025-12-25 20:19:34,840 [INFO] IPUIPlugin:80 - create IPUIPlugin
2025-12-25 20:19:34,840 [INFO] IPUIPlugin:80 - create IPUIPlugin
2025-12-25 20:19:34,840 [INFO] IPUIPlugin:80 - create IPUIPlugin
2025-12-25 20:19:34,841 [INFO] IPUIPlugin:80 - create IPUIPlugin
2025-12-25 20:19:34,841 [INFO] IPUIPlugin:80 - create IPUIPlugin
2025-12-25 20:19:34,841 [INFO] IPUIPlugin:80 - create IPUIPlugin
2025-12-25 20:19:34,841 [INFO] IPUIPlugin:80 - create IPUIPlugin
2025-12-25 20:19:34,841 [INFO] IPUIPlugin:80 - create IPUIPlugin
2025-12-25 20:19:34,842 [INFO] IPUIPlugin:80 - create IPUIPlugin
2025-12-25 20:19:34,842 [INFO] IPUIPlugin:80 - create IPUIPlugin
2025-12-25 20:19:34,842 [INFO] IPUIPlugin:80 - create IPUIPlugin
2025-12-25 20:19:34,842 [INFO] IPUIPlugin:80 - create IPUIPlugin
2025-12-25 20:19:34,843 [INFO] IPUIPlugin:80 - create IPUIPlugin
2025-12-25 20:19:34,843 [INFO] IPUIPlugin:80 - create IPUIPlugin
2025-12-25 20:19:34,843 [INFO] IPUIPlugin:80 - create IPUIPlugin
2025-12-25 20:19:34,843 [INFO] IPUIPlugin:80 - create IPUIPlugin
2025-12-25 20:19:34,899 [INFO] CADModel:165 - CPN selected for project levelSTM32L476RGT3
2025-12-25 20:19:34,899 [INFO] CADModel:114 - Register for checkConnection events
2025-12-25 20:19:34,980 [INFO] OpenFileManager:386 - Restore cursor
2025-12-25 20:39:27,630 [INFO] NvicIntPanel:101 - NVIC parent = com.st.microxplorer.plugins.ip.nvic.MultiNvicIntPanel[,0,0,0x0,invalid,layout=javax.swing.BoxLayout,alignmentX=0.0,alignmentY=0.0,border=,flags=9,maximumSize=,minimumSize=,preferredSize=]
2025-12-25 20:40:41,525 [INFO] UtilMem:75 - End SaveConfig() Used Memory: 734288408 Bytes (1073741824)
2025-12-25 20:40:43,228 [INFO] UtilMem:75 - End SaveConfig() Used Memory: 765163096 Bytes (1073741824)
2025-12-25 20:40:46,006 [INFO] UtilMem:75 - End SaveConfig() Used Memory: 814448216 Bytes (1073741824)
2025-12-25 20:40:46,342 [INFO] BlockDiagram:2775 - set Specific Code input for plugin: SPI
2025-12-25 20:40:46,343 [INFO] BlockDiagram:2775 - set Specific Code input for plugin: SYS
2025-12-25 20:40:46,343 [INFO] BlockDiagram:2775 - set Specific Code input for plugin: RCC
2025-12-25 20:40:46,343 [INFO] BlockDiagram:2775 - set Specific Code input for plugin: NVIC
2025-12-25 20:40:46,343 [INFO] BlockDiagram:2775 - set Specific Code input for plugin: GPIO
2025-12-25 20:40:46,348 [INFO] CodeGenerator:892 - code generatio: config db path: C:\ST\STM32CubeIDE_1.19.0\STM32CubeIDE\plugins\com.st.stm32cube.common.mx_6.15.0.202507011659\\db\
2025-12-25 20:40:46,433 [INFO] CodeEngine:265 - oldGeneratedFile, D:\STM32\Lab\42-spi-port-expander\MXTmpFiles\license.tmp_save
2025-12-25 20:40:46,656 [INFO] CodeEngine:289 - Generated code: D:\STM32\Lab\42-spi-port-expander\MXTmpFiles\license.tmp
2025-12-25 20:40:46,724 [INFO] CodeEngine:265 - oldGeneratedFile, D:\STM32\Lab\42-spi-port-expander\MXTmpFiles\gpio.tmp_save
2025-12-25 20:40:46,861 [INFO] CodeEngine:289 - Generated code: D:\STM32\Lab\42-spi-port-expander\MXTmpFiles\gpio.tmp
2025-12-25 20:40:46,945 [INFO] CodeEngine:265 - oldGeneratedFile, D:\STM32\Lab\42-spi-port-expander\Core\Src\stm32l4xx_it.c_save
2025-12-25 20:40:47,214 [INFO] CodeEngine:289 - Generated code: D:\STM32\Lab\42-spi-port-expander\Core\Src\stm32l4xx_it.c
2025-12-25 20:40:47,220 [INFO] CodeEngine:265 - oldGeneratedFile, D:\STM32\Lab\42-spi-port-expander\Core\Inc\stm32l4xx_it.h_save
2025-12-25 20:40:47,303 [INFO] CodeEngine:289 - Generated code: D:\STM32\Lab\42-spi-port-expander\Core\Inc\stm32l4xx_it.h
2025-12-25 20:40:47,315 [INFO] CodeEngine:265 - oldGeneratedFile, D:\STM32\Lab\42-spi-port-expander\Core\Src\stm32l4xx_hal_msp.c_save
2025-12-25 20:40:47,458 [INFO] CodeEngine:289 - Generated code: D:\STM32\Lab\42-spi-port-expander\Core\Src\stm32l4xx_hal_msp.c
2025-12-25 20:40:47,462 [INFO] CodeEngine:265 - oldGeneratedFile, D:\STM32\Lab\42-spi-port-expander\MXTmpFiles\system.tmp_save
2025-12-25 20:40:47,540 [INFO] CodeEngine:289 - Generated code: D:\STM32\Lab\42-spi-port-expander\MXTmpFiles\system.tmp
2025-12-25 20:40:47,549 [INFO] CodeEngine:321 - oldGeneratedFile, D:\STM32\Lab\42-spi-port-expander\Core\Inc\stm32l4xx_hal_conf.h_save
2025-12-25 20:40:47,627 [INFO] CodeEngine:345 - Generated code: D:\STM32\Lab\42-spi-port-expander\Core\Inc\stm32l4xx_hal_conf.h
2025-12-25 20:40:47,654 [INFO] ApiDbMcu:532 - Load IP Config File for SPI1
2025-12-25 20:40:47,660 [INFO] ApiDbMcu:532 - Load IP Config File for RCC
2025-12-25 20:40:47,667 [INFO] CodeEngine:265 - oldGeneratedFile, D:\STM32\Lab\42-spi-port-expander\Core\Inc\main.h_save
2025-12-25 20:40:47,789 [INFO] CodeEngine:289 - Generated code: D:\STM32\Lab\42-spi-port-expander\Core\Inc\main.h
2025-12-25 20:40:47,794 [INFO] CodeEngine:265 - oldGeneratedFile, D:\STM32\Lab\42-spi-port-expander\Core\Src\main.c_save
2025-12-25 20:40:47,913 [INFO] CodeEngine:289 - Generated code: D:\STM32\Lab\42-spi-port-expander\Core\Src\main.c
2025-12-25 20:40:48,263 [INFO] ProjectBuilder:3606 - Time for Copy HAL[1] : 178mS.
2025-12-25 20:40:48,266 [INFO] ProjectBuilder:5216 - Project Generator version: 4.7.0-B52
2025-12-25 20:40:48,341 [INFO] ConfigFileManager:1595 - The Die is : DIE415
2025-12-25 20:40:48,345 [INFO] ApiDbMcu:532 - Load IP Config File for FATFS
2025-12-25 20:40:48,349 [INFO] ApiDbMcu:532 - Load IP Config File for FREERTOS
2025-12-25 20:40:48,359 [INFO] ApiDbMcu:532 - Load IP Config File for TOUCHSENSING
2025-12-25 20:40:48,365 [INFO] ApiDbMcu:532 - Load IP Config File for USB_DEVICE
2025-12-25 20:40:48,368 [INFO] ApiDbMcu:532 - Load IP Config File for USB_HOST
2025-12-25 20:40:49,292 [INFO] ProjectBuilder:5496 - Time for Generating toolchain IDE Files: 1026mS.
2025-12-25 20:40:49,293 [INFO] ProjectBuilder:3463 - Time for Copy CMSIS : 0mS.
2025-12-25 20:40:49,295 [INFO] ProjectBuilder:3463 - Time for Copy CMSIS : 0mS.
