2025-11-29 13:05:56,741 [INFO] Activator:176 - 


2025-11-29 13:05:56,744 [INFO] Activator:177 - !SESSION log4j initialized
2025-11-29 13:06:04,646 [INFO] LogOutputStream:77 - [STDOUT_REDIRECT] 
2025-11-29 13:06:19,234 [INFO] ApplicationProperties:184 - Using Application install path: C:\ST\STM32CubeIDE_1.19.0\STM32CubeIDE\plugins\com.st.stm32cube.common.mx_6.15.0.202507011659
2025-11-29 13:06:19,249 [INFO] DbMcusXml:78 - Set database path to: C:\ST\STM32CubeIDE_1.19.0\STM32CubeIDE\plugins\com.st.stm32cube.common.mx_6.15.0.202507011659\\db\/mcu/
2025-11-29 13:06:19,250 [INFO] ApiDb:274 - Set plugin database path to: C:\ST\STM32CubeIDE_1.19.0\STM32CubeIDE\plugins\com.st.stm32cube.common.mx_6.15.0.202507011659\\db\/plugins/boardmanager/
2025-11-29 13:06:19,250 [WARN] ApiDb:259 - Overriding images path with different value:  => C:\ST\STM32CubeIDE_1.19.0\STM32CubeIDE\plugins\com.st.stm32cube.common.mx_6.15.0.202507011659\\db\/plugins/mcufinder/images/
2025-11-29 13:06:19,257 [INFO] ApiDb:250 - Set database path to: C:\Users\user\.stmcufinder\plugins\mcufinder//mcu/
2025-11-29 13:06:19,257 [INFO] DbMcusAds:125 - Set database path to: C:\Users\user\.stmcufinder\plugins\mcufinder//mcu/
2025-11-29 13:06:19,267 [INFO] CrossReferenceDbSqlite:203 - Set database path to: C:\Users\user\.stmcufinder\plugins\mcufinder//mcu/cs/
2025-11-29 13:06:19,372 [INFO] RulesReader:64 - Compatibility file has been processed (317 Rules)
2025-11-29 13:06:19,470 [INFO] DbMcusXml:78 - Set database path to: C:\ST\STM32CubeIDE_1.19.0\STM32CubeIDE\plugins\com.st.stm32cube.common.mx_6.15.0.202507011659\\db\/mcu/
2025-11-29 13:06:19,471 [INFO] ApiDb:274 - Set plugin database path to: C:\ST\STM32CubeIDE_1.19.0\STM32CubeIDE\plugins\com.st.stm32cube.common.mx_6.15.0.202507011659\\db\/plugins/boardmanager/
2025-11-29 13:06:19,471 [INFO] ApiDb:261 - Set plugin images path to: C:\ST\STM32CubeIDE_1.19.0\STM32CubeIDE\plugins\com.st.stm32cube.common.mx_6.15.0.202507011659\\db\/plugins/mcufinder/images/
2025-11-29 13:06:19,471 [WARN] DbFile:41 - Overriding database path with different value: C:\Users\user\.stmcufinder\plugins\mcufinder/ => C:\Users\user\.stmcufinder\plugins\mcufinder
2025-11-29 13:06:19,471 [INFO] ApiDb:250 - Set database path to: C:\Users\user\.stmcufinder\plugins\mcufinder//mcu/
2025-11-29 13:06:19,471 [WARN] DbFile:41 - Overriding database path with different value: C:\Users\user\.stmcufinder\plugins\mcufinder/ => C:\Users\user\.stmcufinder\plugins\mcufinder
2025-11-29 13:06:19,471 [INFO] DbMcusAds:125 - Set database path to: C:\Users\user\.stmcufinder\plugins\mcufinder//mcu/
2025-11-29 13:06:19,471 [WARN] DbFile:41 - Overriding database path with different value: C:\Users\user\.stmcufinder\plugins\mcufinder/ => C:\Users\user\.stmcufinder\plugins\mcufinder
2025-11-29 13:06:19,471 [WARN] DbFile:41 - Overriding database path with different value: C:\Users\user\.stmcufinder\plugins\mcufinder/ => C:\Users\user\.stmcufinder\plugins\mcufinder
2025-11-29 13:06:19,471 [INFO] CrossReferenceDbSqlite:203 - Set database path to: C:\Users\user\.stmcufinder\plugins\mcufinder//mcu/cs/
2025-11-29 13:06:19,542 [INFO] MainPanel:274 - HeapMemory: 277872640
2025-11-29 13:06:19,670 [INFO] DbMcusXml:78 - Set database path to: C:\ST\STM32CubeIDE_1.19.0\STM32CubeIDE\plugins\com.st.stm32cube.common.mx_6.15.0.202507011659\\db\/mcu/
2025-11-29 13:06:19,670 [INFO] ApiDb:274 - Set plugin database path to: C:\ST\STM32CubeIDE_1.19.0\STM32CubeIDE\plugins\com.st.stm32cube.common.mx_6.15.0.202507011659\\db\/plugins/boardmanager/
2025-11-29 13:06:19,671 [INFO] ApiDb:261 - Set plugin images path to: C:\ST\STM32CubeIDE_1.19.0\STM32CubeIDE\plugins\com.st.stm32cube.common.mx_6.15.0.202507011659\\db\/plugins/mcufinder/images/
2025-11-29 13:06:19,671 [WARN] DbFile:41 - Overriding database path with different value: C:\Users\user\.stmcufinder\plugins\mcufinder/ => C:\Users\user\.stmcufinder\plugins\mcufinder
2025-11-29 13:06:19,671 [INFO] ApiDb:250 - Set database path to: C:\Users\user\.stmcufinder\plugins\mcufinder//mcu/
2025-11-29 13:06:19,671 [WARN] DbFile:41 - Overriding database path with different value: C:\Users\user\.stmcufinder\plugins\mcufinder/ => C:\Users\user\.stmcufinder\plugins\mcufinder
2025-11-29 13:06:19,671 [INFO] DbMcusAds:125 - Set database path to: C:\Users\user\.stmcufinder\plugins\mcufinder//mcu/
2025-11-29 13:06:19,671 [WARN] DbFile:41 - Overriding database path with different value: C:\Users\user\.stmcufinder\plugins\mcufinder/ => C:\Users\user\.stmcufinder\plugins\mcufinder
2025-11-29 13:06:19,671 [WARN] DbFile:41 - Overriding database path with different value: C:\Users\user\.stmcufinder\plugins\mcufinder/ => C:\Users\user\.stmcufinder\plugins\mcufinder
2025-11-29 13:06:19,671 [INFO] CrossReferenceDbSqlite:203 - Set database path to: C:\Users\user\.stmcufinder\plugins\mcufinder//mcu/cs/
2025-11-29 13:06:19,691 [INFO] ApplicationProperties:184 - Using Application install path: C:\ST\STM32CubeIDE_1.19.0\STM32CubeIDE\plugins\com.st.stm32cube.common.mx_6.15.0.202507011659
2025-11-29 13:06:19,692 [INFO] PluginManage:196 - Search for loadable plugins [exclusion list=, ]
2025-11-29 13:06:19,693 [INFO] PluginManage:310 - Check plugin analytics
2025-11-29 13:06:19,868 [INFO] AnalyticsPlugin:253 - Accepted Software Licenses: 
2025-11-29 13:06:19,868 [INFO] AnalyticsPlugin:255 - Accepted CMSIS Pack Licenses: 
2025-11-29 13:06:19,868 [INFO] AnalyticsPlugin:257 - Accepted Firmware Licenses: FW.L4.1.18.0
2025-11-29 13:06:19,871 [INFO] PluginManage:359 - Loaded plugin analytics (category:tool,tabindex:-1)
2025-11-29 13:06:19,872 [INFO] PluginManage:310 - Check plugin cadmodel
2025-11-29 13:06:19,879 [INFO] CADModel:105 - Init CAD model plugin
2025-11-29 13:06:19,879 [INFO] PluginManage:359 - Loaded plugin cadmodel (category:power,tabindex:5)
2025-11-29 13:06:19,879 [INFO] PluginManage:310 - Check plugin clock
2025-11-29 13:06:19,890 [INFO] PluginManage:359 - Loaded plugin clock (category:base,tabindex:2)
2025-11-29 13:06:19,890 [INFO] PluginManage:310 - Check plugin ddr
2025-11-29 13:06:19,894 [INFO] PluginManage:359 - Loaded plugin ddr (category:tool,tabindex:6)
2025-11-29 13:06:19,894 [INFO] PluginManage:310 - Check plugin filemanager
2025-11-29 13:06:20,032 [INFO] PluginManage:359 - Loaded plugin filemanager (category:base,tabindex:10)
2025-11-29 13:06:20,032 [INFO] PluginManage:310 - Check plugin ipmanager
2025-11-29 13:06:20,039 [INFO] PluginManage:359 - Loaded plugin ipmanager (category:base,tabindex:5)
2025-11-29 13:06:20,039 [INFO] PluginManage:310 - Check plugin lpbam
2025-11-29 13:06:20,056 [INFO] PluginManage:359 - Loaded plugin lpbam (category:base,tabindex:0)
2025-11-29 13:06:20,056 [INFO] PluginManage:310 - Check plugin memorymap
2025-11-29 13:06:20,074 [INFO] PluginManage:359 - Loaded plugin memorymap (category:base,tabindex:4)
2025-11-29 13:06:20,074 [INFO] PluginManage:310 - Check plugin pinoutandconfiguration
2025-11-29 13:06:20,096 [INFO] PluginManage:359 - Loaded plugin pinoutandconfiguration (category:base,tabindex:1)
2025-11-29 13:06:20,096 [INFO] PluginManage:310 - Check plugin pinoutconfig
2025-11-29 13:06:20,177 [WARN] SupportedApi:132 - Cannot load RTOS API schema: s4s-elt-must-match.1: The content of 'definitions' must match (annotation?, (simpleType | complexType)?, (unique | key | keyref)*)). A problem was found starting at: attribute.
2025-11-29 13:06:20,293 [INFO] PluginManage:359 - Loaded plugin pinoutconfig (category:base,tabindex:0)
2025-11-29 13:06:20,293 [INFO] PluginManage:310 - Check plugin power
2025-11-29 13:06:20,303 [INFO] PluginManage:359 - Loaded plugin power (category:power,tabindex:4)
2025-11-29 13:06:20,303 [INFO] PluginManage:310 - Check plugin projectmanager
2025-11-29 13:06:20,319 [INFO] PluginManage:359 - Loaded plugin projectmanager (category:projectmanager,tabindex:4)
2025-11-29 13:06:20,319 [INFO] PluginManage:310 - Check plugin rif
2025-11-29 13:06:20,327 [INFO] PluginManage:359 - Loaded plugin rif (category:base,tabindex:3)
2025-11-29 13:06:20,328 [INFO] PluginManage:310 - Check plugin thirdparty
2025-11-29 13:06:20,451 [WARN] IntegrityCheckThread:84 - waiting for thirdparty lock release [integrity check]
2025-11-29 13:06:20,452 [INFO] IntegrityCheckThread:86 - entering critical section [integrity check]
2025-11-29 13:06:20,452 [INFO] ThirdPartyUpdaterWithRetryManager:70 - Updater plugin not ready yet. [1/15]
2025-11-29 13:06:20,452 [INFO] PluginManage:359 - Loaded plugin thirdparty (category:base,tabindex:-1)
2025-11-29 13:06:20,452 [INFO] PluginManage:310 - Check plugin tools
2025-11-29 13:06:20,456 [INFO] PluginManage:359 - Loaded plugin tools (category:base,tabindex:7)
2025-11-29 13:06:20,456 [INFO] PluginManage:310 - Check plugin tutovideos
2025-11-29 13:06:20,640 [INFO] PluginManage:359 - Loaded plugin tutovideos (category:base,tabindex:-1)
2025-11-29 13:06:20,640 [INFO] PluginManage:310 - Check plugin updater
2025-11-29 13:06:20,660 [INFO] PluginManage:359 - Loaded plugin updater (category:base,tabindex:12)
2025-11-29 13:06:20,660 [INFO] PluginManage:310 - Check plugin userauth
2025-11-29 13:06:20,663 [INFO] UserAuth:118 - Init User Auth plugin
2025-11-29 13:06:20,664 [INFO] PluginManage:359 - Loaded plugin userauth (category:base,tabindex:14)
2025-11-29 13:06:20,664 [INFO] PluginManage:283 - PluginManage : Loaded plugins [18]
2025-11-29 13:06:20,860 [INFO] PinOutPanel:1589 - setPackage(No Configuration,No Configuration)
2025-11-29 13:06:20,933 [INFO] CADModel:165 - CPN selected for project level
2025-11-29 13:06:20,933 [INFO] CADModel:114 - Register for checkConnection events
2025-11-29 13:06:20,954 [INFO] IPUIPlugin:80 - create IPUIPlugin
2025-11-29 13:06:20,954 [INFO] PluginManager:220 - loadIPPluginJar : add adc
2025-11-29 13:06:20,959 [INFO] IPUIPlugin:80 - create IPUIPlugin
2025-11-29 13:06:20,959 [INFO] PluginManager:220 - loadIPPluginJar : add aes
2025-11-29 13:06:20,961 [INFO] IPUIPlugin:80 - create IPUIPlugin
2025-11-29 13:06:20,961 [INFO] PluginManager:220 - loadIPPluginJar : add can
2025-11-29 13:06:20,963 [INFO] IPUIPlugin:80 - create IPUIPlugin
2025-11-29 13:06:20,963 [INFO] PluginManager:220 - loadIPPluginJar : add comp
2025-11-29 13:06:20,965 [INFO] IPUIPlugin:80 - create IPUIPlugin
2025-11-29 13:06:20,965 [INFO] PluginManager:220 - loadIPPluginJar : add cryp
2025-11-29 13:06:20,969 [INFO] IPUIPlugin:80 - create IPUIPlugin
2025-11-29 13:06:20,969 [INFO] PluginManager:220 - loadIPPluginJar : add ddr_ctrl_phy
2025-11-29 13:06:20,971 [INFO] IPUIPlugin:80 - create IPUIPlugin
2025-11-29 13:06:20,971 [INFO] PluginManager:220 - loadIPPluginJar : add dfsdm
2025-11-29 13:06:20,975 [INFO] IPUIPlugin:80 - create IPUIPlugin
2025-11-29 13:06:20,976 [INFO] PluginManager:220 - loadIPPluginJar : add dma
2025-11-29 13:06:20,977 [INFO] IPUIPlugin:80 - create IPUIPlugin
2025-11-29 13:06:20,978 [INFO] PluginManager:220 - loadIPPluginJar : add dma3
2025-11-29 13:06:20,980 [INFO] IPUIPlugin:80 - create IPUIPlugin
2025-11-29 13:06:20,980 [INFO] PluginManager:220 - loadIPPluginJar : add extmemmanager
2025-11-29 13:06:20,981 [INFO] IPUIPlugin:80 - create IPUIPlugin
2025-11-29 13:06:20,981 [INFO] PluginManager:220 - loadIPPluginJar : add fatfs
2025-11-29 13:06:20,985 [INFO] IPUIPlugin:80 - create IPUIPlugin
2025-11-29 13:06:20,985 [INFO] PluginManager:220 - loadIPPluginJar : add fmc
2025-11-29 13:06:20,990 [INFO] IPUIPlugin:80 - create IPUIPlugin
2025-11-29 13:06:20,991 [INFO] PluginManager:220 - loadIPPluginJar : add freertos
2025-11-29 13:06:20,992 [INFO] IPUIPlugin:80 - create IPUIPlugin
2025-11-29 13:06:20,992 [INFO] PluginManager:220 - loadIPPluginJar : add genericplugin
2025-11-29 13:06:20,994 [INFO] IPUIPlugin:80 - create IPUIPlugin
2025-11-29 13:06:20,994 [INFO] PluginManager:220 - loadIPPluginJar : add gfxmmu
2025-11-29 13:06:20,998 [INFO] IPUIPlugin:80 - create IPUIPlugin
2025-11-29 13:06:20,998 [INFO] PluginManager:220 - loadIPPluginJar : add gic
2025-11-29 13:06:21,002 [INFO] IPUIPlugin:80 - create IPUIPlugin
2025-11-29 13:06:21,002 [INFO] PluginManager:220 - loadIPPluginJar : add gpio
2025-11-29 13:06:21,005 [INFO] IPUIPlugin:80 - create IPUIPlugin
2025-11-29 13:06:21,005 [INFO] PluginManager:220 - loadIPPluginJar : add gtzc
2025-11-29 13:06:21,006 [INFO] IPUIPlugin:80 - create IPUIPlugin
2025-11-29 13:06:21,006 [INFO] PluginManager:220 - loadIPPluginJar : add hash
2025-11-29 13:06:21,010 [INFO] IPUIPlugin:80 - create IPUIPlugin
2025-11-29 13:06:21,010 [INFO] PluginManager:220 - loadIPPluginJar : add i2c
2025-11-29 13:06:21,013 [INFO] IPUIPlugin:80 - create IPUIPlugin
2025-11-29 13:06:21,013 [INFO] PluginManager:220 - loadIPPluginJar : add i2s
2025-11-29 13:06:21,015 [INFO] IPUIPlugin:80 - create IPUIPlugin
2025-11-29 13:06:21,016 [INFO] PluginManager:220 - loadIPPluginJar : add i3c
2025-11-29 13:06:21,018 [INFO] IPUIPlugin:80 - create IPUIPlugin
2025-11-29 13:06:21,018 [INFO] PluginManager:220 - loadIPPluginJar : add ipddr
2025-11-29 13:06:21,023 [INFO] IPUIPlugin:80 - create IPUIPlugin
2025-11-29 13:06:21,024 [INFO] PluginManager:220 - loadIPPluginJar : add linkedlist
2025-11-29 13:06:21,027 [INFO] IPUIPlugin:80 - create IPUIPlugin
2025-11-29 13:06:21,027 [INFO] PluginManager:220 - loadIPPluginJar : add lorawan
2025-11-29 13:06:21,029 [INFO] IPUIPlugin:80 - create IPUIPlugin
2025-11-29 13:06:21,029 [INFO] PluginManager:220 - loadIPPluginJar : add ltdc
2025-11-29 13:06:21,034 [INFO] IPUIPlugin:80 - create IPUIPlugin
2025-11-29 13:06:21,034 [INFO] PluginManager:220 - loadIPPluginJar : add mdma
2025-11-29 13:06:21,037 [INFO] IPUIPlugin:80 - create IPUIPlugin
2025-11-29 13:06:21,037 [INFO] PluginManager:220 - loadIPPluginJar : add nvic
2025-11-29 13:06:21,039 [INFO] IPUIPlugin:80 - create IPUIPlugin
2025-11-29 13:06:21,039 [INFO] PluginManager:220 - loadIPPluginJar : add opamp
2025-11-29 13:06:21,043 [INFO] IPUIPlugin:80 - create IPUIPlugin
2025-11-29 13:06:21,043 [INFO] PluginManager:220 - loadIPPluginJar : add openamp
2025-11-29 13:06:21,045 [INFO] IPUIPlugin:80 - create IPUIPlugin
2025-11-29 13:06:21,045 [INFO] PluginManager:220 - loadIPPluginJar : add pdm2pcm
2025-11-29 13:06:21,050 [INFO] IPUIPlugin:80 - create IPUIPlugin
2025-11-29 13:06:21,052 [INFO] PluginManager:220 - loadIPPluginJar : add plateformsettings
2025-11-29 13:06:21,053 [INFO] IPUIPlugin:80 - create IPUIPlugin
2025-11-29 13:06:21,053 [INFO] PluginManager:220 - loadIPPluginJar : add quadspi
2025-11-29 13:06:21,055 [INFO] IPUIPlugin:80 - create IPUIPlugin
2025-11-29 13:06:21,055 [INFO] PluginManager:220 - loadIPPluginJar : add radio
2025-11-29 13:06:21,058 [INFO] IPUIPlugin:80 - create IPUIPlugin
2025-11-29 13:06:21,058 [INFO] PluginManager:220 - loadIPPluginJar : add resmgrutility
2025-11-29 13:06:21,061 [INFO] IPUIPlugin:80 - create IPUIPlugin
2025-11-29 13:06:21,061 [INFO] PluginManager:220 - loadIPPluginJar : add sai
2025-11-29 13:06:21,065 [INFO] IPUIPlugin:80 - create IPUIPlugin
2025-11-29 13:06:21,065 [INFO] PluginManager:220 - loadIPPluginJar : add spi
2025-11-29 13:06:21,069 [INFO] IPUIPlugin:80 - create IPUIPlugin
2025-11-29 13:06:21,069 [INFO] PluginManager:220 - loadIPPluginJar : add stm32_wpan
2025-11-29 13:06:21,071 [INFO] IPUIPlugin:80 - create IPUIPlugin
2025-11-29 13:06:21,071 [INFO] PluginManager:220 - loadIPPluginJar : add tim
2025-11-29 13:06:21,074 [INFO] IPUIPlugin:80 - create IPUIPlugin
2025-11-29 13:06:21,074 [INFO] PluginManager:220 - loadIPPluginJar : add touchsensing
2025-11-29 13:06:21,075 [INFO] IPUIPlugin:80 - create IPUIPlugin
2025-11-29 13:06:21,075 [INFO] PluginManager:220 - loadIPPluginJar : add tracer_emb
2025-11-29 13:06:21,077 [INFO] IPUIPlugin:80 - create IPUIPlugin
2025-11-29 13:06:21,077 [INFO] PluginManager:220 - loadIPPluginJar : add ts
2025-11-29 13:06:21,078 [INFO] IPUIPlugin:80 - create IPUIPlugin
2025-11-29 13:06:21,078 [INFO] PluginManager:220 - loadIPPluginJar : add tsc
2025-11-29 13:06:21,080 [INFO] IPUIPlugin:80 - create IPUIPlugin
2025-11-29 13:06:21,080 [INFO] PluginManager:220 - loadIPPluginJar : add ucpd
2025-11-29 13:06:21,083 [INFO] IPUIPlugin:80 - create IPUIPlugin
2025-11-29 13:06:21,083 [INFO] PluginManager:220 - loadIPPluginJar : add usart
2025-11-29 13:06:21,086 [INFO] IPUIPlugin:80 - create IPUIPlugin
2025-11-29 13:06:21,086 [INFO] PluginManager:220 - loadIPPluginJar : add usbx
2025-11-29 13:06:21,203 [FATAL] Updater:351 - Updater called before beeing initialized
2025-11-29 13:06:21,232 [INFO] RulesReader:64 - Compatibility file has been processed (317 Rules)
2025-11-29 13:06:21,241 [INFO] RulesReader:64 - Compatibility file has been processed (317 Rules)
2025-11-29 13:06:21,251 [INFO] CADModel:165 - CPN selected for project level
2025-11-29 13:06:21,251 [INFO] CADModel:114 - Register for checkConnection events
2025-11-29 13:06:21,251 [FATAL] Updater:351 - Updater called before beeing initialized
2025-11-29 13:06:21,251 [ERROR] CADModel:125 - Updater not yet initialized, retry later 
2025-11-29 13:06:21,396 [FATAL] Updater:351 - Updater called before beeing initialized
2025-11-29 13:06:21,398 [INFO] CADModel:165 - CPN selected for project level
2025-11-29 13:06:21,398 [INFO] CADModel:114 - Register for checkConnection events
2025-11-29 13:06:21,398 [FATAL] Updater:351 - Updater called before beeing initialized
2025-11-29 13:06:21,398 [ERROR] CADModel:125 - Updater not yet initialized, retry later 
2025-11-29 13:06:21,400 [FATAL] Updater:351 - Updater called before beeing initialized
2025-11-29 13:06:21,510 [FATAL] Updater:351 - Updater called before beeing initialized
2025-11-29 13:06:21,523 [INFO] DbMcusAds:53 - JSON generation date=Mon Nov 10 18:43:00 CST 2025 (1762771380761)
2025-11-29 13:06:21,525 [FATAL] Updater:351 - Updater called before beeing initialized
2025-11-29 13:06:21,576 [WARN] DetailPanel:346 - Failed to get advertising image, set to default
2025-11-29 13:06:21,648 [FATAL] Updater:351 - Updater called before beeing initialized
2025-11-29 13:06:21,649 [FATAL] Updater:351 - Updater called before beeing initialized
2025-11-29 13:06:21,649 [FATAL] Updater:351 - Updater called before beeing initialized
2025-11-29 13:06:21,650 [WARN] DetailPanel:346 - Failed to get advertising image, set to default
2025-11-29 13:06:21,650 [FATAL] Updater:351 - Updater called before beeing initialized
2025-11-29 13:06:21,694 [ERROR] Updater:1198 - MainUpdater not yet initialized. External WinMGr cannot be set.
2025-11-29 13:06:21,697 [INFO] Updater:1134 - Updater Version found : 6.15.0
2025-11-29 13:06:21,711 [INFO] ApplicationProperties:184 - Using Application install path: C:\ST\STM32CubeIDE_1.19.0\STM32CubeIDE\plugins\com.st.stm32cube.common.mx_6.15.0.202507011659
2025-11-29 13:06:23,290 [ERROR] LogOutputStream:75 - [STDERR_REDIRECT] Nov 29, 2025 1:06:23 PM java.util.prefs.WindowsPreferences <init>
2025-11-29 13:06:23,291 [ERROR] LogOutputStream:75 - [STDERR_REDIRECT] WARNING: Could not open/create prefs root node Software\JavaSoft\Prefs at root 0xffffffff80000002. Windows RegCreateKeyEx(...) returned error code 5.
2025-11-29 13:06:23,291 [ERROR] LogOutputStream:75 - [STDERR_REDIRECT] 
2025-11-29 13:06:23,453 [INFO] ThirdPartyUpdaterWithRetryManager:70 - Updater plugin not ready yet. [2/15]
2025-11-29 13:06:23,615 [INFO] MainUpdater:2872 - connection check result : 10
2025-11-29 13:06:23,615 [INFO] MainUpdater:289 - Updater Check For Update Now.
2025-11-29 13:06:23,615 [INFO] MicroXplorer:498 - Change Database Version : DB.6.0.150
2025-11-29 13:06:23,626 [INFO] McuFinderGlobals:63 - Set McuFinder mode to 2 (CubeIDE integrated)
2025-11-29 13:06:23,626 [INFO] UserAuth:171 - activating auth plugin
2025-11-29 13:06:23,630 [INFO] UserAuth:487 - Internet connection configuration mode: 1
2025-11-29 13:06:23,672 [INFO] JxBrowserEngine:152 - Initiate JxBrowser Engine with user profile folder
2025-11-29 13:06:23,793 [INFO] CheckServerUpdateThread:120 - End of CheckServer Thread
2025-11-29 13:06:25,632 [INFO] WebApp:169 - Instantiating new browser for Auth
2025-11-29 13:06:26,523 [INFO] WebApp:463 - Apply proxy settings
2025-11-29 13:06:26,523 [INFO] WebApp:548 - Chromium requires no authentication
2025-11-29 13:06:26,563 [INFO] WebApp:491 - Direct internet connection detected
2025-11-29 13:06:26,648 [INFO] WebApp:900 - Register for checkConnection events
2025-11-29 13:06:26,648 [INFO] WebApp:463 - Apply proxy settings
2025-11-29 13:06:26,648 [INFO] WebApp:548 - Chromium requires no authentication
2025-11-29 13:06:26,649 [INFO] WebApp:491 - Direct internet connection detected
2025-11-29 13:06:26,902 [INFO] WebApp:191 - Connection restablished
2025-11-29 13:06:27,046 [WARN] PackLoader:240 - Cannot read IP mode file for STMicroelectronics.FP-SNS-MOTENVWB1.1.4.0
2025-11-29 13:06:27,054 [WARN] PackLoader:240 - Cannot read IP mode file for STMicroelectronics.FP-ATR-ASTRA1.2.0.2
2025-11-29 13:06:27,061 [WARN] PackLoader:240 - Cannot read IP mode file for STMicroelectronics.X-CUBE-SMBUS.2.1.0
2025-11-29 13:06:27,066 [WARN] PackLoader:240 - Cannot read IP mode file for STMicroelectronics.X-CUBE-ST60.1.0.0
2025-11-29 13:06:27,101 [WARN] PackLoader:240 - Cannot read IP mode file for STMicroelectronics.X-CUBE-AZRTOS-F7.1.1.0
2025-11-29 13:06:27,108 [WARN] PackLoader:240 - Cannot read IP mode file for STMicroelectronics.FP-SNS-MOTENV1.5.1.0
2025-11-29 13:06:27,119 [WARN] PackLoader:240 - Cannot read IP mode file for WES.I-CUBE-Cesium.1.4.0
2025-11-29 13:06:27,139 [WARN] PackLoader:240 - Cannot read IP mode file for Infineon.AIROC-Wi-Fi-Bluetooth-STM32.1.7.1
2025-11-29 13:06:27,160 [WARN] PackLoader:240 - Cannot read IP mode file for STMicroelectronics.X-CUBE-AZRTOS-H7.3.4.0
2025-11-29 13:06:27,171 [WARN] PackLoader:240 - Cannot read IP mode file for STMicroelectronics.X-CUBE-DISPLAY.3.0.0
2025-11-29 13:06:27,184 [WARN] PackLoader:240 - Cannot read IP mode file for STMicroelectronics.X-CUBE-NFC10.1.0.0
2025-11-29 13:06:27,188 [WARN] PackLoader:240 - Cannot read IP mode file for STMicroelectronics.X-CUBE-ST60.1.1.0
2025-11-29 13:06:27,195 [WARN] PackLoader:240 - Cannot read IP mode file for emotas.I-CUBE-CANOPEN.1.3.0
2025-11-29 13:06:27,199 [WARN] PackLoader:240 - Cannot read IP mode file for STMicroelectronics.X-CUBE-GNSS1.7.1.0
2025-11-29 13:06:27,206 [WARN] PackLoader:240 - Cannot read IP mode file for STMicroelectronics.FP-SNS-STBOX1.2.1.0
2025-11-29 13:06:27,212 [WARN] PackLoader:240 - Cannot read IP mode file for STMicroelectronics.FP-SNS-SMARTAG2.1.2.0
2025-11-29 13:06:27,216 [WARN] PackLoader:240 - Cannot read IP mode file for STMicroelectronics.FP-SNS-FLIGHT1.5.1.0
2025-11-29 13:06:27,224 [INFO] LogOutputStream:77 - [STDOUT_REDIRECT] 1 : Invalid condition id : UX_CORESTACK_Condition cause : null
2025-11-29 13:06:27,225 [INFO] LogOutputStream:77 - [STDOUT_REDIRECT] 1 : Invalid condition id : UX_CORESTACK_Condition cause : null
2025-11-29 13:06:27,226 [INFO] LogOutputStream:77 - [STDOUT_REDIRECT] 1 : Invalid condition id : UX_CORESTACK_Condition cause : null
2025-11-29 13:06:27,227 [INFO] LogOutputStream:77 - [STDOUT_REDIRECT] 1 : Invalid condition id : UX_CORESTACK_Condition cause : null
2025-11-29 13:06:27,228 [INFO] LogOutputStream:77 - [STDOUT_REDIRECT] 1 : Invalid condition id : UX_CORESTACK_Condition cause : null
2025-11-29 13:06:27,230 [WARN] PackLoader:240 - Cannot read IP mode file for STMicroelectronics.X-CUBE-AZRTOS-WL.2.0.0
2025-11-29 13:06:27,234 [WARN] PackLoader:240 - Cannot read IP mode file for STMicroelectronics.FP-SNS-MOTENV1.5.0.0
2025-11-29 13:06:27,248 [WARN] PackLoader:240 - Cannot read IP mode file for STMicroelectronics.X-CUBE-AZRTOS-H7RS.1.2.0
2025-11-29 13:06:27,254 [WARN] PackLoader:240 - Cannot read IP mode file for STMicroelectronics.X-CUBE-BLE2.3.3.0
2025-11-29 13:06:27,275 [WARN] PackLoader:240 - Cannot read IP mode file for STMicroelectronics.X-CUBE-NFC9.1.0.0
2025-11-29 13:06:27,280 [WARN] PackLoader:240 - Cannot read IP mode file for wolfSSL.I-CUBE-wolfSSL.5.8.2
2025-11-29 13:06:27,283 [INFO] WebApp:225 - Starting web application
2025-11-29 13:06:27,283 [INFO] WebApp:593 - Web application path used C:\ST\STM32CubeIDE_1.19.0\STM32CubeIDE\plugins\com.st.stm32cube.common.mx_6.15.0.202507011659\db\plugins\mcufinder\reactClient1\index.html
2025-11-29 13:06:27,284 [WARN] PackLoader:240 - Cannot read IP mode file for STMicroelectronics.X-CUBE-BLE1.7.1.0
2025-11-29 13:06:27,290 [WARN] PackLoader:240 - Cannot read IP mode file for wolfSSL.I-CUBE-wolfMQTT.1.19.2
2025-11-29 13:06:27,296 [WARN] PackLoader:240 - Cannot read IP mode file for STMicroelectronics.X-CUBE-FREERTOS.1.4.0
2025-11-29 13:06:27,308 [WARN] PackLoader:240 - Cannot read IP mode file for STMicroelectronics.X-CUBE-EEPRMA1.5.2.0
2025-11-29 13:06:27,315 [WARN] PackLoader:240 - Cannot read IP mode file for STMicroelectronics.X-CUBE-ST67W61.1.1.0
2025-11-29 13:06:27,388 [WARN] PackLoader:240 - Cannot read IP mode file for STMicroelectronics.X-CUBE-MEMS1.12.0.0
2025-11-29 13:06:27,476 [WARN] PackLoader:240 - Cannot read IP mode file for STMicroelectronics.X-CUBE-AZRTOS-G0.1.1.0
2025-11-29 13:06:27,482 [WARN] PackLoader:240 - Cannot read IP mode file for STMicroelectronics.X-CUBE-SAFEA1.1.2.2
2025-11-29 13:06:27,488 [WARN] PackLoader:240 - Cannot read IP mode file for STMicroelectronics.X-CUBE-NFC4.3.0.0
2025-11-29 13:06:27,495 [WARN] PackLoader:240 - Cannot read IP mode file for EmbeddedOffice.I-CUBE-FS-RTOS.1.0.1
2025-11-29 13:06:27,499 [WARN] PackLoader:240 - Cannot read IP mode file for STMicroelectronics.X-CUBE-WB05N.2.0.0
2025-11-29 13:06:27,503 [WARN] PackLoader:240 - Cannot read IP mode file for wolfSSL.I-CUBE-wolfTPM.3.8.0
2025-11-29 13:06:27,507 [WARN] PackLoader:240 - Cannot read IP mode file for STMicroelectronics.X-CUBE-TCPP.4.2.0
2025-11-29 13:06:27,512 [WARN] PackLoader:240 - Cannot read IP mode file for RealThread.X-CUBE-RT-Thread_Nano.4.1.1
2025-11-29 13:06:27,516 [WARN] PackLoader:240 - Cannot read IP mode file for STMicroelectronics.FP-ATR-SIGFOX1.3.2.0
2025-11-29 13:06:27,520 [WARN] PackLoader:240 - Cannot read IP mode file for ITTIA_DB.I-CUBE-ITTIADB.8.9.0
2025-11-29 13:06:27,529 [WARN] PackLoader:240 - Cannot read IP mode file for STMicroelectronics.X-CUBE-ST67W61.1.0.0
2025-11-29 13:06:27,532 [WARN] PackLoader:240 - Cannot read IP mode file for STMicroelectronics.X-CUBE-AI.10.2.0
2025-11-29 13:06:27,548 [WARN] PackLoader:240 - Cannot read IP mode file for SEGGER.I-CUBE-embOS.1.3.1
2025-11-29 13:06:27,583 [WARN] PackLoader:240 - Cannot read IP mode file for STMicroelectronics.X-CUBE-ALGOBUILD.1.4.0
2025-11-29 13:06:27,609 [WARN] PackLoader:240 - Cannot read IP mode file for STMicroelectronics.X-CUBE-MEMS1.11.3.0
2025-11-29 13:06:27,724 [WARN] PackLoader:240 - Cannot read IP mode file for STMicroelectronics.X-CUBE-PM33A1.1.0.0
2025-11-29 13:06:27,735 [WARN] PackLoader:240 - Cannot read IP mode file for STMicroelectronics.X-CUBE-AZRTOS-F4.1.1.0
2025-11-29 13:06:27,740 [WARN] PackLoader:240 - Cannot read IP mode file for Avnet-IotConnect.X-CUBE-IoTC-DA16k-PMOD.1.0.0
2025-11-29 13:06:27,743 [WARN] PackLoader:240 - Cannot read IP mode file for STMicroelectronics.X-CUBE-ISPU.2.1.0
2025-11-29 13:06:27,752 [WARN] PackLoader:240 - Cannot read IP mode file for STMicroelectronics.X-CUBE-IPS.3.2.0
2025-11-29 13:06:27,761 [WARN] PackLoader:240 - Cannot read IP mode file for STMicroelectronics.X-CUBE-NFC12.1.0.0
2025-11-29 13:06:27,773 [WARN] PackLoader:240 - Cannot read IP mode file for STMicroelectronics.X-CUBE-AZRTOS-L5.2.0.0
2025-11-29 13:06:27,786 [WARN] PackLoader:240 - Cannot read IP mode file for STMicroelectronics.X-CUBE-NFC6.3.1.0
2025-11-29 13:06:27,793 [WARN] PackLoader:240 - Cannot read IP mode file for STMicroelectronics.X-CUBE-FREERTOS.1.3.1
2025-11-29 13:06:27,810 [WARN] PackLoader:240 - Cannot read IP mode file for STMicroelectronics.X-CUBE-TOUCHGFX.4.26.0
2025-11-29 13:06:27,821 [WARN] PackLoader:240 - Cannot read IP mode file for STMicroelectronics.FP-SNS-STAIOTCFT.1.0.0
2025-11-29 13:06:27,829 [WARN] PackLoader:240 - Cannot read IP mode file for STMicroelectronics.X-CUBE-DPower.1.3.0
2025-11-29 13:06:27,854 [WARN] ConditionMgr:438 - getConditionDescription Invalid condition id : LAN8742 Phy interface Condition cause : null
2025-11-29 13:06:27,855 [WARN] PackLoader:240 - Cannot read IP mode file for STMicroelectronics.X-CUBE-AZRTOS-L4.2.0.0
2025-11-29 13:06:27,855 [WARN] ConditionMgr:1044 - genDependencies : Invalid condition id : LAN8742 Phy interface Condition cause : null
2025-11-29 13:06:27,856 [WARN] ConditionMgr:1044 - genDependencies : Invalid condition id : LAN8742 Phy interface Condition cause : null
2025-11-29 13:06:27,856 [WARN] ConditionMgr:1044 - genDependencies : Invalid condition id : LAN8742 Phy interface Condition cause : null
2025-11-29 13:06:27,863 [WARN] PackLoader:240 - Cannot read IP mode file for STMicroelectronics.X-CUBE-SFXS2LP1.4.0.0
2025-11-29 13:06:27,870 [WARN] PackLoader:240 - Cannot read IP mode file for STMicroelectronics.X-CUBE-BLEMGR.4.1.0
2025-11-29 13:06:27,881 [WARN] ConditionMgr:438 - getConditionDescription Invalid condition id : UX DEVICE CLASS RTOS Condition cause : null
2025-11-29 13:06:27,882 [WARN] ConditionMgr:438 - getConditionDescription Invalid condition id : UX DEVICE CLASS RTOS Condition cause : null
2025-11-29 13:06:27,883 [WARN] PackLoader:240 - Cannot read IP mode file for STMicroelectronics.X-CUBE-AZRTOS-WB.2.0.0
2025-11-29 13:06:27,883 [WARN] ConditionMgr:1044 - genDependencies : Invalid condition id : UX DEVICE CLASS RTOS Condition cause : null
2025-11-29 13:06:27,884 [WARN] ConditionMgr:1044 - genDependencies : Invalid condition id : UX DEVICE CLASS RTOS Condition cause : null
2025-11-29 13:06:27,884 [WARN] ConditionMgr:1044 - genDependencies : Invalid condition id : UX DEVICE CLASS RTOS Condition cause : null
2025-11-29 13:06:27,884 [WARN] ConditionMgr:1044 - genDependencies : Invalid condition id : UX DEVICE CLASS RTOS Condition cause : null
2025-11-29 13:06:27,884 [WARN] ConditionMgr:1044 - genDependencies : Invalid condition id : UX DEVICE CLASS RTOS Condition cause : null
2025-11-29 13:06:27,888 [WARN] PackLoader:240 - Cannot read IP mode file for STMicroelectronics.X-CUBE-GNSS1.7.0.1
2025-11-29 13:06:27,891 [WARN] PackLoader:240 - Cannot read IP mode file for STMicroelectronics.X-CUBE-TOUCHGFX.4.25.0
2025-11-29 13:06:27,911 [WARN] ConditionMgr:438 - getConditionDescription Invalid condition id : Cortex-A Device cause : null
2025-11-29 13:06:27,919 [WARN] ConditionMgr:1044 - genDependencies : Invalid condition id : Cortex-A Device cause : null
2025-11-29 13:06:27,919 [WARN] ConditionMgr:1044 - genDependencies : Invalid condition id : Cortex-A Device cause : null
2025-11-29 13:06:27,919 [WARN] ConditionMgr:1044 - genDependencies : Invalid condition id : Cortex-A Device cause : null
2025-11-29 13:06:27,927 [WARN] PackLoader:240 - Cannot read IP mode file for STMicroelectronics.X-CUBE-SUBG2.5.0.0
2025-11-29 13:06:27,946 [WARN] PackLoader:240 - Cannot read IP mode file for STMicroelectronics.X-CUBE-AZRTOS-H7RS.1.1.0
2025-11-29 13:06:27,951 [WARN] PackLoader:240 - Cannot read IP mode file for Cesanta.I-CUBE-Mongoose.7.13.0
2025-11-29 13:06:27,960 [WARN] PackLoader:240 - Cannot read IP mode file for STMicroelectronics.X-CUBE-AZRTOS-G4.2.0.0
2025-11-29 13:06:27,965 [WARN] PackLoader:240 - Cannot read IP mode file for wolfSSL.I-CUBE-wolfSSH.1.4.20
2025-11-29 13:06:27,969 [WARN] PackLoader:240 - Cannot read IP mode file for STMicroelectronics.X-CUBE-NFC7.2.0.0
2025-11-29 13:06:27,977 [WARN] PackLoader:240 - Cannot read IP mode file for STMicroelectronics.X-CUBE-IPS.3.1.0
2025-11-29 13:06:27,983 [WARN] PackLoader:240 - Cannot read IP mode file for STMicroelectronics.X-CUBE-ALS.1.0.2
2025-11-29 13:06:27,989 [WARN] PackLoader:240 - Cannot read IP mode file for STMicroelectronics.X-CUBE-STSE01.1.0.0
2025-11-29 13:06:27,997 [WARN] PackLoader:240 - Cannot read IP mode file for STMicroelectronics.X-CUBE-TOF1.3.4.3
2025-11-29 13:06:28,004 [INFO] ThirdParty:978 - Integrity check success = true
2025-11-29 13:06:28,004 [INFO] IntegrityCheckThread:100 - exiting critical section [integrity check]
2025-11-29 13:06:28,004 [INFO] IntegrityCheckThread:103 - End integrity checks thread
2025-11-29 16:11:34,848 [INFO] McuFinderGlobals:63 - Set McuFinder mode to 2 (CubeIDE integrated)
2025-11-29 16:11:34,857 [INFO] MainUpdater:2872 - connection check result : 10
2025-11-29 16:11:34,859 [INFO] MainUpdater:2872 - connection check result : 10
2025-11-29 16:11:34,904 [INFO] MicroXplorer:468 - Change Database Path : 
2025-11-29 16:11:34,904 [INFO] MicroXplorer:498 - Change Database Version : DB.6.0.150
2025-11-29 16:11:34,920 [WARN] ThirdParty:871 - waiting for thirdparty lock release [close project]
2025-11-29 16:11:34,920 [INFO] ThirdParty:873 - entering critical section [close project]
2025-11-29 16:11:34,922 [INFO] ThirdParty:883 - exiting critical section [close project]
2025-11-29 16:11:34,927 [INFO] PinOutPanel:1589 - setPackage(No Configuration,No Configuration)
2025-11-29 16:11:34,930 [INFO] UtilMem:75 - Begin LoadConfig() Used Memory: 593213944 Bytes (1073741824)
2025-11-29 16:11:34,933 [INFO] MicroXplorer:468 - Change Database Path : 
2025-11-29 16:11:34,933 [INFO] MicroXplorer:498 - Change Database Version : DB.6.0.150
2025-11-29 16:11:34,933 [INFO] OpenFileManager:355 - Change cursor
2025-11-29 16:11:35,036 [INFO] Mcu:2029 - Initializing MCU STM32L476R(C-E-G)Tx STM32L476RGTx STM32L476RGT3
2025-11-29 16:11:37,227 [INFO] Context:786 - Trying to add GPIOservice into a context  which must be forbidden
2025-11-29 16:11:37,752 [INFO] ImportTextPane:234 - (OptionalMessage_ERROR) Pin12 (VP_RIF_VS_RIF1) cannot be retrieved for this MCU
2025-11-29 16:11:37,992 [INFO] RtosManager:558 - Registered RTOS mode: class=CMSIS, group=RTOS, mode=CMSIS_V1, owner=FREERTOS
2025-11-29 16:11:37,992 [INFO] RtosManager:558 - Registered RTOS mode: class=CMSIS, group=RTOS2, mode=CMSIS_V2, owner=FREERTOS
2025-11-29 16:11:37,992 [INFO] RtosManager:558 - Registered RTOS mode: class=RTOS, group=Core, mode=CMSIS_V1, owner=FREERTOS
2025-11-29 16:11:37,993 [INFO] RtosManager:558 - Registered RTOS mode: class=RTOS, group=Core, mode=CMSIS_V2, owner=FREERTOS
2025-11-29 16:11:37,993 [WARN] ModelIntegratedComponent:184 - Missing modes for component STMicroelectronics:FreeRTOS:0.0.1:STMicroelectronics:RTOS:FreeRTOS:Core:::10.2.0:
2025-11-29 16:11:38,008 [WARN] ModelIntegratedComponent:63 - No mode defined for component null
2025-11-29 16:11:38,008 [WARN] ModelIntegratedComponent:63 - No mode defined for component null
2025-11-29 16:11:38,008 [WARN] ModelIntegratedComponent:63 - No mode defined for component null
2025-11-29 16:11:38,008 [WARN] ModelIntegratedComponent:63 - No mode defined for component null
2025-11-29 16:11:38,008 [WARN] ModelIntegratedComponent:63 - No mode defined for component null
2025-11-29 16:11:38,008 [WARN] ModelIntegratedComponent:63 - No mode defined for component null
2025-11-29 16:11:38,008 [WARN] ModelIntegratedComponent:63 - No mode defined for component null
2025-11-29 16:11:38,008 [WARN] ModelIntegratedComponent:63 - No mode defined for component null
2025-11-29 16:11:38,008 [WARN] ModelIntegratedComponent:63 - No mode defined for component null
2025-11-29 16:11:38,008 [WARN] ModelIntegratedComponent:63 - No mode defined for component null
2025-11-29 16:11:38,008 [WARN] ModelIntegratedComponent:63 - No mode defined for component null
2025-11-29 16:11:38,009 [WARN] ModelIntegratedComponent:63 - No mode defined for component null
2025-11-29 16:11:38,009 [WARN] ModelIntegratedComponent:63 - No mode defined for component null
2025-11-29 16:11:38,009 [WARN] ModelIntegratedComponent:63 - No mode defined for component null
2025-11-29 16:11:38,009 [WARN] ModelIntegratedComponent:63 - No mode defined for component null
2025-11-29 16:11:38,009 [WARN] ModelIntegratedComponent:63 - No mode defined for component null
2025-11-29 16:11:38,009 [WARN] ModelIntegratedComponent:63 - No mode defined for component null
2025-11-29 16:11:38,009 [WARN] ModelIntegratedComponent:63 - No mode defined for component null
2025-11-29 16:11:38,009 [WARN] ModelIntegratedComponent:63 - No mode defined for component null
2025-11-29 16:11:38,009 [WARN] ModelIntegratedComponent:63 - No mode defined for component null
2025-11-29 16:11:38,009 [WARN] ModelIntegratedComponent:63 - No mode defined for component null
2025-11-29 16:11:38,009 [WARN] ModelIntegratedComponent:63 - No mode defined for component null
2025-11-29 16:11:38,009 [WARN] ModelIntegratedComponent:63 - No mode defined for component null
2025-11-29 16:11:38,009 [WARN] ModelIntegratedComponent:63 - No mode defined for component null
2025-11-29 16:11:38,009 [WARN] ModelIntegratedComponent:63 - No mode defined for component null
2025-11-29 16:11:38,009 [WARN] ModelIntegratedComponent:63 - No mode defined for component null
2025-11-29 16:11:38,009 [WARN] ModelIntegratedComponent:63 - No mode defined for component null
2025-11-29 16:11:38,010 [WARN] ModelIntegratedComponent:63 - No mode defined for component null
2025-11-29 16:11:38,010 [WARN] ModelIntegratedComponent:63 - No mode defined for component null
2025-11-29 16:11:38,010 [WARN] ModelIntegratedComponent:63 - No mode defined for component null
2025-11-29 16:11:38,010 [WARN] ModelIntegratedComponent:63 - No mode defined for component null
2025-11-29 16:11:38,010 [WARN] ModelIntegratedComponent:63 - No mode defined for component null
2025-11-29 16:11:38,010 [WARN] ModelIntegratedComponent:63 - No mode defined for component null
2025-11-29 16:11:38,010 [WARN] ModelIntegratedComponent:63 - No mode defined for component null
2025-11-29 16:11:38,010 [WARN] ModelIntegratedComponent:63 - No mode defined for component null
2025-11-29 16:11:38,010 [WARN] ModelPack:524 - Component already loaded: STMicroelectronics:HAL Drivers:0.0.0:STMicroelectronics:Device:STMicro_Driver:XSPI:HAL::0.0.1:HAL_XSPI
2025-11-29 16:11:38,087 [INFO] ThirdPartyModel:298 - Start build external matchings
2025-11-29 16:11:38,719 [INFO] ThirdPartyModel:316 - End build external matchings
2025-11-29 16:11:38,734 [INFO] RtosManager:1018 - Current active RTOS is FREERTOS [Cortex-M4NS]
2025-11-29 16:11:39,137 [INFO] ApiDb:581 - Connected to CubeFinder SQLite database (C:\Users\user\.stmcufinder\plugins\mcufinder\mcu\cube-finder-db.db)
2025-11-29 16:11:39,244 [INFO] ApiDb:668 - CubeFinder database Data Model version=2.1
2025-11-29 16:11:39,244 [INFO] ApiDb:669 - CubeFinder database Configuration version=3.0.39
2025-11-29 16:11:39,247 [INFO] ApiDb:670 - CubeFinder database generation date=2025-11-05 (1762334721)
2025-11-29 16:11:39,247 [INFO] ApiDb:671 - CubeFinder database FW Pack versions=[FP-ATR-ASTRA1_V2.0.0, FP-SNS-FLIGHT1_V5.1.0, FP-SNS-MOTENV1_V5.1.0, FP-SNS-MOTENVWB1_V1.4.0, FP-SNS-SMARTAG2_V1.2.0, FP-SNS-STBOX1_V2.1.0, STM32Cube_FW_C0_V1.4.0, STM32Cube_FW_F4_V1.28.3, STM32Cube_FW_F7_V1.17.4, STM32Cube_FW_G0_V1.6.2, STM32Cube_FW_G4_V1.6.1, STM32Cube_FW_H5_V1.5.1, STM32Cube_FW_H7RS_V1.3.0, STM32Cube_FW_H7_V1.12.1, STM32Cube_FW_L0_V1.12.2, STM32Cube_FW_L4_V1.18.1, STM32Cube_FW_L5_V1.6.0, STM32Cube_FW_N6_V1.3.0, STM32Cube_FW_U0_V1.3.0, STM32Cube_FW_U3_V1.2.1, STM32Cube_FW_U5_V1.8.0, STM32Cube_FW_WB0_V1.4.0, STM32Cube_FW_WBA_V1.8.0, STM32Cube_FW_WB_V1.24.0, STM32Cube_FW_WL3_V1.3.0, STM32Cube_FW_WL_V1.4.0, X-CUBE-ALGOBUILD_V1.4.0, X-CUBE-ALS_V1.0.2, X-CUBE-AZRTOS-F4_V1.1.0, X-CUBE-AZRTOS-F7_V1.1.0, X-CUBE-AZRTOS-G0_V1.1.0, X-CUBE-AZRTOS-G4_V2.0.0, X-CUBE-AZRTOS-H7RS_V1.1.0, X-CUBE-AZRTOS-H7_V3.4.0, X-CUBE-AZRTOS-L4_V2.0.0, X-CUBE-AZRTOS-L5_V2.0.0, X-CUBE-AZRTOS-WB_V2.0.0, X-CUBE-AZRTOS-WL_V2.0.0, X-CUBE-BLE1_V7.1.0, X-CUBE-BLE2_V3.3.0, X-CUBE-BLEMGR_V4.1.0, X-CUBE-EEPRMA1_V5.2.0, X-CUBE-FREERTOS_V1.3.1, X-CUBE-GNSS1_V6.0.0, X-CUBE-MEMS1_V11.3.0, X-CUBE-NFC4_V3.0.0, X-CUBE-NFC7_V2.0.0, X-CUBE-SFXS2LP1_V4.0.0, X-CUBE-ST67W61_V1.1.0, X-CUBE-SUBG2_V5.0.0, X-CUBE-TOF1_V3.4.3]
2025-11-29 16:11:39,405 [INFO] DbBoardsSqlite:226 - include board P-NUCLEO-WB55-NUCLEO as a kit item of type 'Nucleo-64'
2025-11-29 16:11:39,406 [INFO] DbBoardsSqlite:226 - include board P-NUCLEO-WB55-USBDONGLE as a kit item of type 'Nucleo USB Dongle'
2025-11-29 16:11:39,407 [INFO] DbBoardsSqlite:226 - include board STEVAL-IDP005V1 as a kit item of type 'Evaluation Board'
2025-11-29 16:11:39,408 [INFO] DbBoardsSqlite:226 - include board STEVAL-IDP005V2 as a kit item of type 'Evaluation Board'
2025-11-29 16:11:40,401 [INFO] ApiDb:240 - Found 880 in-development CPN: [B-G473E-ZEST1S, B-WB1M-WPAN1, B-WBA5M-WPAN, B-WL5M-SUBG1, NUCLEO-C031C6, NUCLEO-C051C8, NUCLEO-C071RB, NUCLEO-C092RC, NUCLEO-H503RB, NUCLEO-H533RE, NUCLEO-H563ZI, NUCLEO-H7S3L8, NUCLEO-N657X0-Q, NUCLEO-U031R8, NUCLEO-U083RC, NUCLEO-U385RG-Q, NUCLEO-U545RE-Q, NUCLEO-U5A5ZJ-Q, NUCLEO-WB05KZ, NUCLEO-WB07CC, NUCLEO-WB09KE, NUCLEO-WBA52CG, NUCLEO-WBA55CG, NUCLEO-WL33CC1, NUCLEO-WL33CC2, STEVAL-PROTEUS1, STEVAL-SMARTAG2, STEVAL-STWINBX1, STM320518-EVAL, STM32C0116-DK, STM32C011D6Y3TR, STM32C011D6Y6TR, STM32C011F4P3, STM32C011F4P6, STM32C011F4U3, STM32C011F4U6TR, STM32C011F6P3, STM32C011F6P6, STM32C011F6U3, STM32C011F6U6TR, STM32C011J4M3, STM32C011J4M6, STM32C011J6M3, STM32C011J6M6, STM32C0316-DK, STM32C031C4T3, STM32C031C4T6, STM32C031C4U3, STM32C031C4U6, STM32C031C6T3, STM32C031C6T6, STM32C031C6U3, STM32C031C6U6, STM32C031F4P3, STM32C031F4P6, STM32C031F6P3, STM32C031F6P6, STM32C031G4U3, STM32C031G4U6, STM32C031G6U3, STM32C031G6U6, STM32C031K4T3, STM32C031K4T6, STM32C031K4U3, STM32C031K4U6, STM32C031K6T3, STM32C031K6T6, STM32C031K6U3, STM32C031K6U6, STM32C051C6T6, STM32C051C6U6, STM32C051C8T6, STM32C051C8U6, STM32C051D8Y6TR, STM32C051F6P6, STM32C051F8P6, STM32C051G6U6, STM32C051G8U6, STM32C051K6T6, STM32C051K6U6, STM32C051K8T6, STM32C071C8T6, STM32C071C8T6N, STM32C071C8U6, STM32C071C8U6N, STM32C071CBT6, STM32C071CBT6N, STM32C071CBU6, STM32C071CBU6N, STM32C071F8P6, STM32C071F8P6N, STM32C071FBP6, STM32C071FBP6N, STM32C071FBY6TR, STM32C071G8U6, STM32C071G8U6N, STM32C071GBU6, STM32C071GBU6N, STM32C071K8T6, STM32C071K8T6N, STM32C071K8U6, STM32C071K8U6N, STM32C071KBT6, STM32C071KBT6N, STM32C071KBU6, STM32C071KBU6N, STM32C071R8T6, STM32C071R8T6N, STM32C071RBI6N, STM32C071RBT6, STM32C071RBT6N, STM32C091CBT6, STM32C091CBU6, STM32C091CCT6, STM32C091CCU6, STM32C091ECY6TR, STM32C091FBP6, STM32C091FCP6, STM32C091GBU6, STM32C091GCU6, STM32C091KBT6, STM32C091KBU6, STM32C091KCT6, STM32C091KCU6, STM32C091RBT6, STM32C091RCI6, STM32C091RCT6, STM32C092CBT6, STM32C092CBU6, STM32C092CCT6, STM32C092CCU6, STM32C092ECY6TR, STM32C092FBP6, STM32C092FCP6, STM32C092GBU6, STM32C092GCU6, STM32C092KBT6, STM32C092KBU6, STM32C092KCT6, STM32C092KCU6, STM32C092RBT6, STM32C092RCI6, STM32C092RCT6, STM32G071K8TXN, STM32G071K8UXN, STM32G081GBU6N, STM32G081KBT6N, STM32G081KBUXN, STM32G0B1CCT6N, STM32G0B1KCT6, STM32G0B1NEY6TR, STM32G0B1RCT6N, STM32G0C1CCT6, STM32G0C1CCT6N, STM32G0C1CCU6N, STM32G0C1CET6N, STM32G0C1CEU6N, STM32G0C1KCT6, STM32G0C1NEY6TR, STM32G0C1RCI6N, STM32G0C1RCT6N, STM32G0C1REI6N, STM32G0C1RET6N, STM32G0C1VCI6, STM32G0C1VEI6, STM32G411C6T3, STM32G411C6T6, STM32G411C6U3, STM32G411C6U6, STM32G411C8T3, STM32G411C8T6, STM32G411C8U3, STM32G411C8U6, STM32G411CBT3, STM32G411CBT6, STM32G411CBU3, STM32G411CBU6, STM32G411K6T3, STM32G411K6T6, STM32G411K6U3, STM32G411K6U6, STM32G411K8T3, STM32G411K8T6, STM32G411K8U3, STM32G411K8U6, STM32G411KBT3, STM32G411KBT6, STM32G411KBU3, STM32G411KBU6, STM32G411M6T3, STM32G411M6T6, STM32G411M8T3, STM32G411M8T6, STM32G411MBT3, STM32G411MBT6, STM32G411R6T3, STM32G411R6T6, STM32G411R8T3, STM32G411R8T6, STM32G411RBT3, STM32G411RBT6, STM32G414CBT3, STM32G414CBT6, STM32G414CBU3, STM32G414CBU6, STM32G414CCT3, STM32G414CCT6, STM32G414CCU3, STM32G414CCU6, STM32G414MBT3, STM32G414MBT6, STM32G414MCT3, STM32G414MCT6, STM32G414RBT3, STM32G414RBT6, STM32G414RCT3, STM32G414RCT6, STM32G414VBT3, STM32G414VBT6, STM32G414VCT3, STM32G414VCT6, STM32G431CBT3Z, STM32G431RBT3Z, STM32G471CCT6, STM32G471CCU6, STM32G471CET3, STM32G471CET6, STM32G471CEU3, STM32G471CEU6, STM32G471MCT6, STM32G471MET3, STM32G471MET6, STM32G471MEY6TR, STM32G471QCT6, STM32G471QET3, STM32G471RCT6, STM32G471RET3, STM32G471RET6, STM32G471VCH6, STM32G471VCI6, STM32G471VCT6, STM32G471VEH3, STM32G471VEH6, STM32G471VEI3, STM32G471VEI6, STM32G471VET3, STM32G471VET6, STM32G473QET3Z, STM32G473RET3Z, STM32G474CCT6, STM32G491RET3Z, STM32H503CBT6, STM32H503CBU6, STM32H503EBY6TR, STM32H503KBU6, STM32H503RBT6, STM32H523CCT6, STM32H523CCU6, STM32H523CET6, STM32H523CEU6, STM32H523HEY6TR, STM32H523RCT6, STM32H523RET6, STM32H523VCI6, STM32H523VCT6, STM32H523VEI6, STM32H523VET6, STM32H523ZCJ6, STM32H523ZCT6, STM32H523ZEJ6, STM32H523ZET6, STM32H533CET6, STM32H533CEU6, STM32H533HEY6TR, STM32H533RET6, STM32H533VEI6, STM32H533VET6, STM32H533ZEJ6, STM32H533ZET6, STM32H562AGI6, STM32H562AII6, STM32H562IGK6, STM32H562IGT6, STM32H562IIK6, STM32H562IIT6, STM32H562RGT6, STM32H562RGV6, STM32H562RIT6, STM32H562RIV6, STM32H562VGT6, STM32H562VIT6, STM32H562ZGT6, STM32H562ZIT6, STM32H563AGI6, STM32H563AII3Q, STM32H563AII6, STM32H563IGK6, STM32H563IGT6, STM32H563IIK3Q, STM32H563IIK6, STM32H563IIT3Q, STM32H563IIT6, STM32H563MIY3QTR, STM32H563RGT6, STM32H563RGV6, STM32H563RIT6, STM32H563RIV6, STM32H563VGT6, STM32H563VIT3Q, STM32H563VIT6, STM32H563ZGT6, STM32H563ZIT3Q, STM32H563ZIT6, STM32H573AII3Q, STM32H573AII6, STM32H573I-DK, STM32H573IIK3Q, STM32H573IIK6, STM32H573IIT3Q, STM32H573IIT6, STM32H573MIY3QTR, STM32H573RIT6, STM32H573RIV6, STM32H573VIT3Q, STM32H573VIT6, STM32H573ZIT3Q, STM32H573ZIT6, STM32H7R3A8I6, STM32H7R3I8K6, STM32H7R3I8T6, STM32H7R3L8H6, STM32H7R3L8H6H, STM32H7R3R8V6, STM32H7R3V8H6, STM32H7R3V8T6, STM32H7R3V8Y6TR, STM32H7R3Z8J6, STM32H7R3Z8T6, STM32H7R7A8I6, STM32H7R7I8K6, STM32H7R7I8T6, STM32H7R7L8H6, STM32H7R7L8H6H, STM32H7R7Z8J6, STM32H7S3A8I6, STM32H7S3I8K6, STM32H7S3I8T6, STM32H7S3L8H6, STM32H7S3L8H6H, STM32H7S3R8V6, STM32H7S3V8H6, STM32H7S3V8T6, STM32H7S3V8Y6TR, STM32H7S3Z8J6, STM32H7S3Z8T6, STM32H7S78-DK, STM32H7S7A8I6, STM32H7S7I8K6, STM32H7S7I8T6, STM32H7S7L8H6, STM32H7S7L8H6H, STM32H7S7Z8J6, STM32L4R5QGI6STR, STM32MP131AAE3, STM32MP131AAF3, STM32MP131AAG3, STM32MP131CAE3, STM32MP131CAF3, STM32MP131CAG3, STM32MP131DAE7, STM32MP131DAF7, STM32MP131DAG7, STM32MP131FAE7, STM32MP131FAF7, STM32MP131FAG7, STM32MP133AAE3, STM32MP133AAF3, STM32MP133AAG3, STM32MP133CAE3, STM32MP133CAF3, STM32MP133CAG3, STM32MP133DAE7, STM32MP133DAF7, STM32MP133DAG7, STM32MP133FAE7, STM32MP133FAF7, STM32MP133FAG7, STM32MP135AAE3, STM32MP135AAF3, STM32MP135AAG3, STM32MP135CAE3, STM32MP135CAF3, STM32MP135CAG3, STM32MP135DAE7, STM32MP135DAF7, STM32MP135DAG7, STM32MP135F-DK, STM32MP135FAE7, STM32MP135FAF7, STM32MP135FAF7T, STM32MP135FAF7U, STM32MP135FAG7, STM32MP211AAL3, STM32MP211AAM3, STM32MP211AAN3, STM32MP211AAO3, STM32MP211CAL3, STM32MP211CAM3, STM32MP211CAN3, STM32MP211CAO3, STM32MP211DAL3, STM32MP211DAM3, STM32MP211DAN3, STM32MP211DAO3, STM32MP211FAL3, STM32MP211FAM3, STM32MP211FAN3, STM32MP211FAO3, STM32MP213AAL3, STM32MP213AAM3, STM32MP213AAN3, STM32MP213AAO3, STM32MP213CAL3, STM32MP213CAM3, STM32MP213CAN3, STM32MP213CAO3, STM32MP213DAL3, STM32MP213DAM3, STM32MP213DAN3, STM32MP213DAO3, STM32MP213FAL3, STM32MP213FAM3, STM32MP213FAN3, STM32MP213FAO3, STM32MP215AAL3, STM32MP215AAM3, STM32MP215AAN3, STM32MP215AAO3, STM32MP215CAL3, STM32MP215CAM3, STM32MP215CAN3, STM32MP215CAO3, STM32MP215DAL3, STM32MP215DAM3, STM32MP215DAN3, STM32MP215DAO3, STM32MP215F-DK, STM32MP215FAL3, STM32MP215FAM3, STM32MP215FAN3, STM32MP215FAO3, STM32MP231AAJ3, STM32MP231AAK3, STM32MP231AAL3, STM32MP231CAJ3, STM32MP231CAK3, STM32MP231CAL3, STM32MP231DAJ3, STM32MP231DAK3, STM32MP231DAL3, STM32MP231FAJ3, STM32MP231FAK3, STM32MP231FAL3, STM32MP233AAJ3, STM32MP233AAK3, STM32MP233AAL3, STM32MP233CAJ3, STM32MP233CAK3, STM32MP233CAL3, STM32MP233DAJ3, STM32MP233DAK3, STM32MP233DAL3, STM32MP233FAJ3, STM32MP233FAK3, STM32MP233FAL3, STM32MP235AAJ3, STM32MP235AAK3, STM32MP235AAL3, STM32MP235CAJ3, STM32MP235CAK3, STM32MP235CAL3, STM32MP235DAJ3, STM32MP235DAK3, STM32MP235DAL3, STM32MP235FAJ3, STM32MP235FAK3, STM32MP235FAL3, STM32MP251AAI3, STM32MP251AAK3, STM32MP251AAL3, STM32MP251CAI3, STM32MP251CAK3, STM32MP251CAL3, STM32MP251DAI3, STM32MP251DAK3, STM32MP251DAL3, STM32MP251FAI3, STM32MP251FAK3, STM32MP251FAL3, STM32MP253AAI3, STM32MP253AAK3, STM32MP253AAL3, STM32MP253CAI3, STM32MP253CAK3, STM32MP253CAL3, STM32MP253DAI3, STM32MP253DAK3, STM32MP253DAL3, STM32MP253FAI3, STM32MP253FAK3, STM32MP253FAL3, STM32MP255AAI3, STM32MP255AAK3, STM32MP255AAL3, STM32MP255CAI3, STM32MP255CAK3, STM32MP255CAL3, STM32MP255DAI3, STM32MP255DAK3, STM32MP255DAL3, STM32MP255FAI3, STM32MP255FAK3, STM32MP255FAL3, STM32MP257AAI3, STM32MP257AAK3, STM32MP257AAL3, STM32MP257CAI3, STM32MP257CAK3, STM32MP257CAL3, STM32MP257DAI3, STM32MP257DAK3, STM32MP257DAL3, STM32MP257F-DK, STM32MP257F-EV1, STM32MP257FAI3, STM32MP257FAK3, STM32MP257FAL3, STM32N645A0H3Q, STM32N645B0H3Q, STM32N645I0H3Q, STM32N645L0H3Q, STM32N645X0H3Q, STM32N645Z0H3Q, STM32N647A0H3Q, STM32N647B0H3Q, STM32N647I0H3Q, STM32N647L0H3Q, STM32N647X0H3Q, STM32N647Z0H3Q, STM32N655A0H3Q, STM32N655B0H3Q, STM32N655I0H3Q, STM32N655L0H3Q, STM32N655X0H3Q, STM32N655Z0H3Q, STM32N6570-DK, STM32N657A0H3Q, STM32N657B0H3Q, STM32N657I0H3Q, STM32N657L0H3Q, STM32N657X0H3Q, STM32N657Z0H3Q, STM32U031C6T6, STM32U031C6U6, STM32U031C8T6, STM32U031C8U6, STM32U031F4P6, STM32U031F6P6, STM32U031F8P6, STM32U031G6Y6TR, STM32U031G8Y6TR, STM32U031K4U6, STM32U031K6U6, STM32U031K8U6, STM32U031R6I6, STM32U031R6T6, STM32U031R8I6, STM32U031R8T6, STM32U073C8T6, STM32U073C8U6, STM32U073CBT6, STM32U073CBU6, STM32U073CCT6, STM32U073CCU6, STM32U073H8Y6TR, STM32U073HBY6TR, STM32U073HCY6TR, STM32U073K8U6, STM32U073KBU6, STM32U073KCU6, STM32U073M8I6, STM32U073M8T6, STM32U073MBI6, STM32U073MBT6, STM32U073MCI6, STM32U073MCT6, STM32U073R8I6, STM32U073R8T6, STM32U073RBI6, STM32U073RBT6, STM32U073RCI6, STM32U073RCT6, STM32U083C-DK, STM32U083CCT6, STM32U083CCU6, STM32U083HCY6TR, STM32U083KCU6, STM32U083MCI6, STM32U083MCT6, STM32U083RCI6, STM32U083RCT6, STM32U375CET6, STM32U375CET6Q, STM32U375CEU6, STM32U375CEU6Q, STM32U375CEY6QTR, STM32U375CGT6, STM32U375CGT6Q, STM32U375CGU6, STM32U375CGU6Q, STM32U375CGY6QTR, STM32U375KEU6, STM32U375KGU6, STM32U375REI6, STM32U375REI6Q, STM32U375RET6, STM32U375RET6Q, STM32U375REY6GTR, STM32U375REY6QTR, STM32U375RGI6, STM32U375RGI6Q, STM32U375RGT6, STM32U375RGT6Q, STM32U375RGY6GTR, STM32U375RGY6QTR, STM32U375VEI6, STM32U375VEI6Q, STM32U375VET6, STM32U375VET6Q, STM32U375VGI6, STM32U375VGI6Q, STM32U375VGT6, STM32U375VGT6Q, STM32U385CGT6, STM32U385CGT6Q, STM32U385CGU6, STM32U385CGU6Q, STM32U385CGY6QTR, STM32U385KGU6, STM32U385RGI6, STM32U385RGI6Q, STM32U385RGT6, STM32U385RGT6Q, STM32U385RGY6GTR, STM32U385RGY6QTR, STM32U385VGI6, STM32U385VGI6Q, STM32U385VGT6, STM32U385VGT6Q, STM32U535CBT6, STM32U535CBT6Q, STM32U535CBU6, STM32U535CBU6Q, STM32U535CCT6, STM32U535CCT6Q, STM32U535CCU6, STM32U535CCU6Q, STM32U535CET6, STM32U535CET6Q, STM32U535CEU6, STM32U535CEU6Q, STM32U535JEY6QTR, STM32U535NCY6QTR, STM32U535NEY6QTR, STM32U535RBI6, STM32U535RBI6Q, STM32U535RBT6, STM32U535RBT6Q, STM32U535RCI6, STM32U535RCI6Q, STM32U535RCT6, STM32U535RCT6Q, STM32U535REI6, STM32U535REI6Q, STM32U535RET6, STM32U535RET6Q, STM32U535VCI6, STM32U535VCI6Q, STM32U535VCT6, STM32U535VCT6Q, STM32U535VEI6, STM32U535VEI6Q, STM32U535VET6, STM32U535VET6Q, STM32U545CET6, STM32U545CET6Q, STM32U545CEU6, STM32U545CEU6Q, STM32U545JEY6QTR, STM32U545NEY6QTR, STM32U545REI6, STM32U545REI6Q, STM32U545RET6, STM32U545RET6Q, STM32U545VEI6, STM32U545VEI6Q, STM32U545VET6, STM32U545VET6Q, STM32U595AIH6, STM32U595AIH6Q, STM32U595AJH6, STM32U595AJH6Q, STM32U595QII6, STM32U595QII6Q, STM32U595QJI6, STM32U595QJI6Q, STM32U595RIT6, STM32U595RIT6Q, STM32U595RJT6, STM32U595RJT6Q, STM32U595VIT6, STM32U595VIT6Q, STM32U595VJT6, STM32U595VJT6Q, STM32U595ZIT6, STM32U595ZIT6Q, STM32U595ZIY6QTR, STM32U595ZJT6, STM32U595ZJT6Q, STM32U595ZJY6QTR, STM32U599BJY6QTR, STM32U599NIH6Q, STM32U599NJH6Q, STM32U599VIT6Q, STM32U599VJT6, STM32U599VJT6Q, STM32U599ZIT6Q, STM32U599ZIY6QTR, STM32U599ZJT6Q, STM32U599ZJY6QTR, STM32U5A5AJH6, STM32U5A5AJH6Q, STM32U5A5QII3Q , STM32U5A5QJI6, STM32U5A5QJI6Q, STM32U5A5RJT6, STM32U5A5RJT6Q, STM32U5A5VJT6, STM32U5A5VJT6Q, STM32U5A5ZJT6, STM32U5A5ZJT6Q, STM32U5A5ZJY6QTR, STM32U5A9BJY6QTR, STM32U5A9J-DK, STM32U5A9NJH6Q, STM32U5A9VJT6Q, STM32U5A9ZJT6Q, STM32U5A9ZJY6QTR, STM32U5F7VIT6, STM32U5F7VIT6Q, STM32U5F7VJT6, STM32U5F7VJT6Q, STM32U5F9BJY6QTR, STM32U5F9NJH6Q, STM32U5F9VIT6Q, STM32U5F9VJT6Q, STM32U5F9ZIJ6QTR, STM32U5F9ZIT6Q, STM32U5F9ZJJ6QTR, STM32U5F9ZJT6Q, STM32U5G7VJT6, STM32U5G7VJT6Q, STM32U5G9BJY6QTR, STM32U5G9J-DK1, STM32U5G9J-DK2, STM32U5G9NJH6Q, STM32U5G9VJT6Q, STM32U5G9ZJJ6QTR, STM32U5G9ZJT6Q, STM32WB05KZV6TR, STM32WB05KZV7TR, STM32WB05TZF6TR, STM32WB05TZF7TR, STM32WB06CCF6TR, STM32WB06CCF7TR, STM32WB06CCV6TR, STM32WB06CCV7TR, STM32WB06KCV6TR, STM32WB06KCV7TR, STM32WB07CCF6TR, STM32WB07CCF7TR, STM32WB07CCV6TR, STM32WB07CCV7TR, STM32WB07KCV6TR, STM32WB07KCV7TR, STM32WB09KEV6TR, STM32WB09KEV7TR, STM32WB09TEF6TR, STM32WB09TEF7TR, STM32WB1MMCH6, STM32WBA50KGU6, STM32WBA50KGU6TR, STM32WBA52CEU6, STM32WBA52CEU6TR, STM32WBA52CEU7, STM32WBA52CEU7TR, STM32WBA52CGU6, STM32WBA52CGU6TR, STM32WBA52CGU6U, STM32WBA52CGU7, STM32WBA52CGU7TR, STM32WBA52KEU6, STM32WBA52KEU6TR, STM32WBA52KGU6, STM32WBA52KGU6TR, STM32WBA54CEU6, STM32WBA54CEU6TR, STM32WBA54CEU7, STM32WBA54CEU7TR, STM32WBA54CGU6, STM32WBA54CGU6TR, STM32WBA54CGU7, STM32WBA54CGU7TR, STM32WBA54KEU6, STM32WBA54KEU6TR, STM32WBA54KEU7, STM32WBA54KEU7TR, STM32WBA54KGU6, STM32WBA54KGU6TR, STM32WBA54KGU7, STM32WBA54KGU7TR, STM32WBA55CEU6, STM32WBA55CEU6TR, STM32WBA55CEU7, STM32WBA55CEU7TR, STM32WBA55CGU6, STM32WBA55CGU6TR, STM32WBA55CGU6U, STM32WBA55CGU7, STM32WBA55CGU7TR, STM32WBA55G-DK1, STM32WBA55HEF6, STM32WBA55HEF7, STM32WBA55HGF6, STM32WBA55HGF7, STM32WBA55UEI6, STM32WBA55UEI6TR, STM32WBA55UEI7, STM32WBA55UEI7TR, STM32WBA55UGI6, STM32WBA55UGI6TR, STM32WBA55UGI7, STM32WBA55UGI7TR, STM32WBA5MMGH6TR, STM32WBA62MGF6, STM32WBA62MIF6, STM32WBA65MGF7, STM32WBA65MIF6, STM32WBA65MIF7, STM32WL30K8V6, STM32WL30KBV6, STM32WL31C8V6, STM32WL31CBV6, STM32WL31K8V6, STM32WL31KBV6, STM32WL33C8V6, STM32WL33C8V6X, STM32WL33CBV6, STM32WL33CBV6X, STM32WL33CCV6, STM32WL33CCV6A, STM32WL33CCV6X, STM32WL33K8V7, STM32WL33K8V7X, STM32WL33KBV7 , STM32WL33KBV7X, STM32WL33KCV7, STM32WL33KCV7X, STM32WL5MOCH6, STM32WL5MOCH6TR]
2025-11-29 16:11:40,404 [INFO] ApiDb:668 - CubeFinder database Data Model version=2.1
2025-11-29 16:11:40,404 [INFO] ApiDb:669 - CubeFinder database Configuration version=3.0.39
2025-11-29 16:11:40,404 [INFO] ApiDb:670 - CubeFinder database generation date=2025-11-05 (1762334721)
2025-11-29 16:11:40,404 [INFO] ApiDb:671 - CubeFinder database FW Pack versions=[FP-ATR-ASTRA1_V2.0.0, FP-SNS-FLIGHT1_V5.1.0, FP-SNS-MOTENV1_V5.1.0, FP-SNS-MOTENVWB1_V1.4.0, FP-SNS-SMARTAG2_V1.2.0, FP-SNS-STBOX1_V2.1.0, STM32Cube_FW_C0_V1.4.0, STM32Cube_FW_F4_V1.28.3, STM32Cube_FW_F7_V1.17.4, STM32Cube_FW_G0_V1.6.2, STM32Cube_FW_G4_V1.6.1, STM32Cube_FW_H5_V1.5.1, STM32Cube_FW_H7RS_V1.3.0, STM32Cube_FW_H7_V1.12.1, STM32Cube_FW_L0_V1.12.2, STM32Cube_FW_L4_V1.18.1, STM32Cube_FW_L5_V1.6.0, STM32Cube_FW_N6_V1.3.0, STM32Cube_FW_U0_V1.3.0, STM32Cube_FW_U3_V1.2.1, STM32Cube_FW_U5_V1.8.0, STM32Cube_FW_WB0_V1.4.0, STM32Cube_FW_WBA_V1.8.0, STM32Cube_FW_WB_V1.24.0, STM32Cube_FW_WL3_V1.3.0, STM32Cube_FW_WL_V1.4.0, X-CUBE-ALGOBUILD_V1.4.0, X-CUBE-ALS_V1.0.2, X-CUBE-AZRTOS-F4_V1.1.0, X-CUBE-AZRTOS-F7_V1.1.0, X-CUBE-AZRTOS-G0_V1.1.0, X-CUBE-AZRTOS-G4_V2.0.0, X-CUBE-AZRTOS-H7RS_V1.1.0, X-CUBE-AZRTOS-H7_V3.4.0, X-CUBE-AZRTOS-L4_V2.0.0, X-CUBE-AZRTOS-L5_V2.0.0, X-CUBE-AZRTOS-WB_V2.0.0, X-CUBE-AZRTOS-WL_V2.0.0, X-CUBE-BLE1_V7.1.0, X-CUBE-BLE2_V3.3.0, X-CUBE-BLEMGR_V4.1.0, X-CUBE-EEPRMA1_V5.2.0, X-CUBE-FREERTOS_V1.3.1, X-CUBE-GNSS1_V6.0.0, X-CUBE-MEMS1_V11.3.0, X-CUBE-NFC4_V3.0.0, X-CUBE-NFC7_V2.0.0, X-CUBE-SFXS2LP1_V4.0.0, X-CUBE-ST67W61_V1.1.0, X-CUBE-SUBG2_V5.0.0, X-CUBE-TOF1_V3.4.3]
2025-11-29 16:11:42,258 [INFO] ApiDb:240 - Found 880 in-development CPN: [B-G473E-ZEST1S, B-WB1M-WPAN1, B-WBA5M-WPAN, B-WL5M-SUBG1, NUCLEO-C031C6, NUCLEO-C051C8, NUCLEO-C071RB, NUCLEO-C092RC, NUCLEO-H503RB, NUCLEO-H533RE, NUCLEO-H563ZI, NUCLEO-H7S3L8, NUCLEO-N657X0-Q, NUCLEO-U031R8, NUCLEO-U083RC, NUCLEO-U385RG-Q, NUCLEO-U545RE-Q, NUCLEO-U5A5ZJ-Q, NUCLEO-WB05KZ, NUCLEO-WB07CC, NUCLEO-WB09KE, NUCLEO-WBA52CG, NUCLEO-WBA55CG, NUCLEO-WL33CC1, NUCLEO-WL33CC2, STEVAL-PROTEUS1, STEVAL-SMARTAG2, STEVAL-STWINBX1, STM320518-EVAL, STM32C0116-DK, STM32C011D6Y3TR, STM32C011D6Y6TR, STM32C011F4P3, STM32C011F4P6, STM32C011F4U3, STM32C011F4U6TR, STM32C011F6P3, STM32C011F6P6, STM32C011F6U3, STM32C011F6U6TR, STM32C011J4M3, STM32C011J4M6, STM32C011J6M3, STM32C011J6M6, STM32C0316-DK, STM32C031C4T3, STM32C031C4T6, STM32C031C4U3, STM32C031C4U6, STM32C031C6T3, STM32C031C6T6, STM32C031C6U3, STM32C031C6U6, STM32C031F4P3, STM32C031F4P6, STM32C031F6P3, STM32C031F6P6, STM32C031G4U3, STM32C031G4U6, STM32C031G6U3, STM32C031G6U6, STM32C031K4T3, STM32C031K4T6, STM32C031K4U3, STM32C031K4U6, STM32C031K6T3, STM32C031K6T6, STM32C031K6U3, STM32C031K6U6, STM32C051C6T6, STM32C051C6U6, STM32C051C8T6, STM32C051C8U6, STM32C051D8Y6TR, STM32C051F6P6, STM32C051F8P6, STM32C051G6U6, STM32C051G8U6, STM32C051K6T6, STM32C051K6U6, STM32C051K8T6, STM32C071C8T6, STM32C071C8T6N, STM32C071C8U6, STM32C071C8U6N, STM32C071CBT6, STM32C071CBT6N, STM32C071CBU6, STM32C071CBU6N, STM32C071F8P6, STM32C071F8P6N, STM32C071FBP6, STM32C071FBP6N, STM32C071FBY6TR, STM32C071G8U6, STM32C071G8U6N, STM32C071GBU6, STM32C071GBU6N, STM32C071K8T6, STM32C071K8T6N, STM32C071K8U6, STM32C071K8U6N, STM32C071KBT6, STM32C071KBT6N, STM32C071KBU6, STM32C071KBU6N, STM32C071R8T6, STM32C071R8T6N, STM32C071RBI6N, STM32C071RBT6, STM32C071RBT6N, STM32C091CBT6, STM32C091CBU6, STM32C091CCT6, STM32C091CCU6, STM32C091ECY6TR, STM32C091FBP6, STM32C091FCP6, STM32C091GBU6, STM32C091GCU6, STM32C091KBT6, STM32C091KBU6, STM32C091KCT6, STM32C091KCU6, STM32C091RBT6, STM32C091RCI6, STM32C091RCT6, STM32C092CBT6, STM32C092CBU6, STM32C092CCT6, STM32C092CCU6, STM32C092ECY6TR, STM32C092FBP6, STM32C092FCP6, STM32C092GBU6, STM32C092GCU6, STM32C092KBT6, STM32C092KBU6, STM32C092KCT6, STM32C092KCU6, STM32C092RBT6, STM32C092RCI6, STM32C092RCT6, STM32G071K8TXN, STM32G071K8UXN, STM32G081GBU6N, STM32G081KBT6N, STM32G081KBUXN, STM32G0B1CCT6N, STM32G0B1KCT6, STM32G0B1NEY6TR, STM32G0B1RCT6N, STM32G0C1CCT6, STM32G0C1CCT6N, STM32G0C1CCU6N, STM32G0C1CET6N, STM32G0C1CEU6N, STM32G0C1KCT6, STM32G0C1NEY6TR, STM32G0C1RCI6N, STM32G0C1RCT6N, STM32G0C1REI6N, STM32G0C1RET6N, STM32G0C1VCI6, STM32G0C1VEI6, STM32G411C6T3, STM32G411C6T6, STM32G411C6U3, STM32G411C6U6, STM32G411C8T3, STM32G411C8T6, STM32G411C8U3, STM32G411C8U6, STM32G411CBT3, STM32G411CBT6, STM32G411CBU3, STM32G411CBU6, STM32G411K6T3, STM32G411K6T6, STM32G411K6U3, STM32G411K6U6, STM32G411K8T3, STM32G411K8T6, STM32G411K8U3, STM32G411K8U6, STM32G411KBT3, STM32G411KBT6, STM32G411KBU3, STM32G411KBU6, STM32G411M6T3, STM32G411M6T6, STM32G411M8T3, STM32G411M8T6, STM32G411MBT3, STM32G411MBT6, STM32G411R6T3, STM32G411R6T6, STM32G411R8T3, STM32G411R8T6, STM32G411RBT3, STM32G411RBT6, STM32G414CBT3, STM32G414CBT6, STM32G414CBU3, STM32G414CBU6, STM32G414CCT3, STM32G414CCT6, STM32G414CCU3, STM32G414CCU6, STM32G414MBT3, STM32G414MBT6, STM32G414MCT3, STM32G414MCT6, STM32G414RBT3, STM32G414RBT6, STM32G414RCT3, STM32G414RCT6, STM32G414VBT3, STM32G414VBT6, STM32G414VCT3, STM32G414VCT6, STM32G431CBT3Z, STM32G431RBT3Z, STM32G471CCT6, STM32G471CCU6, STM32G471CET3, STM32G471CET6, STM32G471CEU3, STM32G471CEU6, STM32G471MCT6, STM32G471MET3, STM32G471MET6, STM32G471MEY6TR, STM32G471QCT6, STM32G471QET3, STM32G471RCT6, STM32G471RET3, STM32G471RET6, STM32G471VCH6, STM32G471VCI6, STM32G471VCT6, STM32G471VEH3, STM32G471VEH6, STM32G471VEI3, STM32G471VEI6, STM32G471VET3, STM32G471VET6, STM32G473QET3Z, STM32G473RET3Z, STM32G474CCT6, STM32G491RET3Z, STM32H503CBT6, STM32H503CBU6, STM32H503EBY6TR, STM32H503KBU6, STM32H503RBT6, STM32H523CCT6, STM32H523CCU6, STM32H523CET6, STM32H523CEU6, STM32H523HEY6TR, STM32H523RCT6, STM32H523RET6, STM32H523VCI6, STM32H523VCT6, STM32H523VEI6, STM32H523VET6, STM32H523ZCJ6, STM32H523ZCT6, STM32H523ZEJ6, STM32H523ZET6, STM32H533CET6, STM32H533CEU6, STM32H533HEY6TR, STM32H533RET6, STM32H533VEI6, STM32H533VET6, STM32H533ZEJ6, STM32H533ZET6, STM32H562AGI6, STM32H562AII6, STM32H562IGK6, STM32H562IGT6, STM32H562IIK6, STM32H562IIT6, STM32H562RGT6, STM32H562RGV6, STM32H562RIT6, STM32H562RIV6, STM32H562VGT6, STM32H562VIT6, STM32H562ZGT6, STM32H562ZIT6, STM32H563AGI6, STM32H563AII3Q, STM32H563AII6, STM32H563IGK6, STM32H563IGT6, STM32H563IIK3Q, STM32H563IIK6, STM32H563IIT3Q, STM32H563IIT6, STM32H563MIY3QTR, STM32H563RGT6, STM32H563RGV6, STM32H563RIT6, STM32H563RIV6, STM32H563VGT6, STM32H563VIT3Q, STM32H563VIT6, STM32H563ZGT6, STM32H563ZIT3Q, STM32H563ZIT6, STM32H573AII3Q, STM32H573AII6, STM32H573I-DK, STM32H573IIK3Q, STM32H573IIK6, STM32H573IIT3Q, STM32H573IIT6, STM32H573MIY3QTR, STM32H573RIT6, STM32H573RIV6, STM32H573VIT3Q, STM32H573VIT6, STM32H573ZIT3Q, STM32H573ZIT6, STM32H7R3A8I6, STM32H7R3I8K6, STM32H7R3I8T6, STM32H7R3L8H6, STM32H7R3L8H6H, STM32H7R3R8V6, STM32H7R3V8H6, STM32H7R3V8T6, STM32H7R3V8Y6TR, STM32H7R3Z8J6, STM32H7R3Z8T6, STM32H7R7A8I6, STM32H7R7I8K6, STM32H7R7I8T6, STM32H7R7L8H6, STM32H7R7L8H6H, STM32H7R7Z8J6, STM32H7S3A8I6, STM32H7S3I8K6, STM32H7S3I8T6, STM32H7S3L8H6, STM32H7S3L8H6H, STM32H7S3R8V6, STM32H7S3V8H6, STM32H7S3V8T6, STM32H7S3V8Y6TR, STM32H7S3Z8J6, STM32H7S3Z8T6, STM32H7S78-DK, STM32H7S7A8I6, STM32H7S7I8K6, STM32H7S7I8T6, STM32H7S7L8H6, STM32H7S7L8H6H, STM32H7S7Z8J6, STM32L4R5QGI6STR, STM32MP131AAE3, STM32MP131AAF3, STM32MP131AAG3, STM32MP131CAE3, STM32MP131CAF3, STM32MP131CAG3, STM32MP131DAE7, STM32MP131DAF7, STM32MP131DAG7, STM32MP131FAE7, STM32MP131FAF7, STM32MP131FAG7, STM32MP133AAE3, STM32MP133AAF3, STM32MP133AAG3, STM32MP133CAE3, STM32MP133CAF3, STM32MP133CAG3, STM32MP133DAE7, STM32MP133DAF7, STM32MP133DAG7, STM32MP133FAE7, STM32MP133FAF7, STM32MP133FAG7, STM32MP135AAE3, STM32MP135AAF3, STM32MP135AAG3, STM32MP135CAE3, STM32MP135CAF3, STM32MP135CAG3, STM32MP135DAE7, STM32MP135DAF7, STM32MP135DAG7, STM32MP135F-DK, STM32MP135FAE7, STM32MP135FAF7, STM32MP135FAF7T, STM32MP135FAF7U, STM32MP135FAG7, STM32MP211AAL3, STM32MP211AAM3, STM32MP211AAN3, STM32MP211AAO3, STM32MP211CAL3, STM32MP211CAM3, STM32MP211CAN3, STM32MP211CAO3, STM32MP211DAL3, STM32MP211DAM3, STM32MP211DAN3, STM32MP211DAO3, STM32MP211FAL3, STM32MP211FAM3, STM32MP211FAN3, STM32MP211FAO3, STM32MP213AAL3, STM32MP213AAM3, STM32MP213AAN3, STM32MP213AAO3, STM32MP213CAL3, STM32MP213CAM3, STM32MP213CAN3, STM32MP213CAO3, STM32MP213DAL3, STM32MP213DAM3, STM32MP213DAN3, STM32MP213DAO3, STM32MP213FAL3, STM32MP213FAM3, STM32MP213FAN3, STM32MP213FAO3, STM32MP215AAL3, STM32MP215AAM3, STM32MP215AAN3, STM32MP215AAO3, STM32MP215CAL3, STM32MP215CAM3, STM32MP215CAN3, STM32MP215CAO3, STM32MP215DAL3, STM32MP215DAM3, STM32MP215DAN3, STM32MP215DAO3, STM32MP215F-DK, STM32MP215FAL3, STM32MP215FAM3, STM32MP215FAN3, STM32MP215FAO3, STM32MP231AAJ3, STM32MP231AAK3, STM32MP231AAL3, STM32MP231CAJ3, STM32MP231CAK3, STM32MP231CAL3, STM32MP231DAJ3, STM32MP231DAK3, STM32MP231DAL3, STM32MP231FAJ3, STM32MP231FAK3, STM32MP231FAL3, STM32MP233AAJ3, STM32MP233AAK3, STM32MP233AAL3, STM32MP233CAJ3, STM32MP233CAK3, STM32MP233CAL3, STM32MP233DAJ3, STM32MP233DAK3, STM32MP233DAL3, STM32MP233FAJ3, STM32MP233FAK3, STM32MP233FAL3, STM32MP235AAJ3, STM32MP235AAK3, STM32MP235AAL3, STM32MP235CAJ3, STM32MP235CAK3, STM32MP235CAL3, STM32MP235DAJ3, STM32MP235DAK3, STM32MP235DAL3, STM32MP235FAJ3, STM32MP235FAK3, STM32MP235FAL3, STM32MP251AAI3, STM32MP251AAK3, STM32MP251AAL3, STM32MP251CAI3, STM32MP251CAK3, STM32MP251CAL3, STM32MP251DAI3, STM32MP251DAK3, STM32MP251DAL3, STM32MP251FAI3, STM32MP251FAK3, STM32MP251FAL3, STM32MP253AAI3, STM32MP253AAK3, STM32MP253AAL3, STM32MP253CAI3, STM32MP253CAK3, STM32MP253CAL3, STM32MP253DAI3, STM32MP253DAK3, STM32MP253DAL3, STM32MP253FAI3, STM32MP253FAK3, STM32MP253FAL3, STM32MP255AAI3, STM32MP255AAK3, STM32MP255AAL3, STM32MP255CAI3, STM32MP255CAK3, STM32MP255CAL3, STM32MP255DAI3, STM32MP255DAK3, STM32MP255DAL3, STM32MP255FAI3, STM32MP255FAK3, STM32MP255FAL3, STM32MP257AAI3, STM32MP257AAK3, STM32MP257AAL3, STM32MP257CAI3, STM32MP257CAK3, STM32MP257CAL3, STM32MP257DAI3, STM32MP257DAK3, STM32MP257DAL3, STM32MP257F-DK, STM32MP257F-EV1, STM32MP257FAI3, STM32MP257FAK3, STM32MP257FAL3, STM32N645A0H3Q, STM32N645B0H3Q, STM32N645I0H3Q, STM32N645L0H3Q, STM32N645X0H3Q, STM32N645Z0H3Q, STM32N647A0H3Q, STM32N647B0H3Q, STM32N647I0H3Q, STM32N647L0H3Q, STM32N647X0H3Q, STM32N647Z0H3Q, STM32N655A0H3Q, STM32N655B0H3Q, STM32N655I0H3Q, STM32N655L0H3Q, STM32N655X0H3Q, STM32N655Z0H3Q, STM32N6570-DK, STM32N657A0H3Q, STM32N657B0H3Q, STM32N657I0H3Q, STM32N657L0H3Q, STM32N657X0H3Q, STM32N657Z0H3Q, STM32U031C6T6, STM32U031C6U6, STM32U031C8T6, STM32U031C8U6, STM32U031F4P6, STM32U031F6P6, STM32U031F8P6, STM32U031G6Y6TR, STM32U031G8Y6TR, STM32U031K4U6, STM32U031K6U6, STM32U031K8U6, STM32U031R6I6, STM32U031R6T6, STM32U031R8I6, STM32U031R8T6, STM32U073C8T6, STM32U073C8U6, STM32U073CBT6, STM32U073CBU6, STM32U073CCT6, STM32U073CCU6, STM32U073H8Y6TR, STM32U073HBY6TR, STM32U073HCY6TR, STM32U073K8U6, STM32U073KBU6, STM32U073KCU6, STM32U073M8I6, STM32U073M8T6, STM32U073MBI6, STM32U073MBT6, STM32U073MCI6, STM32U073MCT6, STM32U073R8I6, STM32U073R8T6, STM32U073RBI6, STM32U073RBT6, STM32U073RCI6, STM32U073RCT6, STM32U083C-DK, STM32U083CCT6, STM32U083CCU6, STM32U083HCY6TR, STM32U083KCU6, STM32U083MCI6, STM32U083MCT6, STM32U083RCI6, STM32U083RCT6, STM32U375CET6, STM32U375CET6Q, STM32U375CEU6, STM32U375CEU6Q, STM32U375CEY6QTR, STM32U375CGT6, STM32U375CGT6Q, STM32U375CGU6, STM32U375CGU6Q, STM32U375CGY6QTR, STM32U375KEU6, STM32U375KGU6, STM32U375REI6, STM32U375REI6Q, STM32U375RET6, STM32U375RET6Q, STM32U375REY6GTR, STM32U375REY6QTR, STM32U375RGI6, STM32U375RGI6Q, STM32U375RGT6, STM32U375RGT6Q, STM32U375RGY6GTR, STM32U375RGY6QTR, STM32U375VEI6, STM32U375VEI6Q, STM32U375VET6, STM32U375VET6Q, STM32U375VGI6, STM32U375VGI6Q, STM32U375VGT6, STM32U375VGT6Q, STM32U385CGT6, STM32U385CGT6Q, STM32U385CGU6, STM32U385CGU6Q, STM32U385CGY6QTR, STM32U385KGU6, STM32U385RGI6, STM32U385RGI6Q, STM32U385RGT6, STM32U385RGT6Q, STM32U385RGY6GTR, STM32U385RGY6QTR, STM32U385VGI6, STM32U385VGI6Q, STM32U385VGT6, STM32U385VGT6Q, STM32U535CBT6, STM32U535CBT6Q, STM32U535CBU6, STM32U535CBU6Q, STM32U535CCT6, STM32U535CCT6Q, STM32U535CCU6, STM32U535CCU6Q, STM32U535CET6, STM32U535CET6Q, STM32U535CEU6, STM32U535CEU6Q, STM32U535JEY6QTR, STM32U535NCY6QTR, STM32U535NEY6QTR, STM32U535RBI6, STM32U535RBI6Q, STM32U535RBT6, STM32U535RBT6Q, STM32U535RCI6, STM32U535RCI6Q, STM32U535RCT6, STM32U535RCT6Q, STM32U535REI6, STM32U535REI6Q, STM32U535RET6, STM32U535RET6Q, STM32U535VCI6, STM32U535VCI6Q, STM32U535VCT6, STM32U535VCT6Q, STM32U535VEI6, STM32U535VEI6Q, STM32U535VET6, STM32U535VET6Q, STM32U545CET6, STM32U545CET6Q, STM32U545CEU6, STM32U545CEU6Q, STM32U545JEY6QTR, STM32U545NEY6QTR, STM32U545REI6, STM32U545REI6Q, STM32U545RET6, STM32U545RET6Q, STM32U545VEI6, STM32U545VEI6Q, STM32U545VET6, STM32U545VET6Q, STM32U595AIH6, STM32U595AIH6Q, STM32U595AJH6, STM32U595AJH6Q, STM32U595QII6, STM32U595QII6Q, STM32U595QJI6, STM32U595QJI6Q, STM32U595RIT6, STM32U595RIT6Q, STM32U595RJT6, STM32U595RJT6Q, STM32U595VIT6, STM32U595VIT6Q, STM32U595VJT6, STM32U595VJT6Q, STM32U595ZIT6, STM32U595ZIT6Q, STM32U595ZIY6QTR, STM32U595ZJT6, STM32U595ZJT6Q, STM32U595ZJY6QTR, STM32U599BJY6QTR, STM32U599NIH6Q, STM32U599NJH6Q, STM32U599VIT6Q, STM32U599VJT6, STM32U599VJT6Q, STM32U599ZIT6Q, STM32U599ZIY6QTR, STM32U599ZJT6Q, STM32U599ZJY6QTR, STM32U5A5AJH6, STM32U5A5AJH6Q, STM32U5A5QII3Q , STM32U5A5QJI6, STM32U5A5QJI6Q, STM32U5A5RJT6, STM32U5A5RJT6Q, STM32U5A5VJT6, STM32U5A5VJT6Q, STM32U5A5ZJT6, STM32U5A5ZJT6Q, STM32U5A5ZJY6QTR, STM32U5A9BJY6QTR, STM32U5A9J-DK, STM32U5A9NJH6Q, STM32U5A9VJT6Q, STM32U5A9ZJT6Q, STM32U5A9ZJY6QTR, STM32U5F7VIT6, STM32U5F7VIT6Q, STM32U5F7VJT6, STM32U5F7VJT6Q, STM32U5F9BJY6QTR, STM32U5F9NJH6Q, STM32U5F9VIT6Q, STM32U5F9VJT6Q, STM32U5F9ZIJ6QTR, STM32U5F9ZIT6Q, STM32U5F9ZJJ6QTR, STM32U5F9ZJT6Q, STM32U5G7VJT6, STM32U5G7VJT6Q, STM32U5G9BJY6QTR, STM32U5G9J-DK1, STM32U5G9J-DK2, STM32U5G9NJH6Q, STM32U5G9VJT6Q, STM32U5G9ZJJ6QTR, STM32U5G9ZJT6Q, STM32WB05KZV6TR, STM32WB05KZV7TR, STM32WB05TZF6TR, STM32WB05TZF7TR, STM32WB06CCF6TR, STM32WB06CCF7TR, STM32WB06CCV6TR, STM32WB06CCV7TR, STM32WB06KCV6TR, STM32WB06KCV7TR, STM32WB07CCF6TR, STM32WB07CCF7TR, STM32WB07CCV6TR, STM32WB07CCV7TR, STM32WB07KCV6TR, STM32WB07KCV7TR, STM32WB09KEV6TR, STM32WB09KEV7TR, STM32WB09TEF6TR, STM32WB09TEF7TR, STM32WB1MMCH6, STM32WBA50KGU6, STM32WBA50KGU6TR, STM32WBA52CEU6, STM32WBA52CEU6TR, STM32WBA52CEU7, STM32WBA52CEU7TR, STM32WBA52CGU6, STM32WBA52CGU6TR, STM32WBA52CGU6U, STM32WBA52CGU7, STM32WBA52CGU7TR, STM32WBA52KEU6, STM32WBA52KEU6TR, STM32WBA52KGU6, STM32WBA52KGU6TR, STM32WBA54CEU6, STM32WBA54CEU6TR, STM32WBA54CEU7, STM32WBA54CEU7TR, STM32WBA54CGU6, STM32WBA54CGU6TR, STM32WBA54CGU7, STM32WBA54CGU7TR, STM32WBA54KEU6, STM32WBA54KEU6TR, STM32WBA54KEU7, STM32WBA54KEU7TR, STM32WBA54KGU6, STM32WBA54KGU6TR, STM32WBA54KGU7, STM32WBA54KGU7TR, STM32WBA55CEU6, STM32WBA55CEU6TR, STM32WBA55CEU7, STM32WBA55CEU7TR, STM32WBA55CGU6, STM32WBA55CGU6TR, STM32WBA55CGU6U, STM32WBA55CGU7, STM32WBA55CGU7TR, STM32WBA55G-DK1, STM32WBA55HEF6, STM32WBA55HEF7, STM32WBA55HGF6, STM32WBA55HGF7, STM32WBA55UEI6, STM32WBA55UEI6TR, STM32WBA55UEI7, STM32WBA55UEI7TR, STM32WBA55UGI6, STM32WBA55UGI6TR, STM32WBA55UGI7, STM32WBA55UGI7TR, STM32WBA5MMGH6TR, STM32WBA62MGF6, STM32WBA62MIF6, STM32WBA65MGF7, STM32WBA65MIF6, STM32WBA65MIF7, STM32WL30K8V6, STM32WL30KBV6, STM32WL31C8V6, STM32WL31CBV6, STM32WL31K8V6, STM32WL31KBV6, STM32WL33C8V6, STM32WL33C8V6X, STM32WL33CBV6, STM32WL33CBV6X, STM32WL33CCV6, STM32WL33CCV6A, STM32WL33CCV6X, STM32WL33K8V7, STM32WL33K8V7X, STM32WL33KBV7 , STM32WL33KBV7X, STM32WL33KCV7, STM32WL33KCV7X, STM32WL5MOCH6, STM32WL5MOCH6TR]
2025-11-29 16:11:42,262 [INFO] DbMcus:218 - Found 4876 MCUs, 4876 are supported
2025-11-29 16:11:42,263 [INFO] ApiDb:423 - Load user favorites file C:\Users\user/.stm32cubeide/favorites.mcus.txt: 0 item(s)
2025-11-29 16:11:42,263 [INFO] ApiDb:427 - User favorites MCUs=[]
2025-11-29 16:11:42,263 [INFO] DbMcus:224 - Set 0 / 0 favorites MCUs
2025-11-29 16:11:42,834 [INFO] BoardInfo:889 - No configuration file found for board P-NUCLEO-WB55
2025-11-29 16:11:42,836 [INFO] DbBoards:161 - Kit is not supported: P-NUCLEO-WB55
2025-11-29 16:11:42,842 [INFO] BoardInfo:889 - No configuration file found for board STEVAL-BFA001V1B
2025-11-29 16:11:42,843 [INFO] DbBoards:161 - Kit is not supported: STEVAL-BFA001V1B
2025-11-29 16:11:42,844 [INFO] BoardInfo:889 - No configuration file found for board STEVAL-BFA001V2B
2025-11-29 16:11:42,845 [INFO] DbBoards:161 - Kit is not supported: STEVAL-BFA001V2B
2025-11-29 16:11:43,049 [INFO] DbBoards:168 - Found 212 boards, 209 are supported
2025-11-29 16:11:43,049 [INFO] DbBoards:169 - Found 212 boards, 43 of them is supported for  Bsp
2025-11-29 16:11:43,051 [INFO] ApiDb:423 - Load user favorites file C:\Users\user/.stm32cubeide/favorites.boards.txt: 1 item(s)
2025-11-29 16:11:43,051 [INFO] ApiDb:427 - User favorites Boards=[NUCLEO-L476RG]
2025-11-29 16:11:43,051 [INFO] DbBoards:198 - Set 1 / 1 favorites Boards
2025-11-29 16:11:43,123 [INFO] UtilMem:75 - End LoadConfig() Used Memory: 895996096 Bytes (1073741824)
2025-11-29 16:11:43,282 [WARN] ThirdParty:833 - waiting for thirdparty lock release [change project]
2025-11-29 16:11:43,282 [INFO] ThirdParty:835 - entering critical section [change project]
2025-11-29 16:11:43,282 [INFO] ThirdParty:1030 - CMSIS Pack Vendor :STMicroelectronics X-CUBE-PM33A1 1.0.0
2025-11-29 16:11:43,283 [INFO] ThirdParty:1030 - CMSIS Pack Vendor :STMicroelectronics USBPD 4.1
2025-11-29 16:11:43,283 [INFO] ThirdParty:1030 - CMSIS Pack Vendor :STMicroelectronics X-CUBE-NFC9 1.0.0
2025-11-29 16:11:43,283 [INFO] ThirdParty:1030 - CMSIS Pack Vendor :STMicroelectronics USB_HOST 2.0.0
2025-11-29 16:11:43,283 [INFO] ThirdParty:1030 - CMSIS Pack Vendor :STMicroelectronics FP-SNS-MOTENVWB1 1.4.0
2025-11-29 16:11:43,283 [INFO] ThirdParty:1030 - CMSIS Pack Vendor :STMicroelectronics X-CUBE-AZRTOS-F4 1.1.0
2025-11-29 16:11:43,283 [INFO] ThirdParty:1030 - CMSIS Pack Vendor :STMicroelectronics LIBJPEG 8.0.0
2025-11-29 16:11:43,283 [INFO] ThirdParty:1030 - CMSIS Pack Vendor :STMicroelectronics FP-ATR-ASTRA1 2.0.2
2025-11-29 16:11:43,283 [INFO] ThirdParty:1030 - CMSIS Pack Vendor :wolfSSL I-CUBE-wolfSSL 5.8.2
2025-11-29 16:11:43,283 [INFO] ThirdParty:1030 - CMSIS Pack Vendor :STMicroelectronics X-CUBE-BLE1 7.1.0
2025-11-29 16:11:43,283 [INFO] ThirdParty:1030 - CMSIS Pack Vendor :Avnet-IotConnect X-CUBE-IoTC-DA16k-PMOD 1.0.0
2025-11-29 16:11:43,283 [INFO] ThirdParty:1030 - CMSIS Pack Vendor :STMicroelectronics X-CUBE-SMBUS 2.1.0
2025-11-29 16:11:43,283 [INFO] ThirdParty:1030 - CMSIS Pack Vendor :wolfSSL I-CUBE-wolfMQTT 1.19.2
2025-11-29 16:11:43,283 [INFO] ThirdParty:1030 - CMSIS Pack Vendor :STMicroelectronics USB_DEVICE 3.0.0
2025-11-29 16:11:43,283 [INFO] ThirdParty:1030 - CMSIS Pack Vendor :STMicroelectronics X-CUBE-ISPU 2.1.0
2025-11-29 16:11:43,283 [INFO] ThirdParty:1030 - CMSIS Pack Vendor :STMicroelectronics X-CUBE-FREERTOS 1.4.0
2025-11-29 16:11:43,283 [INFO] ThirdParty:1030 - CMSIS Pack Vendor :STMicroelectronics X-CUBE-EEPRMA1 5.2.0
2025-11-29 16:11:43,283 [INFO] ThirdParty:1030 - CMSIS Pack Vendor :STMicroelectronics X-CUBE-IPS 3.2.0
2025-11-29 16:11:43,283 [INFO] ThirdParty:1030 - CMSIS Pack Vendor :STMicroelectronics X-CUBE-BLEMGR 4.1.0
2025-11-29 16:11:43,283 [INFO] ThirdParty:1030 - CMSIS Pack Vendor :STMicroelectronics X-CUBE-AZRTOS-WB 2.0.0
2025-11-29 16:11:43,283 [INFO] ThirdParty:1030 - CMSIS Pack Vendor :STMicroelectronics X-CUBE-ST60 1.0.0
2025-11-29 16:11:43,284 [INFO] ThirdParty:1030 - CMSIS Pack Vendor :STMicroelectronics X-CUBE-GNSS1 7.0.1
2025-11-29 16:11:43,284 [INFO] ThirdParty:1030 - CMSIS Pack Vendor :STMicroelectronics X-CUBE-NFC12 1.0.0
2025-11-29 16:11:43,284 [INFO] ThirdParty:1030 - CMSIS Pack Vendor :STMicroelectronics X-CUBE-AZRTOS-F7 1.1.0
2025-11-29 16:11:43,284 [INFO] ThirdParty:1030 - CMSIS Pack Vendor :STMicroelectronics X-CUBE-AZRTOS-L5 2.0.0
2025-11-29 16:11:43,284 [INFO] ThirdParty:1030 - CMSIS Pack Vendor :STMicroelectronics X-CUBE-TOUCHGFX 4.25.0
2025-11-29 16:11:43,284 [INFO] ThirdParty:1030 - CMSIS Pack Vendor :STMicroelectronics USB_DEVICE 2.0.0
2025-11-29 16:11:43,284 [INFO] ThirdParty:1030 - CMSIS Pack Vendor :STMicroelectronics X-CUBE-NFC6 3.1.0
2025-11-29 16:11:43,284 [INFO] ThirdParty:1030 - CMSIS Pack Vendor :STMicroelectronics X-CUBE-ST67W61 1.1.0
2025-11-29 16:11:43,284 [INFO] ThirdParty:1030 - CMSIS Pack Vendor :quantropi X-CUBE-qispace-sdk-base 2.1.0
2025-11-29 16:11:43,284 [INFO] ThirdParty:1030 - CMSIS Pack Vendor :STMicroelectronics X-CUBE-MEMS1 12.0.0
2025-11-29 16:11:43,284 [INFO] ThirdParty:1030 - CMSIS Pack Vendor :STMicroelectronics FP-SNS-MOTENV1 5.1.0
2025-11-29 16:11:43,284 [INFO] ThirdParty:1030 - CMSIS Pack Vendor :STMicroelectronics FreeRTOS 0.0.1
2025-11-29 16:11:43,284 [INFO] ThirdParty:1030 - CMSIS Pack Vendor :STMicroelectronics X-CUBE-AZRTOS-G0 1.1.0
2025-11-29 16:11:43,284 [INFO] ThirdParty:1030 - CMSIS Pack Vendor :STMicroelectronics X-CUBE-SAFEA1 1.2.2
2025-11-29 16:11:43,285 [INFO] ThirdParty:1030 - CMSIS Pack Vendor :STMicroelectronics X-CUBE-NFC4 3.0.0
2025-11-29 16:11:43,285 [INFO] ThirdParty:1030 - CMSIS Pack Vendor :STMicroelectronics X-CUBE-SUBG2 5.0.0
2025-11-29 16:11:43,285 [INFO] ThirdParty:1030 - CMSIS Pack Vendor :STMicroelectronics X-CUBE-AZRTOS-H7RS 1.1.0
2025-11-29 16:11:43,285 [INFO] ThirdParty:1030 - CMSIS Pack Vendor :STMicroelectronics STM32_WPAN 1.0.0
2025-11-29 16:11:43,285 [INFO] ThirdParty:1030 - CMSIS Pack Vendor :EmbeddedOffice I-CUBE-FS-RTOS 1.0.1
2025-11-29 16:11:43,285 [INFO] ThirdParty:1030 - CMSIS Pack Vendor :STMicroelectronics lwIP 2.0.3
2025-11-29 16:11:43,285 [INFO] ThirdParty:1030 - CMSIS Pack Vendor :WES I-CUBE-Cesium 1.4.0
2025-11-29 16:11:43,285 [INFO] ThirdParty:1030 - CMSIS Pack Vendor :Cesanta I-CUBE-Mongoose 7.13.0
2025-11-29 16:11:43,285 [INFO] ThirdParty:1030 - CMSIS Pack Vendor :STMicroelectronics USB_HOST 1.0.0
2025-11-29 16:11:43,285 [INFO] ThirdParty:1030 - CMSIS Pack Vendor :Infineon AIROC-Wi-Fi-Bluetooth-STM32 1.7.1
2025-11-29 16:11:43,285 [INFO] ThirdParty:1030 - CMSIS Pack Vendor :STMicroelectronics X-CUBE-AZRTOS-G4 2.0.0
2025-11-29 16:11:43,285 [INFO] ThirdParty:1030 - CMSIS Pack Vendor :STMicroelectronics X-CUBE-WB05N 2.0.0
2025-11-29 16:11:43,286 [INFO] ThirdParty:1030 - CMSIS Pack Vendor :STMicroelectronics PDM2PCM 3.1.0
2025-11-29 16:11:43,286 [INFO] ThirdParty:1030 - CMSIS Pack Vendor :STMicroelectronics PDM2PCM 3.3.0
2025-11-29 16:11:43,286 [INFO] ThirdParty:1030 - CMSIS Pack Vendor :wolfSSL I-CUBE-wolfTPM 3.8.0
2025-11-29 16:11:43,286 [INFO] ThirdParty:1030 - CMSIS Pack Vendor :STMicroelectronics X-CUBE-AZRTOS-H7 3.4.0
2025-11-29 16:11:43,286 [INFO] ThirdParty:1030 - CMSIS Pack Vendor :STMicroelectronics X-CUBE-DISPLAY 3.0.0
2025-11-29 16:11:43,286 [INFO] ThirdParty:1030 - CMSIS Pack Vendor :wolfSSL I-CUBE-wolfSSH 1.4.20
2025-11-29 16:11:43,286 [INFO] ThirdParty:1030 - CMSIS Pack Vendor :STMicroelectronics X-CUBE-NFC7 2.0.0
2025-11-29 16:11:43,286 [INFO] ThirdParty:1030 - CMSIS Pack Vendor :STMicroelectronics X-CUBE-TCPP 4.2.0
2025-11-29 16:11:43,286 [INFO] ThirdParty:1030 - CMSIS Pack Vendor :RealThread X-CUBE-RT-Thread_Nano 4.1.1
2025-11-29 16:11:43,286 [INFO] ThirdParty:1030 - CMSIS Pack Vendor :STMicroelectronics FP-ATR-SIGFOX1 3.2.0
2025-11-29 16:11:43,286 [INFO] ThirdParty:1030 - CMSIS Pack Vendor :STMicroelectronics X-CUBE-NFC10 1.0.0
2025-11-29 16:11:43,286 [INFO] ThirdParty:1030 - CMSIS Pack Vendor :STMicroelectronics X-CUBE-FREERTOS 1.3.1
2025-11-29 16:11:43,286 [INFO] ThirdParty:1030 - CMSIS Pack Vendor :STMicroelectronics HAL Drivers 0.0.0
2025-11-29 16:11:43,286 [INFO] ThirdParty:1030 - CMSIS Pack Vendor :STMicroelectronics MBEDTLS 2.16.2
2025-11-29 16:11:43,286 [INFO] ThirdParty:1030 - CMSIS Pack Vendor :STMicroelectronics X-CUBE-ST60 1.1.0
2025-11-29 16:11:43,286 [INFO] ThirdParty:1030 - CMSIS Pack Vendor :STMicroelectronics X-CUBE-IPS 3.1.0
2025-11-29 16:11:43,286 [INFO] ThirdParty:1030 - CMSIS Pack Vendor :STMicroelectronics X-CUBE-ALS 1.0.2
2025-11-29 16:11:43,286 [INFO] ThirdParty:1030 - CMSIS Pack Vendor :emotas I-CUBE-CANOPEN 1.3.0
2025-11-29 16:11:43,286 [INFO] ThirdParty:1030 - CMSIS Pack Vendor :STMicroelectronics MBEDTLS 2.14.1
2025-11-29 16:11:43,286 [INFO] ThirdParty:1030 - CMSIS Pack Vendor :STMicroelectronics X-CUBE-GNSS1 7.1.0
2025-11-29 16:11:43,286 [INFO] ThirdParty:1030 - CMSIS Pack Vendor :ITTIA_DB I-CUBE-ITTIADB 8.9.0
2025-11-29 16:11:43,286 [INFO] ThirdParty:1030 - CMSIS Pack Vendor :STMicroelectronics X-CUBE-TOUCHGFX 4.26.0
2025-11-29 16:11:43,286 [INFO] ThirdParty:1030 - CMSIS Pack Vendor :STMicroelectronics X-CUBE-STSE01 1.0.0
2025-11-29 16:11:43,286 [INFO] ThirdParty:1030 - CMSIS Pack Vendor :STMicroelectronics X-CUBE-ST67W61 1.0.0
2025-11-29 16:11:43,286 [INFO] ThirdParty:1030 - CMSIS Pack Vendor :STMicroelectronics FP-SNS-STBOX1 2.1.0
2025-11-29 16:11:43,286 [INFO] ThirdParty:1030 - CMSIS Pack Vendor :STMicroelectronics X-CUBE-AI 10.2.0
2025-11-29 16:11:43,287 [INFO] ThirdParty:1030 - CMSIS Pack Vendor :STMicroelectronics FP-SNS-STAIOTCFT 1.0.0
2025-11-29 16:11:43,287 [INFO] ThirdParty:1030 - CMSIS Pack Vendor :STMicroelectronics ThreadX 1.0.0
2025-11-29 16:11:43,287 [INFO] ThirdParty:1030 - CMSIS Pack Vendor :STMicroelectronics FP-SNS-SMARTAG2 1.2.0
2025-11-29 16:11:43,287 [INFO] ThirdParty:1030 - CMSIS Pack Vendor :STMicroelectronics FP-SNS-FLIGHT1 5.1.0
2025-11-29 16:11:43,287 [INFO] ThirdParty:1030 - CMSIS Pack Vendor :STMicroelectronics X-CUBE-AZRTOS-WL 2.0.0
2025-11-29 16:11:43,287 [INFO] ThirdParty:1030 - CMSIS Pack Vendor :SEGGER I-CUBE-embOS 1.3.1
2025-11-29 16:11:43,287 [INFO] ThirdParty:1030 - CMSIS Pack Vendor :STMicroelectronics X-CUBE-ALGOBUILD 1.4.0
2025-11-29 16:11:43,287 [INFO] ThirdParty:1030 - CMSIS Pack Vendor :STMicroelectronics X-CUBE-DPower 1.3.0
2025-11-29 16:11:43,287 [INFO] ThirdParty:1030 - CMSIS Pack Vendor :STMicroelectronics X-CUBE-MEMS1 11.3.0
2025-11-29 16:11:43,287 [INFO] ThirdParty:1030 - CMSIS Pack Vendor :STMicroelectronics FP-SNS-MOTENV1 5.0.0
2025-11-29 16:11:43,287 [INFO] ThirdParty:1030 - CMSIS Pack Vendor :STMicroelectronics USB_DEVICE 1.0.0
2025-11-29 16:11:43,287 [INFO] ThirdParty:1030 - CMSIS Pack Vendor :STMicroelectronics X-CUBE-AZRTOS-H7RS 1.2.0
2025-11-29 16:11:43,287 [INFO] ThirdParty:1030 - CMSIS Pack Vendor :STMicroelectronics X-CUBE-AZRTOS-L4 2.0.0
2025-11-29 16:11:43,287 [INFO] ThirdParty:1030 - CMSIS Pack Vendor :STMicroelectronics ThreadX 0.0.2
2025-11-29 16:11:43,287 [INFO] ThirdParty:1030 - CMSIS Pack Vendor :STMicroelectronics lwIP 2.1.2
2025-11-29 16:11:43,287 [INFO] ThirdParty:1030 - CMSIS Pack Vendor :STMicroelectronics X-CUBE-SFXS2LP1 4.0.0
2025-11-29 16:11:43,287 [INFO] ThirdParty:1030 - CMSIS Pack Vendor :STMicroelectronics X-CUBE-BLE2 3.3.0
2025-11-29 16:11:43,287 [INFO] ThirdParty:1030 - CMSIS Pack Vendor :Avnet-IOTCONNECT X-CUBE-iotc-st67-sdk 1.0.0
2025-11-29 16:11:43,287 [INFO] ThirdParty:1030 - CMSIS Pack Vendor :STMicroelectronics X-CUBE-TOF1 3.4.3
2025-11-29 16:11:43,287 [INFO] ThirdParty:1030 - CMSIS Pack Vendor :STMicroelectronics PDM2PCM 3.2.0
2025-11-29 16:11:43,287 [INFO] ThirdParty:841 - exiting critical section [change project]
2025-11-29 16:11:43,776 [INFO] PinOutPanel:1589 - setPackage(No Configuration,No Configuration)
2025-11-29 16:11:43,777 [INFO] PinOutPanel:1589 - setPackage(STM32L476RGTx,LQFP64)
2025-11-29 16:11:44,434 [INFO] UtilMem:75 - Before build in PCC Used Memory: 881679424 Bytes (1073741824)
2025-11-29 16:11:45,463 [INFO] UtilMem:75 - After build in PCC Used Memory: 976066688 Bytes (1073741824)
2025-11-29 16:11:45,627 [INFO] ApiDbMcu:532 - Load IP Config File for FREERTOS
2025-11-29 16:11:45,658 [INFO] IPUIPlugin:80 - create IPUIPlugin
2025-11-29 16:11:45,658 [INFO] IPUIPlugin:80 - create IPUIPlugin
2025-11-29 16:11:45,658 [INFO] IPUIPlugin:80 - create IPUIPlugin
2025-11-29 16:11:45,659 [INFO] IPUIPlugin:80 - create IPUIPlugin
2025-11-29 16:11:45,659 [INFO] IPUIPlugin:80 - create IPUIPlugin
2025-11-29 16:11:45,659 [INFO] IPUIPlugin:80 - create IPUIPlugin
2025-11-29 16:11:45,659 [INFO] IPUIPlugin:80 - create IPUIPlugin
2025-11-29 16:11:45,659 [INFO] IPUIPlugin:80 - create IPUIPlugin
2025-11-29 16:11:45,659 [INFO] IPUIPlugin:80 - create IPUIPlugin
2025-11-29 16:11:45,659 [INFO] IPUIPlugin:80 - create IPUIPlugin
2025-11-29 16:11:45,659 [INFO] IPUIPlugin:80 - create IPUIPlugin
2025-11-29 16:11:45,659 [INFO] IPUIPlugin:80 - create IPUIPlugin
2025-11-29 16:11:45,659 [INFO] IPUIPlugin:80 - create IPUIPlugin
2025-11-29 16:11:45,660 [INFO] IPUIPlugin:80 - create IPUIPlugin
2025-11-29 16:11:45,660 [INFO] IPUIPlugin:80 - create IPUIPlugin
2025-11-29 16:11:45,660 [INFO] IPUIPlugin:80 - create IPUIPlugin
2025-11-29 16:11:45,660 [INFO] IPUIPlugin:80 - create IPUIPlugin
2025-11-29 16:11:45,660 [INFO] IPUIPlugin:80 - create IPUIPlugin
2025-11-29 16:11:45,660 [INFO] IPUIPlugin:80 - create IPUIPlugin
2025-11-29 16:11:45,660 [INFO] IPUIPlugin:80 - create IPUIPlugin
2025-11-29 16:11:45,661 [INFO] IPUIPlugin:80 - create IPUIPlugin
2025-11-29 16:11:45,661 [INFO] IPUIPlugin:80 - create IPUIPlugin
2025-11-29 16:11:45,661 [INFO] IPUIPlugin:80 - create IPUIPlugin
2025-11-29 16:11:45,661 [INFO] IPUIPlugin:80 - create IPUIPlugin
2025-11-29 16:11:45,661 [INFO] IPUIPlugin:80 - create IPUIPlugin
2025-11-29 16:11:45,661 [INFO] IPUIPlugin:80 - create IPUIPlugin
2025-11-29 16:11:45,662 [INFO] IPUIPlugin:80 - create IPUIPlugin
2025-11-29 16:11:45,662 [INFO] IPUIPlugin:80 - create IPUIPlugin
2025-11-29 16:11:45,662 [INFO] IPUIPlugin:80 - create IPUIPlugin
2025-11-29 16:11:45,662 [INFO] IPUIPlugin:80 - create IPUIPlugin
2025-11-29 16:11:45,662 [INFO] IPUIPlugin:80 - create IPUIPlugin
2025-11-29 16:11:45,662 [INFO] IPUIPlugin:80 - create IPUIPlugin
2025-11-29 16:11:45,663 [INFO] IPUIPlugin:80 - create IPUIPlugin
2025-11-29 16:11:45,663 [INFO] IPUIPlugin:80 - create IPUIPlugin
2025-11-29 16:11:45,663 [INFO] IPUIPlugin:80 - create IPUIPlugin
2025-11-29 16:11:45,663 [INFO] IPUIPlugin:80 - create IPUIPlugin
2025-11-29 16:11:45,663 [INFO] IPUIPlugin:80 - create IPUIPlugin
2025-11-29 16:11:45,664 [INFO] IPUIPlugin:80 - create IPUIPlugin
2025-11-29 16:11:45,664 [INFO] IPUIPlugin:80 - create IPUIPlugin
2025-11-29 16:11:45,664 [INFO] IPUIPlugin:80 - create IPUIPlugin
2025-11-29 16:11:45,664 [INFO] IPUIPlugin:80 - create IPUIPlugin
2025-11-29 16:11:45,664 [INFO] IPUIPlugin:80 - create IPUIPlugin
2025-11-29 16:11:45,664 [INFO] IPUIPlugin:80 - create IPUIPlugin
2025-11-29 16:11:45,665 [INFO] IPUIPlugin:80 - create IPUIPlugin
2025-11-29 16:11:45,665 [INFO] IPUIPlugin:80 - create IPUIPlugin
2025-11-29 16:11:45,665 [INFO] IPUIPlugin:80 - create IPUIPlugin
2025-11-29 16:11:45,665 [INFO] IPUIPlugin:80 - create IPUIPlugin
2025-11-29 16:11:45,665 [INFO] IPUIPlugin:80 - create IPUIPlugin
2025-11-29 16:11:45,666 [INFO] IPUIPlugin:80 - create IPUIPlugin
2025-11-29 16:11:45,666 [INFO] IPUIPlugin:80 - create IPUIPlugin
2025-11-29 16:11:45,666 [INFO] IPUIPlugin:80 - create IPUIPlugin
2025-11-29 16:11:45,666 [INFO] IPUIPlugin:80 - create IPUIPlugin
2025-11-29 16:11:45,667 [INFO] IPUIPlugin:80 - create IPUIPlugin
2025-11-29 16:11:45,667 [INFO] IPUIPlugin:80 - create IPUIPlugin
2025-11-29 16:11:45,667 [INFO] IPUIPlugin:80 - create IPUIPlugin
2025-11-29 16:11:45,667 [INFO] IPUIPlugin:80 - create IPUIPlugin
2025-11-29 16:11:45,668 [INFO] IPUIPlugin:80 - create IPUIPlugin
2025-11-29 16:11:45,668 [INFO] IPUIPlugin:80 - create IPUIPlugin
2025-11-29 16:11:45,668 [INFO] IPUIPlugin:80 - create IPUIPlugin
2025-11-29 16:11:45,729 [WARN] FreeRTOS:1023 - Null or empty value: should not occur! (nothing added to the table)
2025-11-29 16:11:45,945 [INFO] CADModel:165 - CPN selected for project levelSTM32L476RGT3
2025-11-29 16:11:45,945 [INFO] CADModel:114 - Register for checkConnection events
2025-11-29 16:11:45,947 [INFO] RtosManager:728 - Active RTOS found at IOC load: FREERTOS [Cortex-M4NS]
2025-11-29 16:11:46,001 [INFO] OpenFileManager:386 - Restore cursor
2025-11-29 17:00:05,895 [INFO] UtilMem:75 - End SaveConfig() Used Memory: 955607680 Bytes (1073741824)
2025-11-29 17:00:07,613 [INFO] UtilMem:75 - End SaveConfig() Used Memory: 611112368 Bytes (1073741824)
2025-11-29 17:00:11,068 [INFO] UtilMem:75 - End SaveConfig() Used Memory: 658036112 Bytes (1073741824)
2025-11-29 17:00:19,446 [INFO] BlockDiagram:2775 - set Specific Code input for plugin: FREERTOS
2025-11-29 17:00:19,446 [INFO] BlockDiagram:2775 - set Specific Code input for plugin: SYS
2025-11-29 17:00:19,446 [INFO] BlockDiagram:2775 - set Specific Code input for plugin: RCC
2025-11-29 17:00:19,446 [INFO] BlockDiagram:2775 - set Specific Code input for plugin: I2C
2025-11-29 17:00:19,447 [INFO] BlockDiagram:2775 - set Specific Code input for plugin: NVIC
2025-11-29 17:00:19,447 [INFO] BlockDiagram:2775 - set Specific Code input for plugin: GPIO
2025-11-29 17:00:19,448 [INFO] CodeGenerator:892 - code generatio: config db path: C:\ST\STM32CubeIDE_1.19.0\STM32CubeIDE\plugins\com.st.stm32cube.common.mx_6.15.0.202507011659\\db\
2025-11-29 17:00:19,546 [INFO] CodeEngine:265 - oldGeneratedFile, D:\STM32\Lab\Practice3-i2c-eeprom-random-number\MXTmpFiles\license.tmp_save
2025-11-29 17:00:19,946 [INFO] CodeEngine:289 - Generated code: D:\STM32\Lab\Practice3-i2c-eeprom-random-number\MXTmpFiles\license.tmp
2025-11-29 17:00:20,122 [INFO] CodeEngine:265 - oldGeneratedFile, D:\STM32\Lab\Practice3-i2c-eeprom-random-number\MXTmpFiles\gpio.tmp_save
2025-11-29 17:00:20,260 [INFO] CodeEngine:289 - Generated code: D:\STM32\Lab\Practice3-i2c-eeprom-random-number\MXTmpFiles\gpio.tmp
2025-11-29 17:00:20,550 [INFO] Middleware:1452 - No code input for Bsp Dependency
2025-11-29 17:00:20,557 [INFO] CodeEngine:265 - oldGeneratedFile, D:\STM32\Lab\Practice3-i2c-eeprom-random-number\MXTmpFiles\rtos_inc.tmp_save
2025-11-29 17:00:20,652 [INFO] CodeEngine:289 - Generated code: D:\STM32\Lab\Practice3-i2c-eeprom-random-number\MXTmpFiles\rtos_inc.tmp
2025-11-29 17:00:20,656 [INFO] CodeEngine:265 - oldGeneratedFile, D:\STM32\Lab\Practice3-i2c-eeprom-random-number\MXTmpFiles\rtos_kernelInit.tmp_save
2025-11-29 17:00:20,723 [INFO] CodeEngine:289 - Generated code: D:\STM32\Lab\Practice3-i2c-eeprom-random-number\MXTmpFiles\rtos_kernelInit.tmp
2025-11-29 17:00:20,727 [INFO] CodeEngine:265 - oldGeneratedFile, D:\STM32\Lab\Practice3-i2c-eeprom-random-number\MXTmpFiles\rtos_kernelStart.tmp_save
2025-11-29 17:00:20,782 [INFO] CodeEngine:289 - Generated code: D:\STM32\Lab\Practice3-i2c-eeprom-random-number\MXTmpFiles\rtos_kernelStart.tmp
2025-11-29 17:00:20,786 [INFO] CodeEngine:265 - oldGeneratedFile, D:\STM32\Lab\Practice3-i2c-eeprom-random-number\MXTmpFiles\rtos_typedefs.tmp_save
2025-11-29 17:00:20,843 [INFO] CodeEngine:289 - Generated code: D:\STM32\Lab\Practice3-i2c-eeprom-random-number\MXTmpFiles\rtos_typedefs.tmp
2025-11-29 17:00:20,847 [INFO] CodeEngine:265 - oldGeneratedFile, D:\STM32\Lab\Practice3-i2c-eeprom-random-number\MXTmpFiles\rtos_vars.tmp_save
2025-11-29 17:00:20,904 [INFO] CodeEngine:289 - Generated code: D:\STM32\Lab\Practice3-i2c-eeprom-random-number\MXTmpFiles\rtos_vars.tmp
2025-11-29 17:00:20,909 [INFO] CodeEngine:265 - oldGeneratedFile, D:\STM32\Lab\Practice3-i2c-eeprom-random-number\MXTmpFiles\rtos_pfp.tmp_save
2025-11-29 17:00:20,962 [INFO] CodeEngine:289 - Generated code: D:\STM32\Lab\Practice3-i2c-eeprom-random-number\MXTmpFiles\rtos_pfp.tmp
2025-11-29 17:00:20,973 [INFO] CodeEngine:265 - oldGeneratedFile, D:\STM32\Lab\Practice3-i2c-eeprom-random-number\MXTmpFiles\rtos_obj_creat.tmp_save
2025-11-29 17:00:21,025 [INFO] CodeEngine:289 - Generated code: D:\STM32\Lab\Practice3-i2c-eeprom-random-number\MXTmpFiles\rtos_obj_creat.tmp
2025-11-29 17:00:21,029 [INFO] CodeEngine:265 - oldGeneratedFile, D:\STM32\Lab\Practice3-i2c-eeprom-random-number\MXTmpFiles\rtos_default_thread.tmp_save
2025-11-29 17:00:21,077 [INFO] CodeEngine:289 - Generated code: D:\STM32\Lab\Practice3-i2c-eeprom-random-number\MXTmpFiles\rtos_default_thread.tmp
2025-11-29 17:00:21,082 [INFO] CodeEngine:265 - oldGeneratedFile, D:\STM32\Lab\Practice3-i2c-eeprom-random-number\MXTmpFiles\rtos_threads.tmp_save
2025-11-29 17:00:21,131 [INFO] CodeEngine:289 - Generated code: D:\STM32\Lab\Practice3-i2c-eeprom-random-number\MXTmpFiles\rtos_threads.tmp
2025-11-29 17:00:21,144 [INFO] Middleware:1452 - No code input for Bsp Dependency
2025-11-29 17:00:21,150 [INFO] CodeEngine:265 - oldGeneratedFile, D:\STM32\Lab\Practice3-i2c-eeprom-random-number\MXTmpFiles\rtos_inc.tmp_save
2025-11-29 17:00:21,201 [INFO] CodeEngine:289 - Generated code: D:\STM32\Lab\Practice3-i2c-eeprom-random-number\MXTmpFiles\rtos_inc.tmp
2025-11-29 17:00:21,206 [INFO] CodeEngine:265 - oldGeneratedFile, D:\STM32\Lab\Practice3-i2c-eeprom-random-number\MXTmpFiles\rtos_kernelInit.tmp_save
2025-11-29 17:00:21,265 [INFO] CodeEngine:289 - Generated code: D:\STM32\Lab\Practice3-i2c-eeprom-random-number\MXTmpFiles\rtos_kernelInit.tmp
2025-11-29 17:00:21,270 [INFO] CodeEngine:265 - oldGeneratedFile, D:\STM32\Lab\Practice3-i2c-eeprom-random-number\MXTmpFiles\rtos_kernelStart.tmp_save
2025-11-29 17:00:21,327 [INFO] CodeEngine:289 - Generated code: D:\STM32\Lab\Practice3-i2c-eeprom-random-number\MXTmpFiles\rtos_kernelStart.tmp
2025-11-29 17:00:21,332 [INFO] CodeEngine:265 - oldGeneratedFile, D:\STM32\Lab\Practice3-i2c-eeprom-random-number\MXTmpFiles\rtos_typedefs.tmp_save
2025-11-29 17:00:21,384 [INFO] CodeEngine:289 - Generated code: D:\STM32\Lab\Practice3-i2c-eeprom-random-number\MXTmpFiles\rtos_typedefs.tmp
2025-11-29 17:00:21,388 [INFO] CodeEngine:265 - oldGeneratedFile, D:\STM32\Lab\Practice3-i2c-eeprom-random-number\MXTmpFiles\rtos_vars.tmp_save
2025-11-29 17:00:21,438 [INFO] CodeEngine:289 - Generated code: D:\STM32\Lab\Practice3-i2c-eeprom-random-number\MXTmpFiles\rtos_vars.tmp
2025-11-29 17:00:21,443 [INFO] CodeEngine:265 - oldGeneratedFile, D:\STM32\Lab\Practice3-i2c-eeprom-random-number\MXTmpFiles\rtos_pfp.tmp_save
2025-11-29 17:00:21,489 [INFO] CodeEngine:289 - Generated code: D:\STM32\Lab\Practice3-i2c-eeprom-random-number\MXTmpFiles\rtos_pfp.tmp
2025-11-29 17:00:21,493 [INFO] CodeEngine:265 - oldGeneratedFile, D:\STM32\Lab\Practice3-i2c-eeprom-random-number\MXTmpFiles\rtos_obj_creat.tmp_save
2025-11-29 17:00:21,541 [INFO] CodeEngine:289 - Generated code: D:\STM32\Lab\Practice3-i2c-eeprom-random-number\MXTmpFiles\rtos_obj_creat.tmp
2025-11-29 17:00:21,546 [INFO] CodeEngine:265 - oldGeneratedFile, D:\STM32\Lab\Practice3-i2c-eeprom-random-number\MXTmpFiles\rtos_default_thread.tmp_save
2025-11-29 17:00:21,592 [INFO] CodeEngine:289 - Generated code: D:\STM32\Lab\Practice3-i2c-eeprom-random-number\MXTmpFiles\rtos_default_thread.tmp
2025-11-29 17:00:21,596 [INFO] CodeEngine:265 - oldGeneratedFile, D:\STM32\Lab\Practice3-i2c-eeprom-random-number\MXTmpFiles\rtos_threads.tmp_save
2025-11-29 17:00:21,640 [INFO] CodeEngine:289 - Generated code: D:\STM32\Lab\Practice3-i2c-eeprom-random-number\MXTmpFiles\rtos_threads.tmp
2025-11-29 17:00:21,646 [INFO] CodeEngine:265 - oldGeneratedFile, D:\STM32\Lab\Practice3-i2c-eeprom-random-number\Core\Inc\FreeRTOSConfig.h_save
2025-11-29 17:00:21,730 [INFO] CodeEngine:289 - Generated code: D:\STM32\Lab\Practice3-i2c-eeprom-random-number\Core\Inc\FreeRTOSConfig.h
2025-11-29 17:00:21,735 [INFO] CodeEngine:265 - oldGeneratedFile, D:\STM32\Lab\Practice3-i2c-eeprom-random-number\Core\Src\freertos.c_save
2025-11-29 17:00:21,785 [INFO] CodeEngine:289 - Generated code: D:\STM32\Lab\Practice3-i2c-eeprom-random-number\Core\Src\freertos.c
2025-11-29 17:00:21,796 [INFO] CodeEngine:265 - oldGeneratedFile, D:\STM32\Lab\Practice3-i2c-eeprom-random-number\Core\Src\stm32l4xx_it.c_save
2025-11-29 17:00:21,876 [INFO] CodeEngine:289 - Generated code: D:\STM32\Lab\Practice3-i2c-eeprom-random-number\Core\Src\stm32l4xx_it.c
2025-11-29 17:00:21,881 [INFO] CodeEngine:265 - oldGeneratedFile, D:\STM32\Lab\Practice3-i2c-eeprom-random-number\Core\Inc\stm32l4xx_it.h_save
2025-11-29 17:00:21,927 [INFO] CodeEngine:289 - Generated code: D:\STM32\Lab\Practice3-i2c-eeprom-random-number\Core\Inc\stm32l4xx_it.h
2025-11-29 17:00:21,941 [INFO] CodeEngine:265 - oldGeneratedFile, D:\STM32\Lab\Practice3-i2c-eeprom-random-number\Core\Src\stm32l4xx_hal_msp.c_save
2025-11-29 17:00:22,042 [INFO] CodeEngine:289 - Generated code: D:\STM32\Lab\Practice3-i2c-eeprom-random-number\Core\Src\stm32l4xx_hal_msp.c
2025-11-29 17:00:22,046 [INFO] CodeEngine:265 - oldGeneratedFile, D:\STM32\Lab\Practice3-i2c-eeprom-random-number\MXTmpFiles\system.tmp_save
2025-11-29 17:00:22,089 [INFO] CodeEngine:289 - Generated code: D:\STM32\Lab\Practice3-i2c-eeprom-random-number\MXTmpFiles\system.tmp
2025-11-29 17:00:22,099 [INFO] CodeEngine:321 - oldGeneratedFile, D:\STM32\Lab\Practice3-i2c-eeprom-random-number\Core\Inc\stm32l4xx_hal_conf.h_save
2025-11-29 17:00:22,147 [INFO] CodeEngine:345 - Generated code: D:\STM32\Lab\Practice3-i2c-eeprom-random-number\Core\Inc\stm32l4xx_hal_conf.h
2025-11-29 17:00:22,180 [INFO] ApiDbMcu:532 - Load IP Config File for I2C1
2025-11-29 17:00:22,183 [INFO] ApiDbMcu:532 - Load IP Config File for RCC
2025-11-29 17:00:22,196 [INFO] CodeEngine:265 - oldGeneratedFile, D:\STM32\Lab\Practice3-i2c-eeprom-random-number\Core\Inc\main.h_save
2025-11-29 17:00:22,271 [INFO] CodeEngine:289 - Generated code: D:\STM32\Lab\Practice3-i2c-eeprom-random-number\Core\Inc\main.h
2025-11-29 17:00:22,276 [INFO] CodeEngine:265 - oldGeneratedFile, D:\STM32\Lab\Practice3-i2c-eeprom-random-number\Core\Src\main.c_save
2025-11-29 17:00:22,404 [INFO] CodeEngine:289 - Generated code: D:\STM32\Lab\Practice3-i2c-eeprom-random-number\Core\Src\main.c
2025-11-29 17:00:22,949 [INFO] ProjectBuilder:3606 - Time for Copy HAL[1] : 327mS.
2025-11-29 17:00:22,957 [INFO] ProjectBuilder:5216 - Project Generator version: 4.7.0-B52
2025-11-29 17:00:23,026 [INFO] ConfigFileManager:1595 - The Die is : DIE415
2025-11-29 17:00:23,033 [INFO] ApiDbMcu:532 - Load IP Config File for FATFS
2025-11-29 17:00:23,042 [INFO] ApiDbMcu:532 - Load IP Config File for TOUCHSENSING
2025-11-29 17:00:23,050 [INFO] ApiDbMcu:532 - Load IP Config File for USB_DEVICE
2025-11-29 17:00:23,054 [INFO] ApiDbMcu:532 - Load IP Config File for USB_HOST
2025-11-29 17:00:23,455 [INFO] LogOutputStream:77 - [STDOUT_REDIRECT] 
2025-11-29 17:00:24,934 [INFO] ProjectBuilder:5496 - Time for Generating toolchain IDE Files: 1977mS.
2025-11-29 17:00:24,934 [INFO] ProjectBuilder:3463 - Time for Copy CMSIS : 0mS.
2025-11-29 17:00:24,940 [INFO] ProjectBuilder:3463 - Time for Copy CMSIS : 0mS.
2025-11-29 17:03:58,294 [ERROR] LogOutputStream:75 - [STDERR_REDIRECT] 
2025-11-29 19:02:36,462 [INFO] Activator:176 - 


2025-11-29 19:02:36,471 [INFO] Activator:177 - !SESSION log4j initialized
2025-11-29 19:02:44,905 [INFO] LogOutputStream:77 - [STDOUT_REDIRECT] 
2025-11-29 19:02:59,840 [INFO] ApplicationProperties:184 - Using Application install path: C:\ST\STM32CubeIDE_1.19.0\STM32CubeIDE\plugins\com.st.stm32cube.common.mx_6.15.0.202507011659
2025-11-29 19:02:59,859 [INFO] DbMcusXml:78 - Set database path to: C:\ST\STM32CubeIDE_1.19.0\STM32CubeIDE\plugins\com.st.stm32cube.common.mx_6.15.0.202507011659\\db\/mcu/
2025-11-29 19:02:59,859 [INFO] ApiDb:274 - Set plugin database path to: C:\ST\STM32CubeIDE_1.19.0\STM32CubeIDE\plugins\com.st.stm32cube.common.mx_6.15.0.202507011659\\db\/plugins/boardmanager/
2025-11-29 19:02:59,859 [WARN] ApiDb:259 - Overriding images path with different value:  => C:\ST\STM32CubeIDE_1.19.0\STM32CubeIDE\plugins\com.st.stm32cube.common.mx_6.15.0.202507011659\\db\/plugins/mcufinder/images/
2025-11-29 19:02:59,867 [INFO] ApiDb:250 - Set database path to: C:\Users\user\.stmcufinder\plugins\mcufinder//mcu/
2025-11-29 19:02:59,867 [INFO] DbMcusAds:125 - Set database path to: C:\Users\user\.stmcufinder\plugins\mcufinder//mcu/
2025-11-29 19:02:59,886 [INFO] CrossReferenceDbSqlite:203 - Set database path to: C:\Users\user\.stmcufinder\plugins\mcufinder//mcu/cs/
2025-11-29 19:03:00,007 [INFO] RulesReader:64 - Compatibility file has been processed (317 Rules)
2025-11-29 19:03:00,129 [INFO] DbMcusXml:78 - Set database path to: C:\ST\STM32CubeIDE_1.19.0\STM32CubeIDE\plugins\com.st.stm32cube.common.mx_6.15.0.202507011659\\db\/mcu/
2025-11-29 19:03:00,129 [INFO] ApiDb:274 - Set plugin database path to: C:\ST\STM32CubeIDE_1.19.0\STM32CubeIDE\plugins\com.st.stm32cube.common.mx_6.15.0.202507011659\\db\/plugins/boardmanager/
2025-11-29 19:03:00,129 [INFO] ApiDb:261 - Set plugin images path to: C:\ST\STM32CubeIDE_1.19.0\STM32CubeIDE\plugins\com.st.stm32cube.common.mx_6.15.0.202507011659\\db\/plugins/mcufinder/images/
2025-11-29 19:03:00,129 [WARN] DbFile:41 - Overriding database path with different value: C:\Users\user\.stmcufinder\plugins\mcufinder/ => C:\Users\user\.stmcufinder\plugins\mcufinder
2025-11-29 19:03:00,129 [INFO] ApiDb:250 - Set database path to: C:\Users\user\.stmcufinder\plugins\mcufinder//mcu/
2025-11-29 19:03:00,130 [WARN] DbFile:41 - Overriding database path with different value: C:\Users\user\.stmcufinder\plugins\mcufinder/ => C:\Users\user\.stmcufinder\plugins\mcufinder
2025-11-29 19:03:00,130 [INFO] DbMcusAds:125 - Set database path to: C:\Users\user\.stmcufinder\plugins\mcufinder//mcu/
2025-11-29 19:03:00,130 [WARN] DbFile:41 - Overriding database path with different value: C:\Users\user\.stmcufinder\plugins\mcufinder/ => C:\Users\user\.stmcufinder\plugins\mcufinder
2025-11-29 19:03:00,130 [WARN] DbFile:41 - Overriding database path with different value: C:\Users\user\.stmcufinder\plugins\mcufinder/ => C:\Users\user\.stmcufinder\plugins\mcufinder
2025-11-29 19:03:00,130 [INFO] CrossReferenceDbSqlite:203 - Set database path to: C:\Users\user\.stmcufinder\plugins\mcufinder//mcu/cs/
2025-11-29 19:03:00,214 [INFO] MainPanel:274 - HeapMemory: 271581184
2025-11-29 19:03:00,337 [INFO] DbMcusXml:78 - Set database path to: C:\ST\STM32CubeIDE_1.19.0\STM32CubeIDE\plugins\com.st.stm32cube.common.mx_6.15.0.202507011659\\db\/mcu/
2025-11-29 19:03:00,337 [INFO] ApiDb:274 - Set plugin database path to: C:\ST\STM32CubeIDE_1.19.0\STM32CubeIDE\plugins\com.st.stm32cube.common.mx_6.15.0.202507011659\\db\/plugins/boardmanager/
2025-11-29 19:03:00,337 [INFO] ApiDb:261 - Set plugin images path to: C:\ST\STM32CubeIDE_1.19.0\STM32CubeIDE\plugins\com.st.stm32cube.common.mx_6.15.0.202507011659\\db\/plugins/mcufinder/images/
2025-11-29 19:03:00,338 [WARN] DbFile:41 - Overriding database path with different value: C:\Users\user\.stmcufinder\plugins\mcufinder/ => C:\Users\user\.stmcufinder\plugins\mcufinder
2025-11-29 19:03:00,338 [INFO] ApiDb:250 - Set database path to: C:\Users\user\.stmcufinder\plugins\mcufinder//mcu/
2025-11-29 19:03:00,338 [WARN] DbFile:41 - Overriding database path with different value: C:\Users\user\.stmcufinder\plugins\mcufinder/ => C:\Users\user\.stmcufinder\plugins\mcufinder
2025-11-29 19:03:00,338 [INFO] DbMcusAds:125 - Set database path to: C:\Users\user\.stmcufinder\plugins\mcufinder//mcu/
2025-11-29 19:03:00,338 [WARN] DbFile:41 - Overriding database path with different value: C:\Users\user\.stmcufinder\plugins\mcufinder/ => C:\Users\user\.stmcufinder\plugins\mcufinder
2025-11-29 19:03:00,338 [WARN] DbFile:41 - Overriding database path with different value: C:\Users\user\.stmcufinder\plugins\mcufinder/ => C:\Users\user\.stmcufinder\plugins\mcufinder
2025-11-29 19:03:00,338 [INFO] CrossReferenceDbSqlite:203 - Set database path to: C:\Users\user\.stmcufinder\plugins\mcufinder//mcu/cs/
2025-11-29 19:03:00,355 [INFO] ApplicationProperties:184 - Using Application install path: C:\ST\STM32CubeIDE_1.19.0\STM32CubeIDE\plugins\com.st.stm32cube.common.mx_6.15.0.202507011659
2025-11-29 19:03:00,357 [INFO] PluginManage:196 - Search for loadable plugins [exclusion list=, ]
2025-11-29 19:03:00,358 [INFO] PluginManage:310 - Check plugin analytics
2025-11-29 19:03:00,628 [INFO] AnalyticsPlugin:253 - Accepted Software Licenses: 
2025-11-29 19:03:00,628 [INFO] AnalyticsPlugin:255 - Accepted CMSIS Pack Licenses: 
2025-11-29 19:03:00,629 [INFO] AnalyticsPlugin:257 - Accepted Firmware Licenses: FW.L4.1.18.0
2025-11-29 19:03:00,636 [INFO] PluginManage:359 - Loaded plugin analytics (category:tool,tabindex:-1)
2025-11-29 19:03:00,636 [INFO] PluginManage:310 - Check plugin cadmodel
2025-11-29 19:03:00,645 [INFO] CADModel:105 - Init CAD model plugin
2025-11-29 19:03:00,645 [INFO] PluginManage:359 - Loaded plugin cadmodel (category:power,tabindex:5)
2025-11-29 19:03:00,646 [INFO] PluginManage:310 - Check plugin clock
2025-11-29 19:03:00,658 [INFO] PluginManage:359 - Loaded plugin clock (category:base,tabindex:2)
2025-11-29 19:03:00,658 [INFO] PluginManage:310 - Check plugin ddr
2025-11-29 19:03:00,661 [INFO] PluginManage:359 - Loaded plugin ddr (category:tool,tabindex:6)
2025-11-29 19:03:00,661 [INFO] PluginManage:310 - Check plugin filemanager
2025-11-29 19:03:00,832 [INFO] PluginManage:359 - Loaded plugin filemanager (category:base,tabindex:10)
2025-11-29 19:03:00,832 [INFO] PluginManage:310 - Check plugin ipmanager
2025-11-29 19:03:00,840 [INFO] PluginManage:359 - Loaded plugin ipmanager (category:base,tabindex:5)
2025-11-29 19:03:00,840 [INFO] PluginManage:310 - Check plugin lpbam
2025-11-29 19:03:00,848 [INFO] PluginManage:359 - Loaded plugin lpbam (category:base,tabindex:0)
2025-11-29 19:03:00,849 [INFO] PluginManage:310 - Check plugin memorymap
2025-11-29 19:03:00,865 [INFO] PluginManage:359 - Loaded plugin memorymap (category:base,tabindex:4)
2025-11-29 19:03:00,865 [INFO] PluginManage:310 - Check plugin pinoutandconfiguration
2025-11-29 19:03:00,877 [INFO] PluginManage:359 - Loaded plugin pinoutandconfiguration (category:base,tabindex:1)
2025-11-29 19:03:00,877 [INFO] PluginManage:310 - Check plugin pinoutconfig
2025-11-29 19:03:00,965 [WARN] SupportedApi:132 - Cannot load RTOS API schema: s4s-elt-must-match.1: The content of 'definitions' must match (annotation?, (simpleType | complexType)?, (unique | key | keyref)*)). A problem was found starting at: attribute.
2025-11-29 19:03:01,104 [INFO] PluginManage:359 - Loaded plugin pinoutconfig (category:base,tabindex:0)
2025-11-29 19:03:01,104 [INFO] PluginManage:310 - Check plugin power
2025-11-29 19:03:01,115 [INFO] PluginManage:359 - Loaded plugin power (category:power,tabindex:4)
2025-11-29 19:03:01,115 [INFO] PluginManage:310 - Check plugin projectmanager
2025-11-29 19:03:01,132 [INFO] PluginManage:359 - Loaded plugin projectmanager (category:projectmanager,tabindex:4)
2025-11-29 19:03:01,132 [INFO] PluginManage:310 - Check plugin rif
2025-11-29 19:03:01,144 [INFO] PluginManage:359 - Loaded plugin rif (category:base,tabindex:3)
2025-11-29 19:03:01,144 [INFO] PluginManage:310 - Check plugin thirdparty
2025-11-29 19:03:01,303 [WARN] IntegrityCheckThread:84 - waiting for thirdparty lock release [integrity check]
2025-11-29 19:03:01,304 [INFO] IntegrityCheckThread:86 - entering critical section [integrity check]
2025-11-29 19:03:01,304 [INFO] ThirdPartyUpdaterWithRetryManager:70 - Updater plugin not ready yet. [1/15]
2025-11-29 19:03:01,305 [INFO] PluginManage:359 - Loaded plugin thirdparty (category:base,tabindex:-1)
2025-11-29 19:03:01,305 [INFO] PluginManage:310 - Check plugin tools
2025-11-29 19:03:01,310 [INFO] PluginManage:359 - Loaded plugin tools (category:base,tabindex:7)
2025-11-29 19:03:01,310 [INFO] PluginManage:310 - Check plugin tutovideos
2025-11-29 19:03:01,511 [INFO] PluginManage:359 - Loaded plugin tutovideos (category:base,tabindex:-1)
2025-11-29 19:03:01,511 [INFO] PluginManage:310 - Check plugin updater
2025-11-29 19:03:01,533 [INFO] PluginManage:359 - Loaded plugin updater (category:base,tabindex:12)
2025-11-29 19:03:01,533 [INFO] PluginManage:310 - Check plugin userauth
2025-11-29 19:03:01,537 [INFO] UserAuth:118 - Init User Auth plugin
2025-11-29 19:03:01,538 [INFO] PluginManage:359 - Loaded plugin userauth (category:base,tabindex:14)
2025-11-29 19:03:01,538 [INFO] PluginManage:283 - PluginManage : Loaded plugins [18]
2025-11-29 19:03:01,799 [INFO] PinOutPanel:1589 - setPackage(No Configuration,No Configuration)
2025-11-29 19:03:01,879 [INFO] CADModel:165 - CPN selected for project level
2025-11-29 19:03:01,879 [INFO] CADModel:114 - Register for checkConnection events
2025-11-29 19:03:01,895 [INFO] IPUIPlugin:80 - create IPUIPlugin
2025-11-29 19:03:01,895 [INFO] PluginManager:220 - loadIPPluginJar : add adc
2025-11-29 19:03:01,898 [INFO] IPUIPlugin:80 - create IPUIPlugin
2025-11-29 19:03:01,898 [INFO] PluginManager:220 - loadIPPluginJar : add aes
2025-11-29 19:03:01,902 [INFO] IPUIPlugin:80 - create IPUIPlugin
2025-11-29 19:03:01,902 [INFO] PluginManager:220 - loadIPPluginJar : add can
2025-11-29 19:03:01,905 [INFO] IPUIPlugin:80 - create IPUIPlugin
2025-11-29 19:03:01,905 [INFO] PluginManager:220 - loadIPPluginJar : add comp
2025-11-29 19:03:01,907 [INFO] IPUIPlugin:80 - create IPUIPlugin
2025-11-29 19:03:01,907 [INFO] PluginManager:220 - loadIPPluginJar : add cryp
2025-11-29 19:03:01,912 [INFO] IPUIPlugin:80 - create IPUIPlugin
2025-11-29 19:03:01,912 [INFO] PluginManager:220 - loadIPPluginJar : add ddr_ctrl_phy
2025-11-29 19:03:01,914 [INFO] IPUIPlugin:80 - create IPUIPlugin
2025-11-29 19:03:01,915 [INFO] PluginManager:220 - loadIPPluginJar : add dfsdm
2025-11-29 19:03:01,920 [INFO] IPUIPlugin:80 - create IPUIPlugin
2025-11-29 19:03:01,920 [INFO] PluginManager:220 - loadIPPluginJar : add dma
2025-11-29 19:03:01,924 [INFO] IPUIPlugin:80 - create IPUIPlugin
2025-11-29 19:03:01,924 [INFO] PluginManager:220 - loadIPPluginJar : add dma3
2025-11-29 19:03:01,926 [INFO] IPUIPlugin:80 - create IPUIPlugin
2025-11-29 19:03:01,926 [INFO] PluginManager:220 - loadIPPluginJar : add extmemmanager
2025-11-29 19:03:01,928 [INFO] IPUIPlugin:80 - create IPUIPlugin
2025-11-29 19:03:01,928 [INFO] PluginManager:220 - loadIPPluginJar : add fatfs
2025-11-29 19:03:01,932 [INFO] IPUIPlugin:80 - create IPUIPlugin
2025-11-29 19:03:01,932 [INFO] PluginManager:220 - loadIPPluginJar : add fmc
2025-11-29 19:03:01,939 [INFO] IPUIPlugin:80 - create IPUIPlugin
2025-11-29 19:03:01,939 [INFO] PluginManager:220 - loadIPPluginJar : add freertos
2025-11-29 19:03:01,941 [INFO] IPUIPlugin:80 - create IPUIPlugin
2025-11-29 19:03:01,941 [INFO] PluginManager:220 - loadIPPluginJar : add genericplugin
2025-11-29 19:03:01,945 [INFO] IPUIPlugin:80 - create IPUIPlugin
2025-11-29 19:03:01,945 [INFO] PluginManager:220 - loadIPPluginJar : add gfxmmu
2025-11-29 19:03:01,949 [INFO] IPUIPlugin:80 - create IPUIPlugin
2025-11-29 19:03:01,949 [INFO] PluginManager:220 - loadIPPluginJar : add gic
2025-11-29 19:03:01,953 [INFO] IPUIPlugin:80 - create IPUIPlugin
2025-11-29 19:03:01,953 [INFO] PluginManager:220 - loadIPPluginJar : add gpio
2025-11-29 19:03:01,957 [INFO] IPUIPlugin:80 - create IPUIPlugin
2025-11-29 19:03:01,957 [INFO] PluginManager:220 - loadIPPluginJar : add gtzc
2025-11-29 19:03:01,960 [INFO] IPUIPlugin:80 - create IPUIPlugin
2025-11-29 19:03:01,960 [INFO] PluginManager:220 - loadIPPluginJar : add hash
2025-11-29 19:03:01,962 [INFO] IPUIPlugin:80 - create IPUIPlugin
2025-11-29 19:03:01,962 [INFO] PluginManager:220 - loadIPPluginJar : add i2c
2025-11-29 19:03:01,965 [INFO] IPUIPlugin:80 - create IPUIPlugin
2025-11-29 19:03:01,965 [INFO] PluginManager:220 - loadIPPluginJar : add i2s
2025-11-29 19:03:01,968 [INFO] IPUIPlugin:80 - create IPUIPlugin
2025-11-29 19:03:01,968 [INFO] PluginManager:220 - loadIPPluginJar : add i3c
2025-11-29 19:03:01,968 [INFO] IPUIPlugin:80 - create IPUIPlugin
2025-11-29 19:03:01,968 [INFO] PluginManager:220 - loadIPPluginJar : add ipddr
2025-11-29 19:03:01,968 [INFO] IPUIPlugin:80 - create IPUIPlugin
2025-11-29 19:03:01,968 [INFO] PluginManager:220 - loadIPPluginJar : add linkedlist
2025-11-29 19:03:01,980 [INFO] IPUIPlugin:80 - create IPUIPlugin
2025-11-29 19:03:01,981 [INFO] PluginManager:220 - loadIPPluginJar : add lorawan
2025-11-29 19:03:01,983 [INFO] IPUIPlugin:80 - create IPUIPlugin
2025-11-29 19:03:01,983 [INFO] PluginManager:220 - loadIPPluginJar : add ltdc
2025-11-29 19:03:01,989 [INFO] IPUIPlugin:80 - create IPUIPlugin
2025-11-29 19:03:01,989 [INFO] PluginManager:220 - loadIPPluginJar : add mdma
2025-11-29 19:03:01,993 [INFO] IPUIPlugin:80 - create IPUIPlugin
2025-11-29 19:03:01,993 [INFO] PluginManager:220 - loadIPPluginJar : add nvic
2025-11-29 19:03:01,997 [INFO] IPUIPlugin:80 - create IPUIPlugin
2025-11-29 19:03:01,997 [INFO] PluginManager:220 - loadIPPluginJar : add opamp
2025-11-29 19:03:02,000 [INFO] IPUIPlugin:80 - create IPUIPlugin
2025-11-29 19:03:02,001 [INFO] PluginManager:220 - loadIPPluginJar : add openamp
2025-11-29 19:03:02,004 [INFO] IPUIPlugin:80 - create IPUIPlugin
2025-11-29 19:03:02,004 [INFO] PluginManager:220 - loadIPPluginJar : add pdm2pcm
2025-11-29 19:03:02,008 [INFO] IPUIPlugin:80 - create IPUIPlugin
2025-11-29 19:03:02,010 [INFO] PluginManager:220 - loadIPPluginJar : add plateformsettings
2025-11-29 19:03:02,012 [INFO] IPUIPlugin:80 - create IPUIPlugin
2025-11-29 19:03:02,012 [INFO] PluginManager:220 - loadIPPluginJar : add quadspi
2025-11-29 19:03:02,014 [INFO] IPUIPlugin:80 - create IPUIPlugin
2025-11-29 19:03:02,014 [INFO] PluginManager:220 - loadIPPluginJar : add radio
2025-11-29 19:03:02,017 [INFO] IPUIPlugin:80 - create IPUIPlugin
2025-11-29 19:03:02,017 [INFO] PluginManager:220 - loadIPPluginJar : add resmgrutility
2025-11-29 19:03:02,017 [INFO] IPUIPlugin:80 - create IPUIPlugin
2025-11-29 19:03:02,017 [INFO] PluginManager:220 - loadIPPluginJar : add sai
2025-11-29 19:03:02,027 [INFO] IPUIPlugin:80 - create IPUIPlugin
2025-11-29 19:03:02,028 [INFO] PluginManager:220 - loadIPPluginJar : add spi
2025-11-29 19:03:02,033 [INFO] IPUIPlugin:80 - create IPUIPlugin
2025-11-29 19:03:02,033 [INFO] PluginManager:220 - loadIPPluginJar : add stm32_wpan
2025-11-29 19:03:02,035 [INFO] IPUIPlugin:80 - create IPUIPlugin
2025-11-29 19:03:02,035 [INFO] PluginManager:220 - loadIPPluginJar : add tim
2025-11-29 19:03:02,040 [INFO] IPUIPlugin:80 - create IPUIPlugin
2025-11-29 19:03:02,040 [INFO] PluginManager:220 - loadIPPluginJar : add touchsensing
2025-11-29 19:03:02,044 [INFO] IPUIPlugin:80 - create IPUIPlugin
2025-11-29 19:03:02,044 [INFO] PluginManager:220 - loadIPPluginJar : add tracer_emb
2025-11-29 19:03:02,047 [INFO] IPUIPlugin:80 - create IPUIPlugin
2025-11-29 19:03:02,047 [INFO] PluginManager:220 - loadIPPluginJar : add ts
2025-11-29 19:03:02,049 [INFO] IPUIPlugin:80 - create IPUIPlugin
2025-11-29 19:03:02,049 [INFO] PluginManager:220 - loadIPPluginJar : add tsc
2025-11-29 19:03:02,052 [INFO] IPUIPlugin:80 - create IPUIPlugin
2025-11-29 19:03:02,052 [INFO] PluginManager:220 - loadIPPluginJar : add ucpd
2025-11-29 19:03:02,055 [INFO] IPUIPlugin:80 - create IPUIPlugin
2025-11-29 19:03:02,055 [INFO] PluginManager:220 - loadIPPluginJar : add usart
2025-11-29 19:03:02,059 [INFO] IPUIPlugin:80 - create IPUIPlugin
2025-11-29 19:03:02,059 [INFO] PluginManager:220 - loadIPPluginJar : add usbx
2025-11-29 19:03:02,189 [FATAL] Updater:351 - Updater called before beeing initialized
2025-11-29 19:03:02,234 [INFO] RulesReader:64 - Compatibility file has been processed (317 Rules)
2025-11-29 19:03:02,242 [INFO] RulesReader:64 - Compatibility file has been processed (317 Rules)
2025-11-29 19:03:02,267 [INFO] CADModel:165 - CPN selected for project level
2025-11-29 19:03:02,267 [INFO] CADModel:114 - Register for checkConnection events
2025-11-29 19:03:02,267 [FATAL] Updater:351 - Updater called before beeing initialized
2025-11-29 19:03:02,267 [ERROR] CADModel:125 - Updater not yet initialized, retry later 
2025-11-29 19:03:02,467 [FATAL] Updater:351 - Updater called before beeing initialized
2025-11-29 19:03:02,467 [INFO] CADModel:165 - CPN selected for project level
2025-11-29 19:03:02,467 [INFO] CADModel:114 - Register for checkConnection events
2025-11-29 19:03:02,467 [FATAL] Updater:351 - Updater called before beeing initialized
2025-11-29 19:03:02,467 [ERROR] CADModel:125 - Updater not yet initialized, retry later 
2025-11-29 19:03:02,467 [FATAL] Updater:351 - Updater called before beeing initialized
2025-11-29 19:03:02,610 [FATAL] Updater:351 - Updater called before beeing initialized
2025-11-29 19:03:02,635 [INFO] DbMcusAds:53 - JSON generation date=Mon Nov 10 18:43:00 CST 2025 (1762771380761)
2025-11-29 19:03:02,635 [FATAL] Updater:351 - Updater called before beeing initialized
2025-11-29 19:03:02,699 [WARN] DetailPanel:346 - Failed to get advertising image, set to default
2025-11-29 19:03:02,785 [FATAL] Updater:351 - Updater called before beeing initialized
2025-11-29 19:03:02,788 [FATAL] Updater:351 - Updater called before beeing initialized
2025-11-29 19:03:02,788 [FATAL] Updater:351 - Updater called before beeing initialized
2025-11-29 19:03:02,788 [WARN] DetailPanel:346 - Failed to get advertising image, set to default
2025-11-29 19:03:02,789 [FATAL] Updater:351 - Updater called before beeing initialized
2025-11-29 19:03:02,842 [ERROR] Updater:1198 - MainUpdater not yet initialized. External WinMGr cannot be set.
2025-11-29 19:03:02,842 [INFO] Updater:1134 - Updater Version found : 6.15.0
2025-11-29 19:03:02,867 [INFO] ApplicationProperties:184 - Using Application install path: C:\ST\STM32CubeIDE_1.19.0\STM32CubeIDE\plugins\com.st.stm32cube.common.mx_6.15.0.202507011659
2025-11-29 19:03:04,313 [INFO] ThirdPartyUpdaterWithRetryManager:70 - Updater plugin not ready yet. [2/15]
2025-11-29 19:03:04,518 [ERROR] LogOutputStream:75 - [STDERR_REDIRECT] Nov 29, 2025 7:03:04 PM java.util.prefs.WindowsPreferences <init>
2025-11-29 19:03:04,522 [ERROR] LogOutputStream:75 - [STDERR_REDIRECT] WARNING: Could not open/create prefs root node Software\JavaSoft\Prefs at root 0xffffffff80000002. Windows RegCreateKeyEx(...) returned error code 5.
2025-11-29 19:03:04,522 [ERROR] LogOutputStream:75 - [STDERR_REDIRECT] 
2025-11-29 19:03:04,934 [INFO] MainUpdater:2872 - connection check result : 10
2025-11-29 19:03:04,935 [INFO] MainUpdater:289 - Updater Check For Update Now.
2025-11-29 19:03:04,935 [INFO] MicroXplorer:498 - Change Database Version : DB.6.0.150
2025-11-29 19:03:04,950 [INFO] McuFinderGlobals:63 - Set McuFinder mode to 2 (CubeIDE integrated)
2025-11-29 19:03:04,950 [INFO] UserAuth:171 - activating auth plugin
2025-11-29 19:03:04,955 [INFO] UserAuth:487 - Internet connection configuration mode: 1
2025-11-29 19:03:05,000 [INFO] JxBrowserEngine:152 - Initiate JxBrowser Engine with user profile folder
2025-11-29 19:03:05,185 [INFO] CheckServerUpdateThread:120 - End of CheckServer Thread
2025-11-29 19:03:07,053 [INFO] WebApp:169 - Instantiating new browser for Auth
2025-11-29 19:03:07,717 [WARN] PackLoader:240 - Cannot read IP mode file for STMicroelectronics.FP-SNS-MOTENVWB1.1.4.0
2025-11-29 19:03:07,717 [WARN] PackLoader:240 - Cannot read IP mode file for STMicroelectronics.FP-ATR-ASTRA1.2.0.2
2025-11-29 19:03:07,739 [WARN] PackLoader:240 - Cannot read IP mode file for STMicroelectronics.X-CUBE-SMBUS.2.1.0
2025-11-29 19:03:07,745 [WARN] PackLoader:240 - Cannot read IP mode file for STMicroelectronics.X-CUBE-ST60.1.0.0
2025-11-29 19:03:07,792 [WARN] PackLoader:240 - Cannot read IP mode file for STMicroelectronics.X-CUBE-AZRTOS-F7.1.1.0
2025-11-29 19:03:07,802 [WARN] PackLoader:240 - Cannot read IP mode file for STMicroelectronics.FP-SNS-MOTENV1.5.1.0
2025-11-29 19:03:07,815 [WARN] PackLoader:240 - Cannot read IP mode file for WES.I-CUBE-Cesium.1.4.0
2025-11-29 19:03:07,842 [WARN] PackLoader:240 - Cannot read IP mode file for Infineon.AIROC-Wi-Fi-Bluetooth-STM32.1.7.1
2025-11-29 19:03:07,867 [WARN] PackLoader:240 - Cannot read IP mode file for STMicroelectronics.X-CUBE-AZRTOS-H7.3.4.0
2025-11-29 19:03:07,891 [WARN] PackLoader:240 - Cannot read IP mode file for STMicroelectronics.X-CUBE-DISPLAY.3.0.0
2025-11-29 19:03:07,907 [WARN] PackLoader:240 - Cannot read IP mode file for STMicroelectronics.X-CUBE-NFC10.1.0.0
2025-11-29 19:03:07,912 [WARN] PackLoader:240 - Cannot read IP mode file for STMicroelectronics.X-CUBE-ST60.1.1.0
2025-11-29 19:03:07,919 [WARN] PackLoader:240 - Cannot read IP mode file for emotas.I-CUBE-CANOPEN.1.3.0
2025-11-29 19:03:07,925 [WARN] PackLoader:240 - Cannot read IP mode file for STMicroelectronics.X-CUBE-GNSS1.7.1.0
2025-11-29 19:03:07,933 [WARN] PackLoader:240 - Cannot read IP mode file for STMicroelectronics.FP-SNS-STBOX1.2.1.0
2025-11-29 19:03:07,940 [WARN] PackLoader:240 - Cannot read IP mode file for STMicroelectronics.FP-SNS-SMARTAG2.1.2.0
2025-11-29 19:03:07,943 [WARN] PackLoader:240 - Cannot read IP mode file for STMicroelectronics.FP-SNS-FLIGHT1.5.1.0
2025-11-29 19:03:07,953 [INFO] LogOutputStream:77 - [STDOUT_REDIRECT] 1 : Invalid condition id : UX_CORESTACK_Condition cause : null
2025-11-29 19:03:07,955 [INFO] LogOutputStream:77 - [STDOUT_REDIRECT] 1 : Invalid condition id : UX_CORESTACK_Condition cause : null
2025-11-29 19:03:07,956 [INFO] LogOutputStream:77 - [STDOUT_REDIRECT] 1 : Invalid condition id : UX_CORESTACK_Condition cause : null
2025-11-29 19:03:07,958 [INFO] LogOutputStream:77 - [STDOUT_REDIRECT] 1 : Invalid condition id : UX_CORESTACK_Condition cause : null
2025-11-29 19:03:07,959 [INFO] LogOutputStream:77 - [STDOUT_REDIRECT] 1 : Invalid condition id : UX_CORESTACK_Condition cause : null
2025-11-29 19:03:07,962 [WARN] PackLoader:240 - Cannot read IP mode file for STMicroelectronics.X-CUBE-AZRTOS-WL.2.0.0
2025-11-29 19:03:07,967 [WARN] PackLoader:240 - Cannot read IP mode file for STMicroelectronics.FP-SNS-MOTENV1.5.0.0
2025-11-29 19:03:07,985 [WARN] PackLoader:240 - Cannot read IP mode file for STMicroelectronics.X-CUBE-AZRTOS-H7RS.1.2.0
2025-11-29 19:03:07,993 [WARN] PackLoader:240 - Cannot read IP mode file for STMicroelectronics.X-CUBE-BLE2.3.3.0
2025-11-29 19:03:08,019 [WARN] PackLoader:240 - Cannot read IP mode file for STMicroelectronics.X-CUBE-NFC9.1.0.0
2025-11-29 19:03:08,026 [WARN] PackLoader:240 - Cannot read IP mode file for wolfSSL.I-CUBE-wolfSSL.5.8.2
2025-11-29 19:03:08,031 [WARN] PackLoader:240 - Cannot read IP mode file for STMicroelectronics.X-CUBE-BLE1.7.1.0
2025-11-29 19:03:08,035 [WARN] PackLoader:240 - Cannot read IP mode file for wolfSSL.I-CUBE-wolfMQTT.1.19.2
2025-11-29 19:03:08,059 [WARN] PackLoader:240 - Cannot read IP mode file for STMicroelectronics.X-CUBE-FREERTOS.1.4.0
2025-11-29 19:03:08,067 [WARN] PackLoader:240 - Cannot read IP mode file for STMicroelectronics.X-CUBE-EEPRMA1.5.2.0
2025-11-29 19:03:08,067 [WARN] PackLoader:240 - Cannot read IP mode file for STMicroelectronics.X-CUBE-ST67W61.1.1.0
2025-11-29 19:03:08,166 [WARN] PackLoader:240 - Cannot read IP mode file for STMicroelectronics.X-CUBE-MEMS1.12.0.0
2025-11-29 19:03:08,292 [WARN] PackLoader:240 - Cannot read IP mode file for STMicroelectronics.X-CUBE-AZRTOS-G0.1.1.0
2025-11-29 19:03:08,332 [WARN] PackLoader:240 - Cannot read IP mode file for STMicroelectronics.X-CUBE-SAFEA1.1.2.2
2025-11-29 19:03:08,339 [WARN] PackLoader:240 - Cannot read IP mode file for STMicroelectronics.X-CUBE-NFC4.3.0.0
2025-11-29 19:03:08,347 [WARN] PackLoader:240 - Cannot read IP mode file for EmbeddedOffice.I-CUBE-FS-RTOS.1.0.1
2025-11-29 19:03:08,353 [WARN] PackLoader:240 - Cannot read IP mode file for STMicroelectronics.X-CUBE-WB05N.2.0.0
2025-11-29 19:03:08,358 [WARN] PackLoader:240 - Cannot read IP mode file for wolfSSL.I-CUBE-wolfTPM.3.8.0
2025-11-29 19:03:08,363 [WARN] PackLoader:240 - Cannot read IP mode file for STMicroelectronics.X-CUBE-TCPP.4.2.0
2025-11-29 19:03:08,367 [WARN] PackLoader:240 - Cannot read IP mode file for RealThread.X-CUBE-RT-Thread_Nano.4.1.1
2025-11-29 19:03:08,367 [WARN] PackLoader:240 - Cannot read IP mode file for STMicroelectronics.FP-ATR-SIGFOX1.3.2.0
2025-11-29 19:03:08,367 [WARN] PackLoader:240 - Cannot read IP mode file for ITTIA_DB.I-CUBE-ITTIADB.8.9.0
2025-11-29 19:03:08,390 [WARN] PackLoader:240 - Cannot read IP mode file for STMicroelectronics.X-CUBE-ST67W61.1.0.0
2025-11-29 19:03:08,396 [WARN] PackLoader:240 - Cannot read IP mode file for STMicroelectronics.X-CUBE-AI.10.2.0
2025-11-29 19:03:08,417 [WARN] PackLoader:240 - Cannot read IP mode file for SEGGER.I-CUBE-embOS.1.3.1
2025-11-29 19:03:08,461 [WARN] PackLoader:240 - Cannot read IP mode file for STMicroelectronics.X-CUBE-ALGOBUILD.1.4.0
2025-11-29 19:03:08,492 [WARN] PackLoader:240 - Cannot read IP mode file for STMicroelectronics.X-CUBE-MEMS1.11.3.0
2025-11-29 19:03:08,632 [WARN] PackLoader:240 - Cannot read IP mode file for STMicroelectronics.X-CUBE-PM33A1.1.0.0
2025-11-29 19:03:08,651 [WARN] PackLoader:240 - Cannot read IP mode file for STMicroelectronics.X-CUBE-AZRTOS-F4.1.1.0
2025-11-29 19:03:08,656 [WARN] PackLoader:240 - Cannot read IP mode file for Avnet-IotConnect.X-CUBE-IoTC-DA16k-PMOD.1.0.0
2025-11-29 19:03:08,660 [WARN] PackLoader:240 - Cannot read IP mode file for STMicroelectronics.X-CUBE-ISPU.2.1.0
2025-11-29 19:03:08,667 [WARN] PackLoader:240 - Cannot read IP mode file for STMicroelectronics.X-CUBE-IPS.3.2.0
2025-11-29 19:03:08,684 [WARN] PackLoader:240 - Cannot read IP mode file for STMicroelectronics.X-CUBE-NFC12.1.0.0
2025-11-29 19:03:08,700 [WARN] PackLoader:240 - Cannot read IP mode file for STMicroelectronics.X-CUBE-AZRTOS-L5.2.0.0
2025-11-29 19:03:08,708 [WARN] PackLoader:240 - Cannot read IP mode file for STMicroelectronics.X-CUBE-NFC6.3.1.0
2025-11-29 19:03:08,714 [WARN] PackLoader:240 - Cannot read IP mode file for STMicroelectronics.X-CUBE-FREERTOS.1.3.1
2025-11-29 19:03:08,723 [WARN] PackLoader:240 - Cannot read IP mode file for STMicroelectronics.X-CUBE-TOUCHGFX.4.26.0
2025-11-29 19:03:08,727 [WARN] PackLoader:240 - Cannot read IP mode file for STMicroelectronics.FP-SNS-STAIOTCFT.1.0.0
2025-11-29 19:03:08,733 [WARN] PackLoader:240 - Cannot read IP mode file for STMicroelectronics.X-CUBE-DPower.1.3.0
2025-11-29 19:03:08,746 [WARN] ConditionMgr:438 - getConditionDescription Invalid condition id : LAN8742 Phy interface Condition cause : null
2025-11-29 19:03:08,747 [WARN] PackLoader:240 - Cannot read IP mode file for STMicroelectronics.X-CUBE-AZRTOS-L4.2.0.0
2025-11-29 19:03:08,748 [WARN] ConditionMgr:1044 - genDependencies : Invalid condition id : LAN8742 Phy interface Condition cause : null
2025-11-29 19:03:08,748 [WARN] ConditionMgr:1044 - genDependencies : Invalid condition id : LAN8742 Phy interface Condition cause : null
2025-11-29 19:03:08,748 [WARN] ConditionMgr:1044 - genDependencies : Invalid condition id : LAN8742 Phy interface Condition cause : null
2025-11-29 19:03:08,755 [WARN] PackLoader:240 - Cannot read IP mode file for STMicroelectronics.X-CUBE-SFXS2LP1.4.0.0
2025-11-29 19:03:08,769 [WARN] PackLoader:240 - Cannot read IP mode file for STMicroelectronics.X-CUBE-BLEMGR.4.1.0
2025-11-29 19:03:08,787 [WARN] ConditionMgr:438 - getConditionDescription Invalid condition id : UX DEVICE CLASS RTOS Condition cause : null
2025-11-29 19:03:08,787 [WARN] ConditionMgr:438 - getConditionDescription Invalid condition id : UX DEVICE CLASS RTOS Condition cause : null
2025-11-29 19:03:08,789 [WARN] PackLoader:240 - Cannot read IP mode file for STMicroelectronics.X-CUBE-AZRTOS-WB.2.0.0
2025-11-29 19:03:08,790 [WARN] ConditionMgr:1044 - genDependencies : Invalid condition id : UX DEVICE CLASS RTOS Condition cause : null
2025-11-29 19:03:08,790 [WARN] ConditionMgr:1044 - genDependencies : Invalid condition id : UX DEVICE CLASS RTOS Condition cause : null
2025-11-29 19:03:08,790 [WARN] ConditionMgr:1044 - genDependencies : Invalid condition id : UX DEVICE CLASS RTOS Condition cause : null
2025-11-29 19:03:08,791 [WARN] ConditionMgr:1044 - genDependencies : Invalid condition id : UX DEVICE CLASS RTOS Condition cause : null
2025-11-29 19:03:08,791 [WARN] ConditionMgr:1044 - genDependencies : Invalid condition id : UX DEVICE CLASS RTOS Condition cause : null
2025-11-29 19:03:08,795 [WARN] PackLoader:240 - Cannot read IP mode file for STMicroelectronics.X-CUBE-GNSS1.7.0.1
2025-11-29 19:03:08,799 [WARN] PackLoader:240 - Cannot read IP mode file for STMicroelectronics.X-CUBE-TOUCHGFX.4.25.0
2025-11-29 19:03:08,803 [WARN] ConditionMgr:438 - getConditionDescription Invalid condition id : Cortex-A Device cause : null
2025-11-29 19:03:08,813 [WARN] ConditionMgr:1044 - genDependencies : Invalid condition id : Cortex-A Device cause : null
2025-11-29 19:03:08,813 [WARN] ConditionMgr:1044 - genDependencies : Invalid condition id : Cortex-A Device cause : null
2025-11-29 19:03:08,813 [WARN] ConditionMgr:1044 - genDependencies : Invalid condition id : Cortex-A Device cause : null
2025-11-29 19:03:08,856 [WARN] PackLoader:240 - Cannot read IP mode file for STMicroelectronics.X-CUBE-SUBG2.5.0.0
2025-11-29 19:03:08,877 [WARN] PackLoader:240 - Cannot read IP mode file for STMicroelectronics.X-CUBE-AZRTOS-H7RS.1.1.0
2025-11-29 19:03:08,883 [WARN] PackLoader:240 - Cannot read IP mode file for Cesanta.I-CUBE-Mongoose.7.13.0
2025-11-29 19:03:08,894 [WARN] PackLoader:240 - Cannot read IP mode file for STMicroelectronics.X-CUBE-AZRTOS-G4.2.0.0
2025-11-29 19:03:08,899 [WARN] PackLoader:240 - Cannot read IP mode file for wolfSSL.I-CUBE-wolfSSH.1.4.20
2025-11-29 19:03:08,903 [WARN] PackLoader:240 - Cannot read IP mode file for STMicroelectronics.X-CUBE-NFC7.2.0.0
2025-11-29 19:03:08,913 [WARN] PackLoader:240 - Cannot read IP mode file for STMicroelectronics.X-CUBE-IPS.3.1.0
2025-11-29 19:03:08,922 [WARN] PackLoader:240 - Cannot read IP mode file for STMicroelectronics.X-CUBE-ALS.1.0.2
2025-11-29 19:03:08,929 [WARN] PackLoader:240 - Cannot read IP mode file for STMicroelectronics.X-CUBE-STSE01.1.0.0
2025-11-29 19:03:08,939 [WARN] PackLoader:240 - Cannot read IP mode file for STMicroelectronics.X-CUBE-TOF1.3.4.3
2025-11-29 19:03:08,948 [INFO] ThirdParty:978 - Integrity check success = true
2025-11-29 19:03:08,948 [INFO] IntegrityCheckThread:100 - exiting critical section [integrity check]
2025-11-29 19:03:08,948 [INFO] IntegrityCheckThread:103 - End integrity checks thread
2025-11-29 19:03:09,117 [INFO] WebApp:463 - Apply proxy settings
2025-11-29 19:03:09,118 [INFO] WebApp:548 - Chromium requires no authentication
2025-11-29 19:03:09,211 [INFO] WebApp:491 - Direct internet connection detected
2025-11-29 19:03:09,308 [INFO] WebApp:900 - Register for checkConnection events
2025-11-29 19:03:09,308 [INFO] WebApp:463 - Apply proxy settings
2025-11-29 19:03:09,308 [INFO] WebApp:548 - Chromium requires no authentication
2025-11-29 19:03:09,309 [INFO] WebApp:491 - Direct internet connection detected
2025-11-29 19:03:09,439 [INFO] WebApp:191 - Connection restablished
2025-11-29 19:03:09,628 [INFO] WebApp:225 - Starting web application
2025-11-29 19:03:09,629 [INFO] WebApp:593 - Web application path used C:\ST\STM32CubeIDE_1.19.0\STM32CubeIDE\plugins\com.st.stm32cube.common.mx_6.15.0.202507011659\db\plugins\mcufinder\reactClient1\index.html
2025-11-29 20:18:02,819 [INFO] McuFinderGlobals:63 - Set McuFinder mode to 2 (CubeIDE integrated)
2025-11-29 20:18:02,826 [INFO] MainUpdater:2872 - connection check result : 10
2025-11-29 20:18:02,827 [INFO] MainUpdater:2872 - connection check result : 10
2025-11-29 20:18:02,870 [INFO] MicroXplorer:468 - Change Database Path : 
2025-11-29 20:18:02,871 [INFO] MicroXplorer:498 - Change Database Version : DB.6.0.150
2025-11-29 20:18:02,879 [WARN] ThirdParty:871 - waiting for thirdparty lock release [close project]
2025-11-29 20:18:02,879 [INFO] ThirdParty:873 - entering critical section [close project]
2025-11-29 20:18:02,881 [INFO] ThirdParty:883 - exiting critical section [close project]
2025-11-29 20:18:02,884 [INFO] PinOutPanel:1589 - setPackage(No Configuration,No Configuration)
2025-11-29 20:18:02,886 [INFO] UtilMem:75 - Begin LoadConfig() Used Memory: 912766000 Bytes (1073741824)
2025-11-29 20:18:02,887 [INFO] MicroXplorer:468 - Change Database Path : 
2025-11-29 20:18:02,887 [INFO] MicroXplorer:498 - Change Database Version : DB.6.0.150
2025-11-29 20:18:02,887 [INFO] OpenFileManager:355 - Change cursor
2025-11-29 20:18:02,965 [INFO] Mcu:2029 - Initializing MCU STM32L476R(C-E-G)Tx STM32L476RGTx STM32L476RGT3
2025-11-29 20:18:05,255 [INFO] Context:786 - Trying to add GPIOservice into a context  which must be forbidden
2025-11-29 20:18:05,768 [INFO] ImportTextPane:234 - (OptionalMessage_ERROR) Pin24 (VP_RIF_VS_RIF1) cannot be retrieved for this MCU
2025-11-29 20:18:06,006 [INFO] RtosManager:558 - Registered RTOS mode: class=CMSIS, group=RTOS, mode=CMSIS_V1, owner=FREERTOS
2025-11-29 20:18:06,006 [INFO] RtosManager:558 - Registered RTOS mode: class=CMSIS, group=RTOS2, mode=CMSIS_V2, owner=FREERTOS
2025-11-29 20:18:06,006 [INFO] RtosManager:558 - Registered RTOS mode: class=RTOS, group=Core, mode=CMSIS_V1, owner=FREERTOS
2025-11-29 20:18:06,006 [INFO] RtosManager:558 - Registered RTOS mode: class=RTOS, group=Core, mode=CMSIS_V2, owner=FREERTOS
2025-11-29 20:18:06,006 [WARN] ModelIntegratedComponent:184 - Missing modes for component STMicroelectronics:FreeRTOS:0.0.1:STMicroelectronics:RTOS:FreeRTOS:Core:::10.2.0:
2025-11-29 20:18:06,023 [WARN] ModelIntegratedComponent:63 - No mode defined for component null
2025-11-29 20:18:06,023 [WARN] ModelIntegratedComponent:63 - No mode defined for component null
2025-11-29 20:18:06,023 [WARN] ModelIntegratedComponent:63 - No mode defined for component null
2025-11-29 20:18:06,023 [WARN] ModelIntegratedComponent:63 - No mode defined for component null
2025-11-29 20:18:06,023 [WARN] ModelIntegratedComponent:63 - No mode defined for component null
2025-11-29 20:18:06,024 [WARN] ModelIntegratedComponent:63 - No mode defined for component null
2025-11-29 20:18:06,024 [WARN] ModelIntegratedComponent:63 - No mode defined for component null
2025-11-29 20:18:06,024 [WARN] ModelIntegratedComponent:63 - No mode defined for component null
2025-11-29 20:18:06,024 [WARN] ModelIntegratedComponent:63 - No mode defined for component null
2025-11-29 20:18:06,024 [WARN] ModelIntegratedComponent:63 - No mode defined for component null
2025-11-29 20:18:06,024 [WARN] ModelIntegratedComponent:63 - No mode defined for component null
2025-11-29 20:18:06,024 [WARN] ModelIntegratedComponent:63 - No mode defined for component null
2025-11-29 20:18:06,024 [WARN] ModelIntegratedComponent:63 - No mode defined for component null
2025-11-29 20:18:06,024 [WARN] ModelIntegratedComponent:63 - No mode defined for component null
2025-11-29 20:18:06,024 [WARN] ModelIntegratedComponent:63 - No mode defined for component null
2025-11-29 20:18:06,024 [WARN] ModelIntegratedComponent:63 - No mode defined for component null
2025-11-29 20:18:06,024 [WARN] ModelIntegratedComponent:63 - No mode defined for component null
2025-11-29 20:18:06,024 [WARN] ModelIntegratedComponent:63 - No mode defined for component null
2025-11-29 20:18:06,024 [WARN] ModelIntegratedComponent:63 - No mode defined for component null
2025-11-29 20:18:06,024 [WARN] ModelIntegratedComponent:63 - No mode defined for component null
2025-11-29 20:18:06,024 [WARN] ModelIntegratedComponent:63 - No mode defined for component null
2025-11-29 20:18:06,024 [WARN] ModelIntegratedComponent:63 - No mode defined for component null
2025-11-29 20:18:06,025 [WARN] ModelIntegratedComponent:63 - No mode defined for component null
2025-11-29 20:18:06,025 [WARN] ModelIntegratedComponent:63 - No mode defined for component null
2025-11-29 20:18:06,025 [WARN] ModelIntegratedComponent:63 - No mode defined for component null
2025-11-29 20:18:06,025 [WARN] ModelIntegratedComponent:63 - No mode defined for component null
2025-11-29 20:18:06,025 [WARN] ModelIntegratedComponent:63 - No mode defined for component null
2025-11-29 20:18:06,025 [WARN] ModelIntegratedComponent:63 - No mode defined for component null
2025-11-29 20:18:06,025 [WARN] ModelIntegratedComponent:63 - No mode defined for component null
2025-11-29 20:18:06,025 [WARN] ModelIntegratedComponent:63 - No mode defined for component null
2025-11-29 20:18:06,025 [WARN] ModelIntegratedComponent:63 - No mode defined for component null
2025-11-29 20:18:06,025 [WARN] ModelIntegratedComponent:63 - No mode defined for component null
2025-11-29 20:18:06,025 [WARN] ModelIntegratedComponent:63 - No mode defined for component null
2025-11-29 20:18:06,025 [WARN] ModelIntegratedComponent:63 - No mode defined for component null
2025-11-29 20:18:06,025 [WARN] ModelIntegratedComponent:63 - No mode defined for component null
2025-11-29 20:18:06,025 [WARN] ModelPack:524 - Component already loaded: STMicroelectronics:HAL Drivers:0.0.0:STMicroelectronics:Device:STMicro_Driver:XSPI:HAL::0.0.1:HAL_XSPI
2025-11-29 20:18:06,108 [INFO] ThirdPartyModel:298 - Start build external matchings
2025-11-29 20:18:06,787 [INFO] ThirdPartyModel:316 - End build external matchings
2025-11-29 20:18:06,798 [INFO] RtosManager:1018 - Current active RTOS is FREERTOS [Cortex-M4NS]
2025-11-29 20:18:07,248 [INFO] ApiDb:581 - Connected to CubeFinder SQLite database (C:\Users\user\.stmcufinder\plugins\mcufinder\mcu\cube-finder-db.db)
2025-11-29 20:18:07,348 [INFO] ApiDb:668 - CubeFinder database Data Model version=2.1
2025-11-29 20:18:07,348 [INFO] ApiDb:669 - CubeFinder database Configuration version=3.0.39
2025-11-29 20:18:07,348 [INFO] ApiDb:670 - CubeFinder database generation date=2025-11-05 (1762334721)
2025-11-29 20:18:07,348 [INFO] ApiDb:671 - CubeFinder database FW Pack versions=[FP-ATR-ASTRA1_V2.0.0, FP-SNS-FLIGHT1_V5.1.0, FP-SNS-MOTENV1_V5.1.0, FP-SNS-MOTENVWB1_V1.4.0, FP-SNS-SMARTAG2_V1.2.0, FP-SNS-STBOX1_V2.1.0, STM32Cube_FW_C0_V1.4.0, STM32Cube_FW_F4_V1.28.3, STM32Cube_FW_F7_V1.17.4, STM32Cube_FW_G0_V1.6.2, STM32Cube_FW_G4_V1.6.1, STM32Cube_FW_H5_V1.5.1, STM32Cube_FW_H7RS_V1.3.0, STM32Cube_FW_H7_V1.12.1, STM32Cube_FW_L0_V1.12.2, STM32Cube_FW_L4_V1.18.1, STM32Cube_FW_L5_V1.6.0, STM32Cube_FW_N6_V1.3.0, STM32Cube_FW_U0_V1.3.0, STM32Cube_FW_U3_V1.2.1, STM32Cube_FW_U5_V1.8.0, STM32Cube_FW_WB0_V1.4.0, STM32Cube_FW_WBA_V1.8.0, STM32Cube_FW_WB_V1.24.0, STM32Cube_FW_WL3_V1.3.0, STM32Cube_FW_WL_V1.4.0, X-CUBE-ALGOBUILD_V1.4.0, X-CUBE-ALS_V1.0.2, X-CUBE-AZRTOS-F4_V1.1.0, X-CUBE-AZRTOS-F7_V1.1.0, X-CUBE-AZRTOS-G0_V1.1.0, X-CUBE-AZRTOS-G4_V2.0.0, X-CUBE-AZRTOS-H7RS_V1.1.0, X-CUBE-AZRTOS-H7_V3.4.0, X-CUBE-AZRTOS-L4_V2.0.0, X-CUBE-AZRTOS-L5_V2.0.0, X-CUBE-AZRTOS-WB_V2.0.0, X-CUBE-AZRTOS-WL_V2.0.0, X-CUBE-BLE1_V7.1.0, X-CUBE-BLE2_V3.3.0, X-CUBE-BLEMGR_V4.1.0, X-CUBE-EEPRMA1_V5.2.0, X-CUBE-FREERTOS_V1.3.1, X-CUBE-GNSS1_V6.0.0, X-CUBE-MEMS1_V11.3.0, X-CUBE-NFC4_V3.0.0, X-CUBE-NFC7_V2.0.0, X-CUBE-SFXS2LP1_V4.0.0, X-CUBE-ST67W61_V1.1.0, X-CUBE-SUBG2_V5.0.0, X-CUBE-TOF1_V3.4.3]
2025-11-29 20:18:07,498 [INFO] DbBoardsSqlite:226 - include board P-NUCLEO-WB55-NUCLEO as a kit item of type 'Nucleo-64'
2025-11-29 20:18:07,498 [INFO] DbBoardsSqlite:226 - include board P-NUCLEO-WB55-USBDONGLE as a kit item of type 'Nucleo USB Dongle'
2025-11-29 20:18:07,498 [INFO] DbBoardsSqlite:226 - include board STEVAL-IDP005V1 as a kit item of type 'Evaluation Board'
2025-11-29 20:18:07,498 [INFO] DbBoardsSqlite:226 - include board STEVAL-IDP005V2 as a kit item of type 'Evaluation Board'
2025-11-29 20:18:08,495 [INFO] ApiDb:240 - Found 880 in-development CPN: [B-G473E-ZEST1S, B-WB1M-WPAN1, B-WBA5M-WPAN, B-WL5M-SUBG1, NUCLEO-C031C6, NUCLEO-C051C8, NUCLEO-C071RB, NUCLEO-C092RC, NUCLEO-H503RB, NUCLEO-H533RE, NUCLEO-H563ZI, NUCLEO-H7S3L8, NUCLEO-N657X0-Q, NUCLEO-U031R8, NUCLEO-U083RC, NUCLEO-U385RG-Q, NUCLEO-U545RE-Q, NUCLEO-U5A5ZJ-Q, NUCLEO-WB05KZ, NUCLEO-WB07CC, NUCLEO-WB09KE, NUCLEO-WBA52CG, NUCLEO-WBA55CG, NUCLEO-WL33CC1, NUCLEO-WL33CC2, STEVAL-PROTEUS1, STEVAL-SMARTAG2, STEVAL-STWINBX1, STM320518-EVAL, STM32C0116-DK, STM32C011D6Y3TR, STM32C011D6Y6TR, STM32C011F4P3, STM32C011F4P6, STM32C011F4U3, STM32C011F4U6TR, STM32C011F6P3, STM32C011F6P6, STM32C011F6U3, STM32C011F6U6TR, STM32C011J4M3, STM32C011J4M6, STM32C011J6M3, STM32C011J6M6, STM32C0316-DK, STM32C031C4T3, STM32C031C4T6, STM32C031C4U3, STM32C031C4U6, STM32C031C6T3, STM32C031C6T6, STM32C031C6U3, STM32C031C6U6, STM32C031F4P3, STM32C031F4P6, STM32C031F6P3, STM32C031F6P6, STM32C031G4U3, STM32C031G4U6, STM32C031G6U3, STM32C031G6U6, STM32C031K4T3, STM32C031K4T6, STM32C031K4U3, STM32C031K4U6, STM32C031K6T3, STM32C031K6T6, STM32C031K6U3, STM32C031K6U6, STM32C051C6T6, STM32C051C6U6, STM32C051C8T6, STM32C051C8U6, STM32C051D8Y6TR, STM32C051F6P6, STM32C051F8P6, STM32C051G6U6, STM32C051G8U6, STM32C051K6T6, STM32C051K6U6, STM32C051K8T6, STM32C071C8T6, STM32C071C8T6N, STM32C071C8U6, STM32C071C8U6N, STM32C071CBT6, STM32C071CBT6N, STM32C071CBU6, STM32C071CBU6N, STM32C071F8P6, STM32C071F8P6N, STM32C071FBP6, STM32C071FBP6N, STM32C071FBY6TR, STM32C071G8U6, STM32C071G8U6N, STM32C071GBU6, STM32C071GBU6N, STM32C071K8T6, STM32C071K8T6N, STM32C071K8U6, STM32C071K8U6N, STM32C071KBT6, STM32C071KBT6N, STM32C071KBU6, STM32C071KBU6N, STM32C071R8T6, STM32C071R8T6N, STM32C071RBI6N, STM32C071RBT6, STM32C071RBT6N, STM32C091CBT6, STM32C091CBU6, STM32C091CCT6, STM32C091CCU6, STM32C091ECY6TR, STM32C091FBP6, STM32C091FCP6, STM32C091GBU6, STM32C091GCU6, STM32C091KBT6, STM32C091KBU6, STM32C091KCT6, STM32C091KCU6, STM32C091RBT6, STM32C091RCI6, STM32C091RCT6, STM32C092CBT6, STM32C092CBU6, STM32C092CCT6, STM32C092CCU6, STM32C092ECY6TR, STM32C092FBP6, STM32C092FCP6, STM32C092GBU6, STM32C092GCU6, STM32C092KBT6, STM32C092KBU6, STM32C092KCT6, STM32C092KCU6, STM32C092RBT6, STM32C092RCI6, STM32C092RCT6, STM32G071K8TXN, STM32G071K8UXN, STM32G081GBU6N, STM32G081KBT6N, STM32G081KBUXN, STM32G0B1CCT6N, STM32G0B1KCT6, STM32G0B1NEY6TR, STM32G0B1RCT6N, STM32G0C1CCT6, STM32G0C1CCT6N, STM32G0C1CCU6N, STM32G0C1CET6N, STM32G0C1CEU6N, STM32G0C1KCT6, STM32G0C1NEY6TR, STM32G0C1RCI6N, STM32G0C1RCT6N, STM32G0C1REI6N, STM32G0C1RET6N, STM32G0C1VCI6, STM32G0C1VEI6, STM32G411C6T3, STM32G411C6T6, STM32G411C6U3, STM32G411C6U6, STM32G411C8T3, STM32G411C8T6, STM32G411C8U3, STM32G411C8U6, STM32G411CBT3, STM32G411CBT6, STM32G411CBU3, STM32G411CBU6, STM32G411K6T3, STM32G411K6T6, STM32G411K6U3, STM32G411K6U6, STM32G411K8T3, STM32G411K8T6, STM32G411K8U3, STM32G411K8U6, STM32G411KBT3, STM32G411KBT6, STM32G411KBU3, STM32G411KBU6, STM32G411M6T3, STM32G411M6T6, STM32G411M8T3, STM32G411M8T6, STM32G411MBT3, STM32G411MBT6, STM32G411R6T3, STM32G411R6T6, STM32G411R8T3, STM32G411R8T6, STM32G411RBT3, STM32G411RBT6, STM32G414CBT3, STM32G414CBT6, STM32G414CBU3, STM32G414CBU6, STM32G414CCT3, STM32G414CCT6, STM32G414CCU3, STM32G414CCU6, STM32G414MBT3, STM32G414MBT6, STM32G414MCT3, STM32G414MCT6, STM32G414RBT3, STM32G414RBT6, STM32G414RCT3, STM32G414RCT6, STM32G414VBT3, STM32G414VBT6, STM32G414VCT3, STM32G414VCT6, STM32G431CBT3Z, STM32G431RBT3Z, STM32G471CCT6, STM32G471CCU6, STM32G471CET3, STM32G471CET6, STM32G471CEU3, STM32G471CEU6, STM32G471MCT6, STM32G471MET3, STM32G471MET6, STM32G471MEY6TR, STM32G471QCT6, STM32G471QET3, STM32G471RCT6, STM32G471RET3, STM32G471RET6, STM32G471VCH6, STM32G471VCI6, STM32G471VCT6, STM32G471VEH3, STM32G471VEH6, STM32G471VEI3, STM32G471VEI6, STM32G471VET3, STM32G471VET6, STM32G473QET3Z, STM32G473RET3Z, STM32G474CCT6, STM32G491RET3Z, STM32H503CBT6, STM32H503CBU6, STM32H503EBY6TR, STM32H503KBU6, STM32H503RBT6, STM32H523CCT6, STM32H523CCU6, STM32H523CET6, STM32H523CEU6, STM32H523HEY6TR, STM32H523RCT6, STM32H523RET6, STM32H523VCI6, STM32H523VCT6, STM32H523VEI6, STM32H523VET6, STM32H523ZCJ6, STM32H523ZCT6, STM32H523ZEJ6, STM32H523ZET6, STM32H533CET6, STM32H533CEU6, STM32H533HEY6TR, STM32H533RET6, STM32H533VEI6, STM32H533VET6, STM32H533ZEJ6, STM32H533ZET6, STM32H562AGI6, STM32H562AII6, STM32H562IGK6, STM32H562IGT6, STM32H562IIK6, STM32H562IIT6, STM32H562RGT6, STM32H562RGV6, STM32H562RIT6, STM32H562RIV6, STM32H562VGT6, STM32H562VIT6, STM32H562ZGT6, STM32H562ZIT6, STM32H563AGI6, STM32H563AII3Q, STM32H563AII6, STM32H563IGK6, STM32H563IGT6, STM32H563IIK3Q, STM32H563IIK6, STM32H563IIT3Q, STM32H563IIT6, STM32H563MIY3QTR, STM32H563RGT6, STM32H563RGV6, STM32H563RIT6, STM32H563RIV6, STM32H563VGT6, STM32H563VIT3Q, STM32H563VIT6, STM32H563ZGT6, STM32H563ZIT3Q, STM32H563ZIT6, STM32H573AII3Q, STM32H573AII6, STM32H573I-DK, STM32H573IIK3Q, STM32H573IIK6, STM32H573IIT3Q, STM32H573IIT6, STM32H573MIY3QTR, STM32H573RIT6, STM32H573RIV6, STM32H573VIT3Q, STM32H573VIT6, STM32H573ZIT3Q, STM32H573ZIT6, STM32H7R3A8I6, STM32H7R3I8K6, STM32H7R3I8T6, STM32H7R3L8H6, STM32H7R3L8H6H, STM32H7R3R8V6, STM32H7R3V8H6, STM32H7R3V8T6, STM32H7R3V8Y6TR, STM32H7R3Z8J6, STM32H7R3Z8T6, STM32H7R7A8I6, STM32H7R7I8K6, STM32H7R7I8T6, STM32H7R7L8H6, STM32H7R7L8H6H, STM32H7R7Z8J6, STM32H7S3A8I6, STM32H7S3I8K6, STM32H7S3I8T6, STM32H7S3L8H6, STM32H7S3L8H6H, STM32H7S3R8V6, STM32H7S3V8H6, STM32H7S3V8T6, STM32H7S3V8Y6TR, STM32H7S3Z8J6, STM32H7S3Z8T6, STM32H7S78-DK, STM32H7S7A8I6, STM32H7S7I8K6, STM32H7S7I8T6, STM32H7S7L8H6, STM32H7S7L8H6H, STM32H7S7Z8J6, STM32L4R5QGI6STR, STM32MP131AAE3, STM32MP131AAF3, STM32MP131AAG3, STM32MP131CAE3, STM32MP131CAF3, STM32MP131CAG3, STM32MP131DAE7, STM32MP131DAF7, STM32MP131DAG7, STM32MP131FAE7, STM32MP131FAF7, STM32MP131FAG7, STM32MP133AAE3, STM32MP133AAF3, STM32MP133AAG3, STM32MP133CAE3, STM32MP133CAF3, STM32MP133CAG3, STM32MP133DAE7, STM32MP133DAF7, STM32MP133DAG7, STM32MP133FAE7, STM32MP133FAF7, STM32MP133FAG7, STM32MP135AAE3, STM32MP135AAF3, STM32MP135AAG3, STM32MP135CAE3, STM32MP135CAF3, STM32MP135CAG3, STM32MP135DAE7, STM32MP135DAF7, STM32MP135DAG7, STM32MP135F-DK, STM32MP135FAE7, STM32MP135FAF7, STM32MP135FAF7T, STM32MP135FAF7U, STM32MP135FAG7, STM32MP211AAL3, STM32MP211AAM3, STM32MP211AAN3, STM32MP211AAO3, STM32MP211CAL3, STM32MP211CAM3, STM32MP211CAN3, STM32MP211CAO3, STM32MP211DAL3, STM32MP211DAM3, STM32MP211DAN3, STM32MP211DAO3, STM32MP211FAL3, STM32MP211FAM3, STM32MP211FAN3, STM32MP211FAO3, STM32MP213AAL3, STM32MP213AAM3, STM32MP213AAN3, STM32MP213AAO3, STM32MP213CAL3, STM32MP213CAM3, STM32MP213CAN3, STM32MP213CAO3, STM32MP213DAL3, STM32MP213DAM3, STM32MP213DAN3, STM32MP213DAO3, STM32MP213FAL3, STM32MP213FAM3, STM32MP213FAN3, STM32MP213FAO3, STM32MP215AAL3, STM32MP215AAM3, STM32MP215AAN3, STM32MP215AAO3, STM32MP215CAL3, STM32MP215CAM3, STM32MP215CAN3, STM32MP215CAO3, STM32MP215DAL3, STM32MP215DAM3, STM32MP215DAN3, STM32MP215DAO3, STM32MP215F-DK, STM32MP215FAL3, STM32MP215FAM3, STM32MP215FAN3, STM32MP215FAO3, STM32MP231AAJ3, STM32MP231AAK3, STM32MP231AAL3, STM32MP231CAJ3, STM32MP231CAK3, STM32MP231CAL3, STM32MP231DAJ3, STM32MP231DAK3, STM32MP231DAL3, STM32MP231FAJ3, STM32MP231FAK3, STM32MP231FAL3, STM32MP233AAJ3, STM32MP233AAK3, STM32MP233AAL3, STM32MP233CAJ3, STM32MP233CAK3, STM32MP233CAL3, STM32MP233DAJ3, STM32MP233DAK3, STM32MP233DAL3, STM32MP233FAJ3, STM32MP233FAK3, STM32MP233FAL3, STM32MP235AAJ3, STM32MP235AAK3, STM32MP235AAL3, STM32MP235CAJ3, STM32MP235CAK3, STM32MP235CAL3, STM32MP235DAJ3, STM32MP235DAK3, STM32MP235DAL3, STM32MP235FAJ3, STM32MP235FAK3, STM32MP235FAL3, STM32MP251AAI3, STM32MP251AAK3, STM32MP251AAL3, STM32MP251CAI3, STM32MP251CAK3, STM32MP251CAL3, STM32MP251DAI3, STM32MP251DAK3, STM32MP251DAL3, STM32MP251FAI3, STM32MP251FAK3, STM32MP251FAL3, STM32MP253AAI3, STM32MP253AAK3, STM32MP253AAL3, STM32MP253CAI3, STM32MP253CAK3, STM32MP253CAL3, STM32MP253DAI3, STM32MP253DAK3, STM32MP253DAL3, STM32MP253FAI3, STM32MP253FAK3, STM32MP253FAL3, STM32MP255AAI3, STM32MP255AAK3, STM32MP255AAL3, STM32MP255CAI3, STM32MP255CAK3, STM32MP255CAL3, STM32MP255DAI3, STM32MP255DAK3, STM32MP255DAL3, STM32MP255FAI3, STM32MP255FAK3, STM32MP255FAL3, STM32MP257AAI3, STM32MP257AAK3, STM32MP257AAL3, STM32MP257CAI3, STM32MP257CAK3, STM32MP257CAL3, STM32MP257DAI3, STM32MP257DAK3, STM32MP257DAL3, STM32MP257F-DK, STM32MP257F-EV1, STM32MP257FAI3, STM32MP257FAK3, STM32MP257FAL3, STM32N645A0H3Q, STM32N645B0H3Q, STM32N645I0H3Q, STM32N645L0H3Q, STM32N645X0H3Q, STM32N645Z0H3Q, STM32N647A0H3Q, STM32N647B0H3Q, STM32N647I0H3Q, STM32N647L0H3Q, STM32N647X0H3Q, STM32N647Z0H3Q, STM32N655A0H3Q, STM32N655B0H3Q, STM32N655I0H3Q, STM32N655L0H3Q, STM32N655X0H3Q, STM32N655Z0H3Q, STM32N6570-DK, STM32N657A0H3Q, STM32N657B0H3Q, STM32N657I0H3Q, STM32N657L0H3Q, STM32N657X0H3Q, STM32N657Z0H3Q, STM32U031C6T6, STM32U031C6U6, STM32U031C8T6, STM32U031C8U6, STM32U031F4P6, STM32U031F6P6, STM32U031F8P6, STM32U031G6Y6TR, STM32U031G8Y6TR, STM32U031K4U6, STM32U031K6U6, STM32U031K8U6, STM32U031R6I6, STM32U031R6T6, STM32U031R8I6, STM32U031R8T6, STM32U073C8T6, STM32U073C8U6, STM32U073CBT6, STM32U073CBU6, STM32U073CCT6, STM32U073CCU6, STM32U073H8Y6TR, STM32U073HBY6TR, STM32U073HCY6TR, STM32U073K8U6, STM32U073KBU6, STM32U073KCU6, STM32U073M8I6, STM32U073M8T6, STM32U073MBI6, STM32U073MBT6, STM32U073MCI6, STM32U073MCT6, STM32U073R8I6, STM32U073R8T6, STM32U073RBI6, STM32U073RBT6, STM32U073RCI6, STM32U073RCT6, STM32U083C-DK, STM32U083CCT6, STM32U083CCU6, STM32U083HCY6TR, STM32U083KCU6, STM32U083MCI6, STM32U083MCT6, STM32U083RCI6, STM32U083RCT6, STM32U375CET6, STM32U375CET6Q, STM32U375CEU6, STM32U375CEU6Q, STM32U375CEY6QTR, STM32U375CGT6, STM32U375CGT6Q, STM32U375CGU6, STM32U375CGU6Q, STM32U375CGY6QTR, STM32U375KEU6, STM32U375KGU6, STM32U375REI6, STM32U375REI6Q, STM32U375RET6, STM32U375RET6Q, STM32U375REY6GTR, STM32U375REY6QTR, STM32U375RGI6, STM32U375RGI6Q, STM32U375RGT6, STM32U375RGT6Q, STM32U375RGY6GTR, STM32U375RGY6QTR, STM32U375VEI6, STM32U375VEI6Q, STM32U375VET6, STM32U375VET6Q, STM32U375VGI6, STM32U375VGI6Q, STM32U375VGT6, STM32U375VGT6Q, STM32U385CGT6, STM32U385CGT6Q, STM32U385CGU6, STM32U385CGU6Q, STM32U385CGY6QTR, STM32U385KGU6, STM32U385RGI6, STM32U385RGI6Q, STM32U385RGT6, STM32U385RGT6Q, STM32U385RGY6GTR, STM32U385RGY6QTR, STM32U385VGI6, STM32U385VGI6Q, STM32U385VGT6, STM32U385VGT6Q, STM32U535CBT6, STM32U535CBT6Q, STM32U535CBU6, STM32U535CBU6Q, STM32U535CCT6, STM32U535CCT6Q, STM32U535CCU6, STM32U535CCU6Q, STM32U535CET6, STM32U535CET6Q, STM32U535CEU6, STM32U535CEU6Q, STM32U535JEY6QTR, STM32U535NCY6QTR, STM32U535NEY6QTR, STM32U535RBI6, STM32U535RBI6Q, STM32U535RBT6, STM32U535RBT6Q, STM32U535RCI6, STM32U535RCI6Q, STM32U535RCT6, STM32U535RCT6Q, STM32U535REI6, STM32U535REI6Q, STM32U535RET6, STM32U535RET6Q, STM32U535VCI6, STM32U535VCI6Q, STM32U535VCT6, STM32U535VCT6Q, STM32U535VEI6, STM32U535VEI6Q, STM32U535VET6, STM32U535VET6Q, STM32U545CET6, STM32U545CET6Q, STM32U545CEU6, STM32U545CEU6Q, STM32U545JEY6QTR, STM32U545NEY6QTR, STM32U545REI6, STM32U545REI6Q, STM32U545RET6, STM32U545RET6Q, STM32U545VEI6, STM32U545VEI6Q, STM32U545VET6, STM32U545VET6Q, STM32U595AIH6, STM32U595AIH6Q, STM32U595AJH6, STM32U595AJH6Q, STM32U595QII6, STM32U595QII6Q, STM32U595QJI6, STM32U595QJI6Q, STM32U595RIT6, STM32U595RIT6Q, STM32U595RJT6, STM32U595RJT6Q, STM32U595VIT6, STM32U595VIT6Q, STM32U595VJT6, STM32U595VJT6Q, STM32U595ZIT6, STM32U595ZIT6Q, STM32U595ZIY6QTR, STM32U595ZJT6, STM32U595ZJT6Q, STM32U595ZJY6QTR, STM32U599BJY6QTR, STM32U599NIH6Q, STM32U599NJH6Q, STM32U599VIT6Q, STM32U599VJT6, STM32U599VJT6Q, STM32U599ZIT6Q, STM32U599ZIY6QTR, STM32U599ZJT6Q, STM32U599ZJY6QTR, STM32U5A5AJH6, STM32U5A5AJH6Q, STM32U5A5QII3Q , STM32U5A5QJI6, STM32U5A5QJI6Q, STM32U5A5RJT6, STM32U5A5RJT6Q, STM32U5A5VJT6, STM32U5A5VJT6Q, STM32U5A5ZJT6, STM32U5A5ZJT6Q, STM32U5A5ZJY6QTR, STM32U5A9BJY6QTR, STM32U5A9J-DK, STM32U5A9NJH6Q, STM32U5A9VJT6Q, STM32U5A9ZJT6Q, STM32U5A9ZJY6QTR, STM32U5F7VIT6, STM32U5F7VIT6Q, STM32U5F7VJT6, STM32U5F7VJT6Q, STM32U5F9BJY6QTR, STM32U5F9NJH6Q, STM32U5F9VIT6Q, STM32U5F9VJT6Q, STM32U5F9ZIJ6QTR, STM32U5F9ZIT6Q, STM32U5F9ZJJ6QTR, STM32U5F9ZJT6Q, STM32U5G7VJT6, STM32U5G7VJT6Q, STM32U5G9BJY6QTR, STM32U5G9J-DK1, STM32U5G9J-DK2, STM32U5G9NJH6Q, STM32U5G9VJT6Q, STM32U5G9ZJJ6QTR, STM32U5G9ZJT6Q, STM32WB05KZV6TR, STM32WB05KZV7TR, STM32WB05TZF6TR, STM32WB05TZF7TR, STM32WB06CCF6TR, STM32WB06CCF7TR, STM32WB06CCV6TR, STM32WB06CCV7TR, STM32WB06KCV6TR, STM32WB06KCV7TR, STM32WB07CCF6TR, STM32WB07CCF7TR, STM32WB07CCV6TR, STM32WB07CCV7TR, STM32WB07KCV6TR, STM32WB07KCV7TR, STM32WB09KEV6TR, STM32WB09KEV7TR, STM32WB09TEF6TR, STM32WB09TEF7TR, STM32WB1MMCH6, STM32WBA50KGU6, STM32WBA50KGU6TR, STM32WBA52CEU6, STM32WBA52CEU6TR, STM32WBA52CEU7, STM32WBA52CEU7TR, STM32WBA52CGU6, STM32WBA52CGU6TR, STM32WBA52CGU6U, STM32WBA52CGU7, STM32WBA52CGU7TR, STM32WBA52KEU6, STM32WBA52KEU6TR, STM32WBA52KGU6, STM32WBA52KGU6TR, STM32WBA54CEU6, STM32WBA54CEU6TR, STM32WBA54CEU7, STM32WBA54CEU7TR, STM32WBA54CGU6, STM32WBA54CGU6TR, STM32WBA54CGU7, STM32WBA54CGU7TR, STM32WBA54KEU6, STM32WBA54KEU6TR, STM32WBA54KEU7, STM32WBA54KEU7TR, STM32WBA54KGU6, STM32WBA54KGU6TR, STM32WBA54KGU7, STM32WBA54KGU7TR, STM32WBA55CEU6, STM32WBA55CEU6TR, STM32WBA55CEU7, STM32WBA55CEU7TR, STM32WBA55CGU6, STM32WBA55CGU6TR, STM32WBA55CGU6U, STM32WBA55CGU7, STM32WBA55CGU7TR, STM32WBA55G-DK1, STM32WBA55HEF6, STM32WBA55HEF7, STM32WBA55HGF6, STM32WBA55HGF7, STM32WBA55UEI6, STM32WBA55UEI6TR, STM32WBA55UEI7, STM32WBA55UEI7TR, STM32WBA55UGI6, STM32WBA55UGI6TR, STM32WBA55UGI7, STM32WBA55UGI7TR, STM32WBA5MMGH6TR, STM32WBA62MGF6, STM32WBA62MIF6, STM32WBA65MGF7, STM32WBA65MIF6, STM32WBA65MIF7, STM32WL30K8V6, STM32WL30KBV6, STM32WL31C8V6, STM32WL31CBV6, STM32WL31K8V6, STM32WL31KBV6, STM32WL33C8V6, STM32WL33C8V6X, STM32WL33CBV6, STM32WL33CBV6X, STM32WL33CCV6, STM32WL33CCV6A, STM32WL33CCV6X, STM32WL33K8V7, STM32WL33K8V7X, STM32WL33KBV7 , STM32WL33KBV7X, STM32WL33KCV7, STM32WL33KCV7X, STM32WL5MOCH6, STM32WL5MOCH6TR]
2025-11-29 20:18:08,499 [INFO] ApiDb:668 - CubeFinder database Data Model version=2.1
2025-11-29 20:18:08,499 [INFO] ApiDb:669 - CubeFinder database Configuration version=3.0.39
2025-11-29 20:18:08,499 [INFO] ApiDb:670 - CubeFinder database generation date=2025-11-05 (1762334721)
2025-11-29 20:18:08,499 [INFO] ApiDb:671 - CubeFinder database FW Pack versions=[FP-ATR-ASTRA1_V2.0.0, FP-SNS-FLIGHT1_V5.1.0, FP-SNS-MOTENV1_V5.1.0, FP-SNS-MOTENVWB1_V1.4.0, FP-SNS-SMARTAG2_V1.2.0, FP-SNS-STBOX1_V2.1.0, STM32Cube_FW_C0_V1.4.0, STM32Cube_FW_F4_V1.28.3, STM32Cube_FW_F7_V1.17.4, STM32Cube_FW_G0_V1.6.2, STM32Cube_FW_G4_V1.6.1, STM32Cube_FW_H5_V1.5.1, STM32Cube_FW_H7RS_V1.3.0, STM32Cube_FW_H7_V1.12.1, STM32Cube_FW_L0_V1.12.2, STM32Cube_FW_L4_V1.18.1, STM32Cube_FW_L5_V1.6.0, STM32Cube_FW_N6_V1.3.0, STM32Cube_FW_U0_V1.3.0, STM32Cube_FW_U3_V1.2.1, STM32Cube_FW_U5_V1.8.0, STM32Cube_FW_WB0_V1.4.0, STM32Cube_FW_WBA_V1.8.0, STM32Cube_FW_WB_V1.24.0, STM32Cube_FW_WL3_V1.3.0, STM32Cube_FW_WL_V1.4.0, X-CUBE-ALGOBUILD_V1.4.0, X-CUBE-ALS_V1.0.2, X-CUBE-AZRTOS-F4_V1.1.0, X-CUBE-AZRTOS-F7_V1.1.0, X-CUBE-AZRTOS-G0_V1.1.0, X-CUBE-AZRTOS-G4_V2.0.0, X-CUBE-AZRTOS-H7RS_V1.1.0, X-CUBE-AZRTOS-H7_V3.4.0, X-CUBE-AZRTOS-L4_V2.0.0, X-CUBE-AZRTOS-L5_V2.0.0, X-CUBE-AZRTOS-WB_V2.0.0, X-CUBE-AZRTOS-WL_V2.0.0, X-CUBE-BLE1_V7.1.0, X-CUBE-BLE2_V3.3.0, X-CUBE-BLEMGR_V4.1.0, X-CUBE-EEPRMA1_V5.2.0, X-CUBE-FREERTOS_V1.3.1, X-CUBE-GNSS1_V6.0.0, X-CUBE-MEMS1_V11.3.0, X-CUBE-NFC4_V3.0.0, X-CUBE-NFC7_V2.0.0, X-CUBE-SFXS2LP1_V4.0.0, X-CUBE-ST67W61_V1.1.0, X-CUBE-SUBG2_V5.0.0, X-CUBE-TOF1_V3.4.3]
2025-11-29 20:18:10,357 [INFO] ApiDb:240 - Found 880 in-development CPN: [B-G473E-ZEST1S, B-WB1M-WPAN1, B-WBA5M-WPAN, B-WL5M-SUBG1, NUCLEO-C031C6, NUCLEO-C051C8, NUCLEO-C071RB, NUCLEO-C092RC, NUCLEO-H503RB, NUCLEO-H533RE, NUCLEO-H563ZI, NUCLEO-H7S3L8, NUCLEO-N657X0-Q, NUCLEO-U031R8, NUCLEO-U083RC, NUCLEO-U385RG-Q, NUCLEO-U545RE-Q, NUCLEO-U5A5ZJ-Q, NUCLEO-WB05KZ, NUCLEO-WB07CC, NUCLEO-WB09KE, NUCLEO-WBA52CG, NUCLEO-WBA55CG, NUCLEO-WL33CC1, NUCLEO-WL33CC2, STEVAL-PROTEUS1, STEVAL-SMARTAG2, STEVAL-STWINBX1, STM320518-EVAL, STM32C0116-DK, STM32C011D6Y3TR, STM32C011D6Y6TR, STM32C011F4P3, STM32C011F4P6, STM32C011F4U3, STM32C011F4U6TR, STM32C011F6P3, STM32C011F6P6, STM32C011F6U3, STM32C011F6U6TR, STM32C011J4M3, STM32C011J4M6, STM32C011J6M3, STM32C011J6M6, STM32C0316-DK, STM32C031C4T3, STM32C031C4T6, STM32C031C4U3, STM32C031C4U6, STM32C031C6T3, STM32C031C6T6, STM32C031C6U3, STM32C031C6U6, STM32C031F4P3, STM32C031F4P6, STM32C031F6P3, STM32C031F6P6, STM32C031G4U3, STM32C031G4U6, STM32C031G6U3, STM32C031G6U6, STM32C031K4T3, STM32C031K4T6, STM32C031K4U3, STM32C031K4U6, STM32C031K6T3, STM32C031K6T6, STM32C031K6U3, STM32C031K6U6, STM32C051C6T6, STM32C051C6U6, STM32C051C8T6, STM32C051C8U6, STM32C051D8Y6TR, STM32C051F6P6, STM32C051F8P6, STM32C051G6U6, STM32C051G8U6, STM32C051K6T6, STM32C051K6U6, STM32C051K8T6, STM32C071C8T6, STM32C071C8T6N, STM32C071C8U6, STM32C071C8U6N, STM32C071CBT6, STM32C071CBT6N, STM32C071CBU6, STM32C071CBU6N, STM32C071F8P6, STM32C071F8P6N, STM32C071FBP6, STM32C071FBP6N, STM32C071FBY6TR, STM32C071G8U6, STM32C071G8U6N, STM32C071GBU6, STM32C071GBU6N, STM32C071K8T6, STM32C071K8T6N, STM32C071K8U6, STM32C071K8U6N, STM32C071KBT6, STM32C071KBT6N, STM32C071KBU6, STM32C071KBU6N, STM32C071R8T6, STM32C071R8T6N, STM32C071RBI6N, STM32C071RBT6, STM32C071RBT6N, STM32C091CBT6, STM32C091CBU6, STM32C091CCT6, STM32C091CCU6, STM32C091ECY6TR, STM32C091FBP6, STM32C091FCP6, STM32C091GBU6, STM32C091GCU6, STM32C091KBT6, STM32C091KBU6, STM32C091KCT6, STM32C091KCU6, STM32C091RBT6, STM32C091RCI6, STM32C091RCT6, STM32C092CBT6, STM32C092CBU6, STM32C092CCT6, STM32C092CCU6, STM32C092ECY6TR, STM32C092FBP6, STM32C092FCP6, STM32C092GBU6, STM32C092GCU6, STM32C092KBT6, STM32C092KBU6, STM32C092KCT6, STM32C092KCU6, STM32C092RBT6, STM32C092RCI6, STM32C092RCT6, STM32G071K8TXN, STM32G071K8UXN, STM32G081GBU6N, STM32G081KBT6N, STM32G081KBUXN, STM32G0B1CCT6N, STM32G0B1KCT6, STM32G0B1NEY6TR, STM32G0B1RCT6N, STM32G0C1CCT6, STM32G0C1CCT6N, STM32G0C1CCU6N, STM32G0C1CET6N, STM32G0C1CEU6N, STM32G0C1KCT6, STM32G0C1NEY6TR, STM32G0C1RCI6N, STM32G0C1RCT6N, STM32G0C1REI6N, STM32G0C1RET6N, STM32G0C1VCI6, STM32G0C1VEI6, STM32G411C6T3, STM32G411C6T6, STM32G411C6U3, STM32G411C6U6, STM32G411C8T3, STM32G411C8T6, STM32G411C8U3, STM32G411C8U6, STM32G411CBT3, STM32G411CBT6, STM32G411CBU3, STM32G411CBU6, STM32G411K6T3, STM32G411K6T6, STM32G411K6U3, STM32G411K6U6, STM32G411K8T3, STM32G411K8T6, STM32G411K8U3, STM32G411K8U6, STM32G411KBT3, STM32G411KBT6, STM32G411KBU3, STM32G411KBU6, STM32G411M6T3, STM32G411M6T6, STM32G411M8T3, STM32G411M8T6, STM32G411MBT3, STM32G411MBT6, STM32G411R6T3, STM32G411R6T6, STM32G411R8T3, STM32G411R8T6, STM32G411RBT3, STM32G411RBT6, STM32G414CBT3, STM32G414CBT6, STM32G414CBU3, STM32G414CBU6, STM32G414CCT3, STM32G414CCT6, STM32G414CCU3, STM32G414CCU6, STM32G414MBT3, STM32G414MBT6, STM32G414MCT3, STM32G414MCT6, STM32G414RBT3, STM32G414RBT6, STM32G414RCT3, STM32G414RCT6, STM32G414VBT3, STM32G414VBT6, STM32G414VCT3, STM32G414VCT6, STM32G431CBT3Z, STM32G431RBT3Z, STM32G471CCT6, STM32G471CCU6, STM32G471CET3, STM32G471CET6, STM32G471CEU3, STM32G471CEU6, STM32G471MCT6, STM32G471MET3, STM32G471MET6, STM32G471MEY6TR, STM32G471QCT6, STM32G471QET3, STM32G471RCT6, STM32G471RET3, STM32G471RET6, STM32G471VCH6, STM32G471VCI6, STM32G471VCT6, STM32G471VEH3, STM32G471VEH6, STM32G471VEI3, STM32G471VEI6, STM32G471VET3, STM32G471VET6, STM32G473QET3Z, STM32G473RET3Z, STM32G474CCT6, STM32G491RET3Z, STM32H503CBT6, STM32H503CBU6, STM32H503EBY6TR, STM32H503KBU6, STM32H503RBT6, STM32H523CCT6, STM32H523CCU6, STM32H523CET6, STM32H523CEU6, STM32H523HEY6TR, STM32H523RCT6, STM32H523RET6, STM32H523VCI6, STM32H523VCT6, STM32H523VEI6, STM32H523VET6, STM32H523ZCJ6, STM32H523ZCT6, STM32H523ZEJ6, STM32H523ZET6, STM32H533CET6, STM32H533CEU6, STM32H533HEY6TR, STM32H533RET6, STM32H533VEI6, STM32H533VET6, STM32H533ZEJ6, STM32H533ZET6, STM32H562AGI6, STM32H562AII6, STM32H562IGK6, STM32H562IGT6, STM32H562IIK6, STM32H562IIT6, STM32H562RGT6, STM32H562RGV6, STM32H562RIT6, STM32H562RIV6, STM32H562VGT6, STM32H562VIT6, STM32H562ZGT6, STM32H562ZIT6, STM32H563AGI6, STM32H563AII3Q, STM32H563AII6, STM32H563IGK6, STM32H563IGT6, STM32H563IIK3Q, STM32H563IIK6, STM32H563IIT3Q, STM32H563IIT6, STM32H563MIY3QTR, STM32H563RGT6, STM32H563RGV6, STM32H563RIT6, STM32H563RIV6, STM32H563VGT6, STM32H563VIT3Q, STM32H563VIT6, STM32H563ZGT6, STM32H563ZIT3Q, STM32H563ZIT6, STM32H573AII3Q, STM32H573AII6, STM32H573I-DK, STM32H573IIK3Q, STM32H573IIK6, STM32H573IIT3Q, STM32H573IIT6, STM32H573MIY3QTR, STM32H573RIT6, STM32H573RIV6, STM32H573VIT3Q, STM32H573VIT6, STM32H573ZIT3Q, STM32H573ZIT6, STM32H7R3A8I6, STM32H7R3I8K6, STM32H7R3I8T6, STM32H7R3L8H6, STM32H7R3L8H6H, STM32H7R3R8V6, STM32H7R3V8H6, STM32H7R3V8T6, STM32H7R3V8Y6TR, STM32H7R3Z8J6, STM32H7R3Z8T6, STM32H7R7A8I6, STM32H7R7I8K6, STM32H7R7I8T6, STM32H7R7L8H6, STM32H7R7L8H6H, STM32H7R7Z8J6, STM32H7S3A8I6, STM32H7S3I8K6, STM32H7S3I8T6, STM32H7S3L8H6, STM32H7S3L8H6H, STM32H7S3R8V6, STM32H7S3V8H6, STM32H7S3V8T6, STM32H7S3V8Y6TR, STM32H7S3Z8J6, STM32H7S3Z8T6, STM32H7S78-DK, STM32H7S7A8I6, STM32H7S7I8K6, STM32H7S7I8T6, STM32H7S7L8H6, STM32H7S7L8H6H, STM32H7S7Z8J6, STM32L4R5QGI6STR, STM32MP131AAE3, STM32MP131AAF3, STM32MP131AAG3, STM32MP131CAE3, STM32MP131CAF3, STM32MP131CAG3, STM32MP131DAE7, STM32MP131DAF7, STM32MP131DAG7, STM32MP131FAE7, STM32MP131FAF7, STM32MP131FAG7, STM32MP133AAE3, STM32MP133AAF3, STM32MP133AAG3, STM32MP133CAE3, STM32MP133CAF3, STM32MP133CAG3, STM32MP133DAE7, STM32MP133DAF7, STM32MP133DAG7, STM32MP133FAE7, STM32MP133FAF7, STM32MP133FAG7, STM32MP135AAE3, STM32MP135AAF3, STM32MP135AAG3, STM32MP135CAE3, STM32MP135CAF3, STM32MP135CAG3, STM32MP135DAE7, STM32MP135DAF7, STM32MP135DAG7, STM32MP135F-DK, STM32MP135FAE7, STM32MP135FAF7, STM32MP135FAF7T, STM32MP135FAF7U, STM32MP135FAG7, STM32MP211AAL3, STM32MP211AAM3, STM32MP211AAN3, STM32MP211AAO3, STM32MP211CAL3, STM32MP211CAM3, STM32MP211CAN3, STM32MP211CAO3, STM32MP211DAL3, STM32MP211DAM3, STM32MP211DAN3, STM32MP211DAO3, STM32MP211FAL3, STM32MP211FAM3, STM32MP211FAN3, STM32MP211FAO3, STM32MP213AAL3, STM32MP213AAM3, STM32MP213AAN3, STM32MP213AAO3, STM32MP213CAL3, STM32MP213CAM3, STM32MP213CAN3, STM32MP213CAO3, STM32MP213DAL3, STM32MP213DAM3, STM32MP213DAN3, STM32MP213DAO3, STM32MP213FAL3, STM32MP213FAM3, STM32MP213FAN3, STM32MP213FAO3, STM32MP215AAL3, STM32MP215AAM3, STM32MP215AAN3, STM32MP215AAO3, STM32MP215CAL3, STM32MP215CAM3, STM32MP215CAN3, STM32MP215CAO3, STM32MP215DAL3, STM32MP215DAM3, STM32MP215DAN3, STM32MP215DAO3, STM32MP215F-DK, STM32MP215FAL3, STM32MP215FAM3, STM32MP215FAN3, STM32MP215FAO3, STM32MP231AAJ3, STM32MP231AAK3, STM32MP231AAL3, STM32MP231CAJ3, STM32MP231CAK3, STM32MP231CAL3, STM32MP231DAJ3, STM32MP231DAK3, STM32MP231DAL3, STM32MP231FAJ3, STM32MP231FAK3, STM32MP231FAL3, STM32MP233AAJ3, STM32MP233AAK3, STM32MP233AAL3, STM32MP233CAJ3, STM32MP233CAK3, STM32MP233CAL3, STM32MP233DAJ3, STM32MP233DAK3, STM32MP233DAL3, STM32MP233FAJ3, STM32MP233FAK3, STM32MP233FAL3, STM32MP235AAJ3, STM32MP235AAK3, STM32MP235AAL3, STM32MP235CAJ3, STM32MP235CAK3, STM32MP235CAL3, STM32MP235DAJ3, STM32MP235DAK3, STM32MP235DAL3, STM32MP235FAJ3, STM32MP235FAK3, STM32MP235FAL3, STM32MP251AAI3, STM32MP251AAK3, STM32MP251AAL3, STM32MP251CAI3, STM32MP251CAK3, STM32MP251CAL3, STM32MP251DAI3, STM32MP251DAK3, STM32MP251DAL3, STM32MP251FAI3, STM32MP251FAK3, STM32MP251FAL3, STM32MP253AAI3, STM32MP253AAK3, STM32MP253AAL3, STM32MP253CAI3, STM32MP253CAK3, STM32MP253CAL3, STM32MP253DAI3, STM32MP253DAK3, STM32MP253DAL3, STM32MP253FAI3, STM32MP253FAK3, STM32MP253FAL3, STM32MP255AAI3, STM32MP255AAK3, STM32MP255AAL3, STM32MP255CAI3, STM32MP255CAK3, STM32MP255CAL3, STM32MP255DAI3, STM32MP255DAK3, STM32MP255DAL3, STM32MP255FAI3, STM32MP255FAK3, STM32MP255FAL3, STM32MP257AAI3, STM32MP257AAK3, STM32MP257AAL3, STM32MP257CAI3, STM32MP257CAK3, STM32MP257CAL3, STM32MP257DAI3, STM32MP257DAK3, STM32MP257DAL3, STM32MP257F-DK, STM32MP257F-EV1, STM32MP257FAI3, STM32MP257FAK3, STM32MP257FAL3, STM32N645A0H3Q, STM32N645B0H3Q, STM32N645I0H3Q, STM32N645L0H3Q, STM32N645X0H3Q, STM32N645Z0H3Q, STM32N647A0H3Q, STM32N647B0H3Q, STM32N647I0H3Q, STM32N647L0H3Q, STM32N647X0H3Q, STM32N647Z0H3Q, STM32N655A0H3Q, STM32N655B0H3Q, STM32N655I0H3Q, STM32N655L0H3Q, STM32N655X0H3Q, STM32N655Z0H3Q, STM32N6570-DK, STM32N657A0H3Q, STM32N657B0H3Q, STM32N657I0H3Q, STM32N657L0H3Q, STM32N657X0H3Q, STM32N657Z0H3Q, STM32U031C6T6, STM32U031C6U6, STM32U031C8T6, STM32U031C8U6, STM32U031F4P6, STM32U031F6P6, STM32U031F8P6, STM32U031G6Y6TR, STM32U031G8Y6TR, STM32U031K4U6, STM32U031K6U6, STM32U031K8U6, STM32U031R6I6, STM32U031R6T6, STM32U031R8I6, STM32U031R8T6, STM32U073C8T6, STM32U073C8U6, STM32U073CBT6, STM32U073CBU6, STM32U073CCT6, STM32U073CCU6, STM32U073H8Y6TR, STM32U073HBY6TR, STM32U073HCY6TR, STM32U073K8U6, STM32U073KBU6, STM32U073KCU6, STM32U073M8I6, STM32U073M8T6, STM32U073MBI6, STM32U073MBT6, STM32U073MCI6, STM32U073MCT6, STM32U073R8I6, STM32U073R8T6, STM32U073RBI6, STM32U073RBT6, STM32U073RCI6, STM32U073RCT6, STM32U083C-DK, STM32U083CCT6, STM32U083CCU6, STM32U083HCY6TR, STM32U083KCU6, STM32U083MCI6, STM32U083MCT6, STM32U083RCI6, STM32U083RCT6, STM32U375CET6, STM32U375CET6Q, STM32U375CEU6, STM32U375CEU6Q, STM32U375CEY6QTR, STM32U375CGT6, STM32U375CGT6Q, STM32U375CGU6, STM32U375CGU6Q, STM32U375CGY6QTR, STM32U375KEU6, STM32U375KGU6, STM32U375REI6, STM32U375REI6Q, STM32U375RET6, STM32U375RET6Q, STM32U375REY6GTR, STM32U375REY6QTR, STM32U375RGI6, STM32U375RGI6Q, STM32U375RGT6, STM32U375RGT6Q, STM32U375RGY6GTR, STM32U375RGY6QTR, STM32U375VEI6, STM32U375VEI6Q, STM32U375VET6, STM32U375VET6Q, STM32U375VGI6, STM32U375VGI6Q, STM32U375VGT6, STM32U375VGT6Q, STM32U385CGT6, STM32U385CGT6Q, STM32U385CGU6, STM32U385CGU6Q, STM32U385CGY6QTR, STM32U385KGU6, STM32U385RGI6, STM32U385RGI6Q, STM32U385RGT6, STM32U385RGT6Q, STM32U385RGY6GTR, STM32U385RGY6QTR, STM32U385VGI6, STM32U385VGI6Q, STM32U385VGT6, STM32U385VGT6Q, STM32U535CBT6, STM32U535CBT6Q, STM32U535CBU6, STM32U535CBU6Q, STM32U535CCT6, STM32U535CCT6Q, STM32U535CCU6, STM32U535CCU6Q, STM32U535CET6, STM32U535CET6Q, STM32U535CEU6, STM32U535CEU6Q, STM32U535JEY6QTR, STM32U535NCY6QTR, STM32U535NEY6QTR, STM32U535RBI6, STM32U535RBI6Q, STM32U535RBT6, STM32U535RBT6Q, STM32U535RCI6, STM32U535RCI6Q, STM32U535RCT6, STM32U535RCT6Q, STM32U535REI6, STM32U535REI6Q, STM32U535RET6, STM32U535RET6Q, STM32U535VCI6, STM32U535VCI6Q, STM32U535VCT6, STM32U535VCT6Q, STM32U535VEI6, STM32U535VEI6Q, STM32U535VET6, STM32U535VET6Q, STM32U545CET6, STM32U545CET6Q, STM32U545CEU6, STM32U545CEU6Q, STM32U545JEY6QTR, STM32U545NEY6QTR, STM32U545REI6, STM32U545REI6Q, STM32U545RET6, STM32U545RET6Q, STM32U545VEI6, STM32U545VEI6Q, STM32U545VET6, STM32U545VET6Q, STM32U595AIH6, STM32U595AIH6Q, STM32U595AJH6, STM32U595AJH6Q, STM32U595QII6, STM32U595QII6Q, STM32U595QJI6, STM32U595QJI6Q, STM32U595RIT6, STM32U595RIT6Q, STM32U595RJT6, STM32U595RJT6Q, STM32U595VIT6, STM32U595VIT6Q, STM32U595VJT6, STM32U595VJT6Q, STM32U595ZIT6, STM32U595ZIT6Q, STM32U595ZIY6QTR, STM32U595ZJT6, STM32U595ZJT6Q, STM32U595ZJY6QTR, STM32U599BJY6QTR, STM32U599NIH6Q, STM32U599NJH6Q, STM32U599VIT6Q, STM32U599VJT6, STM32U599VJT6Q, STM32U599ZIT6Q, STM32U599ZIY6QTR, STM32U599ZJT6Q, STM32U599ZJY6QTR, STM32U5A5AJH6, STM32U5A5AJH6Q, STM32U5A5QII3Q , STM32U5A5QJI6, STM32U5A5QJI6Q, STM32U5A5RJT6, STM32U5A5RJT6Q, STM32U5A5VJT6, STM32U5A5VJT6Q, STM32U5A5ZJT6, STM32U5A5ZJT6Q, STM32U5A5ZJY6QTR, STM32U5A9BJY6QTR, STM32U5A9J-DK, STM32U5A9NJH6Q, STM32U5A9VJT6Q, STM32U5A9ZJT6Q, STM32U5A9ZJY6QTR, STM32U5F7VIT6, STM32U5F7VIT6Q, STM32U5F7VJT6, STM32U5F7VJT6Q, STM32U5F9BJY6QTR, STM32U5F9NJH6Q, STM32U5F9VIT6Q, STM32U5F9VJT6Q, STM32U5F9ZIJ6QTR, STM32U5F9ZIT6Q, STM32U5F9ZJJ6QTR, STM32U5F9ZJT6Q, STM32U5G7VJT6, STM32U5G7VJT6Q, STM32U5G9BJY6QTR, STM32U5G9J-DK1, STM32U5G9J-DK2, STM32U5G9NJH6Q, STM32U5G9VJT6Q, STM32U5G9ZJJ6QTR, STM32U5G9ZJT6Q, STM32WB05KZV6TR, STM32WB05KZV7TR, STM32WB05TZF6TR, STM32WB05TZF7TR, STM32WB06CCF6TR, STM32WB06CCF7TR, STM32WB06CCV6TR, STM32WB06CCV7TR, STM32WB06KCV6TR, STM32WB06KCV7TR, STM32WB07CCF6TR, STM32WB07CCF7TR, STM32WB07CCV6TR, STM32WB07CCV7TR, STM32WB07KCV6TR, STM32WB07KCV7TR, STM32WB09KEV6TR, STM32WB09KEV7TR, STM32WB09TEF6TR, STM32WB09TEF7TR, STM32WB1MMCH6, STM32WBA50KGU6, STM32WBA50KGU6TR, STM32WBA52CEU6, STM32WBA52CEU6TR, STM32WBA52CEU7, STM32WBA52CEU7TR, STM32WBA52CGU6, STM32WBA52CGU6TR, STM32WBA52CGU6U, STM32WBA52CGU7, STM32WBA52CGU7TR, STM32WBA52KEU6, STM32WBA52KEU6TR, STM32WBA52KGU6, STM32WBA52KGU6TR, STM32WBA54CEU6, STM32WBA54CEU6TR, STM32WBA54CEU7, STM32WBA54CEU7TR, STM32WBA54CGU6, STM32WBA54CGU6TR, STM32WBA54CGU7, STM32WBA54CGU7TR, STM32WBA54KEU6, STM32WBA54KEU6TR, STM32WBA54KEU7, STM32WBA54KEU7TR, STM32WBA54KGU6, STM32WBA54KGU6TR, STM32WBA54KGU7, STM32WBA54KGU7TR, STM32WBA55CEU6, STM32WBA55CEU6TR, STM32WBA55CEU7, STM32WBA55CEU7TR, STM32WBA55CGU6, STM32WBA55CGU6TR, STM32WBA55CGU6U, STM32WBA55CGU7, STM32WBA55CGU7TR, STM32WBA55G-DK1, STM32WBA55HEF6, STM32WBA55HEF7, STM32WBA55HGF6, STM32WBA55HGF7, STM32WBA55UEI6, STM32WBA55UEI6TR, STM32WBA55UEI7, STM32WBA55UEI7TR, STM32WBA55UGI6, STM32WBA55UGI6TR, STM32WBA55UGI7, STM32WBA55UGI7TR, STM32WBA5MMGH6TR, STM32WBA62MGF6, STM32WBA62MIF6, STM32WBA65MGF7, STM32WBA65MIF6, STM32WBA65MIF7, STM32WL30K8V6, STM32WL30KBV6, STM32WL31C8V6, STM32WL31CBV6, STM32WL31K8V6, STM32WL31KBV6, STM32WL33C8V6, STM32WL33C8V6X, STM32WL33CBV6, STM32WL33CBV6X, STM32WL33CCV6, STM32WL33CCV6A, STM32WL33CCV6X, STM32WL33K8V7, STM32WL33K8V7X, STM32WL33KBV7 , STM32WL33KBV7X, STM32WL33KCV7, STM32WL33KCV7X, STM32WL5MOCH6, STM32WL5MOCH6TR]
2025-11-29 20:18:10,362 [INFO] DbMcus:218 - Found 4876 MCUs, 4876 are supported
2025-11-29 20:18:10,363 [INFO] ApiDb:423 - Load user favorites file C:\Users\user/.stm32cubeide/favorites.mcus.txt: 0 item(s)
2025-11-29 20:18:10,363 [INFO] ApiDb:427 - User favorites MCUs=[]
2025-11-29 20:18:10,363 [INFO] DbMcus:224 - Set 0 / 0 favorites MCUs
2025-11-29 20:18:10,957 [INFO] BoardInfo:889 - No configuration file found for board P-NUCLEO-WB55
2025-11-29 20:18:10,958 [INFO] DbBoards:161 - Kit is not supported: P-NUCLEO-WB55
2025-11-29 20:18:10,964 [INFO] BoardInfo:889 - No configuration file found for board STEVAL-BFA001V1B
2025-11-29 20:18:10,966 [INFO] DbBoards:161 - Kit is not supported: STEVAL-BFA001V1B
2025-11-29 20:18:10,966 [INFO] BoardInfo:889 - No configuration file found for board STEVAL-BFA001V2B
2025-11-29 20:18:10,968 [INFO] DbBoards:161 - Kit is not supported: STEVAL-BFA001V2B
2025-11-29 20:18:11,172 [INFO] DbBoards:168 - Found 212 boards, 209 are supported
2025-11-29 20:18:11,173 [INFO] DbBoards:169 - Found 212 boards, 43 of them is supported for  Bsp
2025-11-29 20:18:11,175 [INFO] ApiDb:423 - Load user favorites file C:\Users\user/.stm32cubeide/favorites.boards.txt: 1 item(s)
2025-11-29 20:18:11,175 [INFO] ApiDb:427 - User favorites Boards=[NUCLEO-L476RG]
2025-11-29 20:18:11,175 [INFO] DbBoards:198 - Set 1 / 1 favorites Boards
2025-11-29 20:18:11,243 [INFO] UtilMem:75 - End LoadConfig() Used Memory: 791095688 Bytes (1073741824)
2025-11-29 20:18:11,394 [WARN] ThirdParty:833 - waiting for thirdparty lock release [change project]
2025-11-29 20:18:11,395 [INFO] ThirdParty:835 - entering critical section [change project]
2025-11-29 20:18:11,395 [INFO] ThirdParty:1030 - CMSIS Pack Vendor :STMicroelectronics X-CUBE-PM33A1 1.0.0
2025-11-29 20:18:11,395 [INFO] ThirdParty:1030 - CMSIS Pack Vendor :STMicroelectronics USBPD 4.1
2025-11-29 20:18:11,395 [INFO] ThirdParty:1030 - CMSIS Pack Vendor :STMicroelectronics X-CUBE-NFC9 1.0.0
2025-11-29 20:18:11,395 [INFO] ThirdParty:1030 - CMSIS Pack Vendor :STMicroelectronics USB_HOST 2.0.0
2025-11-29 20:18:11,395 [INFO] ThirdParty:1030 - CMSIS Pack Vendor :STMicroelectronics FP-SNS-MOTENVWB1 1.4.0
2025-11-29 20:18:11,395 [INFO] ThirdParty:1030 - CMSIS Pack Vendor :STMicroelectronics X-CUBE-AZRTOS-F4 1.1.0
2025-11-29 20:18:11,395 [INFO] ThirdParty:1030 - CMSIS Pack Vendor :STMicroelectronics LIBJPEG 8.0.0
2025-11-29 20:18:11,395 [INFO] ThirdParty:1030 - CMSIS Pack Vendor :STMicroelectronics FP-ATR-ASTRA1 2.0.2
2025-11-29 20:18:11,395 [INFO] ThirdParty:1030 - CMSIS Pack Vendor :wolfSSL I-CUBE-wolfSSL 5.8.2
2025-11-29 20:18:11,395 [INFO] ThirdParty:1030 - CMSIS Pack Vendor :STMicroelectronics X-CUBE-BLE1 7.1.0
2025-11-29 20:18:11,395 [INFO] ThirdParty:1030 - CMSIS Pack Vendor :Avnet-IotConnect X-CUBE-IoTC-DA16k-PMOD 1.0.0
2025-11-29 20:18:11,395 [INFO] ThirdParty:1030 - CMSIS Pack Vendor :STMicroelectronics X-CUBE-SMBUS 2.1.0
2025-11-29 20:18:11,395 [INFO] ThirdParty:1030 - CMSIS Pack Vendor :wolfSSL I-CUBE-wolfMQTT 1.19.2
2025-11-29 20:18:11,395 [INFO] ThirdParty:1030 - CMSIS Pack Vendor :STMicroelectronics USB_DEVICE 3.0.0
2025-11-29 20:18:11,395 [INFO] ThirdParty:1030 - CMSIS Pack Vendor :STMicroelectronics X-CUBE-ISPU 2.1.0
2025-11-29 20:18:11,395 [INFO] ThirdParty:1030 - CMSIS Pack Vendor :STMicroelectronics X-CUBE-FREERTOS 1.4.0
2025-11-29 20:18:11,395 [INFO] ThirdParty:1030 - CMSIS Pack Vendor :STMicroelectronics X-CUBE-EEPRMA1 5.2.0
2025-11-29 20:18:11,395 [INFO] ThirdParty:1030 - CMSIS Pack Vendor :STMicroelectronics X-CUBE-IPS 3.2.0
2025-11-29 20:18:11,396 [INFO] ThirdParty:1030 - CMSIS Pack Vendor :STMicroelectronics X-CUBE-BLEMGR 4.1.0
2025-11-29 20:18:11,396 [INFO] ThirdParty:1030 - CMSIS Pack Vendor :STMicroelectronics X-CUBE-AZRTOS-WB 2.0.0
2025-11-29 20:18:11,396 [INFO] ThirdParty:1030 - CMSIS Pack Vendor :STMicroelectronics X-CUBE-ST60 1.0.0
2025-11-29 20:18:11,396 [INFO] ThirdParty:1030 - CMSIS Pack Vendor :STMicroelectronics X-CUBE-GNSS1 7.0.1
2025-11-29 20:18:11,396 [INFO] ThirdParty:1030 - CMSIS Pack Vendor :STMicroelectronics X-CUBE-NFC12 1.0.0
2025-11-29 20:18:11,396 [INFO] ThirdParty:1030 - CMSIS Pack Vendor :STMicroelectronics X-CUBE-AZRTOS-F7 1.1.0
2025-11-29 20:18:11,396 [INFO] ThirdParty:1030 - CMSIS Pack Vendor :STMicroelectronics X-CUBE-AZRTOS-L5 2.0.0
2025-11-29 20:18:11,396 [INFO] ThirdParty:1030 - CMSIS Pack Vendor :STMicroelectronics X-CUBE-TOUCHGFX 4.25.0
2025-11-29 20:18:11,396 [INFO] ThirdParty:1030 - CMSIS Pack Vendor :STMicroelectronics USB_DEVICE 2.0.0
2025-11-29 20:18:11,396 [INFO] ThirdParty:1030 - CMSIS Pack Vendor :STMicroelectronics X-CUBE-NFC6 3.1.0
2025-11-29 20:18:11,396 [INFO] ThirdParty:1030 - CMSIS Pack Vendor :STMicroelectronics X-CUBE-ST67W61 1.1.0
2025-11-29 20:18:11,396 [INFO] ThirdParty:1030 - CMSIS Pack Vendor :quantropi X-CUBE-qispace-sdk-base 2.1.0
2025-11-29 20:18:11,396 [INFO] ThirdParty:1030 - CMSIS Pack Vendor :STMicroelectronics X-CUBE-MEMS1 12.0.0
2025-11-29 20:18:11,396 [INFO] ThirdParty:1030 - CMSIS Pack Vendor :STMicroelectronics FP-SNS-MOTENV1 5.1.0
2025-11-29 20:18:11,396 [INFO] ThirdParty:1030 - CMSIS Pack Vendor :STMicroelectronics FreeRTOS 0.0.1
2025-11-29 20:18:11,396 [INFO] ThirdParty:1030 - CMSIS Pack Vendor :STMicroelectronics X-CUBE-AZRTOS-G0 1.1.0
2025-11-29 20:18:11,396 [INFO] ThirdParty:1030 - CMSIS Pack Vendor :STMicroelectronics X-CUBE-SAFEA1 1.2.2
2025-11-29 20:18:11,396 [INFO] ThirdParty:1030 - CMSIS Pack Vendor :STMicroelectronics X-CUBE-NFC4 3.0.0
2025-11-29 20:18:11,397 [INFO] ThirdParty:1030 - CMSIS Pack Vendor :STMicroelectronics X-CUBE-SUBG2 5.0.0
2025-11-29 20:18:11,397 [INFO] ThirdParty:1030 - CMSIS Pack Vendor :STMicroelectronics X-CUBE-AZRTOS-H7RS 1.1.0
2025-11-29 20:18:11,397 [INFO] ThirdParty:1030 - CMSIS Pack Vendor :STMicroelectronics STM32_WPAN 1.0.0
2025-11-29 20:18:11,397 [INFO] ThirdParty:1030 - CMSIS Pack Vendor :EmbeddedOffice I-CUBE-FS-RTOS 1.0.1
2025-11-29 20:18:11,397 [INFO] ThirdParty:1030 - CMSIS Pack Vendor :STMicroelectronics lwIP 2.0.3
2025-11-29 20:18:11,397 [INFO] ThirdParty:1030 - CMSIS Pack Vendor :WES I-CUBE-Cesium 1.4.0
2025-11-29 20:18:11,397 [INFO] ThirdParty:1030 - CMSIS Pack Vendor :Cesanta I-CUBE-Mongoose 7.13.0
2025-11-29 20:18:11,397 [INFO] ThirdParty:1030 - CMSIS Pack Vendor :STMicroelectronics USB_HOST 1.0.0
2025-11-29 20:18:11,397 [INFO] ThirdParty:1030 - CMSIS Pack Vendor :Infineon AIROC-Wi-Fi-Bluetooth-STM32 1.7.1
2025-11-29 20:18:11,397 [INFO] ThirdParty:1030 - CMSIS Pack Vendor :STMicroelectronics X-CUBE-AZRTOS-G4 2.0.0
2025-11-29 20:18:11,397 [INFO] ThirdParty:1030 - CMSIS Pack Vendor :STMicroelectronics X-CUBE-WB05N 2.0.0
2025-11-29 20:18:11,397 [INFO] ThirdParty:1030 - CMSIS Pack Vendor :STMicroelectronics PDM2PCM 3.1.0
2025-11-29 20:18:11,397 [INFO] ThirdParty:1030 - CMSIS Pack Vendor :STMicroelectronics PDM2PCM 3.3.0
2025-11-29 20:18:11,397 [INFO] ThirdParty:1030 - CMSIS Pack Vendor :wolfSSL I-CUBE-wolfTPM 3.8.0
2025-11-29 20:18:11,397 [INFO] ThirdParty:1030 - CMSIS Pack Vendor :STMicroelectronics X-CUBE-AZRTOS-H7 3.4.0
2025-11-29 20:18:11,397 [INFO] ThirdParty:1030 - CMSIS Pack Vendor :STMicroelectronics X-CUBE-DISPLAY 3.0.0
2025-11-29 20:18:11,397 [INFO] ThirdParty:1030 - CMSIS Pack Vendor :wolfSSL I-CUBE-wolfSSH 1.4.20
2025-11-29 20:18:11,397 [INFO] ThirdParty:1030 - CMSIS Pack Vendor :STMicroelectronics X-CUBE-NFC7 2.0.0
2025-11-29 20:18:11,397 [INFO] ThirdParty:1030 - CMSIS Pack Vendor :STMicroelectronics X-CUBE-TCPP 4.2.0
2025-11-29 20:18:11,397 [INFO] ThirdParty:1030 - CMSIS Pack Vendor :RealThread X-CUBE-RT-Thread_Nano 4.1.1
2025-11-29 20:18:11,397 [INFO] ThirdParty:1030 - CMSIS Pack Vendor :STMicroelectronics FP-ATR-SIGFOX1 3.2.0
2025-11-29 20:18:11,397 [INFO] ThirdParty:1030 - CMSIS Pack Vendor :STMicroelectronics X-CUBE-NFC10 1.0.0
2025-11-29 20:18:11,398 [INFO] ThirdParty:1030 - CMSIS Pack Vendor :STMicroelectronics X-CUBE-FREERTOS 1.3.1
2025-11-29 20:18:11,398 [INFO] ThirdParty:1030 - CMSIS Pack Vendor :STMicroelectronics HAL Drivers 0.0.0
2025-11-29 20:18:11,398 [INFO] ThirdParty:1030 - CMSIS Pack Vendor :STMicroelectronics MBEDTLS 2.16.2
2025-11-29 20:18:11,398 [INFO] ThirdParty:1030 - CMSIS Pack Vendor :STMicroelectronics X-CUBE-ST60 1.1.0
2025-11-29 20:18:11,398 [INFO] ThirdParty:1030 - CMSIS Pack Vendor :STMicroelectronics X-CUBE-IPS 3.1.0
2025-11-29 20:18:11,398 [INFO] ThirdParty:1030 - CMSIS Pack Vendor :STMicroelectronics X-CUBE-ALS 1.0.2
2025-11-29 20:18:11,398 [INFO] ThirdParty:1030 - CMSIS Pack Vendor :emotas I-CUBE-CANOPEN 1.3.0
2025-11-29 20:18:11,398 [INFO] ThirdParty:1030 - CMSIS Pack Vendor :STMicroelectronics MBEDTLS 2.14.1
2025-11-29 20:18:11,398 [INFO] ThirdParty:1030 - CMSIS Pack Vendor :STMicroelectronics X-CUBE-GNSS1 7.1.0
2025-11-29 20:18:11,398 [INFO] ThirdParty:1030 - CMSIS Pack Vendor :ITTIA_DB I-CUBE-ITTIADB 8.9.0
2025-11-29 20:18:11,398 [INFO] ThirdParty:1030 - CMSIS Pack Vendor :STMicroelectronics X-CUBE-TOUCHGFX 4.26.0
2025-11-29 20:18:11,398 [INFO] ThirdParty:1030 - CMSIS Pack Vendor :STMicroelectronics X-CUBE-STSE01 1.0.0
2025-11-29 20:18:11,398 [INFO] ThirdParty:1030 - CMSIS Pack Vendor :STMicroelectronics X-CUBE-ST67W61 1.0.0
2025-11-29 20:18:11,398 [INFO] ThirdParty:1030 - CMSIS Pack Vendor :STMicroelectronics FP-SNS-STBOX1 2.1.0
2025-11-29 20:18:11,398 [INFO] ThirdParty:1030 - CMSIS Pack Vendor :STMicroelectronics X-CUBE-AI 10.2.0
2025-11-29 20:18:11,398 [INFO] ThirdParty:1030 - CMSIS Pack Vendor :STMicroelectronics FP-SNS-STAIOTCFT 1.0.0
2025-11-29 20:18:11,398 [INFO] ThirdParty:1030 - CMSIS Pack Vendor :STMicroelectronics ThreadX 1.0.0
2025-11-29 20:18:11,398 [INFO] ThirdParty:1030 - CMSIS Pack Vendor :STMicroelectronics FP-SNS-SMARTAG2 1.2.0
2025-11-29 20:18:11,398 [INFO] ThirdParty:1030 - CMSIS Pack Vendor :STMicroelectronics FP-SNS-FLIGHT1 5.1.0
2025-11-29 20:18:11,398 [INFO] ThirdParty:1030 - CMSIS Pack Vendor :STMicroelectronics X-CUBE-AZRTOS-WL 2.0.0
2025-11-29 20:18:11,398 [INFO] ThirdParty:1030 - CMSIS Pack Vendor :SEGGER I-CUBE-embOS 1.3.1
2025-11-29 20:18:11,398 [INFO] ThirdParty:1030 - CMSIS Pack Vendor :STMicroelectronics X-CUBE-ALGOBUILD 1.4.0
2025-11-29 20:18:11,398 [INFO] ThirdParty:1030 - CMSIS Pack Vendor :STMicroelectronics X-CUBE-DPower 1.3.0
2025-11-29 20:18:11,398 [INFO] ThirdParty:1030 - CMSIS Pack Vendor :STMicroelectronics X-CUBE-MEMS1 11.3.0
2025-11-29 20:18:11,398 [INFO] ThirdParty:1030 - CMSIS Pack Vendor :STMicroelectronics FP-SNS-MOTENV1 5.0.0
2025-11-29 20:18:11,398 [INFO] ThirdParty:1030 - CMSIS Pack Vendor :STMicroelectronics USB_DEVICE 1.0.0
2025-11-29 20:18:11,398 [INFO] ThirdParty:1030 - CMSIS Pack Vendor :STMicroelectronics X-CUBE-AZRTOS-H7RS 1.2.0
2025-11-29 20:18:11,398 [INFO] ThirdParty:1030 - CMSIS Pack Vendor :STMicroelectronics X-CUBE-AZRTOS-L4 2.0.0
2025-11-29 20:18:11,398 [INFO] ThirdParty:1030 - CMSIS Pack Vendor :STMicroelectronics ThreadX 0.0.2
2025-11-29 20:18:11,398 [INFO] ThirdParty:1030 - CMSIS Pack Vendor :STMicroelectronics lwIP 2.1.2
2025-11-29 20:18:11,398 [INFO] ThirdParty:1030 - CMSIS Pack Vendor :STMicroelectronics X-CUBE-SFXS2LP1 4.0.0
2025-11-29 20:18:11,398 [INFO] ThirdParty:1030 - CMSIS Pack Vendor :STMicroelectronics X-CUBE-BLE2 3.3.0
2025-11-29 20:18:11,398 [INFO] ThirdParty:1030 - CMSIS Pack Vendor :Avnet-IOTCONNECT X-CUBE-iotc-st67-sdk 1.0.0
2025-11-29 20:18:11,399 [INFO] ThirdParty:1030 - CMSIS Pack Vendor :STMicroelectronics X-CUBE-TOF1 3.4.3
2025-11-29 20:18:11,399 [INFO] ThirdParty:1030 - CMSIS Pack Vendor :STMicroelectronics PDM2PCM 3.2.0
2025-11-29 20:18:11,399 [INFO] ThirdParty:841 - exiting critical section [change project]
2025-11-29 20:18:11,868 [INFO] PinOutPanel:1589 - setPackage(No Configuration,No Configuration)
2025-11-29 20:18:11,868 [INFO] PinOutPanel:1589 - setPackage(STM32L476RGTx,LQFP64)
2025-11-29 20:18:12,584 [INFO] UtilMem:75 - Before build in PCC Used Memory: 756074376 Bytes (1073741824)
2025-11-29 20:18:13,710 [INFO] UtilMem:75 - After build in PCC Used Memory: 850471104 Bytes (1073741824)
2025-11-29 20:18:13,908 [INFO] ApiDbMcu:532 - Load IP Config File for FREERTOS
2025-11-29 20:18:13,938 [INFO] IPUIPlugin:80 - create IPUIPlugin
2025-11-29 20:18:13,938 [INFO] IPUIPlugin:80 - create IPUIPlugin
2025-11-29 20:18:13,938 [INFO] IPUIPlugin:80 - create IPUIPlugin
2025-11-29 20:18:13,938 [INFO] IPUIPlugin:80 - create IPUIPlugin
2025-11-29 20:18:13,938 [INFO] IPUIPlugin:80 - create IPUIPlugin
2025-11-29 20:18:13,938 [INFO] IPUIPlugin:80 - create IPUIPlugin
2025-11-29 20:18:13,938 [INFO] IPUIPlugin:80 - create IPUIPlugin
2025-11-29 20:18:13,938 [INFO] IPUIPlugin:80 - create IPUIPlugin
2025-11-29 20:18:13,938 [INFO] IPUIPlugin:80 - create IPUIPlugin
2025-11-29 20:18:13,938 [INFO] IPUIPlugin:80 - create IPUIPlugin
2025-11-29 20:18:13,938 [INFO] IPUIPlugin:80 - create IPUIPlugin
2025-11-29 20:18:13,938 [INFO] IPUIPlugin:80 - create IPUIPlugin
2025-11-29 20:18:13,938 [INFO] IPUIPlugin:80 - create IPUIPlugin
2025-11-29 20:18:13,938 [INFO] IPUIPlugin:80 - create IPUIPlugin
2025-11-29 20:18:13,938 [INFO] IPUIPlugin:80 - create IPUIPlugin
2025-11-29 20:18:13,938 [INFO] IPUIPlugin:80 - create IPUIPlugin
2025-11-29 20:18:13,938 [INFO] IPUIPlugin:80 - create IPUIPlugin
2025-11-29 20:18:13,938 [INFO] IPUIPlugin:80 - create IPUIPlugin
2025-11-29 20:18:13,938 [INFO] IPUIPlugin:80 - create IPUIPlugin
2025-11-29 20:18:13,938 [INFO] IPUIPlugin:80 - create IPUIPlugin
2025-11-29 20:18:13,938 [INFO] IPUIPlugin:80 - create IPUIPlugin
2025-11-29 20:18:13,938 [INFO] IPUIPlugin:80 - create IPUIPlugin
2025-11-29 20:18:13,938 [INFO] IPUIPlugin:80 - create IPUIPlugin
2025-11-29 20:18:13,938 [INFO] IPUIPlugin:80 - create IPUIPlugin
2025-11-29 20:18:13,938 [INFO] IPUIPlugin:80 - create IPUIPlugin
2025-11-29 20:18:13,938 [INFO] IPUIPlugin:80 - create IPUIPlugin
2025-11-29 20:18:13,948 [INFO] IPUIPlugin:80 - create IPUIPlugin
2025-11-29 20:18:13,948 [INFO] IPUIPlugin:80 - create IPUIPlugin
2025-11-29 20:18:13,948 [INFO] IPUIPlugin:80 - create IPUIPlugin
2025-11-29 20:18:13,948 [INFO] IPUIPlugin:80 - create IPUIPlugin
2025-11-29 20:18:13,948 [INFO] IPUIPlugin:80 - create IPUIPlugin
2025-11-29 20:18:13,948 [INFO] IPUIPlugin:80 - create IPUIPlugin
2025-11-29 20:18:13,948 [INFO] IPUIPlugin:80 - create IPUIPlugin
2025-11-29 20:18:13,948 [INFO] IPUIPlugin:80 - create IPUIPlugin
2025-11-29 20:18:13,948 [INFO] IPUIPlugin:80 - create IPUIPlugin
2025-11-29 20:18:13,948 [INFO] IPUIPlugin:80 - create IPUIPlugin
2025-11-29 20:18:13,948 [INFO] IPUIPlugin:80 - create IPUIPlugin
2025-11-29 20:18:13,950 [INFO] IPUIPlugin:80 - create IPUIPlugin
2025-11-29 20:18:13,950 [INFO] IPUIPlugin:80 - create IPUIPlugin
2025-11-29 20:18:13,950 [INFO] IPUIPlugin:80 - create IPUIPlugin
2025-11-29 20:18:13,950 [INFO] IPUIPlugin:80 - create IPUIPlugin
2025-11-29 20:18:13,951 [INFO] IPUIPlugin:80 - create IPUIPlugin
2025-11-29 20:18:13,951 [INFO] IPUIPlugin:80 - create IPUIPlugin
2025-11-29 20:18:13,951 [INFO] IPUIPlugin:80 - create IPUIPlugin
2025-11-29 20:18:13,951 [INFO] IPUIPlugin:80 - create IPUIPlugin
2025-11-29 20:18:13,951 [INFO] IPUIPlugin:80 - create IPUIPlugin
2025-11-29 20:18:13,952 [INFO] IPUIPlugin:80 - create IPUIPlugin
2025-11-29 20:18:13,952 [INFO] IPUIPlugin:80 - create IPUIPlugin
2025-11-29 20:18:13,952 [INFO] IPUIPlugin:80 - create IPUIPlugin
2025-11-29 20:18:13,952 [INFO] IPUIPlugin:80 - create IPUIPlugin
2025-11-29 20:18:13,953 [INFO] IPUIPlugin:80 - create IPUIPlugin
2025-11-29 20:18:13,953 [INFO] IPUIPlugin:80 - create IPUIPlugin
2025-11-29 20:18:13,953 [INFO] IPUIPlugin:80 - create IPUIPlugin
2025-11-29 20:18:13,953 [INFO] IPUIPlugin:80 - create IPUIPlugin
2025-11-29 20:18:13,953 [INFO] IPUIPlugin:80 - create IPUIPlugin
2025-11-29 20:18:13,953 [INFO] IPUIPlugin:80 - create IPUIPlugin
2025-11-29 20:18:13,953 [INFO] IPUIPlugin:80 - create IPUIPlugin
2025-11-29 20:18:13,953 [INFO] IPUIPlugin:80 - create IPUIPlugin
2025-11-29 20:18:13,953 [INFO] IPUIPlugin:80 - create IPUIPlugin
2025-11-29 20:18:14,008 [WARN] FreeRTOS:1023 - Null or empty value: should not occur! (nothing added to the table)
2025-11-29 20:18:14,202 [INFO] CADModel:165 - CPN selected for project levelSTM32L476RGT3
2025-11-29 20:18:14,202 [INFO] CADModel:114 - Register for checkConnection events
2025-11-29 20:18:14,204 [INFO] RtosManager:728 - Active RTOS found at IOC load: FREERTOS [Cortex-M4NS]
2025-11-29 20:18:14,258 [INFO] OpenFileManager:386 - Restore cursor
2025-11-29 21:19:12,464 [INFO] MainUpdater:2872 - connection check result : 10
2025-11-29 21:19:12,464 [INFO] MainUpdater:2872 - connection check result : 10
2025-11-29 21:19:12,710 [INFO] I2cTimingTraitement:330 - 0x10D19CE4
2025-11-29 21:19:12,714 [INFO] MicroXplorer:468 - Change Database Path : 
2025-11-29 21:19:12,714 [INFO] MicroXplorer:498 - Change Database Version : DB.6.0.150
2025-11-29 21:19:12,770 [ERROR] ProjectManagerView:395 - 
java.lang.NullPointerException: Cannot invoke "javax.swing.JTextField.getText()" because the return value of "java.util.List.get(int)" is null
	at com.st.microxplorer.plugins.projectmanager.gui.ProjectChoiceTab$9.caretUpdate(ProjectChoiceTab.java:2706) ~[filemanager.jar:?]
	at javax.swing.text.JTextComponent.fireCaretUpdate(JTextComponent.java:408) ~[?:?]
	at javax.swing.text.JTextComponent$MutableCaretEvent.fire(JTextComponent.java:4484) ~[?:?]
	at javax.swing.text.JTextComponent$MutableCaretEvent.stateChanged(JTextComponent.java:4506) ~[?:?]
	at javax.swing.text.DefaultCaret.fireStateChanged(DefaultCaret.java:857) ~[?:?]
	at javax.swing.text.DefaultCaret.changeCaretPosition(DefaultCaret.java:1343) ~[?:?]
	at javax.swing.text.DefaultCaret.handleSetDot(DefaultCaret.java:1242) ~[?:?]
	at javax.swing.text.DefaultCaret.setDot(DefaultCaret.java:1223) ~[?:?]
	at javax.swing.text.DefaultCaret$Handler.insertUpdate(DefaultCaret.java:1819) ~[?:?]
	at javax.swing.text.AbstractDocument.fireInsertUpdate(AbstractDocument.java:227) ~[?:?]
	at javax.swing.text.AbstractDocument.handleInsertString(AbstractDocument.java:781) ~[?:?]
	at javax.swing.text.AbstractDocument.insertString(AbstractDocument.java:740) ~[?:?]
	at javax.swing.text.PlainDocument.insertString(PlainDocument.java:131) ~[?:?]
	at javax.swing.text.AbstractDocument.replace(AbstractDocument.java:699) ~[?:?]
	at javax.swing.text.JTextComponent.setText(JTextComponent.java:1725) ~[?:?]
	at com.st.microxplorer.plugins.projectmanager.gui.ProjectChoiceTab.createHeapStackFields(ProjectChoiceTab.java:993) ~[filemanager.jar:?]
	at com.st.microxplorer.plugins.projectmanager.gui.ProjectChoiceTab.buildLinkSettingsPanel(ProjectChoiceTab.java:3813) ~[filemanager.jar:?]
	at com.st.microxplorer.plugins.projectmanager.gui.ProjectChoiceTab.defineWindowsFields(ProjectChoiceTab.java:1987) ~[filemanager.jar:?]
	at com.st.microxplorer.plugins.projectmanager.gui.ProjectChoiceTab.updateSettings(ProjectChoiceTab.java:558) ~[filemanager.jar:?]
	at com.st.microxplorer.plugins.projectmanager.gui.ProjectSettingsPanel.UpdateDialog(ProjectSettingsPanel.java:247) ~[filemanager.jar:?]
	at com.st.microxplorer.plugins.projectmanager.ProjectManagerView.propertyChange(ProjectManagerView.java:392) ~[filemanager.jar:?]
	at java.beans.PropertyChangeSupport.fire(PropertyChangeSupport.java:343) ~[?:?]
	at java.beans.PropertyChangeSupport.firePropertyChange(PropertyChangeSupport.java:335) ~[?:?]
	at java.beans.PropertyChangeSupport.firePropertyChange(PropertyChangeSupport.java:268) ~[?:?]
	at com.st.microxplorer.util.MXPropertyChangeSupport.firePropertyChange(MXPropertyChangeSupport.java:54) ~[STM32CubeMX.jar:?]
	at com.st.microxplorer.mxsystem.MxSystem.closeConfig(MxSystem.java:899) ~[STM32CubeMX.jar:?]
	at com.st.microxplorer.maingui.MainPanel.closeConfig(MainPanel.java:792) ~[STM32CubeMX.jar:?]
	at com.st.microxplorer.plugins.filemanager.engine.OpenFileManager.loadConfigurationFile(OpenFileManager.java:288) ~[filemanager.jar:?]
	at com.st.microxplorer.plugins.filemanager.engine.MainFileManager.userLoadConfig(MainFileManager.java:364) ~[filemanager.jar:?]
	at com.st.microxplorer.plugins.filemanager.engine.MainFileManager.userLoadConfig(MainFileManager.java:342) ~[filemanager.jar:?]
	at com.st.microxplorer.plugins.filemanager.FileManagerView.getSpecificTask(FileManagerView.java:264) ~[filemanager.jar:?]
	at com.st.stm32cube.common.mx.editor.CubeMxEditor.getMxTabbedPaneInstance(CubeMxEditor.java:1198) ~[com.st.stm32cube.common.mx_6.15.0.202507011659/:?]
	at com.st.stm32cube.common.mx.editor.CubeMxEditor$12$1.createSwingComponent(CubeMxEditor.java:1068) ~[com.st.stm32cube.common.mx_6.15.0.202507011659/:?]
	at com.st.stm32cube.common.mx.oss.core.awtswtbridge.EmbeddedSwingComposite.doComponentCreation(EmbeddedSwingComposite.java:492) ~[com.st.stm32cube.common.mx.oss_6.15.0.202507011659/:?]
	at com.st.stm32cube.common.mx.oss.core.awtswtbridge.EmbeddedSwingComposite$4.run(EmbeddedSwingComposite.java:291) ~[com.st.stm32cube.common.mx.oss_6.15.0.202507011659/:?]
	at com.st.stm32cube.common.mx.oss.core.awtswtbridge.AwtEnvironment$2.run(AwtEnvironment.java:166) ~[com.st.stm32cube.common.mx.oss_6.15.0.202507011659/:?]
	at java.awt.event.InvocationEvent.dispatch(InvocationEvent.java:318) ~[?:?]
	at java.awt.EventQueue.dispatchEventImpl(EventQueue.java:773) ~[?:?]
	at java.awt.EventQueue$4.run(EventQueue.java:720) ~[?:?]
	at java.awt.EventQueue$4.run(EventQueue.java:714) ~[?:?]
	at java.security.AccessController.doPrivileged(AccessController.java:400) ~[?:?]
	at java.security.ProtectionDomain$JavaSecurityAccessImpl.doIntersectionPrivilege(ProtectionDomain.java:87) ~[?:?]
	at java.awt.EventQueue.dispatchEvent(EventQueue.java:742) ~[?:?]
	at java.awt.EventDispatchThread.pumpOneEventForFilters(EventDispatchThread.java:203) ~[?:?]
	at java.awt.EventDispatchThread.pumpEventsForFilter(EventDispatchThread.java:124) ~[?:?]
	at java.awt.EventDispatchThread.pumpEventsForHierarchy(EventDispatchThread.java:113) ~[?:?]
	at java.awt.EventDispatchThread.pumpEvents(EventDispatchThread.java:109) ~[?:?]
	at java.awt.EventDispatchThread.pumpEvents(EventDispatchThread.java:101) ~[?:?]
	at java.awt.EventDispatchThread.run(EventDispatchThread.java:90) ~[?:?]
2025-11-29 21:19:12,794 [WARN] ThirdParty:871 - waiting for thirdparty lock release [close project]
2025-11-29 21:19:12,794 [INFO] ThirdParty:873 - entering critical section [close project]
2025-11-29 21:19:12,795 [INFO] ThirdParty:883 - exiting critical section [close project]
2025-11-29 21:19:12,797 [INFO] PinOutPanel:1589 - setPackage(No Configuration,No Configuration)
2025-11-29 21:19:12,813 [INFO] UtilMem:75 - Begin LoadConfig() Used Memory: 837000984 Bytes (1073741824)
2025-11-29 21:19:12,814 [INFO] MicroXplorer:468 - Change Database Path : 
2025-11-29 21:19:12,814 [INFO] MicroXplorer:498 - Change Database Version : DB.6.0.150
2025-11-29 21:19:12,814 [INFO] OpenFileManager:355 - Change cursor
2025-11-29 21:19:12,836 [INFO] Mcu:2029 - Initializing MCU STM32L476R(C-E-G)Tx STM32L476RGTx STM32L476RGT3
2025-11-29 21:19:14,698 [INFO] Context:786 - Trying to add GPIOservice into a context  which must be forbidden
2025-11-29 21:19:15,360 [INFO] ImportTextPane:234 - (OptionalMessage_ERROR) Pin14 (VP_RIF_VS_RIF1) cannot be retrieved for this MCU
2025-11-29 21:19:15,492 [INFO] RtosManager:558 - Registered RTOS mode: class=CMSIS, group=RTOS, mode=CMSIS_V1, owner=FREERTOS
2025-11-29 21:19:15,492 [INFO] RtosManager:558 - Registered RTOS mode: class=CMSIS, group=RTOS2, mode=CMSIS_V2, owner=FREERTOS
2025-11-29 21:19:15,492 [INFO] RtosManager:558 - Registered RTOS mode: class=RTOS, group=Core, mode=CMSIS_V1, owner=FREERTOS
2025-11-29 21:19:15,492 [INFO] RtosManager:558 - Registered RTOS mode: class=RTOS, group=Core, mode=CMSIS_V2, owner=FREERTOS
2025-11-29 21:19:15,492 [WARN] ModelIntegratedComponent:184 - Missing modes for component STMicroelectronics:FreeRTOS:0.0.1:STMicroelectronics:RTOS:FreeRTOS:Core:::10.2.0:
2025-11-29 21:19:15,500 [WARN] ModelIntegratedComponent:63 - No mode defined for component null
2025-11-29 21:19:15,501 [WARN] ModelIntegratedComponent:63 - No mode defined for component null
2025-11-29 21:19:15,501 [WARN] ModelIntegratedComponent:63 - No mode defined for component null
2025-11-29 21:19:15,501 [WARN] ModelIntegratedComponent:63 - No mode defined for component null
2025-11-29 21:19:15,501 [WARN] ModelIntegratedComponent:63 - No mode defined for component null
2025-11-29 21:19:15,501 [WARN] ModelIntegratedComponent:63 - No mode defined for component null
2025-11-29 21:19:15,501 [WARN] ModelIntegratedComponent:63 - No mode defined for component null
2025-11-29 21:19:15,501 [WARN] ModelIntegratedComponent:63 - No mode defined for component null
2025-11-29 21:19:15,501 [WARN] ModelIntegratedComponent:63 - No mode defined for component null
2025-11-29 21:19:15,501 [WARN] ModelIntegratedComponent:63 - No mode defined for component null
2025-11-29 21:19:15,501 [WARN] ModelIntegratedComponent:63 - No mode defined for component null
2025-11-29 21:19:15,501 [WARN] ModelIntegratedComponent:63 - No mode defined for component null
2025-11-29 21:19:15,501 [WARN] ModelIntegratedComponent:63 - No mode defined for component null
2025-11-29 21:19:15,501 [WARN] ModelIntegratedComponent:63 - No mode defined for component null
2025-11-29 21:19:15,502 [WARN] ModelIntegratedComponent:63 - No mode defined for component null
2025-11-29 21:19:15,502 [WARN] ModelIntegratedComponent:63 - No mode defined for component null
2025-11-29 21:19:15,502 [WARN] ModelIntegratedComponent:63 - No mode defined for component null
2025-11-29 21:19:15,502 [WARN] ModelIntegratedComponent:63 - No mode defined for component null
2025-11-29 21:19:15,502 [WARN] ModelIntegratedComponent:63 - No mode defined for component null
2025-11-29 21:19:15,502 [WARN] ModelIntegratedComponent:63 - No mode defined for component null
2025-11-29 21:19:15,502 [WARN] ModelIntegratedComponent:63 - No mode defined for component null
2025-11-29 21:19:15,502 [WARN] ModelIntegratedComponent:63 - No mode defined for component null
2025-11-29 21:19:15,502 [WARN] ModelIntegratedComponent:63 - No mode defined for component null
2025-11-29 21:19:15,502 [WARN] ModelIntegratedComponent:63 - No mode defined for component null
2025-11-29 21:19:15,502 [WARN] ModelIntegratedComponent:63 - No mode defined for component null
2025-11-29 21:19:15,502 [WARN] ModelIntegratedComponent:63 - No mode defined for component null
2025-11-29 21:19:15,502 [WARN] ModelIntegratedComponent:63 - No mode defined for component null
2025-11-29 21:19:15,502 [WARN] ModelIntegratedComponent:63 - No mode defined for component null
2025-11-29 21:19:15,502 [WARN] ModelIntegratedComponent:63 - No mode defined for component null
2025-11-29 21:19:15,502 [WARN] ModelIntegratedComponent:63 - No mode defined for component null
2025-11-29 21:19:15,502 [WARN] ModelIntegratedComponent:63 - No mode defined for component null
2025-11-29 21:19:15,503 [WARN] ModelIntegratedComponent:63 - No mode defined for component null
2025-11-29 21:19:15,503 [WARN] ModelIntegratedComponent:63 - No mode defined for component null
2025-11-29 21:19:15,503 [WARN] ModelIntegratedComponent:63 - No mode defined for component null
2025-11-29 21:19:15,503 [WARN] ModelIntegratedComponent:63 - No mode defined for component null
2025-11-29 21:19:15,503 [WARN] ModelPack:524 - Component already loaded: STMicroelectronics:HAL Drivers:0.0.0:STMicroelectronics:Device:STMicro_Driver:XSPI:HAL::0.0.1:HAL_XSPI
2025-11-29 21:19:15,564 [INFO] ThirdPartyModel:298 - Start build external matchings
2025-11-29 21:19:16,120 [INFO] ThirdPartyModel:316 - End build external matchings
2025-11-29 21:19:16,396 [INFO] UtilMem:75 - End LoadConfig() Used Memory: 785980504 Bytes (1073741824)
2025-11-29 21:19:16,426 [WARN] ThirdParty:833 - waiting for thirdparty lock release [change project]
2025-11-29 21:19:16,427 [INFO] ThirdParty:835 - entering critical section [change project]
2025-11-29 21:19:16,427 [INFO] ThirdParty:1030 - CMSIS Pack Vendor :STMicroelectronics X-CUBE-PM33A1 1.0.0
2025-11-29 21:19:16,427 [INFO] ThirdParty:1030 - CMSIS Pack Vendor :STMicroelectronics USBPD 4.1
2025-11-29 21:19:16,427 [INFO] ThirdParty:1030 - CMSIS Pack Vendor :STMicroelectronics X-CUBE-NFC9 1.0.0
2025-11-29 21:19:16,427 [INFO] ThirdParty:1030 - CMSIS Pack Vendor :STMicroelectronics USB_HOST 2.0.0
2025-11-29 21:19:16,427 [INFO] ThirdParty:1030 - CMSIS Pack Vendor :STMicroelectronics FP-SNS-MOTENVWB1 1.4.0
2025-11-29 21:19:16,427 [INFO] ThirdParty:1030 - CMSIS Pack Vendor :STMicroelectronics X-CUBE-AZRTOS-F4 1.1.0
2025-11-29 21:19:16,427 [INFO] ThirdParty:1030 - CMSIS Pack Vendor :STMicroelectronics LIBJPEG 8.0.0
2025-11-29 21:19:16,428 [INFO] ThirdParty:1030 - CMSIS Pack Vendor :STMicroelectronics FP-ATR-ASTRA1 2.0.2
2025-11-29 21:19:16,428 [INFO] ThirdParty:1030 - CMSIS Pack Vendor :wolfSSL I-CUBE-wolfSSL 5.8.2
2025-11-29 21:19:16,428 [INFO] ThirdParty:1030 - CMSIS Pack Vendor :STMicroelectronics X-CUBE-BLE1 7.1.0
2025-11-29 21:19:16,428 [INFO] ThirdParty:1030 - CMSIS Pack Vendor :Avnet-IotConnect X-CUBE-IoTC-DA16k-PMOD 1.0.0
2025-11-29 21:19:16,428 [INFO] ThirdParty:1030 - CMSIS Pack Vendor :STMicroelectronics X-CUBE-SMBUS 2.1.0
2025-11-29 21:19:16,428 [INFO] ThirdParty:1030 - CMSIS Pack Vendor :wolfSSL I-CUBE-wolfMQTT 1.19.2
2025-11-29 21:19:16,428 [INFO] ThirdParty:1030 - CMSIS Pack Vendor :STMicroelectronics USB_DEVICE 3.0.0
2025-11-29 21:19:16,428 [INFO] ThirdParty:1030 - CMSIS Pack Vendor :STMicroelectronics X-CUBE-ISPU 2.1.0
2025-11-29 21:19:16,428 [INFO] ThirdParty:1030 - CMSIS Pack Vendor :STMicroelectronics X-CUBE-FREERTOS 1.4.0
2025-11-29 21:19:16,428 [INFO] ThirdParty:1030 - CMSIS Pack Vendor :STMicroelectronics X-CUBE-EEPRMA1 5.2.0
2025-11-29 21:19:16,428 [INFO] ThirdParty:1030 - CMSIS Pack Vendor :STMicroelectronics X-CUBE-IPS 3.2.0
2025-11-29 21:19:16,428 [INFO] ThirdParty:1030 - CMSIS Pack Vendor :STMicroelectronics X-CUBE-BLEMGR 4.1.0
2025-11-29 21:19:16,428 [INFO] ThirdParty:1030 - CMSIS Pack Vendor :STMicroelectronics X-CUBE-AZRTOS-WB 2.0.0
2025-11-29 21:19:16,429 [INFO] ThirdParty:1030 - CMSIS Pack Vendor :STMicroelectronics X-CUBE-ST60 1.0.0
2025-11-29 21:19:16,429 [INFO] ThirdParty:1030 - CMSIS Pack Vendor :STMicroelectronics X-CUBE-GNSS1 7.0.1
2025-11-29 21:19:16,429 [INFO] ThirdParty:1030 - CMSIS Pack Vendor :STMicroelectronics X-CUBE-NFC12 1.0.0
2025-11-29 21:19:16,429 [INFO] ThirdParty:1030 - CMSIS Pack Vendor :STMicroelectronics X-CUBE-AZRTOS-F7 1.1.0
2025-11-29 21:19:16,429 [INFO] ThirdParty:1030 - CMSIS Pack Vendor :STMicroelectronics X-CUBE-AZRTOS-L5 2.0.0
2025-11-29 21:19:16,429 [INFO] ThirdParty:1030 - CMSIS Pack Vendor :STMicroelectronics X-CUBE-TOUCHGFX 4.25.0
2025-11-29 21:19:16,429 [INFO] ThirdParty:1030 - CMSIS Pack Vendor :STMicroelectronics USB_DEVICE 2.0.0
2025-11-29 21:19:16,429 [INFO] ThirdParty:1030 - CMSIS Pack Vendor :STMicroelectronics X-CUBE-NFC6 3.1.0
2025-11-29 21:19:16,429 [INFO] ThirdParty:1030 - CMSIS Pack Vendor :STMicroelectronics X-CUBE-ST67W61 1.1.0
2025-11-29 21:19:16,429 [INFO] ThirdParty:1030 - CMSIS Pack Vendor :quantropi X-CUBE-qispace-sdk-base 2.1.0
2025-11-29 21:19:16,429 [INFO] ThirdParty:1030 - CMSIS Pack Vendor :STMicroelectronics X-CUBE-MEMS1 12.0.0
2025-11-29 21:19:16,429 [INFO] ThirdParty:1030 - CMSIS Pack Vendor :STMicroelectronics FP-SNS-MOTENV1 5.1.0
2025-11-29 21:19:16,429 [INFO] ThirdParty:1030 - CMSIS Pack Vendor :STMicroelectronics FreeRTOS 0.0.1
2025-11-29 21:19:16,429 [INFO] ThirdParty:1030 - CMSIS Pack Vendor :STMicroelectronics X-CUBE-AZRTOS-G0 1.1.0
2025-11-29 21:19:16,430 [INFO] ThirdParty:1030 - CMSIS Pack Vendor :STMicroelectronics X-CUBE-SAFEA1 1.2.2
2025-11-29 21:19:16,430 [INFO] ThirdParty:1030 - CMSIS Pack Vendor :STMicroelectronics X-CUBE-NFC4 3.0.0
2025-11-29 21:19:16,430 [INFO] ThirdParty:1030 - CMSIS Pack Vendor :STMicroelectronics X-CUBE-SUBG2 5.0.0
2025-11-29 21:19:16,430 [INFO] ThirdParty:1030 - CMSIS Pack Vendor :STMicroelectronics X-CUBE-AZRTOS-H7RS 1.1.0
2025-11-29 21:19:16,430 [INFO] ThirdParty:1030 - CMSIS Pack Vendor :STMicroelectronics STM32_WPAN 1.0.0
2025-11-29 21:19:16,430 [INFO] ThirdParty:1030 - CMSIS Pack Vendor :EmbeddedOffice I-CUBE-FS-RTOS 1.0.1
2025-11-29 21:19:16,430 [INFO] ThirdParty:1030 - CMSIS Pack Vendor :STMicroelectronics lwIP 2.0.3
2025-11-29 21:19:16,430 [INFO] ThirdParty:1030 - CMSIS Pack Vendor :WES I-CUBE-Cesium 1.4.0
2025-11-29 21:19:16,430 [INFO] ThirdParty:1030 - CMSIS Pack Vendor :Cesanta I-CUBE-Mongoose 7.13.0
2025-11-29 21:19:16,430 [INFO] ThirdParty:1030 - CMSIS Pack Vendor :STMicroelectronics USB_HOST 1.0.0
2025-11-29 21:19:16,430 [INFO] ThirdParty:1030 - CMSIS Pack Vendor :Infineon AIROC-Wi-Fi-Bluetooth-STM32 1.7.1
2025-11-29 21:19:16,430 [INFO] ThirdParty:1030 - CMSIS Pack Vendor :STMicroelectronics X-CUBE-AZRTOS-G4 2.0.0
2025-11-29 21:19:16,430 [INFO] ThirdParty:1030 - CMSIS Pack Vendor :STMicroelectronics X-CUBE-WB05N 2.0.0
2025-11-29 21:19:16,430 [INFO] ThirdParty:1030 - CMSIS Pack Vendor :STMicroelectronics PDM2PCM 3.1.0
2025-11-29 21:19:16,430 [INFO] ThirdParty:1030 - CMSIS Pack Vendor :STMicroelectronics PDM2PCM 3.3.0
2025-11-29 21:19:16,430 [INFO] ThirdParty:1030 - CMSIS Pack Vendor :wolfSSL I-CUBE-wolfTPM 3.8.0
2025-11-29 21:19:16,430 [INFO] ThirdParty:1030 - CMSIS Pack Vendor :STMicroelectronics X-CUBE-AZRTOS-H7 3.4.0
2025-11-29 21:19:16,431 [INFO] ThirdParty:1030 - CMSIS Pack Vendor :STMicroelectronics X-CUBE-DISPLAY 3.0.0
2025-11-29 21:19:16,431 [INFO] ThirdParty:1030 - CMSIS Pack Vendor :wolfSSL I-CUBE-wolfSSH 1.4.20
2025-11-29 21:19:16,431 [INFO] ThirdParty:1030 - CMSIS Pack Vendor :STMicroelectronics X-CUBE-NFC7 2.0.0
2025-11-29 21:19:16,431 [INFO] ThirdParty:1030 - CMSIS Pack Vendor :STMicroelectronics X-CUBE-TCPP 4.2.0
2025-11-29 21:19:16,431 [INFO] ThirdParty:1030 - CMSIS Pack Vendor :RealThread X-CUBE-RT-Thread_Nano 4.1.1
2025-11-29 21:19:16,431 [INFO] ThirdParty:1030 - CMSIS Pack Vendor :STMicroelectronics FP-ATR-SIGFOX1 3.2.0
2025-11-29 21:19:16,431 [INFO] ThirdParty:1030 - CMSIS Pack Vendor :STMicroelectronics X-CUBE-NFC10 1.0.0
2025-11-29 21:19:16,431 [INFO] ThirdParty:1030 - CMSIS Pack Vendor :STMicroelectronics X-CUBE-FREERTOS 1.3.1
2025-11-29 21:19:16,431 [INFO] ThirdParty:1030 - CMSIS Pack Vendor :STMicroelectronics HAL Drivers 0.0.0
2025-11-29 21:19:16,431 [INFO] ThirdParty:1030 - CMSIS Pack Vendor :STMicroelectronics MBEDTLS 2.16.2
2025-11-29 21:19:16,431 [INFO] ThirdParty:1030 - CMSIS Pack Vendor :STMicroelectronics X-CUBE-ST60 1.1.0
2025-11-29 21:19:16,431 [INFO] ThirdParty:1030 - CMSIS Pack Vendor :STMicroelectronics X-CUBE-IPS 3.1.0
2025-11-29 21:19:16,431 [INFO] ThirdParty:1030 - CMSIS Pack Vendor :STMicroelectronics X-CUBE-ALS 1.0.2
2025-11-29 21:19:16,431 [INFO] ThirdParty:1030 - CMSIS Pack Vendor :emotas I-CUBE-CANOPEN 1.3.0
2025-11-29 21:19:16,431 [INFO] ThirdParty:1030 - CMSIS Pack Vendor :STMicroelectronics MBEDTLS 2.14.1
2025-11-29 21:19:16,431 [INFO] ThirdParty:1030 - CMSIS Pack Vendor :STMicroelectronics X-CUBE-GNSS1 7.1.0
2025-11-29 21:19:16,432 [INFO] ThirdParty:1030 - CMSIS Pack Vendor :ITTIA_DB I-CUBE-ITTIADB 8.9.0
2025-11-29 21:19:16,432 [INFO] ThirdParty:1030 - CMSIS Pack Vendor :STMicroelectronics X-CUBE-TOUCHGFX 4.26.0
2025-11-29 21:19:16,432 [INFO] ThirdParty:1030 - CMSIS Pack Vendor :STMicroelectronics X-CUBE-STSE01 1.0.0
2025-11-29 21:19:16,432 [INFO] ThirdParty:1030 - CMSIS Pack Vendor :STMicroelectronics X-CUBE-ST67W61 1.0.0
2025-11-29 21:19:16,432 [INFO] ThirdParty:1030 - CMSIS Pack Vendor :STMicroelectronics FP-SNS-STBOX1 2.1.0
2025-11-29 21:19:16,432 [INFO] ThirdParty:1030 - CMSIS Pack Vendor :STMicroelectronics X-CUBE-AI 10.2.0
2025-11-29 21:19:16,432 [INFO] ThirdParty:1030 - CMSIS Pack Vendor :STMicroelectronics FP-SNS-STAIOTCFT 1.0.0
2025-11-29 21:19:16,432 [INFO] ThirdParty:1030 - CMSIS Pack Vendor :STMicroelectronics ThreadX 1.0.0
2025-11-29 21:19:16,432 [INFO] ThirdParty:1030 - CMSIS Pack Vendor :STMicroelectronics FP-SNS-SMARTAG2 1.2.0
2025-11-29 21:19:16,432 [INFO] ThirdParty:1030 - CMSIS Pack Vendor :STMicroelectronics FP-SNS-FLIGHT1 5.1.0
2025-11-29 21:19:16,432 [INFO] ThirdParty:1030 - CMSIS Pack Vendor :STMicroelectronics X-CUBE-AZRTOS-WL 2.0.0
2025-11-29 21:19:16,432 [INFO] ThirdParty:1030 - CMSIS Pack Vendor :SEGGER I-CUBE-embOS 1.3.1
2025-11-29 21:19:16,432 [INFO] ThirdParty:1030 - CMSIS Pack Vendor :STMicroelectronics X-CUBE-ALGOBUILD 1.4.0
2025-11-29 21:19:16,432 [INFO] ThirdParty:1030 - CMSIS Pack Vendor :STMicroelectronics X-CUBE-DPower 1.3.0
2025-11-29 21:19:16,432 [INFO] ThirdParty:1030 - CMSIS Pack Vendor :STMicroelectronics X-CUBE-MEMS1 11.3.0
2025-11-29 21:19:16,432 [INFO] ThirdParty:1030 - CMSIS Pack Vendor :STMicroelectronics FP-SNS-MOTENV1 5.0.0
2025-11-29 21:19:16,432 [INFO] ThirdParty:1030 - CMSIS Pack Vendor :STMicroelectronics USB_DEVICE 1.0.0
2025-11-29 21:19:16,432 [INFO] ThirdParty:1030 - CMSIS Pack Vendor :STMicroelectronics X-CUBE-AZRTOS-H7RS 1.2.0
2025-11-29 21:19:16,432 [INFO] ThirdParty:1030 - CMSIS Pack Vendor :STMicroelectronics X-CUBE-AZRTOS-L4 2.0.0
2025-11-29 21:19:16,432 [INFO] ThirdParty:1030 - CMSIS Pack Vendor :STMicroelectronics ThreadX 0.0.2
2025-11-29 21:19:16,432 [INFO] ThirdParty:1030 - CMSIS Pack Vendor :STMicroelectronics lwIP 2.1.2
2025-11-29 21:19:16,432 [INFO] ThirdParty:1030 - CMSIS Pack Vendor :STMicroelectronics X-CUBE-SFXS2LP1 4.0.0
2025-11-29 21:19:16,433 [INFO] ThirdParty:1030 - CMSIS Pack Vendor :STMicroelectronics X-CUBE-BLE2 3.3.0
2025-11-29 21:19:16,433 [INFO] ThirdParty:1030 - CMSIS Pack Vendor :Avnet-IOTCONNECT X-CUBE-iotc-st67-sdk 1.0.0
2025-11-29 21:19:16,433 [INFO] ThirdParty:1030 - CMSIS Pack Vendor :STMicroelectronics X-CUBE-TOF1 3.4.3
2025-11-29 21:19:16,433 [INFO] ThirdParty:1030 - CMSIS Pack Vendor :STMicroelectronics PDM2PCM 3.2.0
2025-11-29 21:19:16,433 [INFO] ThirdParty:841 - exiting critical section [change project]
2025-11-29 21:19:16,770 [INFO] PinOutPanel:1589 - setPackage(No Configuration,No Configuration)
2025-11-29 21:19:16,771 [INFO] PinOutPanel:1589 - setPackage(STM32L476RGTx,LQFP64)
2025-11-29 21:19:17,222 [INFO] UtilMem:75 - Before build in PCC Used Memory: 816447656 Bytes (1073741824)
2025-11-29 21:19:17,533 [INFO] UtilMem:75 - After build in PCC Used Memory: 898758824 Bytes (1073741824)
2025-11-29 21:19:17,557 [INFO] IPUIPlugin:80 - create IPUIPlugin
2025-11-29 21:19:17,557 [INFO] IPUIPlugin:80 - create IPUIPlugin
2025-11-29 21:19:17,557 [INFO] IPUIPlugin:80 - create IPUIPlugin
2025-11-29 21:19:17,557 [INFO] IPUIPlugin:80 - create IPUIPlugin
2025-11-29 21:19:17,557 [INFO] IPUIPlugin:80 - create IPUIPlugin
2025-11-29 21:19:17,557 [INFO] IPUIPlugin:80 - create IPUIPlugin
2025-11-29 21:19:17,557 [INFO] IPUIPlugin:80 - create IPUIPlugin
2025-11-29 21:19:17,557 [INFO] IPUIPlugin:80 - create IPUIPlugin
2025-11-29 21:19:17,557 [INFO] IPUIPlugin:80 - create IPUIPlugin
2025-11-29 21:19:17,557 [INFO] IPUIPlugin:80 - create IPUIPlugin
2025-11-29 21:19:17,558 [INFO] IPUIPlugin:80 - create IPUIPlugin
2025-11-29 21:19:17,558 [INFO] IPUIPlugin:80 - create IPUIPlugin
2025-11-29 21:19:17,558 [INFO] IPUIPlugin:80 - create IPUIPlugin
2025-11-29 21:19:17,558 [INFO] IPUIPlugin:80 - create IPUIPlugin
2025-11-29 21:19:17,558 [INFO] IPUIPlugin:80 - create IPUIPlugin
2025-11-29 21:19:17,558 [INFO] IPUIPlugin:80 - create IPUIPlugin
2025-11-29 21:19:17,558 [INFO] IPUIPlugin:80 - create IPUIPlugin
2025-11-29 21:19:17,558 [INFO] IPUIPlugin:80 - create IPUIPlugin
2025-11-29 21:19:17,558 [INFO] IPUIPlugin:80 - create IPUIPlugin
2025-11-29 21:19:17,558 [INFO] IPUIPlugin:80 - create IPUIPlugin
2025-11-29 21:19:17,559 [INFO] IPUIPlugin:80 - create IPUIPlugin
2025-11-29 21:19:17,559 [INFO] IPUIPlugin:80 - create IPUIPlugin
2025-11-29 21:19:17,559 [INFO] IPUIPlugin:80 - create IPUIPlugin
2025-11-29 21:19:17,559 [INFO] IPUIPlugin:80 - create IPUIPlugin
2025-11-29 21:19:17,559 [INFO] IPUIPlugin:80 - create IPUIPlugin
2025-11-29 21:19:17,559 [INFO] IPUIPlugin:80 - create IPUIPlugin
2025-11-29 21:19:17,559 [INFO] IPUIPlugin:80 - create IPUIPlugin
2025-11-29 21:19:17,560 [INFO] IPUIPlugin:80 - create IPUIPlugin
2025-11-29 21:19:17,560 [INFO] IPUIPlugin:80 - create IPUIPlugin
2025-11-29 21:19:17,560 [INFO] IPUIPlugin:80 - create IPUIPlugin
2025-11-29 21:19:17,560 [INFO] IPUIPlugin:80 - create IPUIPlugin
2025-11-29 21:19:17,560 [INFO] IPUIPlugin:80 - create IPUIPlugin
2025-11-29 21:19:17,560 [INFO] IPUIPlugin:80 - create IPUIPlugin
2025-11-29 21:19:17,561 [INFO] IPUIPlugin:80 - create IPUIPlugin
2025-11-29 21:19:17,561 [INFO] IPUIPlugin:80 - create IPUIPlugin
2025-11-29 21:19:17,561 [INFO] IPUIPlugin:80 - create IPUIPlugin
2025-11-29 21:19:17,561 [INFO] IPUIPlugin:80 - create IPUIPlugin
2025-11-29 21:19:17,561 [INFO] IPUIPlugin:80 - create IPUIPlugin
2025-11-29 21:19:17,562 [INFO] IPUIPlugin:80 - create IPUIPlugin
2025-11-29 21:19:17,562 [INFO] IPUIPlugin:80 - create IPUIPlugin
2025-11-29 21:19:17,562 [INFO] IPUIPlugin:80 - create IPUIPlugin
2025-11-29 21:19:17,562 [INFO] IPUIPlugin:80 - create IPUIPlugin
2025-11-29 21:19:17,562 [INFO] IPUIPlugin:80 - create IPUIPlugin
2025-11-29 21:19:17,562 [INFO] IPUIPlugin:80 - create IPUIPlugin
2025-11-29 21:19:17,563 [INFO] IPUIPlugin:80 - create IPUIPlugin
2025-11-29 21:19:17,563 [INFO] IPUIPlugin:80 - create IPUIPlugin
2025-11-29 21:19:17,563 [INFO] IPUIPlugin:80 - create IPUIPlugin
2025-11-29 21:19:17,563 [INFO] IPUIPlugin:80 - create IPUIPlugin
2025-11-29 21:19:17,563 [INFO] IPUIPlugin:80 - create IPUIPlugin
2025-11-29 21:19:17,564 [INFO] IPUIPlugin:80 - create IPUIPlugin
2025-11-29 21:19:17,564 [INFO] IPUIPlugin:80 - create IPUIPlugin
2025-11-29 21:19:17,564 [INFO] IPUIPlugin:80 - create IPUIPlugin
2025-11-29 21:19:17,564 [INFO] IPUIPlugin:80 - create IPUIPlugin
2025-11-29 21:19:17,565 [INFO] IPUIPlugin:80 - create IPUIPlugin
2025-11-29 21:19:17,565 [INFO] IPUIPlugin:80 - create IPUIPlugin
2025-11-29 21:19:17,565 [INFO] IPUIPlugin:80 - create IPUIPlugin
2025-11-29 21:19:17,565 [INFO] IPUIPlugin:80 - create IPUIPlugin
2025-11-29 21:19:17,566 [INFO] IPUIPlugin:80 - create IPUIPlugin
2025-11-29 21:19:17,566 [INFO] IPUIPlugin:80 - create IPUIPlugin
2025-11-29 21:19:17,615 [INFO] CADModel:165 - CPN selected for project levelSTM32L476RGT3
2025-11-29 21:19:17,616 [INFO] CADModel:114 - Register for checkConnection events
2025-11-29 21:19:17,706 [INFO] OpenFileManager:386 - Restore cursor
2025-11-29 21:20:20,126 [INFO] MainUpdater:2872 - connection check result : 10
2025-11-29 21:20:20,126 [INFO] MainUpdater:2872 - connection check result : 10
2025-11-29 21:20:20,794 [INFO] MicroXplorer:468 - Change Database Path : 
2025-11-29 21:20:20,794 [INFO] MicroXplorer:498 - Change Database Version : DB.6.0.150
2025-11-29 21:20:20,821 [ERROR] ProjectManagerView:395 - 
java.lang.NullPointerException: Cannot invoke "javax.swing.JTextField.getText()" because the return value of "java.util.List.get(int)" is null
	at com.st.microxplorer.plugins.projectmanager.gui.ProjectChoiceTab$9.caretUpdate(ProjectChoiceTab.java:2706) ~[filemanager.jar:?]
	at javax.swing.text.JTextComponent.fireCaretUpdate(JTextComponent.java:408) ~[?:?]
	at javax.swing.text.JTextComponent$MutableCaretEvent.fire(JTextComponent.java:4484) ~[?:?]
	at javax.swing.text.JTextComponent$MutableCaretEvent.stateChanged(JTextComponent.java:4506) ~[?:?]
	at javax.swing.text.DefaultCaret.fireStateChanged(DefaultCaret.java:857) ~[?:?]
	at javax.swing.text.DefaultCaret.changeCaretPosition(DefaultCaret.java:1343) ~[?:?]
	at javax.swing.text.DefaultCaret.handleSetDot(DefaultCaret.java:1242) ~[?:?]
	at javax.swing.text.DefaultCaret.setDot(DefaultCaret.java:1223) ~[?:?]
	at javax.swing.text.DefaultCaret$Handler.insertUpdate(DefaultCaret.java:1819) ~[?:?]
	at javax.swing.text.AbstractDocument.fireInsertUpdate(AbstractDocument.java:227) ~[?:?]
	at javax.swing.text.AbstractDocument.handleInsertString(AbstractDocument.java:781) ~[?:?]
	at javax.swing.text.AbstractDocument.insertString(AbstractDocument.java:740) ~[?:?]
	at javax.swing.text.PlainDocument.insertString(PlainDocument.java:131) ~[?:?]
	at javax.swing.text.AbstractDocument.replace(AbstractDocument.java:699) ~[?:?]
	at javax.swing.text.JTextComponent.setText(JTextComponent.java:1725) ~[?:?]
	at com.st.microxplorer.plugins.projectmanager.gui.ProjectChoiceTab.createHeapStackFields(ProjectChoiceTab.java:993) ~[filemanager.jar:?]
	at com.st.microxplorer.plugins.projectmanager.gui.ProjectChoiceTab.buildLinkSettingsPanel(ProjectChoiceTab.java:3813) ~[filemanager.jar:?]
	at com.st.microxplorer.plugins.projectmanager.gui.ProjectChoiceTab.defineWindowsFields(ProjectChoiceTab.java:1987) ~[filemanager.jar:?]
	at com.st.microxplorer.plugins.projectmanager.gui.ProjectChoiceTab.updateSettings(ProjectChoiceTab.java:558) ~[filemanager.jar:?]
	at com.st.microxplorer.plugins.projectmanager.gui.ProjectSettingsPanel.UpdateDialog(ProjectSettingsPanel.java:247) ~[filemanager.jar:?]
	at com.st.microxplorer.plugins.projectmanager.ProjectManagerView.propertyChange(ProjectManagerView.java:392) ~[filemanager.jar:?]
	at java.beans.PropertyChangeSupport.fire(PropertyChangeSupport.java:343) ~[?:?]
	at java.beans.PropertyChangeSupport.firePropertyChange(PropertyChangeSupport.java:335) ~[?:?]
	at java.beans.PropertyChangeSupport.firePropertyChange(PropertyChangeSupport.java:268) ~[?:?]
	at com.st.microxplorer.util.MXPropertyChangeSupport.firePropertyChange(MXPropertyChangeSupport.java:54) ~[STM32CubeMX.jar:?]
	at com.st.microxplorer.mxsystem.MxSystem.closeConfig(MxSystem.java:899) ~[STM32CubeMX.jar:?]
	at com.st.microxplorer.maingui.MainPanel.closeConfig(MainPanel.java:792) ~[STM32CubeMX.jar:?]
	at com.st.microxplorer.plugins.filemanager.engine.OpenFileManager.loadConfigurationFile(OpenFileManager.java:288) ~[filemanager.jar:?]
	at com.st.microxplorer.plugins.filemanager.engine.MainFileManager.userLoadConfig(MainFileManager.java:364) ~[filemanager.jar:?]
	at com.st.microxplorer.plugins.filemanager.engine.MainFileManager.userLoadConfig(MainFileManager.java:342) ~[filemanager.jar:?]
	at com.st.microxplorer.plugins.filemanager.FileManagerView.getSpecificTask(FileManagerView.java:264) ~[filemanager.jar:?]
	at com.st.stm32cube.common.mx.editor.CubeMxEditor.getMxTabbedPaneInstance(CubeMxEditor.java:1198) ~[com.st.stm32cube.common.mx_6.15.0.202507011659/:?]
	at com.st.stm32cube.common.mx.editor.CubeMxEditor$12$1.createSwingComponent(CubeMxEditor.java:1068) ~[com.st.stm32cube.common.mx_6.15.0.202507011659/:?]
	at com.st.stm32cube.common.mx.oss.core.awtswtbridge.EmbeddedSwingComposite.doComponentCreation(EmbeddedSwingComposite.java:492) ~[com.st.stm32cube.common.mx.oss_6.15.0.202507011659/:?]
	at com.st.stm32cube.common.mx.oss.core.awtswtbridge.EmbeddedSwingComposite$4.run(EmbeddedSwingComposite.java:291) ~[com.st.stm32cube.common.mx.oss_6.15.0.202507011659/:?]
	at com.st.stm32cube.common.mx.oss.core.awtswtbridge.AwtEnvironment$2.run(AwtEnvironment.java:166) ~[com.st.stm32cube.common.mx.oss_6.15.0.202507011659/:?]
	at java.awt.event.InvocationEvent.dispatch(InvocationEvent.java:318) ~[?:?]
	at java.awt.EventQueue.dispatchEventImpl(EventQueue.java:773) ~[?:?]
	at java.awt.EventQueue$4.run(EventQueue.java:720) ~[?:?]
	at java.awt.EventQueue$4.run(EventQueue.java:714) ~[?:?]
	at java.security.AccessController.doPrivileged(AccessController.java:400) ~[?:?]
	at java.security.ProtectionDomain$JavaSecurityAccessImpl.doIntersectionPrivilege(ProtectionDomain.java:87) ~[?:?]
	at java.awt.EventQueue.dispatchEvent(EventQueue.java:742) ~[?:?]
	at java.awt.EventDispatchThread.pumpOneEventForFilters(EventDispatchThread.java:203) ~[?:?]
	at java.awt.EventDispatchThread.pumpEventsForFilter(EventDispatchThread.java:124) ~[?:?]
	at java.awt.EventDispatchThread.pumpEventsForHierarchy(EventDispatchThread.java:113) ~[?:?]
	at java.awt.EventDispatchThread.pumpEvents(EventDispatchThread.java:109) ~[?:?]
	at java.awt.EventDispatchThread.pumpEvents(EventDispatchThread.java:101) ~[?:?]
	at java.awt.EventDispatchThread.run(EventDispatchThread.java:90) ~[?:?]
2025-11-29 21:20:20,824 [WARN] ThirdParty:871 - waiting for thirdparty lock release [close project]
2025-11-29 21:20:20,824 [INFO] ThirdParty:873 - entering critical section [close project]
2025-11-29 21:20:20,824 [INFO] ThirdParty:883 - exiting critical section [close project]
2025-11-29 21:20:20,827 [INFO] PinOutPanel:1589 - setPackage(No Configuration,No Configuration)
2025-11-29 21:20:20,838 [INFO] UtilMem:75 - Begin LoadConfig() Used Memory: 731216040 Bytes (1073741824)
2025-11-29 21:20:20,839 [INFO] MicroXplorer:468 - Change Database Path : 
2025-11-29 21:20:20,839 [INFO] MicroXplorer:498 - Change Database Version : DB.6.0.150
2025-11-29 21:20:20,839 [INFO] OpenFileManager:355 - Change cursor
2025-11-29 21:20:20,849 [INFO] Mcu:2029 - Initializing MCU STM32L476R(C-E-G)Tx STM32L476RGTx STM32L476RGT3
2025-11-29 21:20:22,020 [INFO] Context:786 - Trying to add GPIOservice into a context  which must be forbidden
2025-11-29 21:20:22,299 [INFO] ImportTextPane:234 - (OptionalMessage_ERROR) Pin24 (VP_RIF_VS_RIF1) cannot be retrieved for this MCU
2025-11-29 21:20:22,350 [INFO] RtosManager:558 - Registered RTOS mode: class=CMSIS, group=RTOS, mode=CMSIS_V1, owner=FREERTOS
2025-11-29 21:20:22,350 [INFO] RtosManager:558 - Registered RTOS mode: class=CMSIS, group=RTOS2, mode=CMSIS_V2, owner=FREERTOS
2025-11-29 21:20:22,350 [INFO] RtosManager:558 - Registered RTOS mode: class=RTOS, group=Core, mode=CMSIS_V1, owner=FREERTOS
2025-11-29 21:20:22,350 [INFO] RtosManager:558 - Registered RTOS mode: class=RTOS, group=Core, mode=CMSIS_V2, owner=FREERTOS
2025-11-29 21:20:22,350 [WARN] ModelIntegratedComponent:184 - Missing modes for component STMicroelectronics:FreeRTOS:0.0.1:STMicroelectronics:RTOS:FreeRTOS:Core:::10.2.0:
2025-11-29 21:20:22,354 [WARN] ModelIntegratedComponent:63 - No mode defined for component null
2025-11-29 21:20:22,354 [WARN] ModelIntegratedComponent:63 - No mode defined for component null
2025-11-29 21:20:22,354 [WARN] ModelIntegratedComponent:63 - No mode defined for component null
2025-11-29 21:20:22,354 [WARN] ModelIntegratedComponent:63 - No mode defined for component null
2025-11-29 21:20:22,354 [WARN] ModelIntegratedComponent:63 - No mode defined for component null
2025-11-29 21:20:22,354 [WARN] ModelIntegratedComponent:63 - No mode defined for component null
2025-11-29 21:20:22,354 [WARN] ModelIntegratedComponent:63 - No mode defined for component null
2025-11-29 21:20:22,354 [WARN] ModelIntegratedComponent:63 - No mode defined for component null
2025-11-29 21:20:22,354 [WARN] ModelIntegratedComponent:63 - No mode defined for component null
2025-11-29 21:20:22,354 [WARN] ModelIntegratedComponent:63 - No mode defined for component null
2025-11-29 21:20:22,354 [WARN] ModelIntegratedComponent:63 - No mode defined for component null
2025-11-29 21:20:22,354 [WARN] ModelIntegratedComponent:63 - No mode defined for component null
2025-11-29 21:20:22,354 [WARN] ModelIntegratedComponent:63 - No mode defined for component null
2025-11-29 21:20:22,354 [WARN] ModelIntegratedComponent:63 - No mode defined for component null
2025-11-29 21:20:22,354 [WARN] ModelIntegratedComponent:63 - No mode defined for component null
2025-11-29 21:20:22,354 [WARN] ModelIntegratedComponent:63 - No mode defined for component null
2025-11-29 21:20:22,354 [WARN] ModelIntegratedComponent:63 - No mode defined for component null
2025-11-29 21:20:22,354 [WARN] ModelIntegratedComponent:63 - No mode defined for component null
2025-11-29 21:20:22,354 [WARN] ModelIntegratedComponent:63 - No mode defined for component null
2025-11-29 21:20:22,354 [WARN] ModelIntegratedComponent:63 - No mode defined for component null
2025-11-29 21:20:22,354 [WARN] ModelIntegratedComponent:63 - No mode defined for component null
2025-11-29 21:20:22,354 [WARN] ModelIntegratedComponent:63 - No mode defined for component null
2025-11-29 21:20:22,355 [WARN] ModelIntegratedComponent:63 - No mode defined for component null
2025-11-29 21:20:22,355 [WARN] ModelIntegratedComponent:63 - No mode defined for component null
2025-11-29 21:20:22,355 [WARN] ModelIntegratedComponent:63 - No mode defined for component null
2025-11-29 21:20:22,355 [WARN] ModelIntegratedComponent:63 - No mode defined for component null
2025-11-29 21:20:22,355 [WARN] ModelIntegratedComponent:63 - No mode defined for component null
2025-11-29 21:20:22,355 [WARN] ModelIntegratedComponent:63 - No mode defined for component null
2025-11-29 21:20:22,355 [WARN] ModelIntegratedComponent:63 - No mode defined for component null
2025-11-29 21:20:22,355 [WARN] ModelIntegratedComponent:63 - No mode defined for component null
2025-11-29 21:20:22,355 [WARN] ModelIntegratedComponent:63 - No mode defined for component null
2025-11-29 21:20:22,355 [WARN] ModelIntegratedComponent:63 - No mode defined for component null
2025-11-29 21:20:22,355 [WARN] ModelIntegratedComponent:63 - No mode defined for component null
2025-11-29 21:20:22,355 [WARN] ModelIntegratedComponent:63 - No mode defined for component null
2025-11-29 21:20:22,355 [WARN] ModelIntegratedComponent:63 - No mode defined for component null
2025-11-29 21:20:22,355 [WARN] ModelPack:524 - Component already loaded: STMicroelectronics:HAL Drivers:0.0.0:STMicroelectronics:Device:STMicro_Driver:XSPI:HAL::0.0.1:HAL_XSPI
2025-11-29 21:20:22,405 [INFO] ThirdPartyModel:298 - Start build external matchings
2025-11-29 21:20:22,932 [INFO] ThirdPartyModel:316 - End build external matchings
2025-11-29 21:20:22,940 [INFO] RtosManager:1018 - Current active RTOS is FREERTOS [Cortex-M4NS]
2025-11-29 21:20:23,164 [INFO] UtilMem:75 - End LoadConfig() Used Memory: 850482872 Bytes (1073741824)
2025-11-29 21:20:23,192 [WARN] ThirdParty:833 - waiting for thirdparty lock release [change project]
2025-11-29 21:20:23,192 [INFO] ThirdParty:835 - entering critical section [change project]
2025-11-29 21:20:23,192 [INFO] ThirdParty:1030 - CMSIS Pack Vendor :STMicroelectronics X-CUBE-PM33A1 1.0.0
2025-11-29 21:20:23,192 [INFO] ThirdParty:1030 - CMSIS Pack Vendor :STMicroelectronics USBPD 4.1
2025-11-29 21:20:23,192 [INFO] ThirdParty:1030 - CMSIS Pack Vendor :STMicroelectronics X-CUBE-NFC9 1.0.0
2025-11-29 21:20:23,192 [INFO] ThirdParty:1030 - CMSIS Pack Vendor :STMicroelectronics USB_HOST 2.0.0
2025-11-29 21:20:23,192 [INFO] ThirdParty:1030 - CMSIS Pack Vendor :STMicroelectronics FP-SNS-MOTENVWB1 1.4.0
2025-11-29 21:20:23,192 [INFO] ThirdParty:1030 - CMSIS Pack Vendor :STMicroelectronics X-CUBE-AZRTOS-F4 1.1.0
2025-11-29 21:20:23,192 [INFO] ThirdParty:1030 - CMSIS Pack Vendor :STMicroelectronics LIBJPEG 8.0.0
2025-11-29 21:20:23,192 [INFO] ThirdParty:1030 - CMSIS Pack Vendor :STMicroelectronics FP-ATR-ASTRA1 2.0.2
2025-11-29 21:20:23,192 [INFO] ThirdParty:1030 - CMSIS Pack Vendor :wolfSSL I-CUBE-wolfSSL 5.8.2
2025-11-29 21:20:23,192 [INFO] ThirdParty:1030 - CMSIS Pack Vendor :STMicroelectronics X-CUBE-BLE1 7.1.0
2025-11-29 21:20:23,192 [INFO] ThirdParty:1030 - CMSIS Pack Vendor :Avnet-IotConnect X-CUBE-IoTC-DA16k-PMOD 1.0.0
2025-11-29 21:20:23,192 [INFO] ThirdParty:1030 - CMSIS Pack Vendor :STMicroelectronics X-CUBE-SMBUS 2.1.0
2025-11-29 21:20:23,192 [INFO] ThirdParty:1030 - CMSIS Pack Vendor :wolfSSL I-CUBE-wolfMQTT 1.19.2
2025-11-29 21:20:23,192 [INFO] ThirdParty:1030 - CMSIS Pack Vendor :STMicroelectronics USB_DEVICE 3.0.0
2025-11-29 21:20:23,192 [INFO] ThirdParty:1030 - CMSIS Pack Vendor :STMicroelectronics X-CUBE-ISPU 2.1.0
2025-11-29 21:20:23,192 [INFO] ThirdParty:1030 - CMSIS Pack Vendor :STMicroelectronics X-CUBE-FREERTOS 1.4.0
2025-11-29 21:20:23,192 [INFO] ThirdParty:1030 - CMSIS Pack Vendor :STMicroelectronics X-CUBE-EEPRMA1 5.2.0
2025-11-29 21:20:23,192 [INFO] ThirdParty:1030 - CMSIS Pack Vendor :STMicroelectronics X-CUBE-IPS 3.2.0
2025-11-29 21:20:23,192 [INFO] ThirdParty:1030 - CMSIS Pack Vendor :STMicroelectronics X-CUBE-BLEMGR 4.1.0
2025-11-29 21:20:23,192 [INFO] ThirdParty:1030 - CMSIS Pack Vendor :STMicroelectronics X-CUBE-AZRTOS-WB 2.0.0
2025-11-29 21:20:23,192 [INFO] ThirdParty:1030 - CMSIS Pack Vendor :STMicroelectronics X-CUBE-ST60 1.0.0
2025-11-29 21:20:23,192 [INFO] ThirdParty:1030 - CMSIS Pack Vendor :STMicroelectronics X-CUBE-GNSS1 7.0.1
2025-11-29 21:20:23,192 [INFO] ThirdParty:1030 - CMSIS Pack Vendor :STMicroelectronics X-CUBE-NFC12 1.0.0
2025-11-29 21:20:23,192 [INFO] ThirdParty:1030 - CMSIS Pack Vendor :STMicroelectronics X-CUBE-AZRTOS-F7 1.1.0
2025-11-29 21:20:23,192 [INFO] ThirdParty:1030 - CMSIS Pack Vendor :STMicroelectronics X-CUBE-AZRTOS-L5 2.0.0
2025-11-29 21:20:23,192 [INFO] ThirdParty:1030 - CMSIS Pack Vendor :STMicroelectronics X-CUBE-TOUCHGFX 4.25.0
2025-11-29 21:20:23,192 [INFO] ThirdParty:1030 - CMSIS Pack Vendor :STMicroelectronics USB_DEVICE 2.0.0
2025-11-29 21:20:23,192 [INFO] ThirdParty:1030 - CMSIS Pack Vendor :STMicroelectronics X-CUBE-NFC6 3.1.0
2025-11-29 21:20:23,192 [INFO] ThirdParty:1030 - CMSIS Pack Vendor :STMicroelectronics X-CUBE-ST67W61 1.1.0
2025-11-29 21:20:23,193 [INFO] ThirdParty:1030 - CMSIS Pack Vendor :quantropi X-CUBE-qispace-sdk-base 2.1.0
2025-11-29 21:20:23,193 [INFO] ThirdParty:1030 - CMSIS Pack Vendor :STMicroelectronics X-CUBE-MEMS1 12.0.0
2025-11-29 21:20:23,193 [INFO] ThirdParty:1030 - CMSIS Pack Vendor :STMicroelectronics FP-SNS-MOTENV1 5.1.0
2025-11-29 21:20:23,193 [INFO] ThirdParty:1030 - CMSIS Pack Vendor :STMicroelectronics FreeRTOS 0.0.1
2025-11-29 21:20:23,193 [INFO] ThirdParty:1030 - CMSIS Pack Vendor :STMicroelectronics X-CUBE-AZRTOS-G0 1.1.0
2025-11-29 21:20:23,193 [INFO] ThirdParty:1030 - CMSIS Pack Vendor :STMicroelectronics X-CUBE-SAFEA1 1.2.2
2025-11-29 21:20:23,193 [INFO] ThirdParty:1030 - CMSIS Pack Vendor :STMicroelectronics X-CUBE-NFC4 3.0.0
2025-11-29 21:20:23,193 [INFO] ThirdParty:1030 - CMSIS Pack Vendor :STMicroelectronics X-CUBE-SUBG2 5.0.0
2025-11-29 21:20:23,193 [INFO] ThirdParty:1030 - CMSIS Pack Vendor :STMicroelectronics X-CUBE-AZRTOS-H7RS 1.1.0
2025-11-29 21:20:23,193 [INFO] ThirdParty:1030 - CMSIS Pack Vendor :STMicroelectronics STM32_WPAN 1.0.0
2025-11-29 21:20:23,193 [INFO] ThirdParty:1030 - CMSIS Pack Vendor :EmbeddedOffice I-CUBE-FS-RTOS 1.0.1
2025-11-29 21:20:23,193 [INFO] ThirdParty:1030 - CMSIS Pack Vendor :STMicroelectronics lwIP 2.0.3
2025-11-29 21:20:23,193 [INFO] ThirdParty:1030 - CMSIS Pack Vendor :WES I-CUBE-Cesium 1.4.0
2025-11-29 21:20:23,193 [INFO] ThirdParty:1030 - CMSIS Pack Vendor :Cesanta I-CUBE-Mongoose 7.13.0
2025-11-29 21:20:23,193 [INFO] ThirdParty:1030 - CMSIS Pack Vendor :STMicroelectronics USB_HOST 1.0.0
2025-11-29 21:20:23,193 [INFO] ThirdParty:1030 - CMSIS Pack Vendor :Infineon AIROC-Wi-Fi-Bluetooth-STM32 1.7.1
2025-11-29 21:20:23,193 [INFO] ThirdParty:1030 - CMSIS Pack Vendor :STMicroelectronics X-CUBE-AZRTOS-G4 2.0.0
2025-11-29 21:20:23,193 [INFO] ThirdParty:1030 - CMSIS Pack Vendor :STMicroelectronics X-CUBE-WB05N 2.0.0
2025-11-29 21:20:23,193 [INFO] ThirdParty:1030 - CMSIS Pack Vendor :STMicroelectronics PDM2PCM 3.1.0
2025-11-29 21:20:23,193 [INFO] ThirdParty:1030 - CMSIS Pack Vendor :STMicroelectronics PDM2PCM 3.3.0
2025-11-29 21:20:23,193 [INFO] ThirdParty:1030 - CMSIS Pack Vendor :wolfSSL I-CUBE-wolfTPM 3.8.0
2025-11-29 21:20:23,193 [INFO] ThirdParty:1030 - CMSIS Pack Vendor :STMicroelectronics X-CUBE-AZRTOS-H7 3.4.0
2025-11-29 21:20:23,193 [INFO] ThirdParty:1030 - CMSIS Pack Vendor :STMicroelectronics X-CUBE-DISPLAY 3.0.0
2025-11-29 21:20:23,193 [INFO] ThirdParty:1030 - CMSIS Pack Vendor :wolfSSL I-CUBE-wolfSSH 1.4.20
2025-11-29 21:20:23,193 [INFO] ThirdParty:1030 - CMSIS Pack Vendor :STMicroelectronics X-CUBE-NFC7 2.0.0
2025-11-29 21:20:23,193 [INFO] ThirdParty:1030 - CMSIS Pack Vendor :STMicroelectronics X-CUBE-TCPP 4.2.0
2025-11-29 21:20:23,193 [INFO] ThirdParty:1030 - CMSIS Pack Vendor :RealThread X-CUBE-RT-Thread_Nano 4.1.1
2025-11-29 21:20:23,193 [INFO] ThirdParty:1030 - CMSIS Pack Vendor :STMicroelectronics FP-ATR-SIGFOX1 3.2.0
2025-11-29 21:20:23,193 [INFO] ThirdParty:1030 - CMSIS Pack Vendor :STMicroelectronics X-CUBE-NFC10 1.0.0
2025-11-29 21:20:23,193 [INFO] ThirdParty:1030 - CMSIS Pack Vendor :STMicroelectronics X-CUBE-FREERTOS 1.3.1
2025-11-29 21:20:23,193 [INFO] ThirdParty:1030 - CMSIS Pack Vendor :STMicroelectronics HAL Drivers 0.0.0
2025-11-29 21:20:23,193 [INFO] ThirdParty:1030 - CMSIS Pack Vendor :STMicroelectronics MBEDTLS 2.16.2
2025-11-29 21:20:23,193 [INFO] ThirdParty:1030 - CMSIS Pack Vendor :STMicroelectronics X-CUBE-ST60 1.1.0
2025-11-29 21:20:23,193 [INFO] ThirdParty:1030 - CMSIS Pack Vendor :STMicroelectronics X-CUBE-IPS 3.1.0
2025-11-29 21:20:23,193 [INFO] ThirdParty:1030 - CMSIS Pack Vendor :STMicroelectronics X-CUBE-ALS 1.0.2
2025-11-29 21:20:23,193 [INFO] ThirdParty:1030 - CMSIS Pack Vendor :emotas I-CUBE-CANOPEN 1.3.0
2025-11-29 21:20:23,193 [INFO] ThirdParty:1030 - CMSIS Pack Vendor :STMicroelectronics MBEDTLS 2.14.1
2025-11-29 21:20:23,193 [INFO] ThirdParty:1030 - CMSIS Pack Vendor :STMicroelectronics X-CUBE-GNSS1 7.1.0
2025-11-29 21:20:23,193 [INFO] ThirdParty:1030 - CMSIS Pack Vendor :ITTIA_DB I-CUBE-ITTIADB 8.9.0
2025-11-29 21:20:23,194 [INFO] ThirdParty:1030 - CMSIS Pack Vendor :STMicroelectronics X-CUBE-TOUCHGFX 4.26.0
2025-11-29 21:20:23,194 [INFO] ThirdParty:1030 - CMSIS Pack Vendor :STMicroelectronics X-CUBE-STSE01 1.0.0
2025-11-29 21:20:23,194 [INFO] ThirdParty:1030 - CMSIS Pack Vendor :STMicroelectronics X-CUBE-ST67W61 1.0.0
2025-11-29 21:20:23,194 [INFO] ThirdParty:1030 - CMSIS Pack Vendor :STMicroelectronics FP-SNS-STBOX1 2.1.0
2025-11-29 21:20:23,194 [INFO] ThirdParty:1030 - CMSIS Pack Vendor :STMicroelectronics X-CUBE-AI 10.2.0
2025-11-29 21:20:23,194 [INFO] ThirdParty:1030 - CMSIS Pack Vendor :STMicroelectronics FP-SNS-STAIOTCFT 1.0.0
2025-11-29 21:20:23,194 [INFO] ThirdParty:1030 - CMSIS Pack Vendor :STMicroelectronics ThreadX 1.0.0
2025-11-29 21:20:23,194 [INFO] ThirdParty:1030 - CMSIS Pack Vendor :STMicroelectronics FP-SNS-SMARTAG2 1.2.0
2025-11-29 21:20:23,194 [INFO] ThirdParty:1030 - CMSIS Pack Vendor :STMicroelectronics FP-SNS-FLIGHT1 5.1.0
2025-11-29 21:20:23,194 [INFO] ThirdParty:1030 - CMSIS Pack Vendor :STMicroelectronics X-CUBE-AZRTOS-WL 2.0.0
2025-11-29 21:20:23,194 [INFO] ThirdParty:1030 - CMSIS Pack Vendor :SEGGER I-CUBE-embOS 1.3.1
2025-11-29 21:20:23,194 [INFO] ThirdParty:1030 - CMSIS Pack Vendor :STMicroelectronics X-CUBE-ALGOBUILD 1.4.0
2025-11-29 21:20:23,194 [INFO] ThirdParty:1030 - CMSIS Pack Vendor :STMicroelectronics X-CUBE-DPower 1.3.0
2025-11-29 21:20:23,194 [INFO] ThirdParty:1030 - CMSIS Pack Vendor :STMicroelectronics X-CUBE-MEMS1 11.3.0
2025-11-29 21:20:23,194 [INFO] ThirdParty:1030 - CMSIS Pack Vendor :STMicroelectronics FP-SNS-MOTENV1 5.0.0
2025-11-29 21:20:23,194 [INFO] ThirdParty:1030 - CMSIS Pack Vendor :STMicroelectronics USB_DEVICE 1.0.0
2025-11-29 21:20:23,194 [INFO] ThirdParty:1030 - CMSIS Pack Vendor :STMicroelectronics X-CUBE-AZRTOS-H7RS 1.2.0
2025-11-29 21:20:23,194 [INFO] ThirdParty:1030 - CMSIS Pack Vendor :STMicroelectronics X-CUBE-AZRTOS-L4 2.0.0
2025-11-29 21:20:23,194 [INFO] ThirdParty:1030 - CMSIS Pack Vendor :STMicroelectronics ThreadX 0.0.2
2025-11-29 21:20:23,194 [INFO] ThirdParty:1030 - CMSIS Pack Vendor :STMicroelectronics lwIP 2.1.2
2025-11-29 21:20:23,194 [INFO] ThirdParty:1030 - CMSIS Pack Vendor :STMicroelectronics X-CUBE-SFXS2LP1 4.0.0
2025-11-29 21:20:23,194 [INFO] ThirdParty:1030 - CMSIS Pack Vendor :STMicroelectronics X-CUBE-BLE2 3.3.0
2025-11-29 21:20:23,194 [INFO] ThirdParty:1030 - CMSIS Pack Vendor :Avnet-IOTCONNECT X-CUBE-iotc-st67-sdk 1.0.0
2025-11-29 21:20:23,194 [INFO] ThirdParty:1030 - CMSIS Pack Vendor :STMicroelectronics X-CUBE-TOF1 3.4.3
2025-11-29 21:20:23,194 [INFO] ThirdParty:1030 - CMSIS Pack Vendor :STMicroelectronics PDM2PCM 3.2.0
2025-11-29 21:20:23,194 [INFO] ThirdParty:841 - exiting critical section [change project]
2025-11-29 21:20:23,359 [INFO] PinOutPanel:1589 - setPackage(No Configuration,No Configuration)
2025-11-29 21:20:23,360 [INFO] PinOutPanel:1589 - setPackage(STM32L476RGTx,LQFP64)
2025-11-29 21:20:23,598 [INFO] UtilMem:75 - Before build in PCC Used Memory: 840433032 Bytes (1073741824)
2025-11-29 21:20:23,752 [INFO] UtilMem:75 - After build in PCC Used Memory: 920124808 Bytes (1073741824)
2025-11-29 21:20:23,759 [INFO] ApiDbMcu:532 - Load IP Config File for FREERTOS
2025-11-29 21:20:23,779 [INFO] IPUIPlugin:80 - create IPUIPlugin
2025-11-29 21:20:23,779 [INFO] IPUIPlugin:80 - create IPUIPlugin
2025-11-29 21:20:23,779 [INFO] IPUIPlugin:80 - create IPUIPlugin
2025-11-29 21:20:23,779 [INFO] IPUIPlugin:80 - create IPUIPlugin
2025-11-29 21:20:23,779 [INFO] IPUIPlugin:80 - create IPUIPlugin
2025-11-29 21:20:23,779 [INFO] IPUIPlugin:80 - create IPUIPlugin
2025-11-29 21:20:23,779 [INFO] IPUIPlugin:80 - create IPUIPlugin
2025-11-29 21:20:23,779 [INFO] IPUIPlugin:80 - create IPUIPlugin
2025-11-29 21:20:23,779 [INFO] IPUIPlugin:80 - create IPUIPlugin
2025-11-29 21:20:23,779 [INFO] IPUIPlugin:80 - create IPUIPlugin
2025-11-29 21:20:23,779 [INFO] IPUIPlugin:80 - create IPUIPlugin
2025-11-29 21:20:23,779 [INFO] IPUIPlugin:80 - create IPUIPlugin
2025-11-29 21:20:23,779 [INFO] IPUIPlugin:80 - create IPUIPlugin
2025-11-29 21:20:23,780 [INFO] IPUIPlugin:80 - create IPUIPlugin
2025-11-29 21:20:23,780 [INFO] IPUIPlugin:80 - create IPUIPlugin
2025-11-29 21:20:23,780 [INFO] IPUIPlugin:80 - create IPUIPlugin
2025-11-29 21:20:23,780 [INFO] IPUIPlugin:80 - create IPUIPlugin
2025-11-29 21:20:23,780 [INFO] IPUIPlugin:80 - create IPUIPlugin
2025-11-29 21:20:23,780 [INFO] IPUIPlugin:80 - create IPUIPlugin
2025-11-29 21:20:23,780 [INFO] IPUIPlugin:80 - create IPUIPlugin
2025-11-29 21:20:23,780 [INFO] IPUIPlugin:80 - create IPUIPlugin
2025-11-29 21:20:23,780 [INFO] IPUIPlugin:80 - create IPUIPlugin
2025-11-29 21:20:23,780 [INFO] IPUIPlugin:80 - create IPUIPlugin
2025-11-29 21:20:23,780 [INFO] IPUIPlugin:80 - create IPUIPlugin
2025-11-29 21:20:23,781 [INFO] IPUIPlugin:80 - create IPUIPlugin
2025-11-29 21:20:23,781 [INFO] IPUIPlugin:80 - create IPUIPlugin
2025-11-29 21:20:23,781 [INFO] IPUIPlugin:80 - create IPUIPlugin
2025-11-29 21:20:23,781 [INFO] IPUIPlugin:80 - create IPUIPlugin
2025-11-29 21:20:23,781 [INFO] IPUIPlugin:80 - create IPUIPlugin
2025-11-29 21:20:23,781 [INFO] IPUIPlugin:80 - create IPUIPlugin
2025-11-29 21:20:23,781 [INFO] IPUIPlugin:80 - create IPUIPlugin
2025-11-29 21:20:23,781 [INFO] IPUIPlugin:80 - create IPUIPlugin
2025-11-29 21:20:23,782 [INFO] IPUIPlugin:80 - create IPUIPlugin
2025-11-29 21:20:23,782 [INFO] IPUIPlugin:80 - create IPUIPlugin
2025-11-29 21:20:23,782 [INFO] IPUIPlugin:80 - create IPUIPlugin
2025-11-29 21:20:23,782 [INFO] IPUIPlugin:80 - create IPUIPlugin
2025-11-29 21:20:23,782 [INFO] IPUIPlugin:80 - create IPUIPlugin
2025-11-29 21:20:23,782 [INFO] IPUIPlugin:80 - create IPUIPlugin
2025-11-29 21:20:23,782 [INFO] IPUIPlugin:80 - create IPUIPlugin
2025-11-29 21:20:23,783 [INFO] IPUIPlugin:80 - create IPUIPlugin
2025-11-29 21:20:23,783 [INFO] IPUIPlugin:80 - create IPUIPlugin
2025-11-29 21:20:23,783 [INFO] IPUIPlugin:80 - create IPUIPlugin
2025-11-29 21:20:23,783 [INFO] IPUIPlugin:80 - create IPUIPlugin
2025-11-29 21:20:23,783 [INFO] IPUIPlugin:80 - create IPUIPlugin
2025-11-29 21:20:23,783 [INFO] IPUIPlugin:80 - create IPUIPlugin
2025-11-29 21:20:23,783 [INFO] IPUIPlugin:80 - create IPUIPlugin
2025-11-29 21:20:23,784 [INFO] IPUIPlugin:80 - create IPUIPlugin
2025-11-29 21:20:23,784 [INFO] IPUIPlugin:80 - create IPUIPlugin
2025-11-29 21:20:23,784 [INFO] IPUIPlugin:80 - create IPUIPlugin
2025-11-29 21:20:23,784 [INFO] IPUIPlugin:80 - create IPUIPlugin
2025-11-29 21:20:23,784 [INFO] IPUIPlugin:80 - create IPUIPlugin
2025-11-29 21:20:23,785 [INFO] IPUIPlugin:80 - create IPUIPlugin
2025-11-29 21:20:23,785 [INFO] IPUIPlugin:80 - create IPUIPlugin
2025-11-29 21:20:23,785 [INFO] IPUIPlugin:80 - create IPUIPlugin
2025-11-29 21:20:23,785 [INFO] IPUIPlugin:80 - create IPUIPlugin
2025-11-29 21:20:23,785 [INFO] IPUIPlugin:80 - create IPUIPlugin
2025-11-29 21:20:23,786 [INFO] IPUIPlugin:80 - create IPUIPlugin
2025-11-29 21:20:23,786 [INFO] IPUIPlugin:80 - create IPUIPlugin
2025-11-29 21:20:23,786 [INFO] IPUIPlugin:80 - create IPUIPlugin
2025-11-29 21:20:23,796 [WARN] FreeRTOS:1023 - Null or empty value: should not occur! (nothing added to the table)
2025-11-29 21:20:23,830 [INFO] CADModel:165 - CPN selected for project levelSTM32L476RGT3
2025-11-29 21:20:23,830 [INFO] CADModel:114 - Register for checkConnection events
2025-11-29 21:20:23,831 [INFO] RtosManager:728 - Active RTOS found at IOC load: FREERTOS [Cortex-M4NS]
2025-11-29 21:20:23,891 [INFO] OpenFileManager:386 - Restore cursor
2025-11-29 21:21:55,930 [INFO] NvicIntPanel:101 - NVIC parent = com.st.microxplorer.plugins.ip.nvic.MultiNvicIntPanel[,0,0,0x0,invalid,layout=javax.swing.BoxLayout,alignmentX=0.0,alignmentY=0.0,border=,flags=9,maximumSize=,minimumSize=,preferredSize=]
2025-11-29 21:21:58,773 [INFO] NvicIntPanel:101 - NVIC parent = com.st.microxplorer.plugins.ip.nvic.MultiNvicIntPanel[,0,0,0x0,invalid,layout=javax.swing.BoxLayout,alignmentX=0.0,alignmentY=0.0,border=,flags=9,maximumSize=,minimumSize=,preferredSize=]
2025-11-29 21:22:02,390 [INFO] NvicIntPanel:101 - NVIC parent = com.st.microxplorer.plugins.ip.nvic.MultiNvicIntPanel[,0,0,0x0,invalid,layout=javax.swing.BoxLayout,alignmentX=0.0,alignmentY=0.0,border=,flags=9,maximumSize=,minimumSize=,preferredSize=]
2025-11-29 21:22:05,498 [INFO] NvicIntPanel:101 - NVIC parent = com.st.microxplorer.plugins.ip.nvic.MultiNvicIntPanel[,0,0,0x0,invalid,layout=javax.swing.BoxLayout,alignmentX=0.0,alignmentY=0.0,border=,flags=9,maximumSize=,minimumSize=,preferredSize=]
2025-11-29 21:22:15,361 [INFO] NvicIntPanel:101 - NVIC parent = com.st.microxplorer.plugins.ip.nvic.MultiNvicIntPanel[,0,0,0x0,invalid,layout=javax.swing.BoxLayout,alignmentX=0.0,alignmentY=0.0,border=,flags=9,maximumSize=,minimumSize=,preferredSize=]
2025-11-29 21:22:49,734 [INFO] UtilMem:75 - End SaveConfig() Used Memory: 743539728 Bytes (1073741824)
2025-11-29 21:22:51,522 [INFO] UtilMem:75 - End SaveConfig() Used Memory: 767015688 Bytes (1073741824)
2025-11-29 21:22:53,046 [INFO] UtilMem:75 - End SaveConfig() Used Memory: 812076152 Bytes (1073741824)
2025-11-29 21:22:55,016 [INFO] BlockDiagram:2775 - set Specific Code input for plugin: FREERTOS
2025-11-29 21:22:55,017 [INFO] BlockDiagram:2775 - set Specific Code input for plugin: TIM1_8L4
2025-11-29 21:22:55,017 [INFO] BlockDiagram:2775 - set Specific Code input for plugin: SYS
2025-11-29 21:22:55,017 [INFO] BlockDiagram:2775 - set Specific Code input for plugin: RCC
2025-11-29 21:22:55,017 [INFO] BlockDiagram:2775 - set Specific Code input for plugin: I2C
2025-11-29 21:22:55,017 [INFO] BlockDiagram:2775 - set Specific Code input for plugin: NVIC
2025-11-29 21:22:55,017 [INFO] BlockDiagram:2775 - set Specific Code input for plugin: GPIO
2025-11-29 21:22:55,018 [INFO] CodeGenerator:892 - code generatio: config db path: C:\ST\STM32CubeIDE_1.19.0\STM32CubeIDE\plugins\com.st.stm32cube.common.mx_6.15.0.202507011659\\db\
2025-11-29 21:22:55,171 [INFO] CodeEngine:265 - oldGeneratedFile, D:\STM32\Lab\Practice3-i2c-eeprom-random-number\MXTmpFiles\license.tmp_save
2025-11-29 21:22:55,495 [INFO] CodeEngine:289 - Generated code: D:\STM32\Lab\Practice3-i2c-eeprom-random-number\MXTmpFiles\license.tmp
2025-11-29 21:22:55,667 [INFO] CodeEngine:265 - oldGeneratedFile, D:\STM32\Lab\Practice3-i2c-eeprom-random-number\MXTmpFiles\gpio.tmp_save
2025-11-29 21:22:55,803 [INFO] CodeEngine:289 - Generated code: D:\STM32\Lab\Practice3-i2c-eeprom-random-number\MXTmpFiles\gpio.tmp
2025-11-29 21:22:56,193 [INFO] Middleware:1452 - No code input for Bsp Dependency
2025-11-29 21:22:56,203 [INFO] CodeEngine:265 - oldGeneratedFile, D:\STM32\Lab\Practice3-i2c-eeprom-random-number\MXTmpFiles\rtos_inc.tmp_save
2025-11-29 21:22:56,284 [INFO] CodeEngine:289 - Generated code: D:\STM32\Lab\Practice3-i2c-eeprom-random-number\MXTmpFiles\rtos_inc.tmp
2025-11-29 21:22:56,288 [INFO] CodeEngine:265 - oldGeneratedFile, D:\STM32\Lab\Practice3-i2c-eeprom-random-number\MXTmpFiles\rtos_kernelInit.tmp_save
2025-11-29 21:22:56,355 [INFO] CodeEngine:289 - Generated code: D:\STM32\Lab\Practice3-i2c-eeprom-random-number\MXTmpFiles\rtos_kernelInit.tmp
2025-11-29 21:22:56,360 [INFO] CodeEngine:265 - oldGeneratedFile, D:\STM32\Lab\Practice3-i2c-eeprom-random-number\MXTmpFiles\rtos_kernelStart.tmp_save
2025-11-29 21:22:56,429 [INFO] CodeEngine:289 - Generated code: D:\STM32\Lab\Practice3-i2c-eeprom-random-number\MXTmpFiles\rtos_kernelStart.tmp
2025-11-29 21:22:56,435 [INFO] CodeEngine:265 - oldGeneratedFile, D:\STM32\Lab\Practice3-i2c-eeprom-random-number\MXTmpFiles\rtos_typedefs.tmp_save
2025-11-29 21:22:56,492 [INFO] CodeEngine:289 - Generated code: D:\STM32\Lab\Practice3-i2c-eeprom-random-number\MXTmpFiles\rtos_typedefs.tmp
2025-11-29 21:22:56,496 [INFO] CodeEngine:265 - oldGeneratedFile, D:\STM32\Lab\Practice3-i2c-eeprom-random-number\MXTmpFiles\rtos_vars.tmp_save
2025-11-29 21:22:56,550 [INFO] CodeEngine:289 - Generated code: D:\STM32\Lab\Practice3-i2c-eeprom-random-number\MXTmpFiles\rtos_vars.tmp
2025-11-29 21:22:56,562 [INFO] CodeEngine:265 - oldGeneratedFile, D:\STM32\Lab\Practice3-i2c-eeprom-random-number\MXTmpFiles\rtos_pfp.tmp_save
2025-11-29 21:22:56,613 [INFO] CodeEngine:289 - Generated code: D:\STM32\Lab\Practice3-i2c-eeprom-random-number\MXTmpFiles\rtos_pfp.tmp
2025-11-29 21:22:56,618 [INFO] CodeEngine:265 - oldGeneratedFile, D:\STM32\Lab\Practice3-i2c-eeprom-random-number\MXTmpFiles\rtos_obj_creat.tmp_save
2025-11-29 21:22:56,669 [INFO] CodeEngine:289 - Generated code: D:\STM32\Lab\Practice3-i2c-eeprom-random-number\MXTmpFiles\rtos_obj_creat.tmp
2025-11-29 21:22:56,673 [INFO] CodeEngine:265 - oldGeneratedFile, D:\STM32\Lab\Practice3-i2c-eeprom-random-number\MXTmpFiles\rtos_default_thread.tmp_save
2025-11-29 21:22:56,723 [INFO] CodeEngine:289 - Generated code: D:\STM32\Lab\Practice3-i2c-eeprom-random-number\MXTmpFiles\rtos_default_thread.tmp
2025-11-29 21:22:56,727 [INFO] CodeEngine:265 - oldGeneratedFile, D:\STM32\Lab\Practice3-i2c-eeprom-random-number\MXTmpFiles\rtos_threads.tmp_save
2025-11-29 21:22:56,772 [INFO] CodeEngine:289 - Generated code: D:\STM32\Lab\Practice3-i2c-eeprom-random-number\MXTmpFiles\rtos_threads.tmp
2025-11-29 21:22:56,786 [INFO] Middleware:1452 - No code input for Bsp Dependency
2025-11-29 21:22:56,792 [INFO] CodeEngine:265 - oldGeneratedFile, D:\STM32\Lab\Practice3-i2c-eeprom-random-number\MXTmpFiles\rtos_inc.tmp_save
2025-11-29 21:22:56,837 [INFO] CodeEngine:289 - Generated code: D:\STM32\Lab\Practice3-i2c-eeprom-random-number\MXTmpFiles\rtos_inc.tmp
2025-11-29 21:22:56,841 [INFO] CodeEngine:265 - oldGeneratedFile, D:\STM32\Lab\Practice3-i2c-eeprom-random-number\MXTmpFiles\rtos_kernelInit.tmp_save
2025-11-29 21:22:56,896 [INFO] CodeEngine:289 - Generated code: D:\STM32\Lab\Practice3-i2c-eeprom-random-number\MXTmpFiles\rtos_kernelInit.tmp
2025-11-29 21:22:56,901 [INFO] CodeEngine:265 - oldGeneratedFile, D:\STM32\Lab\Practice3-i2c-eeprom-random-number\MXTmpFiles\rtos_kernelStart.tmp_save
2025-11-29 21:22:56,955 [INFO] CodeEngine:289 - Generated code: D:\STM32\Lab\Practice3-i2c-eeprom-random-number\MXTmpFiles\rtos_kernelStart.tmp
2025-11-29 21:22:56,960 [INFO] CodeEngine:265 - oldGeneratedFile, D:\STM32\Lab\Practice3-i2c-eeprom-random-number\MXTmpFiles\rtos_typedefs.tmp_save
2025-11-29 21:22:57,015 [INFO] CodeEngine:289 - Generated code: D:\STM32\Lab\Practice3-i2c-eeprom-random-number\MXTmpFiles\rtos_typedefs.tmp
2025-11-29 21:22:57,019 [INFO] CodeEngine:265 - oldGeneratedFile, D:\STM32\Lab\Practice3-i2c-eeprom-random-number\MXTmpFiles\rtos_vars.tmp_save
2025-11-29 21:22:57,075 [INFO] CodeEngine:289 - Generated code: D:\STM32\Lab\Practice3-i2c-eeprom-random-number\MXTmpFiles\rtos_vars.tmp
2025-11-29 21:22:57,081 [INFO] CodeEngine:265 - oldGeneratedFile, D:\STM32\Lab\Practice3-i2c-eeprom-random-number\MXTmpFiles\rtos_pfp.tmp_save
2025-11-29 21:22:57,125 [INFO] CodeEngine:289 - Generated code: D:\STM32\Lab\Practice3-i2c-eeprom-random-number\MXTmpFiles\rtos_pfp.tmp
2025-11-29 21:22:57,130 [INFO] CodeEngine:265 - oldGeneratedFile, D:\STM32\Lab\Practice3-i2c-eeprom-random-number\MXTmpFiles\rtos_obj_creat.tmp_save
2025-11-29 21:22:57,173 [INFO] CodeEngine:289 - Generated code: D:\STM32\Lab\Practice3-i2c-eeprom-random-number\MXTmpFiles\rtos_obj_creat.tmp
2025-11-29 21:22:57,177 [INFO] CodeEngine:265 - oldGeneratedFile, D:\STM32\Lab\Practice3-i2c-eeprom-random-number\MXTmpFiles\rtos_default_thread.tmp_save
2025-11-29 21:22:57,219 [INFO] CodeEngine:289 - Generated code: D:\STM32\Lab\Practice3-i2c-eeprom-random-number\MXTmpFiles\rtos_default_thread.tmp
2025-11-29 21:22:57,224 [INFO] CodeEngine:265 - oldGeneratedFile, D:\STM32\Lab\Practice3-i2c-eeprom-random-number\MXTmpFiles\rtos_threads.tmp_save
2025-11-29 21:22:57,264 [INFO] CodeEngine:289 - Generated code: D:\STM32\Lab\Practice3-i2c-eeprom-random-number\MXTmpFiles\rtos_threads.tmp
2025-11-29 21:22:57,270 [INFO] CodeEngine:265 - oldGeneratedFile, D:\STM32\Lab\Practice3-i2c-eeprom-random-number\Core\Inc\FreeRTOSConfig.h_save
2025-11-29 21:22:57,340 [INFO] CodeEngine:289 - Generated code: D:\STM32\Lab\Practice3-i2c-eeprom-random-number\Core\Inc\FreeRTOSConfig.h
2025-11-29 21:22:57,345 [INFO] CodeEngine:265 - oldGeneratedFile, D:\STM32\Lab\Practice3-i2c-eeprom-random-number\Core\Src\freertos.c_save
2025-11-29 21:22:57,395 [INFO] CodeEngine:289 - Generated code: D:\STM32\Lab\Practice3-i2c-eeprom-random-number\Core\Src\freertos.c
2025-11-29 21:22:57,410 [INFO] CodeEngine:265 - oldGeneratedFile, D:\STM32\Lab\Practice3-i2c-eeprom-random-number\Core\Src\stm32l4xx_it.c_save
2025-11-29 21:22:57,500 [INFO] CodeEngine:289 - Generated code: D:\STM32\Lab\Practice3-i2c-eeprom-random-number\Core\Src\stm32l4xx_it.c
2025-11-29 21:22:57,505 [INFO] CodeEngine:265 - oldGeneratedFile, D:\STM32\Lab\Practice3-i2c-eeprom-random-number\Core\Inc\stm32l4xx_it.h_save
2025-11-29 21:22:57,563 [INFO] CodeEngine:289 - Generated code: D:\STM32\Lab\Practice3-i2c-eeprom-random-number\Core\Inc\stm32l4xx_it.h
2025-11-29 21:22:57,577 [INFO] CodeEngine:265 - oldGeneratedFile, D:\STM32\Lab\Practice3-i2c-eeprom-random-number\Core\Src\stm32l4xx_hal_msp.c_save
2025-11-29 21:22:57,698 [INFO] CodeEngine:289 - Generated code: D:\STM32\Lab\Practice3-i2c-eeprom-random-number\Core\Src\stm32l4xx_hal_msp.c
2025-11-29 21:22:57,701 [INFO] CodeEngine:265 - oldGeneratedFile, D:\STM32\Lab\Practice3-i2c-eeprom-random-number\MXTmpFiles\system.tmp_save
2025-11-29 21:22:57,744 [INFO] CodeEngine:289 - Generated code: D:\STM32\Lab\Practice3-i2c-eeprom-random-number\MXTmpFiles\system.tmp
2025-11-29 21:22:57,753 [INFO] CodeEngine:321 - oldGeneratedFile, D:\STM32\Lab\Practice3-i2c-eeprom-random-number\Core\Inc\stm32l4xx_hal_conf.h_save
2025-11-29 21:22:57,800 [INFO] CodeEngine:345 - Generated code: D:\STM32\Lab\Practice3-i2c-eeprom-random-number\Core\Inc\stm32l4xx_hal_conf.h
2025-11-29 21:22:57,827 [INFO] ApiDbMcu:532 - Load IP Config File for I2C1
2025-11-29 21:22:57,838 [INFO] ApiDbMcu:532 - Load IP Config File for TIM2
2025-11-29 21:22:57,841 [INFO] ApiDbMcu:532 - Load IP Config File for RCC
2025-11-29 21:22:57,844 [WARN] IPConfigManager:3811 - IP not found : TIM
2025-11-29 21:22:57,845 [WARN] CodeGenerator:4259 - IP not found : null
2025-11-29 21:22:57,852 [INFO] CodeEngine:265 - oldGeneratedFile, D:\STM32\Lab\Practice3-i2c-eeprom-random-number\Core\Inc\main.h_save
2025-11-29 21:22:57,922 [INFO] CodeEngine:289 - Generated code: D:\STM32\Lab\Practice3-i2c-eeprom-random-number\Core\Inc\main.h
2025-11-29 21:22:57,928 [INFO] CodeEngine:265 - oldGeneratedFile, D:\STM32\Lab\Practice3-i2c-eeprom-random-number\Core\Src\main.c_save
2025-11-29 21:22:58,055 [INFO] CodeEngine:289 - Generated code: D:\STM32\Lab\Practice3-i2c-eeprom-random-number\Core\Src\main.c
2025-11-29 21:22:58,512 [INFO] ProjectBuilder:3606 - Time for Copy HAL[1] : 296mS.
2025-11-29 21:22:58,520 [INFO] ProjectBuilder:5216 - Project Generator version: 4.7.0-B52
2025-11-29 21:22:58,588 [INFO] ConfigFileManager:1595 - The Die is : DIE415
2025-11-29 21:22:58,599 [INFO] ApiDbMcu:532 - Load IP Config File for FATFS
2025-11-29 21:22:58,610 [INFO] ApiDbMcu:532 - Load IP Config File for TOUCHSENSING
2025-11-29 21:22:58,617 [INFO] ApiDbMcu:532 - Load IP Config File for USB_DEVICE
2025-11-29 21:22:58,622 [INFO] ApiDbMcu:532 - Load IP Config File for USB_HOST
2025-11-29 21:22:59,017 [INFO] LogOutputStream:77 - [STDOUT_REDIRECT] 
2025-11-29 21:23:00,170 [INFO] ProjectBuilder:5496 - Time for Generating toolchain IDE Files: 1648mS.
2025-11-29 21:23:00,170 [INFO] ProjectBuilder:3463 - Time for Copy CMSIS : 0mS.
2025-11-29 21:23:00,175 [INFO] ProjectBuilder:3463 - Time for Copy CMSIS : 0mS.
2025-11-29 22:05:30,870 [INFO] NvicIntPanel:101 - NVIC parent = com.st.microxplorer.plugins.ip.nvic.MultiNvicIntPanel[,0,0,0x0,invalid,layout=javax.swing.BoxLayout,alignmentX=0.0,alignmentY=0.0,border=,flags=9,maximumSize=,minimumSize=,preferredSize=]
2025-11-29 22:05:32,978 [INFO] NvicIntPanel:101 - NVIC parent = com.st.microxplorer.plugins.ip.nvic.MultiNvicIntPanel[,0,0,0x0,invalid,layout=javax.swing.BoxLayout,alignmentX=0.0,alignmentY=0.0,border=,flags=9,maximumSize=,minimumSize=,preferredSize=]
2025-11-29 22:05:34,983 [INFO] NvicIntPanel:101 - NVIC parent = com.st.microxplorer.plugins.ip.nvic.MultiNvicIntPanel[,0,0,0x0,invalid,layout=javax.swing.BoxLayout,alignmentX=0.0,alignmentY=0.0,border=,flags=9,maximumSize=,minimumSize=,preferredSize=]
2025-11-29 22:05:36,375 [INFO] NvicIntPanel:101 - NVIC parent = com.st.microxplorer.plugins.ip.nvic.MultiNvicIntPanel[,0,0,0x0,invalid,layout=javax.swing.BoxLayout,alignmentX=0.0,alignmentY=0.0,border=,flags=9,maximumSize=,minimumSize=,preferredSize=]
2025-11-29 22:05:39,744 [INFO] NvicIntPanel:101 - NVIC parent = com.st.microxplorer.plugins.ip.nvic.MultiNvicIntPanel[,0,0,0x0,invalid,layout=javax.swing.BoxLayout,alignmentX=0.0,alignmentY=0.0,border=,flags=9,maximumSize=,minimumSize=,preferredSize=]
2025-11-29 22:05:43,944 [INFO] UtilMem:75 - End SaveConfig() Used Memory: 931197952 Bytes (1073741824)
2025-11-29 22:05:45,066 [INFO] UtilMem:75 - End SaveConfig() Used Memory: 952234136 Bytes (1073741824)
2025-11-29 22:05:46,295 [INFO] UtilMem:75 - End SaveConfig() Used Memory: 996274376 Bytes (1073741824)
2025-11-29 22:05:47,671 [INFO] BlockDiagram:2775 - set Specific Code input for plugin: FREERTOS
2025-11-29 22:05:47,671 [INFO] BlockDiagram:2775 - set Specific Code input for plugin: TIM1_8L4
2025-11-29 22:05:47,671 [INFO] BlockDiagram:2775 - set Specific Code input for plugin: SYS
2025-11-29 22:05:47,671 [INFO] BlockDiagram:2775 - set Specific Code input for plugin: RCC
2025-11-29 22:05:47,671 [INFO] BlockDiagram:2775 - set Specific Code input for plugin: I2C
2025-11-29 22:05:47,671 [INFO] BlockDiagram:2775 - set Specific Code input for plugin: NVIC
2025-11-29 22:05:47,671 [INFO] BlockDiagram:2775 - set Specific Code input for plugin: GPIO
2025-11-29 22:05:47,672 [INFO] CodeGenerator:892 - code generatio: config db path: C:\ST\STM32CubeIDE_1.19.0\STM32CubeIDE\plugins\com.st.stm32cube.common.mx_6.15.0.202507011659\\db\
2025-11-29 22:05:47,748 [INFO] CodeEngine:265 - oldGeneratedFile, D:\STM32\Lab\Practice3-i2c-eeprom-random-number\MXTmpFiles\license.tmp_save
2025-11-29 22:05:47,993 [INFO] CodeEngine:289 - Generated code: D:\STM32\Lab\Practice3-i2c-eeprom-random-number\MXTmpFiles\license.tmp
2025-11-29 22:05:48,082 [INFO] CodeEngine:265 - oldGeneratedFile, D:\STM32\Lab\Practice3-i2c-eeprom-random-number\MXTmpFiles\gpio.tmp_save
2025-11-29 22:05:48,203 [INFO] CodeEngine:289 - Generated code: D:\STM32\Lab\Practice3-i2c-eeprom-random-number\MXTmpFiles\gpio.tmp
2025-11-29 22:05:48,567 [INFO] Middleware:1452 - No code input for Bsp Dependency
2025-11-29 22:05:48,572 [INFO] CodeEngine:265 - oldGeneratedFile, D:\STM32\Lab\Practice3-i2c-eeprom-random-number\MXTmpFiles\rtos_inc.tmp_save
2025-11-29 22:05:48,638 [INFO] CodeEngine:289 - Generated code: D:\STM32\Lab\Practice3-i2c-eeprom-random-number\MXTmpFiles\rtos_inc.tmp
2025-11-29 22:05:48,642 [INFO] CodeEngine:265 - oldGeneratedFile, D:\STM32\Lab\Practice3-i2c-eeprom-random-number\MXTmpFiles\rtos_kernelInit.tmp_save
2025-11-29 22:05:48,711 [INFO] CodeEngine:289 - Generated code: D:\STM32\Lab\Practice3-i2c-eeprom-random-number\MXTmpFiles\rtos_kernelInit.tmp
2025-11-29 22:05:48,714 [INFO] CodeEngine:265 - oldGeneratedFile, D:\STM32\Lab\Practice3-i2c-eeprom-random-number\MXTmpFiles\rtos_kernelStart.tmp_save
2025-11-29 22:05:48,778 [INFO] CodeEngine:289 - Generated code: D:\STM32\Lab\Practice3-i2c-eeprom-random-number\MXTmpFiles\rtos_kernelStart.tmp
2025-11-29 22:05:48,782 [INFO] CodeEngine:265 - oldGeneratedFile, D:\STM32\Lab\Practice3-i2c-eeprom-random-number\MXTmpFiles\rtos_typedefs.tmp_save
2025-11-29 22:05:48,840 [INFO] CodeEngine:289 - Generated code: D:\STM32\Lab\Practice3-i2c-eeprom-random-number\MXTmpFiles\rtos_typedefs.tmp
2025-11-29 22:05:48,843 [INFO] CodeEngine:265 - oldGeneratedFile, D:\STM32\Lab\Practice3-i2c-eeprom-random-number\MXTmpFiles\rtos_vars.tmp_save
2025-11-29 22:05:48,897 [INFO] CodeEngine:289 - Generated code: D:\STM32\Lab\Practice3-i2c-eeprom-random-number\MXTmpFiles\rtos_vars.tmp
2025-11-29 22:05:48,930 [INFO] CodeEngine:265 - oldGeneratedFile, D:\STM32\Lab\Practice3-i2c-eeprom-random-number\MXTmpFiles\rtos_pfp.tmp_save
2025-11-29 22:05:48,978 [INFO] CodeEngine:289 - Generated code: D:\STM32\Lab\Practice3-i2c-eeprom-random-number\MXTmpFiles\rtos_pfp.tmp
2025-11-29 22:05:48,982 [INFO] CodeEngine:265 - oldGeneratedFile, D:\STM32\Lab\Practice3-i2c-eeprom-random-number\MXTmpFiles\rtos_obj_creat.tmp_save
2025-11-29 22:05:49,033 [INFO] CodeEngine:289 - Generated code: D:\STM32\Lab\Practice3-i2c-eeprom-random-number\MXTmpFiles\rtos_obj_creat.tmp
2025-11-29 22:05:49,036 [INFO] CodeEngine:265 - oldGeneratedFile, D:\STM32\Lab\Practice3-i2c-eeprom-random-number\MXTmpFiles\rtos_default_thread.tmp_save
2025-11-29 22:05:49,083 [INFO] CodeEngine:289 - Generated code: D:\STM32\Lab\Practice3-i2c-eeprom-random-number\MXTmpFiles\rtos_default_thread.tmp
2025-11-29 22:05:49,087 [INFO] CodeEngine:265 - oldGeneratedFile, D:\STM32\Lab\Practice3-i2c-eeprom-random-number\MXTmpFiles\rtos_threads.tmp_save
2025-11-29 22:05:49,131 [INFO] CodeEngine:289 - Generated code: D:\STM32\Lab\Practice3-i2c-eeprom-random-number\MXTmpFiles\rtos_threads.tmp
2025-11-29 22:05:49,143 [INFO] Middleware:1452 - No code input for Bsp Dependency
2025-11-29 22:05:49,150 [INFO] CodeEngine:265 - oldGeneratedFile, D:\STM32\Lab\Practice3-i2c-eeprom-random-number\MXTmpFiles\rtos_inc.tmp_save
2025-11-29 22:05:49,195 [INFO] CodeEngine:289 - Generated code: D:\STM32\Lab\Practice3-i2c-eeprom-random-number\MXTmpFiles\rtos_inc.tmp
2025-11-29 22:05:49,200 [INFO] CodeEngine:265 - oldGeneratedFile, D:\STM32\Lab\Practice3-i2c-eeprom-random-number\MXTmpFiles\rtos_kernelInit.tmp_save
2025-11-29 22:05:49,244 [INFO] CodeEngine:289 - Generated code: D:\STM32\Lab\Practice3-i2c-eeprom-random-number\MXTmpFiles\rtos_kernelInit.tmp
2025-11-29 22:05:49,255 [INFO] CodeEngine:265 - oldGeneratedFile, D:\STM32\Lab\Practice3-i2c-eeprom-random-number\MXTmpFiles\rtos_kernelStart.tmp_save
2025-11-29 22:05:49,298 [INFO] CodeEngine:289 - Generated code: D:\STM32\Lab\Practice3-i2c-eeprom-random-number\MXTmpFiles\rtos_kernelStart.tmp
2025-11-29 22:05:49,303 [INFO] CodeEngine:265 - oldGeneratedFile, D:\STM32\Lab\Practice3-i2c-eeprom-random-number\MXTmpFiles\rtos_typedefs.tmp_save
2025-11-29 22:05:49,349 [INFO] CodeEngine:289 - Generated code: D:\STM32\Lab\Practice3-i2c-eeprom-random-number\MXTmpFiles\rtos_typedefs.tmp
2025-11-29 22:05:49,353 [INFO] CodeEngine:265 - oldGeneratedFile, D:\STM32\Lab\Practice3-i2c-eeprom-random-number\MXTmpFiles\rtos_vars.tmp_save
2025-11-29 22:05:49,406 [INFO] CodeEngine:289 - Generated code: D:\STM32\Lab\Practice3-i2c-eeprom-random-number\MXTmpFiles\rtos_vars.tmp
2025-11-29 22:05:49,411 [INFO] CodeEngine:265 - oldGeneratedFile, D:\STM32\Lab\Practice3-i2c-eeprom-random-number\MXTmpFiles\rtos_pfp.tmp_save
2025-11-29 22:05:49,455 [INFO] CodeEngine:289 - Generated code: D:\STM32\Lab\Practice3-i2c-eeprom-random-number\MXTmpFiles\rtos_pfp.tmp
2025-11-29 22:05:49,460 [INFO] CodeEngine:265 - oldGeneratedFile, D:\STM32\Lab\Practice3-i2c-eeprom-random-number\MXTmpFiles\rtos_obj_creat.tmp_save
2025-11-29 22:05:49,506 [INFO] CodeEngine:289 - Generated code: D:\STM32\Lab\Practice3-i2c-eeprom-random-number\MXTmpFiles\rtos_obj_creat.tmp
2025-11-29 22:05:49,511 [INFO] CodeEngine:265 - oldGeneratedFile, D:\STM32\Lab\Practice3-i2c-eeprom-random-number\MXTmpFiles\rtos_default_thread.tmp_save
2025-11-29 22:05:49,555 [INFO] CodeEngine:289 - Generated code: D:\STM32\Lab\Practice3-i2c-eeprom-random-number\MXTmpFiles\rtos_default_thread.tmp
2025-11-29 22:05:49,559 [INFO] CodeEngine:265 - oldGeneratedFile, D:\STM32\Lab\Practice3-i2c-eeprom-random-number\MXTmpFiles\rtos_threads.tmp_save
2025-11-29 22:05:49,602 [INFO] CodeEngine:289 - Generated code: D:\STM32\Lab\Practice3-i2c-eeprom-random-number\MXTmpFiles\rtos_threads.tmp
2025-11-29 22:05:49,607 [INFO] CodeEngine:265 - oldGeneratedFile, D:\STM32\Lab\Practice3-i2c-eeprom-random-number\Core\Inc\FreeRTOSConfig.h_save
2025-11-29 22:05:49,669 [INFO] CodeEngine:289 - Generated code: D:\STM32\Lab\Practice3-i2c-eeprom-random-number\Core\Inc\FreeRTOSConfig.h
2025-11-29 22:05:49,674 [INFO] CodeEngine:265 - oldGeneratedFile, D:\STM32\Lab\Practice3-i2c-eeprom-random-number\Core\Src\freertos.c_save
2025-11-29 22:05:49,721 [INFO] CodeEngine:289 - Generated code: D:\STM32\Lab\Practice3-i2c-eeprom-random-number\Core\Src\freertos.c
2025-11-29 22:05:49,732 [INFO] CodeEngine:265 - oldGeneratedFile, D:\STM32\Lab\Practice3-i2c-eeprom-random-number\Core\Src\stm32l4xx_it.c_save
2025-11-29 22:05:49,877 [INFO] CodeEngine:289 - Generated code: D:\STM32\Lab\Practice3-i2c-eeprom-random-number\Core\Src\stm32l4xx_it.c
2025-11-29 22:05:49,882 [INFO] CodeEngine:265 - oldGeneratedFile, D:\STM32\Lab\Practice3-i2c-eeprom-random-number\Core\Inc\stm32l4xx_it.h_save
2025-11-29 22:05:49,930 [INFO] CodeEngine:289 - Generated code: D:\STM32\Lab\Practice3-i2c-eeprom-random-number\Core\Inc\stm32l4xx_it.h
2025-11-29 22:05:49,942 [INFO] CodeEngine:265 - oldGeneratedFile, D:\STM32\Lab\Practice3-i2c-eeprom-random-number\Core\Src\stm32l4xx_hal_msp.c_save
2025-11-29 22:05:50,023 [INFO] CodeEngine:289 - Generated code: D:\STM32\Lab\Practice3-i2c-eeprom-random-number\Core\Src\stm32l4xx_hal_msp.c
2025-11-29 22:05:50,027 [INFO] CodeEngine:265 - oldGeneratedFile, D:\STM32\Lab\Practice3-i2c-eeprom-random-number\MXTmpFiles\system.tmp_save
2025-11-29 22:05:50,070 [INFO] CodeEngine:289 - Generated code: D:\STM32\Lab\Practice3-i2c-eeprom-random-number\MXTmpFiles\system.tmp
2025-11-29 22:05:50,079 [INFO] CodeEngine:321 - oldGeneratedFile, D:\STM32\Lab\Practice3-i2c-eeprom-random-number\Core\Inc\stm32l4xx_hal_conf.h_save
2025-11-29 22:05:50,124 [INFO] CodeEngine:345 - Generated code: D:\STM32\Lab\Practice3-i2c-eeprom-random-number\Core\Inc\stm32l4xx_hal_conf.h
2025-11-29 22:05:50,160 [INFO] ApiDbMcu:532 - Load IP Config File for TIM1
2025-11-29 22:05:50,162 [WARN] IPConfigManager:3811 - IP not found : TIM
2025-11-29 22:05:50,162 [WARN] CodeGenerator:4259 - IP not found : null
2025-11-29 22:05:50,171 [INFO] CodeEngine:265 - oldGeneratedFile, D:\STM32\Lab\Practice3-i2c-eeprom-random-number\Core\Inc\main.h_save
2025-11-29 22:05:50,254 [INFO] CodeEngine:289 - Generated code: D:\STM32\Lab\Practice3-i2c-eeprom-random-number\Core\Inc\main.h
2025-11-29 22:05:50,259 [INFO] CodeEngine:265 - oldGeneratedFile, D:\STM32\Lab\Practice3-i2c-eeprom-random-number\Core\Src\main.c_save
2025-11-29 22:05:50,384 [INFO] CodeEngine:289 - Generated code: D:\STM32\Lab\Practice3-i2c-eeprom-random-number\Core\Src\main.c
2025-11-29 22:05:50,792 [INFO] ProjectBuilder:3606 - Time for Copy HAL[1] : 253mS.
2025-11-29 22:05:50,795 [INFO] ProjectBuilder:5216 - Project Generator version: 4.7.0-B52
2025-11-29 22:05:50,862 [INFO] ConfigFileManager:1595 - The Die is : DIE415
2025-11-29 22:05:51,675 [INFO] ProjectBuilder:5496 - Time for Generating toolchain IDE Files: 880mS.
2025-11-29 22:05:51,676 [INFO] ProjectBuilder:3463 - Time for Copy CMSIS : 1mS.
2025-11-29 22:05:51,836 [INFO] ProjectBuilder:3463 - Time for Copy CMSIS : 0mS.
2025-11-29 22:06:15,762 [ERROR] AdobePublisher:162 - Exception while opening the connection: java.net.SocketTimeoutException: Connect timed out
2025-11-29 22:06:17,763 [ERROR] AdobePublisher:162 - Exception while opening the connection: java.net.SocketTimeoutException: Connect timed out
2025-11-29 22:07:04,188 [INFO] NvicIntPanel:101 - NVIC parent = com.st.microxplorer.plugins.ip.nvic.MultiNvicIntPanel[,0,0,665x327,layout=javax.swing.BoxLayout,alignmentX=0.0,alignmentY=0.0,border=,flags=9,maximumSize=,minimumSize=,preferredSize=]
2025-11-29 22:07:18,729 [INFO] NvicIntPanel:101 - NVIC parent = com.st.microxplorer.plugins.ip.nvic.MultiNvicIntPanel[,0,0,0x0,invalid,layout=javax.swing.BoxLayout,alignmentX=0.0,alignmentY=0.0,border=,flags=9,maximumSize=,minimumSize=,preferredSize=]
2025-11-29 22:07:26,661 [INFO] NvicIntPanel:101 - NVIC parent = com.st.microxplorer.plugins.ip.nvic.MultiNvicIntPanel[,0,0,0x0,invalid,layout=javax.swing.BoxLayout,alignmentX=0.0,alignmentY=0.0,border=,flags=9,maximumSize=,minimumSize=,preferredSize=]
2025-11-29 22:07:37,017 [INFO] NvicIntPanel:101 - NVIC parent = com.st.microxplorer.plugins.ip.nvic.MultiNvicIntPanel[,0,0,0x0,invalid,layout=javax.swing.BoxLayout,alignmentX=0.0,alignmentY=0.0,border=,flags=9,maximumSize=,minimumSize=,preferredSize=]
2025-11-29 22:08:53,630 [INFO] NvicIntPanel:101 - NVIC parent = com.st.microxplorer.plugins.ip.nvic.MultiNvicIntPanel[,0,0,0x0,invalid,layout=javax.swing.BoxLayout,alignmentX=0.0,alignmentY=0.0,border=,flags=9,maximumSize=,minimumSize=,preferredSize=]
2025-11-29 22:09:02,095 [INFO] NvicIntPanel:101 - NVIC parent = com.st.microxplorer.plugins.ip.nvic.MultiNvicIntPanel[,0,0,0x0,invalid,layout=javax.swing.BoxLayout,alignmentX=0.0,alignmentY=0.0,border=,flags=9,maximumSize=,minimumSize=,preferredSize=]
2025-11-29 22:09:06,898 [INFO] NvicIntPanel:101 - NVIC parent = com.st.microxplorer.plugins.ip.nvic.MultiNvicIntPanel[,0,0,0x0,invalid,layout=javax.swing.BoxLayout,alignmentX=0.0,alignmentY=0.0,border=,flags=9,maximumSize=,minimumSize=,preferredSize=]
2025-11-29 22:09:18,855 [INFO] NvicIntPanel:101 - NVIC parent = com.st.microxplorer.plugins.ip.nvic.MultiNvicIntPanel[,0,0,0x0,invalid,layout=javax.swing.BoxLayout,alignmentX=0.0,alignmentY=0.0,border=,flags=9,maximumSize=,minimumSize=,preferredSize=]
2025-11-29 22:09:22,154 [INFO] NvicIntPanel:101 - NVIC parent = com.st.microxplorer.plugins.ip.nvic.MultiNvicIntPanel[,0,0,0x0,invalid,layout=javax.swing.BoxLayout,alignmentX=0.0,alignmentY=0.0,border=,flags=9,maximumSize=,minimumSize=,preferredSize=]
2025-11-29 22:09:37,209 [INFO] NvicIntPanel:101 - NVIC parent = com.st.microxplorer.plugins.ip.nvic.MultiNvicIntPanel[,0,0,0x0,invalid,layout=javax.swing.BoxLayout,alignmentX=0.0,alignmentY=0.0,border=,flags=9,maximumSize=,minimumSize=,preferredSize=]
2025-11-29 22:09:43,027 [INFO] NvicIntPanel:101 - NVIC parent = com.st.microxplorer.plugins.ip.nvic.MultiNvicIntPanel[,0,0,0x0,invalid,layout=javax.swing.BoxLayout,alignmentX=0.0,alignmentY=0.0,border=,flags=9,maximumSize=,minimumSize=,preferredSize=]
2025-11-29 22:09:44,566 [INFO] NvicIntPanel:101 - NVIC parent = com.st.microxplorer.plugins.ip.nvic.MultiNvicIntPanel[,0,0,0x0,invalid,layout=javax.swing.BoxLayout,alignmentX=0.0,alignmentY=0.0,border=,flags=9,maximumSize=,minimumSize=,preferredSize=]
2025-11-29 22:09:47,543 [INFO] NvicIntPanel:101 - NVIC parent = com.st.microxplorer.plugins.ip.nvic.MultiNvicIntPanel[,0,0,0x0,invalid,layout=javax.swing.BoxLayout,alignmentX=0.0,alignmentY=0.0,border=,flags=9,maximumSize=,minimumSize=,preferredSize=]
2025-11-29 22:09:48,550 [INFO] NvicIntPanel:101 - NVIC parent = com.st.microxplorer.plugins.ip.nvic.MultiNvicIntPanel[,0,0,0x0,invalid,layout=javax.swing.BoxLayout,alignmentX=0.0,alignmentY=0.0,border=,flags=9,maximumSize=,minimumSize=,preferredSize=]
2025-11-29 22:09:50,645 [INFO] NvicIntPanel:101 - NVIC parent = com.st.microxplorer.plugins.ip.nvic.MultiNvicIntPanel[,0,0,0x0,invalid,layout=javax.swing.BoxLayout,alignmentX=0.0,alignmentY=0.0,border=,flags=9,maximumSize=,minimumSize=,preferredSize=]
2025-11-29 22:09:59,501 [INFO] UtilMem:75 - End SaveConfig() Used Memory: 723629480 Bytes (1073741824)
2025-11-29 22:10:00,735 [INFO] UtilMem:75 - End SaveConfig() Used Memory: 744641928 Bytes (1073741824)
2025-11-29 22:10:02,016 [INFO] UtilMem:75 - End SaveConfig() Used Memory: 788886496 Bytes (1073741824)
2025-11-29 22:10:03,497 [INFO] BlockDiagram:2775 - set Specific Code input for plugin: FREERTOS
2025-11-29 22:10:03,497 [INFO] BlockDiagram:2775 - set Specific Code input for plugin: TIM1_8L4
2025-11-29 22:10:03,497 [INFO] BlockDiagram:2775 - set Specific Code input for plugin: SYS
2025-11-29 22:10:03,497 [INFO] BlockDiagram:2775 - set Specific Code input for plugin: RCC
2025-11-29 22:10:03,497 [INFO] BlockDiagram:2775 - set Specific Code input for plugin: I2C
2025-11-29 22:10:03,498 [INFO] BlockDiagram:2775 - set Specific Code input for plugin: NVIC
2025-11-29 22:10:03,498 [INFO] BlockDiagram:2775 - set Specific Code input for plugin: GPIO
2025-11-29 22:10:03,499 [INFO] CodeGenerator:892 - code generatio: config db path: C:\ST\STM32CubeIDE_1.19.0\STM32CubeIDE\plugins\com.st.stm32cube.common.mx_6.15.0.202507011659\\db\
2025-11-29 22:10:03,566 [INFO] CodeEngine:265 - oldGeneratedFile, D:\STM32\Lab\Practice3-i2c-eeprom-random-number\MXTmpFiles\license.tmp_save
2025-11-29 22:10:03,740 [INFO] CodeEngine:289 - Generated code: D:\STM32\Lab\Practice3-i2c-eeprom-random-number\MXTmpFiles\license.tmp
2025-11-29 22:10:03,825 [INFO] CodeEngine:265 - oldGeneratedFile, D:\STM32\Lab\Practice3-i2c-eeprom-random-number\MXTmpFiles\gpio.tmp_save
2025-11-29 22:10:03,914 [INFO] CodeEngine:289 - Generated code: D:\STM32\Lab\Practice3-i2c-eeprom-random-number\MXTmpFiles\gpio.tmp
2025-11-29 22:10:04,273 [INFO] Middleware:1452 - No code input for Bsp Dependency
2025-11-29 22:10:04,279 [INFO] CodeEngine:265 - oldGeneratedFile, D:\STM32\Lab\Practice3-i2c-eeprom-random-number\MXTmpFiles\rtos_inc.tmp_save
2025-11-29 22:10:04,340 [INFO] CodeEngine:289 - Generated code: D:\STM32\Lab\Practice3-i2c-eeprom-random-number\MXTmpFiles\rtos_inc.tmp
2025-11-29 22:10:04,344 [INFO] CodeEngine:265 - oldGeneratedFile, D:\STM32\Lab\Practice3-i2c-eeprom-random-number\MXTmpFiles\rtos_kernelInit.tmp_save
2025-11-29 22:10:04,400 [INFO] CodeEngine:289 - Generated code: D:\STM32\Lab\Practice3-i2c-eeprom-random-number\MXTmpFiles\rtos_kernelInit.tmp
2025-11-29 22:10:04,404 [INFO] CodeEngine:265 - oldGeneratedFile, D:\STM32\Lab\Practice3-i2c-eeprom-random-number\MXTmpFiles\rtos_kernelStart.tmp_save
2025-11-29 22:10:04,456 [INFO] CodeEngine:289 - Generated code: D:\STM32\Lab\Practice3-i2c-eeprom-random-number\MXTmpFiles\rtos_kernelStart.tmp
2025-11-29 22:10:04,460 [INFO] CodeEngine:265 - oldGeneratedFile, D:\STM32\Lab\Practice3-i2c-eeprom-random-number\MXTmpFiles\rtos_typedefs.tmp_save
2025-11-29 22:10:04,513 [INFO] CodeEngine:289 - Generated code: D:\STM32\Lab\Practice3-i2c-eeprom-random-number\MXTmpFiles\rtos_typedefs.tmp
2025-11-29 22:10:04,526 [INFO] CodeEngine:265 - oldGeneratedFile, D:\STM32\Lab\Practice3-i2c-eeprom-random-number\MXTmpFiles\rtos_vars.tmp_save
2025-11-29 22:10:04,578 [INFO] CodeEngine:289 - Generated code: D:\STM32\Lab\Practice3-i2c-eeprom-random-number\MXTmpFiles\rtos_vars.tmp
2025-11-29 22:10:04,581 [INFO] CodeEngine:265 - oldGeneratedFile, D:\STM32\Lab\Practice3-i2c-eeprom-random-number\MXTmpFiles\rtos_pfp.tmp_save
2025-11-29 22:10:04,629 [INFO] CodeEngine:289 - Generated code: D:\STM32\Lab\Practice3-i2c-eeprom-random-number\MXTmpFiles\rtos_pfp.tmp
2025-11-29 22:10:04,633 [INFO] CodeEngine:265 - oldGeneratedFile, D:\STM32\Lab\Practice3-i2c-eeprom-random-number\MXTmpFiles\rtos_obj_creat.tmp_save
2025-11-29 22:10:04,683 [INFO] CodeEngine:289 - Generated code: D:\STM32\Lab\Practice3-i2c-eeprom-random-number\MXTmpFiles\rtos_obj_creat.tmp
2025-11-29 22:10:04,687 [INFO] CodeEngine:265 - oldGeneratedFile, D:\STM32\Lab\Practice3-i2c-eeprom-random-number\MXTmpFiles\rtos_default_thread.tmp_save
2025-11-29 22:10:04,734 [INFO] CodeEngine:289 - Generated code: D:\STM32\Lab\Practice3-i2c-eeprom-random-number\MXTmpFiles\rtos_default_thread.tmp
2025-11-29 22:10:04,738 [INFO] CodeEngine:265 - oldGeneratedFile, D:\STM32\Lab\Practice3-i2c-eeprom-random-number\MXTmpFiles\rtos_threads.tmp_save
2025-11-29 22:10:04,782 [INFO] CodeEngine:289 - Generated code: D:\STM32\Lab\Practice3-i2c-eeprom-random-number\MXTmpFiles\rtos_threads.tmp
2025-11-29 22:10:04,803 [INFO] Middleware:1452 - No code input for Bsp Dependency
2025-11-29 22:10:04,810 [INFO] CodeEngine:265 - oldGeneratedFile, D:\STM32\Lab\Practice3-i2c-eeprom-random-number\MXTmpFiles\rtos_inc.tmp_save
2025-11-29 22:10:04,856 [INFO] CodeEngine:289 - Generated code: D:\STM32\Lab\Practice3-i2c-eeprom-random-number\MXTmpFiles\rtos_inc.tmp
2025-11-29 22:10:04,860 [INFO] CodeEngine:265 - oldGeneratedFile, D:\STM32\Lab\Practice3-i2c-eeprom-random-number\MXTmpFiles\rtos_kernelInit.tmp_save
2025-11-29 22:10:04,905 [INFO] CodeEngine:289 - Generated code: D:\STM32\Lab\Practice3-i2c-eeprom-random-number\MXTmpFiles\rtos_kernelInit.tmp
2025-11-29 22:10:04,909 [INFO] CodeEngine:265 - oldGeneratedFile, D:\STM32\Lab\Practice3-i2c-eeprom-random-number\MXTmpFiles\rtos_kernelStart.tmp_save
2025-11-29 22:10:04,953 [INFO] CodeEngine:289 - Generated code: D:\STM32\Lab\Practice3-i2c-eeprom-random-number\MXTmpFiles\rtos_kernelStart.tmp
2025-11-29 22:10:04,957 [INFO] CodeEngine:265 - oldGeneratedFile, D:\STM32\Lab\Practice3-i2c-eeprom-random-number\MXTmpFiles\rtos_typedefs.tmp_save
2025-11-29 22:10:05,002 [INFO] CodeEngine:289 - Generated code: D:\STM32\Lab\Practice3-i2c-eeprom-random-number\MXTmpFiles\rtos_typedefs.tmp
2025-11-29 22:10:05,006 [INFO] CodeEngine:265 - oldGeneratedFile, D:\STM32\Lab\Practice3-i2c-eeprom-random-number\MXTmpFiles\rtos_vars.tmp_save
2025-11-29 22:10:05,053 [INFO] CodeEngine:289 - Generated code: D:\STM32\Lab\Practice3-i2c-eeprom-random-number\MXTmpFiles\rtos_vars.tmp
2025-11-29 22:10:05,057 [INFO] CodeEngine:265 - oldGeneratedFile, D:\STM32\Lab\Practice3-i2c-eeprom-random-number\MXTmpFiles\rtos_pfp.tmp_save
2025-11-29 22:10:05,101 [INFO] CodeEngine:289 - Generated code: D:\STM32\Lab\Practice3-i2c-eeprom-random-number\MXTmpFiles\rtos_pfp.tmp
2025-11-29 22:10:05,106 [INFO] CodeEngine:265 - oldGeneratedFile, D:\STM32\Lab\Practice3-i2c-eeprom-random-number\MXTmpFiles\rtos_obj_creat.tmp_save
2025-11-29 22:10:05,151 [INFO] CodeEngine:289 - Generated code: D:\STM32\Lab\Practice3-i2c-eeprom-random-number\MXTmpFiles\rtos_obj_creat.tmp
2025-11-29 22:10:05,156 [INFO] CodeEngine:265 - oldGeneratedFile, D:\STM32\Lab\Practice3-i2c-eeprom-random-number\MXTmpFiles\rtos_default_thread.tmp_save
2025-11-29 22:10:05,200 [INFO] CodeEngine:289 - Generated code: D:\STM32\Lab\Practice3-i2c-eeprom-random-number\MXTmpFiles\rtos_default_thread.tmp
2025-11-29 22:10:05,204 [INFO] CodeEngine:265 - oldGeneratedFile, D:\STM32\Lab\Practice3-i2c-eeprom-random-number\MXTmpFiles\rtos_threads.tmp_save
2025-11-29 22:10:05,247 [INFO] CodeEngine:289 - Generated code: D:\STM32\Lab\Practice3-i2c-eeprom-random-number\MXTmpFiles\rtos_threads.tmp
2025-11-29 22:10:05,251 [INFO] CodeEngine:265 - oldGeneratedFile, D:\STM32\Lab\Practice3-i2c-eeprom-random-number\Core\Inc\FreeRTOSConfig.h_save
2025-11-29 22:10:05,312 [INFO] CodeEngine:289 - Generated code: D:\STM32\Lab\Practice3-i2c-eeprom-random-number\Core\Inc\FreeRTOSConfig.h
2025-11-29 22:10:05,317 [INFO] CodeEngine:265 - oldGeneratedFile, D:\STM32\Lab\Practice3-i2c-eeprom-random-number\Core\Src\freertos.c_save
2025-11-29 22:10:05,374 [INFO] CodeEngine:289 - Generated code: D:\STM32\Lab\Practice3-i2c-eeprom-random-number\Core\Src\freertos.c
2025-11-29 22:10:05,385 [INFO] CodeEngine:265 - oldGeneratedFile, D:\STM32\Lab\Practice3-i2c-eeprom-random-number\Core\Src\stm32l4xx_it.c_save
2025-11-29 22:10:05,442 [INFO] CodeEngine:289 - Generated code: D:\STM32\Lab\Practice3-i2c-eeprom-random-number\Core\Src\stm32l4xx_it.c
2025-11-29 22:10:05,446 [INFO] CodeEngine:265 - oldGeneratedFile, D:\STM32\Lab\Practice3-i2c-eeprom-random-number\Core\Inc\stm32l4xx_it.h_save
2025-11-29 22:10:05,493 [INFO] CodeEngine:289 - Generated code: D:\STM32\Lab\Practice3-i2c-eeprom-random-number\Core\Inc\stm32l4xx_it.h
2025-11-29 22:10:05,503 [INFO] CodeEngine:265 - oldGeneratedFile, D:\STM32\Lab\Practice3-i2c-eeprom-random-number\Core\Src\stm32l4xx_hal_msp.c_save
2025-11-29 22:10:05,579 [INFO] CodeEngine:289 - Generated code: D:\STM32\Lab\Practice3-i2c-eeprom-random-number\Core\Src\stm32l4xx_hal_msp.c
2025-11-29 22:10:05,584 [INFO] CodeEngine:265 - oldGeneratedFile, D:\STM32\Lab\Practice3-i2c-eeprom-random-number\MXTmpFiles\system.tmp_save
2025-11-29 22:10:05,626 [INFO] CodeEngine:289 - Generated code: D:\STM32\Lab\Practice3-i2c-eeprom-random-number\MXTmpFiles\system.tmp
2025-11-29 22:10:05,634 [INFO] CodeEngine:321 - oldGeneratedFile, D:\STM32\Lab\Practice3-i2c-eeprom-random-number\Core\Inc\stm32l4xx_hal_conf.h_save
2025-11-29 22:10:05,683 [INFO] CodeEngine:345 - Generated code: D:\STM32\Lab\Practice3-i2c-eeprom-random-number\Core\Inc\stm32l4xx_hal_conf.h
2025-11-29 22:10:05,702 [WARN] IPConfigManager:3811 - IP not found : TIM
2025-11-29 22:10:05,702 [WARN] CodeGenerator:4259 - IP not found : null
2025-11-29 22:10:05,709 [INFO] CodeEngine:265 - oldGeneratedFile, D:\STM32\Lab\Practice3-i2c-eeprom-random-number\Core\Inc\main.h_save
2025-11-29 22:10:05,759 [INFO] CodeEngine:289 - Generated code: D:\STM32\Lab\Practice3-i2c-eeprom-random-number\Core\Inc\main.h
2025-11-29 22:10:05,763 [INFO] CodeEngine:265 - oldGeneratedFile, D:\STM32\Lab\Practice3-i2c-eeprom-random-number\Core\Src\main.c_save
2025-11-29 22:10:05,854 [INFO] CodeEngine:289 - Generated code: D:\STM32\Lab\Practice3-i2c-eeprom-random-number\Core\Src\main.c
2025-11-29 22:10:06,396 [INFO] ProjectBuilder:3606 - Time for Copy HAL[1] : 384mS.
2025-11-29 22:10:06,399 [INFO] ProjectBuilder:5216 - Project Generator version: 4.7.0-B52
2025-11-29 22:10:06,461 [INFO] ConfigFileManager:1595 - The Die is : DIE415
2025-11-29 22:10:07,329 [INFO] ProjectBuilder:5496 - Time for Generating toolchain IDE Files: 930mS.
2025-11-29 22:10:07,330 [INFO] ProjectBuilder:3463 - Time for Copy CMSIS : 0mS.
2025-11-29 22:10:07,335 [INFO] ProjectBuilder:3463 - Time for Copy CMSIS : 0mS.
2025-11-29 22:10:28,944 [INFO] UtilMem:75 - End SaveConfig() Used Memory: 881053448 Bytes (1073741824)
2025-11-29 22:10:30,094 [INFO] UtilMem:75 - End SaveConfig() Used Memory: 900976392 Bytes (1073741824)
2025-11-29 22:10:31,979 [INFO] UtilMem:75 - End SaveConfig() Used Memory: 943445768 Bytes (1073741824)
2025-11-29 22:10:33,152 [INFO] BlockDiagram:2775 - set Specific Code input for plugin: FREERTOS
2025-11-29 22:10:33,152 [INFO] BlockDiagram:2775 - set Specific Code input for plugin: TIM1_8L4
2025-11-29 22:10:33,152 [INFO] BlockDiagram:2775 - set Specific Code input for plugin: SYS
2025-11-29 22:10:33,152 [INFO] BlockDiagram:2775 - set Specific Code input for plugin: RCC
2025-11-29 22:10:33,152 [INFO] BlockDiagram:2775 - set Specific Code input for plugin: I2C
2025-11-29 22:10:33,152 [INFO] BlockDiagram:2775 - set Specific Code input for plugin: NVIC
2025-11-29 22:10:33,152 [INFO] BlockDiagram:2775 - set Specific Code input for plugin: GPIO
2025-11-29 22:10:33,153 [INFO] CodeGenerator:892 - code generatio: config db path: C:\ST\STM32CubeIDE_1.19.0\STM32CubeIDE\plugins\com.st.stm32cube.common.mx_6.15.0.202507011659\\db\
2025-11-29 22:10:33,221 [INFO] CodeEngine:265 - oldGeneratedFile, D:\STM32\Lab\Practice3-i2c-eeprom-random-number\MXTmpFiles\license.tmp_save
2025-11-29 22:10:33,280 [INFO] CodeEngine:289 - Generated code: D:\STM32\Lab\Practice3-i2c-eeprom-random-number\MXTmpFiles\license.tmp
2025-11-29 22:10:33,340 [INFO] CodeEngine:265 - oldGeneratedFile, D:\STM32\Lab\Practice3-i2c-eeprom-random-number\MXTmpFiles\gpio.tmp_save
2025-11-29 22:10:33,382 [INFO] CodeEngine:289 - Generated code: D:\STM32\Lab\Practice3-i2c-eeprom-random-number\MXTmpFiles\gpio.tmp
2025-11-29 22:10:33,637 [INFO] Middleware:1452 - No code input for Bsp Dependency
2025-11-29 22:10:33,642 [INFO] CodeEngine:265 - oldGeneratedFile, D:\STM32\Lab\Practice3-i2c-eeprom-random-number\MXTmpFiles\rtos_inc.tmp_save
2025-11-29 22:10:33,682 [INFO] CodeEngine:289 - Generated code: D:\STM32\Lab\Practice3-i2c-eeprom-random-number\MXTmpFiles\rtos_inc.tmp
2025-11-29 22:10:33,685 [INFO] CodeEngine:265 - oldGeneratedFile, D:\STM32\Lab\Practice3-i2c-eeprom-random-number\MXTmpFiles\rtos_kernelInit.tmp_save
2025-11-29 22:10:33,724 [INFO] CodeEngine:289 - Generated code: D:\STM32\Lab\Practice3-i2c-eeprom-random-number\MXTmpFiles\rtos_kernelInit.tmp
2025-11-29 22:10:33,728 [INFO] CodeEngine:265 - oldGeneratedFile, D:\STM32\Lab\Practice3-i2c-eeprom-random-number\MXTmpFiles\rtos_kernelStart.tmp_save
2025-11-29 22:10:33,766 [INFO] CodeEngine:289 - Generated code: D:\STM32\Lab\Practice3-i2c-eeprom-random-number\MXTmpFiles\rtos_kernelStart.tmp
2025-11-29 22:10:33,769 [INFO] CodeEngine:265 - oldGeneratedFile, D:\STM32\Lab\Practice3-i2c-eeprom-random-number\MXTmpFiles\rtos_typedefs.tmp_save
2025-11-29 22:10:33,808 [INFO] CodeEngine:289 - Generated code: D:\STM32\Lab\Practice3-i2c-eeprom-random-number\MXTmpFiles\rtos_typedefs.tmp
2025-11-29 22:10:33,818 [INFO] CodeEngine:265 - oldGeneratedFile, D:\STM32\Lab\Practice3-i2c-eeprom-random-number\MXTmpFiles\rtos_vars.tmp_save
2025-11-29 22:10:33,874 [INFO] CodeEngine:289 - Generated code: D:\STM32\Lab\Practice3-i2c-eeprom-random-number\MXTmpFiles\rtos_vars.tmp
2025-11-29 22:10:33,877 [INFO] CodeEngine:265 - oldGeneratedFile, D:\STM32\Lab\Practice3-i2c-eeprom-random-number\MXTmpFiles\rtos_pfp.tmp_save
2025-11-29 22:10:33,915 [INFO] CodeEngine:289 - Generated code: D:\STM32\Lab\Practice3-i2c-eeprom-random-number\MXTmpFiles\rtos_pfp.tmp
2025-11-29 22:10:33,919 [INFO] CodeEngine:265 - oldGeneratedFile, D:\STM32\Lab\Practice3-i2c-eeprom-random-number\MXTmpFiles\rtos_obj_creat.tmp_save
2025-11-29 22:10:33,959 [INFO] CodeEngine:289 - Generated code: D:\STM32\Lab\Practice3-i2c-eeprom-random-number\MXTmpFiles\rtos_obj_creat.tmp
2025-11-29 22:10:33,962 [INFO] CodeEngine:265 - oldGeneratedFile, D:\STM32\Lab\Practice3-i2c-eeprom-random-number\MXTmpFiles\rtos_default_thread.tmp_save
2025-11-29 22:10:34,000 [INFO] CodeEngine:289 - Generated code: D:\STM32\Lab\Practice3-i2c-eeprom-random-number\MXTmpFiles\rtos_default_thread.tmp
2025-11-29 22:10:34,003 [INFO] CodeEngine:265 - oldGeneratedFile, D:\STM32\Lab\Practice3-i2c-eeprom-random-number\MXTmpFiles\rtos_threads.tmp_save
2025-11-29 22:10:34,041 [INFO] CodeEngine:289 - Generated code: D:\STM32\Lab\Practice3-i2c-eeprom-random-number\MXTmpFiles\rtos_threads.tmp
2025-11-29 22:10:34,052 [INFO] Middleware:1452 - No code input for Bsp Dependency
2025-11-29 22:10:34,058 [INFO] CodeEngine:265 - oldGeneratedFile, D:\STM32\Lab\Practice3-i2c-eeprom-random-number\MXTmpFiles\rtos_inc.tmp_save
2025-11-29 22:10:34,096 [INFO] CodeEngine:289 - Generated code: D:\STM32\Lab\Practice3-i2c-eeprom-random-number\MXTmpFiles\rtos_inc.tmp
2025-11-29 22:10:34,100 [INFO] CodeEngine:265 - oldGeneratedFile, D:\STM32\Lab\Practice3-i2c-eeprom-random-number\MXTmpFiles\rtos_kernelInit.tmp_save
2025-11-29 22:10:34,138 [INFO] CodeEngine:289 - Generated code: D:\STM32\Lab\Practice3-i2c-eeprom-random-number\MXTmpFiles\rtos_kernelInit.tmp
2025-11-29 22:10:34,143 [INFO] CodeEngine:265 - oldGeneratedFile, D:\STM32\Lab\Practice3-i2c-eeprom-random-number\MXTmpFiles\rtos_kernelStart.tmp_save
2025-11-29 22:10:34,181 [INFO] CodeEngine:289 - Generated code: D:\STM32\Lab\Practice3-i2c-eeprom-random-number\MXTmpFiles\rtos_kernelStart.tmp
2025-11-29 22:10:34,186 [INFO] CodeEngine:265 - oldGeneratedFile, D:\STM32\Lab\Practice3-i2c-eeprom-random-number\MXTmpFiles\rtos_typedefs.tmp_save
2025-11-29 22:10:34,224 [INFO] CodeEngine:289 - Generated code: D:\STM32\Lab\Practice3-i2c-eeprom-random-number\MXTmpFiles\rtos_typedefs.tmp
2025-11-29 22:10:34,228 [INFO] CodeEngine:265 - oldGeneratedFile, D:\STM32\Lab\Practice3-i2c-eeprom-random-number\MXTmpFiles\rtos_vars.tmp_save
2025-11-29 22:10:34,269 [INFO] CodeEngine:289 - Generated code: D:\STM32\Lab\Practice3-i2c-eeprom-random-number\MXTmpFiles\rtos_vars.tmp
2025-11-29 22:10:34,273 [INFO] CodeEngine:265 - oldGeneratedFile, D:\STM32\Lab\Practice3-i2c-eeprom-random-number\MXTmpFiles\rtos_pfp.tmp_save
2025-11-29 22:10:34,312 [INFO] CodeEngine:289 - Generated code: D:\STM32\Lab\Practice3-i2c-eeprom-random-number\MXTmpFiles\rtos_pfp.tmp
2025-11-29 22:10:34,316 [INFO] CodeEngine:265 - oldGeneratedFile, D:\STM32\Lab\Practice3-i2c-eeprom-random-number\MXTmpFiles\rtos_obj_creat.tmp_save
2025-11-29 22:10:34,356 [INFO] CodeEngine:289 - Generated code: D:\STM32\Lab\Practice3-i2c-eeprom-random-number\MXTmpFiles\rtos_obj_creat.tmp
2025-11-29 22:10:34,360 [INFO] CodeEngine:265 - oldGeneratedFile, D:\STM32\Lab\Practice3-i2c-eeprom-random-number\MXTmpFiles\rtos_default_thread.tmp_save
2025-11-29 22:10:34,398 [INFO] CodeEngine:289 - Generated code: D:\STM32\Lab\Practice3-i2c-eeprom-random-number\MXTmpFiles\rtos_default_thread.tmp
2025-11-29 22:10:34,402 [INFO] CodeEngine:265 - oldGeneratedFile, D:\STM32\Lab\Practice3-i2c-eeprom-random-number\MXTmpFiles\rtos_threads.tmp_save
2025-11-29 22:10:34,440 [INFO] CodeEngine:289 - Generated code: D:\STM32\Lab\Practice3-i2c-eeprom-random-number\MXTmpFiles\rtos_threads.tmp
2025-11-29 22:10:34,444 [INFO] CodeEngine:265 - oldGeneratedFile, D:\STM32\Lab\Practice3-i2c-eeprom-random-number\Core\Inc\FreeRTOSConfig.h_save
2025-11-29 22:10:34,495 [INFO] CodeEngine:289 - Generated code: D:\STM32\Lab\Practice3-i2c-eeprom-random-number\Core\Inc\FreeRTOSConfig.h
2025-11-29 22:10:34,499 [INFO] CodeEngine:265 - oldGeneratedFile, D:\STM32\Lab\Practice3-i2c-eeprom-random-number\Core\Src\freertos.c_save
2025-11-29 22:10:34,540 [INFO] CodeEngine:289 - Generated code: D:\STM32\Lab\Practice3-i2c-eeprom-random-number\Core\Src\freertos.c
2025-11-29 22:10:34,550 [INFO] CodeEngine:265 - oldGeneratedFile, D:\STM32\Lab\Practice3-i2c-eeprom-random-number\Core\Src\stm32l4xx_it.c_save
2025-11-29 22:10:34,610 [INFO] CodeEngine:289 - Generated code: D:\STM32\Lab\Practice3-i2c-eeprom-random-number\Core\Src\stm32l4xx_it.c
2025-11-29 22:10:34,615 [INFO] CodeEngine:265 - oldGeneratedFile, D:\STM32\Lab\Practice3-i2c-eeprom-random-number\Core\Inc\stm32l4xx_it.h_save
2025-11-29 22:10:34,664 [INFO] CodeEngine:289 - Generated code: D:\STM32\Lab\Practice3-i2c-eeprom-random-number\Core\Inc\stm32l4xx_it.h
2025-11-29 22:10:34,675 [INFO] CodeEngine:265 - oldGeneratedFile, D:\STM32\Lab\Practice3-i2c-eeprom-random-number\Core\Src\stm32l4xx_hal_msp.c_save
2025-11-29 22:10:34,748 [INFO] CodeEngine:289 - Generated code: D:\STM32\Lab\Practice3-i2c-eeprom-random-number\Core\Src\stm32l4xx_hal_msp.c
2025-11-29 22:10:34,752 [INFO] CodeEngine:265 - oldGeneratedFile, D:\STM32\Lab\Practice3-i2c-eeprom-random-number\MXTmpFiles\system.tmp_save
2025-11-29 22:10:34,828 [INFO] CodeEngine:289 - Generated code: D:\STM32\Lab\Practice3-i2c-eeprom-random-number\MXTmpFiles\system.tmp
2025-11-29 22:10:34,837 [INFO] CodeEngine:321 - oldGeneratedFile, D:\STM32\Lab\Practice3-i2c-eeprom-random-number\Core\Inc\stm32l4xx_hal_conf.h_save
2025-11-29 22:10:34,892 [INFO] CodeEngine:345 - Generated code: D:\STM32\Lab\Practice3-i2c-eeprom-random-number\Core\Inc\stm32l4xx_hal_conf.h
2025-11-29 22:10:34,908 [WARN] IPConfigManager:3811 - IP not found : TIM
2025-11-29 22:10:34,909 [WARN] CodeGenerator:4259 - IP not found : null
2025-11-29 22:10:34,915 [INFO] CodeEngine:265 - oldGeneratedFile, D:\STM32\Lab\Practice3-i2c-eeprom-random-number\Core\Inc\main.h_save
2025-11-29 22:10:34,961 [INFO] CodeEngine:289 - Generated code: D:\STM32\Lab\Practice3-i2c-eeprom-random-number\Core\Inc\main.h
2025-11-29 22:10:34,965 [INFO] CodeEngine:265 - oldGeneratedFile, D:\STM32\Lab\Practice3-i2c-eeprom-random-number\Core\Src\main.c_save
2025-11-29 22:10:35,064 [INFO] CodeEngine:289 - Generated code: D:\STM32\Lab\Practice3-i2c-eeprom-random-number\Core\Src\main.c
2025-11-29 22:10:35,423 [INFO] ProjectBuilder:3606 - Time for Copy HAL[1] : 215mS.
2025-11-29 22:10:35,425 [INFO] ProjectBuilder:5216 - Project Generator version: 4.7.0-B52
2025-11-29 22:10:35,487 [INFO] ConfigFileManager:1595 - The Die is : DIE415
2025-11-29 22:10:36,133 [INFO] ProjectBuilder:5496 - Time for Generating toolchain IDE Files: 708mS.
2025-11-29 22:10:36,134 [INFO] ProjectBuilder:3463 - Time for Copy CMSIS : 1mS.
2025-11-29 22:10:36,141 [INFO] ProjectBuilder:3463 - Time for Copy CMSIS : 0mS.
2025-11-29 22:10:39,318 [INFO] NvicIntPanel:101 - NVIC parent = com.st.microxplorer.plugins.ip.nvic.MultiNvicIntPanel[,0,0,665x254,layout=javax.swing.BoxLayout,alignmentX=0.0,alignmentY=0.0,border=,flags=9,maximumSize=,minimumSize=,preferredSize=]
2025-11-29 22:10:40,272 [INFO] NvicIntPanel:101 - NVIC parent = com.st.microxplorer.plugins.ip.nvic.MultiNvicIntPanel[,0,0,0x0,invalid,layout=javax.swing.BoxLayout,alignmentX=0.0,alignmentY=0.0,border=,flags=9,maximumSize=,minimumSize=,preferredSize=]
2025-11-29 22:10:42,310 [INFO] UtilMem:75 - End SaveConfig() Used Memory: 873033688 Bytes (1073741824)
2025-11-29 22:10:43,371 [INFO] UtilMem:75 - End SaveConfig() Used Memory: 893482968 Bytes (1073741824)
2025-11-29 22:10:44,382 [INFO] UtilMem:75 - End SaveConfig() Used Memory: 935516368 Bytes (1073741824)
2025-11-29 22:10:45,703 [INFO] BlockDiagram:2775 - set Specific Code input for plugin: FREERTOS
2025-11-29 22:10:45,703 [INFO] BlockDiagram:2775 - set Specific Code input for plugin: TIM1_8L4
2025-11-29 22:10:45,703 [INFO] BlockDiagram:2775 - set Specific Code input for plugin: SYS
2025-11-29 22:10:45,703 [INFO] BlockDiagram:2775 - set Specific Code input for plugin: RCC
2025-11-29 22:10:45,703 [INFO] BlockDiagram:2775 - set Specific Code input for plugin: I2C
2025-11-29 22:10:45,703 [INFO] BlockDiagram:2775 - set Specific Code input for plugin: NVIC
2025-11-29 22:10:45,703 [INFO] BlockDiagram:2775 - set Specific Code input for plugin: GPIO
2025-11-29 22:10:45,703 [INFO] CodeGenerator:892 - code generatio: config db path: C:\ST\STM32CubeIDE_1.19.0\STM32CubeIDE\plugins\com.st.stm32cube.common.mx_6.15.0.202507011659\\db\
2025-11-29 22:10:45,769 [INFO] CodeEngine:265 - oldGeneratedFile, D:\STM32\Lab\Practice3-i2c-eeprom-random-number\MXTmpFiles\license.tmp_save
2025-11-29 22:10:45,969 [INFO] CodeEngine:289 - Generated code: D:\STM32\Lab\Practice3-i2c-eeprom-random-number\MXTmpFiles\license.tmp
2025-11-29 22:10:46,023 [INFO] CodeEngine:265 - oldGeneratedFile, D:\STM32\Lab\Practice3-i2c-eeprom-random-number\MXTmpFiles\gpio.tmp_save
2025-11-29 22:10:46,065 [INFO] CodeEngine:289 - Generated code: D:\STM32\Lab\Practice3-i2c-eeprom-random-number\MXTmpFiles\gpio.tmp
2025-11-29 22:10:46,309 [INFO] Middleware:1452 - No code input for Bsp Dependency
2025-11-29 22:10:46,314 [INFO] CodeEngine:265 - oldGeneratedFile, D:\STM32\Lab\Practice3-i2c-eeprom-random-number\MXTmpFiles\rtos_inc.tmp_save
2025-11-29 22:10:46,351 [INFO] CodeEngine:289 - Generated code: D:\STM32\Lab\Practice3-i2c-eeprom-random-number\MXTmpFiles\rtos_inc.tmp
2025-11-29 22:10:46,354 [INFO] CodeEngine:265 - oldGeneratedFile, D:\STM32\Lab\Practice3-i2c-eeprom-random-number\MXTmpFiles\rtos_kernelInit.tmp_save
2025-11-29 22:10:46,393 [INFO] CodeEngine:289 - Generated code: D:\STM32\Lab\Practice3-i2c-eeprom-random-number\MXTmpFiles\rtos_kernelInit.tmp
2025-11-29 22:10:46,396 [INFO] CodeEngine:265 - oldGeneratedFile, D:\STM32\Lab\Practice3-i2c-eeprom-random-number\MXTmpFiles\rtos_kernelStart.tmp_save
2025-11-29 22:10:46,442 [INFO] CodeEngine:289 - Generated code: D:\STM32\Lab\Practice3-i2c-eeprom-random-number\MXTmpFiles\rtos_kernelStart.tmp
2025-11-29 22:10:46,446 [INFO] CodeEngine:265 - oldGeneratedFile, D:\STM32\Lab\Practice3-i2c-eeprom-random-number\MXTmpFiles\rtos_typedefs.tmp_save
2025-11-29 22:10:46,490 [INFO] CodeEngine:289 - Generated code: D:\STM32\Lab\Practice3-i2c-eeprom-random-number\MXTmpFiles\rtos_typedefs.tmp
2025-11-29 22:10:46,492 [INFO] CodeEngine:265 - oldGeneratedFile, D:\STM32\Lab\Practice3-i2c-eeprom-random-number\MXTmpFiles\rtos_vars.tmp_save
2025-11-29 22:10:46,538 [INFO] CodeEngine:289 - Generated code: D:\STM32\Lab\Practice3-i2c-eeprom-random-number\MXTmpFiles\rtos_vars.tmp
2025-11-29 22:10:46,541 [INFO] CodeEngine:265 - oldGeneratedFile, D:\STM32\Lab\Practice3-i2c-eeprom-random-number\MXTmpFiles\rtos_pfp.tmp_save
2025-11-29 22:10:46,585 [INFO] CodeEngine:289 - Generated code: D:\STM32\Lab\Practice3-i2c-eeprom-random-number\MXTmpFiles\rtos_pfp.tmp
2025-11-29 22:10:46,588 [INFO] CodeEngine:265 - oldGeneratedFile, D:\STM32\Lab\Practice3-i2c-eeprom-random-number\MXTmpFiles\rtos_obj_creat.tmp_save
2025-11-29 22:10:46,652 [INFO] CodeEngine:289 - Generated code: D:\STM32\Lab\Practice3-i2c-eeprom-random-number\MXTmpFiles\rtos_obj_creat.tmp
2025-11-29 22:10:46,656 [INFO] CodeEngine:265 - oldGeneratedFile, D:\STM32\Lab\Practice3-i2c-eeprom-random-number\MXTmpFiles\rtos_default_thread.tmp_save
2025-11-29 22:10:46,697 [INFO] CodeEngine:289 - Generated code: D:\STM32\Lab\Practice3-i2c-eeprom-random-number\MXTmpFiles\rtos_default_thread.tmp
2025-11-29 22:10:46,700 [INFO] CodeEngine:265 - oldGeneratedFile, D:\STM32\Lab\Practice3-i2c-eeprom-random-number\MXTmpFiles\rtos_threads.tmp_save
2025-11-29 22:10:46,740 [INFO] CodeEngine:289 - Generated code: D:\STM32\Lab\Practice3-i2c-eeprom-random-number\MXTmpFiles\rtos_threads.tmp
2025-11-29 22:10:46,750 [INFO] Middleware:1452 - No code input for Bsp Dependency
2025-11-29 22:10:46,756 [INFO] CodeEngine:265 - oldGeneratedFile, D:\STM32\Lab\Practice3-i2c-eeprom-random-number\MXTmpFiles\rtos_inc.tmp_save
2025-11-29 22:10:46,798 [INFO] CodeEngine:289 - Generated code: D:\STM32\Lab\Practice3-i2c-eeprom-random-number\MXTmpFiles\rtos_inc.tmp
2025-11-29 22:10:46,802 [INFO] CodeEngine:265 - oldGeneratedFile, D:\STM32\Lab\Practice3-i2c-eeprom-random-number\MXTmpFiles\rtos_kernelInit.tmp_save
2025-11-29 22:10:46,842 [INFO] CodeEngine:289 - Generated code: D:\STM32\Lab\Practice3-i2c-eeprom-random-number\MXTmpFiles\rtos_kernelInit.tmp
2025-11-29 22:10:46,846 [INFO] CodeEngine:265 - oldGeneratedFile, D:\STM32\Lab\Practice3-i2c-eeprom-random-number\MXTmpFiles\rtos_kernelStart.tmp_save
2025-11-29 22:10:46,885 [INFO] CodeEngine:289 - Generated code: D:\STM32\Lab\Practice3-i2c-eeprom-random-number\MXTmpFiles\rtos_kernelStart.tmp
2025-11-29 22:10:46,889 [INFO] CodeEngine:265 - oldGeneratedFile, D:\STM32\Lab\Practice3-i2c-eeprom-random-number\MXTmpFiles\rtos_typedefs.tmp_save
2025-11-29 22:10:46,929 [INFO] CodeEngine:289 - Generated code: D:\STM32\Lab\Practice3-i2c-eeprom-random-number\MXTmpFiles\rtos_typedefs.tmp
2025-11-29 22:10:46,933 [INFO] CodeEngine:265 - oldGeneratedFile, D:\STM32\Lab\Practice3-i2c-eeprom-random-number\MXTmpFiles\rtos_vars.tmp_save
2025-11-29 22:10:46,973 [INFO] CodeEngine:289 - Generated code: D:\STM32\Lab\Practice3-i2c-eeprom-random-number\MXTmpFiles\rtos_vars.tmp
2025-11-29 22:10:46,977 [INFO] CodeEngine:265 - oldGeneratedFile, D:\STM32\Lab\Practice3-i2c-eeprom-random-number\MXTmpFiles\rtos_pfp.tmp_save
2025-11-29 22:10:47,015 [INFO] CodeEngine:289 - Generated code: D:\STM32\Lab\Practice3-i2c-eeprom-random-number\MXTmpFiles\rtos_pfp.tmp
2025-11-29 22:10:47,019 [INFO] CodeEngine:265 - oldGeneratedFile, D:\STM32\Lab\Practice3-i2c-eeprom-random-number\MXTmpFiles\rtos_obj_creat.tmp_save
2025-11-29 22:10:47,059 [INFO] CodeEngine:289 - Generated code: D:\STM32\Lab\Practice3-i2c-eeprom-random-number\MXTmpFiles\rtos_obj_creat.tmp
2025-11-29 22:10:47,063 [INFO] CodeEngine:265 - oldGeneratedFile, D:\STM32\Lab\Practice3-i2c-eeprom-random-number\MXTmpFiles\rtos_default_thread.tmp_save
2025-11-29 22:10:47,102 [INFO] CodeEngine:289 - Generated code: D:\STM32\Lab\Practice3-i2c-eeprom-random-number\MXTmpFiles\rtos_default_thread.tmp
2025-11-29 22:10:47,106 [INFO] CodeEngine:265 - oldGeneratedFile, D:\STM32\Lab\Practice3-i2c-eeprom-random-number\MXTmpFiles\rtos_threads.tmp_save
2025-11-29 22:10:47,145 [INFO] CodeEngine:289 - Generated code: D:\STM32\Lab\Practice3-i2c-eeprom-random-number\MXTmpFiles\rtos_threads.tmp
2025-11-29 22:10:47,150 [INFO] CodeEngine:265 - oldGeneratedFile, D:\STM32\Lab\Practice3-i2c-eeprom-random-number\Core\Inc\FreeRTOSConfig.h_save
2025-11-29 22:10:47,200 [INFO] CodeEngine:289 - Generated code: D:\STM32\Lab\Practice3-i2c-eeprom-random-number\Core\Inc\FreeRTOSConfig.h
2025-11-29 22:10:47,204 [INFO] CodeEngine:265 - oldGeneratedFile, D:\STM32\Lab\Practice3-i2c-eeprom-random-number\Core\Src\freertos.c_save
2025-11-29 22:10:47,247 [INFO] CodeEngine:289 - Generated code: D:\STM32\Lab\Practice3-i2c-eeprom-random-number\Core\Src\freertos.c
2025-11-29 22:10:47,257 [INFO] CodeEngine:265 - oldGeneratedFile, D:\STM32\Lab\Practice3-i2c-eeprom-random-number\Core\Src\stm32l4xx_it.c_save
2025-11-29 22:10:47,308 [INFO] CodeEngine:289 - Generated code: D:\STM32\Lab\Practice3-i2c-eeprom-random-number\Core\Src\stm32l4xx_it.c
2025-11-29 22:10:47,313 [INFO] CodeEngine:265 - oldGeneratedFile, D:\STM32\Lab\Practice3-i2c-eeprom-random-number\Core\Inc\stm32l4xx_it.h_save
2025-11-29 22:10:47,354 [INFO] CodeEngine:289 - Generated code: D:\STM32\Lab\Practice3-i2c-eeprom-random-number\Core\Inc\stm32l4xx_it.h
2025-11-29 22:10:47,365 [INFO] CodeEngine:265 - oldGeneratedFile, D:\STM32\Lab\Practice3-i2c-eeprom-random-number\Core\Src\stm32l4xx_hal_msp.c_save
2025-11-29 22:10:47,432 [INFO] CodeEngine:289 - Generated code: D:\STM32\Lab\Practice3-i2c-eeprom-random-number\Core\Src\stm32l4xx_hal_msp.c
2025-11-29 22:10:47,435 [INFO] CodeEngine:265 - oldGeneratedFile, D:\STM32\Lab\Practice3-i2c-eeprom-random-number\MXTmpFiles\system.tmp_save
2025-11-29 22:10:47,474 [INFO] CodeEngine:289 - Generated code: D:\STM32\Lab\Practice3-i2c-eeprom-random-number\MXTmpFiles\system.tmp
2025-11-29 22:10:47,482 [INFO] CodeEngine:321 - oldGeneratedFile, D:\STM32\Lab\Practice3-i2c-eeprom-random-number\Core\Inc\stm32l4xx_hal_conf.h_save
2025-11-29 22:10:47,526 [INFO] CodeEngine:345 - Generated code: D:\STM32\Lab\Practice3-i2c-eeprom-random-number\Core\Inc\stm32l4xx_hal_conf.h
2025-11-29 22:10:47,538 [WARN] IPConfigManager:3811 - IP not found : TIM
2025-11-29 22:10:47,539 [WARN] CodeGenerator:4259 - IP not found : null
2025-11-29 22:10:47,544 [INFO] CodeEngine:265 - oldGeneratedFile, D:\STM32\Lab\Practice3-i2c-eeprom-random-number\Core\Inc\main.h_save
2025-11-29 22:10:47,589 [INFO] CodeEngine:289 - Generated code: D:\STM32\Lab\Practice3-i2c-eeprom-random-number\Core\Inc\main.h
2025-11-29 22:10:47,593 [INFO] CodeEngine:265 - oldGeneratedFile, D:\STM32\Lab\Practice3-i2c-eeprom-random-number\Core\Src\main.c_save
2025-11-29 22:10:47,681 [INFO] CodeEngine:289 - Generated code: D:\STM32\Lab\Practice3-i2c-eeprom-random-number\Core\Src\main.c
2025-11-29 22:10:48,028 [INFO] ProjectBuilder:3606 - Time for Copy HAL[1] : 214mS.
2025-11-29 22:10:48,031 [INFO] ProjectBuilder:5216 - Project Generator version: 4.7.0-B52
2025-11-29 22:10:48,093 [INFO] ConfigFileManager:1595 - The Die is : DIE415
2025-11-29 22:10:48,790 [INFO] ProjectBuilder:5496 - Time for Generating toolchain IDE Files: 759mS.
2025-11-29 22:10:48,791 [INFO] ProjectBuilder:3463 - Time for Copy CMSIS : 1mS.
2025-11-29 22:10:48,819 [INFO] ProjectBuilder:3463 - Time for Copy CMSIS : 0mS.
2025-11-29 22:18:21,590 [INFO] NvicIntPanel:101 - NVIC parent = com.st.microxplorer.plugins.ip.nvic.MultiNvicIntPanel[,0,0,0x0,invalid,layout=javax.swing.BoxLayout,alignmentX=0.0,alignmentY=0.0,border=,flags=9,maximumSize=,minimumSize=,preferredSize=]
2025-11-29 22:18:24,150 [INFO] NvicIntPanel:101 - NVIC parent = com.st.microxplorer.plugins.ip.nvic.MultiNvicIntPanel[,0,0,0x0,invalid,layout=javax.swing.BoxLayout,alignmentX=0.0,alignmentY=0.0,border=,flags=9,maximumSize=,minimumSize=,preferredSize=]
2025-11-29 22:18:26,416 [INFO] NvicIntPanel:101 - NVIC parent = com.st.microxplorer.plugins.ip.nvic.MultiNvicIntPanel[,0,0,0x0,invalid,layout=javax.swing.BoxLayout,alignmentX=0.0,alignmentY=0.0,border=,flags=9,maximumSize=,minimumSize=,preferredSize=]
2025-11-29 22:18:28,282 [INFO] NvicIntPanel:101 - NVIC parent = com.st.microxplorer.plugins.ip.nvic.MultiNvicIntPanel[,0,0,0x0,invalid,layout=javax.swing.BoxLayout,alignmentX=0.0,alignmentY=0.0,border=,flags=9,maximumSize=,minimumSize=,preferredSize=]
2025-11-29 22:18:34,161 [INFO] NvicIntPanel:101 - NVIC parent = com.st.microxplorer.plugins.ip.nvic.MultiNvicIntPanel[,0,0,0x0,invalid,layout=javax.swing.BoxLayout,alignmentX=0.0,alignmentY=0.0,border=,flags=9,maximumSize=,minimumSize=,preferredSize=]
2025-11-29 22:18:36,627 [INFO] NvicIntPanel:101 - NVIC parent = com.st.microxplorer.plugins.ip.nvic.MultiNvicIntPanel[,0,0,0x0,invalid,layout=javax.swing.BoxLayout,alignmentX=0.0,alignmentY=0.0,border=,flags=9,maximumSize=,minimumSize=,preferredSize=]
2025-11-29 22:18:38,697 [INFO] NvicIntPanel:101 - NVIC parent = com.st.microxplorer.plugins.ip.nvic.MultiNvicIntPanel[,0,0,0x0,invalid,layout=javax.swing.BoxLayout,alignmentX=0.0,alignmentY=0.0,border=,flags=9,maximumSize=,minimumSize=,preferredSize=]
2025-11-29 22:18:40,533 [INFO] NvicIntPanel:101 - NVIC parent = com.st.microxplorer.plugins.ip.nvic.MultiNvicIntPanel[,0,0,0x0,invalid,layout=javax.swing.BoxLayout,alignmentX=0.0,alignmentY=0.0,border=,flags=9,maximumSize=,minimumSize=,preferredSize=]
2025-11-29 22:20:13,844 [INFO] UtilMem:75 - End SaveConfig() Used Memory: 986430096 Bytes (1073741824)
2025-11-29 22:20:14,777 [INFO] UtilMem:75 - End SaveConfig() Used Memory: 1009020344 Bytes (1073741824)
2025-11-29 22:20:15,993 [INFO] UtilMem:75 - End SaveConfig() Used Memory: 741010560 Bytes (1073741824)
2025-11-29 22:20:17,453 [INFO] BlockDiagram:2775 - set Specific Code input for plugin: FREERTOS
2025-11-29 22:20:17,453 [INFO] BlockDiagram:2775 - set Specific Code input for plugin: TIM1_8L4
2025-11-29 22:20:17,453 [INFO] BlockDiagram:2775 - set Specific Code input for plugin: SYS
2025-11-29 22:20:17,453 [INFO] BlockDiagram:2775 - set Specific Code input for plugin: RCC
2025-11-29 22:20:17,454 [INFO] BlockDiagram:2775 - set Specific Code input for plugin: I2C
2025-11-29 22:20:17,454 [INFO] BlockDiagram:2775 - set Specific Code input for plugin: NVIC
2025-11-29 22:20:17,454 [INFO] BlockDiagram:2775 - set Specific Code input for plugin: GPIO
2025-11-29 22:20:17,455 [INFO] CodeGenerator:892 - code generatio: config db path: C:\ST\STM32CubeIDE_1.19.0\STM32CubeIDE\plugins\com.st.stm32cube.common.mx_6.15.0.202507011659\\db\
2025-11-29 22:20:17,532 [INFO] CodeEngine:265 - oldGeneratedFile, D:\STM32\Lab\Practice3-i2c-eeprom-random-number\MXTmpFiles\license.tmp_save
2025-11-29 22:20:17,786 [INFO] CodeEngine:289 - Generated code: D:\STM32\Lab\Practice3-i2c-eeprom-random-number\MXTmpFiles\license.tmp
2025-11-29 22:20:17,873 [INFO] CodeEngine:265 - oldGeneratedFile, D:\STM32\Lab\Practice3-i2c-eeprom-random-number\MXTmpFiles\gpio.tmp_save
2025-11-29 22:20:17,995 [INFO] CodeEngine:289 - Generated code: D:\STM32\Lab\Practice3-i2c-eeprom-random-number\MXTmpFiles\gpio.tmp
2025-11-29 22:20:18,432 [INFO] Middleware:1452 - No code input for Bsp Dependency
2025-11-29 22:20:18,439 [INFO] CodeEngine:265 - oldGeneratedFile, D:\STM32\Lab\Practice3-i2c-eeprom-random-number\MXTmpFiles\rtos_inc.tmp_save
2025-11-29 22:20:18,529 [INFO] CodeEngine:289 - Generated code: D:\STM32\Lab\Practice3-i2c-eeprom-random-number\MXTmpFiles\rtos_inc.tmp
2025-11-29 22:20:18,532 [INFO] CodeEngine:265 - oldGeneratedFile, D:\STM32\Lab\Practice3-i2c-eeprom-random-number\MXTmpFiles\rtos_kernelInit.tmp_save
2025-11-29 22:20:18,618 [INFO] CodeEngine:289 - Generated code: D:\STM32\Lab\Practice3-i2c-eeprom-random-number\MXTmpFiles\rtos_kernelInit.tmp
2025-11-29 22:20:18,622 [INFO] CodeEngine:265 - oldGeneratedFile, D:\STM32\Lab\Practice3-i2c-eeprom-random-number\MXTmpFiles\rtos_kernelStart.tmp_save
2025-11-29 22:20:18,699 [INFO] CodeEngine:289 - Generated code: D:\STM32\Lab\Practice3-i2c-eeprom-random-number\MXTmpFiles\rtos_kernelStart.tmp
2025-11-29 22:20:18,704 [INFO] CodeEngine:265 - oldGeneratedFile, D:\STM32\Lab\Practice3-i2c-eeprom-random-number\MXTmpFiles\rtos_typedefs.tmp_save
2025-11-29 22:20:18,784 [INFO] CodeEngine:289 - Generated code: D:\STM32\Lab\Practice3-i2c-eeprom-random-number\MXTmpFiles\rtos_typedefs.tmp
2025-11-29 22:20:18,788 [INFO] CodeEngine:265 - oldGeneratedFile, D:\STM32\Lab\Practice3-i2c-eeprom-random-number\MXTmpFiles\rtos_vars.tmp_save
2025-11-29 22:20:18,859 [INFO] CodeEngine:289 - Generated code: D:\STM32\Lab\Practice3-i2c-eeprom-random-number\MXTmpFiles\rtos_vars.tmp
2025-11-29 22:20:18,863 [INFO] CodeEngine:265 - oldGeneratedFile, D:\STM32\Lab\Practice3-i2c-eeprom-random-number\MXTmpFiles\rtos_pfp.tmp_save
2025-11-29 22:20:18,920 [INFO] CodeEngine:289 - Generated code: D:\STM32\Lab\Practice3-i2c-eeprom-random-number\MXTmpFiles\rtos_pfp.tmp
2025-11-29 22:20:18,923 [INFO] CodeEngine:265 - oldGeneratedFile, D:\STM32\Lab\Practice3-i2c-eeprom-random-number\MXTmpFiles\rtos_obj_creat.tmp_save
2025-11-29 22:20:18,981 [INFO] CodeEngine:289 - Generated code: D:\STM32\Lab\Practice3-i2c-eeprom-random-number\MXTmpFiles\rtos_obj_creat.tmp
2025-11-29 22:20:18,985 [INFO] CodeEngine:265 - oldGeneratedFile, D:\STM32\Lab\Practice3-i2c-eeprom-random-number\MXTmpFiles\rtos_default_thread.tmp_save
2025-11-29 22:20:19,034 [INFO] CodeEngine:289 - Generated code: D:\STM32\Lab\Practice3-i2c-eeprom-random-number\MXTmpFiles\rtos_default_thread.tmp
2025-11-29 22:20:19,038 [INFO] CodeEngine:265 - oldGeneratedFile, D:\STM32\Lab\Practice3-i2c-eeprom-random-number\MXTmpFiles\rtos_threads.tmp_save
2025-11-29 22:20:19,086 [INFO] CodeEngine:289 - Generated code: D:\STM32\Lab\Practice3-i2c-eeprom-random-number\MXTmpFiles\rtos_threads.tmp
2025-11-29 22:20:19,098 [INFO] Middleware:1452 - No code input for Bsp Dependency
2025-11-29 22:20:19,105 [INFO] CodeEngine:265 - oldGeneratedFile, D:\STM32\Lab\Practice3-i2c-eeprom-random-number\MXTmpFiles\rtos_inc.tmp_save
2025-11-29 22:20:19,154 [INFO] CodeEngine:289 - Generated code: D:\STM32\Lab\Practice3-i2c-eeprom-random-number\MXTmpFiles\rtos_inc.tmp
2025-11-29 22:20:19,158 [INFO] CodeEngine:265 - oldGeneratedFile, D:\STM32\Lab\Practice3-i2c-eeprom-random-number\MXTmpFiles\rtos_kernelInit.tmp_save
2025-11-29 22:20:19,215 [INFO] CodeEngine:289 - Generated code: D:\STM32\Lab\Practice3-i2c-eeprom-random-number\MXTmpFiles\rtos_kernelInit.tmp
2025-11-29 22:20:19,221 [INFO] CodeEngine:265 - oldGeneratedFile, D:\STM32\Lab\Practice3-i2c-eeprom-random-number\MXTmpFiles\rtos_kernelStart.tmp_save
2025-11-29 22:20:19,269 [INFO] CodeEngine:289 - Generated code: D:\STM32\Lab\Practice3-i2c-eeprom-random-number\MXTmpFiles\rtos_kernelStart.tmp
2025-11-29 22:20:19,274 [INFO] CodeEngine:265 - oldGeneratedFile, D:\STM32\Lab\Practice3-i2c-eeprom-random-number\MXTmpFiles\rtos_typedefs.tmp_save
2025-11-29 22:20:19,323 [INFO] CodeEngine:289 - Generated code: D:\STM32\Lab\Practice3-i2c-eeprom-random-number\MXTmpFiles\rtos_typedefs.tmp
2025-11-29 22:20:19,328 [INFO] CodeEngine:265 - oldGeneratedFile, D:\STM32\Lab\Practice3-i2c-eeprom-random-number\MXTmpFiles\rtos_vars.tmp_save
2025-11-29 22:20:19,379 [INFO] CodeEngine:289 - Generated code: D:\STM32\Lab\Practice3-i2c-eeprom-random-number\MXTmpFiles\rtos_vars.tmp
2025-11-29 22:20:19,383 [INFO] CodeEngine:265 - oldGeneratedFile, D:\STM32\Lab\Practice3-i2c-eeprom-random-number\MXTmpFiles\rtos_pfp.tmp_save
2025-11-29 22:20:19,444 [INFO] CodeEngine:289 - Generated code: D:\STM32\Lab\Practice3-i2c-eeprom-random-number\MXTmpFiles\rtos_pfp.tmp
2025-11-29 22:20:19,449 [INFO] CodeEngine:265 - oldGeneratedFile, D:\STM32\Lab\Practice3-i2c-eeprom-random-number\MXTmpFiles\rtos_obj_creat.tmp_save
2025-11-29 22:20:19,497 [INFO] CodeEngine:289 - Generated code: D:\STM32\Lab\Practice3-i2c-eeprom-random-number\MXTmpFiles\rtos_obj_creat.tmp
2025-11-29 22:20:19,502 [INFO] CodeEngine:265 - oldGeneratedFile, D:\STM32\Lab\Practice3-i2c-eeprom-random-number\MXTmpFiles\rtos_default_thread.tmp_save
2025-11-29 22:20:19,551 [INFO] CodeEngine:289 - Generated code: D:\STM32\Lab\Practice3-i2c-eeprom-random-number\MXTmpFiles\rtos_default_thread.tmp
2025-11-29 22:20:19,556 [INFO] CodeEngine:265 - oldGeneratedFile, D:\STM32\Lab\Practice3-i2c-eeprom-random-number\MXTmpFiles\rtos_threads.tmp_save
2025-11-29 22:20:19,600 [INFO] CodeEngine:289 - Generated code: D:\STM32\Lab\Practice3-i2c-eeprom-random-number\MXTmpFiles\rtos_threads.tmp
2025-11-29 22:20:19,605 [INFO] CodeEngine:265 - oldGeneratedFile, D:\STM32\Lab\Practice3-i2c-eeprom-random-number\Core\Inc\FreeRTOSConfig.h_save
2025-11-29 22:20:19,667 [INFO] CodeEngine:289 - Generated code: D:\STM32\Lab\Practice3-i2c-eeprom-random-number\Core\Inc\FreeRTOSConfig.h
2025-11-29 22:20:19,672 [INFO] CodeEngine:265 - oldGeneratedFile, D:\STM32\Lab\Practice3-i2c-eeprom-random-number\Core\Src\freertos.c_save
2025-11-29 22:20:19,719 [INFO] CodeEngine:289 - Generated code: D:\STM32\Lab\Practice3-i2c-eeprom-random-number\Core\Src\freertos.c
2025-11-29 22:20:19,731 [INFO] CodeEngine:265 - oldGeneratedFile, D:\STM32\Lab\Practice3-i2c-eeprom-random-number\Core\Src\stm32l4xx_it.c_save
2025-11-29 22:20:19,886 [INFO] CodeEngine:289 - Generated code: D:\STM32\Lab\Practice3-i2c-eeprom-random-number\Core\Src\stm32l4xx_it.c
2025-11-29 22:20:19,891 [INFO] CodeEngine:265 - oldGeneratedFile, D:\STM32\Lab\Practice3-i2c-eeprom-random-number\Core\Inc\stm32l4xx_it.h_save
2025-11-29 22:20:19,945 [INFO] CodeEngine:289 - Generated code: D:\STM32\Lab\Practice3-i2c-eeprom-random-number\Core\Inc\stm32l4xx_it.h
2025-11-29 22:20:19,957 [INFO] CodeEngine:265 - oldGeneratedFile, D:\STM32\Lab\Practice3-i2c-eeprom-random-number\Core\Src\stm32l4xx_hal_msp.c_save
2025-11-29 22:20:20,041 [INFO] CodeEngine:289 - Generated code: D:\STM32\Lab\Practice3-i2c-eeprom-random-number\Core\Src\stm32l4xx_hal_msp.c
2025-11-29 22:20:20,045 [INFO] CodeEngine:265 - oldGeneratedFile, D:\STM32\Lab\Practice3-i2c-eeprom-random-number\MXTmpFiles\system.tmp_save
2025-11-29 22:20:20,087 [INFO] CodeEngine:289 - Generated code: D:\STM32\Lab\Practice3-i2c-eeprom-random-number\MXTmpFiles\system.tmp
2025-11-29 22:20:20,095 [INFO] CodeEngine:321 - oldGeneratedFile, D:\STM32\Lab\Practice3-i2c-eeprom-random-number\Core\Inc\stm32l4xx_hal_conf.h_save
2025-11-29 22:20:20,142 [INFO] CodeEngine:345 - Generated code: D:\STM32\Lab\Practice3-i2c-eeprom-random-number\Core\Inc\stm32l4xx_hal_conf.h
2025-11-29 22:20:20,162 [WARN] IPConfigManager:3811 - IP not found : TIM
2025-11-29 22:20:20,162 [WARN] CodeGenerator:4259 - IP not found : null
2025-11-29 22:20:20,168 [INFO] CodeEngine:265 - oldGeneratedFile, D:\STM32\Lab\Practice3-i2c-eeprom-random-number\Core\Inc\main.h_save
2025-11-29 22:20:20,243 [INFO] CodeEngine:289 - Generated code: D:\STM32\Lab\Practice3-i2c-eeprom-random-number\Core\Inc\main.h
2025-11-29 22:20:20,247 [INFO] CodeEngine:265 - oldGeneratedFile, D:\STM32\Lab\Practice3-i2c-eeprom-random-number\Core\Src\main.c_save
2025-11-29 22:20:20,352 [INFO] CodeEngine:289 - Generated code: D:\STM32\Lab\Practice3-i2c-eeprom-random-number\Core\Src\main.c
2025-11-29 22:20:20,706 [INFO] ProjectBuilder:3606 - Time for Copy HAL[1] : 205mS.
2025-11-29 22:20:20,709 [INFO] ProjectBuilder:5216 - Project Generator version: 4.7.0-B52
2025-11-29 22:20:20,776 [INFO] ConfigFileManager:1595 - The Die is : DIE415
2025-11-29 22:20:21,761 [INFO] ProjectBuilder:5496 - Time for Generating toolchain IDE Files: 1052mS.
2025-11-29 22:20:21,761 [INFO] ProjectBuilder:3463 - Time for Copy CMSIS : 0mS.
2025-11-29 22:20:21,767 [INFO] ProjectBuilder:3463 - Time for Copy CMSIS : 0mS.
2025-11-29 22:20:51,896 [ERROR] AdobePublisher:162 - Exception while opening the connection: java.net.SocketTimeoutException: Read timed out
2025-11-29 22:22:08,596 [INFO] NvicIntPanel:101 - NVIC parent = com.st.microxplorer.plugins.ip.nvic.MultiNvicIntPanel[,0,0,0x0,invalid,layout=javax.swing.BoxLayout,alignmentX=0.0,alignmentY=0.0,border=,flags=9,maximumSize=,minimumSize=,preferredSize=]
2025-11-29 22:22:10,608 [INFO] NvicIntPanel:101 - NVIC parent = com.st.microxplorer.plugins.ip.nvic.MultiNvicIntPanel[,0,0,0x0,invalid,layout=javax.swing.BoxLayout,alignmentX=0.0,alignmentY=0.0,border=,flags=9,maximumSize=,minimumSize=,preferredSize=]
2025-11-29 22:22:12,583 [INFO] NvicIntPanel:101 - NVIC parent = com.st.microxplorer.plugins.ip.nvic.MultiNvicIntPanel[,0,0,0x0,invalid,layout=javax.swing.BoxLayout,alignmentX=0.0,alignmentY=0.0,border=,flags=9,maximumSize=,minimumSize=,preferredSize=]
2025-11-29 22:22:14,042 [INFO] NvicIntPanel:101 - NVIC parent = com.st.microxplorer.plugins.ip.nvic.MultiNvicIntPanel[,0,0,0x0,invalid,layout=javax.swing.BoxLayout,alignmentX=0.0,alignmentY=0.0,border=,flags=9,maximumSize=,minimumSize=,preferredSize=]
2025-11-29 22:22:55,944 [INFO] NvicIntPanel:101 - NVIC parent = com.st.microxplorer.plugins.ip.nvic.MultiNvicIntPanel[,0,0,0x0,invalid,layout=javax.swing.BoxLayout,alignmentX=0.0,alignmentY=0.0,border=,flags=9,maximumSize=,minimumSize=,preferredSize=]
2025-11-29 22:22:58,288 [INFO] NvicIntPanel:101 - NVIC parent = com.st.microxplorer.plugins.ip.nvic.MultiNvicIntPanel[,0,0,0x0,invalid,layout=javax.swing.BoxLayout,alignmentX=0.0,alignmentY=0.0,border=,flags=9,maximumSize=,minimumSize=,preferredSize=]
2025-11-29 22:23:00,424 [INFO] NvicIntPanel:101 - NVIC parent = com.st.microxplorer.plugins.ip.nvic.MultiNvicIntPanel[,0,0,0x0,invalid,layout=javax.swing.BoxLayout,alignmentX=0.0,alignmentY=0.0,border=,flags=9,maximumSize=,minimumSize=,preferredSize=]
2025-11-29 22:23:03,022 [INFO] NvicIntPanel:101 - NVIC parent = com.st.microxplorer.plugins.ip.nvic.MultiNvicIntPanel[,0,0,0x0,invalid,layout=javax.swing.BoxLayout,alignmentX=0.0,alignmentY=0.0,border=,flags=9,maximumSize=,minimumSize=,preferredSize=]
2025-11-29 22:23:07,415 [INFO] UtilMem:75 - End SaveConfig() Used Memory: 808037200 Bytes (1073741824)
2025-11-29 22:23:08,830 [INFO] UtilMem:75 - End SaveConfig() Used Memory: 835798200 Bytes (1073741824)
2025-11-29 22:23:10,220 [INFO] UtilMem:75 - End SaveConfig() Used Memory: 885864512 Bytes (1073741824)
2025-11-29 22:23:11,875 [INFO] BlockDiagram:2775 - set Specific Code input for plugin: FREERTOS
2025-11-29 22:23:11,875 [INFO] BlockDiagram:2775 - set Specific Code input for plugin: TIM1_8L4
2025-11-29 22:23:11,875 [INFO] BlockDiagram:2775 - set Specific Code input for plugin: SYS
2025-11-29 22:23:11,875 [INFO] BlockDiagram:2775 - set Specific Code input for plugin: RCC
2025-11-29 22:23:11,875 [INFO] BlockDiagram:2775 - set Specific Code input for plugin: I2C
2025-11-29 22:23:11,875 [INFO] BlockDiagram:2775 - set Specific Code input for plugin: NVIC
2025-11-29 22:23:11,876 [INFO] BlockDiagram:2775 - set Specific Code input for plugin: GPIO
2025-11-29 22:23:11,876 [INFO] CodeGenerator:892 - code generatio: config db path: C:\ST\STM32CubeIDE_1.19.0\STM32CubeIDE\plugins\com.st.stm32cube.common.mx_6.15.0.202507011659\\db\
2025-11-29 22:23:11,951 [INFO] CodeEngine:265 - oldGeneratedFile, D:\STM32\Lab\Practice3-i2c-eeprom-random-number\MXTmpFiles\license.tmp_save
2025-11-29 22:23:12,130 [INFO] CodeEngine:289 - Generated code: D:\STM32\Lab\Practice3-i2c-eeprom-random-number\MXTmpFiles\license.tmp
2025-11-29 22:23:12,219 [INFO] CodeEngine:265 - oldGeneratedFile, D:\STM32\Lab\Practice3-i2c-eeprom-random-number\MXTmpFiles\gpio.tmp_save
2025-11-29 22:23:12,330 [INFO] CodeEngine:289 - Generated code: D:\STM32\Lab\Practice3-i2c-eeprom-random-number\MXTmpFiles\gpio.tmp
2025-11-29 22:23:12,681 [INFO] Middleware:1452 - No code input for Bsp Dependency
2025-11-29 22:23:12,687 [INFO] CodeEngine:265 - oldGeneratedFile, D:\STM32\Lab\Practice3-i2c-eeprom-random-number\MXTmpFiles\rtos_inc.tmp_save
2025-11-29 22:23:12,776 [INFO] CodeEngine:289 - Generated code: D:\STM32\Lab\Practice3-i2c-eeprom-random-number\MXTmpFiles\rtos_inc.tmp
2025-11-29 22:23:12,780 [INFO] CodeEngine:265 - oldGeneratedFile, D:\STM32\Lab\Practice3-i2c-eeprom-random-number\MXTmpFiles\rtos_kernelInit.tmp_save
2025-11-29 22:23:12,866 [INFO] CodeEngine:289 - Generated code: D:\STM32\Lab\Practice3-i2c-eeprom-random-number\MXTmpFiles\rtos_kernelInit.tmp
2025-11-29 22:23:12,878 [INFO] CodeEngine:265 - oldGeneratedFile, D:\STM32\Lab\Practice3-i2c-eeprom-random-number\MXTmpFiles\rtos_kernelStart.tmp_save
2025-11-29 22:23:12,950 [INFO] CodeEngine:289 - Generated code: D:\STM32\Lab\Practice3-i2c-eeprom-random-number\MXTmpFiles\rtos_kernelStart.tmp
2025-11-29 22:23:12,954 [INFO] CodeEngine:265 - oldGeneratedFile, D:\STM32\Lab\Practice3-i2c-eeprom-random-number\MXTmpFiles\rtos_typedefs.tmp_save
2025-11-29 22:23:13,028 [INFO] CodeEngine:289 - Generated code: D:\STM32\Lab\Practice3-i2c-eeprom-random-number\MXTmpFiles\rtos_typedefs.tmp
2025-11-29 22:23:13,031 [INFO] CodeEngine:265 - oldGeneratedFile, D:\STM32\Lab\Practice3-i2c-eeprom-random-number\MXTmpFiles\rtos_vars.tmp_save
2025-11-29 22:23:13,102 [INFO] CodeEngine:289 - Generated code: D:\STM32\Lab\Practice3-i2c-eeprom-random-number\MXTmpFiles\rtos_vars.tmp
2025-11-29 22:23:13,107 [INFO] CodeEngine:265 - oldGeneratedFile, D:\STM32\Lab\Practice3-i2c-eeprom-random-number\MXTmpFiles\rtos_pfp.tmp_save
2025-11-29 22:23:13,165 [INFO] CodeEngine:289 - Generated code: D:\STM32\Lab\Practice3-i2c-eeprom-random-number\MXTmpFiles\rtos_pfp.tmp
2025-11-29 22:23:13,168 [INFO] CodeEngine:265 - oldGeneratedFile, D:\STM32\Lab\Practice3-i2c-eeprom-random-number\MXTmpFiles\rtos_obj_creat.tmp_save
2025-11-29 22:23:13,224 [INFO] CodeEngine:289 - Generated code: D:\STM32\Lab\Practice3-i2c-eeprom-random-number\MXTmpFiles\rtos_obj_creat.tmp
2025-11-29 22:23:13,228 [INFO] CodeEngine:265 - oldGeneratedFile, D:\STM32\Lab\Practice3-i2c-eeprom-random-number\MXTmpFiles\rtos_default_thread.tmp_save
2025-11-29 22:23:13,280 [INFO] CodeEngine:289 - Generated code: D:\STM32\Lab\Practice3-i2c-eeprom-random-number\MXTmpFiles\rtos_default_thread.tmp
2025-11-29 22:23:13,284 [INFO] CodeEngine:265 - oldGeneratedFile, D:\STM32\Lab\Practice3-i2c-eeprom-random-number\MXTmpFiles\rtos_threads.tmp_save
2025-11-29 22:23:13,335 [INFO] CodeEngine:289 - Generated code: D:\STM32\Lab\Practice3-i2c-eeprom-random-number\MXTmpFiles\rtos_threads.tmp
2025-11-29 22:23:13,347 [INFO] Middleware:1452 - No code input for Bsp Dependency
2025-11-29 22:23:13,354 [INFO] CodeEngine:265 - oldGeneratedFile, D:\STM32\Lab\Practice3-i2c-eeprom-random-number\MXTmpFiles\rtos_inc.tmp_save
2025-11-29 22:23:13,400 [INFO] CodeEngine:289 - Generated code: D:\STM32\Lab\Practice3-i2c-eeprom-random-number\MXTmpFiles\rtos_inc.tmp
2025-11-29 22:23:13,405 [INFO] CodeEngine:265 - oldGeneratedFile, D:\STM32\Lab\Practice3-i2c-eeprom-random-number\MXTmpFiles\rtos_kernelInit.tmp_save
2025-11-29 22:23:13,450 [INFO] CodeEngine:289 - Generated code: D:\STM32\Lab\Practice3-i2c-eeprom-random-number\MXTmpFiles\rtos_kernelInit.tmp
2025-11-29 22:23:13,455 [INFO] CodeEngine:265 - oldGeneratedFile, D:\STM32\Lab\Practice3-i2c-eeprom-random-number\MXTmpFiles\rtos_kernelStart.tmp_save
2025-11-29 22:23:13,499 [INFO] CodeEngine:289 - Generated code: D:\STM32\Lab\Practice3-i2c-eeprom-random-number\MXTmpFiles\rtos_kernelStart.tmp
2025-11-29 22:23:13,503 [INFO] CodeEngine:265 - oldGeneratedFile, D:\STM32\Lab\Practice3-i2c-eeprom-random-number\MXTmpFiles\rtos_typedefs.tmp_save
2025-11-29 22:23:13,548 [INFO] CodeEngine:289 - Generated code: D:\STM32\Lab\Practice3-i2c-eeprom-random-number\MXTmpFiles\rtos_typedefs.tmp
2025-11-29 22:23:13,552 [INFO] CodeEngine:265 - oldGeneratedFile, D:\STM32\Lab\Practice3-i2c-eeprom-random-number\MXTmpFiles\rtos_vars.tmp_save
2025-11-29 22:23:13,599 [INFO] CodeEngine:289 - Generated code: D:\STM32\Lab\Practice3-i2c-eeprom-random-number\MXTmpFiles\rtos_vars.tmp
2025-11-29 22:23:13,603 [INFO] CodeEngine:265 - oldGeneratedFile, D:\STM32\Lab\Practice3-i2c-eeprom-random-number\MXTmpFiles\rtos_pfp.tmp_save
2025-11-29 22:23:13,646 [INFO] CodeEngine:289 - Generated code: D:\STM32\Lab\Practice3-i2c-eeprom-random-number\MXTmpFiles\rtos_pfp.tmp
2025-11-29 22:23:13,651 [INFO] CodeEngine:265 - oldGeneratedFile, D:\STM32\Lab\Practice3-i2c-eeprom-random-number\MXTmpFiles\rtos_obj_creat.tmp_save
2025-11-29 22:23:13,698 [INFO] CodeEngine:289 - Generated code: D:\STM32\Lab\Practice3-i2c-eeprom-random-number\MXTmpFiles\rtos_obj_creat.tmp
2025-11-29 22:23:13,703 [INFO] CodeEngine:265 - oldGeneratedFile, D:\STM32\Lab\Practice3-i2c-eeprom-random-number\MXTmpFiles\rtos_default_thread.tmp_save
2025-11-29 22:23:13,746 [INFO] CodeEngine:289 - Generated code: D:\STM32\Lab\Practice3-i2c-eeprom-random-number\MXTmpFiles\rtos_default_thread.tmp
2025-11-29 22:23:13,751 [INFO] CodeEngine:265 - oldGeneratedFile, D:\STM32\Lab\Practice3-i2c-eeprom-random-number\MXTmpFiles\rtos_threads.tmp_save
2025-11-29 22:23:13,793 [INFO] CodeEngine:289 - Generated code: D:\STM32\Lab\Practice3-i2c-eeprom-random-number\MXTmpFiles\rtos_threads.tmp
2025-11-29 22:23:13,798 [INFO] CodeEngine:265 - oldGeneratedFile, D:\STM32\Lab\Practice3-i2c-eeprom-random-number\Core\Inc\FreeRTOSConfig.h_save
2025-11-29 22:23:13,861 [INFO] CodeEngine:289 - Generated code: D:\STM32\Lab\Practice3-i2c-eeprom-random-number\Core\Inc\FreeRTOSConfig.h
2025-11-29 22:23:13,866 [INFO] CodeEngine:265 - oldGeneratedFile, D:\STM32\Lab\Practice3-i2c-eeprom-random-number\Core\Src\freertos.c_save
2025-11-29 22:23:13,913 [INFO] CodeEngine:289 - Generated code: D:\STM32\Lab\Practice3-i2c-eeprom-random-number\Core\Src\freertos.c
2025-11-29 22:23:13,925 [INFO] CodeEngine:265 - oldGeneratedFile, D:\STM32\Lab\Practice3-i2c-eeprom-random-number\Core\Src\stm32l4xx_it.c_save
2025-11-29 22:23:13,975 [INFO] CodeEngine:289 - Generated code: D:\STM32\Lab\Practice3-i2c-eeprom-random-number\Core\Src\stm32l4xx_it.c
2025-11-29 22:23:13,981 [INFO] CodeEngine:265 - oldGeneratedFile, D:\STM32\Lab\Practice3-i2c-eeprom-random-number\Core\Inc\stm32l4xx_it.h_save
2025-11-29 22:23:14,025 [INFO] CodeEngine:289 - Generated code: D:\STM32\Lab\Practice3-i2c-eeprom-random-number\Core\Inc\stm32l4xx_it.h
2025-11-29 22:23:14,037 [INFO] CodeEngine:265 - oldGeneratedFile, D:\STM32\Lab\Practice3-i2c-eeprom-random-number\Core\Src\stm32l4xx_hal_msp.c_save
2025-11-29 22:23:14,108 [INFO] CodeEngine:289 - Generated code: D:\STM32\Lab\Practice3-i2c-eeprom-random-number\Core\Src\stm32l4xx_hal_msp.c
2025-11-29 22:23:14,112 [INFO] CodeEngine:265 - oldGeneratedFile, D:\STM32\Lab\Practice3-i2c-eeprom-random-number\MXTmpFiles\system.tmp_save
2025-11-29 22:23:14,154 [INFO] CodeEngine:289 - Generated code: D:\STM32\Lab\Practice3-i2c-eeprom-random-number\MXTmpFiles\system.tmp
2025-11-29 22:23:14,163 [INFO] CodeEngine:321 - oldGeneratedFile, D:\STM32\Lab\Practice3-i2c-eeprom-random-number\Core\Inc\stm32l4xx_hal_conf.h_save
2025-11-29 22:23:14,212 [INFO] CodeEngine:345 - Generated code: D:\STM32\Lab\Practice3-i2c-eeprom-random-number\Core\Inc\stm32l4xx_hal_conf.h
2025-11-29 22:23:14,232 [WARN] IPConfigManager:3811 - IP not found : TIM
2025-11-29 22:23:14,233 [WARN] CodeGenerator:4259 - IP not found : null
2025-11-29 22:23:14,239 [INFO] CodeEngine:265 - oldGeneratedFile, D:\STM32\Lab\Practice3-i2c-eeprom-random-number\Core\Inc\main.h_save
2025-11-29 22:23:14,288 [INFO] CodeEngine:289 - Generated code: D:\STM32\Lab\Practice3-i2c-eeprom-random-number\Core\Inc\main.h
2025-11-29 22:23:14,293 [INFO] CodeEngine:265 - oldGeneratedFile, D:\STM32\Lab\Practice3-i2c-eeprom-random-number\Core\Src\main.c_save
2025-11-29 22:23:14,395 [INFO] CodeEngine:289 - Generated code: D:\STM32\Lab\Practice3-i2c-eeprom-random-number\Core\Src\main.c
2025-11-29 22:23:14,813 [INFO] ProjectBuilder:3606 - Time for Copy HAL[1] : 257mS.
2025-11-29 22:23:14,817 [INFO] ProjectBuilder:5216 - Project Generator version: 4.7.0-B52
2025-11-29 22:23:14,880 [INFO] ConfigFileManager:1595 - The Die is : DIE415
2025-11-29 22:23:15,804 [INFO] ProjectBuilder:5496 - Time for Generating toolchain IDE Files: 987mS.
2025-11-29 22:23:15,804 [INFO] ProjectBuilder:3463 - Time for Copy CMSIS : 0mS.
2025-11-29 22:23:15,810 [INFO] ProjectBuilder:3463 - Time for Copy CMSIS : 0mS.
2025-11-29 22:27:48,885 [INFO] NvicIntPanel:101 - NVIC parent = com.st.microxplorer.plugins.ip.nvic.MultiNvicIntPanel[,0,0,0x0,invalid,layout=javax.swing.BoxLayout,alignmentX=0.0,alignmentY=0.0,border=,flags=9,maximumSize=,minimumSize=,preferredSize=]
2025-11-29 22:28:12,460 [INFO] NvicIntPanel:101 - NVIC parent = com.st.microxplorer.plugins.ip.nvic.MultiNvicIntPanel[,0,0,0x0,invalid,layout=javax.swing.BoxLayout,alignmentX=0.0,alignmentY=0.0,border=,flags=9,maximumSize=,minimumSize=,preferredSize=]
2025-11-29 22:28:44,808 [INFO] NvicIntPanel:101 - NVIC parent = com.st.microxplorer.plugins.ip.nvic.MultiNvicIntPanel[,0,0,0x0,invalid,layout=javax.swing.BoxLayout,alignmentX=0.0,alignmentY=0.0,border=,flags=9,maximumSize=,minimumSize=,preferredSize=]
2025-11-29 22:28:46,264 [INFO] NvicIntPanel:101 - NVIC parent = com.st.microxplorer.plugins.ip.nvic.MultiNvicIntPanel[,0,0,0x0,invalid,layout=javax.swing.BoxLayout,alignmentX=0.0,alignmentY=0.0,border=,flags=9,maximumSize=,minimumSize=,preferredSize=]
2025-11-29 22:28:47,813 [INFO] NvicIntPanel:101 - NVIC parent = com.st.microxplorer.plugins.ip.nvic.MultiNvicIntPanel[,0,0,0x0,invalid,layout=javax.swing.BoxLayout,alignmentX=0.0,alignmentY=0.0,border=,flags=9,maximumSize=,minimumSize=,preferredSize=]
2025-11-29 22:28:49,368 [INFO] NvicIntPanel:101 - NVIC parent = com.st.microxplorer.plugins.ip.nvic.MultiNvicIntPanel[,0,0,0x0,invalid,layout=javax.swing.BoxLayout,alignmentX=0.0,alignmentY=0.0,border=,flags=9,maximumSize=,minimumSize=,preferredSize=]
2025-11-29 22:29:00,795 [INFO] NvicIntPanel:101 - NVIC parent = com.st.microxplorer.plugins.ip.nvic.MultiNvicIntPanel[,0,0,0x0,invalid,layout=javax.swing.BoxLayout,alignmentX=0.0,alignmentY=0.0,border=,flags=9,maximumSize=,minimumSize=,preferredSize=]
2025-11-29 22:29:06,741 [INFO] UtilMem:75 - End SaveConfig() Used Memory: 736769456 Bytes (1073741824)
2025-11-29 22:29:07,625 [INFO] UtilMem:75 - End SaveConfig() Used Memory: 762446304 Bytes (1073741824)
2025-11-29 22:29:08,898 [INFO] UtilMem:75 - End SaveConfig() Used Memory: 819684424 Bytes (1073741824)
2025-11-29 22:29:10,640 [INFO] BlockDiagram:2775 - set Specific Code input for plugin: FREERTOS
2025-11-29 22:29:10,640 [INFO] BlockDiagram:2775 - set Specific Code input for plugin: TIM1_8L4
2025-11-29 22:29:10,640 [INFO] BlockDiagram:2775 - set Specific Code input for plugin: SYS
2025-11-29 22:29:10,640 [INFO] BlockDiagram:2775 - set Specific Code input for plugin: RCC
2025-11-29 22:29:10,641 [INFO] BlockDiagram:2775 - set Specific Code input for plugin: I2C
2025-11-29 22:29:10,641 [INFO] BlockDiagram:2775 - set Specific Code input for plugin: NVIC
2025-11-29 22:29:10,641 [INFO] BlockDiagram:2775 - set Specific Code input for plugin: GPIO
2025-11-29 22:29:10,642 [INFO] CodeGenerator:892 - code generatio: config db path: C:\ST\STM32CubeIDE_1.19.0\STM32CubeIDE\plugins\com.st.stm32cube.common.mx_6.15.0.202507011659\\db\
2025-11-29 22:29:10,717 [INFO] CodeEngine:265 - oldGeneratedFile, D:\STM32\Lab\Practice3-i2c-eeprom-random-number\MXTmpFiles\license.tmp_save
2025-11-29 22:29:10,968 [INFO] CodeEngine:289 - Generated code: D:\STM32\Lab\Practice3-i2c-eeprom-random-number\MXTmpFiles\license.tmp
2025-11-29 22:29:11,050 [INFO] CodeEngine:265 - oldGeneratedFile, D:\STM32\Lab\Practice3-i2c-eeprom-random-number\MXTmpFiles\gpio.tmp_save
2025-11-29 22:29:11,177 [INFO] CodeEngine:289 - Generated code: D:\STM32\Lab\Practice3-i2c-eeprom-random-number\MXTmpFiles\gpio.tmp
2025-11-29 22:29:11,540 [INFO] Middleware:1452 - No code input for Bsp Dependency
2025-11-29 22:29:11,546 [INFO] CodeEngine:265 - oldGeneratedFile, D:\STM32\Lab\Practice3-i2c-eeprom-random-number\MXTmpFiles\rtos_inc.tmp_save
2025-11-29 22:29:11,632 [INFO] CodeEngine:289 - Generated code: D:\STM32\Lab\Practice3-i2c-eeprom-random-number\MXTmpFiles\rtos_inc.tmp
2025-11-29 22:29:11,636 [INFO] CodeEngine:265 - oldGeneratedFile, D:\STM32\Lab\Practice3-i2c-eeprom-random-number\MXTmpFiles\rtos_kernelInit.tmp_save
2025-11-29 22:29:11,723 [INFO] CodeEngine:289 - Generated code: D:\STM32\Lab\Practice3-i2c-eeprom-random-number\MXTmpFiles\rtos_kernelInit.tmp
2025-11-29 22:29:11,737 [INFO] CodeEngine:265 - oldGeneratedFile, D:\STM32\Lab\Practice3-i2c-eeprom-random-number\MXTmpFiles\rtos_kernelStart.tmp_save
2025-11-29 22:29:11,817 [INFO] CodeEngine:289 - Generated code: D:\STM32\Lab\Practice3-i2c-eeprom-random-number\MXTmpFiles\rtos_kernelStart.tmp
2025-11-29 22:29:11,821 [INFO] CodeEngine:265 - oldGeneratedFile, D:\STM32\Lab\Practice3-i2c-eeprom-random-number\MXTmpFiles\rtos_typedefs.tmp_save
2025-11-29 22:29:11,902 [INFO] CodeEngine:289 - Generated code: D:\STM32\Lab\Practice3-i2c-eeprom-random-number\MXTmpFiles\rtos_typedefs.tmp
2025-11-29 22:29:11,905 [INFO] CodeEngine:265 - oldGeneratedFile, D:\STM32\Lab\Practice3-i2c-eeprom-random-number\MXTmpFiles\rtos_vars.tmp_save
2025-11-29 22:29:11,967 [INFO] CodeEngine:289 - Generated code: D:\STM32\Lab\Practice3-i2c-eeprom-random-number\MXTmpFiles\rtos_vars.tmp
2025-11-29 22:29:11,971 [INFO] CodeEngine:265 - oldGeneratedFile, D:\STM32\Lab\Practice3-i2c-eeprom-random-number\MXTmpFiles\rtos_pfp.tmp_save
2025-11-29 22:29:12,028 [INFO] CodeEngine:289 - Generated code: D:\STM32\Lab\Practice3-i2c-eeprom-random-number\MXTmpFiles\rtos_pfp.tmp
2025-11-29 22:29:12,032 [INFO] CodeEngine:265 - oldGeneratedFile, D:\STM32\Lab\Practice3-i2c-eeprom-random-number\MXTmpFiles\rtos_obj_creat.tmp_save
2025-11-29 22:29:12,090 [INFO] CodeEngine:289 - Generated code: D:\STM32\Lab\Practice3-i2c-eeprom-random-number\MXTmpFiles\rtos_obj_creat.tmp
2025-11-29 22:29:12,094 [INFO] CodeEngine:265 - oldGeneratedFile, D:\STM32\Lab\Practice3-i2c-eeprom-random-number\MXTmpFiles\rtos_default_thread.tmp_save
2025-11-29 22:29:12,145 [INFO] CodeEngine:289 - Generated code: D:\STM32\Lab\Practice3-i2c-eeprom-random-number\MXTmpFiles\rtos_default_thread.tmp
2025-11-29 22:29:12,149 [INFO] CodeEngine:265 - oldGeneratedFile, D:\STM32\Lab\Practice3-i2c-eeprom-random-number\MXTmpFiles\rtos_threads.tmp_save
2025-11-29 22:29:12,205 [INFO] CodeEngine:289 - Generated code: D:\STM32\Lab\Practice3-i2c-eeprom-random-number\MXTmpFiles\rtos_threads.tmp
2025-11-29 22:29:12,218 [INFO] Middleware:1452 - No code input for Bsp Dependency
2025-11-29 22:29:12,225 [INFO] CodeEngine:265 - oldGeneratedFile, D:\STM32\Lab\Practice3-i2c-eeprom-random-number\MXTmpFiles\rtos_inc.tmp_save
2025-11-29 22:29:12,271 [INFO] CodeEngine:289 - Generated code: D:\STM32\Lab\Practice3-i2c-eeprom-random-number\MXTmpFiles\rtos_inc.tmp
2025-11-29 22:29:12,276 [INFO] CodeEngine:265 - oldGeneratedFile, D:\STM32\Lab\Practice3-i2c-eeprom-random-number\MXTmpFiles\rtos_kernelInit.tmp_save
2025-11-29 22:29:12,321 [INFO] CodeEngine:289 - Generated code: D:\STM32\Lab\Practice3-i2c-eeprom-random-number\MXTmpFiles\rtos_kernelInit.tmp
2025-11-29 22:29:12,326 [INFO] CodeEngine:265 - oldGeneratedFile, D:\STM32\Lab\Practice3-i2c-eeprom-random-number\MXTmpFiles\rtos_kernelStart.tmp_save
2025-11-29 22:29:12,370 [INFO] CodeEngine:289 - Generated code: D:\STM32\Lab\Practice3-i2c-eeprom-random-number\MXTmpFiles\rtos_kernelStart.tmp
2025-11-29 22:29:12,375 [INFO] CodeEngine:265 - oldGeneratedFile, D:\STM32\Lab\Practice3-i2c-eeprom-random-number\MXTmpFiles\rtos_typedefs.tmp_save
2025-11-29 22:29:12,420 [INFO] CodeEngine:289 - Generated code: D:\STM32\Lab\Practice3-i2c-eeprom-random-number\MXTmpFiles\rtos_typedefs.tmp
2025-11-29 22:29:12,425 [INFO] CodeEngine:265 - oldGeneratedFile, D:\STM32\Lab\Practice3-i2c-eeprom-random-number\MXTmpFiles\rtos_vars.tmp_save
2025-11-29 22:29:12,471 [INFO] CodeEngine:289 - Generated code: D:\STM32\Lab\Practice3-i2c-eeprom-random-number\MXTmpFiles\rtos_vars.tmp
2025-11-29 22:29:12,476 [INFO] CodeEngine:265 - oldGeneratedFile, D:\STM32\Lab\Practice3-i2c-eeprom-random-number\MXTmpFiles\rtos_pfp.tmp_save
2025-11-29 22:29:12,526 [INFO] CodeEngine:289 - Generated code: D:\STM32\Lab\Practice3-i2c-eeprom-random-number\MXTmpFiles\rtos_pfp.tmp
2025-11-29 22:29:12,530 [INFO] CodeEngine:265 - oldGeneratedFile, D:\STM32\Lab\Practice3-i2c-eeprom-random-number\MXTmpFiles\rtos_obj_creat.tmp_save
2025-11-29 22:29:12,576 [INFO] CodeEngine:289 - Generated code: D:\STM32\Lab\Practice3-i2c-eeprom-random-number\MXTmpFiles\rtos_obj_creat.tmp
2025-11-29 22:29:12,580 [INFO] CodeEngine:265 - oldGeneratedFile, D:\STM32\Lab\Practice3-i2c-eeprom-random-number\MXTmpFiles\rtos_default_thread.tmp_save
2025-11-29 22:29:12,624 [INFO] CodeEngine:289 - Generated code: D:\STM32\Lab\Practice3-i2c-eeprom-random-number\MXTmpFiles\rtos_default_thread.tmp
2025-11-29 22:29:12,629 [INFO] CodeEngine:265 - oldGeneratedFile, D:\STM32\Lab\Practice3-i2c-eeprom-random-number\MXTmpFiles\rtos_threads.tmp_save
2025-11-29 22:29:12,673 [INFO] CodeEngine:289 - Generated code: D:\STM32\Lab\Practice3-i2c-eeprom-random-number\MXTmpFiles\rtos_threads.tmp
2025-11-29 22:29:12,677 [INFO] CodeEngine:265 - oldGeneratedFile, D:\STM32\Lab\Practice3-i2c-eeprom-random-number\Core\Inc\FreeRTOSConfig.h_save
2025-11-29 22:29:12,740 [INFO] CodeEngine:289 - Generated code: D:\STM32\Lab\Practice3-i2c-eeprom-random-number\Core\Inc\FreeRTOSConfig.h
2025-11-29 22:29:12,745 [INFO] CodeEngine:265 - oldGeneratedFile, D:\STM32\Lab\Practice3-i2c-eeprom-random-number\Core\Src\freertos.c_save
2025-11-29 22:29:12,793 [INFO] CodeEngine:289 - Generated code: D:\STM32\Lab\Practice3-i2c-eeprom-random-number\Core\Src\freertos.c
2025-11-29 22:29:12,806 [INFO] CodeEngine:265 - oldGeneratedFile, D:\STM32\Lab\Practice3-i2c-eeprom-random-number\Core\Src\stm32l4xx_it.c_save
2025-11-29 22:29:12,945 [INFO] CodeEngine:289 - Generated code: D:\STM32\Lab\Practice3-i2c-eeprom-random-number\Core\Src\stm32l4xx_it.c
2025-11-29 22:29:12,950 [INFO] CodeEngine:265 - oldGeneratedFile, D:\STM32\Lab\Practice3-i2c-eeprom-random-number\Core\Inc\stm32l4xx_it.h_save
2025-11-29 22:29:13,009 [INFO] CodeEngine:289 - Generated code: D:\STM32\Lab\Practice3-i2c-eeprom-random-number\Core\Inc\stm32l4xx_it.h
2025-11-29 22:29:13,023 [INFO] CodeEngine:265 - oldGeneratedFile, D:\STM32\Lab\Practice3-i2c-eeprom-random-number\Core\Src\stm32l4xx_hal_msp.c_save
2025-11-29 22:29:13,118 [INFO] CodeEngine:289 - Generated code: D:\STM32\Lab\Practice3-i2c-eeprom-random-number\Core\Src\stm32l4xx_hal_msp.c
2025-11-29 22:29:13,122 [INFO] CodeEngine:265 - oldGeneratedFile, D:\STM32\Lab\Practice3-i2c-eeprom-random-number\MXTmpFiles\system.tmp_save
2025-11-29 22:29:13,167 [INFO] CodeEngine:289 - Generated code: D:\STM32\Lab\Practice3-i2c-eeprom-random-number\MXTmpFiles\system.tmp
2025-11-29 22:29:13,176 [INFO] CodeEngine:321 - oldGeneratedFile, D:\STM32\Lab\Practice3-i2c-eeprom-random-number\Core\Inc\stm32l4xx_hal_conf.h_save
2025-11-29 22:29:13,243 [INFO] CodeEngine:345 - Generated code: D:\STM32\Lab\Practice3-i2c-eeprom-random-number\Core\Inc\stm32l4xx_hal_conf.h
2025-11-29 22:29:13,267 [WARN] IPConfigManager:3811 - IP not found : TIM
2025-11-29 22:29:13,267 [WARN] CodeGenerator:4259 - IP not found : null
2025-11-29 22:29:13,274 [INFO] CodeEngine:265 - oldGeneratedFile, D:\STM32\Lab\Practice3-i2c-eeprom-random-number\Core\Inc\main.h_save
2025-11-29 22:29:13,351 [INFO] CodeEngine:289 - Generated code: D:\STM32\Lab\Practice3-i2c-eeprom-random-number\Core\Inc\main.h
2025-11-29 22:29:13,356 [INFO] CodeEngine:265 - oldGeneratedFile, D:\STM32\Lab\Practice3-i2c-eeprom-random-number\Core\Src\main.c_save
2025-11-29 22:29:13,465 [INFO] CodeEngine:289 - Generated code: D:\STM32\Lab\Practice3-i2c-eeprom-random-number\Core\Src\main.c
2025-11-29 22:29:13,824 [INFO] ProjectBuilder:3606 - Time for Copy HAL[1] : 210mS.
2025-11-29 22:29:13,828 [INFO] ProjectBuilder:5216 - Project Generator version: 4.7.0-B52
2025-11-29 22:29:13,895 [INFO] ConfigFileManager:1595 - The Die is : DIE415
2025-11-29 22:29:14,855 [INFO] ProjectBuilder:5496 - Time for Generating toolchain IDE Files: 1027mS.
2025-11-29 22:29:14,855 [INFO] ProjectBuilder:3463 - Time for Copy CMSIS : 0mS.
2025-11-29 22:29:14,862 [INFO] ProjectBuilder:3463 - Time for Copy CMSIS : 0mS.
2025-11-29 22:29:40,249 [ERROR] AdobePublisher:162 - Exception while opening the connection: java.net.SocketTimeoutException: Connect timed out
2025-11-29 22:30:17,185 [INFO] UtilMem:75 - End SaveConfig() Used Memory: 749000768 Bytes (1073741824)
2025-11-29 22:30:18,406 [INFO] UtilMem:75 - End SaveConfig() Used Memory: 771543104 Bytes (1073741824)
2025-11-29 22:30:20,079 [INFO] UtilMem:75 - End SaveConfig() Used Memory: 817680448 Bytes (1073741824)
2025-11-29 22:30:21,569 [INFO] BlockDiagram:2775 - set Specific Code input for plugin: FREERTOS
2025-11-29 22:30:21,569 [INFO] BlockDiagram:2775 - set Specific Code input for plugin: SYS
2025-11-29 22:30:21,569 [INFO] BlockDiagram:2775 - set Specific Code input for plugin: RCC
2025-11-29 22:30:21,569 [INFO] BlockDiagram:2775 - set Specific Code input for plugin: I2C
2025-11-29 22:30:21,569 [INFO] BlockDiagram:2775 - set Specific Code input for plugin: NVIC
2025-11-29 22:30:21,570 [INFO] BlockDiagram:2775 - set Specific Code input for plugin: GPIO
2025-11-29 22:30:21,571 [INFO] CodeGenerator:892 - code generatio: config db path: C:\ST\STM32CubeIDE_1.19.0\STM32CubeIDE\plugins\com.st.stm32cube.common.mx_6.15.0.202507011659\\db\
2025-11-29 22:30:21,640 [INFO] CodeEngine:265 - oldGeneratedFile, D:\STM32\Lab\Practice3-i2c-eeprom-random-number\MXTmpFiles\license.tmp_save
2025-11-29 22:30:21,696 [INFO] CodeEngine:289 - Generated code: D:\STM32\Lab\Practice3-i2c-eeprom-random-number\MXTmpFiles\license.tmp
2025-11-29 22:30:21,750 [INFO] CodeEngine:265 - oldGeneratedFile, D:\STM32\Lab\Practice3-i2c-eeprom-random-number\MXTmpFiles\gpio.tmp_save
2025-11-29 22:30:21,796 [INFO] CodeEngine:289 - Generated code: D:\STM32\Lab\Practice3-i2c-eeprom-random-number\MXTmpFiles\gpio.tmp
2025-11-29 22:30:21,964 [INFO] Middleware:1452 - No code input for Bsp Dependency
2025-11-29 22:30:21,970 [INFO] CodeEngine:265 - oldGeneratedFile, D:\STM32\Lab\Practice3-i2c-eeprom-random-number\MXTmpFiles\rtos_inc.tmp_save
2025-11-29 22:30:22,011 [INFO] CodeEngine:289 - Generated code: D:\STM32\Lab\Practice3-i2c-eeprom-random-number\MXTmpFiles\rtos_inc.tmp
2025-11-29 22:30:22,026 [INFO] CodeEngine:265 - oldGeneratedFile, D:\STM32\Lab\Practice3-i2c-eeprom-random-number\MXTmpFiles\rtos_kernelInit.tmp_save
2025-11-29 22:30:22,083 [INFO] CodeEngine:289 - Generated code: D:\STM32\Lab\Practice3-i2c-eeprom-random-number\MXTmpFiles\rtos_kernelInit.tmp
2025-11-29 22:30:22,086 [INFO] CodeEngine:265 - oldGeneratedFile, D:\STM32\Lab\Practice3-i2c-eeprom-random-number\MXTmpFiles\rtos_kernelStart.tmp_save
2025-11-29 22:30:22,124 [INFO] CodeEngine:289 - Generated code: D:\STM32\Lab\Practice3-i2c-eeprom-random-number\MXTmpFiles\rtos_kernelStart.tmp
2025-11-29 22:30:22,127 [INFO] CodeEngine:265 - oldGeneratedFile, D:\STM32\Lab\Practice3-i2c-eeprom-random-number\MXTmpFiles\rtos_typedefs.tmp_save
2025-11-29 22:30:22,165 [INFO] CodeEngine:289 - Generated code: D:\STM32\Lab\Practice3-i2c-eeprom-random-number\MXTmpFiles\rtos_typedefs.tmp
2025-11-29 22:30:22,168 [INFO] CodeEngine:265 - oldGeneratedFile, D:\STM32\Lab\Practice3-i2c-eeprom-random-number\MXTmpFiles\rtos_vars.tmp_save
2025-11-29 22:30:22,207 [INFO] CodeEngine:289 - Generated code: D:\STM32\Lab\Practice3-i2c-eeprom-random-number\MXTmpFiles\rtos_vars.tmp
2025-11-29 22:30:22,210 [INFO] CodeEngine:265 - oldGeneratedFile, D:\STM32\Lab\Practice3-i2c-eeprom-random-number\MXTmpFiles\rtos_pfp.tmp_save
2025-11-29 22:30:22,256 [INFO] CodeEngine:289 - Generated code: D:\STM32\Lab\Practice3-i2c-eeprom-random-number\MXTmpFiles\rtos_pfp.tmp
2025-11-29 22:30:22,259 [INFO] CodeEngine:265 - oldGeneratedFile, D:\STM32\Lab\Practice3-i2c-eeprom-random-number\MXTmpFiles\rtos_obj_creat.tmp_save
2025-11-29 22:30:22,300 [INFO] CodeEngine:289 - Generated code: D:\STM32\Lab\Practice3-i2c-eeprom-random-number\MXTmpFiles\rtos_obj_creat.tmp
2025-11-29 22:30:22,303 [INFO] CodeEngine:265 - oldGeneratedFile, D:\STM32\Lab\Practice3-i2c-eeprom-random-number\MXTmpFiles\rtos_default_thread.tmp_save
2025-11-29 22:30:22,341 [INFO] CodeEngine:289 - Generated code: D:\STM32\Lab\Practice3-i2c-eeprom-random-number\MXTmpFiles\rtos_default_thread.tmp
2025-11-29 22:30:22,344 [INFO] CodeEngine:265 - oldGeneratedFile, D:\STM32\Lab\Practice3-i2c-eeprom-random-number\MXTmpFiles\rtos_threads.tmp_save
2025-11-29 22:30:22,382 [INFO] CodeEngine:289 - Generated code: D:\STM32\Lab\Practice3-i2c-eeprom-random-number\MXTmpFiles\rtos_threads.tmp
2025-11-29 22:30:22,391 [INFO] Middleware:1452 - No code input for Bsp Dependency
2025-11-29 22:30:22,397 [INFO] CodeEngine:265 - oldGeneratedFile, D:\STM32\Lab\Practice3-i2c-eeprom-random-number\MXTmpFiles\rtos_inc.tmp_save
2025-11-29 22:30:22,435 [INFO] CodeEngine:289 - Generated code: D:\STM32\Lab\Practice3-i2c-eeprom-random-number\MXTmpFiles\rtos_inc.tmp
2025-11-29 22:30:22,440 [INFO] CodeEngine:265 - oldGeneratedFile, D:\STM32\Lab\Practice3-i2c-eeprom-random-number\MXTmpFiles\rtos_kernelInit.tmp_save
2025-11-29 22:30:22,478 [INFO] CodeEngine:289 - Generated code: D:\STM32\Lab\Practice3-i2c-eeprom-random-number\MXTmpFiles\rtos_kernelInit.tmp
2025-11-29 22:30:22,482 [INFO] CodeEngine:265 - oldGeneratedFile, D:\STM32\Lab\Practice3-i2c-eeprom-random-number\MXTmpFiles\rtos_kernelStart.tmp_save
2025-11-29 22:30:22,521 [INFO] CodeEngine:289 - Generated code: D:\STM32\Lab\Practice3-i2c-eeprom-random-number\MXTmpFiles\rtos_kernelStart.tmp
2025-11-29 22:30:22,526 [INFO] CodeEngine:265 - oldGeneratedFile, D:\STM32\Lab\Practice3-i2c-eeprom-random-number\MXTmpFiles\rtos_typedefs.tmp_save
2025-11-29 22:30:22,564 [INFO] CodeEngine:289 - Generated code: D:\STM32\Lab\Practice3-i2c-eeprom-random-number\MXTmpFiles\rtos_typedefs.tmp
2025-11-29 22:30:22,569 [INFO] CodeEngine:265 - oldGeneratedFile, D:\STM32\Lab\Practice3-i2c-eeprom-random-number\MXTmpFiles\rtos_vars.tmp_save
2025-11-29 22:30:22,611 [INFO] CodeEngine:289 - Generated code: D:\STM32\Lab\Practice3-i2c-eeprom-random-number\MXTmpFiles\rtos_vars.tmp
2025-11-29 22:30:22,616 [INFO] CodeEngine:265 - oldGeneratedFile, D:\STM32\Lab\Practice3-i2c-eeprom-random-number\MXTmpFiles\rtos_pfp.tmp_save
2025-11-29 22:30:22,655 [INFO] CodeEngine:289 - Generated code: D:\STM32\Lab\Practice3-i2c-eeprom-random-number\MXTmpFiles\rtos_pfp.tmp
2025-11-29 22:30:22,660 [INFO] CodeEngine:265 - oldGeneratedFile, D:\STM32\Lab\Practice3-i2c-eeprom-random-number\MXTmpFiles\rtos_obj_creat.tmp_save
2025-11-29 22:30:22,701 [INFO] CodeEngine:289 - Generated code: D:\STM32\Lab\Practice3-i2c-eeprom-random-number\MXTmpFiles\rtos_obj_creat.tmp
2025-11-29 22:30:22,707 [INFO] CodeEngine:265 - oldGeneratedFile, D:\STM32\Lab\Practice3-i2c-eeprom-random-number\MXTmpFiles\rtos_default_thread.tmp_save
2025-11-29 22:30:22,748 [INFO] CodeEngine:289 - Generated code: D:\STM32\Lab\Practice3-i2c-eeprom-random-number\MXTmpFiles\rtos_default_thread.tmp
2025-11-29 22:30:22,752 [INFO] CodeEngine:265 - oldGeneratedFile, D:\STM32\Lab\Practice3-i2c-eeprom-random-number\MXTmpFiles\rtos_threads.tmp_save
2025-11-29 22:30:22,790 [INFO] CodeEngine:289 - Generated code: D:\STM32\Lab\Practice3-i2c-eeprom-random-number\MXTmpFiles\rtos_threads.tmp
2025-11-29 22:30:22,794 [INFO] CodeEngine:265 - oldGeneratedFile, D:\STM32\Lab\Practice3-i2c-eeprom-random-number\Core\Inc\FreeRTOSConfig.h_save
2025-11-29 22:30:22,847 [INFO] CodeEngine:289 - Generated code: D:\STM32\Lab\Practice3-i2c-eeprom-random-number\Core\Inc\FreeRTOSConfig.h
2025-11-29 22:30:22,851 [INFO] CodeEngine:265 - oldGeneratedFile, D:\STM32\Lab\Practice3-i2c-eeprom-random-number\Core\Src\freertos.c_save
2025-11-29 22:30:22,893 [INFO] CodeEngine:289 - Generated code: D:\STM32\Lab\Practice3-i2c-eeprom-random-number\Core\Src\freertos.c
2025-11-29 22:30:22,902 [INFO] CodeEngine:265 - oldGeneratedFile, D:\STM32\Lab\Practice3-i2c-eeprom-random-number\Core\Src\stm32l4xx_it.c_save
2025-11-29 22:30:22,950 [INFO] CodeEngine:289 - Generated code: D:\STM32\Lab\Practice3-i2c-eeprom-random-number\Core\Src\stm32l4xx_it.c
2025-11-29 22:30:22,956 [INFO] CodeEngine:265 - oldGeneratedFile, D:\STM32\Lab\Practice3-i2c-eeprom-random-number\Core\Inc\stm32l4xx_it.h_save
2025-11-29 22:30:22,998 [INFO] CodeEngine:289 - Generated code: D:\STM32\Lab\Practice3-i2c-eeprom-random-number\Core\Inc\stm32l4xx_it.h
2025-11-29 22:30:23,009 [INFO] CodeEngine:265 - oldGeneratedFile, D:\STM32\Lab\Practice3-i2c-eeprom-random-number\Core\Src\stm32l4xx_hal_msp.c_save
2025-11-29 22:30:23,072 [INFO] CodeEngine:289 - Generated code: D:\STM32\Lab\Practice3-i2c-eeprom-random-number\Core\Src\stm32l4xx_hal_msp.c
2025-11-29 22:30:23,076 [INFO] CodeEngine:265 - oldGeneratedFile, D:\STM32\Lab\Practice3-i2c-eeprom-random-number\MXTmpFiles\system.tmp_save
2025-11-29 22:30:23,115 [INFO] CodeEngine:289 - Generated code: D:\STM32\Lab\Practice3-i2c-eeprom-random-number\MXTmpFiles\system.tmp
2025-11-29 22:30:23,123 [INFO] CodeEngine:321 - oldGeneratedFile, D:\STM32\Lab\Practice3-i2c-eeprom-random-number\Core\Inc\stm32l4xx_hal_conf.h_save
2025-11-29 22:30:23,169 [INFO] CodeEngine:345 - Generated code: D:\STM32\Lab\Practice3-i2c-eeprom-random-number\Core\Inc\stm32l4xx_hal_conf.h
2025-11-29 22:30:23,189 [INFO] CodeEngine:265 - oldGeneratedFile, D:\STM32\Lab\Practice3-i2c-eeprom-random-number\Core\Inc\main.h_save
2025-11-29 22:30:23,257 [INFO] CodeEngine:289 - Generated code: D:\STM32\Lab\Practice3-i2c-eeprom-random-number\Core\Inc\main.h
2025-11-29 22:30:23,270 [INFO] CodeEngine:265 - oldGeneratedFile, D:\STM32\Lab\Practice3-i2c-eeprom-random-number\Core\Src\main.c_save
2025-11-29 22:30:23,351 [INFO] CodeEngine:289 - Generated code: D:\STM32\Lab\Practice3-i2c-eeprom-random-number\Core\Src\main.c
2025-11-29 22:30:23,758 [INFO] ProjectBuilder:3606 - Time for Copy HAL[1] : 247mS.
2025-11-29 22:30:23,761 [INFO] ProjectBuilder:5216 - Project Generator version: 4.7.0-B52
2025-11-29 22:30:23,822 [INFO] ConfigFileManager:1595 - The Die is : DIE415
2025-11-29 22:30:24,516 [INFO] ProjectBuilder:5496 - Time for Generating toolchain IDE Files: 755mS.
2025-11-29 22:30:24,516 [INFO] ProjectBuilder:3463 - Time for Copy CMSIS : 0mS.
2025-11-29 22:30:24,566 [INFO] ProjectBuilder:3463 - Time for Copy CMSIS : 0mS.
2025-11-29 22:35:21,803 [INFO] NvicIntPanel:101 - NVIC parent = com.st.microxplorer.plugins.ip.nvic.MultiNvicIntPanel[,0,0,0x0,invalid,layout=javax.swing.BoxLayout,alignmentX=0.0,alignmentY=0.0,border=,flags=9,maximumSize=,minimumSize=,preferredSize=]
2025-11-29 22:35:23,723 [INFO] NvicIntPanel:101 - NVIC parent = com.st.microxplorer.plugins.ip.nvic.MultiNvicIntPanel[,0,0,0x0,invalid,layout=javax.swing.BoxLayout,alignmentX=0.0,alignmentY=0.0,border=,flags=9,maximumSize=,minimumSize=,preferredSize=]
2025-11-29 22:35:28,693 [INFO] NvicIntPanel:101 - NVIC parent = com.st.microxplorer.plugins.ip.nvic.MultiNvicIntPanel[,0,0,0x0,invalid,layout=javax.swing.BoxLayout,alignmentX=0.0,alignmentY=0.0,border=,flags=9,maximumSize=,minimumSize=,preferredSize=]
2025-11-29 22:35:29,569 [INFO] NvicIntPanel:101 - NVIC parent = com.st.microxplorer.plugins.ip.nvic.MultiNvicIntPanel[,0,0,0x0,invalid,layout=javax.swing.BoxLayout,alignmentX=0.0,alignmentY=0.0,border=,flags=9,maximumSize=,minimumSize=,preferredSize=]
2025-11-29 22:35:32,758 [INFO] NvicIntPanel:101 - NVIC parent = com.st.microxplorer.plugins.ip.nvic.MultiNvicIntPanel[,0,0,0x0,invalid,layout=javax.swing.BoxLayout,alignmentX=0.0,alignmentY=0.0,border=,flags=9,maximumSize=,minimumSize=,preferredSize=]
2025-11-29 22:35:34,023 [INFO] NvicIntPanel:101 - NVIC parent = com.st.microxplorer.plugins.ip.nvic.MultiNvicIntPanel[,0,0,0x0,invalid,layout=javax.swing.BoxLayout,alignmentX=0.0,alignmentY=0.0,border=,flags=9,maximumSize=,minimumSize=,preferredSize=]
2025-11-29 22:35:35,122 [INFO] NvicIntPanel:101 - NVIC parent = com.st.microxplorer.plugins.ip.nvic.MultiNvicIntPanel[,0,0,0x0,invalid,layout=javax.swing.BoxLayout,alignmentX=0.0,alignmentY=0.0,border=,flags=9,maximumSize=,minimumSize=,preferredSize=]
2025-11-29 22:35:36,405 [INFO] UtilMem:75 - End SaveConfig() Used Memory: 824048464 Bytes (1073741824)
2025-11-29 22:35:37,614 [INFO] UtilMem:75 - End SaveConfig() Used Memory: 847580720 Bytes (1073741824)
2025-11-29 22:35:38,815 [INFO] UtilMem:75 - End SaveConfig() Used Memory: 936598768 Bytes (1073741824)
2025-11-29 22:35:40,495 [INFO] BlockDiagram:2775 - set Specific Code input for plugin: FREERTOS
2025-11-29 22:35:40,495 [INFO] BlockDiagram:2775 - set Specific Code input for plugin: TIM1_8L4
2025-11-29 22:35:40,495 [INFO] BlockDiagram:2775 - set Specific Code input for plugin: SYS
2025-11-29 22:35:40,495 [INFO] BlockDiagram:2775 - set Specific Code input for plugin: RCC
2025-11-29 22:35:40,495 [INFO] BlockDiagram:2775 - set Specific Code input for plugin: I2C
2025-11-29 22:35:40,495 [INFO] BlockDiagram:2775 - set Specific Code input for plugin: NVIC
2025-11-29 22:35:40,496 [INFO] BlockDiagram:2775 - set Specific Code input for plugin: GPIO
2025-11-29 22:35:40,514 [INFO] CodeGenerator:892 - code generatio: config db path: C:\ST\STM32CubeIDE_1.19.0\STM32CubeIDE\plugins\com.st.stm32cube.common.mx_6.15.0.202507011659\\db\
2025-11-29 22:35:40,589 [INFO] CodeEngine:265 - oldGeneratedFile, D:\STM32\Lab\Practice3-i2c-eeprom-random-number\MXTmpFiles\license.tmp_save
2025-11-29 22:35:40,799 [INFO] CodeEngine:289 - Generated code: D:\STM32\Lab\Practice3-i2c-eeprom-random-number\MXTmpFiles\license.tmp
2025-11-29 22:35:40,874 [INFO] CodeEngine:265 - oldGeneratedFile, D:\STM32\Lab\Practice3-i2c-eeprom-random-number\MXTmpFiles\gpio.tmp_save
2025-11-29 22:35:41,009 [INFO] CodeEngine:289 - Generated code: D:\STM32\Lab\Practice3-i2c-eeprom-random-number\MXTmpFiles\gpio.tmp
2025-11-29 22:35:41,406 [INFO] Middleware:1452 - No code input for Bsp Dependency
2025-11-29 22:35:41,412 [INFO] CodeEngine:265 - oldGeneratedFile, D:\STM32\Lab\Practice3-i2c-eeprom-random-number\MXTmpFiles\rtos_inc.tmp_save
2025-11-29 22:35:41,507 [INFO] CodeEngine:289 - Generated code: D:\STM32\Lab\Practice3-i2c-eeprom-random-number\MXTmpFiles\rtos_inc.tmp
2025-11-29 22:35:41,517 [INFO] CodeEngine:265 - oldGeneratedFile, D:\STM32\Lab\Practice3-i2c-eeprom-random-number\MXTmpFiles\rtos_kernelInit.tmp_save
2025-11-29 22:35:41,608 [INFO] CodeEngine:289 - Generated code: D:\STM32\Lab\Practice3-i2c-eeprom-random-number\MXTmpFiles\rtos_kernelInit.tmp
2025-11-29 22:35:41,612 [INFO] CodeEngine:265 - oldGeneratedFile, D:\STM32\Lab\Practice3-i2c-eeprom-random-number\MXTmpFiles\rtos_kernelStart.tmp_save
2025-11-29 22:35:41,701 [INFO] CodeEngine:289 - Generated code: D:\STM32\Lab\Practice3-i2c-eeprom-random-number\MXTmpFiles\rtos_kernelStart.tmp
2025-11-29 22:35:41,704 [INFO] CodeEngine:265 - oldGeneratedFile, D:\STM32\Lab\Practice3-i2c-eeprom-random-number\MXTmpFiles\rtos_typedefs.tmp_save
2025-11-29 22:35:41,796 [INFO] CodeEngine:289 - Generated code: D:\STM32\Lab\Practice3-i2c-eeprom-random-number\MXTmpFiles\rtos_typedefs.tmp
2025-11-29 22:35:41,799 [INFO] CodeEngine:265 - oldGeneratedFile, D:\STM32\Lab\Practice3-i2c-eeprom-random-number\MXTmpFiles\rtos_vars.tmp_save
2025-11-29 22:35:41,880 [INFO] CodeEngine:289 - Generated code: D:\STM32\Lab\Practice3-i2c-eeprom-random-number\MXTmpFiles\rtos_vars.tmp
2025-11-29 22:35:41,884 [INFO] CodeEngine:265 - oldGeneratedFile, D:\STM32\Lab\Practice3-i2c-eeprom-random-number\MXTmpFiles\rtos_pfp.tmp_save
2025-11-29 22:35:41,951 [INFO] CodeEngine:289 - Generated code: D:\STM32\Lab\Practice3-i2c-eeprom-random-number\MXTmpFiles\rtos_pfp.tmp
2025-11-29 22:35:41,955 [INFO] CodeEngine:265 - oldGeneratedFile, D:\STM32\Lab\Practice3-i2c-eeprom-random-number\MXTmpFiles\rtos_obj_creat.tmp_save
2025-11-29 22:35:42,015 [INFO] CodeEngine:289 - Generated code: D:\STM32\Lab\Practice3-i2c-eeprom-random-number\MXTmpFiles\rtos_obj_creat.tmp
2025-11-29 22:35:42,019 [INFO] CodeEngine:265 - oldGeneratedFile, D:\STM32\Lab\Practice3-i2c-eeprom-random-number\MXTmpFiles\rtos_default_thread.tmp_save
2025-11-29 22:35:42,074 [INFO] CodeEngine:289 - Generated code: D:\STM32\Lab\Practice3-i2c-eeprom-random-number\MXTmpFiles\rtos_default_thread.tmp
2025-11-29 22:35:42,077 [INFO] CodeEngine:265 - oldGeneratedFile, D:\STM32\Lab\Practice3-i2c-eeprom-random-number\MXTmpFiles\rtos_threads.tmp_save
2025-11-29 22:35:42,129 [INFO] CodeEngine:289 - Generated code: D:\STM32\Lab\Practice3-i2c-eeprom-random-number\MXTmpFiles\rtos_threads.tmp
2025-11-29 22:35:42,142 [INFO] Middleware:1452 - No code input for Bsp Dependency
2025-11-29 22:35:42,149 [INFO] CodeEngine:265 - oldGeneratedFile, D:\STM32\Lab\Practice3-i2c-eeprom-random-number\MXTmpFiles\rtos_inc.tmp_save
2025-11-29 22:35:42,196 [INFO] CodeEngine:289 - Generated code: D:\STM32\Lab\Practice3-i2c-eeprom-random-number\MXTmpFiles\rtos_inc.tmp
2025-11-29 22:35:42,201 [INFO] CodeEngine:265 - oldGeneratedFile, D:\STM32\Lab\Practice3-i2c-eeprom-random-number\MXTmpFiles\rtos_kernelInit.tmp_save
2025-11-29 22:35:42,247 [INFO] CodeEngine:289 - Generated code: D:\STM32\Lab\Practice3-i2c-eeprom-random-number\MXTmpFiles\rtos_kernelInit.tmp
2025-11-29 22:35:42,251 [INFO] CodeEngine:265 - oldGeneratedFile, D:\STM32\Lab\Practice3-i2c-eeprom-random-number\MXTmpFiles\rtos_kernelStart.tmp_save
2025-11-29 22:35:42,296 [INFO] CodeEngine:289 - Generated code: D:\STM32\Lab\Practice3-i2c-eeprom-random-number\MXTmpFiles\rtos_kernelStart.tmp
2025-11-29 22:35:42,301 [INFO] CodeEngine:265 - oldGeneratedFile, D:\STM32\Lab\Practice3-i2c-eeprom-random-number\MXTmpFiles\rtos_typedefs.tmp_save
2025-11-29 22:35:42,348 [INFO] CodeEngine:289 - Generated code: D:\STM32\Lab\Practice3-i2c-eeprom-random-number\MXTmpFiles\rtos_typedefs.tmp
2025-11-29 22:35:42,352 [INFO] CodeEngine:265 - oldGeneratedFile, D:\STM32\Lab\Practice3-i2c-eeprom-random-number\MXTmpFiles\rtos_vars.tmp_save
2025-11-29 22:35:42,399 [INFO] CodeEngine:289 - Generated code: D:\STM32\Lab\Practice3-i2c-eeprom-random-number\MXTmpFiles\rtos_vars.tmp
2025-11-29 22:35:42,404 [INFO] CodeEngine:265 - oldGeneratedFile, D:\STM32\Lab\Practice3-i2c-eeprom-random-number\MXTmpFiles\rtos_pfp.tmp_save
2025-11-29 22:35:42,450 [INFO] CodeEngine:289 - Generated code: D:\STM32\Lab\Practice3-i2c-eeprom-random-number\MXTmpFiles\rtos_pfp.tmp
2025-11-29 22:35:42,454 [INFO] CodeEngine:265 - oldGeneratedFile, D:\STM32\Lab\Practice3-i2c-eeprom-random-number\MXTmpFiles\rtos_obj_creat.tmp_save
2025-11-29 22:35:42,500 [INFO] CodeEngine:289 - Generated code: D:\STM32\Lab\Practice3-i2c-eeprom-random-number\MXTmpFiles\rtos_obj_creat.tmp
2025-11-29 22:35:42,505 [INFO] CodeEngine:265 - oldGeneratedFile, D:\STM32\Lab\Practice3-i2c-eeprom-random-number\MXTmpFiles\rtos_default_thread.tmp_save
2025-11-29 22:35:42,550 [INFO] CodeEngine:289 - Generated code: D:\STM32\Lab\Practice3-i2c-eeprom-random-number\MXTmpFiles\rtos_default_thread.tmp
2025-11-29 22:35:42,554 [INFO] CodeEngine:265 - oldGeneratedFile, D:\STM32\Lab\Practice3-i2c-eeprom-random-number\MXTmpFiles\rtos_threads.tmp_save
2025-11-29 22:35:42,597 [INFO] CodeEngine:289 - Generated code: D:\STM32\Lab\Practice3-i2c-eeprom-random-number\MXTmpFiles\rtos_threads.tmp
2025-11-29 22:35:42,602 [INFO] CodeEngine:265 - oldGeneratedFile, D:\STM32\Lab\Practice3-i2c-eeprom-random-number\Core\Inc\FreeRTOSConfig.h_save
2025-11-29 22:35:42,664 [INFO] CodeEngine:289 - Generated code: D:\STM32\Lab\Practice3-i2c-eeprom-random-number\Core\Inc\FreeRTOSConfig.h
2025-11-29 22:35:42,668 [INFO] CodeEngine:265 - oldGeneratedFile, D:\STM32\Lab\Practice3-i2c-eeprom-random-number\Core\Src\freertos.c_save
2025-11-29 22:35:42,716 [INFO] CodeEngine:289 - Generated code: D:\STM32\Lab\Practice3-i2c-eeprom-random-number\Core\Src\freertos.c
2025-11-29 22:35:42,728 [INFO] CodeEngine:265 - oldGeneratedFile, D:\STM32\Lab\Practice3-i2c-eeprom-random-number\Core\Src\stm32l4xx_it.c_save
2025-11-29 22:35:42,786 [INFO] CodeEngine:289 - Generated code: D:\STM32\Lab\Practice3-i2c-eeprom-random-number\Core\Src\stm32l4xx_it.c
2025-11-29 22:35:42,791 [INFO] CodeEngine:265 - oldGeneratedFile, D:\STM32\Lab\Practice3-i2c-eeprom-random-number\Core\Inc\stm32l4xx_it.h_save
2025-11-29 22:35:42,837 [INFO] CodeEngine:289 - Generated code: D:\STM32\Lab\Practice3-i2c-eeprom-random-number\Core\Inc\stm32l4xx_it.h
2025-11-29 22:35:42,849 [INFO] CodeEngine:265 - oldGeneratedFile, D:\STM32\Lab\Practice3-i2c-eeprom-random-number\Core\Src\stm32l4xx_hal_msp.c_save
2025-11-29 22:35:42,942 [INFO] CodeEngine:289 - Generated code: D:\STM32\Lab\Practice3-i2c-eeprom-random-number\Core\Src\stm32l4xx_hal_msp.c
2025-11-29 22:35:42,945 [INFO] CodeEngine:265 - oldGeneratedFile, D:\STM32\Lab\Practice3-i2c-eeprom-random-number\MXTmpFiles\system.tmp_save
2025-11-29 22:35:42,987 [INFO] CodeEngine:289 - Generated code: D:\STM32\Lab\Practice3-i2c-eeprom-random-number\MXTmpFiles\system.tmp
2025-11-29 22:35:42,995 [INFO] CodeEngine:321 - oldGeneratedFile, D:\STM32\Lab\Practice3-i2c-eeprom-random-number\Core\Inc\stm32l4xx_hal_conf.h_save
2025-11-29 22:35:43,045 [INFO] CodeEngine:345 - Generated code: D:\STM32\Lab\Practice3-i2c-eeprom-random-number\Core\Inc\stm32l4xx_hal_conf.h
2025-11-29 22:35:43,065 [WARN] IPConfigManager:3811 - IP not found : TIM
2025-11-29 22:35:43,065 [WARN] CodeGenerator:4259 - IP not found : null
2025-11-29 22:35:43,071 [INFO] CodeEngine:265 - oldGeneratedFile, D:\STM32\Lab\Practice3-i2c-eeprom-random-number\Core\Inc\main.h_save
2025-11-29 22:35:43,120 [INFO] CodeEngine:289 - Generated code: D:\STM32\Lab\Practice3-i2c-eeprom-random-number\Core\Inc\main.h
2025-11-29 22:35:43,124 [INFO] CodeEngine:265 - oldGeneratedFile, D:\STM32\Lab\Practice3-i2c-eeprom-random-number\Core\Src\main.c_save
2025-11-29 22:35:43,215 [INFO] CodeEngine:289 - Generated code: D:\STM32\Lab\Practice3-i2c-eeprom-random-number\Core\Src\main.c
2025-11-29 22:35:43,672 [INFO] ProjectBuilder:3606 - Time for Copy HAL[1] : 295mS.
2025-11-29 22:35:43,675 [INFO] ProjectBuilder:5216 - Project Generator version: 4.7.0-B52
2025-11-29 22:35:43,739 [INFO] ConfigFileManager:1595 - The Die is : DIE415
2025-11-29 22:35:44,664 [INFO] ProjectBuilder:5496 - Time for Generating toolchain IDE Files: 989mS.
2025-11-29 22:35:44,664 [INFO] ProjectBuilder:3463 - Time for Copy CMSIS : 0mS.
2025-11-29 22:35:44,670 [INFO] ProjectBuilder:3463 - Time for Copy CMSIS : 0mS.
2025-11-29 22:37:50,988 [INFO] UtilMem:75 - End SaveConfig() Used Memory: 851730304 Bytes (1073741824)
2025-11-29 22:37:52,218 [INFO] UtilMem:75 - End SaveConfig() Used Memory: 875826096 Bytes (1073741824)
2025-11-29 22:37:53,888 [INFO] UtilMem:75 - End SaveConfig() Used Memory: 926553904 Bytes (1073741824)
2025-11-29 22:37:55,737 [INFO] BlockDiagram:2775 - set Specific Code input for plugin: FREERTOS
2025-11-29 22:37:55,737 [INFO] BlockDiagram:2775 - set Specific Code input for plugin: TIM1_8L4
2025-11-29 22:37:55,737 [INFO] BlockDiagram:2775 - set Specific Code input for plugin: SYS
2025-11-29 22:37:55,737 [INFO] BlockDiagram:2775 - set Specific Code input for plugin: RCC
2025-11-29 22:37:55,737 [INFO] BlockDiagram:2775 - set Specific Code input for plugin: I2C
2025-11-29 22:37:55,738 [INFO] BlockDiagram:2775 - set Specific Code input for plugin: NVIC
2025-11-29 22:37:55,738 [INFO] BlockDiagram:2775 - set Specific Code input for plugin: GPIO
2025-11-29 22:37:55,739 [INFO] CodeGenerator:892 - code generatio: config db path: C:\ST\STM32CubeIDE_1.19.0\STM32CubeIDE\plugins\com.st.stm32cube.common.mx_6.15.0.202507011659\\db\
2025-11-29 22:37:55,814 [INFO] CodeEngine:265 - oldGeneratedFile, D:\STM32\Lab\Practice3-i2c-eeprom-random-number\MXTmpFiles\license.tmp_save
2025-11-29 22:37:56,021 [INFO] CodeEngine:289 - Generated code: D:\STM32\Lab\Practice3-i2c-eeprom-random-number\MXTmpFiles\license.tmp
2025-11-29 22:37:56,105 [INFO] CodeEngine:265 - oldGeneratedFile, D:\STM32\Lab\Practice3-i2c-eeprom-random-number\MXTmpFiles\gpio.tmp_save
2025-11-29 22:37:56,244 [INFO] CodeEngine:289 - Generated code: D:\STM32\Lab\Practice3-i2c-eeprom-random-number\MXTmpFiles\gpio.tmp
2025-11-29 22:37:56,678 [INFO] Middleware:1452 - No code input for Bsp Dependency
2025-11-29 22:37:56,693 [INFO] CodeEngine:265 - oldGeneratedFile, D:\STM32\Lab\Practice3-i2c-eeprom-random-number\MXTmpFiles\rtos_inc.tmp_save
2025-11-29 22:37:56,812 [INFO] CodeEngine:289 - Generated code: D:\STM32\Lab\Practice3-i2c-eeprom-random-number\MXTmpFiles\rtos_inc.tmp
2025-11-29 22:37:56,816 [INFO] CodeEngine:265 - oldGeneratedFile, D:\STM32\Lab\Practice3-i2c-eeprom-random-number\MXTmpFiles\rtos_kernelInit.tmp_save
2025-11-29 22:37:56,910 [INFO] CodeEngine:289 - Generated code: D:\STM32\Lab\Practice3-i2c-eeprom-random-number\MXTmpFiles\rtos_kernelInit.tmp
2025-11-29 22:37:56,914 [INFO] CodeEngine:265 - oldGeneratedFile, D:\STM32\Lab\Practice3-i2c-eeprom-random-number\MXTmpFiles\rtos_kernelStart.tmp_save
2025-11-29 22:37:57,006 [INFO] CodeEngine:289 - Generated code: D:\STM32\Lab\Practice3-i2c-eeprom-random-number\MXTmpFiles\rtos_kernelStart.tmp
2025-11-29 22:37:57,010 [INFO] CodeEngine:265 - oldGeneratedFile, D:\STM32\Lab\Practice3-i2c-eeprom-random-number\MXTmpFiles\rtos_typedefs.tmp_save
2025-11-29 22:37:57,103 [INFO] CodeEngine:289 - Generated code: D:\STM32\Lab\Practice3-i2c-eeprom-random-number\MXTmpFiles\rtos_typedefs.tmp
2025-11-29 22:37:57,107 [INFO] CodeEngine:265 - oldGeneratedFile, D:\STM32\Lab\Practice3-i2c-eeprom-random-number\MXTmpFiles\rtos_vars.tmp_save
2025-11-29 22:37:57,184 [INFO] CodeEngine:289 - Generated code: D:\STM32\Lab\Practice3-i2c-eeprom-random-number\MXTmpFiles\rtos_vars.tmp
2025-11-29 22:37:57,188 [INFO] CodeEngine:265 - oldGeneratedFile, D:\STM32\Lab\Practice3-i2c-eeprom-random-number\MXTmpFiles\rtos_pfp.tmp_save
2025-11-29 22:37:57,249 [INFO] CodeEngine:289 - Generated code: D:\STM32\Lab\Practice3-i2c-eeprom-random-number\MXTmpFiles\rtos_pfp.tmp
2025-11-29 22:37:57,253 [INFO] CodeEngine:265 - oldGeneratedFile, D:\STM32\Lab\Practice3-i2c-eeprom-random-number\MXTmpFiles\rtos_obj_creat.tmp_save
2025-11-29 22:37:57,312 [INFO] CodeEngine:289 - Generated code: D:\STM32\Lab\Practice3-i2c-eeprom-random-number\MXTmpFiles\rtos_obj_creat.tmp
2025-11-29 22:37:57,316 [INFO] CodeEngine:265 - oldGeneratedFile, D:\STM32\Lab\Practice3-i2c-eeprom-random-number\MXTmpFiles\rtos_default_thread.tmp_save
2025-11-29 22:37:57,370 [INFO] CodeEngine:289 - Generated code: D:\STM32\Lab\Practice3-i2c-eeprom-random-number\MXTmpFiles\rtos_default_thread.tmp
2025-11-29 22:37:57,374 [INFO] CodeEngine:265 - oldGeneratedFile, D:\STM32\Lab\Practice3-i2c-eeprom-random-number\MXTmpFiles\rtos_threads.tmp_save
2025-11-29 22:37:57,427 [INFO] CodeEngine:289 - Generated code: D:\STM32\Lab\Practice3-i2c-eeprom-random-number\MXTmpFiles\rtos_threads.tmp
2025-11-29 22:37:57,439 [INFO] Middleware:1452 - No code input for Bsp Dependency
2025-11-29 22:37:57,446 [INFO] CodeEngine:265 - oldGeneratedFile, D:\STM32\Lab\Practice3-i2c-eeprom-random-number\MXTmpFiles\rtos_inc.tmp_save
2025-11-29 22:37:57,495 [INFO] CodeEngine:289 - Generated code: D:\STM32\Lab\Practice3-i2c-eeprom-random-number\MXTmpFiles\rtos_inc.tmp
2025-11-29 22:37:57,500 [INFO] CodeEngine:265 - oldGeneratedFile, D:\STM32\Lab\Practice3-i2c-eeprom-random-number\MXTmpFiles\rtos_kernelInit.tmp_save
2025-11-29 22:37:57,547 [INFO] CodeEngine:289 - Generated code: D:\STM32\Lab\Practice3-i2c-eeprom-random-number\MXTmpFiles\rtos_kernelInit.tmp
2025-11-29 22:37:57,551 [INFO] CodeEngine:265 - oldGeneratedFile, D:\STM32\Lab\Practice3-i2c-eeprom-random-number\MXTmpFiles\rtos_kernelStart.tmp_save
2025-11-29 22:37:57,597 [INFO] CodeEngine:289 - Generated code: D:\STM32\Lab\Practice3-i2c-eeprom-random-number\MXTmpFiles\rtos_kernelStart.tmp
2025-11-29 22:37:57,602 [INFO] CodeEngine:265 - oldGeneratedFile, D:\STM32\Lab\Practice3-i2c-eeprom-random-number\MXTmpFiles\rtos_typedefs.tmp_save
2025-11-29 22:37:57,647 [INFO] CodeEngine:289 - Generated code: D:\STM32\Lab\Practice3-i2c-eeprom-random-number\MXTmpFiles\rtos_typedefs.tmp
2025-11-29 22:37:57,652 [INFO] CodeEngine:265 - oldGeneratedFile, D:\STM32\Lab\Practice3-i2c-eeprom-random-number\MXTmpFiles\rtos_vars.tmp_save
2025-11-29 22:37:57,698 [INFO] CodeEngine:289 - Generated code: D:\STM32\Lab\Practice3-i2c-eeprom-random-number\MXTmpFiles\rtos_vars.tmp
2025-11-29 22:37:57,703 [INFO] CodeEngine:265 - oldGeneratedFile, D:\STM32\Lab\Practice3-i2c-eeprom-random-number\MXTmpFiles\rtos_pfp.tmp_save
2025-11-29 22:37:57,748 [INFO] CodeEngine:289 - Generated code: D:\STM32\Lab\Practice3-i2c-eeprom-random-number\MXTmpFiles\rtos_pfp.tmp
2025-11-29 22:37:57,753 [INFO] CodeEngine:265 - oldGeneratedFile, D:\STM32\Lab\Practice3-i2c-eeprom-random-number\MXTmpFiles\rtos_obj_creat.tmp_save
2025-11-29 22:37:57,799 [INFO] CodeEngine:289 - Generated code: D:\STM32\Lab\Practice3-i2c-eeprom-random-number\MXTmpFiles\rtos_obj_creat.tmp
2025-11-29 22:37:57,805 [INFO] CodeEngine:265 - oldGeneratedFile, D:\STM32\Lab\Practice3-i2c-eeprom-random-number\MXTmpFiles\rtos_default_thread.tmp_save
2025-11-29 22:37:57,854 [INFO] CodeEngine:289 - Generated code: D:\STM32\Lab\Practice3-i2c-eeprom-random-number\MXTmpFiles\rtos_default_thread.tmp
2025-11-29 22:37:57,859 [INFO] CodeEngine:265 - oldGeneratedFile, D:\STM32\Lab\Practice3-i2c-eeprom-random-number\MXTmpFiles\rtos_threads.tmp_save
2025-11-29 22:37:57,902 [INFO] CodeEngine:289 - Generated code: D:\STM32\Lab\Practice3-i2c-eeprom-random-number\MXTmpFiles\rtos_threads.tmp
2025-11-29 22:37:57,907 [INFO] CodeEngine:265 - oldGeneratedFile, D:\STM32\Lab\Practice3-i2c-eeprom-random-number\Core\Inc\FreeRTOSConfig.h_save
2025-11-29 22:37:57,969 [INFO] CodeEngine:289 - Generated code: D:\STM32\Lab\Practice3-i2c-eeprom-random-number\Core\Inc\FreeRTOSConfig.h
2025-11-29 22:37:57,973 [INFO] CodeEngine:265 - oldGeneratedFile, D:\STM32\Lab\Practice3-i2c-eeprom-random-number\Core\Src\freertos.c_save
2025-11-29 22:37:58,022 [INFO] CodeEngine:289 - Generated code: D:\STM32\Lab\Practice3-i2c-eeprom-random-number\Core\Src\freertos.c
2025-11-29 22:37:58,035 [INFO] CodeEngine:265 - oldGeneratedFile, D:\STM32\Lab\Practice3-i2c-eeprom-random-number\Core\Src\stm32l4xx_it.c_save
2025-11-29 22:37:58,086 [INFO] CodeEngine:289 - Generated code: D:\STM32\Lab\Practice3-i2c-eeprom-random-number\Core\Src\stm32l4xx_it.c
2025-11-29 22:37:58,091 [INFO] CodeEngine:265 - oldGeneratedFile, D:\STM32\Lab\Practice3-i2c-eeprom-random-number\Core\Inc\stm32l4xx_it.h_save
2025-11-29 22:37:58,143 [INFO] CodeEngine:289 - Generated code: D:\STM32\Lab\Practice3-i2c-eeprom-random-number\Core\Inc\stm32l4xx_it.h
2025-11-29 22:37:58,154 [INFO] CodeEngine:265 - oldGeneratedFile, D:\STM32\Lab\Practice3-i2c-eeprom-random-number\Core\Src\stm32l4xx_hal_msp.c_save
2025-11-29 22:37:58,230 [INFO] CodeEngine:289 - Generated code: D:\STM32\Lab\Practice3-i2c-eeprom-random-number\Core\Src\stm32l4xx_hal_msp.c
2025-11-29 22:37:58,234 [INFO] CodeEngine:265 - oldGeneratedFile, D:\STM32\Lab\Practice3-i2c-eeprom-random-number\MXTmpFiles\system.tmp_save
2025-11-29 22:37:58,282 [INFO] CodeEngine:289 - Generated code: D:\STM32\Lab\Practice3-i2c-eeprom-random-number\MXTmpFiles\system.tmp
2025-11-29 22:37:58,293 [INFO] CodeEngine:321 - oldGeneratedFile, D:\STM32\Lab\Practice3-i2c-eeprom-random-number\Core\Inc\stm32l4xx_hal_conf.h_save
2025-11-29 22:37:58,346 [INFO] CodeEngine:345 - Generated code: D:\STM32\Lab\Practice3-i2c-eeprom-random-number\Core\Inc\stm32l4xx_hal_conf.h
2025-11-29 22:37:58,369 [WARN] IPConfigManager:3811 - IP not found : TIM
2025-11-29 22:37:58,369 [WARN] CodeGenerator:4259 - IP not found : null
2025-11-29 22:37:58,376 [INFO] CodeEngine:265 - oldGeneratedFile, D:\STM32\Lab\Practice3-i2c-eeprom-random-number\Core\Inc\main.h_save
2025-11-29 22:37:58,434 [INFO] CodeEngine:289 - Generated code: D:\STM32\Lab\Practice3-i2c-eeprom-random-number\Core\Inc\main.h
2025-11-29 22:37:58,452 [INFO] CodeEngine:265 - oldGeneratedFile, D:\STM32\Lab\Practice3-i2c-eeprom-random-number\Core\Src\main.c_save
2025-11-29 22:37:58,554 [INFO] CodeEngine:289 - Generated code: D:\STM32\Lab\Practice3-i2c-eeprom-random-number\Core\Src\main.c
2025-11-29 22:37:58,924 [INFO] ProjectBuilder:3606 - Time for Copy HAL[1] : 222mS.
2025-11-29 22:37:58,928 [INFO] ProjectBuilder:5216 - Project Generator version: 4.7.0-B52
2025-11-29 22:37:58,995 [INFO] ConfigFileManager:1595 - The Die is : DIE415
2025-11-29 22:37:59,891 [INFO] ProjectBuilder:5496 - Time for Generating toolchain IDE Files: 963mS.
2025-11-29 22:37:59,891 [INFO] ProjectBuilder:3463 - Time for Copy CMSIS : 0mS.
2025-11-29 22:37:59,897 [INFO] ProjectBuilder:3463 - Time for Copy CMSIS : 0mS.
2025-11-29 22:38:05,573 [INFO] NvicIntPanel:101 - NVIC parent = com.st.microxplorer.plugins.ip.nvic.MultiNvicIntPanel[,0,0,665x220,layout=javax.swing.BoxLayout,alignmentX=0.0,alignmentY=0.0,border=,flags=9,maximumSize=,minimumSize=,preferredSize=]
2025-11-29 22:39:51,725 [INFO] NvicIntPanel:101 - NVIC parent = com.st.microxplorer.plugins.ip.nvic.MultiNvicIntPanel[,0,0,0x0,invalid,layout=javax.swing.BoxLayout,alignmentX=0.0,alignmentY=0.0,border=,flags=9,maximumSize=,minimumSize=,preferredSize=]
2025-11-29 22:39:53,978 [INFO] NvicIntPanel:101 - NVIC parent = com.st.microxplorer.plugins.ip.nvic.MultiNvicIntPanel[,0,0,0x0,invalid,layout=javax.swing.BoxLayout,alignmentX=0.0,alignmentY=0.0,border=,flags=9,maximumSize=,minimumSize=,preferredSize=]
2025-11-29 22:39:55,701 [INFO] NvicIntPanel:101 - NVIC parent = com.st.microxplorer.plugins.ip.nvic.MultiNvicIntPanel[,0,0,0x0,invalid,layout=javax.swing.BoxLayout,alignmentX=0.0,alignmentY=0.0,border=,flags=9,maximumSize=,minimumSize=,preferredSize=]
2025-11-29 22:39:57,130 [INFO] NvicIntPanel:101 - NVIC parent = com.st.microxplorer.plugins.ip.nvic.MultiNvicIntPanel[,0,0,0x0,invalid,layout=javax.swing.BoxLayout,alignmentX=0.0,alignmentY=0.0,border=,flags=9,maximumSize=,minimumSize=,preferredSize=]
2025-11-29 22:40:04,056 [INFO] NvicIntPanel:101 - NVIC parent = com.st.microxplorer.plugins.ip.nvic.MultiNvicIntPanel[,0,0,0x0,invalid,layout=javax.swing.BoxLayout,alignmentX=0.0,alignmentY=0.0,border=,flags=9,maximumSize=,minimumSize=,preferredSize=]
2025-11-29 22:40:14,090 [INFO] NvicIntPanel:101 - NVIC parent = com.st.microxplorer.plugins.ip.nvic.MultiNvicIntPanel[,0,0,0x0,invalid,layout=javax.swing.BoxLayout,alignmentX=0.0,alignmentY=0.0,border=,flags=9,maximumSize=,minimumSize=,preferredSize=]
2025-11-29 22:40:17,193 [INFO] NvicIntPanel:101 - NVIC parent = com.st.microxplorer.plugins.ip.nvic.MultiNvicIntPanel[,0,0,0x0,invalid,layout=javax.swing.BoxLayout,alignmentX=0.0,alignmentY=0.0,border=,flags=9,maximumSize=,minimumSize=,preferredSize=]
2025-11-29 22:40:19,579 [INFO] NvicIntPanel:101 - NVIC parent = com.st.microxplorer.plugins.ip.nvic.MultiNvicIntPanel[,0,0,0x0,invalid,layout=javax.swing.BoxLayout,alignmentX=0.0,alignmentY=0.0,border=,flags=9,maximumSize=,minimumSize=,preferredSize=]
2025-11-29 22:40:23,699 [INFO] NvicIntPanel:101 - NVIC parent = com.st.microxplorer.plugins.ip.nvic.MultiNvicIntPanel[,0,0,0x0,invalid,layout=javax.swing.BoxLayout,alignmentX=0.0,alignmentY=0.0,border=,flags=9,maximumSize=,minimumSize=,preferredSize=]
2025-11-29 22:40:26,205 [INFO] NvicIntPanel:101 - NVIC parent = com.st.microxplorer.plugins.ip.nvic.MultiNvicIntPanel[,0,0,0x0,invalid,layout=javax.swing.BoxLayout,alignmentX=0.0,alignmentY=0.0,border=,flags=9,maximumSize=,minimumSize=,preferredSize=]
2025-11-29 22:40:36,118 [INFO] UtilMem:75 - End SaveConfig() Used Memory: 844214328 Bytes (1073741824)
2025-11-29 22:40:37,447 [INFO] UtilMem:75 - End SaveConfig() Used Memory: 875152656 Bytes (1073741824)
2025-11-29 22:40:39,799 [INFO] UtilMem:75 - End SaveConfig() Used Memory: 922053360 Bytes (1073741824)
2025-11-29 22:40:41,763 [INFO] BlockDiagram:2775 - set Specific Code input for plugin: FREERTOS
2025-11-29 22:40:41,763 [INFO] BlockDiagram:2775 - set Specific Code input for plugin: TIM1_8L4
2025-11-29 22:40:41,763 [INFO] BlockDiagram:2775 - set Specific Code input for plugin: SYS
2025-11-29 22:40:41,763 [INFO] BlockDiagram:2775 - set Specific Code input for plugin: RCC
2025-11-29 22:40:41,763 [INFO] BlockDiagram:2775 - set Specific Code input for plugin: I2C
2025-11-29 22:40:41,763 [INFO] BlockDiagram:2775 - set Specific Code input for plugin: NVIC
2025-11-29 22:40:41,764 [INFO] BlockDiagram:2775 - set Specific Code input for plugin: GPIO
2025-11-29 22:40:41,764 [INFO] CodeGenerator:892 - code generatio: config db path: C:\ST\STM32CubeIDE_1.19.0\STM32CubeIDE\plugins\com.st.stm32cube.common.mx_6.15.0.202507011659\\db\
2025-11-29 22:40:41,838 [INFO] CodeEngine:265 - oldGeneratedFile, D:\STM32\Lab\Practice3-i2c-eeprom-random-number\MXTmpFiles\license.tmp_save
2025-11-29 22:40:42,048 [INFO] CodeEngine:289 - Generated code: D:\STM32\Lab\Practice3-i2c-eeprom-random-number\MXTmpFiles\license.tmp
2025-11-29 22:40:42,129 [INFO] CodeEngine:265 - oldGeneratedFile, D:\STM32\Lab\Practice3-i2c-eeprom-random-number\MXTmpFiles\gpio.tmp_save
2025-11-29 22:40:42,247 [INFO] CodeEngine:289 - Generated code: D:\STM32\Lab\Practice3-i2c-eeprom-random-number\MXTmpFiles\gpio.tmp
2025-11-29 22:40:42,589 [INFO] Middleware:1452 - No code input for Bsp Dependency
2025-11-29 22:40:42,602 [INFO] CodeEngine:265 - oldGeneratedFile, D:\STM32\Lab\Practice3-i2c-eeprom-random-number\MXTmpFiles\rtos_inc.tmp_save
2025-11-29 22:40:42,700 [INFO] CodeEngine:289 - Generated code: D:\STM32\Lab\Practice3-i2c-eeprom-random-number\MXTmpFiles\rtos_inc.tmp
2025-11-29 22:40:42,703 [INFO] CodeEngine:265 - oldGeneratedFile, D:\STM32\Lab\Practice3-i2c-eeprom-random-number\MXTmpFiles\rtos_kernelInit.tmp_save
2025-11-29 22:40:42,798 [INFO] CodeEngine:289 - Generated code: D:\STM32\Lab\Practice3-i2c-eeprom-random-number\MXTmpFiles\rtos_kernelInit.tmp
2025-11-29 22:40:42,802 [INFO] CodeEngine:265 - oldGeneratedFile, D:\STM32\Lab\Practice3-i2c-eeprom-random-number\MXTmpFiles\rtos_kernelStart.tmp_save
2025-11-29 22:40:42,894 [INFO] CodeEngine:289 - Generated code: D:\STM32\Lab\Practice3-i2c-eeprom-random-number\MXTmpFiles\rtos_kernelStart.tmp
2025-11-29 22:40:42,899 [INFO] CodeEngine:265 - oldGeneratedFile, D:\STM32\Lab\Practice3-i2c-eeprom-random-number\MXTmpFiles\rtos_typedefs.tmp_save
2025-11-29 22:40:42,985 [INFO] CodeEngine:289 - Generated code: D:\STM32\Lab\Practice3-i2c-eeprom-random-number\MXTmpFiles\rtos_typedefs.tmp
2025-11-29 22:40:42,988 [INFO] CodeEngine:265 - oldGeneratedFile, D:\STM32\Lab\Practice3-i2c-eeprom-random-number\MXTmpFiles\rtos_vars.tmp_save
2025-11-29 22:40:43,060 [INFO] CodeEngine:289 - Generated code: D:\STM32\Lab\Practice3-i2c-eeprom-random-number\MXTmpFiles\rtos_vars.tmp
2025-11-29 22:40:43,064 [INFO] CodeEngine:265 - oldGeneratedFile, D:\STM32\Lab\Practice3-i2c-eeprom-random-number\MXTmpFiles\rtos_pfp.tmp_save
2025-11-29 22:40:43,125 [INFO] CodeEngine:289 - Generated code: D:\STM32\Lab\Practice3-i2c-eeprom-random-number\MXTmpFiles\rtos_pfp.tmp
2025-11-29 22:40:43,129 [INFO] CodeEngine:265 - oldGeneratedFile, D:\STM32\Lab\Practice3-i2c-eeprom-random-number\MXTmpFiles\rtos_obj_creat.tmp_save
2025-11-29 22:40:43,188 [INFO] CodeEngine:289 - Generated code: D:\STM32\Lab\Practice3-i2c-eeprom-random-number\MXTmpFiles\rtos_obj_creat.tmp
2025-11-29 22:40:43,192 [INFO] CodeEngine:265 - oldGeneratedFile, D:\STM32\Lab\Practice3-i2c-eeprom-random-number\MXTmpFiles\rtos_default_thread.tmp_save
2025-11-29 22:40:43,248 [INFO] CodeEngine:289 - Generated code: D:\STM32\Lab\Practice3-i2c-eeprom-random-number\MXTmpFiles\rtos_default_thread.tmp
2025-11-29 22:40:43,252 [INFO] CodeEngine:265 - oldGeneratedFile, D:\STM32\Lab\Practice3-i2c-eeprom-random-number\MXTmpFiles\rtos_threads.tmp_save
2025-11-29 22:40:43,305 [INFO] CodeEngine:289 - Generated code: D:\STM32\Lab\Practice3-i2c-eeprom-random-number\MXTmpFiles\rtos_threads.tmp
2025-11-29 22:40:43,317 [INFO] Middleware:1452 - No code input for Bsp Dependency
2025-11-29 22:40:43,324 [INFO] CodeEngine:265 - oldGeneratedFile, D:\STM32\Lab\Practice3-i2c-eeprom-random-number\MXTmpFiles\rtos_inc.tmp_save
2025-11-29 22:40:43,371 [INFO] CodeEngine:289 - Generated code: D:\STM32\Lab\Practice3-i2c-eeprom-random-number\MXTmpFiles\rtos_inc.tmp
2025-11-29 22:40:43,376 [INFO] CodeEngine:265 - oldGeneratedFile, D:\STM32\Lab\Practice3-i2c-eeprom-random-number\MXTmpFiles\rtos_kernelInit.tmp_save
2025-11-29 22:40:43,423 [INFO] CodeEngine:289 - Generated code: D:\STM32\Lab\Practice3-i2c-eeprom-random-number\MXTmpFiles\rtos_kernelInit.tmp
2025-11-29 22:40:43,428 [INFO] CodeEngine:265 - oldGeneratedFile, D:\STM32\Lab\Practice3-i2c-eeprom-random-number\MXTmpFiles\rtos_kernelStart.tmp_save
2025-11-29 22:40:43,473 [INFO] CodeEngine:289 - Generated code: D:\STM32\Lab\Practice3-i2c-eeprom-random-number\MXTmpFiles\rtos_kernelStart.tmp
2025-11-29 22:40:43,478 [INFO] CodeEngine:265 - oldGeneratedFile, D:\STM32\Lab\Practice3-i2c-eeprom-random-number\MXTmpFiles\rtos_typedefs.tmp_save
2025-11-29 22:40:43,523 [INFO] CodeEngine:289 - Generated code: D:\STM32\Lab\Practice3-i2c-eeprom-random-number\MXTmpFiles\rtos_typedefs.tmp
2025-11-29 22:40:43,528 [INFO] CodeEngine:265 - oldGeneratedFile, D:\STM32\Lab\Practice3-i2c-eeprom-random-number\MXTmpFiles\rtos_vars.tmp_save
2025-11-29 22:40:43,576 [INFO] CodeEngine:289 - Generated code: D:\STM32\Lab\Practice3-i2c-eeprom-random-number\MXTmpFiles\rtos_vars.tmp
2025-11-29 22:40:43,581 [INFO] CodeEngine:265 - oldGeneratedFile, D:\STM32\Lab\Practice3-i2c-eeprom-random-number\MXTmpFiles\rtos_pfp.tmp_save
2025-11-29 22:40:43,626 [INFO] CodeEngine:289 - Generated code: D:\STM32\Lab\Practice3-i2c-eeprom-random-number\MXTmpFiles\rtos_pfp.tmp
2025-11-29 22:40:43,630 [INFO] CodeEngine:265 - oldGeneratedFile, D:\STM32\Lab\Practice3-i2c-eeprom-random-number\MXTmpFiles\rtos_obj_creat.tmp_save
2025-11-29 22:40:43,677 [INFO] CodeEngine:289 - Generated code: D:\STM32\Lab\Practice3-i2c-eeprom-random-number\MXTmpFiles\rtos_obj_creat.tmp
2025-11-29 22:40:43,682 [INFO] CodeEngine:265 - oldGeneratedFile, D:\STM32\Lab\Practice3-i2c-eeprom-random-number\MXTmpFiles\rtos_default_thread.tmp_save
2025-11-29 22:40:43,727 [INFO] CodeEngine:289 - Generated code: D:\STM32\Lab\Practice3-i2c-eeprom-random-number\MXTmpFiles\rtos_default_thread.tmp
2025-11-29 22:40:43,732 [INFO] CodeEngine:265 - oldGeneratedFile, D:\STM32\Lab\Practice3-i2c-eeprom-random-number\MXTmpFiles\rtos_threads.tmp_save
2025-11-29 22:40:43,776 [INFO] CodeEngine:289 - Generated code: D:\STM32\Lab\Practice3-i2c-eeprom-random-number\MXTmpFiles\rtos_threads.tmp
2025-11-29 22:40:43,782 [INFO] CodeEngine:265 - oldGeneratedFile, D:\STM32\Lab\Practice3-i2c-eeprom-random-number\Core\Inc\FreeRTOSConfig.h_save
2025-11-29 22:40:43,843 [INFO] CodeEngine:289 - Generated code: D:\STM32\Lab\Practice3-i2c-eeprom-random-number\Core\Inc\FreeRTOSConfig.h
2025-11-29 22:40:43,847 [INFO] CodeEngine:265 - oldGeneratedFile, D:\STM32\Lab\Practice3-i2c-eeprom-random-number\Core\Src\freertos.c_save
2025-11-29 22:40:43,896 [INFO] CodeEngine:289 - Generated code: D:\STM32\Lab\Practice3-i2c-eeprom-random-number\Core\Src\freertos.c
2025-11-29 22:40:43,909 [INFO] CodeEngine:265 - oldGeneratedFile, D:\STM32\Lab\Practice3-i2c-eeprom-random-number\Core\Src\stm32l4xx_it.c_save
2025-11-29 22:40:43,961 [INFO] CodeEngine:289 - Generated code: D:\STM32\Lab\Practice3-i2c-eeprom-random-number\Core\Src\stm32l4xx_it.c
2025-11-29 22:40:43,966 [INFO] CodeEngine:265 - oldGeneratedFile, D:\STM32\Lab\Practice3-i2c-eeprom-random-number\Core\Inc\stm32l4xx_it.h_save
2025-11-29 22:40:44,012 [INFO] CodeEngine:289 - Generated code: D:\STM32\Lab\Practice3-i2c-eeprom-random-number\Core\Inc\stm32l4xx_it.h
2025-11-29 22:40:44,024 [INFO] CodeEngine:265 - oldGeneratedFile, D:\STM32\Lab\Practice3-i2c-eeprom-random-number\Core\Src\stm32l4xx_hal_msp.c_save
2025-11-29 22:40:44,098 [INFO] CodeEngine:289 - Generated code: D:\STM32\Lab\Practice3-i2c-eeprom-random-number\Core\Src\stm32l4xx_hal_msp.c
2025-11-29 22:40:44,101 [INFO] CodeEngine:265 - oldGeneratedFile, D:\STM32\Lab\Practice3-i2c-eeprom-random-number\MXTmpFiles\system.tmp_save
2025-11-29 22:40:44,144 [INFO] CodeEngine:289 - Generated code: D:\STM32\Lab\Practice3-i2c-eeprom-random-number\MXTmpFiles\system.tmp
2025-11-29 22:40:44,152 [INFO] CodeEngine:321 - oldGeneratedFile, D:\STM32\Lab\Practice3-i2c-eeprom-random-number\Core\Inc\stm32l4xx_hal_conf.h_save
2025-11-29 22:40:44,206 [INFO] CodeEngine:345 - Generated code: D:\STM32\Lab\Practice3-i2c-eeprom-random-number\Core\Inc\stm32l4xx_hal_conf.h
2025-11-29 22:40:44,227 [WARN] IPConfigManager:3811 - IP not found : TIM
2025-11-29 22:40:44,228 [WARN] CodeGenerator:4259 - IP not found : null
2025-11-29 22:40:44,234 [INFO] CodeEngine:265 - oldGeneratedFile, D:\STM32\Lab\Practice3-i2c-eeprom-random-number\Core\Inc\main.h_save
2025-11-29 22:40:44,283 [INFO] CodeEngine:289 - Generated code: D:\STM32\Lab\Practice3-i2c-eeprom-random-number\Core\Inc\main.h
2025-11-29 22:40:44,288 [INFO] CodeEngine:265 - oldGeneratedFile, D:\STM32\Lab\Practice3-i2c-eeprom-random-number\Core\Src\main.c_save
2025-11-29 22:40:44,383 [INFO] CodeEngine:289 - Generated code: D:\STM32\Lab\Practice3-i2c-eeprom-random-number\Core\Src\main.c
2025-11-29 22:40:44,787 [INFO] ProjectBuilder:3606 - Time for Copy HAL[1] : 241mS.
2025-11-29 22:40:44,790 [INFO] ProjectBuilder:5216 - Project Generator version: 4.7.0-B52
2025-11-29 22:40:44,858 [INFO] ConfigFileManager:1595 - The Die is : DIE415
2025-11-29 22:40:45,764 [INFO] ProjectBuilder:5496 - Time for Generating toolchain IDE Files: 974mS.
2025-11-29 22:40:45,765 [INFO] ProjectBuilder:3463 - Time for Copy CMSIS : 1mS.
2025-11-29 22:40:45,769 [INFO] ProjectBuilder:3463 - Time for Copy CMSIS : 0mS.
2025-11-29 22:44:13,797 [INFO] NvicIntPanel:101 - NVIC parent = com.st.microxplorer.plugins.ip.nvic.MultiNvicIntPanel[,0,0,665x220,layout=javax.swing.BoxLayout,alignmentX=0.0,alignmentY=0.0,border=,flags=9,maximumSize=,minimumSize=,preferredSize=]
2025-11-29 22:44:15,290 [INFO] UtilMem:75 - End SaveConfig() Used Memory: 843695992 Bytes (1073741824)
2025-11-29 22:44:16,651 [INFO] UtilMem:75 - End SaveConfig() Used Memory: 870997104 Bytes (1073741824)
2025-11-29 22:44:17,950 [INFO] UtilMem:75 - End SaveConfig() Used Memory: 924827560 Bytes (1073741824)
2025-11-29 22:44:19,978 [INFO] BlockDiagram:2775 - set Specific Code input for plugin: FREERTOS
2025-11-29 22:44:19,979 [INFO] BlockDiagram:2775 - set Specific Code input for plugin: TIM1_8L4
2025-11-29 22:44:19,979 [INFO] BlockDiagram:2775 - set Specific Code input for plugin: SYS
2025-11-29 22:44:19,979 [INFO] BlockDiagram:2775 - set Specific Code input for plugin: RCC
2025-11-29 22:44:19,979 [INFO] BlockDiagram:2775 - set Specific Code input for plugin: I2C
2025-11-29 22:44:19,979 [INFO] BlockDiagram:2775 - set Specific Code input for plugin: NVIC
2025-11-29 22:44:19,979 [INFO] BlockDiagram:2775 - set Specific Code input for plugin: GPIO
2025-11-29 22:44:19,980 [INFO] CodeGenerator:892 - code generatio: config db path: C:\ST\STM32CubeIDE_1.19.0\STM32CubeIDE\plugins\com.st.stm32cube.common.mx_6.15.0.202507011659\\db\
2025-11-29 22:44:20,051 [INFO] CodeEngine:265 - oldGeneratedFile, D:\STM32\Lab\Practice3-i2c-eeprom-random-number\MXTmpFiles\license.tmp_save
2025-11-29 22:44:20,262 [INFO] CodeEngine:289 - Generated code: D:\STM32\Lab\Practice3-i2c-eeprom-random-number\MXTmpFiles\license.tmp
2025-11-29 22:44:20,313 [INFO] CodeEngine:265 - oldGeneratedFile, D:\STM32\Lab\Practice3-i2c-eeprom-random-number\MXTmpFiles\gpio.tmp_save
2025-11-29 22:44:20,450 [INFO] CodeEngine:289 - Generated code: D:\STM32\Lab\Practice3-i2c-eeprom-random-number\MXTmpFiles\gpio.tmp
2025-11-29 22:44:20,749 [INFO] Middleware:1452 - No code input for Bsp Dependency
2025-11-29 22:44:20,760 [INFO] CodeEngine:265 - oldGeneratedFile, D:\STM32\Lab\Practice3-i2c-eeprom-random-number\MXTmpFiles\rtos_inc.tmp_save
2025-11-29 22:44:20,857 [INFO] CodeEngine:289 - Generated code: D:\STM32\Lab\Practice3-i2c-eeprom-random-number\MXTmpFiles\rtos_inc.tmp
2025-11-29 22:44:20,861 [INFO] CodeEngine:265 - oldGeneratedFile, D:\STM32\Lab\Practice3-i2c-eeprom-random-number\MXTmpFiles\rtos_kernelInit.tmp_save
2025-11-29 22:44:20,956 [INFO] CodeEngine:289 - Generated code: D:\STM32\Lab\Practice3-i2c-eeprom-random-number\MXTmpFiles\rtos_kernelInit.tmp
2025-11-29 22:44:20,960 [INFO] CodeEngine:265 - oldGeneratedFile, D:\STM32\Lab\Practice3-i2c-eeprom-random-number\MXTmpFiles\rtos_kernelStart.tmp_save
2025-11-29 22:44:21,043 [INFO] CodeEngine:289 - Generated code: D:\STM32\Lab\Practice3-i2c-eeprom-random-number\MXTmpFiles\rtos_kernelStart.tmp
2025-11-29 22:44:21,047 [INFO] CodeEngine:265 - oldGeneratedFile, D:\STM32\Lab\Practice3-i2c-eeprom-random-number\MXTmpFiles\rtos_typedefs.tmp_save
2025-11-29 22:44:21,119 [INFO] CodeEngine:289 - Generated code: D:\STM32\Lab\Practice3-i2c-eeprom-random-number\MXTmpFiles\rtos_typedefs.tmp
2025-11-29 22:44:21,122 [INFO] CodeEngine:265 - oldGeneratedFile, D:\STM32\Lab\Practice3-i2c-eeprom-random-number\MXTmpFiles\rtos_vars.tmp_save
2025-11-29 22:44:21,190 [INFO] CodeEngine:289 - Generated code: D:\STM32\Lab\Practice3-i2c-eeprom-random-number\MXTmpFiles\rtos_vars.tmp
2025-11-29 22:44:21,194 [INFO] CodeEngine:265 - oldGeneratedFile, D:\STM32\Lab\Practice3-i2c-eeprom-random-number\MXTmpFiles\rtos_pfp.tmp_save
2025-11-29 22:44:21,263 [INFO] CodeEngine:289 - Generated code: D:\STM32\Lab\Practice3-i2c-eeprom-random-number\MXTmpFiles\rtos_pfp.tmp
2025-11-29 22:44:21,266 [INFO] CodeEngine:265 - oldGeneratedFile, D:\STM32\Lab\Practice3-i2c-eeprom-random-number\MXTmpFiles\rtos_obj_creat.tmp_save
2025-11-29 22:44:21,323 [INFO] CodeEngine:289 - Generated code: D:\STM32\Lab\Practice3-i2c-eeprom-random-number\MXTmpFiles\rtos_obj_creat.tmp
2025-11-29 22:44:21,327 [INFO] CodeEngine:265 - oldGeneratedFile, D:\STM32\Lab\Practice3-i2c-eeprom-random-number\MXTmpFiles\rtos_default_thread.tmp_save
2025-11-29 22:44:21,376 [INFO] CodeEngine:289 - Generated code: D:\STM32\Lab\Practice3-i2c-eeprom-random-number\MXTmpFiles\rtos_default_thread.tmp
2025-11-29 22:44:21,381 [INFO] CodeEngine:265 - oldGeneratedFile, D:\STM32\Lab\Practice3-i2c-eeprom-random-number\MXTmpFiles\rtos_threads.tmp_save
2025-11-29 22:44:21,428 [INFO] CodeEngine:289 - Generated code: D:\STM32\Lab\Practice3-i2c-eeprom-random-number\MXTmpFiles\rtos_threads.tmp
2025-11-29 22:44:21,440 [INFO] Middleware:1452 - No code input for Bsp Dependency
2025-11-29 22:44:21,446 [INFO] CodeEngine:265 - oldGeneratedFile, D:\STM32\Lab\Practice3-i2c-eeprom-random-number\MXTmpFiles\rtos_inc.tmp_save
2025-11-29 22:44:21,493 [INFO] CodeEngine:289 - Generated code: D:\STM32\Lab\Practice3-i2c-eeprom-random-number\MXTmpFiles\rtos_inc.tmp
2025-11-29 22:44:21,498 [INFO] CodeEngine:265 - oldGeneratedFile, D:\STM32\Lab\Practice3-i2c-eeprom-random-number\MXTmpFiles\rtos_kernelInit.tmp_save
2025-11-29 22:44:21,543 [INFO] CodeEngine:289 - Generated code: D:\STM32\Lab\Practice3-i2c-eeprom-random-number\MXTmpFiles\rtos_kernelInit.tmp
2025-11-29 22:44:21,548 [INFO] CodeEngine:265 - oldGeneratedFile, D:\STM32\Lab\Practice3-i2c-eeprom-random-number\MXTmpFiles\rtos_kernelStart.tmp_save
2025-11-29 22:44:21,593 [INFO] CodeEngine:289 - Generated code: D:\STM32\Lab\Practice3-i2c-eeprom-random-number\MXTmpFiles\rtos_kernelStart.tmp
2025-11-29 22:44:21,598 [INFO] CodeEngine:265 - oldGeneratedFile, D:\STM32\Lab\Practice3-i2c-eeprom-random-number\MXTmpFiles\rtos_typedefs.tmp_save
2025-11-29 22:44:21,642 [INFO] CodeEngine:289 - Generated code: D:\STM32\Lab\Practice3-i2c-eeprom-random-number\MXTmpFiles\rtos_typedefs.tmp
2025-11-29 22:44:21,647 [INFO] CodeEngine:265 - oldGeneratedFile, D:\STM32\Lab\Practice3-i2c-eeprom-random-number\MXTmpFiles\rtos_vars.tmp_save
2025-11-29 22:44:21,694 [INFO] CodeEngine:289 - Generated code: D:\STM32\Lab\Practice3-i2c-eeprom-random-number\MXTmpFiles\rtos_vars.tmp
2025-11-29 22:44:21,698 [INFO] CodeEngine:265 - oldGeneratedFile, D:\STM32\Lab\Practice3-i2c-eeprom-random-number\MXTmpFiles\rtos_pfp.tmp_save
2025-11-29 22:44:21,742 [INFO] CodeEngine:289 - Generated code: D:\STM32\Lab\Practice3-i2c-eeprom-random-number\MXTmpFiles\rtos_pfp.tmp
2025-11-29 22:44:21,747 [INFO] CodeEngine:265 - oldGeneratedFile, D:\STM32\Lab\Practice3-i2c-eeprom-random-number\MXTmpFiles\rtos_obj_creat.tmp_save
2025-11-29 22:44:21,797 [INFO] CodeEngine:289 - Generated code: D:\STM32\Lab\Practice3-i2c-eeprom-random-number\MXTmpFiles\rtos_obj_creat.tmp
2025-11-29 22:44:21,802 [INFO] CodeEngine:265 - oldGeneratedFile, D:\STM32\Lab\Practice3-i2c-eeprom-random-number\MXTmpFiles\rtos_default_thread.tmp_save
2025-11-29 22:44:21,846 [INFO] CodeEngine:289 - Generated code: D:\STM32\Lab\Practice3-i2c-eeprom-random-number\MXTmpFiles\rtos_default_thread.tmp
2025-11-29 22:44:21,851 [INFO] CodeEngine:265 - oldGeneratedFile, D:\STM32\Lab\Practice3-i2c-eeprom-random-number\MXTmpFiles\rtos_threads.tmp_save
2025-11-29 22:44:21,896 [INFO] CodeEngine:289 - Generated code: D:\STM32\Lab\Practice3-i2c-eeprom-random-number\MXTmpFiles\rtos_threads.tmp
2025-11-29 22:44:21,901 [INFO] CodeEngine:265 - oldGeneratedFile, D:\STM32\Lab\Practice3-i2c-eeprom-random-number\Core\Inc\FreeRTOSConfig.h_save
2025-11-29 22:44:21,963 [INFO] CodeEngine:289 - Generated code: D:\STM32\Lab\Practice3-i2c-eeprom-random-number\Core\Inc\FreeRTOSConfig.h
2025-11-29 22:44:21,968 [INFO] CodeEngine:265 - oldGeneratedFile, D:\STM32\Lab\Practice3-i2c-eeprom-random-number\Core\Src\freertos.c_save
2025-11-29 22:44:22,015 [INFO] CodeEngine:289 - Generated code: D:\STM32\Lab\Practice3-i2c-eeprom-random-number\Core\Src\freertos.c
2025-11-29 22:44:22,028 [INFO] CodeEngine:265 - oldGeneratedFile, D:\STM32\Lab\Practice3-i2c-eeprom-random-number\Core\Src\stm32l4xx_it.c_save
2025-11-29 22:44:22,078 [INFO] CodeEngine:289 - Generated code: D:\STM32\Lab\Practice3-i2c-eeprom-random-number\Core\Src\stm32l4xx_it.c
2025-11-29 22:44:22,083 [INFO] CodeEngine:265 - oldGeneratedFile, D:\STM32\Lab\Practice3-i2c-eeprom-random-number\Core\Inc\stm32l4xx_it.h_save
2025-11-29 22:44:22,133 [INFO] CodeEngine:289 - Generated code: D:\STM32\Lab\Practice3-i2c-eeprom-random-number\Core\Inc\stm32l4xx_it.h
2025-11-29 22:44:22,144 [INFO] CodeEngine:265 - oldGeneratedFile, D:\STM32\Lab\Practice3-i2c-eeprom-random-number\Core\Src\stm32l4xx_hal_msp.c_save
2025-11-29 22:44:22,212 [INFO] CodeEngine:289 - Generated code: D:\STM32\Lab\Practice3-i2c-eeprom-random-number\Core\Src\stm32l4xx_hal_msp.c
2025-11-29 22:44:22,215 [INFO] CodeEngine:265 - oldGeneratedFile, D:\STM32\Lab\Practice3-i2c-eeprom-random-number\MXTmpFiles\system.tmp_save
2025-11-29 22:44:22,257 [INFO] CodeEngine:289 - Generated code: D:\STM32\Lab\Practice3-i2c-eeprom-random-number\MXTmpFiles\system.tmp
2025-11-29 22:44:22,266 [INFO] CodeEngine:321 - oldGeneratedFile, D:\STM32\Lab\Practice3-i2c-eeprom-random-number\Core\Inc\stm32l4xx_hal_conf.h_save
2025-11-29 22:44:22,313 [INFO] CodeEngine:345 - Generated code: D:\STM32\Lab\Practice3-i2c-eeprom-random-number\Core\Inc\stm32l4xx_hal_conf.h
2025-11-29 22:44:22,334 [WARN] IPConfigManager:3811 - IP not found : TIM
2025-11-29 22:44:22,334 [WARN] CodeGenerator:4259 - IP not found : null
2025-11-29 22:44:22,340 [INFO] CodeEngine:265 - oldGeneratedFile, D:\STM32\Lab\Practice3-i2c-eeprom-random-number\Core\Inc\main.h_save
2025-11-29 22:44:22,390 [INFO] CodeEngine:289 - Generated code: D:\STM32\Lab\Practice3-i2c-eeprom-random-number\Core\Inc\main.h
2025-11-29 22:44:22,394 [INFO] CodeEngine:265 - oldGeneratedFile, D:\STM32\Lab\Practice3-i2c-eeprom-random-number\Core\Src\main.c_save
2025-11-29 22:44:22,489 [INFO] CodeEngine:289 - Generated code: D:\STM32\Lab\Practice3-i2c-eeprom-random-number\Core\Src\main.c
2025-11-29 22:44:22,893 [INFO] ProjectBuilder:3606 - Time for Copy HAL[1] : 236mS.
2025-11-29 22:44:22,896 [INFO] ProjectBuilder:5216 - Project Generator version: 4.7.0-B52
2025-11-29 22:44:22,962 [INFO] ConfigFileManager:1595 - The Die is : DIE415
2025-11-29 22:44:23,952 [INFO] ProjectBuilder:5496 - Time for Generating toolchain IDE Files: 1056mS.
2025-11-29 22:44:23,953 [INFO] ProjectBuilder:3463 - Time for Copy CMSIS : 1mS.
2025-11-29 22:44:23,991 [INFO] ProjectBuilder:3463 - Time for Copy CMSIS : 0mS.
2025-11-29 22:44:41,517 [ERROR] AdobePublisher:162 - Exception while opening the connection: java.net.SocketTimeoutException: Connect timed out
2025-11-29 22:45:51,609 [INFO] UtilMem:75 - End SaveConfig() Used Memory: 868785384 Bytes (1073741824)
2025-11-29 22:45:52,805 [INFO] UtilMem:75 - End SaveConfig() Used Memory: 894150552 Bytes (1073741824)
2025-11-29 22:45:54,013 [INFO] UtilMem:75 - End SaveConfig() Used Memory: 769258728 Bytes (1073741824)
2025-11-29 22:45:55,232 [INFO] BlockDiagram:2775 - set Specific Code input for plugin: FREERTOS
2025-11-29 22:45:55,232 [INFO] BlockDiagram:2775 - set Specific Code input for plugin: SYS
2025-11-29 22:45:55,232 [INFO] BlockDiagram:2775 - set Specific Code input for plugin: RCC
2025-11-29 22:45:55,232 [INFO] BlockDiagram:2775 - set Specific Code input for plugin: I2C
2025-11-29 22:45:55,232 [INFO] BlockDiagram:2775 - set Specific Code input for plugin: NVIC
2025-11-29 22:45:55,232 [INFO] BlockDiagram:2775 - set Specific Code input for plugin: GPIO
2025-11-29 22:45:55,233 [INFO] CodeGenerator:892 - code generatio: config db path: C:\ST\STM32CubeIDE_1.19.0\STM32CubeIDE\plugins\com.st.stm32cube.common.mx_6.15.0.202507011659\\db\
2025-11-29 22:45:55,299 [INFO] CodeEngine:265 - oldGeneratedFile, D:\STM32\Lab\Practice3-i2c-eeprom-random-number\MXTmpFiles\license.tmp_save
2025-11-29 22:45:55,355 [INFO] CodeEngine:289 - Generated code: D:\STM32\Lab\Practice3-i2c-eeprom-random-number\MXTmpFiles\license.tmp
2025-11-29 22:45:55,384 [INFO] CodeEngine:265 - oldGeneratedFile, D:\STM32\Lab\Practice3-i2c-eeprom-random-number\MXTmpFiles\gpio.tmp_save
2025-11-29 22:45:55,426 [INFO] CodeEngine:289 - Generated code: D:\STM32\Lab\Practice3-i2c-eeprom-random-number\MXTmpFiles\gpio.tmp
2025-11-29 22:45:55,523 [INFO] Middleware:1452 - No code input for Bsp Dependency
2025-11-29 22:45:55,539 [INFO] CodeEngine:265 - oldGeneratedFile, D:\STM32\Lab\Practice3-i2c-eeprom-random-number\MXTmpFiles\rtos_inc.tmp_save
2025-11-29 22:45:55,581 [INFO] CodeEngine:289 - Generated code: D:\STM32\Lab\Practice3-i2c-eeprom-random-number\MXTmpFiles\rtos_inc.tmp
2025-11-29 22:45:55,584 [INFO] CodeEngine:265 - oldGeneratedFile, D:\STM32\Lab\Practice3-i2c-eeprom-random-number\MXTmpFiles\rtos_kernelInit.tmp_save
2025-11-29 22:45:55,632 [INFO] CodeEngine:289 - Generated code: D:\STM32\Lab\Practice3-i2c-eeprom-random-number\MXTmpFiles\rtos_kernelInit.tmp
2025-11-29 22:45:55,635 [INFO] CodeEngine:265 - oldGeneratedFile, D:\STM32\Lab\Practice3-i2c-eeprom-random-number\MXTmpFiles\rtos_kernelStart.tmp_save
2025-11-29 22:45:55,676 [INFO] CodeEngine:289 - Generated code: D:\STM32\Lab\Practice3-i2c-eeprom-random-number\MXTmpFiles\rtos_kernelStart.tmp
2025-11-29 22:45:55,679 [INFO] CodeEngine:265 - oldGeneratedFile, D:\STM32\Lab\Practice3-i2c-eeprom-random-number\MXTmpFiles\rtos_typedefs.tmp_save
2025-11-29 22:45:55,718 [INFO] CodeEngine:289 - Generated code: D:\STM32\Lab\Practice3-i2c-eeprom-random-number\MXTmpFiles\rtos_typedefs.tmp
2025-11-29 22:45:55,722 [INFO] CodeEngine:265 - oldGeneratedFile, D:\STM32\Lab\Practice3-i2c-eeprom-random-number\MXTmpFiles\rtos_vars.tmp_save
2025-11-29 22:45:55,762 [INFO] CodeEngine:289 - Generated code: D:\STM32\Lab\Practice3-i2c-eeprom-random-number\MXTmpFiles\rtos_vars.tmp
2025-11-29 22:45:55,766 [INFO] CodeEngine:265 - oldGeneratedFile, D:\STM32\Lab\Practice3-i2c-eeprom-random-number\MXTmpFiles\rtos_pfp.tmp_save
2025-11-29 22:45:55,806 [INFO] CodeEngine:289 - Generated code: D:\STM32\Lab\Practice3-i2c-eeprom-random-number\MXTmpFiles\rtos_pfp.tmp
2025-11-29 22:45:55,809 [INFO] CodeEngine:265 - oldGeneratedFile, D:\STM32\Lab\Practice3-i2c-eeprom-random-number\MXTmpFiles\rtos_obj_creat.tmp_save
2025-11-29 22:45:55,849 [INFO] CodeEngine:289 - Generated code: D:\STM32\Lab\Practice3-i2c-eeprom-random-number\MXTmpFiles\rtos_obj_creat.tmp
2025-11-29 22:45:55,852 [INFO] CodeEngine:265 - oldGeneratedFile, D:\STM32\Lab\Practice3-i2c-eeprom-random-number\MXTmpFiles\rtos_default_thread.tmp_save
2025-11-29 22:45:55,891 [INFO] CodeEngine:289 - Generated code: D:\STM32\Lab\Practice3-i2c-eeprom-random-number\MXTmpFiles\rtos_default_thread.tmp
2025-11-29 22:45:55,894 [INFO] CodeEngine:265 - oldGeneratedFile, D:\STM32\Lab\Practice3-i2c-eeprom-random-number\MXTmpFiles\rtos_threads.tmp_save
2025-11-29 22:45:55,932 [INFO] CodeEngine:289 - Generated code: D:\STM32\Lab\Practice3-i2c-eeprom-random-number\MXTmpFiles\rtos_threads.tmp
2025-11-29 22:45:55,942 [INFO] Middleware:1452 - No code input for Bsp Dependency
2025-11-29 22:45:55,948 [INFO] CodeEngine:265 - oldGeneratedFile, D:\STM32\Lab\Practice3-i2c-eeprom-random-number\MXTmpFiles\rtos_inc.tmp_save
2025-11-29 22:45:55,987 [INFO] CodeEngine:289 - Generated code: D:\STM32\Lab\Practice3-i2c-eeprom-random-number\MXTmpFiles\rtos_inc.tmp
2025-11-29 22:45:55,992 [INFO] CodeEngine:265 - oldGeneratedFile, D:\STM32\Lab\Practice3-i2c-eeprom-random-number\MXTmpFiles\rtos_kernelInit.tmp_save
2025-11-29 22:45:56,031 [INFO] CodeEngine:289 - Generated code: D:\STM32\Lab\Practice3-i2c-eeprom-random-number\MXTmpFiles\rtos_kernelInit.tmp
2025-11-29 22:45:56,035 [INFO] CodeEngine:265 - oldGeneratedFile, D:\STM32\Lab\Practice3-i2c-eeprom-random-number\MXTmpFiles\rtos_kernelStart.tmp_save
2025-11-29 22:45:56,074 [INFO] CodeEngine:289 - Generated code: D:\STM32\Lab\Practice3-i2c-eeprom-random-number\MXTmpFiles\rtos_kernelStart.tmp
2025-11-29 22:45:56,078 [INFO] CodeEngine:265 - oldGeneratedFile, D:\STM32\Lab\Practice3-i2c-eeprom-random-number\MXTmpFiles\rtos_typedefs.tmp_save
2025-11-29 22:45:56,117 [INFO] CodeEngine:289 - Generated code: D:\STM32\Lab\Practice3-i2c-eeprom-random-number\MXTmpFiles\rtos_typedefs.tmp
2025-11-29 22:45:56,122 [INFO] CodeEngine:265 - oldGeneratedFile, D:\STM32\Lab\Practice3-i2c-eeprom-random-number\MXTmpFiles\rtos_vars.tmp_save
2025-11-29 22:45:56,162 [INFO] CodeEngine:289 - Generated code: D:\STM32\Lab\Practice3-i2c-eeprom-random-number\MXTmpFiles\rtos_vars.tmp
2025-11-29 22:45:56,166 [INFO] CodeEngine:265 - oldGeneratedFile, D:\STM32\Lab\Practice3-i2c-eeprom-random-number\MXTmpFiles\rtos_pfp.tmp_save
2025-11-29 22:45:56,205 [INFO] CodeEngine:289 - Generated code: D:\STM32\Lab\Practice3-i2c-eeprom-random-number\MXTmpFiles\rtos_pfp.tmp
2025-11-29 22:45:56,208 [INFO] CodeEngine:265 - oldGeneratedFile, D:\STM32\Lab\Practice3-i2c-eeprom-random-number\MXTmpFiles\rtos_obj_creat.tmp_save
2025-11-29 22:45:56,248 [INFO] CodeEngine:289 - Generated code: D:\STM32\Lab\Practice3-i2c-eeprom-random-number\MXTmpFiles\rtos_obj_creat.tmp
2025-11-29 22:45:56,252 [INFO] CodeEngine:265 - oldGeneratedFile, D:\STM32\Lab\Practice3-i2c-eeprom-random-number\MXTmpFiles\rtos_default_thread.tmp_save
2025-11-29 22:45:56,291 [INFO] CodeEngine:289 - Generated code: D:\STM32\Lab\Practice3-i2c-eeprom-random-number\MXTmpFiles\rtos_default_thread.tmp
2025-11-29 22:45:56,295 [INFO] CodeEngine:265 - oldGeneratedFile, D:\STM32\Lab\Practice3-i2c-eeprom-random-number\MXTmpFiles\rtos_threads.tmp_save
2025-11-29 22:45:56,333 [INFO] CodeEngine:289 - Generated code: D:\STM32\Lab\Practice3-i2c-eeprom-random-number\MXTmpFiles\rtos_threads.tmp
2025-11-29 22:45:56,338 [INFO] CodeEngine:265 - oldGeneratedFile, D:\STM32\Lab\Practice3-i2c-eeprom-random-number\Core\Inc\FreeRTOSConfig.h_save
2025-11-29 22:45:56,389 [INFO] CodeEngine:289 - Generated code: D:\STM32\Lab\Practice3-i2c-eeprom-random-number\Core\Inc\FreeRTOSConfig.h
2025-11-29 22:45:56,393 [INFO] CodeEngine:265 - oldGeneratedFile, D:\STM32\Lab\Practice3-i2c-eeprom-random-number\Core\Src\freertos.c_save
2025-11-29 22:45:56,434 [INFO] CodeEngine:289 - Generated code: D:\STM32\Lab\Practice3-i2c-eeprom-random-number\Core\Src\freertos.c
2025-11-29 22:45:56,444 [INFO] CodeEngine:265 - oldGeneratedFile, D:\STM32\Lab\Practice3-i2c-eeprom-random-number\Core\Src\stm32l4xx_it.c_save
2025-11-29 22:45:56,494 [INFO] CodeEngine:289 - Generated code: D:\STM32\Lab\Practice3-i2c-eeprom-random-number\Core\Src\stm32l4xx_it.c
2025-11-29 22:45:56,526 [INFO] CodeEngine:265 - oldGeneratedFile, D:\STM32\Lab\Practice3-i2c-eeprom-random-number\Core\Inc\stm32l4xx_it.h_save
2025-11-29 22:45:56,570 [INFO] CodeEngine:289 - Generated code: D:\STM32\Lab\Practice3-i2c-eeprom-random-number\Core\Inc\stm32l4xx_it.h
2025-11-29 22:45:56,579 [INFO] CodeEngine:265 - oldGeneratedFile, D:\STM32\Lab\Practice3-i2c-eeprom-random-number\Core\Src\stm32l4xx_hal_msp.c_save
2025-11-29 22:45:56,651 [INFO] CodeEngine:289 - Generated code: D:\STM32\Lab\Practice3-i2c-eeprom-random-number\Core\Src\stm32l4xx_hal_msp.c
2025-11-29 22:45:56,656 [INFO] CodeEngine:265 - oldGeneratedFile, D:\STM32\Lab\Practice3-i2c-eeprom-random-number\MXTmpFiles\system.tmp_save
2025-11-29 22:45:56,701 [INFO] CodeEngine:289 - Generated code: D:\STM32\Lab\Practice3-i2c-eeprom-random-number\MXTmpFiles\system.tmp
2025-11-29 22:45:56,710 [INFO] CodeEngine:321 - oldGeneratedFile, D:\STM32\Lab\Practice3-i2c-eeprom-random-number\Core\Inc\stm32l4xx_hal_conf.h_save
2025-11-29 22:45:56,761 [INFO] CodeEngine:345 - Generated code: D:\STM32\Lab\Practice3-i2c-eeprom-random-number\Core\Inc\stm32l4xx_hal_conf.h
2025-11-29 22:45:56,784 [INFO] CodeEngine:265 - oldGeneratedFile, D:\STM32\Lab\Practice3-i2c-eeprom-random-number\Core\Inc\main.h_save
2025-11-29 22:45:56,835 [INFO] CodeEngine:289 - Generated code: D:\STM32\Lab\Practice3-i2c-eeprom-random-number\Core\Inc\main.h
2025-11-29 22:45:56,840 [INFO] CodeEngine:265 - oldGeneratedFile, D:\STM32\Lab\Practice3-i2c-eeprom-random-number\Core\Src\main.c_save
2025-11-29 22:45:56,954 [INFO] CodeEngine:289 - Generated code: D:\STM32\Lab\Practice3-i2c-eeprom-random-number\Core\Src\main.c
2025-11-29 22:45:57,308 [INFO] ProjectBuilder:3606 - Time for Copy HAL[1] : 210mS.
2025-11-29 22:45:57,311 [INFO] ProjectBuilder:5216 - Project Generator version: 4.7.0-B52
2025-11-29 22:45:57,371 [INFO] ConfigFileManager:1595 - The Die is : DIE415
2025-11-29 22:45:58,038 [INFO] ProjectBuilder:5496 - Time for Generating toolchain IDE Files: 727mS.
2025-11-29 22:45:58,039 [INFO] ProjectBuilder:3463 - Time for Copy CMSIS : 1mS.
2025-11-29 22:45:58,045 [INFO] ProjectBuilder:3463 - Time for Copy CMSIS : 0mS.
2025-11-29 22:46:13,368 [ERROR] AdobePublisher:162 - Exception while opening the connection: java.net.SocketTimeoutException: Connect timed out
2025-11-29 22:50:07,087 [ERROR] AdobePublisher:162 - Exception while opening the connection: java.net.SocketTimeoutException: Connect timed out
2025-11-29 22:52:14,712 [INFO] UtilMem:75 - End SaveConfig() Used Memory: 953722304 Bytes (1073741824)
2025-11-29 22:52:16,007 [INFO] UtilMem:75 - End SaveConfig() Used Memory: 985630096 Bytes (1073741824)
2025-11-29 22:52:17,321 [INFO] UtilMem:75 - End SaveConfig() Used Memory: 792839208 Bytes (1073741824)
2025-11-29 22:52:19,136 [INFO] BlockDiagram:2775 - set Specific Code input for plugin: FREERTOS
2025-11-29 22:52:19,136 [INFO] BlockDiagram:2775 - set Specific Code input for plugin: SYS
2025-11-29 22:52:19,136 [INFO] BlockDiagram:2775 - set Specific Code input for plugin: RCC
2025-11-29 22:52:19,136 [INFO] BlockDiagram:2775 - set Specific Code input for plugin: I2C
2025-11-29 22:52:19,137 [INFO] BlockDiagram:2775 - set Specific Code input for plugin: NVIC
2025-11-29 22:52:19,137 [INFO] BlockDiagram:2775 - set Specific Code input for plugin: GPIO
2025-11-29 22:52:19,138 [INFO] CodeGenerator:892 - code generatio: config db path: C:\ST\STM32CubeIDE_1.19.0\STM32CubeIDE\plugins\com.st.stm32cube.common.mx_6.15.0.202507011659\\db\
2025-11-29 22:52:19,215 [INFO] CodeEngine:265 - oldGeneratedFile, D:\STM32\Lab\Practice3-i2c-eeprom-random-number\MXTmpFiles\license.tmp_save
2025-11-29 22:52:19,512 [INFO] CodeEngine:289 - Generated code: D:\STM32\Lab\Practice3-i2c-eeprom-random-number\MXTmpFiles\license.tmp
2025-11-29 22:52:19,570 [INFO] CodeEngine:265 - oldGeneratedFile, D:\STM32\Lab\Practice3-i2c-eeprom-random-number\MXTmpFiles\gpio.tmp_save
2025-11-29 22:52:19,730 [INFO] CodeEngine:289 - Generated code: D:\STM32\Lab\Practice3-i2c-eeprom-random-number\MXTmpFiles\gpio.tmp
2025-11-29 22:52:19,905 [INFO] Middleware:1452 - No code input for Bsp Dependency
2025-11-29 22:52:19,921 [INFO] CodeEngine:265 - oldGeneratedFile, D:\STM32\Lab\Practice3-i2c-eeprom-random-number\MXTmpFiles\rtos_inc.tmp_save
2025-11-29 22:52:20,021 [INFO] CodeEngine:289 - Generated code: D:\STM32\Lab\Practice3-i2c-eeprom-random-number\MXTmpFiles\rtos_inc.tmp
2025-11-29 22:52:20,025 [INFO] CodeEngine:265 - oldGeneratedFile, D:\STM32\Lab\Practice3-i2c-eeprom-random-number\MXTmpFiles\rtos_kernelInit.tmp_save
2025-11-29 22:52:20,127 [INFO] CodeEngine:289 - Generated code: D:\STM32\Lab\Practice3-i2c-eeprom-random-number\MXTmpFiles\rtos_kernelInit.tmp
2025-11-29 22:52:20,131 [INFO] CodeEngine:265 - oldGeneratedFile, D:\STM32\Lab\Practice3-i2c-eeprom-random-number\MXTmpFiles\rtos_kernelStart.tmp_save
2025-11-29 22:52:20,233 [INFO] CodeEngine:289 - Generated code: D:\STM32\Lab\Practice3-i2c-eeprom-random-number\MXTmpFiles\rtos_kernelStart.tmp
2025-11-29 22:52:20,237 [INFO] CodeEngine:265 - oldGeneratedFile, D:\STM32\Lab\Practice3-i2c-eeprom-random-number\MXTmpFiles\rtos_typedefs.tmp_save
2025-11-29 22:52:20,330 [INFO] CodeEngine:289 - Generated code: D:\STM32\Lab\Practice3-i2c-eeprom-random-number\MXTmpFiles\rtos_typedefs.tmp
2025-11-29 22:52:20,334 [INFO] CodeEngine:265 - oldGeneratedFile, D:\STM32\Lab\Practice3-i2c-eeprom-random-number\MXTmpFiles\rtos_vars.tmp_save
2025-11-29 22:52:20,426 [INFO] CodeEngine:289 - Generated code: D:\STM32\Lab\Practice3-i2c-eeprom-random-number\MXTmpFiles\rtos_vars.tmp
2025-11-29 22:52:20,429 [INFO] CodeEngine:265 - oldGeneratedFile, D:\STM32\Lab\Practice3-i2c-eeprom-random-number\MXTmpFiles\rtos_pfp.tmp_save
2025-11-29 22:52:20,500 [INFO] CodeEngine:289 - Generated code: D:\STM32\Lab\Practice3-i2c-eeprom-random-number\MXTmpFiles\rtos_pfp.tmp
2025-11-29 22:52:20,505 [INFO] CodeEngine:265 - oldGeneratedFile, D:\STM32\Lab\Practice3-i2c-eeprom-random-number\MXTmpFiles\rtos_obj_creat.tmp_save
2025-11-29 22:52:20,576 [INFO] CodeEngine:289 - Generated code: D:\STM32\Lab\Practice3-i2c-eeprom-random-number\MXTmpFiles\rtos_obj_creat.tmp
2025-11-29 22:52:20,580 [INFO] CodeEngine:265 - oldGeneratedFile, D:\STM32\Lab\Practice3-i2c-eeprom-random-number\MXTmpFiles\rtos_default_thread.tmp_save
2025-11-29 22:52:20,641 [INFO] CodeEngine:289 - Generated code: D:\STM32\Lab\Practice3-i2c-eeprom-random-number\MXTmpFiles\rtos_default_thread.tmp
2025-11-29 22:52:20,645 [INFO] CodeEngine:265 - oldGeneratedFile, D:\STM32\Lab\Practice3-i2c-eeprom-random-number\MXTmpFiles\rtos_threads.tmp_save
2025-11-29 22:52:20,702 [INFO] CodeEngine:289 - Generated code: D:\STM32\Lab\Practice3-i2c-eeprom-random-number\MXTmpFiles\rtos_threads.tmp
2025-11-29 22:52:20,714 [INFO] Middleware:1452 - No code input for Bsp Dependency
2025-11-29 22:52:20,721 [INFO] CodeEngine:265 - oldGeneratedFile, D:\STM32\Lab\Practice3-i2c-eeprom-random-number\MXTmpFiles\rtos_inc.tmp_save
2025-11-29 22:52:20,773 [INFO] CodeEngine:289 - Generated code: D:\STM32\Lab\Practice3-i2c-eeprom-random-number\MXTmpFiles\rtos_inc.tmp
2025-11-29 22:52:20,777 [INFO] CodeEngine:265 - oldGeneratedFile, D:\STM32\Lab\Practice3-i2c-eeprom-random-number\MXTmpFiles\rtos_kernelInit.tmp_save
2025-11-29 22:52:20,826 [INFO] CodeEngine:289 - Generated code: D:\STM32\Lab\Practice3-i2c-eeprom-random-number\MXTmpFiles\rtos_kernelInit.tmp
2025-11-29 22:52:20,831 [INFO] CodeEngine:265 - oldGeneratedFile, D:\STM32\Lab\Practice3-i2c-eeprom-random-number\MXTmpFiles\rtos_kernelStart.tmp_save
2025-11-29 22:52:20,879 [INFO] CodeEngine:289 - Generated code: D:\STM32\Lab\Practice3-i2c-eeprom-random-number\MXTmpFiles\rtos_kernelStart.tmp
2025-11-29 22:52:20,884 [INFO] CodeEngine:265 - oldGeneratedFile, D:\STM32\Lab\Practice3-i2c-eeprom-random-number\MXTmpFiles\rtos_typedefs.tmp_save
2025-11-29 22:52:20,930 [INFO] CodeEngine:289 - Generated code: D:\STM32\Lab\Practice3-i2c-eeprom-random-number\MXTmpFiles\rtos_typedefs.tmp
2025-11-29 22:52:20,934 [INFO] CodeEngine:265 - oldGeneratedFile, D:\STM32\Lab\Practice3-i2c-eeprom-random-number\MXTmpFiles\rtos_vars.tmp_save
2025-11-29 22:52:20,983 [INFO] CodeEngine:289 - Generated code: D:\STM32\Lab\Practice3-i2c-eeprom-random-number\MXTmpFiles\rtos_vars.tmp
2025-11-29 22:52:20,988 [INFO] CodeEngine:265 - oldGeneratedFile, D:\STM32\Lab\Practice3-i2c-eeprom-random-number\MXTmpFiles\rtos_pfp.tmp_save
2025-11-29 22:52:21,033 [INFO] CodeEngine:289 - Generated code: D:\STM32\Lab\Practice3-i2c-eeprom-random-number\MXTmpFiles\rtos_pfp.tmp
2025-11-29 22:52:21,039 [INFO] CodeEngine:265 - oldGeneratedFile, D:\STM32\Lab\Practice3-i2c-eeprom-random-number\MXTmpFiles\rtos_obj_creat.tmp_save
2025-11-29 22:52:21,088 [INFO] CodeEngine:289 - Generated code: D:\STM32\Lab\Practice3-i2c-eeprom-random-number\MXTmpFiles\rtos_obj_creat.tmp
2025-11-29 22:52:21,094 [INFO] CodeEngine:265 - oldGeneratedFile, D:\STM32\Lab\Practice3-i2c-eeprom-random-number\MXTmpFiles\rtos_default_thread.tmp_save
2025-11-29 22:52:21,141 [INFO] CodeEngine:289 - Generated code: D:\STM32\Lab\Practice3-i2c-eeprom-random-number\MXTmpFiles\rtos_default_thread.tmp
2025-11-29 22:52:21,146 [INFO] CodeEngine:265 - oldGeneratedFile, D:\STM32\Lab\Practice3-i2c-eeprom-random-number\MXTmpFiles\rtos_threads.tmp_save
2025-11-29 22:52:21,190 [INFO] CodeEngine:289 - Generated code: D:\STM32\Lab\Practice3-i2c-eeprom-random-number\MXTmpFiles\rtos_threads.tmp
2025-11-29 22:52:21,195 [INFO] CodeEngine:265 - oldGeneratedFile, D:\STM32\Lab\Practice3-i2c-eeprom-random-number\Core\Inc\FreeRTOSConfig.h_save
2025-11-29 22:52:21,270 [INFO] CodeEngine:289 - Generated code: D:\STM32\Lab\Practice3-i2c-eeprom-random-number\Core\Inc\FreeRTOSConfig.h
2025-11-29 22:52:21,275 [INFO] CodeEngine:265 - oldGeneratedFile, D:\STM32\Lab\Practice3-i2c-eeprom-random-number\Core\Src\freertos.c_save
2025-11-29 22:52:21,323 [INFO] CodeEngine:289 - Generated code: D:\STM32\Lab\Practice3-i2c-eeprom-random-number\Core\Src\freertos.c
2025-11-29 22:52:21,333 [INFO] CodeEngine:265 - oldGeneratedFile, D:\STM32\Lab\Practice3-i2c-eeprom-random-number\Core\Src\stm32l4xx_it.c_save
2025-11-29 22:52:21,480 [INFO] CodeEngine:289 - Generated code: D:\STM32\Lab\Practice3-i2c-eeprom-random-number\Core\Src\stm32l4xx_it.c
2025-11-29 22:52:21,484 [INFO] CodeEngine:265 - oldGeneratedFile, D:\STM32\Lab\Practice3-i2c-eeprom-random-number\Core\Inc\stm32l4xx_it.h_save
2025-11-29 22:52:21,531 [INFO] CodeEngine:289 - Generated code: D:\STM32\Lab\Practice3-i2c-eeprom-random-number\Core\Inc\stm32l4xx_it.h
2025-11-29 22:52:21,542 [INFO] CodeEngine:265 - oldGeneratedFile, D:\STM32\Lab\Practice3-i2c-eeprom-random-number\Core\Src\stm32l4xx_hal_msp.c_save
2025-11-29 22:52:21,625 [INFO] CodeEngine:289 - Generated code: D:\STM32\Lab\Practice3-i2c-eeprom-random-number\Core\Src\stm32l4xx_hal_msp.c
2025-11-29 22:52:21,629 [INFO] CodeEngine:265 - oldGeneratedFile, D:\STM32\Lab\Practice3-i2c-eeprom-random-number\MXTmpFiles\system.tmp_save
2025-11-29 22:52:21,671 [INFO] CodeEngine:289 - Generated code: D:\STM32\Lab\Practice3-i2c-eeprom-random-number\MXTmpFiles\system.tmp
2025-11-29 22:52:21,680 [INFO] CodeEngine:321 - oldGeneratedFile, D:\STM32\Lab\Practice3-i2c-eeprom-random-number\Core\Inc\stm32l4xx_hal_conf.h_save
2025-11-29 22:52:21,729 [INFO] CodeEngine:345 - Generated code: D:\STM32\Lab\Practice3-i2c-eeprom-random-number\Core\Inc\stm32l4xx_hal_conf.h
2025-11-29 22:52:21,755 [INFO] CodeEngine:265 - oldGeneratedFile, D:\STM32\Lab\Practice3-i2c-eeprom-random-number\Core\Inc\main.h_save
2025-11-29 22:52:21,824 [INFO] CodeEngine:289 - Generated code: D:\STM32\Lab\Practice3-i2c-eeprom-random-number\Core\Inc\main.h
2025-11-29 22:52:21,829 [INFO] CodeEngine:265 - oldGeneratedFile, D:\STM32\Lab\Practice3-i2c-eeprom-random-number\Core\Src\main.c_save
2025-11-29 22:52:21,919 [INFO] CodeEngine:289 - Generated code: D:\STM32\Lab\Practice3-i2c-eeprom-random-number\Core\Src\main.c
2025-11-29 22:52:22,313 [INFO] ProjectBuilder:3606 - Time for Copy HAL[1] : 232mS.
2025-11-29 22:52:22,317 [INFO] ProjectBuilder:5216 - Project Generator version: 4.7.0-B52
2025-11-29 22:52:22,383 [INFO] ConfigFileManager:1595 - The Die is : DIE415
2025-11-29 22:52:23,349 [INFO] ProjectBuilder:5496 - Time for Generating toolchain IDE Files: 1031mS.
2025-11-29 22:52:23,349 [INFO] ProjectBuilder:3463 - Time for Copy CMSIS : 0mS.
2025-11-29 22:52:23,355 [INFO] ProjectBuilder:3463 - Time for Copy CMSIS : 0mS.
2025-11-29 22:53:12,098 [INFO] Gpio:278 - dependency for GPIO [I2C1]
2025-11-29 22:53:13,310 [INFO] NvicIntPanel:101 - NVIC parent = com.st.microxplorer.plugins.ip.nvic.MultiNvicIntPanel[,2,27,665x226,layout=javax.swing.BoxLayout,alignmentX=0.0,alignmentY=0.0,border=,flags=9,maximumSize=,minimumSize=,preferredSize=]
2025-11-29 22:53:15,292 [INFO] Gpio:278 - dependency for GPIO [I2C1]
2025-11-29 22:53:44,171 [INFO] UtilMem:75 - End SaveConfig() Used Memory: 945280312 Bytes (1073741824)
2025-11-29 22:53:45,317 [INFO] UtilMem:75 - End SaveConfig() Used Memory: 970968376 Bytes (1073741824)
2025-11-29 22:53:46,510 [INFO] UtilMem:75 - End SaveConfig() Used Memory: 751293752 Bytes (1073741824)
2025-11-29 22:53:47,832 [INFO] BlockDiagram:2775 - set Specific Code input for plugin: FREERTOS
2025-11-29 22:53:47,832 [INFO] BlockDiagram:2775 - set Specific Code input for plugin: SYS
2025-11-29 22:53:47,832 [INFO] BlockDiagram:2775 - set Specific Code input for plugin: RCC
2025-11-29 22:53:47,832 [INFO] BlockDiagram:2775 - set Specific Code input for plugin: I2C
2025-11-29 22:53:47,832 [INFO] BlockDiagram:2775 - set Specific Code input for plugin: NVIC
2025-11-29 22:53:47,832 [INFO] BlockDiagram:2775 - set Specific Code input for plugin: GPIO
2025-11-29 22:53:47,833 [INFO] CodeGenerator:892 - code generatio: config db path: C:\ST\STM32CubeIDE_1.19.0\STM32CubeIDE\plugins\com.st.stm32cube.common.mx_6.15.0.202507011659\\db\
2025-11-29 22:53:47,893 [INFO] CodeEngine:265 - oldGeneratedFile, D:\STM32\Lab\Practice3-i2c-eeprom-random-number\MXTmpFiles\license.tmp_save
2025-11-29 22:53:47,947 [INFO] CodeEngine:289 - Generated code: D:\STM32\Lab\Practice3-i2c-eeprom-random-number\MXTmpFiles\license.tmp
2025-11-29 22:53:47,989 [INFO] CodeEngine:265 - oldGeneratedFile, D:\STM32\Lab\Practice3-i2c-eeprom-random-number\MXTmpFiles\gpio.tmp_save
2025-11-29 22:53:48,033 [INFO] CodeEngine:289 - Generated code: D:\STM32\Lab\Practice3-i2c-eeprom-random-number\MXTmpFiles\gpio.tmp
2025-11-29 22:53:48,143 [INFO] Middleware:1452 - No code input for Bsp Dependency
2025-11-29 22:53:48,148 [INFO] CodeEngine:265 - oldGeneratedFile, D:\STM32\Lab\Practice3-i2c-eeprom-random-number\MXTmpFiles\rtos_inc.tmp_save
2025-11-29 22:53:48,190 [INFO] CodeEngine:289 - Generated code: D:\STM32\Lab\Practice3-i2c-eeprom-random-number\MXTmpFiles\rtos_inc.tmp
2025-11-29 22:53:48,193 [INFO] CodeEngine:265 - oldGeneratedFile, D:\STM32\Lab\Practice3-i2c-eeprom-random-number\MXTmpFiles\rtos_kernelInit.tmp_save
2025-11-29 22:53:48,246 [INFO] CodeEngine:289 - Generated code: D:\STM32\Lab\Practice3-i2c-eeprom-random-number\MXTmpFiles\rtos_kernelInit.tmp
2025-11-29 22:53:48,250 [INFO] CodeEngine:265 - oldGeneratedFile, D:\STM32\Lab\Practice3-i2c-eeprom-random-number\MXTmpFiles\rtos_kernelStart.tmp_save
2025-11-29 22:53:48,290 [INFO] CodeEngine:289 - Generated code: D:\STM32\Lab\Practice3-i2c-eeprom-random-number\MXTmpFiles\rtos_kernelStart.tmp
2025-11-29 22:53:48,295 [INFO] CodeEngine:265 - oldGeneratedFile, D:\STM32\Lab\Practice3-i2c-eeprom-random-number\MXTmpFiles\rtos_typedefs.tmp_save
2025-11-29 22:53:48,335 [INFO] CodeEngine:289 - Generated code: D:\STM32\Lab\Practice3-i2c-eeprom-random-number\MXTmpFiles\rtos_typedefs.tmp
2025-11-29 22:53:48,338 [INFO] CodeEngine:265 - oldGeneratedFile, D:\STM32\Lab\Practice3-i2c-eeprom-random-number\MXTmpFiles\rtos_vars.tmp_save
2025-11-29 22:53:48,380 [INFO] CodeEngine:289 - Generated code: D:\STM32\Lab\Practice3-i2c-eeprom-random-number\MXTmpFiles\rtos_vars.tmp
2025-11-29 22:53:48,383 [INFO] CodeEngine:265 - oldGeneratedFile, D:\STM32\Lab\Practice3-i2c-eeprom-random-number\MXTmpFiles\rtos_pfp.tmp_save
2025-11-29 22:53:48,422 [INFO] CodeEngine:289 - Generated code: D:\STM32\Lab\Practice3-i2c-eeprom-random-number\MXTmpFiles\rtos_pfp.tmp
2025-11-29 22:53:48,425 [INFO] CodeEngine:265 - oldGeneratedFile, D:\STM32\Lab\Practice3-i2c-eeprom-random-number\MXTmpFiles\rtos_obj_creat.tmp_save
2025-11-29 22:53:48,466 [INFO] CodeEngine:289 - Generated code: D:\STM32\Lab\Practice3-i2c-eeprom-random-number\MXTmpFiles\rtos_obj_creat.tmp
2025-11-29 22:53:48,469 [INFO] CodeEngine:265 - oldGeneratedFile, D:\STM32\Lab\Practice3-i2c-eeprom-random-number\MXTmpFiles\rtos_default_thread.tmp_save
2025-11-29 22:53:48,508 [INFO] CodeEngine:289 - Generated code: D:\STM32\Lab\Practice3-i2c-eeprom-random-number\MXTmpFiles\rtos_default_thread.tmp
2025-11-29 22:53:48,512 [INFO] CodeEngine:265 - oldGeneratedFile, D:\STM32\Lab\Practice3-i2c-eeprom-random-number\MXTmpFiles\rtos_threads.tmp_save
2025-11-29 22:53:48,551 [INFO] CodeEngine:289 - Generated code: D:\STM32\Lab\Practice3-i2c-eeprom-random-number\MXTmpFiles\rtos_threads.tmp
2025-11-29 22:53:48,563 [INFO] Middleware:1452 - No code input for Bsp Dependency
2025-11-29 22:53:48,570 [INFO] CodeEngine:265 - oldGeneratedFile, D:\STM32\Lab\Practice3-i2c-eeprom-random-number\MXTmpFiles\rtos_inc.tmp_save
2025-11-29 22:53:48,611 [INFO] CodeEngine:289 - Generated code: D:\STM32\Lab\Practice3-i2c-eeprom-random-number\MXTmpFiles\rtos_inc.tmp
2025-11-29 22:53:48,615 [INFO] CodeEngine:265 - oldGeneratedFile, D:\STM32\Lab\Practice3-i2c-eeprom-random-number\MXTmpFiles\rtos_kernelInit.tmp_save
2025-11-29 22:53:48,656 [INFO] CodeEngine:289 - Generated code: D:\STM32\Lab\Practice3-i2c-eeprom-random-number\MXTmpFiles\rtos_kernelInit.tmp
2025-11-29 22:53:48,660 [INFO] CodeEngine:265 - oldGeneratedFile, D:\STM32\Lab\Practice3-i2c-eeprom-random-number\MXTmpFiles\rtos_kernelStart.tmp_save
2025-11-29 22:53:48,701 [INFO] CodeEngine:289 - Generated code: D:\STM32\Lab\Practice3-i2c-eeprom-random-number\MXTmpFiles\rtos_kernelStart.tmp
2025-11-29 22:53:48,705 [INFO] CodeEngine:265 - oldGeneratedFile, D:\STM32\Lab\Practice3-i2c-eeprom-random-number\MXTmpFiles\rtos_typedefs.tmp_save
2025-11-29 22:53:48,745 [INFO] CodeEngine:289 - Generated code: D:\STM32\Lab\Practice3-i2c-eeprom-random-number\MXTmpFiles\rtos_typedefs.tmp
2025-11-29 22:53:48,750 [INFO] CodeEngine:265 - oldGeneratedFile, D:\STM32\Lab\Practice3-i2c-eeprom-random-number\MXTmpFiles\rtos_vars.tmp_save
2025-11-29 22:53:48,790 [INFO] CodeEngine:289 - Generated code: D:\STM32\Lab\Practice3-i2c-eeprom-random-number\MXTmpFiles\rtos_vars.tmp
2025-11-29 22:53:48,795 [INFO] CodeEngine:265 - oldGeneratedFile, D:\STM32\Lab\Practice3-i2c-eeprom-random-number\MXTmpFiles\rtos_pfp.tmp_save
2025-11-29 22:53:48,834 [INFO] CodeEngine:289 - Generated code: D:\STM32\Lab\Practice3-i2c-eeprom-random-number\MXTmpFiles\rtos_pfp.tmp
2025-11-29 22:53:48,838 [INFO] CodeEngine:265 - oldGeneratedFile, D:\STM32\Lab\Practice3-i2c-eeprom-random-number\MXTmpFiles\rtos_obj_creat.tmp_save
2025-11-29 22:53:48,880 [INFO] CodeEngine:289 - Generated code: D:\STM32\Lab\Practice3-i2c-eeprom-random-number\MXTmpFiles\rtos_obj_creat.tmp
2025-11-29 22:53:48,884 [INFO] CodeEngine:265 - oldGeneratedFile, D:\STM32\Lab\Practice3-i2c-eeprom-random-number\MXTmpFiles\rtos_default_thread.tmp_save
2025-11-29 22:53:48,924 [INFO] CodeEngine:289 - Generated code: D:\STM32\Lab\Practice3-i2c-eeprom-random-number\MXTmpFiles\rtos_default_thread.tmp
2025-11-29 22:53:48,929 [INFO] CodeEngine:265 - oldGeneratedFile, D:\STM32\Lab\Practice3-i2c-eeprom-random-number\MXTmpFiles\rtos_threads.tmp_save
2025-11-29 22:53:48,967 [INFO] CodeEngine:289 - Generated code: D:\STM32\Lab\Practice3-i2c-eeprom-random-number\MXTmpFiles\rtos_threads.tmp
2025-11-29 22:53:48,971 [INFO] CodeEngine:265 - oldGeneratedFile, D:\STM32\Lab\Practice3-i2c-eeprom-random-number\Core\Inc\FreeRTOSConfig.h_save
2025-11-29 22:53:49,025 [INFO] CodeEngine:289 - Generated code: D:\STM32\Lab\Practice3-i2c-eeprom-random-number\Core\Inc\FreeRTOSConfig.h
2025-11-29 22:53:49,030 [INFO] CodeEngine:265 - oldGeneratedFile, D:\STM32\Lab\Practice3-i2c-eeprom-random-number\Core\Src\freertos.c_save
2025-11-29 22:53:49,073 [INFO] CodeEngine:289 - Generated code: D:\STM32\Lab\Practice3-i2c-eeprom-random-number\Core\Src\freertos.c
2025-11-29 22:53:49,083 [INFO] CodeEngine:265 - oldGeneratedFile, D:\STM32\Lab\Practice3-i2c-eeprom-random-number\Core\Src\stm32l4xx_it.c_save
2025-11-29 22:53:49,141 [INFO] CodeEngine:289 - Generated code: D:\STM32\Lab\Practice3-i2c-eeprom-random-number\Core\Src\stm32l4xx_it.c
2025-11-29 22:53:49,145 [INFO] CodeEngine:265 - oldGeneratedFile, D:\STM32\Lab\Practice3-i2c-eeprom-random-number\Core\Inc\stm32l4xx_it.h_save
2025-11-29 22:53:49,188 [INFO] CodeEngine:289 - Generated code: D:\STM32\Lab\Practice3-i2c-eeprom-random-number\Core\Inc\stm32l4xx_it.h
2025-11-29 22:53:49,198 [INFO] CodeEngine:265 - oldGeneratedFile, D:\STM32\Lab\Practice3-i2c-eeprom-random-number\Core\Src\stm32l4xx_hal_msp.c_save
2025-11-29 22:53:49,263 [INFO] CodeEngine:289 - Generated code: D:\STM32\Lab\Practice3-i2c-eeprom-random-number\Core\Src\stm32l4xx_hal_msp.c
2025-11-29 22:53:49,266 [INFO] CodeEngine:265 - oldGeneratedFile, D:\STM32\Lab\Practice3-i2c-eeprom-random-number\MXTmpFiles\system.tmp_save
2025-11-29 22:53:49,316 [INFO] CodeEngine:289 - Generated code: D:\STM32\Lab\Practice3-i2c-eeprom-random-number\MXTmpFiles\system.tmp
2025-11-29 22:53:49,324 [INFO] CodeEngine:321 - oldGeneratedFile, D:\STM32\Lab\Practice3-i2c-eeprom-random-number\Core\Inc\stm32l4xx_hal_conf.h_save
2025-11-29 22:53:49,373 [INFO] CodeEngine:345 - Generated code: D:\STM32\Lab\Practice3-i2c-eeprom-random-number\Core\Inc\stm32l4xx_hal_conf.h
2025-11-29 22:53:49,398 [INFO] CodeEngine:265 - oldGeneratedFile, D:\STM32\Lab\Practice3-i2c-eeprom-random-number\Core\Inc\main.h_save
2025-11-29 22:53:49,450 [INFO] CodeEngine:289 - Generated code: D:\STM32\Lab\Practice3-i2c-eeprom-random-number\Core\Inc\main.h
2025-11-29 22:53:49,454 [INFO] CodeEngine:265 - oldGeneratedFile, D:\STM32\Lab\Practice3-i2c-eeprom-random-number\Core\Src\main.c_save
2025-11-29 22:53:49,569 [INFO] CodeEngine:289 - Generated code: D:\STM32\Lab\Practice3-i2c-eeprom-random-number\Core\Src\main.c
2025-11-29 22:53:49,903 [INFO] ProjectBuilder:3606 - Time for Copy HAL[1] : 194mS.
2025-11-29 22:53:49,905 [INFO] ProjectBuilder:5216 - Project Generator version: 4.7.0-B52
2025-11-29 22:53:49,963 [INFO] ConfigFileManager:1595 - The Die is : DIE415
2025-11-29 22:53:50,604 [INFO] ProjectBuilder:5496 - Time for Generating toolchain IDE Files: 699mS.
2025-11-29 22:53:50,605 [INFO] ProjectBuilder:3463 - Time for Copy CMSIS : 0mS.
2025-11-29 22:53:50,611 [INFO] ProjectBuilder:3463 - Time for Copy CMSIS : 0mS.
2025-11-29 22:55:38,128 [INFO] Gpio:278 - dependency for GPIO [I2C1]
2025-11-29 22:55:38,205 [INFO] NvicIntPanel:101 - NVIC parent = com.st.microxplorer.plugins.ip.nvic.MultiNvicIntPanel[,0,0,0x0,invalid,layout=javax.swing.BoxLayout,alignmentX=0.0,alignmentY=0.0,border=,flags=9,maximumSize=,minimumSize=,preferredSize=]
2025-11-29 22:55:40,283 [INFO] Gpio:278 - dependency for GPIO [I2C1]
2025-11-29 22:55:40,349 [INFO] NvicIntPanel:101 - NVIC parent = com.st.microxplorer.plugins.ip.nvic.MultiNvicIntPanel[,0,0,0x0,invalid,layout=javax.swing.BoxLayout,alignmentX=0.0,alignmentY=0.0,border=,flags=9,maximumSize=,minimumSize=,preferredSize=]
2025-11-29 22:55:42,745 [INFO] Gpio:278 - dependency for GPIO [I2C1]
2025-11-29 22:55:42,812 [INFO] NvicIntPanel:101 - NVIC parent = com.st.microxplorer.plugins.ip.nvic.MultiNvicIntPanel[,0,0,0x0,invalid,layout=javax.swing.BoxLayout,alignmentX=0.0,alignmentY=0.0,border=,flags=9,maximumSize=,minimumSize=,preferredSize=]
2025-11-29 22:55:48,108 [INFO] Gpio:278 - dependency for GPIO [I2C1]
2025-11-29 22:55:48,161 [INFO] NvicIntPanel:101 - NVIC parent = com.st.microxplorer.plugins.ip.nvic.MultiNvicIntPanel[,0,0,0x0,invalid,layout=javax.swing.BoxLayout,alignmentX=0.0,alignmentY=0.0,border=,flags=9,maximumSize=,minimumSize=,preferredSize=]
2025-11-29 22:55:50,575 [INFO] Gpio:278 - dependency for GPIO [I2C1]
2025-11-29 22:55:50,609 [INFO] NvicIntPanel:101 - NVIC parent = com.st.microxplorer.plugins.ip.nvic.MultiNvicIntPanel[,0,0,0x0,invalid,layout=javax.swing.BoxLayout,alignmentX=0.0,alignmentY=0.0,border=,flags=9,maximumSize=,minimumSize=,preferredSize=]
2025-11-29 22:55:52,828 [INFO] Gpio:278 - dependency for GPIO [I2C1]
2025-11-29 22:55:52,857 [INFO] NvicIntPanel:101 - NVIC parent = com.st.microxplorer.plugins.ip.nvic.MultiNvicIntPanel[,0,0,0x0,invalid,layout=javax.swing.BoxLayout,alignmentX=0.0,alignmentY=0.0,border=,flags=9,maximumSize=,minimumSize=,preferredSize=]
2025-11-29 22:55:55,646 [INFO] Gpio:278 - dependency for GPIO [I2C1]
2025-11-29 22:55:55,679 [INFO] NvicIntPanel:101 - NVIC parent = com.st.microxplorer.plugins.ip.nvic.MultiNvicIntPanel[,0,0,0x0,invalid,layout=javax.swing.BoxLayout,alignmentX=0.0,alignmentY=0.0,border=,flags=9,maximumSize=,minimumSize=,preferredSize=]
2025-11-29 22:55:59,392 [INFO] Gpio:278 - dependency for GPIO [I2C1]
2025-11-29 22:55:59,417 [INFO] NvicIntPanel:101 - NVIC parent = com.st.microxplorer.plugins.ip.nvic.MultiNvicIntPanel[,0,0,0x0,invalid,layout=javax.swing.BoxLayout,alignmentX=0.0,alignmentY=0.0,border=,flags=9,maximumSize=,minimumSize=,preferredSize=]
2025-11-29 22:56:03,624 [INFO] Gpio:278 - dependency for GPIO [I2C1]
2025-11-29 22:56:03,653 [INFO] NvicIntPanel:101 - NVIC parent = com.st.microxplorer.plugins.ip.nvic.MultiNvicIntPanel[,0,0,0x0,invalid,layout=javax.swing.BoxLayout,alignmentX=0.0,alignmentY=0.0,border=,flags=9,maximumSize=,minimumSize=,preferredSize=]
2025-11-29 22:56:05,396 [INFO] Gpio:278 - dependency for GPIO [I2C1]
2025-11-29 22:56:05,425 [INFO] NvicIntPanel:101 - NVIC parent = com.st.microxplorer.plugins.ip.nvic.MultiNvicIntPanel[,0,0,0x0,invalid,layout=javax.swing.BoxLayout,alignmentX=0.0,alignmentY=0.0,border=,flags=9,maximumSize=,minimumSize=,preferredSize=]
2025-11-29 22:56:07,364 [INFO] Gpio:278 - dependency for GPIO [I2C1]
2025-11-29 22:56:07,390 [INFO] NvicIntPanel:101 - NVIC parent = com.st.microxplorer.plugins.ip.nvic.MultiNvicIntPanel[,0,0,0x0,invalid,layout=javax.swing.BoxLayout,alignmentX=0.0,alignmentY=0.0,border=,flags=9,maximumSize=,minimumSize=,preferredSize=]
2025-11-29 22:56:09,098 [INFO] Gpio:278 - dependency for GPIO [I2C1]
2025-11-29 22:56:09,124 [INFO] NvicIntPanel:101 - NVIC parent = com.st.microxplorer.plugins.ip.nvic.MultiNvicIntPanel[,0,0,0x0,invalid,layout=javax.swing.BoxLayout,alignmentX=0.0,alignmentY=0.0,border=,flags=9,maximumSize=,minimumSize=,preferredSize=]
2025-11-29 22:56:18,224 [INFO] NvicIntPanel:101 - NVIC parent = com.st.microxplorer.plugins.ip.nvic.MultiNvicIntPanel[,0,0,0x0,invalid,layout=javax.swing.BoxLayout,alignmentX=0.0,alignmentY=0.0,border=,flags=9,maximumSize=,minimumSize=,preferredSize=]
2025-11-29 22:56:21,968 [INFO] NvicIntPanel:101 - NVIC parent = com.st.microxplorer.plugins.ip.nvic.MultiNvicIntPanel[,0,0,0x0,invalid,layout=javax.swing.BoxLayout,alignmentX=0.0,alignmentY=0.0,border=,flags=9,maximumSize=,minimumSize=,preferredSize=]
2025-11-29 22:56:28,471 [INFO] NvicIntPanel:101 - NVIC parent = com.st.microxplorer.plugins.ip.nvic.MultiNvicIntPanel[,0,0,0x0,invalid,layout=javax.swing.BoxLayout,alignmentX=0.0,alignmentY=0.0,border=,flags=9,maximumSize=,minimumSize=,preferredSize=]
2025-11-29 22:56:29,365 [INFO] NvicIntPanel:101 - NVIC parent = com.st.microxplorer.plugins.ip.nvic.MultiNvicIntPanel[,0,0,0x0,invalid,layout=javax.swing.BoxLayout,alignmentX=0.0,alignmentY=0.0,border=,flags=9,maximumSize=,minimumSize=,preferredSize=]
2025-11-29 22:56:31,039 [INFO] NvicIntPanel:101 - NVIC parent = com.st.microxplorer.plugins.ip.nvic.MultiNvicIntPanel[,0,0,0x0,invalid,layout=javax.swing.BoxLayout,alignmentX=0.0,alignmentY=0.0,border=,flags=9,maximumSize=,minimumSize=,preferredSize=]
2025-11-29 22:56:31,862 [INFO] NvicIntPanel:101 - NVIC parent = com.st.microxplorer.plugins.ip.nvic.MultiNvicIntPanel[,0,0,0x0,invalid,layout=javax.swing.BoxLayout,alignmentX=0.0,alignmentY=0.0,border=,flags=9,maximumSize=,minimumSize=,preferredSize=]
2025-11-29 22:56:33,110 [INFO] NvicIntPanel:101 - NVIC parent = com.st.microxplorer.plugins.ip.nvic.MultiNvicIntPanel[,0,0,0x0,invalid,layout=javax.swing.BoxLayout,alignmentX=0.0,alignmentY=0.0,border=,flags=9,maximumSize=,minimumSize=,preferredSize=]
2025-11-29 22:56:37,465 [INFO] UtilMem:75 - End SaveConfig() Used Memory: 792006072 Bytes (1073741824)
2025-11-29 22:56:38,686 [INFO] UtilMem:75 - End SaveConfig() Used Memory: 814572624 Bytes (1073741824)
2025-11-29 22:56:40,384 [INFO] UtilMem:75 - End SaveConfig() Used Memory: 903162432 Bytes (1073741824)
2025-11-29 22:56:42,169 [INFO] BlockDiagram:2775 - set Specific Code input for plugin: FREERTOS
2025-11-29 22:56:42,169 [INFO] BlockDiagram:2775 - set Specific Code input for plugin: TIM1_8L4
2025-11-29 22:56:42,169 [INFO] BlockDiagram:2775 - set Specific Code input for plugin: SYS
2025-11-29 22:56:42,169 [INFO] BlockDiagram:2775 - set Specific Code input for plugin: RCC
2025-11-29 22:56:42,169 [INFO] BlockDiagram:2775 - set Specific Code input for plugin: I2C
2025-11-29 22:56:42,169 [INFO] BlockDiagram:2775 - set Specific Code input for plugin: NVIC
2025-11-29 22:56:42,169 [INFO] BlockDiagram:2775 - set Specific Code input for plugin: GPIO
2025-11-29 22:56:42,170 [INFO] CodeGenerator:892 - code generatio: config db path: C:\ST\STM32CubeIDE_1.19.0\STM32CubeIDE\plugins\com.st.stm32cube.common.mx_6.15.0.202507011659\\db\
2025-11-29 22:56:42,241 [INFO] CodeEngine:265 - oldGeneratedFile, D:\STM32\Lab\Practice3-i2c-eeprom-random-number\MXTmpFiles\license.tmp_save
2025-11-29 22:56:42,454 [INFO] CodeEngine:289 - Generated code: D:\STM32\Lab\Practice3-i2c-eeprom-random-number\MXTmpFiles\license.tmp
2025-11-29 22:56:42,546 [INFO] CodeEngine:265 - oldGeneratedFile, D:\STM32\Lab\Practice3-i2c-eeprom-random-number\MXTmpFiles\gpio.tmp_save
2025-11-29 22:56:42,679 [INFO] CodeEngine:289 - Generated code: D:\STM32\Lab\Practice3-i2c-eeprom-random-number\MXTmpFiles\gpio.tmp
2025-11-29 22:56:43,029 [INFO] Middleware:1452 - No code input for Bsp Dependency
2025-11-29 22:56:43,035 [INFO] CodeEngine:265 - oldGeneratedFile, D:\STM32\Lab\Practice3-i2c-eeprom-random-number\MXTmpFiles\rtos_inc.tmp_save
2025-11-29 22:56:43,148 [INFO] CodeEngine:289 - Generated code: D:\STM32\Lab\Practice3-i2c-eeprom-random-number\MXTmpFiles\rtos_inc.tmp
2025-11-29 22:56:43,152 [INFO] CodeEngine:265 - oldGeneratedFile, D:\STM32\Lab\Practice3-i2c-eeprom-random-number\MXTmpFiles\rtos_kernelInit.tmp_save
2025-11-29 22:56:43,253 [INFO] CodeEngine:289 - Generated code: D:\STM32\Lab\Practice3-i2c-eeprom-random-number\MXTmpFiles\rtos_kernelInit.tmp
2025-11-29 22:56:43,256 [INFO] CodeEngine:265 - oldGeneratedFile, D:\STM32\Lab\Practice3-i2c-eeprom-random-number\MXTmpFiles\rtos_kernelStart.tmp_save
2025-11-29 22:56:43,345 [INFO] CodeEngine:289 - Generated code: D:\STM32\Lab\Practice3-i2c-eeprom-random-number\MXTmpFiles\rtos_kernelStart.tmp
2025-11-29 22:56:43,349 [INFO] CodeEngine:265 - oldGeneratedFile, D:\STM32\Lab\Practice3-i2c-eeprom-random-number\MXTmpFiles\rtos_typedefs.tmp_save
2025-11-29 22:56:43,420 [INFO] CodeEngine:289 - Generated code: D:\STM32\Lab\Practice3-i2c-eeprom-random-number\MXTmpFiles\rtos_typedefs.tmp
2025-11-29 22:56:43,424 [INFO] CodeEngine:265 - oldGeneratedFile, D:\STM32\Lab\Practice3-i2c-eeprom-random-number\MXTmpFiles\rtos_vars.tmp_save
2025-11-29 22:56:43,496 [INFO] CodeEngine:289 - Generated code: D:\STM32\Lab\Practice3-i2c-eeprom-random-number\MXTmpFiles\rtos_vars.tmp
2025-11-29 22:56:43,500 [INFO] CodeEngine:265 - oldGeneratedFile, D:\STM32\Lab\Practice3-i2c-eeprom-random-number\MXTmpFiles\rtos_pfp.tmp_save
2025-11-29 22:56:43,562 [INFO] CodeEngine:289 - Generated code: D:\STM32\Lab\Practice3-i2c-eeprom-random-number\MXTmpFiles\rtos_pfp.tmp
2025-11-29 22:56:43,566 [INFO] CodeEngine:265 - oldGeneratedFile, D:\STM32\Lab\Practice3-i2c-eeprom-random-number\MXTmpFiles\rtos_obj_creat.tmp_save
2025-11-29 22:56:43,627 [INFO] CodeEngine:289 - Generated code: D:\STM32\Lab\Practice3-i2c-eeprom-random-number\MXTmpFiles\rtos_obj_creat.tmp
2025-11-29 22:56:43,630 [INFO] CodeEngine:265 - oldGeneratedFile, D:\STM32\Lab\Practice3-i2c-eeprom-random-number\MXTmpFiles\rtos_default_thread.tmp_save
2025-11-29 22:56:43,685 [INFO] CodeEngine:289 - Generated code: D:\STM32\Lab\Practice3-i2c-eeprom-random-number\MXTmpFiles\rtos_default_thread.tmp
2025-11-29 22:56:43,688 [INFO] CodeEngine:265 - oldGeneratedFile, D:\STM32\Lab\Practice3-i2c-eeprom-random-number\MXTmpFiles\rtos_threads.tmp_save
2025-11-29 22:56:43,739 [INFO] CodeEngine:289 - Generated code: D:\STM32\Lab\Practice3-i2c-eeprom-random-number\MXTmpFiles\rtos_threads.tmp
2025-11-29 22:56:43,751 [INFO] Middleware:1452 - No code input for Bsp Dependency
2025-11-29 22:56:43,758 [INFO] CodeEngine:265 - oldGeneratedFile, D:\STM32\Lab\Practice3-i2c-eeprom-random-number\MXTmpFiles\rtos_inc.tmp_save
2025-11-29 22:56:43,805 [INFO] CodeEngine:289 - Generated code: D:\STM32\Lab\Practice3-i2c-eeprom-random-number\MXTmpFiles\rtos_inc.tmp
2025-11-29 22:56:43,809 [INFO] CodeEngine:265 - oldGeneratedFile, D:\STM32\Lab\Practice3-i2c-eeprom-random-number\MXTmpFiles\rtos_kernelInit.tmp_save
2025-11-29 22:56:43,854 [INFO] CodeEngine:289 - Generated code: D:\STM32\Lab\Practice3-i2c-eeprom-random-number\MXTmpFiles\rtos_kernelInit.tmp
2025-11-29 22:56:43,859 [INFO] CodeEngine:265 - oldGeneratedFile, D:\STM32\Lab\Practice3-i2c-eeprom-random-number\MXTmpFiles\rtos_kernelStart.tmp_save
2025-11-29 22:56:43,902 [INFO] CodeEngine:289 - Generated code: D:\STM32\Lab\Practice3-i2c-eeprom-random-number\MXTmpFiles\rtos_kernelStart.tmp
2025-11-29 22:56:43,907 [INFO] CodeEngine:265 - oldGeneratedFile, D:\STM32\Lab\Practice3-i2c-eeprom-random-number\MXTmpFiles\rtos_typedefs.tmp_save
2025-11-29 22:56:43,952 [INFO] CodeEngine:289 - Generated code: D:\STM32\Lab\Practice3-i2c-eeprom-random-number\MXTmpFiles\rtos_typedefs.tmp
2025-11-29 22:56:43,956 [INFO] CodeEngine:265 - oldGeneratedFile, D:\STM32\Lab\Practice3-i2c-eeprom-random-number\MXTmpFiles\rtos_vars.tmp_save
2025-11-29 22:56:44,002 [INFO] CodeEngine:289 - Generated code: D:\STM32\Lab\Practice3-i2c-eeprom-random-number\MXTmpFiles\rtos_vars.tmp
2025-11-29 22:56:44,007 [INFO] CodeEngine:265 - oldGeneratedFile, D:\STM32\Lab\Practice3-i2c-eeprom-random-number\MXTmpFiles\rtos_pfp.tmp_save
2025-11-29 22:56:44,050 [INFO] CodeEngine:289 - Generated code: D:\STM32\Lab\Practice3-i2c-eeprom-random-number\MXTmpFiles\rtos_pfp.tmp
2025-11-29 22:56:44,055 [INFO] CodeEngine:265 - oldGeneratedFile, D:\STM32\Lab\Practice3-i2c-eeprom-random-number\MXTmpFiles\rtos_obj_creat.tmp_save
2025-11-29 22:56:44,101 [INFO] CodeEngine:289 - Generated code: D:\STM32\Lab\Practice3-i2c-eeprom-random-number\MXTmpFiles\rtos_obj_creat.tmp
2025-11-29 22:56:44,106 [INFO] CodeEngine:265 - oldGeneratedFile, D:\STM32\Lab\Practice3-i2c-eeprom-random-number\MXTmpFiles\rtos_default_thread.tmp_save
2025-11-29 22:56:44,150 [INFO] CodeEngine:289 - Generated code: D:\STM32\Lab\Practice3-i2c-eeprom-random-number\MXTmpFiles\rtos_default_thread.tmp
2025-11-29 22:56:44,155 [INFO] CodeEngine:265 - oldGeneratedFile, D:\STM32\Lab\Practice3-i2c-eeprom-random-number\MXTmpFiles\rtos_threads.tmp_save
2025-11-29 22:56:44,198 [INFO] CodeEngine:289 - Generated code: D:\STM32\Lab\Practice3-i2c-eeprom-random-number\MXTmpFiles\rtos_threads.tmp
2025-11-29 22:56:44,203 [INFO] CodeEngine:265 - oldGeneratedFile, D:\STM32\Lab\Practice3-i2c-eeprom-random-number\Core\Inc\FreeRTOSConfig.h_save
2025-11-29 22:56:44,264 [INFO] CodeEngine:289 - Generated code: D:\STM32\Lab\Practice3-i2c-eeprom-random-number\Core\Inc\FreeRTOSConfig.h
2025-11-29 22:56:44,269 [INFO] CodeEngine:265 - oldGeneratedFile, D:\STM32\Lab\Practice3-i2c-eeprom-random-number\Core\Src\freertos.c_save
2025-11-29 22:56:44,323 [INFO] CodeEngine:289 - Generated code: D:\STM32\Lab\Practice3-i2c-eeprom-random-number\Core\Src\freertos.c
2025-11-29 22:56:44,335 [INFO] CodeEngine:265 - oldGeneratedFile, D:\STM32\Lab\Practice3-i2c-eeprom-random-number\Core\Src\stm32l4xx_it.c_save
2025-11-29 22:56:44,396 [INFO] CodeEngine:289 - Generated code: D:\STM32\Lab\Practice3-i2c-eeprom-random-number\Core\Src\stm32l4xx_it.c
2025-11-29 22:56:44,401 [INFO] CodeEngine:265 - oldGeneratedFile, D:\STM32\Lab\Practice3-i2c-eeprom-random-number\Core\Inc\stm32l4xx_it.h_save
2025-11-29 22:56:44,446 [INFO] CodeEngine:289 - Generated code: D:\STM32\Lab\Practice3-i2c-eeprom-random-number\Core\Inc\stm32l4xx_it.h
2025-11-29 22:56:44,459 [INFO] CodeEngine:265 - oldGeneratedFile, D:\STM32\Lab\Practice3-i2c-eeprom-random-number\Core\Src\stm32l4xx_hal_msp.c_save
2025-11-29 22:56:44,535 [INFO] CodeEngine:289 - Generated code: D:\STM32\Lab\Practice3-i2c-eeprom-random-number\Core\Src\stm32l4xx_hal_msp.c
2025-11-29 22:56:44,538 [INFO] CodeEngine:265 - oldGeneratedFile, D:\STM32\Lab\Practice3-i2c-eeprom-random-number\MXTmpFiles\system.tmp_save
2025-11-29 22:56:44,581 [INFO] CodeEngine:289 - Generated code: D:\STM32\Lab\Practice3-i2c-eeprom-random-number\MXTmpFiles\system.tmp
2025-11-29 22:56:44,590 [INFO] CodeEngine:321 - oldGeneratedFile, D:\STM32\Lab\Practice3-i2c-eeprom-random-number\Core\Inc\stm32l4xx_hal_conf.h_save
2025-11-29 22:56:44,640 [INFO] CodeEngine:345 - Generated code: D:\STM32\Lab\Practice3-i2c-eeprom-random-number\Core\Inc\stm32l4xx_hal_conf.h
2025-11-29 22:56:44,660 [WARN] IPConfigManager:3811 - IP not found : TIM
2025-11-29 22:56:44,660 [WARN] CodeGenerator:4259 - IP not found : null
2025-11-29 22:56:44,666 [INFO] CodeEngine:265 - oldGeneratedFile, D:\STM32\Lab\Practice3-i2c-eeprom-random-number\Core\Inc\main.h_save
2025-11-29 22:56:44,716 [INFO] CodeEngine:289 - Generated code: D:\STM32\Lab\Practice3-i2c-eeprom-random-number\Core\Inc\main.h
2025-11-29 22:56:44,721 [INFO] CodeEngine:265 - oldGeneratedFile, D:\STM32\Lab\Practice3-i2c-eeprom-random-number\Core\Src\main.c_save
2025-11-29 22:56:44,811 [INFO] CodeEngine:289 - Generated code: D:\STM32\Lab\Practice3-i2c-eeprom-random-number\Core\Src\main.c
2025-11-29 22:56:45,231 [INFO] ProjectBuilder:3606 - Time for Copy HAL[1] : 243mS.
2025-11-29 22:56:45,235 [INFO] ProjectBuilder:5216 - Project Generator version: 4.7.0-B52
2025-11-29 22:56:45,303 [INFO] ConfigFileManager:1595 - The Die is : DIE415
2025-11-29 22:56:46,214 [INFO] ProjectBuilder:5496 - Time for Generating toolchain IDE Files: 979mS.
2025-11-29 22:56:46,215 [INFO] ProjectBuilder:3463 - Time for Copy CMSIS : 0mS.
2025-11-29 22:56:46,222 [INFO] ProjectBuilder:3463 - Time for Copy CMSIS : 0mS.
2025-11-29 22:57:11,847 [ERROR] AdobePublisher:162 - Exception while opening the connection: java.net.SocketTimeoutException: Connect timed out
2025-11-29 22:57:13,849 [ERROR] AdobePublisher:162 - Exception while opening the connection: java.net.SocketTimeoutException: Connect timed out
2025-11-29 22:57:14,283 [INFO] Gpio:278 - dependency for GPIO [I2C1]
2025-11-29 22:57:15,111 [INFO] NvicIntPanel:101 - NVIC parent = com.st.microxplorer.plugins.ip.nvic.MultiNvicIntPanel[,2,27,665x337,layout=javax.swing.BoxLayout,alignmentX=0.0,alignmentY=0.0,border=,flags=9,maximumSize=,minimumSize=,preferredSize=]
2025-11-29 22:59:06,479 [INFO] Gpio:278 - dependency for GPIO [I2C1]
2025-11-29 22:59:06,561 [INFO] NvicIntPanel:101 - NVIC parent = com.st.microxplorer.plugins.ip.nvic.MultiNvicIntPanel[,0,0,0x0,invalid,layout=javax.swing.BoxLayout,alignmentX=0.0,alignmentY=0.0,border=,flags=9,maximumSize=,minimumSize=,preferredSize=]
2025-11-29 22:59:08,390 [INFO] Gpio:278 - dependency for GPIO [I2C1]
2025-11-29 22:59:08,457 [INFO] NvicIntPanel:101 - NVIC parent = com.st.microxplorer.plugins.ip.nvic.MultiNvicIntPanel[,0,0,0x0,invalid,layout=javax.swing.BoxLayout,alignmentX=0.0,alignmentY=0.0,border=,flags=9,maximumSize=,minimumSize=,preferredSize=]
2025-11-29 22:59:10,151 [INFO] Gpio:278 - dependency for GPIO [I2C1]
2025-11-29 22:59:10,218 [INFO] NvicIntPanel:101 - NVIC parent = com.st.microxplorer.plugins.ip.nvic.MultiNvicIntPanel[,0,0,0x0,invalid,layout=javax.swing.BoxLayout,alignmentX=0.0,alignmentY=0.0,border=,flags=9,maximumSize=,minimumSize=,preferredSize=]
2025-11-29 22:59:11,835 [INFO] Gpio:278 - dependency for GPIO [I2C1]
2025-11-29 22:59:11,900 [INFO] NvicIntPanel:101 - NVIC parent = com.st.microxplorer.plugins.ip.nvic.MultiNvicIntPanel[,0,0,0x0,invalid,layout=javax.swing.BoxLayout,alignmentX=0.0,alignmentY=0.0,border=,flags=9,maximumSize=,minimumSize=,preferredSize=]
2025-11-29 22:59:15,417 [INFO] Gpio:278 - dependency for GPIO [I2C1]
2025-11-29 22:59:15,475 [INFO] NvicIntPanel:101 - NVIC parent = com.st.microxplorer.plugins.ip.nvic.MultiNvicIntPanel[,0,0,0x0,invalid,layout=javax.swing.BoxLayout,alignmentX=0.0,alignmentY=0.0,border=,flags=9,maximumSize=,minimumSize=,preferredSize=]
2025-11-29 22:59:20,842 [INFO] Gpio:278 - dependency for GPIO [I2C1]
2025-11-29 22:59:20,880 [INFO] NvicIntPanel:101 - NVIC parent = com.st.microxplorer.plugins.ip.nvic.MultiNvicIntPanel[,0,0,0x0,invalid,layout=javax.swing.BoxLayout,alignmentX=0.0,alignmentY=0.0,border=,flags=9,maximumSize=,minimumSize=,preferredSize=]
2025-11-29 22:59:23,035 [INFO] Gpio:278 - dependency for GPIO [I2C1]
2025-11-29 22:59:23,090 [INFO] NvicIntPanel:101 - NVIC parent = com.st.microxplorer.plugins.ip.nvic.MultiNvicIntPanel[,0,0,0x0,invalid,layout=javax.swing.BoxLayout,alignmentX=0.0,alignmentY=0.0,border=,flags=9,maximumSize=,minimumSize=,preferredSize=]
2025-11-29 22:59:25,290 [INFO] Gpio:278 - dependency for GPIO [I2C1]
2025-11-29 22:59:25,324 [INFO] NvicIntPanel:101 - NVIC parent = com.st.microxplorer.plugins.ip.nvic.MultiNvicIntPanel[,0,0,0x0,invalid,layout=javax.swing.BoxLayout,alignmentX=0.0,alignmentY=0.0,border=,flags=9,maximumSize=,minimumSize=,preferredSize=]
2025-11-29 22:59:38,881 [INFO] Gpio:278 - dependency for GPIO [I2C1]
2025-11-29 22:59:40,100 [INFO] NvicIntPanel:101 - NVIC parent = com.st.microxplorer.plugins.ip.nvic.MultiNvicIntPanel[,2,27,665x337,layout=javax.swing.BoxLayout,alignmentX=0.0,alignmentY=0.0,border=,flags=9,maximumSize=,minimumSize=,preferredSize=]
2025-11-29 22:59:45,450 [INFO] NvicIntPanel:101 - NVIC parent = com.st.microxplorer.plugins.ip.nvic.MultiNvicIntPanel[,0,0,665x331,layout=javax.swing.BoxLayout,alignmentX=0.0,alignmentY=0.0,border=,flags=9,maximumSize=,minimumSize=,preferredSize=]
2025-11-29 22:59:53,879 [INFO] UtilMem:75 - End SaveConfig() Used Memory: 800113088 Bytes (1073741824)
2025-11-29 22:59:54,899 [INFO] UtilMem:75 - End SaveConfig() Used Memory: 827929144 Bytes (1073741824)
2025-11-29 22:59:56,741 [INFO] UtilMem:75 - End SaveConfig() Used Memory: 877546304 Bytes (1073741824)
2025-11-29 22:59:58,281 [INFO] BlockDiagram:2775 - set Specific Code input for plugin: FREERTOS
2025-11-29 22:59:58,281 [INFO] BlockDiagram:2775 - set Specific Code input for plugin: TIM1_8L4
2025-11-29 22:59:58,281 [INFO] BlockDiagram:2775 - set Specific Code input for plugin: SYS
2025-11-29 22:59:58,281 [INFO] BlockDiagram:2775 - set Specific Code input for plugin: RCC
2025-11-29 22:59:58,281 [INFO] BlockDiagram:2775 - set Specific Code input for plugin: I2C
2025-11-29 22:59:58,281 [INFO] BlockDiagram:2775 - set Specific Code input for plugin: NVIC
2025-11-29 22:59:58,282 [INFO] BlockDiagram:2775 - set Specific Code input for plugin: GPIO
2025-11-29 22:59:58,282 [INFO] CodeGenerator:892 - code generatio: config db path: C:\ST\STM32CubeIDE_1.19.0\STM32CubeIDE\plugins\com.st.stm32cube.common.mx_6.15.0.202507011659\\db\
2025-11-29 22:59:58,353 [INFO] CodeEngine:265 - oldGeneratedFile, D:\STM32\Lab\Practice3-i2c-eeprom-random-number\MXTmpFiles\license.tmp_save
2025-11-29 22:59:58,559 [INFO] CodeEngine:289 - Generated code: D:\STM32\Lab\Practice3-i2c-eeprom-random-number\MXTmpFiles\license.tmp
2025-11-29 22:59:58,647 [INFO] CodeEngine:265 - oldGeneratedFile, D:\STM32\Lab\Practice3-i2c-eeprom-random-number\MXTmpFiles\gpio.tmp_save
2025-11-29 22:59:58,759 [INFO] CodeEngine:289 - Generated code: D:\STM32\Lab\Practice3-i2c-eeprom-random-number\MXTmpFiles\gpio.tmp
2025-11-29 22:59:59,093 [INFO] Middleware:1452 - No code input for Bsp Dependency
2025-11-29 22:59:59,099 [INFO] CodeEngine:265 - oldGeneratedFile, D:\STM32\Lab\Practice3-i2c-eeprom-random-number\MXTmpFiles\rtos_inc.tmp_save
2025-11-29 22:59:59,195 [INFO] CodeEngine:289 - Generated code: D:\STM32\Lab\Practice3-i2c-eeprom-random-number\MXTmpFiles\rtos_inc.tmp
2025-11-29 22:59:59,199 [INFO] CodeEngine:265 - oldGeneratedFile, D:\STM32\Lab\Practice3-i2c-eeprom-random-number\MXTmpFiles\rtos_kernelInit.tmp_save
2025-11-29 22:59:59,300 [INFO] CodeEngine:289 - Generated code: D:\STM32\Lab\Practice3-i2c-eeprom-random-number\MXTmpFiles\rtos_kernelInit.tmp
2025-11-29 22:59:59,305 [INFO] CodeEngine:265 - oldGeneratedFile, D:\STM32\Lab\Practice3-i2c-eeprom-random-number\MXTmpFiles\rtos_kernelStart.tmp_save
2025-11-29 22:59:59,411 [INFO] CodeEngine:289 - Generated code: D:\STM32\Lab\Practice3-i2c-eeprom-random-number\MXTmpFiles\rtos_kernelStart.tmp
2025-11-29 22:59:59,417 [INFO] CodeEngine:265 - oldGeneratedFile, D:\STM32\Lab\Practice3-i2c-eeprom-random-number\MXTmpFiles\rtos_typedefs.tmp_save
2025-11-29 22:59:59,520 [INFO] CodeEngine:289 - Generated code: D:\STM32\Lab\Practice3-i2c-eeprom-random-number\MXTmpFiles\rtos_typedefs.tmp
2025-11-29 22:59:59,526 [INFO] CodeEngine:265 - oldGeneratedFile, D:\STM32\Lab\Practice3-i2c-eeprom-random-number\MXTmpFiles\rtos_vars.tmp_save
2025-11-29 22:59:59,631 [INFO] CodeEngine:289 - Generated code: D:\STM32\Lab\Practice3-i2c-eeprom-random-number\MXTmpFiles\rtos_vars.tmp
2025-11-29 22:59:59,636 [INFO] CodeEngine:265 - oldGeneratedFile, D:\STM32\Lab\Practice3-i2c-eeprom-random-number\MXTmpFiles\rtos_pfp.tmp_save
2025-11-29 22:59:59,722 [INFO] CodeEngine:289 - Generated code: D:\STM32\Lab\Practice3-i2c-eeprom-random-number\MXTmpFiles\rtos_pfp.tmp
2025-11-29 22:59:59,727 [INFO] CodeEngine:265 - oldGeneratedFile, D:\STM32\Lab\Practice3-i2c-eeprom-random-number\MXTmpFiles\rtos_obj_creat.tmp_save
2025-11-29 22:59:59,807 [INFO] CodeEngine:289 - Generated code: D:\STM32\Lab\Practice3-i2c-eeprom-random-number\MXTmpFiles\rtos_obj_creat.tmp
2025-11-29 22:59:59,813 [INFO] CodeEngine:265 - oldGeneratedFile, D:\STM32\Lab\Practice3-i2c-eeprom-random-number\MXTmpFiles\rtos_default_thread.tmp_save
2025-11-29 22:59:59,882 [INFO] CodeEngine:289 - Generated code: D:\STM32\Lab\Practice3-i2c-eeprom-random-number\MXTmpFiles\rtos_default_thread.tmp
2025-11-29 22:59:59,887 [INFO] CodeEngine:265 - oldGeneratedFile, D:\STM32\Lab\Practice3-i2c-eeprom-random-number\MXTmpFiles\rtos_threads.tmp_save
2025-11-29 22:59:59,954 [INFO] CodeEngine:289 - Generated code: D:\STM32\Lab\Practice3-i2c-eeprom-random-number\MXTmpFiles\rtos_threads.tmp
2025-11-29 22:59:59,974 [INFO] Middleware:1452 - No code input for Bsp Dependency
2025-11-29 22:59:59,983 [INFO] CodeEngine:265 - oldGeneratedFile, D:\STM32\Lab\Practice3-i2c-eeprom-random-number\MXTmpFiles\rtos_inc.tmp_save
2025-11-29 23:00:00,050 [INFO] CodeEngine:289 - Generated code: D:\STM32\Lab\Practice3-i2c-eeprom-random-number\MXTmpFiles\rtos_inc.tmp
2025-11-29 23:00:00,057 [INFO] CodeEngine:265 - oldGeneratedFile, D:\STM32\Lab\Practice3-i2c-eeprom-random-number\MXTmpFiles\rtos_kernelInit.tmp_save
2025-11-29 23:00:00,122 [INFO] CodeEngine:289 - Generated code: D:\STM32\Lab\Practice3-i2c-eeprom-random-number\MXTmpFiles\rtos_kernelInit.tmp
2025-11-29 23:00:00,129 [INFO] CodeEngine:265 - oldGeneratedFile, D:\STM32\Lab\Practice3-i2c-eeprom-random-number\MXTmpFiles\rtos_kernelStart.tmp_save
2025-11-29 23:00:00,193 [INFO] CodeEngine:289 - Generated code: D:\STM32\Lab\Practice3-i2c-eeprom-random-number\MXTmpFiles\rtos_kernelStart.tmp
2025-11-29 23:00:00,199 [INFO] CodeEngine:265 - oldGeneratedFile, D:\STM32\Lab\Practice3-i2c-eeprom-random-number\MXTmpFiles\rtos_typedefs.tmp_save
2025-11-29 23:00:00,266 [INFO] CodeEngine:289 - Generated code: D:\STM32\Lab\Practice3-i2c-eeprom-random-number\MXTmpFiles\rtos_typedefs.tmp
2025-11-29 23:00:00,273 [INFO] CodeEngine:265 - oldGeneratedFile, D:\STM32\Lab\Practice3-i2c-eeprom-random-number\MXTmpFiles\rtos_vars.tmp_save
2025-11-29 23:00:00,340 [INFO] CodeEngine:289 - Generated code: D:\STM32\Lab\Practice3-i2c-eeprom-random-number\MXTmpFiles\rtos_vars.tmp
2025-11-29 23:00:00,346 [INFO] CodeEngine:265 - oldGeneratedFile, D:\STM32\Lab\Practice3-i2c-eeprom-random-number\MXTmpFiles\rtos_pfp.tmp_save
2025-11-29 23:00:00,406 [INFO] CodeEngine:289 - Generated code: D:\STM32\Lab\Practice3-i2c-eeprom-random-number\MXTmpFiles\rtos_pfp.tmp
2025-11-29 23:00:00,412 [INFO] CodeEngine:265 - oldGeneratedFile, D:\STM32\Lab\Practice3-i2c-eeprom-random-number\MXTmpFiles\rtos_obj_creat.tmp_save
2025-11-29 23:00:00,476 [INFO] CodeEngine:289 - Generated code: D:\STM32\Lab\Practice3-i2c-eeprom-random-number\MXTmpFiles\rtos_obj_creat.tmp
2025-11-29 23:00:00,482 [INFO] CodeEngine:265 - oldGeneratedFile, D:\STM32\Lab\Practice3-i2c-eeprom-random-number\MXTmpFiles\rtos_default_thread.tmp_save
2025-11-29 23:00:00,543 [INFO] CodeEngine:289 - Generated code: D:\STM32\Lab\Practice3-i2c-eeprom-random-number\MXTmpFiles\rtos_default_thread.tmp
2025-11-29 23:00:00,550 [INFO] CodeEngine:265 - oldGeneratedFile, D:\STM32\Lab\Practice3-i2c-eeprom-random-number\MXTmpFiles\rtos_threads.tmp_save
2025-11-29 23:00:00,610 [INFO] CodeEngine:289 - Generated code: D:\STM32\Lab\Practice3-i2c-eeprom-random-number\MXTmpFiles\rtos_threads.tmp
2025-11-29 23:00:00,616 [INFO] CodeEngine:265 - oldGeneratedFile, D:\STM32\Lab\Practice3-i2c-eeprom-random-number\Core\Inc\FreeRTOSConfig.h_save
2025-11-29 23:00:00,706 [INFO] CodeEngine:289 - Generated code: D:\STM32\Lab\Practice3-i2c-eeprom-random-number\Core\Inc\FreeRTOSConfig.h
2025-11-29 23:00:00,712 [INFO] CodeEngine:265 - oldGeneratedFile, D:\STM32\Lab\Practice3-i2c-eeprom-random-number\Core\Src\freertos.c_save
2025-11-29 23:00:00,776 [INFO] CodeEngine:289 - Generated code: D:\STM32\Lab\Practice3-i2c-eeprom-random-number\Core\Src\freertos.c
2025-11-29 23:00:00,793 [INFO] CodeEngine:265 - oldGeneratedFile, D:\STM32\Lab\Practice3-i2c-eeprom-random-number\Core\Src\stm32l4xx_it.c_save
2025-11-29 23:00:00,864 [INFO] CodeEngine:289 - Generated code: D:\STM32\Lab\Practice3-i2c-eeprom-random-number\Core\Src\stm32l4xx_it.c
2025-11-29 23:00:00,870 [INFO] CodeEngine:265 - oldGeneratedFile, D:\STM32\Lab\Practice3-i2c-eeprom-random-number\Core\Inc\stm32l4xx_it.h_save
2025-11-29 23:00:00,937 [INFO] CodeEngine:289 - Generated code: D:\STM32\Lab\Practice3-i2c-eeprom-random-number\Core\Inc\stm32l4xx_it.h
2025-11-29 23:00:00,953 [INFO] CodeEngine:265 - oldGeneratedFile, D:\STM32\Lab\Practice3-i2c-eeprom-random-number\Core\Src\stm32l4xx_hal_msp.c_save
2025-11-29 23:00:01,051 [INFO] CodeEngine:289 - Generated code: D:\STM32\Lab\Practice3-i2c-eeprom-random-number\Core\Src\stm32l4xx_hal_msp.c
2025-11-29 23:00:01,056 [INFO] CodeEngine:265 - oldGeneratedFile, D:\STM32\Lab\Practice3-i2c-eeprom-random-number\MXTmpFiles\system.tmp_save
2025-11-29 23:00:01,116 [INFO] CodeEngine:289 - Generated code: D:\STM32\Lab\Practice3-i2c-eeprom-random-number\MXTmpFiles\system.tmp
2025-11-29 23:00:01,127 [INFO] CodeEngine:321 - oldGeneratedFile, D:\STM32\Lab\Practice3-i2c-eeprom-random-number\Core\Inc\stm32l4xx_hal_conf.h_save
2025-11-29 23:00:01,193 [INFO] CodeEngine:345 - Generated code: D:\STM32\Lab\Practice3-i2c-eeprom-random-number\Core\Inc\stm32l4xx_hal_conf.h
2025-11-29 23:00:01,221 [WARN] IPConfigManager:3811 - IP not found : TIM
2025-11-29 23:00:01,221 [WARN] CodeGenerator:4259 - IP not found : null
2025-11-29 23:00:01,229 [INFO] CodeEngine:265 - oldGeneratedFile, D:\STM32\Lab\Practice3-i2c-eeprom-random-number\Core\Inc\main.h_save
2025-11-29 23:00:01,302 [INFO] CodeEngine:289 - Generated code: D:\STM32\Lab\Practice3-i2c-eeprom-random-number\Core\Inc\main.h
2025-11-29 23:00:01,309 [INFO] CodeEngine:265 - oldGeneratedFile, D:\STM32\Lab\Practice3-i2c-eeprom-random-number\Core\Src\main.c_save
2025-11-29 23:00:01,445 [INFO] CodeEngine:289 - Generated code: D:\STM32\Lab\Practice3-i2c-eeprom-random-number\Core\Src\main.c
2025-11-29 23:00:02,021 [INFO] ProjectBuilder:3606 - Time for Copy HAL[1] : 334mS.
2025-11-29 23:00:02,026 [INFO] ProjectBuilder:5216 - Project Generator version: 4.7.0-B52
2025-11-29 23:00:02,124 [INFO] ConfigFileManager:1595 - The Die is : DIE415
2025-11-29 23:00:03,469 [INFO] ProjectBuilder:5496 - Time for Generating toolchain IDE Files: 1443mS.
2025-11-29 23:00:03,470 [INFO] ProjectBuilder:3463 - Time for Copy CMSIS : 0mS.
2025-11-29 23:00:03,477 [INFO] ProjectBuilder:3463 - Time for Copy CMSIS : 0mS.
2025-11-29 23:01:28,903 [ERROR] AdobePublisher:162 - Exception while opening the connection: java.net.SocketTimeoutException: Connect timed out
2025-11-29 23:01:30,908 [ERROR] AdobePublisher:162 - Exception while opening the connection: java.net.SocketTimeoutException: Connect timed out
2025-11-29 23:03:47,079 [INFO] UtilMem:75 - End SaveConfig() Used Memory: 969707128 Bytes (1073741824)
2025-11-29 23:03:48,047 [INFO] UtilMem:75 - End SaveConfig() Used Memory: 992232880 Bytes (1073741824)
2025-11-29 23:03:49,580 [INFO] UtilMem:75 - End SaveConfig() Used Memory: 744309312 Bytes (1073741824)
2025-11-29 23:03:51,295 [INFO] BlockDiagram:2775 - set Specific Code input for plugin: FREERTOS
2025-11-29 23:03:51,295 [INFO] BlockDiagram:2775 - set Specific Code input for plugin: TIM1_8L4
2025-11-29 23:03:51,295 [INFO] BlockDiagram:2775 - set Specific Code input for plugin: SYS
2025-11-29 23:03:51,295 [INFO] BlockDiagram:2775 - set Specific Code input for plugin: RCC
2025-11-29 23:03:51,295 [INFO] BlockDiagram:2775 - set Specific Code input for plugin: I2C
2025-11-29 23:03:51,295 [INFO] BlockDiagram:2775 - set Specific Code input for plugin: NVIC
2025-11-29 23:03:51,296 [INFO] BlockDiagram:2775 - set Specific Code input for plugin: GPIO
2025-11-29 23:03:51,296 [INFO] CodeGenerator:892 - code generatio: config db path: C:\ST\STM32CubeIDE_1.19.0\STM32CubeIDE\plugins\com.st.stm32cube.common.mx_6.15.0.202507011659\\db\
2025-11-29 23:03:51,373 [INFO] CodeEngine:265 - oldGeneratedFile, D:\STM32\Lab\Practice3-i2c-eeprom-random-number\MXTmpFiles\license.tmp_save
2025-11-29 23:03:51,585 [INFO] CodeEngine:289 - Generated code: D:\STM32\Lab\Practice3-i2c-eeprom-random-number\MXTmpFiles\license.tmp
2025-11-29 23:03:51,677 [INFO] CodeEngine:265 - oldGeneratedFile, D:\STM32\Lab\Practice3-i2c-eeprom-random-number\MXTmpFiles\gpio.tmp_save
2025-11-29 23:03:51,803 [INFO] CodeEngine:289 - Generated code: D:\STM32\Lab\Practice3-i2c-eeprom-random-number\MXTmpFiles\gpio.tmp
2025-11-29 23:03:52,207 [INFO] Middleware:1452 - No code input for Bsp Dependency
2025-11-29 23:03:52,214 [INFO] CodeEngine:265 - oldGeneratedFile, D:\STM32\Lab\Practice3-i2c-eeprom-random-number\MXTmpFiles\rtos_inc.tmp_save
2025-11-29 23:03:52,318 [INFO] CodeEngine:289 - Generated code: D:\STM32\Lab\Practice3-i2c-eeprom-random-number\MXTmpFiles\rtos_inc.tmp
2025-11-29 23:03:52,322 [INFO] CodeEngine:265 - oldGeneratedFile, D:\STM32\Lab\Practice3-i2c-eeprom-random-number\MXTmpFiles\rtos_kernelInit.tmp_save
2025-11-29 23:03:52,420 [INFO] CodeEngine:289 - Generated code: D:\STM32\Lab\Practice3-i2c-eeprom-random-number\MXTmpFiles\rtos_kernelInit.tmp
2025-11-29 23:03:52,424 [INFO] CodeEngine:265 - oldGeneratedFile, D:\STM32\Lab\Practice3-i2c-eeprom-random-number\MXTmpFiles\rtos_kernelStart.tmp_save
2025-11-29 23:03:52,520 [INFO] CodeEngine:289 - Generated code: D:\STM32\Lab\Practice3-i2c-eeprom-random-number\MXTmpFiles\rtos_kernelStart.tmp
2025-11-29 23:03:52,524 [INFO] CodeEngine:265 - oldGeneratedFile, D:\STM32\Lab\Practice3-i2c-eeprom-random-number\MXTmpFiles\rtos_typedefs.tmp_save
2025-11-29 23:03:52,605 [INFO] CodeEngine:289 - Generated code: D:\STM32\Lab\Practice3-i2c-eeprom-random-number\MXTmpFiles\rtos_typedefs.tmp
2025-11-29 23:03:52,610 [INFO] CodeEngine:265 - oldGeneratedFile, D:\STM32\Lab\Practice3-i2c-eeprom-random-number\MXTmpFiles\rtos_vars.tmp_save
2025-11-29 23:03:52,685 [INFO] CodeEngine:289 - Generated code: D:\STM32\Lab\Practice3-i2c-eeprom-random-number\MXTmpFiles\rtos_vars.tmp
2025-11-29 23:03:52,689 [INFO] CodeEngine:265 - oldGeneratedFile, D:\STM32\Lab\Practice3-i2c-eeprom-random-number\MXTmpFiles\rtos_pfp.tmp_save
2025-11-29 23:03:52,751 [INFO] CodeEngine:289 - Generated code: D:\STM32\Lab\Practice3-i2c-eeprom-random-number\MXTmpFiles\rtos_pfp.tmp
2025-11-29 23:03:52,754 [INFO] CodeEngine:265 - oldGeneratedFile, D:\STM32\Lab\Practice3-i2c-eeprom-random-number\MXTmpFiles\rtos_obj_creat.tmp_save
2025-11-29 23:03:52,838 [INFO] CodeEngine:289 - Generated code: D:\STM32\Lab\Practice3-i2c-eeprom-random-number\MXTmpFiles\rtos_obj_creat.tmp
2025-11-29 23:03:52,844 [INFO] CodeEngine:265 - oldGeneratedFile, D:\STM32\Lab\Practice3-i2c-eeprom-random-number\MXTmpFiles\rtos_default_thread.tmp_save
2025-11-29 23:03:52,932 [INFO] CodeEngine:289 - Generated code: D:\STM32\Lab\Practice3-i2c-eeprom-random-number\MXTmpFiles\rtos_default_thread.tmp
2025-11-29 23:03:52,937 [INFO] CodeEngine:265 - oldGeneratedFile, D:\STM32\Lab\Practice3-i2c-eeprom-random-number\MXTmpFiles\rtos_threads.tmp_save
2025-11-29 23:03:53,023 [INFO] CodeEngine:289 - Generated code: D:\STM32\Lab\Practice3-i2c-eeprom-random-number\MXTmpFiles\rtos_threads.tmp
2025-11-29 23:03:53,041 [INFO] Middleware:1452 - No code input for Bsp Dependency
2025-11-29 23:03:53,051 [INFO] CodeEngine:265 - oldGeneratedFile, D:\STM32\Lab\Practice3-i2c-eeprom-random-number\MXTmpFiles\rtos_inc.tmp_save
2025-11-29 23:03:53,126 [INFO] CodeEngine:289 - Generated code: D:\STM32\Lab\Practice3-i2c-eeprom-random-number\MXTmpFiles\rtos_inc.tmp
2025-11-29 23:03:53,134 [INFO] CodeEngine:265 - oldGeneratedFile, D:\STM32\Lab\Practice3-i2c-eeprom-random-number\MXTmpFiles\rtos_kernelInit.tmp_save
2025-11-29 23:03:53,211 [INFO] CodeEngine:289 - Generated code: D:\STM32\Lab\Practice3-i2c-eeprom-random-number\MXTmpFiles\rtos_kernelInit.tmp
2025-11-29 23:03:53,219 [INFO] CodeEngine:265 - oldGeneratedFile, D:\STM32\Lab\Practice3-i2c-eeprom-random-number\MXTmpFiles\rtos_kernelStart.tmp_save
2025-11-29 23:03:53,286 [INFO] CodeEngine:289 - Generated code: D:\STM32\Lab\Practice3-i2c-eeprom-random-number\MXTmpFiles\rtos_kernelStart.tmp
2025-11-29 23:03:53,293 [INFO] CodeEngine:265 - oldGeneratedFile, D:\STM32\Lab\Practice3-i2c-eeprom-random-number\MXTmpFiles\rtos_typedefs.tmp_save
2025-11-29 23:03:53,364 [INFO] CodeEngine:289 - Generated code: D:\STM32\Lab\Practice3-i2c-eeprom-random-number\MXTmpFiles\rtos_typedefs.tmp
2025-11-29 23:03:53,371 [INFO] CodeEngine:265 - oldGeneratedFile, D:\STM32\Lab\Practice3-i2c-eeprom-random-number\MXTmpFiles\rtos_vars.tmp_save
2025-11-29 23:03:53,455 [INFO] CodeEngine:289 - Generated code: D:\STM32\Lab\Practice3-i2c-eeprom-random-number\MXTmpFiles\rtos_vars.tmp
2025-11-29 23:03:53,462 [INFO] CodeEngine:265 - oldGeneratedFile, D:\STM32\Lab\Practice3-i2c-eeprom-random-number\MXTmpFiles\rtos_pfp.tmp_save
2025-11-29 23:03:53,536 [INFO] CodeEngine:289 - Generated code: D:\STM32\Lab\Practice3-i2c-eeprom-random-number\MXTmpFiles\rtos_pfp.tmp
2025-11-29 23:03:53,542 [INFO] CodeEngine:265 - oldGeneratedFile, D:\STM32\Lab\Practice3-i2c-eeprom-random-number\MXTmpFiles\rtos_obj_creat.tmp_save
2025-11-29 23:03:53,612 [INFO] CodeEngine:289 - Generated code: D:\STM32\Lab\Practice3-i2c-eeprom-random-number\MXTmpFiles\rtos_obj_creat.tmp
2025-11-29 23:03:53,618 [INFO] CodeEngine:265 - oldGeneratedFile, D:\STM32\Lab\Practice3-i2c-eeprom-random-number\MXTmpFiles\rtos_default_thread.tmp_save
2025-11-29 23:03:53,685 [INFO] CodeEngine:289 - Generated code: D:\STM32\Lab\Practice3-i2c-eeprom-random-number\MXTmpFiles\rtos_default_thread.tmp
2025-11-29 23:03:53,691 [INFO] CodeEngine:265 - oldGeneratedFile, D:\STM32\Lab\Practice3-i2c-eeprom-random-number\MXTmpFiles\rtos_threads.tmp_save
2025-11-29 23:03:53,752 [INFO] CodeEngine:289 - Generated code: D:\STM32\Lab\Practice3-i2c-eeprom-random-number\MXTmpFiles\rtos_threads.tmp
2025-11-29 23:03:53,758 [INFO] CodeEngine:265 - oldGeneratedFile, D:\STM32\Lab\Practice3-i2c-eeprom-random-number\Core\Inc\FreeRTOSConfig.h_save
2025-11-29 23:03:53,846 [INFO] CodeEngine:289 - Generated code: D:\STM32\Lab\Practice3-i2c-eeprom-random-number\Core\Inc\FreeRTOSConfig.h
2025-11-29 23:03:53,853 [INFO] CodeEngine:265 - oldGeneratedFile, D:\STM32\Lab\Practice3-i2c-eeprom-random-number\Core\Src\freertos.c_save
2025-11-29 23:03:53,923 [INFO] CodeEngine:289 - Generated code: D:\STM32\Lab\Practice3-i2c-eeprom-random-number\Core\Src\freertos.c
2025-11-29 23:03:53,939 [INFO] CodeEngine:265 - oldGeneratedFile, D:\STM32\Lab\Practice3-i2c-eeprom-random-number\Core\Src\stm32l4xx_it.c_save
2025-11-29 23:03:54,014 [INFO] CodeEngine:289 - Generated code: D:\STM32\Lab\Practice3-i2c-eeprom-random-number\Core\Src\stm32l4xx_it.c
2025-11-29 23:03:54,020 [INFO] CodeEngine:265 - oldGeneratedFile, D:\STM32\Lab\Practice3-i2c-eeprom-random-number\Core\Inc\stm32l4xx_it.h_save
2025-11-29 23:03:54,086 [INFO] CodeEngine:289 - Generated code: D:\STM32\Lab\Practice3-i2c-eeprom-random-number\Core\Inc\stm32l4xx_it.h
2025-11-29 23:03:54,105 [INFO] CodeEngine:265 - oldGeneratedFile, D:\STM32\Lab\Practice3-i2c-eeprom-random-number\Core\Src\stm32l4xx_hal_msp.c_save
2025-11-29 23:03:54,207 [INFO] CodeEngine:289 - Generated code: D:\STM32\Lab\Practice3-i2c-eeprom-random-number\Core\Src\stm32l4xx_hal_msp.c
2025-11-29 23:03:54,213 [INFO] CodeEngine:265 - oldGeneratedFile, D:\STM32\Lab\Practice3-i2c-eeprom-random-number\MXTmpFiles\system.tmp_save
2025-11-29 23:03:54,280 [INFO] CodeEngine:289 - Generated code: D:\STM32\Lab\Practice3-i2c-eeprom-random-number\MXTmpFiles\system.tmp
2025-11-29 23:03:54,293 [INFO] CodeEngine:321 - oldGeneratedFile, D:\STM32\Lab\Practice3-i2c-eeprom-random-number\Core\Inc\stm32l4xx_hal_conf.h_save
2025-11-29 23:03:54,363 [INFO] CodeEngine:345 - Generated code: D:\STM32\Lab\Practice3-i2c-eeprom-random-number\Core\Inc\stm32l4xx_hal_conf.h
2025-11-29 23:03:54,393 [WARN] IPConfigManager:3811 - IP not found : TIM
2025-11-29 23:03:54,394 [WARN] CodeGenerator:4259 - IP not found : null
2025-11-29 23:03:54,402 [INFO] CodeEngine:265 - oldGeneratedFile, D:\STM32\Lab\Practice3-i2c-eeprom-random-number\Core\Inc\main.h_save
2025-11-29 23:03:54,475 [INFO] CodeEngine:289 - Generated code: D:\STM32\Lab\Practice3-i2c-eeprom-random-number\Core\Inc\main.h
2025-11-29 23:03:54,482 [INFO] CodeEngine:265 - oldGeneratedFile, D:\STM32\Lab\Practice3-i2c-eeprom-random-number\Core\Src\main.c_save
2025-11-29 23:03:54,622 [INFO] CodeEngine:289 - Generated code: D:\STM32\Lab\Practice3-i2c-eeprom-random-number\Core\Src\main.c
2025-11-29 23:03:55,204 [INFO] ProjectBuilder:3606 - Time for Copy HAL[1] : 323mS.
2025-11-29 23:03:55,209 [INFO] ProjectBuilder:5216 - Project Generator version: 4.7.0-B52
2025-11-29 23:03:55,314 [INFO] ConfigFileManager:1595 - The Die is : DIE415
2025-11-29 23:03:56,637 [INFO] ProjectBuilder:5496 - Time for Generating toolchain IDE Files: 1428mS.
2025-11-29 23:03:56,637 [INFO] ProjectBuilder:3463 - Time for Copy CMSIS : 0mS.
2025-11-29 23:03:56,644 [INFO] ProjectBuilder:3463 - Time for Copy CMSIS : 0mS.
