2025-11-02 08:13:45,990 [INFO] Activator:176 - 


2025-11-02 08:13:45,997 [INFO] Activator:177 - !SESSION log4j initialized
2025-11-02 08:13:52,433 [INFO] LogOutputStream:77 - [STDOUT_REDIRECT] 
2025-11-02 08:14:03,730 [INFO] ApplicationProperties:184 - Using Application install path: C:\ST\STM32CubeIDE_1.19.0\STM32CubeIDE\plugins\com.st.stm32cube.common.mx_6.15.0.202507011659
2025-11-02 08:14:03,748 [INFO] DbMcusXml:78 - Set database path to: C:\ST\STM32CubeIDE_1.19.0\STM32CubeIDE\plugins\com.st.stm32cube.common.mx_6.15.0.202507011659\\db\/mcu/
2025-11-02 08:14:03,748 [INFO] ApiDb:274 - Set plugin database path to: C:\ST\STM32CubeIDE_1.19.0\STM32CubeIDE\plugins\com.st.stm32cube.common.mx_6.15.0.202507011659\\db\/plugins/boardmanager/
2025-11-02 08:14:03,748 [WARN] ApiDb:259 - Overriding images path with different value:  => C:\ST\STM32CubeIDE_1.19.0\STM32CubeIDE\plugins\com.st.stm32cube.common.mx_6.15.0.202507011659\\db\/plugins/mcufinder/images/
2025-11-02 08:14:03,759 [INFO] ApiDb:250 - Set database path to: C:\Users\user\.stmcufinder\plugins\mcufinder//mcu/
2025-11-02 08:14:03,759 [INFO] DbMcusAds:125 - Set database path to: C:\Users\user\.stmcufinder\plugins\mcufinder//mcu/
2025-11-02 08:14:03,766 [INFO] CrossReferenceDbSqlite:203 - Set database path to: C:\Users\user\.stmcufinder\plugins\mcufinder//mcu/cs/
2025-11-02 08:14:03,893 [INFO] RulesReader:64 - Compatibility file has been processed (317 Rules)
2025-11-02 08:14:03,992 [INFO] DbMcusXml:78 - Set database path to: C:\ST\STM32CubeIDE_1.19.0\STM32CubeIDE\plugins\com.st.stm32cube.common.mx_6.15.0.202507011659\\db\/mcu/
2025-11-02 08:14:03,992 [INFO] ApiDb:274 - Set plugin database path to: C:\ST\STM32CubeIDE_1.19.0\STM32CubeIDE\plugins\com.st.stm32cube.common.mx_6.15.0.202507011659\\db\/plugins/boardmanager/
2025-11-02 08:14:03,992 [INFO] ApiDb:261 - Set plugin images path to: C:\ST\STM32CubeIDE_1.19.0\STM32CubeIDE\plugins\com.st.stm32cube.common.mx_6.15.0.202507011659\\db\/plugins/mcufinder/images/
2025-11-02 08:14:03,992 [WARN] DbFile:41 - Overriding database path with different value: C:\Users\user\.stmcufinder\plugins\mcufinder/ => C:\Users\user\.stmcufinder\plugins\mcufinder
2025-11-02 08:14:03,992 [INFO] ApiDb:250 - Set database path to: C:\Users\user\.stmcufinder\plugins\mcufinder//mcu/
2025-11-02 08:14:03,992 [WARN] DbFile:41 - Overriding database path with different value: C:\Users\user\.stmcufinder\plugins\mcufinder/ => C:\Users\user\.stmcufinder\plugins\mcufinder
2025-11-02 08:14:03,992 [INFO] DbMcusAds:125 - Set database path to: C:\Users\user\.stmcufinder\plugins\mcufinder//mcu/
2025-11-02 08:14:03,992 [WARN] DbFile:41 - Overriding database path with different value: C:\Users\user\.stmcufinder\plugins\mcufinder/ => C:\Users\user\.stmcufinder\plugins\mcufinder
2025-11-02 08:14:03,993 [WARN] DbFile:41 - Overriding database path with different value: C:\Users\user\.stmcufinder\plugins\mcufinder/ => C:\Users\user\.stmcufinder\plugins\mcufinder
2025-11-02 08:14:03,993 [INFO] CrossReferenceDbSqlite:203 - Set database path to: C:\Users\user\.stmcufinder\plugins\mcufinder//mcu/cs/
2025-11-02 08:14:04,071 [INFO] MainPanel:274 - HeapMemory: 268435456
2025-11-02 08:14:04,182 [INFO] DbMcusXml:78 - Set database path to: C:\ST\STM32CubeIDE_1.19.0\STM32CubeIDE\plugins\com.st.stm32cube.common.mx_6.15.0.202507011659\\db\/mcu/
2025-11-02 08:14:04,183 [INFO] ApiDb:274 - Set plugin database path to: C:\ST\STM32CubeIDE_1.19.0\STM32CubeIDE\plugins\com.st.stm32cube.common.mx_6.15.0.202507011659\\db\/plugins/boardmanager/
2025-11-02 08:14:04,183 [INFO] ApiDb:261 - Set plugin images path to: C:\ST\STM32CubeIDE_1.19.0\STM32CubeIDE\plugins\com.st.stm32cube.common.mx_6.15.0.202507011659\\db\/plugins/mcufinder/images/
2025-11-02 08:14:04,183 [WARN] DbFile:41 - Overriding database path with different value: C:\Users\user\.stmcufinder\plugins\mcufinder/ => C:\Users\user\.stmcufinder\plugins\mcufinder
2025-11-02 08:14:04,183 [INFO] ApiDb:250 - Set database path to: C:\Users\user\.stmcufinder\plugins\mcufinder//mcu/
2025-11-02 08:14:04,183 [WARN] DbFile:41 - Overriding database path with different value: C:\Users\user\.stmcufinder\plugins\mcufinder/ => C:\Users\user\.stmcufinder\plugins\mcufinder
2025-11-02 08:14:04,183 [INFO] DbMcusAds:125 - Set database path to: C:\Users\user\.stmcufinder\plugins\mcufinder//mcu/
2025-11-02 08:14:04,183 [WARN] DbFile:41 - Overriding database path with different value: C:\Users\user\.stmcufinder\plugins\mcufinder/ => C:\Users\user\.stmcufinder\plugins\mcufinder
2025-11-02 08:14:04,183 [WARN] DbFile:41 - Overriding database path with different value: C:\Users\user\.stmcufinder\plugins\mcufinder/ => C:\Users\user\.stmcufinder\plugins\mcufinder
2025-11-02 08:14:04,183 [INFO] CrossReferenceDbSqlite:203 - Set database path to: C:\Users\user\.stmcufinder\plugins\mcufinder//mcu/cs/
2025-11-02 08:14:04,203 [INFO] ApplicationProperties:184 - Using Application install path: C:\ST\STM32CubeIDE_1.19.0\STM32CubeIDE\plugins\com.st.stm32cube.common.mx_6.15.0.202507011659
2025-11-02 08:14:04,204 [INFO] PluginManage:196 - Search for loadable plugins [exclusion list=, ]
2025-11-02 08:14:04,205 [INFO] PluginManage:310 - Check plugin analytics
2025-11-02 08:14:04,452 [INFO] AnalyticsPlugin:253 - Accepted Software Licenses: 
2025-11-02 08:14:04,453 [INFO] AnalyticsPlugin:255 - Accepted CMSIS Pack Licenses: 
2025-11-02 08:14:04,453 [INFO] AnalyticsPlugin:257 - Accepted Firmware Licenses: FW.L4.1.18.0
2025-11-02 08:14:04,459 [INFO] PluginManage:359 - Loaded plugin analytics (category:tool,tabindex:-1)
2025-11-02 08:14:04,459 [INFO] PluginManage:310 - Check plugin cadmodel
2025-11-02 08:14:04,480 [INFO] CADModel:105 - Init CAD model plugin
2025-11-02 08:14:04,480 [INFO] PluginManage:359 - Loaded plugin cadmodel (category:power,tabindex:5)
2025-11-02 08:14:04,480 [INFO] PluginManage:310 - Check plugin clock
2025-11-02 08:14:04,497 [INFO] PluginManage:359 - Loaded plugin clock (category:base,tabindex:2)
2025-11-02 08:14:04,497 [INFO] PluginManage:310 - Check plugin ddr
2025-11-02 08:14:04,499 [INFO] PluginManage:359 - Loaded plugin ddr (category:tool,tabindex:6)
2025-11-02 08:14:04,499 [INFO] PluginManage:310 - Check plugin filemanager
2025-11-02 08:14:04,634 [INFO] PluginManage:359 - Loaded plugin filemanager (category:base,tabindex:10)
2025-11-02 08:14:04,634 [INFO] PluginManage:310 - Check plugin ipmanager
2025-11-02 08:14:04,640 [INFO] PluginManage:359 - Loaded plugin ipmanager (category:base,tabindex:5)
2025-11-02 08:14:04,641 [INFO] PluginManage:310 - Check plugin lpbam
2025-11-02 08:14:04,652 [INFO] PluginManage:359 - Loaded plugin lpbam (category:base,tabindex:0)
2025-11-02 08:14:04,652 [INFO] PluginManage:310 - Check plugin memorymap
2025-11-02 08:14:04,671 [INFO] PluginManage:359 - Loaded plugin memorymap (category:base,tabindex:4)
2025-11-02 08:14:04,671 [INFO] PluginManage:310 - Check plugin pinoutandconfiguration
2025-11-02 08:14:04,686 [INFO] PluginManage:359 - Loaded plugin pinoutandconfiguration (category:base,tabindex:1)
2025-11-02 08:14:04,686 [INFO] PluginManage:310 - Check plugin pinoutconfig
2025-11-02 08:14:04,772 [WARN] SupportedApi:132 - Cannot load RTOS API schema: s4s-elt-must-match.1: The content of 'definitions' must match (annotation?, (simpleType | complexType)?, (unique | key | keyref)*)). A problem was found starting at: attribute.
2025-11-02 08:14:04,906 [INFO] PluginManage:359 - Loaded plugin pinoutconfig (category:base,tabindex:0)
2025-11-02 08:14:04,906 [INFO] PluginManage:310 - Check plugin power
2025-11-02 08:14:04,931 [INFO] PluginManage:359 - Loaded plugin power (category:power,tabindex:4)
2025-11-02 08:14:04,931 [INFO] PluginManage:310 - Check plugin projectmanager
2025-11-02 08:14:04,945 [INFO] PluginManage:359 - Loaded plugin projectmanager (category:projectmanager,tabindex:4)
2025-11-02 08:14:04,945 [INFO] PluginManage:310 - Check plugin rif
2025-11-02 08:14:04,961 [INFO] PluginManage:359 - Loaded plugin rif (category:base,tabindex:3)
2025-11-02 08:14:04,961 [INFO] PluginManage:310 - Check plugin thirdparty
2025-11-02 08:14:05,132 [WARN] IntegrityCheckThread:84 - waiting for thirdparty lock release [integrity check]
2025-11-02 08:14:05,132 [INFO] IntegrityCheckThread:86 - entering critical section [integrity check]
2025-11-02 08:14:05,132 [INFO] ThirdPartyUpdaterWithRetryManager:70 - Updater plugin not ready yet. [1/15]
2025-11-02 08:14:05,133 [INFO] PluginManage:359 - Loaded plugin thirdparty (category:base,tabindex:-1)
2025-11-02 08:14:05,133 [INFO] PluginManage:310 - Check plugin tools
2025-11-02 08:14:05,138 [INFO] PluginManage:359 - Loaded plugin tools (category:base,tabindex:7)
2025-11-02 08:14:05,138 [INFO] PluginManage:310 - Check plugin tutovideos
2025-11-02 08:14:05,393 [INFO] PluginManage:359 - Loaded plugin tutovideos (category:base,tabindex:-1)
2025-11-02 08:14:05,393 [INFO] PluginManage:310 - Check plugin updater
2025-11-02 08:14:05,422 [INFO] PluginManage:359 - Loaded plugin updater (category:base,tabindex:12)
2025-11-02 08:14:05,422 [INFO] PluginManage:310 - Check plugin userauth
2025-11-02 08:14:05,431 [INFO] UserAuth:118 - Init User Auth plugin
2025-11-02 08:14:05,432 [INFO] PluginManage:359 - Loaded plugin userauth (category:base,tabindex:14)
2025-11-02 08:14:05,433 [INFO] PluginManage:283 - PluginManage : Loaded plugins [18]
2025-11-02 08:14:05,631 [INFO] PinOutPanel:1589 - setPackage(No Configuration,No Configuration)
2025-11-02 08:14:05,734 [INFO] CADModel:165 - CPN selected for project level
2025-11-02 08:14:05,734 [INFO] CADModel:114 - Register for checkConnection events
2025-11-02 08:14:05,753 [INFO] IPUIPlugin:80 - create IPUIPlugin
2025-11-02 08:14:05,753 [INFO] PluginManager:220 - loadIPPluginJar : add adc
2025-11-02 08:14:05,758 [INFO] IPUIPlugin:80 - create IPUIPlugin
2025-11-02 08:14:05,758 [INFO] PluginManager:220 - loadIPPluginJar : add aes
2025-11-02 08:14:05,763 [INFO] IPUIPlugin:80 - create IPUIPlugin
2025-11-02 08:14:05,763 [INFO] PluginManager:220 - loadIPPluginJar : add can
2025-11-02 08:14:05,766 [INFO] IPUIPlugin:80 - create IPUIPlugin
2025-11-02 08:14:05,766 [INFO] PluginManager:220 - loadIPPluginJar : add comp
2025-11-02 08:14:05,770 [INFO] IPUIPlugin:80 - create IPUIPlugin
2025-11-02 08:14:05,770 [INFO] PluginManager:220 - loadIPPluginJar : add cryp
2025-11-02 08:14:05,778 [INFO] IPUIPlugin:80 - create IPUIPlugin
2025-11-02 08:14:05,778 [INFO] PluginManager:220 - loadIPPluginJar : add ddr_ctrl_phy
2025-11-02 08:14:05,781 [INFO] IPUIPlugin:80 - create IPUIPlugin
2025-11-02 08:14:05,781 [INFO] PluginManager:220 - loadIPPluginJar : add dfsdm
2025-11-02 08:14:05,790 [INFO] IPUIPlugin:80 - create IPUIPlugin
2025-11-02 08:14:05,790 [INFO] PluginManager:220 - loadIPPluginJar : add dma
2025-11-02 08:14:05,794 [INFO] IPUIPlugin:80 - create IPUIPlugin
2025-11-02 08:14:05,794 [INFO] PluginManager:220 - loadIPPluginJar : add dma3
2025-11-02 08:14:05,798 [INFO] IPUIPlugin:80 - create IPUIPlugin
2025-11-02 08:14:05,798 [INFO] PluginManager:220 - loadIPPluginJar : add extmemmanager
2025-11-02 08:14:05,801 [INFO] IPUIPlugin:80 - create IPUIPlugin
2025-11-02 08:14:05,801 [INFO] PluginManager:220 - loadIPPluginJar : add fatfs
2025-11-02 08:14:05,808 [INFO] IPUIPlugin:80 - create IPUIPlugin
2025-11-02 08:14:05,808 [INFO] PluginManager:220 - loadIPPluginJar : add fmc
2025-11-02 08:14:05,818 [INFO] IPUIPlugin:80 - create IPUIPlugin
2025-11-02 08:14:05,818 [INFO] PluginManager:220 - loadIPPluginJar : add freertos
2025-11-02 08:14:05,820 [INFO] IPUIPlugin:80 - create IPUIPlugin
2025-11-02 08:14:05,821 [INFO] PluginManager:220 - loadIPPluginJar : add genericplugin
2025-11-02 08:14:05,826 [INFO] IPUIPlugin:80 - create IPUIPlugin
2025-11-02 08:14:05,826 [INFO] PluginManager:220 - loadIPPluginJar : add gfxmmu
2025-11-02 08:14:05,833 [INFO] IPUIPlugin:80 - create IPUIPlugin
2025-11-02 08:14:05,833 [INFO] PluginManager:220 - loadIPPluginJar : add gic
2025-11-02 08:14:05,841 [INFO] IPUIPlugin:80 - create IPUIPlugin
2025-11-02 08:14:05,841 [INFO] PluginManager:220 - loadIPPluginJar : add gpio
2025-11-02 08:14:05,847 [INFO] IPUIPlugin:80 - create IPUIPlugin
2025-11-02 08:14:05,847 [INFO] PluginManager:220 - loadIPPluginJar : add gtzc
2025-11-02 08:14:05,851 [INFO] IPUIPlugin:80 - create IPUIPlugin
2025-11-02 08:14:05,851 [INFO] PluginManager:220 - loadIPPluginJar : add hash
2025-11-02 08:14:05,856 [INFO] IPUIPlugin:80 - create IPUIPlugin
2025-11-02 08:14:05,856 [INFO] PluginManager:220 - loadIPPluginJar : add i2c
2025-11-02 08:14:05,860 [INFO] IPUIPlugin:80 - create IPUIPlugin
2025-11-02 08:14:05,861 [INFO] PluginManager:220 - loadIPPluginJar : add i2s
2025-11-02 08:14:05,866 [INFO] IPUIPlugin:80 - create IPUIPlugin
2025-11-02 08:14:05,866 [INFO] PluginManager:220 - loadIPPluginJar : add i3c
2025-11-02 08:14:05,871 [INFO] IPUIPlugin:80 - create IPUIPlugin
2025-11-02 08:14:05,872 [INFO] PluginManager:220 - loadIPPluginJar : add ipddr
2025-11-02 08:14:05,881 [INFO] IPUIPlugin:80 - create IPUIPlugin
2025-11-02 08:14:05,881 [INFO] PluginManager:220 - loadIPPluginJar : add linkedlist
2025-11-02 08:14:05,886 [INFO] IPUIPlugin:80 - create IPUIPlugin
2025-11-02 08:14:05,886 [INFO] PluginManager:220 - loadIPPluginJar : add lorawan
2025-11-02 08:14:05,889 [INFO] IPUIPlugin:80 - create IPUIPlugin
2025-11-02 08:14:05,890 [INFO] PluginManager:220 - loadIPPluginJar : add ltdc
2025-11-02 08:14:05,898 [INFO] IPUIPlugin:80 - create IPUIPlugin
2025-11-02 08:14:05,898 [INFO] PluginManager:220 - loadIPPluginJar : add mdma
2025-11-02 08:14:05,905 [INFO] IPUIPlugin:80 - create IPUIPlugin
2025-11-02 08:14:05,905 [INFO] PluginManager:220 - loadIPPluginJar : add nvic
2025-11-02 08:14:05,909 [INFO] IPUIPlugin:80 - create IPUIPlugin
2025-11-02 08:14:05,909 [INFO] PluginManager:220 - loadIPPluginJar : add opamp
2025-11-02 08:14:05,914 [INFO] IPUIPlugin:80 - create IPUIPlugin
2025-11-02 08:14:05,914 [INFO] PluginManager:220 - loadIPPluginJar : add openamp
2025-11-02 08:14:05,918 [INFO] IPUIPlugin:80 - create IPUIPlugin
2025-11-02 08:14:05,918 [INFO] PluginManager:220 - loadIPPluginJar : add pdm2pcm
2025-11-02 08:14:05,927 [INFO] IPUIPlugin:80 - create IPUIPlugin
2025-11-02 08:14:05,929 [INFO] PluginManager:220 - loadIPPluginJar : add plateformsettings
2025-11-02 08:14:05,933 [INFO] IPUIPlugin:80 - create IPUIPlugin
2025-11-02 08:14:05,933 [INFO] PluginManager:220 - loadIPPluginJar : add quadspi
2025-11-02 08:14:05,936 [INFO] IPUIPlugin:80 - create IPUIPlugin
2025-11-02 08:14:05,937 [INFO] PluginManager:220 - loadIPPluginJar : add radio
2025-11-02 08:14:05,945 [INFO] IPUIPlugin:80 - create IPUIPlugin
2025-11-02 08:14:05,945 [INFO] PluginManager:220 - loadIPPluginJar : add resmgrutility
2025-11-02 08:14:05,950 [INFO] IPUIPlugin:80 - create IPUIPlugin
2025-11-02 08:14:05,950 [INFO] PluginManager:220 - loadIPPluginJar : add sai
2025-11-02 08:14:05,955 [INFO] IPUIPlugin:80 - create IPUIPlugin
2025-11-02 08:14:05,955 [INFO] PluginManager:220 - loadIPPluginJar : add spi
2025-11-02 08:14:05,963 [INFO] IPUIPlugin:80 - create IPUIPlugin
2025-11-02 08:14:05,963 [INFO] PluginManager:220 - loadIPPluginJar : add stm32_wpan
2025-11-02 08:14:05,966 [INFO] IPUIPlugin:80 - create IPUIPlugin
2025-11-02 08:14:05,966 [INFO] PluginManager:220 - loadIPPluginJar : add tim
2025-11-02 08:14:05,972 [INFO] IPUIPlugin:80 - create IPUIPlugin
2025-11-02 08:14:05,972 [INFO] PluginManager:220 - loadIPPluginJar : add touchsensing
2025-11-02 08:14:05,975 [INFO] IPUIPlugin:80 - create IPUIPlugin
2025-11-02 08:14:05,975 [INFO] PluginManager:220 - loadIPPluginJar : add tracer_emb
2025-11-02 08:14:05,979 [INFO] IPUIPlugin:80 - create IPUIPlugin
2025-11-02 08:14:05,979 [INFO] PluginManager:220 - loadIPPluginJar : add ts
2025-11-02 08:14:05,981 [INFO] IPUIPlugin:80 - create IPUIPlugin
2025-11-02 08:14:05,981 [INFO] PluginManager:220 - loadIPPluginJar : add tsc
2025-11-02 08:14:05,984 [INFO] IPUIPlugin:80 - create IPUIPlugin
2025-11-02 08:14:05,984 [INFO] PluginManager:220 - loadIPPluginJar : add ucpd
2025-11-02 08:14:05,988 [INFO] IPUIPlugin:80 - create IPUIPlugin
2025-11-02 08:14:05,988 [INFO] PluginManager:220 - loadIPPluginJar : add usart
2025-11-02 08:14:05,992 [INFO] IPUIPlugin:80 - create IPUIPlugin
2025-11-02 08:14:05,992 [INFO] PluginManager:220 - loadIPPluginJar : add usbx
2025-11-02 08:14:06,109 [FATAL] Updater:351 - Updater called before beeing initialized
2025-11-02 08:14:06,151 [INFO] RulesReader:64 - Compatibility file has been processed (317 Rules)
2025-11-02 08:14:06,164 [INFO] RulesReader:64 - Compatibility file has been processed (317 Rules)
2025-11-02 08:14:06,181 [INFO] CADModel:165 - CPN selected for project level
2025-11-02 08:14:06,181 [INFO] CADModel:114 - Register for checkConnection events
2025-11-02 08:14:06,182 [FATAL] Updater:351 - Updater called before beeing initialized
2025-11-02 08:14:06,182 [ERROR] CADModel:125 - Updater not yet initialized, retry later 
2025-11-02 08:14:06,383 [FATAL] Updater:351 - Updater called before beeing initialized
2025-11-02 08:14:06,385 [INFO] CADModel:165 - CPN selected for project level
2025-11-02 08:14:06,385 [INFO] CADModel:114 - Register for checkConnection events
2025-11-02 08:14:06,385 [FATAL] Updater:351 - Updater called before beeing initialized
2025-11-02 08:14:06,385 [ERROR] CADModel:125 - Updater not yet initialized, retry later 
2025-11-02 08:14:06,388 [FATAL] Updater:351 - Updater called before beeing initialized
2025-11-02 08:14:06,547 [FATAL] Updater:351 - Updater called before beeing initialized
2025-11-02 08:14:06,569 [INFO] DbMcusAds:53 - JSON generation date=Thu Oct 02 17:36:05 CST 2025 (1759397765645)
2025-11-02 08:14:06,569 [FATAL] Updater:351 - Updater called before beeing initialized
2025-11-02 08:14:06,637 [WARN] DetailPanel:346 - Failed to get advertising image, set to default
2025-11-02 08:14:06,712 [FATAL] Updater:351 - Updater called before beeing initialized
2025-11-02 08:14:06,714 [FATAL] Updater:351 - Updater called before beeing initialized
2025-11-02 08:14:06,714 [FATAL] Updater:351 - Updater called before beeing initialized
2025-11-02 08:14:06,714 [WARN] DetailPanel:346 - Failed to get advertising image, set to default
2025-11-02 08:14:06,715 [FATAL] Updater:351 - Updater called before beeing initialized
2025-11-02 08:14:06,757 [ERROR] Updater:1198 - MainUpdater not yet initialized. External WinMGr cannot be set.
2025-11-02 08:14:06,761 [INFO] Updater:1134 - Updater Version found : 6.15.0
2025-11-02 08:14:06,774 [INFO] ApplicationProperties:184 - Using Application install path: C:\ST\STM32CubeIDE_1.19.0\STM32CubeIDE\plugins\com.st.stm32cube.common.mx_6.15.0.202507011659
2025-11-02 08:14:08,133 [INFO] ThirdPartyUpdaterWithRetryManager:70 - Updater plugin not ready yet. [2/15]
2025-11-02 08:14:08,355 [ERROR] LogOutputStream:75 - [STDERR_REDIRECT] Nov 02, 2025 8:14:08 AM java.util.prefs.WindowsPreferences <init>
2025-11-02 08:14:08,356 [ERROR] LogOutputStream:75 - [STDERR_REDIRECT] WARNING: Could not open/create prefs root node Software\JavaSoft\Prefs at root 0xffffffff80000002. Windows RegCreateKeyEx(...) returned error code 5.
2025-11-02 08:14:08,356 [ERROR] LogOutputStream:75 - [STDERR_REDIRECT] 
2025-11-02 08:14:08,780 [INFO] MainUpdater:2872 - connection check result : 10
2025-11-02 08:14:08,780 [INFO] MainUpdater:3604 - Updater definition file requires update
2025-11-02 08:14:08,781 [INFO] MainUpdater:289 - Updater Check For Update Now.
2025-11-02 08:14:08,781 [INFO] MicroXplorer:498 - Change Database Version : DB.6.0.150
2025-11-02 08:14:08,787 [INFO] McuFinderGlobals:63 - Set McuFinder mode to 2 (CubeIDE integrated)
2025-11-02 08:14:08,788 [INFO] UserAuth:171 - activating auth plugin
2025-11-02 08:14:08,790 [INFO] UserAuth:487 - Internet connection configuration mode: 1
2025-11-02 08:14:08,797 [INFO] ServerAccessManage:452 - Complete download http(s) 200
2025-11-02 08:14:08,798 [INFO] ServerAccessManage:509 - Download File updaters.zip
2025-11-02 08:14:08,827 [INFO] JxBrowserEngine:152 - Initiate JxBrowser Engine with user profile folder
2025-11-02 08:14:08,886 [INFO] FileExtend:248 - Unzip File : updaters.zip
2025-11-02 08:14:08,886 [INFO] FileExtend:263 - Standard Zip Deflate
2025-11-02 08:14:09,323 [INFO] ServerAccessManage:452 - Complete download http(s) 200
2025-11-02 08:14:09,323 [INFO] ServerAccessManage:509 - Download File PacksControlFlags.xml
2025-11-02 08:14:09,943 [INFO] ServerAccessManage:452 - Complete download http(s) 200
2025-11-02 08:14:09,944 [INFO] ServerAccessManage:509 - Download File cubemx.pidx
2025-11-02 08:14:11,021 [INFO] ServerAccessManage:452 - Complete download http(s) 200
2025-11-02 08:14:11,022 [INFO] ServerAccessManage:509 - Download File STMicroelectronics.FP-SNS-MOTENV1.pdsc
2025-11-02 08:14:11,135 [WARN] MainUpdater:1193 - Updater busy. Cannot search thirdparties
2025-11-02 08:14:11,135 [INFO] ThirdPartyUpdaterWithRetryManager:96 - Updater plugin is busy. [1/15]
2025-11-02 08:14:11,986 [INFO] WebApp:169 - Instantiating new browser for Auth
2025-11-02 08:14:12,936 [INFO] WebApp:463 - Apply proxy settings
2025-11-02 08:14:12,937 [INFO] WebApp:548 - Chromium requires no authentication
2025-11-02 08:14:12,978 [INFO] WebApp:491 - Direct internet connection detected
2025-11-02 08:14:13,069 [INFO] WebApp:900 - Register for checkConnection events
2025-11-02 08:14:13,069 [INFO] WebApp:463 - Apply proxy settings
2025-11-02 08:14:13,069 [INFO] WebApp:548 - Chromium requires no authentication
2025-11-02 08:14:13,069 [INFO] WebApp:491 - Direct internet connection detected
2025-11-02 08:14:13,288 [INFO] WebApp:191 - Connection restablished
2025-11-02 08:14:13,452 [INFO] WebApp:225 - Starting web application
2025-11-02 08:14:13,452 [INFO] WebApp:593 - Web application path used C:\ST\STM32CubeIDE_1.19.0\STM32CubeIDE\plugins\com.st.stm32cube.common.mx_6.15.0.202507011659\db\plugins\mcufinder\reactClient1\index.html
2025-11-02 08:14:14,137 [WARN] MainUpdater:1193 - Updater busy. Cannot search thirdparties
2025-11-02 08:14:14,137 [INFO] ThirdPartyUpdaterWithRetryManager:96 - Updater plugin is busy. [2/15]
2025-11-02 08:14:16,216 [INFO] ServerAccessManage:452 - Complete download http(s) 200
2025-11-02 08:14:16,216 [INFO] ServerAccessManage:509 - Download File STMicroelectronics.X-CUBE-GNSS1.pdsc
2025-11-02 08:14:17,139 [WARN] MainUpdater:1193 - Updater busy. Cannot search thirdparties
2025-11-02 08:14:17,139 [INFO] ThirdPartyUpdaterWithRetryManager:96 - Updater plugin is busy. [3/15]
2025-11-02 08:14:20,140 [WARN] MainUpdater:1193 - Updater busy. Cannot search thirdparties
2025-11-02 08:14:20,140 [INFO] ThirdPartyUpdaterWithRetryManager:96 - Updater plugin is busy. [4/15]
2025-11-02 08:14:23,142 [WARN] MainUpdater:1193 - Updater busy. Cannot search thirdparties
2025-11-02 08:14:23,142 [INFO] ThirdPartyUpdaterWithRetryManager:96 - Updater plugin is busy. [5/15]
2025-11-02 08:14:24,363 [ERROR] ServerAccessManage:1212 - Problem, file not found on Server
2025-11-02 08:14:25,145 [ERROR] ServerAccessManage:1212 - Problem, file not found on Server
2025-11-02 08:14:25,934 [ERROR] ServerAccessManage:1212 - Problem, file not found on Server
2025-11-02 08:14:26,143 [WARN] MainUpdater:1193 - Updater busy. Cannot search thirdparties
2025-11-02 08:14:26,143 [INFO] ThirdPartyUpdaterWithRetryManager:96 - Updater plugin is busy. [6/15]
2025-11-02 08:14:26,199 [ERROR] ServerAccessManage:1212 - Problem, file not found on Server
2025-11-02 08:14:26,471 [ERROR] ServerAccessManage:1212 - Problem, file not found on Server
2025-11-02 08:14:27,215 [ERROR] ServerAccessManage:1212 - Problem, file not found on Server
2025-11-02 08:14:28,103 [WARN] PackLoader:240 - Cannot read IP mode file for STMicroelectronics.FP-SNS-MOTENV1.5.1.0
2025-11-02 08:14:28,128 [WARN] PackLoader:240 - Cannot read IP mode file for STMicroelectronics.X-CUBE-GNSS1.7.1.0
2025-11-02 08:14:28,131 [INFO] PopulateThirdPartyThread:66 - Ending populate Thread
2025-11-02 08:14:28,134 [INFO] ThirdParty:1030 - CMSIS Pack Vendor :STMicroelectronics X-CUBE-GNSS1 7.1.0
2025-11-02 08:14:28,134 [INFO] ThirdParty:1030 - CMSIS Pack Vendor :STMicroelectronics FP-SNS-MOTENV1 5.1.0
2025-11-02 08:14:28,134 [INFO] LoadServerUpdatesThread:375 - End of LoadServerUpdate Thread
2025-11-02 08:14:28,147 [INFO] CheckServerUpdateThread:120 - End of CheckServer Thread
2025-11-02 08:14:29,380 [WARN] PackLoader:240 - Cannot read IP mode file for STMicroelectronics.FP-SNS-MOTENVWB1.1.4.0
2025-11-02 08:14:29,385 [WARN] PackLoader:240 - Cannot read IP mode file for STMicroelectronics.FP-ATR-ASTRA1.2.0.2
2025-11-02 08:14:29,393 [WARN] PackLoader:240 - Cannot read IP mode file for STMicroelectronics.X-CUBE-SMBUS.2.1.0
2025-11-02 08:14:29,397 [WARN] PackLoader:240 - Cannot read IP mode file for STMicroelectronics.X-CUBE-ST60.1.0.0
2025-11-02 08:14:29,421 [WARN] PackLoader:240 - Cannot read IP mode file for STMicroelectronics.X-CUBE-AZRTOS-F7.1.1.0
2025-11-02 08:14:29,429 [WARN] PackLoader:240 - Cannot read IP mode file for STMicroelectronics.FP-SNS-MOTENV1.5.1.0
2025-11-02 08:14:29,438 [WARN] PackLoader:240 - Cannot read IP mode file for WES.I-CUBE-Cesium.1.4.0
2025-11-02 08:14:29,458 [WARN] PackLoader:240 - Cannot read IP mode file for Infineon.AIROC-Wi-Fi-Bluetooth-STM32.1.7.1
2025-11-02 08:14:29,483 [WARN] PackLoader:240 - Cannot read IP mode file for STMicroelectronics.X-CUBE-AZRTOS-H7.3.4.0
2025-11-02 08:14:29,492 [WARN] PackLoader:240 - Cannot read IP mode file for STMicroelectronics.X-CUBE-DISPLAY.3.0.0
2025-11-02 08:14:29,502 [WARN] PackLoader:240 - Cannot read IP mode file for STMicroelectronics.X-CUBE-NFC10.1.0.0
2025-11-02 08:14:29,507 [WARN] PackLoader:240 - Cannot read IP mode file for STMicroelectronics.X-CUBE-ST60.1.1.0
2025-11-02 08:14:29,513 [WARN] PackLoader:240 - Cannot read IP mode file for emotas.I-CUBE-CANOPEN.1.3.0
2025-11-02 08:14:29,517 [WARN] PackLoader:240 - Cannot read IP mode file for STMicroelectronics.X-CUBE-GNSS1.7.1.0
2025-11-02 08:14:29,524 [WARN] PackLoader:240 - Cannot read IP mode file for STMicroelectronics.FP-SNS-STBOX1.2.1.0
2025-11-02 08:14:29,531 [WARN] PackLoader:240 - Cannot read IP mode file for STMicroelectronics.FP-SNS-SMARTAG2.1.2.0
2025-11-02 08:14:29,534 [WARN] PackLoader:240 - Cannot read IP mode file for STMicroelectronics.FP-SNS-FLIGHT1.5.1.0
2025-11-02 08:14:29,544 [INFO] LogOutputStream:77 - [STDOUT_REDIRECT] 1 : Invalid condition id : UX_CORESTACK_Condition cause : null
2025-11-02 08:14:29,545 [INFO] LogOutputStream:77 - [STDOUT_REDIRECT] 1 : Invalid condition id : UX_CORESTACK_Condition cause : null
2025-11-02 08:14:29,547 [INFO] LogOutputStream:77 - [STDOUT_REDIRECT] 1 : Invalid condition id : UX_CORESTACK_Condition cause : null
2025-11-02 08:14:29,548 [INFO] LogOutputStream:77 - [STDOUT_REDIRECT] 1 : Invalid condition id : UX_CORESTACK_Condition cause : null
2025-11-02 08:14:29,549 [INFO] LogOutputStream:77 - [STDOUT_REDIRECT] 1 : Invalid condition id : UX_CORESTACK_Condition cause : null
2025-11-02 08:14:29,552 [WARN] PackLoader:240 - Cannot read IP mode file for STMicroelectronics.X-CUBE-AZRTOS-WL.2.0.0
2025-11-02 08:14:29,556 [WARN] PackLoader:240 - Cannot read IP mode file for STMicroelectronics.FP-SNS-MOTENV1.5.0.0
2025-11-02 08:14:29,563 [WARN] PackLoader:240 - Cannot read IP mode file for STMicroelectronics.X-CUBE-BLE2.3.3.0
2025-11-02 08:14:29,569 [WARN] PackLoader:240 - Cannot read IP mode file for STMicroelectronics.X-CUBE-NFC9.1.0.0
2025-11-02 08:14:29,576 [WARN] PackLoader:240 - Cannot read IP mode file for wolfSSL.I-CUBE-wolfSSL.5.8.2
2025-11-02 08:14:29,581 [WARN] PackLoader:240 - Cannot read IP mode file for STMicroelectronics.X-CUBE-BLE1.7.1.0
2025-11-02 08:14:29,584 [WARN] PackLoader:240 - Cannot read IP mode file for wolfSSL.I-CUBE-wolfMQTT.1.19.2
2025-11-02 08:14:29,589 [WARN] PackLoader:240 - Cannot read IP mode file for STMicroelectronics.X-CUBE-EEPRMA1.5.2.0
2025-11-02 08:14:29,595 [WARN] PackLoader:240 - Cannot read IP mode file for STMicroelectronics.X-CUBE-ST67W61.1.1.0
2025-11-02 08:14:29,608 [WARN] PackLoader:240 - Cannot read IP mode file for STMicroelectronics.X-CUBE-AZRTOS-G0.1.1.0
2025-11-02 08:14:29,615 [WARN] PackLoader:240 - Cannot read IP mode file for STMicroelectronics.X-CUBE-SAFEA1.1.2.2
2025-11-02 08:14:29,621 [WARN] PackLoader:240 - Cannot read IP mode file for STMicroelectronics.X-CUBE-NFC4.3.0.0
2025-11-02 08:14:29,691 [WARN] PackLoader:240 - Cannot read IP mode file for EmbeddedOffice.I-CUBE-FS-RTOS.1.0.1
2025-11-02 08:14:29,696 [WARN] PackLoader:240 - Cannot read IP mode file for STMicroelectronics.X-CUBE-WB05N.2.0.0
2025-11-02 08:14:29,700 [WARN] PackLoader:240 - Cannot read IP mode file for wolfSSL.I-CUBE-wolfTPM.3.8.0
2025-11-02 08:14:29,705 [WARN] PackLoader:240 - Cannot read IP mode file for STMicroelectronics.X-CUBE-TCPP.4.2.0
2025-11-02 08:14:29,710 [WARN] PackLoader:240 - Cannot read IP mode file for RealThread.X-CUBE-RT-Thread_Nano.4.1.1
2025-11-02 08:14:29,714 [WARN] PackLoader:240 - Cannot read IP mode file for STMicroelectronics.FP-ATR-SIGFOX1.3.2.0
2025-11-02 08:14:29,720 [WARN] PackLoader:240 - Cannot read IP mode file for ITTIA_DB.I-CUBE-ITTIADB.8.9.0
2025-11-02 08:14:29,724 [WARN] PackLoader:240 - Cannot read IP mode file for STMicroelectronics.X-CUBE-ST67W61.1.0.0
2025-11-02 08:14:29,729 [WARN] PackLoader:240 - Cannot read IP mode file for STMicroelectronics.X-CUBE-AI.10.2.0
2025-11-02 08:14:29,756 [WARN] PackLoader:240 - Cannot read IP mode file for SEGGER.I-CUBE-embOS.1.3.1
2025-11-02 08:14:29,816 [WARN] PackLoader:240 - Cannot read IP mode file for STMicroelectronics.X-CUBE-ALGOBUILD.1.4.0
2025-11-02 08:14:29,857 [WARN] PackLoader:240 - Cannot read IP mode file for STMicroelectronics.X-CUBE-MEMS1.11.3.0
2025-11-02 08:14:29,961 [WARN] PackLoader:240 - Cannot read IP mode file for STMicroelectronics.X-CUBE-PM33A1.1.0.0
2025-11-02 08:14:29,976 [WARN] PackLoader:240 - Cannot read IP mode file for STMicroelectronics.X-CUBE-AZRTOS-F4.1.1.0
2025-11-02 08:14:29,982 [WARN] PackLoader:240 - Cannot read IP mode file for Avnet-IotConnect.X-CUBE-IoTC-DA16k-PMOD.1.0.0
2025-11-02 08:14:29,985 [WARN] PackLoader:240 - Cannot read IP mode file for STMicroelectronics.X-CUBE-ISPU.2.1.0
2025-11-02 08:14:29,998 [WARN] PackLoader:240 - Cannot read IP mode file for STMicroelectronics.X-CUBE-IPS.3.2.0
2025-11-02 08:14:30,009 [WARN] PackLoader:240 - Cannot read IP mode file for STMicroelectronics.X-CUBE-NFC12.1.0.0
2025-11-02 08:14:30,024 [WARN] PackLoader:240 - Cannot read IP mode file for STMicroelectronics.X-CUBE-AZRTOS-L5.2.0.0
2025-11-02 08:14:30,033 [WARN] PackLoader:240 - Cannot read IP mode file for STMicroelectronics.X-CUBE-NFC6.3.1.0
2025-11-02 08:14:30,039 [WARN] PackLoader:240 - Cannot read IP mode file for STMicroelectronics.X-CUBE-FREERTOS.1.3.1
2025-11-02 08:14:30,044 [WARN] PackLoader:240 - Cannot read IP mode file for STMicroelectronics.X-CUBE-TOUCHGFX.4.26.0
2025-11-02 08:14:30,048 [WARN] PackLoader:240 - Cannot read IP mode file for STMicroelectronics.FP-SNS-STAIOTCFT.1.0.0
2025-11-02 08:14:30,053 [WARN] PackLoader:240 - Cannot read IP mode file for STMicroelectronics.X-CUBE-DPower.1.3.0
2025-11-02 08:14:30,067 [WARN] ConditionMgr:438 - getConditionDescription Invalid condition id : LAN8742 Phy interface Condition cause : null
2025-11-02 08:14:30,067 [WARN] PackLoader:240 - Cannot read IP mode file for STMicroelectronics.X-CUBE-AZRTOS-L4.2.0.0
2025-11-02 08:14:30,068 [WARN] ConditionMgr:1044 - genDependencies : Invalid condition id : LAN8742 Phy interface Condition cause : null
2025-11-02 08:14:30,069 [WARN] ConditionMgr:1044 - genDependencies : Invalid condition id : LAN8742 Phy interface Condition cause : null
2025-11-02 08:14:30,069 [WARN] ConditionMgr:1044 - genDependencies : Invalid condition id : LAN8742 Phy interface Condition cause : null
2025-11-02 08:14:30,080 [WARN] PackLoader:240 - Cannot read IP mode file for STMicroelectronics.X-CUBE-SFXS2LP1.4.0.0
2025-11-02 08:14:30,091 [WARN] PackLoader:240 - Cannot read IP mode file for STMicroelectronics.X-CUBE-BLEMGR.4.1.0
2025-11-02 08:14:30,104 [WARN] ConditionMgr:438 - getConditionDescription Invalid condition id : UX DEVICE CLASS RTOS Condition cause : null
2025-11-02 08:14:30,104 [WARN] ConditionMgr:438 - getConditionDescription Invalid condition id : UX DEVICE CLASS RTOS Condition cause : null
2025-11-02 08:14:30,105 [WARN] PackLoader:240 - Cannot read IP mode file for STMicroelectronics.X-CUBE-AZRTOS-WB.2.0.0
2025-11-02 08:14:30,106 [WARN] ConditionMgr:1044 - genDependencies : Invalid condition id : UX DEVICE CLASS RTOS Condition cause : null
2025-11-02 08:14:30,106 [WARN] ConditionMgr:1044 - genDependencies : Invalid condition id : UX DEVICE CLASS RTOS Condition cause : null
2025-11-02 08:14:30,106 [WARN] ConditionMgr:1044 - genDependencies : Invalid condition id : UX DEVICE CLASS RTOS Condition cause : null
2025-11-02 08:14:30,106 [WARN] ConditionMgr:1044 - genDependencies : Invalid condition id : UX DEVICE CLASS RTOS Condition cause : null
2025-11-02 08:14:30,106 [WARN] ConditionMgr:1044 - genDependencies : Invalid condition id : UX DEVICE CLASS RTOS Condition cause : null
2025-11-02 08:14:30,112 [WARN] PackLoader:240 - Cannot read IP mode file for STMicroelectronics.X-CUBE-GNSS1.7.0.1
2025-11-02 08:14:30,115 [WARN] PackLoader:240 - Cannot read IP mode file for STMicroelectronics.X-CUBE-TOUCHGFX.4.25.0
2025-11-02 08:14:30,119 [WARN] ConditionMgr:438 - getConditionDescription Invalid condition id : Cortex-A Device cause : null
2025-11-02 08:14:30,135 [WARN] ConditionMgr:1044 - genDependencies : Invalid condition id : Cortex-A Device cause : null
2025-11-02 08:14:30,135 [WARN] ConditionMgr:1044 - genDependencies : Invalid condition id : Cortex-A Device cause : null
2025-11-02 08:14:30,135 [WARN] ConditionMgr:1044 - genDependencies : Invalid condition id : Cortex-A Device cause : null
2025-11-02 08:14:30,144 [WARN] PackLoader:240 - Cannot read IP mode file for STMicroelectronics.X-CUBE-SUBG2.5.0.0
2025-11-02 08:14:30,165 [WARN] PackLoader:240 - Cannot read IP mode file for STMicroelectronics.X-CUBE-AZRTOS-H7RS.1.1.0
2025-11-02 08:14:30,171 [WARN] PackLoader:240 - Cannot read IP mode file for Cesanta.I-CUBE-Mongoose.7.13.0
2025-11-02 08:14:30,183 [WARN] PackLoader:240 - Cannot read IP mode file for STMicroelectronics.X-CUBE-AZRTOS-G4.2.0.0
2025-11-02 08:14:30,188 [WARN] PackLoader:240 - Cannot read IP mode file for wolfSSL.I-CUBE-wolfSSH.1.4.20
2025-11-02 08:14:30,193 [WARN] PackLoader:240 - Cannot read IP mode file for STMicroelectronics.X-CUBE-NFC7.2.0.0
2025-11-02 08:14:30,205 [WARN] PackLoader:240 - Cannot read IP mode file for STMicroelectronics.X-CUBE-IPS.3.1.0
2025-11-02 08:14:30,215 [WARN] PackLoader:240 - Cannot read IP mode file for STMicroelectronics.X-CUBE-ALS.1.0.2
2025-11-02 08:14:30,221 [WARN] PackLoader:240 - Cannot read IP mode file for STMicroelectronics.X-CUBE-STSE01.1.0.0
2025-11-02 08:14:30,238 [WARN] PackLoader:240 - Cannot read IP mode file for STMicroelectronics.X-CUBE-TOF1.3.4.3
2025-11-02 08:14:30,249 [INFO] ThirdParty:978 - Integrity check success = true
2025-11-02 08:14:30,249 [INFO] IntegrityCheckThread:100 - exiting critical section [integrity check]
2025-11-02 08:14:30,249 [INFO] IntegrityCheckThread:103 - End integrity checks thread
2025-11-02 11:28:52,320 [INFO] McuFinderGlobals:63 - Set McuFinder mode to 2 (CubeIDE integrated)
2025-11-02 11:28:52,329 [INFO] MainUpdater:2872 - connection check result : 10
2025-11-02 11:28:52,337 [INFO] McuFinderGlobals:76 - Set McuFinderConnectedMode to true
2025-11-02 11:28:53,112 [INFO] ServerAccessManage:452 - Complete download http(s) 200
2025-11-02 11:28:53,113 [INFO] ServerAccessManage:509 - Download File mcusAds.json._tmp_
2025-11-02 11:28:53,239 [INFO] LoadUrlFilesThread:156 - End of LoadUrlFiles Thread
2025-11-02 11:28:53,397 [INFO] ServerAccessManage:452 - Complete download http(s) 200
2025-11-02 11:28:53,399 [INFO] ServerAccessManage:509 - Download File cube-finder-db.zip
2025-11-02 11:28:58,031 [INFO] FileExtend:248 - Unzip File : cube-finder-db.zip
2025-11-02 11:28:58,031 [INFO] FileExtend:263 - Standard Zip Deflate
2025-11-02 11:28:58,671 [INFO] LoadUrlFilesThread:156 - End of LoadUrlFiles Thread
2025-11-02 11:28:59,890 [INFO] ServerAccessManage:452 - Complete download http(s) 200
2025-11-02 11:28:59,891 [INFO] ServerAccessManage:509 - Download File crdb.zip
2025-11-02 11:29:01,106 [INFO] FileExtend:248 - Unzip File : crdb.zip
2025-11-02 11:29:01,106 [INFO] FileExtend:263 - Standard Zip Deflate
2025-11-02 11:29:01,237 [INFO] LoadUrlFilesThread:156 - End of LoadUrlFiles Thread
2025-11-02 11:29:01,353 [INFO] ServerAccessManage:452 - Complete download http(s) 200
2025-11-02 11:29:01,354 [INFO] ServerAccessManage:509 - Download File tutoVideoDB.zip
2025-11-02 11:29:01,368 [INFO] FileExtend:248 - Unzip File : tutoVideoDB.zip
2025-11-02 11:29:01,368 [INFO] FileExtend:263 - Standard Zip Deflate
2025-11-02 11:29:01,488 [INFO] LoadUrlFilesThread:156 - End of LoadUrlFiles Thread
2025-11-02 11:29:01,491 [WARN] DbFile:41 - Overriding database path with different value: C:\Users\user\.stmcufinder\plugins\mcufinder/ => C:\Users\user\.stmcufinder\plugins\mcufinder
2025-11-02 11:29:01,611 [INFO] ServerAccessManage:452 - Complete download http(s) 200
2025-11-02 11:29:01,612 [INFO] ServerAccessManage:509 - Download File api_config.json
2025-11-02 11:29:01,727 [INFO] LoadUrlFilesThread:156 - End of LoadUrlFiles Thread
2025-11-02 11:29:01,730 [INFO] DbMcusAds:53 - JSON generation date=Thu Oct 02 17:36:05 CST 2025 (1759397765645)
2025-11-02 11:29:01,769 [INFO] LoadUrlFilesThread:185 - End of LoadServerUrlFiles without Thread
2025-11-02 11:29:01,769 [INFO] TargetSelectorAdapter:259 - Refresh data is successful
2025-11-02 11:29:01,902 [INFO] ApiDb:581 - Connected to CubeFinder SQLite database (C:\Users\user\.stmcufinder\plugins\mcufinder\mcu\cube-finder-db.db)
2025-11-02 11:29:01,965 [INFO] ApiDb:668 - CubeFinder database Data Model version=2.1
2025-11-02 11:29:01,965 [INFO] ApiDb:669 - CubeFinder database Configuration version=3.0.39
2025-11-02 11:29:01,969 [INFO] ApiDb:670 - CubeFinder database generation date=2025-10-27 (1761571959)
2025-11-02 11:29:01,969 [INFO] ApiDb:671 - CubeFinder database FW Pack versions=[FP-ATR-ASTRA1_V2.0.0, FP-SNS-FLIGHT1_V5.1.0, FP-SNS-MOTENV1_V5.0.0, FP-SNS-MOTENVWB1_V1.4.0, FP-SNS-SMARTAG2_V1.2.0, FP-SNS-STBOX1_V2.1.0, STM32Cube_FW_C0_V1.4.0, STM32Cube_FW_F4_V1.28.3, STM32Cube_FW_F7_V1.17.4, STM32Cube_FW_G0_V1.6.2, STM32Cube_FW_G4_V1.6.1, STM32Cube_FW_H5_V1.5.0, STM32Cube_FW_H7RS_V1.2.0, STM32Cube_FW_H7_V1.12.1, STM32Cube_FW_L0_V1.12.2, STM32Cube_FW_L4_V1.18.1, STM32Cube_FW_L5_V1.5.1, STM32Cube_FW_N6_V1.2.0, STM32Cube_FW_U0_V1.3.0, STM32Cube_FW_U3_V1.2.1, STM32Cube_FW_U5_V1.8.0, STM32Cube_FW_WB0_V1.3.0, STM32Cube_FW_WBA_V1.7.0, STM32Cube_FW_WB_V1.23.0, STM32Cube_FW_WL3_V1.2.0, STM32Cube_FW_WL_V1.3.1, X-CUBE-ALGOBUILD_V1.4.0, X-CUBE-ALS_V1.0.2, X-CUBE-AZRTOS-F4_V1.1.0, X-CUBE-AZRTOS-F7_V1.1.0, X-CUBE-AZRTOS-G0_V1.1.0, X-CUBE-AZRTOS-G4_V2.0.0, X-CUBE-AZRTOS-H7RS_V1.1.0, X-CUBE-AZRTOS-H7_V3.4.0, X-CUBE-AZRTOS-L4_V2.0.0, X-CUBE-AZRTOS-L5_V2.0.0, X-CUBE-AZRTOS-WB_V2.0.0, X-CUBE-AZRTOS-WL_V2.0.0, X-CUBE-BLE1_V7.1.0, X-CUBE-BLE2_V3.3.0, X-CUBE-BLEMGR_V4.1.0, X-CUBE-EEPRMA1_V5.2.0, X-CUBE-FREERTOS_V1.3.1, X-CUBE-GNSS1_V6.0.0, X-CUBE-MEMS1_V11.3.0, X-CUBE-NFC4_V3.0.0, X-CUBE-NFC7_V2.0.0, X-CUBE-SFXS2LP1_V4.0.0, X-CUBE-ST67W61_V1.1.0, X-CUBE-SUBG2_V5.0.0, X-CUBE-TOF1_V3.4.3]
2025-11-02 11:29:03,615 [INFO] ApiDb:240 - Found 880 in-development CPN: [B-G473E-ZEST1S, B-WB1M-WPAN1, B-WBA5M-WPAN, B-WL5M-SUBG1, NUCLEO-C031C6, NUCLEO-C051C8, NUCLEO-C071RB, NUCLEO-C092RC, NUCLEO-H503RB, NUCLEO-H533RE, NUCLEO-H563ZI, NUCLEO-H7S3L8, NUCLEO-N657X0-Q, NUCLEO-U031R8, NUCLEO-U083RC, NUCLEO-U385RG-Q, NUCLEO-U545RE-Q, NUCLEO-U5A5ZJ-Q, NUCLEO-WB05KZ, NUCLEO-WB07CC, NUCLEO-WB09KE, NUCLEO-WBA52CG, NUCLEO-WBA55CG, NUCLEO-WL33CC1, NUCLEO-WL33CC2, STEVAL-PROTEUS1, STEVAL-SMARTAG2, STEVAL-STWINBX1, STM320518-EVAL, STM32C0116-DK, STM32C011D6Y3TR, STM32C011D6Y6TR, STM32C011F4P3, STM32C011F4P6, STM32C011F4U3, STM32C011F4U6TR, STM32C011F6P3, STM32C011F6P6, STM32C011F6U3, STM32C011F6U6TR, STM32C011J4M3, STM32C011J4M6, STM32C011J6M3, STM32C011J6M6, STM32C0316-DK, STM32C031C4T3, STM32C031C4T6, STM32C031C4U3, STM32C031C4U6, STM32C031C6T3, STM32C031C6T6, STM32C031C6U3, STM32C031C6U6, STM32C031F4P3, STM32C031F4P6, STM32C031F6P3, STM32C031F6P6, STM32C031G4U3, STM32C031G4U6, STM32C031G6U3, STM32C031G6U6, STM32C031K4T3, STM32C031K4T6, STM32C031K4U3, STM32C031K4U6, STM32C031K6T3, STM32C031K6T6, STM32C031K6U3, STM32C031K6U6, STM32C051C6T6, STM32C051C6U6, STM32C051C8T6, STM32C051C8U6, STM32C051D8Y6TR, STM32C051F6P6, STM32C051F8P6, STM32C051G6U6, STM32C051G8U6, STM32C051K6T6, STM32C051K6U6, STM32C051K8T6, STM32C071C8T6, STM32C071C8T6N, STM32C071C8U6, STM32C071C8U6N, STM32C071CBT6, STM32C071CBT6N, STM32C071CBU6, STM32C071CBU6N, STM32C071F8P6, STM32C071F8P6N, STM32C071FBP6, STM32C071FBP6N, STM32C071FBY6TR, STM32C071G8U6, STM32C071G8U6N, STM32C071GBU6, STM32C071GBU6N, STM32C071K8T6, STM32C071K8T6N, STM32C071K8U6, STM32C071K8U6N, STM32C071KBT6, STM32C071KBT6N, STM32C071KBU6, STM32C071KBU6N, STM32C071R8T6, STM32C071R8T6N, STM32C071RBI6N, STM32C071RBT6, STM32C071RBT6N, STM32C091CBT6, STM32C091CBU6, STM32C091CCT6, STM32C091CCU6, STM32C091ECY6TR, STM32C091FBP6, STM32C091FCP6, STM32C091GBU6, STM32C091GCU6, STM32C091KBT6, STM32C091KBU6, STM32C091KCT6, STM32C091KCU6, STM32C091RBT6, STM32C091RCI6, STM32C091RCT6, STM32C092CBT6, STM32C092CBU6, STM32C092CCT6, STM32C092CCU6, STM32C092ECY6TR, STM32C092FBP6, STM32C092FCP6, STM32C092GBU6, STM32C092GCU6, STM32C092KBT6, STM32C092KBU6, STM32C092KCT6, STM32C092KCU6, STM32C092RBT6, STM32C092RCI6, STM32C092RCT6, STM32G071K8TXN, STM32G071K8UXN, STM32G081GBU6N, STM32G081KBT6N, STM32G081KBUXN, STM32G0B1CCT6N, STM32G0B1KCT6, STM32G0B1NEY6TR, STM32G0B1RCT6N, STM32G0C1CCT6, STM32G0C1CCT6N, STM32G0C1CCU6N, STM32G0C1CET6N, STM32G0C1CEU6N, STM32G0C1KCT6, STM32G0C1NEY6TR, STM32G0C1RCI6N, STM32G0C1RCT6N, STM32G0C1REI6N, STM32G0C1RET6N, STM32G0C1VCI6, STM32G0C1VEI6, STM32G411C6T3, STM32G411C6T6, STM32G411C6U3, STM32G411C6U6, STM32G411C8T3, STM32G411C8T6, STM32G411C8U3, STM32G411C8U6, STM32G411CBT3, STM32G411CBT6, STM32G411CBU3, STM32G411CBU6, STM32G411K6T3, STM32G411K6T6, STM32G411K6U3, STM32G411K6U6, STM32G411K8T3, STM32G411K8T6, STM32G411K8U3, STM32G411K8U6, STM32G411KBT3, STM32G411KBT6, STM32G411KBU3, STM32G411KBU6, STM32G411M6T3, STM32G411M6T6, STM32G411M8T3, STM32G411M8T6, STM32G411MBT3, STM32G411MBT6, STM32G411R6T3, STM32G411R6T6, STM32G411R8T3, STM32G411R8T6, STM32G411RBT3, STM32G411RBT6, STM32G414CBT3, STM32G414CBT6, STM32G414CBU3, STM32G414CBU6, STM32G414CCT3, STM32G414CCT6, STM32G414CCU3, STM32G414CCU6, STM32G414MBT3, STM32G414MBT6, STM32G414MCT3, STM32G414MCT6, STM32G414RBT3, STM32G414RBT6, STM32G414RCT3, STM32G414RCT6, STM32G414VBT3, STM32G414VBT6, STM32G414VCT3, STM32G414VCT6, STM32G431CBT3Z, STM32G431RBT3Z, STM32G471CCT6, STM32G471CCU6, STM32G471CET3, STM32G471CET6, STM32G471CEU3, STM32G471CEU6, STM32G471MCT6, STM32G471MET3, STM32G471MET6, STM32G471MEY6TR, STM32G471QCT6, STM32G471QET3, STM32G471RCT6, STM32G471RET3, STM32G471RET6, STM32G471VCH6, STM32G471VCI6, STM32G471VCT6, STM32G471VEH3, STM32G471VEH6, STM32G471VEI3, STM32G471VEI6, STM32G471VET3, STM32G471VET6, STM32G473QET3Z, STM32G473RET3Z, STM32G474CCT6, STM32G491RET3Z, STM32H503CBT6, STM32H503CBU6, STM32H503EBY6TR, STM32H503KBU6, STM32H503RBT6, STM32H523CCT6, STM32H523CCU6, STM32H523CET6, STM32H523CEU6, STM32H523HEY6TR, STM32H523RCT6, STM32H523RET6, STM32H523VCI6, STM32H523VCT6, STM32H523VEI6, STM32H523VET6, STM32H523ZCJ6, STM32H523ZCT6, STM32H523ZEJ6, STM32H523ZET6, STM32H533CET6, STM32H533CEU6, STM32H533HEY6TR, STM32H533RET6, STM32H533VEI6, STM32H533VET6, STM32H533ZEJ6, STM32H533ZET6, STM32H562AGI6, STM32H562AII6, STM32H562IGK6, STM32H562IGT6, STM32H562IIK6, STM32H562IIT6, STM32H562RGT6, STM32H562RGV6, STM32H562RIT6, STM32H562RIV6, STM32H562VGT6, STM32H562VIT6, STM32H562ZGT6, STM32H562ZIT6, STM32H563AGI6, STM32H563AII3Q, STM32H563AII6, STM32H563IGK6, STM32H563IGT6, STM32H563IIK3Q, STM32H563IIK6, STM32H563IIT3Q, STM32H563IIT6, STM32H563MIY3QTR, STM32H563RGT6, STM32H563RGV6, STM32H563RIT6, STM32H563RIV6, STM32H563VGT6, STM32H563VIT3Q, STM32H563VIT6, STM32H563ZGT6, STM32H563ZIT3Q, STM32H563ZIT6, STM32H573AII3Q, STM32H573AII6, STM32H573I-DK, STM32H573IIK3Q, STM32H573IIK6, STM32H573IIT3Q, STM32H573IIT6, STM32H573MIY3QTR, STM32H573RIT6, STM32H573RIV6, STM32H573VIT3Q, STM32H573VIT6, STM32H573ZIT3Q, STM32H573ZIT6, STM32H7R3A8I6, STM32H7R3I8K6, STM32H7R3I8T6, STM32H7R3L8H6, STM32H7R3L8H6H, STM32H7R3R8V6, STM32H7R3V8H6, STM32H7R3V8T6, STM32H7R3V8Y6TR, STM32H7R3Z8J6, STM32H7R3Z8T6, STM32H7R7A8I6, STM32H7R7I8K6, STM32H7R7I8T6, STM32H7R7L8H6, STM32H7R7L8H6H, STM32H7R7Z8J6, STM32H7S3A8I6, STM32H7S3I8K6, STM32H7S3I8T6, STM32H7S3L8H6, STM32H7S3L8H6H, STM32H7S3R8V6, STM32H7S3V8H6, STM32H7S3V8T6, STM32H7S3V8Y6TR, STM32H7S3Z8J6, STM32H7S3Z8T6, STM32H7S78-DK, STM32H7S7A8I6, STM32H7S7I8K6, STM32H7S7I8T6, STM32H7S7L8H6, STM32H7S7L8H6H, STM32H7S7Z8J6, STM32L4R5QGI6STR, STM32MP131AAE3, STM32MP131AAF3, STM32MP131AAG3, STM32MP131CAE3, STM32MP131CAF3, STM32MP131CAG3, STM32MP131DAE7, STM32MP131DAF7, STM32MP131DAG7, STM32MP131FAE7, STM32MP131FAF7, STM32MP131FAG7, STM32MP133AAE3, STM32MP133AAF3, STM32MP133AAG3, STM32MP133CAE3, STM32MP133CAF3, STM32MP133CAG3, STM32MP133DAE7, STM32MP133DAF7, STM32MP133DAG7, STM32MP133FAE7, STM32MP133FAF7, STM32MP133FAG7, STM32MP135AAE3, STM32MP135AAF3, STM32MP135AAG3, STM32MP135CAE3, STM32MP135CAF3, STM32MP135CAG3, STM32MP135DAE7, STM32MP135DAF7, STM32MP135DAG7, STM32MP135F-DK, STM32MP135FAE7, STM32MP135FAF7, STM32MP135FAF7T, STM32MP135FAF7U, STM32MP135FAG7, STM32MP211AAL3, STM32MP211AAM3, STM32MP211AAN3, STM32MP211AAO3, STM32MP211CAL3, STM32MP211CAM3, STM32MP211CAN3, STM32MP211CAO3, STM32MP211DAL3, STM32MP211DAM3, STM32MP211DAN3, STM32MP211DAO3, STM32MP211FAL3, STM32MP211FAM3, STM32MP211FAN3, STM32MP211FAO3, STM32MP213AAL3, STM32MP213AAM3, STM32MP213AAN3, STM32MP213AAO3, STM32MP213CAL3, STM32MP213CAM3, STM32MP213CAN3, STM32MP213CAO3, STM32MP213DAL3, STM32MP213DAM3, STM32MP213DAN3, STM32MP213DAO3, STM32MP213FAL3, STM32MP213FAM3, STM32MP213FAN3, STM32MP213FAO3, STM32MP215AAL3, STM32MP215AAM3, STM32MP215AAN3, STM32MP215AAO3, STM32MP215CAL3, STM32MP215CAM3, STM32MP215CAN3, STM32MP215CAO3, STM32MP215DAL3, STM32MP215DAM3, STM32MP215DAN3, STM32MP215DAO3, STM32MP215F-DK, STM32MP215FAL3, STM32MP215FAM3, STM32MP215FAN3, STM32MP215FAO3, STM32MP231AAJ3, STM32MP231AAK3, STM32MP231AAL3, STM32MP231CAJ3, STM32MP231CAK3, STM32MP231CAL3, STM32MP231DAJ3, STM32MP231DAK3, STM32MP231DAL3, STM32MP231FAJ3, STM32MP231FAK3, STM32MP231FAL3, STM32MP233AAJ3, STM32MP233AAK3, STM32MP233AAL3, STM32MP233CAJ3, STM32MP233CAK3, STM32MP233CAL3, STM32MP233DAJ3, STM32MP233DAK3, STM32MP233DAL3, STM32MP233FAJ3, STM32MP233FAK3, STM32MP233FAL3, STM32MP235AAJ3, STM32MP235AAK3, STM32MP235AAL3, STM32MP235CAJ3, STM32MP235CAK3, STM32MP235CAL3, STM32MP235DAJ3, STM32MP235DAK3, STM32MP235DAL3, STM32MP235FAJ3, STM32MP235FAK3, STM32MP235FAL3, STM32MP251AAI3, STM32MP251AAK3, STM32MP251AAL3, STM32MP251CAI3, STM32MP251CAK3, STM32MP251CAL3, STM32MP251DAI3, STM32MP251DAK3, STM32MP251DAL3, STM32MP251FAI3, STM32MP251FAK3, STM32MP251FAL3, STM32MP253AAI3, STM32MP253AAK3, STM32MP253AAL3, STM32MP253CAI3, STM32MP253CAK3, STM32MP253CAL3, STM32MP253DAI3, STM32MP253DAK3, STM32MP253DAL3, STM32MP253FAI3, STM32MP253FAK3, STM32MP253FAL3, STM32MP255AAI3, STM32MP255AAK3, STM32MP255AAL3, STM32MP255CAI3, STM32MP255CAK3, STM32MP255CAL3, STM32MP255DAI3, STM32MP255DAK3, STM32MP255DAL3, STM32MP255FAI3, STM32MP255FAK3, STM32MP255FAL3, STM32MP257AAI3, STM32MP257AAK3, STM32MP257AAL3, STM32MP257CAI3, STM32MP257CAK3, STM32MP257CAL3, STM32MP257DAI3, STM32MP257DAK3, STM32MP257DAL3, STM32MP257F-DK, STM32MP257F-EV1, STM32MP257FAI3, STM32MP257FAK3, STM32MP257FAL3, STM32N645A0H3Q, STM32N645B0H3Q, STM32N645I0H3Q, STM32N645L0H3Q, STM32N645X0H3Q, STM32N645Z0H3Q, STM32N647A0H3Q, STM32N647B0H3Q, STM32N647I0H3Q, STM32N647L0H3Q, STM32N647X0H3Q, STM32N647Z0H3Q, STM32N655A0H3Q, STM32N655B0H3Q, STM32N655I0H3Q, STM32N655L0H3Q, STM32N655X0H3Q, STM32N655Z0H3Q, STM32N6570-DK, STM32N657A0H3Q, STM32N657B0H3Q, STM32N657I0H3Q, STM32N657L0H3Q, STM32N657X0H3Q, STM32N657Z0H3Q, STM32U031C6T6, STM32U031C6U6, STM32U031C8T6, STM32U031C8U6, STM32U031F4P6, STM32U031F6P6, STM32U031F8P6, STM32U031G6Y6TR, STM32U031G8Y6TR, STM32U031K4U6, STM32U031K6U6, STM32U031K8U6, STM32U031R6I6, STM32U031R6T6, STM32U031R8I6, STM32U031R8T6, STM32U073C8T6, STM32U073C8U6, STM32U073CBT6, STM32U073CBU6, STM32U073CCT6, STM32U073CCU6, STM32U073H8Y6TR, STM32U073HBY6TR, STM32U073HCY6TR, STM32U073K8U6, STM32U073KBU6, STM32U073KCU6, STM32U073M8I6, STM32U073M8T6, STM32U073MBI6, STM32U073MBT6, STM32U073MCI6, STM32U073MCT6, STM32U073R8I6, STM32U073R8T6, STM32U073RBI6, STM32U073RBT6, STM32U073RCI6, STM32U073RCT6, STM32U083C-DK, STM32U083CCT6, STM32U083CCU6, STM32U083HCY6TR, STM32U083KCU6, STM32U083MCI6, STM32U083MCT6, STM32U083RCI6, STM32U083RCT6, STM32U375CET6, STM32U375CET6Q, STM32U375CEU6, STM32U375CEU6Q, STM32U375CEY6QTR, STM32U375CGT6, STM32U375CGT6Q, STM32U375CGU6, STM32U375CGU6Q, STM32U375CGY6QTR, STM32U375KEU6, STM32U375KGU6, STM32U375REI6, STM32U375REI6Q, STM32U375RET6, STM32U375RET6Q, STM32U375REY6GTR, STM32U375REY6QTR, STM32U375RGI6, STM32U375RGI6Q, STM32U375RGT6, STM32U375RGT6Q, STM32U375RGY6GTR, STM32U375RGY6QTR, STM32U375VEI6, STM32U375VEI6Q, STM32U375VET6, STM32U375VET6Q, STM32U375VGI6, STM32U375VGI6Q, STM32U375VGT6, STM32U375VGT6Q, STM32U385CGT6, STM32U385CGT6Q, STM32U385CGU6, STM32U385CGU6Q, STM32U385CGY6QTR, STM32U385KGU6, STM32U385RGI6, STM32U385RGI6Q, STM32U385RGT6, STM32U385RGT6Q, STM32U385RGY6GTR, STM32U385RGY6QTR, STM32U385VGI6, STM32U385VGI6Q, STM32U385VGT6, STM32U385VGT6Q, STM32U535CBT6, STM32U535CBT6Q, STM32U535CBU6, STM32U535CBU6Q, STM32U535CCT6, STM32U535CCT6Q, STM32U535CCU6, STM32U535CCU6Q, STM32U535CET6, STM32U535CET6Q, STM32U535CEU6, STM32U535CEU6Q, STM32U535JEY6QTR, STM32U535NCY6QTR, STM32U535NEY6QTR, STM32U535RBI6, STM32U535RBI6Q, STM32U535RBT6, STM32U535RBT6Q, STM32U535RCI6, STM32U535RCI6Q, STM32U535RCT6, STM32U535RCT6Q, STM32U535REI6, STM32U535REI6Q, STM32U535RET6, STM32U535RET6Q, STM32U535VCI6, STM32U535VCI6Q, STM32U535VCT6, STM32U535VCT6Q, STM32U535VEI6, STM32U535VEI6Q, STM32U535VET6, STM32U535VET6Q, STM32U545CET6, STM32U545CET6Q, STM32U545CEU6, STM32U545CEU6Q, STM32U545JEY6QTR, STM32U545NEY6QTR, STM32U545REI6, STM32U545REI6Q, STM32U545RET6, STM32U545RET6Q, STM32U545VEI6, STM32U545VEI6Q, STM32U545VET6, STM32U545VET6Q, STM32U595AIH6, STM32U595AIH6Q, STM32U595AJH6, STM32U595AJH6Q, STM32U595QII6, STM32U595QII6Q, STM32U595QJI6, STM32U595QJI6Q, STM32U595RIT6, STM32U595RIT6Q, STM32U595RJT6, STM32U595RJT6Q, STM32U595VIT6, STM32U595VIT6Q, STM32U595VJT6, STM32U595VJT6Q, STM32U595ZIT6, STM32U595ZIT6Q, STM32U595ZIY6QTR, STM32U595ZJT6, STM32U595ZJT6Q, STM32U595ZJY6QTR, STM32U599BJY6QTR, STM32U599NIH6Q, STM32U599NJH6Q, STM32U599VIT6Q, STM32U599VJT6, STM32U599VJT6Q, STM32U599ZIT6Q, STM32U599ZIY6QTR, STM32U599ZJT6Q, STM32U599ZJY6QTR, STM32U5A5AJH6, STM32U5A5AJH6Q, STM32U5A5QII3Q , STM32U5A5QJI6, STM32U5A5QJI6Q, STM32U5A5RJT6, STM32U5A5RJT6Q, STM32U5A5VJT6, STM32U5A5VJT6Q, STM32U5A5ZJT6, STM32U5A5ZJT6Q, STM32U5A5ZJY6QTR, STM32U5A9BJY6QTR, STM32U5A9J-DK, STM32U5A9NJH6Q, STM32U5A9VJT6Q, STM32U5A9ZJT6Q, STM32U5A9ZJY6QTR, STM32U5F7VIT6, STM32U5F7VIT6Q, STM32U5F7VJT6, STM32U5F7VJT6Q, STM32U5F9BJY6QTR, STM32U5F9NJH6Q, STM32U5F9VIT6Q, STM32U5F9VJT6Q, STM32U5F9ZIJ6QTR, STM32U5F9ZIT6Q, STM32U5F9ZJJ6QTR, STM32U5F9ZJT6Q, STM32U5G7VJT6, STM32U5G7VJT6Q, STM32U5G9BJY6QTR, STM32U5G9J-DK1, STM32U5G9J-DK2, STM32U5G9NJH6Q, STM32U5G9VJT6Q, STM32U5G9ZJJ6QTR, STM32U5G9ZJT6Q, STM32WB05KZV6TR, STM32WB05KZV7TR, STM32WB05TZF6TR, STM32WB05TZF7TR, STM32WB06CCF6TR, STM32WB06CCF7TR, STM32WB06CCV6TR, STM32WB06CCV7TR, STM32WB06KCV6TR, STM32WB06KCV7TR, STM32WB07CCF6TR, STM32WB07CCF7TR, STM32WB07CCV6TR, STM32WB07CCV7TR, STM32WB07KCV6TR, STM32WB07KCV7TR, STM32WB09KEV6TR, STM32WB09KEV7TR, STM32WB09TEF6TR, STM32WB09TEF7TR, STM32WB1MMCH6, STM32WBA50KGU6, STM32WBA50KGU6TR, STM32WBA52CEU6, STM32WBA52CEU6TR, STM32WBA52CEU7, STM32WBA52CEU7TR, STM32WBA52CGU6, STM32WBA52CGU6TR, STM32WBA52CGU6U, STM32WBA52CGU7, STM32WBA52CGU7TR, STM32WBA52KEU6, STM32WBA52KEU6TR, STM32WBA52KGU6, STM32WBA52KGU6TR, STM32WBA54CEU6, STM32WBA54CEU6TR, STM32WBA54CEU7, STM32WBA54CEU7TR, STM32WBA54CGU6, STM32WBA54CGU6TR, STM32WBA54CGU7, STM32WBA54CGU7TR, STM32WBA54KEU6, STM32WBA54KEU6TR, STM32WBA54KEU7, STM32WBA54KEU7TR, STM32WBA54KGU6, STM32WBA54KGU6TR, STM32WBA54KGU7, STM32WBA54KGU7TR, STM32WBA55CEU6, STM32WBA55CEU6TR, STM32WBA55CEU7, STM32WBA55CEU7TR, STM32WBA55CGU6, STM32WBA55CGU6TR, STM32WBA55CGU6U, STM32WBA55CGU7, STM32WBA55CGU7TR, STM32WBA55G-DK1, STM32WBA55HEF6, STM32WBA55HEF7, STM32WBA55HGF6, STM32WBA55HGF7, STM32WBA55UEI6, STM32WBA55UEI6TR, STM32WBA55UEI7, STM32WBA55UEI7TR, STM32WBA55UGI6, STM32WBA55UGI6TR, STM32WBA55UGI7, STM32WBA55UGI7TR, STM32WBA5MMGH6TR, STM32WBA62MGF6, STM32WBA62MIF6, STM32WBA65MGF7, STM32WBA65MIF6, STM32WBA65MIF7, STM32WL30K8V6, STM32WL30KBV6, STM32WL31C8V6, STM32WL31CBV6, STM32WL31K8V6, STM32WL31KBV6, STM32WL33C8V6, STM32WL33C8V6X, STM32WL33CBV6, STM32WL33CBV6X, STM32WL33CCV6, STM32WL33CCV6A, STM32WL33CCV6X, STM32WL33K8V7, STM32WL33K8V7X, STM32WL33KBV7 , STM32WL33KBV7X, STM32WL33KCV7, STM32WL33KCV7X, STM32WL5MOCH6, STM32WL5MOCH6TR]
2025-11-02 11:29:03,615 [INFO] DbMcus:218 - Found 4801 MCUs, 4801 are supported
2025-11-02 11:29:03,615 [INFO] ApiDb:423 - Load user favorites file C:\Users\user/.stm32cubeide/favorites.mcus.txt: 0 item(s)
2025-11-02 11:29:03,615 [INFO] ApiDb:427 - User favorites MCUs=[]
2025-11-02 11:29:03,615 [INFO] DbMcus:224 - Set 0 / 0 favorites MCUs
2025-11-02 11:29:03,980 [INFO] ApiDb:668 - CubeFinder database Data Model version=2.1
2025-11-02 11:29:03,980 [INFO] ApiDb:669 - CubeFinder database Configuration version=3.0.39
2025-11-02 11:29:03,981 [INFO] ApiDb:670 - CubeFinder database generation date=2025-10-27 (1761571959)
2025-11-02 11:29:03,981 [INFO] ApiDb:671 - CubeFinder database FW Pack versions=[FP-ATR-ASTRA1_V2.0.0, FP-SNS-FLIGHT1_V5.1.0, FP-SNS-MOTENV1_V5.0.0, FP-SNS-MOTENVWB1_V1.4.0, FP-SNS-SMARTAG2_V1.2.0, FP-SNS-STBOX1_V2.1.0, STM32Cube_FW_C0_V1.4.0, STM32Cube_FW_F4_V1.28.3, STM32Cube_FW_F7_V1.17.4, STM32Cube_FW_G0_V1.6.2, STM32Cube_FW_G4_V1.6.1, STM32Cube_FW_H5_V1.5.0, STM32Cube_FW_H7RS_V1.2.0, STM32Cube_FW_H7_V1.12.1, STM32Cube_FW_L0_V1.12.2, STM32Cube_FW_L4_V1.18.1, STM32Cube_FW_L5_V1.5.1, STM32Cube_FW_N6_V1.2.0, STM32Cube_FW_U0_V1.3.0, STM32Cube_FW_U3_V1.2.1, STM32Cube_FW_U5_V1.8.0, STM32Cube_FW_WB0_V1.3.0, STM32Cube_FW_WBA_V1.7.0, STM32Cube_FW_WB_V1.23.0, STM32Cube_FW_WL3_V1.2.0, STM32Cube_FW_WL_V1.3.1, X-CUBE-ALGOBUILD_V1.4.0, X-CUBE-ALS_V1.0.2, X-CUBE-AZRTOS-F4_V1.1.0, X-CUBE-AZRTOS-F7_V1.1.0, X-CUBE-AZRTOS-G0_V1.1.0, X-CUBE-AZRTOS-G4_V2.0.0, X-CUBE-AZRTOS-H7RS_V1.1.0, X-CUBE-AZRTOS-H7_V3.4.0, X-CUBE-AZRTOS-L4_V2.0.0, X-CUBE-AZRTOS-L5_V2.0.0, X-CUBE-AZRTOS-WB_V2.0.0, X-CUBE-AZRTOS-WL_V2.0.0, X-CUBE-BLE1_V7.1.0, X-CUBE-BLE2_V3.3.0, X-CUBE-BLEMGR_V4.1.0, X-CUBE-EEPRMA1_V5.2.0, X-CUBE-FREERTOS_V1.3.1, X-CUBE-GNSS1_V6.0.0, X-CUBE-MEMS1_V11.3.0, X-CUBE-NFC4_V3.0.0, X-CUBE-NFC7_V2.0.0, X-CUBE-SFXS2LP1_V4.0.0, X-CUBE-ST67W61_V1.1.0, X-CUBE-SUBG2_V5.0.0, X-CUBE-TOF1_V3.4.3]
2025-11-02 11:29:04,024 [INFO] DbBoardsSqlite:226 - include board P-NUCLEO-WB55-NUCLEO as a kit item of type 'Nucleo-64'
2025-11-02 11:29:04,025 [INFO] DbBoardsSqlite:226 - include board P-NUCLEO-WB55-USBDONGLE as a kit item of type 'Nucleo USB Dongle'
2025-11-02 11:29:04,025 [INFO] DbBoardsSqlite:226 - include board STEVAL-IDP005V1 as a kit item of type 'Evaluation Board'
2025-11-02 11:29:04,025 [INFO] DbBoardsSqlite:226 - include board STEVAL-IDP005V2 as a kit item of type 'Evaluation Board'
2025-11-02 11:29:04,078 [INFO] ApiDb:240 - Found 880 in-development CPN: [B-G473E-ZEST1S, B-WB1M-WPAN1, B-WBA5M-WPAN, B-WL5M-SUBG1, NUCLEO-C031C6, NUCLEO-C051C8, NUCLEO-C071RB, NUCLEO-C092RC, NUCLEO-H503RB, NUCLEO-H533RE, NUCLEO-H563ZI, NUCLEO-H7S3L8, NUCLEO-N657X0-Q, NUCLEO-U031R8, NUCLEO-U083RC, NUCLEO-U385RG-Q, NUCLEO-U545RE-Q, NUCLEO-U5A5ZJ-Q, NUCLEO-WB05KZ, NUCLEO-WB07CC, NUCLEO-WB09KE, NUCLEO-WBA52CG, NUCLEO-WBA55CG, NUCLEO-WL33CC1, NUCLEO-WL33CC2, STEVAL-PROTEUS1, STEVAL-SMARTAG2, STEVAL-STWINBX1, STM320518-EVAL, STM32C0116-DK, STM32C011D6Y3TR, STM32C011D6Y6TR, STM32C011F4P3, STM32C011F4P6, STM32C011F4U3, STM32C011F4U6TR, STM32C011F6P3, STM32C011F6P6, STM32C011F6U3, STM32C011F6U6TR, STM32C011J4M3, STM32C011J4M6, STM32C011J6M3, STM32C011J6M6, STM32C0316-DK, STM32C031C4T3, STM32C031C4T6, STM32C031C4U3, STM32C031C4U6, STM32C031C6T3, STM32C031C6T6, STM32C031C6U3, STM32C031C6U6, STM32C031F4P3, STM32C031F4P6, STM32C031F6P3, STM32C031F6P6, STM32C031G4U3, STM32C031G4U6, STM32C031G6U3, STM32C031G6U6, STM32C031K4T3, STM32C031K4T6, STM32C031K4U3, STM32C031K4U6, STM32C031K6T3, STM32C031K6T6, STM32C031K6U3, STM32C031K6U6, STM32C051C6T6, STM32C051C6U6, STM32C051C8T6, STM32C051C8U6, STM32C051D8Y6TR, STM32C051F6P6, STM32C051F8P6, STM32C051G6U6, STM32C051G8U6, STM32C051K6T6, STM32C051K6U6, STM32C051K8T6, STM32C071C8T6, STM32C071C8T6N, STM32C071C8U6, STM32C071C8U6N, STM32C071CBT6, STM32C071CBT6N, STM32C071CBU6, STM32C071CBU6N, STM32C071F8P6, STM32C071F8P6N, STM32C071FBP6, STM32C071FBP6N, STM32C071FBY6TR, STM32C071G8U6, STM32C071G8U6N, STM32C071GBU6, STM32C071GBU6N, STM32C071K8T6, STM32C071K8T6N, STM32C071K8U6, STM32C071K8U6N, STM32C071KBT6, STM32C071KBT6N, STM32C071KBU6, STM32C071KBU6N, STM32C071R8T6, STM32C071R8T6N, STM32C071RBI6N, STM32C071RBT6, STM32C071RBT6N, STM32C091CBT6, STM32C091CBU6, STM32C091CCT6, STM32C091CCU6, STM32C091ECY6TR, STM32C091FBP6, STM32C091FCP6, STM32C091GBU6, STM32C091GCU6, STM32C091KBT6, STM32C091KBU6, STM32C091KCT6, STM32C091KCU6, STM32C091RBT6, STM32C091RCI6, STM32C091RCT6, STM32C092CBT6, STM32C092CBU6, STM32C092CCT6, STM32C092CCU6, STM32C092ECY6TR, STM32C092FBP6, STM32C092FCP6, STM32C092GBU6, STM32C092GCU6, STM32C092KBT6, STM32C092KBU6, STM32C092KCT6, STM32C092KCU6, STM32C092RBT6, STM32C092RCI6, STM32C092RCT6, STM32G071K8TXN, STM32G071K8UXN, STM32G081GBU6N, STM32G081KBT6N, STM32G081KBUXN, STM32G0B1CCT6N, STM32G0B1KCT6, STM32G0B1NEY6TR, STM32G0B1RCT6N, STM32G0C1CCT6, STM32G0C1CCT6N, STM32G0C1CCU6N, STM32G0C1CET6N, STM32G0C1CEU6N, STM32G0C1KCT6, STM32G0C1NEY6TR, STM32G0C1RCI6N, STM32G0C1RCT6N, STM32G0C1REI6N, STM32G0C1RET6N, STM32G0C1VCI6, STM32G0C1VEI6, STM32G411C6T3, STM32G411C6T6, STM32G411C6U3, STM32G411C6U6, STM32G411C8T3, STM32G411C8T6, STM32G411C8U3, STM32G411C8U6, STM32G411CBT3, STM32G411CBT6, STM32G411CBU3, STM32G411CBU6, STM32G411K6T3, STM32G411K6T6, STM32G411K6U3, STM32G411K6U6, STM32G411K8T3, STM32G411K8T6, STM32G411K8U3, STM32G411K8U6, STM32G411KBT3, STM32G411KBT6, STM32G411KBU3, STM32G411KBU6, STM32G411M6T3, STM32G411M6T6, STM32G411M8T3, STM32G411M8T6, STM32G411MBT3, STM32G411MBT6, STM32G411R6T3, STM32G411R6T6, STM32G411R8T3, STM32G411R8T6, STM32G411RBT3, STM32G411RBT6, STM32G414CBT3, STM32G414CBT6, STM32G414CBU3, STM32G414CBU6, STM32G414CCT3, STM32G414CCT6, STM32G414CCU3, STM32G414CCU6, STM32G414MBT3, STM32G414MBT6, STM32G414MCT3, STM32G414MCT6, STM32G414RBT3, STM32G414RBT6, STM32G414RCT3, STM32G414RCT6, STM32G414VBT3, STM32G414VBT6, STM32G414VCT3, STM32G414VCT6, STM32G431CBT3Z, STM32G431RBT3Z, STM32G471CCT6, STM32G471CCU6, STM32G471CET3, STM32G471CET6, STM32G471CEU3, STM32G471CEU6, STM32G471MCT6, STM32G471MET3, STM32G471MET6, STM32G471MEY6TR, STM32G471QCT6, STM32G471QET3, STM32G471RCT6, STM32G471RET3, STM32G471RET6, STM32G471VCH6, STM32G471VCI6, STM32G471VCT6, STM32G471VEH3, STM32G471VEH6, STM32G471VEI3, STM32G471VEI6, STM32G471VET3, STM32G471VET6, STM32G473QET3Z, STM32G473RET3Z, STM32G474CCT6, STM32G491RET3Z, STM32H503CBT6, STM32H503CBU6, STM32H503EBY6TR, STM32H503KBU6, STM32H503RBT6, STM32H523CCT6, STM32H523CCU6, STM32H523CET6, STM32H523CEU6, STM32H523HEY6TR, STM32H523RCT6, STM32H523RET6, STM32H523VCI6, STM32H523VCT6, STM32H523VEI6, STM32H523VET6, STM32H523ZCJ6, STM32H523ZCT6, STM32H523ZEJ6, STM32H523ZET6, STM32H533CET6, STM32H533CEU6, STM32H533HEY6TR, STM32H533RET6, STM32H533VEI6, STM32H533VET6, STM32H533ZEJ6, STM32H533ZET6, STM32H562AGI6, STM32H562AII6, STM32H562IGK6, STM32H562IGT6, STM32H562IIK6, STM32H562IIT6, STM32H562RGT6, STM32H562RGV6, STM32H562RIT6, STM32H562RIV6, STM32H562VGT6, STM32H562VIT6, STM32H562ZGT6, STM32H562ZIT6, STM32H563AGI6, STM32H563AII3Q, STM32H563AII6, STM32H563IGK6, STM32H563IGT6, STM32H563IIK3Q, STM32H563IIK6, STM32H563IIT3Q, STM32H563IIT6, STM32H563MIY3QTR, STM32H563RGT6, STM32H563RGV6, STM32H563RIT6, STM32H563RIV6, STM32H563VGT6, STM32H563VIT3Q, STM32H563VIT6, STM32H563ZGT6, STM32H563ZIT3Q, STM32H563ZIT6, STM32H573AII3Q, STM32H573AII6, STM32H573I-DK, STM32H573IIK3Q, STM32H573IIK6, STM32H573IIT3Q, STM32H573IIT6, STM32H573MIY3QTR, STM32H573RIT6, STM32H573RIV6, STM32H573VIT3Q, STM32H573VIT6, STM32H573ZIT3Q, STM32H573ZIT6, STM32H7R3A8I6, STM32H7R3I8K6, STM32H7R3I8T6, STM32H7R3L8H6, STM32H7R3L8H6H, STM32H7R3R8V6, STM32H7R3V8H6, STM32H7R3V8T6, STM32H7R3V8Y6TR, STM32H7R3Z8J6, STM32H7R3Z8T6, STM32H7R7A8I6, STM32H7R7I8K6, STM32H7R7I8T6, STM32H7R7L8H6, STM32H7R7L8H6H, STM32H7R7Z8J6, STM32H7S3A8I6, STM32H7S3I8K6, STM32H7S3I8T6, STM32H7S3L8H6, STM32H7S3L8H6H, STM32H7S3R8V6, STM32H7S3V8H6, STM32H7S3V8T6, STM32H7S3V8Y6TR, STM32H7S3Z8J6, STM32H7S3Z8T6, STM32H7S78-DK, STM32H7S7A8I6, STM32H7S7I8K6, STM32H7S7I8T6, STM32H7S7L8H6, STM32H7S7L8H6H, STM32H7S7Z8J6, STM32L4R5QGI6STR, STM32MP131AAE3, STM32MP131AAF3, STM32MP131AAG3, STM32MP131CAE3, STM32MP131CAF3, STM32MP131CAG3, STM32MP131DAE7, STM32MP131DAF7, STM32MP131DAG7, STM32MP131FAE7, STM32MP131FAF7, STM32MP131FAG7, STM32MP133AAE3, STM32MP133AAF3, STM32MP133AAG3, STM32MP133CAE3, STM32MP133CAF3, STM32MP133CAG3, STM32MP133DAE7, STM32MP133DAF7, STM32MP133DAG7, STM32MP133FAE7, STM32MP133FAF7, STM32MP133FAG7, STM32MP135AAE3, STM32MP135AAF3, STM32MP135AAG3, STM32MP135CAE3, STM32MP135CAF3, STM32MP135CAG3, STM32MP135DAE7, STM32MP135DAF7, STM32MP135DAG7, STM32MP135F-DK, STM32MP135FAE7, STM32MP135FAF7, STM32MP135FAF7T, STM32MP135FAF7U, STM32MP135FAG7, STM32MP211AAL3, STM32MP211AAM3, STM32MP211AAN3, STM32MP211AAO3, STM32MP211CAL3, STM32MP211CAM3, STM32MP211CAN3, STM32MP211CAO3, STM32MP211DAL3, STM32MP211DAM3, STM32MP211DAN3, STM32MP211DAO3, STM32MP211FAL3, STM32MP211FAM3, STM32MP211FAN3, STM32MP211FAO3, STM32MP213AAL3, STM32MP213AAM3, STM32MP213AAN3, STM32MP213AAO3, STM32MP213CAL3, STM32MP213CAM3, STM32MP213CAN3, STM32MP213CAO3, STM32MP213DAL3, STM32MP213DAM3, STM32MP213DAN3, STM32MP213DAO3, STM32MP213FAL3, STM32MP213FAM3, STM32MP213FAN3, STM32MP213FAO3, STM32MP215AAL3, STM32MP215AAM3, STM32MP215AAN3, STM32MP215AAO3, STM32MP215CAL3, STM32MP215CAM3, STM32MP215CAN3, STM32MP215CAO3, STM32MP215DAL3, STM32MP215DAM3, STM32MP215DAN3, STM32MP215DAO3, STM32MP215F-DK, STM32MP215FAL3, STM32MP215FAM3, STM32MP215FAN3, STM32MP215FAO3, STM32MP231AAJ3, STM32MP231AAK3, STM32MP231AAL3, STM32MP231CAJ3, STM32MP231CAK3, STM32MP231CAL3, STM32MP231DAJ3, STM32MP231DAK3, STM32MP231DAL3, STM32MP231FAJ3, STM32MP231FAK3, STM32MP231FAL3, STM32MP233AAJ3, STM32MP233AAK3, STM32MP233AAL3, STM32MP233CAJ3, STM32MP233CAK3, STM32MP233CAL3, STM32MP233DAJ3, STM32MP233DAK3, STM32MP233DAL3, STM32MP233FAJ3, STM32MP233FAK3, STM32MP233FAL3, STM32MP235AAJ3, STM32MP235AAK3, STM32MP235AAL3, STM32MP235CAJ3, STM32MP235CAK3, STM32MP235CAL3, STM32MP235DAJ3, STM32MP235DAK3, STM32MP235DAL3, STM32MP235FAJ3, STM32MP235FAK3, STM32MP235FAL3, STM32MP251AAI3, STM32MP251AAK3, STM32MP251AAL3, STM32MP251CAI3, STM32MP251CAK3, STM32MP251CAL3, STM32MP251DAI3, STM32MP251DAK3, STM32MP251DAL3, STM32MP251FAI3, STM32MP251FAK3, STM32MP251FAL3, STM32MP253AAI3, STM32MP253AAK3, STM32MP253AAL3, STM32MP253CAI3, STM32MP253CAK3, STM32MP253CAL3, STM32MP253DAI3, STM32MP253DAK3, STM32MP253DAL3, STM32MP253FAI3, STM32MP253FAK3, STM32MP253FAL3, STM32MP255AAI3, STM32MP255AAK3, STM32MP255AAL3, STM32MP255CAI3, STM32MP255CAK3, STM32MP255CAL3, STM32MP255DAI3, STM32MP255DAK3, STM32MP255DAL3, STM32MP255FAI3, STM32MP255FAK3, STM32MP255FAL3, STM32MP257AAI3, STM32MP257AAK3, STM32MP257AAL3, STM32MP257CAI3, STM32MP257CAK3, STM32MP257CAL3, STM32MP257DAI3, STM32MP257DAK3, STM32MP257DAL3, STM32MP257F-DK, STM32MP257F-EV1, STM32MP257FAI3, STM32MP257FAK3, STM32MP257FAL3, STM32N645A0H3Q, STM32N645B0H3Q, STM32N645I0H3Q, STM32N645L0H3Q, STM32N645X0H3Q, STM32N645Z0H3Q, STM32N647A0H3Q, STM32N647B0H3Q, STM32N647I0H3Q, STM32N647L0H3Q, STM32N647X0H3Q, STM32N647Z0H3Q, STM32N655A0H3Q, STM32N655B0H3Q, STM32N655I0H3Q, STM32N655L0H3Q, STM32N655X0H3Q, STM32N655Z0H3Q, STM32N6570-DK, STM32N657A0H3Q, STM32N657B0H3Q, STM32N657I0H3Q, STM32N657L0H3Q, STM32N657X0H3Q, STM32N657Z0H3Q, STM32U031C6T6, STM32U031C6U6, STM32U031C8T6, STM32U031C8U6, STM32U031F4P6, STM32U031F6P6, STM32U031F8P6, STM32U031G6Y6TR, STM32U031G8Y6TR, STM32U031K4U6, STM32U031K6U6, STM32U031K8U6, STM32U031R6I6, STM32U031R6T6, STM32U031R8I6, STM32U031R8T6, STM32U073C8T6, STM32U073C8U6, STM32U073CBT6, STM32U073CBU6, STM32U073CCT6, STM32U073CCU6, STM32U073H8Y6TR, STM32U073HBY6TR, STM32U073HCY6TR, STM32U073K8U6, STM32U073KBU6, STM32U073KCU6, STM32U073M8I6, STM32U073M8T6, STM32U073MBI6, STM32U073MBT6, STM32U073MCI6, STM32U073MCT6, STM32U073R8I6, STM32U073R8T6, STM32U073RBI6, STM32U073RBT6, STM32U073RCI6, STM32U073RCT6, STM32U083C-DK, STM32U083CCT6, STM32U083CCU6, STM32U083HCY6TR, STM32U083KCU6, STM32U083MCI6, STM32U083MCT6, STM32U083RCI6, STM32U083RCT6, STM32U375CET6, STM32U375CET6Q, STM32U375CEU6, STM32U375CEU6Q, STM32U375CEY6QTR, STM32U375CGT6, STM32U375CGT6Q, STM32U375CGU6, STM32U375CGU6Q, STM32U375CGY6QTR, STM32U375KEU6, STM32U375KGU6, STM32U375REI6, STM32U375REI6Q, STM32U375RET6, STM32U375RET6Q, STM32U375REY6GTR, STM32U375REY6QTR, STM32U375RGI6, STM32U375RGI6Q, STM32U375RGT6, STM32U375RGT6Q, STM32U375RGY6GTR, STM32U375RGY6QTR, STM32U375VEI6, STM32U375VEI6Q, STM32U375VET6, STM32U375VET6Q, STM32U375VGI6, STM32U375VGI6Q, STM32U375VGT6, STM32U375VGT6Q, STM32U385CGT6, STM32U385CGT6Q, STM32U385CGU6, STM32U385CGU6Q, STM32U385CGY6QTR, STM32U385KGU6, STM32U385RGI6, STM32U385RGI6Q, STM32U385RGT6, STM32U385RGT6Q, STM32U385RGY6GTR, STM32U385RGY6QTR, STM32U385VGI6, STM32U385VGI6Q, STM32U385VGT6, STM32U385VGT6Q, STM32U535CBT6, STM32U535CBT6Q, STM32U535CBU6, STM32U535CBU6Q, STM32U535CCT6, STM32U535CCT6Q, STM32U535CCU6, STM32U535CCU6Q, STM32U535CET6, STM32U535CET6Q, STM32U535CEU6, STM32U535CEU6Q, STM32U535JEY6QTR, STM32U535NCY6QTR, STM32U535NEY6QTR, STM32U535RBI6, STM32U535RBI6Q, STM32U535RBT6, STM32U535RBT6Q, STM32U535RCI6, STM32U535RCI6Q, STM32U535RCT6, STM32U535RCT6Q, STM32U535REI6, STM32U535REI6Q, STM32U535RET6, STM32U535RET6Q, STM32U535VCI6, STM32U535VCI6Q, STM32U535VCT6, STM32U535VCT6Q, STM32U535VEI6, STM32U535VEI6Q, STM32U535VET6, STM32U535VET6Q, STM32U545CET6, STM32U545CET6Q, STM32U545CEU6, STM32U545CEU6Q, STM32U545JEY6QTR, STM32U545NEY6QTR, STM32U545REI6, STM32U545REI6Q, STM32U545RET6, STM32U545RET6Q, STM32U545VEI6, STM32U545VEI6Q, STM32U545VET6, STM32U545VET6Q, STM32U595AIH6, STM32U595AIH6Q, STM32U595AJH6, STM32U595AJH6Q, STM32U595QII6, STM32U595QII6Q, STM32U595QJI6, STM32U595QJI6Q, STM32U595RIT6, STM32U595RIT6Q, STM32U595RJT6, STM32U595RJT6Q, STM32U595VIT6, STM32U595VIT6Q, STM32U595VJT6, STM32U595VJT6Q, STM32U595ZIT6, STM32U595ZIT6Q, STM32U595ZIY6QTR, STM32U595ZJT6, STM32U595ZJT6Q, STM32U595ZJY6QTR, STM32U599BJY6QTR, STM32U599NIH6Q, STM32U599NJH6Q, STM32U599VIT6Q, STM32U599VJT6, STM32U599VJT6Q, STM32U599ZIT6Q, STM32U599ZIY6QTR, STM32U599ZJT6Q, STM32U599ZJY6QTR, STM32U5A5AJH6, STM32U5A5AJH6Q, STM32U5A5QII3Q , STM32U5A5QJI6, STM32U5A5QJI6Q, STM32U5A5RJT6, STM32U5A5RJT6Q, STM32U5A5VJT6, STM32U5A5VJT6Q, STM32U5A5ZJT6, STM32U5A5ZJT6Q, STM32U5A5ZJY6QTR, STM32U5A9BJY6QTR, STM32U5A9J-DK, STM32U5A9NJH6Q, STM32U5A9VJT6Q, STM32U5A9ZJT6Q, STM32U5A9ZJY6QTR, STM32U5F7VIT6, STM32U5F7VIT6Q, STM32U5F7VJT6, STM32U5F7VJT6Q, STM32U5F9BJY6QTR, STM32U5F9NJH6Q, STM32U5F9VIT6Q, STM32U5F9VJT6Q, STM32U5F9ZIJ6QTR, STM32U5F9ZIT6Q, STM32U5F9ZJJ6QTR, STM32U5F9ZJT6Q, STM32U5G7VJT6, STM32U5G7VJT6Q, STM32U5G9BJY6QTR, STM32U5G9J-DK1, STM32U5G9J-DK2, STM32U5G9NJH6Q, STM32U5G9VJT6Q, STM32U5G9ZJJ6QTR, STM32U5G9ZJT6Q, STM32WB05KZV6TR, STM32WB05KZV7TR, STM32WB05TZF6TR, STM32WB05TZF7TR, STM32WB06CCF6TR, STM32WB06CCF7TR, STM32WB06CCV6TR, STM32WB06CCV7TR, STM32WB06KCV6TR, STM32WB06KCV7TR, STM32WB07CCF6TR, STM32WB07CCF7TR, STM32WB07CCV6TR, STM32WB07CCV7TR, STM32WB07KCV6TR, STM32WB07KCV7TR, STM32WB09KEV6TR, STM32WB09KEV7TR, STM32WB09TEF6TR, STM32WB09TEF7TR, STM32WB1MMCH6, STM32WBA50KGU6, STM32WBA50KGU6TR, STM32WBA52CEU6, STM32WBA52CEU6TR, STM32WBA52CEU7, STM32WBA52CEU7TR, STM32WBA52CGU6, STM32WBA52CGU6TR, STM32WBA52CGU6U, STM32WBA52CGU7, STM32WBA52CGU7TR, STM32WBA52KEU6, STM32WBA52KEU6TR, STM32WBA52KGU6, STM32WBA52KGU6TR, STM32WBA54CEU6, STM32WBA54CEU6TR, STM32WBA54CEU7, STM32WBA54CEU7TR, STM32WBA54CGU6, STM32WBA54CGU6TR, STM32WBA54CGU7, STM32WBA54CGU7TR, STM32WBA54KEU6, STM32WBA54KEU6TR, STM32WBA54KEU7, STM32WBA54KEU7TR, STM32WBA54KGU6, STM32WBA54KGU6TR, STM32WBA54KGU7, STM32WBA54KGU7TR, STM32WBA55CEU6, STM32WBA55CEU6TR, STM32WBA55CEU7, STM32WBA55CEU7TR, STM32WBA55CGU6, STM32WBA55CGU6TR, STM32WBA55CGU6U, STM32WBA55CGU7, STM32WBA55CGU7TR, STM32WBA55G-DK1, STM32WBA55HEF6, STM32WBA55HEF7, STM32WBA55HGF6, STM32WBA55HGF7, STM32WBA55UEI6, STM32WBA55UEI6TR, STM32WBA55UEI7, STM32WBA55UEI7TR, STM32WBA55UGI6, STM32WBA55UGI6TR, STM32WBA55UGI7, STM32WBA55UGI7TR, STM32WBA5MMGH6TR, STM32WBA62MGF6, STM32WBA62MIF6, STM32WBA65MGF7, STM32WBA65MIF6, STM32WBA65MIF7, STM32WL30K8V6, STM32WL30KBV6, STM32WL31C8V6, STM32WL31CBV6, STM32WL31K8V6, STM32WL31KBV6, STM32WL33C8V6, STM32WL33C8V6X, STM32WL33CBV6, STM32WL33CBV6X, STM32WL33CCV6, STM32WL33CCV6A, STM32WL33CCV6X, STM32WL33K8V7, STM32WL33K8V7X, STM32WL33KBV7 , STM32WL33KBV7X, STM32WL33KCV7, STM32WL33KCV7X, STM32WL5MOCH6, STM32WL5MOCH6TR]
2025-11-02 11:29:04,332 [INFO] BoardInfo:889 - No configuration file found for board P-NUCLEO-WB55
2025-11-02 11:29:04,334 [INFO] DbBoards:161 - Kit is not supported: P-NUCLEO-WB55
2025-11-02 11:29:04,340 [INFO] BoardInfo:889 - No configuration file found for board STEVAL-BFA001V1B
2025-11-02 11:29:04,341 [INFO] DbBoards:161 - Kit is not supported: STEVAL-BFA001V1B
2025-11-02 11:29:04,342 [INFO] BoardInfo:889 - No configuration file found for board STEVAL-BFA001V2B
2025-11-02 11:29:04,344 [INFO] DbBoards:161 - Kit is not supported: STEVAL-BFA001V2B
2025-11-02 11:29:04,551 [INFO] DbBoards:168 - Found 212 boards, 209 are supported
2025-11-02 11:29:04,551 [INFO] DbBoards:169 - Found 212 boards, 43 of them is supported for  Bsp
2025-11-02 11:29:04,553 [INFO] ApiDb:423 - Load user favorites file C:\Users\user/.stm32cubeide/favorites.boards.txt: 1 item(s)
2025-11-02 11:29:04,553 [INFO] ApiDb:427 - User favorites Boards=[NUCLEO-L476RG]
2025-11-02 11:29:04,553 [INFO] DbBoards:198 - Set 1 / 1 favorites Boards
2025-11-02 11:29:04,554 [INFO] ApiDb:668 - CubeFinder database Data Model version=2.1
2025-11-02 11:29:04,555 [INFO] ApiDb:669 - CubeFinder database Configuration version=3.0.39
2025-11-02 11:29:04,555 [INFO] ApiDb:670 - CubeFinder database generation date=2025-10-27 (1761571959)
2025-11-02 11:29:04,555 [INFO] ApiDb:671 - CubeFinder database FW Pack versions=[FP-ATR-ASTRA1_V2.0.0, FP-SNS-FLIGHT1_V5.1.0, FP-SNS-MOTENV1_V5.0.0, FP-SNS-MOTENVWB1_V1.4.0, FP-SNS-SMARTAG2_V1.2.0, FP-SNS-STBOX1_V2.1.0, STM32Cube_FW_C0_V1.4.0, STM32Cube_FW_F4_V1.28.3, STM32Cube_FW_F7_V1.17.4, STM32Cube_FW_G0_V1.6.2, STM32Cube_FW_G4_V1.6.1, STM32Cube_FW_H5_V1.5.0, STM32Cube_FW_H7RS_V1.2.0, STM32Cube_FW_H7_V1.12.1, STM32Cube_FW_L0_V1.12.2, STM32Cube_FW_L4_V1.18.1, STM32Cube_FW_L5_V1.5.1, STM32Cube_FW_N6_V1.2.0, STM32Cube_FW_U0_V1.3.0, STM32Cube_FW_U3_V1.2.1, STM32Cube_FW_U5_V1.8.0, STM32Cube_FW_WB0_V1.3.0, STM32Cube_FW_WBA_V1.7.0, STM32Cube_FW_WB_V1.23.0, STM32Cube_FW_WL3_V1.2.0, STM32Cube_FW_WL_V1.3.1, X-CUBE-ALGOBUILD_V1.4.0, X-CUBE-ALS_V1.0.2, X-CUBE-AZRTOS-F4_V1.1.0, X-CUBE-AZRTOS-F7_V1.1.0, X-CUBE-AZRTOS-G0_V1.1.0, X-CUBE-AZRTOS-G4_V2.0.0, X-CUBE-AZRTOS-H7RS_V1.1.0, X-CUBE-AZRTOS-H7_V3.4.0, X-CUBE-AZRTOS-L4_V2.0.0, X-CUBE-AZRTOS-L5_V2.0.0, X-CUBE-AZRTOS-WB_V2.0.0, X-CUBE-AZRTOS-WL_V2.0.0, X-CUBE-BLE1_V7.1.0, X-CUBE-BLE2_V3.3.0, X-CUBE-BLEMGR_V4.1.0, X-CUBE-EEPRMA1_V5.2.0, X-CUBE-FREERTOS_V1.3.1, X-CUBE-GNSS1_V6.0.0, X-CUBE-MEMS1_V11.3.0, X-CUBE-NFC4_V3.0.0, X-CUBE-NFC7_V2.0.0, X-CUBE-SFXS2LP1_V4.0.0, X-CUBE-ST67W61_V1.1.0, X-CUBE-SUBG2_V5.0.0, X-CUBE-TOF1_V3.4.3]
2025-11-02 11:29:05,083 [ERROR] DbExamplesSqlite:437 - Missing JSON key: board_cpn
2025-11-02 11:29:05,083 [ERROR] DbExamplesSqlite:437 - Missing JSON key: board_cpn
2025-11-02 11:29:05,083 [ERROR] DbExamplesSqlite:437 - Missing JSON key: board_cpn
2025-11-02 11:29:05,083 [ERROR] DbExamplesSqlite:437 - Missing JSON key: board_cpn
2025-11-02 11:29:05,300 [ERROR] DbExamplesSqlite:437 - Missing JSON key: board_cpn
2025-11-02 11:29:05,300 [ERROR] DbExamplesSqlite:437 - Missing JSON key: board_cpn
2025-11-02 11:29:05,300 [INFO] DbExamplesSqlite:395 - Ignored 33 examples not supported by CubeIDE
2025-11-02 11:29:05,300 [INFO] DbExamplesSqlite:396 - Found 10875 examples active
2025-11-02 11:29:05,300 [INFO] DbExamplesSqlite:397 - Found 0 examples obsolete
2025-11-02 11:29:05,300 [INFO] DbExamplesSqlite:398 - Found 0 examples under development
2025-11-02 11:29:05,300 [INFO] DbExamplesSqlite:399 - Found 65 examples not building
2025-11-02 11:29:05,300 [INFO] DbExamples:125 - Found 10907 examples
2025-11-02 11:29:05,317 [INFO] DbExamples:222 - Found 134 boards with related examples
2025-11-02 11:29:05,317 [INFO] DbExamples:235 - Found 111 MCUs with related examples
2025-11-02 11:29:05,333 [INFO] ApiDb:414 - User favorites file not found: C:\Users\user/.stm32cubeide/favorites.examples.txt
2025-11-02 11:29:05,333 [INFO] DbExamples:250 - Set 0 / 0 favorites Examples
2025-11-02 11:29:05,517 [INFO] McuFinderGlobals:76 - Set McuFinderConnectedMode to true
2025-11-02 11:29:05,517 [INFO] MultiScanPanel:200 - Auto-refresh data requested => check proxy status ongoing
2025-11-02 11:29:05,517 [INFO] FinderPluginLoader:96 - Searching for filters in installed packs
2025-11-02 11:29:06,735 [INFO] LoadUrlFilesThread:185 - End of LoadServerUrlFiles without Thread
2025-11-02 11:29:06,750 [INFO] DetailPanel:341 - Set advertising image to C:/Users/user/STM32Cube/Repository/\en.mcu-finder-stm32n6dk.jpg
2025-11-02 11:29:09,807 [INFO] MultiScanPanel:200 - Auto-refresh data requested => check proxy status ongoing
2025-11-02 11:29:09,924 [INFO] LoadUrlFilesThread:185 - End of LoadServerUrlFiles without Thread
2025-11-02 11:29:09,924 [INFO] DetailPanel:341 - Set advertising image to C:/Users/user/STM32Cube/Repository/\en.mcu-finder-stm32n6dk.jpg
2025-11-02 11:29:09,935 [INFO] DbBoards:642 - Loading board mini-images...
2025-11-02 11:29:11,907 [ERROR] DbBoards:659 - Image file not found for board STM32MP215F-DK: C:\Users\user\.stmcufinder\plugins\mcufinder//mcu//boards_images/STM32MP215F-DK.jpg
2025-11-02 11:29:12,036 [INFO] DbBoards:665 - Loaded 211 board mini-images
2025-11-02 11:30:09,635 [INFO] MainUpdater:2872 - connection check result : 10
2025-11-02 11:30:09,635 [INFO] MainUpdater:2872 - connection check result : 10
2025-11-02 11:30:09,650 [INFO] MicroXplorer:468 - Change Database Path : 
2025-11-02 11:30:09,651 [INFO] MicroXplorer:498 - Change Database Version : DB.6.0.150
2025-11-02 11:30:09,654 [WARN] ThirdParty:871 - waiting for thirdparty lock release [close project]
2025-11-02 11:30:09,654 [INFO] ThirdParty:873 - entering critical section [close project]
2025-11-02 11:30:09,654 [INFO] ThirdParty:883 - exiting critical section [close project]
2025-11-02 11:30:09,667 [INFO] PinOutPanel:1589 - setPackage(No Configuration,No Configuration)
2025-11-02 11:30:09,668 [INFO] UtilMem:75 - Begin LoadConfig() Used Memory: 577442880 Bytes (718274560)
2025-11-02 11:30:09,670 [INFO] OpenFileManager:355 - Change cursor
2025-11-02 11:30:09,765 [INFO] ProjectFactory:514 - No CPN specified for board NUCLEO-L476RG => set CPN to STM32L476RGT3
2025-11-02 11:30:09,765 [INFO] Mcu:2029 - Initializing MCU STM32L476R(C-E-G)Tx STM32L476RGTx STM32L476RGT3
2025-11-02 11:30:12,000 [INFO] Context:786 - Trying to add GPIOservice into a context  which must be forbidden
2025-11-02 11:30:12,500 [INFO] Rule:233 - rule 117617 - U5Cobra4M][GTZC] default value MPCBB3 and MPCBB5 - Not Secured memory - MPCBB1 is applicable
2025-11-02 11:30:12,500 [INFO] Rule:233 - rule 117617 - U5Cobra4M][GTZC] default value MPCBB3 and MPCBB5 - Not Secured memory - MPCBB1 is applicable
2025-11-02 11:30:12,500 [INFO] Rule:233 - rule 117617 - U5Cobra4M][GTZC] default value MPCBB3 and MPCBB5 - Not Secured memory - MPCBB2 is applicable
2025-11-02 11:30:12,500 [INFO] Rule:233 - rule 117617 - U5Cobra4M][GTZC] default value MPCBB3 and MPCBB5 - Not Secured memory - MPCBB2 is applicable
2025-11-02 11:30:12,500 [INFO] Rule:233 - rule 117617 - U5Cobra4M][GTZC] default value MPCBB3 and MPCBB5 - Not Secured memory - MPCBB3 is applicable
2025-11-02 11:30:12,500 [INFO] Rule:233 - rule 117617 - U5Cobra4M][GTZC] default value MPCBB3 and MPCBB5 - Not Secured memory - MPCBB3 is applicable
2025-11-02 11:30:12,500 [INFO] Rule:233 - rule 117617 - U5Cobra4M][GTZC] default value MPCBB3 and MPCBB5 - Not Secured memory - MPCBB4 is applicable
2025-11-02 11:30:12,500 [INFO] Rule:233 - rule 117617 - U5Cobra4M][GTZC] default value MPCBB3 and MPCBB5 - Not Secured memory - MPCBB4 is applicable
2025-11-02 11:30:12,500 [INFO] Rule:233 - rule 117617 - U5Cobra4M][GTZC] default value MPCBB3 and MPCBB5 - Secured memory - MPCBB1 is applicable
2025-11-02 11:30:12,500 [INFO] Rule:233 - rule 117617 - U5Cobra4M][GTZC] default value MPCBB3 and MPCBB5 - Secured memory - MPCBB2 is applicable
2025-11-02 11:30:12,500 [INFO] Rule:233 - rule 117617 - U5Cobra4M][GTZC] default value MPCBB3 and MPCBB5 - Secured memory - MPCBB3 is applicable
2025-11-02 11:30:12,500 [INFO] Rule:233 - rule 117617 - U5Cobra4M][GTZC] default value MPCBB3 and MPCBB5 - Secured memory - MPCBB4 is applicable
2025-11-02 11:30:12,500 [INFO] Rule:233 - rule 117617 - U5Cobra4M][GTZC] default value MPCBB3 and MPCBB5 - Privileged memory - MPCBB1 is applicable
2025-11-02 11:30:12,500 [INFO] Rule:233 - rule 117617 - U5Cobra4M][GTZC] default value MPCBB3 and MPCBB5 - Privileged memory - MPCBB2 is applicable
2025-11-02 11:30:12,500 [INFO] Rule:233 - rule 117617 - U5Cobra4M][GTZC] default value MPCBB3 and MPCBB5 - Privileged memory - MPCBB3 is applicable
2025-11-02 11:30:12,500 [INFO] Rule:233 - rule 117617 - U5Cobra4M][GTZC] default value MPCBB3 and MPCBB5 - Privileged memory - MPCBB4 is applicable
2025-11-02 11:30:12,500 [INFO] Rule:233 - rule 117617 - U5Cobra4M][GTZC] default value MPCBB3 and MPCBB5 - Not Privileged memory - MPCBB1 is applicable
2025-11-02 11:30:12,500 [INFO] Rule:233 - rule 117617 - U5Cobra4M][GTZC] default value MPCBB3 and MPCBB5 - Not Privileged memory - MPCBB2 is applicable
2025-11-02 11:30:12,500 [INFO] Rule:233 - rule 117617 - U5Cobra4M][GTZC] default value MPCBB3 and MPCBB5 - Not Privileged memory - MPCBB3 is applicable
2025-11-02 11:30:12,500 [INFO] Rule:233 - rule 117617 - U5Cobra4M][GTZC] default value MPCBB3 and MPCBB5 - Not Privileged memory - MPCBB4 is applicable
2025-11-02 11:30:12,500 [INFO] Rule:233 - rule 117617 - U5Cobra4M][GTZC] default value MPCBB3 and MPCBB5 - Privileged memory - MPCBB1 is applicable
2025-11-02 11:30:12,500 [INFO] Rule:233 - rule 117617 - U5Cobra4M][GTZC] default value MPCBB3 and MPCBB5 - Privileged memory - MPCBB2 is applicable
2025-11-02 11:30:12,500 [INFO] Rule:233 - rule 117617 - U5Cobra4M][GTZC] default value MPCBB3 and MPCBB5 - Privileged memory - MPCBB3 is applicable
2025-11-02 11:30:12,500 [INFO] Rule:233 - rule 117617 - U5Cobra4M][GTZC] default value MPCBB3 and MPCBB5 - Privileged memory - MPCBB4 is applicable
2025-11-02 11:30:12,500 [INFO] Rule:233 - rule 117617 - U5Cobra4M][GTZC] default value MPCBB3 and MPCBB5 - Privileged memory - MPCBB1 is applicable
2025-11-02 11:30:12,500 [INFO] Rule:233 - rule 117617 - U5Cobra4M][GTZC] default value MPCBB3 and MPCBB5 - Privileged memory - MPCBB2 is applicable
2025-11-02 11:30:12,500 [INFO] Rule:233 - rule 117617 - U5Cobra4M][GTZC] default value MPCBB3 and MPCBB5 - Privileged memory - MPCBB3 is applicable
2025-11-02 11:30:12,500 [INFO] Rule:233 - rule 117617 - U5Cobra4M][GTZC] default value MPCBB3 and MPCBB5 - Privileged memory - MPCBB4 is applicable
2025-11-02 11:30:12,500 [INFO] Rule:233 - rule 117617 - U5Cobra4M][GTZC] default value MPCBB3 and MPCBB5 - Not Privileged memory - MPCBB1 is applicable
2025-11-02 11:30:12,500 [INFO] Rule:233 - rule 117617 - U5Cobra4M][GTZC] default value MPCBB3 and MPCBB5 - Not Privileged memory - MPCBB2 is applicable
2025-11-02 11:30:12,500 [INFO] Rule:233 - rule 117617 - U5Cobra4M][GTZC] default value MPCBB3 and MPCBB5 - Not Privileged memory - MPCBB3 is applicable
2025-11-02 11:30:12,500 [INFO] Rule:233 - rule 117617 - U5Cobra4M][GTZC] default value MPCBB3 and MPCBB5 - Not Privileged memory - MPCBB4 is applicable
2025-11-02 11:30:12,500 [INFO] Rule:233 - rule 117617 - U5Cobra4M][GTZC] default value MPCBB3 and MPCBB5 - Privileged memory - MPCBB1 is applicable
2025-11-02 11:30:12,500 [INFO] Rule:233 - rule 117617 - U5Cobra4M][GTZC] default value MPCBB3 and MPCBB5 - Privileged memory - MPCBB2 is applicable
2025-11-02 11:30:12,500 [INFO] Rule:233 - rule 117617 - U5Cobra4M][GTZC] default value MPCBB3 and MPCBB5 - Privileged memory - MPCBB3 is applicable
2025-11-02 11:30:12,500 [INFO] Rule:233 - rule 117617 - U5Cobra4M][GTZC] default value MPCBB3 and MPCBB5 - Privileged memory - MPCBB4 is applicable
2025-11-02 11:30:12,500 [INFO] Rule:233 - rule Rename SubGHz_Phy SUBGHZ_APPLICATION SUBGHZ_PINGPONG to SUBGHZ_ADV_APPLICATION is applicable
2025-11-02 11:30:12,500 [INFO] Rule:233 - rule Rename Enabled to IBEACON is applicable
2025-11-02 11:30:12,500 [INFO] Rule:233 - rule GTZC_S instance for project manager is applicable
2025-11-02 11:30:12,500 [INFO] Rule:233 - rule GTZC_S instance for context M33S is applicable
2025-11-02 11:30:12,500 [INFO] Rule:233 - rule GTZC_S instance value for IP GTZC is applicable
2025-11-02 11:30:12,500 [INFO] Rule:233 - rule GTZC_S instance for mcu.IP is applicable
2025-11-02 11:30:12,500 [INFO] Rule:233 - rule GTZC_S instance for VP is applicable
2025-11-02 11:30:12,500 [INFO] Rule:233 - rule GTZC_S instance for signal is applicable
2025-11-02 11:30:12,500 [INFO] Rule:233 - rule GTZC_S instance for mcu.Pin is applicable
2025-11-02 11:30:12,500 [INFO] Rule:233 - rule GTZC_S instance for VP is applicable
2025-11-02 11:30:12,500 [INFO] Rule:233 - rule GTZC_S instance for signal is applicable
2025-11-02 11:30:12,500 [INFO] Rule:233 - rule GTZC_S instance for mcu is applicable
2025-11-02 11:30:12,500 [INFO] Rule:233 - rule GTZC_S instance for mcu.Pin is applicable
2025-11-02 11:30:12,500 [INFO] Rule:233 - rule GTZC_S instance value for IP GTZC is applicable
2025-11-02 11:30:12,500 [INFO] Rule:233 - rule GTZC_S instance for project manager is applicable
2025-11-02 11:30:12,500 [INFO] Rule:233 - rule GTZC_S instance for context M33S is applicable
2025-11-02 11:30:12,500 [INFO] Rule:233 - rule GTZC_S instance for VP is applicable
2025-11-02 11:30:12,500 [INFO] Rule:233 - rule GTZC_S instance for signal is applicable
2025-11-02 11:30:12,500 [INFO] Rule:233 - rule SPDIFRX instance for mcu is applicable
2025-11-02 11:30:12,500 [INFO] Rule:233 - rule Rename Tracer Mode is applicable
2025-11-02 11:30:12,500 [INFO] Rule:233 - rule SPDIFRX instance value for IP SPDIFRX is applicable
2025-11-02 11:30:12,500 [INFO] Rule:233 - rule SPDIFRX instance for signal is applicable
2025-11-02 11:30:12,500 [INFO] Rule:233 - rule SPDIFRX instance for project manager is applicable
2025-11-02 11:30:12,500 [INFO] Rule:233 - rule SPDIFRX instance for project manager is applicable
2025-11-02 11:30:12,500 [INFO] Rule:233 - rule ADC Scan  fix with FW F7 is applicable
2025-11-02 11:30:12,500 [INFO] Rule:233 - rule ADC Scan  fix with FW F7 is applicable
2025-11-02 11:30:12,500 [INFO] Rule:233 - rule WakeUp0 Mode is applicable
2025-11-02 11:30:12,500 [INFO] Rule:233 - rule WakeUp0 SIGNAL is applicable
2025-11-02 11:30:12,500 [INFO] Rule:233 - rule WakeUp1 Mode is applicable
2025-11-02 11:30:12,500 [INFO] Rule:233 - rule WakeUp1 SIGNAL is applicable
2025-11-02 11:30:12,500 [INFO] Rule:233 - rule WakeUp2 Mode is applicable
2025-11-02 11:30:12,500 [INFO] Rule:233 - rule WakeUp2 SIGNAL is applicable
2025-11-02 11:30:12,500 [INFO] Rule:233 - rule WakeUp4 Mode is applicable
2025-11-02 11:30:12,500 [INFO] Rule:233 - rule WakeUp4 SIGNAL is applicable
2025-11-02 11:30:12,500 [INFO] Rule:233 - rule WakeUp5 Mode is applicable
2025-11-02 11:30:12,500 [INFO] Rule:233 - rule WakeUp5 SIGNAL is applicable
2025-11-02 11:30:12,500 [INFO] Rule:233 - rule Add RTC Activate Clock Source is applicable
2025-11-02 11:30:12,500 [INFO] Rule:233 - rule Add RTC Activate Calendar 1 is applicable
2025-11-02 11:30:12,500 [INFO] Rule:233 - rule Add RTC Activate Calendar 2 is applicable
2025-11-02 11:30:12,500 [INFO] Rule:233 - rule Add RTC Activate Calendar 3 is applicable
2025-11-02 11:30:12,500 [INFO] Rule:233 - rule UART/USART TX Mode is applicable
2025-11-02 11:30:12,500 [INFO] Rule:233 - rule UART/USART RX Mode is applicable
2025-11-02 11:30:12,500 [INFO] Rule:233 - rule UART/USART RX TX Mode is applicable
2025-11-02 11:30:12,500 [INFO] Rule:233 - rule UART/USART PARITY NONE is applicable
2025-11-02 11:30:12,500 [INFO] Rule:233 - rule UART/USART PARITY EVEN is applicable
2025-11-02 11:30:12,500 [INFO] Rule:233 - rule UART/USART PARITY ODD is applicable
2025-11-02 11:30:12,500 [INFO] Rule:233 - rule USART StopBits 1 is applicable
2025-11-02 11:30:12,500 [INFO] Rule:233 - rule USART StopBits 2 is applicable
2025-11-02 11:30:12,500 [INFO] Rule:233 - rule USART StopBits 1.5 is applicable
2025-11-02 11:30:12,500 [INFO] Rule:233 - rule USART StopBits 0.5 is applicable
2025-11-02 11:30:12,500 [INFO] Rule:233 - rule UART/USART WORD LENGTH 7 is applicable
2025-11-02 11:30:12,500 [INFO] Rule:233 - rule UART/USART WORD LENGTH 8 is applicable
2025-11-02 11:30:12,500 [INFO] Rule:233 - rule UART/USART WORD LENGTH 9 is applicable
2025-11-02 11:30:12,500 [INFO] Rule:233 - rule Rename FMC NAND NCE signal is applicable
2025-11-02 11:30:12,500 [INFO] Rule:233 - rule Rename FMC NAND INT signal is applicable
2025-11-02 11:30:12,500 [INFO] Rule:233 - rule Change Default Value for LSE Drive Capability for WB family is applicable
2025-11-02 11:30:12,500 [INFO] Rule:233 - rule Change Default Value for ADC Clock Prescaler G0 family is applicable
2025-11-02 11:30:12,500 [INFO] Rule:233 - rule Change Default Value for ADC ExternalTrigConv L4 family is applicable
2025-11-02 11:30:12,500 [INFO] Rule:233 - rule Change Default Value for ADC ExternalTrigInjecConv L4 family is applicable
2025-11-02 11:30:12,500 [INFO] Rule:233 - rule Change Default Value for ADC ExternalTrigConv F3 family is applicable
2025-11-02 11:30:12,500 [INFO] Rule:233 - rule Change Default Value for ADC ExternalTrigInjecConv F3 family is applicable
2025-11-02 11:30:12,500 [INFO] Rule:233 - rule Change Default Value for ADC ExternalTrigConv Goldfish serie is applicable
2025-11-02 11:30:12,500 [INFO] Rule:233 - rule Change Default Value for ADC ExternalTrigInjecConv Goldfish serie is applicable
2025-11-02 11:30:12,500 [INFO] Rule:233 - rule Change Default Value for ADC ExternalTrigConv L0 family is applicable
2025-11-02 11:30:12,500 [INFO] Rule:233 - rule Change Default Value for ADC ExternalTrigConv F0 family is applicable
2025-11-02 11:30:12,500 [INFO] Rule:233 - rule Change Default Value for ADC ExternalTrigConvn L1 family is applicable
2025-11-02 11:30:12,500 [INFO] Rule:233 - rule Change Default Value for ADC ExternalTrigInjecConv L1 family is applicable
2025-11-02 11:30:12,500 [INFO] Rule:233 - rule Change Default Value for ADC ExternalTrigConv F1 family is applicable
2025-11-02 11:30:12,500 [INFO] Rule:233 - rule Change Default Value for ADC ExternalTrigInjecConv F1 family is applicable
2025-11-02 11:30:12,500 [INFO] Rule:233 - rule Change Default Value for ADC ExternalTrigConv F7 family is applicable
2025-11-02 11:30:12,500 [INFO] Rule:233 - rule Change Default Value for ADC ExternalTrigInjecConv F7 family is applicable
2025-11-02 11:30:12,500 [INFO] Rule:233 - rule Change Default Value for ADC ExternalTrigConv F4 and F2 family is applicable
2025-11-02 11:30:12,500 [INFO] Rule:233 - rule Change Default Value for ADC ExternalTrigInjecConv F4 and F2 family is applicable
2025-11-02 11:30:12,500 [INFO] Rule:233 - rule ADC SamplingTime fix with FW L0  is applicable
2025-11-02 11:30:12,500 [INFO] Rule:233 - rule ADC SamplingTime fix with FW L0  is applicable
2025-11-02 11:30:12,500 [INFO] Rule:233 - rule ADC SamplingTime fix with FW L0 is applicable
2025-11-02 11:30:12,500 [INFO] Rule:233 - rule ADC SamplingTime fix with FW L0 is applicable
2025-11-02 11:30:12,500 [INFO] Rule:233 - rule ADC SamplingTime fix with FW L0  is applicable
2025-11-02 11:30:12,500 [INFO] Rule:233 - rule ADC SamplingTime fix with FW L0 is applicable
2025-11-02 11:30:12,500 [INFO] Rule:233 - rule Rename USB_OE Signal is applicable
2025-11-02 11:30:12,500 [INFO] Rule:233 - rule Rename Activate_OE Mode is applicable
2025-11-02 11:30:12,500 [INFO] Rule:233 - rule Rename DIE462/DIE415 pin PC14/OSC32_IN -> PC14-OSC32_IN (PC14) is applicable
2025-11-02 11:30:12,500 [INFO] Rule:233 - rule Rename DIE462/DIE415 pin PC15/OSC32_OUT -> PC15-OSC32_OUT (PC15) is applicable
2025-11-02 11:30:12,500 [INFO] Rule:233 - rule Rename DIE462/DIE415 pin PH0/OSC_IN -> PH0-OSC_IN (PH0) is applicable
2025-11-02 11:30:12,500 [INFO] Rule:233 - rule Rename DIE462/DIE415 pin PH1/OSC_OUT -> PH1-OSC_OUT (PH1) is applicable
2025-11-02 11:30:12,500 [INFO] Rule:233 - rule Rename DIE462 pin PA13 -> PA13 (JTMS/SWDIO) is applicable
2025-11-02 11:30:12,500 [INFO] Rule:233 - rule Rename DIE415 pin PA13 -> PA13 (JTMS/SWDIO) is applicable
2025-11-02 11:30:12,500 [INFO] Rule:233 - rule Rename DIE462 pin PA14 -> PA14 (JTCK/SWCLK) is applicable
2025-11-02 11:30:12,500 [INFO] Rule:233 - rule Rename DIE415 pin PA14 -> PA14 (JTCK/SWCLK) is applicable
2025-11-02 11:30:12,500 [INFO] Rule:233 - rule Rename DIE462/DIE415 pin PA15 -> PA15 (JTDI) is applicable
2025-11-02 11:30:12,500 [INFO] Rule:233 - rule Rename DIE462 pin PB3 -> PB3 (JTD0/TRACESWO) is applicable
2025-11-02 11:30:12,500 [INFO] Rule:233 - rule Rename DIE415 pin PB3 -> PB3 (JTD0-TRACESWO) is applicable
2025-11-02 11:30:12,500 [INFO] Rule:233 - rule Rename DIE462/DIE415 pin PB4 -> PB4 (NJTRST) is applicable
2025-11-02 11:30:12,500 [INFO] Rule:233 - rule Rename DIE462 pin PH3/BOOT0 -> PH3-BOOT0 (BOOT0) is applicable
2025-11-02 11:30:12,500 [INFO] Rule:233 - rule Rename CRYP DataEncryptionTypesList to Algorithm is applicable
2025-11-02 11:30:12,500 [INFO] Rule:233 - rule Rename AES DataEncryptionTypesList to Algorithm is applicable
2025-11-02 11:30:12,500 [INFO] Rule:233 - rule Rename TDESECB to CRYP_TDES_ECB is applicable
2025-11-02 11:30:12,500 [INFO] Rule:233 - rule Rename TDESCBC to CRYP_TDES_CBC is applicable
2025-11-02 11:30:12,500 [INFO] Rule:233 - rule Rename DESECB to CRYP_DES_ECB is applicable
2025-11-02 11:30:12,500 [INFO] Rule:233 - rule Rename DESCBC to CRYP_DES_CBC is applicable
2025-11-02 11:30:12,500 [INFO] Rule:233 - rule Rename AESECB to CRYP_AES_ECB is applicable
2025-11-02 11:30:12,500 [INFO] Rule:233 - rule Rename AESCBC to CRYP_AES_CBC is applicable
2025-11-02 11:30:12,500 [INFO] Rule:233 - rule Rename AESCTR to CRYP_AES_CTR is applicable
2025-11-02 11:30:12,500 [INFO] Rule:233 - rule Rename AESGCM to CRYP_AES_GCM is applicable
2025-11-02 11:30:12,500 [INFO] Rule:233 - rule Rename AESCCM to CRYP_AES_CCM is applicable
2025-11-02 11:30:12,500 [INFO] Rule:233 - rule Rename CAN TimeSeg1 to BS1 is applicable
2025-11-02 11:30:12,500 [INFO] Rule:233 - rule Rename CAN TimeSeg2 to BS2 is applicable
2025-11-02 11:30:12,500 [INFO] Rule:233 - rule Rename CAN SyncJumpWidth to SJW is applicable
2025-11-02 11:30:12,500 [INFO] Rule:233 - rule TimeTriggeredMode to TTCM is applicable
2025-11-02 11:30:12,500 [INFO] Rule:233 - rule Rename CAN AutoBusOff to ABOM is applicable
2025-11-02 11:30:12,500 [INFO] Rule:233 - rule Rename CAN AutoWakeUp to AWUM is applicable
2025-11-02 11:30:12,500 [INFO] Rule:233 - rule Rename CAN AutoRetransmission to NART is applicable
2025-11-02 11:30:12,500 [INFO] Rule:233 - rule Rename CAN ReceiveFifoLocked to RFLM is applicable
2025-11-02 11:30:12,500 [INFO] Rule:233 - rule Rename CAN TransmitFifoPriority to TXFP is applicable
2025-11-02 11:30:12,500 [INFO] Rule:233 - rule Rename HRTIMER HRTIM_OUTPUTFAULTLEVEL_HIGH in HRTIMER HRTIM_OUTPUTFAULTLEVEL_HIGHZ is applicable
2025-11-02 11:30:12,500 [INFO] Rule:233 - rule Rename TIMER TIM_CLEARINPUTSOURCE_OCREFCLR in  TIMER TIM_CLEARINPUTSOURCE_NONE for F7 family is applicable
2025-11-02 11:30:12,500 [INFO] Rule:233 - rule FDCAN_R1 - Rename FDCAN mode Master into Classic is applicable
2025-11-02 11:30:12,500 [INFO] Rule:233 - rule FDCAN_R2 - Rename FDCAN mode Slave into Classic is applicable
2025-11-02 11:30:12,500 [INFO] Rule:233 - rule FDCAN1_R3 - if PA10.Mode=FullDuplex, add Pin PA12 is applicable
2025-11-02 11:30:12,500 [INFO] Rule:233 - rule FDCAN1_R3 - if PA9.Mode=FullDuplex, add Pin PA11 is applicable
2025-11-02 11:30:12,500 [INFO] Rule:233 - rule FDCAN1_R3 - Alternatepin_1 - if PE1.Mode=FullDuplex, add Pin PB9 is applicable
2025-11-02 11:30:12,500 [INFO] Rule:233 - rule FDCAN1_R3 - Alternatepin_1 - if PE0.Mode=FullDuplex, add Pin PB8 is applicable
2025-11-02 11:30:12,500 [INFO] Rule:233 - rule FDCAN1_R3 - Alternatepin_2 - if PD5.Mode=FullDuplex, add Pin PD1 is applicable
2025-11-02 11:30:12,500 [INFO] Rule:233 - rule FDCAN1_R3 - Alternatepin_2 - if PD4.Mode=FullDuplex, add Pin PD0 is applicable
2025-11-02 11:30:12,500 [INFO] Rule:233 - rule FDCAN1_R4 - Rename Mode FullDuplex into Enable FDCAN_TXFD for pin PA10 is applicable
2025-11-02 11:30:12,500 [INFO] Rule:233 - rule FDCAN1_R4 - Rename Mode FullDuplex into Enable FDCAN_TXFD for pin PA9 is applicable
2025-11-02 11:30:12,500 [INFO] Rule:233 - rule FDCAN1_R4 - Alternatepin_1 - Rename Mode FullDuplex into Enable FDCAN_TXFD for pin PE1 is applicable
2025-11-02 11:30:12,500 [INFO] Rule:233 - rule FDCAN1_R4 - Alternatepin_1 - Rename Mode FullDuplex into Enable FDCAN_TXFD for pin PE0 is applicable
2025-11-02 11:30:12,500 [INFO] Rule:233 - rule FDCAN1_R4 - Alternatepin_2 - Rename Mode FullDuplex into Enable FDCAN_TXFD for pin PD5 is applicable
2025-11-02 11:30:12,500 [INFO] Rule:233 - rule FDCAN1_R4 - Alternatepin_2 - Rename Mode FullDuplex into Enable FDCAN_TXFD for pin PD4 is applicable
2025-11-02 11:30:12,500 [INFO] Rule:233 - rule FDCAN2_R3 - if PD10.Mode=FullDuplex, add Pin PB13 is applicable
2025-11-02 11:30:12,500 [INFO] Rule:233 - rule FDCAN2_R3 - if PD9.Mode=FullDuplex, add Pin PB12 is applicable
2025-11-02 11:30:12,500 [INFO] Rule:233 - rule FDCAN2_R3 - Alternatepin_1 - if PB7.Mode=FullDuplex, add Pin PB6 is applicable
2025-11-02 11:30:12,500 [INFO] Rule:233 - rule FDCAN2_R3 - Alternatepin_1 - if PD9.Mode=FullDuplex, add Pin PB12 is applicable
2025-11-02 11:30:12,500 [INFO] Rule:233 - rule FDCAN2_R4 - Rename Mode FullDuplex into Enable FDCAN_TXFD for pin PD10 is applicable
2025-11-02 11:30:12,500 [INFO] Rule:233 - rule FDCAN2_R4 - Rename Mode FullDuplex into Enable FDCAN_TXFD for pin PD9 is applicable
2025-11-02 11:30:12,500 [INFO] Rule:233 - rule FDCAN2_R4 - Alternatepin_1 - Rename Mode FullDuplex into Enable FDCAN_TXFD for pin PB7 is applicable
2025-11-02 11:30:12,500 [INFO] Rule:233 - rule FDCAN2_R4 - Alternatepin_1 - Rename Mode FullDuplex into Enable FDCAN_TXFD for pin PD6 is applicable
2025-11-02 11:30:12,500 [INFO] Rule:233 - rule USART TxPinLevelInvertParam Mode is applicable
2025-11-02 11:30:12,500 [INFO] Rule:233 - rule USART RxPinLevelInvertParam Mode is applicable
2025-11-02 11:30:12,500 [INFO] Rule:233 - rule USART DataInvertParam Mode is applicable
2025-11-02 11:30:12,500 [INFO] Rule:233 - rule USART SwapParam Mode is applicable
2025-11-02 11:30:12,500 [INFO] Rule:233 - rule USART OverrunDisableParam Mode is applicable
2025-11-02 11:30:12,500 [INFO] Rule:233 - rule USART DMADisableonRxErrorParam Mode is applicable
2025-11-02 11:30:12,500 [INFO] Rule:233 - rule USART MSBFirstParam Mode is applicable
2025-11-02 11:30:12,500 [INFO] Rule:233 - rule Update MwName for USB_DEVICE is applicable
2025-11-02 11:30:12,500 [INFO] Rule:233 - rule Change PWR_Regulator_Voltage_Scale Default Value for RCC  H7 family is applicable
2025-11-02 11:30:12,500 [INFO] Rule:233 - rule UART/USART IPParameter rename Prescaler parameter to ClockPrescaler is applicable
2025-11-02 11:30:12,500 [INFO] Rule:233 - rule UART/USART Prescaler rename Prescaler parameter to ClockPrescaler is applicable
2025-11-02 11:30:12,500 [INFO] Rule:233 - rule TIM1CLockSelection is applicable
2025-11-02 11:30:12,500 [INFO] Rule:233 - rule TIM15CLockSelection is applicable
2025-11-02 11:30:12,500 [INFO] Rule:233 - rule align RCC SDMMC3CLockSelection default value on MP1 is applicable
2025-11-02 11:30:12,500 [INFO] Rule:233 - rule align RCC SDMMC12CLockSelection default value on MP1 is applicable
2025-11-02 11:30:12,500 [INFO] Rule:233 - rule align RCC QSPICLockSelection default value on MP1 is applicable
2025-11-02 11:30:12,500 [INFO] Rule:233 - rule align RCC QSPICLockSelection default value on MP1 is applicable
2025-11-02 11:30:12,500 [INFO] Rule:233 - rule align RCC SPI6CLockSelection default value on MP1 is applicable
2025-11-02 11:30:12,500 [INFO] Rule:233 - rule align RCC LPTIM23CLockSelection default value on MP1 is applicable
2025-11-02 11:30:12,500 [INFO] Rule:233 - rule align RCC LPTIM1CLockSelection default value on MP1 is applicable
2025-11-02 11:30:12,500 [INFO] Rule:233 - rule align RCC USART1CLockSelection default value on MP1 is applicable
2025-11-02 11:30:12,500 [INFO] Rule:233 - rule align RCC USART24CLockSelection default value on MP1 is applicable
2025-11-02 11:30:12,500 [INFO] Rule:233 - rule align RCC USART6CLockSelection default value on MP1 is applicable
2025-11-02 11:30:12,500 [INFO] Rule:233 - rule align RCC UART78CLockSelection default value on MP1 is applicable
2025-11-02 11:30:12,500 [INFO] Rule:233 - rule align RCC USART35CLockSelection default value on MP1 is applicable
2025-11-02 11:30:12,500 [INFO] Rule:233 - rule align RCC SPI45CLockSelection default value on MP1 is applicable
2025-11-02 11:30:12,500 [INFO] Rule:233 - rule align RCC I2C46CLockSelection BCLK value on MP1 is applicable
2025-11-02 11:30:12,500 [INFO] Rule:233 - rule align RCC SPI45CLockSelection default value on MP1 is applicable
2025-11-02 11:30:12,500 [INFO] Rule:233 - rule align RCC I2C12CLockSelection default value on MP1 is applicable
2025-11-02 11:30:12,500 [INFO] Rule:233 - rule align RCC I2C35CLockSelection default value on MP1 is applicable
2025-11-02 11:30:12,500 [INFO] Rule:233 - rule align RCC LPTIM45CLockSelection default value on MP1 is applicable
2025-11-02 11:30:12,500 [INFO] Rule:233 - rule Rename DCMI PIXCK signal is applicable
2025-11-02 11:30:12,500 [INFO] Rule:233 - rule Change Default Value for I2C46CLockSelection MP1 family is applicable
2025-11-02 11:30:12,500 [INFO] Rule:233 - rule Change Default Value for UART for G4, G0 and WB families is applicable
2025-11-02 11:30:12,500 [INFO] Rule:233 - rule Change Default Value for USART for G4, G0 and WB families is applicable
2025-11-02 11:30:12,500 [INFO] Rule:233 - rule Change Default Value for USART for G4 family is applicable
2025-11-02 11:30:12,500 [INFO] Rule:233 - rule Change USART1CLockSelection refparam name for MP1 is applicable
2025-11-02 11:30:12,500 [INFO] Rule:233 - rule Change USART2CLockSelection refparam name for MP1 is applicable
2025-11-02 11:30:12,500 [INFO] Rule:233 - rule Change USART3CLockSelection refparam name for MP1 is applicable
2025-11-02 11:30:12,500 [INFO] Rule:233 - rule Change UART4CLockSelection refparam name for MP1 is applicable
2025-11-02 11:30:12,500 [INFO] Rule:233 - rule Change UART5CLockSelection refparam name for MP1 is applicable
2025-11-02 11:30:12,500 [INFO] Rule:233 - rule Change LPUART1CLockSelection refparam name for MP1 is applicable
2025-11-02 11:30:12,500 [INFO] Rule:233 - rule Change LPTIM1CLockSelection refparam name for MP1 is applicable
2025-11-02 11:30:12,500 [INFO] Rule:233 - rule Change LPTIM2CLockSelection refparam name for MP1 is applicable
2025-11-02 11:30:12,500 [INFO] Rule:233 - rule Change RCC_MCO1Source refparam name for MP1 is applicable
2025-11-02 11:30:12,500 [INFO] Rule:233 - rule Change LSCOSource1 refparam name for MP1 is applicable
2025-11-02 11:30:12,500 [INFO] Rule:233 - rule Change SMPSCLockSelection refparam name for MP1 is applicable
2025-11-02 11:30:12,500 [INFO] Rule:233 - rule Change LPTIM3CLockSelection refparam name for MP1 is applicable
2025-11-02 11:30:12,500 [INFO] Rule:233 - rule Change MPCBB* Default Template Mode to Parameters is applicable
2025-11-02 11:30:12,500 [INFO] Rule:233 - rule Change MPCWM* or MPCBB* Secure Mode to Parameters is applicable
2025-11-02 11:30:12,500 [INFO] Rule:233 - rule Change MPCWM* or MPCBB* No Secure Mode to Parameters is applicable
2025-11-02 11:30:12,500 [INFO] Rule:233 - rule Change TZSC IP Secure Mode to Parameters is applicable
2025-11-02 11:30:12,500 [INFO] Rule:233 - rule Change TZSC IP No Secure Mode to Parameters is applicable
2025-11-02 11:30:12,500 [INFO] Rule:233 - rule Change TZSC IP Privilege Mode to Parameters is applicable
2025-11-02 11:30:12,500 [INFO] Rule:233 - rule Change TZSC IP No Privilege Mode to Parameters is applicable
2025-11-02 11:30:12,500 [INFO] Rule:233 - rule Change TZIC IT Secure Mode to Parameters is applicable
2025-11-02 11:30:12,500 [INFO] Rule:233 - rule Change TZIC IT No Secure Mode to Parameters is applicable
2025-11-02 11:30:12,500 [INFO] Rule:233 - rule Add MPCBB1_NonSecureArea_Start_Address value with referenced to MPCBB1_NonSecureArea_Start value is applicable
2025-11-02 11:30:12,500 [INFO] Rule:233 - rule Add MPCBB2_NonSecureArea_Start_Address value with referenced to MPCBB2_NonSecureArea_Start value is applicable
2025-11-02 11:30:12,500 [INFO] Rule:233 - rule Add MPCWM1_NonSecureArea*_Start_Address value with referenced to MPCWM1_NonSecureArea*_Start value is applicable
2025-11-02 11:30:12,500 [INFO] Rule:233 - rule Add MPCWM2_NonSecureArea*_Start_Address value with referenced to MPCWM2_NonSecureArea*_Start value is applicable
2025-11-02 11:30:12,500 [INFO] Rule:233 - rule Add MPCWM3_NonSecureArea_Start_Address value with referenced to MPCWM3_NonSecureArea_Start value is applicable
2025-11-02 11:30:12,500 [INFO] Rule:233 - rule Change Default Value for PLL1UserDefinedConfig is applicable
2025-11-02 11:30:12,500 [INFO] Rule:233 - rule Change GPIO_PuPd Default Value for USART in async mode is applicable
2025-11-02 11:30:12,500 [INFO] Rule:233 - rule Change SMPSDivider Default Value is applicable
2025-11-02 11:30:12,500 [INFO] Rule:233 - rule OPAMP is applicable
2025-11-02 11:30:12,500 [INFO] Rule:233 - rule LPUART IPParameter rename Prescaler parameter to ClockPrescaler for STM32H7 is applicable
2025-11-02 11:30:12,512 [INFO] Rule:233 - rule LPUART IPParameter rename Prescaler parameter to ClockPrescaler for STM32H7 is applicable
2025-11-02 11:30:12,512 [INFO] Rule:233 - rule LPUART IPParameter rename Prescaler parameter to ClockPrescaler for STM32WB is applicable
2025-11-02 11:30:12,512 [INFO] Rule:233 - rule LPUART IPParameter rename Prescaler parameter to ClockPrescaler for STM32WB is applicable
2025-11-02 11:30:12,512 [INFO] Rule:233 - rule LPUART IPParameter rename Prescaler parameter to ClockPrescaler for STM32G4 is applicable
2025-11-02 11:30:12,512 [INFO] Rule:233 - rule LPUART IPParameter rename Prescaler parameter to ClockPrescaler for STM32G4 is applicable
2025-11-02 11:30:12,512 [INFO] Rule:233 - rule LPUART IPParameter rename Prescaler parameter to ClockPrescaler for STM32L5 is applicable
2025-11-02 11:30:12,512 [INFO] Rule:233 - rule LPUART IPParameter rename Prescaler parameter to ClockPrescaler for STM32L5 is applicable
2025-11-02 11:30:12,512 [INFO] Rule:233 - rule LPUART IPParameter rename Prescaler parameter to ClockPrescaler for STM32G4 is applicable
2025-11-02 11:30:12,512 [INFO] Rule:233 - rule LPUART IPParameter rename Prescaler parameter to ClockPrescaler for STM32G4 is applicable
2025-11-02 11:30:12,512 [INFO] Rule:233 - rule USB device lib V2.5.3 for L0 rename USBD_SUPPORT_USER_STRING parameter to USBD_SUPPORT_USER_STRING_DESC4 is applicable
2025-11-02 11:30:12,512 [INFO] Rule:233 - rule I2SCLockSelection clock entry align is applicable
2025-11-02 11:30:12,512 [INFO] Rule:233 - rule Assign TIMx context if used as SYS timebase is applicable
2025-11-02 11:30:12,512 [INFO] Rule:233 - rule Change GPIO_Pu Default Value for I2C is applicable
2025-11-02 11:30:12,512 [INFO] Rule:233 - rule Change GPIO_Pu Default Value for SMBus is applicable
2025-11-02 11:30:12,512 [INFO] Rule:233 - rule change FDCAN default value is applicable
2025-11-02 11:30:12,512 [INFO] Rule:233 - rule Change mode sai is applicable
2025-11-02 11:30:12,512 [INFO] Rule:233 - rule **Change sai mode is applicable
2025-11-02 11:30:12,512 [INFO] Rule:233 - rule Rename STM32WPAN CFG_BLE_IRK to CFG_BLE_IR is applicable
2025-11-02 11:30:12,512 [INFO] Rule:233 - rule Rename STM32WPAN CFG_BLE_ERK to CFG_BLE_ER is applicable
2025-11-02 11:30:12,512 [INFO] Rule:233 - rule Rename STM32WPAN CFG_BLE_IRK_HEX to CFG_BLE_IR_HEX is applicable
2025-11-02 11:30:12,512 [INFO] Rule:233 - rule Rename STM32WPAN CFG_BLE_ERK_HEX to CFG_BLE_ER_HEX is applicable
2025-11-02 11:30:12,512 [INFO] Rule:233 - rule Adapt Old IOC before rework replace old CORTEX_M33/CORTEX_M55 attributes by the new one. is applicable
2025-11-02 11:30:12,512 [INFO] Rule:233 - rule Rename parametre of RCC RCC_APBDBG_DIV2 to RCC_TIMPRES_DIV2 is applicable
2025-11-02 11:30:12,512 [INFO] Rule:233 - rule Rename DIE493 pin PA10 [PA12] -> PA10 is applicable
2025-11-02 11:30:12,512 [INFO] Rule:233 - rule Rename DIE493 pin PA9 [PA11] -> PA9 is applicable
2025-11-02 11:30:12,512 [INFO] Rule:233 - rule Rename DIE492 PartNumber CPN STM32WBA5MJGHx -> STM32WBA5MMGHx is applicable
2025-11-02 11:30:12,512 [INFO] Rule:233 - rule Rename DIE492 PartNumber  Name STM32WBA5MJGHx -> STM32WBA5MMGHx is applicable
2025-11-02 11:30:12,512 [INFO] Rule:233 - rule Rename DIE492 PartNumber UserName STM32WBA5MJGHx -> STM32WBA5MMGHx is applicable
2025-11-02 11:30:12,512 [INFO] Rule:233 - rule Rename DIE492 PartNumber DeviceId STM32WBA5MJGHx -> STM32WBA5MMGHx is applicable
2025-11-02 11:30:12,512 [INFO] Rule:233 - rule Adapt Old IOC CSI. is applicable
2025-11-02 11:30:12,512 [INFO] Rule:233 - rule Adapt Old IOC DCMIPP. is applicable
2025-11-02 11:30:12,512 [INFO] Rule:233 - rule Adapt Old IOC DCMIPP Mode Parallel. is applicable
2025-11-02 11:30:12,512 [INFO] Rule:233 - rule Adapt Old IOC LTDC. is applicable
2025-11-02 11:30:12,512 [INFO] Rule:233 - rule Rename STM32MP2 RIF Peripheral LTDC RIF.RISUP.LTDC_L0L1.Privilege -> RIF.RISUP.LTDC_L1L2.Privilege is applicable
2025-11-02 11:30:12,512 [INFO] Rule:233 - rule Rename STM32MP2 RIF Peripheral LTDC RIF.RISUP.LTDC_L0L1.Privilege -> RIF.RISUP.LTDC_L1L2.Privilege is applicable
2025-11-02 11:30:12,512 [INFO] Rule:233 - rule Rename STM32MP2 RIF Peripheral LTDC RIF.RISUP.LTDC_L0L1.Lock -> RIF.RISUP.LTDC_L1L2.Lock is applicable
2025-11-02 11:30:12,512 [INFO] Rule:233 - rule Rename STM32MP2 RIF Peripheral LTDC RIF.RISUP.LTDC_L2.Lock -> RIF.RISUP.LTDC_L3.Lock is applicable
2025-11-02 11:30:12,512 [INFO] Rule:233 - rule Adapt the old IOC example for updating the SYS when it is misconfigured. is applicable
2025-11-02 11:30:12,512 [INFO] Rule:233 - rule Rename STM32C09 Mcu.Package LQFP64 -> LQFP48 is applicable
2025-11-02 11:30:12,512 [INFO] Rule:233 - rule Adapt the old IOC example for updating the SYS when it is misconfigured. is applicable
2025-11-02 11:30:12,512 [INFO] Rule:233 - rule Adapt the old IOC example for updating the SYS when it is misconfigured. is applicable
2025-11-02 11:30:12,517 [INFO] DbConfProperties:307 - Apply Compatibility (53/282 Rules)
2025-11-02 11:30:12,548 [INFO] ImportTextPane:234 - (OptionalMessage_ERROR) Unable to find key (Mcu.ThirdPartyNb) in loaded IOC file
2025-11-02 11:30:12,551 [INFO] ImportTextPane:234 - (OptionalMessage_ERROR) Pin12 (VP_RIF_VS_RIF1) cannot be retrieved for this MCU
2025-11-02 11:30:12,704 [INFO] RtosManager:558 - Registered RTOS mode: class=CMSIS, group=RTOS, mode=CMSIS_V1, owner=FREERTOS
2025-11-02 11:30:12,704 [INFO] RtosManager:558 - Registered RTOS mode: class=CMSIS, group=RTOS2, mode=CMSIS_V2, owner=FREERTOS
2025-11-02 11:30:12,704 [INFO] RtosManager:558 - Registered RTOS mode: class=RTOS, group=Core, mode=CMSIS_V1, owner=FREERTOS
2025-11-02 11:30:12,704 [INFO] RtosManager:558 - Registered RTOS mode: class=RTOS, group=Core, mode=CMSIS_V2, owner=FREERTOS
2025-11-02 11:30:12,704 [WARN] ModelIntegratedComponent:184 - Missing modes for component STMicroelectronics:FreeRTOS:0.0.1:STMicroelectronics:RTOS:FreeRTOS:Core:::10.2.0:
2025-11-02 11:30:12,724 [WARN] ModelIntegratedComponent:63 - No mode defined for component null
2025-11-02 11:30:12,724 [WARN] ModelIntegratedComponent:63 - No mode defined for component null
2025-11-02 11:30:12,724 [WARN] ModelIntegratedComponent:63 - No mode defined for component null
2025-11-02 11:30:12,724 [WARN] ModelIntegratedComponent:63 - No mode defined for component null
2025-11-02 11:30:12,724 [WARN] ModelIntegratedComponent:63 - No mode defined for component null
2025-11-02 11:30:12,724 [WARN] ModelIntegratedComponent:63 - No mode defined for component null
2025-11-02 11:30:12,724 [WARN] ModelIntegratedComponent:63 - No mode defined for component null
2025-11-02 11:30:12,724 [WARN] ModelIntegratedComponent:63 - No mode defined for component null
2025-11-02 11:30:12,724 [WARN] ModelIntegratedComponent:63 - No mode defined for component null
2025-11-02 11:30:12,724 [WARN] ModelIntegratedComponent:63 - No mode defined for component null
2025-11-02 11:30:12,724 [WARN] ModelIntegratedComponent:63 - No mode defined for component null
2025-11-02 11:30:12,724 [WARN] ModelIntegratedComponent:63 - No mode defined for component null
2025-11-02 11:30:12,724 [WARN] ModelIntegratedComponent:63 - No mode defined for component null
2025-11-02 11:30:12,724 [WARN] ModelIntegratedComponent:63 - No mode defined for component null
2025-11-02 11:30:12,724 [WARN] ModelIntegratedComponent:63 - No mode defined for component null
2025-11-02 11:30:12,724 [WARN] ModelIntegratedComponent:63 - No mode defined for component null
2025-11-02 11:30:12,724 [WARN] ModelIntegratedComponent:63 - No mode defined for component null
2025-11-02 11:30:12,724 [WARN] ModelIntegratedComponent:63 - No mode defined for component null
2025-11-02 11:30:12,724 [WARN] ModelIntegratedComponent:63 - No mode defined for component null
2025-11-02 11:30:12,724 [WARN] ModelIntegratedComponent:63 - No mode defined for component null
2025-11-02 11:30:12,724 [WARN] ModelIntegratedComponent:63 - No mode defined for component null
2025-11-02 11:30:12,724 [WARN] ModelIntegratedComponent:63 - No mode defined for component null
2025-11-02 11:30:12,724 [WARN] ModelIntegratedComponent:63 - No mode defined for component null
2025-11-02 11:30:12,724 [WARN] ModelIntegratedComponent:63 - No mode defined for component null
2025-11-02 11:30:12,724 [WARN] ModelIntegratedComponent:63 - No mode defined for component null
2025-11-02 11:30:12,724 [WARN] ModelIntegratedComponent:63 - No mode defined for component null
2025-11-02 11:30:12,724 [WARN] ModelIntegratedComponent:63 - No mode defined for component null
2025-11-02 11:30:12,725 [WARN] ModelIntegratedComponent:63 - No mode defined for component null
2025-11-02 11:30:12,725 [WARN] ModelIntegratedComponent:63 - No mode defined for component null
2025-11-02 11:30:12,725 [WARN] ModelIntegratedComponent:63 - No mode defined for component null
2025-11-02 11:30:12,725 [WARN] ModelIntegratedComponent:63 - No mode defined for component null
2025-11-02 11:30:12,725 [WARN] ModelIntegratedComponent:63 - No mode defined for component null
2025-11-02 11:30:12,725 [WARN] ModelIntegratedComponent:63 - No mode defined for component null
2025-11-02 11:30:12,725 [WARN] ModelIntegratedComponent:63 - No mode defined for component null
2025-11-02 11:30:12,725 [WARN] ModelIntegratedComponent:63 - No mode defined for component null
2025-11-02 11:30:12,725 [WARN] ModelPack:524 - Component already loaded: STMicroelectronics:HAL Drivers:0.0.0:STMicroelectronics:Device:STMicro_Driver:XSPI:HAL::0.0.1:HAL_XSPI
2025-11-02 11:30:12,847 [INFO] ThirdPartyModel:298 - Start build external matchings
2025-11-02 11:30:13,345 [INFO] ThirdPartyModel:316 - End build external matchings
2025-11-02 11:30:13,359 [INFO] ImportTextPane:234 - (OptionalMessage_ERROR) IP (RCC) : Invalid parameter (FamilyName)
2025-11-02 11:30:13,361 [INFO] ImportTextPane:234 - (OptionalMessage_ERROR) IP (RCC) : Parameter (RNGFreq_Value) has invalid value (64000000)
2025-11-02 11:30:13,361 [INFO] ImportTextPane:234 - (OptionalMessage_ERROR) IP (RCC) : Parameter (SDMMCFreq_Value) has invalid value (64000000)
2025-11-02 11:30:13,361 [INFO] ImportTextPane:234 - (OptionalMessage_ERROR) IP (RCC) : Parameter (USBFreq_Value) has invalid value (64000000)
2025-11-02 11:30:13,702 [INFO] UtilMem:75 - End LoadConfig() Used Memory: 794421128 Bytes (921698304)
2025-11-02 11:30:13,802 [WARN] ThirdParty:833 - waiting for thirdparty lock release [change project]
2025-11-02 11:30:13,802 [INFO] ThirdParty:835 - entering critical section [change project]
2025-11-02 11:30:13,802 [INFO] ThirdParty:1030 - CMSIS Pack Vendor :STMicroelectronics X-CUBE-PM33A1 1.0.0
2025-11-02 11:30:13,802 [INFO] ThirdParty:1030 - CMSIS Pack Vendor :STMicroelectronics USBPD 4.1
2025-11-02 11:30:13,802 [INFO] ThirdParty:1030 - CMSIS Pack Vendor :STMicroelectronics X-CUBE-NFC9 1.0.0
2025-11-02 11:30:13,802 [INFO] ThirdParty:1030 - CMSIS Pack Vendor :STMicroelectronics USB_HOST 2.0.0
2025-11-02 11:30:13,802 [INFO] ThirdParty:1030 - CMSIS Pack Vendor :STMicroelectronics FP-SNS-MOTENVWB1 1.4.0
2025-11-02 11:30:13,802 [INFO] ThirdParty:1030 - CMSIS Pack Vendor :STMicroelectronics X-CUBE-AZRTOS-F4 1.1.0
2025-11-02 11:30:13,802 [INFO] ThirdParty:1030 - CMSIS Pack Vendor :STMicroelectronics LIBJPEG 8.0.0
2025-11-02 11:30:13,802 [INFO] ThirdParty:1030 - CMSIS Pack Vendor :STMicroelectronics FP-ATR-ASTRA1 2.0.2
2025-11-02 11:30:13,802 [INFO] ThirdParty:1030 - CMSIS Pack Vendor :wolfSSL I-CUBE-wolfSSL 5.8.2
2025-11-02 11:30:13,802 [INFO] ThirdParty:1030 - CMSIS Pack Vendor :STMicroelectronics X-CUBE-BLE1 7.1.0
2025-11-02 11:30:13,802 [INFO] ThirdParty:1030 - CMSIS Pack Vendor :Avnet-IotConnect X-CUBE-IoTC-DA16k-PMOD 1.0.0
2025-11-02 11:30:13,802 [INFO] ThirdParty:1030 - CMSIS Pack Vendor :STMicroelectronics X-CUBE-SMBUS 2.1.0
2025-11-02 11:30:13,802 [INFO] ThirdParty:1030 - CMSIS Pack Vendor :wolfSSL I-CUBE-wolfMQTT 1.19.2
2025-11-02 11:30:13,802 [INFO] ThirdParty:1030 - CMSIS Pack Vendor :STMicroelectronics USB_DEVICE 3.0.0
2025-11-02 11:30:13,802 [INFO] ThirdParty:1030 - CMSIS Pack Vendor :STMicroelectronics X-CUBE-ISPU 2.1.0
2025-11-02 11:30:13,802 [INFO] ThirdParty:1030 - CMSIS Pack Vendor :STMicroelectronics X-CUBE-EEPRMA1 5.2.0
2025-11-02 11:30:13,802 [INFO] ThirdParty:1030 - CMSIS Pack Vendor :STMicroelectronics X-CUBE-IPS 3.2.0
2025-11-02 11:30:13,802 [INFO] ThirdParty:1030 - CMSIS Pack Vendor :STMicroelectronics X-CUBE-BLEMGR 4.1.0
2025-11-02 11:30:13,802 [INFO] ThirdParty:1030 - CMSIS Pack Vendor :STMicroelectronics X-CUBE-AZRTOS-WB 2.0.0
2025-11-02 11:30:13,802 [INFO] ThirdParty:1030 - CMSIS Pack Vendor :STMicroelectronics X-CUBE-ST60 1.0.0
2025-11-02 11:30:13,802 [INFO] ThirdParty:1030 - CMSIS Pack Vendor :STMicroelectronics X-CUBE-GNSS1 7.0.1
2025-11-02 11:30:13,802 [INFO] ThirdParty:1030 - CMSIS Pack Vendor :STMicroelectronics X-CUBE-NFC12 1.0.0
2025-11-02 11:30:13,802 [INFO] ThirdParty:1030 - CMSIS Pack Vendor :STMicroelectronics X-CUBE-AZRTOS-F7 1.1.0
2025-11-02 11:30:13,802 [INFO] ThirdParty:1030 - CMSIS Pack Vendor :STMicroelectronics X-CUBE-AZRTOS-L5 2.0.0
2025-11-02 11:30:13,802 [INFO] ThirdParty:1030 - CMSIS Pack Vendor :STMicroelectronics X-CUBE-TOUCHGFX 4.25.0
2025-11-02 11:30:13,802 [INFO] ThirdParty:1030 - CMSIS Pack Vendor :STMicroelectronics USB_DEVICE 2.0.0
2025-11-02 11:30:13,802 [INFO] ThirdParty:1030 - CMSIS Pack Vendor :STMicroelectronics X-CUBE-NFC6 3.1.0
2025-11-02 11:30:13,802 [INFO] ThirdParty:1030 - CMSIS Pack Vendor :STMicroelectronics X-CUBE-ST67W61 1.1.0
2025-11-02 11:30:13,802 [INFO] ThirdParty:1030 - CMSIS Pack Vendor :quantropi X-CUBE-qispace-sdk-base 2.1.0
2025-11-02 11:30:13,802 [INFO] ThirdParty:1030 - CMSIS Pack Vendor :STMicroelectronics FP-SNS-MOTENV1 5.1.0
2025-11-02 11:30:13,802 [INFO] ThirdParty:1030 - CMSIS Pack Vendor :STMicroelectronics FreeRTOS 0.0.1
2025-11-02 11:30:13,802 [INFO] ThirdParty:1030 - CMSIS Pack Vendor :STMicroelectronics X-CUBE-AZRTOS-G0 1.1.0
2025-11-02 11:30:13,802 [INFO] ThirdParty:1030 - CMSIS Pack Vendor :STMicroelectronics X-CUBE-SAFEA1 1.2.2
2025-11-02 11:30:13,802 [INFO] ThirdParty:1030 - CMSIS Pack Vendor :STMicroelectronics X-CUBE-NFC4 3.0.0
2025-11-02 11:30:13,802 [INFO] ThirdParty:1030 - CMSIS Pack Vendor :STMicroelectronics X-CUBE-SUBG2 5.0.0
2025-11-02 11:30:13,802 [INFO] ThirdParty:1030 - CMSIS Pack Vendor :STMicroelectronics X-CUBE-AZRTOS-H7RS 1.1.0
2025-11-02 11:30:13,802 [INFO] ThirdParty:1030 - CMSIS Pack Vendor :STMicroelectronics STM32_WPAN 1.0.0
2025-11-02 11:30:13,802 [INFO] ThirdParty:1030 - CMSIS Pack Vendor :EmbeddedOffice I-CUBE-FS-RTOS 1.0.1
2025-11-02 11:30:13,802 [INFO] ThirdParty:1030 - CMSIS Pack Vendor :STMicroelectronics lwIP 2.0.3
2025-11-02 11:30:13,802 [INFO] ThirdParty:1030 - CMSIS Pack Vendor :WES I-CUBE-Cesium 1.4.0
2025-11-02 11:30:13,802 [INFO] ThirdParty:1030 - CMSIS Pack Vendor :Cesanta I-CUBE-Mongoose 7.13.0
2025-11-02 11:30:13,802 [INFO] ThirdParty:1030 - CMSIS Pack Vendor :STMicroelectronics USB_HOST 1.0.0
2025-11-02 11:30:13,802 [INFO] ThirdParty:1030 - CMSIS Pack Vendor :Infineon AIROC-Wi-Fi-Bluetooth-STM32 1.7.1
2025-11-02 11:30:13,802 [INFO] ThirdParty:1030 - CMSIS Pack Vendor :STMicroelectronics X-CUBE-AZRTOS-G4 2.0.0
2025-11-02 11:30:13,802 [INFO] ThirdParty:1030 - CMSIS Pack Vendor :STMicroelectronics X-CUBE-WB05N 2.0.0
2025-11-02 11:30:13,802 [INFO] ThirdParty:1030 - CMSIS Pack Vendor :STMicroelectronics PDM2PCM 3.1.0
2025-11-02 11:30:13,802 [INFO] ThirdParty:1030 - CMSIS Pack Vendor :STMicroelectronics PDM2PCM 3.3.0
2025-11-02 11:30:13,802 [INFO] ThirdParty:1030 - CMSIS Pack Vendor :wolfSSL I-CUBE-wolfTPM 3.8.0
2025-11-02 11:30:13,802 [INFO] ThirdParty:1030 - CMSIS Pack Vendor :STMicroelectronics X-CUBE-AZRTOS-H7 3.4.0
2025-11-02 11:30:13,802 [INFO] ThirdParty:1030 - CMSIS Pack Vendor :STMicroelectronics X-CUBE-DISPLAY 3.0.0
2025-11-02 11:30:13,802 [INFO] ThirdParty:1030 - CMSIS Pack Vendor :wolfSSL I-CUBE-wolfSSH 1.4.20
2025-11-02 11:30:13,802 [INFO] ThirdParty:1030 - CMSIS Pack Vendor :STMicroelectronics X-CUBE-NFC7 2.0.0
2025-11-02 11:30:13,802 [INFO] ThirdParty:1030 - CMSIS Pack Vendor :STMicroelectronics X-CUBE-TCPP 4.2.0
2025-11-02 11:30:13,802 [INFO] ThirdParty:1030 - CMSIS Pack Vendor :RealThread X-CUBE-RT-Thread_Nano 4.1.1
2025-11-02 11:30:13,802 [INFO] ThirdParty:1030 - CMSIS Pack Vendor :STMicroelectronics FP-ATR-SIGFOX1 3.2.0
2025-11-02 11:30:13,802 [INFO] ThirdParty:1030 - CMSIS Pack Vendor :STMicroelectronics X-CUBE-NFC10 1.0.0
2025-11-02 11:30:13,802 [INFO] ThirdParty:1030 - CMSIS Pack Vendor :STMicroelectronics X-CUBE-FREERTOS 1.3.1
2025-11-02 11:30:13,802 [INFO] ThirdParty:1030 - CMSIS Pack Vendor :STMicroelectronics HAL Drivers 0.0.0
2025-11-02 11:30:13,802 [INFO] ThirdParty:1030 - CMSIS Pack Vendor :STMicroelectronics MBEDTLS 2.16.2
2025-11-02 11:30:13,802 [INFO] ThirdParty:1030 - CMSIS Pack Vendor :STMicroelectronics X-CUBE-ST60 1.1.0
2025-11-02 11:30:13,802 [INFO] ThirdParty:1030 - CMSIS Pack Vendor :STMicroelectronics X-CUBE-IPS 3.1.0
2025-11-02 11:30:13,802 [INFO] ThirdParty:1030 - CMSIS Pack Vendor :STMicroelectronics X-CUBE-ALS 1.0.2
2025-11-02 11:30:13,802 [INFO] ThirdParty:1030 - CMSIS Pack Vendor :emotas I-CUBE-CANOPEN 1.3.0
2025-11-02 11:30:13,802 [INFO] ThirdParty:1030 - CMSIS Pack Vendor :STMicroelectronics MBEDTLS 2.14.1
2025-11-02 11:30:13,802 [INFO] ThirdParty:1030 - CMSIS Pack Vendor :STMicroelectronics X-CUBE-GNSS1 7.1.0
2025-11-02 11:30:13,802 [INFO] ThirdParty:1030 - CMSIS Pack Vendor :ITTIA_DB I-CUBE-ITTIADB 8.9.0
2025-11-02 11:30:13,802 [INFO] ThirdParty:1030 - CMSIS Pack Vendor :STMicroelectronics X-CUBE-TOUCHGFX 4.26.0
2025-11-02 11:30:13,802 [INFO] ThirdParty:1030 - CMSIS Pack Vendor :STMicroelectronics X-CUBE-STSE01 1.0.0
2025-11-02 11:30:13,802 [INFO] ThirdParty:1030 - CMSIS Pack Vendor :STMicroelectronics X-CUBE-ST67W61 1.0.0
2025-11-02 11:30:13,802 [INFO] ThirdParty:1030 - CMSIS Pack Vendor :STMicroelectronics FP-SNS-STBOX1 2.1.0
2025-11-02 11:30:13,802 [INFO] ThirdParty:1030 - CMSIS Pack Vendor :STMicroelectronics X-CUBE-AI 10.2.0
2025-11-02 11:30:13,802 [INFO] ThirdParty:1030 - CMSIS Pack Vendor :STMicroelectronics FP-SNS-STAIOTCFT 1.0.0
2025-11-02 11:30:13,802 [INFO] ThirdParty:1030 - CMSIS Pack Vendor :STMicroelectronics ThreadX 1.0.0
2025-11-02 11:30:13,802 [INFO] ThirdParty:1030 - CMSIS Pack Vendor :STMicroelectronics FP-SNS-SMARTAG2 1.2.0
2025-11-02 11:30:13,802 [INFO] ThirdParty:1030 - CMSIS Pack Vendor :STMicroelectronics FP-SNS-FLIGHT1 5.1.0
2025-11-02 11:30:13,802 [INFO] ThirdParty:1030 - CMSIS Pack Vendor :STMicroelectronics X-CUBE-AZRTOS-WL 2.0.0
2025-11-02 11:30:13,802 [INFO] ThirdParty:1030 - CMSIS Pack Vendor :SEGGER I-CUBE-embOS 1.3.1
2025-11-02 11:30:13,802 [INFO] ThirdParty:1030 - CMSIS Pack Vendor :STMicroelectronics X-CUBE-ALGOBUILD 1.4.0
2025-11-02 11:30:13,802 [INFO] ThirdParty:1030 - CMSIS Pack Vendor :STMicroelectronics X-CUBE-DPower 1.3.0
2025-11-02 11:30:13,802 [INFO] ThirdParty:1030 - CMSIS Pack Vendor :STMicroelectronics X-CUBE-MEMS1 11.3.0
2025-11-02 11:30:13,802 [INFO] ThirdParty:1030 - CMSIS Pack Vendor :STMicroelectronics FP-SNS-MOTENV1 5.0.0
2025-11-02 11:30:13,802 [INFO] ThirdParty:1030 - CMSIS Pack Vendor :STMicroelectronics USB_DEVICE 1.0.0
2025-11-02 11:30:13,802 [INFO] ThirdParty:1030 - CMSIS Pack Vendor :STMicroelectronics X-CUBE-AZRTOS-L4 2.0.0
2025-11-02 11:30:13,802 [INFO] ThirdParty:1030 - CMSIS Pack Vendor :STMicroelectronics ThreadX 0.0.2
2025-11-02 11:30:13,802 [INFO] ThirdParty:1030 - CMSIS Pack Vendor :STMicroelectronics lwIP 2.1.2
2025-11-02 11:30:13,802 [INFO] ThirdParty:1030 - CMSIS Pack Vendor :STMicroelectronics X-CUBE-SFXS2LP1 4.0.0
2025-11-02 11:30:13,802 [INFO] ThirdParty:1030 - CMSIS Pack Vendor :STMicroelectronics X-CUBE-BLE2 3.3.0
2025-11-02 11:30:13,802 [INFO] ThirdParty:1030 - CMSIS Pack Vendor :STMicroelectronics X-CUBE-TOF1 3.4.3
2025-11-02 11:30:13,802 [INFO] ThirdParty:1030 - CMSIS Pack Vendor :STMicroelectronics PDM2PCM 3.2.0
2025-11-02 11:30:13,802 [INFO] ThirdParty:841 - exiting critical section [change project]
2025-11-02 11:30:14,169 [INFO] PinOutPanel:1589 - setPackage(No Configuration,No Configuration)
2025-11-02 11:30:14,169 [INFO] PinOutPanel:1589 - setPackage(STM32L476RGTx,LQFP64)
2025-11-02 11:30:14,890 [INFO] UtilMem:75 - Before build in PCC Used Memory: 675354576 Bytes (921698304)
2025-11-02 11:30:15,904 [INFO] UtilMem:75 - After build in PCC Used Memory: 770248656 Bytes (921698304)
2025-11-02 11:30:15,921 [INFO] IPUIPlugin:80 - create IPUIPlugin
2025-11-02 11:30:15,921 [INFO] IPUIPlugin:80 - create IPUIPlugin
2025-11-02 11:30:15,921 [INFO] IPUIPlugin:80 - create IPUIPlugin
2025-11-02 11:30:15,921 [INFO] IPUIPlugin:80 - create IPUIPlugin
2025-11-02 11:30:15,921 [INFO] IPUIPlugin:80 - create IPUIPlugin
2025-11-02 11:30:15,921 [INFO] IPUIPlugin:80 - create IPUIPlugin
2025-11-02 11:30:15,921 [INFO] IPUIPlugin:80 - create IPUIPlugin
2025-11-02 11:30:15,921 [INFO] IPUIPlugin:80 - create IPUIPlugin
2025-11-02 11:30:15,921 [INFO] IPUIPlugin:80 - create IPUIPlugin
2025-11-02 11:30:15,921 [INFO] IPUIPlugin:80 - create IPUIPlugin
2025-11-02 11:30:15,921 [INFO] IPUIPlugin:80 - create IPUIPlugin
2025-11-02 11:30:15,921 [INFO] IPUIPlugin:80 - create IPUIPlugin
2025-11-02 11:30:15,921 [INFO] IPUIPlugin:80 - create IPUIPlugin
2025-11-02 11:30:15,921 [INFO] IPUIPlugin:80 - create IPUIPlugin
2025-11-02 11:30:15,921 [INFO] IPUIPlugin:80 - create IPUIPlugin
2025-11-02 11:30:15,921 [INFO] IPUIPlugin:80 - create IPUIPlugin
2025-11-02 11:30:15,921 [INFO] IPUIPlugin:80 - create IPUIPlugin
2025-11-02 11:30:15,936 [INFO] IPUIPlugin:80 - create IPUIPlugin
2025-11-02 11:30:15,936 [INFO] IPUIPlugin:80 - create IPUIPlugin
2025-11-02 11:30:15,936 [INFO] IPUIPlugin:80 - create IPUIPlugin
2025-11-02 11:30:15,937 [INFO] IPUIPlugin:80 - create IPUIPlugin
2025-11-02 11:30:15,937 [INFO] IPUIPlugin:80 - create IPUIPlugin
2025-11-02 11:30:15,937 [INFO] IPUIPlugin:80 - create IPUIPlugin
2025-11-02 11:30:15,937 [INFO] IPUIPlugin:80 - create IPUIPlugin
2025-11-02 11:30:15,937 [INFO] IPUIPlugin:80 - create IPUIPlugin
2025-11-02 11:30:15,937 [INFO] IPUIPlugin:80 - create IPUIPlugin
2025-11-02 11:30:15,937 [INFO] IPUIPlugin:80 - create IPUIPlugin
2025-11-02 11:30:15,937 [INFO] IPUIPlugin:80 - create IPUIPlugin
2025-11-02 11:30:15,937 [INFO] IPUIPlugin:80 - create IPUIPlugin
2025-11-02 11:30:15,937 [INFO] IPUIPlugin:80 - create IPUIPlugin
2025-11-02 11:30:15,937 [INFO] IPUIPlugin:80 - create IPUIPlugin
2025-11-02 11:30:15,937 [INFO] IPUIPlugin:80 - create IPUIPlugin
2025-11-02 11:30:15,937 [INFO] IPUIPlugin:80 - create IPUIPlugin
2025-11-02 11:30:15,937 [INFO] IPUIPlugin:80 - create IPUIPlugin
2025-11-02 11:30:15,937 [INFO] IPUIPlugin:80 - create IPUIPlugin
2025-11-02 11:30:15,937 [INFO] IPUIPlugin:80 - create IPUIPlugin
2025-11-02 11:30:15,937 [INFO] IPUIPlugin:80 - create IPUIPlugin
2025-11-02 11:30:15,937 [INFO] IPUIPlugin:80 - create IPUIPlugin
2025-11-02 11:30:15,937 [INFO] IPUIPlugin:80 - create IPUIPlugin
2025-11-02 11:30:15,937 [INFO] IPUIPlugin:80 - create IPUIPlugin
2025-11-02 11:30:15,937 [INFO] IPUIPlugin:80 - create IPUIPlugin
2025-11-02 11:30:15,937 [INFO] IPUIPlugin:80 - create IPUIPlugin
2025-11-02 11:30:15,937 [INFO] IPUIPlugin:80 - create IPUIPlugin
2025-11-02 11:30:15,937 [INFO] IPUIPlugin:80 - create IPUIPlugin
2025-11-02 11:30:15,937 [INFO] IPUIPlugin:80 - create IPUIPlugin
2025-11-02 11:30:15,937 [INFO] IPUIPlugin:80 - create IPUIPlugin
2025-11-02 11:30:15,937 [INFO] IPUIPlugin:80 - create IPUIPlugin
2025-11-02 11:30:15,937 [INFO] IPUIPlugin:80 - create IPUIPlugin
2025-11-02 11:30:15,937 [INFO] IPUIPlugin:80 - create IPUIPlugin
2025-11-02 11:30:15,937 [INFO] IPUIPlugin:80 - create IPUIPlugin
2025-11-02 11:30:15,937 [INFO] IPUIPlugin:80 - create IPUIPlugin
2025-11-02 11:30:15,937 [INFO] IPUIPlugin:80 - create IPUIPlugin
2025-11-02 11:30:15,937 [INFO] IPUIPlugin:80 - create IPUIPlugin
2025-11-02 11:30:15,937 [INFO] IPUIPlugin:80 - create IPUIPlugin
2025-11-02 11:30:15,937 [INFO] IPUIPlugin:80 - create IPUIPlugin
2025-11-02 11:30:15,937 [INFO] IPUIPlugin:80 - create IPUIPlugin
2025-11-02 11:30:15,937 [INFO] IPUIPlugin:80 - create IPUIPlugin
2025-11-02 11:30:15,937 [INFO] IPUIPlugin:80 - create IPUIPlugin
2025-11-02 11:30:15,937 [INFO] IPUIPlugin:80 - create IPUIPlugin
2025-11-02 11:30:16,171 [INFO] CADModel:165 - CPN selected for project levelSTM32L476RGT3
2025-11-02 11:30:16,171 [INFO] CADModel:114 - Register for checkConnection events
2025-11-02 11:30:16,238 [INFO] OpenFileManager:386 - Restore cursor
2025-11-02 11:30:16,913 [INFO] UtilMem:75 - End SaveConfig() Used Memory: 592649688 Bytes (921698304)
2025-11-02 11:30:16,988 [INFO] UtilMem:75 - End SaveConfig() Used Memory: 616513480 Bytes (921698304)
2025-11-02 11:30:17,403 [INFO] BlockDiagram:2775 - set Specific Code input for plugin: SYS
2025-11-02 11:30:17,403 [INFO] BlockDiagram:2775 - set Specific Code input for plugin: RCC
2025-11-02 11:30:17,403 [INFO] BlockDiagram:2775 - set Specific Code input for plugin: NVIC
2025-11-02 11:30:17,403 [INFO] BlockDiagram:2775 - set Specific Code input for plugin: USART
2025-11-02 11:30:17,403 [INFO] BlockDiagram:2775 - set Specific Code input for plugin: GPIO
2025-11-02 11:30:17,404 [INFO] CodeGenerator:892 - code generatio: config db path: C:\ST\STM32CubeIDE_1.19.0\STM32CubeIDE\plugins\com.st.stm32cube.common.mx_6.15.0.202507011659\\db\
2025-11-02 11:30:17,574 [INFO] CodeEngine:265 - oldGeneratedFile, D:\STM32\Lab\26-sawtooth-waveform-generator\MXTmpFiles\license.tmp_save
2025-11-02 11:30:17,925 [INFO] CodeEngine:289 - Generated code: D:\STM32\Lab\26-sawtooth-waveform-generator\MXTmpFiles\license.tmp
2025-11-02 11:30:18,074 [INFO] CodeEngine:265 - oldGeneratedFile, D:\STM32\Lab\26-sawtooth-waveform-generator\MXTmpFiles\gpio.tmp_save
2025-11-02 11:30:18,206 [INFO] CodeEngine:289 - Generated code: D:\STM32\Lab\26-sawtooth-waveform-generator\MXTmpFiles\gpio.tmp
2025-11-02 11:30:18,435 [INFO] CodeEngine:265 - oldGeneratedFile, D:\STM32\Lab\26-sawtooth-waveform-generator\Core\Src\stm32l4xx_it.c_save
2025-11-02 11:30:18,539 [INFO] CodeEngine:289 - Generated code: D:\STM32\Lab\26-sawtooth-waveform-generator\Core\Src\stm32l4xx_it.c
2025-11-02 11:30:18,543 [INFO] CodeEngine:265 - oldGeneratedFile, D:\STM32\Lab\26-sawtooth-waveform-generator\Core\Inc\stm32l4xx_it.h_save
2025-11-02 11:30:18,602 [INFO] CodeEngine:289 - Generated code: D:\STM32\Lab\26-sawtooth-waveform-generator\Core\Inc\stm32l4xx_it.h
2025-11-02 11:30:18,614 [INFO] CodeEngine:265 - oldGeneratedFile, D:\STM32\Lab\26-sawtooth-waveform-generator\Core\Src\stm32l4xx_hal_msp.c_save
2025-11-02 11:30:18,758 [INFO] CodeEngine:289 - Generated code: D:\STM32\Lab\26-sawtooth-waveform-generator\Core\Src\stm32l4xx_hal_msp.c
2025-11-02 11:30:18,762 [INFO] CodeEngine:265 - oldGeneratedFile, D:\STM32\Lab\26-sawtooth-waveform-generator\MXTmpFiles\system.tmp_save
2025-11-02 11:30:18,816 [INFO] CodeEngine:289 - Generated code: D:\STM32\Lab\26-sawtooth-waveform-generator\MXTmpFiles\system.tmp
2025-11-02 11:30:18,826 [INFO] CodeEngine:321 - oldGeneratedFile, D:\STM32\Lab\26-sawtooth-waveform-generator\Core\Inc\stm32l4xx_hal_conf.h_save
2025-11-02 11:30:18,881 [INFO] CodeEngine:345 - Generated code: D:\STM32\Lab\26-sawtooth-waveform-generator\Core\Inc\stm32l4xx_hal_conf.h
2025-11-02 11:30:18,929 [INFO] ApiDbMcu:532 - Load IP Config File for USART2
2025-11-02 11:30:18,932 [INFO] ApiDbMcu:532 - Load IP Config File for RCC
2025-11-02 11:30:18,942 [INFO] CodeEngine:265 - oldGeneratedFile, D:\STM32\Lab\26-sawtooth-waveform-generator\Core\Inc\main.h_save
2025-11-02 11:30:19,016 [INFO] CodeEngine:289 - Generated code: D:\STM32\Lab\26-sawtooth-waveform-generator\Core\Inc\main.h
2025-11-02 11:30:19,021 [INFO] CodeEngine:265 - oldGeneratedFile, D:\STM32\Lab\26-sawtooth-waveform-generator\Core\Src\main.c_save
2025-11-02 11:30:19,127 [INFO] CodeEngine:289 - Generated code: D:\STM32\Lab\26-sawtooth-waveform-generator\Core\Src\main.c
2025-11-02 11:30:19,658 [INFO] ProjectBuilder:3606 - Time for Copy HAL[1] : 301mS.
2025-11-02 11:30:19,665 [INFO] ProjectBuilder:5216 - Project Generator version: 4.7.0-B52
2025-11-02 11:30:19,739 [INFO] ConfigFileManager:1595 - The Die is : DIE415
2025-11-02 11:30:19,767 [INFO] ApiDbMcu:532 - Load IP Config File for FATFS
2025-11-02 11:30:19,773 [INFO] ApiDbMcu:532 - Load IP Config File for FREERTOS
2025-11-02 11:30:19,783 [INFO] ApiDbMcu:532 - Load IP Config File for TOUCHSENSING
2025-11-02 11:30:19,789 [INFO] ApiDbMcu:532 - Load IP Config File for USB_DEVICE
2025-11-02 11:30:19,794 [INFO] ApiDbMcu:532 - Load IP Config File for USB_HOST
2025-11-02 11:30:20,289 [INFO] LogOutputStream:77 - [STDOUT_REDIRECT] 
2025-11-02 11:30:22,829 [INFO] ProjectBuilder:5496 - Time for Generating toolchain IDE Files: 3164mS.
2025-11-02 11:30:22,830 [INFO] ProjectBuilder:3463 - Time for Copy CMSIS : 0mS.
2025-11-02 11:30:22,832 [INFO] ProjectBuilder:3463 - Time for Copy CMSIS : 1mS.
2025-11-02 11:30:24,112 [INFO] McuFinderGlobals:76 - Set McuFinderConnectedMode to true
2025-11-02 11:30:24,112 [INFO] ApiDb:448 - Save user favorites file C:\Users\user/.stm32cubeide/favorites.mcus.txt: 0 item(s)
2025-11-02 11:30:24,112 [INFO] ApiDb:452 - User favorites MCUs=[]
2025-11-02 11:30:24,127 [INFO] ApiDb:448 - Save user favorites file C:\Users\user/.stm32cubeide/favorites.boards.txt: 1 item(s)
2025-11-02 11:30:24,127 [INFO] ApiDb:452 - User favorites Boards=[NUCLEO-L476RG]
2025-11-02 11:35:05,915 [INFO] NvicIntPanel:101 - NVIC parent = com.st.microxplorer.plugins.ip.nvic.MultiNvicIntPanel[,0,0,0x0,invalid,layout=javax.swing.BoxLayout,alignmentX=0.0,alignmentY=0.0,border=,flags=9,maximumSize=,minimumSize=,preferredSize=]
2025-11-02 11:35:35,068 [ERROR] LogOutputStream:75 - [STDERR_REDIRECT] Exception in thread "AWT-EventQueue-0" java.awt.IllegalComponentStateException: component must be showing on the screen to determine its location
2025-11-02 11:35:35,069 [ERROR] LogOutputStream:75 - [STDERR_REDIRECT] 	at java.desktop/java.awt.Component.getLocationOnScreen_NoTreeLock(Component.java:2113)
2025-11-02 11:35:35,070 [ERROR] LogOutputStream:75 - [STDERR_REDIRECT] 	at java.desktop/java.awt.Component.getLocationOnScreen(Component.java:2087)
2025-11-02 11:35:35,071 [ERROR] LogOutputStream:75 - [STDERR_REDIRECT] 	at java.desktop/javax.swing.JPopupMenu.show(JPopupMenu.java:982)
2025-11-02 11:35:35,072 [ERROR] LogOutputStream:75 - [STDERR_REDIRECT] 	at java.desktop/javax.swing.plaf.basic.BasicComboPopup.show(BasicComboPopup.java:235)
2025-11-02 11:35:35,073 [ERROR] LogOutputStream:75 - [STDERR_REDIRECT] 	at java.desktop/javax.swing.plaf.basic.BasicComboPopup.togglePopup(BasicComboPopup.java:1265)
2025-11-02 11:35:35,074 [ERROR] LogOutputStream:75 - [STDERR_REDIRECT] 	at java.desktop/javax.swing.plaf.basic.BasicComboPopup$Handler.mousePressed(BasicComboPopup.java:936)
2025-11-02 11:35:35,075 [ERROR] LogOutputStream:75 - [STDERR_REDIRECT] 	at java.desktop/java.awt.Component.processMouseEvent(Component.java:6618)
2025-11-02 11:35:35,076 [ERROR] LogOutputStream:75 - [STDERR_REDIRECT] 	at java.desktop/javax.swing.JComponent.processMouseEvent(JComponent.java:3398)
2025-11-02 11:35:35,077 [ERROR] LogOutputStream:75 - [STDERR_REDIRECT] 	at java.desktop/java.awt.Component.processEvent(Component.java:6386)
2025-11-02 11:35:35,078 [ERROR] LogOutputStream:75 - [STDERR_REDIRECT] 	at java.desktop/java.awt.Container.processEvent(Container.java:2266)
2025-11-02 11:35:35,079 [ERROR] LogOutputStream:75 - [STDERR_REDIRECT] 	at java.desktop/java.awt.Component.dispatchEventImpl(Component.java:4996)
2025-11-02 11:35:35,080 [ERROR] LogOutputStream:75 - [STDERR_REDIRECT] 	at java.desktop/java.awt.Container.dispatchEventImpl(Container.java:2324)
2025-11-02 11:35:35,081 [ERROR] LogOutputStream:75 - [STDERR_REDIRECT] 	at java.desktop/java.awt.Component.dispatchEvent(Component.java:4828)
2025-11-02 11:35:35,082 [ERROR] LogOutputStream:75 - [STDERR_REDIRECT] 	at java.desktop/javax.swing.plaf.basic.BasicTableUI$Handler.repostEvent(BasicTableUI.java:978)
2025-11-02 11:35:35,083 [ERROR] LogOutputStream:75 - [STDERR_REDIRECT] 	at java.desktop/javax.swing.plaf.basic.BasicTableUI$Handler.adjustSelection(BasicTableUI.java:1140)
2025-11-02 11:35:35,084 [ERROR] LogOutputStream:75 - [STDERR_REDIRECT] 	at java.desktop/javax.swing.plaf.basic.BasicTableUI$Handler.mousePressed(BasicTableUI.java:1068)
2025-11-02 11:35:35,086 [ERROR] LogOutputStream:75 - [STDERR_REDIRECT] 	at java.desktop/java.awt.AWTEventMulticaster.mousePressed(AWTEventMulticaster.java:288)
2025-11-02 11:35:35,087 [ERROR] LogOutputStream:75 - [STDERR_REDIRECT] 	at java.desktop/java.awt.AWTEventMulticaster.mousePressed(AWTEventMulticaster.java:287)
2025-11-02 11:35:35,089 [ERROR] LogOutputStream:75 - [STDERR_REDIRECT] 	at java.desktop/java.awt.AWTEventMulticaster.mousePressed(AWTEventMulticaster.java:287)
2025-11-02 11:35:35,090 [ERROR] LogOutputStream:75 - [STDERR_REDIRECT] 	at java.desktop/java.awt.AWTEventMulticaster.mousePressed(AWTEventMulticaster.java:287)
2025-11-02 11:35:35,092 [ERROR] LogOutputStream:75 - [STDERR_REDIRECT] 	at java.desktop/java.awt.Component.processMouseEvent(Component.java:6618)
2025-11-02 11:35:35,093 [ERROR] LogOutputStream:75 - [STDERR_REDIRECT] 	at java.desktop/javax.swing.JComponent.processMouseEvent(JComponent.java:3398)
2025-11-02 11:35:35,094 [ERROR] LogOutputStream:75 - [STDERR_REDIRECT] 	at java.desktop/java.awt.Component.processEvent(Component.java:6386)
2025-11-02 11:35:35,095 [ERROR] LogOutputStream:75 - [STDERR_REDIRECT] 	at java.desktop/java.awt.Container.processEvent(Container.java:2266)
2025-11-02 11:35:35,096 [ERROR] LogOutputStream:75 - [STDERR_REDIRECT] 	at java.desktop/java.awt.Component.dispatchEventImpl(Component.java:4996)
2025-11-02 11:35:35,098 [ERROR] LogOutputStream:75 - [STDERR_REDIRECT] 	at java.desktop/java.awt.Container.dispatchEventImpl(Container.java:2324)
2025-11-02 11:35:35,099 [ERROR] LogOutputStream:75 - [STDERR_REDIRECT] 	at java.desktop/java.awt.Component.dispatchEvent(Component.java:4828)
2025-11-02 11:35:35,100 [ERROR] LogOutputStream:75 - [STDERR_REDIRECT] 	at java.desktop/java.awt.LightweightDispatcher.retargetMouseEvent(Container.java:4948)
2025-11-02 11:35:35,101 [ERROR] LogOutputStream:75 - [STDERR_REDIRECT] 	at java.desktop/java.awt.LightweightDispatcher.processMouseEvent(Container.java:4572)
2025-11-02 11:35:35,103 [ERROR] LogOutputStream:75 - [STDERR_REDIRECT] 	at java.desktop/java.awt.LightweightDispatcher.dispatchEvent(Container.java:4516)
2025-11-02 11:35:35,104 [ERROR] LogOutputStream:75 - [STDERR_REDIRECT] 	at java.desktop/java.awt.Container.dispatchEventImpl(Container.java:2310)
2025-11-02 11:35:35,105 [ERROR] LogOutputStream:75 - [STDERR_REDIRECT] 	at java.desktop/java.awt.Component.dispatchEvent(Component.java:4828)
2025-11-02 11:35:35,107 [ERROR] LogOutputStream:75 - [STDERR_REDIRECT] 	at java.desktop/java.awt.EventQueue.dispatchEventImpl(EventQueue.java:775)
2025-11-02 11:35:35,108 [ERROR] LogOutputStream:75 - [STDERR_REDIRECT] 	at java.desktop/java.awt.EventQueue$4.run(EventQueue.java:720)
2025-11-02 11:35:35,109 [ERROR] LogOutputStream:75 - [STDERR_REDIRECT] 	at java.desktop/java.awt.EventQueue$4.run(EventQueue.java:714)
2025-11-02 11:35:35,110 [ERROR] LogOutputStream:75 - [STDERR_REDIRECT] 	at java.base/java.security.AccessController.doPrivileged(AccessController.java:400)
2025-11-02 11:35:35,111 [ERROR] LogOutputStream:75 - [STDERR_REDIRECT] 	at java.base/java.security.ProtectionDomain$JavaSecurityAccessImpl.doIntersectionPrivilege(ProtectionDomain.java:87)
2025-11-02 11:35:35,113 [ERROR] LogOutputStream:75 - [STDERR_REDIRECT] 	at java.base/java.security.ProtectionDomain$JavaSecurityAccessImpl.doIntersectionPrivilege(ProtectionDomain.java:98)
2025-11-02 11:35:35,114 [ERROR] LogOutputStream:75 - [STDERR_REDIRECT] 	at java.desktop/java.awt.EventQueue$5.run(EventQueue.java:747)
2025-11-02 11:35:35,115 [ERROR] LogOutputStream:75 - [STDERR_REDIRECT] 	at java.desktop/java.awt.EventQueue$5.run(EventQueue.java:745)
2025-11-02 11:35:35,116 [ERROR] LogOutputStream:75 - [STDERR_REDIRECT] 	at java.base/java.security.AccessController.doPrivileged(AccessController.java:400)
2025-11-02 11:35:35,118 [ERROR] LogOutputStream:75 - [STDERR_REDIRECT] 	at java.base/java.security.ProtectionDomain$JavaSecurityAccessImpl.doIntersectionPrivilege(ProtectionDomain.java:87)
2025-11-02 11:35:35,119 [ERROR] LogOutputStream:75 - [STDERR_REDIRECT] 	at java.desktop/java.awt.EventQueue.dispatchEvent(EventQueue.java:744)
2025-11-02 11:35:35,121 [ERROR] LogOutputStream:75 - [STDERR_REDIRECT] 	at java.desktop/java.awt.EventDispatchThread.pumpOneEventForFilters(EventDispatchThread.java:203)
2025-11-02 11:35:35,122 [ERROR] LogOutputStream:75 - [STDERR_REDIRECT] 	at java.desktop/java.awt.EventDispatchThread.pumpEventsForFilter(EventDispatchThread.java:124)
2025-11-02 11:35:35,123 [ERROR] LogOutputStream:75 - [STDERR_REDIRECT] 	at java.desktop/java.awt.EventDispatchThread.pumpEventsForHierarchy(EventDispatchThread.java:113)
2025-11-02 11:35:35,125 [ERROR] LogOutputStream:75 - [STDERR_REDIRECT] 	at java.desktop/java.awt.EventDispatchThread.pumpEvents(EventDispatchThread.java:109)
2025-11-02 11:35:35,126 [ERROR] LogOutputStream:75 - [STDERR_REDIRECT] 	at java.desktop/java.awt.EventDispatchThread.pumpEvents(EventDispatchThread.java:101)
2025-11-02 11:35:35,127 [ERROR] LogOutputStream:75 - [STDERR_REDIRECT] 	at java.desktop/java.awt.EventDispatchThread.run(EventDispatchThread.java:90)
2025-11-02 11:35:36,697 [INFO] NvicIntPanel:101 - NVIC parent = com.st.microxplorer.plugins.ip.nvic.MultiNvicIntPanel[,0,0,0x0,invalid,layout=javax.swing.BoxLayout,alignmentX=0.0,alignmentY=0.0,border=,flags=9,maximumSize=,minimumSize=,preferredSize=]
2025-11-02 11:35:41,954 [INFO] NvicIntPanel:101 - NVIC parent = com.st.microxplorer.plugins.ip.nvic.MultiNvicIntPanel[,0,0,0x0,invalid,layout=javax.swing.BoxLayout,alignmentX=0.0,alignmentY=0.0,border=,flags=9,maximumSize=,minimumSize=,preferredSize=]
2025-11-02 11:35:45,563 [INFO] NvicIntPanel:101 - NVIC parent = com.st.microxplorer.plugins.ip.nvic.MultiNvicIntPanel[,0,0,0x0,invalid,layout=javax.swing.BoxLayout,alignmentX=0.0,alignmentY=0.0,border=,flags=9,maximumSize=,minimumSize=,preferredSize=]
2025-11-02 11:35:49,172 [INFO] NvicIntPanel:101 - NVIC parent = com.st.microxplorer.plugins.ip.nvic.MultiNvicIntPanel[,0,0,0x0,invalid,layout=javax.swing.BoxLayout,alignmentX=0.0,alignmentY=0.0,border=,flags=9,maximumSize=,minimumSize=,preferredSize=]
2025-11-02 11:36:11,259 [INFO] NvicIntPanel:101 - NVIC parent = com.st.microxplorer.plugins.ip.nvic.MultiNvicIntPanel[,0,0,0x0,invalid,layout=javax.swing.BoxLayout,alignmentX=0.0,alignmentY=0.0,border=,flags=9,maximumSize=,minimumSize=,preferredSize=]
2025-11-02 11:36:57,205 [INFO] NvicIntPanel:101 - NVIC parent = com.st.microxplorer.plugins.ip.nvic.MultiNvicIntPanel[,0,0,0x0,invalid,layout=javax.swing.BoxLayout,alignmentX=0.0,alignmentY=0.0,border=,flags=9,maximumSize=,minimumSize=,preferredSize=]
2025-11-02 11:37:01,735 [INFO] UtilMem:75 - End SaveConfig() Used Memory: 524989312 Bytes (987758592)
2025-11-02 11:37:05,050 [INFO] UtilMem:75 - End SaveConfig() Used Memory: 686020368 Bytes (987758592)
2025-11-02 11:37:05,510 [INFO] BlockDiagram:2775 - set Specific Code input for plugin: DAC
2025-11-02 11:37:05,510 [INFO] BlockDiagram:2775 - set Specific Code input for plugin: TIM1_8L4
2025-11-02 11:37:05,510 [INFO] BlockDiagram:2775 - set Specific Code input for plugin: SYS
2025-11-02 11:37:05,510 [INFO] BlockDiagram:2775 - set Specific Code input for plugin: RCC
2025-11-02 11:37:05,510 [INFO] BlockDiagram:2775 - set Specific Code input for plugin: NVIC
2025-11-02 11:37:05,510 [INFO] BlockDiagram:2775 - set Specific Code input for plugin: GPIO
2025-11-02 11:37:05,511 [INFO] CodeGenerator:892 - code generatio: config db path: C:\ST\STM32CubeIDE_1.19.0\STM32CubeIDE\plugins\com.st.stm32cube.common.mx_6.15.0.202507011659\\db\
2025-11-02 11:37:05,586 [INFO] CodeEngine:265 - oldGeneratedFile, D:\STM32\Lab\26-sawtooth-waveform-generator\MXTmpFiles\license.tmp_save
2025-11-02 11:37:05,697 [INFO] CodeEngine:289 - Generated code: D:\STM32\Lab\26-sawtooth-waveform-generator\MXTmpFiles\license.tmp
2025-11-02 11:37:05,730 [INFO] CodeEngine:265 - oldGeneratedFile, D:\STM32\Lab\26-sawtooth-waveform-generator\MXTmpFiles\gpio.tmp_save
2025-11-02 11:37:05,814 [INFO] CodeEngine:289 - Generated code: D:\STM32\Lab\26-sawtooth-waveform-generator\MXTmpFiles\gpio.tmp
2025-11-02 11:37:05,981 [INFO] CodeEngine:265 - oldGeneratedFile, D:\STM32\Lab\26-sawtooth-waveform-generator\Core\Src\stm32l4xx_it.c_save
2025-11-02 11:37:06,081 [INFO] CodeEngine:289 - Generated code: D:\STM32\Lab\26-sawtooth-waveform-generator\Core\Src\stm32l4xx_it.c
2025-11-02 11:37:06,081 [INFO] CodeEngine:265 - oldGeneratedFile, D:\STM32\Lab\26-sawtooth-waveform-generator\Core\Inc\stm32l4xx_it.h_save
2025-11-02 11:37:06,147 [INFO] CodeEngine:289 - Generated code: D:\STM32\Lab\26-sawtooth-waveform-generator\Core\Inc\stm32l4xx_it.h
2025-11-02 11:37:06,164 [INFO] CodeEngine:265 - oldGeneratedFile, D:\STM32\Lab\26-sawtooth-waveform-generator\Core\Src\stm32l4xx_hal_msp.c_save
2025-11-02 11:37:06,264 [INFO] CodeEngine:289 - Generated code: D:\STM32\Lab\26-sawtooth-waveform-generator\Core\Src\stm32l4xx_hal_msp.c
2025-11-02 11:37:06,264 [INFO] CodeEngine:265 - oldGeneratedFile, D:\STM32\Lab\26-sawtooth-waveform-generator\MXTmpFiles\system.tmp_save
2025-11-02 11:37:06,314 [INFO] CodeEngine:289 - Generated code: D:\STM32\Lab\26-sawtooth-waveform-generator\MXTmpFiles\system.tmp
2025-11-02 11:37:06,314 [INFO] CodeEngine:321 - oldGeneratedFile, D:\STM32\Lab\26-sawtooth-waveform-generator\Core\Inc\stm32l4xx_hal_conf.h_save
2025-11-02 11:37:06,381 [INFO] CodeEngine:345 - Generated code: D:\STM32\Lab\26-sawtooth-waveform-generator\Core\Inc\stm32l4xx_hal_conf.h
2025-11-02 11:37:06,398 [INFO] ApiDbMcu:532 - Load IP Config File for DAC1
2025-11-02 11:37:06,414 [INFO] ApiDbMcu:532 - Load IP Config File for TIM2
2025-11-02 11:37:06,414 [WARN] IPConfigManager:3811 - IP not found : TIM
2025-11-02 11:37:06,414 [WARN] CodeGenerator:4259 - IP not found : null
2025-11-02 11:37:06,414 [INFO] CodeEngine:265 - oldGeneratedFile, D:\STM32\Lab\26-sawtooth-waveform-generator\Core\Inc\main.h_save
2025-11-02 11:37:06,481 [INFO] CodeEngine:289 - Generated code: D:\STM32\Lab\26-sawtooth-waveform-generator\Core\Inc\main.h
2025-11-02 11:37:06,481 [INFO] CodeEngine:265 - oldGeneratedFile, D:\STM32\Lab\26-sawtooth-waveform-generator\Core\Src\main.c_save
2025-11-02 11:37:06,581 [INFO] CodeEngine:289 - Generated code: D:\STM32\Lab\26-sawtooth-waveform-generator\Core\Src\main.c
2025-11-02 11:37:06,884 [INFO] ProjectBuilder:3606 - Time for Copy HAL[1] : 152mS.
2025-11-02 11:37:06,887 [INFO] ProjectBuilder:5216 - Project Generator version: 4.7.0-B52
2025-11-02 11:37:06,957 [INFO] ConfigFileManager:1595 - The Die is : DIE415
2025-11-02 11:37:07,884 [INFO] ProjectBuilder:5496 - Time for Generating toolchain IDE Files: 997mS.
2025-11-02 11:37:07,885 [INFO] ProjectBuilder:3463 - Time for Copy CMSIS : 1mS.
2025-11-02 11:37:07,887 [INFO] ProjectBuilder:3463 - Time for Copy CMSIS : 0mS.
2025-11-02 11:47:49,884 [INFO] NvicIntPanel:101 - NVIC parent = com.st.microxplorer.plugins.ip.nvic.MultiNvicIntPanel[,0,0,0x0,invalid,layout=javax.swing.BoxLayout,alignmentX=0.0,alignmentY=0.0,border=,flags=9,maximumSize=,minimumSize=,preferredSize=]
2025-11-02 13:14:20,377 [INFO] MainUpdater:2872 - connection check result : 10
2025-11-02 13:14:20,377 [INFO] MainUpdater:2872 - connection check result : 10
2025-11-02 13:14:20,462 [INFO] MicroXplorer:468 - Change Database Path : 
2025-11-02 13:14:20,463 [INFO] MicroXplorer:498 - Change Database Version : DB.6.0.150
2025-11-02 13:14:20,532 [ERROR] ProjectManagerView:395 - 
java.lang.NullPointerException: Cannot invoke "javax.swing.JTextField.getText()" because the return value of "java.util.List.get(int)" is null
	at com.st.microxplorer.plugins.projectmanager.gui.ProjectChoiceTab$9.caretUpdate(ProjectChoiceTab.java:2706) ~[filemanager.jar:?]
	at javax.swing.text.JTextComponent.fireCaretUpdate(JTextComponent.java:408) ~[?:?]
	at javax.swing.text.JTextComponent$MutableCaretEvent.fire(JTextComponent.java:4484) ~[?:?]
	at javax.swing.text.JTextComponent$MutableCaretEvent.stateChanged(JTextComponent.java:4506) ~[?:?]
	at javax.swing.text.DefaultCaret.fireStateChanged(DefaultCaret.java:857) ~[?:?]
	at javax.swing.text.DefaultCaret.changeCaretPosition(DefaultCaret.java:1343) ~[?:?]
	at javax.swing.text.DefaultCaret.handleSetDot(DefaultCaret.java:1242) ~[?:?]
	at javax.swing.text.DefaultCaret.setDot(DefaultCaret.java:1223) ~[?:?]
	at javax.swing.text.DefaultCaret$Handler.insertUpdate(DefaultCaret.java:1819) ~[?:?]
	at javax.swing.text.AbstractDocument.fireInsertUpdate(AbstractDocument.java:227) ~[?:?]
	at javax.swing.text.AbstractDocument.handleInsertString(AbstractDocument.java:781) ~[?:?]
	at javax.swing.text.AbstractDocument.insertString(AbstractDocument.java:740) ~[?:?]
	at javax.swing.text.PlainDocument.insertString(PlainDocument.java:131) ~[?:?]
	at javax.swing.text.AbstractDocument.replace(AbstractDocument.java:699) ~[?:?]
	at javax.swing.text.JTextComponent.setText(JTextComponent.java:1725) ~[?:?]
	at com.st.microxplorer.plugins.projectmanager.gui.ProjectChoiceTab.createHeapStackFields(ProjectChoiceTab.java:993) ~[filemanager.jar:?]
	at com.st.microxplorer.plugins.projectmanager.gui.ProjectChoiceTab.buildLinkSettingsPanel(ProjectChoiceTab.java:3813) ~[filemanager.jar:?]
	at com.st.microxplorer.plugins.projectmanager.gui.ProjectChoiceTab.defineWindowsFields(ProjectChoiceTab.java:1987) ~[filemanager.jar:?]
	at com.st.microxplorer.plugins.projectmanager.gui.ProjectChoiceTab.updateSettings(ProjectChoiceTab.java:558) ~[filemanager.jar:?]
	at com.st.microxplorer.plugins.projectmanager.gui.ProjectSettingsPanel.UpdateDialog(ProjectSettingsPanel.java:247) ~[filemanager.jar:?]
	at com.st.microxplorer.plugins.projectmanager.ProjectManagerView.propertyChange(ProjectManagerView.java:392) ~[filemanager.jar:?]
	at java.beans.PropertyChangeSupport.fire(PropertyChangeSupport.java:343) ~[?:?]
	at java.beans.PropertyChangeSupport.firePropertyChange(PropertyChangeSupport.java:335) ~[?:?]
	at java.beans.PropertyChangeSupport.firePropertyChange(PropertyChangeSupport.java:268) ~[?:?]
	at com.st.microxplorer.util.MXPropertyChangeSupport.firePropertyChange(MXPropertyChangeSupport.java:54) ~[STM32CubeMX.jar:?]
	at com.st.microxplorer.mxsystem.MxSystem.closeConfig(MxSystem.java:899) ~[STM32CubeMX.jar:?]
	at com.st.microxplorer.maingui.MainPanel.closeConfig(MainPanel.java:792) ~[STM32CubeMX.jar:?]
	at com.st.microxplorer.plugins.filemanager.engine.OpenFileManager.loadConfigurationFile(OpenFileManager.java:288) ~[filemanager.jar:?]
	at com.st.microxplorer.plugins.filemanager.engine.MainFileManager.userLoadConfig(MainFileManager.java:364) ~[filemanager.jar:?]
	at com.st.microxplorer.plugins.filemanager.engine.MainFileManager.userLoadConfig(MainFileManager.java:342) ~[filemanager.jar:?]
	at com.st.microxplorer.plugins.filemanager.FileManagerView.getSpecificTask(FileManagerView.java:264) ~[filemanager.jar:?]
	at com.st.stm32cube.common.mx.editor.CubeMxEditor.getMxTabbedPaneInstance(CubeMxEditor.java:1198) ~[com.st.stm32cube.common.mx_6.15.0.202507011659/:?]
	at com.st.stm32cube.common.mx.editor.CubeMxEditor$12$1.createSwingComponent(CubeMxEditor.java:1068) ~[com.st.stm32cube.common.mx_6.15.0.202507011659/:?]
	at com.st.stm32cube.common.mx.oss.core.awtswtbridge.EmbeddedSwingComposite.doComponentCreation(EmbeddedSwingComposite.java:492) ~[com.st.stm32cube.common.mx.oss_6.15.0.202507011659/:?]
	at com.st.stm32cube.common.mx.oss.core.awtswtbridge.EmbeddedSwingComposite$4.run(EmbeddedSwingComposite.java:291) ~[com.st.stm32cube.common.mx.oss_6.15.0.202507011659/:?]
	at com.st.stm32cube.common.mx.oss.core.awtswtbridge.AwtEnvironment$2.run(AwtEnvironment.java:166) ~[com.st.stm32cube.common.mx.oss_6.15.0.202507011659/:?]
	at java.awt.event.InvocationEvent.dispatch(InvocationEvent.java:318) ~[?:?]
	at java.awt.EventQueue.dispatchEventImpl(EventQueue.java:773) ~[?:?]
	at java.awt.EventQueue$4.run(EventQueue.java:720) ~[?:?]
	at java.awt.EventQueue$4.run(EventQueue.java:714) ~[?:?]
	at java.security.AccessController.doPrivileged(AccessController.java:400) ~[?:?]
	at java.security.ProtectionDomain$JavaSecurityAccessImpl.doIntersectionPrivilege(ProtectionDomain.java:87) ~[?:?]
	at java.awt.EventQueue.dispatchEvent(EventQueue.java:742) ~[?:?]
	at java.awt.EventDispatchThread.pumpOneEventForFilters(EventDispatchThread.java:203) ~[?:?]
	at java.awt.EventDispatchThread.pumpEventsForFilter(EventDispatchThread.java:124) ~[?:?]
	at java.awt.EventDispatchThread.pumpEventsForHierarchy(EventDispatchThread.java:113) ~[?:?]
	at java.awt.EventDispatchThread.pumpEvents(EventDispatchThread.java:109) ~[?:?]
	at java.awt.EventDispatchThread.pumpEvents(EventDispatchThread.java:101) ~[?:?]
	at java.awt.EventDispatchThread.run(EventDispatchThread.java:90) ~[?:?]
2025-11-02 13:14:20,566 [WARN] ThirdParty:871 - waiting for thirdparty lock release [close project]
2025-11-02 13:14:20,566 [INFO] ThirdParty:873 - entering critical section [close project]
2025-11-02 13:14:20,566 [INFO] ThirdParty:883 - exiting critical section [close project]
2025-11-02 13:14:20,574 [INFO] PinOutPanel:1589 - setPackage(No Configuration,No Configuration)
2025-11-02 13:14:20,601 [INFO] UtilMem:75 - Begin LoadConfig() Used Memory: 526573640 Bytes (987758592)
2025-11-02 13:14:20,602 [INFO] MicroXplorer:468 - Change Database Path : 
2025-11-02 13:14:20,602 [INFO] MicroXplorer:498 - Change Database Version : DB.6.0.150
2025-11-02 13:14:20,602 [INFO] OpenFileManager:355 - Change cursor
2025-11-02 13:14:20,635 [INFO] RulesReader:64 - Compatibility file has been processed (317 Rules)
2025-11-02 13:14:20,641 [INFO] Mcu:2029 - Initializing MCU STM32L476R(C-E-G)Tx STM32L476RGTx STM32L476RGT3
2025-11-02 13:14:22,731 [INFO] Context:786 - Trying to add GPIOservice into a context  which must be forbidden
2025-11-02 13:14:23,418 [INFO] ImportTextPane:234 - (OptionalMessage_ERROR) Pin3 (VP_RIF_VS_RIF1) cannot be retrieved for this MCU
2025-11-02 13:14:23,481 [INFO] RtosManager:558 - Registered RTOS mode: class=CMSIS, group=RTOS, mode=CMSIS_V1, owner=FREERTOS
2025-11-02 13:14:23,481 [INFO] RtosManager:558 - Registered RTOS mode: class=CMSIS, group=RTOS2, mode=CMSIS_V2, owner=FREERTOS
2025-11-02 13:14:23,481 [INFO] RtosManager:558 - Registered RTOS mode: class=RTOS, group=Core, mode=CMSIS_V1, owner=FREERTOS
2025-11-02 13:14:23,481 [INFO] RtosManager:558 - Registered RTOS mode: class=RTOS, group=Core, mode=CMSIS_V2, owner=FREERTOS
2025-11-02 13:14:23,482 [WARN] ModelIntegratedComponent:184 - Missing modes for component STMicroelectronics:FreeRTOS:0.0.1:STMicroelectronics:RTOS:FreeRTOS:Core:::10.2.0:
2025-11-02 13:14:23,510 [WARN] ModelIntegratedComponent:63 - No mode defined for component null
2025-11-02 13:14:23,510 [WARN] ModelIntegratedComponent:63 - No mode defined for component null
2025-11-02 13:14:23,510 [WARN] ModelIntegratedComponent:63 - No mode defined for component null
2025-11-02 13:14:23,510 [WARN] ModelIntegratedComponent:63 - No mode defined for component null
2025-11-02 13:14:23,510 [WARN] ModelIntegratedComponent:63 - No mode defined for component null
2025-11-02 13:14:23,510 [WARN] ModelIntegratedComponent:63 - No mode defined for component null
2025-11-02 13:14:23,510 [WARN] ModelIntegratedComponent:63 - No mode defined for component null
2025-11-02 13:14:23,510 [WARN] ModelIntegratedComponent:63 - No mode defined for component null
2025-11-02 13:14:23,510 [WARN] ModelIntegratedComponent:63 - No mode defined for component null
2025-11-02 13:14:23,510 [WARN] ModelIntegratedComponent:63 - No mode defined for component null
2025-11-02 13:14:23,511 [WARN] ModelIntegratedComponent:63 - No mode defined for component null
2025-11-02 13:14:23,511 [WARN] ModelIntegratedComponent:63 - No mode defined for component null
2025-11-02 13:14:23,511 [WARN] ModelIntegratedComponent:63 - No mode defined for component null
2025-11-02 13:14:23,511 [WARN] ModelIntegratedComponent:63 - No mode defined for component null
2025-11-02 13:14:23,511 [WARN] ModelIntegratedComponent:63 - No mode defined for component null
2025-11-02 13:14:23,511 [WARN] ModelIntegratedComponent:63 - No mode defined for component null
2025-11-02 13:14:23,511 [WARN] ModelIntegratedComponent:63 - No mode defined for component null
2025-11-02 13:14:23,511 [WARN] ModelIntegratedComponent:63 - No mode defined for component null
2025-11-02 13:14:23,511 [WARN] ModelIntegratedComponent:63 - No mode defined for component null
2025-11-02 13:14:23,511 [WARN] ModelIntegratedComponent:63 - No mode defined for component null
2025-11-02 13:14:23,511 [WARN] ModelIntegratedComponent:63 - No mode defined for component null
2025-11-02 13:14:23,511 [WARN] ModelIntegratedComponent:63 - No mode defined for component null
2025-11-02 13:14:23,511 [WARN] ModelIntegratedComponent:63 - No mode defined for component null
2025-11-02 13:14:23,512 [WARN] ModelIntegratedComponent:63 - No mode defined for component null
2025-11-02 13:14:23,512 [WARN] ModelIntegratedComponent:63 - No mode defined for component null
2025-11-02 13:14:23,512 [WARN] ModelIntegratedComponent:63 - No mode defined for component null
2025-11-02 13:14:23,512 [WARN] ModelIntegratedComponent:63 - No mode defined for component null
2025-11-02 13:14:23,512 [WARN] ModelIntegratedComponent:63 - No mode defined for component null
2025-11-02 13:14:23,512 [WARN] ModelIntegratedComponent:63 - No mode defined for component null
2025-11-02 13:14:23,512 [WARN] ModelIntegratedComponent:63 - No mode defined for component null
2025-11-02 13:14:23,512 [WARN] ModelIntegratedComponent:63 - No mode defined for component null
2025-11-02 13:14:23,512 [WARN] ModelIntegratedComponent:63 - No mode defined for component null
2025-11-02 13:14:23,512 [WARN] ModelIntegratedComponent:63 - No mode defined for component null
2025-11-02 13:14:23,512 [WARN] ModelIntegratedComponent:63 - No mode defined for component null
2025-11-02 13:14:23,512 [WARN] ModelIntegratedComponent:63 - No mode defined for component null
2025-11-02 13:14:23,512 [WARN] ModelPack:524 - Component already loaded: STMicroelectronics:HAL Drivers:0.0.0:STMicroelectronics:Device:STMicro_Driver:XSPI:HAL::0.0.1:HAL_XSPI
2025-11-02 13:14:23,702 [INFO] ThirdPartyModel:298 - Start build external matchings
2025-11-02 13:14:24,281 [INFO] ThirdPartyModel:316 - End build external matchings
2025-11-02 13:14:24,665 [INFO] UtilMem:75 - End LoadConfig() Used Memory: 670167632 Bytes (987758592)
2025-11-02 13:14:24,702 [WARN] ThirdParty:833 - waiting for thirdparty lock release [change project]
2025-11-02 13:14:24,702 [INFO] ThirdParty:835 - entering critical section [change project]
2025-11-02 13:14:24,702 [INFO] ThirdParty:1030 - CMSIS Pack Vendor :STMicroelectronics X-CUBE-PM33A1 1.0.0
2025-11-02 13:14:24,703 [INFO] ThirdParty:1030 - CMSIS Pack Vendor :STMicroelectronics USBPD 4.1
2025-11-02 13:14:24,703 [INFO] ThirdParty:1030 - CMSIS Pack Vendor :STMicroelectronics X-CUBE-NFC9 1.0.0
2025-11-02 13:14:24,703 [INFO] ThirdParty:1030 - CMSIS Pack Vendor :STMicroelectronics USB_HOST 2.0.0
2025-11-02 13:14:24,703 [INFO] ThirdParty:1030 - CMSIS Pack Vendor :STMicroelectronics FP-SNS-MOTENVWB1 1.4.0
2025-11-02 13:14:24,703 [INFO] ThirdParty:1030 - CMSIS Pack Vendor :STMicroelectronics X-CUBE-AZRTOS-F4 1.1.0
2025-11-02 13:14:24,703 [INFO] ThirdParty:1030 - CMSIS Pack Vendor :STMicroelectronics LIBJPEG 8.0.0
2025-11-02 13:14:24,703 [INFO] ThirdParty:1030 - CMSIS Pack Vendor :STMicroelectronics FP-ATR-ASTRA1 2.0.2
2025-11-02 13:14:24,703 [INFO] ThirdParty:1030 - CMSIS Pack Vendor :wolfSSL I-CUBE-wolfSSL 5.8.2
2025-11-02 13:14:24,703 [INFO] ThirdParty:1030 - CMSIS Pack Vendor :STMicroelectronics X-CUBE-BLE1 7.1.0
2025-11-02 13:14:24,703 [INFO] ThirdParty:1030 - CMSIS Pack Vendor :Avnet-IotConnect X-CUBE-IoTC-DA16k-PMOD 1.0.0
2025-11-02 13:14:24,703 [INFO] ThirdParty:1030 - CMSIS Pack Vendor :STMicroelectronics X-CUBE-SMBUS 2.1.0
2025-11-02 13:14:24,703 [INFO] ThirdParty:1030 - CMSIS Pack Vendor :wolfSSL I-CUBE-wolfMQTT 1.19.2
2025-11-02 13:14:24,703 [INFO] ThirdParty:1030 - CMSIS Pack Vendor :STMicroelectronics USB_DEVICE 3.0.0
2025-11-02 13:14:24,703 [INFO] ThirdParty:1030 - CMSIS Pack Vendor :STMicroelectronics X-CUBE-ISPU 2.1.0
2025-11-02 13:14:24,703 [INFO] ThirdParty:1030 - CMSIS Pack Vendor :STMicroelectronics X-CUBE-EEPRMA1 5.2.0
2025-11-02 13:14:24,703 [INFO] ThirdParty:1030 - CMSIS Pack Vendor :STMicroelectronics X-CUBE-IPS 3.2.0
2025-11-02 13:14:24,703 [INFO] ThirdParty:1030 - CMSIS Pack Vendor :STMicroelectronics X-CUBE-BLEMGR 4.1.0
2025-11-02 13:14:24,703 [INFO] ThirdParty:1030 - CMSIS Pack Vendor :STMicroelectronics X-CUBE-AZRTOS-WB 2.0.0
2025-11-02 13:14:24,703 [INFO] ThirdParty:1030 - CMSIS Pack Vendor :STMicroelectronics X-CUBE-ST60 1.0.0
2025-11-02 13:14:24,703 [INFO] ThirdParty:1030 - CMSIS Pack Vendor :STMicroelectronics X-CUBE-GNSS1 7.0.1
2025-11-02 13:14:24,703 [INFO] ThirdParty:1030 - CMSIS Pack Vendor :STMicroelectronics X-CUBE-NFC12 1.0.0
2025-11-02 13:14:24,703 [INFO] ThirdParty:1030 - CMSIS Pack Vendor :STMicroelectronics X-CUBE-AZRTOS-F7 1.1.0
2025-11-02 13:14:24,703 [INFO] ThirdParty:1030 - CMSIS Pack Vendor :STMicroelectronics X-CUBE-AZRTOS-L5 2.0.0
2025-11-02 13:14:24,704 [INFO] ThirdParty:1030 - CMSIS Pack Vendor :STMicroelectronics X-CUBE-TOUCHGFX 4.25.0
2025-11-02 13:14:24,704 [INFO] ThirdParty:1030 - CMSIS Pack Vendor :STMicroelectronics USB_DEVICE 2.0.0
2025-11-02 13:14:24,704 [INFO] ThirdParty:1030 - CMSIS Pack Vendor :STMicroelectronics X-CUBE-NFC6 3.1.0
2025-11-02 13:14:24,704 [INFO] ThirdParty:1030 - CMSIS Pack Vendor :STMicroelectronics X-CUBE-ST67W61 1.1.0
2025-11-02 13:14:24,704 [INFO] ThirdParty:1030 - CMSIS Pack Vendor :quantropi X-CUBE-qispace-sdk-base 2.1.0
2025-11-02 13:14:24,704 [INFO] ThirdParty:1030 - CMSIS Pack Vendor :STMicroelectronics FP-SNS-MOTENV1 5.1.0
2025-11-02 13:14:24,704 [INFO] ThirdParty:1030 - CMSIS Pack Vendor :STMicroelectronics FreeRTOS 0.0.1
2025-11-02 13:14:24,704 [INFO] ThirdParty:1030 - CMSIS Pack Vendor :STMicroelectronics X-CUBE-AZRTOS-G0 1.1.0
2025-11-02 13:14:24,704 [INFO] ThirdParty:1030 - CMSIS Pack Vendor :STMicroelectronics X-CUBE-SAFEA1 1.2.2
2025-11-02 13:14:24,704 [INFO] ThirdParty:1030 - CMSIS Pack Vendor :STMicroelectronics X-CUBE-NFC4 3.0.0
2025-11-02 13:14:24,704 [INFO] ThirdParty:1030 - CMSIS Pack Vendor :STMicroelectronics X-CUBE-SUBG2 5.0.0
2025-11-02 13:14:24,704 [INFO] ThirdParty:1030 - CMSIS Pack Vendor :STMicroelectronics X-CUBE-AZRTOS-H7RS 1.1.0
2025-11-02 13:14:24,704 [INFO] ThirdParty:1030 - CMSIS Pack Vendor :STMicroelectronics STM32_WPAN 1.0.0
2025-11-02 13:14:24,704 [INFO] ThirdParty:1030 - CMSIS Pack Vendor :EmbeddedOffice I-CUBE-FS-RTOS 1.0.1
2025-11-02 13:14:24,704 [INFO] ThirdParty:1030 - CMSIS Pack Vendor :STMicroelectronics lwIP 2.0.3
2025-11-02 13:14:24,704 [INFO] ThirdParty:1030 - CMSIS Pack Vendor :WES I-CUBE-Cesium 1.4.0
2025-11-02 13:14:24,704 [INFO] ThirdParty:1030 - CMSIS Pack Vendor :Cesanta I-CUBE-Mongoose 7.13.0
2025-11-02 13:14:24,704 [INFO] ThirdParty:1030 - CMSIS Pack Vendor :STMicroelectronics USB_HOST 1.0.0
2025-11-02 13:14:24,704 [INFO] ThirdParty:1030 - CMSIS Pack Vendor :Infineon AIROC-Wi-Fi-Bluetooth-STM32 1.7.1
2025-11-02 13:14:24,704 [INFO] ThirdParty:1030 - CMSIS Pack Vendor :STMicroelectronics X-CUBE-AZRTOS-G4 2.0.0
2025-11-02 13:14:24,704 [INFO] ThirdParty:1030 - CMSIS Pack Vendor :STMicroelectronics X-CUBE-WB05N 2.0.0
2025-11-02 13:14:24,704 [INFO] ThirdParty:1030 - CMSIS Pack Vendor :STMicroelectronics PDM2PCM 3.1.0
2025-11-02 13:14:24,704 [INFO] ThirdParty:1030 - CMSIS Pack Vendor :STMicroelectronics PDM2PCM 3.3.0
2025-11-02 13:14:24,704 [INFO] ThirdParty:1030 - CMSIS Pack Vendor :wolfSSL I-CUBE-wolfTPM 3.8.0
2025-11-02 13:14:24,704 [INFO] ThirdParty:1030 - CMSIS Pack Vendor :STMicroelectronics X-CUBE-AZRTOS-H7 3.4.0
2025-11-02 13:14:24,705 [INFO] ThirdParty:1030 - CMSIS Pack Vendor :STMicroelectronics X-CUBE-DISPLAY 3.0.0
2025-11-02 13:14:24,705 [INFO] ThirdParty:1030 - CMSIS Pack Vendor :wolfSSL I-CUBE-wolfSSH 1.4.20
2025-11-02 13:14:24,705 [INFO] ThirdParty:1030 - CMSIS Pack Vendor :STMicroelectronics X-CUBE-NFC7 2.0.0
2025-11-02 13:14:24,705 [INFO] ThirdParty:1030 - CMSIS Pack Vendor :STMicroelectronics X-CUBE-TCPP 4.2.0
2025-11-02 13:14:24,705 [INFO] ThirdParty:1030 - CMSIS Pack Vendor :RealThread X-CUBE-RT-Thread_Nano 4.1.1
2025-11-02 13:14:24,705 [INFO] ThirdParty:1030 - CMSIS Pack Vendor :STMicroelectronics FP-ATR-SIGFOX1 3.2.0
2025-11-02 13:14:24,705 [INFO] ThirdParty:1030 - CMSIS Pack Vendor :STMicroelectronics X-CUBE-NFC10 1.0.0
2025-11-02 13:14:24,705 [INFO] ThirdParty:1030 - CMSIS Pack Vendor :STMicroelectronics X-CUBE-FREERTOS 1.3.1
2025-11-02 13:14:24,705 [INFO] ThirdParty:1030 - CMSIS Pack Vendor :STMicroelectronics HAL Drivers 0.0.0
2025-11-02 13:14:24,705 [INFO] ThirdParty:1030 - CMSIS Pack Vendor :STMicroelectronics MBEDTLS 2.16.2
2025-11-02 13:14:24,705 [INFO] ThirdParty:1030 - CMSIS Pack Vendor :STMicroelectronics X-CUBE-ST60 1.1.0
2025-11-02 13:14:24,705 [INFO] ThirdParty:1030 - CMSIS Pack Vendor :STMicroelectronics X-CUBE-IPS 3.1.0
2025-11-02 13:14:24,705 [INFO] ThirdParty:1030 - CMSIS Pack Vendor :STMicroelectronics X-CUBE-ALS 1.0.2
2025-11-02 13:14:24,705 [INFO] ThirdParty:1030 - CMSIS Pack Vendor :emotas I-CUBE-CANOPEN 1.3.0
2025-11-02 13:14:24,705 [INFO] ThirdParty:1030 - CMSIS Pack Vendor :STMicroelectronics MBEDTLS 2.14.1
2025-11-02 13:14:24,705 [INFO] ThirdParty:1030 - CMSIS Pack Vendor :STMicroelectronics X-CUBE-GNSS1 7.1.0
2025-11-02 13:14:24,705 [INFO] ThirdParty:1030 - CMSIS Pack Vendor :ITTIA_DB I-CUBE-ITTIADB 8.9.0
2025-11-02 13:14:24,705 [INFO] ThirdParty:1030 - CMSIS Pack Vendor :STMicroelectronics X-CUBE-TOUCHGFX 4.26.0
2025-11-02 13:14:24,705 [INFO] ThirdParty:1030 - CMSIS Pack Vendor :STMicroelectronics X-CUBE-STSE01 1.0.0
2025-11-02 13:14:24,705 [INFO] ThirdParty:1030 - CMSIS Pack Vendor :STMicroelectronics X-CUBE-ST67W61 1.0.0
2025-11-02 13:14:24,705 [INFO] ThirdParty:1030 - CMSIS Pack Vendor :STMicroelectronics FP-SNS-STBOX1 2.1.0
2025-11-02 13:14:24,705 [INFO] ThirdParty:1030 - CMSIS Pack Vendor :STMicroelectronics X-CUBE-AI 10.2.0
2025-11-02 13:14:24,705 [INFO] ThirdParty:1030 - CMSIS Pack Vendor :STMicroelectronics FP-SNS-STAIOTCFT 1.0.0
2025-11-02 13:14:24,705 [INFO] ThirdParty:1030 - CMSIS Pack Vendor :STMicroelectronics ThreadX 1.0.0
2025-11-02 13:14:24,706 [INFO] ThirdParty:1030 - CMSIS Pack Vendor :STMicroelectronics FP-SNS-SMARTAG2 1.2.0
2025-11-02 13:14:24,706 [INFO] ThirdParty:1030 - CMSIS Pack Vendor :STMicroelectronics FP-SNS-FLIGHT1 5.1.0
2025-11-02 13:14:24,706 [INFO] ThirdParty:1030 - CMSIS Pack Vendor :STMicroelectronics X-CUBE-AZRTOS-WL 2.0.0
2025-11-02 13:14:24,706 [INFO] ThirdParty:1030 - CMSIS Pack Vendor :SEGGER I-CUBE-embOS 1.3.1
2025-11-02 13:14:24,706 [INFO] ThirdParty:1030 - CMSIS Pack Vendor :STMicroelectronics X-CUBE-ALGOBUILD 1.4.0
2025-11-02 13:14:24,706 [INFO] ThirdParty:1030 - CMSIS Pack Vendor :STMicroelectronics X-CUBE-DPower 1.3.0
2025-11-02 13:14:24,706 [INFO] ThirdParty:1030 - CMSIS Pack Vendor :STMicroelectronics X-CUBE-MEMS1 11.3.0
2025-11-02 13:14:24,706 [INFO] ThirdParty:1030 - CMSIS Pack Vendor :STMicroelectronics FP-SNS-MOTENV1 5.0.0
2025-11-02 13:14:24,706 [INFO] ThirdParty:1030 - CMSIS Pack Vendor :STMicroelectronics USB_DEVICE 1.0.0
2025-11-02 13:14:24,706 [INFO] ThirdParty:1030 - CMSIS Pack Vendor :STMicroelectronics X-CUBE-AZRTOS-L4 2.0.0
2025-11-02 13:14:24,706 [INFO] ThirdParty:1030 - CMSIS Pack Vendor :STMicroelectronics ThreadX 0.0.2
2025-11-02 13:14:24,706 [INFO] ThirdParty:1030 - CMSIS Pack Vendor :STMicroelectronics lwIP 2.1.2
2025-11-02 13:14:24,706 [INFO] ThirdParty:1030 - CMSIS Pack Vendor :STMicroelectronics X-CUBE-SFXS2LP1 4.0.0
2025-11-02 13:14:24,706 [INFO] ThirdParty:1030 - CMSIS Pack Vendor :STMicroelectronics X-CUBE-BLE2 3.3.0
2025-11-02 13:14:24,706 [INFO] ThirdParty:1030 - CMSIS Pack Vendor :STMicroelectronics X-CUBE-TOF1 3.4.3
2025-11-02 13:14:24,706 [INFO] ThirdParty:1030 - CMSIS Pack Vendor :STMicroelectronics PDM2PCM 3.2.0
2025-11-02 13:14:24,706 [INFO] ThirdParty:841 - exiting critical section [change project]
2025-11-02 13:14:25,041 [INFO] PinOutPanel:1589 - setPackage(No Configuration,No Configuration)
2025-11-02 13:14:25,041 [INFO] PinOutPanel:1589 - setPackage(STM32L476RGTx,LQFP64)
2025-11-02 13:14:25,527 [INFO] UtilMem:75 - Before build in PCC Used Memory: 475886096 Bytes (987758592)
2025-11-02 13:14:25,834 [INFO] UtilMem:75 - After build in PCC Used Memory: 560294416 Bytes (987758592)
2025-11-02 13:14:25,865 [INFO] IPUIPlugin:80 - create IPUIPlugin
2025-11-02 13:14:25,865 [INFO] IPUIPlugin:80 - create IPUIPlugin
2025-11-02 13:14:25,865 [INFO] IPUIPlugin:80 - create IPUIPlugin
2025-11-02 13:14:25,865 [INFO] IPUIPlugin:80 - create IPUIPlugin
2025-11-02 13:14:25,865 [INFO] IPUIPlugin:80 - create IPUIPlugin
2025-11-02 13:14:25,865 [INFO] IPUIPlugin:80 - create IPUIPlugin
2025-11-02 13:14:25,865 [INFO] IPUIPlugin:80 - create IPUIPlugin
2025-11-02 13:14:25,865 [INFO] IPUIPlugin:80 - create IPUIPlugin
2025-11-02 13:14:25,865 [INFO] IPUIPlugin:80 - create IPUIPlugin
2025-11-02 13:14:25,865 [INFO] IPUIPlugin:80 - create IPUIPlugin
2025-11-02 13:14:25,866 [INFO] IPUIPlugin:80 - create IPUIPlugin
2025-11-02 13:14:25,866 [INFO] IPUIPlugin:80 - create IPUIPlugin
2025-11-02 13:14:25,866 [INFO] IPUIPlugin:80 - create IPUIPlugin
2025-11-02 13:14:25,866 [INFO] IPUIPlugin:80 - create IPUIPlugin
2025-11-02 13:14:25,866 [INFO] IPUIPlugin:80 - create IPUIPlugin
2025-11-02 13:14:25,866 [INFO] IPUIPlugin:80 - create IPUIPlugin
2025-11-02 13:14:25,866 [INFO] IPUIPlugin:80 - create IPUIPlugin
2025-11-02 13:14:25,866 [INFO] IPUIPlugin:80 - create IPUIPlugin
2025-11-02 13:14:25,866 [INFO] IPUIPlugin:80 - create IPUIPlugin
2025-11-02 13:14:25,867 [INFO] IPUIPlugin:80 - create IPUIPlugin
2025-11-02 13:14:25,867 [INFO] IPUIPlugin:80 - create IPUIPlugin
2025-11-02 13:14:25,867 [INFO] IPUIPlugin:80 - create IPUIPlugin
2025-11-02 13:14:25,867 [INFO] IPUIPlugin:80 - create IPUIPlugin
2025-11-02 13:14:25,867 [INFO] IPUIPlugin:80 - create IPUIPlugin
2025-11-02 13:14:25,867 [INFO] IPUIPlugin:80 - create IPUIPlugin
2025-11-02 13:14:25,867 [INFO] IPUIPlugin:80 - create IPUIPlugin
2025-11-02 13:14:25,868 [INFO] IPUIPlugin:80 - create IPUIPlugin
2025-11-02 13:14:25,868 [INFO] IPUIPlugin:80 - create IPUIPlugin
2025-11-02 13:14:25,868 [INFO] IPUIPlugin:80 - create IPUIPlugin
2025-11-02 13:14:25,868 [INFO] IPUIPlugin:80 - create IPUIPlugin
2025-11-02 13:14:25,868 [INFO] IPUIPlugin:80 - create IPUIPlugin
2025-11-02 13:14:25,868 [INFO] IPUIPlugin:80 - create IPUIPlugin
2025-11-02 13:14:25,869 [INFO] IPUIPlugin:80 - create IPUIPlugin
2025-11-02 13:14:25,869 [INFO] IPUIPlugin:80 - create IPUIPlugin
2025-11-02 13:14:25,869 [INFO] IPUIPlugin:80 - create IPUIPlugin
2025-11-02 13:14:25,869 [INFO] IPUIPlugin:80 - create IPUIPlugin
2025-11-02 13:14:25,869 [INFO] IPUIPlugin:80 - create IPUIPlugin
2025-11-02 13:14:25,869 [INFO] IPUIPlugin:80 - create IPUIPlugin
2025-11-02 13:14:25,870 [INFO] IPUIPlugin:80 - create IPUIPlugin
2025-11-02 13:14:25,870 [INFO] IPUIPlugin:80 - create IPUIPlugin
2025-11-02 13:14:25,870 [INFO] IPUIPlugin:80 - create IPUIPlugin
2025-11-02 13:14:25,870 [INFO] IPUIPlugin:80 - create IPUIPlugin
2025-11-02 13:14:25,870 [INFO] IPUIPlugin:80 - create IPUIPlugin
2025-11-02 13:14:25,870 [INFO] IPUIPlugin:80 - create IPUIPlugin
2025-11-02 13:14:25,871 [INFO] IPUIPlugin:80 - create IPUIPlugin
2025-11-02 13:14:25,871 [INFO] IPUIPlugin:80 - create IPUIPlugin
2025-11-02 13:14:25,871 [INFO] IPUIPlugin:80 - create IPUIPlugin
2025-11-02 13:14:25,871 [INFO] IPUIPlugin:80 - create IPUIPlugin
2025-11-02 13:14:25,871 [INFO] IPUIPlugin:80 - create IPUIPlugin
2025-11-02 13:14:25,872 [INFO] IPUIPlugin:80 - create IPUIPlugin
2025-11-02 13:14:25,872 [INFO] IPUIPlugin:80 - create IPUIPlugin
2025-11-02 13:14:25,872 [INFO] IPUIPlugin:80 - create IPUIPlugin
2025-11-02 13:14:25,872 [INFO] IPUIPlugin:80 - create IPUIPlugin
2025-11-02 13:14:25,873 [INFO] IPUIPlugin:80 - create IPUIPlugin
2025-11-02 13:14:25,873 [INFO] IPUIPlugin:80 - create IPUIPlugin
2025-11-02 13:14:25,873 [INFO] IPUIPlugin:80 - create IPUIPlugin
2025-11-02 13:14:25,873 [INFO] IPUIPlugin:80 - create IPUIPlugin
2025-11-02 13:14:25,874 [INFO] IPUIPlugin:80 - create IPUIPlugin
2025-11-02 13:14:25,874 [INFO] IPUIPlugin:80 - create IPUIPlugin
2025-11-02 13:14:25,935 [INFO] CADModel:165 - CPN selected for project levelSTM32L476RGT3
2025-11-02 13:14:25,935 [INFO] CADModel:114 - Register for checkConnection events
2025-11-02 13:14:26,030 [INFO] OpenFileManager:386 - Restore cursor
2025-11-02 13:14:26,037 [INFO] ApiDb:581 - Connected to CubeFinder SQLite database (C:\Users\user\.stmcufinder\plugins\mcufinder\mcu\cube-finder-db.db)
2025-11-02 13:14:42,168 [INFO] Gpio:278 - dependency for GPIO [DAC1]
2025-11-02 13:14:43,635 [INFO] Gpio:278 - dependency for GPIO [DAC1]
2025-11-02 13:14:43,787 [INFO] NvicIntPanel:101 - NVIC parent = com.st.microxplorer.plugins.ip.nvic.MultiNvicIntPanel[,0,0,0x0,invalid,layout=javax.swing.BoxLayout,alignmentX=0.0,alignmentY=0.0,border=,flags=9,maximumSize=,minimumSize=,preferredSize=]
2025-11-02 13:17:52,617 [INFO] NvicIntPanel:101 - NVIC parent = com.st.microxplorer.plugins.ip.nvic.MultiNvicIntPanel[,0,0,0x0,invalid,layout=javax.swing.BoxLayout,alignmentX=0.0,alignmentY=0.0,border=,flags=9,maximumSize=,minimumSize=,preferredSize=]
2025-11-02 13:17:56,558 [INFO] UtilMem:75 - End SaveConfig() Used Memory: 623238280 Bytes (987758592)
2025-11-02 13:17:58,429 [INFO] UtilMem:75 - End SaveConfig() Used Memory: 655217800 Bytes (987758592)
2025-11-02 13:18:00,659 [INFO] UtilMem:75 - End SaveConfig() Used Memory: 698735752 Bytes (987758592)
2025-11-02 13:18:00,985 [INFO] BlockDiagram:2775 - set Specific Code input for plugin: DAC
2025-11-02 13:18:00,985 [INFO] BlockDiagram:2775 - set Specific Code input for plugin: TIM1_8L4
2025-11-02 13:18:00,985 [INFO] BlockDiagram:2775 - set Specific Code input for plugin: SYS
2025-11-02 13:18:00,985 [INFO] BlockDiagram:2775 - set Specific Code input for plugin: RCC
2025-11-02 13:18:00,985 [INFO] BlockDiagram:2775 - set Specific Code input for plugin: NVIC
2025-11-02 13:18:00,985 [INFO] BlockDiagram:2775 - set Specific Code input for plugin: GPIO
2025-11-02 13:18:00,986 [INFO] CodeGenerator:892 - code generatio: config db path: C:\ST\STM32CubeIDE_1.19.0\STM32CubeIDE\plugins\com.st.stm32cube.common.mx_6.15.0.202507011659\\db\
2025-11-02 13:18:01,055 [INFO] CodeEngine:265 - oldGeneratedFile, D:\STM32\Lab\Practice2-arbitrary-waveform-generator\MXTmpFiles\license.tmp_save
2025-11-02 13:18:01,310 [INFO] CodeEngine:289 - Generated code: D:\STM32\Lab\Practice2-arbitrary-waveform-generator\MXTmpFiles\license.tmp
2025-11-02 13:18:01,347 [INFO] CodeEngine:265 - oldGeneratedFile, D:\STM32\Lab\Practice2-arbitrary-waveform-generator\MXTmpFiles\gpio.tmp_save
2025-11-02 13:18:01,471 [INFO] CodeEngine:289 - Generated code: D:\STM32\Lab\Practice2-arbitrary-waveform-generator\MXTmpFiles\gpio.tmp
2025-11-02 13:18:01,547 [INFO] CodeEngine:265 - oldGeneratedFile, D:\STM32\Lab\Practice2-arbitrary-waveform-generator\Core\Src\stm32l4xx_it.c_save
2025-11-02 13:18:01,755 [INFO] CodeEngine:289 - Generated code: D:\STM32\Lab\Practice2-arbitrary-waveform-generator\Core\Src\stm32l4xx_it.c
2025-11-02 13:18:01,760 [INFO] CodeEngine:265 - oldGeneratedFile, D:\STM32\Lab\Practice2-arbitrary-waveform-generator\Core\Inc\stm32l4xx_it.h_save
2025-11-02 13:18:01,829 [INFO] CodeEngine:289 - Generated code: D:\STM32\Lab\Practice2-arbitrary-waveform-generator\Core\Inc\stm32l4xx_it.h
2025-11-02 13:18:01,841 [INFO] CodeEngine:265 - oldGeneratedFile, D:\STM32\Lab\Practice2-arbitrary-waveform-generator\Core\Src\stm32l4xx_hal_msp.c_save
2025-11-02 13:18:01,955 [INFO] CodeEngine:289 - Generated code: D:\STM32\Lab\Practice2-arbitrary-waveform-generator\Core\Src\stm32l4xx_hal_msp.c
2025-11-02 13:18:01,958 [INFO] CodeEngine:265 - oldGeneratedFile, D:\STM32\Lab\Practice2-arbitrary-waveform-generator\MXTmpFiles\system.tmp_save
2025-11-02 13:18:02,011 [INFO] CodeEngine:289 - Generated code: D:\STM32\Lab\Practice2-arbitrary-waveform-generator\MXTmpFiles\system.tmp
2025-11-02 13:18:02,020 [INFO] CodeEngine:321 - oldGeneratedFile, D:\STM32\Lab\Practice2-arbitrary-waveform-generator\Core\Inc\stm32l4xx_hal_conf.h_save
2025-11-02 13:18:02,077 [INFO] CodeEngine:345 - Generated code: D:\STM32\Lab\Practice2-arbitrary-waveform-generator\Core\Inc\stm32l4xx_hal_conf.h
2025-11-02 13:18:02,095 [INFO] ApiDbMcu:532 - Load IP Config File for DAC1
2025-11-02 13:18:02,106 [INFO] ApiDbMcu:532 - Load IP Config File for TIM2
2025-11-02 13:18:02,109 [INFO] ApiDbMcu:532 - Load IP Config File for RCC
2025-11-02 13:18:02,110 [WARN] IPConfigManager:3811 - IP not found : TIM
2025-11-02 13:18:02,110 [WARN] CodeGenerator:4259 - IP not found : null
2025-11-02 13:18:02,118 [INFO] CodeEngine:265 - oldGeneratedFile, D:\STM32\Lab\Practice2-arbitrary-waveform-generator\Core\Inc\main.h_save
2025-11-02 13:18:02,195 [INFO] CodeEngine:289 - Generated code: D:\STM32\Lab\Practice2-arbitrary-waveform-generator\Core\Inc\main.h
2025-11-02 13:18:02,200 [INFO] CodeEngine:265 - oldGeneratedFile, D:\STM32\Lab\Practice2-arbitrary-waveform-generator\Core\Src\main.c_save
2025-11-02 13:18:02,291 [INFO] CodeEngine:289 - Generated code: D:\STM32\Lab\Practice2-arbitrary-waveform-generator\Core\Src\main.c
2025-11-02 13:18:02,578 [INFO] ProjectBuilder:3606 - Time for Copy HAL[1] : 150mS.
2025-11-02 13:18:02,581 [INFO] ProjectBuilder:5216 - Project Generator version: 4.7.0-B52
2025-11-02 13:18:02,646 [INFO] ConfigFileManager:1595 - The Die is : DIE415
2025-11-02 13:18:02,648 [INFO] ApiDbMcu:532 - Load IP Config File for FATFS
2025-11-02 13:18:02,652 [INFO] ApiDbMcu:532 - Load IP Config File for FREERTOS
2025-11-02 13:18:02,660 [INFO] ApiDbMcu:532 - Load IP Config File for TOUCHSENSING
2025-11-02 13:18:02,663 [INFO] ApiDbMcu:532 - Load IP Config File for USB_DEVICE
2025-11-02 13:18:02,666 [INFO] ApiDbMcu:532 - Load IP Config File for USB_HOST
2025-11-02 13:18:03,373 [INFO] ProjectBuilder:5496 - Time for Generating toolchain IDE Files: 792mS.
2025-11-02 13:18:03,373 [INFO] ProjectBuilder:3463 - Time for Copy CMSIS : 0mS.
2025-11-02 13:18:03,376 [INFO] ProjectBuilder:3463 - Time for Copy CMSIS : 0mS.
2025-11-02 14:36:13,105 [INFO] Gpio:278 - dependency for GPIO [DAC1]
2025-11-02 14:38:50,322 [INFO] Gpio:278 - dependency for GPIO [DAC1]
2025-11-02 14:38:50,436 [INFO] NvicIntPanel:101 - NVIC parent = com.st.microxplorer.plugins.ip.nvic.MultiNvicIntPanel[,0,0,0x0,invalid,layout=javax.swing.BoxLayout,alignmentX=0.0,alignmentY=0.0,border=,flags=9,maximumSize=,minimumSize=,preferredSize=]
2025-11-02 14:38:50,774 [INFO] Gpio:278 - dependency for GPIO [DAC1]
2025-11-02 14:38:50,867 [INFO] NvicIntPanel:101 - NVIC parent = com.st.microxplorer.plugins.ip.nvic.MultiNvicIntPanel[,0,0,0x0,invalid,layout=javax.swing.BoxLayout,alignmentX=0.0,alignmentY=0.0,border=,flags=9,maximumSize=,minimumSize=,preferredSize=]
2025-11-02 14:39:38,342 [INFO] UtilMem:75 - End SaveConfig() Used Memory: 871892664 Bytes (987758592)
2025-11-02 14:39:41,545 [INFO] UtilMem:75 - End SaveConfig() Used Memory: 315458400 Bytes (987758592)
2025-11-02 14:39:44,089 [INFO] UtilMem:75 - End SaveConfig() Used Memory: 405109600 Bytes (987758592)
2025-11-02 14:39:44,656 [INFO] BlockDiagram:2775 - set Specific Code input for plugin: DAC
2025-11-02 14:39:44,656 [INFO] BlockDiagram:2775 - set Specific Code input for plugin: TIM1_8L4
2025-11-02 14:39:44,656 [INFO] BlockDiagram:2775 - set Specific Code input for plugin: SYS
2025-11-02 14:39:44,656 [INFO] BlockDiagram:2775 - set Specific Code input for plugin: RCC
2025-11-02 14:39:44,656 [INFO] BlockDiagram:2775 - set Specific Code input for plugin: NVIC
2025-11-02 14:39:44,657 [INFO] BlockDiagram:2775 - set Specific Code input for plugin: GPIO
2025-11-02 14:39:44,657 [INFO] CodeGenerator:892 - code generatio: config db path: C:\ST\STM32CubeIDE_1.19.0\STM32CubeIDE\plugins\com.st.stm32cube.common.mx_6.15.0.202507011659\\db\
2025-11-02 14:39:44,979 [INFO] CodeEngine:265 - oldGeneratedFile, D:\STM32\Lab\Practice2-arbitrary-waveform-generator\MXTmpFiles\license.tmp_save
2025-11-02 14:39:45,245 [INFO] CodeEngine:289 - Generated code: D:\STM32\Lab\Practice2-arbitrary-waveform-generator\MXTmpFiles\license.tmp
2025-11-02 14:39:45,277 [INFO] CodeEngine:265 - oldGeneratedFile, D:\STM32\Lab\Practice2-arbitrary-waveform-generator\MXTmpFiles\gpio.tmp_save
2025-11-02 14:39:45,432 [INFO] CodeEngine:289 - Generated code: D:\STM32\Lab\Practice2-arbitrary-waveform-generator\MXTmpFiles\gpio.tmp
2025-11-02 14:39:45,618 [INFO] CodeEngine:265 - oldGeneratedFile, D:\STM32\Lab\Practice2-arbitrary-waveform-generator\Core\Src\stm32l4xx_it.c_save
2025-11-02 14:39:45,923 [INFO] CodeEngine:289 - Generated code: D:\STM32\Lab\Practice2-arbitrary-waveform-generator\Core\Src\stm32l4xx_it.c
2025-11-02 14:39:45,929 [INFO] CodeEngine:265 - oldGeneratedFile, D:\STM32\Lab\Practice2-arbitrary-waveform-generator\Core\Inc\stm32l4xx_it.h_save
2025-11-02 14:39:46,017 [INFO] CodeEngine:289 - Generated code: D:\STM32\Lab\Practice2-arbitrary-waveform-generator\Core\Inc\stm32l4xx_it.h
2025-11-02 14:39:46,035 [INFO] CodeEngine:265 - oldGeneratedFile, D:\STM32\Lab\Practice2-arbitrary-waveform-generator\Core\Src\stm32l4xx_hal_msp.c_save
2025-11-02 14:39:46,187 [INFO] CodeEngine:289 - Generated code: D:\STM32\Lab\Practice2-arbitrary-waveform-generator\Core\Src\stm32l4xx_hal_msp.c
2025-11-02 14:39:46,191 [INFO] CodeEngine:265 - oldGeneratedFile, D:\STM32\Lab\Practice2-arbitrary-waveform-generator\MXTmpFiles\system.tmp_save
2025-11-02 14:39:46,266 [INFO] CodeEngine:289 - Generated code: D:\STM32\Lab\Practice2-arbitrary-waveform-generator\MXTmpFiles\system.tmp
2025-11-02 14:39:46,276 [INFO] CodeEngine:321 - oldGeneratedFile, D:\STM32\Lab\Practice2-arbitrary-waveform-generator\Core\Inc\stm32l4xx_hal_conf.h_save
2025-11-02 14:39:46,342 [INFO] CodeEngine:345 - Generated code: D:\STM32\Lab\Practice2-arbitrary-waveform-generator\Core\Inc\stm32l4xx_hal_conf.h
2025-11-02 14:39:46,362 [WARN] IPConfigManager:3811 - IP not found : TIM
2025-11-02 14:39:46,362 [WARN] CodeGenerator:4259 - IP not found : null
2025-11-02 14:39:46,369 [INFO] CodeEngine:265 - oldGeneratedFile, D:\STM32\Lab\Practice2-arbitrary-waveform-generator\Core\Inc\main.h_save
2025-11-02 14:39:46,459 [INFO] CodeEngine:289 - Generated code: D:\STM32\Lab\Practice2-arbitrary-waveform-generator\Core\Inc\main.h
2025-11-02 14:39:46,464 [INFO] CodeEngine:265 - oldGeneratedFile, D:\STM32\Lab\Practice2-arbitrary-waveform-generator\Core\Src\main.c_save
2025-11-02 14:39:46,570 [INFO] CodeEngine:289 - Generated code: D:\STM32\Lab\Practice2-arbitrary-waveform-generator\Core\Src\main.c
2025-11-02 14:39:46,925 [INFO] ProjectBuilder:3606 - Time for Copy HAL[1] : 192mS.
2025-11-02 14:39:46,928 [INFO] ProjectBuilder:5216 - Project Generator version: 4.7.0-B52
2025-11-02 14:39:47,000 [INFO] ConfigFileManager:1595 - The Die is : DIE415
2025-11-02 14:39:47,880 [INFO] ProjectBuilder:5496 - Time for Generating toolchain IDE Files: 952mS.
2025-11-02 14:39:47,881 [INFO] ProjectBuilder:3463 - Time for Copy CMSIS : 1mS.
2025-11-02 14:39:47,884 [INFO] ProjectBuilder:3463 - Time for Copy CMSIS : 0mS.
2025-11-02 14:50:39,039 [INFO] NvicIntPanel:101 - NVIC parent = com.st.microxplorer.plugins.ip.nvic.MultiNvicIntPanel[,0,0,0x0,invalid,layout=javax.swing.BoxLayout,alignmentX=0.0,alignmentY=0.0,border=,flags=9,maximumSize=,minimumSize=,preferredSize=]
2025-11-02 14:50:43,683 [INFO] UtilMem:75 - End SaveConfig() Used Memory: 727104280 Bytes (987758592)
2025-11-02 14:50:44,985 [INFO] UtilMem:75 - End SaveConfig() Used Memory: 770618136 Bytes (987758592)
2025-11-02 14:50:45,084 [INFO] BlockDiagram:2775 - set Specific Code input for plugin: DAC
2025-11-02 14:50:45,084 [INFO] BlockDiagram:2775 - set Specific Code input for plugin: TIM1_8L4
2025-11-02 14:50:45,084 [INFO] BlockDiagram:2775 - set Specific Code input for plugin: SYS
2025-11-02 14:50:45,084 [INFO] BlockDiagram:2775 - set Specific Code input for plugin: RCC
2025-11-02 14:50:45,084 [INFO] BlockDiagram:2775 - set Specific Code input for plugin: NVIC
2025-11-02 14:50:45,084 [INFO] BlockDiagram:2775 - set Specific Code input for plugin: GPIO
2025-11-02 14:50:45,085 [INFO] CodeGenerator:892 - code generatio: config db path: C:\ST\STM32CubeIDE_1.19.0\STM32CubeIDE\plugins\com.st.stm32cube.common.mx_6.15.0.202507011659\\db\
2025-11-02 14:50:45,154 [INFO] CodeEngine:265 - oldGeneratedFile, D:\STM32\Lab\Practice2-arbitrary-waveform-generator\MXTmpFiles\license.tmp_save
2025-11-02 14:50:45,233 [INFO] CodeEngine:289 - Generated code: D:\STM32\Lab\Practice2-arbitrary-waveform-generator\MXTmpFiles\license.tmp
2025-11-02 14:50:45,250 [INFO] CodeEngine:265 - oldGeneratedFile, D:\STM32\Lab\Practice2-arbitrary-waveform-generator\MXTmpFiles\gpio.tmp_save
2025-11-02 14:50:45,297 [INFO] CodeEngine:289 - Generated code: D:\STM32\Lab\Practice2-arbitrary-waveform-generator\MXTmpFiles\gpio.tmp
2025-11-02 14:50:45,360 [INFO] CodeEngine:265 - oldGeneratedFile, D:\STM32\Lab\Practice2-arbitrary-waveform-generator\Core\Src\stm32l4xx_it.c_save
2025-11-02 14:50:45,417 [INFO] CodeEngine:289 - Generated code: D:\STM32\Lab\Practice2-arbitrary-waveform-generator\Core\Src\stm32l4xx_it.c
2025-11-02 14:50:45,423 [INFO] CodeEngine:265 - oldGeneratedFile, D:\STM32\Lab\Practice2-arbitrary-waveform-generator\Core\Inc\stm32l4xx_it.h_save
2025-11-02 14:50:45,473 [INFO] CodeEngine:289 - Generated code: D:\STM32\Lab\Practice2-arbitrary-waveform-generator\Core\Inc\stm32l4xx_it.h
2025-11-02 14:50:45,487 [INFO] CodeEngine:265 - oldGeneratedFile, D:\STM32\Lab\Practice2-arbitrary-waveform-generator\Core\Src\stm32l4xx_hal_msp.c_save
2025-11-02 14:50:45,556 [INFO] CodeEngine:289 - Generated code: D:\STM32\Lab\Practice2-arbitrary-waveform-generator\Core\Src\stm32l4xx_hal_msp.c
2025-11-02 14:50:45,560 [INFO] CodeEngine:265 - oldGeneratedFile, D:\STM32\Lab\Practice2-arbitrary-waveform-generator\MXTmpFiles\system.tmp_save
2025-11-02 14:50:45,602 [INFO] CodeEngine:289 - Generated code: D:\STM32\Lab\Practice2-arbitrary-waveform-generator\MXTmpFiles\system.tmp
2025-11-02 14:50:45,618 [INFO] CodeEngine:321 - oldGeneratedFile, D:\STM32\Lab\Practice2-arbitrary-waveform-generator\Core\Inc\stm32l4xx_hal_conf.h_save
2025-11-02 14:50:45,667 [INFO] CodeEngine:345 - Generated code: D:\STM32\Lab\Practice2-arbitrary-waveform-generator\Core\Inc\stm32l4xx_hal_conf.h
2025-11-02 14:50:45,681 [WARN] IPConfigManager:3811 - IP not found : TIM
2025-11-02 14:50:45,682 [WARN] CodeGenerator:4259 - IP not found : null
2025-11-02 14:50:45,690 [INFO] CodeEngine:265 - oldGeneratedFile, D:\STM32\Lab\Practice2-arbitrary-waveform-generator\Core\Inc\main.h_save
2025-11-02 14:50:45,740 [INFO] CodeEngine:289 - Generated code: D:\STM32\Lab\Practice2-arbitrary-waveform-generator\Core\Inc\main.h
2025-11-02 14:50:45,745 [INFO] CodeEngine:265 - oldGeneratedFile, D:\STM32\Lab\Practice2-arbitrary-waveform-generator\Core\Src\main.c_save
2025-11-02 14:50:45,821 [INFO] CodeEngine:289 - Generated code: D:\STM32\Lab\Practice2-arbitrary-waveform-generator\Core\Src\main.c
2025-11-02 14:50:46,109 [INFO] ProjectBuilder:3606 - Time for Copy HAL[1] : 147mS.
2025-11-02 14:50:46,112 [INFO] ProjectBuilder:5216 - Project Generator version: 4.7.0-B52
2025-11-02 14:50:46,173 [INFO] ConfigFileManager:1595 - The Die is : DIE415
2025-11-02 14:50:46,717 [INFO] ProjectBuilder:5496 - Time for Generating toolchain IDE Files: 605mS.
2025-11-02 14:50:46,718 [INFO] ProjectBuilder:3463 - Time for Copy CMSIS : 1mS.
2025-11-02 14:50:46,721 [INFO] ProjectBuilder:3463 - Time for Copy CMSIS : 0mS.
2025-11-02 14:52:35,999 [INFO] NvicIntPanel:101 - NVIC parent = com.st.microxplorer.plugins.ip.nvic.MultiNvicIntPanel[,0,0,0x0,invalid,layout=javax.swing.BoxLayout,alignmentX=0.0,alignmentY=0.0,border=,flags=9,maximumSize=,minimumSize=,preferredSize=]
2025-11-02 14:52:42,195 [INFO] UtilMem:75 - End SaveConfig() Used Memory: 378942336 Bytes (987758592)
2025-11-02 14:52:43,384 [INFO] UtilMem:75 - End SaveConfig() Used Memory: 408302464 Bytes (987758592)
2025-11-02 14:52:44,974 [INFO] UtilMem:75 - End SaveConfig() Used Memory: 456330736 Bytes (987758592)
2025-11-02 14:52:45,074 [INFO] BlockDiagram:2775 - set Specific Code input for plugin: DAC
2025-11-02 14:52:45,074 [INFO] BlockDiagram:2775 - set Specific Code input for plugin: TIM1_8L4
2025-11-02 14:52:45,074 [INFO] BlockDiagram:2775 - set Specific Code input for plugin: SYS
2025-11-02 14:52:45,074 [INFO] BlockDiagram:2775 - set Specific Code input for plugin: RCC
2025-11-02 14:52:45,075 [INFO] BlockDiagram:2775 - set Specific Code input for plugin: NVIC
2025-11-02 14:52:45,075 [INFO] BlockDiagram:2775 - set Specific Code input for plugin: GPIO
2025-11-02 14:52:45,076 [INFO] CodeGenerator:892 - code generatio: config db path: C:\ST\STM32CubeIDE_1.19.0\STM32CubeIDE\plugins\com.st.stm32cube.common.mx_6.15.0.202507011659\\db\
2025-11-02 14:52:45,145 [INFO] CodeEngine:265 - oldGeneratedFile, D:\STM32\Lab\Practice2-arbitrary-waveform-generator\MXTmpFiles\license.tmp_save
2025-11-02 14:52:45,209 [INFO] CodeEngine:289 - Generated code: D:\STM32\Lab\Practice2-arbitrary-waveform-generator\MXTmpFiles\license.tmp
2025-11-02 14:52:45,223 [INFO] CodeEngine:265 - oldGeneratedFile, D:\STM32\Lab\Practice2-arbitrary-waveform-generator\MXTmpFiles\gpio.tmp_save
2025-11-02 14:52:45,267 [INFO] CodeEngine:289 - Generated code: D:\STM32\Lab\Practice2-arbitrary-waveform-generator\MXTmpFiles\gpio.tmp
2025-11-02 14:52:45,324 [INFO] CodeEngine:265 - oldGeneratedFile, D:\STM32\Lab\Practice2-arbitrary-waveform-generator\Core\Src\stm32l4xx_it.c_save
2025-11-02 14:52:45,376 [INFO] CodeEngine:289 - Generated code: D:\STM32\Lab\Practice2-arbitrary-waveform-generator\Core\Src\stm32l4xx_it.c
2025-11-02 14:52:45,380 [INFO] CodeEngine:265 - oldGeneratedFile, D:\STM32\Lab\Practice2-arbitrary-waveform-generator\Core\Inc\stm32l4xx_it.h_save
2025-11-02 14:52:45,422 [INFO] CodeEngine:289 - Generated code: D:\STM32\Lab\Practice2-arbitrary-waveform-generator\Core\Inc\stm32l4xx_it.h
2025-11-02 14:52:45,433 [INFO] CodeEngine:265 - oldGeneratedFile, D:\STM32\Lab\Practice2-arbitrary-waveform-generator\Core\Src\stm32l4xx_hal_msp.c_save
2025-11-02 14:52:45,495 [INFO] CodeEngine:289 - Generated code: D:\STM32\Lab\Practice2-arbitrary-waveform-generator\Core\Src\stm32l4xx_hal_msp.c
2025-11-02 14:52:45,499 [INFO] CodeEngine:265 - oldGeneratedFile, D:\STM32\Lab\Practice2-arbitrary-waveform-generator\MXTmpFiles\system.tmp_save
2025-11-02 14:52:45,538 [INFO] CodeEngine:289 - Generated code: D:\STM32\Lab\Practice2-arbitrary-waveform-generator\MXTmpFiles\system.tmp
2025-11-02 14:52:45,547 [INFO] CodeEngine:321 - oldGeneratedFile, D:\STM32\Lab\Practice2-arbitrary-waveform-generator\Core\Inc\stm32l4xx_hal_conf.h_save
2025-11-02 14:52:45,594 [INFO] CodeEngine:345 - Generated code: D:\STM32\Lab\Practice2-arbitrary-waveform-generator\Core\Inc\stm32l4xx_hal_conf.h
2025-11-02 14:52:45,608 [WARN] IPConfigManager:3811 - IP not found : TIM
2025-11-02 14:52:45,609 [WARN] CodeGenerator:4259 - IP not found : null
2025-11-02 14:52:45,615 [INFO] CodeEngine:265 - oldGeneratedFile, D:\STM32\Lab\Practice2-arbitrary-waveform-generator\Core\Inc\main.h_save
2025-11-02 14:52:45,661 [INFO] CodeEngine:289 - Generated code: D:\STM32\Lab\Practice2-arbitrary-waveform-generator\Core\Inc\main.h
2025-11-02 14:52:45,670 [INFO] CodeEngine:265 - oldGeneratedFile, D:\STM32\Lab\Practice2-arbitrary-waveform-generator\Core\Src\main.c_save
2025-11-02 14:52:45,751 [INFO] CodeEngine:289 - Generated code: D:\STM32\Lab\Practice2-arbitrary-waveform-generator\Core\Src\main.c
2025-11-02 14:52:46,041 [INFO] ProjectBuilder:3606 - Time for Copy HAL[1] : 154mS.
2025-11-02 14:52:46,044 [INFO] ProjectBuilder:5216 - Project Generator version: 4.7.0-B52
2025-11-02 14:52:46,104 [INFO] ConfigFileManager:1595 - The Die is : DIE415
2025-11-02 14:52:46,618 [INFO] ProjectBuilder:5496 - Time for Generating toolchain IDE Files: 574mS.
2025-11-02 14:52:46,618 [INFO] ProjectBuilder:3463 - Time for Copy CMSIS : 0mS.
2025-11-02 14:52:46,620 [INFO] ProjectBuilder:3463 - Time for Copy CMSIS : 0mS.
2025-11-02 15:04:44,849 [ERROR] LogOutputStream:75 - [STDERR_REDIRECT] 
2025-11-02 16:31:23,299 [INFO] Activator:176 - 


2025-11-02 16:31:23,307 [INFO] Activator:177 - !SESSION log4j initialized
2025-11-02 16:31:30,342 [INFO] LogOutputStream:77 - [STDOUT_REDIRECT] 
2025-11-02 16:31:41,538 [INFO] ApplicationProperties:184 - Using Application install path: C:\ST\STM32CubeIDE_1.19.0\STM32CubeIDE\plugins\com.st.stm32cube.common.mx_6.15.0.202507011659
2025-11-02 16:31:41,558 [INFO] DbMcusXml:78 - Set database path to: C:\ST\STM32CubeIDE_1.19.0\STM32CubeIDE\plugins\com.st.stm32cube.common.mx_6.15.0.202507011659\\db\/mcu/
2025-11-02 16:31:41,558 [INFO] ApiDb:274 - Set plugin database path to: C:\ST\STM32CubeIDE_1.19.0\STM32CubeIDE\plugins\com.st.stm32cube.common.mx_6.15.0.202507011659\\db\/plugins/boardmanager/
2025-11-02 16:31:41,558 [WARN] ApiDb:259 - Overriding images path with different value:  => C:\ST\STM32CubeIDE_1.19.0\STM32CubeIDE\plugins\com.st.stm32cube.common.mx_6.15.0.202507011659\\db\/plugins/mcufinder/images/
2025-11-02 16:31:41,571 [INFO] ApiDb:250 - Set database path to: C:\Users\user\.stmcufinder\plugins\mcufinder//mcu/
2025-11-02 16:31:41,572 [INFO] DbMcusAds:125 - Set database path to: C:\Users\user\.stmcufinder\plugins\mcufinder//mcu/
2025-11-02 16:31:41,581 [INFO] CrossReferenceDbSqlite:203 - Set database path to: C:\Users\user\.stmcufinder\plugins\mcufinder//mcu/cs/
2025-11-02 16:31:41,706 [INFO] RulesReader:64 - Compatibility file has been processed (317 Rules)
2025-11-02 16:31:41,829 [INFO] DbMcusXml:78 - Set database path to: C:\ST\STM32CubeIDE_1.19.0\STM32CubeIDE\plugins\com.st.stm32cube.common.mx_6.15.0.202507011659\\db\/mcu/
2025-11-02 16:31:41,829 [INFO] ApiDb:274 - Set plugin database path to: C:\ST\STM32CubeIDE_1.19.0\STM32CubeIDE\plugins\com.st.stm32cube.common.mx_6.15.0.202507011659\\db\/plugins/boardmanager/
2025-11-02 16:31:41,829 [INFO] ApiDb:261 - Set plugin images path to: C:\ST\STM32CubeIDE_1.19.0\STM32CubeIDE\plugins\com.st.stm32cube.common.mx_6.15.0.202507011659\\db\/plugins/mcufinder/images/
2025-11-02 16:31:41,829 [WARN] DbFile:41 - Overriding database path with different value: C:\Users\user\.stmcufinder\plugins\mcufinder/ => C:\Users\user\.stmcufinder\plugins\mcufinder
2025-11-02 16:31:41,829 [INFO] ApiDb:250 - Set database path to: C:\Users\user\.stmcufinder\plugins\mcufinder//mcu/
2025-11-02 16:31:41,830 [WARN] DbFile:41 - Overriding database path with different value: C:\Users\user\.stmcufinder\plugins\mcufinder/ => C:\Users\user\.stmcufinder\plugins\mcufinder
2025-11-02 16:31:41,830 [INFO] DbMcusAds:125 - Set database path to: C:\Users\user\.stmcufinder\plugins\mcufinder//mcu/
2025-11-02 16:31:41,830 [WARN] DbFile:41 - Overriding database path with different value: C:\Users\user\.stmcufinder\plugins\mcufinder/ => C:\Users\user\.stmcufinder\plugins\mcufinder
2025-11-02 16:31:41,830 [WARN] DbFile:41 - Overriding database path with different value: C:\Users\user\.stmcufinder\plugins\mcufinder/ => C:\Users\user\.stmcufinder\plugins\mcufinder
2025-11-02 16:31:41,830 [INFO] CrossReferenceDbSqlite:203 - Set database path to: C:\Users\user\.stmcufinder\plugins\mcufinder//mcu/cs/
2025-11-02 16:31:41,917 [INFO] MainPanel:274 - HeapMemory: 268435456
2025-11-02 16:31:42,051 [INFO] DbMcusXml:78 - Set database path to: C:\ST\STM32CubeIDE_1.19.0\STM32CubeIDE\plugins\com.st.stm32cube.common.mx_6.15.0.202507011659\\db\/mcu/
2025-11-02 16:31:42,051 [INFO] ApiDb:274 - Set plugin database path to: C:\ST\STM32CubeIDE_1.19.0\STM32CubeIDE\plugins\com.st.stm32cube.common.mx_6.15.0.202507011659\\db\/plugins/boardmanager/
2025-11-02 16:31:42,051 [INFO] ApiDb:261 - Set plugin images path to: C:\ST\STM32CubeIDE_1.19.0\STM32CubeIDE\plugins\com.st.stm32cube.common.mx_6.15.0.202507011659\\db\/plugins/mcufinder/images/
2025-11-02 16:31:42,051 [WARN] DbFile:41 - Overriding database path with different value: C:\Users\user\.stmcufinder\plugins\mcufinder/ => C:\Users\user\.stmcufinder\plugins\mcufinder
2025-11-02 16:31:42,051 [INFO] ApiDb:250 - Set database path to: C:\Users\user\.stmcufinder\plugins\mcufinder//mcu/
2025-11-02 16:31:42,051 [WARN] DbFile:41 - Overriding database path with different value: C:\Users\user\.stmcufinder\plugins\mcufinder/ => C:\Users\user\.stmcufinder\plugins\mcufinder
2025-11-02 16:31:42,052 [INFO] DbMcusAds:125 - Set database path to: C:\Users\user\.stmcufinder\plugins\mcufinder//mcu/
2025-11-02 16:31:42,052 [WARN] DbFile:41 - Overriding database path with different value: C:\Users\user\.stmcufinder\plugins\mcufinder/ => C:\Users\user\.stmcufinder\plugins\mcufinder
2025-11-02 16:31:42,052 [WARN] DbFile:41 - Overriding database path with different value: C:\Users\user\.stmcufinder\plugins\mcufinder/ => C:\Users\user\.stmcufinder\plugins\mcufinder
2025-11-02 16:31:42,052 [INFO] CrossReferenceDbSqlite:203 - Set database path to: C:\Users\user\.stmcufinder\plugins\mcufinder//mcu/cs/
2025-11-02 16:31:42,070 [INFO] ApplicationProperties:184 - Using Application install path: C:\ST\STM32CubeIDE_1.19.0\STM32CubeIDE\plugins\com.st.stm32cube.common.mx_6.15.0.202507011659
2025-11-02 16:31:42,071 [INFO] PluginManage:196 - Search for loadable plugins [exclusion list=, ]
2025-11-02 16:31:42,072 [INFO] PluginManage:310 - Check plugin analytics
2025-11-02 16:31:42,298 [INFO] AnalyticsPlugin:253 - Accepted Software Licenses: 
2025-11-02 16:31:42,298 [INFO] AnalyticsPlugin:255 - Accepted CMSIS Pack Licenses: 
2025-11-02 16:31:42,298 [INFO] AnalyticsPlugin:257 - Accepted Firmware Licenses: FW.L4.1.18.0
2025-11-02 16:31:42,298 [INFO] PluginManage:359 - Loaded plugin analytics (category:tool,tabindex:-1)
2025-11-02 16:31:42,298 [INFO] PluginManage:310 - Check plugin cadmodel
2025-11-02 16:31:42,314 [INFO] CADModel:105 - Init CAD model plugin
2025-11-02 16:31:42,314 [INFO] PluginManage:359 - Loaded plugin cadmodel (category:power,tabindex:5)
2025-11-02 16:31:42,314 [INFO] PluginManage:310 - Check plugin clock
2025-11-02 16:31:42,330 [INFO] PluginManage:359 - Loaded plugin clock (category:base,tabindex:2)
2025-11-02 16:31:42,330 [INFO] PluginManage:310 - Check plugin ddr
2025-11-02 16:31:42,330 [INFO] PluginManage:359 - Loaded plugin ddr (category:tool,tabindex:6)
2025-11-02 16:31:42,330 [INFO] PluginManage:310 - Check plugin filemanager
2025-11-02 16:31:42,500 [INFO] PluginManage:359 - Loaded plugin filemanager (category:base,tabindex:10)
2025-11-02 16:31:42,500 [INFO] PluginManage:310 - Check plugin ipmanager
2025-11-02 16:31:42,508 [INFO] PluginManage:359 - Loaded plugin ipmanager (category:base,tabindex:5)
2025-11-02 16:31:42,508 [INFO] PluginManage:310 - Check plugin lpbam
2025-11-02 16:31:42,516 [INFO] PluginManage:359 - Loaded plugin lpbam (category:base,tabindex:0)
2025-11-02 16:31:42,516 [INFO] PluginManage:310 - Check plugin memorymap
2025-11-02 16:31:42,539 [INFO] PluginManage:359 - Loaded plugin memorymap (category:base,tabindex:4)
2025-11-02 16:31:42,540 [INFO] PluginManage:310 - Check plugin pinoutandconfiguration
2025-11-02 16:31:42,540 [INFO] PluginManage:359 - Loaded plugin pinoutandconfiguration (category:base,tabindex:1)
2025-11-02 16:31:42,540 [INFO] PluginManage:310 - Check plugin pinoutconfig
2025-11-02 16:31:42,638 [WARN] SupportedApi:132 - Cannot load RTOS API schema: s4s-elt-must-match.1: The content of 'definitions' must match (annotation?, (simpleType | complexType)?, (unique | key | keyref)*)). A problem was found starting at: attribute.
2025-11-02 16:31:42,815 [INFO] PluginManage:359 - Loaded plugin pinoutconfig (category:base,tabindex:0)
2025-11-02 16:31:42,815 [INFO] PluginManage:310 - Check plugin power
2025-11-02 16:31:42,827 [INFO] PluginManage:359 - Loaded plugin power (category:power,tabindex:4)
2025-11-02 16:31:42,827 [INFO] PluginManage:310 - Check plugin projectmanager
2025-11-02 16:31:42,843 [INFO] PluginManage:359 - Loaded plugin projectmanager (category:projectmanager,tabindex:4)
2025-11-02 16:31:42,843 [INFO] PluginManage:310 - Check plugin rif
2025-11-02 16:31:42,857 [INFO] PluginManage:359 - Loaded plugin rif (category:base,tabindex:3)
2025-11-02 16:31:42,858 [INFO] PluginManage:310 - Check plugin thirdparty
2025-11-02 16:31:43,012 [WARN] IntegrityCheckThread:84 - waiting for thirdparty lock release [integrity check]
2025-11-02 16:31:43,013 [INFO] IntegrityCheckThread:86 - entering critical section [integrity check]
2025-11-02 16:31:43,013 [INFO] ThirdPartyUpdaterWithRetryManager:70 - Updater plugin not ready yet. [1/15]
2025-11-02 16:31:43,013 [INFO] PluginManage:359 - Loaded plugin thirdparty (category:base,tabindex:-1)
2025-11-02 16:31:43,014 [INFO] PluginManage:310 - Check plugin tools
2025-11-02 16:31:43,019 [INFO] PluginManage:359 - Loaded plugin tools (category:base,tabindex:7)
2025-11-02 16:31:43,020 [INFO] PluginManage:310 - Check plugin tutovideos
2025-11-02 16:31:43,233 [INFO] PluginManage:359 - Loaded plugin tutovideos (category:base,tabindex:-1)
2025-11-02 16:31:43,233 [INFO] PluginManage:310 - Check plugin updater
2025-11-02 16:31:43,259 [INFO] PluginManage:359 - Loaded plugin updater (category:base,tabindex:12)
2025-11-02 16:31:43,260 [INFO] PluginManage:310 - Check plugin userauth
2025-11-02 16:31:43,266 [INFO] UserAuth:118 - Init User Auth plugin
2025-11-02 16:31:43,267 [INFO] PluginManage:359 - Loaded plugin userauth (category:base,tabindex:14)
2025-11-02 16:31:43,269 [INFO] PluginManage:283 - PluginManage : Loaded plugins [18]
2025-11-02 16:31:43,482 [INFO] PinOutPanel:1589 - setPackage(No Configuration,No Configuration)
2025-11-02 16:31:43,579 [INFO] CADModel:165 - CPN selected for project level
2025-11-02 16:31:43,579 [INFO] CADModel:114 - Register for checkConnection events
2025-11-02 16:31:43,593 [INFO] IPUIPlugin:80 - create IPUIPlugin
2025-11-02 16:31:43,593 [INFO] PluginManager:220 - loadIPPluginJar : add adc
2025-11-02 16:31:43,593 [INFO] IPUIPlugin:80 - create IPUIPlugin
2025-11-02 16:31:43,593 [INFO] PluginManager:220 - loadIPPluginJar : add aes
2025-11-02 16:31:43,593 [INFO] IPUIPlugin:80 - create IPUIPlugin
2025-11-02 16:31:43,593 [INFO] PluginManager:220 - loadIPPluginJar : add can
2025-11-02 16:31:43,609 [INFO] IPUIPlugin:80 - create IPUIPlugin
2025-11-02 16:31:43,609 [INFO] PluginManager:220 - loadIPPluginJar : add comp
2025-11-02 16:31:43,609 [INFO] IPUIPlugin:80 - create IPUIPlugin
2025-11-02 16:31:43,609 [INFO] PluginManager:220 - loadIPPluginJar : add cryp
2025-11-02 16:31:43,609 [INFO] IPUIPlugin:80 - create IPUIPlugin
2025-11-02 16:31:43,609 [INFO] PluginManager:220 - loadIPPluginJar : add ddr_ctrl_phy
2025-11-02 16:31:43,609 [INFO] IPUIPlugin:80 - create IPUIPlugin
2025-11-02 16:31:43,609 [INFO] PluginManager:220 - loadIPPluginJar : add dfsdm
2025-11-02 16:31:43,609 [INFO] IPUIPlugin:80 - create IPUIPlugin
2025-11-02 16:31:43,609 [INFO] PluginManager:220 - loadIPPluginJar : add dma
2025-11-02 16:31:43,625 [INFO] IPUIPlugin:80 - create IPUIPlugin
2025-11-02 16:31:43,625 [INFO] PluginManager:220 - loadIPPluginJar : add dma3
2025-11-02 16:31:43,625 [INFO] IPUIPlugin:80 - create IPUIPlugin
2025-11-02 16:31:43,625 [INFO] PluginManager:220 - loadIPPluginJar : add extmemmanager
2025-11-02 16:31:43,625 [INFO] IPUIPlugin:80 - create IPUIPlugin
2025-11-02 16:31:43,625 [INFO] PluginManager:220 - loadIPPluginJar : add fatfs
2025-11-02 16:31:43,625 [INFO] IPUIPlugin:80 - create IPUIPlugin
2025-11-02 16:31:43,625 [INFO] PluginManager:220 - loadIPPluginJar : add fmc
2025-11-02 16:31:43,641 [INFO] IPUIPlugin:80 - create IPUIPlugin
2025-11-02 16:31:43,641 [INFO] PluginManager:220 - loadIPPluginJar : add freertos
2025-11-02 16:31:43,641 [INFO] IPUIPlugin:80 - create IPUIPlugin
2025-11-02 16:31:43,641 [INFO] PluginManager:220 - loadIPPluginJar : add genericplugin
2025-11-02 16:31:43,641 [INFO] IPUIPlugin:80 - create IPUIPlugin
2025-11-02 16:31:43,641 [INFO] PluginManager:220 - loadIPPluginJar : add gfxmmu
2025-11-02 16:31:43,641 [INFO] IPUIPlugin:80 - create IPUIPlugin
2025-11-02 16:31:43,641 [INFO] PluginManager:220 - loadIPPluginJar : add gic
2025-11-02 16:31:43,657 [INFO] IPUIPlugin:80 - create IPUIPlugin
2025-11-02 16:31:43,657 [INFO] PluginManager:220 - loadIPPluginJar : add gpio
2025-11-02 16:31:43,657 [INFO] IPUIPlugin:80 - create IPUIPlugin
2025-11-02 16:31:43,657 [INFO] PluginManager:220 - loadIPPluginJar : add gtzc
2025-11-02 16:31:43,666 [INFO] IPUIPlugin:80 - create IPUIPlugin
2025-11-02 16:31:43,666 [INFO] PluginManager:220 - loadIPPluginJar : add hash
2025-11-02 16:31:43,668 [INFO] IPUIPlugin:80 - create IPUIPlugin
2025-11-02 16:31:43,668 [INFO] PluginManager:220 - loadIPPluginJar : add i2c
2025-11-02 16:31:43,671 [INFO] IPUIPlugin:80 - create IPUIPlugin
2025-11-02 16:31:43,671 [INFO] PluginManager:220 - loadIPPluginJar : add i2s
2025-11-02 16:31:43,676 [INFO] IPUIPlugin:80 - create IPUIPlugin
2025-11-02 16:31:43,676 [INFO] PluginManager:220 - loadIPPluginJar : add i3c
2025-11-02 16:31:43,678 [INFO] IPUIPlugin:80 - create IPUIPlugin
2025-11-02 16:31:43,679 [INFO] PluginManager:220 - loadIPPluginJar : add ipddr
2025-11-02 16:31:43,684 [INFO] IPUIPlugin:80 - create IPUIPlugin
2025-11-02 16:31:43,684 [INFO] PluginManager:220 - loadIPPluginJar : add linkedlist
2025-11-02 16:31:43,689 [INFO] IPUIPlugin:80 - create IPUIPlugin
2025-11-02 16:31:43,689 [INFO] PluginManager:220 - loadIPPluginJar : add lorawan
2025-11-02 16:31:43,692 [INFO] IPUIPlugin:80 - create IPUIPlugin
2025-11-02 16:31:43,692 [INFO] PluginManager:220 - loadIPPluginJar : add ltdc
2025-11-02 16:31:43,696 [INFO] IPUIPlugin:80 - create IPUIPlugin
2025-11-02 16:31:43,697 [INFO] PluginManager:220 - loadIPPluginJar : add mdma
2025-11-02 16:31:43,700 [INFO] IPUIPlugin:80 - create IPUIPlugin
2025-11-02 16:31:43,700 [INFO] PluginManager:220 - loadIPPluginJar : add nvic
2025-11-02 16:31:43,701 [INFO] IPUIPlugin:80 - create IPUIPlugin
2025-11-02 16:31:43,701 [INFO] PluginManager:220 - loadIPPluginJar : add opamp
2025-11-02 16:31:43,701 [INFO] IPUIPlugin:80 - create IPUIPlugin
2025-11-02 16:31:43,701 [INFO] PluginManager:220 - loadIPPluginJar : add openamp
2025-11-02 16:31:43,701 [INFO] IPUIPlugin:80 - create IPUIPlugin
2025-11-02 16:31:43,701 [INFO] PluginManager:220 - loadIPPluginJar : add pdm2pcm
2025-11-02 16:31:43,701 [INFO] IPUIPlugin:80 - create IPUIPlugin
2025-11-02 16:31:43,701 [INFO] PluginManager:220 - loadIPPluginJar : add plateformsettings
2025-11-02 16:31:43,717 [INFO] IPUIPlugin:80 - create IPUIPlugin
2025-11-02 16:31:43,717 [INFO] PluginManager:220 - loadIPPluginJar : add quadspi
2025-11-02 16:31:43,717 [INFO] IPUIPlugin:80 - create IPUIPlugin
2025-11-02 16:31:43,717 [INFO] PluginManager:220 - loadIPPluginJar : add radio
2025-11-02 16:31:43,717 [INFO] IPUIPlugin:80 - create IPUIPlugin
2025-11-02 16:31:43,717 [INFO] PluginManager:220 - loadIPPluginJar : add resmgrutility
2025-11-02 16:31:43,717 [INFO] IPUIPlugin:80 - create IPUIPlugin
2025-11-02 16:31:43,717 [INFO] PluginManager:220 - loadIPPluginJar : add sai
2025-11-02 16:31:43,717 [INFO] IPUIPlugin:80 - create IPUIPlugin
2025-11-02 16:31:43,717 [INFO] PluginManager:220 - loadIPPluginJar : add spi
2025-11-02 16:31:43,733 [INFO] IPUIPlugin:80 - create IPUIPlugin
2025-11-02 16:31:43,733 [INFO] PluginManager:220 - loadIPPluginJar : add stm32_wpan
2025-11-02 16:31:43,735 [INFO] IPUIPlugin:80 - create IPUIPlugin
2025-11-02 16:31:43,735 [INFO] PluginManager:220 - loadIPPluginJar : add tim
2025-11-02 16:31:43,735 [INFO] IPUIPlugin:80 - create IPUIPlugin
2025-11-02 16:31:43,735 [INFO] PluginManager:220 - loadIPPluginJar : add touchsensing
2025-11-02 16:31:43,735 [INFO] IPUIPlugin:80 - create IPUIPlugin
2025-11-02 16:31:43,735 [INFO] PluginManager:220 - loadIPPluginJar : add tracer_emb
2025-11-02 16:31:43,735 [INFO] IPUIPlugin:80 - create IPUIPlugin
2025-11-02 16:31:43,735 [INFO] PluginManager:220 - loadIPPluginJar : add ts
2025-11-02 16:31:43,735 [INFO] IPUIPlugin:80 - create IPUIPlugin
2025-11-02 16:31:43,735 [INFO] PluginManager:220 - loadIPPluginJar : add tsc
2025-11-02 16:31:43,735 [INFO] IPUIPlugin:80 - create IPUIPlugin
2025-11-02 16:31:43,735 [INFO] PluginManager:220 - loadIPPluginJar : add ucpd
2025-11-02 16:31:43,749 [INFO] IPUIPlugin:80 - create IPUIPlugin
2025-11-02 16:31:43,749 [INFO] PluginManager:220 - loadIPPluginJar : add usart
2025-11-02 16:31:43,749 [INFO] IPUIPlugin:80 - create IPUIPlugin
2025-11-02 16:31:43,749 [INFO] PluginManager:220 - loadIPPluginJar : add usbx
2025-11-02 16:31:43,902 [FATAL] Updater:351 - Updater called before beeing initialized
2025-11-02 16:31:43,919 [INFO] RulesReader:64 - Compatibility file has been processed (317 Rules)
2025-11-02 16:31:43,936 [INFO] RulesReader:64 - Compatibility file has been processed (317 Rules)
2025-11-02 16:31:43,953 [INFO] CADModel:165 - CPN selected for project level
2025-11-02 16:31:43,953 [INFO] CADModel:114 - Register for checkConnection events
2025-11-02 16:31:43,953 [FATAL] Updater:351 - Updater called before beeing initialized
2025-11-02 16:31:43,953 [ERROR] CADModel:125 - Updater not yet initialized, retry later 
2025-11-02 16:31:44,297 [FATAL] Updater:351 - Updater called before beeing initialized
2025-11-02 16:31:44,300 [INFO] CADModel:165 - CPN selected for project level
2025-11-02 16:31:44,300 [INFO] CADModel:114 - Register for checkConnection events
2025-11-02 16:31:44,300 [FATAL] Updater:351 - Updater called before beeing initialized
2025-11-02 16:31:44,300 [ERROR] CADModel:125 - Updater not yet initialized, retry later 
2025-11-02 16:31:44,302 [FATAL] Updater:351 - Updater called before beeing initialized
2025-11-02 16:31:44,475 [FATAL] Updater:351 - Updater called before beeing initialized
2025-11-02 16:31:44,489 [INFO] DbMcusAds:53 - JSON generation date=Thu Oct 02 17:36:05 CST 2025 (1759397765645)
2025-11-02 16:31:44,489 [FATAL] Updater:351 - Updater called before beeing initialized
2025-11-02 16:31:44,544 [WARN] DetailPanel:346 - Failed to get advertising image, set to default
2025-11-02 16:31:44,625 [FATAL] Updater:351 - Updater called before beeing initialized
2025-11-02 16:31:44,625 [FATAL] Updater:351 - Updater called before beeing initialized
2025-11-02 16:31:44,625 [FATAL] Updater:351 - Updater called before beeing initialized
2025-11-02 16:31:44,625 [WARN] DetailPanel:346 - Failed to get advertising image, set to default
2025-11-02 16:31:44,625 [FATAL] Updater:351 - Updater called before beeing initialized
2025-11-02 16:31:44,682 [ERROR] Updater:1198 - MainUpdater not yet initialized. External WinMGr cannot be set.
2025-11-02 16:31:44,684 [INFO] Updater:1134 - Updater Version found : 6.15.0
2025-11-02 16:31:44,694 [INFO] ApplicationProperties:184 - Using Application install path: C:\ST\STM32CubeIDE_1.19.0\STM32CubeIDE\plugins\com.st.stm32cube.common.mx_6.15.0.202507011659
2025-11-02 16:31:46,020 [INFO] ThirdPartyUpdaterWithRetryManager:70 - Updater plugin not ready yet. [2/15]
2025-11-02 16:31:46,291 [ERROR] LogOutputStream:75 - [STDERR_REDIRECT] Nov 02, 2025 4:31:46 PM java.util.prefs.WindowsPreferences <init>
2025-11-02 16:31:46,293 [ERROR] LogOutputStream:75 - [STDERR_REDIRECT] WARNING: Could not open/create prefs root node Software\JavaSoft\Prefs at root 0xffffffff80000002. Windows RegCreateKeyEx(...) returned error code 5.
2025-11-02 16:31:46,293 [ERROR] LogOutputStream:75 - [STDERR_REDIRECT] 
2025-11-02 16:31:46,690 [INFO] MainUpdater:2872 - connection check result : 10
2025-11-02 16:31:46,691 [INFO] MainUpdater:289 - Updater Check For Update Now.
2025-11-02 16:31:46,691 [INFO] MicroXplorer:498 - Change Database Version : DB.6.0.150
2025-11-02 16:31:46,716 [INFO] McuFinderGlobals:63 - Set McuFinder mode to 2 (CubeIDE integrated)
2025-11-02 16:31:46,716 [INFO] UserAuth:171 - activating auth plugin
2025-11-02 16:31:46,720 [INFO] UserAuth:487 - Internet connection configuration mode: 1
2025-11-02 16:31:46,783 [INFO] JxBrowserEngine:152 - Initiate JxBrowser Engine with user profile folder
2025-11-02 16:31:46,914 [INFO] CheckServerUpdateThread:120 - End of CheckServer Thread
2025-11-02 16:31:48,516 [INFO] WebApp:169 - Instantiating new browser for Auth
2025-11-02 16:31:49,504 [WARN] PackLoader:240 - Cannot read IP mode file for STMicroelectronics.FP-SNS-MOTENVWB1.1.4.0
2025-11-02 16:31:49,516 [WARN] PackLoader:240 - Cannot read IP mode file for STMicroelectronics.FP-ATR-ASTRA1.2.0.2
2025-11-02 16:31:49,530 [WARN] PackLoader:240 - Cannot read IP mode file for STMicroelectronics.X-CUBE-SMBUS.2.1.0
2025-11-02 16:31:49,539 [WARN] PackLoader:240 - Cannot read IP mode file for STMicroelectronics.X-CUBE-ST60.1.0.0
2025-11-02 16:31:49,587 [WARN] PackLoader:240 - Cannot read IP mode file for STMicroelectronics.X-CUBE-AZRTOS-F7.1.1.0
2025-11-02 16:31:49,601 [WARN] PackLoader:240 - Cannot read IP mode file for STMicroelectronics.FP-SNS-MOTENV1.5.1.0
2025-11-02 16:31:49,620 [WARN] PackLoader:240 - Cannot read IP mode file for WES.I-CUBE-Cesium.1.4.0
2025-11-02 16:31:49,665 [WARN] PackLoader:240 - Cannot read IP mode file for Infineon.AIROC-Wi-Fi-Bluetooth-STM32.1.7.1
2025-11-02 16:31:49,695 [WARN] PackLoader:240 - Cannot read IP mode file for STMicroelectronics.X-CUBE-AZRTOS-H7.3.4.0
2025-11-02 16:31:49,709 [WARN] PackLoader:240 - Cannot read IP mode file for STMicroelectronics.X-CUBE-DISPLAY.3.0.0
2025-11-02 16:31:49,730 [WARN] PackLoader:240 - Cannot read IP mode file for STMicroelectronics.X-CUBE-NFC10.1.0.0
2025-11-02 16:31:49,738 [WARN] PackLoader:240 - Cannot read IP mode file for STMicroelectronics.X-CUBE-ST60.1.1.0
2025-11-02 16:31:49,746 [WARN] PackLoader:240 - Cannot read IP mode file for emotas.I-CUBE-CANOPEN.1.3.0
2025-11-02 16:31:49,753 [WARN] PackLoader:240 - Cannot read IP mode file for STMicroelectronics.X-CUBE-GNSS1.7.1.0
2025-11-02 16:31:49,757 [WARN] PackLoader:240 - Cannot read IP mode file for STMicroelectronics.FP-SNS-STBOX1.2.1.0
2025-11-02 16:31:49,757 [WARN] PackLoader:240 - Cannot read IP mode file for STMicroelectronics.FP-SNS-SMARTAG2.1.2.0
2025-11-02 16:31:49,776 [WARN] PackLoader:240 - Cannot read IP mode file for STMicroelectronics.FP-SNS-FLIGHT1.5.1.0
2025-11-02 16:31:49,789 [INFO] LogOutputStream:77 - [STDOUT_REDIRECT] 1 : Invalid condition id : UX_CORESTACK_Condition cause : null
2025-11-02 16:31:49,791 [INFO] LogOutputStream:77 - [STDOUT_REDIRECT] 1 : Invalid condition id : UX_CORESTACK_Condition cause : null
2025-11-02 16:31:49,792 [INFO] LogOutputStream:77 - [STDOUT_REDIRECT] 1 : Invalid condition id : UX_CORESTACK_Condition cause : null
2025-11-02 16:31:49,794 [INFO] LogOutputStream:77 - [STDOUT_REDIRECT] 1 : Invalid condition id : UX_CORESTACK_Condition cause : null
2025-11-02 16:31:49,795 [INFO] LogOutputStream:77 - [STDOUT_REDIRECT] 1 : Invalid condition id : UX_CORESTACK_Condition cause : null
2025-11-02 16:31:49,798 [WARN] PackLoader:240 - Cannot read IP mode file for STMicroelectronics.X-CUBE-AZRTOS-WL.2.0.0
2025-11-02 16:31:49,805 [WARN] PackLoader:240 - Cannot read IP mode file for STMicroelectronics.FP-SNS-MOTENV1.5.0.0
2025-11-02 16:31:49,815 [WARN] PackLoader:240 - Cannot read IP mode file for STMicroelectronics.X-CUBE-BLE2.3.3.0
2025-11-02 16:31:49,825 [WARN] PackLoader:240 - Cannot read IP mode file for STMicroelectronics.X-CUBE-NFC9.1.0.0
2025-11-02 16:31:49,832 [WARN] PackLoader:240 - Cannot read IP mode file for wolfSSL.I-CUBE-wolfSSL.5.8.2
2025-11-02 16:31:49,834 [WARN] PackLoader:240 - Cannot read IP mode file for STMicroelectronics.X-CUBE-BLE1.7.1.0
2025-11-02 16:31:49,846 [WARN] PackLoader:240 - Cannot read IP mode file for wolfSSL.I-CUBE-wolfMQTT.1.19.2
2025-11-02 16:31:49,853 [WARN] PackLoader:240 - Cannot read IP mode file for STMicroelectronics.X-CUBE-EEPRMA1.5.2.0
2025-11-02 16:31:49,866 [WARN] PackLoader:240 - Cannot read IP mode file for STMicroelectronics.X-CUBE-ST67W61.1.1.0
2025-11-02 16:31:49,884 [WARN] PackLoader:240 - Cannot read IP mode file for STMicroelectronics.X-CUBE-AZRTOS-G0.1.1.0
2025-11-02 16:31:49,894 [WARN] PackLoader:240 - Cannot read IP mode file for STMicroelectronics.X-CUBE-SAFEA1.1.2.2
2025-11-02 16:31:49,903 [WARN] PackLoader:240 - Cannot read IP mode file for STMicroelectronics.X-CUBE-NFC4.3.0.0
2025-11-02 16:31:49,916 [WARN] PackLoader:240 - Cannot read IP mode file for EmbeddedOffice.I-CUBE-FS-RTOS.1.0.1
2025-11-02 16:31:49,924 [WARN] PackLoader:240 - Cannot read IP mode file for STMicroelectronics.X-CUBE-WB05N.2.0.0
2025-11-02 16:31:49,929 [WARN] PackLoader:240 - Cannot read IP mode file for wolfSSL.I-CUBE-wolfTPM.3.8.0
2025-11-02 16:31:49,943 [WARN] PackLoader:240 - Cannot read IP mode file for STMicroelectronics.X-CUBE-TCPP.4.2.0
2025-11-02 16:31:49,951 [WARN] PackLoader:240 - Cannot read IP mode file for RealThread.X-CUBE-RT-Thread_Nano.4.1.1
2025-11-02 16:31:49,956 [WARN] PackLoader:240 - Cannot read IP mode file for STMicroelectronics.FP-ATR-SIGFOX1.3.2.0
2025-11-02 16:31:49,965 [WARN] PackLoader:240 - Cannot read IP mode file for ITTIA_DB.I-CUBE-ITTIADB.8.9.0
2025-11-02 16:31:49,978 [WARN] PackLoader:240 - Cannot read IP mode file for STMicroelectronics.X-CUBE-ST67W61.1.0.0
2025-11-02 16:31:49,983 [WARN] PackLoader:240 - Cannot read IP mode file for STMicroelectronics.X-CUBE-AI.10.2.0
2025-11-02 16:31:50,019 [WARN] PackLoader:240 - Cannot read IP mode file for SEGGER.I-CUBE-embOS.1.3.1
2025-11-02 16:31:50,058 [WARN] PackLoader:240 - Cannot read IP mode file for STMicroelectronics.X-CUBE-ALGOBUILD.1.4.0
2025-11-02 16:31:50,108 [WARN] PackLoader:240 - Cannot read IP mode file for STMicroelectronics.X-CUBE-MEMS1.11.3.0
2025-11-02 16:31:50,289 [WARN] PackLoader:240 - Cannot read IP mode file for STMicroelectronics.X-CUBE-PM33A1.1.0.0
2025-11-02 16:31:50,358 [WARN] PackLoader:240 - Cannot read IP mode file for STMicroelectronics.X-CUBE-AZRTOS-F4.1.1.0
2025-11-02 16:31:50,364 [WARN] PackLoader:240 - Cannot read IP mode file for Avnet-IotConnect.X-CUBE-IoTC-DA16k-PMOD.1.0.0
2025-11-02 16:31:50,374 [WARN] PackLoader:240 - Cannot read IP mode file for STMicroelectronics.X-CUBE-ISPU.2.1.0
2025-11-02 16:31:50,390 [WARN] PackLoader:240 - Cannot read IP mode file for STMicroelectronics.X-CUBE-IPS.3.2.0
2025-11-02 16:31:50,412 [WARN] PackLoader:240 - Cannot read IP mode file for STMicroelectronics.X-CUBE-NFC12.1.0.0
2025-11-02 16:31:50,423 [WARN] PackLoader:240 - Cannot read IP mode file for STMicroelectronics.X-CUBE-AZRTOS-L5.2.0.0
2025-11-02 16:31:50,435 [WARN] PackLoader:240 - Cannot read IP mode file for STMicroelectronics.X-CUBE-NFC6.3.1.0
2025-11-02 16:31:50,451 [WARN] PackLoader:240 - Cannot read IP mode file for STMicroelectronics.X-CUBE-FREERTOS.1.3.1
2025-11-02 16:31:50,451 [WARN] PackLoader:240 - Cannot read IP mode file for STMicroelectronics.X-CUBE-TOUCHGFX.4.26.0
2025-11-02 16:31:50,467 [WARN] PackLoader:240 - Cannot read IP mode file for STMicroelectronics.FP-SNS-STAIOTCFT.1.0.0
2025-11-02 16:31:50,467 [WARN] PackLoader:240 - Cannot read IP mode file for STMicroelectronics.X-CUBE-DPower.1.3.0
2025-11-02 16:31:50,497 [WARN] ConditionMgr:438 - getConditionDescription Invalid condition id : LAN8742 Phy interface Condition cause : null
2025-11-02 16:31:50,498 [WARN] PackLoader:240 - Cannot read IP mode file for STMicroelectronics.X-CUBE-AZRTOS-L4.2.0.0
2025-11-02 16:31:50,499 [WARN] ConditionMgr:1044 - genDependencies : Invalid condition id : LAN8742 Phy interface Condition cause : null
2025-11-02 16:31:50,499 [WARN] ConditionMgr:1044 - genDependencies : Invalid condition id : LAN8742 Phy interface Condition cause : null
2025-11-02 16:31:50,499 [WARN] ConditionMgr:1044 - genDependencies : Invalid condition id : LAN8742 Phy interface Condition cause : null
2025-11-02 16:31:50,509 [WARN] PackLoader:240 - Cannot read IP mode file for STMicroelectronics.X-CUBE-SFXS2LP1.4.0.0
2025-11-02 16:31:50,532 [WARN] PackLoader:240 - Cannot read IP mode file for STMicroelectronics.X-CUBE-BLEMGR.4.1.0
2025-11-02 16:31:50,549 [WARN] ConditionMgr:438 - getConditionDescription Invalid condition id : UX DEVICE CLASS RTOS Condition cause : null
2025-11-02 16:31:50,549 [WARN] ConditionMgr:438 - getConditionDescription Invalid condition id : UX DEVICE CLASS RTOS Condition cause : null
2025-11-02 16:31:50,551 [WARN] PackLoader:240 - Cannot read IP mode file for STMicroelectronics.X-CUBE-AZRTOS-WB.2.0.0
2025-11-02 16:31:50,551 [WARN] ConditionMgr:1044 - genDependencies : Invalid condition id : UX DEVICE CLASS RTOS Condition cause : null
2025-11-02 16:31:50,551 [WARN] ConditionMgr:1044 - genDependencies : Invalid condition id : UX DEVICE CLASS RTOS Condition cause : null
2025-11-02 16:31:50,551 [WARN] ConditionMgr:1044 - genDependencies : Invalid condition id : UX DEVICE CLASS RTOS Condition cause : null
2025-11-02 16:31:50,552 [WARN] ConditionMgr:1044 - genDependencies : Invalid condition id : UX DEVICE CLASS RTOS Condition cause : null
2025-11-02 16:31:50,552 [WARN] ConditionMgr:1044 - genDependencies : Invalid condition id : UX DEVICE CLASS RTOS Condition cause : null
2025-11-02 16:31:50,558 [WARN] PackLoader:240 - Cannot read IP mode file for STMicroelectronics.X-CUBE-GNSS1.7.0.1
2025-11-02 16:31:50,563 [WARN] PackLoader:240 - Cannot read IP mode file for STMicroelectronics.X-CUBE-TOUCHGFX.4.25.0
2025-11-02 16:31:50,570 [WARN] ConditionMgr:438 - getConditionDescription Invalid condition id : Cortex-A Device cause : null
2025-11-02 16:31:50,581 [WARN] ConditionMgr:1044 - genDependencies : Invalid condition id : Cortex-A Device cause : null
2025-11-02 16:31:50,581 [WARN] ConditionMgr:1044 - genDependencies : Invalid condition id : Cortex-A Device cause : null
2025-11-02 16:31:50,581 [WARN] ConditionMgr:1044 - genDependencies : Invalid condition id : Cortex-A Device cause : null
2025-11-02 16:31:50,591 [WARN] PackLoader:240 - Cannot read IP mode file for STMicroelectronics.X-CUBE-SUBG2.5.0.0
2025-11-02 16:31:50,631 [WARN] PackLoader:240 - Cannot read IP mode file for STMicroelectronics.X-CUBE-AZRTOS-H7RS.1.1.0
2025-11-02 16:31:50,637 [WARN] PackLoader:240 - Cannot read IP mode file for Cesanta.I-CUBE-Mongoose.7.13.0
2025-11-02 16:31:50,653 [WARN] PackLoader:240 - Cannot read IP mode file for STMicroelectronics.X-CUBE-AZRTOS-G4.2.0.0
2025-11-02 16:31:50,664 [WARN] PackLoader:240 - Cannot read IP mode file for wolfSSL.I-CUBE-wolfSSH.1.4.20
2025-11-02 16:31:50,669 [WARN] PackLoader:240 - Cannot read IP mode file for STMicroelectronics.X-CUBE-NFC7.2.0.0
2025-11-02 16:31:50,684 [WARN] PackLoader:240 - Cannot read IP mode file for STMicroelectronics.X-CUBE-IPS.3.1.0
2025-11-02 16:31:50,703 [WARN] PackLoader:240 - Cannot read IP mode file for STMicroelectronics.X-CUBE-ALS.1.0.2
2025-11-02 16:31:50,716 [WARN] PackLoader:240 - Cannot read IP mode file for STMicroelectronics.X-CUBE-STSE01.1.0.0
2025-11-02 16:31:50,739 [WARN] PackLoader:240 - Cannot read IP mode file for STMicroelectronics.X-CUBE-TOF1.3.4.3
2025-11-02 16:31:50,753 [INFO] ThirdParty:978 - Integrity check success = true
2025-11-02 16:31:50,753 [INFO] IntegrityCheckThread:100 - exiting critical section [integrity check]
2025-11-02 16:31:50,753 [INFO] IntegrityCheckThread:103 - End integrity checks thread
2025-11-02 16:31:50,844 [INFO] WebApp:463 - Apply proxy settings
2025-11-02 16:31:50,845 [INFO] WebApp:548 - Chromium requires no authentication
2025-11-02 16:31:50,957 [INFO] WebApp:491 - Direct internet connection detected
2025-11-02 16:31:51,150 [INFO] WebApp:900 - Register for checkConnection events
2025-11-02 16:31:51,150 [INFO] WebApp:463 - Apply proxy settings
2025-11-02 16:31:51,150 [INFO] WebApp:548 - Chromium requires no authentication
2025-11-02 16:31:51,150 [INFO] WebApp:491 - Direct internet connection detected
2025-11-02 16:31:51,472 [INFO] WebApp:191 - Connection restablished
2025-11-02 16:31:51,715 [INFO] WebApp:225 - Starting web application
2025-11-02 16:31:51,715 [INFO] WebApp:593 - Web application path used C:\ST\STM32CubeIDE_1.19.0\STM32CubeIDE\plugins\com.st.stm32cube.common.mx_6.15.0.202507011659\db\plugins\mcufinder\reactClient1\index.html
2025-11-02 16:50:28,589 [INFO] McuFinderGlobals:63 - Set McuFinder mode to 2 (CubeIDE integrated)
2025-11-02 16:50:28,595 [INFO] MainUpdater:2872 - connection check result : 10
2025-11-02 16:50:28,596 [INFO] MainUpdater:2872 - connection check result : 10
2025-11-02 16:50:28,628 [INFO] MicroXplorer:468 - Change Database Path : 
2025-11-02 16:50:28,629 [INFO] MicroXplorer:498 - Change Database Version : DB.6.0.150
2025-11-02 16:50:28,633 [WARN] ThirdParty:871 - waiting for thirdparty lock release [close project]
2025-11-02 16:50:28,633 [INFO] ThirdParty:873 - entering critical section [close project]
2025-11-02 16:50:28,634 [INFO] ThirdParty:883 - exiting critical section [close project]
2025-11-02 16:50:28,637 [INFO] PinOutPanel:1589 - setPackage(No Configuration,No Configuration)
2025-11-02 16:50:28,640 [INFO] UtilMem:75 - Begin LoadConfig() Used Memory: 444951720 Bytes (741343232)
2025-11-02 16:50:28,643 [INFO] MicroXplorer:468 - Change Database Path : 
2025-11-02 16:50:28,643 [INFO] MicroXplorer:498 - Change Database Version : DB.6.0.150
2025-11-02 16:50:28,644 [INFO] OpenFileManager:355 - Change cursor
2025-11-02 16:50:28,716 [INFO] Mcu:2029 - Initializing MCU STM32L476R(C-E-G)Tx STM32L476RGTx STM32L476RGT3
2025-11-02 16:50:30,781 [INFO] Context:786 - Trying to add GPIOservice into a context  which must be forbidden
2025-11-02 16:50:31,289 [INFO] ImportTextPane:234 - (OptionalMessage_ERROR) Pin4 (VP_RIF_VS_RIF1) cannot be retrieved for this MCU
2025-11-02 16:50:31,441 [INFO] RtosManager:558 - Registered RTOS mode: class=CMSIS, group=RTOS, mode=CMSIS_V1, owner=FREERTOS
2025-11-02 16:50:31,441 [INFO] RtosManager:558 - Registered RTOS mode: class=CMSIS, group=RTOS2, mode=CMSIS_V2, owner=FREERTOS
2025-11-02 16:50:31,441 [INFO] RtosManager:558 - Registered RTOS mode: class=RTOS, group=Core, mode=CMSIS_V1, owner=FREERTOS
2025-11-02 16:50:31,442 [INFO] RtosManager:558 - Registered RTOS mode: class=RTOS, group=Core, mode=CMSIS_V2, owner=FREERTOS
2025-11-02 16:50:31,442 [WARN] ModelIntegratedComponent:184 - Missing modes for component STMicroelectronics:FreeRTOS:0.0.1:STMicroelectronics:RTOS:FreeRTOS:Core:::10.2.0:
2025-11-02 16:50:31,460 [WARN] ModelIntegratedComponent:63 - No mode defined for component null
2025-11-02 16:50:31,460 [WARN] ModelIntegratedComponent:63 - No mode defined for component null
2025-11-02 16:50:31,460 [WARN] ModelIntegratedComponent:63 - No mode defined for component null
2025-11-02 16:50:31,460 [WARN] ModelIntegratedComponent:63 - No mode defined for component null
2025-11-02 16:50:31,460 [WARN] ModelIntegratedComponent:63 - No mode defined for component null
2025-11-02 16:50:31,460 [WARN] ModelIntegratedComponent:63 - No mode defined for component null
2025-11-02 16:50:31,460 [WARN] ModelIntegratedComponent:63 - No mode defined for component null
2025-11-02 16:50:31,460 [WARN] ModelIntegratedComponent:63 - No mode defined for component null
2025-11-02 16:50:31,460 [WARN] ModelIntegratedComponent:63 - No mode defined for component null
2025-11-02 16:50:31,461 [WARN] ModelIntegratedComponent:63 - No mode defined for component null
2025-11-02 16:50:31,461 [WARN] ModelIntegratedComponent:63 - No mode defined for component null
2025-11-02 16:50:31,461 [WARN] ModelIntegratedComponent:63 - No mode defined for component null
2025-11-02 16:50:31,461 [WARN] ModelIntegratedComponent:63 - No mode defined for component null
2025-11-02 16:50:31,461 [WARN] ModelIntegratedComponent:63 - No mode defined for component null
2025-11-02 16:50:31,461 [WARN] ModelIntegratedComponent:63 - No mode defined for component null
2025-11-02 16:50:31,461 [WARN] ModelIntegratedComponent:63 - No mode defined for component null
2025-11-02 16:50:31,461 [WARN] ModelIntegratedComponent:63 - No mode defined for component null
2025-11-02 16:50:31,461 [WARN] ModelIntegratedComponent:63 - No mode defined for component null
2025-11-02 16:50:31,461 [WARN] ModelIntegratedComponent:63 - No mode defined for component null
2025-11-02 16:50:31,461 [WARN] ModelIntegratedComponent:63 - No mode defined for component null
2025-11-02 16:50:31,461 [WARN] ModelIntegratedComponent:63 - No mode defined for component null
2025-11-02 16:50:31,461 [WARN] ModelIntegratedComponent:63 - No mode defined for component null
2025-11-02 16:50:31,461 [WARN] ModelIntegratedComponent:63 - No mode defined for component null
2025-11-02 16:50:31,461 [WARN] ModelIntegratedComponent:63 - No mode defined for component null
2025-11-02 16:50:31,462 [WARN] ModelIntegratedComponent:63 - No mode defined for component null
2025-11-02 16:50:31,462 [WARN] ModelIntegratedComponent:63 - No mode defined for component null
2025-11-02 16:50:31,462 [WARN] ModelIntegratedComponent:63 - No mode defined for component null
2025-11-02 16:50:31,462 [WARN] ModelIntegratedComponent:63 - No mode defined for component null
2025-11-02 16:50:31,462 [WARN] ModelIntegratedComponent:63 - No mode defined for component null
2025-11-02 16:50:31,462 [WARN] ModelIntegratedComponent:63 - No mode defined for component null
2025-11-02 16:50:31,462 [WARN] ModelIntegratedComponent:63 - No mode defined for component null
2025-11-02 16:50:31,462 [WARN] ModelIntegratedComponent:63 - No mode defined for component null
2025-11-02 16:50:31,462 [WARN] ModelIntegratedComponent:63 - No mode defined for component null
2025-11-02 16:50:31,462 [WARN] ModelIntegratedComponent:63 - No mode defined for component null
2025-11-02 16:50:31,462 [WARN] ModelIntegratedComponent:63 - No mode defined for component null
2025-11-02 16:50:31,462 [WARN] ModelPack:524 - Component already loaded: STMicroelectronics:HAL Drivers:0.0.0:STMicroelectronics:Device:STMicro_Driver:XSPI:HAL::0.0.1:HAL_XSPI
2025-11-02 16:50:31,585 [INFO] ThirdPartyModel:298 - Start build external matchings
2025-11-02 16:50:32,027 [INFO] ThirdPartyModel:316 - End build external matchings
2025-11-02 16:50:32,507 [INFO] ApiDb:581 - Connected to CubeFinder SQLite database (C:\Users\user\.stmcufinder\plugins\mcufinder\mcu\cube-finder-db.db)
2025-11-02 16:50:32,617 [INFO] ApiDb:668 - CubeFinder database Data Model version=2.1
2025-11-02 16:50:32,617 [INFO] ApiDb:669 - CubeFinder database Configuration version=3.0.39
2025-11-02 16:50:32,618 [INFO] ApiDb:670 - CubeFinder database generation date=2025-10-27 (1761571959)
2025-11-02 16:50:32,618 [INFO] ApiDb:671 - CubeFinder database FW Pack versions=[FP-ATR-ASTRA1_V2.0.0, FP-SNS-FLIGHT1_V5.1.0, FP-SNS-MOTENV1_V5.0.0, FP-SNS-MOTENVWB1_V1.4.0, FP-SNS-SMARTAG2_V1.2.0, FP-SNS-STBOX1_V2.1.0, STM32Cube_FW_C0_V1.4.0, STM32Cube_FW_F4_V1.28.3, STM32Cube_FW_F7_V1.17.4, STM32Cube_FW_G0_V1.6.2, STM32Cube_FW_G4_V1.6.1, STM32Cube_FW_H5_V1.5.0, STM32Cube_FW_H7RS_V1.2.0, STM32Cube_FW_H7_V1.12.1, STM32Cube_FW_L0_V1.12.2, STM32Cube_FW_L4_V1.18.1, STM32Cube_FW_L5_V1.5.1, STM32Cube_FW_N6_V1.2.0, STM32Cube_FW_U0_V1.3.0, STM32Cube_FW_U3_V1.2.1, STM32Cube_FW_U5_V1.8.0, STM32Cube_FW_WB0_V1.3.0, STM32Cube_FW_WBA_V1.7.0, STM32Cube_FW_WB_V1.23.0, STM32Cube_FW_WL3_V1.2.0, STM32Cube_FW_WL_V1.3.1, X-CUBE-ALGOBUILD_V1.4.0, X-CUBE-ALS_V1.0.2, X-CUBE-AZRTOS-F4_V1.1.0, X-CUBE-AZRTOS-F7_V1.1.0, X-CUBE-AZRTOS-G0_V1.1.0, X-CUBE-AZRTOS-G4_V2.0.0, X-CUBE-AZRTOS-H7RS_V1.1.0, X-CUBE-AZRTOS-H7_V3.4.0, X-CUBE-AZRTOS-L4_V2.0.0, X-CUBE-AZRTOS-L5_V2.0.0, X-CUBE-AZRTOS-WB_V2.0.0, X-CUBE-AZRTOS-WL_V2.0.0, X-CUBE-BLE1_V7.1.0, X-CUBE-BLE2_V3.3.0, X-CUBE-BLEMGR_V4.1.0, X-CUBE-EEPRMA1_V5.2.0, X-CUBE-FREERTOS_V1.3.1, X-CUBE-GNSS1_V6.0.0, X-CUBE-MEMS1_V11.3.0, X-CUBE-NFC4_V3.0.0, X-CUBE-NFC7_V2.0.0, X-CUBE-SFXS2LP1_V4.0.0, X-CUBE-ST67W61_V1.1.0, X-CUBE-SUBG2_V5.0.0, X-CUBE-TOF1_V3.4.3]
2025-11-02 16:50:32,771 [INFO] DbBoardsSqlite:226 - include board P-NUCLEO-WB55-NUCLEO as a kit item of type 'Nucleo-64'
2025-11-02 16:50:32,771 [INFO] DbBoardsSqlite:226 - include board P-NUCLEO-WB55-USBDONGLE as a kit item of type 'Nucleo USB Dongle'
2025-11-02 16:50:32,772 [INFO] DbBoardsSqlite:226 - include board STEVAL-IDP005V1 as a kit item of type 'Evaluation Board'
2025-11-02 16:50:32,773 [INFO] DbBoardsSqlite:226 - include board STEVAL-IDP005V2 as a kit item of type 'Evaluation Board'
2025-11-02 16:50:33,880 [INFO] ApiDb:240 - Found 880 in-development CPN: [B-G473E-ZEST1S, B-WB1M-WPAN1, B-WBA5M-WPAN, B-WL5M-SUBG1, NUCLEO-C031C6, NUCLEO-C051C8, NUCLEO-C071RB, NUCLEO-C092RC, NUCLEO-H503RB, NUCLEO-H533RE, NUCLEO-H563ZI, NUCLEO-H7S3L8, NUCLEO-N657X0-Q, NUCLEO-U031R8, NUCLEO-U083RC, NUCLEO-U385RG-Q, NUCLEO-U545RE-Q, NUCLEO-U5A5ZJ-Q, NUCLEO-WB05KZ, NUCLEO-WB07CC, NUCLEO-WB09KE, NUCLEO-WBA52CG, NUCLEO-WBA55CG, NUCLEO-WL33CC1, NUCLEO-WL33CC2, STEVAL-PROTEUS1, STEVAL-SMARTAG2, STEVAL-STWINBX1, STM320518-EVAL, STM32C0116-DK, STM32C011D6Y3TR, STM32C011D6Y6TR, STM32C011F4P3, STM32C011F4P6, STM32C011F4U3, STM32C011F4U6TR, STM32C011F6P3, STM32C011F6P6, STM32C011F6U3, STM32C011F6U6TR, STM32C011J4M3, STM32C011J4M6, STM32C011J6M3, STM32C011J6M6, STM32C0316-DK, STM32C031C4T3, STM32C031C4T6, STM32C031C4U3, STM32C031C4U6, STM32C031C6T3, STM32C031C6T6, STM32C031C6U3, STM32C031C6U6, STM32C031F4P3, STM32C031F4P6, STM32C031F6P3, STM32C031F6P6, STM32C031G4U3, STM32C031G4U6, STM32C031G6U3, STM32C031G6U6, STM32C031K4T3, STM32C031K4T6, STM32C031K4U3, STM32C031K4U6, STM32C031K6T3, STM32C031K6T6, STM32C031K6U3, STM32C031K6U6, STM32C051C6T6, STM32C051C6U6, STM32C051C8T6, STM32C051C8U6, STM32C051D8Y6TR, STM32C051F6P6, STM32C051F8P6, STM32C051G6U6, STM32C051G8U6, STM32C051K6T6, STM32C051K6U6, STM32C051K8T6, STM32C071C8T6, STM32C071C8T6N, STM32C071C8U6, STM32C071C8U6N, STM32C071CBT6, STM32C071CBT6N, STM32C071CBU6, STM32C071CBU6N, STM32C071F8P6, STM32C071F8P6N, STM32C071FBP6, STM32C071FBP6N, STM32C071FBY6TR, STM32C071G8U6, STM32C071G8U6N, STM32C071GBU6, STM32C071GBU6N, STM32C071K8T6, STM32C071K8T6N, STM32C071K8U6, STM32C071K8U6N, STM32C071KBT6, STM32C071KBT6N, STM32C071KBU6, STM32C071KBU6N, STM32C071R8T6, STM32C071R8T6N, STM32C071RBI6N, STM32C071RBT6, STM32C071RBT6N, STM32C091CBT6, STM32C091CBU6, STM32C091CCT6, STM32C091CCU6, STM32C091ECY6TR, STM32C091FBP6, STM32C091FCP6, STM32C091GBU6, STM32C091GCU6, STM32C091KBT6, STM32C091KBU6, STM32C091KCT6, STM32C091KCU6, STM32C091RBT6, STM32C091RCI6, STM32C091RCT6, STM32C092CBT6, STM32C092CBU6, STM32C092CCT6, STM32C092CCU6, STM32C092ECY6TR, STM32C092FBP6, STM32C092FCP6, STM32C092GBU6, STM32C092GCU6, STM32C092KBT6, STM32C092KBU6, STM32C092KCT6, STM32C092KCU6, STM32C092RBT6, STM32C092RCI6, STM32C092RCT6, STM32G071K8TXN, STM32G071K8UXN, STM32G081GBU6N, STM32G081KBT6N, STM32G081KBUXN, STM32G0B1CCT6N, STM32G0B1KCT6, STM32G0B1NEY6TR, STM32G0B1RCT6N, STM32G0C1CCT6, STM32G0C1CCT6N, STM32G0C1CCU6N, STM32G0C1CET6N, STM32G0C1CEU6N, STM32G0C1KCT6, STM32G0C1NEY6TR, STM32G0C1RCI6N, STM32G0C1RCT6N, STM32G0C1REI6N, STM32G0C1RET6N, STM32G0C1VCI6, STM32G0C1VEI6, STM32G411C6T3, STM32G411C6T6, STM32G411C6U3, STM32G411C6U6, STM32G411C8T3, STM32G411C8T6, STM32G411C8U3, STM32G411C8U6, STM32G411CBT3, STM32G411CBT6, STM32G411CBU3, STM32G411CBU6, STM32G411K6T3, STM32G411K6T6, STM32G411K6U3, STM32G411K6U6, STM32G411K8T3, STM32G411K8T6, STM32G411K8U3, STM32G411K8U6, STM32G411KBT3, STM32G411KBT6, STM32G411KBU3, STM32G411KBU6, STM32G411M6T3, STM32G411M6T6, STM32G411M8T3, STM32G411M8T6, STM32G411MBT3, STM32G411MBT6, STM32G411R6T3, STM32G411R6T6, STM32G411R8T3, STM32G411R8T6, STM32G411RBT3, STM32G411RBT6, STM32G414CBT3, STM32G414CBT6, STM32G414CBU3, STM32G414CBU6, STM32G414CCT3, STM32G414CCT6, STM32G414CCU3, STM32G414CCU6, STM32G414MBT3, STM32G414MBT6, STM32G414MCT3, STM32G414MCT6, STM32G414RBT3, STM32G414RBT6, STM32G414RCT3, STM32G414RCT6, STM32G414VBT3, STM32G414VBT6, STM32G414VCT3, STM32G414VCT6, STM32G431CBT3Z, STM32G431RBT3Z, STM32G471CCT6, STM32G471CCU6, STM32G471CET3, STM32G471CET6, STM32G471CEU3, STM32G471CEU6, STM32G471MCT6, STM32G471MET3, STM32G471MET6, STM32G471MEY6TR, STM32G471QCT6, STM32G471QET3, STM32G471RCT6, STM32G471RET3, STM32G471RET6, STM32G471VCH6, STM32G471VCI6, STM32G471VCT6, STM32G471VEH3, STM32G471VEH6, STM32G471VEI3, STM32G471VEI6, STM32G471VET3, STM32G471VET6, STM32G473QET3Z, STM32G473RET3Z, STM32G474CCT6, STM32G491RET3Z, STM32H503CBT6, STM32H503CBU6, STM32H503EBY6TR, STM32H503KBU6, STM32H503RBT6, STM32H523CCT6, STM32H523CCU6, STM32H523CET6, STM32H523CEU6, STM32H523HEY6TR, STM32H523RCT6, STM32H523RET6, STM32H523VCI6, STM32H523VCT6, STM32H523VEI6, STM32H523VET6, STM32H523ZCJ6, STM32H523ZCT6, STM32H523ZEJ6, STM32H523ZET6, STM32H533CET6, STM32H533CEU6, STM32H533HEY6TR, STM32H533RET6, STM32H533VEI6, STM32H533VET6, STM32H533ZEJ6, STM32H533ZET6, STM32H562AGI6, STM32H562AII6, STM32H562IGK6, STM32H562IGT6, STM32H562IIK6, STM32H562IIT6, STM32H562RGT6, STM32H562RGV6, STM32H562RIT6, STM32H562RIV6, STM32H562VGT6, STM32H562VIT6, STM32H562ZGT6, STM32H562ZIT6, STM32H563AGI6, STM32H563AII3Q, STM32H563AII6, STM32H563IGK6, STM32H563IGT6, STM32H563IIK3Q, STM32H563IIK6, STM32H563IIT3Q, STM32H563IIT6, STM32H563MIY3QTR, STM32H563RGT6, STM32H563RGV6, STM32H563RIT6, STM32H563RIV6, STM32H563VGT6, STM32H563VIT3Q, STM32H563VIT6, STM32H563ZGT6, STM32H563ZIT3Q, STM32H563ZIT6, STM32H573AII3Q, STM32H573AII6, STM32H573I-DK, STM32H573IIK3Q, STM32H573IIK6, STM32H573IIT3Q, STM32H573IIT6, STM32H573MIY3QTR, STM32H573RIT6, STM32H573RIV6, STM32H573VIT3Q, STM32H573VIT6, STM32H573ZIT3Q, STM32H573ZIT6, STM32H7R3A8I6, STM32H7R3I8K6, STM32H7R3I8T6, STM32H7R3L8H6, STM32H7R3L8H6H, STM32H7R3R8V6, STM32H7R3V8H6, STM32H7R3V8T6, STM32H7R3V8Y6TR, STM32H7R3Z8J6, STM32H7R3Z8T6, STM32H7R7A8I6, STM32H7R7I8K6, STM32H7R7I8T6, STM32H7R7L8H6, STM32H7R7L8H6H, STM32H7R7Z8J6, STM32H7S3A8I6, STM32H7S3I8K6, STM32H7S3I8T6, STM32H7S3L8H6, STM32H7S3L8H6H, STM32H7S3R8V6, STM32H7S3V8H6, STM32H7S3V8T6, STM32H7S3V8Y6TR, STM32H7S3Z8J6, STM32H7S3Z8T6, STM32H7S78-DK, STM32H7S7A8I6, STM32H7S7I8K6, STM32H7S7I8T6, STM32H7S7L8H6, STM32H7S7L8H6H, STM32H7S7Z8J6, STM32L4R5QGI6STR, STM32MP131AAE3, STM32MP131AAF3, STM32MP131AAG3, STM32MP131CAE3, STM32MP131CAF3, STM32MP131CAG3, STM32MP131DAE7, STM32MP131DAF7, STM32MP131DAG7, STM32MP131FAE7, STM32MP131FAF7, STM32MP131FAG7, STM32MP133AAE3, STM32MP133AAF3, STM32MP133AAG3, STM32MP133CAE3, STM32MP133CAF3, STM32MP133CAG3, STM32MP133DAE7, STM32MP133DAF7, STM32MP133DAG7, STM32MP133FAE7, STM32MP133FAF7, STM32MP133FAG7, STM32MP135AAE3, STM32MP135AAF3, STM32MP135AAG3, STM32MP135CAE3, STM32MP135CAF3, STM32MP135CAG3, STM32MP135DAE7, STM32MP135DAF7, STM32MP135DAG7, STM32MP135F-DK, STM32MP135FAE7, STM32MP135FAF7, STM32MP135FAF7T, STM32MP135FAF7U, STM32MP135FAG7, STM32MP211AAL3, STM32MP211AAM3, STM32MP211AAN3, STM32MP211AAO3, STM32MP211CAL3, STM32MP211CAM3, STM32MP211CAN3, STM32MP211CAO3, STM32MP211DAL3, STM32MP211DAM3, STM32MP211DAN3, STM32MP211DAO3, STM32MP211FAL3, STM32MP211FAM3, STM32MP211FAN3, STM32MP211FAO3, STM32MP213AAL3, STM32MP213AAM3, STM32MP213AAN3, STM32MP213AAO3, STM32MP213CAL3, STM32MP213CAM3, STM32MP213CAN3, STM32MP213CAO3, STM32MP213DAL3, STM32MP213DAM3, STM32MP213DAN3, STM32MP213DAO3, STM32MP213FAL3, STM32MP213FAM3, STM32MP213FAN3, STM32MP213FAO3, STM32MP215AAL3, STM32MP215AAM3, STM32MP215AAN3, STM32MP215AAO3, STM32MP215CAL3, STM32MP215CAM3, STM32MP215CAN3, STM32MP215CAO3, STM32MP215DAL3, STM32MP215DAM3, STM32MP215DAN3, STM32MP215DAO3, STM32MP215F-DK, STM32MP215FAL3, STM32MP215FAM3, STM32MP215FAN3, STM32MP215FAO3, STM32MP231AAJ3, STM32MP231AAK3, STM32MP231AAL3, STM32MP231CAJ3, STM32MP231CAK3, STM32MP231CAL3, STM32MP231DAJ3, STM32MP231DAK3, STM32MP231DAL3, STM32MP231FAJ3, STM32MP231FAK3, STM32MP231FAL3, STM32MP233AAJ3, STM32MP233AAK3, STM32MP233AAL3, STM32MP233CAJ3, STM32MP233CAK3, STM32MP233CAL3, STM32MP233DAJ3, STM32MP233DAK3, STM32MP233DAL3, STM32MP233FAJ3, STM32MP233FAK3, STM32MP233FAL3, STM32MP235AAJ3, STM32MP235AAK3, STM32MP235AAL3, STM32MP235CAJ3, STM32MP235CAK3, STM32MP235CAL3, STM32MP235DAJ3, STM32MP235DAK3, STM32MP235DAL3, STM32MP235FAJ3, STM32MP235FAK3, STM32MP235FAL3, STM32MP251AAI3, STM32MP251AAK3, STM32MP251AAL3, STM32MP251CAI3, STM32MP251CAK3, STM32MP251CAL3, STM32MP251DAI3, STM32MP251DAK3, STM32MP251DAL3, STM32MP251FAI3, STM32MP251FAK3, STM32MP251FAL3, STM32MP253AAI3, STM32MP253AAK3, STM32MP253AAL3, STM32MP253CAI3, STM32MP253CAK3, STM32MP253CAL3, STM32MP253DAI3, STM32MP253DAK3, STM32MP253DAL3, STM32MP253FAI3, STM32MP253FAK3, STM32MP253FAL3, STM32MP255AAI3, STM32MP255AAK3, STM32MP255AAL3, STM32MP255CAI3, STM32MP255CAK3, STM32MP255CAL3, STM32MP255DAI3, STM32MP255DAK3, STM32MP255DAL3, STM32MP255FAI3, STM32MP255FAK3, STM32MP255FAL3, STM32MP257AAI3, STM32MP257AAK3, STM32MP257AAL3, STM32MP257CAI3, STM32MP257CAK3, STM32MP257CAL3, STM32MP257DAI3, STM32MP257DAK3, STM32MP257DAL3, STM32MP257F-DK, STM32MP257F-EV1, STM32MP257FAI3, STM32MP257FAK3, STM32MP257FAL3, STM32N645A0H3Q, STM32N645B0H3Q, STM32N645I0H3Q, STM32N645L0H3Q, STM32N645X0H3Q, STM32N645Z0H3Q, STM32N647A0H3Q, STM32N647B0H3Q, STM32N647I0H3Q, STM32N647L0H3Q, STM32N647X0H3Q, STM32N647Z0H3Q, STM32N655A0H3Q, STM32N655B0H3Q, STM32N655I0H3Q, STM32N655L0H3Q, STM32N655X0H3Q, STM32N655Z0H3Q, STM32N6570-DK, STM32N657A0H3Q, STM32N657B0H3Q, STM32N657I0H3Q, STM32N657L0H3Q, STM32N657X0H3Q, STM32N657Z0H3Q, STM32U031C6T6, STM32U031C6U6, STM32U031C8T6, STM32U031C8U6, STM32U031F4P6, STM32U031F6P6, STM32U031F8P6, STM32U031G6Y6TR, STM32U031G8Y6TR, STM32U031K4U6, STM32U031K6U6, STM32U031K8U6, STM32U031R6I6, STM32U031R6T6, STM32U031R8I6, STM32U031R8T6, STM32U073C8T6, STM32U073C8U6, STM32U073CBT6, STM32U073CBU6, STM32U073CCT6, STM32U073CCU6, STM32U073H8Y6TR, STM32U073HBY6TR, STM32U073HCY6TR, STM32U073K8U6, STM32U073KBU6, STM32U073KCU6, STM32U073M8I6, STM32U073M8T6, STM32U073MBI6, STM32U073MBT6, STM32U073MCI6, STM32U073MCT6, STM32U073R8I6, STM32U073R8T6, STM32U073RBI6, STM32U073RBT6, STM32U073RCI6, STM32U073RCT6, STM32U083C-DK, STM32U083CCT6, STM32U083CCU6, STM32U083HCY6TR, STM32U083KCU6, STM32U083MCI6, STM32U083MCT6, STM32U083RCI6, STM32U083RCT6, STM32U375CET6, STM32U375CET6Q, STM32U375CEU6, STM32U375CEU6Q, STM32U375CEY6QTR, STM32U375CGT6, STM32U375CGT6Q, STM32U375CGU6, STM32U375CGU6Q, STM32U375CGY6QTR, STM32U375KEU6, STM32U375KGU6, STM32U375REI6, STM32U375REI6Q, STM32U375RET6, STM32U375RET6Q, STM32U375REY6GTR, STM32U375REY6QTR, STM32U375RGI6, STM32U375RGI6Q, STM32U375RGT6, STM32U375RGT6Q, STM32U375RGY6GTR, STM32U375RGY6QTR, STM32U375VEI6, STM32U375VEI6Q, STM32U375VET6, STM32U375VET6Q, STM32U375VGI6, STM32U375VGI6Q, STM32U375VGT6, STM32U375VGT6Q, STM32U385CGT6, STM32U385CGT6Q, STM32U385CGU6, STM32U385CGU6Q, STM32U385CGY6QTR, STM32U385KGU6, STM32U385RGI6, STM32U385RGI6Q, STM32U385RGT6, STM32U385RGT6Q, STM32U385RGY6GTR, STM32U385RGY6QTR, STM32U385VGI6, STM32U385VGI6Q, STM32U385VGT6, STM32U385VGT6Q, STM32U535CBT6, STM32U535CBT6Q, STM32U535CBU6, STM32U535CBU6Q, STM32U535CCT6, STM32U535CCT6Q, STM32U535CCU6, STM32U535CCU6Q, STM32U535CET6, STM32U535CET6Q, STM32U535CEU6, STM32U535CEU6Q, STM32U535JEY6QTR, STM32U535NCY6QTR, STM32U535NEY6QTR, STM32U535RBI6, STM32U535RBI6Q, STM32U535RBT6, STM32U535RBT6Q, STM32U535RCI6, STM32U535RCI6Q, STM32U535RCT6, STM32U535RCT6Q, STM32U535REI6, STM32U535REI6Q, STM32U535RET6, STM32U535RET6Q, STM32U535VCI6, STM32U535VCI6Q, STM32U535VCT6, STM32U535VCT6Q, STM32U535VEI6, STM32U535VEI6Q, STM32U535VET6, STM32U535VET6Q, STM32U545CET6, STM32U545CET6Q, STM32U545CEU6, STM32U545CEU6Q, STM32U545JEY6QTR, STM32U545NEY6QTR, STM32U545REI6, STM32U545REI6Q, STM32U545RET6, STM32U545RET6Q, STM32U545VEI6, STM32U545VEI6Q, STM32U545VET6, STM32U545VET6Q, STM32U595AIH6, STM32U595AIH6Q, STM32U595AJH6, STM32U595AJH6Q, STM32U595QII6, STM32U595QII6Q, STM32U595QJI6, STM32U595QJI6Q, STM32U595RIT6, STM32U595RIT6Q, STM32U595RJT6, STM32U595RJT6Q, STM32U595VIT6, STM32U595VIT6Q, STM32U595VJT6, STM32U595VJT6Q, STM32U595ZIT6, STM32U595ZIT6Q, STM32U595ZIY6QTR, STM32U595ZJT6, STM32U595ZJT6Q, STM32U595ZJY6QTR, STM32U599BJY6QTR, STM32U599NIH6Q, STM32U599NJH6Q, STM32U599VIT6Q, STM32U599VJT6, STM32U599VJT6Q, STM32U599ZIT6Q, STM32U599ZIY6QTR, STM32U599ZJT6Q, STM32U599ZJY6QTR, STM32U5A5AJH6, STM32U5A5AJH6Q, STM32U5A5QII3Q , STM32U5A5QJI6, STM32U5A5QJI6Q, STM32U5A5RJT6, STM32U5A5RJT6Q, STM32U5A5VJT6, STM32U5A5VJT6Q, STM32U5A5ZJT6, STM32U5A5ZJT6Q, STM32U5A5ZJY6QTR, STM32U5A9BJY6QTR, STM32U5A9J-DK, STM32U5A9NJH6Q, STM32U5A9VJT6Q, STM32U5A9ZJT6Q, STM32U5A9ZJY6QTR, STM32U5F7VIT6, STM32U5F7VIT6Q, STM32U5F7VJT6, STM32U5F7VJT6Q, STM32U5F9BJY6QTR, STM32U5F9NJH6Q, STM32U5F9VIT6Q, STM32U5F9VJT6Q, STM32U5F9ZIJ6QTR, STM32U5F9ZIT6Q, STM32U5F9ZJJ6QTR, STM32U5F9ZJT6Q, STM32U5G7VJT6, STM32U5G7VJT6Q, STM32U5G9BJY6QTR, STM32U5G9J-DK1, STM32U5G9J-DK2, STM32U5G9NJH6Q, STM32U5G9VJT6Q, STM32U5G9ZJJ6QTR, STM32U5G9ZJT6Q, STM32WB05KZV6TR, STM32WB05KZV7TR, STM32WB05TZF6TR, STM32WB05TZF7TR, STM32WB06CCF6TR, STM32WB06CCF7TR, STM32WB06CCV6TR, STM32WB06CCV7TR, STM32WB06KCV6TR, STM32WB06KCV7TR, STM32WB07CCF6TR, STM32WB07CCF7TR, STM32WB07CCV6TR, STM32WB07CCV7TR, STM32WB07KCV6TR, STM32WB07KCV7TR, STM32WB09KEV6TR, STM32WB09KEV7TR, STM32WB09TEF6TR, STM32WB09TEF7TR, STM32WB1MMCH6, STM32WBA50KGU6, STM32WBA50KGU6TR, STM32WBA52CEU6, STM32WBA52CEU6TR, STM32WBA52CEU7, STM32WBA52CEU7TR, STM32WBA52CGU6, STM32WBA52CGU6TR, STM32WBA52CGU6U, STM32WBA52CGU7, STM32WBA52CGU7TR, STM32WBA52KEU6, STM32WBA52KEU6TR, STM32WBA52KGU6, STM32WBA52KGU6TR, STM32WBA54CEU6, STM32WBA54CEU6TR, STM32WBA54CEU7, STM32WBA54CEU7TR, STM32WBA54CGU6, STM32WBA54CGU6TR, STM32WBA54CGU7, STM32WBA54CGU7TR, STM32WBA54KEU6, STM32WBA54KEU6TR, STM32WBA54KEU7, STM32WBA54KEU7TR, STM32WBA54KGU6, STM32WBA54KGU6TR, STM32WBA54KGU7, STM32WBA54KGU7TR, STM32WBA55CEU6, STM32WBA55CEU6TR, STM32WBA55CEU7, STM32WBA55CEU7TR, STM32WBA55CGU6, STM32WBA55CGU6TR, STM32WBA55CGU6U, STM32WBA55CGU7, STM32WBA55CGU7TR, STM32WBA55G-DK1, STM32WBA55HEF6, STM32WBA55HEF7, STM32WBA55HGF6, STM32WBA55HGF7, STM32WBA55UEI6, STM32WBA55UEI6TR, STM32WBA55UEI7, STM32WBA55UEI7TR, STM32WBA55UGI6, STM32WBA55UGI6TR, STM32WBA55UGI7, STM32WBA55UGI7TR, STM32WBA5MMGH6TR, STM32WBA62MGF6, STM32WBA62MIF6, STM32WBA65MGF7, STM32WBA65MIF6, STM32WBA65MIF7, STM32WL30K8V6, STM32WL30KBV6, STM32WL31C8V6, STM32WL31CBV6, STM32WL31K8V6, STM32WL31KBV6, STM32WL33C8V6, STM32WL33C8V6X, STM32WL33CBV6, STM32WL33CBV6X, STM32WL33CCV6, STM32WL33CCV6A, STM32WL33CCV6X, STM32WL33K8V7, STM32WL33K8V7X, STM32WL33KBV7 , STM32WL33KBV7X, STM32WL33KCV7, STM32WL33KCV7X, STM32WL5MOCH6, STM32WL5MOCH6TR]
2025-11-02 16:50:34,136 [INFO] BoardInfo:889 - No configuration file found for board P-NUCLEO-WB55
2025-11-02 16:50:34,137 [INFO] DbBoards:161 - Kit is not supported: P-NUCLEO-WB55
2025-11-02 16:50:34,144 [INFO] BoardInfo:889 - No configuration file found for board STEVAL-BFA001V1B
2025-11-02 16:50:34,145 [INFO] DbBoards:161 - Kit is not supported: STEVAL-BFA001V1B
2025-11-02 16:50:34,146 [INFO] BoardInfo:889 - No configuration file found for board STEVAL-BFA001V2B
2025-11-02 16:50:34,147 [INFO] DbBoards:161 - Kit is not supported: STEVAL-BFA001V2B
2025-11-02 16:50:34,372 [INFO] DbBoards:168 - Found 212 boards, 209 are supported
2025-11-02 16:50:34,372 [INFO] DbBoards:169 - Found 212 boards, 43 of them is supported for  Bsp
2025-11-02 16:50:34,375 [INFO] ApiDb:668 - CubeFinder database Data Model version=2.1
2025-11-02 16:50:34,375 [INFO] ApiDb:669 - CubeFinder database Configuration version=3.0.39
2025-11-02 16:50:34,375 [INFO] ApiDb:670 - CubeFinder database generation date=2025-10-27 (1761571959)
2025-11-02 16:50:34,376 [INFO] ApiDb:671 - CubeFinder database FW Pack versions=[FP-ATR-ASTRA1_V2.0.0, FP-SNS-FLIGHT1_V5.1.0, FP-SNS-MOTENV1_V5.0.0, FP-SNS-MOTENVWB1_V1.4.0, FP-SNS-SMARTAG2_V1.2.0, FP-SNS-STBOX1_V2.1.0, STM32Cube_FW_C0_V1.4.0, STM32Cube_FW_F4_V1.28.3, STM32Cube_FW_F7_V1.17.4, STM32Cube_FW_G0_V1.6.2, STM32Cube_FW_G4_V1.6.1, STM32Cube_FW_H5_V1.5.0, STM32Cube_FW_H7RS_V1.2.0, STM32Cube_FW_H7_V1.12.1, STM32Cube_FW_L0_V1.12.2, STM32Cube_FW_L4_V1.18.1, STM32Cube_FW_L5_V1.5.1, STM32Cube_FW_N6_V1.2.0, STM32Cube_FW_U0_V1.3.0, STM32Cube_FW_U3_V1.2.1, STM32Cube_FW_U5_V1.8.0, STM32Cube_FW_WB0_V1.3.0, STM32Cube_FW_WBA_V1.7.0, STM32Cube_FW_WB_V1.23.0, STM32Cube_FW_WL3_V1.2.0, STM32Cube_FW_WL_V1.3.1, X-CUBE-ALGOBUILD_V1.4.0, X-CUBE-ALS_V1.0.2, X-CUBE-AZRTOS-F4_V1.1.0, X-CUBE-AZRTOS-F7_V1.1.0, X-CUBE-AZRTOS-G0_V1.1.0, X-CUBE-AZRTOS-G4_V2.0.0, X-CUBE-AZRTOS-H7RS_V1.1.0, X-CUBE-AZRTOS-H7_V3.4.0, X-CUBE-AZRTOS-L4_V2.0.0, X-CUBE-AZRTOS-L5_V2.0.0, X-CUBE-AZRTOS-WB_V2.0.0, X-CUBE-AZRTOS-WL_V2.0.0, X-CUBE-BLE1_V7.1.0, X-CUBE-BLE2_V3.3.0, X-CUBE-BLEMGR_V4.1.0, X-CUBE-EEPRMA1_V5.2.0, X-CUBE-FREERTOS_V1.3.1, X-CUBE-GNSS1_V6.0.0, X-CUBE-MEMS1_V11.3.0, X-CUBE-NFC4_V3.0.0, X-CUBE-NFC7_V2.0.0, X-CUBE-SFXS2LP1_V4.0.0, X-CUBE-ST67W61_V1.1.0, X-CUBE-SUBG2_V5.0.0, X-CUBE-TOF1_V3.4.3]
2025-11-02 16:50:36,282 [INFO] ApiDb:240 - Found 880 in-development CPN: [B-G473E-ZEST1S, B-WB1M-WPAN1, B-WBA5M-WPAN, B-WL5M-SUBG1, NUCLEO-C031C6, NUCLEO-C051C8, NUCLEO-C071RB, NUCLEO-C092RC, NUCLEO-H503RB, NUCLEO-H533RE, NUCLEO-H563ZI, NUCLEO-H7S3L8, NUCLEO-N657X0-Q, NUCLEO-U031R8, NUCLEO-U083RC, NUCLEO-U385RG-Q, NUCLEO-U545RE-Q, NUCLEO-U5A5ZJ-Q, NUCLEO-WB05KZ, NUCLEO-WB07CC, NUCLEO-WB09KE, NUCLEO-WBA52CG, NUCLEO-WBA55CG, NUCLEO-WL33CC1, NUCLEO-WL33CC2, STEVAL-PROTEUS1, STEVAL-SMARTAG2, STEVAL-STWINBX1, STM320518-EVAL, STM32C0116-DK, STM32C011D6Y3TR, STM32C011D6Y6TR, STM32C011F4P3, STM32C011F4P6, STM32C011F4U3, STM32C011F4U6TR, STM32C011F6P3, STM32C011F6P6, STM32C011F6U3, STM32C011F6U6TR, STM32C011J4M3, STM32C011J4M6, STM32C011J6M3, STM32C011J6M6, STM32C0316-DK, STM32C031C4T3, STM32C031C4T6, STM32C031C4U3, STM32C031C4U6, STM32C031C6T3, STM32C031C6T6, STM32C031C6U3, STM32C031C6U6, STM32C031F4P3, STM32C031F4P6, STM32C031F6P3, STM32C031F6P6, STM32C031G4U3, STM32C031G4U6, STM32C031G6U3, STM32C031G6U6, STM32C031K4T3, STM32C031K4T6, STM32C031K4U3, STM32C031K4U6, STM32C031K6T3, STM32C031K6T6, STM32C031K6U3, STM32C031K6U6, STM32C051C6T6, STM32C051C6U6, STM32C051C8T6, STM32C051C8U6, STM32C051D8Y6TR, STM32C051F6P6, STM32C051F8P6, STM32C051G6U6, STM32C051G8U6, STM32C051K6T6, STM32C051K6U6, STM32C051K8T6, STM32C071C8T6, STM32C071C8T6N, STM32C071C8U6, STM32C071C8U6N, STM32C071CBT6, STM32C071CBT6N, STM32C071CBU6, STM32C071CBU6N, STM32C071F8P6, STM32C071F8P6N, STM32C071FBP6, STM32C071FBP6N, STM32C071FBY6TR, STM32C071G8U6, STM32C071G8U6N, STM32C071GBU6, STM32C071GBU6N, STM32C071K8T6, STM32C071K8T6N, STM32C071K8U6, STM32C071K8U6N, STM32C071KBT6, STM32C071KBT6N, STM32C071KBU6, STM32C071KBU6N, STM32C071R8T6, STM32C071R8T6N, STM32C071RBI6N, STM32C071RBT6, STM32C071RBT6N, STM32C091CBT6, STM32C091CBU6, STM32C091CCT6, STM32C091CCU6, STM32C091ECY6TR, STM32C091FBP6, STM32C091FCP6, STM32C091GBU6, STM32C091GCU6, STM32C091KBT6, STM32C091KBU6, STM32C091KCT6, STM32C091KCU6, STM32C091RBT6, STM32C091RCI6, STM32C091RCT6, STM32C092CBT6, STM32C092CBU6, STM32C092CCT6, STM32C092CCU6, STM32C092ECY6TR, STM32C092FBP6, STM32C092FCP6, STM32C092GBU6, STM32C092GCU6, STM32C092KBT6, STM32C092KBU6, STM32C092KCT6, STM32C092KCU6, STM32C092RBT6, STM32C092RCI6, STM32C092RCT6, STM32G071K8TXN, STM32G071K8UXN, STM32G081GBU6N, STM32G081KBT6N, STM32G081KBUXN, STM32G0B1CCT6N, STM32G0B1KCT6, STM32G0B1NEY6TR, STM32G0B1RCT6N, STM32G0C1CCT6, STM32G0C1CCT6N, STM32G0C1CCU6N, STM32G0C1CET6N, STM32G0C1CEU6N, STM32G0C1KCT6, STM32G0C1NEY6TR, STM32G0C1RCI6N, STM32G0C1RCT6N, STM32G0C1REI6N, STM32G0C1RET6N, STM32G0C1VCI6, STM32G0C1VEI6, STM32G411C6T3, STM32G411C6T6, STM32G411C6U3, STM32G411C6U6, STM32G411C8T3, STM32G411C8T6, STM32G411C8U3, STM32G411C8U6, STM32G411CBT3, STM32G411CBT6, STM32G411CBU3, STM32G411CBU6, STM32G411K6T3, STM32G411K6T6, STM32G411K6U3, STM32G411K6U6, STM32G411K8T3, STM32G411K8T6, STM32G411K8U3, STM32G411K8U6, STM32G411KBT3, STM32G411KBT6, STM32G411KBU3, STM32G411KBU6, STM32G411M6T3, STM32G411M6T6, STM32G411M8T3, STM32G411M8T6, STM32G411MBT3, STM32G411MBT6, STM32G411R6T3, STM32G411R6T6, STM32G411R8T3, STM32G411R8T6, STM32G411RBT3, STM32G411RBT6, STM32G414CBT3, STM32G414CBT6, STM32G414CBU3, STM32G414CBU6, STM32G414CCT3, STM32G414CCT6, STM32G414CCU3, STM32G414CCU6, STM32G414MBT3, STM32G414MBT6, STM32G414MCT3, STM32G414MCT6, STM32G414RBT3, STM32G414RBT6, STM32G414RCT3, STM32G414RCT6, STM32G414VBT3, STM32G414VBT6, STM32G414VCT3, STM32G414VCT6, STM32G431CBT3Z, STM32G431RBT3Z, STM32G471CCT6, STM32G471CCU6, STM32G471CET3, STM32G471CET6, STM32G471CEU3, STM32G471CEU6, STM32G471MCT6, STM32G471MET3, STM32G471MET6, STM32G471MEY6TR, STM32G471QCT6, STM32G471QET3, STM32G471RCT6, STM32G471RET3, STM32G471RET6, STM32G471VCH6, STM32G471VCI6, STM32G471VCT6, STM32G471VEH3, STM32G471VEH6, STM32G471VEI3, STM32G471VEI6, STM32G471VET3, STM32G471VET6, STM32G473QET3Z, STM32G473RET3Z, STM32G474CCT6, STM32G491RET3Z, STM32H503CBT6, STM32H503CBU6, STM32H503EBY6TR, STM32H503KBU6, STM32H503RBT6, STM32H523CCT6, STM32H523CCU6, STM32H523CET6, STM32H523CEU6, STM32H523HEY6TR, STM32H523RCT6, STM32H523RET6, STM32H523VCI6, STM32H523VCT6, STM32H523VEI6, STM32H523VET6, STM32H523ZCJ6, STM32H523ZCT6, STM32H523ZEJ6, STM32H523ZET6, STM32H533CET6, STM32H533CEU6, STM32H533HEY6TR, STM32H533RET6, STM32H533VEI6, STM32H533VET6, STM32H533ZEJ6, STM32H533ZET6, STM32H562AGI6, STM32H562AII6, STM32H562IGK6, STM32H562IGT6, STM32H562IIK6, STM32H562IIT6, STM32H562RGT6, STM32H562RGV6, STM32H562RIT6, STM32H562RIV6, STM32H562VGT6, STM32H562VIT6, STM32H562ZGT6, STM32H562ZIT6, STM32H563AGI6, STM32H563AII3Q, STM32H563AII6, STM32H563IGK6, STM32H563IGT6, STM32H563IIK3Q, STM32H563IIK6, STM32H563IIT3Q, STM32H563IIT6, STM32H563MIY3QTR, STM32H563RGT6, STM32H563RGV6, STM32H563RIT6, STM32H563RIV6, STM32H563VGT6, STM32H563VIT3Q, STM32H563VIT6, STM32H563ZGT6, STM32H563ZIT3Q, STM32H563ZIT6, STM32H573AII3Q, STM32H573AII6, STM32H573I-DK, STM32H573IIK3Q, STM32H573IIK6, STM32H573IIT3Q, STM32H573IIT6, STM32H573MIY3QTR, STM32H573RIT6, STM32H573RIV6, STM32H573VIT3Q, STM32H573VIT6, STM32H573ZIT3Q, STM32H573ZIT6, STM32H7R3A8I6, STM32H7R3I8K6, STM32H7R3I8T6, STM32H7R3L8H6, STM32H7R3L8H6H, STM32H7R3R8V6, STM32H7R3V8H6, STM32H7R3V8T6, STM32H7R3V8Y6TR, STM32H7R3Z8J6, STM32H7R3Z8T6, STM32H7R7A8I6, STM32H7R7I8K6, STM32H7R7I8T6, STM32H7R7L8H6, STM32H7R7L8H6H, STM32H7R7Z8J6, STM32H7S3A8I6, STM32H7S3I8K6, STM32H7S3I8T6, STM32H7S3L8H6, STM32H7S3L8H6H, STM32H7S3R8V6, STM32H7S3V8H6, STM32H7S3V8T6, STM32H7S3V8Y6TR, STM32H7S3Z8J6, STM32H7S3Z8T6, STM32H7S78-DK, STM32H7S7A8I6, STM32H7S7I8K6, STM32H7S7I8T6, STM32H7S7L8H6, STM32H7S7L8H6H, STM32H7S7Z8J6, STM32L4R5QGI6STR, STM32MP131AAE3, STM32MP131AAF3, STM32MP131AAG3, STM32MP131CAE3, STM32MP131CAF3, STM32MP131CAG3, STM32MP131DAE7, STM32MP131DAF7, STM32MP131DAG7, STM32MP131FAE7, STM32MP131FAF7, STM32MP131FAG7, STM32MP133AAE3, STM32MP133AAF3, STM32MP133AAG3, STM32MP133CAE3, STM32MP133CAF3, STM32MP133CAG3, STM32MP133DAE7, STM32MP133DAF7, STM32MP133DAG7, STM32MP133FAE7, STM32MP133FAF7, STM32MP133FAG7, STM32MP135AAE3, STM32MP135AAF3, STM32MP135AAG3, STM32MP135CAE3, STM32MP135CAF3, STM32MP135CAG3, STM32MP135DAE7, STM32MP135DAF7, STM32MP135DAG7, STM32MP135F-DK, STM32MP135FAE7, STM32MP135FAF7, STM32MP135FAF7T, STM32MP135FAF7U, STM32MP135FAG7, STM32MP211AAL3, STM32MP211AAM3, STM32MP211AAN3, STM32MP211AAO3, STM32MP211CAL3, STM32MP211CAM3, STM32MP211CAN3, STM32MP211CAO3, STM32MP211DAL3, STM32MP211DAM3, STM32MP211DAN3, STM32MP211DAO3, STM32MP211FAL3, STM32MP211FAM3, STM32MP211FAN3, STM32MP211FAO3, STM32MP213AAL3, STM32MP213AAM3, STM32MP213AAN3, STM32MP213AAO3, STM32MP213CAL3, STM32MP213CAM3, STM32MP213CAN3, STM32MP213CAO3, STM32MP213DAL3, STM32MP213DAM3, STM32MP213DAN3, STM32MP213DAO3, STM32MP213FAL3, STM32MP213FAM3, STM32MP213FAN3, STM32MP213FAO3, STM32MP215AAL3, STM32MP215AAM3, STM32MP215AAN3, STM32MP215AAO3, STM32MP215CAL3, STM32MP215CAM3, STM32MP215CAN3, STM32MP215CAO3, STM32MP215DAL3, STM32MP215DAM3, STM32MP215DAN3, STM32MP215DAO3, STM32MP215F-DK, STM32MP215FAL3, STM32MP215FAM3, STM32MP215FAN3, STM32MP215FAO3, STM32MP231AAJ3, STM32MP231AAK3, STM32MP231AAL3, STM32MP231CAJ3, STM32MP231CAK3, STM32MP231CAL3, STM32MP231DAJ3, STM32MP231DAK3, STM32MP231DAL3, STM32MP231FAJ3, STM32MP231FAK3, STM32MP231FAL3, STM32MP233AAJ3, STM32MP233AAK3, STM32MP233AAL3, STM32MP233CAJ3, STM32MP233CAK3, STM32MP233CAL3, STM32MP233DAJ3, STM32MP233DAK3, STM32MP233DAL3, STM32MP233FAJ3, STM32MP233FAK3, STM32MP233FAL3, STM32MP235AAJ3, STM32MP235AAK3, STM32MP235AAL3, STM32MP235CAJ3, STM32MP235CAK3, STM32MP235CAL3, STM32MP235DAJ3, STM32MP235DAK3, STM32MP235DAL3, STM32MP235FAJ3, STM32MP235FAK3, STM32MP235FAL3, STM32MP251AAI3, STM32MP251AAK3, STM32MP251AAL3, STM32MP251CAI3, STM32MP251CAK3, STM32MP251CAL3, STM32MP251DAI3, STM32MP251DAK3, STM32MP251DAL3, STM32MP251FAI3, STM32MP251FAK3, STM32MP251FAL3, STM32MP253AAI3, STM32MP253AAK3, STM32MP253AAL3, STM32MP253CAI3, STM32MP253CAK3, STM32MP253CAL3, STM32MP253DAI3, STM32MP253DAK3, STM32MP253DAL3, STM32MP253FAI3, STM32MP253FAK3, STM32MP253FAL3, STM32MP255AAI3, STM32MP255AAK3, STM32MP255AAL3, STM32MP255CAI3, STM32MP255CAK3, STM32MP255CAL3, STM32MP255DAI3, STM32MP255DAK3, STM32MP255DAL3, STM32MP255FAI3, STM32MP255FAK3, STM32MP255FAL3, STM32MP257AAI3, STM32MP257AAK3, STM32MP257AAL3, STM32MP257CAI3, STM32MP257CAK3, STM32MP257CAL3, STM32MP257DAI3, STM32MP257DAK3, STM32MP257DAL3, STM32MP257F-DK, STM32MP257F-EV1, STM32MP257FAI3, STM32MP257FAK3, STM32MP257FAL3, STM32N645A0H3Q, STM32N645B0H3Q, STM32N645I0H3Q, STM32N645L0H3Q, STM32N645X0H3Q, STM32N645Z0H3Q, STM32N647A0H3Q, STM32N647B0H3Q, STM32N647I0H3Q, STM32N647L0H3Q, STM32N647X0H3Q, STM32N647Z0H3Q, STM32N655A0H3Q, STM32N655B0H3Q, STM32N655I0H3Q, STM32N655L0H3Q, STM32N655X0H3Q, STM32N655Z0H3Q, STM32N6570-DK, STM32N657A0H3Q, STM32N657B0H3Q, STM32N657I0H3Q, STM32N657L0H3Q, STM32N657X0H3Q, STM32N657Z0H3Q, STM32U031C6T6, STM32U031C6U6, STM32U031C8T6, STM32U031C8U6, STM32U031F4P6, STM32U031F6P6, STM32U031F8P6, STM32U031G6Y6TR, STM32U031G8Y6TR, STM32U031K4U6, STM32U031K6U6, STM32U031K8U6, STM32U031R6I6, STM32U031R6T6, STM32U031R8I6, STM32U031R8T6, STM32U073C8T6, STM32U073C8U6, STM32U073CBT6, STM32U073CBU6, STM32U073CCT6, STM32U073CCU6, STM32U073H8Y6TR, STM32U073HBY6TR, STM32U073HCY6TR, STM32U073K8U6, STM32U073KBU6, STM32U073KCU6, STM32U073M8I6, STM32U073M8T6, STM32U073MBI6, STM32U073MBT6, STM32U073MCI6, STM32U073MCT6, STM32U073R8I6, STM32U073R8T6, STM32U073RBI6, STM32U073RBT6, STM32U073RCI6, STM32U073RCT6, STM32U083C-DK, STM32U083CCT6, STM32U083CCU6, STM32U083HCY6TR, STM32U083KCU6, STM32U083MCI6, STM32U083MCT6, STM32U083RCI6, STM32U083RCT6, STM32U375CET6, STM32U375CET6Q, STM32U375CEU6, STM32U375CEU6Q, STM32U375CEY6QTR, STM32U375CGT6, STM32U375CGT6Q, STM32U375CGU6, STM32U375CGU6Q, STM32U375CGY6QTR, STM32U375KEU6, STM32U375KGU6, STM32U375REI6, STM32U375REI6Q, STM32U375RET6, STM32U375RET6Q, STM32U375REY6GTR, STM32U375REY6QTR, STM32U375RGI6, STM32U375RGI6Q, STM32U375RGT6, STM32U375RGT6Q, STM32U375RGY6GTR, STM32U375RGY6QTR, STM32U375VEI6, STM32U375VEI6Q, STM32U375VET6, STM32U375VET6Q, STM32U375VGI6, STM32U375VGI6Q, STM32U375VGT6, STM32U375VGT6Q, STM32U385CGT6, STM32U385CGT6Q, STM32U385CGU6, STM32U385CGU6Q, STM32U385CGY6QTR, STM32U385KGU6, STM32U385RGI6, STM32U385RGI6Q, STM32U385RGT6, STM32U385RGT6Q, STM32U385RGY6GTR, STM32U385RGY6QTR, STM32U385VGI6, STM32U385VGI6Q, STM32U385VGT6, STM32U385VGT6Q, STM32U535CBT6, STM32U535CBT6Q, STM32U535CBU6, STM32U535CBU6Q, STM32U535CCT6, STM32U535CCT6Q, STM32U535CCU6, STM32U535CCU6Q, STM32U535CET6, STM32U535CET6Q, STM32U535CEU6, STM32U535CEU6Q, STM32U535JEY6QTR, STM32U535NCY6QTR, STM32U535NEY6QTR, STM32U535RBI6, STM32U535RBI6Q, STM32U535RBT6, STM32U535RBT6Q, STM32U535RCI6, STM32U535RCI6Q, STM32U535RCT6, STM32U535RCT6Q, STM32U535REI6, STM32U535REI6Q, STM32U535RET6, STM32U535RET6Q, STM32U535VCI6, STM32U535VCI6Q, STM32U535VCT6, STM32U535VCT6Q, STM32U535VEI6, STM32U535VEI6Q, STM32U535VET6, STM32U535VET6Q, STM32U545CET6, STM32U545CET6Q, STM32U545CEU6, STM32U545CEU6Q, STM32U545JEY6QTR, STM32U545NEY6QTR, STM32U545REI6, STM32U545REI6Q, STM32U545RET6, STM32U545RET6Q, STM32U545VEI6, STM32U545VEI6Q, STM32U545VET6, STM32U545VET6Q, STM32U595AIH6, STM32U595AIH6Q, STM32U595AJH6, STM32U595AJH6Q, STM32U595QII6, STM32U595QII6Q, STM32U595QJI6, STM32U595QJI6Q, STM32U595RIT6, STM32U595RIT6Q, STM32U595RJT6, STM32U595RJT6Q, STM32U595VIT6, STM32U595VIT6Q, STM32U595VJT6, STM32U595VJT6Q, STM32U595ZIT6, STM32U595ZIT6Q, STM32U595ZIY6QTR, STM32U595ZJT6, STM32U595ZJT6Q, STM32U595ZJY6QTR, STM32U599BJY6QTR, STM32U599NIH6Q, STM32U599NJH6Q, STM32U599VIT6Q, STM32U599VJT6, STM32U599VJT6Q, STM32U599ZIT6Q, STM32U599ZIY6QTR, STM32U599ZJT6Q, STM32U599ZJY6QTR, STM32U5A5AJH6, STM32U5A5AJH6Q, STM32U5A5QII3Q , STM32U5A5QJI6, STM32U5A5QJI6Q, STM32U5A5RJT6, STM32U5A5RJT6Q, STM32U5A5VJT6, STM32U5A5VJT6Q, STM32U5A5ZJT6, STM32U5A5ZJT6Q, STM32U5A5ZJY6QTR, STM32U5A9BJY6QTR, STM32U5A9J-DK, STM32U5A9NJH6Q, STM32U5A9VJT6Q, STM32U5A9ZJT6Q, STM32U5A9ZJY6QTR, STM32U5F7VIT6, STM32U5F7VIT6Q, STM32U5F7VJT6, STM32U5F7VJT6Q, STM32U5F9BJY6QTR, STM32U5F9NJH6Q, STM32U5F9VIT6Q, STM32U5F9VJT6Q, STM32U5F9ZIJ6QTR, STM32U5F9ZIT6Q, STM32U5F9ZJJ6QTR, STM32U5F9ZJT6Q, STM32U5G7VJT6, STM32U5G7VJT6Q, STM32U5G9BJY6QTR, STM32U5G9J-DK1, STM32U5G9J-DK2, STM32U5G9NJH6Q, STM32U5G9VJT6Q, STM32U5G9ZJJ6QTR, STM32U5G9ZJT6Q, STM32WB05KZV6TR, STM32WB05KZV7TR, STM32WB05TZF6TR, STM32WB05TZF7TR, STM32WB06CCF6TR, STM32WB06CCF7TR, STM32WB06CCV6TR, STM32WB06CCV7TR, STM32WB06KCV6TR, STM32WB06KCV7TR, STM32WB07CCF6TR, STM32WB07CCF7TR, STM32WB07CCV6TR, STM32WB07CCV7TR, STM32WB07KCV6TR, STM32WB07KCV7TR, STM32WB09KEV6TR, STM32WB09KEV7TR, STM32WB09TEF6TR, STM32WB09TEF7TR, STM32WB1MMCH6, STM32WBA50KGU6, STM32WBA50KGU6TR, STM32WBA52CEU6, STM32WBA52CEU6TR, STM32WBA52CEU7, STM32WBA52CEU7TR, STM32WBA52CGU6, STM32WBA52CGU6TR, STM32WBA52CGU6U, STM32WBA52CGU7, STM32WBA52CGU7TR, STM32WBA52KEU6, STM32WBA52KEU6TR, STM32WBA52KGU6, STM32WBA52KGU6TR, STM32WBA54CEU6, STM32WBA54CEU6TR, STM32WBA54CEU7, STM32WBA54CEU7TR, STM32WBA54CGU6, STM32WBA54CGU6TR, STM32WBA54CGU7, STM32WBA54CGU7TR, STM32WBA54KEU6, STM32WBA54KEU6TR, STM32WBA54KEU7, STM32WBA54KEU7TR, STM32WBA54KGU6, STM32WBA54KGU6TR, STM32WBA54KGU7, STM32WBA54KGU7TR, STM32WBA55CEU6, STM32WBA55CEU6TR, STM32WBA55CEU7, STM32WBA55CEU7TR, STM32WBA55CGU6, STM32WBA55CGU6TR, STM32WBA55CGU6U, STM32WBA55CGU7, STM32WBA55CGU7TR, STM32WBA55G-DK1, STM32WBA55HEF6, STM32WBA55HEF7, STM32WBA55HGF6, STM32WBA55HGF7, STM32WBA55UEI6, STM32WBA55UEI6TR, STM32WBA55UEI7, STM32WBA55UEI7TR, STM32WBA55UGI6, STM32WBA55UGI6TR, STM32WBA55UGI7, STM32WBA55UGI7TR, STM32WBA5MMGH6TR, STM32WBA62MGF6, STM32WBA62MIF6, STM32WBA65MGF7, STM32WBA65MIF6, STM32WBA65MIF7, STM32WL30K8V6, STM32WL30KBV6, STM32WL31C8V6, STM32WL31CBV6, STM32WL31K8V6, STM32WL31KBV6, STM32WL33C8V6, STM32WL33C8V6X, STM32WL33CBV6, STM32WL33CBV6X, STM32WL33CCV6, STM32WL33CCV6A, STM32WL33CCV6X, STM32WL33K8V7, STM32WL33K8V7X, STM32WL33KBV7 , STM32WL33KBV7X, STM32WL33KCV7, STM32WL33KCV7X, STM32WL5MOCH6, STM32WL5MOCH6TR]
2025-11-02 16:50:36,285 [INFO] DbMcus:218 - Found 4801 MCUs, 4801 are supported
2025-11-02 16:50:36,286 [INFO] ApiDb:423 - Load user favorites file C:\Users\user/.stm32cubeide/favorites.mcus.txt: 0 item(s)
2025-11-02 16:50:36,286 [INFO] ApiDb:427 - User favorites MCUs=[]
2025-11-02 16:50:36,286 [INFO] DbMcus:224 - Set 0 / 0 favorites MCUs
2025-11-02 16:50:36,649 [INFO] ApiDb:423 - Load user favorites file C:\Users\user/.stm32cubeide/favorites.boards.txt: 1 item(s)
2025-11-02 16:50:36,649 [INFO] ApiDb:427 - User favorites Boards=[NUCLEO-L476RG]
2025-11-02 16:50:36,649 [INFO] DbBoards:198 - Set 1 / 1 favorites Boards
2025-11-02 16:50:36,703 [INFO] UtilMem:75 - End LoadConfig() Used Memory: 384404944 Bytes (741343232)
2025-11-02 16:50:36,846 [WARN] ThirdParty:833 - waiting for thirdparty lock release [change project]
2025-11-02 16:50:36,846 [INFO] ThirdParty:835 - entering critical section [change project]
2025-11-02 16:50:36,846 [INFO] ThirdParty:1030 - CMSIS Pack Vendor :STMicroelectronics X-CUBE-PM33A1 1.0.0
2025-11-02 16:50:36,846 [INFO] ThirdParty:1030 - CMSIS Pack Vendor :STMicroelectronics USBPD 4.1
2025-11-02 16:50:36,846 [INFO] ThirdParty:1030 - CMSIS Pack Vendor :STMicroelectronics X-CUBE-NFC9 1.0.0
2025-11-02 16:50:36,846 [INFO] ThirdParty:1030 - CMSIS Pack Vendor :STMicroelectronics USB_HOST 2.0.0
2025-11-02 16:50:36,847 [INFO] ThirdParty:1030 - CMSIS Pack Vendor :STMicroelectronics FP-SNS-MOTENVWB1 1.4.0
2025-11-02 16:50:36,847 [INFO] ThirdParty:1030 - CMSIS Pack Vendor :STMicroelectronics X-CUBE-AZRTOS-F4 1.1.0
2025-11-02 16:50:36,847 [INFO] ThirdParty:1030 - CMSIS Pack Vendor :STMicroelectronics LIBJPEG 8.0.0
2025-11-02 16:50:36,847 [INFO] ThirdParty:1030 - CMSIS Pack Vendor :STMicroelectronics FP-ATR-ASTRA1 2.0.2
2025-11-02 16:50:36,847 [INFO] ThirdParty:1030 - CMSIS Pack Vendor :wolfSSL I-CUBE-wolfSSL 5.8.2
2025-11-02 16:50:36,847 [INFO] ThirdParty:1030 - CMSIS Pack Vendor :STMicroelectronics X-CUBE-BLE1 7.1.0
2025-11-02 16:50:36,847 [INFO] ThirdParty:1030 - CMSIS Pack Vendor :Avnet-IotConnect X-CUBE-IoTC-DA16k-PMOD 1.0.0
2025-11-02 16:50:36,847 [INFO] ThirdParty:1030 - CMSIS Pack Vendor :STMicroelectronics X-CUBE-SMBUS 2.1.0
2025-11-02 16:50:36,847 [INFO] ThirdParty:1030 - CMSIS Pack Vendor :wolfSSL I-CUBE-wolfMQTT 1.19.2
2025-11-02 16:50:36,847 [INFO] ThirdParty:1030 - CMSIS Pack Vendor :STMicroelectronics USB_DEVICE 3.0.0
2025-11-02 16:50:36,847 [INFO] ThirdParty:1030 - CMSIS Pack Vendor :STMicroelectronics X-CUBE-ISPU 2.1.0
2025-11-02 16:50:36,847 [INFO] ThirdParty:1030 - CMSIS Pack Vendor :STMicroelectronics X-CUBE-EEPRMA1 5.2.0
2025-11-02 16:50:36,847 [INFO] ThirdParty:1030 - CMSIS Pack Vendor :STMicroelectronics X-CUBE-IPS 3.2.0
2025-11-02 16:50:36,847 [INFO] ThirdParty:1030 - CMSIS Pack Vendor :STMicroelectronics X-CUBE-BLEMGR 4.1.0
2025-11-02 16:50:36,847 [INFO] ThirdParty:1030 - CMSIS Pack Vendor :STMicroelectronics X-CUBE-AZRTOS-WB 2.0.0
2025-11-02 16:50:36,847 [INFO] ThirdParty:1030 - CMSIS Pack Vendor :STMicroelectronics X-CUBE-ST60 1.0.0
2025-11-02 16:50:36,847 [INFO] ThirdParty:1030 - CMSIS Pack Vendor :STMicroelectronics X-CUBE-GNSS1 7.0.1
2025-11-02 16:50:36,847 [INFO] ThirdParty:1030 - CMSIS Pack Vendor :STMicroelectronics X-CUBE-NFC12 1.0.0
2025-11-02 16:50:36,847 [INFO] ThirdParty:1030 - CMSIS Pack Vendor :STMicroelectronics X-CUBE-AZRTOS-F7 1.1.0
2025-11-02 16:50:36,847 [INFO] ThirdParty:1030 - CMSIS Pack Vendor :STMicroelectronics X-CUBE-AZRTOS-L5 2.0.0
2025-11-02 16:50:36,847 [INFO] ThirdParty:1030 - CMSIS Pack Vendor :STMicroelectronics X-CUBE-TOUCHGFX 4.25.0
2025-11-02 16:50:36,847 [INFO] ThirdParty:1030 - CMSIS Pack Vendor :STMicroelectronics USB_DEVICE 2.0.0
2025-11-02 16:50:36,847 [INFO] ThirdParty:1030 - CMSIS Pack Vendor :STMicroelectronics X-CUBE-NFC6 3.1.0
2025-11-02 16:50:36,847 [INFO] ThirdParty:1030 - CMSIS Pack Vendor :STMicroelectronics X-CUBE-ST67W61 1.1.0
2025-11-02 16:50:36,847 [INFO] ThirdParty:1030 - CMSIS Pack Vendor :quantropi X-CUBE-qispace-sdk-base 2.1.0
2025-11-02 16:50:36,848 [INFO] ThirdParty:1030 - CMSIS Pack Vendor :STMicroelectronics FP-SNS-MOTENV1 5.1.0
2025-11-02 16:50:36,848 [INFO] ThirdParty:1030 - CMSIS Pack Vendor :STMicroelectronics FreeRTOS 0.0.1
2025-11-02 16:50:36,848 [INFO] ThirdParty:1030 - CMSIS Pack Vendor :STMicroelectronics X-CUBE-AZRTOS-G0 1.1.0
2025-11-02 16:50:36,848 [INFO] ThirdParty:1030 - CMSIS Pack Vendor :STMicroelectronics X-CUBE-SAFEA1 1.2.2
2025-11-02 16:50:36,848 [INFO] ThirdParty:1030 - CMSIS Pack Vendor :STMicroelectronics X-CUBE-NFC4 3.0.0
2025-11-02 16:50:36,848 [INFO] ThirdParty:1030 - CMSIS Pack Vendor :STMicroelectronics X-CUBE-SUBG2 5.0.0
2025-11-02 16:50:36,848 [INFO] ThirdParty:1030 - CMSIS Pack Vendor :STMicroelectronics X-CUBE-AZRTOS-H7RS 1.1.0
2025-11-02 16:50:36,848 [INFO] ThirdParty:1030 - CMSIS Pack Vendor :STMicroelectronics STM32_WPAN 1.0.0
2025-11-02 16:50:36,848 [INFO] ThirdParty:1030 - CMSIS Pack Vendor :EmbeddedOffice I-CUBE-FS-RTOS 1.0.1
2025-11-02 16:50:36,848 [INFO] ThirdParty:1030 - CMSIS Pack Vendor :STMicroelectronics lwIP 2.0.3
2025-11-02 16:50:36,848 [INFO] ThirdParty:1030 - CMSIS Pack Vendor :WES I-CUBE-Cesium 1.4.0
2025-11-02 16:50:36,848 [INFO] ThirdParty:1030 - CMSIS Pack Vendor :Cesanta I-CUBE-Mongoose 7.13.0
2025-11-02 16:50:36,848 [INFO] ThirdParty:1030 - CMSIS Pack Vendor :STMicroelectronics USB_HOST 1.0.0
2025-11-02 16:50:36,848 [INFO] ThirdParty:1030 - CMSIS Pack Vendor :Infineon AIROC-Wi-Fi-Bluetooth-STM32 1.7.1
2025-11-02 16:50:36,848 [INFO] ThirdParty:1030 - CMSIS Pack Vendor :STMicroelectronics X-CUBE-AZRTOS-G4 2.0.0
2025-11-02 16:50:36,848 [INFO] ThirdParty:1030 - CMSIS Pack Vendor :STMicroelectronics X-CUBE-WB05N 2.0.0
2025-11-02 16:50:36,848 [INFO] ThirdParty:1030 - CMSIS Pack Vendor :STMicroelectronics PDM2PCM 3.1.0
2025-11-02 16:50:36,848 [INFO] ThirdParty:1030 - CMSIS Pack Vendor :STMicroelectronics PDM2PCM 3.3.0
2025-11-02 16:50:36,848 [INFO] ThirdParty:1030 - CMSIS Pack Vendor :wolfSSL I-CUBE-wolfTPM 3.8.0
2025-11-02 16:50:36,848 [INFO] ThirdParty:1030 - CMSIS Pack Vendor :STMicroelectronics X-CUBE-AZRTOS-H7 3.4.0
2025-11-02 16:50:36,848 [INFO] ThirdParty:1030 - CMSIS Pack Vendor :STMicroelectronics X-CUBE-DISPLAY 3.0.0
2025-11-02 16:50:36,848 [INFO] ThirdParty:1030 - CMSIS Pack Vendor :wolfSSL I-CUBE-wolfSSH 1.4.20
2025-11-02 16:50:36,848 [INFO] ThirdParty:1030 - CMSIS Pack Vendor :STMicroelectronics X-CUBE-NFC7 2.0.0
2025-11-02 16:50:36,848 [INFO] ThirdParty:1030 - CMSIS Pack Vendor :STMicroelectronics X-CUBE-TCPP 4.2.0
2025-11-02 16:50:36,848 [INFO] ThirdParty:1030 - CMSIS Pack Vendor :RealThread X-CUBE-RT-Thread_Nano 4.1.1
2025-11-02 16:50:36,848 [INFO] ThirdParty:1030 - CMSIS Pack Vendor :STMicroelectronics FP-ATR-SIGFOX1 3.2.0
2025-11-02 16:50:36,849 [INFO] ThirdParty:1030 - CMSIS Pack Vendor :STMicroelectronics X-CUBE-NFC10 1.0.0
2025-11-02 16:50:36,849 [INFO] ThirdParty:1030 - CMSIS Pack Vendor :STMicroelectronics X-CUBE-FREERTOS 1.3.1
2025-11-02 16:50:36,849 [INFO] ThirdParty:1030 - CMSIS Pack Vendor :STMicroelectronics HAL Drivers 0.0.0
2025-11-02 16:50:36,849 [INFO] ThirdParty:1030 - CMSIS Pack Vendor :STMicroelectronics MBEDTLS 2.16.2
2025-11-02 16:50:36,849 [INFO] ThirdParty:1030 - CMSIS Pack Vendor :STMicroelectronics X-CUBE-ST60 1.1.0
2025-11-02 16:50:36,849 [INFO] ThirdParty:1030 - CMSIS Pack Vendor :STMicroelectronics X-CUBE-IPS 3.1.0
2025-11-02 16:50:36,849 [INFO] ThirdParty:1030 - CMSIS Pack Vendor :STMicroelectronics X-CUBE-ALS 1.0.2
2025-11-02 16:50:36,849 [INFO] ThirdParty:1030 - CMSIS Pack Vendor :emotas I-CUBE-CANOPEN 1.3.0
2025-11-02 16:50:36,849 [INFO] ThirdParty:1030 - CMSIS Pack Vendor :STMicroelectronics MBEDTLS 2.14.1
2025-11-02 16:50:36,849 [INFO] ThirdParty:1030 - CMSIS Pack Vendor :STMicroelectronics X-CUBE-GNSS1 7.1.0
2025-11-02 16:50:36,849 [INFO] ThirdParty:1030 - CMSIS Pack Vendor :ITTIA_DB I-CUBE-ITTIADB 8.9.0
2025-11-02 16:50:36,849 [INFO] ThirdParty:1030 - CMSIS Pack Vendor :STMicroelectronics X-CUBE-TOUCHGFX 4.26.0
2025-11-02 16:50:36,849 [INFO] ThirdParty:1030 - CMSIS Pack Vendor :STMicroelectronics X-CUBE-STSE01 1.0.0
2025-11-02 16:50:36,849 [INFO] ThirdParty:1030 - CMSIS Pack Vendor :STMicroelectronics X-CUBE-ST67W61 1.0.0
2025-11-02 16:50:36,849 [INFO] ThirdParty:1030 - CMSIS Pack Vendor :STMicroelectronics FP-SNS-STBOX1 2.1.0
2025-11-02 16:50:36,849 [INFO] ThirdParty:1030 - CMSIS Pack Vendor :STMicroelectronics X-CUBE-AI 10.2.0
2025-11-02 16:50:36,849 [INFO] ThirdParty:1030 - CMSIS Pack Vendor :STMicroelectronics FP-SNS-STAIOTCFT 1.0.0
2025-11-02 16:50:36,849 [INFO] ThirdParty:1030 - CMSIS Pack Vendor :STMicroelectronics ThreadX 1.0.0
2025-11-02 16:50:36,849 [INFO] ThirdParty:1030 - CMSIS Pack Vendor :STMicroelectronics FP-SNS-SMARTAG2 1.2.0
2025-11-02 16:50:36,849 [INFO] ThirdParty:1030 - CMSIS Pack Vendor :STMicroelectronics FP-SNS-FLIGHT1 5.1.0
2025-11-02 16:50:36,849 [INFO] ThirdParty:1030 - CMSIS Pack Vendor :STMicroelectronics X-CUBE-AZRTOS-WL 2.0.0
2025-11-02 16:50:36,849 [INFO] ThirdParty:1030 - CMSIS Pack Vendor :SEGGER I-CUBE-embOS 1.3.1
2025-11-02 16:50:36,849 [INFO] ThirdParty:1030 - CMSIS Pack Vendor :STMicroelectronics X-CUBE-ALGOBUILD 1.4.0
2025-11-02 16:50:36,850 [INFO] ThirdParty:1030 - CMSIS Pack Vendor :STMicroelectronics X-CUBE-DPower 1.3.0
2025-11-02 16:50:36,850 [INFO] ThirdParty:1030 - CMSIS Pack Vendor :STMicroelectronics X-CUBE-MEMS1 11.3.0
2025-11-02 16:50:36,850 [INFO] ThirdParty:1030 - CMSIS Pack Vendor :STMicroelectronics FP-SNS-MOTENV1 5.0.0
2025-11-02 16:50:36,850 [INFO] ThirdParty:1030 - CMSIS Pack Vendor :STMicroelectronics USB_DEVICE 1.0.0
2025-11-02 16:50:36,850 [INFO] ThirdParty:1030 - CMSIS Pack Vendor :STMicroelectronics X-CUBE-AZRTOS-L4 2.0.0
2025-11-02 16:50:36,850 [INFO] ThirdParty:1030 - CMSIS Pack Vendor :STMicroelectronics ThreadX 0.0.2
2025-11-02 16:50:36,850 [INFO] ThirdParty:1030 - CMSIS Pack Vendor :STMicroelectronics lwIP 2.1.2
2025-11-02 16:50:36,850 [INFO] ThirdParty:1030 - CMSIS Pack Vendor :STMicroelectronics X-CUBE-SFXS2LP1 4.0.0
2025-11-02 16:50:36,850 [INFO] ThirdParty:1030 - CMSIS Pack Vendor :STMicroelectronics X-CUBE-BLE2 3.3.0
2025-11-02 16:50:36,850 [INFO] ThirdParty:1030 - CMSIS Pack Vendor :STMicroelectronics X-CUBE-TOF1 3.4.3
2025-11-02 16:50:36,850 [INFO] ThirdParty:1030 - CMSIS Pack Vendor :STMicroelectronics PDM2PCM 3.2.0
2025-11-02 16:50:36,850 [INFO] ThirdParty:841 - exiting critical section [change project]
2025-11-02 16:50:37,372 [INFO] PinOutPanel:1589 - setPackage(No Configuration,No Configuration)
2025-11-02 16:50:37,373 [INFO] PinOutPanel:1589 - setPackage(STM32L476RGTx,LQFP64)
2025-11-02 16:50:38,046 [INFO] UtilMem:75 - Before build in PCC Used Memory: 367595456 Bytes (741343232)
2025-11-02 16:50:39,094 [INFO] UtilMem:75 - After build in PCC Used Memory: 463015872 Bytes (741343232)
2025-11-02 16:50:39,127 [INFO] IPUIPlugin:80 - create IPUIPlugin
2025-11-02 16:50:39,127 [INFO] IPUIPlugin:80 - create IPUIPlugin
2025-11-02 16:50:39,127 [INFO] IPUIPlugin:80 - create IPUIPlugin
2025-11-02 16:50:39,127 [INFO] IPUIPlugin:80 - create IPUIPlugin
2025-11-02 16:50:39,127 [INFO] IPUIPlugin:80 - create IPUIPlugin
2025-11-02 16:50:39,127 [INFO] IPUIPlugin:80 - create IPUIPlugin
2025-11-02 16:50:39,128 [INFO] IPUIPlugin:80 - create IPUIPlugin
2025-11-02 16:50:39,128 [INFO] IPUIPlugin:80 - create IPUIPlugin
2025-11-02 16:50:39,128 [INFO] IPUIPlugin:80 - create IPUIPlugin
2025-11-02 16:50:39,128 [INFO] IPUIPlugin:80 - create IPUIPlugin
2025-11-02 16:50:39,128 [INFO] IPUIPlugin:80 - create IPUIPlugin
2025-11-02 16:50:39,128 [INFO] IPUIPlugin:80 - create IPUIPlugin
2025-11-02 16:50:39,128 [INFO] IPUIPlugin:80 - create IPUIPlugin
2025-11-02 16:50:39,128 [INFO] IPUIPlugin:80 - create IPUIPlugin
2025-11-02 16:50:39,128 [INFO] IPUIPlugin:80 - create IPUIPlugin
2025-11-02 16:50:39,128 [INFO] IPUIPlugin:80 - create IPUIPlugin
2025-11-02 16:50:39,129 [INFO] IPUIPlugin:80 - create IPUIPlugin
2025-11-02 16:50:39,129 [INFO] IPUIPlugin:80 - create IPUIPlugin
2025-11-02 16:50:39,129 [INFO] IPUIPlugin:80 - create IPUIPlugin
2025-11-02 16:50:39,129 [INFO] IPUIPlugin:80 - create IPUIPlugin
2025-11-02 16:50:39,129 [INFO] IPUIPlugin:80 - create IPUIPlugin
2025-11-02 16:50:39,129 [INFO] IPUIPlugin:80 - create IPUIPlugin
2025-11-02 16:50:39,130 [INFO] IPUIPlugin:80 - create IPUIPlugin
2025-11-02 16:50:39,130 [INFO] IPUIPlugin:80 - create IPUIPlugin
2025-11-02 16:50:39,130 [INFO] IPUIPlugin:80 - create IPUIPlugin
2025-11-02 16:50:39,130 [INFO] IPUIPlugin:80 - create IPUIPlugin
2025-11-02 16:50:39,130 [INFO] IPUIPlugin:80 - create IPUIPlugin
2025-11-02 16:50:39,130 [INFO] IPUIPlugin:80 - create IPUIPlugin
2025-11-02 16:50:39,131 [INFO] IPUIPlugin:80 - create IPUIPlugin
2025-11-02 16:50:39,131 [INFO] IPUIPlugin:80 - create IPUIPlugin
2025-11-02 16:50:39,131 [INFO] IPUIPlugin:80 - create IPUIPlugin
2025-11-02 16:50:39,131 [INFO] IPUIPlugin:80 - create IPUIPlugin
2025-11-02 16:50:39,131 [INFO] IPUIPlugin:80 - create IPUIPlugin
2025-11-02 16:50:39,131 [INFO] IPUIPlugin:80 - create IPUIPlugin
2025-11-02 16:50:39,132 [INFO] IPUIPlugin:80 - create IPUIPlugin
2025-11-02 16:50:39,132 [INFO] IPUIPlugin:80 - create IPUIPlugin
2025-11-02 16:50:39,132 [INFO] IPUIPlugin:80 - create IPUIPlugin
2025-11-02 16:50:39,132 [INFO] IPUIPlugin:80 - create IPUIPlugin
2025-11-02 16:50:39,132 [INFO] IPUIPlugin:80 - create IPUIPlugin
2025-11-02 16:50:39,133 [INFO] IPUIPlugin:80 - create IPUIPlugin
2025-11-02 16:50:39,133 [INFO] IPUIPlugin:80 - create IPUIPlugin
2025-11-02 16:50:39,133 [INFO] IPUIPlugin:80 - create IPUIPlugin
2025-11-02 16:50:39,133 [INFO] IPUIPlugin:80 - create IPUIPlugin
2025-11-02 16:50:39,133 [INFO] IPUIPlugin:80 - create IPUIPlugin
2025-11-02 16:50:39,133 [INFO] IPUIPlugin:80 - create IPUIPlugin
2025-11-02 16:50:39,134 [INFO] IPUIPlugin:80 - create IPUIPlugin
2025-11-02 16:50:39,134 [INFO] IPUIPlugin:80 - create IPUIPlugin
2025-11-02 16:50:39,134 [INFO] IPUIPlugin:80 - create IPUIPlugin
2025-11-02 16:50:39,135 [INFO] IPUIPlugin:80 - create IPUIPlugin
2025-11-02 16:50:39,135 [INFO] IPUIPlugin:80 - create IPUIPlugin
2025-11-02 16:50:39,135 [INFO] IPUIPlugin:80 - create IPUIPlugin
2025-11-02 16:50:39,135 [INFO] IPUIPlugin:80 - create IPUIPlugin
2025-11-02 16:50:39,135 [INFO] IPUIPlugin:80 - create IPUIPlugin
2025-11-02 16:50:39,136 [INFO] IPUIPlugin:80 - create IPUIPlugin
2025-11-02 16:50:39,136 [INFO] IPUIPlugin:80 - create IPUIPlugin
2025-11-02 16:50:39,136 [INFO] IPUIPlugin:80 - create IPUIPlugin
2025-11-02 16:50:39,136 [INFO] IPUIPlugin:80 - create IPUIPlugin
2025-11-02 16:50:39,137 [INFO] IPUIPlugin:80 - create IPUIPlugin
2025-11-02 16:50:39,137 [INFO] IPUIPlugin:80 - create IPUIPlugin
2025-11-02 16:50:39,390 [INFO] CADModel:165 - CPN selected for project levelSTM32L476RGT3
2025-11-02 16:50:39,390 [INFO] CADModel:114 - Register for checkConnection events
2025-11-02 16:50:39,439 [INFO] OpenFileManager:386 - Restore cursor
2025-11-02 16:51:03,680 [INFO] UtilMem:75 - End SaveConfig() Used Memory: 658699064 Bytes (741343232)
2025-11-02 16:51:06,074 [INFO] MainUpdater:2872 - connection check result : 10
2025-11-02 16:51:06,074 [INFO] MainUpdater:2872 - connection check result : 10
2025-11-02 16:51:06,154 [INFO] MicroXplorer:468 - Change Database Path : 
2025-11-02 16:51:06,154 [INFO] MicroXplorer:498 - Change Database Version : DB.6.0.150
2025-11-02 16:51:06,202 [ERROR] ProjectManagerView:395 - 
java.lang.NullPointerException: Cannot invoke "javax.swing.JTextField.getText()" because the return value of "java.util.List.get(int)" is null
	at com.st.microxplorer.plugins.projectmanager.gui.ProjectChoiceTab$9.caretUpdate(ProjectChoiceTab.java:2706) ~[filemanager.jar:?]
	at javax.swing.text.JTextComponent.fireCaretUpdate(JTextComponent.java:408) ~[?:?]
	at javax.swing.text.JTextComponent$MutableCaretEvent.fire(JTextComponent.java:4484) ~[?:?]
	at javax.swing.text.JTextComponent$MutableCaretEvent.stateChanged(JTextComponent.java:4506) ~[?:?]
	at javax.swing.text.DefaultCaret.fireStateChanged(DefaultCaret.java:857) ~[?:?]
	at javax.swing.text.DefaultCaret.changeCaretPosition(DefaultCaret.java:1343) ~[?:?]
	at javax.swing.text.DefaultCaret.handleSetDot(DefaultCaret.java:1242) ~[?:?]
	at javax.swing.text.DefaultCaret.setDot(DefaultCaret.java:1223) ~[?:?]
	at javax.swing.text.DefaultCaret$Handler.insertUpdate(DefaultCaret.java:1819) ~[?:?]
	at javax.swing.text.AbstractDocument.fireInsertUpdate(AbstractDocument.java:227) ~[?:?]
	at javax.swing.text.AbstractDocument.handleInsertString(AbstractDocument.java:781) ~[?:?]
	at javax.swing.text.AbstractDocument.insertString(AbstractDocument.java:740) ~[?:?]
	at javax.swing.text.PlainDocument.insertString(PlainDocument.java:131) ~[?:?]
	at javax.swing.text.AbstractDocument.replace(AbstractDocument.java:699) ~[?:?]
	at javax.swing.text.JTextComponent.setText(JTextComponent.java:1725) ~[?:?]
	at com.st.microxplorer.plugins.projectmanager.gui.ProjectChoiceTab.createHeapStackFields(ProjectChoiceTab.java:993) ~[filemanager.jar:?]
	at com.st.microxplorer.plugins.projectmanager.gui.ProjectChoiceTab.buildLinkSettingsPanel(ProjectChoiceTab.java:3813) ~[filemanager.jar:?]
	at com.st.microxplorer.plugins.projectmanager.gui.ProjectChoiceTab.defineWindowsFields(ProjectChoiceTab.java:1987) ~[filemanager.jar:?]
	at com.st.microxplorer.plugins.projectmanager.gui.ProjectChoiceTab.updateSettings(ProjectChoiceTab.java:558) ~[filemanager.jar:?]
	at com.st.microxplorer.plugins.projectmanager.gui.ProjectSettingsPanel.UpdateDialog(ProjectSettingsPanel.java:247) ~[filemanager.jar:?]
	at com.st.microxplorer.plugins.projectmanager.ProjectManagerView.propertyChange(ProjectManagerView.java:392) ~[filemanager.jar:?]
	at java.beans.PropertyChangeSupport.fire(PropertyChangeSupport.java:343) ~[?:?]
	at java.beans.PropertyChangeSupport.firePropertyChange(PropertyChangeSupport.java:335) ~[?:?]
	at java.beans.PropertyChangeSupport.firePropertyChange(PropertyChangeSupport.java:268) ~[?:?]
	at com.st.microxplorer.util.MXPropertyChangeSupport.firePropertyChange(MXPropertyChangeSupport.java:54) ~[STM32CubeMX.jar:?]
	at com.st.microxplorer.mxsystem.MxSystem.closeConfig(MxSystem.java:899) ~[STM32CubeMX.jar:?]
	at com.st.microxplorer.maingui.MainPanel.closeConfig(MainPanel.java:792) ~[STM32CubeMX.jar:?]
	at com.st.microxplorer.plugins.filemanager.engine.OpenFileManager.loadConfigurationFile(OpenFileManager.java:288) ~[filemanager.jar:?]
	at com.st.microxplorer.plugins.filemanager.engine.MainFileManager.userLoadConfig(MainFileManager.java:364) ~[filemanager.jar:?]
	at com.st.microxplorer.plugins.filemanager.engine.MainFileManager.userLoadConfig(MainFileManager.java:342) ~[filemanager.jar:?]
	at com.st.microxplorer.plugins.filemanager.FileManagerView.getSpecificTask(FileManagerView.java:264) ~[filemanager.jar:?]
	at com.st.stm32cube.common.mx.editor.CubeMxEditor.getMxTabbedPaneInstance(CubeMxEditor.java:1198) ~[com.st.stm32cube.common.mx_6.15.0.202507011659/:?]
	at com.st.stm32cube.common.mx.editor.CubeMxEditor$12$1.createSwingComponent(CubeMxEditor.java:1068) ~[com.st.stm32cube.common.mx_6.15.0.202507011659/:?]
	at com.st.stm32cube.common.mx.oss.core.awtswtbridge.EmbeddedSwingComposite.doComponentCreation(EmbeddedSwingComposite.java:492) ~[com.st.stm32cube.common.mx.oss_6.15.0.202507011659/:?]
	at com.st.stm32cube.common.mx.oss.core.awtswtbridge.EmbeddedSwingComposite$4.run(EmbeddedSwingComposite.java:291) ~[com.st.stm32cube.common.mx.oss_6.15.0.202507011659/:?]
	at com.st.stm32cube.common.mx.oss.core.awtswtbridge.AwtEnvironment$2.run(AwtEnvironment.java:166) ~[com.st.stm32cube.common.mx.oss_6.15.0.202507011659/:?]
	at java.awt.event.InvocationEvent.dispatch(InvocationEvent.java:318) ~[?:?]
	at java.awt.EventQueue.dispatchEventImpl(EventQueue.java:773) ~[?:?]
	at java.awt.EventQueue$4.run(EventQueue.java:720) ~[?:?]
	at java.awt.EventQueue$4.run(EventQueue.java:714) ~[?:?]
	at java.security.AccessController.doPrivileged(AccessController.java:400) ~[?:?]
	at java.security.ProtectionDomain$JavaSecurityAccessImpl.doIntersectionPrivilege(ProtectionDomain.java:87) ~[?:?]
	at java.awt.EventQueue.dispatchEvent(EventQueue.java:742) ~[?:?]
	at java.awt.EventDispatchThread.pumpOneEventForFilters(EventDispatchThread.java:203) ~[?:?]
	at java.awt.EventDispatchThread.pumpEventsForFilter(EventDispatchThread.java:124) ~[?:?]
	at java.awt.EventDispatchThread.pumpEventsForHierarchy(EventDispatchThread.java:113) ~[?:?]
	at java.awt.EventDispatchThread.pumpEvents(EventDispatchThread.java:109) ~[?:?]
	at java.awt.EventDispatchThread.pumpEvents(EventDispatchThread.java:101) ~[?:?]
	at java.awt.EventDispatchThread.run(EventDispatchThread.java:90) ~[?:?]
2025-11-02 16:51:06,225 [WARN] ThirdParty:871 - waiting for thirdparty lock release [close project]
2025-11-02 16:51:06,225 [INFO] ThirdParty:873 - entering critical section [close project]
2025-11-02 16:51:06,225 [INFO] ThirdParty:883 - exiting critical section [close project]
2025-11-02 16:51:06,229 [INFO] PinOutPanel:1589 - setPackage(No Configuration,No Configuration)
2025-11-02 16:51:06,249 [INFO] UtilMem:75 - Begin LoadConfig() Used Memory: 289482384 Bytes (741343232)
2025-11-02 16:51:06,250 [INFO] MicroXplorer:468 - Change Database Path : 
2025-11-02 16:51:06,250 [INFO] MicroXplorer:498 - Change Database Version : DB.6.0.150
2025-11-02 16:51:06,250 [INFO] OpenFileManager:355 - Change cursor
2025-11-02 16:51:06,268 [INFO] RulesReader:64 - Compatibility file has been processed (317 Rules)
2025-11-02 16:51:06,273 [INFO] Mcu:2029 - Initializing MCU STM32L476R(C-E-G)Tx STM32L476RGTx STM32L476RGT3
2025-11-02 16:51:07,766 [INFO] Context:786 - Trying to add GPIOservice into a context  which must be forbidden
2025-11-02 16:51:08,378 [INFO] ImportTextPane:234 - (OptionalMessage_ERROR) Pin7 (VP_RIF_VS_RIF1) cannot be retrieved for this MCU
2025-11-02 16:51:08,439 [INFO] RtosManager:558 - Registered RTOS mode: class=CMSIS, group=RTOS, mode=CMSIS_V1, owner=FREERTOS
2025-11-02 16:51:08,439 [INFO] RtosManager:558 - Registered RTOS mode: class=CMSIS, group=RTOS2, mode=CMSIS_V2, owner=FREERTOS
2025-11-02 16:51:08,440 [INFO] RtosManager:558 - Registered RTOS mode: class=RTOS, group=Core, mode=CMSIS_V1, owner=FREERTOS
2025-11-02 16:51:08,440 [INFO] RtosManager:558 - Registered RTOS mode: class=RTOS, group=Core, mode=CMSIS_V2, owner=FREERTOS
2025-11-02 16:51:08,440 [WARN] ModelIntegratedComponent:184 - Missing modes for component STMicroelectronics:FreeRTOS:0.0.1:STMicroelectronics:RTOS:FreeRTOS:Core:::10.2.0:
2025-11-02 16:51:08,464 [WARN] ModelIntegratedComponent:63 - No mode defined for component null
2025-11-02 16:51:08,464 [WARN] ModelIntegratedComponent:63 - No mode defined for component null
2025-11-02 16:51:08,464 [WARN] ModelIntegratedComponent:63 - No mode defined for component null
2025-11-02 16:51:08,465 [WARN] ModelIntegratedComponent:63 - No mode defined for component null
2025-11-02 16:51:08,465 [WARN] ModelIntegratedComponent:63 - No mode defined for component null
2025-11-02 16:51:08,465 [WARN] ModelIntegratedComponent:63 - No mode defined for component null
2025-11-02 16:51:08,465 [WARN] ModelIntegratedComponent:63 - No mode defined for component null
2025-11-02 16:51:08,465 [WARN] ModelIntegratedComponent:63 - No mode defined for component null
2025-11-02 16:51:08,465 [WARN] ModelIntegratedComponent:63 - No mode defined for component null
2025-11-02 16:51:08,465 [WARN] ModelIntegratedComponent:63 - No mode defined for component null
2025-11-02 16:51:08,465 [WARN] ModelIntegratedComponent:63 - No mode defined for component null
2025-11-02 16:51:08,465 [WARN] ModelIntegratedComponent:63 - No mode defined for component null
2025-11-02 16:51:08,465 [WARN] ModelIntegratedComponent:63 - No mode defined for component null
2025-11-02 16:51:08,465 [WARN] ModelIntegratedComponent:63 - No mode defined for component null
2025-11-02 16:51:08,465 [WARN] ModelIntegratedComponent:63 - No mode defined for component null
2025-11-02 16:51:08,465 [WARN] ModelIntegratedComponent:63 - No mode defined for component null
2025-11-02 16:51:08,466 [WARN] ModelIntegratedComponent:63 - No mode defined for component null
2025-11-02 16:51:08,466 [WARN] ModelIntegratedComponent:63 - No mode defined for component null
2025-11-02 16:51:08,466 [WARN] ModelIntegratedComponent:63 - No mode defined for component null
2025-11-02 16:51:08,466 [WARN] ModelIntegratedComponent:63 - No mode defined for component null
2025-11-02 16:51:08,466 [WARN] ModelIntegratedComponent:63 - No mode defined for component null
2025-11-02 16:51:08,466 [WARN] ModelIntegratedComponent:63 - No mode defined for component null
2025-11-02 16:51:08,466 [WARN] ModelIntegratedComponent:63 - No mode defined for component null
2025-11-02 16:51:08,466 [WARN] ModelIntegratedComponent:63 - No mode defined for component null
2025-11-02 16:51:08,466 [WARN] ModelIntegratedComponent:63 - No mode defined for component null
2025-11-02 16:51:08,466 [WARN] ModelIntegratedComponent:63 - No mode defined for component null
2025-11-02 16:51:08,466 [WARN] ModelIntegratedComponent:63 - No mode defined for component null
2025-11-02 16:51:08,466 [WARN] ModelIntegratedComponent:63 - No mode defined for component null
2025-11-02 16:51:08,466 [WARN] ModelIntegratedComponent:63 - No mode defined for component null
2025-11-02 16:51:08,467 [WARN] ModelIntegratedComponent:63 - No mode defined for component null
2025-11-02 16:51:08,467 [WARN] ModelIntegratedComponent:63 - No mode defined for component null
2025-11-02 16:51:08,467 [WARN] ModelIntegratedComponent:63 - No mode defined for component null
2025-11-02 16:51:08,467 [WARN] ModelIntegratedComponent:63 - No mode defined for component null
2025-11-02 16:51:08,467 [WARN] ModelIntegratedComponent:63 - No mode defined for component null
2025-11-02 16:51:08,467 [WARN] ModelIntegratedComponent:63 - No mode defined for component null
2025-11-02 16:51:08,467 [WARN] ModelPack:524 - Component already loaded: STMicroelectronics:HAL Drivers:0.0.0:STMicroelectronics:Device:STMicro_Driver:XSPI:HAL::0.0.1:HAL_XSPI
2025-11-02 16:51:08,542 [INFO] ThirdPartyModel:298 - Start build external matchings
2025-11-02 16:51:08,929 [INFO] ThirdPartyModel:316 - End build external matchings
2025-11-02 16:51:09,194 [INFO] UtilMem:75 - End LoadConfig() Used Memory: 306772544 Bytes (741343232)
2025-11-02 16:51:09,225 [WARN] ThirdParty:833 - waiting for thirdparty lock release [change project]
2025-11-02 16:51:09,225 [INFO] ThirdParty:835 - entering critical section [change project]
2025-11-02 16:51:09,225 [INFO] ThirdParty:1030 - CMSIS Pack Vendor :STMicroelectronics X-CUBE-PM33A1 1.0.0
2025-11-02 16:51:09,225 [INFO] ThirdParty:1030 - CMSIS Pack Vendor :STMicroelectronics USBPD 4.1
2025-11-02 16:51:09,225 [INFO] ThirdParty:1030 - CMSIS Pack Vendor :STMicroelectronics X-CUBE-NFC9 1.0.0
2025-11-02 16:51:09,225 [INFO] ThirdParty:1030 - CMSIS Pack Vendor :STMicroelectronics USB_HOST 2.0.0
2025-11-02 16:51:09,225 [INFO] ThirdParty:1030 - CMSIS Pack Vendor :STMicroelectronics FP-SNS-MOTENVWB1 1.4.0
2025-11-02 16:51:09,225 [INFO] ThirdParty:1030 - CMSIS Pack Vendor :STMicroelectronics X-CUBE-AZRTOS-F4 1.1.0
2025-11-02 16:51:09,225 [INFO] ThirdParty:1030 - CMSIS Pack Vendor :STMicroelectronics LIBJPEG 8.0.0
2025-11-02 16:51:09,225 [INFO] ThirdParty:1030 - CMSIS Pack Vendor :STMicroelectronics FP-ATR-ASTRA1 2.0.2
2025-11-02 16:51:09,225 [INFO] ThirdParty:1030 - CMSIS Pack Vendor :wolfSSL I-CUBE-wolfSSL 5.8.2
2025-11-02 16:51:09,226 [INFO] ThirdParty:1030 - CMSIS Pack Vendor :STMicroelectronics X-CUBE-BLE1 7.1.0
2025-11-02 16:51:09,226 [INFO] ThirdParty:1030 - CMSIS Pack Vendor :Avnet-IotConnect X-CUBE-IoTC-DA16k-PMOD 1.0.0
2025-11-02 16:51:09,226 [INFO] ThirdParty:1030 - CMSIS Pack Vendor :STMicroelectronics X-CUBE-SMBUS 2.1.0
2025-11-02 16:51:09,226 [INFO] ThirdParty:1030 - CMSIS Pack Vendor :wolfSSL I-CUBE-wolfMQTT 1.19.2
2025-11-02 16:51:09,226 [INFO] ThirdParty:1030 - CMSIS Pack Vendor :STMicroelectronics USB_DEVICE 3.0.0
2025-11-02 16:51:09,226 [INFO] ThirdParty:1030 - CMSIS Pack Vendor :STMicroelectronics X-CUBE-ISPU 2.1.0
2025-11-02 16:51:09,226 [INFO] ThirdParty:1030 - CMSIS Pack Vendor :STMicroelectronics X-CUBE-EEPRMA1 5.2.0
2025-11-02 16:51:09,226 [INFO] ThirdParty:1030 - CMSIS Pack Vendor :STMicroelectronics X-CUBE-IPS 3.2.0
2025-11-02 16:51:09,226 [INFO] ThirdParty:1030 - CMSIS Pack Vendor :STMicroelectronics X-CUBE-BLEMGR 4.1.0
2025-11-02 16:51:09,226 [INFO] ThirdParty:1030 - CMSIS Pack Vendor :STMicroelectronics X-CUBE-AZRTOS-WB 2.0.0
2025-11-02 16:51:09,226 [INFO] ThirdParty:1030 - CMSIS Pack Vendor :STMicroelectronics X-CUBE-ST60 1.0.0
2025-11-02 16:51:09,226 [INFO] ThirdParty:1030 - CMSIS Pack Vendor :STMicroelectronics X-CUBE-GNSS1 7.0.1
2025-11-02 16:51:09,226 [INFO] ThirdParty:1030 - CMSIS Pack Vendor :STMicroelectronics X-CUBE-NFC12 1.0.0
2025-11-02 16:51:09,226 [INFO] ThirdParty:1030 - CMSIS Pack Vendor :STMicroelectronics X-CUBE-AZRTOS-F7 1.1.0
2025-11-02 16:51:09,226 [INFO] ThirdParty:1030 - CMSIS Pack Vendor :STMicroelectronics X-CUBE-AZRTOS-L5 2.0.0
2025-11-02 16:51:09,226 [INFO] ThirdParty:1030 - CMSIS Pack Vendor :STMicroelectronics X-CUBE-TOUCHGFX 4.25.0
2025-11-02 16:51:09,226 [INFO] ThirdParty:1030 - CMSIS Pack Vendor :STMicroelectronics USB_DEVICE 2.0.0
2025-11-02 16:51:09,227 [INFO] ThirdParty:1030 - CMSIS Pack Vendor :STMicroelectronics X-CUBE-NFC6 3.1.0
2025-11-02 16:51:09,227 [INFO] ThirdParty:1030 - CMSIS Pack Vendor :STMicroelectronics X-CUBE-ST67W61 1.1.0
2025-11-02 16:51:09,227 [INFO] ThirdParty:1030 - CMSIS Pack Vendor :quantropi X-CUBE-qispace-sdk-base 2.1.0
2025-11-02 16:51:09,227 [INFO] ThirdParty:1030 - CMSIS Pack Vendor :STMicroelectronics FP-SNS-MOTENV1 5.1.0
2025-11-02 16:51:09,227 [INFO] ThirdParty:1030 - CMSIS Pack Vendor :STMicroelectronics FreeRTOS 0.0.1
2025-11-02 16:51:09,227 [INFO] ThirdParty:1030 - CMSIS Pack Vendor :STMicroelectronics X-CUBE-AZRTOS-G0 1.1.0
2025-11-02 16:51:09,227 [INFO] ThirdParty:1030 - CMSIS Pack Vendor :STMicroelectronics X-CUBE-SAFEA1 1.2.2
2025-11-02 16:51:09,227 [INFO] ThirdParty:1030 - CMSIS Pack Vendor :STMicroelectronics X-CUBE-NFC4 3.0.0
2025-11-02 16:51:09,227 [INFO] ThirdParty:1030 - CMSIS Pack Vendor :STMicroelectronics X-CUBE-SUBG2 5.0.0
2025-11-02 16:51:09,227 [INFO] ThirdParty:1030 - CMSIS Pack Vendor :STMicroelectronics X-CUBE-AZRTOS-H7RS 1.1.0
2025-11-02 16:51:09,227 [INFO] ThirdParty:1030 - CMSIS Pack Vendor :STMicroelectronics STM32_WPAN 1.0.0
2025-11-02 16:51:09,227 [INFO] ThirdParty:1030 - CMSIS Pack Vendor :EmbeddedOffice I-CUBE-FS-RTOS 1.0.1
2025-11-02 16:51:09,227 [INFO] ThirdParty:1030 - CMSIS Pack Vendor :STMicroelectronics lwIP 2.0.3
2025-11-02 16:51:09,227 [INFO] ThirdParty:1030 - CMSIS Pack Vendor :WES I-CUBE-Cesium 1.4.0
2025-11-02 16:51:09,227 [INFO] ThirdParty:1030 - CMSIS Pack Vendor :Cesanta I-CUBE-Mongoose 7.13.0
2025-11-02 16:51:09,228 [INFO] ThirdParty:1030 - CMSIS Pack Vendor :STMicroelectronics USB_HOST 1.0.0
2025-11-02 16:51:09,228 [INFO] ThirdParty:1030 - CMSIS Pack Vendor :Infineon AIROC-Wi-Fi-Bluetooth-STM32 1.7.1
2025-11-02 16:51:09,228 [INFO] ThirdParty:1030 - CMSIS Pack Vendor :STMicroelectronics X-CUBE-AZRTOS-G4 2.0.0
2025-11-02 16:51:09,228 [INFO] ThirdParty:1030 - CMSIS Pack Vendor :STMicroelectronics X-CUBE-WB05N 2.0.0
2025-11-02 16:51:09,228 [INFO] ThirdParty:1030 - CMSIS Pack Vendor :STMicroelectronics PDM2PCM 3.1.0
2025-11-02 16:51:09,228 [INFO] ThirdParty:1030 - CMSIS Pack Vendor :STMicroelectronics PDM2PCM 3.3.0
2025-11-02 16:51:09,228 [INFO] ThirdParty:1030 - CMSIS Pack Vendor :wolfSSL I-CUBE-wolfTPM 3.8.0
2025-11-02 16:51:09,228 [INFO] ThirdParty:1030 - CMSIS Pack Vendor :STMicroelectronics X-CUBE-AZRTOS-H7 3.4.0
2025-11-02 16:51:09,228 [INFO] ThirdParty:1030 - CMSIS Pack Vendor :STMicroelectronics X-CUBE-DISPLAY 3.0.0
2025-11-02 16:51:09,228 [INFO] ThirdParty:1030 - CMSIS Pack Vendor :wolfSSL I-CUBE-wolfSSH 1.4.20
2025-11-02 16:51:09,228 [INFO] ThirdParty:1030 - CMSIS Pack Vendor :STMicroelectronics X-CUBE-NFC7 2.0.0
2025-11-02 16:51:09,228 [INFO] ThirdParty:1030 - CMSIS Pack Vendor :STMicroelectronics X-CUBE-TCPP 4.2.0
2025-11-02 16:51:09,228 [INFO] ThirdParty:1030 - CMSIS Pack Vendor :RealThread X-CUBE-RT-Thread_Nano 4.1.1
2025-11-02 16:51:09,228 [INFO] ThirdParty:1030 - CMSIS Pack Vendor :STMicroelectronics FP-ATR-SIGFOX1 3.2.0
2025-11-02 16:51:09,228 [INFO] ThirdParty:1030 - CMSIS Pack Vendor :STMicroelectronics X-CUBE-NFC10 1.0.0
2025-11-02 16:51:09,228 [INFO] ThirdParty:1030 - CMSIS Pack Vendor :STMicroelectronics X-CUBE-FREERTOS 1.3.1
2025-11-02 16:51:09,228 [INFO] ThirdParty:1030 - CMSIS Pack Vendor :STMicroelectronics HAL Drivers 0.0.0
2025-11-02 16:51:09,229 [INFO] ThirdParty:1030 - CMSIS Pack Vendor :STMicroelectronics MBEDTLS 2.16.2
2025-11-02 16:51:09,229 [INFO] ThirdParty:1030 - CMSIS Pack Vendor :STMicroelectronics X-CUBE-ST60 1.1.0
2025-11-02 16:51:09,229 [INFO] ThirdParty:1030 - CMSIS Pack Vendor :STMicroelectronics X-CUBE-IPS 3.1.0
2025-11-02 16:51:09,229 [INFO] ThirdParty:1030 - CMSIS Pack Vendor :STMicroelectronics X-CUBE-ALS 1.0.2
2025-11-02 16:51:09,229 [INFO] ThirdParty:1030 - CMSIS Pack Vendor :emotas I-CUBE-CANOPEN 1.3.0
2025-11-02 16:51:09,229 [INFO] ThirdParty:1030 - CMSIS Pack Vendor :STMicroelectronics MBEDTLS 2.14.1
2025-11-02 16:51:09,229 [INFO] ThirdParty:1030 - CMSIS Pack Vendor :STMicroelectronics X-CUBE-GNSS1 7.1.0
2025-11-02 16:51:09,229 [INFO] ThirdParty:1030 - CMSIS Pack Vendor :ITTIA_DB I-CUBE-ITTIADB 8.9.0
2025-11-02 16:51:09,229 [INFO] ThirdParty:1030 - CMSIS Pack Vendor :STMicroelectronics X-CUBE-TOUCHGFX 4.26.0
2025-11-02 16:51:09,229 [INFO] ThirdParty:1030 - CMSIS Pack Vendor :STMicroelectronics X-CUBE-STSE01 1.0.0
2025-11-02 16:51:09,229 [INFO] ThirdParty:1030 - CMSIS Pack Vendor :STMicroelectronics X-CUBE-ST67W61 1.0.0
2025-11-02 16:51:09,229 [INFO] ThirdParty:1030 - CMSIS Pack Vendor :STMicroelectronics FP-SNS-STBOX1 2.1.0
2025-11-02 16:51:09,229 [INFO] ThirdParty:1030 - CMSIS Pack Vendor :STMicroelectronics X-CUBE-AI 10.2.0
2025-11-02 16:51:09,229 [INFO] ThirdParty:1030 - CMSIS Pack Vendor :STMicroelectronics FP-SNS-STAIOTCFT 1.0.0
2025-11-02 16:51:09,229 [INFO] ThirdParty:1030 - CMSIS Pack Vendor :STMicroelectronics ThreadX 1.0.0
2025-11-02 16:51:09,229 [INFO] ThirdParty:1030 - CMSIS Pack Vendor :STMicroelectronics FP-SNS-SMARTAG2 1.2.0
2025-11-02 16:51:09,229 [INFO] ThirdParty:1030 - CMSIS Pack Vendor :STMicroelectronics FP-SNS-FLIGHT1 5.1.0
2025-11-02 16:51:09,230 [INFO] ThirdParty:1030 - CMSIS Pack Vendor :STMicroelectronics X-CUBE-AZRTOS-WL 2.0.0
2025-11-02 16:51:09,230 [INFO] ThirdParty:1030 - CMSIS Pack Vendor :SEGGER I-CUBE-embOS 1.3.1
2025-11-02 16:51:09,230 [INFO] ThirdParty:1030 - CMSIS Pack Vendor :STMicroelectronics X-CUBE-ALGOBUILD 1.4.0
2025-11-02 16:51:09,230 [INFO] ThirdParty:1030 - CMSIS Pack Vendor :STMicroelectronics X-CUBE-DPower 1.3.0
2025-11-02 16:51:09,230 [INFO] ThirdParty:1030 - CMSIS Pack Vendor :STMicroelectronics X-CUBE-MEMS1 11.3.0
2025-11-02 16:51:09,230 [INFO] ThirdParty:1030 - CMSIS Pack Vendor :STMicroelectronics FP-SNS-MOTENV1 5.0.0
2025-11-02 16:51:09,230 [INFO] ThirdParty:1030 - CMSIS Pack Vendor :STMicroelectronics USB_DEVICE 1.0.0
2025-11-02 16:51:09,230 [INFO] ThirdParty:1030 - CMSIS Pack Vendor :STMicroelectronics X-CUBE-AZRTOS-L4 2.0.0
2025-11-02 16:51:09,230 [INFO] ThirdParty:1030 - CMSIS Pack Vendor :STMicroelectronics ThreadX 0.0.2
2025-11-02 16:51:09,230 [INFO] ThirdParty:1030 - CMSIS Pack Vendor :STMicroelectronics lwIP 2.1.2
2025-11-02 16:51:09,230 [INFO] ThirdParty:1030 - CMSIS Pack Vendor :STMicroelectronics X-CUBE-SFXS2LP1 4.0.0
2025-11-02 16:51:09,230 [INFO] ThirdParty:1030 - CMSIS Pack Vendor :STMicroelectronics X-CUBE-BLE2 3.3.0
2025-11-02 16:51:09,230 [INFO] ThirdParty:1030 - CMSIS Pack Vendor :STMicroelectronics X-CUBE-TOF1 3.4.3
2025-11-02 16:51:09,230 [INFO] ThirdParty:1030 - CMSIS Pack Vendor :STMicroelectronics PDM2PCM 3.2.0
2025-11-02 16:51:09,230 [INFO] ThirdParty:841 - exiting critical section [change project]
2025-11-02 16:51:09,428 [INFO] PinOutPanel:1589 - setPackage(No Configuration,No Configuration)
2025-11-02 16:51:09,428 [INFO] PinOutPanel:1589 - setPackage(STM32L476RGTx,LQFP64)
2025-11-02 16:51:09,733 [INFO] UtilMem:75 - Before build in PCC Used Memory: 644850944 Bytes (741343232)
2025-11-02 16:51:10,055 [INFO] UtilMem:75 - After build in PCC Used Memory: 325564176 Bytes (741343232)
2025-11-02 16:51:10,077 [INFO] IPUIPlugin:80 - create IPUIPlugin
2025-11-02 16:51:10,077 [INFO] IPUIPlugin:80 - create IPUIPlugin
2025-11-02 16:51:10,077 [INFO] IPUIPlugin:80 - create IPUIPlugin
2025-11-02 16:51:10,078 [INFO] IPUIPlugin:80 - create IPUIPlugin
2025-11-02 16:51:10,078 [INFO] IPUIPlugin:80 - create IPUIPlugin
2025-11-02 16:51:10,078 [INFO] IPUIPlugin:80 - create IPUIPlugin
2025-11-02 16:51:10,078 [INFO] IPUIPlugin:80 - create IPUIPlugin
2025-11-02 16:51:10,078 [INFO] IPUIPlugin:80 - create IPUIPlugin
2025-11-02 16:51:10,078 [INFO] IPUIPlugin:80 - create IPUIPlugin
2025-11-02 16:51:10,078 [INFO] IPUIPlugin:80 - create IPUIPlugin
2025-11-02 16:51:10,078 [INFO] IPUIPlugin:80 - create IPUIPlugin
2025-11-02 16:51:10,078 [INFO] IPUIPlugin:80 - create IPUIPlugin
2025-11-02 16:51:10,078 [INFO] IPUIPlugin:80 - create IPUIPlugin
2025-11-02 16:51:10,079 [INFO] IPUIPlugin:80 - create IPUIPlugin
2025-11-02 16:51:10,079 [INFO] IPUIPlugin:80 - create IPUIPlugin
2025-11-02 16:51:10,079 [INFO] IPUIPlugin:80 - create IPUIPlugin
2025-11-02 16:51:10,079 [INFO] IPUIPlugin:80 - create IPUIPlugin
2025-11-02 16:51:10,079 [INFO] IPUIPlugin:80 - create IPUIPlugin
2025-11-02 16:51:10,079 [INFO] IPUIPlugin:80 - create IPUIPlugin
2025-11-02 16:51:10,079 [INFO] IPUIPlugin:80 - create IPUIPlugin
2025-11-02 16:51:10,079 [INFO] IPUIPlugin:80 - create IPUIPlugin
2025-11-02 16:51:10,080 [INFO] IPUIPlugin:80 - create IPUIPlugin
2025-11-02 16:51:10,080 [INFO] IPUIPlugin:80 - create IPUIPlugin
2025-11-02 16:51:10,080 [INFO] IPUIPlugin:80 - create IPUIPlugin
2025-11-02 16:51:10,080 [INFO] IPUIPlugin:80 - create IPUIPlugin
2025-11-02 16:51:10,080 [INFO] IPUIPlugin:80 - create IPUIPlugin
2025-11-02 16:51:10,080 [INFO] IPUIPlugin:80 - create IPUIPlugin
2025-11-02 16:51:10,080 [INFO] IPUIPlugin:80 - create IPUIPlugin
2025-11-02 16:51:10,081 [INFO] IPUIPlugin:80 - create IPUIPlugin
2025-11-02 16:51:10,081 [INFO] IPUIPlugin:80 - create IPUIPlugin
2025-11-02 16:51:10,081 [INFO] IPUIPlugin:80 - create IPUIPlugin
2025-11-02 16:51:10,081 [INFO] IPUIPlugin:80 - create IPUIPlugin
2025-11-02 16:51:10,081 [INFO] IPUIPlugin:80 - create IPUIPlugin
2025-11-02 16:51:10,081 [INFO] IPUIPlugin:80 - create IPUIPlugin
2025-11-02 16:51:10,082 [INFO] IPUIPlugin:80 - create IPUIPlugin
2025-11-02 16:51:10,082 [INFO] IPUIPlugin:80 - create IPUIPlugin
2025-11-02 16:51:10,082 [INFO] IPUIPlugin:80 - create IPUIPlugin
2025-11-02 16:51:10,082 [INFO] IPUIPlugin:80 - create IPUIPlugin
2025-11-02 16:51:10,082 [INFO] IPUIPlugin:80 - create IPUIPlugin
2025-11-02 16:51:10,082 [INFO] IPUIPlugin:80 - create IPUIPlugin
2025-11-02 16:51:10,083 [INFO] IPUIPlugin:80 - create IPUIPlugin
2025-11-02 16:51:10,083 [INFO] IPUIPlugin:80 - create IPUIPlugin
2025-11-02 16:51:10,083 [INFO] IPUIPlugin:80 - create IPUIPlugin
2025-11-02 16:51:10,083 [INFO] IPUIPlugin:80 - create IPUIPlugin
2025-11-02 16:51:10,084 [INFO] IPUIPlugin:80 - create IPUIPlugin
2025-11-02 16:51:10,084 [INFO] IPUIPlugin:80 - create IPUIPlugin
2025-11-02 16:51:10,084 [INFO] IPUIPlugin:80 - create IPUIPlugin
2025-11-02 16:51:10,084 [INFO] IPUIPlugin:80 - create IPUIPlugin
2025-11-02 16:51:10,084 [INFO] IPUIPlugin:80 - create IPUIPlugin
2025-11-02 16:51:10,085 [INFO] IPUIPlugin:80 - create IPUIPlugin
2025-11-02 16:51:10,085 [INFO] IPUIPlugin:80 - create IPUIPlugin
2025-11-02 16:51:10,085 [INFO] IPUIPlugin:80 - create IPUIPlugin
2025-11-02 16:51:10,085 [INFO] IPUIPlugin:80 - create IPUIPlugin
2025-11-02 16:51:10,086 [INFO] IPUIPlugin:80 - create IPUIPlugin
2025-11-02 16:51:10,086 [INFO] IPUIPlugin:80 - create IPUIPlugin
2025-11-02 16:51:10,086 [INFO] IPUIPlugin:80 - create IPUIPlugin
2025-11-02 16:51:10,086 [INFO] IPUIPlugin:80 - create IPUIPlugin
2025-11-02 16:51:10,087 [INFO] IPUIPlugin:80 - create IPUIPlugin
2025-11-02 16:51:10,087 [INFO] IPUIPlugin:80 - create IPUIPlugin
2025-11-02 16:51:10,117 [INFO] CADModel:165 - CPN selected for project levelSTM32L476RGT3
2025-11-02 16:51:10,117 [INFO] CADModel:114 - Register for checkConnection events
2025-11-02 16:51:10,180 [INFO] OpenFileManager:386 - Restore cursor
2025-11-02 16:51:19,523 [INFO] MainUpdater:2872 - connection check result : 10
2025-11-02 16:51:19,523 [INFO] MainUpdater:2872 - connection check result : 10
2025-11-02 16:51:19,620 [INFO] MicroXplorer:468 - Change Database Path : 
2025-11-02 16:51:19,620 [INFO] MicroXplorer:498 - Change Database Version : DB.6.0.150
2025-11-02 16:51:19,650 [ERROR] ProjectManagerView:395 - 
java.lang.NullPointerException: Cannot invoke "javax.swing.JTextField.getText()" because the return value of "java.util.List.get(int)" is null
	at com.st.microxplorer.plugins.projectmanager.gui.ProjectChoiceTab$9.caretUpdate(ProjectChoiceTab.java:2706) ~[filemanager.jar:?]
	at javax.swing.text.JTextComponent.fireCaretUpdate(JTextComponent.java:408) ~[?:?]
	at javax.swing.text.JTextComponent$MutableCaretEvent.fire(JTextComponent.java:4484) ~[?:?]
	at javax.swing.text.JTextComponent$MutableCaretEvent.stateChanged(JTextComponent.java:4506) ~[?:?]
	at javax.swing.text.DefaultCaret.fireStateChanged(DefaultCaret.java:857) ~[?:?]
	at javax.swing.text.DefaultCaret.changeCaretPosition(DefaultCaret.java:1343) ~[?:?]
	at javax.swing.text.DefaultCaret.handleSetDot(DefaultCaret.java:1242) ~[?:?]
	at javax.swing.text.DefaultCaret.setDot(DefaultCaret.java:1223) ~[?:?]
	at javax.swing.text.DefaultCaret$Handler.insertUpdate(DefaultCaret.java:1819) ~[?:?]
	at javax.swing.text.AbstractDocument.fireInsertUpdate(AbstractDocument.java:227) ~[?:?]
	at javax.swing.text.AbstractDocument.handleInsertString(AbstractDocument.java:781) ~[?:?]
	at javax.swing.text.AbstractDocument.insertString(AbstractDocument.java:740) ~[?:?]
	at javax.swing.text.PlainDocument.insertString(PlainDocument.java:131) ~[?:?]
	at javax.swing.text.AbstractDocument.replace(AbstractDocument.java:699) ~[?:?]
	at javax.swing.text.JTextComponent.setText(JTextComponent.java:1725) ~[?:?]
	at com.st.microxplorer.plugins.projectmanager.gui.ProjectChoiceTab.createHeapStackFields(ProjectChoiceTab.java:993) ~[filemanager.jar:?]
	at com.st.microxplorer.plugins.projectmanager.gui.ProjectChoiceTab.buildLinkSettingsPanel(ProjectChoiceTab.java:3813) ~[filemanager.jar:?]
	at com.st.microxplorer.plugins.projectmanager.gui.ProjectChoiceTab.defineWindowsFields(ProjectChoiceTab.java:1987) ~[filemanager.jar:?]
	at com.st.microxplorer.plugins.projectmanager.gui.ProjectChoiceTab.updateSettings(ProjectChoiceTab.java:558) ~[filemanager.jar:?]
	at com.st.microxplorer.plugins.projectmanager.gui.ProjectSettingsPanel.UpdateDialog(ProjectSettingsPanel.java:247) ~[filemanager.jar:?]
	at com.st.microxplorer.plugins.projectmanager.ProjectManagerView.propertyChange(ProjectManagerView.java:392) ~[filemanager.jar:?]
	at java.beans.PropertyChangeSupport.fire(PropertyChangeSupport.java:343) ~[?:?]
	at java.beans.PropertyChangeSupport.firePropertyChange(PropertyChangeSupport.java:335) ~[?:?]
	at java.beans.PropertyChangeSupport.firePropertyChange(PropertyChangeSupport.java:268) ~[?:?]
	at com.st.microxplorer.util.MXPropertyChangeSupport.firePropertyChange(MXPropertyChangeSupport.java:54) ~[STM32CubeMX.jar:?]
	at com.st.microxplorer.mxsystem.MxSystem.closeConfig(MxSystem.java:899) ~[STM32CubeMX.jar:?]
	at com.st.microxplorer.maingui.MainPanel.closeConfig(MainPanel.java:792) ~[STM32CubeMX.jar:?]
	at com.st.microxplorer.plugins.filemanager.engine.OpenFileManager.loadConfigurationFile(OpenFileManager.java:288) ~[filemanager.jar:?]
	at com.st.microxplorer.plugins.filemanager.engine.MainFileManager.userLoadConfig(MainFileManager.java:364) ~[filemanager.jar:?]
	at com.st.microxplorer.plugins.filemanager.engine.MainFileManager.userLoadConfig(MainFileManager.java:342) ~[filemanager.jar:?]
	at com.st.microxplorer.plugins.filemanager.FileManagerView.getSpecificTask(FileManagerView.java:264) ~[filemanager.jar:?]
	at com.st.stm32cube.common.mx.editor.CubeMxEditor.getMxTabbedPaneInstance(CubeMxEditor.java:1198) ~[com.st.stm32cube.common.mx_6.15.0.202507011659/:?]
	at com.st.stm32cube.common.mx.editor.CubeMxEditor$12$1.createSwingComponent(CubeMxEditor.java:1068) ~[com.st.stm32cube.common.mx_6.15.0.202507011659/:?]
	at com.st.stm32cube.common.mx.oss.core.awtswtbridge.EmbeddedSwingComposite.doComponentCreation(EmbeddedSwingComposite.java:492) ~[com.st.stm32cube.common.mx.oss_6.15.0.202507011659/:?]
	at com.st.stm32cube.common.mx.oss.core.awtswtbridge.EmbeddedSwingComposite$4.run(EmbeddedSwingComposite.java:291) ~[com.st.stm32cube.common.mx.oss_6.15.0.202507011659/:?]
	at com.st.stm32cube.common.mx.oss.core.awtswtbridge.AwtEnvironment$2.run(AwtEnvironment.java:166) ~[com.st.stm32cube.common.mx.oss_6.15.0.202507011659/:?]
	at java.awt.event.InvocationEvent.dispatch(InvocationEvent.java:318) ~[?:?]
	at java.awt.EventQueue.dispatchEventImpl(EventQueue.java:773) ~[?:?]
	at java.awt.EventQueue$4.run(EventQueue.java:720) ~[?:?]
	at java.awt.EventQueue$4.run(EventQueue.java:714) ~[?:?]
	at java.security.AccessController.doPrivileged(AccessController.java:400) ~[?:?]
	at java.security.ProtectionDomain$JavaSecurityAccessImpl.doIntersectionPrivilege(ProtectionDomain.java:87) ~[?:?]
	at java.awt.EventQueue.dispatchEvent(EventQueue.java:742) ~[?:?]
	at java.awt.EventDispatchThread.pumpOneEventForFilters(EventDispatchThread.java:203) ~[?:?]
	at java.awt.EventDispatchThread.pumpEventsForFilter(EventDispatchThread.java:124) ~[?:?]
	at java.awt.EventDispatchThread.pumpEventsForHierarchy(EventDispatchThread.java:113) ~[?:?]
	at java.awt.EventDispatchThread.pumpEvents(EventDispatchThread.java:109) ~[?:?]
	at java.awt.EventDispatchThread.pumpEvents(EventDispatchThread.java:101) ~[?:?]
	at java.awt.EventDispatchThread.run(EventDispatchThread.java:90) ~[?:?]
2025-11-02 16:51:19,653 [WARN] ThirdParty:871 - waiting for thirdparty lock release [close project]
2025-11-02 16:51:19,653 [INFO] ThirdParty:873 - entering critical section [close project]
2025-11-02 16:51:19,653 [INFO] ThirdParty:883 - exiting critical section [close project]
2025-11-02 16:51:19,655 [INFO] PinOutPanel:1589 - setPackage(No Configuration,No Configuration)
2025-11-02 16:51:19,666 [INFO] UtilMem:75 - Begin LoadConfig() Used Memory: 622259896 Bytes (741343232)
2025-11-02 16:51:19,667 [INFO] MicroXplorer:468 - Change Database Path : 
2025-11-02 16:51:19,667 [INFO] MicroXplorer:498 - Change Database Version : DB.6.0.150
2025-11-02 16:51:19,667 [INFO] OpenFileManager:355 - Change cursor
2025-11-02 16:51:19,674 [INFO] Mcu:2029 - Initializing MCU STM32L476R(C-E-G)Tx STM32L476RGTx STM32L476RGT3
2025-11-02 16:51:20,827 [INFO] Context:786 - Trying to add GPIOservice into a context  which must be forbidden
2025-11-02 16:51:21,388 [INFO] ImportTextPane:234 - (OptionalMessage_ERROR) Pin6 (VP_RIF_VS_RIF1) cannot be retrieved for this MCU
2025-11-02 16:51:21,448 [INFO] RtosManager:558 - Registered RTOS mode: class=CMSIS, group=RTOS, mode=CMSIS_V1, owner=FREERTOS
2025-11-02 16:51:21,448 [INFO] RtosManager:558 - Registered RTOS mode: class=CMSIS, group=RTOS2, mode=CMSIS_V2, owner=FREERTOS
2025-11-02 16:51:21,448 [INFO] RtosManager:558 - Registered RTOS mode: class=RTOS, group=Core, mode=CMSIS_V1, owner=FREERTOS
2025-11-02 16:51:21,448 [INFO] RtosManager:558 - Registered RTOS mode: class=RTOS, group=Core, mode=CMSIS_V2, owner=FREERTOS
2025-11-02 16:51:21,448 [WARN] ModelIntegratedComponent:184 - Missing modes for component STMicroelectronics:FreeRTOS:0.0.1:STMicroelectronics:RTOS:FreeRTOS:Core:::10.2.0:
2025-11-02 16:51:21,473 [WARN] ModelIntegratedComponent:63 - No mode defined for component null
2025-11-02 16:51:21,473 [WARN] ModelIntegratedComponent:63 - No mode defined for component null
2025-11-02 16:51:21,473 [WARN] ModelIntegratedComponent:63 - No mode defined for component null
2025-11-02 16:51:21,473 [WARN] ModelIntegratedComponent:63 - No mode defined for component null
2025-11-02 16:51:21,473 [WARN] ModelIntegratedComponent:63 - No mode defined for component null
2025-11-02 16:51:21,473 [WARN] ModelIntegratedComponent:63 - No mode defined for component null
2025-11-02 16:51:21,473 [WARN] ModelIntegratedComponent:63 - No mode defined for component null
2025-11-02 16:51:21,473 [WARN] ModelIntegratedComponent:63 - No mode defined for component null
2025-11-02 16:51:21,473 [WARN] ModelIntegratedComponent:63 - No mode defined for component null
2025-11-02 16:51:21,473 [WARN] ModelIntegratedComponent:63 - No mode defined for component null
2025-11-02 16:51:21,473 [WARN] ModelIntegratedComponent:63 - No mode defined for component null
2025-11-02 16:51:21,474 [WARN] ModelIntegratedComponent:63 - No mode defined for component null
2025-11-02 16:51:21,474 [WARN] ModelIntegratedComponent:63 - No mode defined for component null
2025-11-02 16:51:21,474 [WARN] ModelIntegratedComponent:63 - No mode defined for component null
2025-11-02 16:51:21,474 [WARN] ModelIntegratedComponent:63 - No mode defined for component null
2025-11-02 16:51:21,474 [WARN] ModelIntegratedComponent:63 - No mode defined for component null
2025-11-02 16:51:21,474 [WARN] ModelIntegratedComponent:63 - No mode defined for component null
2025-11-02 16:51:21,474 [WARN] ModelIntegratedComponent:63 - No mode defined for component null
2025-11-02 16:51:21,474 [WARN] ModelIntegratedComponent:63 - No mode defined for component null
2025-11-02 16:51:21,474 [WARN] ModelIntegratedComponent:63 - No mode defined for component null
2025-11-02 16:51:21,474 [WARN] ModelIntegratedComponent:63 - No mode defined for component null
2025-11-02 16:51:21,474 [WARN] ModelIntegratedComponent:63 - No mode defined for component null
2025-11-02 16:51:21,474 [WARN] ModelIntegratedComponent:63 - No mode defined for component null
2025-11-02 16:51:21,474 [WARN] ModelIntegratedComponent:63 - No mode defined for component null
2025-11-02 16:51:21,474 [WARN] ModelIntegratedComponent:63 - No mode defined for component null
2025-11-02 16:51:21,474 [WARN] ModelIntegratedComponent:63 - No mode defined for component null
2025-11-02 16:51:21,474 [WARN] ModelIntegratedComponent:63 - No mode defined for component null
2025-11-02 16:51:21,474 [WARN] ModelIntegratedComponent:63 - No mode defined for component null
2025-11-02 16:51:21,474 [WARN] ModelIntegratedComponent:63 - No mode defined for component null
2025-11-02 16:51:21,474 [WARN] ModelIntegratedComponent:63 - No mode defined for component null
2025-11-02 16:51:21,474 [WARN] ModelIntegratedComponent:63 - No mode defined for component null
2025-11-02 16:51:21,474 [WARN] ModelIntegratedComponent:63 - No mode defined for component null
2025-11-02 16:51:21,474 [WARN] ModelIntegratedComponent:63 - No mode defined for component null
2025-11-02 16:51:21,474 [WARN] ModelIntegratedComponent:63 - No mode defined for component null
2025-11-02 16:51:21,474 [WARN] ModelIntegratedComponent:63 - No mode defined for component null
2025-11-02 16:51:21,474 [WARN] ModelPack:524 - Component already loaded: STMicroelectronics:HAL Drivers:0.0.0:STMicroelectronics:Device:STMicro_Driver:XSPI:HAL::0.0.1:HAL_XSPI
2025-11-02 16:51:21,583 [INFO] ThirdPartyModel:298 - Start build external matchings
2025-11-02 16:51:21,986 [INFO] ThirdPartyModel:316 - End build external matchings
2025-11-02 16:51:22,391 [INFO] UtilMem:75 - End LoadConfig() Used Memory: 352491952 Bytes (741343232)
2025-11-02 16:51:22,421 [WARN] ThirdParty:833 - waiting for thirdparty lock release [change project]
2025-11-02 16:51:22,421 [INFO] ThirdParty:835 - entering critical section [change project]
2025-11-02 16:51:22,421 [INFO] ThirdParty:1030 - CMSIS Pack Vendor :STMicroelectronics X-CUBE-PM33A1 1.0.0
2025-11-02 16:51:22,421 [INFO] ThirdParty:1030 - CMSIS Pack Vendor :STMicroelectronics USBPD 4.1
2025-11-02 16:51:22,421 [INFO] ThirdParty:1030 - CMSIS Pack Vendor :STMicroelectronics X-CUBE-NFC9 1.0.0
2025-11-02 16:51:22,421 [INFO] ThirdParty:1030 - CMSIS Pack Vendor :STMicroelectronics USB_HOST 2.0.0
2025-11-02 16:51:22,421 [INFO] ThirdParty:1030 - CMSIS Pack Vendor :STMicroelectronics FP-SNS-MOTENVWB1 1.4.0
2025-11-02 16:51:22,421 [INFO] ThirdParty:1030 - CMSIS Pack Vendor :STMicroelectronics X-CUBE-AZRTOS-F4 1.1.0
2025-11-02 16:51:22,421 [INFO] ThirdParty:1030 - CMSIS Pack Vendor :STMicroelectronics LIBJPEG 8.0.0
2025-11-02 16:51:22,421 [INFO] ThirdParty:1030 - CMSIS Pack Vendor :STMicroelectronics FP-ATR-ASTRA1 2.0.2
2025-11-02 16:51:22,421 [INFO] ThirdParty:1030 - CMSIS Pack Vendor :wolfSSL I-CUBE-wolfSSL 5.8.2
2025-11-02 16:51:22,421 [INFO] ThirdParty:1030 - CMSIS Pack Vendor :STMicroelectronics X-CUBE-BLE1 7.1.0
2025-11-02 16:51:22,421 [INFO] ThirdParty:1030 - CMSIS Pack Vendor :Avnet-IotConnect X-CUBE-IoTC-DA16k-PMOD 1.0.0
2025-11-02 16:51:22,421 [INFO] ThirdParty:1030 - CMSIS Pack Vendor :STMicroelectronics X-CUBE-SMBUS 2.1.0
2025-11-02 16:51:22,421 [INFO] ThirdParty:1030 - CMSIS Pack Vendor :wolfSSL I-CUBE-wolfMQTT 1.19.2
2025-11-02 16:51:22,422 [INFO] ThirdParty:1030 - CMSIS Pack Vendor :STMicroelectronics USB_DEVICE 3.0.0
2025-11-02 16:51:22,422 [INFO] ThirdParty:1030 - CMSIS Pack Vendor :STMicroelectronics X-CUBE-ISPU 2.1.0
2025-11-02 16:51:22,422 [INFO] ThirdParty:1030 - CMSIS Pack Vendor :STMicroelectronics X-CUBE-EEPRMA1 5.2.0
2025-11-02 16:51:22,422 [INFO] ThirdParty:1030 - CMSIS Pack Vendor :STMicroelectronics X-CUBE-IPS 3.2.0
2025-11-02 16:51:22,422 [INFO] ThirdParty:1030 - CMSIS Pack Vendor :STMicroelectronics X-CUBE-BLEMGR 4.1.0
2025-11-02 16:51:22,422 [INFO] ThirdParty:1030 - CMSIS Pack Vendor :STMicroelectronics X-CUBE-AZRTOS-WB 2.0.0
2025-11-02 16:51:22,422 [INFO] ThirdParty:1030 - CMSIS Pack Vendor :STMicroelectronics X-CUBE-ST60 1.0.0
2025-11-02 16:51:22,422 [INFO] ThirdParty:1030 - CMSIS Pack Vendor :STMicroelectronics X-CUBE-GNSS1 7.0.1
2025-11-02 16:51:22,422 [INFO] ThirdParty:1030 - CMSIS Pack Vendor :STMicroelectronics X-CUBE-NFC12 1.0.0
2025-11-02 16:51:22,422 [INFO] ThirdParty:1030 - CMSIS Pack Vendor :STMicroelectronics X-CUBE-AZRTOS-F7 1.1.0
2025-11-02 16:51:22,422 [INFO] ThirdParty:1030 - CMSIS Pack Vendor :STMicroelectronics X-CUBE-AZRTOS-L5 2.0.0
2025-11-02 16:51:22,422 [INFO] ThirdParty:1030 - CMSIS Pack Vendor :STMicroelectronics X-CUBE-TOUCHGFX 4.25.0
2025-11-02 16:51:22,422 [INFO] ThirdParty:1030 - CMSIS Pack Vendor :STMicroelectronics USB_DEVICE 2.0.0
2025-11-02 16:51:22,422 [INFO] ThirdParty:1030 - CMSIS Pack Vendor :STMicroelectronics X-CUBE-NFC6 3.1.0
2025-11-02 16:51:22,422 [INFO] ThirdParty:1030 - CMSIS Pack Vendor :STMicroelectronics X-CUBE-ST67W61 1.1.0
2025-11-02 16:51:22,422 [INFO] ThirdParty:1030 - CMSIS Pack Vendor :quantropi X-CUBE-qispace-sdk-base 2.1.0
2025-11-02 16:51:22,422 [INFO] ThirdParty:1030 - CMSIS Pack Vendor :STMicroelectronics FP-SNS-MOTENV1 5.1.0
2025-11-02 16:51:22,422 [INFO] ThirdParty:1030 - CMSIS Pack Vendor :STMicroelectronics FreeRTOS 0.0.1
2025-11-02 16:51:22,422 [INFO] ThirdParty:1030 - CMSIS Pack Vendor :STMicroelectronics X-CUBE-AZRTOS-G0 1.1.0
2025-11-02 16:51:22,422 [INFO] ThirdParty:1030 - CMSIS Pack Vendor :STMicroelectronics X-CUBE-SAFEA1 1.2.2
2025-11-02 16:51:22,422 [INFO] ThirdParty:1030 - CMSIS Pack Vendor :STMicroelectronics X-CUBE-NFC4 3.0.0
2025-11-02 16:51:22,422 [INFO] ThirdParty:1030 - CMSIS Pack Vendor :STMicroelectronics X-CUBE-SUBG2 5.0.0
2025-11-02 16:51:22,422 [INFO] ThirdParty:1030 - CMSIS Pack Vendor :STMicroelectronics X-CUBE-AZRTOS-H7RS 1.1.0
2025-11-02 16:51:22,422 [INFO] ThirdParty:1030 - CMSIS Pack Vendor :STMicroelectronics STM32_WPAN 1.0.0
2025-11-02 16:51:22,422 [INFO] ThirdParty:1030 - CMSIS Pack Vendor :EmbeddedOffice I-CUBE-FS-RTOS 1.0.1
2025-11-02 16:51:22,422 [INFO] ThirdParty:1030 - CMSIS Pack Vendor :STMicroelectronics lwIP 2.0.3
2025-11-02 16:51:22,422 [INFO] ThirdParty:1030 - CMSIS Pack Vendor :WES I-CUBE-Cesium 1.4.0
2025-11-02 16:51:22,422 [INFO] ThirdParty:1030 - CMSIS Pack Vendor :Cesanta I-CUBE-Mongoose 7.13.0
2025-11-02 16:51:22,422 [INFO] ThirdParty:1030 - CMSIS Pack Vendor :STMicroelectronics USB_HOST 1.0.0
2025-11-02 16:51:22,422 [INFO] ThirdParty:1030 - CMSIS Pack Vendor :Infineon AIROC-Wi-Fi-Bluetooth-STM32 1.7.1
2025-11-02 16:51:22,422 [INFO] ThirdParty:1030 - CMSIS Pack Vendor :STMicroelectronics X-CUBE-AZRTOS-G4 2.0.0
2025-11-02 16:51:22,422 [INFO] ThirdParty:1030 - CMSIS Pack Vendor :STMicroelectronics X-CUBE-WB05N 2.0.0
2025-11-02 16:51:22,422 [INFO] ThirdParty:1030 - CMSIS Pack Vendor :STMicroelectronics PDM2PCM 3.1.0
2025-11-02 16:51:22,422 [INFO] ThirdParty:1030 - CMSIS Pack Vendor :STMicroelectronics PDM2PCM 3.3.0
2025-11-02 16:51:22,422 [INFO] ThirdParty:1030 - CMSIS Pack Vendor :wolfSSL I-CUBE-wolfTPM 3.8.0
2025-11-02 16:51:22,422 [INFO] ThirdParty:1030 - CMSIS Pack Vendor :STMicroelectronics X-CUBE-AZRTOS-H7 3.4.0
2025-11-02 16:51:22,422 [INFO] ThirdParty:1030 - CMSIS Pack Vendor :STMicroelectronics X-CUBE-DISPLAY 3.0.0
2025-11-02 16:51:22,422 [INFO] ThirdParty:1030 - CMSIS Pack Vendor :wolfSSL I-CUBE-wolfSSH 1.4.20
2025-11-02 16:51:22,422 [INFO] ThirdParty:1030 - CMSIS Pack Vendor :STMicroelectronics X-CUBE-NFC7 2.0.0
2025-11-02 16:51:22,422 [INFO] ThirdParty:1030 - CMSIS Pack Vendor :STMicroelectronics X-CUBE-TCPP 4.2.0
2025-11-02 16:51:22,422 [INFO] ThirdParty:1030 - CMSIS Pack Vendor :RealThread X-CUBE-RT-Thread_Nano 4.1.1
2025-11-02 16:51:22,423 [INFO] ThirdParty:1030 - CMSIS Pack Vendor :STMicroelectronics FP-ATR-SIGFOX1 3.2.0
2025-11-02 16:51:22,423 [INFO] ThirdParty:1030 - CMSIS Pack Vendor :STMicroelectronics X-CUBE-NFC10 1.0.0
2025-11-02 16:51:22,423 [INFO] ThirdParty:1030 - CMSIS Pack Vendor :STMicroelectronics X-CUBE-FREERTOS 1.3.1
2025-11-02 16:51:22,423 [INFO] ThirdParty:1030 - CMSIS Pack Vendor :STMicroelectronics HAL Drivers 0.0.0
2025-11-02 16:51:22,423 [INFO] ThirdParty:1030 - CMSIS Pack Vendor :STMicroelectronics MBEDTLS 2.16.2
2025-11-02 16:51:22,423 [INFO] ThirdParty:1030 - CMSIS Pack Vendor :STMicroelectronics X-CUBE-ST60 1.1.0
2025-11-02 16:51:22,423 [INFO] ThirdParty:1030 - CMSIS Pack Vendor :STMicroelectronics X-CUBE-IPS 3.1.0
2025-11-02 16:51:22,423 [INFO] ThirdParty:1030 - CMSIS Pack Vendor :STMicroelectronics X-CUBE-ALS 1.0.2
2025-11-02 16:51:22,423 [INFO] ThirdParty:1030 - CMSIS Pack Vendor :emotas I-CUBE-CANOPEN 1.3.0
2025-11-02 16:51:22,423 [INFO] ThirdParty:1030 - CMSIS Pack Vendor :STMicroelectronics MBEDTLS 2.14.1
2025-11-02 16:51:22,423 [INFO] ThirdParty:1030 - CMSIS Pack Vendor :STMicroelectronics X-CUBE-GNSS1 7.1.0
2025-11-02 16:51:22,423 [INFO] ThirdParty:1030 - CMSIS Pack Vendor :ITTIA_DB I-CUBE-ITTIADB 8.9.0
2025-11-02 16:51:22,423 [INFO] ThirdParty:1030 - CMSIS Pack Vendor :STMicroelectronics X-CUBE-TOUCHGFX 4.26.0
2025-11-02 16:51:22,423 [INFO] ThirdParty:1030 - CMSIS Pack Vendor :STMicroelectronics X-CUBE-STSE01 1.0.0
2025-11-02 16:51:22,423 [INFO] ThirdParty:1030 - CMSIS Pack Vendor :STMicroelectronics X-CUBE-ST67W61 1.0.0
2025-11-02 16:51:22,423 [INFO] ThirdParty:1030 - CMSIS Pack Vendor :STMicroelectronics FP-SNS-STBOX1 2.1.0
2025-11-02 16:51:22,423 [INFO] ThirdParty:1030 - CMSIS Pack Vendor :STMicroelectronics X-CUBE-AI 10.2.0
2025-11-02 16:51:22,423 [INFO] ThirdParty:1030 - CMSIS Pack Vendor :STMicroelectronics FP-SNS-STAIOTCFT 1.0.0
2025-11-02 16:51:22,423 [INFO] ThirdParty:1030 - CMSIS Pack Vendor :STMicroelectronics ThreadX 1.0.0
2025-11-02 16:51:22,423 [INFO] ThirdParty:1030 - CMSIS Pack Vendor :STMicroelectronics FP-SNS-SMARTAG2 1.2.0
2025-11-02 16:51:22,423 [INFO] ThirdParty:1030 - CMSIS Pack Vendor :STMicroelectronics FP-SNS-FLIGHT1 5.1.0
2025-11-02 16:51:22,423 [INFO] ThirdParty:1030 - CMSIS Pack Vendor :STMicroelectronics X-CUBE-AZRTOS-WL 2.0.0
2025-11-02 16:51:22,423 [INFO] ThirdParty:1030 - CMSIS Pack Vendor :SEGGER I-CUBE-embOS 1.3.1
2025-11-02 16:51:22,423 [INFO] ThirdParty:1030 - CMSIS Pack Vendor :STMicroelectronics X-CUBE-ALGOBUILD 1.4.0
2025-11-02 16:51:22,423 [INFO] ThirdParty:1030 - CMSIS Pack Vendor :STMicroelectronics X-CUBE-DPower 1.3.0
2025-11-02 16:51:22,423 [INFO] ThirdParty:1030 - CMSIS Pack Vendor :STMicroelectronics X-CUBE-MEMS1 11.3.0
2025-11-02 16:51:22,423 [INFO] ThirdParty:1030 - CMSIS Pack Vendor :STMicroelectronics FP-SNS-MOTENV1 5.0.0
2025-11-02 16:51:22,423 [INFO] ThirdParty:1030 - CMSIS Pack Vendor :STMicroelectronics USB_DEVICE 1.0.0
2025-11-02 16:51:22,423 [INFO] ThirdParty:1030 - CMSIS Pack Vendor :STMicroelectronics X-CUBE-AZRTOS-L4 2.0.0
2025-11-02 16:51:22,423 [INFO] ThirdParty:1030 - CMSIS Pack Vendor :STMicroelectronics ThreadX 0.0.2
2025-11-02 16:51:22,423 [INFO] ThirdParty:1030 - CMSIS Pack Vendor :STMicroelectronics lwIP 2.1.2
2025-11-02 16:51:22,423 [INFO] ThirdParty:1030 - CMSIS Pack Vendor :STMicroelectronics X-CUBE-SFXS2LP1 4.0.0
2025-11-02 16:51:22,423 [INFO] ThirdParty:1030 - CMSIS Pack Vendor :STMicroelectronics X-CUBE-BLE2 3.3.0
2025-11-02 16:51:22,423 [INFO] ThirdParty:1030 - CMSIS Pack Vendor :STMicroelectronics X-CUBE-TOF1 3.4.3
2025-11-02 16:51:22,423 [INFO] ThirdParty:1030 - CMSIS Pack Vendor :STMicroelectronics PDM2PCM 3.2.0
2025-11-02 16:51:22,424 [INFO] ThirdParty:841 - exiting critical section [change project]
2025-11-02 16:51:22,575 [INFO] PinOutPanel:1589 - setPackage(No Configuration,No Configuration)
2025-11-02 16:51:22,575 [INFO] PinOutPanel:1589 - setPackage(STM32L476RGTx,LQFP64)
2025-11-02 16:51:22,851 [INFO] UtilMem:75 - Before build in PCC Used Memory: 401441968 Bytes (741343232)
2025-11-02 16:51:23,005 [INFO] UtilMem:75 - After build in PCC Used Memory: 482182320 Bytes (741343232)
2025-11-02 16:51:23,026 [INFO] IPUIPlugin:80 - create IPUIPlugin
2025-11-02 16:51:23,026 [INFO] IPUIPlugin:80 - create IPUIPlugin
2025-11-02 16:51:23,026 [INFO] IPUIPlugin:80 - create IPUIPlugin
2025-11-02 16:51:23,026 [INFO] IPUIPlugin:80 - create IPUIPlugin
2025-11-02 16:51:23,026 [INFO] IPUIPlugin:80 - create IPUIPlugin
2025-11-02 16:51:23,026 [INFO] IPUIPlugin:80 - create IPUIPlugin
2025-11-02 16:51:23,027 [INFO] IPUIPlugin:80 - create IPUIPlugin
2025-11-02 16:51:23,027 [INFO] IPUIPlugin:80 - create IPUIPlugin
2025-11-02 16:51:23,027 [INFO] IPUIPlugin:80 - create IPUIPlugin
2025-11-02 16:51:23,027 [INFO] IPUIPlugin:80 - create IPUIPlugin
2025-11-02 16:51:23,027 [INFO] IPUIPlugin:80 - create IPUIPlugin
2025-11-02 16:51:23,027 [INFO] IPUIPlugin:80 - create IPUIPlugin
2025-11-02 16:51:23,027 [INFO] IPUIPlugin:80 - create IPUIPlugin
2025-11-02 16:51:23,027 [INFO] IPUIPlugin:80 - create IPUIPlugin
2025-11-02 16:51:23,027 [INFO] IPUIPlugin:80 - create IPUIPlugin
2025-11-02 16:51:23,027 [INFO] IPUIPlugin:80 - create IPUIPlugin
2025-11-02 16:51:23,027 [INFO] IPUIPlugin:80 - create IPUIPlugin
2025-11-02 16:51:23,027 [INFO] IPUIPlugin:80 - create IPUIPlugin
2025-11-02 16:51:23,027 [INFO] IPUIPlugin:80 - create IPUIPlugin
2025-11-02 16:51:23,027 [INFO] IPUIPlugin:80 - create IPUIPlugin
2025-11-02 16:51:23,028 [INFO] IPUIPlugin:80 - create IPUIPlugin
2025-11-02 16:51:23,028 [INFO] IPUIPlugin:80 - create IPUIPlugin
2025-11-02 16:51:23,028 [INFO] IPUIPlugin:80 - create IPUIPlugin
2025-11-02 16:51:23,028 [INFO] IPUIPlugin:80 - create IPUIPlugin
2025-11-02 16:51:23,028 [INFO] IPUIPlugin:80 - create IPUIPlugin
2025-11-02 16:51:23,028 [INFO] IPUIPlugin:80 - create IPUIPlugin
2025-11-02 16:51:23,028 [INFO] IPUIPlugin:80 - create IPUIPlugin
2025-11-02 16:51:23,028 [INFO] IPUIPlugin:80 - create IPUIPlugin
2025-11-02 16:51:23,028 [INFO] IPUIPlugin:80 - create IPUIPlugin
2025-11-02 16:51:23,029 [INFO] IPUIPlugin:80 - create IPUIPlugin
2025-11-02 16:51:23,029 [INFO] IPUIPlugin:80 - create IPUIPlugin
2025-11-02 16:51:23,029 [INFO] IPUIPlugin:80 - create IPUIPlugin
2025-11-02 16:51:23,029 [INFO] IPUIPlugin:80 - create IPUIPlugin
2025-11-02 16:51:23,029 [INFO] IPUIPlugin:80 - create IPUIPlugin
2025-11-02 16:51:23,029 [INFO] IPUIPlugin:80 - create IPUIPlugin
2025-11-02 16:51:23,029 [INFO] IPUIPlugin:80 - create IPUIPlugin
2025-11-02 16:51:23,030 [INFO] IPUIPlugin:80 - create IPUIPlugin
2025-11-02 16:51:23,030 [INFO] IPUIPlugin:80 - create IPUIPlugin
2025-11-02 16:51:23,030 [INFO] IPUIPlugin:80 - create IPUIPlugin
2025-11-02 16:51:23,030 [INFO] IPUIPlugin:80 - create IPUIPlugin
2025-11-02 16:51:23,030 [INFO] IPUIPlugin:80 - create IPUIPlugin
2025-11-02 16:51:23,030 [INFO] IPUIPlugin:80 - create IPUIPlugin
2025-11-02 16:51:23,031 [INFO] IPUIPlugin:80 - create IPUIPlugin
2025-11-02 16:51:23,031 [INFO] IPUIPlugin:80 - create IPUIPlugin
2025-11-02 16:51:23,031 [INFO] IPUIPlugin:80 - create IPUIPlugin
2025-11-02 16:51:23,031 [INFO] IPUIPlugin:80 - create IPUIPlugin
2025-11-02 16:51:23,031 [INFO] IPUIPlugin:80 - create IPUIPlugin
2025-11-02 16:51:23,031 [INFO] IPUIPlugin:80 - create IPUIPlugin
2025-11-02 16:51:23,032 [INFO] IPUIPlugin:80 - create IPUIPlugin
2025-11-02 16:51:23,032 [INFO] IPUIPlugin:80 - create IPUIPlugin
2025-11-02 16:51:23,032 [INFO] IPUIPlugin:80 - create IPUIPlugin
2025-11-02 16:51:23,032 [INFO] IPUIPlugin:80 - create IPUIPlugin
2025-11-02 16:51:23,032 [INFO] IPUIPlugin:80 - create IPUIPlugin
2025-11-02 16:51:23,033 [INFO] IPUIPlugin:80 - create IPUIPlugin
2025-11-02 16:51:23,033 [INFO] IPUIPlugin:80 - create IPUIPlugin
2025-11-02 16:51:23,033 [INFO] IPUIPlugin:80 - create IPUIPlugin
2025-11-02 16:51:23,033 [INFO] IPUIPlugin:80 - create IPUIPlugin
2025-11-02 16:51:23,033 [INFO] IPUIPlugin:80 - create IPUIPlugin
2025-11-02 16:51:23,034 [INFO] IPUIPlugin:80 - create IPUIPlugin
2025-11-02 16:51:23,078 [INFO] CADModel:165 - CPN selected for project levelSTM32L476RGT3
2025-11-02 16:51:23,078 [INFO] CADModel:114 - Register for checkConnection events
2025-11-02 16:51:23,169 [INFO] OpenFileManager:386 - Restore cursor
2025-11-02 16:51:42,766 [INFO] UtilMem:75 - End SaveConfig() Used Memory: 569843304 Bytes (741343232)
2025-11-02 16:51:44,221 [INFO] UtilMem:75 - End SaveConfig() Used Memory: 625417832 Bytes (741343232)
2025-11-02 16:51:44,773 [INFO] BlockDiagram:2775 - set Specific Code input for plugin: DAC
2025-11-02 16:51:44,773 [INFO] BlockDiagram:2775 - set Specific Code input for plugin: TIM1_8L4
2025-11-02 16:51:44,773 [INFO] BlockDiagram:2775 - set Specific Code input for plugin: SYS
2025-11-02 16:51:44,774 [INFO] BlockDiagram:2775 - set Specific Code input for plugin: RCC
2025-11-02 16:51:44,774 [INFO] BlockDiagram:2775 - set Specific Code input for plugin: NVIC
2025-11-02 16:51:44,774 [INFO] BlockDiagram:2775 - set Specific Code input for plugin: GPIO
2025-11-02 16:51:44,774 [INFO] CodeGenerator:892 - code generatio: config db path: C:\ST\STM32CubeIDE_1.19.0\STM32CubeIDE\plugins\com.st.stm32cube.common.mx_6.15.0.202507011659\\db\
2025-11-02 16:51:44,912 [INFO] CodeEngine:265 - oldGeneratedFile, D:\STM32\Lab\Practice2-arbitrary-waveform-generator\MXTmpFiles\license.tmp_save
2025-11-02 16:51:45,513 [INFO] CodeEngine:289 - Generated code: D:\STM32\Lab\Practice2-arbitrary-waveform-generator\MXTmpFiles\license.tmp
2025-11-02 16:51:45,788 [INFO] CodeEngine:265 - oldGeneratedFile, D:\STM32\Lab\Practice2-arbitrary-waveform-generator\MXTmpFiles\gpio.tmp_save
2025-11-02 16:51:45,933 [INFO] CodeEngine:289 - Generated code: D:\STM32\Lab\Practice2-arbitrary-waveform-generator\MXTmpFiles\gpio.tmp
2025-11-02 16:51:46,156 [INFO] CodeEngine:265 - oldGeneratedFile, D:\STM32\Lab\Practice2-arbitrary-waveform-generator\Core\Src\stm32l4xx_it.c_save
2025-11-02 16:51:46,271 [INFO] CodeEngine:289 - Generated code: D:\STM32\Lab\Practice2-arbitrary-waveform-generator\Core\Src\stm32l4xx_it.c
2025-11-02 16:51:46,276 [INFO] CodeEngine:265 - oldGeneratedFile, D:\STM32\Lab\Practice2-arbitrary-waveform-generator\Core\Inc\stm32l4xx_it.h_save
2025-11-02 16:51:46,351 [INFO] CodeEngine:289 - Generated code: D:\STM32\Lab\Practice2-arbitrary-waveform-generator\Core\Inc\stm32l4xx_it.h
2025-11-02 16:51:46,366 [INFO] CodeEngine:265 - oldGeneratedFile, D:\STM32\Lab\Practice2-arbitrary-waveform-generator\Core\Src\stm32l4xx_hal_msp.c_save
2025-11-02 16:51:46,475 [INFO] CodeEngine:289 - Generated code: D:\STM32\Lab\Practice2-arbitrary-waveform-generator\Core\Src\stm32l4xx_hal_msp.c
2025-11-02 16:51:46,479 [INFO] CodeEngine:265 - oldGeneratedFile, D:\STM32\Lab\Practice2-arbitrary-waveform-generator\MXTmpFiles\system.tmp_save
2025-11-02 16:51:46,536 [INFO] CodeEngine:289 - Generated code: D:\STM32\Lab\Practice2-arbitrary-waveform-generator\MXTmpFiles\system.tmp
2025-11-02 16:51:46,547 [INFO] CodeEngine:321 - oldGeneratedFile, D:\STM32\Lab\Practice2-arbitrary-waveform-generator\Core\Inc\stm32l4xx_hal_conf.h_save
2025-11-02 16:51:46,611 [INFO] CodeEngine:345 - Generated code: D:\STM32\Lab\Practice2-arbitrary-waveform-generator\Core\Inc\stm32l4xx_hal_conf.h
2025-11-02 16:51:46,647 [INFO] ApiDbMcu:532 - Load IP Config File for DAC1
2025-11-02 16:51:46,661 [INFO] ApiDbMcu:532 - Load IP Config File for TIM2
2025-11-02 16:51:46,665 [INFO] ApiDbMcu:532 - Load IP Config File for RCC
2025-11-02 16:51:46,668 [WARN] IPConfigManager:3811 - IP not found : TIM
2025-11-02 16:51:46,669 [WARN] CodeGenerator:4259 - IP not found : null
2025-11-02 16:51:46,676 [INFO] CodeEngine:265 - oldGeneratedFile, D:\STM32\Lab\Practice2-arbitrary-waveform-generator\Core\Inc\main.h_save
2025-11-02 16:51:46,761 [INFO] CodeEngine:289 - Generated code: D:\STM32\Lab\Practice2-arbitrary-waveform-generator\Core\Inc\main.h
2025-11-02 16:51:46,767 [INFO] CodeEngine:265 - oldGeneratedFile, D:\STM32\Lab\Practice2-arbitrary-waveform-generator\Core\Src\main.c_save
2025-11-02 16:51:46,898 [INFO] CodeEngine:289 - Generated code: D:\STM32\Lab\Practice2-arbitrary-waveform-generator\Core\Src\main.c
2025-11-02 16:51:47,460 [INFO] ProjectBuilder:3606 - Time for Copy HAL[1] : 222mS.
2025-11-02 16:51:47,464 [INFO] ProjectBuilder:5216 - Project Generator version: 4.7.0-B52
2025-11-02 16:51:47,537 [INFO] ConfigFileManager:1595 - The Die is : DIE415
2025-11-02 16:51:47,561 [INFO] ApiDbMcu:532 - Load IP Config File for FATFS
2025-11-02 16:51:47,566 [INFO] ApiDbMcu:532 - Load IP Config File for FREERTOS
2025-11-02 16:51:47,575 [INFO] ApiDbMcu:532 - Load IP Config File for TOUCHSENSING
2025-11-02 16:51:47,580 [INFO] ApiDbMcu:532 - Load IP Config File for USB_DEVICE
2025-11-02 16:51:47,583 [INFO] ApiDbMcu:532 - Load IP Config File for USB_HOST
2025-11-02 16:51:48,013 [INFO] LogOutputStream:77 - [STDOUT_REDIRECT] 
2025-11-02 16:51:48,852 [INFO] ProjectBuilder:5496 - Time for Generating toolchain IDE Files: 1388mS.
2025-11-02 16:51:48,853 [INFO] ProjectBuilder:3463 - Time for Copy CMSIS : 1mS.
2025-11-02 16:51:48,855 [INFO] ProjectBuilder:3463 - Time for Copy CMSIS : 0mS.
2025-11-02 17:17:52,709 [INFO] UtilMem:75 - End SaveConfig() Used Memory: 629355256 Bytes (782237696)
2025-11-02 17:17:56,082 [INFO] UtilMem:75 - End SaveConfig() Used Memory: 339996952 Bytes (782237696)
2025-11-02 17:17:56,534 [INFO] BlockDiagram:2775 - set Specific Code input for plugin: DAC
2025-11-02 17:17:56,534 [INFO] BlockDiagram:2775 - set Specific Code input for plugin: TIM1_8L4
2025-11-02 17:17:56,534 [INFO] BlockDiagram:2775 - set Specific Code input for plugin: SYS
2025-11-02 17:17:56,534 [INFO] BlockDiagram:2775 - set Specific Code input for plugin: RCC
2025-11-02 17:17:56,534 [INFO] BlockDiagram:2775 - set Specific Code input for plugin: NVIC
2025-11-02 17:17:56,535 [INFO] BlockDiagram:2775 - set Specific Code input for plugin: GPIO
2025-11-02 17:17:56,535 [INFO] CodeGenerator:892 - code generatio: config db path: C:\ST\STM32CubeIDE_1.19.0\STM32CubeIDE\plugins\com.st.stm32cube.common.mx_6.15.0.202507011659\\db\
2025-11-02 17:17:56,609 [INFO] CodeEngine:265 - oldGeneratedFile, D:\STM32\Lab\Practice2-arbitrary-waveform-generator\MXTmpFiles\license.tmp_save
2025-11-02 17:17:56,857 [INFO] CodeEngine:289 - Generated code: D:\STM32\Lab\Practice2-arbitrary-waveform-generator\MXTmpFiles\license.tmp
2025-11-02 17:17:56,909 [INFO] CodeEngine:265 - oldGeneratedFile, D:\STM32\Lab\Practice2-arbitrary-waveform-generator\MXTmpFiles\gpio.tmp_save
2025-11-02 17:17:57,030 [INFO] CodeEngine:289 - Generated code: D:\STM32\Lab\Practice2-arbitrary-waveform-generator\MXTmpFiles\gpio.tmp
2025-11-02 17:17:57,251 [INFO] CodeEngine:265 - oldGeneratedFile, D:\STM32\Lab\Practice2-arbitrary-waveform-generator\Core\Src\stm32l4xx_it.c_save
2025-11-02 17:17:57,484 [INFO] CodeEngine:289 - Generated code: D:\STM32\Lab\Practice2-arbitrary-waveform-generator\Core\Src\stm32l4xx_it.c
2025-11-02 17:17:57,490 [INFO] CodeEngine:265 - oldGeneratedFile, D:\STM32\Lab\Practice2-arbitrary-waveform-generator\Core\Inc\stm32l4xx_it.h_save
2025-11-02 17:17:57,552 [INFO] CodeEngine:289 - Generated code: D:\STM32\Lab\Practice2-arbitrary-waveform-generator\Core\Inc\stm32l4xx_it.h
2025-11-02 17:17:57,564 [INFO] CodeEngine:265 - oldGeneratedFile, D:\STM32\Lab\Practice2-arbitrary-waveform-generator\Core\Src\stm32l4xx_hal_msp.c_save
2025-11-02 17:17:57,660 [INFO] CodeEngine:289 - Generated code: D:\STM32\Lab\Practice2-arbitrary-waveform-generator\Core\Src\stm32l4xx_hal_msp.c
2025-11-02 17:17:57,664 [INFO] CodeEngine:265 - oldGeneratedFile, D:\STM32\Lab\Practice2-arbitrary-waveform-generator\MXTmpFiles\system.tmp_save
2025-11-02 17:17:57,713 [INFO] CodeEngine:289 - Generated code: D:\STM32\Lab\Practice2-arbitrary-waveform-generator\MXTmpFiles\system.tmp
2025-11-02 17:17:57,723 [INFO] CodeEngine:321 - oldGeneratedFile, D:\STM32\Lab\Practice2-arbitrary-waveform-generator\Core\Inc\stm32l4xx_hal_conf.h_save
2025-11-02 17:17:57,777 [INFO] CodeEngine:345 - Generated code: D:\STM32\Lab\Practice2-arbitrary-waveform-generator\Core\Inc\stm32l4xx_hal_conf.h
2025-11-02 17:17:57,797 [WARN] IPConfigManager:3811 - IP not found : TIM
2025-11-02 17:17:57,797 [WARN] CodeGenerator:4259 - IP not found : null
2025-11-02 17:17:57,804 [INFO] CodeEngine:265 - oldGeneratedFile, D:\STM32\Lab\Practice2-arbitrary-waveform-generator\Core\Inc\main.h_save
2025-11-02 17:17:57,878 [INFO] CodeEngine:289 - Generated code: D:\STM32\Lab\Practice2-arbitrary-waveform-generator\Core\Inc\main.h
2025-11-02 17:17:57,883 [INFO] CodeEngine:265 - oldGeneratedFile, D:\STM32\Lab\Practice2-arbitrary-waveform-generator\Core\Src\main.c_save
2025-11-02 17:17:57,974 [INFO] CodeEngine:289 - Generated code: D:\STM32\Lab\Practice2-arbitrary-waveform-generator\Core\Src\main.c
2025-11-02 17:17:58,346 [INFO] ProjectBuilder:3606 - Time for Copy HAL[1] : 161mS.
2025-11-02 17:17:58,349 [INFO] ProjectBuilder:5216 - Project Generator version: 4.7.0-B52
2025-11-02 17:17:58,416 [INFO] ConfigFileManager:1595 - The Die is : DIE415
2025-11-02 17:17:59,179 [INFO] ProjectBuilder:5496 - Time for Generating toolchain IDE Files: 830mS.
2025-11-02 17:17:59,179 [INFO] ProjectBuilder:3463 - Time for Copy CMSIS : 0mS.
2025-11-02 17:17:59,182 [INFO] ProjectBuilder:3463 - Time for Copy CMSIS : 0mS.
2025-11-02 17:20:27,932 [INFO] UtilMem:75 - End SaveConfig() Used Memory: 341352600 Bytes (782237696)
2025-11-02 17:20:28,054 [INFO] BlockDiagram:2775 - set Specific Code input for plugin: DAC
2025-11-02 17:20:28,054 [INFO] BlockDiagram:2775 - set Specific Code input for plugin: TIM1_8L4
2025-11-02 17:20:28,054 [INFO] BlockDiagram:2775 - set Specific Code input for plugin: SYS
2025-11-02 17:20:28,054 [INFO] BlockDiagram:2775 - set Specific Code input for plugin: RCC
2025-11-02 17:20:28,054 [INFO] BlockDiagram:2775 - set Specific Code input for plugin: NVIC
2025-11-02 17:20:28,054 [INFO] BlockDiagram:2775 - set Specific Code input for plugin: GPIO
2025-11-02 17:20:28,055 [INFO] CodeGenerator:892 - code generatio: config db path: C:\ST\STM32CubeIDE_1.19.0\STM32CubeIDE\plugins\com.st.stm32cube.common.mx_6.15.0.202507011659\\db\
2025-11-02 17:20:28,125 [INFO] CodeEngine:265 - oldGeneratedFile, D:\STM32\Lab\Practice2-arbitrary-waveform-generator\MXTmpFiles\license.tmp_save
2025-11-02 17:20:28,193 [INFO] CodeEngine:289 - Generated code: D:\STM32\Lab\Practice2-arbitrary-waveform-generator\MXTmpFiles\license.tmp
2025-11-02 17:20:28,229 [INFO] CodeEngine:265 - oldGeneratedFile, D:\STM32\Lab\Practice2-arbitrary-waveform-generator\MXTmpFiles\gpio.tmp_save
2025-11-02 17:20:28,278 [INFO] CodeEngine:289 - Generated code: D:\STM32\Lab\Practice2-arbitrary-waveform-generator\MXTmpFiles\gpio.tmp
2025-11-02 17:20:28,403 [INFO] CodeEngine:265 - oldGeneratedFile, D:\STM32\Lab\Practice2-arbitrary-waveform-generator\Core\Src\stm32l4xx_it.c_save
2025-11-02 17:20:28,468 [INFO] CodeEngine:289 - Generated code: D:\STM32\Lab\Practice2-arbitrary-waveform-generator\Core\Src\stm32l4xx_it.c
2025-11-02 17:20:28,473 [INFO] CodeEngine:265 - oldGeneratedFile, D:\STM32\Lab\Practice2-arbitrary-waveform-generator\Core\Inc\stm32l4xx_it.h_save
2025-11-02 17:20:28,520 [INFO] CodeEngine:289 - Generated code: D:\STM32\Lab\Practice2-arbitrary-waveform-generator\Core\Inc\stm32l4xx_it.h
2025-11-02 17:20:28,531 [INFO] CodeEngine:265 - oldGeneratedFile, D:\STM32\Lab\Practice2-arbitrary-waveform-generator\Core\Src\stm32l4xx_hal_msp.c_save
2025-11-02 17:20:28,598 [INFO] CodeEngine:289 - Generated code: D:\STM32\Lab\Practice2-arbitrary-waveform-generator\Core\Src\stm32l4xx_hal_msp.c
2025-11-02 17:20:28,602 [INFO] CodeEngine:265 - oldGeneratedFile, D:\STM32\Lab\Practice2-arbitrary-waveform-generator\MXTmpFiles\system.tmp_save
2025-11-02 17:20:28,644 [INFO] CodeEngine:289 - Generated code: D:\STM32\Lab\Practice2-arbitrary-waveform-generator\MXTmpFiles\system.tmp
2025-11-02 17:20:28,653 [INFO] CodeEngine:321 - oldGeneratedFile, D:\STM32\Lab\Practice2-arbitrary-waveform-generator\Core\Inc\stm32l4xx_hal_conf.h_save
2025-11-02 17:20:28,702 [INFO] CodeEngine:345 - Generated code: D:\STM32\Lab\Practice2-arbitrary-waveform-generator\Core\Inc\stm32l4xx_hal_conf.h
2025-11-02 17:20:28,717 [WARN] IPConfigManager:3811 - IP not found : TIM
2025-11-02 17:20:28,717 [WARN] CodeGenerator:4259 - IP not found : null
2025-11-02 17:20:28,724 [INFO] CodeEngine:265 - oldGeneratedFile, D:\STM32\Lab\Practice2-arbitrary-waveform-generator\Core\Inc\main.h_save
2025-11-02 17:20:28,774 [INFO] CodeEngine:289 - Generated code: D:\STM32\Lab\Practice2-arbitrary-waveform-generator\Core\Inc\main.h
2025-11-02 17:20:28,778 [INFO] CodeEngine:265 - oldGeneratedFile, D:\STM32\Lab\Practice2-arbitrary-waveform-generator\Core\Src\main.c_save
2025-11-02 17:20:28,866 [INFO] CodeEngine:289 - Generated code: D:\STM32\Lab\Practice2-arbitrary-waveform-generator\Core\Src\main.c
2025-11-02 17:20:29,146 [INFO] ProjectBuilder:3606 - Time for Copy HAL[1] : 141mS.
2025-11-02 17:20:29,149 [INFO] ProjectBuilder:5216 - Project Generator version: 4.7.0-B52
2025-11-02 17:20:29,210 [INFO] ConfigFileManager:1595 - The Die is : DIE415
2025-11-02 17:20:29,760 [INFO] ProjectBuilder:5496 - Time for Generating toolchain IDE Files: 611mS.
2025-11-02 17:20:29,761 [INFO] ProjectBuilder:3463 - Time for Copy CMSIS : 1mS.
2025-11-02 17:20:29,763 [INFO] ProjectBuilder:3463 - Time for Copy CMSIS : 0mS.
2025-11-02 19:16:11,649 [INFO] UtilMem:75 - End SaveConfig() Used Memory: 492311184 Bytes (782237696)
2025-11-02 19:16:13,427 [INFO] UtilMem:75 - End SaveConfig() Used Memory: 528521528 Bytes (782237696)
2025-11-02 19:16:14,785 [INFO] UtilMem:75 - End SaveConfig() Used Memory: 613929456 Bytes (782237696)
2025-11-02 19:16:15,229 [INFO] BlockDiagram:2775 - set Specific Code input for plugin: DAC
2025-11-02 19:16:15,229 [INFO] BlockDiagram:2775 - set Specific Code input for plugin: TIM1_8L4
2025-11-02 19:16:15,229 [INFO] BlockDiagram:2775 - set Specific Code input for plugin: SYS
2025-11-02 19:16:15,229 [INFO] BlockDiagram:2775 - set Specific Code input for plugin: RCC
2025-11-02 19:16:15,229 [INFO] BlockDiagram:2775 - set Specific Code input for plugin: NVIC
2025-11-02 19:16:15,229 [INFO] BlockDiagram:2775 - set Specific Code input for plugin: GPIO
2025-11-02 19:16:15,230 [INFO] CodeGenerator:892 - code generatio: config db path: C:\ST\STM32CubeIDE_1.19.0\STM32CubeIDE\plugins\com.st.stm32cube.common.mx_6.15.0.202507011659\\db\
2025-11-02 19:16:15,336 [INFO] CodeEngine:265 - oldGeneratedFile, D:\STM32\Lab\Practice2-arbitrary-waveform-generator\MXTmpFiles\license.tmp_save
2025-11-02 19:16:15,623 [INFO] CodeEngine:289 - Generated code: D:\STM32\Lab\Practice2-arbitrary-waveform-generator\MXTmpFiles\license.tmp
2025-11-02 19:16:15,688 [INFO] CodeEngine:265 - oldGeneratedFile, D:\STM32\Lab\Practice2-arbitrary-waveform-generator\MXTmpFiles\gpio.tmp_save
2025-11-02 19:16:15,826 [INFO] CodeEngine:289 - Generated code: D:\STM32\Lab\Practice2-arbitrary-waveform-generator\MXTmpFiles\gpio.tmp
2025-11-02 19:16:16,095 [INFO] CodeEngine:265 - oldGeneratedFile, D:\STM32\Lab\Practice2-arbitrary-waveform-generator\Core\Src\stm32l4xx_it.c_save
2025-11-02 19:16:16,396 [INFO] CodeEngine:289 - Generated code: D:\STM32\Lab\Practice2-arbitrary-waveform-generator\Core\Src\stm32l4xx_it.c
2025-11-02 19:16:16,402 [INFO] CodeEngine:265 - oldGeneratedFile, D:\STM32\Lab\Practice2-arbitrary-waveform-generator\Core\Inc\stm32l4xx_it.h_save
2025-11-02 19:16:16,492 [INFO] CodeEngine:289 - Generated code: D:\STM32\Lab\Practice2-arbitrary-waveform-generator\Core\Inc\stm32l4xx_it.h
2025-11-02 19:16:16,512 [INFO] CodeEngine:265 - oldGeneratedFile, D:\STM32\Lab\Practice2-arbitrary-waveform-generator\Core\Src\stm32l4xx_hal_msp.c_save
2025-11-02 19:16:16,663 [INFO] CodeEngine:289 - Generated code: D:\STM32\Lab\Practice2-arbitrary-waveform-generator\Core\Src\stm32l4xx_hal_msp.c
2025-11-02 19:16:16,667 [INFO] CodeEngine:265 - oldGeneratedFile, D:\STM32\Lab\Practice2-arbitrary-waveform-generator\MXTmpFiles\system.tmp_save
2025-11-02 19:16:16,746 [INFO] CodeEngine:289 - Generated code: D:\STM32\Lab\Practice2-arbitrary-waveform-generator\MXTmpFiles\system.tmp
2025-11-02 19:16:16,756 [INFO] CodeEngine:321 - oldGeneratedFile, D:\STM32\Lab\Practice2-arbitrary-waveform-generator\Core\Inc\stm32l4xx_hal_conf.h_save
2025-11-02 19:16:16,827 [INFO] CodeEngine:345 - Generated code: D:\STM32\Lab\Practice2-arbitrary-waveform-generator\Core\Inc\stm32l4xx_hal_conf.h
2025-11-02 19:16:16,846 [WARN] IPConfigManager:3811 - IP not found : TIM
2025-11-02 19:16:16,847 [WARN] CodeGenerator:4259 - IP not found : null
2025-11-02 19:16:16,853 [INFO] CodeEngine:265 - oldGeneratedFile, D:\STM32\Lab\Practice2-arbitrary-waveform-generator\Core\Inc\main.h_save
2025-11-02 19:16:16,957 [INFO] CodeEngine:289 - Generated code: D:\STM32\Lab\Practice2-arbitrary-waveform-generator\Core\Inc\main.h
2025-11-02 19:16:16,962 [INFO] CodeEngine:265 - oldGeneratedFile, D:\STM32\Lab\Practice2-arbitrary-waveform-generator\Core\Src\main.c_save
2025-11-02 19:16:17,081 [INFO] CodeEngine:289 - Generated code: D:\STM32\Lab\Practice2-arbitrary-waveform-generator\Core\Src\main.c
2025-11-02 19:16:17,420 [INFO] ProjectBuilder:3606 - Time for Copy HAL[1] : 160mS.
2025-11-02 19:16:17,423 [INFO] ProjectBuilder:5216 - Project Generator version: 4.7.0-B52
2025-11-02 19:16:17,491 [INFO] ConfigFileManager:1595 - The Die is : DIE415
2025-11-02 19:16:18,329 [INFO] ProjectBuilder:5496 - Time for Generating toolchain IDE Files: 907mS.
2025-11-02 19:16:18,329 [INFO] ProjectBuilder:3463 - Time for Copy CMSIS : 0mS.
2025-11-02 19:16:18,332 [INFO] ProjectBuilder:3463 - Time for Copy CMSIS : 0mS.
2025-11-02 21:50:22,152 [INFO] Gpio:278 - dependency for GPIO [DAC1]
2025-11-02 21:50:31,602 [INFO] NvicIntPanel:101 - NVIC parent = com.st.microxplorer.plugins.ip.nvic.MultiNvicIntPanel[,2,27,516x386,layout=javax.swing.BoxLayout,alignmentX=0.0,alignmentY=0.0,border=,flags=9,maximumSize=,minimumSize=,preferredSize=]
2025-11-02 21:51:02,774 [INFO] Gpio:278 - dependency for GPIO [DAC1]
2025-11-02 22:00:16,886 [INFO] Gpio:278 - dependency for GPIO [DAC1]
2025-11-02 22:00:21,229 [INFO] NvicIntPanel:101 - NVIC parent = com.st.microxplorer.plugins.ip.nvic.MultiNvicIntPanel[,2,27,565x390,layout=javax.swing.BoxLayout,alignmentX=0.0,alignmentY=0.0,border=,flags=9,maximumSize=,minimumSize=,preferredSize=]
