2025-09-27 14:09:30,598 [INFO] Activator:176 - 


2025-09-27 14:09:30,601 [INFO] Activator:177 - !SESSION log4j initialized
2025-09-27 14:09:35,305 [INFO] LogOutputStream:77 - [STDOUT_REDIRECT] 
2025-09-27 14:09:39,376 [INFO] ApplicationProperties:184 - Using Application install path: C:\ST\STM32CubeIDE_1.19.0\STM32CubeIDE\plugins\com.st.stm32cube.common.mx_6.15.0.202507011659
2025-09-27 14:09:39,391 [INFO] DbMcusXml:78 - Set database path to: C:\ST\STM32CubeIDE_1.19.0\STM32CubeIDE\plugins\com.st.stm32cube.common.mx_6.15.0.202507011659\\db\/mcu/
2025-09-27 14:09:39,392 [INFO] ApiDb:274 - Set plugin database path to: C:\ST\STM32CubeIDE_1.19.0\STM32CubeIDE\plugins\com.st.stm32cube.common.mx_6.15.0.202507011659\\db\/plugins/boardmanager/
2025-09-27 14:09:39,392 [WARN] ApiDb:259 - Overriding images path with different value:  => C:\ST\STM32CubeIDE_1.19.0\STM32CubeIDE\plugins\com.st.stm32cube.common.mx_6.15.0.202507011659\\db\/plugins/mcufinder/images/
2025-09-27 14:09:39,397 [INFO] ApiDb:250 - Set database path to: C:\Users\user\.stmcufinder\plugins\mcufinder//mcu/
2025-09-27 14:09:39,398 [INFO] DbMcusAds:125 - Set database path to: C:\Users\user\.stmcufinder\plugins\mcufinder//mcu/
2025-09-27 14:09:39,401 [INFO] CrossReferenceDbSqlite:203 - Set database path to: C:\Users\user\.stmcufinder\plugins\mcufinder//mcu/cs/
2025-09-27 14:09:39,490 [INFO] RulesReader:64 - Compatibility file has been processed (317 Rules)
2025-09-27 14:09:39,564 [INFO] DbMcusXml:78 - Set database path to: C:\ST\STM32CubeIDE_1.19.0\STM32CubeIDE\plugins\com.st.stm32cube.common.mx_6.15.0.202507011659\\db\/mcu/
2025-09-27 14:09:39,564 [INFO] ApiDb:274 - Set plugin database path to: C:\ST\STM32CubeIDE_1.19.0\STM32CubeIDE\plugins\com.st.stm32cube.common.mx_6.15.0.202507011659\\db\/plugins/boardmanager/
2025-09-27 14:09:39,564 [INFO] ApiDb:261 - Set plugin images path to: C:\ST\STM32CubeIDE_1.19.0\STM32CubeIDE\plugins\com.st.stm32cube.common.mx_6.15.0.202507011659\\db\/plugins/mcufinder/images/
2025-09-27 14:09:39,565 [WARN] DbFile:41 - Overriding database path with different value: C:\Users\user\.stmcufinder\plugins\mcufinder/ => C:\Users\user\.stmcufinder\plugins\mcufinder
2025-09-27 14:09:39,565 [INFO] ApiDb:250 - Set database path to: C:\Users\user\.stmcufinder\plugins\mcufinder//mcu/
2025-09-27 14:09:39,565 [WARN] DbFile:41 - Overriding database path with different value: C:\Users\user\.stmcufinder\plugins\mcufinder/ => C:\Users\user\.stmcufinder\plugins\mcufinder
2025-09-27 14:09:39,565 [INFO] DbMcusAds:125 - Set database path to: C:\Users\user\.stmcufinder\plugins\mcufinder//mcu/
2025-09-27 14:09:39,565 [WARN] DbFile:41 - Overriding database path with different value: C:\Users\user\.stmcufinder\plugins\mcufinder/ => C:\Users\user\.stmcufinder\plugins\mcufinder
2025-09-27 14:09:39,565 [WARN] DbFile:41 - Overriding database path with different value: C:\Users\user\.stmcufinder\plugins\mcufinder/ => C:\Users\user\.stmcufinder\plugins\mcufinder
2025-09-27 14:09:39,565 [INFO] CrossReferenceDbSqlite:203 - Set database path to: C:\Users\user\.stmcufinder\plugins\mcufinder//mcu/cs/
2025-09-27 14:09:39,628 [INFO] MainPanel:274 - HeapMemory: 268435456
2025-09-27 14:09:39,737 [INFO] DbMcusXml:78 - Set database path to: C:\ST\STM32CubeIDE_1.19.0\STM32CubeIDE\plugins\com.st.stm32cube.common.mx_6.15.0.202507011659\\db\/mcu/
2025-09-27 14:09:39,737 [INFO] ApiDb:274 - Set plugin database path to: C:\ST\STM32CubeIDE_1.19.0\STM32CubeIDE\plugins\com.st.stm32cube.common.mx_6.15.0.202507011659\\db\/plugins/boardmanager/
2025-09-27 14:09:39,737 [INFO] ApiDb:261 - Set plugin images path to: C:\ST\STM32CubeIDE_1.19.0\STM32CubeIDE\plugins\com.st.stm32cube.common.mx_6.15.0.202507011659\\db\/plugins/mcufinder/images/
2025-09-27 14:09:39,737 [WARN] DbFile:41 - Overriding database path with different value: C:\Users\user\.stmcufinder\plugins\mcufinder/ => C:\Users\user\.stmcufinder\plugins\mcufinder
2025-09-27 14:09:39,737 [INFO] ApiDb:250 - Set database path to: C:\Users\user\.stmcufinder\plugins\mcufinder//mcu/
2025-09-27 14:09:39,737 [WARN] DbFile:41 - Overriding database path with different value: C:\Users\user\.stmcufinder\plugins\mcufinder/ => C:\Users\user\.stmcufinder\plugins\mcufinder
2025-09-27 14:09:39,737 [INFO] DbMcusAds:125 - Set database path to: C:\Users\user\.stmcufinder\plugins\mcufinder//mcu/
2025-09-27 14:09:39,737 [WARN] DbFile:41 - Overriding database path with different value: C:\Users\user\.stmcufinder\plugins\mcufinder/ => C:\Users\user\.stmcufinder\plugins\mcufinder
2025-09-27 14:09:39,737 [WARN] DbFile:41 - Overriding database path with different value: C:\Users\user\.stmcufinder\plugins\mcufinder/ => C:\Users\user\.stmcufinder\plugins\mcufinder
2025-09-27 14:09:39,737 [INFO] CrossReferenceDbSqlite:203 - Set database path to: C:\Users\user\.stmcufinder\plugins\mcufinder//mcu/cs/
2025-09-27 14:09:39,753 [INFO] ApplicationProperties:184 - Using Application install path: C:\ST\STM32CubeIDE_1.19.0\STM32CubeIDE\plugins\com.st.stm32cube.common.mx_6.15.0.202507011659
2025-09-27 14:09:39,754 [INFO] PluginManage:196 - Search for loadable plugins [exclusion list=, ]
2025-09-27 14:09:39,755 [INFO] PluginManage:310 - Check plugin analytics
2025-09-27 14:09:39,896 [INFO] AnalyticsPlugin:253 - Accepted Software Licenses: 
2025-09-27 14:09:39,896 [INFO] AnalyticsPlugin:255 - Accepted CMSIS Pack Licenses: 
2025-09-27 14:09:39,897 [INFO] AnalyticsPlugin:257 - Accepted Firmware Licenses: FW.L4.1.18.0
2025-09-27 14:09:39,899 [INFO] PluginManage:359 - Loaded plugin analytics (category:tool,tabindex:-1)
2025-09-27 14:09:39,899 [INFO] PluginManage:310 - Check plugin cadmodel
2025-09-27 14:09:39,905 [INFO] CADModel:105 - Init CAD model plugin
2025-09-27 14:09:39,905 [INFO] PluginManage:359 - Loaded plugin cadmodel (category:power,tabindex:5)
2025-09-27 14:09:39,905 [INFO] PluginManage:310 - Check plugin clock
2025-09-27 14:09:39,916 [INFO] PluginManage:359 - Loaded plugin clock (category:base,tabindex:2)
2025-09-27 14:09:39,916 [INFO] PluginManage:310 - Check plugin ddr
2025-09-27 14:09:39,919 [INFO] PluginManage:359 - Loaded plugin ddr (category:tool,tabindex:6)
2025-09-27 14:09:39,919 [INFO] PluginManage:310 - Check plugin filemanager
2025-09-27 14:09:40,053 [INFO] PluginManage:359 - Loaded plugin filemanager (category:base,tabindex:10)
2025-09-27 14:09:40,053 [INFO] PluginManage:310 - Check plugin ipmanager
2025-09-27 14:09:40,059 [INFO] PluginManage:359 - Loaded plugin ipmanager (category:base,tabindex:5)
2025-09-27 14:09:40,059 [INFO] PluginManage:310 - Check plugin lpbam
2025-09-27 14:09:40,066 [INFO] PluginManage:359 - Loaded plugin lpbam (category:base,tabindex:0)
2025-09-27 14:09:40,066 [INFO] PluginManage:310 - Check plugin memorymap
2025-09-27 14:09:40,079 [INFO] PluginManage:359 - Loaded plugin memorymap (category:base,tabindex:4)
2025-09-27 14:09:40,079 [INFO] PluginManage:310 - Check plugin pinoutandconfiguration
2025-09-27 14:09:40,089 [INFO] PluginManage:359 - Loaded plugin pinoutandconfiguration (category:base,tabindex:1)
2025-09-27 14:09:40,089 [INFO] PluginManage:310 - Check plugin pinoutconfig
2025-09-27 14:09:40,159 [WARN] SupportedApi:132 - Cannot load RTOS API schema: s4s-elt-must-match.1: The content of 'definitions' must match (annotation?, (simpleType | complexType)?, (unique | key | keyref)*)). A problem was found starting at: attribute.
2025-09-27 14:09:40,263 [INFO] PluginManage:359 - Loaded plugin pinoutconfig (category:base,tabindex:0)
2025-09-27 14:09:40,263 [INFO] PluginManage:310 - Check plugin power
2025-09-27 14:09:40,275 [INFO] PluginManage:359 - Loaded plugin power (category:power,tabindex:4)
2025-09-27 14:09:40,275 [INFO] PluginManage:310 - Check plugin projectmanager
2025-09-27 14:09:40,286 [INFO] PluginManage:359 - Loaded plugin projectmanager (category:projectmanager,tabindex:4)
2025-09-27 14:09:40,286 [INFO] PluginManage:310 - Check plugin rif
2025-09-27 14:09:40,296 [INFO] PluginManage:359 - Loaded plugin rif (category:base,tabindex:3)
2025-09-27 14:09:40,296 [INFO] PluginManage:310 - Check plugin thirdparty
2025-09-27 14:09:40,403 [INFO] PluginManage:359 - Loaded plugin thirdparty (category:base,tabindex:-1)
2025-09-27 14:09:40,403 [WARN] IntegrityCheckThread:84 - waiting for thirdparty lock release [integrity check]
2025-09-27 14:09:40,403 [INFO] PluginManage:310 - Check plugin tools
2025-09-27 14:09:40,403 [INFO] IntegrityCheckThread:86 - entering critical section [integrity check]
2025-09-27 14:09:40,403 [INFO] ThirdPartyUpdaterWithRetryManager:70 - Updater plugin not ready yet. [1/15]
2025-09-27 14:09:40,405 [INFO] PluginManage:359 - Loaded plugin tools (category:base,tabindex:7)
2025-09-27 14:09:40,405 [INFO] PluginManage:310 - Check plugin tutovideos
2025-09-27 14:09:40,622 [INFO] PluginManage:359 - Loaded plugin tutovideos (category:base,tabindex:-1)
2025-09-27 14:09:40,622 [INFO] PluginManage:310 - Check plugin updater
2025-09-27 14:09:40,639 [INFO] PluginManage:359 - Loaded plugin updater (category:base,tabindex:12)
2025-09-27 14:09:40,641 [INFO] PluginManage:310 - Check plugin userauth
2025-09-27 14:09:40,644 [INFO] UserAuth:118 - Init User Auth plugin
2025-09-27 14:09:40,644 [INFO] PluginManage:359 - Loaded plugin userauth (category:base,tabindex:14)
2025-09-27 14:09:40,644 [INFO] PluginManage:283 - PluginManage : Loaded plugins [18]
2025-09-27 14:09:40,846 [INFO] PinOutPanel:1589 - setPackage(No Configuration,No Configuration)
2025-09-27 14:09:40,915 [INFO] CADModel:165 - CPN selected for project level
2025-09-27 14:09:40,915 [INFO] CADModel:114 - Register for checkConnection events
2025-09-27 14:09:40,930 [INFO] IPUIPlugin:80 - create IPUIPlugin
2025-09-27 14:09:40,930 [INFO] PluginManager:220 - loadIPPluginJar : add adc
2025-09-27 14:09:40,933 [INFO] IPUIPlugin:80 - create IPUIPlugin
2025-09-27 14:09:40,933 [INFO] PluginManager:220 - loadIPPluginJar : add aes
2025-09-27 14:09:40,935 [INFO] IPUIPlugin:80 - create IPUIPlugin
2025-09-27 14:09:40,936 [INFO] PluginManager:220 - loadIPPluginJar : add can
2025-09-27 14:09:40,937 [INFO] IPUIPlugin:80 - create IPUIPlugin
2025-09-27 14:09:40,937 [INFO] PluginManager:220 - loadIPPluginJar : add comp
2025-09-27 14:09:40,940 [INFO] IPUIPlugin:80 - create IPUIPlugin
2025-09-27 14:09:40,940 [INFO] PluginManager:220 - loadIPPluginJar : add cryp
2025-09-27 14:09:40,943 [INFO] IPUIPlugin:80 - create IPUIPlugin
2025-09-27 14:09:40,943 [INFO] PluginManager:220 - loadIPPluginJar : add ddr_ctrl_phy
2025-09-27 14:09:40,945 [INFO] IPUIPlugin:80 - create IPUIPlugin
2025-09-27 14:09:40,945 [INFO] PluginManager:220 - loadIPPluginJar : add dfsdm
2025-09-27 14:09:40,949 [INFO] IPUIPlugin:80 - create IPUIPlugin
2025-09-27 14:09:40,950 [INFO] PluginManager:220 - loadIPPluginJar : add dma
2025-09-27 14:09:40,952 [INFO] IPUIPlugin:80 - create IPUIPlugin
2025-09-27 14:09:40,952 [INFO] PluginManager:220 - loadIPPluginJar : add dma3
2025-09-27 14:09:40,954 [INFO] IPUIPlugin:80 - create IPUIPlugin
2025-09-27 14:09:40,956 [INFO] PluginManager:220 - loadIPPluginJar : add extmemmanager
2025-09-27 14:09:40,957 [INFO] IPUIPlugin:80 - create IPUIPlugin
2025-09-27 14:09:40,957 [INFO] PluginManager:220 - loadIPPluginJar : add fatfs
2025-09-27 14:09:40,960 [INFO] IPUIPlugin:80 - create IPUIPlugin
2025-09-27 14:09:40,960 [INFO] PluginManager:220 - loadIPPluginJar : add fmc
2025-09-27 14:09:40,967 [INFO] IPUIPlugin:80 - create IPUIPlugin
2025-09-27 14:09:40,967 [INFO] PluginManager:220 - loadIPPluginJar : add freertos
2025-09-27 14:09:40,968 [INFO] IPUIPlugin:80 - create IPUIPlugin
2025-09-27 14:09:40,968 [INFO] PluginManager:220 - loadIPPluginJar : add genericplugin
2025-09-27 14:09:40,970 [INFO] IPUIPlugin:80 - create IPUIPlugin
2025-09-27 14:09:40,970 [INFO] PluginManager:220 - loadIPPluginJar : add gfxmmu
2025-09-27 14:09:40,974 [INFO] IPUIPlugin:80 - create IPUIPlugin
2025-09-27 14:09:40,974 [INFO] PluginManager:220 - loadIPPluginJar : add gic
2025-09-27 14:09:40,978 [INFO] IPUIPlugin:80 - create IPUIPlugin
2025-09-27 14:09:40,978 [INFO] PluginManager:220 - loadIPPluginJar : add gpio
2025-09-27 14:09:40,980 [INFO] IPUIPlugin:80 - create IPUIPlugin
2025-09-27 14:09:40,981 [INFO] PluginManager:220 - loadIPPluginJar : add gtzc
2025-09-27 14:09:40,983 [INFO] IPUIPlugin:80 - create IPUIPlugin
2025-09-27 14:09:40,983 [INFO] PluginManager:220 - loadIPPluginJar : add hash
2025-09-27 14:09:40,986 [INFO] IPUIPlugin:80 - create IPUIPlugin
2025-09-27 14:09:40,986 [INFO] PluginManager:220 - loadIPPluginJar : add i2c
2025-09-27 14:09:40,987 [INFO] IPUIPlugin:80 - create IPUIPlugin
2025-09-27 14:09:40,988 [INFO] PluginManager:220 - loadIPPluginJar : add i2s
2025-09-27 14:09:40,991 [INFO] IPUIPlugin:80 - create IPUIPlugin
2025-09-27 14:09:40,991 [INFO] PluginManager:220 - loadIPPluginJar : add i3c
2025-09-27 14:09:40,993 [INFO] IPUIPlugin:80 - create IPUIPlugin
2025-09-27 14:09:40,993 [INFO] PluginManager:220 - loadIPPluginJar : add ipddr
2025-09-27 14:09:40,999 [INFO] IPUIPlugin:80 - create IPUIPlugin
2025-09-27 14:09:40,999 [INFO] PluginManager:220 - loadIPPluginJar : add linkedlist
2025-09-27 14:09:41,002 [INFO] IPUIPlugin:80 - create IPUIPlugin
2025-09-27 14:09:41,002 [INFO] PluginManager:220 - loadIPPluginJar : add lorawan
2025-09-27 14:09:41,005 [INFO] IPUIPlugin:80 - create IPUIPlugin
2025-09-27 14:09:41,005 [INFO] PluginManager:220 - loadIPPluginJar : add ltdc
2025-09-27 14:09:41,009 [INFO] IPUIPlugin:80 - create IPUIPlugin
2025-09-27 14:09:41,009 [INFO] PluginManager:220 - loadIPPluginJar : add mdma
2025-09-27 14:09:41,013 [INFO] IPUIPlugin:80 - create IPUIPlugin
2025-09-27 14:09:41,013 [INFO] PluginManager:220 - loadIPPluginJar : add nvic
2025-09-27 14:09:41,016 [INFO] IPUIPlugin:80 - create IPUIPlugin
2025-09-27 14:09:41,016 [INFO] PluginManager:220 - loadIPPluginJar : add opamp
2025-09-27 14:09:41,019 [INFO] IPUIPlugin:80 - create IPUIPlugin
2025-09-27 14:09:41,019 [INFO] PluginManager:220 - loadIPPluginJar : add openamp
2025-09-27 14:09:41,022 [INFO] IPUIPlugin:80 - create IPUIPlugin
2025-09-27 14:09:41,022 [INFO] PluginManager:220 - loadIPPluginJar : add pdm2pcm
2025-09-27 14:09:41,026 [INFO] IPUIPlugin:80 - create IPUIPlugin
2025-09-27 14:09:41,027 [INFO] PluginManager:220 - loadIPPluginJar : add plateformsettings
2025-09-27 14:09:41,030 [INFO] IPUIPlugin:80 - create IPUIPlugin
2025-09-27 14:09:41,030 [INFO] PluginManager:220 - loadIPPluginJar : add quadspi
2025-09-27 14:09:41,031 [INFO] IPUIPlugin:80 - create IPUIPlugin
2025-09-27 14:09:41,032 [INFO] PluginManager:220 - loadIPPluginJar : add radio
2025-09-27 14:09:41,036 [INFO] IPUIPlugin:80 - create IPUIPlugin
2025-09-27 14:09:41,036 [INFO] PluginManager:220 - loadIPPluginJar : add resmgrutility
2025-09-27 14:09:41,039 [INFO] IPUIPlugin:80 - create IPUIPlugin
2025-09-27 14:09:41,039 [INFO] PluginManager:220 - loadIPPluginJar : add sai
2025-09-27 14:09:41,041 [INFO] IPUIPlugin:80 - create IPUIPlugin
2025-09-27 14:09:41,041 [INFO] PluginManager:220 - loadIPPluginJar : add spi
2025-09-27 14:09:41,047 [INFO] IPUIPlugin:80 - create IPUIPlugin
2025-09-27 14:09:41,047 [INFO] PluginManager:220 - loadIPPluginJar : add stm32_wpan
2025-09-27 14:09:41,048 [INFO] IPUIPlugin:80 - create IPUIPlugin
2025-09-27 14:09:41,048 [INFO] PluginManager:220 - loadIPPluginJar : add tim
2025-09-27 14:09:41,051 [INFO] IPUIPlugin:80 - create IPUIPlugin
2025-09-27 14:09:41,051 [INFO] PluginManager:220 - loadIPPluginJar : add touchsensing
2025-09-27 14:09:41,052 [INFO] IPUIPlugin:80 - create IPUIPlugin
2025-09-27 14:09:41,052 [INFO] PluginManager:220 - loadIPPluginJar : add tracer_emb
2025-09-27 14:09:41,055 [INFO] IPUIPlugin:80 - create IPUIPlugin
2025-09-27 14:09:41,055 [INFO] PluginManager:220 - loadIPPluginJar : add ts
2025-09-27 14:09:41,056 [INFO] IPUIPlugin:80 - create IPUIPlugin
2025-09-27 14:09:41,056 [INFO] PluginManager:220 - loadIPPluginJar : add tsc
2025-09-27 14:09:41,058 [INFO] IPUIPlugin:80 - create IPUIPlugin
2025-09-27 14:09:41,058 [INFO] PluginManager:220 - loadIPPluginJar : add ucpd
2025-09-27 14:09:41,061 [INFO] IPUIPlugin:80 - create IPUIPlugin
2025-09-27 14:09:41,061 [INFO] PluginManager:220 - loadIPPluginJar : add usart
2025-09-27 14:09:41,064 [INFO] IPUIPlugin:80 - create IPUIPlugin
2025-09-27 14:09:41,064 [INFO] PluginManager:220 - loadIPPluginJar : add usbx
2025-09-27 14:09:41,183 [FATAL] Updater:351 - Updater called before beeing initialized
2025-09-27 14:09:41,207 [INFO] RulesReader:64 - Compatibility file has been processed (317 Rules)
2025-09-27 14:09:41,214 [INFO] RulesReader:64 - Compatibility file has been processed (317 Rules)
2025-09-27 14:09:41,221 [INFO] CADModel:165 - CPN selected for project level
2025-09-27 14:09:41,222 [INFO] CADModel:114 - Register for checkConnection events
2025-09-27 14:09:41,222 [FATAL] Updater:351 - Updater called before beeing initialized
2025-09-27 14:09:41,222 [ERROR] CADModel:125 - Updater not yet initialized, retry later 
2025-09-27 14:09:41,337 [FATAL] Updater:351 - Updater called before beeing initialized
2025-09-27 14:09:41,338 [INFO] CADModel:165 - CPN selected for project level
2025-09-27 14:09:41,339 [INFO] CADModel:114 - Register for checkConnection events
2025-09-27 14:09:41,339 [FATAL] Updater:351 - Updater called before beeing initialized
2025-09-27 14:09:41,339 [ERROR] CADModel:125 - Updater not yet initialized, retry later 
2025-09-27 14:09:41,342 [FATAL] Updater:351 - Updater called before beeing initialized
2025-09-27 14:09:41,443 [FATAL] Updater:351 - Updater called before beeing initialized
2025-09-27 14:09:41,446 [INFO] DbMcusAds:53 - JSON generation date=Tue Jul 08 16:14:23 CST 2025 (1751962463524)
2025-09-27 14:09:41,446 [FATAL] Updater:351 - Updater called before beeing initialized
2025-09-27 14:09:41,485 [WARN] DetailPanel:346 - Failed to get advertising image, set to default
2025-09-27 14:09:41,550 [FATAL] Updater:351 - Updater called before beeing initialized
2025-09-27 14:09:41,552 [FATAL] Updater:351 - Updater called before beeing initialized
2025-09-27 14:09:41,552 [FATAL] Updater:351 - Updater called before beeing initialized
2025-09-27 14:09:41,552 [WARN] DetailPanel:346 - Failed to get advertising image, set to default
2025-09-27 14:09:41,552 [FATAL] Updater:351 - Updater called before beeing initialized
2025-09-27 14:09:41,588 [ERROR] Updater:1198 - MainUpdater not yet initialized. External WinMGr cannot be set.
2025-09-27 14:09:41,590 [INFO] Updater:1134 - Updater Version found : 6.15.0
2025-09-27 14:09:41,604 [INFO] ApplicationProperties:184 - Using Application install path: C:\ST\STM32CubeIDE_1.19.0\STM32CubeIDE\plugins\com.st.stm32cube.common.mx_6.15.0.202507011659
2025-09-27 14:09:43,176 [ERROR] LogOutputStream:75 - [STDERR_REDIRECT] Sep 27, 2025 2:09:43 PM java.util.prefs.WindowsPreferences <init>
2025-09-27 14:09:43,177 [ERROR] LogOutputStream:75 - [STDERR_REDIRECT] WARNING: Could not open/create prefs root node Software\JavaSoft\Prefs at root 0xffffffff80000002. Windows RegCreateKeyEx(...) returned error code 5.
2025-09-27 14:09:43,177 [ERROR] LogOutputStream:75 - [STDERR_REDIRECT] 
2025-09-27 14:09:43,402 [INFO] MainUpdater:2872 - connection check result : 10
2025-09-27 14:09:43,402 [INFO] MainUpdater:3604 - Updater definition file requires update
2025-09-27 14:09:43,402 [INFO] MainUpdater:289 - Updater Check For Update Now.
2025-09-27 14:09:43,403 [INFO] MicroXplorer:498 - Change Database Version : DB.6.0.150
2025-09-27 14:09:43,404 [INFO] ThirdPartyUpdaterWithRetryManager:70 - Updater plugin not ready yet. [2/15]
2025-09-27 14:09:43,406 [INFO] McuFinderGlobals:63 - Set McuFinder mode to 2 (CubeIDE integrated)
2025-09-27 14:09:43,407 [INFO] UserAuth:171 - activating auth plugin
2025-09-27 14:09:43,409 [INFO] UserAuth:487 - Internet connection configuration mode: 1
2025-09-27 14:09:43,414 [INFO] ServerAccessManage:452 - Complete download http(s) 200
2025-09-27 14:09:43,415 [INFO] ServerAccessManage:509 - Download File updaters.zip
2025-09-27 14:09:43,431 [INFO] JxBrowserEngine:152 - Initiate JxBrowser Engine with user profile folder
2025-09-27 14:09:43,481 [INFO] FileExtend:248 - Unzip File : updaters.zip
2025-09-27 14:09:43,481 [INFO] FileExtend:263 - Standard Zip Deflate
2025-09-27 14:09:44,729 [INFO] ServerAccessManage:452 - Complete download http(s) 200
2025-09-27 14:09:44,729 [INFO] ServerAccessManage:509 - Download File PacksControlFlags.xml
2025-09-27 14:09:44,824 [INFO] ServerAccessManage:452 - Complete download http(s) 200
2025-09-27 14:09:44,824 [INFO] ServerAccessManage:509 - Download File cubemx.pidx
2025-09-27 14:09:45,600 [INFO] WebApp:169 - Instantiating new browser for Auth
2025-09-27 14:09:46,418 [WARN] MainUpdater:1193 - Updater busy. Cannot search thirdparties
2025-09-27 14:09:46,418 [INFO] ThirdPartyUpdaterWithRetryManager:96 - Updater plugin is busy. [1/15]
2025-09-27 14:09:46,454 [INFO] LoadServerUpdatesThread:375 - End of LoadServerUpdate Thread
2025-09-27 14:09:46,653 [INFO] CheckServerUpdateThread:120 - End of CheckServer Thread
2025-09-27 14:09:46,809 [INFO] WebApp:463 - Apply proxy settings
2025-09-27 14:09:46,809 [INFO] WebApp:548 - Chromium requires no authentication
2025-09-27 14:09:46,854 [INFO] WebApp:491 - Direct internet connection detected
2025-09-27 14:09:46,938 [INFO] WebApp:900 - Register for checkConnection events
2025-09-27 14:09:46,938 [INFO] WebApp:463 - Apply proxy settings
2025-09-27 14:09:46,938 [INFO] WebApp:548 - Chromium requires no authentication
2025-09-27 14:09:46,938 [INFO] WebApp:491 - Direct internet connection detected
2025-09-27 14:09:47,243 [INFO] WebApp:225 - Starting web application
2025-09-27 14:09:47,243 [INFO] WebApp:593 - Web application path used C:\ST\STM32CubeIDE_1.19.0\STM32CubeIDE\plugins\com.st.stm32cube.common.mx_6.15.0.202507011659\db\plugins\mcufinder\reactClient1\index.html
2025-09-27 14:09:47,383 [INFO] WebApp:191 - Connection restablished
2025-09-27 14:09:49,656 [WARN] PackLoader:240 - Cannot read IP mode file for STMicroelectronics.FP-SNS-MOTENVWB1.1.4.0
2025-09-27 14:09:49,657 [WARN] PackLoader:240 - Cannot read IP mode file for STMicroelectronics.FP-ATR-ASTRA1.2.0.2
2025-09-27 14:09:49,674 [WARN] PackLoader:240 - Cannot read IP mode file for STMicroelectronics.X-CUBE-SMBUS.2.1.0
2025-09-27 14:09:49,674 [WARN] PackLoader:240 - Cannot read IP mode file for STMicroelectronics.X-CUBE-ST60.1.0.0
2025-09-27 14:09:49,707 [WARN] PackLoader:240 - Cannot read IP mode file for STMicroelectronics.X-CUBE-AZRTOS-F7.1.1.0
2025-09-27 14:09:49,707 [WARN] PackLoader:240 - Cannot read IP mode file for WES.I-CUBE-Cesium.1.4.0
2025-09-27 14:09:49,740 [WARN] PackLoader:240 - Cannot read IP mode file for Infineon.AIROC-Wi-Fi-Bluetooth-STM32.1.7.1
2025-09-27 14:09:49,774 [WARN] PackLoader:240 - Cannot read IP mode file for STMicroelectronics.X-CUBE-AZRTOS-H7.3.4.0
2025-09-27 14:09:49,790 [WARN] PackLoader:240 - Cannot read IP mode file for STMicroelectronics.X-CUBE-DISPLAY.3.0.0
2025-09-27 14:09:49,790 [WARN] PackLoader:240 - Cannot read IP mode file for STMicroelectronics.X-CUBE-NFC10.1.0.0
2025-09-27 14:09:49,807 [WARN] PackLoader:240 - Cannot read IP mode file for emotas.I-CUBE-CANOPEN.1.3.0
2025-09-27 14:09:49,807 [WARN] PackLoader:240 - Cannot read IP mode file for STMicroelectronics.FP-SNS-STBOX1.2.1.0
2025-09-27 14:09:49,824 [WARN] PackLoader:240 - Cannot read IP mode file for STMicroelectronics.FP-SNS-SMARTAG2.1.2.0
2025-09-27 14:09:49,824 [WARN] PackLoader:240 - Cannot read IP mode file for STMicroelectronics.FP-SNS-FLIGHT1.5.1.0
2025-09-27 14:09:49,840 [INFO] LogOutputStream:77 - [STDOUT_REDIRECT] 1 : Invalid condition id : UX_CORESTACK_Condition cause : null
2025-09-27 14:09:49,840 [INFO] LogOutputStream:77 - [STDOUT_REDIRECT] 1 : Invalid condition id : UX_CORESTACK_Condition cause : null
2025-09-27 14:09:49,840 [INFO] LogOutputStream:77 - [STDOUT_REDIRECT] 1 : Invalid condition id : UX_CORESTACK_Condition cause : null
2025-09-27 14:09:49,840 [INFO] LogOutputStream:77 - [STDOUT_REDIRECT] 1 : Invalid condition id : UX_CORESTACK_Condition cause : null
2025-09-27 14:09:49,840 [INFO] LogOutputStream:77 - [STDOUT_REDIRECT] 1 : Invalid condition id : UX_CORESTACK_Condition cause : null
2025-09-27 14:09:49,840 [WARN] PackLoader:240 - Cannot read IP mode file for STMicroelectronics.X-CUBE-AZRTOS-WL.2.0.0
2025-09-27 14:09:49,840 [WARN] PackLoader:240 - Cannot read IP mode file for STMicroelectronics.FP-SNS-MOTENV1.5.0.0
2025-09-27 14:09:49,857 [WARN] PackLoader:240 - Cannot read IP mode file for STMicroelectronics.X-CUBE-BLE2.3.3.0
2025-09-27 14:09:49,864 [WARN] PackLoader:240 - Cannot read IP mode file for STMicroelectronics.X-CUBE-NFC9.1.0.0
2025-09-27 14:09:49,873 [WARN] PackLoader:240 - Cannot read IP mode file for wolfSSL.I-CUBE-wolfSSL.5.8.2
2025-09-27 14:09:49,873 [WARN] PackLoader:240 - Cannot read IP mode file for STMicroelectronics.X-CUBE-BLE1.7.1.0
2025-09-27 14:09:49,873 [WARN] PackLoader:240 - Cannot read IP mode file for wolfSSL.I-CUBE-wolfMQTT.1.19.2
2025-09-27 14:09:49,873 [WARN] PackLoader:240 - Cannot read IP mode file for STMicroelectronics.X-CUBE-EEPRMA1.5.2.0
2025-09-27 14:09:49,906 [WARN] PackLoader:240 - Cannot read IP mode file for STMicroelectronics.X-CUBE-AZRTOS-G0.1.1.0
2025-09-27 14:09:49,907 [WARN] PackLoader:240 - Cannot read IP mode file for STMicroelectronics.X-CUBE-SAFEA1.1.2.2
2025-09-27 14:09:49,907 [WARN] PackLoader:240 - Cannot read IP mode file for STMicroelectronics.X-CUBE-NFC4.3.0.0
2025-09-27 14:09:49,924 [WARN] PackLoader:240 - Cannot read IP mode file for EmbeddedOffice.I-CUBE-FS-RTOS.1.0.1
2025-09-27 14:09:49,924 [WARN] PackLoader:240 - Cannot read IP mode file for STMicroelectronics.X-CUBE-WB05N.2.0.0
2025-09-27 14:09:49,924 [WARN] PackLoader:240 - Cannot read IP mode file for wolfSSL.I-CUBE-wolfTPM.3.8.0
2025-09-27 14:09:49,941 [WARN] PackLoader:240 - Cannot read IP mode file for STMicroelectronics.X-CUBE-TCPP.4.2.0
2025-09-27 14:09:49,941 [WARN] PackLoader:240 - Cannot read IP mode file for RealThread.X-CUBE-RT-Thread_Nano.4.1.1
2025-09-27 14:09:49,941 [WARN] PackLoader:240 - Cannot read IP mode file for STMicroelectronics.FP-ATR-SIGFOX1.3.2.0
2025-09-27 14:09:49,957 [WARN] PackLoader:240 - Cannot read IP mode file for ITTIA_DB.I-CUBE-ITTIADB.8.9.0
2025-09-27 14:09:49,957 [WARN] PackLoader:240 - Cannot read IP mode file for STMicroelectronics.X-CUBE-ST67W61.1.0.0
2025-09-27 14:09:49,957 [WARN] PackLoader:240 - Cannot read IP mode file for STMicroelectronics.X-CUBE-AI.10.2.0
2025-09-27 14:09:49,991 [WARN] PackLoader:240 - Cannot read IP mode file for SEGGER.I-CUBE-embOS.1.3.1
2025-09-27 14:09:50,036 [WARN] PackLoader:240 - Cannot read IP mode file for STMicroelectronics.X-CUBE-ALGOBUILD.1.4.0
2025-09-27 14:09:50,074 [WARN] PackLoader:240 - Cannot read IP mode file for STMicroelectronics.X-CUBE-MEMS1.11.3.0
2025-09-27 14:09:50,214 [WARN] PackLoader:240 - Cannot read IP mode file for STMicroelectronics.X-CUBE-PM33A1.1.0.0
2025-09-27 14:09:50,235 [WARN] PackLoader:240 - Cannot read IP mode file for STMicroelectronics.X-CUBE-AZRTOS-F4.1.1.0
2025-09-27 14:09:50,252 [WARN] PackLoader:240 - Cannot read IP mode file for Avnet-IotConnect.X-CUBE-IoTC-DA16k-PMOD.1.0.0
2025-09-27 14:09:50,257 [WARN] PackLoader:240 - Cannot read IP mode file for STMicroelectronics.X-CUBE-ISPU.2.1.0
2025-09-27 14:09:50,257 [WARN] PackLoader:240 - Cannot read IP mode file for STMicroelectronics.X-CUBE-NFC12.1.0.0
2025-09-27 14:09:50,285 [WARN] PackLoader:240 - Cannot read IP mode file for STMicroelectronics.X-CUBE-AZRTOS-L5.2.0.0
2025-09-27 14:09:50,291 [WARN] PackLoader:240 - Cannot read IP mode file for STMicroelectronics.X-CUBE-NFC6.3.1.0
2025-09-27 14:09:50,314 [WARN] PackLoader:240 - Cannot read IP mode file for STMicroelectronics.X-CUBE-FREERTOS.1.3.1
2025-09-27 14:09:50,318 [WARN] PackLoader:240 - Cannot read IP mode file for STMicroelectronics.FP-SNS-STAIOTCFT.1.0.0
2025-09-27 14:09:50,324 [WARN] PackLoader:240 - Cannot read IP mode file for STMicroelectronics.X-CUBE-DPower.1.3.0
2025-09-27 14:09:50,345 [WARN] ConditionMgr:438 - getConditionDescription Invalid condition id : LAN8742 Phy interface Condition cause : null
2025-09-27 14:09:50,345 [WARN] PackLoader:240 - Cannot read IP mode file for STMicroelectronics.X-CUBE-AZRTOS-L4.2.0.0
2025-09-27 14:09:50,345 [WARN] ConditionMgr:1044 - genDependencies : Invalid condition id : LAN8742 Phy interface Condition cause : null
2025-09-27 14:09:50,345 [WARN] ConditionMgr:1044 - genDependencies : Invalid condition id : LAN8742 Phy interface Condition cause : null
2025-09-27 14:09:50,345 [WARN] ConditionMgr:1044 - genDependencies : Invalid condition id : LAN8742 Phy interface Condition cause : null
2025-09-27 14:09:50,345 [WARN] PackLoader:240 - Cannot read IP mode file for STMicroelectronics.X-CUBE-SFXS2LP1.4.0.0
2025-09-27 14:09:50,365 [WARN] PackLoader:240 - Cannot read IP mode file for STMicroelectronics.X-CUBE-BLEMGR.4.1.0
2025-09-27 14:09:50,374 [WARN] ConditionMgr:438 - getConditionDescription Invalid condition id : UX DEVICE CLASS RTOS Condition cause : null
2025-09-27 14:09:50,374 [WARN] ConditionMgr:438 - getConditionDescription Invalid condition id : UX DEVICE CLASS RTOS Condition cause : null
2025-09-27 14:09:50,374 [WARN] PackLoader:240 - Cannot read IP mode file for STMicroelectronics.X-CUBE-AZRTOS-WB.2.0.0
2025-09-27 14:09:50,374 [WARN] ConditionMgr:1044 - genDependencies : Invalid condition id : UX DEVICE CLASS RTOS Condition cause : null
2025-09-27 14:09:50,374 [WARN] ConditionMgr:1044 - genDependencies : Invalid condition id : UX DEVICE CLASS RTOS Condition cause : null
2025-09-27 14:09:50,374 [WARN] ConditionMgr:1044 - genDependencies : Invalid condition id : UX DEVICE CLASS RTOS Condition cause : null
2025-09-27 14:09:50,374 [WARN] ConditionMgr:1044 - genDependencies : Invalid condition id : UX DEVICE CLASS RTOS Condition cause : null
2025-09-27 14:09:50,374 [WARN] ConditionMgr:1044 - genDependencies : Invalid condition id : UX DEVICE CLASS RTOS Condition cause : null
2025-09-27 14:09:50,389 [WARN] PackLoader:240 - Cannot read IP mode file for STMicroelectronics.X-CUBE-GNSS1.7.0.1
2025-09-27 14:09:50,390 [WARN] PackLoader:240 - Cannot read IP mode file for STMicroelectronics.X-CUBE-TOUCHGFX.4.25.0
2025-09-27 14:09:50,390 [WARN] ConditionMgr:438 - getConditionDescription Invalid condition id : Cortex-A Device cause : null
2025-09-27 14:09:50,413 [WARN] ConditionMgr:1044 - genDependencies : Invalid condition id : Cortex-A Device cause : null
2025-09-27 14:09:50,414 [WARN] ConditionMgr:1044 - genDependencies : Invalid condition id : Cortex-A Device cause : null
2025-09-27 14:09:50,414 [WARN] ConditionMgr:1044 - genDependencies : Invalid condition id : Cortex-A Device cause : null
2025-09-27 14:09:50,424 [WARN] PackLoader:240 - Cannot read IP mode file for STMicroelectronics.X-CUBE-SUBG2.5.0.0
2025-09-27 14:09:50,441 [WARN] PackLoader:240 - Cannot read IP mode file for STMicroelectronics.X-CUBE-AZRTOS-H7RS.1.1.0
2025-09-27 14:09:50,449 [WARN] PackLoader:240 - Cannot read IP mode file for Cesanta.I-CUBE-Mongoose.7.13.0
2025-09-27 14:09:50,460 [WARN] PackLoader:240 - Cannot read IP mode file for STMicroelectronics.X-CUBE-AZRTOS-G4.2.0.0
2025-09-27 14:09:50,472 [WARN] PackLoader:240 - Cannot read IP mode file for wolfSSL.I-CUBE-wolfSSH.1.4.20
2025-09-27 14:09:50,474 [WARN] PackLoader:240 - Cannot read IP mode file for STMicroelectronics.X-CUBE-NFC7.2.0.0
2025-09-27 14:09:50,474 [WARN] PackLoader:240 - Cannot read IP mode file for STMicroelectronics.X-CUBE-IPS.3.1.0
2025-09-27 14:09:50,491 [WARN] PackLoader:240 - Cannot read IP mode file for STMicroelectronics.X-CUBE-ALS.1.0.2
2025-09-27 14:09:50,491 [WARN] PackLoader:240 - Cannot read IP mode file for STMicroelectronics.X-CUBE-STSE01.1.0.0
2025-09-27 14:09:50,507 [WARN] PackLoader:240 - Cannot read IP mode file for STMicroelectronics.X-CUBE-TOF1.3.4.3
2025-09-27 14:09:50,507 [INFO] ThirdParty:978 - Integrity check success = true
2025-09-27 14:09:50,507 [INFO] IntegrityCheckThread:100 - exiting critical section [integrity check]
2025-09-27 14:09:50,507 [INFO] IntegrityCheckThread:103 - End integrity checks thread
2025-09-27 15:58:28,449 [INFO] McuFinderGlobals:63 - Set McuFinder mode to 2 (CubeIDE integrated)
2025-09-27 15:58:28,454 [INFO] MainUpdater:2872 - connection check result : 10
2025-09-27 15:58:28,458 [INFO] McuFinderGlobals:76 - Set McuFinderConnectedMode to true
2025-09-27 15:58:28,735 [INFO] ServerAccessManage:452 - Complete download http(s) 200
2025-09-27 15:58:28,736 [INFO] ServerAccessManage:509 - Download File mcusAds.json._tmp_
2025-09-27 15:58:28,855 [INFO] LoadUrlFilesThread:156 - End of LoadUrlFiles Thread
2025-09-27 15:58:29,346 [INFO] ServerAccessManage:452 - Complete download http(s) 200
2025-09-27 15:58:29,348 [INFO] ServerAccessManage:509 - Download File cube-finder-db.zip
2025-09-27 15:58:34,499 [INFO] FileExtend:248 - Unzip File : cube-finder-db.zip
2025-09-27 15:58:34,499 [INFO] FileExtend:263 - Standard Zip Deflate
2025-09-27 15:58:35,124 [INFO] LoadUrlFilesThread:156 - End of LoadUrlFiles Thread
2025-09-27 15:58:36,294 [INFO] ServerAccessManage:452 - Complete download http(s) 200
2025-09-27 15:58:36,295 [INFO] ServerAccessManage:509 - Download File crdb.zip
2025-09-27 15:58:39,440 [INFO] FileExtend:248 - Unzip File : crdb.zip
2025-09-27 15:58:39,441 [INFO] FileExtend:263 - Standard Zip Deflate
2025-09-27 15:58:39,590 [INFO] LoadUrlFilesThread:156 - End of LoadUrlFiles Thread
2025-09-27 15:58:39,729 [INFO] ServerAccessManage:452 - Complete download http(s) 200
2025-09-27 15:58:39,729 [INFO] ServerAccessManage:509 - Download File tutoVideoDB.zip
2025-09-27 15:58:39,743 [INFO] FileExtend:248 - Unzip File : tutoVideoDB.zip
2025-09-27 15:58:39,744 [INFO] FileExtend:263 - Standard Zip Deflate
2025-09-27 15:58:39,867 [INFO] LoadUrlFilesThread:156 - End of LoadUrlFiles Thread
2025-09-27 15:58:39,869 [WARN] DbFile:41 - Overriding database path with different value: C:\Users\user\.stmcufinder\plugins\mcufinder/ => C:\Users\user\.stmcufinder\plugins\mcufinder
2025-09-27 15:58:39,986 [INFO] ServerAccessManage:452 - Complete download http(s) 200
2025-09-27 15:58:39,986 [INFO] ServerAccessManage:509 - Download File api_config.json
2025-09-27 15:58:40,103 [INFO] LoadUrlFilesThread:156 - End of LoadUrlFiles Thread
2025-09-27 15:58:40,105 [INFO] DbMcusAds:53 - JSON generation date=Tue Jul 08 16:14:23 CST 2025 (1751962463524)
2025-09-27 15:58:40,138 [INFO] LoadUrlFilesThread:185 - End of LoadServerUrlFiles without Thread
2025-09-27 15:58:40,139 [INFO] TargetSelectorAdapter:259 - Refresh data is successful
2025-09-27 15:58:40,245 [INFO] ApiDb:581 - Connected to CubeFinder SQLite database (C:\Users\user\.stmcufinder\plugins\mcufinder\mcu\cube-finder-db.db)
2025-09-27 15:58:40,302 [INFO] ApiDb:668 - CubeFinder database Data Model version=2.1
2025-09-27 15:58:40,302 [INFO] ApiDb:669 - CubeFinder database Configuration version=3.0.39
2025-09-27 15:58:40,305 [INFO] ApiDb:670 - CubeFinder database generation date=2025-08-25 (1756130511)
2025-09-27 15:58:40,305 [INFO] ApiDb:671 - CubeFinder database FW Pack versions=[FP-ATR-ASTRA1_V2.0.0, FP-SNS-FLIGHT1_V5.1.0, FP-SNS-MOTENV1_V5.0.0, FP-SNS-MOTENVWB1_V1.4.0, FP-SNS-SMARTAG2_V1.2.0, FP-SNS-STBOX1_V2.1.0, STM32Cube_FW_C0_V1.4.0, STM32Cube_FW_F4_V1.28.3, STM32Cube_FW_F7_V1.17.4, STM32Cube_FW_G0_V1.6.2, STM32Cube_FW_G4_V1.6.1, STM32Cube_FW_H5_V1.5.0, STM32Cube_FW_H7RS_V1.2.0, STM32Cube_FW_H7_V1.12.1, STM32Cube_FW_L0_V1.12.2, STM32Cube_FW_L4_V1.18.1, STM32Cube_FW_L5_V1.5.1, STM32Cube_FW_N6_V1.2.0, STM32Cube_FW_U0_V1.3.0, STM32Cube_FW_U3_V1.2.0, STM32Cube_FW_U5_V1.8.0, STM32Cube_FW_WB0_V1.3.0, STM32Cube_FW_WBA_V1.7.0, STM32Cube_FW_WB_V1.23.0, STM32Cube_FW_WL3_V1.2.0, STM32Cube_FW_WL_V1.3.1, X-CUBE-ALGOBUILD_V1.4.0, X-CUBE-ALS_V1.0.2, X-CUBE-AZRTOS-F4_V1.1.0, X-CUBE-AZRTOS-F7_V1.1.0, X-CUBE-AZRTOS-G0_V1.1.0, X-CUBE-AZRTOS-G4_V2.0.0, X-CUBE-AZRTOS-H7RS_V1.1.0, X-CUBE-AZRTOS-H7_V3.4.0, X-CUBE-AZRTOS-L4_V2.0.0, X-CUBE-AZRTOS-L5_V2.0.0, X-CUBE-AZRTOS-WB_V2.0.0, X-CUBE-AZRTOS-WL_V2.0.0, X-CUBE-BLE1_V7.1.0, X-CUBE-BLE2_V3.3.0, X-CUBE-BLEMGR_V4.1.0, X-CUBE-EEPRMA1_V5.2.0, X-CUBE-FREERTOS_V1.3.1, X-CUBE-GNSS1_V6.0.0, X-CUBE-MEMS1_V11.3.0, X-CUBE-NFC4_V3.0.0, X-CUBE-NFC7_V2.0.0, X-CUBE-SFXS2LP1_V4.0.0, X-CUBE-ST67W61_V1.0.0, X-CUBE-SUBG2_V5.0.0, X-CUBE-TOF1_V3.4.3]
2025-09-27 15:58:41,867 [INFO] ApiDb:240 - Found 880 in-development CPN: [B-G473E-ZEST1S, B-WB1M-WPAN1, B-WBA5M-WPAN, B-WL5M-SUBG1, NUCLEO-C031C6, NUCLEO-C051C8, NUCLEO-C071RB, NUCLEO-C092RC, NUCLEO-H503RB, NUCLEO-H533RE, NUCLEO-H563ZI, NUCLEO-H7S3L8, NUCLEO-N657X0-Q, NUCLEO-U031R8, NUCLEO-U083RC, NUCLEO-U385RG-Q, NUCLEO-U545RE-Q, NUCLEO-U5A5ZJ-Q, NUCLEO-WB05KZ, NUCLEO-WB07CC, NUCLEO-WB09KE, NUCLEO-WBA52CG, NUCLEO-WBA55CG, NUCLEO-WL33CC1, NUCLEO-WL33CC2, STEVAL-PROTEUS1, STEVAL-SMARTAG2, STEVAL-STWINBX1, STM320518-EVAL, STM32C0116-DK, STM32C011D6Y3TR, STM32C011D6Y6TR, STM32C011F4P3, STM32C011F4P6, STM32C011F4U3, STM32C011F4U6TR, STM32C011F6P3, STM32C011F6P6, STM32C011F6U3, STM32C011F6U6TR, STM32C011J4M3, STM32C011J4M6, STM32C011J6M3, STM32C011J6M6, STM32C0316-DK, STM32C031C4T3, STM32C031C4T6, STM32C031C4U3, STM32C031C4U6, STM32C031C6T3, STM32C031C6T6, STM32C031C6U3, STM32C031C6U6, STM32C031F4P3, STM32C031F4P6, STM32C031F6P3, STM32C031F6P6, STM32C031G4U3, STM32C031G4U6, STM32C031G6U3, STM32C031G6U6, STM32C031K4T3, STM32C031K4T6, STM32C031K4U3, STM32C031K4U6, STM32C031K6T3, STM32C031K6T6, STM32C031K6U3, STM32C031K6U6, STM32C051C6T6, STM32C051C6U6, STM32C051C8T6, STM32C051C8U6, STM32C051D8Y6TR, STM32C051F6P6, STM32C051F8P6, STM32C051G6U6, STM32C051G8U6, STM32C051K6T6, STM32C051K6U6, STM32C051K8T6, STM32C071C8T6, STM32C071C8T6N, STM32C071C8U6, STM32C071C8U6N, STM32C071CBT6, STM32C071CBT6N, STM32C071CBU6, STM32C071CBU6N, STM32C071F8P6, STM32C071F8P6N, STM32C071FBP6, STM32C071FBP6N, STM32C071FBY6TR, STM32C071G8U6, STM32C071G8U6N, STM32C071GBU6, STM32C071GBU6N, STM32C071K8T6, STM32C071K8T6N, STM32C071K8U6, STM32C071K8U6N, STM32C071KBT6, STM32C071KBT6N, STM32C071KBU6, STM32C071KBU6N, STM32C071R8T6, STM32C071R8T6N, STM32C071RBI6N, STM32C071RBT6, STM32C071RBT6N, STM32C091CBT6, STM32C091CBU6, STM32C091CCT6, STM32C091CCU6, STM32C091ECY6TR, STM32C091FBP6, STM32C091FCP6, STM32C091GBU6, STM32C091GCU6, STM32C091KBT6, STM32C091KBU6, STM32C091KCT6, STM32C091KCU6, STM32C091RBT6, STM32C091RCI6, STM32C091RCT6, STM32C092CBT6, STM32C092CBU6, STM32C092CCT6, STM32C092CCU6, STM32C092ECY6TR, STM32C092FBP6, STM32C092FCP6, STM32C092GBU6, STM32C092GCU6, STM32C092KBT6, STM32C092KBU6, STM32C092KCT6, STM32C092KCU6, STM32C092RBT6, STM32C092RCI6, STM32C092RCT6, STM32G071K8TXN, STM32G071K8UXN, STM32G081GBU6N, STM32G081KBT6N, STM32G081KBUXN, STM32G0B1CCT6N, STM32G0B1KCT6, STM32G0B1NEY6TR, STM32G0B1RCT6N, STM32G0C1CCT6, STM32G0C1CCT6N, STM32G0C1CCU6N, STM32G0C1CET6N, STM32G0C1CEU6N, STM32G0C1KCT6, STM32G0C1NEY6TR, STM32G0C1RCI6N, STM32G0C1RCT6N, STM32G0C1REI6N, STM32G0C1RET6N, STM32G0C1VCI6, STM32G0C1VEI6, STM32G411C6T3, STM32G411C6T6, STM32G411C6U3, STM32G411C6U6, STM32G411C8T3, STM32G411C8T6, STM32G411C8U3, STM32G411C8U6, STM32G411CBT3, STM32G411CBT6, STM32G411CBU3, STM32G411CBU6, STM32G411K6T3, STM32G411K6T6, STM32G411K6U3, STM32G411K6U6, STM32G411K8T3, STM32G411K8T6, STM32G411K8U3, STM32G411K8U6, STM32G411KBT3, STM32G411KBT6, STM32G411KBU3, STM32G411KBU6, STM32G411M6T3, STM32G411M6T6, STM32G411M8T3, STM32G411M8T6, STM32G411MBT3, STM32G411MBT6, STM32G411R6T3, STM32G411R6T6, STM32G411R8T3, STM32G411R8T6, STM32G411RBT3, STM32G411RBT6, STM32G414CBT3, STM32G414CBT6, STM32G414CBU3, STM32G414CBU6, STM32G414CCT3, STM32G414CCT6, STM32G414CCU3, STM32G414CCU6, STM32G414MBT3, STM32G414MBT6, STM32G414MCT3, STM32G414MCT6, STM32G414RBT3, STM32G414RBT6, STM32G414RCT3, STM32G414RCT6, STM32G414VBT3, STM32G414VBT6, STM32G414VCT3, STM32G414VCT6, STM32G431CBT3Z, STM32G431RBT3Z, STM32G471CCT6, STM32G471CCU6, STM32G471CET3, STM32G471CET6, STM32G471CEU3, STM32G471CEU6, STM32G471MCT6, STM32G471MET3, STM32G471MET6, STM32G471MEY6TR, STM32G471QCT6, STM32G471QET3, STM32G471RCT6, STM32G471RET3, STM32G471RET6, STM32G471VCH6, STM32G471VCI6, STM32G471VCT6, STM32G471VEH3, STM32G471VEH6, STM32G471VEI3, STM32G471VEI6, STM32G471VET3, STM32G471VET6, STM32G473QET3Z, STM32G473RET3Z, STM32G474CCT6, STM32G491RET3Z, STM32H503CBT6, STM32H503CBU6, STM32H503EBY6TR, STM32H503KBU6, STM32H503RBT6, STM32H523CCT6, STM32H523CCU6, STM32H523CET6, STM32H523CEU6, STM32H523HEY6TR, STM32H523RCT6, STM32H523RET6, STM32H523VCI6, STM32H523VCT6, STM32H523VEI6, STM32H523VET6, STM32H523ZCJ6, STM32H523ZCT6, STM32H523ZEJ6, STM32H523ZET6, STM32H533CET6, STM32H533CEU6, STM32H533HEY6TR, STM32H533RET6, STM32H533VEI6, STM32H533VET6, STM32H533ZEJ6, STM32H533ZET6, STM32H562AGI6, STM32H562AII6, STM32H562IGK6, STM32H562IGT6, STM32H562IIK6, STM32H562IIT6, STM32H562RGT6, STM32H562RGV6, STM32H562RIT6, STM32H562RIV6, STM32H562VGT6, STM32H562VIT6, STM32H562ZGT6, STM32H562ZIT6, STM32H563AGI6, STM32H563AII3Q, STM32H563AII6, STM32H563IGK6, STM32H563IGT6, STM32H563IIK3Q, STM32H563IIK6, STM32H563IIT3Q, STM32H563IIT6, STM32H563MIY3QTR, STM32H563RGT6, STM32H563RGV6, STM32H563RIT6, STM32H563RIV6, STM32H563VGT6, STM32H563VIT3Q, STM32H563VIT6, STM32H563ZGT6, STM32H563ZIT3Q, STM32H563ZIT6, STM32H573AII3Q, STM32H573AII6, STM32H573I-DK, STM32H573IIK3Q, STM32H573IIK6, STM32H573IIT3Q, STM32H573IIT6, STM32H573MIY3QTR, STM32H573RIT6, STM32H573RIV6, STM32H573VIT3Q, STM32H573VIT6, STM32H573ZIT3Q, STM32H573ZIT6, STM32H7R3A8I6, STM32H7R3I8K6, STM32H7R3I8T6, STM32H7R3L8H6, STM32H7R3L8H6H, STM32H7R3R8V6, STM32H7R3V8H6, STM32H7R3V8T6, STM32H7R3V8Y6TR, STM32H7R3Z8J6, STM32H7R3Z8T6, STM32H7R7A8I6, STM32H7R7I8K6, STM32H7R7I8T6, STM32H7R7L8H6, STM32H7R7L8H6H, STM32H7R7Z8J6, STM32H7S3A8I6, STM32H7S3I8K6, STM32H7S3I8T6, STM32H7S3L8H6, STM32H7S3L8H6H, STM32H7S3R8V6, STM32H7S3V8H6, STM32H7S3V8T6, STM32H7S3V8Y6TR, STM32H7S3Z8J6, STM32H7S3Z8T6, STM32H7S78-DK, STM32H7S7A8I6, STM32H7S7I8K6, STM32H7S7I8T6, STM32H7S7L8H6, STM32H7S7L8H6H, STM32H7S7Z8J6, STM32L4R5QGI6STR, STM32MP131AAE3, STM32MP131AAF3, STM32MP131AAG3, STM32MP131CAE3, STM32MP131CAF3, STM32MP131CAG3, STM32MP131DAE7, STM32MP131DAF7, STM32MP131DAG7, STM32MP131FAE7, STM32MP131FAF7, STM32MP131FAG7, STM32MP133AAE3, STM32MP133AAF3, STM32MP133AAG3, STM32MP133CAE3, STM32MP133CAF3, STM32MP133CAG3, STM32MP133DAE7, STM32MP133DAF7, STM32MP133DAG7, STM32MP133FAE7, STM32MP133FAF7, STM32MP133FAG7, STM32MP135AAE3, STM32MP135AAF3, STM32MP135AAG3, STM32MP135CAE3, STM32MP135CAF3, STM32MP135CAG3, STM32MP135DAE7, STM32MP135DAF7, STM32MP135DAG7, STM32MP135F-DK, STM32MP135FAE7, STM32MP135FAF7, STM32MP135FAF7T, STM32MP135FAF7U, STM32MP135FAG7, STM32MP211AAL3, STM32MP211AAM3, STM32MP211AAN3, STM32MP211AAO3, STM32MP211CAL3, STM32MP211CAM3, STM32MP211CAN3, STM32MP211CAO3, STM32MP211DAL3, STM32MP211DAM3, STM32MP211DAN3, STM32MP211DAO3, STM32MP211FAL3, STM32MP211FAM3, STM32MP211FAN3, STM32MP211FAO3, STM32MP213AAL3, STM32MP213AAM3, STM32MP213AAN3, STM32MP213AAO3, STM32MP213CAL3, STM32MP213CAM3, STM32MP213CAN3, STM32MP213CAO3, STM32MP213DAL3, STM32MP213DAM3, STM32MP213DAN3, STM32MP213DAO3, STM32MP213FAL3, STM32MP213FAM3, STM32MP213FAN3, STM32MP213FAO3, STM32MP215AAL3, STM32MP215AAM3, STM32MP215AAN3, STM32MP215AAO3, STM32MP215CAL3, STM32MP215CAM3, STM32MP215CAN3, STM32MP215CAO3, STM32MP215DAL3, STM32MP215DAM3, STM32MP215DAN3, STM32MP215DAO3, STM32MP215F-DK, STM32MP215FAL3, STM32MP215FAM3, STM32MP215FAN3, STM32MP215FAO3, STM32MP231AAJ3, STM32MP231AAK3, STM32MP231AAL3, STM32MP231CAJ3, STM32MP231CAK3, STM32MP231CAL3, STM32MP231DAJ3, STM32MP231DAK3, STM32MP231DAL3, STM32MP231FAJ3, STM32MP231FAK3, STM32MP231FAL3, STM32MP233AAJ3, STM32MP233AAK3, STM32MP233AAL3, STM32MP233CAJ3, STM32MP233CAK3, STM32MP233CAL3, STM32MP233DAJ3, STM32MP233DAK3, STM32MP233DAL3, STM32MP233FAJ3, STM32MP233FAK3, STM32MP233FAL3, STM32MP235AAJ3, STM32MP235AAK3, STM32MP235AAL3, STM32MP235CAJ3, STM32MP235CAK3, STM32MP235CAL3, STM32MP235DAJ3, STM32MP235DAK3, STM32MP235DAL3, STM32MP235FAJ3, STM32MP235FAK3, STM32MP235FAL3, STM32MP251AAI3, STM32MP251AAK3, STM32MP251AAL3, STM32MP251CAI3, STM32MP251CAK3, STM32MP251CAL3, STM32MP251DAI3, STM32MP251DAK3, STM32MP251DAL3, STM32MP251FAI3, STM32MP251FAK3, STM32MP251FAL3, STM32MP253AAI3, STM32MP253AAK3, STM32MP253AAL3, STM32MP253CAI3, STM32MP253CAK3, STM32MP253CAL3, STM32MP253DAI3, STM32MP253DAK3, STM32MP253DAL3, STM32MP253FAI3, STM32MP253FAK3, STM32MP253FAL3, STM32MP255AAI3, STM32MP255AAK3, STM32MP255AAL3, STM32MP255CAI3, STM32MP255CAK3, STM32MP255CAL3, STM32MP255DAI3, STM32MP255DAK3, STM32MP255DAL3, STM32MP255FAI3, STM32MP255FAK3, STM32MP255FAL3, STM32MP257AAI3, STM32MP257AAK3, STM32MP257AAL3, STM32MP257CAI3, STM32MP257CAK3, STM32MP257CAL3, STM32MP257DAI3, STM32MP257DAK3, STM32MP257DAL3, STM32MP257F-DK, STM32MP257F-EV1, STM32MP257FAI3, STM32MP257FAK3, STM32MP257FAL3, STM32N645A0H3Q, STM32N645B0H3Q, STM32N645I0H3Q, STM32N645L0H3Q, STM32N645X0H3Q, STM32N645Z0H3Q, STM32N647A0H3Q, STM32N647B0H3Q, STM32N647I0H3Q, STM32N647L0H3Q, STM32N647X0H3Q, STM32N647Z0H3Q, STM32N655A0H3Q, STM32N655B0H3Q, STM32N655I0H3Q, STM32N655L0H3Q, STM32N655X0H3Q, STM32N655Z0H3Q, STM32N6570-DK, STM32N657A0H3Q, STM32N657B0H3Q, STM32N657I0H3Q, STM32N657L0H3Q, STM32N657X0H3Q, STM32N657Z0H3Q, STM32U031C6T6, STM32U031C6U6, STM32U031C8T6, STM32U031C8U6, STM32U031F4P6, STM32U031F6P6, STM32U031F8P6, STM32U031G6Y6TR, STM32U031G8Y6TR, STM32U031K4U6, STM32U031K6U6, STM32U031K8U6, STM32U031R6I6, STM32U031R6T6, STM32U031R8I6, STM32U031R8T6, STM32U073C8T6, STM32U073C8U6, STM32U073CBT6, STM32U073CBU6, STM32U073CCT6, STM32U073CCU6, STM32U073H8Y6TR, STM32U073HBY6TR, STM32U073HCY6TR, STM32U073K8U6, STM32U073KBU6, STM32U073KCU6, STM32U073M8I6, STM32U073M8T6, STM32U073MBI6, STM32U073MBT6, STM32U073MCI6, STM32U073MCT6, STM32U073R8I6, STM32U073R8T6, STM32U073RBI6, STM32U073RBT6, STM32U073RCI6, STM32U073RCT6, STM32U083C-DK, STM32U083CCT6, STM32U083CCU6, STM32U083HCY6TR, STM32U083KCU6, STM32U083MCI6, STM32U083MCT6, STM32U083RCI6, STM32U083RCT6, STM32U375CET6, STM32U375CET6Q, STM32U375CEU6, STM32U375CEU6Q, STM32U375CEY6QTR, STM32U375CGT6, STM32U375CGT6Q, STM32U375CGU6, STM32U375CGU6Q, STM32U375CGY6QTR, STM32U375KEU6, STM32U375KGU6, STM32U375REI6, STM32U375REI6Q, STM32U375RET6, STM32U375RET6Q, STM32U375REY6GTR, STM32U375REY6QTR, STM32U375RGI6, STM32U375RGI6Q, STM32U375RGT6, STM32U375RGT6Q, STM32U375RGY6GTR, STM32U375RGY6QTR, STM32U375VEI6, STM32U375VEI6Q, STM32U375VET6, STM32U375VET6Q, STM32U375VGI6, STM32U375VGI6Q, STM32U375VGT6, STM32U375VGT6Q, STM32U385CGT6, STM32U385CGT6Q, STM32U385CGU6, STM32U385CGU6Q, STM32U385CGY6QTR, STM32U385KGU6, STM32U385RGI6, STM32U385RGI6Q, STM32U385RGT6, STM32U385RGT6Q, STM32U385RGY6GTR, STM32U385RGY6QTR, STM32U385VGI6, STM32U385VGI6Q, STM32U385VGT6, STM32U385VGT6Q, STM32U535CBT6, STM32U535CBT6Q, STM32U535CBU6, STM32U535CBU6Q, STM32U535CCT6, STM32U535CCT6Q, STM32U535CCU6, STM32U535CCU6Q, STM32U535CET6, STM32U535CET6Q, STM32U535CEU6, STM32U535CEU6Q, STM32U535JEY6QTR, STM32U535NCY6QTR, STM32U535NEY6QTR, STM32U535RBI6, STM32U535RBI6Q, STM32U535RBT6, STM32U535RBT6Q, STM32U535RCI6, STM32U535RCI6Q, STM32U535RCT6, STM32U535RCT6Q, STM32U535REI6, STM32U535REI6Q, STM32U535RET6, STM32U535RET6Q, STM32U535VCI6, STM32U535VCI6Q, STM32U535VCT6, STM32U535VCT6Q, STM32U535VEI6, STM32U535VEI6Q, STM32U535VET6, STM32U535VET6Q, STM32U545CET6, STM32U545CET6Q, STM32U545CEU6, STM32U545CEU6Q, STM32U545JEY6QTR, STM32U545NEY6QTR, STM32U545REI6, STM32U545REI6Q, STM32U545RET6, STM32U545RET6Q, STM32U545VEI6, STM32U545VEI6Q, STM32U545VET6, STM32U545VET6Q, STM32U595AIH6, STM32U595AIH6Q, STM32U595AJH6, STM32U595AJH6Q, STM32U595QII6, STM32U595QII6Q, STM32U595QJI6, STM32U595QJI6Q, STM32U595RIT6, STM32U595RIT6Q, STM32U595RJT6, STM32U595RJT6Q, STM32U595VIT6, STM32U595VIT6Q, STM32U595VJT6, STM32U595VJT6Q, STM32U595ZIT6, STM32U595ZIT6Q, STM32U595ZIY6QTR, STM32U595ZJT6, STM32U595ZJT6Q, STM32U595ZJY6QTR, STM32U599BJY6QTR, STM32U599NIH6Q, STM32U599NJH6Q, STM32U599VIT6Q, STM32U599VJT6, STM32U599VJT6Q, STM32U599ZIT6Q, STM32U599ZIY6QTR, STM32U599ZJT6Q, STM32U599ZJY6QTR, STM32U5A5AJH6, STM32U5A5AJH6Q, STM32U5A5QII3Q , STM32U5A5QJI6, STM32U5A5QJI6Q, STM32U5A5RJT6, STM32U5A5RJT6Q, STM32U5A5VJT6, STM32U5A5VJT6Q, STM32U5A5ZJT6, STM32U5A5ZJT6Q, STM32U5A5ZJY6QTR, STM32U5A9BJY6QTR, STM32U5A9J-DK, STM32U5A9NJH6Q, STM32U5A9VJT6Q, STM32U5A9ZJT6Q, STM32U5A9ZJY6QTR, STM32U5F7VIT6, STM32U5F7VIT6Q, STM32U5F7VJT6, STM32U5F7VJT6Q, STM32U5F9BJY6QTR, STM32U5F9NJH6Q, STM32U5F9VIT6Q, STM32U5F9VJT6Q, STM32U5F9ZIJ6QTR, STM32U5F9ZIT6Q, STM32U5F9ZJJ6QTR, STM32U5F9ZJT6Q, STM32U5G7VJT6, STM32U5G7VJT6Q, STM32U5G9BJY6QTR, STM32U5G9J-DK1, STM32U5G9J-DK2, STM32U5G9NJH6Q, STM32U5G9VJT6Q, STM32U5G9ZJJ6QTR, STM32U5G9ZJT6Q, STM32WB05KZV6TR, STM32WB05KZV7TR, STM32WB05TZF6TR, STM32WB05TZF7TR, STM32WB06CCF6TR, STM32WB06CCF7TR, STM32WB06CCV6TR, STM32WB06CCV7TR, STM32WB06KCV6TR, STM32WB06KCV7TR, STM32WB07CCF6TR, STM32WB07CCF7TR, STM32WB07CCV6TR, STM32WB07CCV7TR, STM32WB07KCV6TR, STM32WB07KCV7TR, STM32WB09KEV6TR, STM32WB09KEV7TR, STM32WB09TEF6TR, STM32WB09TEF7TR, STM32WB1MMCH6, STM32WBA50KGU6, STM32WBA50KGU6TR, STM32WBA52CEU6, STM32WBA52CEU6TR, STM32WBA52CEU7, STM32WBA52CEU7TR, STM32WBA52CGU6, STM32WBA52CGU6TR, STM32WBA52CGU6U, STM32WBA52CGU7, STM32WBA52CGU7TR, STM32WBA52KEU6, STM32WBA52KEU6TR, STM32WBA52KGU6, STM32WBA52KGU6TR, STM32WBA54CEU6, STM32WBA54CEU6TR, STM32WBA54CEU7, STM32WBA54CEU7TR, STM32WBA54CGU6, STM32WBA54CGU6TR, STM32WBA54CGU7, STM32WBA54CGU7TR, STM32WBA54KEU6, STM32WBA54KEU6TR, STM32WBA54KEU7, STM32WBA54KEU7TR, STM32WBA54KGU6, STM32WBA54KGU6TR, STM32WBA54KGU7, STM32WBA54KGU7TR, STM32WBA55CEU6, STM32WBA55CEU6TR, STM32WBA55CEU7, STM32WBA55CEU7TR, STM32WBA55CGU6, STM32WBA55CGU6TR, STM32WBA55CGU6U, STM32WBA55CGU7, STM32WBA55CGU7TR, STM32WBA55G-DK1, STM32WBA55HEF6, STM32WBA55HEF7, STM32WBA55HGF6, STM32WBA55HGF7, STM32WBA55UEI6, STM32WBA55UEI6TR, STM32WBA55UEI7, STM32WBA55UEI7TR, STM32WBA55UGI6, STM32WBA55UGI6TR, STM32WBA55UGI7, STM32WBA55UGI7TR, STM32WBA5MMGH6TR, STM32WBA62MGF6, STM32WBA62MIF6, STM32WBA65MGF7, STM32WBA65MIF6, STM32WBA65MIF7, STM32WL30K8V6, STM32WL30KBV6, STM32WL31C8V6, STM32WL31CBV6, STM32WL31K8V6, STM32WL31KBV6, STM32WL33C8V6, STM32WL33C8V6X, STM32WL33CBV6, STM32WL33CBV6X, STM32WL33CCV6, STM32WL33CCV6A, STM32WL33CCV6X, STM32WL33K8V7, STM32WL33K8V7X, STM32WL33KBV7 , STM32WL33KBV7X, STM32WL33KCV7, STM32WL33KCV7X, STM32WL5MOCH6, STM32WL5MOCH6TR]
2025-09-27 15:58:41,872 [INFO] DbMcus:218 - Found 4801 MCUs, 4801 are supported
2025-09-27 15:58:41,873 [INFO] ApiDb:423 - Load user favorites file C:\Users\user/.stm32cubeide/favorites.mcus.txt: 0 item(s)
2025-09-27 15:58:41,873 [INFO] ApiDb:427 - User favorites MCUs=[]
2025-09-27 15:58:41,873 [INFO] DbMcus:224 - Set 0 / 0 favorites MCUs
2025-09-27 15:58:42,197 [INFO] ApiDb:668 - CubeFinder database Data Model version=2.1
2025-09-27 15:58:42,197 [INFO] ApiDb:669 - CubeFinder database Configuration version=3.0.39
2025-09-27 15:58:42,197 [INFO] ApiDb:670 - CubeFinder database generation date=2025-08-25 (1756130511)
2025-09-27 15:58:42,197 [INFO] ApiDb:671 - CubeFinder database FW Pack versions=[FP-ATR-ASTRA1_V2.0.0, FP-SNS-FLIGHT1_V5.1.0, FP-SNS-MOTENV1_V5.0.0, FP-SNS-MOTENVWB1_V1.4.0, FP-SNS-SMARTAG2_V1.2.0, FP-SNS-STBOX1_V2.1.0, STM32Cube_FW_C0_V1.4.0, STM32Cube_FW_F4_V1.28.3, STM32Cube_FW_F7_V1.17.4, STM32Cube_FW_G0_V1.6.2, STM32Cube_FW_G4_V1.6.1, STM32Cube_FW_H5_V1.5.0, STM32Cube_FW_H7RS_V1.2.0, STM32Cube_FW_H7_V1.12.1, STM32Cube_FW_L0_V1.12.2, STM32Cube_FW_L4_V1.18.1, STM32Cube_FW_L5_V1.5.1, STM32Cube_FW_N6_V1.2.0, STM32Cube_FW_U0_V1.3.0, STM32Cube_FW_U3_V1.2.0, STM32Cube_FW_U5_V1.8.0, STM32Cube_FW_WB0_V1.3.0, STM32Cube_FW_WBA_V1.7.0, STM32Cube_FW_WB_V1.23.0, STM32Cube_FW_WL3_V1.2.0, STM32Cube_FW_WL_V1.3.1, X-CUBE-ALGOBUILD_V1.4.0, X-CUBE-ALS_V1.0.2, X-CUBE-AZRTOS-F4_V1.1.0, X-CUBE-AZRTOS-F7_V1.1.0, X-CUBE-AZRTOS-G0_V1.1.0, X-CUBE-AZRTOS-G4_V2.0.0, X-CUBE-AZRTOS-H7RS_V1.1.0, X-CUBE-AZRTOS-H7_V3.4.0, X-CUBE-AZRTOS-L4_V2.0.0, X-CUBE-AZRTOS-L5_V2.0.0, X-CUBE-AZRTOS-WB_V2.0.0, X-CUBE-AZRTOS-WL_V2.0.0, X-CUBE-BLE1_V7.1.0, X-CUBE-BLE2_V3.3.0, X-CUBE-BLEMGR_V4.1.0, X-CUBE-EEPRMA1_V5.2.0, X-CUBE-FREERTOS_V1.3.1, X-CUBE-GNSS1_V6.0.0, X-CUBE-MEMS1_V11.3.0, X-CUBE-NFC4_V3.0.0, X-CUBE-NFC7_V2.0.0, X-CUBE-SFXS2LP1_V4.0.0, X-CUBE-ST67W61_V1.0.0, X-CUBE-SUBG2_V5.0.0, X-CUBE-TOF1_V3.4.3]
2025-09-27 15:58:42,235 [INFO] DbBoardsSqlite:226 - include board P-NUCLEO-WB55-NUCLEO as a kit item of type 'Nucleo-64'
2025-09-27 15:58:42,235 [INFO] DbBoardsSqlite:226 - include board P-NUCLEO-WB55-USBDONGLE as a kit item of type 'Nucleo USB Dongle'
2025-09-27 15:58:42,236 [INFO] DbBoardsSqlite:226 - include board STEVAL-IDP005V1 as a kit item of type 'Evaluation Board'
2025-09-27 15:58:42,236 [INFO] DbBoardsSqlite:226 - include board STEVAL-IDP005V2 as a kit item of type 'Evaluation Board'
2025-09-27 15:58:42,285 [INFO] ApiDb:240 - Found 880 in-development CPN: [B-G473E-ZEST1S, B-WB1M-WPAN1, B-WBA5M-WPAN, B-WL5M-SUBG1, NUCLEO-C031C6, NUCLEO-C051C8, NUCLEO-C071RB, NUCLEO-C092RC, NUCLEO-H503RB, NUCLEO-H533RE, NUCLEO-H563ZI, NUCLEO-H7S3L8, NUCLEO-N657X0-Q, NUCLEO-U031R8, NUCLEO-U083RC, NUCLEO-U385RG-Q, NUCLEO-U545RE-Q, NUCLEO-U5A5ZJ-Q, NUCLEO-WB05KZ, NUCLEO-WB07CC, NUCLEO-WB09KE, NUCLEO-WBA52CG, NUCLEO-WBA55CG, NUCLEO-WL33CC1, NUCLEO-WL33CC2, STEVAL-PROTEUS1, STEVAL-SMARTAG2, STEVAL-STWINBX1, STM320518-EVAL, STM32C0116-DK, STM32C011D6Y3TR, STM32C011D6Y6TR, STM32C011F4P3, STM32C011F4P6, STM32C011F4U3, STM32C011F4U6TR, STM32C011F6P3, STM32C011F6P6, STM32C011F6U3, STM32C011F6U6TR, STM32C011J4M3, STM32C011J4M6, STM32C011J6M3, STM32C011J6M6, STM32C0316-DK, STM32C031C4T3, STM32C031C4T6, STM32C031C4U3, STM32C031C4U6, STM32C031C6T3, STM32C031C6T6, STM32C031C6U3, STM32C031C6U6, STM32C031F4P3, STM32C031F4P6, STM32C031F6P3, STM32C031F6P6, STM32C031G4U3, STM32C031G4U6, STM32C031G6U3, STM32C031G6U6, STM32C031K4T3, STM32C031K4T6, STM32C031K4U3, STM32C031K4U6, STM32C031K6T3, STM32C031K6T6, STM32C031K6U3, STM32C031K6U6, STM32C051C6T6, STM32C051C6U6, STM32C051C8T6, STM32C051C8U6, STM32C051D8Y6TR, STM32C051F6P6, STM32C051F8P6, STM32C051G6U6, STM32C051G8U6, STM32C051K6T6, STM32C051K6U6, STM32C051K8T6, STM32C071C8T6, STM32C071C8T6N, STM32C071C8U6, STM32C071C8U6N, STM32C071CBT6, STM32C071CBT6N, STM32C071CBU6, STM32C071CBU6N, STM32C071F8P6, STM32C071F8P6N, STM32C071FBP6, STM32C071FBP6N, STM32C071FBY6TR, STM32C071G8U6, STM32C071G8U6N, STM32C071GBU6, STM32C071GBU6N, STM32C071K8T6, STM32C071K8T6N, STM32C071K8U6, STM32C071K8U6N, STM32C071KBT6, STM32C071KBT6N, STM32C071KBU6, STM32C071KBU6N, STM32C071R8T6, STM32C071R8T6N, STM32C071RBI6N, STM32C071RBT6, STM32C071RBT6N, STM32C091CBT6, STM32C091CBU6, STM32C091CCT6, STM32C091CCU6, STM32C091ECY6TR, STM32C091FBP6, STM32C091FCP6, STM32C091GBU6, STM32C091GCU6, STM32C091KBT6, STM32C091KBU6, STM32C091KCT6, STM32C091KCU6, STM32C091RBT6, STM32C091RCI6, STM32C091RCT6, STM32C092CBT6, STM32C092CBU6, STM32C092CCT6, STM32C092CCU6, STM32C092ECY6TR, STM32C092FBP6, STM32C092FCP6, STM32C092GBU6, STM32C092GCU6, STM32C092KBT6, STM32C092KBU6, STM32C092KCT6, STM32C092KCU6, STM32C092RBT6, STM32C092RCI6, STM32C092RCT6, STM32G071K8TXN, STM32G071K8UXN, STM32G081GBU6N, STM32G081KBT6N, STM32G081KBUXN, STM32G0B1CCT6N, STM32G0B1KCT6, STM32G0B1NEY6TR, STM32G0B1RCT6N, STM32G0C1CCT6, STM32G0C1CCT6N, STM32G0C1CCU6N, STM32G0C1CET6N, STM32G0C1CEU6N, STM32G0C1KCT6, STM32G0C1NEY6TR, STM32G0C1RCI6N, STM32G0C1RCT6N, STM32G0C1REI6N, STM32G0C1RET6N, STM32G0C1VCI6, STM32G0C1VEI6, STM32G411C6T3, STM32G411C6T6, STM32G411C6U3, STM32G411C6U6, STM32G411C8T3, STM32G411C8T6, STM32G411C8U3, STM32G411C8U6, STM32G411CBT3, STM32G411CBT6, STM32G411CBU3, STM32G411CBU6, STM32G411K6T3, STM32G411K6T6, STM32G411K6U3, STM32G411K6U6, STM32G411K8T3, STM32G411K8T6, STM32G411K8U3, STM32G411K8U6, STM32G411KBT3, STM32G411KBT6, STM32G411KBU3, STM32G411KBU6, STM32G411M6T3, STM32G411M6T6, STM32G411M8T3, STM32G411M8T6, STM32G411MBT3, STM32G411MBT6, STM32G411R6T3, STM32G411R6T6, STM32G411R8T3, STM32G411R8T6, STM32G411RBT3, STM32G411RBT6, STM32G414CBT3, STM32G414CBT6, STM32G414CBU3, STM32G414CBU6, STM32G414CCT3, STM32G414CCT6, STM32G414CCU3, STM32G414CCU6, STM32G414MBT3, STM32G414MBT6, STM32G414MCT3, STM32G414MCT6, STM32G414RBT3, STM32G414RBT6, STM32G414RCT3, STM32G414RCT6, STM32G414VBT3, STM32G414VBT6, STM32G414VCT3, STM32G414VCT6, STM32G431CBT3Z, STM32G431RBT3Z, STM32G471CCT6, STM32G471CCU6, STM32G471CET3, STM32G471CET6, STM32G471CEU3, STM32G471CEU6, STM32G471MCT6, STM32G471MET3, STM32G471MET6, STM32G471MEY6TR, STM32G471QCT6, STM32G471QET3, STM32G471RCT6, STM32G471RET3, STM32G471RET6, STM32G471VCH6, STM32G471VCI6, STM32G471VCT6, STM32G471VEH3, STM32G471VEH6, STM32G471VEI3, STM32G471VEI6, STM32G471VET3, STM32G471VET6, STM32G473QET3Z, STM32G473RET3Z, STM32G474CCT6, STM32G491RET3Z, STM32H503CBT6, STM32H503CBU6, STM32H503EBY6TR, STM32H503KBU6, STM32H503RBT6, STM32H523CCT6, STM32H523CCU6, STM32H523CET6, STM32H523CEU6, STM32H523HEY6TR, STM32H523RCT6, STM32H523RET6, STM32H523VCI6, STM32H523VCT6, STM32H523VEI6, STM32H523VET6, STM32H523ZCJ6, STM32H523ZCT6, STM32H523ZEJ6, STM32H523ZET6, STM32H533CET6, STM32H533CEU6, STM32H533HEY6TR, STM32H533RET6, STM32H533VEI6, STM32H533VET6, STM32H533ZEJ6, STM32H533ZET6, STM32H562AGI6, STM32H562AII6, STM32H562IGK6, STM32H562IGT6, STM32H562IIK6, STM32H562IIT6, STM32H562RGT6, STM32H562RGV6, STM32H562RIT6, STM32H562RIV6, STM32H562VGT6, STM32H562VIT6, STM32H562ZGT6, STM32H562ZIT6, STM32H563AGI6, STM32H563AII3Q, STM32H563AII6, STM32H563IGK6, STM32H563IGT6, STM32H563IIK3Q, STM32H563IIK6, STM32H563IIT3Q, STM32H563IIT6, STM32H563MIY3QTR, STM32H563RGT6, STM32H563RGV6, STM32H563RIT6, STM32H563RIV6, STM32H563VGT6, STM32H563VIT3Q, STM32H563VIT6, STM32H563ZGT6, STM32H563ZIT3Q, STM32H563ZIT6, STM32H573AII3Q, STM32H573AII6, STM32H573I-DK, STM32H573IIK3Q, STM32H573IIK6, STM32H573IIT3Q, STM32H573IIT6, STM32H573MIY3QTR, STM32H573RIT6, STM32H573RIV6, STM32H573VIT3Q, STM32H573VIT6, STM32H573ZIT3Q, STM32H573ZIT6, STM32H7R3A8I6, STM32H7R3I8K6, STM32H7R3I8T6, STM32H7R3L8H6, STM32H7R3L8H6H, STM32H7R3R8V6, STM32H7R3V8H6, STM32H7R3V8T6, STM32H7R3V8Y6TR, STM32H7R3Z8J6, STM32H7R3Z8T6, STM32H7R7A8I6, STM32H7R7I8K6, STM32H7R7I8T6, STM32H7R7L8H6, STM32H7R7L8H6H, STM32H7R7Z8J6, STM32H7S3A8I6, STM32H7S3I8K6, STM32H7S3I8T6, STM32H7S3L8H6, STM32H7S3L8H6H, STM32H7S3R8V6, STM32H7S3V8H6, STM32H7S3V8T6, STM32H7S3V8Y6TR, STM32H7S3Z8J6, STM32H7S3Z8T6, STM32H7S78-DK, STM32H7S7A8I6, STM32H7S7I8K6, STM32H7S7I8T6, STM32H7S7L8H6, STM32H7S7L8H6H, STM32H7S7Z8J6, STM32L4R5QGI6STR, STM32MP131AAE3, STM32MP131AAF3, STM32MP131AAG3, STM32MP131CAE3, STM32MP131CAF3, STM32MP131CAG3, STM32MP131DAE7, STM32MP131DAF7, STM32MP131DAG7, STM32MP131FAE7, STM32MP131FAF7, STM32MP131FAG7, STM32MP133AAE3, STM32MP133AAF3, STM32MP133AAG3, STM32MP133CAE3, STM32MP133CAF3, STM32MP133CAG3, STM32MP133DAE7, STM32MP133DAF7, STM32MP133DAG7, STM32MP133FAE7, STM32MP133FAF7, STM32MP133FAG7, STM32MP135AAE3, STM32MP135AAF3, STM32MP135AAG3, STM32MP135CAE3, STM32MP135CAF3, STM32MP135CAG3, STM32MP135DAE7, STM32MP135DAF7, STM32MP135DAG7, STM32MP135F-DK, STM32MP135FAE7, STM32MP135FAF7, STM32MP135FAF7T, STM32MP135FAF7U, STM32MP135FAG7, STM32MP211AAL3, STM32MP211AAM3, STM32MP211AAN3, STM32MP211AAO3, STM32MP211CAL3, STM32MP211CAM3, STM32MP211CAN3, STM32MP211CAO3, STM32MP211DAL3, STM32MP211DAM3, STM32MP211DAN3, STM32MP211DAO3, STM32MP211FAL3, STM32MP211FAM3, STM32MP211FAN3, STM32MP211FAO3, STM32MP213AAL3, STM32MP213AAM3, STM32MP213AAN3, STM32MP213AAO3, STM32MP213CAL3, STM32MP213CAM3, STM32MP213CAN3, STM32MP213CAO3, STM32MP213DAL3, STM32MP213DAM3, STM32MP213DAN3, STM32MP213DAO3, STM32MP213FAL3, STM32MP213FAM3, STM32MP213FAN3, STM32MP213FAO3, STM32MP215AAL3, STM32MP215AAM3, STM32MP215AAN3, STM32MP215AAO3, STM32MP215CAL3, STM32MP215CAM3, STM32MP215CAN3, STM32MP215CAO3, STM32MP215DAL3, STM32MP215DAM3, STM32MP215DAN3, STM32MP215DAO3, STM32MP215F-DK, STM32MP215FAL3, STM32MP215FAM3, STM32MP215FAN3, STM32MP215FAO3, STM32MP231AAJ3, STM32MP231AAK3, STM32MP231AAL3, STM32MP231CAJ3, STM32MP231CAK3, STM32MP231CAL3, STM32MP231DAJ3, STM32MP231DAK3, STM32MP231DAL3, STM32MP231FAJ3, STM32MP231FAK3, STM32MP231FAL3, STM32MP233AAJ3, STM32MP233AAK3, STM32MP233AAL3, STM32MP233CAJ3, STM32MP233CAK3, STM32MP233CAL3, STM32MP233DAJ3, STM32MP233DAK3, STM32MP233DAL3, STM32MP233FAJ3, STM32MP233FAK3, STM32MP233FAL3, STM32MP235AAJ3, STM32MP235AAK3, STM32MP235AAL3, STM32MP235CAJ3, STM32MP235CAK3, STM32MP235CAL3, STM32MP235DAJ3, STM32MP235DAK3, STM32MP235DAL3, STM32MP235FAJ3, STM32MP235FAK3, STM32MP235FAL3, STM32MP251AAI3, STM32MP251AAK3, STM32MP251AAL3, STM32MP251CAI3, STM32MP251CAK3, STM32MP251CAL3, STM32MP251DAI3, STM32MP251DAK3, STM32MP251DAL3, STM32MP251FAI3, STM32MP251FAK3, STM32MP251FAL3, STM32MP253AAI3, STM32MP253AAK3, STM32MP253AAL3, STM32MP253CAI3, STM32MP253CAK3, STM32MP253CAL3, STM32MP253DAI3, STM32MP253DAK3, STM32MP253DAL3, STM32MP253FAI3, STM32MP253FAK3, STM32MP253FAL3, STM32MP255AAI3, STM32MP255AAK3, STM32MP255AAL3, STM32MP255CAI3, STM32MP255CAK3, STM32MP255CAL3, STM32MP255DAI3, STM32MP255DAK3, STM32MP255DAL3, STM32MP255FAI3, STM32MP255FAK3, STM32MP255FAL3, STM32MP257AAI3, STM32MP257AAK3, STM32MP257AAL3, STM32MP257CAI3, STM32MP257CAK3, STM32MP257CAL3, STM32MP257DAI3, STM32MP257DAK3, STM32MP257DAL3, STM32MP257F-DK, STM32MP257F-EV1, STM32MP257FAI3, STM32MP257FAK3, STM32MP257FAL3, STM32N645A0H3Q, STM32N645B0H3Q, STM32N645I0H3Q, STM32N645L0H3Q, STM32N645X0H3Q, STM32N645Z0H3Q, STM32N647A0H3Q, STM32N647B0H3Q, STM32N647I0H3Q, STM32N647L0H3Q, STM32N647X0H3Q, STM32N647Z0H3Q, STM32N655A0H3Q, STM32N655B0H3Q, STM32N655I0H3Q, STM32N655L0H3Q, STM32N655X0H3Q, STM32N655Z0H3Q, STM32N6570-DK, STM32N657A0H3Q, STM32N657B0H3Q, STM32N657I0H3Q, STM32N657L0H3Q, STM32N657X0H3Q, STM32N657Z0H3Q, STM32U031C6T6, STM32U031C6U6, STM32U031C8T6, STM32U031C8U6, STM32U031F4P6, STM32U031F6P6, STM32U031F8P6, STM32U031G6Y6TR, STM32U031G8Y6TR, STM32U031K4U6, STM32U031K6U6, STM32U031K8U6, STM32U031R6I6, STM32U031R6T6, STM32U031R8I6, STM32U031R8T6, STM32U073C8T6, STM32U073C8U6, STM32U073CBT6, STM32U073CBU6, STM32U073CCT6, STM32U073CCU6, STM32U073H8Y6TR, STM32U073HBY6TR, STM32U073HCY6TR, STM32U073K8U6, STM32U073KBU6, STM32U073KCU6, STM32U073M8I6, STM32U073M8T6, STM32U073MBI6, STM32U073MBT6, STM32U073MCI6, STM32U073MCT6, STM32U073R8I6, STM32U073R8T6, STM32U073RBI6, STM32U073RBT6, STM32U073RCI6, STM32U073RCT6, STM32U083C-DK, STM32U083CCT6, STM32U083CCU6, STM32U083HCY6TR, STM32U083KCU6, STM32U083MCI6, STM32U083MCT6, STM32U083RCI6, STM32U083RCT6, STM32U375CET6, STM32U375CET6Q, STM32U375CEU6, STM32U375CEU6Q, STM32U375CEY6QTR, STM32U375CGT6, STM32U375CGT6Q, STM32U375CGU6, STM32U375CGU6Q, STM32U375CGY6QTR, STM32U375KEU6, STM32U375KGU6, STM32U375REI6, STM32U375REI6Q, STM32U375RET6, STM32U375RET6Q, STM32U375REY6GTR, STM32U375REY6QTR, STM32U375RGI6, STM32U375RGI6Q, STM32U375RGT6, STM32U375RGT6Q, STM32U375RGY6GTR, STM32U375RGY6QTR, STM32U375VEI6, STM32U375VEI6Q, STM32U375VET6, STM32U375VET6Q, STM32U375VGI6, STM32U375VGI6Q, STM32U375VGT6, STM32U375VGT6Q, STM32U385CGT6, STM32U385CGT6Q, STM32U385CGU6, STM32U385CGU6Q, STM32U385CGY6QTR, STM32U385KGU6, STM32U385RGI6, STM32U385RGI6Q, STM32U385RGT6, STM32U385RGT6Q, STM32U385RGY6GTR, STM32U385RGY6QTR, STM32U385VGI6, STM32U385VGI6Q, STM32U385VGT6, STM32U385VGT6Q, STM32U535CBT6, STM32U535CBT6Q, STM32U535CBU6, STM32U535CBU6Q, STM32U535CCT6, STM32U535CCT6Q, STM32U535CCU6, STM32U535CCU6Q, STM32U535CET6, STM32U535CET6Q, STM32U535CEU6, STM32U535CEU6Q, STM32U535JEY6QTR, STM32U535NCY6QTR, STM32U535NEY6QTR, STM32U535RBI6, STM32U535RBI6Q, STM32U535RBT6, STM32U535RBT6Q, STM32U535RCI6, STM32U535RCI6Q, STM32U535RCT6, STM32U535RCT6Q, STM32U535REI6, STM32U535REI6Q, STM32U535RET6, STM32U535RET6Q, STM32U535VCI6, STM32U535VCI6Q, STM32U535VCT6, STM32U535VCT6Q, STM32U535VEI6, STM32U535VEI6Q, STM32U535VET6, STM32U535VET6Q, STM32U545CET6, STM32U545CET6Q, STM32U545CEU6, STM32U545CEU6Q, STM32U545JEY6QTR, STM32U545NEY6QTR, STM32U545REI6, STM32U545REI6Q, STM32U545RET6, STM32U545RET6Q, STM32U545VEI6, STM32U545VEI6Q, STM32U545VET6, STM32U545VET6Q, STM32U595AIH6, STM32U595AIH6Q, STM32U595AJH6, STM32U595AJH6Q, STM32U595QII6, STM32U595QII6Q, STM32U595QJI6, STM32U595QJI6Q, STM32U595RIT6, STM32U595RIT6Q, STM32U595RJT6, STM32U595RJT6Q, STM32U595VIT6, STM32U595VIT6Q, STM32U595VJT6, STM32U595VJT6Q, STM32U595ZIT6, STM32U595ZIT6Q, STM32U595ZIY6QTR, STM32U595ZJT6, STM32U595ZJT6Q, STM32U595ZJY6QTR, STM32U599BJY6QTR, STM32U599NIH6Q, STM32U599NJH6Q, STM32U599VIT6Q, STM32U599VJT6, STM32U599VJT6Q, STM32U599ZIT6Q, STM32U599ZIY6QTR, STM32U599ZJT6Q, STM32U599ZJY6QTR, STM32U5A5AJH6, STM32U5A5AJH6Q, STM32U5A5QII3Q , STM32U5A5QJI6, STM32U5A5QJI6Q, STM32U5A5RJT6, STM32U5A5RJT6Q, STM32U5A5VJT6, STM32U5A5VJT6Q, STM32U5A5ZJT6, STM32U5A5ZJT6Q, STM32U5A5ZJY6QTR, STM32U5A9BJY6QTR, STM32U5A9J-DK, STM32U5A9NJH6Q, STM32U5A9VJT6Q, STM32U5A9ZJT6Q, STM32U5A9ZJY6QTR, STM32U5F7VIT6, STM32U5F7VIT6Q, STM32U5F7VJT6, STM32U5F7VJT6Q, STM32U5F9BJY6QTR, STM32U5F9NJH6Q, STM32U5F9VIT6Q, STM32U5F9VJT6Q, STM32U5F9ZIJ6QTR, STM32U5F9ZIT6Q, STM32U5F9ZJJ6QTR, STM32U5F9ZJT6Q, STM32U5G7VJT6, STM32U5G7VJT6Q, STM32U5G9BJY6QTR, STM32U5G9J-DK1, STM32U5G9J-DK2, STM32U5G9NJH6Q, STM32U5G9VJT6Q, STM32U5G9ZJJ6QTR, STM32U5G9ZJT6Q, STM32WB05KZV6TR, STM32WB05KZV7TR, STM32WB05TZF6TR, STM32WB05TZF7TR, STM32WB06CCF6TR, STM32WB06CCF7TR, STM32WB06CCV6TR, STM32WB06CCV7TR, STM32WB06KCV6TR, STM32WB06KCV7TR, STM32WB07CCF6TR, STM32WB07CCF7TR, STM32WB07CCV6TR, STM32WB07CCV7TR, STM32WB07KCV6TR, STM32WB07KCV7TR, STM32WB09KEV6TR, STM32WB09KEV7TR, STM32WB09TEF6TR, STM32WB09TEF7TR, STM32WB1MMCH6, STM32WBA50KGU6, STM32WBA50KGU6TR, STM32WBA52CEU6, STM32WBA52CEU6TR, STM32WBA52CEU7, STM32WBA52CEU7TR, STM32WBA52CGU6, STM32WBA52CGU6TR, STM32WBA52CGU6U, STM32WBA52CGU7, STM32WBA52CGU7TR, STM32WBA52KEU6, STM32WBA52KEU6TR, STM32WBA52KGU6, STM32WBA52KGU6TR, STM32WBA54CEU6, STM32WBA54CEU6TR, STM32WBA54CEU7, STM32WBA54CEU7TR, STM32WBA54CGU6, STM32WBA54CGU6TR, STM32WBA54CGU7, STM32WBA54CGU7TR, STM32WBA54KEU6, STM32WBA54KEU6TR, STM32WBA54KEU7, STM32WBA54KEU7TR, STM32WBA54KGU6, STM32WBA54KGU6TR, STM32WBA54KGU7, STM32WBA54KGU7TR, STM32WBA55CEU6, STM32WBA55CEU6TR, STM32WBA55CEU7, STM32WBA55CEU7TR, STM32WBA55CGU6, STM32WBA55CGU6TR, STM32WBA55CGU6U, STM32WBA55CGU7, STM32WBA55CGU7TR, STM32WBA55G-DK1, STM32WBA55HEF6, STM32WBA55HEF7, STM32WBA55HGF6, STM32WBA55HGF7, STM32WBA55UEI6, STM32WBA55UEI6TR, STM32WBA55UEI7, STM32WBA55UEI7TR, STM32WBA55UGI6, STM32WBA55UGI6TR, STM32WBA55UGI7, STM32WBA55UGI7TR, STM32WBA5MMGH6TR, STM32WBA62MGF6, STM32WBA62MIF6, STM32WBA65MGF7, STM32WBA65MIF6, STM32WBA65MIF7, STM32WL30K8V6, STM32WL30KBV6, STM32WL31C8V6, STM32WL31CBV6, STM32WL31K8V6, STM32WL31KBV6, STM32WL33C8V6, STM32WL33C8V6X, STM32WL33CBV6, STM32WL33CBV6X, STM32WL33CCV6, STM32WL33CCV6A, STM32WL33CCV6X, STM32WL33K8V7, STM32WL33K8V7X, STM32WL33KBV7 , STM32WL33KBV7X, STM32WL33KCV7, STM32WL33KCV7X, STM32WL5MOCH6, STM32WL5MOCH6TR]
2025-09-27 15:58:42,484 [INFO] BoardInfo:889 - No configuration file found for board P-NUCLEO-WB55
2025-09-27 15:58:42,486 [INFO] DbBoards:161 - Kit is not supported: P-NUCLEO-WB55
2025-09-27 15:58:42,492 [INFO] BoardInfo:889 - No configuration file found for board STEVAL-BFA001V1B
2025-09-27 15:58:42,493 [INFO] DbBoards:161 - Kit is not supported: STEVAL-BFA001V1B
2025-09-27 15:58:42,494 [INFO] BoardInfo:889 - No configuration file found for board STEVAL-BFA001V2B
2025-09-27 15:58:42,495 [INFO] DbBoards:161 - Kit is not supported: STEVAL-BFA001V2B
2025-09-27 15:58:42,698 [INFO] DbBoards:168 - Found 212 boards, 209 are supported
2025-09-27 15:58:42,698 [INFO] DbBoards:169 - Found 212 boards, 43 of them is supported for  Bsp
2025-09-27 15:58:42,701 [INFO] ApiDb:423 - Load user favorites file C:\Users\user/.stm32cubeide/favorites.boards.txt: 1 item(s)
2025-09-27 15:58:42,701 [INFO] ApiDb:427 - User favorites Boards=[NUCLEO-L476RG]
2025-09-27 15:58:42,701 [INFO] DbBoards:198 - Set 1 / 1 favorites Boards
2025-09-27 15:58:42,702 [INFO] ApiDb:668 - CubeFinder database Data Model version=2.1
2025-09-27 15:58:42,703 [INFO] ApiDb:669 - CubeFinder database Configuration version=3.0.39
2025-09-27 15:58:42,703 [INFO] ApiDb:670 - CubeFinder database generation date=2025-08-25 (1756130511)
2025-09-27 15:58:42,703 [INFO] ApiDb:671 - CubeFinder database FW Pack versions=[FP-ATR-ASTRA1_V2.0.0, FP-SNS-FLIGHT1_V5.1.0, FP-SNS-MOTENV1_V5.0.0, FP-SNS-MOTENVWB1_V1.4.0, FP-SNS-SMARTAG2_V1.2.0, FP-SNS-STBOX1_V2.1.0, STM32Cube_FW_C0_V1.4.0, STM32Cube_FW_F4_V1.28.3, STM32Cube_FW_F7_V1.17.4, STM32Cube_FW_G0_V1.6.2, STM32Cube_FW_G4_V1.6.1, STM32Cube_FW_H5_V1.5.0, STM32Cube_FW_H7RS_V1.2.0, STM32Cube_FW_H7_V1.12.1, STM32Cube_FW_L0_V1.12.2, STM32Cube_FW_L4_V1.18.1, STM32Cube_FW_L5_V1.5.1, STM32Cube_FW_N6_V1.2.0, STM32Cube_FW_U0_V1.3.0, STM32Cube_FW_U3_V1.2.0, STM32Cube_FW_U5_V1.8.0, STM32Cube_FW_WB0_V1.3.0, STM32Cube_FW_WBA_V1.7.0, STM32Cube_FW_WB_V1.23.0, STM32Cube_FW_WL3_V1.2.0, STM32Cube_FW_WL_V1.3.1, X-CUBE-ALGOBUILD_V1.4.0, X-CUBE-ALS_V1.0.2, X-CUBE-AZRTOS-F4_V1.1.0, X-CUBE-AZRTOS-F7_V1.1.0, X-CUBE-AZRTOS-G0_V1.1.0, X-CUBE-AZRTOS-G4_V2.0.0, X-CUBE-AZRTOS-H7RS_V1.1.0, X-CUBE-AZRTOS-H7_V3.4.0, X-CUBE-AZRTOS-L4_V2.0.0, X-CUBE-AZRTOS-L5_V2.0.0, X-CUBE-AZRTOS-WB_V2.0.0, X-CUBE-AZRTOS-WL_V2.0.0, X-CUBE-BLE1_V7.1.0, X-CUBE-BLE2_V3.3.0, X-CUBE-BLEMGR_V4.1.0, X-CUBE-EEPRMA1_V5.2.0, X-CUBE-FREERTOS_V1.3.1, X-CUBE-GNSS1_V6.0.0, X-CUBE-MEMS1_V11.3.0, X-CUBE-NFC4_V3.0.0, X-CUBE-NFC7_V2.0.0, X-CUBE-SFXS2LP1_V4.0.0, X-CUBE-ST67W61_V1.0.0, X-CUBE-SUBG2_V5.0.0, X-CUBE-TOF1_V3.4.3]
2025-09-27 15:58:43,195 [ERROR] DbExamplesSqlite:437 - Missing JSON key: board_cpn
2025-09-27 15:58:43,195 [ERROR] DbExamplesSqlite:437 - Missing JSON key: board_cpn
2025-09-27 15:58:43,195 [ERROR] DbExamplesSqlite:437 - Missing JSON key: board_cpn
2025-09-27 15:58:43,195 [ERROR] DbExamplesSqlite:437 - Missing JSON key: board_cpn
2025-09-27 15:58:43,420 [ERROR] DbExamplesSqlite:437 - Missing JSON key: board_cpn
2025-09-27 15:58:43,421 [ERROR] DbExamplesSqlite:437 - Missing JSON key: board_cpn
2025-09-27 15:58:43,423 [INFO] DbExamplesSqlite:395 - Ignored 33 examples not supported by CubeIDE
2025-09-27 15:58:43,423 [INFO] DbExamplesSqlite:396 - Found 10871 examples active
2025-09-27 15:58:43,423 [INFO] DbExamplesSqlite:397 - Found 0 examples obsolete
2025-09-27 15:58:43,423 [INFO] DbExamplesSqlite:398 - Found 0 examples under development
2025-09-27 15:58:43,423 [INFO] DbExamplesSqlite:399 - Found 65 examples not building
2025-09-27 15:58:43,425 [INFO] DbExamples:125 - Found 10903 examples
2025-09-27 15:58:43,437 [INFO] DbExamples:222 - Found 134 boards with related examples
2025-09-27 15:58:43,438 [INFO] DbExamples:235 - Found 111 MCUs with related examples
2025-09-27 15:58:43,457 [INFO] ApiDb:414 - User favorites file not found: C:\Users\user/.stm32cubeide/favorites.examples.txt
2025-09-27 15:58:43,457 [INFO] DbExamples:250 - Set 0 / 0 favorites Examples
2025-09-27 15:58:43,555 [INFO] McuFinderGlobals:76 - Set McuFinderConnectedMode to true
2025-09-27 15:58:43,561 [INFO] MultiScanPanel:200 - Auto-refresh data requested => check proxy status ongoing
2025-09-27 15:58:43,563 [INFO] FinderPluginLoader:96 - Searching for filters in installed packs
2025-09-27 15:58:44,638 [INFO] LoadUrlFilesThread:185 - End of LoadServerUrlFiles without Thread
2025-09-27 15:58:44,701 [INFO] DetailPanel:341 - Set advertising image to C:/Users/user/STM32Cube/Repository/\en.2400x1350px.jpeg
2025-09-27 15:58:47,955 [INFO] MultiScanPanel:200 - Auto-refresh data requested => check proxy status ongoing
2025-09-27 15:58:48,036 [INFO] LoadUrlFilesThread:185 - End of LoadServerUrlFiles without Thread
2025-09-27 15:58:48,036 [INFO] DetailPanel:341 - Set advertising image to C:/Users/user/STM32Cube/Repository/\en.2400x1350px.jpeg
2025-09-27 15:58:48,045 [INFO] DbBoards:642 - Loading board mini-images...
2025-09-27 15:58:49,962 [ERROR] DbBoards:659 - Image file not found for board STM32MP215F-DK: C:\Users\user\.stmcufinder\plugins\mcufinder//mcu//boards_images/STM32MP215F-DK.jpg
2025-09-27 15:58:50,077 [INFO] DbBoards:665 - Loaded 211 board mini-images
2025-09-27 16:00:03,079 [INFO] MainUpdater:2872 - connection check result : 10
2025-09-27 16:00:03,079 [INFO] MainUpdater:2872 - connection check result : 10
2025-09-27 16:00:03,090 [INFO] MicroXplorer:468 - Change Database Path : 
2025-09-27 16:00:03,090 [INFO] MicroXplorer:498 - Change Database Version : DB.6.0.150
2025-09-27 16:00:03,092 [WARN] ThirdParty:871 - waiting for thirdparty lock release [close project]
2025-09-27 16:00:03,092 [INFO] ThirdParty:873 - entering critical section [close project]
2025-09-27 16:00:03,093 [INFO] ThirdParty:883 - exiting critical section [close project]
2025-09-27 16:00:03,094 [INFO] PinOutPanel:1589 - setPackage(No Configuration,No Configuration)
2025-09-27 16:00:03,095 [INFO] UtilMem:75 - Begin LoadConfig() Used Memory: 858641800 Bytes (900726784)
2025-09-27 16:00:03,098 [INFO] OpenFileManager:355 - Change cursor
2025-09-27 16:00:03,134 [INFO] ProjectFactory:514 - No CPN specified for board NUCLEO-L476RG => set CPN to STM32L476RGT3
2025-09-27 16:00:03,134 [INFO] Mcu:2029 - Initializing MCU STM32L476R(C-E-G)Tx STM32L476RGTx STM32L476RGT3
2025-09-27 16:00:04,571 [INFO] Context:786 - Trying to add GPIOservice into a context  which must be forbidden
2025-09-27 16:00:04,981 [INFO] Rule:233 - rule 117617 - U5Cobra4M][GTZC] default value MPCBB3 and MPCBB5 - Not Secured memory - MPCBB1 is applicable
2025-09-27 16:00:04,981 [INFO] Rule:233 - rule 117617 - U5Cobra4M][GTZC] default value MPCBB3 and MPCBB5 - Not Secured memory - MPCBB1 is applicable
2025-09-27 16:00:04,981 [INFO] Rule:233 - rule 117617 - U5Cobra4M][GTZC] default value MPCBB3 and MPCBB5 - Not Secured memory - MPCBB2 is applicable
2025-09-27 16:00:04,981 [INFO] Rule:233 - rule 117617 - U5Cobra4M][GTZC] default value MPCBB3 and MPCBB5 - Not Secured memory - MPCBB2 is applicable
2025-09-27 16:00:04,981 [INFO] Rule:233 - rule 117617 - U5Cobra4M][GTZC] default value MPCBB3 and MPCBB5 - Not Secured memory - MPCBB3 is applicable
2025-09-27 16:00:04,981 [INFO] Rule:233 - rule 117617 - U5Cobra4M][GTZC] default value MPCBB3 and MPCBB5 - Not Secured memory - MPCBB3 is applicable
2025-09-27 16:00:04,981 [INFO] Rule:233 - rule 117617 - U5Cobra4M][GTZC] default value MPCBB3 and MPCBB5 - Not Secured memory - MPCBB4 is applicable
2025-09-27 16:00:04,981 [INFO] Rule:233 - rule 117617 - U5Cobra4M][GTZC] default value MPCBB3 and MPCBB5 - Not Secured memory - MPCBB4 is applicable
2025-09-27 16:00:04,981 [INFO] Rule:233 - rule 117617 - U5Cobra4M][GTZC] default value MPCBB3 and MPCBB5 - Secured memory - MPCBB1 is applicable
2025-09-27 16:00:04,981 [INFO] Rule:233 - rule 117617 - U5Cobra4M][GTZC] default value MPCBB3 and MPCBB5 - Secured memory - MPCBB2 is applicable
2025-09-27 16:00:04,981 [INFO] Rule:233 - rule 117617 - U5Cobra4M][GTZC] default value MPCBB3 and MPCBB5 - Secured memory - MPCBB3 is applicable
2025-09-27 16:00:04,981 [INFO] Rule:233 - rule 117617 - U5Cobra4M][GTZC] default value MPCBB3 and MPCBB5 - Secured memory - MPCBB4 is applicable
2025-09-27 16:00:04,981 [INFO] Rule:233 - rule 117617 - U5Cobra4M][GTZC] default value MPCBB3 and MPCBB5 - Privileged memory - MPCBB1 is applicable
2025-09-27 16:00:04,981 [INFO] Rule:233 - rule 117617 - U5Cobra4M][GTZC] default value MPCBB3 and MPCBB5 - Privileged memory - MPCBB2 is applicable
2025-09-27 16:00:04,981 [INFO] Rule:233 - rule 117617 - U5Cobra4M][GTZC] default value MPCBB3 and MPCBB5 - Privileged memory - MPCBB3 is applicable
2025-09-27 16:00:04,981 [INFO] Rule:233 - rule 117617 - U5Cobra4M][GTZC] default value MPCBB3 and MPCBB5 - Privileged memory - MPCBB4 is applicable
2025-09-27 16:00:04,981 [INFO] Rule:233 - rule 117617 - U5Cobra4M][GTZC] default value MPCBB3 and MPCBB5 - Not Privileged memory - MPCBB1 is applicable
2025-09-27 16:00:04,981 [INFO] Rule:233 - rule 117617 - U5Cobra4M][GTZC] default value MPCBB3 and MPCBB5 - Not Privileged memory - MPCBB2 is applicable
2025-09-27 16:00:04,981 [INFO] Rule:233 - rule 117617 - U5Cobra4M][GTZC] default value MPCBB3 and MPCBB5 - Not Privileged memory - MPCBB3 is applicable
2025-09-27 16:00:04,981 [INFO] Rule:233 - rule 117617 - U5Cobra4M][GTZC] default value MPCBB3 and MPCBB5 - Not Privileged memory - MPCBB4 is applicable
2025-09-27 16:00:04,981 [INFO] Rule:233 - rule 117617 - U5Cobra4M][GTZC] default value MPCBB3 and MPCBB5 - Privileged memory - MPCBB1 is applicable
2025-09-27 16:00:04,983 [INFO] Rule:233 - rule 117617 - U5Cobra4M][GTZC] default value MPCBB3 and MPCBB5 - Privileged memory - MPCBB2 is applicable
2025-09-27 16:00:04,983 [INFO] Rule:233 - rule 117617 - U5Cobra4M][GTZC] default value MPCBB3 and MPCBB5 - Privileged memory - MPCBB3 is applicable
2025-09-27 16:00:04,983 [INFO] Rule:233 - rule 117617 - U5Cobra4M][GTZC] default value MPCBB3 and MPCBB5 - Privileged memory - MPCBB4 is applicable
2025-09-27 16:00:04,983 [INFO] Rule:233 - rule 117617 - U5Cobra4M][GTZC] default value MPCBB3 and MPCBB5 - Privileged memory - MPCBB1 is applicable
2025-09-27 16:00:04,983 [INFO] Rule:233 - rule 117617 - U5Cobra4M][GTZC] default value MPCBB3 and MPCBB5 - Privileged memory - MPCBB2 is applicable
2025-09-27 16:00:04,983 [INFO] Rule:233 - rule 117617 - U5Cobra4M][GTZC] default value MPCBB3 and MPCBB5 - Privileged memory - MPCBB3 is applicable
2025-09-27 16:00:04,983 [INFO] Rule:233 - rule 117617 - U5Cobra4M][GTZC] default value MPCBB3 and MPCBB5 - Privileged memory - MPCBB4 is applicable
2025-09-27 16:00:04,983 [INFO] Rule:233 - rule 117617 - U5Cobra4M][GTZC] default value MPCBB3 and MPCBB5 - Not Privileged memory - MPCBB1 is applicable
2025-09-27 16:00:04,983 [INFO] Rule:233 - rule 117617 - U5Cobra4M][GTZC] default value MPCBB3 and MPCBB5 - Not Privileged memory - MPCBB2 is applicable
2025-09-27 16:00:04,983 [INFO] Rule:233 - rule 117617 - U5Cobra4M][GTZC] default value MPCBB3 and MPCBB5 - Not Privileged memory - MPCBB3 is applicable
2025-09-27 16:00:04,983 [INFO] Rule:233 - rule 117617 - U5Cobra4M][GTZC] default value MPCBB3 and MPCBB5 - Not Privileged memory - MPCBB4 is applicable
2025-09-27 16:00:04,983 [INFO] Rule:233 - rule 117617 - U5Cobra4M][GTZC] default value MPCBB3 and MPCBB5 - Privileged memory - MPCBB1 is applicable
2025-09-27 16:00:04,983 [INFO] Rule:233 - rule 117617 - U5Cobra4M][GTZC] default value MPCBB3 and MPCBB5 - Privileged memory - MPCBB2 is applicable
2025-09-27 16:00:04,983 [INFO] Rule:233 - rule 117617 - U5Cobra4M][GTZC] default value MPCBB3 and MPCBB5 - Privileged memory - MPCBB3 is applicable
2025-09-27 16:00:04,983 [INFO] Rule:233 - rule 117617 - U5Cobra4M][GTZC] default value MPCBB3 and MPCBB5 - Privileged memory - MPCBB4 is applicable
2025-09-27 16:00:04,983 [INFO] Rule:233 - rule Rename SubGHz_Phy SUBGHZ_APPLICATION SUBGHZ_PINGPONG to SUBGHZ_ADV_APPLICATION is applicable
2025-09-27 16:00:04,983 [INFO] Rule:233 - rule Rename Enabled to IBEACON is applicable
2025-09-27 16:00:04,983 [INFO] Rule:233 - rule GTZC_S instance for project manager is applicable
2025-09-27 16:00:04,983 [INFO] Rule:233 - rule GTZC_S instance for context M33S is applicable
2025-09-27 16:00:04,983 [INFO] Rule:233 - rule GTZC_S instance value for IP GTZC is applicable
2025-09-27 16:00:04,983 [INFO] Rule:233 - rule GTZC_S instance for mcu.IP is applicable
2025-09-27 16:00:04,983 [INFO] Rule:233 - rule GTZC_S instance for VP is applicable
2025-09-27 16:00:04,983 [INFO] Rule:233 - rule GTZC_S instance for signal is applicable
2025-09-27 16:00:04,983 [INFO] Rule:233 - rule GTZC_S instance for mcu.Pin is applicable
2025-09-27 16:00:04,984 [INFO] Rule:233 - rule GTZC_S instance for VP is applicable
2025-09-27 16:00:04,984 [INFO] Rule:233 - rule GTZC_S instance for signal is applicable
2025-09-27 16:00:04,984 [INFO] Rule:233 - rule GTZC_S instance for mcu is applicable
2025-09-27 16:00:04,984 [INFO] Rule:233 - rule GTZC_S instance for mcu.Pin is applicable
2025-09-27 16:00:04,984 [INFO] Rule:233 - rule GTZC_S instance value for IP GTZC is applicable
2025-09-27 16:00:04,984 [INFO] Rule:233 - rule GTZC_S instance for project manager is applicable
2025-09-27 16:00:04,984 [INFO] Rule:233 - rule GTZC_S instance for context M33S is applicable
2025-09-27 16:00:04,984 [INFO] Rule:233 - rule GTZC_S instance for VP is applicable
2025-09-27 16:00:04,984 [INFO] Rule:233 - rule GTZC_S instance for signal is applicable
2025-09-27 16:00:04,984 [INFO] Rule:233 - rule SPDIFRX instance for mcu is applicable
2025-09-27 16:00:04,984 [INFO] Rule:233 - rule Rename Tracer Mode is applicable
2025-09-27 16:00:04,984 [INFO] Rule:233 - rule SPDIFRX instance value for IP SPDIFRX is applicable
2025-09-27 16:00:04,984 [INFO] Rule:233 - rule SPDIFRX instance for signal is applicable
2025-09-27 16:00:04,984 [INFO] Rule:233 - rule SPDIFRX instance for project manager is applicable
2025-09-27 16:00:04,984 [INFO] Rule:233 - rule SPDIFRX instance for project manager is applicable
2025-09-27 16:00:04,984 [INFO] Rule:233 - rule ADC Scan  fix with FW F7 is applicable
2025-09-27 16:00:04,984 [INFO] Rule:233 - rule ADC Scan  fix with FW F7 is applicable
2025-09-27 16:00:04,984 [INFO] Rule:233 - rule WakeUp0 Mode is applicable
2025-09-27 16:00:04,984 [INFO] Rule:233 - rule WakeUp0 SIGNAL is applicable
2025-09-27 16:00:04,984 [INFO] Rule:233 - rule WakeUp1 Mode is applicable
2025-09-27 16:00:04,984 [INFO] Rule:233 - rule WakeUp1 SIGNAL is applicable
2025-09-27 16:00:04,984 [INFO] Rule:233 - rule WakeUp2 Mode is applicable
2025-09-27 16:00:04,984 [INFO] Rule:233 - rule WakeUp2 SIGNAL is applicable
2025-09-27 16:00:04,984 [INFO] Rule:233 - rule WakeUp4 Mode is applicable
2025-09-27 16:00:04,984 [INFO] Rule:233 - rule WakeUp4 SIGNAL is applicable
2025-09-27 16:00:04,984 [INFO] Rule:233 - rule WakeUp5 Mode is applicable
2025-09-27 16:00:04,984 [INFO] Rule:233 - rule WakeUp5 SIGNAL is applicable
2025-09-27 16:00:04,984 [INFO] Rule:233 - rule Add RTC Activate Clock Source is applicable
2025-09-27 16:00:04,984 [INFO] Rule:233 - rule Add RTC Activate Calendar 1 is applicable
2025-09-27 16:00:04,984 [INFO] Rule:233 - rule Add RTC Activate Calendar 2 is applicable
2025-09-27 16:00:04,984 [INFO] Rule:233 - rule Add RTC Activate Calendar 3 is applicable
2025-09-27 16:00:04,984 [INFO] Rule:233 - rule UART/USART TX Mode is applicable
2025-09-27 16:00:04,984 [INFO] Rule:233 - rule UART/USART RX Mode is applicable
2025-09-27 16:00:04,984 [INFO] Rule:233 - rule UART/USART RX TX Mode is applicable
2025-09-27 16:00:04,984 [INFO] Rule:233 - rule UART/USART PARITY NONE is applicable
2025-09-27 16:00:04,984 [INFO] Rule:233 - rule UART/USART PARITY EVEN is applicable
2025-09-27 16:00:04,984 [INFO] Rule:233 - rule UART/USART PARITY ODD is applicable
2025-09-27 16:00:04,984 [INFO] Rule:233 - rule USART StopBits 1 is applicable
2025-09-27 16:00:04,985 [INFO] Rule:233 - rule USART StopBits 2 is applicable
2025-09-27 16:00:04,985 [INFO] Rule:233 - rule USART StopBits 1.5 is applicable
2025-09-27 16:00:04,985 [INFO] Rule:233 - rule USART StopBits 0.5 is applicable
2025-09-27 16:00:04,985 [INFO] Rule:233 - rule UART/USART WORD LENGTH 7 is applicable
2025-09-27 16:00:04,985 [INFO] Rule:233 - rule UART/USART WORD LENGTH 8 is applicable
2025-09-27 16:00:04,985 [INFO] Rule:233 - rule UART/USART WORD LENGTH 9 is applicable
2025-09-27 16:00:04,985 [INFO] Rule:233 - rule Rename FMC NAND NCE signal is applicable
2025-09-27 16:00:04,985 [INFO] Rule:233 - rule Rename FMC NAND INT signal is applicable
2025-09-27 16:00:04,985 [INFO] Rule:233 - rule Change Default Value for LSE Drive Capability for WB family is applicable
2025-09-27 16:00:04,985 [INFO] Rule:233 - rule Change Default Value for ADC Clock Prescaler G0 family is applicable
2025-09-27 16:00:04,985 [INFO] Rule:233 - rule Change Default Value for ADC ExternalTrigConv L4 family is applicable
2025-09-27 16:00:04,985 [INFO] Rule:233 - rule Change Default Value for ADC ExternalTrigInjecConv L4 family is applicable
2025-09-27 16:00:04,985 [INFO] Rule:233 - rule Change Default Value for ADC ExternalTrigConv F3 family is applicable
2025-09-27 16:00:04,985 [INFO] Rule:233 - rule Change Default Value for ADC ExternalTrigInjecConv F3 family is applicable
2025-09-27 16:00:04,985 [INFO] Rule:233 - rule Change Default Value for ADC ExternalTrigConv Goldfish serie is applicable
2025-09-27 16:00:04,985 [INFO] Rule:233 - rule Change Default Value for ADC ExternalTrigInjecConv Goldfish serie is applicable
2025-09-27 16:00:04,985 [INFO] Rule:233 - rule Change Default Value for ADC ExternalTrigConv L0 family is applicable
2025-09-27 16:00:04,985 [INFO] Rule:233 - rule Change Default Value for ADC ExternalTrigConv F0 family is applicable
2025-09-27 16:00:04,985 [INFO] Rule:233 - rule Change Default Value for ADC ExternalTrigConvn L1 family is applicable
2025-09-27 16:00:04,985 [INFO] Rule:233 - rule Change Default Value for ADC ExternalTrigInjecConv L1 family is applicable
2025-09-27 16:00:04,985 [INFO] Rule:233 - rule Change Default Value for ADC ExternalTrigConv F1 family is applicable
2025-09-27 16:00:04,986 [INFO] Rule:233 - rule Change Default Value for ADC ExternalTrigInjecConv F1 family is applicable
2025-09-27 16:00:04,986 [INFO] Rule:233 - rule Change Default Value for ADC ExternalTrigConv F7 family is applicable
2025-09-27 16:00:04,986 [INFO] Rule:233 - rule Change Default Value for ADC ExternalTrigInjecConv F7 family is applicable
2025-09-27 16:00:04,986 [INFO] Rule:233 - rule Change Default Value for ADC ExternalTrigConv F4 and F2 family is applicable
2025-09-27 16:00:04,986 [INFO] Rule:233 - rule Change Default Value for ADC ExternalTrigInjecConv F4 and F2 family is applicable
2025-09-27 16:00:04,986 [INFO] Rule:233 - rule ADC SamplingTime fix with FW L0  is applicable
2025-09-27 16:00:04,986 [INFO] Rule:233 - rule ADC SamplingTime fix with FW L0  is applicable
2025-09-27 16:00:04,986 [INFO] Rule:233 - rule ADC SamplingTime fix with FW L0 is applicable
2025-09-27 16:00:04,986 [INFO] Rule:233 - rule ADC SamplingTime fix with FW L0 is applicable
2025-09-27 16:00:04,986 [INFO] Rule:233 - rule ADC SamplingTime fix with FW L0  is applicable
2025-09-27 16:00:04,986 [INFO] Rule:233 - rule ADC SamplingTime fix with FW L0 is applicable
2025-09-27 16:00:04,986 [INFO] Rule:233 - rule Rename USB_OE Signal is applicable
2025-09-27 16:00:04,986 [INFO] Rule:233 - rule Rename Activate_OE Mode is applicable
2025-09-27 16:00:04,986 [INFO] Rule:233 - rule Rename DIE462/DIE415 pin PC14/OSC32_IN -> PC14-OSC32_IN (PC14) is applicable
2025-09-27 16:00:04,986 [INFO] Rule:233 - rule Rename DIE462/DIE415 pin PC15/OSC32_OUT -> PC15-OSC32_OUT (PC15) is applicable
2025-09-27 16:00:04,986 [INFO] Rule:233 - rule Rename DIE462/DIE415 pin PH0/OSC_IN -> PH0-OSC_IN (PH0) is applicable
2025-09-27 16:00:04,986 [INFO] Rule:233 - rule Rename DIE462/DIE415 pin PH1/OSC_OUT -> PH1-OSC_OUT (PH1) is applicable
2025-09-27 16:00:04,986 [INFO] Rule:233 - rule Rename DIE462 pin PA13 -> PA13 (JTMS/SWDIO) is applicable
2025-09-27 16:00:04,986 [INFO] Rule:233 - rule Rename DIE415 pin PA13 -> PA13 (JTMS/SWDIO) is applicable
2025-09-27 16:00:04,987 [INFO] Rule:233 - rule Rename DIE462 pin PA14 -> PA14 (JTCK/SWCLK) is applicable
2025-09-27 16:00:04,987 [INFO] Rule:233 - rule Rename DIE415 pin PA14 -> PA14 (JTCK/SWCLK) is applicable
2025-09-27 16:00:04,987 [INFO] Rule:233 - rule Rename DIE462/DIE415 pin PA15 -> PA15 (JTDI) is applicable
2025-09-27 16:00:04,987 [INFO] Rule:233 - rule Rename DIE462 pin PB3 -> PB3 (JTD0/TRACESWO) is applicable
2025-09-27 16:00:04,987 [INFO] Rule:233 - rule Rename DIE415 pin PB3 -> PB3 (JTD0-TRACESWO) is applicable
2025-09-27 16:00:04,987 [INFO] Rule:233 - rule Rename DIE462/DIE415 pin PB4 -> PB4 (NJTRST) is applicable
2025-09-27 16:00:04,987 [INFO] Rule:233 - rule Rename DIE462 pin PH3/BOOT0 -> PH3-BOOT0 (BOOT0) is applicable
2025-09-27 16:00:04,987 [INFO] Rule:233 - rule Rename CRYP DataEncryptionTypesList to Algorithm is applicable
2025-09-27 16:00:04,987 [INFO] Rule:233 - rule Rename AES DataEncryptionTypesList to Algorithm is applicable
2025-09-27 16:00:04,987 [INFO] Rule:233 - rule Rename TDESECB to CRYP_TDES_ECB is applicable
2025-09-27 16:00:04,987 [INFO] Rule:233 - rule Rename TDESCBC to CRYP_TDES_CBC is applicable
2025-09-27 16:00:04,987 [INFO] Rule:233 - rule Rename DESECB to CRYP_DES_ECB is applicable
2025-09-27 16:00:04,987 [INFO] Rule:233 - rule Rename DESCBC to CRYP_DES_CBC is applicable
2025-09-27 16:00:04,987 [INFO] Rule:233 - rule Rename AESECB to CRYP_AES_ECB is applicable
2025-09-27 16:00:04,987 [INFO] Rule:233 - rule Rename AESCBC to CRYP_AES_CBC is applicable
2025-09-27 16:00:04,987 [INFO] Rule:233 - rule Rename AESCTR to CRYP_AES_CTR is applicable
2025-09-27 16:00:04,987 [INFO] Rule:233 - rule Rename AESGCM to CRYP_AES_GCM is applicable
2025-09-27 16:00:04,987 [INFO] Rule:233 - rule Rename AESCCM to CRYP_AES_CCM is applicable
2025-09-27 16:00:04,987 [INFO] Rule:233 - rule Rename CAN TimeSeg1 to BS1 is applicable
2025-09-27 16:00:04,987 [INFO] Rule:233 - rule Rename CAN TimeSeg2 to BS2 is applicable
2025-09-27 16:00:04,987 [INFO] Rule:233 - rule Rename CAN SyncJumpWidth to SJW is applicable
2025-09-27 16:00:04,987 [INFO] Rule:233 - rule TimeTriggeredMode to TTCM is applicable
2025-09-27 16:00:04,987 [INFO] Rule:233 - rule Rename CAN AutoBusOff to ABOM is applicable
2025-09-27 16:00:04,987 [INFO] Rule:233 - rule Rename CAN AutoWakeUp to AWUM is applicable
2025-09-27 16:00:04,987 [INFO] Rule:233 - rule Rename CAN AutoRetransmission to NART is applicable
2025-09-27 16:00:04,987 [INFO] Rule:233 - rule Rename CAN ReceiveFifoLocked to RFLM is applicable
2025-09-27 16:00:04,987 [INFO] Rule:233 - rule Rename CAN TransmitFifoPriority to TXFP is applicable
2025-09-27 16:00:04,988 [INFO] Rule:233 - rule Rename HRTIMER HRTIM_OUTPUTFAULTLEVEL_HIGH in HRTIMER HRTIM_OUTPUTFAULTLEVEL_HIGHZ is applicable
2025-09-27 16:00:04,988 [INFO] Rule:233 - rule Rename TIMER TIM_CLEARINPUTSOURCE_OCREFCLR in  TIMER TIM_CLEARINPUTSOURCE_NONE for F7 family is applicable
2025-09-27 16:00:04,988 [INFO] Rule:233 - rule FDCAN_R1 - Rename FDCAN mode Master into Classic is applicable
2025-09-27 16:00:04,988 [INFO] Rule:233 - rule FDCAN_R2 - Rename FDCAN mode Slave into Classic is applicable
2025-09-27 16:00:04,988 [INFO] Rule:233 - rule FDCAN1_R3 - if PA10.Mode=FullDuplex, add Pin PA12 is applicable
2025-09-27 16:00:04,988 [INFO] Rule:233 - rule FDCAN1_R3 - if PA9.Mode=FullDuplex, add Pin PA11 is applicable
2025-09-27 16:00:04,988 [INFO] Rule:233 - rule FDCAN1_R3 - Alternatepin_1 - if PE1.Mode=FullDuplex, add Pin PB9 is applicable
2025-09-27 16:00:04,988 [INFO] Rule:233 - rule FDCAN1_R3 - Alternatepin_1 - if PE0.Mode=FullDuplex, add Pin PB8 is applicable
2025-09-27 16:00:04,988 [INFO] Rule:233 - rule FDCAN1_R3 - Alternatepin_2 - if PD5.Mode=FullDuplex, add Pin PD1 is applicable
2025-09-27 16:00:04,988 [INFO] Rule:233 - rule FDCAN1_R3 - Alternatepin_2 - if PD4.Mode=FullDuplex, add Pin PD0 is applicable
2025-09-27 16:00:04,988 [INFO] Rule:233 - rule FDCAN1_R4 - Rename Mode FullDuplex into Enable FDCAN_TXFD for pin PA10 is applicable
2025-09-27 16:00:04,988 [INFO] Rule:233 - rule FDCAN1_R4 - Rename Mode FullDuplex into Enable FDCAN_TXFD for pin PA9 is applicable
2025-09-27 16:00:04,988 [INFO] Rule:233 - rule FDCAN1_R4 - Alternatepin_1 - Rename Mode FullDuplex into Enable FDCAN_TXFD for pin PE1 is applicable
2025-09-27 16:00:04,988 [INFO] Rule:233 - rule FDCAN1_R4 - Alternatepin_1 - Rename Mode FullDuplex into Enable FDCAN_TXFD for pin PE0 is applicable
2025-09-27 16:00:04,988 [INFO] Rule:233 - rule FDCAN1_R4 - Alternatepin_2 - Rename Mode FullDuplex into Enable FDCAN_TXFD for pin PD5 is applicable
2025-09-27 16:00:04,988 [INFO] Rule:233 - rule FDCAN1_R4 - Alternatepin_2 - Rename Mode FullDuplex into Enable FDCAN_TXFD for pin PD4 is applicable
2025-09-27 16:00:04,988 [INFO] Rule:233 - rule FDCAN2_R3 - if PD10.Mode=FullDuplex, add Pin PB13 is applicable
2025-09-27 16:00:04,988 [INFO] Rule:233 - rule FDCAN2_R3 - if PD9.Mode=FullDuplex, add Pin PB12 is applicable
2025-09-27 16:00:04,988 [INFO] Rule:233 - rule FDCAN2_R3 - Alternatepin_1 - if PB7.Mode=FullDuplex, add Pin PB6 is applicable
2025-09-27 16:00:04,988 [INFO] Rule:233 - rule FDCAN2_R3 - Alternatepin_1 - if PD9.Mode=FullDuplex, add Pin PB12 is applicable
2025-09-27 16:00:04,988 [INFO] Rule:233 - rule FDCAN2_R4 - Rename Mode FullDuplex into Enable FDCAN_TXFD for pin PD10 is applicable
2025-09-27 16:00:04,988 [INFO] Rule:233 - rule FDCAN2_R4 - Rename Mode FullDuplex into Enable FDCAN_TXFD for pin PD9 is applicable
2025-09-27 16:00:04,988 [INFO] Rule:233 - rule FDCAN2_R4 - Alternatepin_1 - Rename Mode FullDuplex into Enable FDCAN_TXFD for pin PB7 is applicable
2025-09-27 16:00:04,988 [INFO] Rule:233 - rule FDCAN2_R4 - Alternatepin_1 - Rename Mode FullDuplex into Enable FDCAN_TXFD for pin PD6 is applicable
2025-09-27 16:00:04,988 [INFO] Rule:233 - rule USART TxPinLevelInvertParam Mode is applicable
2025-09-27 16:00:04,988 [INFO] Rule:233 - rule USART RxPinLevelInvertParam Mode is applicable
2025-09-27 16:00:04,988 [INFO] Rule:233 - rule USART DataInvertParam Mode is applicable
2025-09-27 16:00:04,988 [INFO] Rule:233 - rule USART SwapParam Mode is applicable
2025-09-27 16:00:04,989 [INFO] Rule:233 - rule USART OverrunDisableParam Mode is applicable
2025-09-27 16:00:04,989 [INFO] Rule:233 - rule USART DMADisableonRxErrorParam Mode is applicable
2025-09-27 16:00:04,989 [INFO] Rule:233 - rule USART MSBFirstParam Mode is applicable
2025-09-27 16:00:04,989 [INFO] Rule:233 - rule Update MwName for USB_DEVICE is applicable
2025-09-27 16:00:04,989 [INFO] Rule:233 - rule Change PWR_Regulator_Voltage_Scale Default Value for RCC  H7 family is applicable
2025-09-27 16:00:04,989 [INFO] Rule:233 - rule UART/USART IPParameter rename Prescaler parameter to ClockPrescaler is applicable
2025-09-27 16:00:04,989 [INFO] Rule:233 - rule UART/USART Prescaler rename Prescaler parameter to ClockPrescaler is applicable
2025-09-27 16:00:04,989 [INFO] Rule:233 - rule TIM1CLockSelection is applicable
2025-09-27 16:00:04,989 [INFO] Rule:233 - rule TIM15CLockSelection is applicable
2025-09-27 16:00:04,989 [INFO] Rule:233 - rule align RCC SDMMC3CLockSelection default value on MP1 is applicable
2025-09-27 16:00:04,989 [INFO] Rule:233 - rule align RCC SDMMC12CLockSelection default value on MP1 is applicable
2025-09-27 16:00:04,989 [INFO] Rule:233 - rule align RCC QSPICLockSelection default value on MP1 is applicable
2025-09-27 16:00:04,989 [INFO] Rule:233 - rule align RCC QSPICLockSelection default value on MP1 is applicable
2025-09-27 16:00:04,989 [INFO] Rule:233 - rule align RCC SPI6CLockSelection default value on MP1 is applicable
2025-09-27 16:00:04,989 [INFO] Rule:233 - rule align RCC LPTIM23CLockSelection default value on MP1 is applicable
2025-09-27 16:00:04,989 [INFO] Rule:233 - rule align RCC LPTIM1CLockSelection default value on MP1 is applicable
2025-09-27 16:00:04,989 [INFO] Rule:233 - rule align RCC USART1CLockSelection default value on MP1 is applicable
2025-09-27 16:00:04,989 [INFO] Rule:233 - rule align RCC USART24CLockSelection default value on MP1 is applicable
2025-09-27 16:00:04,989 [INFO] Rule:233 - rule align RCC USART6CLockSelection default value on MP1 is applicable
2025-09-27 16:00:04,989 [INFO] Rule:233 - rule align RCC UART78CLockSelection default value on MP1 is applicable
2025-09-27 16:00:04,989 [INFO] Rule:233 - rule align RCC USART35CLockSelection default value on MP1 is applicable
2025-09-27 16:00:04,989 [INFO] Rule:233 - rule align RCC SPI45CLockSelection default value on MP1 is applicable
2025-09-27 16:00:04,989 [INFO] Rule:233 - rule align RCC I2C46CLockSelection BCLK value on MP1 is applicable
2025-09-27 16:00:04,989 [INFO] Rule:233 - rule align RCC SPI45CLockSelection default value on MP1 is applicable
2025-09-27 16:00:04,989 [INFO] Rule:233 - rule align RCC I2C12CLockSelection default value on MP1 is applicable
2025-09-27 16:00:04,989 [INFO] Rule:233 - rule align RCC I2C35CLockSelection default value on MP1 is applicable
2025-09-27 16:00:04,989 [INFO] Rule:233 - rule align RCC LPTIM45CLockSelection default value on MP1 is applicable
2025-09-27 16:00:04,989 [INFO] Rule:233 - rule Rename DCMI PIXCK signal is applicable
2025-09-27 16:00:04,990 [INFO] Rule:233 - rule Change Default Value for I2C46CLockSelection MP1 family is applicable
2025-09-27 16:00:04,990 [INFO] Rule:233 - rule Change Default Value for UART for G4, G0 and WB families is applicable
2025-09-27 16:00:04,990 [INFO] Rule:233 - rule Change Default Value for USART for G4, G0 and WB families is applicable
2025-09-27 16:00:04,990 [INFO] Rule:233 - rule Change Default Value for USART for G4 family is applicable
2025-09-27 16:00:04,990 [INFO] Rule:233 - rule Change USART1CLockSelection refparam name for MP1 is applicable
2025-09-27 16:00:04,990 [INFO] Rule:233 - rule Change USART2CLockSelection refparam name for MP1 is applicable
2025-09-27 16:00:04,990 [INFO] Rule:233 - rule Change USART3CLockSelection refparam name for MP1 is applicable
2025-09-27 16:00:04,990 [INFO] Rule:233 - rule Change UART4CLockSelection refparam name for MP1 is applicable
2025-09-27 16:00:04,990 [INFO] Rule:233 - rule Change UART5CLockSelection refparam name for MP1 is applicable
2025-09-27 16:00:04,990 [INFO] Rule:233 - rule Change LPUART1CLockSelection refparam name for MP1 is applicable
2025-09-27 16:00:04,990 [INFO] Rule:233 - rule Change LPTIM1CLockSelection refparam name for MP1 is applicable
2025-09-27 16:00:04,990 [INFO] Rule:233 - rule Change LPTIM2CLockSelection refparam name for MP1 is applicable
2025-09-27 16:00:04,990 [INFO] Rule:233 - rule Change RCC_MCO1Source refparam name for MP1 is applicable
2025-09-27 16:00:04,990 [INFO] Rule:233 - rule Change LSCOSource1 refparam name for MP1 is applicable
2025-09-27 16:00:04,990 [INFO] Rule:233 - rule Change SMPSCLockSelection refparam name for MP1 is applicable
2025-09-27 16:00:04,990 [INFO] Rule:233 - rule Change LPTIM3CLockSelection refparam name for MP1 is applicable
2025-09-27 16:00:04,990 [INFO] Rule:233 - rule Change MPCBB* Default Template Mode to Parameters is applicable
2025-09-27 16:00:04,990 [INFO] Rule:233 - rule Change MPCWM* or MPCBB* Secure Mode to Parameters is applicable
2025-09-27 16:00:04,990 [INFO] Rule:233 - rule Change MPCWM* or MPCBB* No Secure Mode to Parameters is applicable
2025-09-27 16:00:04,990 [INFO] Rule:233 - rule Change TZSC IP Secure Mode to Parameters is applicable
2025-09-27 16:00:04,990 [INFO] Rule:233 - rule Change TZSC IP No Secure Mode to Parameters is applicable
2025-09-27 16:00:04,990 [INFO] Rule:233 - rule Change TZSC IP Privilege Mode to Parameters is applicable
2025-09-27 16:00:04,990 [INFO] Rule:233 - rule Change TZSC IP No Privilege Mode to Parameters is applicable
2025-09-27 16:00:04,990 [INFO] Rule:233 - rule Change TZIC IT Secure Mode to Parameters is applicable
2025-09-27 16:00:04,990 [INFO] Rule:233 - rule Change TZIC IT No Secure Mode to Parameters is applicable
2025-09-27 16:00:04,990 [INFO] Rule:233 - rule Add MPCBB1_NonSecureArea_Start_Address value with referenced to MPCBB1_NonSecureArea_Start value is applicable
2025-09-27 16:00:04,990 [INFO] Rule:233 - rule Add MPCBB2_NonSecureArea_Start_Address value with referenced to MPCBB2_NonSecureArea_Start value is applicable
2025-09-27 16:00:04,991 [INFO] Rule:233 - rule Add MPCWM1_NonSecureArea*_Start_Address value with referenced to MPCWM1_NonSecureArea*_Start value is applicable
2025-09-27 16:00:04,991 [INFO] Rule:233 - rule Add MPCWM2_NonSecureArea*_Start_Address value with referenced to MPCWM2_NonSecureArea*_Start value is applicable
2025-09-27 16:00:04,991 [INFO] Rule:233 - rule Add MPCWM3_NonSecureArea_Start_Address value with referenced to MPCWM3_NonSecureArea_Start value is applicable
2025-09-27 16:00:04,991 [INFO] Rule:233 - rule Change Default Value for PLL1UserDefinedConfig is applicable
2025-09-27 16:00:04,991 [INFO] Rule:233 - rule Change GPIO_PuPd Default Value for USART in async mode is applicable
2025-09-27 16:00:04,991 [INFO] Rule:233 - rule Change SMPSDivider Default Value is applicable
2025-09-27 16:00:04,991 [INFO] Rule:233 - rule OPAMP is applicable
2025-09-27 16:00:04,991 [INFO] Rule:233 - rule LPUART IPParameter rename Prescaler parameter to ClockPrescaler for STM32H7 is applicable
2025-09-27 16:00:04,991 [INFO] Rule:233 - rule LPUART IPParameter rename Prescaler parameter to ClockPrescaler for STM32H7 is applicable
2025-09-27 16:00:04,991 [INFO] Rule:233 - rule LPUART IPParameter rename Prescaler parameter to ClockPrescaler for STM32WB is applicable
2025-09-27 16:00:04,991 [INFO] Rule:233 - rule LPUART IPParameter rename Prescaler parameter to ClockPrescaler for STM32WB is applicable
2025-09-27 16:00:04,991 [INFO] Rule:233 - rule LPUART IPParameter rename Prescaler parameter to ClockPrescaler for STM32G4 is applicable
2025-09-27 16:00:04,991 [INFO] Rule:233 - rule LPUART IPParameter rename Prescaler parameter to ClockPrescaler for STM32G4 is applicable
2025-09-27 16:00:04,991 [INFO] Rule:233 - rule LPUART IPParameter rename Prescaler parameter to ClockPrescaler for STM32L5 is applicable
2025-09-27 16:00:04,991 [INFO] Rule:233 - rule LPUART IPParameter rename Prescaler parameter to ClockPrescaler for STM32L5 is applicable
2025-09-27 16:00:04,991 [INFO] Rule:233 - rule LPUART IPParameter rename Prescaler parameter to ClockPrescaler for STM32G4 is applicable
2025-09-27 16:00:04,991 [INFO] Rule:233 - rule LPUART IPParameter rename Prescaler parameter to ClockPrescaler for STM32G4 is applicable
2025-09-27 16:00:04,991 [INFO] Rule:233 - rule USB device lib V2.5.3 for L0 rename USBD_SUPPORT_USER_STRING parameter to USBD_SUPPORT_USER_STRING_DESC4 is applicable
2025-09-27 16:00:04,991 [INFO] Rule:233 - rule I2SCLockSelection clock entry align is applicable
2025-09-27 16:00:04,991 [INFO] Rule:233 - rule Assign TIMx context if used as SYS timebase is applicable
2025-09-27 16:00:04,991 [INFO] Rule:233 - rule Change GPIO_Pu Default Value for I2C is applicable
2025-09-27 16:00:04,991 [INFO] Rule:233 - rule Change GPIO_Pu Default Value for SMBus is applicable
2025-09-27 16:00:04,991 [INFO] Rule:233 - rule change FDCAN default value is applicable
2025-09-27 16:00:04,991 [INFO] Rule:233 - rule Change mode sai is applicable
2025-09-27 16:00:04,991 [INFO] Rule:233 - rule **Change sai mode is applicable
2025-09-27 16:00:04,991 [INFO] Rule:233 - rule Rename STM32WPAN CFG_BLE_IRK to CFG_BLE_IR is applicable
2025-09-27 16:00:04,991 [INFO] Rule:233 - rule Rename STM32WPAN CFG_BLE_ERK to CFG_BLE_ER is applicable
2025-09-27 16:00:04,991 [INFO] Rule:233 - rule Rename STM32WPAN CFG_BLE_IRK_HEX to CFG_BLE_IR_HEX is applicable
2025-09-27 16:00:04,991 [INFO] Rule:233 - rule Rename STM32WPAN CFG_BLE_ERK_HEX to CFG_BLE_ER_HEX is applicable
2025-09-27 16:00:04,991 [INFO] Rule:233 - rule Adapt Old IOC before rework replace old CORTEX_M33/CORTEX_M55 attributes by the new one. is applicable
2025-09-27 16:00:04,991 [INFO] Rule:233 - rule Rename parametre of RCC RCC_APBDBG_DIV2 to RCC_TIMPRES_DIV2 is applicable
2025-09-27 16:00:04,991 [INFO] Rule:233 - rule Rename DIE493 pin PA10 [PA12] -> PA10 is applicable
2025-09-27 16:00:04,992 [INFO] Rule:233 - rule Rename DIE493 pin PA9 [PA11] -> PA9 is applicable
2025-09-27 16:00:04,992 [INFO] Rule:233 - rule Rename DIE492 PartNumber CPN STM32WBA5MJGHx -> STM32WBA5MMGHx is applicable
2025-09-27 16:00:04,992 [INFO] Rule:233 - rule Rename DIE492 PartNumber  Name STM32WBA5MJGHx -> STM32WBA5MMGHx is applicable
2025-09-27 16:00:04,992 [INFO] Rule:233 - rule Rename DIE492 PartNumber UserName STM32WBA5MJGHx -> STM32WBA5MMGHx is applicable
2025-09-27 16:00:04,992 [INFO] Rule:233 - rule Rename DIE492 PartNumber DeviceId STM32WBA5MJGHx -> STM32WBA5MMGHx is applicable
2025-09-27 16:00:04,992 [INFO] Rule:233 - rule Adapt Old IOC CSI. is applicable
2025-09-27 16:00:04,992 [INFO] Rule:233 - rule Adapt Old IOC DCMIPP. is applicable
2025-09-27 16:00:04,992 [INFO] Rule:233 - rule Adapt Old IOC DCMIPP Mode Parallel. is applicable
2025-09-27 16:00:04,992 [INFO] Rule:233 - rule Adapt Old IOC LTDC. is applicable
2025-09-27 16:00:04,992 [INFO] Rule:233 - rule Rename STM32MP2 RIF Peripheral LTDC RIF.RISUP.LTDC_L0L1.Privilege -> RIF.RISUP.LTDC_L1L2.Privilege is applicable
2025-09-27 16:00:04,992 [INFO] Rule:233 - rule Rename STM32MP2 RIF Peripheral LTDC RIF.RISUP.LTDC_L0L1.Privilege -> RIF.RISUP.LTDC_L1L2.Privilege is applicable
2025-09-27 16:00:04,992 [INFO] Rule:233 - rule Rename STM32MP2 RIF Peripheral LTDC RIF.RISUP.LTDC_L0L1.Lock -> RIF.RISUP.LTDC_L1L2.Lock is applicable
2025-09-27 16:00:04,992 [INFO] Rule:233 - rule Rename STM32MP2 RIF Peripheral LTDC RIF.RISUP.LTDC_L2.Lock -> RIF.RISUP.LTDC_L3.Lock is applicable
2025-09-27 16:00:04,992 [INFO] Rule:233 - rule Adapt the old IOC example for updating the SYS when it is misconfigured. is applicable
2025-09-27 16:00:04,992 [INFO] Rule:233 - rule Rename STM32C09 Mcu.Package LQFP64 -> LQFP48 is applicable
2025-09-27 16:00:04,992 [INFO] Rule:233 - rule Adapt the old IOC example for updating the SYS when it is misconfigured. is applicable
2025-09-27 16:00:04,992 [INFO] Rule:233 - rule Adapt the old IOC example for updating the SYS when it is misconfigured. is applicable
2025-09-27 16:00:05,004 [INFO] DbConfProperties:307 - Apply Compatibility (53/282 Rules)
2025-09-27 16:00:05,020 [INFO] ImportTextPane:234 - (OptionalMessage_ERROR) Unable to find key (Mcu.ThirdPartyNb) in loaded IOC file
2025-09-27 16:00:05,022 [INFO] ImportTextPane:234 - (OptionalMessage_ERROR) Pin12 (VP_RIF_VS_RIF1) cannot be retrieved for this MCU
2025-09-27 16:00:05,112 [INFO] RtosManager:558 - Registered RTOS mode: class=CMSIS, group=RTOS, mode=CMSIS_V1, owner=FREERTOS
2025-09-27 16:00:05,112 [INFO] RtosManager:558 - Registered RTOS mode: class=CMSIS, group=RTOS2, mode=CMSIS_V2, owner=FREERTOS
2025-09-27 16:00:05,112 [INFO] RtosManager:558 - Registered RTOS mode: class=RTOS, group=Core, mode=CMSIS_V1, owner=FREERTOS
2025-09-27 16:00:05,112 [INFO] RtosManager:558 - Registered RTOS mode: class=RTOS, group=Core, mode=CMSIS_V2, owner=FREERTOS
2025-09-27 16:00:05,112 [WARN] ModelIntegratedComponent:184 - Missing modes for component STMicroelectronics:FreeRTOS:0.0.1:STMicroelectronics:RTOS:FreeRTOS:Core:::10.2.0:
2025-09-27 16:00:05,126 [WARN] ModelIntegratedComponent:63 - No mode defined for component null
2025-09-27 16:00:05,126 [WARN] ModelIntegratedComponent:63 - No mode defined for component null
2025-09-27 16:00:05,127 [WARN] ModelIntegratedComponent:63 - No mode defined for component null
2025-09-27 16:00:05,127 [WARN] ModelIntegratedComponent:63 - No mode defined for component null
2025-09-27 16:00:05,127 [WARN] ModelIntegratedComponent:63 - No mode defined for component null
2025-09-27 16:00:05,127 [WARN] ModelIntegratedComponent:63 - No mode defined for component null
2025-09-27 16:00:05,127 [WARN] ModelIntegratedComponent:63 - No mode defined for component null
2025-09-27 16:00:05,127 [WARN] ModelIntegratedComponent:63 - No mode defined for component null
2025-09-27 16:00:05,127 [WARN] ModelIntegratedComponent:63 - No mode defined for component null
2025-09-27 16:00:05,127 [WARN] ModelIntegratedComponent:63 - No mode defined for component null
2025-09-27 16:00:05,127 [WARN] ModelIntegratedComponent:63 - No mode defined for component null
2025-09-27 16:00:05,127 [WARN] ModelIntegratedComponent:63 - No mode defined for component null
2025-09-27 16:00:05,127 [WARN] ModelIntegratedComponent:63 - No mode defined for component null
2025-09-27 16:00:05,127 [WARN] ModelIntegratedComponent:63 - No mode defined for component null
2025-09-27 16:00:05,127 [WARN] ModelIntegratedComponent:63 - No mode defined for component null
2025-09-27 16:00:05,127 [WARN] ModelIntegratedComponent:63 - No mode defined for component null
2025-09-27 16:00:05,127 [WARN] ModelIntegratedComponent:63 - No mode defined for component null
2025-09-27 16:00:05,127 [WARN] ModelIntegratedComponent:63 - No mode defined for component null
2025-09-27 16:00:05,127 [WARN] ModelIntegratedComponent:63 - No mode defined for component null
2025-09-27 16:00:05,127 [WARN] ModelIntegratedComponent:63 - No mode defined for component null
2025-09-27 16:00:05,127 [WARN] ModelIntegratedComponent:63 - No mode defined for component null
2025-09-27 16:00:05,127 [WARN] ModelIntegratedComponent:63 - No mode defined for component null
2025-09-27 16:00:05,127 [WARN] ModelIntegratedComponent:63 - No mode defined for component null
2025-09-27 16:00:05,127 [WARN] ModelIntegratedComponent:63 - No mode defined for component null
2025-09-27 16:00:05,127 [WARN] ModelIntegratedComponent:63 - No mode defined for component null
2025-09-27 16:00:05,127 [WARN] ModelIntegratedComponent:63 - No mode defined for component null
2025-09-27 16:00:05,127 [WARN] ModelIntegratedComponent:63 - No mode defined for component null
2025-09-27 16:00:05,127 [WARN] ModelIntegratedComponent:63 - No mode defined for component null
2025-09-27 16:00:05,127 [WARN] ModelIntegratedComponent:63 - No mode defined for component null
2025-09-27 16:00:05,127 [WARN] ModelIntegratedComponent:63 - No mode defined for component null
2025-09-27 16:00:05,127 [WARN] ModelIntegratedComponent:63 - No mode defined for component null
2025-09-27 16:00:05,127 [WARN] ModelIntegratedComponent:63 - No mode defined for component null
2025-09-27 16:00:05,127 [WARN] ModelIntegratedComponent:63 - No mode defined for component null
2025-09-27 16:00:05,127 [WARN] ModelIntegratedComponent:63 - No mode defined for component null
2025-09-27 16:00:05,127 [WARN] ModelIntegratedComponent:63 - No mode defined for component null
2025-09-27 16:00:05,127 [WARN] ModelPack:524 - Component already loaded: STMicroelectronics:HAL Drivers:0.0.0:STMicroelectronics:Device:STMicro_Driver:XSPI:HAL::0.0.1:HAL_XSPI
2025-09-27 16:00:05,254 [INFO] ThirdPartyModel:298 - Start build external matchings
2025-09-27 16:00:05,614 [INFO] ThirdPartyModel:316 - End build external matchings
2025-09-27 16:00:05,626 [INFO] ImportTextPane:234 - (OptionalMessage_ERROR) IP (RCC) : Invalid parameter (FamilyName)
2025-09-27 16:00:05,627 [INFO] ImportTextPane:234 - (OptionalMessage_ERROR) IP (RCC) : Parameter (RNGFreq_Value) has invalid value (64000000)
2025-09-27 16:00:05,627 [INFO] ImportTextPane:234 - (OptionalMessage_ERROR) IP (RCC) : Parameter (SDMMCFreq_Value) has invalid value (64000000)
2025-09-27 16:00:05,627 [INFO] ImportTextPane:234 - (OptionalMessage_ERROR) IP (RCC) : Parameter (USBFreq_Value) has invalid value (64000000)
2025-09-27 16:00:05,875 [INFO] UtilMem:75 - End LoadConfig() Used Memory: 672206096 Bytes (1008730112)
2025-09-27 16:00:05,978 [WARN] ThirdParty:833 - waiting for thirdparty lock release [change project]
2025-09-27 16:00:05,978 [INFO] ThirdParty:835 - entering critical section [change project]
2025-09-27 16:00:05,978 [INFO] ThirdParty:1030 - CMSIS Pack Vendor :STMicroelectronics X-CUBE-PM33A1 1.0.0
2025-09-27 16:00:05,978 [INFO] ThirdParty:1030 - CMSIS Pack Vendor :STMicroelectronics USBPD 4.1
2025-09-27 16:00:05,978 [INFO] ThirdParty:1030 - CMSIS Pack Vendor :STMicroelectronics X-CUBE-NFC9 1.0.0
2025-09-27 16:00:05,978 [INFO] ThirdParty:1030 - CMSIS Pack Vendor :STMicroelectronics USB_HOST 2.0.0
2025-09-27 16:00:05,978 [INFO] ThirdParty:1030 - CMSIS Pack Vendor :STMicroelectronics FP-SNS-MOTENVWB1 1.4.0
2025-09-27 16:00:05,979 [INFO] ThirdParty:1030 - CMSIS Pack Vendor :STMicroelectronics X-CUBE-AZRTOS-F4 1.1.0
2025-09-27 16:00:05,979 [INFO] ThirdParty:1030 - CMSIS Pack Vendor :STMicroelectronics LIBJPEG 8.0.0
2025-09-27 16:00:05,979 [INFO] ThirdParty:1030 - CMSIS Pack Vendor :STMicroelectronics FP-ATR-ASTRA1 2.0.2
2025-09-27 16:00:05,979 [INFO] ThirdParty:1030 - CMSIS Pack Vendor :wolfSSL I-CUBE-wolfSSL 5.8.2
2025-09-27 16:00:05,979 [INFO] ThirdParty:1030 - CMSIS Pack Vendor :STMicroelectronics X-CUBE-BLE1 7.1.0
2025-09-27 16:00:05,979 [INFO] ThirdParty:1030 - CMSIS Pack Vendor :Avnet-IotConnect X-CUBE-IoTC-DA16k-PMOD 1.0.0
2025-09-27 16:00:05,979 [INFO] ThirdParty:1030 - CMSIS Pack Vendor :STMicroelectronics X-CUBE-SMBUS 2.1.0
2025-09-27 16:00:05,979 [INFO] ThirdParty:1030 - CMSIS Pack Vendor :wolfSSL I-CUBE-wolfMQTT 1.19.2
2025-09-27 16:00:05,979 [INFO] ThirdParty:1030 - CMSIS Pack Vendor :STMicroelectronics USB_DEVICE 3.0.0
2025-09-27 16:00:05,979 [INFO] ThirdParty:1030 - CMSIS Pack Vendor :STMicroelectronics X-CUBE-ISPU 2.1.0
2025-09-27 16:00:05,979 [INFO] ThirdParty:1030 - CMSIS Pack Vendor :STMicroelectronics X-CUBE-EEPRMA1 5.2.0
2025-09-27 16:00:05,979 [INFO] ThirdParty:1030 - CMSIS Pack Vendor :STMicroelectronics X-CUBE-BLEMGR 4.1.0
2025-09-27 16:00:05,979 [INFO] ThirdParty:1030 - CMSIS Pack Vendor :STMicroelectronics X-CUBE-AZRTOS-WB 2.0.0
2025-09-27 16:00:05,979 [INFO] ThirdParty:1030 - CMSIS Pack Vendor :STMicroelectronics X-CUBE-ST60 1.0.0
2025-09-27 16:00:05,979 [INFO] ThirdParty:1030 - CMSIS Pack Vendor :STMicroelectronics X-CUBE-GNSS1 7.0.1
2025-09-27 16:00:05,979 [INFO] ThirdParty:1030 - CMSIS Pack Vendor :STMicroelectronics X-CUBE-NFC12 1.0.0
2025-09-27 16:00:05,979 [INFO] ThirdParty:1030 - CMSIS Pack Vendor :STMicroelectronics X-CUBE-AZRTOS-F7 1.1.0
2025-09-27 16:00:05,979 [INFO] ThirdParty:1030 - CMSIS Pack Vendor :STMicroelectronics X-CUBE-AZRTOS-L5 2.0.0
2025-09-27 16:00:05,979 [INFO] ThirdParty:1030 - CMSIS Pack Vendor :STMicroelectronics X-CUBE-TOUCHGFX 4.25.0
2025-09-27 16:00:05,979 [INFO] ThirdParty:1030 - CMSIS Pack Vendor :STMicroelectronics USB_DEVICE 2.0.0
2025-09-27 16:00:05,979 [INFO] ThirdParty:1030 - CMSIS Pack Vendor :STMicroelectronics X-CUBE-NFC6 3.1.0
2025-09-27 16:00:05,979 [INFO] ThirdParty:1030 - CMSIS Pack Vendor :quantropi X-CUBE-qispace-sdk-base 2.1.0
2025-09-27 16:00:05,979 [INFO] ThirdParty:1030 - CMSIS Pack Vendor :STMicroelectronics FreeRTOS 0.0.1
2025-09-27 16:00:05,979 [INFO] ThirdParty:1030 - CMSIS Pack Vendor :STMicroelectronics X-CUBE-AZRTOS-G0 1.1.0
2025-09-27 16:00:05,979 [INFO] ThirdParty:1030 - CMSIS Pack Vendor :STMicroelectronics X-CUBE-SAFEA1 1.2.2
2025-09-27 16:00:05,979 [INFO] ThirdParty:1030 - CMSIS Pack Vendor :STMicroelectronics X-CUBE-NFC4 3.0.0
2025-09-27 16:00:05,979 [INFO] ThirdParty:1030 - CMSIS Pack Vendor :STMicroelectronics X-CUBE-SUBG2 5.0.0
2025-09-27 16:00:05,979 [INFO] ThirdParty:1030 - CMSIS Pack Vendor :STMicroelectronics X-CUBE-AZRTOS-H7RS 1.1.0
2025-09-27 16:00:05,979 [INFO] ThirdParty:1030 - CMSIS Pack Vendor :STMicroelectronics STM32_WPAN 1.0.0
2025-09-27 16:00:05,979 [INFO] ThirdParty:1030 - CMSIS Pack Vendor :EmbeddedOffice I-CUBE-FS-RTOS 1.0.1
2025-09-27 16:00:05,980 [INFO] ThirdParty:1030 - CMSIS Pack Vendor :STMicroelectronics lwIP 2.0.3
2025-09-27 16:00:05,980 [INFO] ThirdParty:1030 - CMSIS Pack Vendor :WES I-CUBE-Cesium 1.4.0
2025-09-27 16:00:05,980 [INFO] ThirdParty:1030 - CMSIS Pack Vendor :Cesanta I-CUBE-Mongoose 7.13.0
2025-09-27 16:00:05,980 [INFO] ThirdParty:1030 - CMSIS Pack Vendor :STMicroelectronics USB_HOST 1.0.0
2025-09-27 16:00:05,980 [INFO] ThirdParty:1030 - CMSIS Pack Vendor :Infineon AIROC-Wi-Fi-Bluetooth-STM32 1.7.1
2025-09-27 16:00:05,980 [INFO] ThirdParty:1030 - CMSIS Pack Vendor :STMicroelectronics X-CUBE-AZRTOS-G4 2.0.0
2025-09-27 16:00:05,980 [INFO] ThirdParty:1030 - CMSIS Pack Vendor :STMicroelectronics X-CUBE-WB05N 2.0.0
2025-09-27 16:00:05,980 [INFO] ThirdParty:1030 - CMSIS Pack Vendor :STMicroelectronics PDM2PCM 3.1.0
2025-09-27 16:00:05,980 [INFO] ThirdParty:1030 - CMSIS Pack Vendor :STMicroelectronics PDM2PCM 3.3.0
2025-09-27 16:00:05,980 [INFO] ThirdParty:1030 - CMSIS Pack Vendor :wolfSSL I-CUBE-wolfTPM 3.8.0
2025-09-27 16:00:05,980 [INFO] ThirdParty:1030 - CMSIS Pack Vendor :STMicroelectronics X-CUBE-AZRTOS-H7 3.4.0
2025-09-27 16:00:05,980 [INFO] ThirdParty:1030 - CMSIS Pack Vendor :STMicroelectronics X-CUBE-DISPLAY 3.0.0
2025-09-27 16:00:05,980 [INFO] ThirdParty:1030 - CMSIS Pack Vendor :wolfSSL I-CUBE-wolfSSH 1.4.20
2025-09-27 16:00:05,980 [INFO] ThirdParty:1030 - CMSIS Pack Vendor :STMicroelectronics X-CUBE-NFC7 2.0.0
2025-09-27 16:00:05,980 [INFO] ThirdParty:1030 - CMSIS Pack Vendor :STMicroelectronics X-CUBE-TCPP 4.2.0
2025-09-27 16:00:05,980 [INFO] ThirdParty:1030 - CMSIS Pack Vendor :RealThread X-CUBE-RT-Thread_Nano 4.1.1
2025-09-27 16:00:05,980 [INFO] ThirdParty:1030 - CMSIS Pack Vendor :STMicroelectronics FP-ATR-SIGFOX1 3.2.0
2025-09-27 16:00:05,980 [INFO] ThirdParty:1030 - CMSIS Pack Vendor :STMicroelectronics X-CUBE-NFC10 1.0.0
2025-09-27 16:00:05,980 [INFO] ThirdParty:1030 - CMSIS Pack Vendor :STMicroelectronics X-CUBE-FREERTOS 1.3.1
2025-09-27 16:00:05,980 [INFO] ThirdParty:1030 - CMSIS Pack Vendor :STMicroelectronics HAL Drivers 0.0.0
2025-09-27 16:00:05,980 [INFO] ThirdParty:1030 - CMSIS Pack Vendor :STMicroelectronics MBEDTLS 2.16.2
2025-09-27 16:00:05,980 [INFO] ThirdParty:1030 - CMSIS Pack Vendor :STMicroelectronics X-CUBE-IPS 3.1.0
2025-09-27 16:00:05,980 [INFO] ThirdParty:1030 - CMSIS Pack Vendor :STMicroelectronics X-CUBE-ALS 1.0.2
2025-09-27 16:00:05,980 [INFO] ThirdParty:1030 - CMSIS Pack Vendor :emotas I-CUBE-CANOPEN 1.3.0
2025-09-27 16:00:05,980 [INFO] ThirdParty:1030 - CMSIS Pack Vendor :STMicroelectronics MBEDTLS 2.14.1
2025-09-27 16:00:05,980 [INFO] ThirdParty:1030 - CMSIS Pack Vendor :ITTIA_DB I-CUBE-ITTIADB 8.9.0
2025-09-27 16:00:05,980 [INFO] ThirdParty:1030 - CMSIS Pack Vendor :STMicroelectronics X-CUBE-STSE01 1.0.0
2025-09-27 16:00:05,980 [INFO] ThirdParty:1030 - CMSIS Pack Vendor :STMicroelectronics X-CUBE-ST67W61 1.0.0
2025-09-27 16:00:05,980 [INFO] ThirdParty:1030 - CMSIS Pack Vendor :STMicroelectronics FP-SNS-STBOX1 2.1.0
2025-09-27 16:00:05,981 [INFO] ThirdParty:1030 - CMSIS Pack Vendor :STMicroelectronics X-CUBE-AI 10.2.0
2025-09-27 16:00:05,981 [INFO] ThirdParty:1030 - CMSIS Pack Vendor :STMicroelectronics FP-SNS-STAIOTCFT 1.0.0
2025-09-27 16:00:05,981 [INFO] ThirdParty:1030 - CMSIS Pack Vendor :STMicroelectronics ThreadX 1.0.0
2025-09-27 16:00:05,981 [INFO] ThirdParty:1030 - CMSIS Pack Vendor :STMicroelectronics FP-SNS-SMARTAG2 1.2.0
2025-09-27 16:00:05,981 [INFO] ThirdParty:1030 - CMSIS Pack Vendor :STMicroelectronics FP-SNS-FLIGHT1 5.1.0
2025-09-27 16:00:05,981 [INFO] ThirdParty:1030 - CMSIS Pack Vendor :STMicroelectronics X-CUBE-AZRTOS-WL 2.0.0
2025-09-27 16:00:05,981 [INFO] ThirdParty:1030 - CMSIS Pack Vendor :SEGGER I-CUBE-embOS 1.3.1
2025-09-27 16:00:05,981 [INFO] ThirdParty:1030 - CMSIS Pack Vendor :STMicroelectronics X-CUBE-ALGOBUILD 1.4.0
2025-09-27 16:00:05,981 [INFO] ThirdParty:1030 - CMSIS Pack Vendor :STMicroelectronics X-CUBE-DPower 1.3.0
2025-09-27 16:00:05,981 [INFO] ThirdParty:1030 - CMSIS Pack Vendor :STMicroelectronics X-CUBE-MEMS1 11.3.0
2025-09-27 16:00:05,981 [INFO] ThirdParty:1030 - CMSIS Pack Vendor :STMicroelectronics FP-SNS-MOTENV1 5.0.0
2025-09-27 16:00:05,981 [INFO] ThirdParty:1030 - CMSIS Pack Vendor :STMicroelectronics USB_DEVICE 1.0.0
2025-09-27 16:00:05,981 [INFO] ThirdParty:1030 - CMSIS Pack Vendor :STMicroelectronics X-CUBE-AZRTOS-L4 2.0.0
2025-09-27 16:00:05,981 [INFO] ThirdParty:1030 - CMSIS Pack Vendor :STMicroelectronics ThreadX 0.0.2
2025-09-27 16:00:05,981 [INFO] ThirdParty:1030 - CMSIS Pack Vendor :STMicroelectronics lwIP 2.1.2
2025-09-27 16:00:05,981 [INFO] ThirdParty:1030 - CMSIS Pack Vendor :STMicroelectronics X-CUBE-SFXS2LP1 4.0.0
2025-09-27 16:00:05,981 [INFO] ThirdParty:1030 - CMSIS Pack Vendor :STMicroelectronics X-CUBE-BLE2 3.3.0
2025-09-27 16:00:05,981 [INFO] ThirdParty:1030 - CMSIS Pack Vendor :STMicroelectronics X-CUBE-TOF1 3.4.3
2025-09-27 16:00:05,981 [INFO] ThirdParty:1030 - CMSIS Pack Vendor :STMicroelectronics PDM2PCM 3.2.0
2025-09-27 16:00:05,981 [INFO] ThirdParty:841 - exiting critical section [change project]
2025-09-27 16:00:06,305 [INFO] PinOutPanel:1589 - setPackage(No Configuration,No Configuration)
2025-09-27 16:00:06,306 [INFO] PinOutPanel:1589 - setPackage(STM32L476RGTx,LQFP64)
2025-09-27 16:00:06,801 [INFO] UtilMem:75 - Before build in PCC Used Memory: 723328056 Bytes (1008730112)
2025-09-27 16:00:07,351 [INFO] UtilMem:75 - After build in PCC Used Memory: 826342792 Bytes (1008730112)
2025-09-27 16:00:07,385 [INFO] IPUIPlugin:80 - create IPUIPlugin
2025-09-27 16:00:07,385 [INFO] IPUIPlugin:80 - create IPUIPlugin
2025-09-27 16:00:07,385 [INFO] IPUIPlugin:80 - create IPUIPlugin
2025-09-27 16:00:07,385 [INFO] IPUIPlugin:80 - create IPUIPlugin
2025-09-27 16:00:07,385 [INFO] IPUIPlugin:80 - create IPUIPlugin
2025-09-27 16:00:07,385 [INFO] IPUIPlugin:80 - create IPUIPlugin
2025-09-27 16:00:07,385 [INFO] IPUIPlugin:80 - create IPUIPlugin
2025-09-27 16:00:07,385 [INFO] IPUIPlugin:80 - create IPUIPlugin
2025-09-27 16:00:07,385 [INFO] IPUIPlugin:80 - create IPUIPlugin
2025-09-27 16:00:07,385 [INFO] IPUIPlugin:80 - create IPUIPlugin
2025-09-27 16:00:07,385 [INFO] IPUIPlugin:80 - create IPUIPlugin
2025-09-27 16:00:07,385 [INFO] IPUIPlugin:80 - create IPUIPlugin
2025-09-27 16:00:07,385 [INFO] IPUIPlugin:80 - create IPUIPlugin
2025-09-27 16:00:07,385 [INFO] IPUIPlugin:80 - create IPUIPlugin
2025-09-27 16:00:07,385 [INFO] IPUIPlugin:80 - create IPUIPlugin
2025-09-27 16:00:07,385 [INFO] IPUIPlugin:80 - create IPUIPlugin
2025-09-27 16:00:07,385 [INFO] IPUIPlugin:80 - create IPUIPlugin
2025-09-27 16:00:07,385 [INFO] IPUIPlugin:80 - create IPUIPlugin
2025-09-27 16:00:07,385 [INFO] IPUIPlugin:80 - create IPUIPlugin
2025-09-27 16:00:07,385 [INFO] IPUIPlugin:80 - create IPUIPlugin
2025-09-27 16:00:07,385 [INFO] IPUIPlugin:80 - create IPUIPlugin
2025-09-27 16:00:07,385 [INFO] IPUIPlugin:80 - create IPUIPlugin
2025-09-27 16:00:07,385 [INFO] IPUIPlugin:80 - create IPUIPlugin
2025-09-27 16:00:07,385 [INFO] IPUIPlugin:80 - create IPUIPlugin
2025-09-27 16:00:07,385 [INFO] IPUIPlugin:80 - create IPUIPlugin
2025-09-27 16:00:07,385 [INFO] IPUIPlugin:80 - create IPUIPlugin
2025-09-27 16:00:07,385 [INFO] IPUIPlugin:80 - create IPUIPlugin
2025-09-27 16:00:07,385 [INFO] IPUIPlugin:80 - create IPUIPlugin
2025-09-27 16:00:07,385 [INFO] IPUIPlugin:80 - create IPUIPlugin
2025-09-27 16:00:07,385 [INFO] IPUIPlugin:80 - create IPUIPlugin
2025-09-27 16:00:07,385 [INFO] IPUIPlugin:80 - create IPUIPlugin
2025-09-27 16:00:07,385 [INFO] IPUIPlugin:80 - create IPUIPlugin
2025-09-27 16:00:07,385 [INFO] IPUIPlugin:80 - create IPUIPlugin
2025-09-27 16:00:07,385 [INFO] IPUIPlugin:80 - create IPUIPlugin
2025-09-27 16:00:07,385 [INFO] IPUIPlugin:80 - create IPUIPlugin
2025-09-27 16:00:07,385 [INFO] IPUIPlugin:80 - create IPUIPlugin
2025-09-27 16:00:07,385 [INFO] IPUIPlugin:80 - create IPUIPlugin
2025-09-27 16:00:07,385 [INFO] IPUIPlugin:80 - create IPUIPlugin
2025-09-27 16:00:07,385 [INFO] IPUIPlugin:80 - create IPUIPlugin
2025-09-27 16:00:07,385 [INFO] IPUIPlugin:80 - create IPUIPlugin
2025-09-27 16:00:07,385 [INFO] IPUIPlugin:80 - create IPUIPlugin
2025-09-27 16:00:07,385 [INFO] IPUIPlugin:80 - create IPUIPlugin
2025-09-27 16:00:07,385 [INFO] IPUIPlugin:80 - create IPUIPlugin
2025-09-27 16:00:07,385 [INFO] IPUIPlugin:80 - create IPUIPlugin
2025-09-27 16:00:07,385 [INFO] IPUIPlugin:80 - create IPUIPlugin
2025-09-27 16:00:07,385 [INFO] IPUIPlugin:80 - create IPUIPlugin
2025-09-27 16:00:07,385 [INFO] IPUIPlugin:80 - create IPUIPlugin
2025-09-27 16:00:07,385 [INFO] IPUIPlugin:80 - create IPUIPlugin
2025-09-27 16:00:07,385 [INFO] IPUIPlugin:80 - create IPUIPlugin
2025-09-27 16:00:07,385 [INFO] IPUIPlugin:80 - create IPUIPlugin
2025-09-27 16:00:07,385 [INFO] IPUIPlugin:80 - create IPUIPlugin
2025-09-27 16:00:07,385 [INFO] IPUIPlugin:80 - create IPUIPlugin
2025-09-27 16:00:07,385 [INFO] IPUIPlugin:80 - create IPUIPlugin
2025-09-27 16:00:07,385 [INFO] IPUIPlugin:80 - create IPUIPlugin
2025-09-27 16:00:07,385 [INFO] IPUIPlugin:80 - create IPUIPlugin
2025-09-27 16:00:07,385 [INFO] IPUIPlugin:80 - create IPUIPlugin
2025-09-27 16:00:07,385 [INFO] IPUIPlugin:80 - create IPUIPlugin
2025-09-27 16:00:07,385 [INFO] IPUIPlugin:80 - create IPUIPlugin
2025-09-27 16:00:07,385 [INFO] IPUIPlugin:80 - create IPUIPlugin
2025-09-27 16:00:07,534 [INFO] CADModel:165 - CPN selected for project levelSTM32L476RGT3
2025-09-27 16:00:07,534 [INFO] CADModel:114 - Register for checkConnection events
2025-09-27 16:00:07,578 [INFO] OpenFileManager:386 - Restore cursor
2025-09-27 16:00:07,952 [INFO] UtilMem:75 - End SaveConfig() Used Memory: 621206104 Bytes (1008730112)
2025-09-27 16:00:08,004 [INFO] UtilMem:75 - End SaveConfig() Used Memory: 645313896 Bytes (1008730112)
2025-09-27 16:00:08,270 [INFO] BlockDiagram:2775 - set Specific Code input for plugin: SYS
2025-09-27 16:00:08,270 [INFO] BlockDiagram:2775 - set Specific Code input for plugin: RCC
2025-09-27 16:00:08,270 [INFO] BlockDiagram:2775 - set Specific Code input for plugin: NVIC
2025-09-27 16:00:08,270 [INFO] BlockDiagram:2775 - set Specific Code input for plugin: USART
2025-09-27 16:00:08,270 [INFO] BlockDiagram:2775 - set Specific Code input for plugin: GPIO
2025-09-27 16:00:08,279 [INFO] CodeGenerator:892 - code generatio: config db path: C:\ST\STM32CubeIDE_1.19.0\STM32CubeIDE\plugins\com.st.stm32cube.common.mx_6.15.0.202507011659\\db\
2025-09-27 16:00:08,407 [INFO] CodeEngine:265 - oldGeneratedFile, D:\STM32\Lab\08-led-dice\MXTmpFiles\license.tmp_save
2025-09-27 16:00:08,668 [INFO] CodeEngine:289 - Generated code: D:\STM32\Lab\08-led-dice\MXTmpFiles\license.tmp
2025-09-27 16:00:08,753 [INFO] CodeEngine:265 - oldGeneratedFile, D:\STM32\Lab\08-led-dice\MXTmpFiles\gpio.tmp_save
2025-09-27 16:00:08,853 [INFO] CodeEngine:289 - Generated code: D:\STM32\Lab\08-led-dice\MXTmpFiles\gpio.tmp
2025-09-27 16:00:08,969 [INFO] CodeEngine:265 - oldGeneratedFile, D:\STM32\Lab\08-led-dice\Core\Src\stm32l4xx_it.c_save
2025-09-27 16:00:09,086 [INFO] CodeEngine:289 - Generated code: D:\STM32\Lab\08-led-dice\Core\Src\stm32l4xx_it.c
2025-09-27 16:00:09,103 [INFO] CodeEngine:265 - oldGeneratedFile, D:\STM32\Lab\08-led-dice\Core\Inc\stm32l4xx_it.h_save
2025-09-27 16:00:09,157 [INFO] CodeEngine:289 - Generated code: D:\STM32\Lab\08-led-dice\Core\Inc\stm32l4xx_it.h
2025-09-27 16:00:09,163 [INFO] CodeEngine:265 - oldGeneratedFile, D:\STM32\Lab\08-led-dice\Core\Src\stm32l4xx_hal_msp.c_save
2025-09-27 16:00:09,237 [INFO] CodeEngine:289 - Generated code: D:\STM32\Lab\08-led-dice\Core\Src\stm32l4xx_hal_msp.c
2025-09-27 16:00:09,253 [INFO] CodeEngine:265 - oldGeneratedFile, D:\STM32\Lab\08-led-dice\MXTmpFiles\system.tmp_save
2025-09-27 16:00:09,287 [INFO] CodeEngine:289 - Generated code: D:\STM32\Lab\08-led-dice\MXTmpFiles\system.tmp
2025-09-27 16:00:09,304 [INFO] CodeEngine:321 - oldGeneratedFile, D:\STM32\Lab\08-led-dice\Core\Inc\stm32l4xx_hal_conf.h_save
2025-09-27 16:00:09,337 [INFO] CodeEngine:345 - Generated code: D:\STM32\Lab\08-led-dice\Core\Inc\stm32l4xx_hal_conf.h
2025-09-27 16:00:09,387 [INFO] ApiDbMcu:532 - Load IP Config File for USART2
2025-09-27 16:00:09,387 [INFO] ApiDbMcu:532 - Load IP Config File for RCC
2025-09-27 16:00:09,402 [INFO] CodeEngine:265 - oldGeneratedFile, D:\STM32\Lab\08-led-dice\Core\Inc\main.h_save
2025-09-27 16:00:09,457 [INFO] CodeEngine:289 - Generated code: D:\STM32\Lab\08-led-dice\Core\Inc\main.h
2025-09-27 16:00:09,470 [INFO] CodeEngine:265 - oldGeneratedFile, D:\STM32\Lab\08-led-dice\Core\Src\main.c_save
2025-09-27 16:00:09,570 [INFO] CodeEngine:289 - Generated code: D:\STM32\Lab\08-led-dice\Core\Src\main.c
2025-09-27 16:00:10,021 [INFO] ProjectBuilder:3606 - Time for Copy HAL[1] : 251mS.
2025-09-27 16:00:10,038 [INFO] ProjectBuilder:5216 - Project Generator version: 4.7.0-B52
2025-09-27 16:00:10,104 [INFO] ConfigFileManager:1595 - The Die is : DIE415
2025-09-27 16:00:10,104 [INFO] ApiDbMcu:532 - Load IP Config File for FATFS
2025-09-27 16:00:10,104 [INFO] ApiDbMcu:532 - Load IP Config File for FREERTOS
2025-09-27 16:00:10,121 [INFO] ApiDbMcu:532 - Load IP Config File for TOUCHSENSING
2025-09-27 16:00:10,121 [INFO] ApiDbMcu:532 - Load IP Config File for USB_DEVICE
2025-09-27 16:00:10,121 [INFO] ApiDbMcu:532 - Load IP Config File for USB_HOST
2025-09-27 16:00:10,471 [INFO] LogOutputStream:77 - [STDOUT_REDIRECT] 
2025-09-27 16:00:12,085 [INFO] ProjectBuilder:5496 - Time for Generating toolchain IDE Files: 2047mS.
2025-09-27 16:00:12,086 [INFO] ProjectBuilder:3463 - Time for Copy CMSIS : 1mS.
2025-09-27 16:00:12,087 [INFO] ProjectBuilder:3463 - Time for Copy CMSIS : 0mS.
2025-09-27 16:00:12,994 [INFO] McuFinderGlobals:76 - Set McuFinderConnectedMode to true
2025-09-27 16:00:12,997 [INFO] ApiDb:448 - Save user favorites file C:\Users\user/.stm32cubeide/favorites.mcus.txt: 0 item(s)
2025-09-27 16:00:12,997 [INFO] ApiDb:452 - User favorites MCUs=[]
2025-09-27 16:00:12,999 [INFO] ApiDb:448 - Save user favorites file C:\Users\user/.stm32cubeide/favorites.boards.txt: 1 item(s)
2025-09-27 16:00:12,999 [INFO] ApiDb:452 - User favorites Boards=[NUCLEO-L476RG]
2025-09-27 16:02:23,581 [INFO] UtilMem:75 - End SaveConfig() Used Memory: 814676280 Bytes (1061158912)
2025-09-27 16:02:33,935 [INFO] UtilMem:75 - End SaveConfig() Used Memory: 866542864 Bytes (1061158912)
2025-09-27 16:02:34,324 [INFO] BlockDiagram:2775 - set Specific Code input for plugin: SYS
2025-09-27 16:02:34,324 [INFO] BlockDiagram:2775 - set Specific Code input for plugin: RCC
2025-09-27 16:02:34,324 [INFO] BlockDiagram:2775 - set Specific Code input for plugin: NVIC
2025-09-27 16:02:34,324 [INFO] BlockDiagram:2775 - set Specific Code input for plugin: USART
2025-09-27 16:02:34,325 [INFO] BlockDiagram:2775 - set Specific Code input for plugin: GPIO
2025-09-27 16:02:34,325 [INFO] CodeGenerator:892 - code generatio: config db path: C:\ST\STM32CubeIDE_1.19.0\STM32CubeIDE\plugins\com.st.stm32cube.common.mx_6.15.0.202507011659\\db\
2025-09-27 16:02:34,408 [INFO] CodeEngine:265 - oldGeneratedFile, D:\STM32\Lab\08-led-dice\MXTmpFiles\license.tmp_save
2025-09-27 16:02:34,515 [INFO] CodeEngine:289 - Generated code: D:\STM32\Lab\08-led-dice\MXTmpFiles\license.tmp
2025-09-27 16:02:34,565 [INFO] CodeEngine:265 - oldGeneratedFile, D:\STM32\Lab\08-led-dice\MXTmpFiles\gpio.tmp_save
2025-09-27 16:02:34,632 [INFO] CodeEngine:289 - Generated code: D:\STM32\Lab\08-led-dice\MXTmpFiles\gpio.tmp
2025-09-27 16:02:34,832 [INFO] CodeEngine:265 - oldGeneratedFile, D:\STM32\Lab\08-led-dice\Core\Src\stm32l4xx_it.c_save
2025-09-27 16:02:34,899 [INFO] CodeEngine:289 - Generated code: D:\STM32\Lab\08-led-dice\Core\Src\stm32l4xx_it.c
2025-09-27 16:02:34,899 [INFO] CodeEngine:265 - oldGeneratedFile, D:\STM32\Lab\08-led-dice\Core\Inc\stm32l4xx_it.h_save
2025-09-27 16:02:34,960 [INFO] CodeEngine:289 - Generated code: D:\STM32\Lab\08-led-dice\Core\Inc\stm32l4xx_it.h
2025-09-27 16:02:34,968 [INFO] CodeEngine:265 - oldGeneratedFile, D:\STM32\Lab\08-led-dice\Core\Src\stm32l4xx_hal_msp.c_save
2025-09-27 16:02:35,049 [INFO] CodeEngine:289 - Generated code: D:\STM32\Lab\08-led-dice\Core\Src\stm32l4xx_hal_msp.c
2025-09-27 16:02:35,049 [INFO] CodeEngine:265 - oldGeneratedFile, D:\STM32\Lab\08-led-dice\MXTmpFiles\system.tmp_save
2025-09-27 16:02:35,099 [INFO] CodeEngine:289 - Generated code: D:\STM32\Lab\08-led-dice\MXTmpFiles\system.tmp
2025-09-27 16:02:35,116 [INFO] CodeEngine:321 - oldGeneratedFile, D:\STM32\Lab\08-led-dice\Core\Inc\stm32l4xx_hal_conf.h_save
2025-09-27 16:02:35,166 [INFO] CodeEngine:345 - Generated code: D:\STM32\Lab\08-led-dice\Core\Inc\stm32l4xx_hal_conf.h
2025-09-27 16:02:35,199 [INFO] CodeEngine:265 - oldGeneratedFile, D:\STM32\Lab\08-led-dice\Core\Inc\main.h_save
2025-09-27 16:02:35,249 [INFO] CodeEngine:289 - Generated code: D:\STM32\Lab\08-led-dice\Core\Inc\main.h
2025-09-27 16:02:35,249 [INFO] CodeEngine:265 - oldGeneratedFile, D:\STM32\Lab\08-led-dice\Core\Src\main.c_save
2025-09-27 16:02:35,332 [INFO] CodeEngine:289 - Generated code: D:\STM32\Lab\08-led-dice\Core\Src\main.c
2025-09-27 16:02:35,628 [INFO] ProjectBuilder:3606 - Time for Copy HAL[1] : 140mS.
2025-09-27 16:02:35,631 [INFO] ProjectBuilder:5216 - Project Generator version: 4.7.0-B52
2025-09-27 16:02:35,697 [INFO] ConfigFileManager:1595 - The Die is : DIE415
2025-09-27 16:02:36,421 [INFO] ProjectBuilder:5496 - Time for Generating toolchain IDE Files: 790mS.
2025-09-27 16:02:36,421 [INFO] ProjectBuilder:3463 - Time for Copy CMSIS : 0mS.
2025-09-27 16:02:36,423 [INFO] ProjectBuilder:3463 - Time for Copy CMSIS : 1mS.
2025-09-27 16:09:29,293 [INFO] UtilMem:75 - End SaveConfig() Used Memory: 747268000 Bytes (1061158912)
2025-09-27 16:09:30,791 [INFO] UtilMem:75 - End SaveConfig() Used Memory: 796596856 Bytes (1061158912)
2025-09-27 16:09:31,145 [INFO] BlockDiagram:2775 - set Specific Code input for plugin: SYS
2025-09-27 16:09:31,146 [INFO] BlockDiagram:2775 - set Specific Code input for plugin: RCC
2025-09-27 16:09:31,146 [INFO] BlockDiagram:2775 - set Specific Code input for plugin: NVIC
2025-09-27 16:09:31,146 [INFO] BlockDiagram:2775 - set Specific Code input for plugin: USART
2025-09-27 16:09:31,146 [INFO] BlockDiagram:2775 - set Specific Code input for plugin: GPIO
2025-09-27 16:09:31,147 [INFO] CodeGenerator:892 - code generatio: config db path: C:\ST\STM32CubeIDE_1.19.0\STM32CubeIDE\plugins\com.st.stm32cube.common.mx_6.15.0.202507011659\\db\
2025-09-27 16:09:31,217 [INFO] CodeEngine:265 - oldGeneratedFile, D:\STM32\Lab\08-led-dice\MXTmpFiles\license.tmp_save
2025-09-27 16:09:31,342 [INFO] CodeEngine:289 - Generated code: D:\STM32\Lab\08-led-dice\MXTmpFiles\license.tmp
2025-09-27 16:09:31,403 [INFO] CodeEngine:265 - oldGeneratedFile, D:\STM32\Lab\08-led-dice\MXTmpFiles\gpio.tmp_save
2025-09-27 16:09:31,490 [INFO] CodeEngine:289 - Generated code: D:\STM32\Lab\08-led-dice\MXTmpFiles\gpio.tmp
2025-09-27 16:09:31,711 [INFO] CodeEngine:265 - oldGeneratedFile, D:\STM32\Lab\08-led-dice\Core\Src\stm32l4xx_it.c_save
2025-09-27 16:09:31,784 [INFO] CodeEngine:289 - Generated code: D:\STM32\Lab\08-led-dice\Core\Src\stm32l4xx_it.c
2025-09-27 16:09:31,789 [INFO] CodeEngine:265 - oldGeneratedFile, D:\STM32\Lab\08-led-dice\Core\Inc\stm32l4xx_it.h_save
2025-09-27 16:09:31,852 [INFO] CodeEngine:289 - Generated code: D:\STM32\Lab\08-led-dice\Core\Inc\stm32l4xx_it.h
2025-09-27 16:09:31,864 [INFO] CodeEngine:265 - oldGeneratedFile, D:\STM32\Lab\08-led-dice\Core\Src\stm32l4xx_hal_msp.c_save
2025-09-27 16:09:31,953 [INFO] CodeEngine:289 - Generated code: D:\STM32\Lab\08-led-dice\Core\Src\stm32l4xx_hal_msp.c
2025-09-27 16:09:31,957 [INFO] CodeEngine:265 - oldGeneratedFile, D:\STM32\Lab\08-led-dice\MXTmpFiles\system.tmp_save
2025-09-27 16:09:32,009 [INFO] CodeEngine:289 - Generated code: D:\STM32\Lab\08-led-dice\MXTmpFiles\system.tmp
2025-09-27 16:09:32,018 [INFO] CodeEngine:321 - oldGeneratedFile, D:\STM32\Lab\08-led-dice\Core\Inc\stm32l4xx_hal_conf.h_save
2025-09-27 16:09:32,073 [INFO] CodeEngine:345 - Generated code: D:\STM32\Lab\08-led-dice\Core\Inc\stm32l4xx_hal_conf.h
2025-09-27 16:09:32,102 [INFO] CodeEngine:265 - oldGeneratedFile, D:\STM32\Lab\08-led-dice\Core\Inc\main.h_save
2025-09-27 16:09:32,158 [INFO] CodeEngine:289 - Generated code: D:\STM32\Lab\08-led-dice\Core\Inc\main.h
2025-09-27 16:09:32,164 [INFO] CodeEngine:265 - oldGeneratedFile, D:\STM32\Lab\08-led-dice\Core\Src\main.c_save
2025-09-27 16:09:32,247 [INFO] CodeEngine:289 - Generated code: D:\STM32\Lab\08-led-dice\Core\Src\main.c
2025-09-27 16:09:32,552 [INFO] ProjectBuilder:3606 - Time for Copy HAL[1] : 128mS.
2025-09-27 16:09:32,555 [INFO] ProjectBuilder:5216 - Project Generator version: 4.7.0-B52
2025-09-27 16:09:32,621 [INFO] ConfigFileManager:1595 - The Die is : DIE415
2025-09-27 16:09:33,243 [INFO] ProjectBuilder:5496 - Time for Generating toolchain IDE Files: 688mS.
2025-09-27 16:09:33,243 [INFO] ProjectBuilder:3463 - Time for Copy CMSIS : 0mS.
2025-09-27 16:09:33,245 [INFO] ProjectBuilder:3463 - Time for Copy CMSIS : 0mS.
2025-09-27 22:02:13,467 [INFO] MainUpdater:2872 - connection check result : 10
2025-09-27 22:02:13,533 [INFO] McuFinderGlobals:76 - Set McuFinderConnectedMode to true
2025-09-27 22:02:13,533 [INFO] MultiScanPanel:200 - Auto-refresh data requested => check proxy status ongoing
2025-09-27 22:02:13,533 [INFO] FinderPluginLoader:96 - Searching for filters in installed packs
2025-09-27 22:02:15,110 [INFO] LoadUrlFilesThread:185 - End of LoadServerUrlFiles without Thread
2025-09-27 22:02:15,110 [INFO] DetailPanel:341 - Set advertising image to C:/Users/user/STM32Cube/Repository/\en.2400x1350px.jpeg
2025-09-27 22:02:17,784 [INFO] MultiScanPanel:200 - Auto-refresh data requested => check proxy status ongoing
2025-09-27 22:02:17,836 [INFO] LoadUrlFilesThread:185 - End of LoadServerUrlFiles without Thread
2025-09-27 22:02:17,837 [INFO] DetailPanel:341 - Set advertising image to C:/Users/user/STM32Cube/Repository/\en.2400x1350px.jpeg
2025-09-27 22:02:19,976 [INFO] ApiDb:581 - Connected to CubeFinder SQLite database (C:\Users\user\.stmcufinder\plugins\mcufinder\mcu\cube-finder-db.db)
2025-09-27 22:10:48,989 [INFO] MainUpdater:2872 - connection check result : 10
2025-09-27 22:10:48,989 [INFO] MainUpdater:2872 - connection check result : 10
2025-09-27 22:10:49,051 [INFO] MicroXplorer:468 - Change Database Path : 
2025-09-27 22:10:49,051 [INFO] MicroXplorer:498 - Change Database Version : DB.6.0.150
2025-09-27 22:10:49,080 [ERROR] ProjectManagerView:395 - 
java.lang.NullPointerException: Cannot invoke "javax.swing.JTextField.getText()" because the return value of "java.util.List.get(int)" is null
	at com.st.microxplorer.plugins.projectmanager.gui.ProjectChoiceTab$9.caretUpdate(ProjectChoiceTab.java:2706) ~[filemanager.jar:?]
	at javax.swing.text.JTextComponent.fireCaretUpdate(JTextComponent.java:408) ~[?:?]
	at javax.swing.text.JTextComponent$MutableCaretEvent.fire(JTextComponent.java:4484) ~[?:?]
	at javax.swing.text.JTextComponent$MutableCaretEvent.stateChanged(JTextComponent.java:4506) ~[?:?]
	at javax.swing.text.DefaultCaret.fireStateChanged(DefaultCaret.java:857) ~[?:?]
	at javax.swing.text.DefaultCaret.changeCaretPosition(DefaultCaret.java:1343) ~[?:?]
	at javax.swing.text.DefaultCaret.handleSetDot(DefaultCaret.java:1242) ~[?:?]
	at javax.swing.text.DefaultCaret.setDot(DefaultCaret.java:1223) ~[?:?]
	at javax.swing.text.DefaultCaret$Handler.insertUpdate(DefaultCaret.java:1819) ~[?:?]
	at javax.swing.text.AbstractDocument.fireInsertUpdate(AbstractDocument.java:227) ~[?:?]
	at javax.swing.text.AbstractDocument.handleInsertString(AbstractDocument.java:781) ~[?:?]
	at javax.swing.text.AbstractDocument.insertString(AbstractDocument.java:740) ~[?:?]
	at javax.swing.text.PlainDocument.insertString(PlainDocument.java:131) ~[?:?]
	at javax.swing.text.AbstractDocument.replace(AbstractDocument.java:699) ~[?:?]
	at javax.swing.text.JTextComponent.setText(JTextComponent.java:1725) ~[?:?]
	at com.st.microxplorer.plugins.projectmanager.gui.ProjectChoiceTab.createHeapStackFields(ProjectChoiceTab.java:993) ~[filemanager.jar:?]
	at com.st.microxplorer.plugins.projectmanager.gui.ProjectChoiceTab.buildLinkSettingsPanel(ProjectChoiceTab.java:3813) ~[filemanager.jar:?]
	at com.st.microxplorer.plugins.projectmanager.gui.ProjectChoiceTab.defineWindowsFields(ProjectChoiceTab.java:1987) ~[filemanager.jar:?]
	at com.st.microxplorer.plugins.projectmanager.gui.ProjectChoiceTab.updateSettings(ProjectChoiceTab.java:558) ~[filemanager.jar:?]
	at com.st.microxplorer.plugins.projectmanager.gui.ProjectSettingsPanel.UpdateDialog(ProjectSettingsPanel.java:247) ~[filemanager.jar:?]
	at com.st.microxplorer.plugins.projectmanager.ProjectManagerView.propertyChange(ProjectManagerView.java:392) ~[filemanager.jar:?]
	at java.beans.PropertyChangeSupport.fire(PropertyChangeSupport.java:343) ~[?:?]
	at java.beans.PropertyChangeSupport.firePropertyChange(PropertyChangeSupport.java:335) ~[?:?]
	at java.beans.PropertyChangeSupport.firePropertyChange(PropertyChangeSupport.java:268) ~[?:?]
	at com.st.microxplorer.util.MXPropertyChangeSupport.firePropertyChange(MXPropertyChangeSupport.java:54) ~[STM32CubeMX.jar:?]
	at com.st.microxplorer.mxsystem.MxSystem.closeConfig(MxSystem.java:899) ~[STM32CubeMX.jar:?]
	at com.st.microxplorer.maingui.MainPanel.closeConfig(MainPanel.java:792) ~[STM32CubeMX.jar:?]
	at com.st.microxplorer.plugins.filemanager.engine.OpenFileManager.loadConfigurationFile(OpenFileManager.java:288) ~[filemanager.jar:?]
	at com.st.microxplorer.plugins.filemanager.engine.MainFileManager.userLoadConfig(MainFileManager.java:364) ~[filemanager.jar:?]
	at com.st.microxplorer.plugins.filemanager.FileManagerView.getSpecificTask(FileManagerView.java:268) ~[filemanager.jar:?]
	at com.st.stm32cube.common.mx.editor.CubeMxEditor.getMxTabbedPaneInstance(CubeMxEditor.java:1191) ~[com.st.stm32cube.common.mx_6.15.0.202507011659/:?]
	at com.st.stm32cube.common.mx.editor.CubeMxEditor$12$1.createSwingComponent(CubeMxEditor.java:1068) ~[com.st.stm32cube.common.mx_6.15.0.202507011659/:?]
	at com.st.stm32cube.common.mx.oss.core.awtswtbridge.EmbeddedSwingComposite.doComponentCreation(EmbeddedSwingComposite.java:492) ~[com.st.stm32cube.common.mx.oss_6.15.0.202507011659/:?]
	at com.st.stm32cube.common.mx.oss.core.awtswtbridge.EmbeddedSwingComposite$4.run(EmbeddedSwingComposite.java:291) ~[com.st.stm32cube.common.mx.oss_6.15.0.202507011659/:?]
	at com.st.stm32cube.common.mx.oss.core.awtswtbridge.AwtEnvironment$2.run(AwtEnvironment.java:166) ~[com.st.stm32cube.common.mx.oss_6.15.0.202507011659/:?]
	at java.awt.event.InvocationEvent.dispatch(InvocationEvent.java:318) ~[?:?]
	at java.awt.EventQueue.dispatchEventImpl(EventQueue.java:773) ~[?:?]
	at java.awt.EventQueue$4.run(EventQueue.java:720) ~[?:?]
	at java.awt.EventQueue$4.run(EventQueue.java:714) ~[?:?]
	at java.security.AccessController.doPrivileged(AccessController.java:400) ~[?:?]
	at java.security.ProtectionDomain$JavaSecurityAccessImpl.doIntersectionPrivilege(ProtectionDomain.java:87) ~[?:?]
	at java.awt.EventQueue.dispatchEvent(EventQueue.java:742) ~[?:?]
	at java.awt.EventDispatchThread.pumpOneEventForFilters(EventDispatchThread.java:203) ~[?:?]
	at java.awt.EventDispatchThread.pumpEventsForFilter(EventDispatchThread.java:124) ~[?:?]
	at java.awt.EventDispatchThread.pumpEventsForHierarchy(EventDispatchThread.java:113) ~[?:?]
	at java.awt.EventDispatchThread.pumpEvents(EventDispatchThread.java:109) ~[?:?]
	at java.awt.EventDispatchThread.pumpEvents(EventDispatchThread.java:101) ~[?:?]
	at java.awt.EventDispatchThread.run(EventDispatchThread.java:90) ~[?:?]
2025-09-27 22:10:49,094 [WARN] ThirdParty:871 - waiting for thirdparty lock release [close project]
2025-09-27 22:10:49,094 [INFO] ThirdParty:873 - entering critical section [close project]
2025-09-27 22:10:49,094 [INFO] ThirdParty:883 - exiting critical section [close project]
2025-09-27 22:10:49,097 [INFO] PinOutPanel:1589 - setPackage(No Configuration,No Configuration)
2025-09-27 22:10:49,111 [INFO] UtilMem:75 - Begin LoadConfig() Used Memory: 532794176 Bytes (1017118720)
2025-09-27 22:10:49,112 [INFO] OpenFileManager:355 - Change cursor
2025-09-27 22:10:49,142 [INFO] RulesReader:64 - Compatibility file has been processed (317 Rules)
2025-09-27 22:10:49,149 [INFO] ProjectFactory:514 - No CPN specified for board NUCLEO-L476RG => set CPN to STM32L476RGT3
2025-09-27 22:10:49,149 [INFO] Mcu:2029 - Initializing MCU STM32L476R(C-E-G)Tx STM32L476RGTx STM32L476RGT3
2025-09-27 22:10:50,442 [INFO] Context:786 - Trying to add GPIOservice into a context  which must be forbidden
2025-09-27 22:10:51,094 [INFO] Rule:233 - rule 117617 - U5Cobra4M][GTZC] default value MPCBB3 and MPCBB5 - Not Secured memory - MPCBB1 is applicable
2025-09-27 22:10:51,095 [INFO] Rule:233 - rule 117617 - U5Cobra4M][GTZC] default value MPCBB3 and MPCBB5 - Not Secured memory - MPCBB1 is applicable
2025-09-27 22:10:51,095 [INFO] Rule:233 - rule 117617 - U5Cobra4M][GTZC] default value MPCBB3 and MPCBB5 - Not Secured memory - MPCBB2 is applicable
2025-09-27 22:10:51,095 [INFO] Rule:233 - rule 117617 - U5Cobra4M][GTZC] default value MPCBB3 and MPCBB5 - Not Secured memory - MPCBB2 is applicable
2025-09-27 22:10:51,095 [INFO] Rule:233 - rule 117617 - U5Cobra4M][GTZC] default value MPCBB3 and MPCBB5 - Not Secured memory - MPCBB3 is applicable
2025-09-27 22:10:51,095 [INFO] Rule:233 - rule 117617 - U5Cobra4M][GTZC] default value MPCBB3 and MPCBB5 - Not Secured memory - MPCBB3 is applicable
2025-09-27 22:10:51,095 [INFO] Rule:233 - rule 117617 - U5Cobra4M][GTZC] default value MPCBB3 and MPCBB5 - Not Secured memory - MPCBB4 is applicable
2025-09-27 22:10:51,095 [INFO] Rule:233 - rule 117617 - U5Cobra4M][GTZC] default value MPCBB3 and MPCBB5 - Not Secured memory - MPCBB4 is applicable
2025-09-27 22:10:51,095 [INFO] Rule:233 - rule 117617 - U5Cobra4M][GTZC] default value MPCBB3 and MPCBB5 - Secured memory - MPCBB1 is applicable
2025-09-27 22:10:51,095 [INFO] Rule:233 - rule 117617 - U5Cobra4M][GTZC] default value MPCBB3 and MPCBB5 - Secured memory - MPCBB2 is applicable
2025-09-27 22:10:51,095 [INFO] Rule:233 - rule 117617 - U5Cobra4M][GTZC] default value MPCBB3 and MPCBB5 - Secured memory - MPCBB3 is applicable
2025-09-27 22:10:51,095 [INFO] Rule:233 - rule 117617 - U5Cobra4M][GTZC] default value MPCBB3 and MPCBB5 - Secured memory - MPCBB4 is applicable
2025-09-27 22:10:51,095 [INFO] Rule:233 - rule 117617 - U5Cobra4M][GTZC] default value MPCBB3 and MPCBB5 - Privileged memory - MPCBB1 is applicable
2025-09-27 22:10:51,095 [INFO] Rule:233 - rule 117617 - U5Cobra4M][GTZC] default value MPCBB3 and MPCBB5 - Privileged memory - MPCBB2 is applicable
2025-09-27 22:10:51,095 [INFO] Rule:233 - rule 117617 - U5Cobra4M][GTZC] default value MPCBB3 and MPCBB5 - Privileged memory - MPCBB3 is applicable
2025-09-27 22:10:51,095 [INFO] Rule:233 - rule 117617 - U5Cobra4M][GTZC] default value MPCBB3 and MPCBB5 - Privileged memory - MPCBB4 is applicable
2025-09-27 22:10:51,095 [INFO] Rule:233 - rule 117617 - U5Cobra4M][GTZC] default value MPCBB3 and MPCBB5 - Not Privileged memory - MPCBB1 is applicable
2025-09-27 22:10:51,095 [INFO] Rule:233 - rule 117617 - U5Cobra4M][GTZC] default value MPCBB3 and MPCBB5 - Not Privileged memory - MPCBB2 is applicable
2025-09-27 22:10:51,095 [INFO] Rule:233 - rule 117617 - U5Cobra4M][GTZC] default value MPCBB3 and MPCBB5 - Not Privileged memory - MPCBB3 is applicable
2025-09-27 22:10:51,095 [INFO] Rule:233 - rule 117617 - U5Cobra4M][GTZC] default value MPCBB3 and MPCBB5 - Not Privileged memory - MPCBB4 is applicable
2025-09-27 22:10:51,095 [INFO] Rule:233 - rule 117617 - U5Cobra4M][GTZC] default value MPCBB3 and MPCBB5 - Privileged memory - MPCBB1 is applicable
2025-09-27 22:10:51,095 [INFO] Rule:233 - rule 117617 - U5Cobra4M][GTZC] default value MPCBB3 and MPCBB5 - Privileged memory - MPCBB2 is applicable
2025-09-27 22:10:51,095 [INFO] Rule:233 - rule 117617 - U5Cobra4M][GTZC] default value MPCBB3 and MPCBB5 - Privileged memory - MPCBB3 is applicable
2025-09-27 22:10:51,095 [INFO] Rule:233 - rule 117617 - U5Cobra4M][GTZC] default value MPCBB3 and MPCBB5 - Privileged memory - MPCBB4 is applicable
2025-09-27 22:10:51,095 [INFO] Rule:233 - rule 117617 - U5Cobra4M][GTZC] default value MPCBB3 and MPCBB5 - Privileged memory - MPCBB1 is applicable
2025-09-27 22:10:51,095 [INFO] Rule:233 - rule 117617 - U5Cobra4M][GTZC] default value MPCBB3 and MPCBB5 - Privileged memory - MPCBB2 is applicable
2025-09-27 22:10:51,095 [INFO] Rule:233 - rule 117617 - U5Cobra4M][GTZC] default value MPCBB3 and MPCBB5 - Privileged memory - MPCBB3 is applicable
2025-09-27 22:10:51,096 [INFO] Rule:233 - rule 117617 - U5Cobra4M][GTZC] default value MPCBB3 and MPCBB5 - Privileged memory - MPCBB4 is applicable
2025-09-27 22:10:51,096 [INFO] Rule:233 - rule 117617 - U5Cobra4M][GTZC] default value MPCBB3 and MPCBB5 - Not Privileged memory - MPCBB1 is applicable
2025-09-27 22:10:51,096 [INFO] Rule:233 - rule 117617 - U5Cobra4M][GTZC] default value MPCBB3 and MPCBB5 - Not Privileged memory - MPCBB2 is applicable
2025-09-27 22:10:51,096 [INFO] Rule:233 - rule 117617 - U5Cobra4M][GTZC] default value MPCBB3 and MPCBB5 - Not Privileged memory - MPCBB3 is applicable
2025-09-27 22:10:51,096 [INFO] Rule:233 - rule 117617 - U5Cobra4M][GTZC] default value MPCBB3 and MPCBB5 - Not Privileged memory - MPCBB4 is applicable
2025-09-27 22:10:51,096 [INFO] Rule:233 - rule 117617 - U5Cobra4M][GTZC] default value MPCBB3 and MPCBB5 - Privileged memory - MPCBB1 is applicable
2025-09-27 22:10:51,096 [INFO] Rule:233 - rule 117617 - U5Cobra4M][GTZC] default value MPCBB3 and MPCBB5 - Privileged memory - MPCBB2 is applicable
2025-09-27 22:10:51,096 [INFO] Rule:233 - rule 117617 - U5Cobra4M][GTZC] default value MPCBB3 and MPCBB5 - Privileged memory - MPCBB3 is applicable
2025-09-27 22:10:51,096 [INFO] Rule:233 - rule 117617 - U5Cobra4M][GTZC] default value MPCBB3 and MPCBB5 - Privileged memory - MPCBB4 is applicable
2025-09-27 22:10:51,096 [INFO] Rule:233 - rule Rename SubGHz_Phy SUBGHZ_APPLICATION SUBGHZ_PINGPONG to SUBGHZ_ADV_APPLICATION is applicable
2025-09-27 22:10:51,096 [INFO] Rule:233 - rule Rename Enabled to IBEACON is applicable
2025-09-27 22:10:51,096 [INFO] Rule:233 - rule GTZC_S instance for project manager is applicable
2025-09-27 22:10:51,096 [INFO] Rule:233 - rule GTZC_S instance for context M33S is applicable
2025-09-27 22:10:51,096 [INFO] Rule:233 - rule GTZC_S instance value for IP GTZC is applicable
2025-09-27 22:10:51,096 [INFO] Rule:233 - rule GTZC_S instance for mcu.IP is applicable
2025-09-27 22:10:51,096 [INFO] Rule:233 - rule GTZC_S instance for VP is applicable
2025-09-27 22:10:51,096 [INFO] Rule:233 - rule GTZC_S instance for signal is applicable
2025-09-27 22:10:51,096 [INFO] Rule:233 - rule GTZC_S instance for mcu.Pin is applicable
2025-09-27 22:10:51,096 [INFO] Rule:233 - rule GTZC_S instance for VP is applicable
2025-09-27 22:10:51,096 [INFO] Rule:233 - rule GTZC_S instance for signal is applicable
2025-09-27 22:10:51,096 [INFO] Rule:233 - rule GTZC_S instance for mcu is applicable
2025-09-27 22:10:51,096 [INFO] Rule:233 - rule GTZC_S instance for mcu.Pin is applicable
2025-09-27 22:10:51,096 [INFO] Rule:233 - rule GTZC_S instance value for IP GTZC is applicable
2025-09-27 22:10:51,096 [INFO] Rule:233 - rule GTZC_S instance for project manager is applicable
2025-09-27 22:10:51,096 [INFO] Rule:233 - rule GTZC_S instance for context M33S is applicable
2025-09-27 22:10:51,096 [INFO] Rule:233 - rule GTZC_S instance for VP is applicable
2025-09-27 22:10:51,096 [INFO] Rule:233 - rule GTZC_S instance for signal is applicable
2025-09-27 22:10:51,096 [INFO] Rule:233 - rule SPDIFRX instance for mcu is applicable
2025-09-27 22:10:51,096 [INFO] Rule:233 - rule Rename Tracer Mode is applicable
2025-09-27 22:10:51,096 [INFO] Rule:233 - rule SPDIFRX instance value for IP SPDIFRX is applicable
2025-09-27 22:10:51,097 [INFO] Rule:233 - rule SPDIFRX instance for signal is applicable
2025-09-27 22:10:51,097 [INFO] Rule:233 - rule SPDIFRX instance for project manager is applicable
2025-09-27 22:10:51,097 [INFO] Rule:233 - rule SPDIFRX instance for project manager is applicable
2025-09-27 22:10:51,097 [INFO] Rule:233 - rule ADC Scan  fix with FW F7 is applicable
2025-09-27 22:10:51,097 [INFO] Rule:233 - rule ADC Scan  fix with FW F7 is applicable
2025-09-27 22:10:51,097 [INFO] Rule:233 - rule WakeUp0 Mode is applicable
2025-09-27 22:10:51,097 [INFO] Rule:233 - rule WakeUp0 SIGNAL is applicable
2025-09-27 22:10:51,097 [INFO] Rule:233 - rule WakeUp1 Mode is applicable
2025-09-27 22:10:51,097 [INFO] Rule:233 - rule WakeUp1 SIGNAL is applicable
2025-09-27 22:10:51,097 [INFO] Rule:233 - rule WakeUp2 Mode is applicable
2025-09-27 22:10:51,097 [INFO] Rule:233 - rule WakeUp2 SIGNAL is applicable
2025-09-27 22:10:51,097 [INFO] Rule:233 - rule WakeUp4 Mode is applicable
2025-09-27 22:10:51,097 [INFO] Rule:233 - rule WakeUp4 SIGNAL is applicable
2025-09-27 22:10:51,097 [INFO] Rule:233 - rule WakeUp5 Mode is applicable
2025-09-27 22:10:51,097 [INFO] Rule:233 - rule WakeUp5 SIGNAL is applicable
2025-09-27 22:10:51,097 [INFO] Rule:233 - rule Add RTC Activate Clock Source is applicable
2025-09-27 22:10:51,097 [INFO] Rule:233 - rule Add RTC Activate Calendar 1 is applicable
2025-09-27 22:10:51,097 [INFO] Rule:233 - rule Add RTC Activate Calendar 2 is applicable
2025-09-27 22:10:51,097 [INFO] Rule:233 - rule Add RTC Activate Calendar 3 is applicable
2025-09-27 22:10:51,097 [INFO] Rule:233 - rule UART/USART TX Mode is applicable
2025-09-27 22:10:51,097 [INFO] Rule:233 - rule UART/USART RX Mode is applicable
2025-09-27 22:10:51,097 [INFO] Rule:233 - rule UART/USART RX TX Mode is applicable
2025-09-27 22:10:51,097 [INFO] Rule:233 - rule UART/USART PARITY NONE is applicable
2025-09-27 22:10:51,097 [INFO] Rule:233 - rule UART/USART PARITY EVEN is applicable
2025-09-27 22:10:51,097 [INFO] Rule:233 - rule UART/USART PARITY ODD is applicable
2025-09-27 22:10:51,097 [INFO] Rule:233 - rule USART StopBits 1 is applicable
2025-09-27 22:10:51,097 [INFO] Rule:233 - rule USART StopBits 2 is applicable
2025-09-27 22:10:51,098 [INFO] Rule:233 - rule USART StopBits 1.5 is applicable
2025-09-27 22:10:51,098 [INFO] Rule:233 - rule USART StopBits 0.5 is applicable
2025-09-27 22:10:51,098 [INFO] Rule:233 - rule UART/USART WORD LENGTH 7 is applicable
2025-09-27 22:10:51,098 [INFO] Rule:233 - rule UART/USART WORD LENGTH 8 is applicable
2025-09-27 22:10:51,098 [INFO] Rule:233 - rule UART/USART WORD LENGTH 9 is applicable
2025-09-27 22:10:51,098 [INFO] Rule:233 - rule Rename FMC NAND NCE signal is applicable
2025-09-27 22:10:51,098 [INFO] Rule:233 - rule Rename FMC NAND INT signal is applicable
2025-09-27 22:10:51,098 [INFO] Rule:233 - rule Change Default Value for LSE Drive Capability for WB family is applicable
2025-09-27 22:10:51,098 [INFO] Rule:233 - rule Change Default Value for ADC Clock Prescaler G0 family is applicable
2025-09-27 22:10:51,098 [INFO] Rule:233 - rule Change Default Value for ADC ExternalTrigConv L4 family is applicable
2025-09-27 22:10:51,098 [INFO] Rule:233 - rule Change Default Value for ADC ExternalTrigInjecConv L4 family is applicable
2025-09-27 22:10:51,098 [INFO] Rule:233 - rule Change Default Value for ADC ExternalTrigConv F3 family is applicable
2025-09-27 22:10:51,098 [INFO] Rule:233 - rule Change Default Value for ADC ExternalTrigInjecConv F3 family is applicable
2025-09-27 22:10:51,098 [INFO] Rule:233 - rule Change Default Value for ADC ExternalTrigConv Goldfish serie is applicable
2025-09-27 22:10:51,098 [INFO] Rule:233 - rule Change Default Value for ADC ExternalTrigInjecConv Goldfish serie is applicable
2025-09-27 22:10:51,098 [INFO] Rule:233 - rule Change Default Value for ADC ExternalTrigConv L0 family is applicable
2025-09-27 22:10:51,098 [INFO] Rule:233 - rule Change Default Value for ADC ExternalTrigConv F0 family is applicable
2025-09-27 22:10:51,098 [INFO] Rule:233 - rule Change Default Value for ADC ExternalTrigConvn L1 family is applicable
2025-09-27 22:10:51,098 [INFO] Rule:233 - rule Change Default Value for ADC ExternalTrigInjecConv L1 family is applicable
2025-09-27 22:10:51,098 [INFO] Rule:233 - rule Change Default Value for ADC ExternalTrigConv F1 family is applicable
2025-09-27 22:10:51,098 [INFO] Rule:233 - rule Change Default Value for ADC ExternalTrigInjecConv F1 family is applicable
2025-09-27 22:10:51,098 [INFO] Rule:233 - rule Change Default Value for ADC ExternalTrigConv F7 family is applicable
2025-09-27 22:10:51,098 [INFO] Rule:233 - rule Change Default Value for ADC ExternalTrigInjecConv F7 family is applicable
2025-09-27 22:10:51,098 [INFO] Rule:233 - rule Change Default Value for ADC ExternalTrigConv F4 and F2 family is applicable
2025-09-27 22:10:51,098 [INFO] Rule:233 - rule Change Default Value for ADC ExternalTrigInjecConv F4 and F2 family is applicable
2025-09-27 22:10:51,098 [INFO] Rule:233 - rule ADC SamplingTime fix with FW L0  is applicable
2025-09-27 22:10:51,098 [INFO] Rule:233 - rule ADC SamplingTime fix with FW L0  is applicable
2025-09-27 22:10:51,098 [INFO] Rule:233 - rule ADC SamplingTime fix with FW L0 is applicable
2025-09-27 22:10:51,098 [INFO] Rule:233 - rule ADC SamplingTime fix with FW L0 is applicable
2025-09-27 22:10:51,098 [INFO] Rule:233 - rule ADC SamplingTime fix with FW L0  is applicable
2025-09-27 22:10:51,098 [INFO] Rule:233 - rule ADC SamplingTime fix with FW L0 is applicable
2025-09-27 22:10:51,098 [INFO] Rule:233 - rule Rename USB_OE Signal is applicable
2025-09-27 22:10:51,098 [INFO] Rule:233 - rule Rename Activate_OE Mode is applicable
2025-09-27 22:10:51,098 [INFO] Rule:233 - rule Rename DIE462/DIE415 pin PC14/OSC32_IN -> PC14-OSC32_IN (PC14) is applicable
2025-09-27 22:10:51,098 [INFO] Rule:233 - rule Rename DIE462/DIE415 pin PC15/OSC32_OUT -> PC15-OSC32_OUT (PC15) is applicable
2025-09-27 22:10:51,099 [INFO] Rule:233 - rule Rename DIE462/DIE415 pin PH0/OSC_IN -> PH0-OSC_IN (PH0) is applicable
2025-09-27 22:10:51,099 [INFO] Rule:233 - rule Rename DIE462/DIE415 pin PH1/OSC_OUT -> PH1-OSC_OUT (PH1) is applicable
2025-09-27 22:10:51,099 [INFO] Rule:233 - rule Rename DIE462 pin PA13 -> PA13 (JTMS/SWDIO) is applicable
2025-09-27 22:10:51,099 [INFO] Rule:233 - rule Rename DIE415 pin PA13 -> PA13 (JTMS/SWDIO) is applicable
2025-09-27 22:10:51,099 [INFO] Rule:233 - rule Rename DIE462 pin PA14 -> PA14 (JTCK/SWCLK) is applicable
2025-09-27 22:10:51,099 [INFO] Rule:233 - rule Rename DIE415 pin PA14 -> PA14 (JTCK/SWCLK) is applicable
2025-09-27 22:10:51,099 [INFO] Rule:233 - rule Rename DIE462/DIE415 pin PA15 -> PA15 (JTDI) is applicable
2025-09-27 22:10:51,099 [INFO] Rule:233 - rule Rename DIE462 pin PB3 -> PB3 (JTD0/TRACESWO) is applicable
2025-09-27 22:10:51,099 [INFO] Rule:233 - rule Rename DIE415 pin PB3 -> PB3 (JTD0-TRACESWO) is applicable
2025-09-27 22:10:51,099 [INFO] Rule:233 - rule Rename DIE462/DIE415 pin PB4 -> PB4 (NJTRST) is applicable
2025-09-27 22:10:51,099 [INFO] Rule:233 - rule Rename DIE462 pin PH3/BOOT0 -> PH3-BOOT0 (BOOT0) is applicable
2025-09-27 22:10:51,099 [INFO] Rule:233 - rule Rename CRYP DataEncryptionTypesList to Algorithm is applicable
2025-09-27 22:10:51,099 [INFO] Rule:233 - rule Rename AES DataEncryptionTypesList to Algorithm is applicable
2025-09-27 22:10:51,099 [INFO] Rule:233 - rule Rename TDESECB to CRYP_TDES_ECB is applicable
2025-09-27 22:10:51,099 [INFO] Rule:233 - rule Rename TDESCBC to CRYP_TDES_CBC is applicable
2025-09-27 22:10:51,099 [INFO] Rule:233 - rule Rename DESECB to CRYP_DES_ECB is applicable
2025-09-27 22:10:51,099 [INFO] Rule:233 - rule Rename DESCBC to CRYP_DES_CBC is applicable
2025-09-27 22:10:51,099 [INFO] Rule:233 - rule Rename AESECB to CRYP_AES_ECB is applicable
2025-09-27 22:10:51,099 [INFO] Rule:233 - rule Rename AESCBC to CRYP_AES_CBC is applicable
2025-09-27 22:10:51,099 [INFO] Rule:233 - rule Rename AESCTR to CRYP_AES_CTR is applicable
2025-09-27 22:10:51,099 [INFO] Rule:233 - rule Rename AESGCM to CRYP_AES_GCM is applicable
2025-09-27 22:10:51,099 [INFO] Rule:233 - rule Rename AESCCM to CRYP_AES_CCM is applicable
2025-09-27 22:10:51,099 [INFO] Rule:233 - rule Rename CAN TimeSeg1 to BS1 is applicable
2025-09-27 22:10:51,099 [INFO] Rule:233 - rule Rename CAN TimeSeg2 to BS2 is applicable
2025-09-27 22:10:51,099 [INFO] Rule:233 - rule Rename CAN SyncJumpWidth to SJW is applicable
2025-09-27 22:10:51,099 [INFO] Rule:233 - rule TimeTriggeredMode to TTCM is applicable
2025-09-27 22:10:51,099 [INFO] Rule:233 - rule Rename CAN AutoBusOff to ABOM is applicable
2025-09-27 22:10:51,099 [INFO] Rule:233 - rule Rename CAN AutoWakeUp to AWUM is applicable
2025-09-27 22:10:51,099 [INFO] Rule:233 - rule Rename CAN AutoRetransmission to NART is applicable
2025-09-27 22:10:51,099 [INFO] Rule:233 - rule Rename CAN ReceiveFifoLocked to RFLM is applicable
2025-09-27 22:10:51,099 [INFO] Rule:233 - rule Rename CAN TransmitFifoPriority to TXFP is applicable
2025-09-27 22:10:51,099 [INFO] Rule:233 - rule Rename HRTIMER HRTIM_OUTPUTFAULTLEVEL_HIGH in HRTIMER HRTIM_OUTPUTFAULTLEVEL_HIGHZ is applicable
2025-09-27 22:10:51,099 [INFO] Rule:233 - rule Rename TIMER TIM_CLEARINPUTSOURCE_OCREFCLR in  TIMER TIM_CLEARINPUTSOURCE_NONE for F7 family is applicable
2025-09-27 22:10:51,099 [INFO] Rule:233 - rule FDCAN_R1 - Rename FDCAN mode Master into Classic is applicable
2025-09-27 22:10:51,099 [INFO] Rule:233 - rule FDCAN_R2 - Rename FDCAN mode Slave into Classic is applicable
2025-09-27 22:10:51,099 [INFO] Rule:233 - rule FDCAN1_R3 - if PA10.Mode=FullDuplex, add Pin PA12 is applicable
2025-09-27 22:10:51,099 [INFO] Rule:233 - rule FDCAN1_R3 - if PA9.Mode=FullDuplex, add Pin PA11 is applicable
2025-09-27 22:10:51,100 [INFO] Rule:233 - rule FDCAN1_R3 - Alternatepin_1 - if PE1.Mode=FullDuplex, add Pin PB9 is applicable
2025-09-27 22:10:51,100 [INFO] Rule:233 - rule FDCAN1_R3 - Alternatepin_1 - if PE0.Mode=FullDuplex, add Pin PB8 is applicable
2025-09-27 22:10:51,100 [INFO] Rule:233 - rule FDCAN1_R3 - Alternatepin_2 - if PD5.Mode=FullDuplex, add Pin PD1 is applicable
2025-09-27 22:10:51,100 [INFO] Rule:233 - rule FDCAN1_R3 - Alternatepin_2 - if PD4.Mode=FullDuplex, add Pin PD0 is applicable
2025-09-27 22:10:51,100 [INFO] Rule:233 - rule FDCAN1_R4 - Rename Mode FullDuplex into Enable FDCAN_TXFD for pin PA10 is applicable
2025-09-27 22:10:51,100 [INFO] Rule:233 - rule FDCAN1_R4 - Rename Mode FullDuplex into Enable FDCAN_TXFD for pin PA9 is applicable
2025-09-27 22:10:51,100 [INFO] Rule:233 - rule FDCAN1_R4 - Alternatepin_1 - Rename Mode FullDuplex into Enable FDCAN_TXFD for pin PE1 is applicable
2025-09-27 22:10:51,100 [INFO] Rule:233 - rule FDCAN1_R4 - Alternatepin_1 - Rename Mode FullDuplex into Enable FDCAN_TXFD for pin PE0 is applicable
2025-09-27 22:10:51,100 [INFO] Rule:233 - rule FDCAN1_R4 - Alternatepin_2 - Rename Mode FullDuplex into Enable FDCAN_TXFD for pin PD5 is applicable
2025-09-27 22:10:51,100 [INFO] Rule:233 - rule FDCAN1_R4 - Alternatepin_2 - Rename Mode FullDuplex into Enable FDCAN_TXFD for pin PD4 is applicable
2025-09-27 22:10:51,100 [INFO] Rule:233 - rule FDCAN2_R3 - if PD10.Mode=FullDuplex, add Pin PB13 is applicable
2025-09-27 22:10:51,100 [INFO] Rule:233 - rule FDCAN2_R3 - if PD9.Mode=FullDuplex, add Pin PB12 is applicable
2025-09-27 22:10:51,100 [INFO] Rule:233 - rule FDCAN2_R3 - Alternatepin_1 - if PB7.Mode=FullDuplex, add Pin PB6 is applicable
2025-09-27 22:10:51,100 [INFO] Rule:233 - rule FDCAN2_R3 - Alternatepin_1 - if PD9.Mode=FullDuplex, add Pin PB12 is applicable
2025-09-27 22:10:51,100 [INFO] Rule:233 - rule FDCAN2_R4 - Rename Mode FullDuplex into Enable FDCAN_TXFD for pin PD10 is applicable
2025-09-27 22:10:51,100 [INFO] Rule:233 - rule FDCAN2_R4 - Rename Mode FullDuplex into Enable FDCAN_TXFD for pin PD9 is applicable
2025-09-27 22:10:51,100 [INFO] Rule:233 - rule FDCAN2_R4 - Alternatepin_1 - Rename Mode FullDuplex into Enable FDCAN_TXFD for pin PB7 is applicable
2025-09-27 22:10:51,100 [INFO] Rule:233 - rule FDCAN2_R4 - Alternatepin_1 - Rename Mode FullDuplex into Enable FDCAN_TXFD for pin PD6 is applicable
2025-09-27 22:10:51,100 [INFO] Rule:233 - rule USART TxPinLevelInvertParam Mode is applicable
2025-09-27 22:10:51,100 [INFO] Rule:233 - rule USART RxPinLevelInvertParam Mode is applicable
2025-09-27 22:10:51,100 [INFO] Rule:233 - rule USART DataInvertParam Mode is applicable
2025-09-27 22:10:51,100 [INFO] Rule:233 - rule USART SwapParam Mode is applicable
2025-09-27 22:10:51,100 [INFO] Rule:233 - rule USART OverrunDisableParam Mode is applicable
2025-09-27 22:10:51,100 [INFO] Rule:233 - rule USART DMADisableonRxErrorParam Mode is applicable
2025-09-27 22:10:51,100 [INFO] Rule:233 - rule USART MSBFirstParam Mode is applicable
2025-09-27 22:10:51,100 [INFO] Rule:233 - rule Update MwName for USB_DEVICE is applicable
2025-09-27 22:10:51,100 [INFO] Rule:233 - rule Change PWR_Regulator_Voltage_Scale Default Value for RCC  H7 family is applicable
2025-09-27 22:10:51,100 [INFO] Rule:233 - rule UART/USART IPParameter rename Prescaler parameter to ClockPrescaler is applicable
2025-09-27 22:10:51,100 [INFO] Rule:233 - rule UART/USART Prescaler rename Prescaler parameter to ClockPrescaler is applicable
2025-09-27 22:10:51,100 [INFO] Rule:233 - rule TIM1CLockSelection is applicable
2025-09-27 22:10:51,100 [INFO] Rule:233 - rule TIM15CLockSelection is applicable
2025-09-27 22:10:51,100 [INFO] Rule:233 - rule align RCC SDMMC3CLockSelection default value on MP1 is applicable
2025-09-27 22:10:51,100 [INFO] Rule:233 - rule align RCC SDMMC12CLockSelection default value on MP1 is applicable
2025-09-27 22:10:51,100 [INFO] Rule:233 - rule align RCC QSPICLockSelection default value on MP1 is applicable
2025-09-27 22:10:51,100 [INFO] Rule:233 - rule align RCC QSPICLockSelection default value on MP1 is applicable
2025-09-27 22:10:51,100 [INFO] Rule:233 - rule align RCC SPI6CLockSelection default value on MP1 is applicable
2025-09-27 22:10:51,100 [INFO] Rule:233 - rule align RCC LPTIM23CLockSelection default value on MP1 is applicable
2025-09-27 22:10:51,101 [INFO] Rule:233 - rule align RCC LPTIM1CLockSelection default value on MP1 is applicable
2025-09-27 22:10:51,101 [INFO] Rule:233 - rule align RCC USART1CLockSelection default value on MP1 is applicable
2025-09-27 22:10:51,101 [INFO] Rule:233 - rule align RCC USART24CLockSelection default value on MP1 is applicable
2025-09-27 22:10:51,101 [INFO] Rule:233 - rule align RCC USART6CLockSelection default value on MP1 is applicable
2025-09-27 22:10:51,101 [INFO] Rule:233 - rule align RCC UART78CLockSelection default value on MP1 is applicable
2025-09-27 22:10:51,101 [INFO] Rule:233 - rule align RCC USART35CLockSelection default value on MP1 is applicable
2025-09-27 22:10:51,101 [INFO] Rule:233 - rule align RCC SPI45CLockSelection default value on MP1 is applicable
2025-09-27 22:10:51,101 [INFO] Rule:233 - rule align RCC I2C46CLockSelection BCLK value on MP1 is applicable
2025-09-27 22:10:51,101 [INFO] Rule:233 - rule align RCC SPI45CLockSelection default value on MP1 is applicable
2025-09-27 22:10:51,101 [INFO] Rule:233 - rule align RCC I2C12CLockSelection default value on MP1 is applicable
2025-09-27 22:10:51,101 [INFO] Rule:233 - rule align RCC I2C35CLockSelection default value on MP1 is applicable
2025-09-27 22:10:51,101 [INFO] Rule:233 - rule align RCC LPTIM45CLockSelection default value on MP1 is applicable
2025-09-27 22:10:51,101 [INFO] Rule:233 - rule Rename DCMI PIXCK signal is applicable
2025-09-27 22:10:51,101 [INFO] Rule:233 - rule Change Default Value for I2C46CLockSelection MP1 family is applicable
2025-09-27 22:10:51,101 [INFO] Rule:233 - rule Change Default Value for UART for G4, G0 and WB families is applicable
2025-09-27 22:10:51,101 [INFO] Rule:233 - rule Change Default Value for USART for G4, G0 and WB families is applicable
2025-09-27 22:10:51,101 [INFO] Rule:233 - rule Change Default Value for USART for G4 family is applicable
2025-09-27 22:10:51,101 [INFO] Rule:233 - rule Change USART1CLockSelection refparam name for MP1 is applicable
2025-09-27 22:10:51,101 [INFO] Rule:233 - rule Change USART2CLockSelection refparam name for MP1 is applicable
2025-09-27 22:10:51,101 [INFO] Rule:233 - rule Change USART3CLockSelection refparam name for MP1 is applicable
2025-09-27 22:10:51,101 [INFO] Rule:233 - rule Change UART4CLockSelection refparam name for MP1 is applicable
2025-09-27 22:10:51,101 [INFO] Rule:233 - rule Change UART5CLockSelection refparam name for MP1 is applicable
2025-09-27 22:10:51,101 [INFO] Rule:233 - rule Change LPUART1CLockSelection refparam name for MP1 is applicable
2025-09-27 22:10:51,101 [INFO] Rule:233 - rule Change LPTIM1CLockSelection refparam name for MP1 is applicable
2025-09-27 22:10:51,101 [INFO] Rule:233 - rule Change LPTIM2CLockSelection refparam name for MP1 is applicable
2025-09-27 22:10:51,101 [INFO] Rule:233 - rule Change RCC_MCO1Source refparam name for MP1 is applicable
2025-09-27 22:10:51,101 [INFO] Rule:233 - rule Change LSCOSource1 refparam name for MP1 is applicable
2025-09-27 22:10:51,101 [INFO] Rule:233 - rule Change SMPSCLockSelection refparam name for MP1 is applicable
2025-09-27 22:10:51,101 [INFO] Rule:233 - rule Change LPTIM3CLockSelection refparam name for MP1 is applicable
2025-09-27 22:10:51,101 [INFO] Rule:233 - rule Change MPCBB* Default Template Mode to Parameters is applicable
2025-09-27 22:10:51,101 [INFO] Rule:233 - rule Change MPCWM* or MPCBB* Secure Mode to Parameters is applicable
2025-09-27 22:10:51,101 [INFO] Rule:233 - rule Change MPCWM* or MPCBB* No Secure Mode to Parameters is applicable
2025-09-27 22:10:51,101 [INFO] Rule:233 - rule Change TZSC IP Secure Mode to Parameters is applicable
2025-09-27 22:10:51,101 [INFO] Rule:233 - rule Change TZSC IP No Secure Mode to Parameters is applicable
2025-09-27 22:10:51,101 [INFO] Rule:233 - rule Change TZSC IP Privilege Mode to Parameters is applicable
2025-09-27 22:10:51,101 [INFO] Rule:233 - rule Change TZSC IP No Privilege Mode to Parameters is applicable
2025-09-27 22:10:51,101 [INFO] Rule:233 - rule Change TZIC IT Secure Mode to Parameters is applicable
2025-09-27 22:10:51,101 [INFO] Rule:233 - rule Change TZIC IT No Secure Mode to Parameters is applicable
2025-09-27 22:10:51,101 [INFO] Rule:233 - rule Add MPCBB1_NonSecureArea_Start_Address value with referenced to MPCBB1_NonSecureArea_Start value is applicable
2025-09-27 22:10:51,101 [INFO] Rule:233 - rule Add MPCBB2_NonSecureArea_Start_Address value with referenced to MPCBB2_NonSecureArea_Start value is applicable
2025-09-27 22:10:51,101 [INFO] Rule:233 - rule Add MPCWM1_NonSecureArea*_Start_Address value with referenced to MPCWM1_NonSecureArea*_Start value is applicable
2025-09-27 22:10:51,101 [INFO] Rule:233 - rule Add MPCWM2_NonSecureArea*_Start_Address value with referenced to MPCWM2_NonSecureArea*_Start value is applicable
2025-09-27 22:10:51,102 [INFO] Rule:233 - rule Add MPCWM3_NonSecureArea_Start_Address value with referenced to MPCWM3_NonSecureArea_Start value is applicable
2025-09-27 22:10:51,102 [INFO] Rule:233 - rule Change Default Value for PLL1UserDefinedConfig is applicable
2025-09-27 22:10:51,102 [INFO] Rule:233 - rule Change GPIO_PuPd Default Value for USART in async mode is applicable
2025-09-27 22:10:51,102 [INFO] Rule:233 - rule Change SMPSDivider Default Value is applicable
2025-09-27 22:10:51,102 [INFO] Rule:233 - rule OPAMP is applicable
2025-09-27 22:10:51,102 [INFO] Rule:233 - rule LPUART IPParameter rename Prescaler parameter to ClockPrescaler for STM32H7 is applicable
2025-09-27 22:10:51,102 [INFO] Rule:233 - rule LPUART IPParameter rename Prescaler parameter to ClockPrescaler for STM32H7 is applicable
2025-09-27 22:10:51,102 [INFO] Rule:233 - rule LPUART IPParameter rename Prescaler parameter to ClockPrescaler for STM32WB is applicable
2025-09-27 22:10:51,102 [INFO] Rule:233 - rule LPUART IPParameter rename Prescaler parameter to ClockPrescaler for STM32WB is applicable
2025-09-27 22:10:51,102 [INFO] Rule:233 - rule LPUART IPParameter rename Prescaler parameter to ClockPrescaler for STM32G4 is applicable
2025-09-27 22:10:51,102 [INFO] Rule:233 - rule LPUART IPParameter rename Prescaler parameter to ClockPrescaler for STM32G4 is applicable
2025-09-27 22:10:51,102 [INFO] Rule:233 - rule LPUART IPParameter rename Prescaler parameter to ClockPrescaler for STM32L5 is applicable
2025-09-27 22:10:51,102 [INFO] Rule:233 - rule LPUART IPParameter rename Prescaler parameter to ClockPrescaler for STM32L5 is applicable
2025-09-27 22:10:51,102 [INFO] Rule:233 - rule LPUART IPParameter rename Prescaler parameter to ClockPrescaler for STM32G4 is applicable
2025-09-27 22:10:51,102 [INFO] Rule:233 - rule LPUART IPParameter rename Prescaler parameter to ClockPrescaler for STM32G4 is applicable
2025-09-27 22:10:51,102 [INFO] Rule:233 - rule USB device lib V2.5.3 for L0 rename USBD_SUPPORT_USER_STRING parameter to USBD_SUPPORT_USER_STRING_DESC4 is applicable
2025-09-27 22:10:51,102 [INFO] Rule:233 - rule I2SCLockSelection clock entry align is applicable
2025-09-27 22:10:51,102 [INFO] Rule:233 - rule Assign TIMx context if used as SYS timebase is applicable
2025-09-27 22:10:51,102 [INFO] Rule:233 - rule Change GPIO_Pu Default Value for I2C is applicable
2025-09-27 22:10:51,102 [INFO] Rule:233 - rule Change GPIO_Pu Default Value for SMBus is applicable
2025-09-27 22:10:51,102 [INFO] Rule:233 - rule change FDCAN default value is applicable
2025-09-27 22:10:51,102 [INFO] Rule:233 - rule Change mode sai is applicable
2025-09-27 22:10:51,102 [INFO] Rule:233 - rule **Change sai mode is applicable
2025-09-27 22:10:51,102 [INFO] Rule:233 - rule Rename STM32WPAN CFG_BLE_IRK to CFG_BLE_IR is applicable
2025-09-27 22:10:51,102 [INFO] Rule:233 - rule Rename STM32WPAN CFG_BLE_ERK to CFG_BLE_ER is applicable
2025-09-27 22:10:51,102 [INFO] Rule:233 - rule Rename STM32WPAN CFG_BLE_IRK_HEX to CFG_BLE_IR_HEX is applicable
2025-09-27 22:10:51,102 [INFO] Rule:233 - rule Rename STM32WPAN CFG_BLE_ERK_HEX to CFG_BLE_ER_HEX is applicable
2025-09-27 22:10:51,102 [INFO] Rule:233 - rule Adapt Old IOC before rework replace old CORTEX_M33/CORTEX_M55 attributes by the new one. is applicable
2025-09-27 22:10:51,102 [INFO] Rule:233 - rule Rename parametre of RCC RCC_APBDBG_DIV2 to RCC_TIMPRES_DIV2 is applicable
2025-09-27 22:10:51,102 [INFO] Rule:233 - rule Rename DIE493 pin PA10 [PA12] -> PA10 is applicable
2025-09-27 22:10:51,102 [INFO] Rule:233 - rule Rename DIE493 pin PA9 [PA11] -> PA9 is applicable
2025-09-27 22:10:51,102 [INFO] Rule:233 - rule Rename DIE492 PartNumber CPN STM32WBA5MJGHx -> STM32WBA5MMGHx is applicable
2025-09-27 22:10:51,102 [INFO] Rule:233 - rule Rename DIE492 PartNumber  Name STM32WBA5MJGHx -> STM32WBA5MMGHx is applicable
2025-09-27 22:10:51,102 [INFO] Rule:233 - rule Rename DIE492 PartNumber UserName STM32WBA5MJGHx -> STM32WBA5MMGHx is applicable
2025-09-27 22:10:51,102 [INFO] Rule:233 - rule Rename DIE492 PartNumber DeviceId STM32WBA5MJGHx -> STM32WBA5MMGHx is applicable
2025-09-27 22:10:51,102 [INFO] Rule:233 - rule Adapt Old IOC CSI. is applicable
2025-09-27 22:10:51,102 [INFO] Rule:233 - rule Adapt Old IOC DCMIPP. is applicable
2025-09-27 22:10:51,102 [INFO] Rule:233 - rule Adapt Old IOC DCMIPP Mode Parallel. is applicable
2025-09-27 22:10:51,102 [INFO] Rule:233 - rule Adapt Old IOC LTDC. is applicable
2025-09-27 22:10:51,102 [INFO] Rule:233 - rule Rename STM32MP2 RIF Peripheral LTDC RIF.RISUP.LTDC_L0L1.Privilege -> RIF.RISUP.LTDC_L1L2.Privilege is applicable
2025-09-27 22:10:51,102 [INFO] Rule:233 - rule Rename STM32MP2 RIF Peripheral LTDC RIF.RISUP.LTDC_L0L1.Privilege -> RIF.RISUP.LTDC_L1L2.Privilege is applicable
2025-09-27 22:10:51,103 [INFO] Rule:233 - rule Rename STM32MP2 RIF Peripheral LTDC RIF.RISUP.LTDC_L0L1.Lock -> RIF.RISUP.LTDC_L1L2.Lock is applicable
2025-09-27 22:10:51,103 [INFO] Rule:233 - rule Rename STM32MP2 RIF Peripheral LTDC RIF.RISUP.LTDC_L2.Lock -> RIF.RISUP.LTDC_L3.Lock is applicable
2025-09-27 22:10:51,103 [INFO] Rule:233 - rule Adapt the old IOC example for updating the SYS when it is misconfigured. is applicable
2025-09-27 22:10:51,103 [INFO] Rule:233 - rule Rename STM32C09 Mcu.Package LQFP64 -> LQFP48 is applicable
2025-09-27 22:10:51,103 [INFO] Rule:233 - rule Adapt the old IOC example for updating the SYS when it is misconfigured. is applicable
2025-09-27 22:10:51,103 [INFO] Rule:233 - rule Adapt the old IOC example for updating the SYS when it is misconfigured. is applicable
2025-09-27 22:10:51,114 [INFO] DbConfProperties:307 - Apply Compatibility (53/282 Rules)
2025-09-27 22:10:51,126 [INFO] ImportTextPane:234 - (OptionalMessage_ERROR) Unable to find key (Mcu.ThirdPartyNb) in loaded IOC file
2025-09-27 22:10:51,127 [INFO] ImportTextPane:234 - (OptionalMessage_ERROR) Pin12 (VP_RIF_VS_RIF1) cannot be retrieved for this MCU
2025-09-27 22:10:51,171 [INFO] RtosManager:558 - Registered RTOS mode: class=CMSIS, group=RTOS, mode=CMSIS_V1, owner=FREERTOS
2025-09-27 22:10:51,171 [INFO] RtosManager:558 - Registered RTOS mode: class=CMSIS, group=RTOS2, mode=CMSIS_V2, owner=FREERTOS
2025-09-27 22:10:51,172 [INFO] RtosManager:558 - Registered RTOS mode: class=RTOS, group=Core, mode=CMSIS_V1, owner=FREERTOS
2025-09-27 22:10:51,172 [INFO] RtosManager:558 - Registered RTOS mode: class=RTOS, group=Core, mode=CMSIS_V2, owner=FREERTOS
2025-09-27 22:10:51,172 [WARN] ModelIntegratedComponent:184 - Missing modes for component STMicroelectronics:FreeRTOS:0.0.1:STMicroelectronics:RTOS:FreeRTOS:Core:::10.2.0:
2025-09-27 22:10:51,193 [WARN] ModelIntegratedComponent:63 - No mode defined for component null
2025-09-27 22:10:51,193 [WARN] ModelIntegratedComponent:63 - No mode defined for component null
2025-09-27 22:10:51,193 [WARN] ModelIntegratedComponent:63 - No mode defined for component null
2025-09-27 22:10:51,193 [WARN] ModelIntegratedComponent:63 - No mode defined for component null
2025-09-27 22:10:51,193 [WARN] ModelIntegratedComponent:63 - No mode defined for component null
2025-09-27 22:10:51,193 [WARN] ModelIntegratedComponent:63 - No mode defined for component null
2025-09-27 22:10:51,193 [WARN] ModelIntegratedComponent:63 - No mode defined for component null
2025-09-27 22:10:51,193 [WARN] ModelIntegratedComponent:63 - No mode defined for component null
2025-09-27 22:10:51,193 [WARN] ModelIntegratedComponent:63 - No mode defined for component null
2025-09-27 22:10:51,194 [WARN] ModelIntegratedComponent:63 - No mode defined for component null
2025-09-27 22:10:51,194 [WARN] ModelIntegratedComponent:63 - No mode defined for component null
2025-09-27 22:10:51,194 [WARN] ModelIntegratedComponent:63 - No mode defined for component null
2025-09-27 22:10:51,194 [WARN] ModelIntegratedComponent:63 - No mode defined for component null
2025-09-27 22:10:51,194 [WARN] ModelIntegratedComponent:63 - No mode defined for component null
2025-09-27 22:10:51,194 [WARN] ModelIntegratedComponent:63 - No mode defined for component null
2025-09-27 22:10:51,194 [WARN] ModelIntegratedComponent:63 - No mode defined for component null
2025-09-27 22:10:51,194 [WARN] ModelIntegratedComponent:63 - No mode defined for component null
2025-09-27 22:10:51,194 [WARN] ModelIntegratedComponent:63 - No mode defined for component null
2025-09-27 22:10:51,194 [WARN] ModelIntegratedComponent:63 - No mode defined for component null
2025-09-27 22:10:51,194 [WARN] ModelIntegratedComponent:63 - No mode defined for component null
2025-09-27 22:10:51,194 [WARN] ModelIntegratedComponent:63 - No mode defined for component null
2025-09-27 22:10:51,194 [WARN] ModelIntegratedComponent:63 - No mode defined for component null
2025-09-27 22:10:51,194 [WARN] ModelIntegratedComponent:63 - No mode defined for component null
2025-09-27 22:10:51,194 [WARN] ModelIntegratedComponent:63 - No mode defined for component null
2025-09-27 22:10:51,194 [WARN] ModelIntegratedComponent:63 - No mode defined for component null
2025-09-27 22:10:51,194 [WARN] ModelIntegratedComponent:63 - No mode defined for component null
2025-09-27 22:10:51,194 [WARN] ModelIntegratedComponent:63 - No mode defined for component null
2025-09-27 22:10:51,194 [WARN] ModelIntegratedComponent:63 - No mode defined for component null
2025-09-27 22:10:51,194 [WARN] ModelIntegratedComponent:63 - No mode defined for component null
2025-09-27 22:10:51,194 [WARN] ModelIntegratedComponent:63 - No mode defined for component null
2025-09-27 22:10:51,194 [WARN] ModelIntegratedComponent:63 - No mode defined for component null
2025-09-27 22:10:51,194 [WARN] ModelIntegratedComponent:63 - No mode defined for component null
2025-09-27 22:10:51,194 [WARN] ModelIntegratedComponent:63 - No mode defined for component null
2025-09-27 22:10:51,194 [WARN] ModelIntegratedComponent:63 - No mode defined for component null
2025-09-27 22:10:51,194 [WARN] ModelIntegratedComponent:63 - No mode defined for component null
2025-09-27 22:10:51,194 [WARN] ModelPack:524 - Component already loaded: STMicroelectronics:HAL Drivers:0.0.0:STMicroelectronics:Device:STMicro_Driver:XSPI:HAL::0.0.1:HAL_XSPI
2025-09-27 22:10:51,272 [INFO] ThirdPartyModel:298 - Start build external matchings
2025-09-27 22:10:51,720 [INFO] ThirdPartyModel:316 - End build external matchings
2025-09-27 22:10:51,729 [INFO] ImportTextPane:234 - (OptionalMessage_ERROR) IP (RCC) : Invalid parameter (FamilyName)
2025-09-27 22:10:51,730 [INFO] ImportTextPane:234 - (OptionalMessage_ERROR) IP (RCC) : Parameter (RNGFreq_Value) has invalid value (64000000)
2025-09-27 22:10:51,730 [INFO] ImportTextPane:234 - (OptionalMessage_ERROR) IP (RCC) : Parameter (SDMMCFreq_Value) has invalid value (64000000)
2025-09-27 22:10:51,730 [INFO] ImportTextPane:234 - (OptionalMessage_ERROR) IP (RCC) : Parameter (USBFreq_Value) has invalid value (64000000)
2025-09-27 22:10:51,973 [INFO] UtilMem:75 - End LoadConfig() Used Memory: 612319112 Bytes (1017118720)
2025-09-27 22:10:51,992 [WARN] ThirdParty:833 - waiting for thirdparty lock release [change project]
2025-09-27 22:10:51,992 [INFO] ThirdParty:835 - entering critical section [change project]
2025-09-27 22:10:51,992 [INFO] ThirdParty:1030 - CMSIS Pack Vendor :STMicroelectronics X-CUBE-PM33A1 1.0.0
2025-09-27 22:10:51,992 [INFO] ThirdParty:1030 - CMSIS Pack Vendor :STMicroelectronics USBPD 4.1
2025-09-27 22:10:51,992 [INFO] ThirdParty:1030 - CMSIS Pack Vendor :STMicroelectronics X-CUBE-NFC9 1.0.0
2025-09-27 22:10:51,992 [INFO] ThirdParty:1030 - CMSIS Pack Vendor :STMicroelectronics USB_HOST 2.0.0
2025-09-27 22:10:51,992 [INFO] ThirdParty:1030 - CMSIS Pack Vendor :STMicroelectronics FP-SNS-MOTENVWB1 1.4.0
2025-09-27 22:10:51,992 [INFO] ThirdParty:1030 - CMSIS Pack Vendor :STMicroelectronics X-CUBE-AZRTOS-F4 1.1.0
2025-09-27 22:10:51,992 [INFO] ThirdParty:1030 - CMSIS Pack Vendor :STMicroelectronics LIBJPEG 8.0.0
2025-09-27 22:10:51,992 [INFO] ThirdParty:1030 - CMSIS Pack Vendor :STMicroelectronics FP-ATR-ASTRA1 2.0.2
2025-09-27 22:10:51,992 [INFO] ThirdParty:1030 - CMSIS Pack Vendor :wolfSSL I-CUBE-wolfSSL 5.8.2
2025-09-27 22:10:51,992 [INFO] ThirdParty:1030 - CMSIS Pack Vendor :STMicroelectronics X-CUBE-BLE1 7.1.0
2025-09-27 22:10:51,992 [INFO] ThirdParty:1030 - CMSIS Pack Vendor :Avnet-IotConnect X-CUBE-IoTC-DA16k-PMOD 1.0.0
2025-09-27 22:10:51,992 [INFO] ThirdParty:1030 - CMSIS Pack Vendor :STMicroelectronics X-CUBE-SMBUS 2.1.0
2025-09-27 22:10:51,992 [INFO] ThirdParty:1030 - CMSIS Pack Vendor :wolfSSL I-CUBE-wolfMQTT 1.19.2
2025-09-27 22:10:51,992 [INFO] ThirdParty:1030 - CMSIS Pack Vendor :STMicroelectronics USB_DEVICE 3.0.0
2025-09-27 22:10:51,992 [INFO] ThirdParty:1030 - CMSIS Pack Vendor :STMicroelectronics X-CUBE-ISPU 2.1.0
2025-09-27 22:10:51,993 [INFO] ThirdParty:1030 - CMSIS Pack Vendor :STMicroelectronics X-CUBE-EEPRMA1 5.2.0
2025-09-27 22:10:51,993 [INFO] ThirdParty:1030 - CMSIS Pack Vendor :STMicroelectronics X-CUBE-BLEMGR 4.1.0
2025-09-27 22:10:51,993 [INFO] ThirdParty:1030 - CMSIS Pack Vendor :STMicroelectronics X-CUBE-AZRTOS-WB 2.0.0
2025-09-27 22:10:51,993 [INFO] ThirdParty:1030 - CMSIS Pack Vendor :STMicroelectronics X-CUBE-ST60 1.0.0
2025-09-27 22:10:51,993 [INFO] ThirdParty:1030 - CMSIS Pack Vendor :STMicroelectronics X-CUBE-GNSS1 7.0.1
2025-09-27 22:10:51,993 [INFO] ThirdParty:1030 - CMSIS Pack Vendor :STMicroelectronics X-CUBE-NFC12 1.0.0
2025-09-27 22:10:51,993 [INFO] ThirdParty:1030 - CMSIS Pack Vendor :STMicroelectronics X-CUBE-AZRTOS-F7 1.1.0
2025-09-27 22:10:51,993 [INFO] ThirdParty:1030 - CMSIS Pack Vendor :STMicroelectronics X-CUBE-AZRTOS-L5 2.0.0
2025-09-27 22:10:51,993 [INFO] ThirdParty:1030 - CMSIS Pack Vendor :STMicroelectronics X-CUBE-TOUCHGFX 4.25.0
2025-09-27 22:10:51,993 [INFO] ThirdParty:1030 - CMSIS Pack Vendor :STMicroelectronics USB_DEVICE 2.0.0
2025-09-27 22:10:51,993 [INFO] ThirdParty:1030 - CMSIS Pack Vendor :STMicroelectronics X-CUBE-NFC6 3.1.0
2025-09-27 22:10:51,993 [INFO] ThirdParty:1030 - CMSIS Pack Vendor :quantropi X-CUBE-qispace-sdk-base 2.1.0
2025-09-27 22:10:51,993 [INFO] ThirdParty:1030 - CMSIS Pack Vendor :STMicroelectronics FreeRTOS 0.0.1
2025-09-27 22:10:51,993 [INFO] ThirdParty:1030 - CMSIS Pack Vendor :STMicroelectronics X-CUBE-AZRTOS-G0 1.1.0
2025-09-27 22:10:51,993 [INFO] ThirdParty:1030 - CMSIS Pack Vendor :STMicroelectronics X-CUBE-SAFEA1 1.2.2
2025-09-27 22:10:51,993 [INFO] ThirdParty:1030 - CMSIS Pack Vendor :STMicroelectronics X-CUBE-NFC4 3.0.0
2025-09-27 22:10:51,993 [INFO] ThirdParty:1030 - CMSIS Pack Vendor :STMicroelectronics X-CUBE-SUBG2 5.0.0
2025-09-27 22:10:51,993 [INFO] ThirdParty:1030 - CMSIS Pack Vendor :STMicroelectronics X-CUBE-AZRTOS-H7RS 1.1.0
2025-09-27 22:10:51,993 [INFO] ThirdParty:1030 - CMSIS Pack Vendor :STMicroelectronics STM32_WPAN 1.0.0
2025-09-27 22:10:51,993 [INFO] ThirdParty:1030 - CMSIS Pack Vendor :EmbeddedOffice I-CUBE-FS-RTOS 1.0.1
2025-09-27 22:10:51,993 [INFO] ThirdParty:1030 - CMSIS Pack Vendor :STMicroelectronics lwIP 2.0.3
2025-09-27 22:10:51,993 [INFO] ThirdParty:1030 - CMSIS Pack Vendor :WES I-CUBE-Cesium 1.4.0
2025-09-27 22:10:51,993 [INFO] ThirdParty:1030 - CMSIS Pack Vendor :Cesanta I-CUBE-Mongoose 7.13.0
2025-09-27 22:10:51,993 [INFO] ThirdParty:1030 - CMSIS Pack Vendor :STMicroelectronics USB_HOST 1.0.0
2025-09-27 22:10:51,993 [INFO] ThirdParty:1030 - CMSIS Pack Vendor :Infineon AIROC-Wi-Fi-Bluetooth-STM32 1.7.1
2025-09-27 22:10:51,993 [INFO] ThirdParty:1030 - CMSIS Pack Vendor :STMicroelectronics X-CUBE-AZRTOS-G4 2.0.0
2025-09-27 22:10:51,993 [INFO] ThirdParty:1030 - CMSIS Pack Vendor :STMicroelectronics X-CUBE-WB05N 2.0.0
2025-09-27 22:10:51,993 [INFO] ThirdParty:1030 - CMSIS Pack Vendor :STMicroelectronics PDM2PCM 3.1.0
2025-09-27 22:10:51,993 [INFO] ThirdParty:1030 - CMSIS Pack Vendor :STMicroelectronics PDM2PCM 3.3.0
2025-09-27 22:10:51,993 [INFO] ThirdParty:1030 - CMSIS Pack Vendor :wolfSSL I-CUBE-wolfTPM 3.8.0
2025-09-27 22:10:51,993 [INFO] ThirdParty:1030 - CMSIS Pack Vendor :STMicroelectronics X-CUBE-AZRTOS-H7 3.4.0
2025-09-27 22:10:51,993 [INFO] ThirdParty:1030 - CMSIS Pack Vendor :STMicroelectronics X-CUBE-DISPLAY 3.0.0
2025-09-27 22:10:51,993 [INFO] ThirdParty:1030 - CMSIS Pack Vendor :wolfSSL I-CUBE-wolfSSH 1.4.20
2025-09-27 22:10:51,993 [INFO] ThirdParty:1030 - CMSIS Pack Vendor :STMicroelectronics X-CUBE-NFC7 2.0.0
2025-09-27 22:10:51,993 [INFO] ThirdParty:1030 - CMSIS Pack Vendor :STMicroelectronics X-CUBE-TCPP 4.2.0
2025-09-27 22:10:51,993 [INFO] ThirdParty:1030 - CMSIS Pack Vendor :RealThread X-CUBE-RT-Thread_Nano 4.1.1
2025-09-27 22:10:51,993 [INFO] ThirdParty:1030 - CMSIS Pack Vendor :STMicroelectronics FP-ATR-SIGFOX1 3.2.0
2025-09-27 22:10:51,993 [INFO] ThirdParty:1030 - CMSIS Pack Vendor :STMicroelectronics X-CUBE-NFC10 1.0.0
2025-09-27 22:10:51,994 [INFO] ThirdParty:1030 - CMSIS Pack Vendor :STMicroelectronics X-CUBE-FREERTOS 1.3.1
2025-09-27 22:10:51,994 [INFO] ThirdParty:1030 - CMSIS Pack Vendor :STMicroelectronics HAL Drivers 0.0.0
2025-09-27 22:10:51,994 [INFO] ThirdParty:1030 - CMSIS Pack Vendor :STMicroelectronics MBEDTLS 2.16.2
2025-09-27 22:10:51,994 [INFO] ThirdParty:1030 - CMSIS Pack Vendor :STMicroelectronics X-CUBE-IPS 3.1.0
2025-09-27 22:10:51,994 [INFO] ThirdParty:1030 - CMSIS Pack Vendor :STMicroelectronics X-CUBE-ALS 1.0.2
2025-09-27 22:10:51,994 [INFO] ThirdParty:1030 - CMSIS Pack Vendor :emotas I-CUBE-CANOPEN 1.3.0
2025-09-27 22:10:51,994 [INFO] ThirdParty:1030 - CMSIS Pack Vendor :STMicroelectronics MBEDTLS 2.14.1
2025-09-27 22:10:51,994 [INFO] ThirdParty:1030 - CMSIS Pack Vendor :ITTIA_DB I-CUBE-ITTIADB 8.9.0
2025-09-27 22:10:51,994 [INFO] ThirdParty:1030 - CMSIS Pack Vendor :STMicroelectronics X-CUBE-STSE01 1.0.0
2025-09-27 22:10:51,994 [INFO] ThirdParty:1030 - CMSIS Pack Vendor :STMicroelectronics X-CUBE-ST67W61 1.0.0
2025-09-27 22:10:51,994 [INFO] ThirdParty:1030 - CMSIS Pack Vendor :STMicroelectronics FP-SNS-STBOX1 2.1.0
2025-09-27 22:10:51,994 [INFO] ThirdParty:1030 - CMSIS Pack Vendor :STMicroelectronics X-CUBE-AI 10.2.0
2025-09-27 22:10:51,994 [INFO] ThirdParty:1030 - CMSIS Pack Vendor :STMicroelectronics FP-SNS-STAIOTCFT 1.0.0
2025-09-27 22:10:51,994 [INFO] ThirdParty:1030 - CMSIS Pack Vendor :STMicroelectronics ThreadX 1.0.0
2025-09-27 22:10:51,994 [INFO] ThirdParty:1030 - CMSIS Pack Vendor :STMicroelectronics FP-SNS-SMARTAG2 1.2.0
2025-09-27 22:10:51,994 [INFO] ThirdParty:1030 - CMSIS Pack Vendor :STMicroelectronics FP-SNS-FLIGHT1 5.1.0
2025-09-27 22:10:51,994 [INFO] ThirdParty:1030 - CMSIS Pack Vendor :STMicroelectronics X-CUBE-AZRTOS-WL 2.0.0
2025-09-27 22:10:51,994 [INFO] ThirdParty:1030 - CMSIS Pack Vendor :SEGGER I-CUBE-embOS 1.3.1
2025-09-27 22:10:51,994 [INFO] ThirdParty:1030 - CMSIS Pack Vendor :STMicroelectronics X-CUBE-ALGOBUILD 1.4.0
2025-09-27 22:10:51,994 [INFO] ThirdParty:1030 - CMSIS Pack Vendor :STMicroelectronics X-CUBE-DPower 1.3.0
2025-09-27 22:10:51,994 [INFO] ThirdParty:1030 - CMSIS Pack Vendor :STMicroelectronics X-CUBE-MEMS1 11.3.0
2025-09-27 22:10:51,994 [INFO] ThirdParty:1030 - CMSIS Pack Vendor :STMicroelectronics FP-SNS-MOTENV1 5.0.0
2025-09-27 22:10:51,994 [INFO] ThirdParty:1030 - CMSIS Pack Vendor :STMicroelectronics USB_DEVICE 1.0.0
2025-09-27 22:10:51,994 [INFO] ThirdParty:1030 - CMSIS Pack Vendor :STMicroelectronics X-CUBE-AZRTOS-L4 2.0.0
2025-09-27 22:10:51,994 [INFO] ThirdParty:1030 - CMSIS Pack Vendor :STMicroelectronics ThreadX 0.0.2
2025-09-27 22:10:51,994 [INFO] ThirdParty:1030 - CMSIS Pack Vendor :STMicroelectronics lwIP 2.1.2
2025-09-27 22:10:51,994 [INFO] ThirdParty:1030 - CMSIS Pack Vendor :STMicroelectronics X-CUBE-SFXS2LP1 4.0.0
2025-09-27 22:10:51,994 [INFO] ThirdParty:1030 - CMSIS Pack Vendor :STMicroelectronics X-CUBE-BLE2 3.3.0
2025-09-27 22:10:51,994 [INFO] ThirdParty:1030 - CMSIS Pack Vendor :STMicroelectronics X-CUBE-TOF1 3.4.3
2025-09-27 22:10:51,994 [INFO] ThirdParty:1030 - CMSIS Pack Vendor :STMicroelectronics PDM2PCM 3.2.0
2025-09-27 22:10:51,994 [INFO] ThirdParty:841 - exiting critical section [change project]
2025-09-27 22:10:52,225 [INFO] PinOutPanel:1589 - setPackage(No Configuration,No Configuration)
2025-09-27 22:10:52,225 [INFO] PinOutPanel:1589 - setPackage(STM32L476RGTx,LQFP64)
2025-09-27 22:10:52,665 [INFO] UtilMem:75 - Before build in PCC Used Memory: 567360856 Bytes (1017118720)
2025-09-27 22:10:52,912 [INFO] UtilMem:75 - After build in PCC Used Memory: 647052632 Bytes (1017118720)
2025-09-27 22:10:52,933 [INFO] IPUIPlugin:80 - create IPUIPlugin
2025-09-27 22:10:52,933 [INFO] IPUIPlugin:80 - create IPUIPlugin
2025-09-27 22:10:52,933 [INFO] IPUIPlugin:80 - create IPUIPlugin
2025-09-27 22:10:52,933 [INFO] IPUIPlugin:80 - create IPUIPlugin
2025-09-27 22:10:52,933 [INFO] IPUIPlugin:80 - create IPUIPlugin
2025-09-27 22:10:52,933 [INFO] IPUIPlugin:80 - create IPUIPlugin
2025-09-27 22:10:52,934 [INFO] IPUIPlugin:80 - create IPUIPlugin
2025-09-27 22:10:52,934 [INFO] IPUIPlugin:80 - create IPUIPlugin
2025-09-27 22:10:52,934 [INFO] IPUIPlugin:80 - create IPUIPlugin
2025-09-27 22:10:52,934 [INFO] IPUIPlugin:80 - create IPUIPlugin
2025-09-27 22:10:52,934 [INFO] IPUIPlugin:80 - create IPUIPlugin
2025-09-27 22:10:52,934 [INFO] IPUIPlugin:80 - create IPUIPlugin
2025-09-27 22:10:52,934 [INFO] IPUIPlugin:80 - create IPUIPlugin
2025-09-27 22:10:52,934 [INFO] IPUIPlugin:80 - create IPUIPlugin
2025-09-27 22:10:52,934 [INFO] IPUIPlugin:80 - create IPUIPlugin
2025-09-27 22:10:52,934 [INFO] IPUIPlugin:80 - create IPUIPlugin
2025-09-27 22:10:52,934 [INFO] IPUIPlugin:80 - create IPUIPlugin
2025-09-27 22:10:52,934 [INFO] IPUIPlugin:80 - create IPUIPlugin
2025-09-27 22:10:52,935 [INFO] IPUIPlugin:80 - create IPUIPlugin
2025-09-27 22:10:52,935 [INFO] IPUIPlugin:80 - create IPUIPlugin
2025-09-27 22:10:52,935 [INFO] IPUIPlugin:80 - create IPUIPlugin
2025-09-27 22:10:52,935 [INFO] IPUIPlugin:80 - create IPUIPlugin
2025-09-27 22:10:52,935 [INFO] IPUIPlugin:80 - create IPUIPlugin
2025-09-27 22:10:52,935 [INFO] IPUIPlugin:80 - create IPUIPlugin
2025-09-27 22:10:52,935 [INFO] IPUIPlugin:80 - create IPUIPlugin
2025-09-27 22:10:52,936 [INFO] IPUIPlugin:80 - create IPUIPlugin
2025-09-27 22:10:52,936 [INFO] IPUIPlugin:80 - create IPUIPlugin
2025-09-27 22:10:52,936 [INFO] IPUIPlugin:80 - create IPUIPlugin
2025-09-27 22:10:52,936 [INFO] IPUIPlugin:80 - create IPUIPlugin
2025-09-27 22:10:52,936 [INFO] IPUIPlugin:80 - create IPUIPlugin
2025-09-27 22:10:52,936 [INFO] IPUIPlugin:80 - create IPUIPlugin
2025-09-27 22:10:52,936 [INFO] IPUIPlugin:80 - create IPUIPlugin
2025-09-27 22:10:52,936 [INFO] IPUIPlugin:80 - create IPUIPlugin
2025-09-27 22:10:52,937 [INFO] IPUIPlugin:80 - create IPUIPlugin
2025-09-27 22:10:52,937 [INFO] IPUIPlugin:80 - create IPUIPlugin
2025-09-27 22:10:52,937 [INFO] IPUIPlugin:80 - create IPUIPlugin
2025-09-27 22:10:52,937 [INFO] IPUIPlugin:80 - create IPUIPlugin
2025-09-27 22:10:52,937 [INFO] IPUIPlugin:80 - create IPUIPlugin
2025-09-27 22:10:52,937 [INFO] IPUIPlugin:80 - create IPUIPlugin
2025-09-27 22:10:52,938 [INFO] IPUIPlugin:80 - create IPUIPlugin
2025-09-27 22:10:52,938 [INFO] IPUIPlugin:80 - create IPUIPlugin
2025-09-27 22:10:52,938 [INFO] IPUIPlugin:80 - create IPUIPlugin
2025-09-27 22:10:52,938 [INFO] IPUIPlugin:80 - create IPUIPlugin
2025-09-27 22:10:52,938 [INFO] IPUIPlugin:80 - create IPUIPlugin
2025-09-27 22:10:52,938 [INFO] IPUIPlugin:80 - create IPUIPlugin
2025-09-27 22:10:52,938 [INFO] IPUIPlugin:80 - create IPUIPlugin
2025-09-27 22:10:52,939 [INFO] IPUIPlugin:80 - create IPUIPlugin
2025-09-27 22:10:52,939 [INFO] IPUIPlugin:80 - create IPUIPlugin
2025-09-27 22:10:52,939 [INFO] IPUIPlugin:80 - create IPUIPlugin
2025-09-27 22:10:52,939 [INFO] IPUIPlugin:80 - create IPUIPlugin
2025-09-27 22:10:52,940 [INFO] IPUIPlugin:80 - create IPUIPlugin
2025-09-27 22:10:52,940 [INFO] IPUIPlugin:80 - create IPUIPlugin
2025-09-27 22:10:52,940 [INFO] IPUIPlugin:80 - create IPUIPlugin
2025-09-27 22:10:52,940 [INFO] IPUIPlugin:80 - create IPUIPlugin
2025-09-27 22:10:52,940 [INFO] IPUIPlugin:80 - create IPUIPlugin
2025-09-27 22:10:52,941 [INFO] IPUIPlugin:80 - create IPUIPlugin
2025-09-27 22:10:52,941 [INFO] IPUIPlugin:80 - create IPUIPlugin
2025-09-27 22:10:52,941 [INFO] IPUIPlugin:80 - create IPUIPlugin
2025-09-27 22:10:52,941 [INFO] IPUIPlugin:80 - create IPUIPlugin
2025-09-27 22:10:52,987 [INFO] CADModel:165 - CPN selected for project levelSTM32L476RGT3
2025-09-27 22:10:52,987 [INFO] CADModel:114 - Register for checkConnection events
2025-09-27 22:10:53,030 [INFO] OpenFileManager:386 - Restore cursor
2025-09-27 22:10:53,415 [INFO] UtilMem:75 - End SaveConfig() Used Memory: 801448872 Bytes (1017118720)
2025-09-27 22:10:53,463 [INFO] UtilMem:75 - End SaveConfig() Used Memory: 825701192 Bytes (1017118720)
2025-09-27 22:10:53,665 [INFO] BlockDiagram:2775 - set Specific Code input for plugin: SYS
2025-09-27 22:10:53,665 [INFO] BlockDiagram:2775 - set Specific Code input for plugin: RCC
2025-09-27 22:10:53,665 [INFO] BlockDiagram:2775 - set Specific Code input for plugin: NVIC
2025-09-27 22:10:53,665 [INFO] BlockDiagram:2775 - set Specific Code input for plugin: USART
2025-09-27 22:10:53,665 [INFO] BlockDiagram:2775 - set Specific Code input for plugin: GPIO
2025-09-27 22:10:53,667 [INFO] CodeGenerator:892 - code generatio: config db path: C:\ST\STM32CubeIDE_1.19.0\STM32CubeIDE\plugins\com.st.stm32cube.common.mx_6.15.0.202507011659\\db\
2025-09-27 22:10:53,741 [INFO] CodeEngine:265 - oldGeneratedFile, D:\STM32\Lab\09-led-dice-hex-register\MXTmpFiles\license.tmp_save
2025-09-27 22:10:53,905 [INFO] CodeEngine:289 - Generated code: D:\STM32\Lab\09-led-dice-hex-register\MXTmpFiles\license.tmp
2025-09-27 22:10:53,950 [INFO] CodeEngine:265 - oldGeneratedFile, D:\STM32\Lab\09-led-dice-hex-register\MXTmpFiles\gpio.tmp_save
2025-09-27 22:10:54,035 [INFO] CodeEngine:289 - Generated code: D:\STM32\Lab\09-led-dice-hex-register\MXTmpFiles\gpio.tmp
2025-09-27 22:10:54,096 [INFO] CodeEngine:265 - oldGeneratedFile, D:\STM32\Lab\09-led-dice-hex-register\Core\Src\stm32l4xx_it.c_save
2025-09-27 22:10:54,265 [INFO] CodeEngine:289 - Generated code: D:\STM32\Lab\09-led-dice-hex-register\Core\Src\stm32l4xx_it.c
2025-09-27 22:10:54,268 [INFO] CodeEngine:265 - oldGeneratedFile, D:\STM32\Lab\09-led-dice-hex-register\Core\Inc\stm32l4xx_it.h_save
2025-09-27 22:10:54,327 [INFO] CodeEngine:289 - Generated code: D:\STM32\Lab\09-led-dice-hex-register\Core\Inc\stm32l4xx_it.h
2025-09-27 22:10:54,337 [INFO] CodeEngine:265 - oldGeneratedFile, D:\STM32\Lab\09-led-dice-hex-register\Core\Src\stm32l4xx_hal_msp.c_save
2025-09-27 22:10:54,426 [INFO] CodeEngine:289 - Generated code: D:\STM32\Lab\09-led-dice-hex-register\Core\Src\stm32l4xx_hal_msp.c
2025-09-27 22:10:54,429 [INFO] CodeEngine:265 - oldGeneratedFile, D:\STM32\Lab\09-led-dice-hex-register\MXTmpFiles\system.tmp_save
2025-09-27 22:10:54,473 [INFO] CodeEngine:289 - Generated code: D:\STM32\Lab\09-led-dice-hex-register\MXTmpFiles\system.tmp
2025-09-27 22:10:54,480 [INFO] CodeEngine:321 - oldGeneratedFile, D:\STM32\Lab\09-led-dice-hex-register\Core\Inc\stm32l4xx_hal_conf.h_save
2025-09-27 22:10:54,530 [INFO] CodeEngine:345 - Generated code: D:\STM32\Lab\09-led-dice-hex-register\Core\Inc\stm32l4xx_hal_conf.h
2025-09-27 22:10:54,555 [INFO] ApiDbMcu:532 - Load IP Config File for USART2
2025-09-27 22:10:54,558 [INFO] ApiDbMcu:532 - Load IP Config File for RCC
2025-09-27 22:10:54,564 [INFO] CodeEngine:265 - oldGeneratedFile, D:\STM32\Lab\09-led-dice-hex-register\Core\Inc\main.h_save
2025-09-27 22:10:54,639 [INFO] CodeEngine:289 - Generated code: D:\STM32\Lab\09-led-dice-hex-register\Core\Inc\main.h
2025-09-27 22:10:54,642 [INFO] CodeEngine:265 - oldGeneratedFile, D:\STM32\Lab\09-led-dice-hex-register\Core\Src\main.c_save
2025-09-27 22:10:54,708 [INFO] CodeEngine:289 - Generated code: D:\STM32\Lab\09-led-dice-hex-register\Core\Src\main.c
2025-09-27 22:10:55,036 [INFO] ProjectBuilder:3606 - Time for Copy HAL[1] : 196mS.
2025-09-27 22:10:55,040 [INFO] ProjectBuilder:5216 - Project Generator version: 4.7.0-B52
2025-09-27 22:10:55,100 [INFO] ConfigFileManager:1595 - The Die is : DIE415
2025-09-27 22:10:55,102 [INFO] ApiDbMcu:532 - Load IP Config File for FATFS
2025-09-27 22:10:55,105 [INFO] ApiDbMcu:532 - Load IP Config File for FREERTOS
2025-09-27 22:10:55,114 [INFO] ApiDbMcu:532 - Load IP Config File for TOUCHSENSING
2025-09-27 22:10:55,118 [INFO] ApiDbMcu:532 - Load IP Config File for USB_DEVICE
2025-09-27 22:10:55,120 [INFO] ApiDbMcu:532 - Load IP Config File for USB_HOST
2025-09-27 22:10:56,483 [INFO] ProjectBuilder:5496 - Time for Generating toolchain IDE Files: 1443mS.
2025-09-27 22:10:56,483 [INFO] ProjectBuilder:3463 - Time for Copy CMSIS : 0mS.
2025-09-27 22:10:56,485 [INFO] ProjectBuilder:3463 - Time for Copy CMSIS : 0mS.
2025-09-27 22:10:57,668 [INFO] McuFinderGlobals:76 - Set McuFinderConnectedMode to true
2025-09-27 22:10:57,670 [INFO] ApiDb:448 - Save user favorites file C:\Users\user/.stm32cubeide/favorites.mcus.txt: 0 item(s)
2025-09-27 22:10:57,670 [INFO] ApiDb:452 - User favorites MCUs=[]
2025-09-27 22:10:57,672 [INFO] ApiDb:448 - Save user favorites file C:\Users\user/.stm32cubeide/favorites.boards.txt: 1 item(s)
2025-09-27 22:10:57,672 [INFO] ApiDb:452 - User favorites Boards=[NUCLEO-L476RG]
2025-09-27 22:13:01,843 [INFO] UtilMem:75 - End SaveConfig() Used Memory: 368904520 Bytes (1017118720)
2025-09-27 22:13:04,995 [INFO] UtilMem:75 - End SaveConfig() Used Memory: 416090440 Bytes (1017118720)
2025-09-27 22:13:05,291 [INFO] BlockDiagram:2775 - set Specific Code input for plugin: SYS
2025-09-27 22:13:05,291 [INFO] BlockDiagram:2775 - set Specific Code input for plugin: RCC
2025-09-27 22:13:05,291 [INFO] BlockDiagram:2775 - set Specific Code input for plugin: NVIC
2025-09-27 22:13:05,291 [INFO] BlockDiagram:2775 - set Specific Code input for plugin: USART
2025-09-27 22:13:05,292 [INFO] BlockDiagram:2775 - set Specific Code input for plugin: GPIO
2025-09-27 22:13:05,292 [INFO] CodeGenerator:892 - code generatio: config db path: C:\ST\STM32CubeIDE_1.19.0\STM32CubeIDE\plugins\com.st.stm32cube.common.mx_6.15.0.202507011659\\db\
2025-09-27 22:13:05,362 [INFO] CodeEngine:265 - oldGeneratedFile, D:\STM32\Lab\09-led-dice-hex-register\MXTmpFiles\license.tmp_save
2025-09-27 22:13:05,496 [INFO] CodeEngine:289 - Generated code: D:\STM32\Lab\09-led-dice-hex-register\MXTmpFiles\license.tmp
2025-09-27 22:13:05,561 [INFO] CodeEngine:265 - oldGeneratedFile, D:\STM32\Lab\09-led-dice-hex-register\MXTmpFiles\gpio.tmp_save
2025-09-27 22:13:05,643 [INFO] CodeEngine:289 - Generated code: D:\STM32\Lab\09-led-dice-hex-register\MXTmpFiles\gpio.tmp
2025-09-27 22:13:05,853 [INFO] CodeEngine:265 - oldGeneratedFile, D:\STM32\Lab\09-led-dice-hex-register\Core\Src\stm32l4xx_it.c_save
2025-09-27 22:13:05,935 [INFO] CodeEngine:289 - Generated code: D:\STM32\Lab\09-led-dice-hex-register\Core\Src\stm32l4xx_it.c
2025-09-27 22:13:05,939 [INFO] CodeEngine:265 - oldGeneratedFile, D:\STM32\Lab\09-led-dice-hex-register\Core\Inc\stm32l4xx_it.h_save
2025-09-27 22:13:06,006 [INFO] CodeEngine:289 - Generated code: D:\STM32\Lab\09-led-dice-hex-register\Core\Inc\stm32l4xx_it.h
2025-09-27 22:13:06,016 [INFO] CodeEngine:265 - oldGeneratedFile, D:\STM32\Lab\09-led-dice-hex-register\Core\Src\stm32l4xx_hal_msp.c_save
2025-09-27 22:13:06,104 [INFO] CodeEngine:289 - Generated code: D:\STM32\Lab\09-led-dice-hex-register\Core\Src\stm32l4xx_hal_msp.c
2025-09-27 22:13:06,108 [INFO] CodeEngine:265 - oldGeneratedFile, D:\STM32\Lab\09-led-dice-hex-register\MXTmpFiles\system.tmp_save
2025-09-27 22:13:06,159 [INFO] CodeEngine:289 - Generated code: D:\STM32\Lab\09-led-dice-hex-register\MXTmpFiles\system.tmp
2025-09-27 22:13:06,168 [INFO] CodeEngine:321 - oldGeneratedFile, D:\STM32\Lab\09-led-dice-hex-register\Core\Inc\stm32l4xx_hal_conf.h_save
2025-09-27 22:13:06,225 [INFO] CodeEngine:345 - Generated code: D:\STM32\Lab\09-led-dice-hex-register\Core\Inc\stm32l4xx_hal_conf.h
2025-09-27 22:13:06,253 [INFO] CodeEngine:265 - oldGeneratedFile, D:\STM32\Lab\09-led-dice-hex-register\Core\Inc\main.h_save
2025-09-27 22:13:06,307 [INFO] CodeEngine:289 - Generated code: D:\STM32\Lab\09-led-dice-hex-register\Core\Inc\main.h
2025-09-27 22:13:06,311 [INFO] CodeEngine:265 - oldGeneratedFile, D:\STM32\Lab\09-led-dice-hex-register\Core\Src\main.c_save
2025-09-27 22:13:06,388 [INFO] CodeEngine:289 - Generated code: D:\STM32\Lab\09-led-dice-hex-register\Core\Src\main.c
2025-09-27 22:13:06,658 [INFO] ProjectBuilder:3606 - Time for Copy HAL[1] : 129mS.
2025-09-27 22:13:06,660 [INFO] ProjectBuilder:5216 - Project Generator version: 4.7.0-B52
2025-09-27 22:13:06,723 [INFO] ConfigFileManager:1595 - The Die is : DIE415
2025-09-27 22:13:07,374 [INFO] ProjectBuilder:5496 - Time for Generating toolchain IDE Files: 714mS.
2025-09-27 22:13:07,374 [INFO] ProjectBuilder:3463 - Time for Copy CMSIS : 0mS.
2025-09-27 22:13:07,376 [INFO] ProjectBuilder:3463 - Time for Copy CMSIS : 0mS.
2025-09-27 23:20:05,309 [ERROR] ConfigurationRetriever:142 - IOException on connection: Read timed out
