2025-11-25 00:20:43,232 [INFO] Activator:176 - 


2025-11-25 00:20:43,238 [INFO] Activator:177 - !SESSION log4j initialized
2025-11-25 00:20:51,775 [INFO] LogOutputStream:77 - [STDOUT_REDIRECT] 
2025-11-25 00:20:58,616 [INFO] ApplicationProperties:184 - Using Application install path: C:\ST\STM32CubeIDE_1.19.0\STM32CubeIDE\plugins\com.st.stm32cube.common.mx_6.15.0.202507011659
2025-11-25 00:20:58,627 [INFO] DbMcusXml:78 - Set database path to: C:\ST\STM32CubeIDE_1.19.0\STM32CubeIDE\plugins\com.st.stm32cube.common.mx_6.15.0.202507011659\\db\/mcu/
2025-11-25 00:20:58,627 [INFO] ApiDb:274 - Set plugin database path to: C:\ST\STM32CubeIDE_1.19.0\STM32CubeIDE\plugins\com.st.stm32cube.common.mx_6.15.0.202507011659\\db\/plugins/boardmanager/
2025-11-25 00:20:58,627 [WARN] ApiDb:259 - Overriding images path with different value:  => C:\ST\STM32CubeIDE_1.19.0\STM32CubeIDE\plugins\com.st.stm32cube.common.mx_6.15.0.202507011659\\db\/plugins/mcufinder/images/
2025-11-25 00:20:58,643 [INFO] ApiDb:250 - Set database path to: C:\Users\user\.stmcufinder\plugins\mcufinder//mcu/
2025-11-25 00:20:58,643 [INFO] DbMcusAds:125 - Set database path to: C:\Users\user\.stmcufinder\plugins\mcufinder//mcu/
2025-11-25 00:20:58,643 [INFO] CrossReferenceDbSqlite:203 - Set database path to: C:\Users\user\.stmcufinder\plugins\mcufinder//mcu/cs/
2025-11-25 00:20:58,754 [INFO] RulesReader:64 - Compatibility file has been processed (317 Rules)
2025-11-25 00:20:58,868 [INFO] DbMcusXml:78 - Set database path to: C:\ST\STM32CubeIDE_1.19.0\STM32CubeIDE\plugins\com.st.stm32cube.common.mx_6.15.0.202507011659\\db\/mcu/
2025-11-25 00:20:58,868 [INFO] ApiDb:274 - Set plugin database path to: C:\ST\STM32CubeIDE_1.19.0\STM32CubeIDE\plugins\com.st.stm32cube.common.mx_6.15.0.202507011659\\db\/plugins/boardmanager/
2025-11-25 00:20:58,868 [INFO] ApiDb:261 - Set plugin images path to: C:\ST\STM32CubeIDE_1.19.0\STM32CubeIDE\plugins\com.st.stm32cube.common.mx_6.15.0.202507011659\\db\/plugins/mcufinder/images/
2025-11-25 00:20:58,868 [WARN] DbFile:41 - Overriding database path with different value: C:\Users\user\.stmcufinder\plugins\mcufinder/ => C:\Users\user\.stmcufinder\plugins\mcufinder
2025-11-25 00:20:58,868 [INFO] ApiDb:250 - Set database path to: C:\Users\user\.stmcufinder\plugins\mcufinder//mcu/
2025-11-25 00:20:58,868 [WARN] DbFile:41 - Overriding database path with different value: C:\Users\user\.stmcufinder\plugins\mcufinder/ => C:\Users\user\.stmcufinder\plugins\mcufinder
2025-11-25 00:20:58,868 [INFO] DbMcusAds:125 - Set database path to: C:\Users\user\.stmcufinder\plugins\mcufinder//mcu/
2025-11-25 00:20:58,868 [WARN] DbFile:41 - Overriding database path with different value: C:\Users\user\.stmcufinder\plugins\mcufinder/ => C:\Users\user\.stmcufinder\plugins\mcufinder
2025-11-25 00:20:58,868 [WARN] DbFile:41 - Overriding database path with different value: C:\Users\user\.stmcufinder\plugins\mcufinder/ => C:\Users\user\.stmcufinder\plugins\mcufinder
2025-11-25 00:20:58,868 [INFO] CrossReferenceDbSqlite:203 - Set database path to: C:\Users\user\.stmcufinder\plugins\mcufinder//mcu/cs/
2025-11-25 00:20:58,954 [INFO] MainPanel:274 - HeapMemory: 268435456
2025-11-25 00:20:59,091 [INFO] DbMcusXml:78 - Set database path to: C:\ST\STM32CubeIDE_1.19.0\STM32CubeIDE\plugins\com.st.stm32cube.common.mx_6.15.0.202507011659\\db\/mcu/
2025-11-25 00:20:59,091 [INFO] ApiDb:274 - Set plugin database path to: C:\ST\STM32CubeIDE_1.19.0\STM32CubeIDE\plugins\com.st.stm32cube.common.mx_6.15.0.202507011659\\db\/plugins/boardmanager/
2025-11-25 00:20:59,091 [INFO] ApiDb:261 - Set plugin images path to: C:\ST\STM32CubeIDE_1.19.0\STM32CubeIDE\plugins\com.st.stm32cube.common.mx_6.15.0.202507011659\\db\/plugins/mcufinder/images/
2025-11-25 00:20:59,091 [WARN] DbFile:41 - Overriding database path with different value: C:\Users\user\.stmcufinder\plugins\mcufinder/ => C:\Users\user\.stmcufinder\plugins\mcufinder
2025-11-25 00:20:59,091 [INFO] ApiDb:250 - Set database path to: C:\Users\user\.stmcufinder\plugins\mcufinder//mcu/
2025-11-25 00:20:59,091 [WARN] DbFile:41 - Overriding database path with different value: C:\Users\user\.stmcufinder\plugins\mcufinder/ => C:\Users\user\.stmcufinder\plugins\mcufinder
2025-11-25 00:20:59,091 [INFO] DbMcusAds:125 - Set database path to: C:\Users\user\.stmcufinder\plugins\mcufinder//mcu/
2025-11-25 00:20:59,091 [WARN] DbFile:41 - Overriding database path with different value: C:\Users\user\.stmcufinder\plugins\mcufinder/ => C:\Users\user\.stmcufinder\plugins\mcufinder
2025-11-25 00:20:59,091 [WARN] DbFile:41 - Overriding database path with different value: C:\Users\user\.stmcufinder\plugins\mcufinder/ => C:\Users\user\.stmcufinder\plugins\mcufinder
2025-11-25 00:20:59,091 [INFO] CrossReferenceDbSqlite:203 - Set database path to: C:\Users\user\.stmcufinder\plugins\mcufinder//mcu/cs/
2025-11-25 00:20:59,106 [INFO] ApplicationProperties:184 - Using Application install path: C:\ST\STM32CubeIDE_1.19.0\STM32CubeIDE\plugins\com.st.stm32cube.common.mx_6.15.0.202507011659
2025-11-25 00:20:59,106 [INFO] PluginManage:196 - Search for loadable plugins [exclusion list=, ]
2025-11-25 00:20:59,106 [INFO] PluginManage:310 - Check plugin analytics
2025-11-25 00:20:59,324 [INFO] AnalyticsPlugin:253 - Accepted Software Licenses: 
2025-11-25 00:20:59,324 [INFO] AnalyticsPlugin:255 - Accepted CMSIS Pack Licenses: 
2025-11-25 00:20:59,324 [INFO] AnalyticsPlugin:257 - Accepted Firmware Licenses: FW.L4.1.18.0
2025-11-25 00:20:59,324 [INFO] PluginManage:359 - Loaded plugin analytics (category:tool,tabindex:-1)
2025-11-25 00:20:59,324 [INFO] PluginManage:310 - Check plugin cadmodel
2025-11-25 00:20:59,340 [INFO] CADModel:105 - Init CAD model plugin
2025-11-25 00:20:59,340 [INFO] PluginManage:359 - Loaded plugin cadmodel (category:power,tabindex:5)
2025-11-25 00:20:59,340 [INFO] PluginManage:310 - Check plugin clock
2025-11-25 00:20:59,356 [INFO] PluginManage:359 - Loaded plugin clock (category:base,tabindex:2)
2025-11-25 00:20:59,356 [INFO] PluginManage:310 - Check plugin ddr
2025-11-25 00:20:59,356 [INFO] PluginManage:359 - Loaded plugin ddr (category:tool,tabindex:6)
2025-11-25 00:20:59,356 [INFO] PluginManage:310 - Check plugin filemanager
2025-11-25 00:20:59,501 [INFO] PluginManage:359 - Loaded plugin filemanager (category:base,tabindex:10)
2025-11-25 00:20:59,501 [INFO] PluginManage:310 - Check plugin ipmanager
2025-11-25 00:20:59,508 [INFO] PluginManage:359 - Loaded plugin ipmanager (category:base,tabindex:5)
2025-11-25 00:20:59,508 [INFO] PluginManage:310 - Check plugin lpbam
2025-11-25 00:20:59,516 [INFO] PluginManage:359 - Loaded plugin lpbam (category:base,tabindex:0)
2025-11-25 00:20:59,516 [INFO] PluginManage:310 - Check plugin memorymap
2025-11-25 00:20:59,532 [INFO] PluginManage:359 - Loaded plugin memorymap (category:base,tabindex:4)
2025-11-25 00:20:59,532 [INFO] PluginManage:310 - Check plugin pinoutandconfiguration
2025-11-25 00:20:59,543 [INFO] PluginManage:359 - Loaded plugin pinoutandconfiguration (category:base,tabindex:1)
2025-11-25 00:20:59,543 [INFO] PluginManage:310 - Check plugin pinoutconfig
2025-11-25 00:20:59,634 [WARN] SupportedApi:132 - Cannot load RTOS API schema: s4s-elt-must-match.1: The content of 'definitions' must match (annotation?, (simpleType | complexType)?, (unique | key | keyref)*)). A problem was found starting at: attribute.
2025-11-25 00:20:59,772 [INFO] PluginManage:359 - Loaded plugin pinoutconfig (category:base,tabindex:0)
2025-11-25 00:20:59,772 [INFO] PluginManage:310 - Check plugin power
2025-11-25 00:20:59,788 [INFO] PluginManage:359 - Loaded plugin power (category:power,tabindex:4)
2025-11-25 00:20:59,788 [INFO] PluginManage:310 - Check plugin projectmanager
2025-11-25 00:20:59,804 [INFO] PluginManage:359 - Loaded plugin projectmanager (category:projectmanager,tabindex:4)
2025-11-25 00:20:59,804 [INFO] PluginManage:310 - Check plugin rif
2025-11-25 00:20:59,819 [INFO] PluginManage:359 - Loaded plugin rif (category:base,tabindex:3)
2025-11-25 00:20:59,819 [INFO] PluginManage:310 - Check plugin thirdparty
2025-11-25 00:20:59,969 [WARN] IntegrityCheckThread:84 - waiting for thirdparty lock release [integrity check]
2025-11-25 00:20:59,971 [INFO] IntegrityCheckThread:86 - entering critical section [integrity check]
2025-11-25 00:20:59,971 [INFO] ThirdPartyUpdaterWithRetryManager:70 - Updater plugin not ready yet. [1/15]
2025-11-25 00:20:59,971 [INFO] PluginManage:359 - Loaded plugin thirdparty (category:base,tabindex:-1)
2025-11-25 00:20:59,971 [INFO] PluginManage:310 - Check plugin tools
2025-11-25 00:20:59,971 [INFO] PluginManage:359 - Loaded plugin tools (category:base,tabindex:7)
2025-11-25 00:20:59,971 [INFO] PluginManage:310 - Check plugin tutovideos
2025-11-25 00:21:00,235 [INFO] PluginManage:359 - Loaded plugin tutovideos (category:base,tabindex:-1)
2025-11-25 00:21:00,235 [INFO] PluginManage:310 - Check plugin updater
2025-11-25 00:21:00,250 [INFO] PluginManage:359 - Loaded plugin updater (category:base,tabindex:12)
2025-11-25 00:21:00,250 [INFO] PluginManage:310 - Check plugin userauth
2025-11-25 00:21:00,250 [INFO] UserAuth:118 - Init User Auth plugin
2025-11-25 00:21:00,250 [INFO] PluginManage:359 - Loaded plugin userauth (category:base,tabindex:14)
2025-11-25 00:21:00,250 [INFO] PluginManage:283 - PluginManage : Loaded plugins [18]
2025-11-25 00:21:00,477 [INFO] PinOutPanel:1589 - setPackage(No Configuration,No Configuration)
2025-11-25 00:21:00,561 [INFO] CADModel:165 - CPN selected for project level
2025-11-25 00:21:00,561 [INFO] CADModel:114 - Register for checkConnection events
2025-11-25 00:21:00,571 [INFO] IPUIPlugin:80 - create IPUIPlugin
2025-11-25 00:21:00,571 [INFO] PluginManager:220 - loadIPPluginJar : add adc
2025-11-25 00:21:00,571 [INFO] IPUIPlugin:80 - create IPUIPlugin
2025-11-25 00:21:00,571 [INFO] PluginManager:220 - loadIPPluginJar : add aes
2025-11-25 00:21:00,585 [INFO] IPUIPlugin:80 - create IPUIPlugin
2025-11-25 00:21:00,585 [INFO] PluginManager:220 - loadIPPluginJar : add can
2025-11-25 00:21:00,585 [INFO] IPUIPlugin:80 - create IPUIPlugin
2025-11-25 00:21:00,585 [INFO] PluginManager:220 - loadIPPluginJar : add comp
2025-11-25 00:21:00,585 [INFO] IPUIPlugin:80 - create IPUIPlugin
2025-11-25 00:21:00,585 [INFO] PluginManager:220 - loadIPPluginJar : add cryp
2025-11-25 00:21:00,585 [INFO] IPUIPlugin:80 - create IPUIPlugin
2025-11-25 00:21:00,594 [INFO] PluginManager:220 - loadIPPluginJar : add ddr_ctrl_phy
2025-11-25 00:21:00,596 [INFO] IPUIPlugin:80 - create IPUIPlugin
2025-11-25 00:21:00,596 [INFO] PluginManager:220 - loadIPPluginJar : add dfsdm
2025-11-25 00:21:00,601 [INFO] IPUIPlugin:80 - create IPUIPlugin
2025-11-25 00:21:00,601 [INFO] PluginManager:220 - loadIPPluginJar : add dma
2025-11-25 00:21:00,601 [INFO] IPUIPlugin:80 - create IPUIPlugin
2025-11-25 00:21:00,601 [INFO] PluginManager:220 - loadIPPluginJar : add dma3
2025-11-25 00:21:00,601 [INFO] IPUIPlugin:80 - create IPUIPlugin
2025-11-25 00:21:00,601 [INFO] PluginManager:220 - loadIPPluginJar : add extmemmanager
2025-11-25 00:21:00,601 [INFO] IPUIPlugin:80 - create IPUIPlugin
2025-11-25 00:21:00,601 [INFO] PluginManager:220 - loadIPPluginJar : add fatfs
2025-11-25 00:21:00,601 [INFO] IPUIPlugin:80 - create IPUIPlugin
2025-11-25 00:21:00,601 [INFO] PluginManager:220 - loadIPPluginJar : add fmc
2025-11-25 00:21:00,616 [INFO] IPUIPlugin:80 - create IPUIPlugin
2025-11-25 00:21:00,616 [INFO] PluginManager:220 - loadIPPluginJar : add freertos
2025-11-25 00:21:00,616 [INFO] IPUIPlugin:80 - create IPUIPlugin
2025-11-25 00:21:00,616 [INFO] PluginManager:220 - loadIPPluginJar : add genericplugin
2025-11-25 00:21:00,616 [INFO] IPUIPlugin:80 - create IPUIPlugin
2025-11-25 00:21:00,616 [INFO] PluginManager:220 - loadIPPluginJar : add gfxmmu
2025-11-25 00:21:00,616 [INFO] IPUIPlugin:80 - create IPUIPlugin
2025-11-25 00:21:00,616 [INFO] PluginManager:220 - loadIPPluginJar : add gic
2025-11-25 00:21:00,633 [INFO] IPUIPlugin:80 - create IPUIPlugin
2025-11-25 00:21:00,633 [INFO] PluginManager:220 - loadIPPluginJar : add gpio
2025-11-25 00:21:00,633 [INFO] IPUIPlugin:80 - create IPUIPlugin
2025-11-25 00:21:00,633 [INFO] PluginManager:220 - loadIPPluginJar : add gtzc
2025-11-25 00:21:00,633 [INFO] IPUIPlugin:80 - create IPUIPlugin
2025-11-25 00:21:00,633 [INFO] PluginManager:220 - loadIPPluginJar : add hash
2025-11-25 00:21:00,633 [INFO] IPUIPlugin:80 - create IPUIPlugin
2025-11-25 00:21:00,633 [INFO] PluginManager:220 - loadIPPluginJar : add i2c
2025-11-25 00:21:00,633 [INFO] IPUIPlugin:80 - create IPUIPlugin
2025-11-25 00:21:00,633 [INFO] PluginManager:220 - loadIPPluginJar : add i2s
2025-11-25 00:21:00,648 [INFO] IPUIPlugin:80 - create IPUIPlugin
2025-11-25 00:21:00,648 [INFO] PluginManager:220 - loadIPPluginJar : add i3c
2025-11-25 00:21:00,648 [INFO] IPUIPlugin:80 - create IPUIPlugin
2025-11-25 00:21:00,648 [INFO] PluginManager:220 - loadIPPluginJar : add ipddr
2025-11-25 00:21:00,648 [INFO] IPUIPlugin:80 - create IPUIPlugin
2025-11-25 00:21:00,648 [INFO] PluginManager:220 - loadIPPluginJar : add linkedlist
2025-11-25 00:21:00,648 [INFO] IPUIPlugin:80 - create IPUIPlugin
2025-11-25 00:21:00,648 [INFO] PluginManager:220 - loadIPPluginJar : add lorawan
2025-11-25 00:21:00,648 [INFO] IPUIPlugin:80 - create IPUIPlugin
2025-11-25 00:21:00,648 [INFO] PluginManager:220 - loadIPPluginJar : add ltdc
2025-11-25 00:21:00,664 [INFO] IPUIPlugin:80 - create IPUIPlugin
2025-11-25 00:21:00,664 [INFO] PluginManager:220 - loadIPPluginJar : add mdma
2025-11-25 00:21:00,664 [INFO] IPUIPlugin:80 - create IPUIPlugin
2025-11-25 00:21:00,664 [INFO] PluginManager:220 - loadIPPluginJar : add nvic
2025-11-25 00:21:00,664 [INFO] IPUIPlugin:80 - create IPUIPlugin
2025-11-25 00:21:00,664 [INFO] PluginManager:220 - loadIPPluginJar : add opamp
2025-11-25 00:21:00,664 [INFO] IPUIPlugin:80 - create IPUIPlugin
2025-11-25 00:21:00,664 [INFO] PluginManager:220 - loadIPPluginJar : add openamp
2025-11-25 00:21:00,680 [INFO] IPUIPlugin:80 - create IPUIPlugin
2025-11-25 00:21:00,680 [INFO] PluginManager:220 - loadIPPluginJar : add pdm2pcm
2025-11-25 00:21:00,680 [INFO] IPUIPlugin:80 - create IPUIPlugin
2025-11-25 00:21:00,680 [INFO] PluginManager:220 - loadIPPluginJar : add plateformsettings
2025-11-25 00:21:00,680 [INFO] IPUIPlugin:80 - create IPUIPlugin
2025-11-25 00:21:00,680 [INFO] PluginManager:220 - loadIPPluginJar : add quadspi
2025-11-25 00:21:00,680 [INFO] IPUIPlugin:80 - create IPUIPlugin
2025-11-25 00:21:00,680 [INFO] PluginManager:220 - loadIPPluginJar : add radio
2025-11-25 00:21:00,696 [INFO] IPUIPlugin:80 - create IPUIPlugin
2025-11-25 00:21:00,696 [INFO] PluginManager:220 - loadIPPluginJar : add resmgrutility
2025-11-25 00:21:00,696 [INFO] IPUIPlugin:80 - create IPUIPlugin
2025-11-25 00:21:00,696 [INFO] PluginManager:220 - loadIPPluginJar : add sai
2025-11-25 00:21:00,696 [INFO] IPUIPlugin:80 - create IPUIPlugin
2025-11-25 00:21:00,696 [INFO] PluginManager:220 - loadIPPluginJar : add spi
2025-11-25 00:21:00,696 [INFO] IPUIPlugin:80 - create IPUIPlugin
2025-11-25 00:21:00,696 [INFO] PluginManager:220 - loadIPPluginJar : add stm32_wpan
2025-11-25 00:21:00,712 [INFO] IPUIPlugin:80 - create IPUIPlugin
2025-11-25 00:21:00,712 [INFO] PluginManager:220 - loadIPPluginJar : add tim
2025-11-25 00:21:00,712 [INFO] IPUIPlugin:80 - create IPUIPlugin
2025-11-25 00:21:00,712 [INFO] PluginManager:220 - loadIPPluginJar : add touchsensing
2025-11-25 00:21:00,712 [INFO] IPUIPlugin:80 - create IPUIPlugin
2025-11-25 00:21:00,712 [INFO] PluginManager:220 - loadIPPluginJar : add tracer_emb
2025-11-25 00:21:00,712 [INFO] IPUIPlugin:80 - create IPUIPlugin
2025-11-25 00:21:00,712 [INFO] PluginManager:220 - loadIPPluginJar : add ts
2025-11-25 00:21:00,728 [INFO] IPUIPlugin:80 - create IPUIPlugin
2025-11-25 00:21:00,728 [INFO] PluginManager:220 - loadIPPluginJar : add tsc
2025-11-25 00:21:00,728 [INFO] IPUIPlugin:80 - create IPUIPlugin
2025-11-25 00:21:00,728 [INFO] PluginManager:220 - loadIPPluginJar : add ucpd
2025-11-25 00:21:00,728 [INFO] IPUIPlugin:80 - create IPUIPlugin
2025-11-25 00:21:00,728 [INFO] PluginManager:220 - loadIPPluginJar : add usart
2025-11-25 00:21:00,728 [INFO] IPUIPlugin:80 - create IPUIPlugin
2025-11-25 00:21:00,728 [INFO] PluginManager:220 - loadIPPluginJar : add usbx
2025-11-25 00:21:00,864 [FATAL] Updater:351 - Updater called before beeing initialized
2025-11-25 00:21:00,891 [INFO] RulesReader:64 - Compatibility file has been processed (317 Rules)
2025-11-25 00:21:00,903 [INFO] RulesReader:64 - Compatibility file has been processed (317 Rules)
2025-11-25 00:21:00,922 [INFO] CADModel:165 - CPN selected for project level
2025-11-25 00:21:00,922 [INFO] CADModel:114 - Register for checkConnection events
2025-11-25 00:21:00,922 [FATAL] Updater:351 - Updater called before beeing initialized
2025-11-25 00:21:00,922 [ERROR] CADModel:125 - Updater not yet initialized, retry later 
2025-11-25 00:21:01,086 [FATAL] Updater:351 - Updater called before beeing initialized
2025-11-25 00:21:01,092 [INFO] CADModel:165 - CPN selected for project level
2025-11-25 00:21:01,092 [INFO] CADModel:114 - Register for checkConnection events
2025-11-25 00:21:01,092 [FATAL] Updater:351 - Updater called before beeing initialized
2025-11-25 00:21:01,092 [ERROR] CADModel:125 - Updater not yet initialized, retry later 
2025-11-25 00:21:01,092 [FATAL] Updater:351 - Updater called before beeing initialized
2025-11-25 00:21:01,233 [FATAL] Updater:351 - Updater called before beeing initialized
2025-11-25 00:21:01,241 [INFO] DbMcusAds:53 - JSON generation date=Mon Nov 10 18:43:00 CST 2025 (1762771380761)
2025-11-25 00:21:01,241 [FATAL] Updater:351 - Updater called before beeing initialized
2025-11-25 00:21:01,290 [WARN] DetailPanel:346 - Failed to get advertising image, set to default
2025-11-25 00:21:01,359 [FATAL] Updater:351 - Updater called before beeing initialized
2025-11-25 00:21:01,359 [FATAL] Updater:351 - Updater called before beeing initialized
2025-11-25 00:21:01,359 [FATAL] Updater:351 - Updater called before beeing initialized
2025-11-25 00:21:01,359 [WARN] DetailPanel:346 - Failed to get advertising image, set to default
2025-11-25 00:21:01,359 [FATAL] Updater:351 - Updater called before beeing initialized
2025-11-25 00:21:01,416 [ERROR] Updater:1198 - MainUpdater not yet initialized. External WinMGr cannot be set.
2025-11-25 00:21:01,416 [INFO] Updater:1134 - Updater Version found : 6.15.0
2025-11-25 00:21:01,436 [INFO] ApplicationProperties:184 - Using Application install path: C:\ST\STM32CubeIDE_1.19.0\STM32CubeIDE\plugins\com.st.stm32cube.common.mx_6.15.0.202507011659
2025-11-25 00:21:02,986 [INFO] ThirdPartyUpdaterWithRetryManager:70 - Updater plugin not ready yet. [2/15]
2025-11-25 00:21:03,051 [ERROR] LogOutputStream:75 - [STDERR_REDIRECT] Nov 25, 2025 12:21:03 AM java.util.prefs.WindowsPreferences <init>
2025-11-25 00:21:03,051 [ERROR] LogOutputStream:75 - [STDERR_REDIRECT] WARNING: Could not open/create prefs root node Software\JavaSoft\Prefs at root 0xffffffff80000002. Windows RegCreateKeyEx(...) returned error code 5.
2025-11-25 00:21:03,051 [ERROR] LogOutputStream:75 - [STDERR_REDIRECT] 
2025-11-25 00:21:03,370 [INFO] MainUpdater:2872 - connection check result : 10
2025-11-25 00:21:03,370 [INFO] MainUpdater:289 - Updater Check For Update Now.
2025-11-25 00:21:03,370 [INFO] MicroXplorer:498 - Change Database Version : DB.6.0.150
2025-11-25 00:21:03,578 [INFO] CheckServerUpdateThread:120 - End of CheckServer Thread
2025-11-25 00:21:03,597 [INFO] MainUpdater:2872 - connection check result : 10
2025-11-25 00:21:03,597 [INFO] MainUpdater:2872 - connection check result : 10
2025-11-25 00:21:03,629 [INFO] MicroXplorer:468 - Change Database Path : 
2025-11-25 00:21:03,629 [INFO] MicroXplorer:498 - Change Database Version : DB.6.0.150
2025-11-25 00:21:03,660 [WARN] ThirdParty:871 - waiting for thirdparty lock release [close project]
2025-11-25 00:21:05,883 [INFO] McuFinderGlobals:63 - Set McuFinder mode to 2 (CubeIDE integrated)
2025-11-25 00:21:05,884 [INFO] UserAuth:171 - activating auth plugin
2025-11-25 00:21:05,886 [INFO] UserAuth:487 - Internet connection configuration mode: 1
2025-11-25 00:21:05,909 [INFO] JxBrowserEngine:152 - Initiate JxBrowser Engine with user profile folder
2025-11-25 00:21:06,215 [WARN] PackLoader:240 - Cannot read IP mode file for STMicroelectronics.FP-SNS-MOTENVWB1.1.4.0
2025-11-25 00:21:06,231 [WARN] PackLoader:240 - Cannot read IP mode file for STMicroelectronics.FP-ATR-ASTRA1.2.0.2
2025-11-25 00:21:06,242 [WARN] PackLoader:240 - Cannot read IP mode file for STMicroelectronics.X-CUBE-SMBUS.2.1.0
2025-11-25 00:21:06,246 [WARN] PackLoader:240 - Cannot read IP mode file for STMicroelectronics.X-CUBE-ST60.1.0.0
2025-11-25 00:21:06,272 [WARN] PackLoader:240 - Cannot read IP mode file for STMicroelectronics.X-CUBE-AZRTOS-F7.1.1.0
2025-11-25 00:21:06,535 [WARN] PackLoader:240 - Cannot read IP mode file for STMicroelectronics.FP-SNS-MOTENV1.5.1.0
2025-11-25 00:21:06,556 [WARN] PackLoader:240 - Cannot read IP mode file for WES.I-CUBE-Cesium.1.4.0
2025-11-25 00:21:06,574 [WARN] PackLoader:240 - Cannot read IP mode file for Infineon.AIROC-Wi-Fi-Bluetooth-STM32.1.7.1
2025-11-25 00:21:06,595 [WARN] PackLoader:240 - Cannot read IP mode file for STMicroelectronics.X-CUBE-AZRTOS-H7.3.4.0
2025-11-25 00:21:06,604 [WARN] PackLoader:240 - Cannot read IP mode file for STMicroelectronics.X-CUBE-DISPLAY.3.0.0
2025-11-25 00:21:07,205 [WARN] PackLoader:240 - Cannot read IP mode file for STMicroelectronics.X-CUBE-NFC10.1.0.0
2025-11-25 00:21:07,210 [WARN] PackLoader:240 - Cannot read IP mode file for STMicroelectronics.X-CUBE-ST60.1.1.0
2025-11-25 00:21:07,215 [WARN] PackLoader:240 - Cannot read IP mode file for emotas.I-CUBE-CANOPEN.1.3.0
2025-11-25 00:21:07,219 [WARN] PackLoader:240 - Cannot read IP mode file for STMicroelectronics.X-CUBE-GNSS1.7.1.0
2025-11-25 00:21:07,225 [WARN] PackLoader:240 - Cannot read IP mode file for STMicroelectronics.FP-SNS-STBOX1.2.1.0
2025-11-25 00:21:07,229 [WARN] PackLoader:240 - Cannot read IP mode file for STMicroelectronics.FP-SNS-SMARTAG2.1.2.0
2025-11-25 00:21:07,233 [WARN] PackLoader:240 - Cannot read IP mode file for STMicroelectronics.FP-SNS-FLIGHT1.5.1.0
2025-11-25 00:21:07,243 [INFO] LogOutputStream:77 - [STDOUT_REDIRECT] 1 : Invalid condition id : UX_CORESTACK_Condition cause : null
2025-11-25 00:21:07,244 [INFO] LogOutputStream:77 - [STDOUT_REDIRECT] 1 : Invalid condition id : UX_CORESTACK_Condition cause : null
2025-11-25 00:21:07,245 [INFO] LogOutputStream:77 - [STDOUT_REDIRECT] 1 : Invalid condition id : UX_CORESTACK_Condition cause : null
2025-11-25 00:21:07,246 [INFO] LogOutputStream:77 - [STDOUT_REDIRECT] 1 : Invalid condition id : UX_CORESTACK_Condition cause : null
2025-11-25 00:21:07,247 [INFO] LogOutputStream:77 - [STDOUT_REDIRECT] 1 : Invalid condition id : UX_CORESTACK_Condition cause : null
2025-11-25 00:21:07,248 [WARN] PackLoader:240 - Cannot read IP mode file for STMicroelectronics.X-CUBE-AZRTOS-WL.2.0.0
2025-11-25 00:21:07,252 [WARN] PackLoader:240 - Cannot read IP mode file for STMicroelectronics.FP-SNS-MOTENV1.5.0.0
2025-11-25 00:21:07,266 [WARN] PackLoader:240 - Cannot read IP mode file for STMicroelectronics.X-CUBE-AZRTOS-H7RS.1.2.0
2025-11-25 00:21:07,273 [WARN] PackLoader:240 - Cannot read IP mode file for STMicroelectronics.X-CUBE-BLE2.3.3.0
2025-11-25 00:21:07,293 [WARN] PackLoader:240 - Cannot read IP mode file for STMicroelectronics.X-CUBE-NFC9.1.0.0
2025-11-25 00:21:07,298 [WARN] PackLoader:240 - Cannot read IP mode file for wolfSSL.I-CUBE-wolfSSL.5.8.2
2025-11-25 00:21:07,302 [WARN] PackLoader:240 - Cannot read IP mode file for STMicroelectronics.X-CUBE-BLE1.7.1.0
2025-11-25 00:21:07,305 [WARN] PackLoader:240 - Cannot read IP mode file for wolfSSL.I-CUBE-wolfMQTT.1.19.2
2025-11-25 00:21:07,311 [WARN] PackLoader:240 - Cannot read IP mode file for STMicroelectronics.X-CUBE-FREERTOS.1.4.0
2025-11-25 00:21:07,315 [WARN] PackLoader:240 - Cannot read IP mode file for STMicroelectronics.X-CUBE-EEPRMA1.5.2.0
2025-11-25 00:21:07,322 [WARN] PackLoader:240 - Cannot read IP mode file for STMicroelectronics.X-CUBE-ST67W61.1.1.0
2025-11-25 00:21:07,338 [WARN] PackLoader:240 - Cannot read IP mode file for STMicroelectronics.X-CUBE-AZRTOS-G0.1.1.0
2025-11-25 00:21:07,350 [WARN] PackLoader:240 - Cannot read IP mode file for STMicroelectronics.X-CUBE-SAFEA1.1.2.2
2025-11-25 00:21:07,401 [WARN] PackLoader:240 - Cannot read IP mode file for STMicroelectronics.X-CUBE-NFC4.3.0.0
2025-11-25 00:21:07,414 [WARN] PackLoader:240 - Cannot read IP mode file for EmbeddedOffice.I-CUBE-FS-RTOS.1.0.1
2025-11-25 00:21:07,426 [WARN] PackLoader:240 - Cannot read IP mode file for STMicroelectronics.X-CUBE-WB05N.2.0.0
2025-11-25 00:21:07,442 [WARN] PackLoader:240 - Cannot read IP mode file for wolfSSL.I-CUBE-wolfTPM.3.8.0
2025-11-25 00:21:07,451 [WARN] PackLoader:240 - Cannot read IP mode file for STMicroelectronics.X-CUBE-TCPP.4.2.0
2025-11-25 00:21:07,461 [WARN] PackLoader:240 - Cannot read IP mode file for RealThread.X-CUBE-RT-Thread_Nano.4.1.1
2025-11-25 00:21:07,476 [WARN] PackLoader:240 - Cannot read IP mode file for STMicroelectronics.FP-ATR-SIGFOX1.3.2.0
2025-11-25 00:21:07,488 [WARN] PackLoader:240 - Cannot read IP mode file for ITTIA_DB.I-CUBE-ITTIADB.8.9.0
2025-11-25 00:21:07,510 [WARN] PackLoader:240 - Cannot read IP mode file for STMicroelectronics.X-CUBE-ST67W61.1.0.0
2025-11-25 00:21:07,532 [WARN] PackLoader:240 - Cannot read IP mode file for STMicroelectronics.X-CUBE-AI.10.2.0
2025-11-25 00:21:07,558 [WARN] PackLoader:240 - Cannot read IP mode file for SEGGER.I-CUBE-embOS.1.3.1
2025-11-25 00:21:07,608 [WARN] PackLoader:240 - Cannot read IP mode file for STMicroelectronics.X-CUBE-ALGOBUILD.1.4.0
2025-11-25 00:21:07,651 [WARN] PackLoader:240 - Cannot read IP mode file for STMicroelectronics.X-CUBE-MEMS1.11.3.0
2025-11-25 00:21:07,723 [WARN] PackLoader:240 - Cannot read IP mode file for STMicroelectronics.X-CUBE-PM33A1.1.0.0
2025-11-25 00:21:07,740 [WARN] PackLoader:240 - Cannot read IP mode file for STMicroelectronics.X-CUBE-AZRTOS-F4.1.1.0
2025-11-25 00:21:07,744 [WARN] PackLoader:240 - Cannot read IP mode file for Avnet-IotConnect.X-CUBE-IoTC-DA16k-PMOD.1.0.0
2025-11-25 00:21:07,752 [WARN] PackLoader:240 - Cannot read IP mode file for STMicroelectronics.X-CUBE-ISPU.2.1.0
2025-11-25 00:21:07,766 [WARN] PackLoader:240 - Cannot read IP mode file for STMicroelectronics.X-CUBE-IPS.3.2.0
2025-11-25 00:21:07,779 [WARN] PackLoader:240 - Cannot read IP mode file for STMicroelectronics.X-CUBE-NFC12.1.0.0
2025-11-25 00:21:07,791 [WARN] PackLoader:240 - Cannot read IP mode file for STMicroelectronics.X-CUBE-AZRTOS-L5.2.0.0
2025-11-25 00:21:07,802 [WARN] PackLoader:240 - Cannot read IP mode file for STMicroelectronics.X-CUBE-NFC6.3.1.0
2025-11-25 00:21:07,808 [WARN] PackLoader:240 - Cannot read IP mode file for STMicroelectronics.X-CUBE-FREERTOS.1.3.1
2025-11-25 00:21:07,820 [WARN] PackLoader:240 - Cannot read IP mode file for STMicroelectronics.X-CUBE-TOUCHGFX.4.26.0
2025-11-25 00:21:07,828 [WARN] PackLoader:240 - Cannot read IP mode file for STMicroelectronics.FP-SNS-STAIOTCFT.1.0.0
2025-11-25 00:21:07,847 [WARN] PackLoader:240 - Cannot read IP mode file for STMicroelectronics.X-CUBE-DPower.1.3.0
2025-11-25 00:21:07,874 [WARN] ConditionMgr:438 - getConditionDescription Invalid condition id : LAN8742 Phy interface Condition cause : null
2025-11-25 00:21:07,874 [WARN] PackLoader:240 - Cannot read IP mode file for STMicroelectronics.X-CUBE-AZRTOS-L4.2.0.0
2025-11-25 00:21:07,875 [WARN] ConditionMgr:1044 - genDependencies : Invalid condition id : LAN8742 Phy interface Condition cause : null
2025-11-25 00:21:07,875 [WARN] ConditionMgr:1044 - genDependencies : Invalid condition id : LAN8742 Phy interface Condition cause : null
2025-11-25 00:21:07,875 [WARN] ConditionMgr:1044 - genDependencies : Invalid condition id : LAN8742 Phy interface Condition cause : null
2025-11-25 00:21:07,890 [WARN] PackLoader:240 - Cannot read IP mode file for STMicroelectronics.X-CUBE-SFXS2LP1.4.0.0
2025-11-25 00:21:07,912 [WARN] PackLoader:240 - Cannot read IP mode file for STMicroelectronics.X-CUBE-BLEMGR.4.1.0
2025-11-25 00:21:07,923 [WARN] ConditionMgr:438 - getConditionDescription Invalid condition id : UX DEVICE CLASS RTOS Condition cause : null
2025-11-25 00:21:07,924 [WARN] ConditionMgr:438 - getConditionDescription Invalid condition id : UX DEVICE CLASS RTOS Condition cause : null
2025-11-25 00:21:07,926 [WARN] PackLoader:240 - Cannot read IP mode file for STMicroelectronics.X-CUBE-AZRTOS-WB.2.0.0
2025-11-25 00:21:07,926 [WARN] ConditionMgr:1044 - genDependencies : Invalid condition id : UX DEVICE CLASS RTOS Condition cause : null
2025-11-25 00:21:07,926 [WARN] ConditionMgr:1044 - genDependencies : Invalid condition id : UX DEVICE CLASS RTOS Condition cause : null
2025-11-25 00:21:07,926 [WARN] ConditionMgr:1044 - genDependencies : Invalid condition id : UX DEVICE CLASS RTOS Condition cause : null
2025-11-25 00:21:07,926 [WARN] ConditionMgr:1044 - genDependencies : Invalid condition id : UX DEVICE CLASS RTOS Condition cause : null
2025-11-25 00:21:07,926 [WARN] ConditionMgr:1044 - genDependencies : Invalid condition id : UX DEVICE CLASS RTOS Condition cause : null
2025-11-25 00:21:07,932 [WARN] PackLoader:240 - Cannot read IP mode file for STMicroelectronics.X-CUBE-GNSS1.7.0.1
2025-11-25 00:21:07,940 [WARN] PackLoader:240 - Cannot read IP mode file for STMicroelectronics.X-CUBE-TOUCHGFX.4.25.0
2025-11-25 00:21:07,944 [WARN] ConditionMgr:438 - getConditionDescription Invalid condition id : Cortex-A Device cause : null
2025-11-25 00:21:07,951 [WARN] ConditionMgr:1044 - genDependencies : Invalid condition id : Cortex-A Device cause : null
2025-11-25 00:21:07,952 [WARN] ConditionMgr:1044 - genDependencies : Invalid condition id : Cortex-A Device cause : null
2025-11-25 00:21:07,952 [WARN] ConditionMgr:1044 - genDependencies : Invalid condition id : Cortex-A Device cause : null
2025-11-25 00:21:07,960 [WARN] PackLoader:240 - Cannot read IP mode file for STMicroelectronics.X-CUBE-SUBG2.5.0.0
2025-11-25 00:21:07,972 [WARN] PackLoader:240 - Cannot read IP mode file for STMicroelectronics.X-CUBE-AZRTOS-H7RS.1.1.0
2025-11-25 00:21:07,979 [WARN] PackLoader:240 - Cannot read IP mode file for Cesanta.I-CUBE-Mongoose.7.13.0
2025-11-25 00:21:07,987 [WARN] PackLoader:240 - Cannot read IP mode file for STMicroelectronics.X-CUBE-AZRTOS-G4.2.0.0
2025-11-25 00:21:07,991 [WARN] PackLoader:240 - Cannot read IP mode file for wolfSSL.I-CUBE-wolfSSH.1.4.20
2025-11-25 00:21:07,994 [WARN] PackLoader:240 - Cannot read IP mode file for STMicroelectronics.X-CUBE-NFC7.2.0.0
2025-11-25 00:21:08,000 [WARN] PackLoader:240 - Cannot read IP mode file for STMicroelectronics.X-CUBE-IPS.3.1.0
2025-11-25 00:21:08,006 [WARN] PackLoader:240 - Cannot read IP mode file for STMicroelectronics.X-CUBE-ALS.1.0.2
2025-11-25 00:21:08,011 [WARN] PackLoader:240 - Cannot read IP mode file for STMicroelectronics.X-CUBE-STSE01.1.0.0
2025-11-25 00:21:08,025 [WARN] PackLoader:240 - Cannot read IP mode file for STMicroelectronics.X-CUBE-TOF1.3.4.3
2025-11-25 00:21:08,034 [INFO] ThirdParty:978 - Integrity check success = true
2025-11-25 00:21:08,034 [INFO] IntegrityCheckThread:100 - exiting critical section [integrity check]
2025-11-25 00:21:08,034 [INFO] IntegrityCheckThread:103 - End integrity checks thread
2025-11-25 00:21:08,034 [INFO] ThirdParty:873 - entering critical section [close project]
2025-11-25 00:21:08,036 [INFO] ThirdParty:883 - exiting critical section [close project]
2025-11-25 00:21:08,042 [INFO] PinOutPanel:1589 - setPackage(No Configuration,No Configuration)
2025-11-25 00:21:08,044 [INFO] UtilMem:75 - Begin LoadConfig() Used Memory: 175313168 Bytes (290455552)
2025-11-25 00:21:08,045 [INFO] MicroXplorer:468 - Change Database Path : 
2025-11-25 00:21:08,046 [INFO] MicroXplorer:498 - Change Database Version : DB.6.0.150
2025-11-25 00:21:08,046 [INFO] OpenFileManager:355 - Change cursor
2025-11-25 00:21:08,103 [INFO] Mcu:2029 - Initializing MCU STM32L476R(C-E-G)Tx STM32L476RGTx STM32L476RGT3
2025-11-25 00:21:08,525 [INFO] WebApp:169 - Instantiating new browser for Auth
2025-11-25 00:21:09,977 [INFO] WebApp:463 - Apply proxy settings
2025-11-25 00:21:09,977 [INFO] WebApp:548 - Chromium requires no authentication
2025-11-25 00:21:10,021 [INFO] WebApp:491 - Direct internet connection detected
2025-11-25 00:21:10,121 [INFO] WebApp:900 - Register for checkConnection events
2025-11-25 00:21:10,121 [INFO] WebApp:463 - Apply proxy settings
2025-11-25 00:21:10,121 [INFO] WebApp:548 - Chromium requires no authentication
2025-11-25 00:21:10,121 [INFO] WebApp:491 - Direct internet connection detected
2025-11-25 00:21:10,394 [INFO] WebApp:191 - Connection restablished
2025-11-25 00:21:10,474 [INFO] Context:786 - Trying to add GPIOservice into a context  which must be forbidden
2025-11-25 00:21:11,109 [INFO] ImportTextPane:234 - (OptionalMessage_ERROR) Pin11 (VP_RIF_VS_RIF1) cannot be retrieved for this MCU
2025-11-25 00:21:11,273 [INFO] RtosManager:558 - Registered RTOS mode: class=CMSIS, group=RTOS, mode=CMSIS_V1, owner=FREERTOS
2025-11-25 00:21:11,273 [INFO] RtosManager:558 - Registered RTOS mode: class=CMSIS, group=RTOS2, mode=CMSIS_V2, owner=FREERTOS
2025-11-25 00:21:11,273 [INFO] RtosManager:558 - Registered RTOS mode: class=RTOS, group=Core, mode=CMSIS_V1, owner=FREERTOS
2025-11-25 00:21:11,273 [INFO] RtosManager:558 - Registered RTOS mode: class=RTOS, group=Core, mode=CMSIS_V2, owner=FREERTOS
2025-11-25 00:21:11,273 [WARN] ModelIntegratedComponent:184 - Missing modes for component STMicroelectronics:FreeRTOS:0.0.1:STMicroelectronics:RTOS:FreeRTOS:Core:::10.2.0:
2025-11-25 00:21:11,286 [INFO] WebApp:225 - Starting web application
2025-11-25 00:21:11,286 [INFO] WebApp:593 - Web application path used C:\ST\STM32CubeIDE_1.19.0\STM32CubeIDE\plugins\com.st.stm32cube.common.mx_6.15.0.202507011659\db\plugins\mcufinder\reactClient1\index.html
2025-11-25 00:21:11,298 [WARN] ModelIntegratedComponent:63 - No mode defined for component null
2025-11-25 00:21:11,298 [WARN] ModelIntegratedComponent:63 - No mode defined for component null
2025-11-25 00:21:11,298 [WARN] ModelIntegratedComponent:63 - No mode defined for component null
2025-11-25 00:21:11,298 [WARN] ModelIntegratedComponent:63 - No mode defined for component null
2025-11-25 00:21:11,298 [WARN] ModelIntegratedComponent:63 - No mode defined for component null
2025-11-25 00:21:11,298 [WARN] ModelIntegratedComponent:63 - No mode defined for component null
2025-11-25 00:21:11,298 [WARN] ModelIntegratedComponent:63 - No mode defined for component null
2025-11-25 00:21:11,298 [WARN] ModelIntegratedComponent:63 - No mode defined for component null
2025-11-25 00:21:11,298 [WARN] ModelIntegratedComponent:63 - No mode defined for component null
2025-11-25 00:21:11,298 [WARN] ModelIntegratedComponent:63 - No mode defined for component null
2025-11-25 00:21:11,298 [WARN] ModelIntegratedComponent:63 - No mode defined for component null
2025-11-25 00:21:11,298 [WARN] ModelIntegratedComponent:63 - No mode defined for component null
2025-11-25 00:21:11,298 [WARN] ModelIntegratedComponent:63 - No mode defined for component null
2025-11-25 00:21:11,298 [WARN] ModelIntegratedComponent:63 - No mode defined for component null
2025-11-25 00:21:11,298 [WARN] ModelIntegratedComponent:63 - No mode defined for component null
2025-11-25 00:21:11,299 [WARN] ModelIntegratedComponent:63 - No mode defined for component null
2025-11-25 00:21:11,299 [WARN] ModelIntegratedComponent:63 - No mode defined for component null
2025-11-25 00:21:11,299 [WARN] ModelIntegratedComponent:63 - No mode defined for component null
2025-11-25 00:21:11,299 [WARN] ModelIntegratedComponent:63 - No mode defined for component null
2025-11-25 00:21:11,299 [WARN] ModelIntegratedComponent:63 - No mode defined for component null
2025-11-25 00:21:11,299 [WARN] ModelIntegratedComponent:63 - No mode defined for component null
2025-11-25 00:21:11,299 [WARN] ModelIntegratedComponent:63 - No mode defined for component null
2025-11-25 00:21:11,299 [WARN] ModelIntegratedComponent:63 - No mode defined for component null
2025-11-25 00:21:11,299 [WARN] ModelIntegratedComponent:63 - No mode defined for component null
2025-11-25 00:21:11,299 [WARN] ModelIntegratedComponent:63 - No mode defined for component null
2025-11-25 00:21:11,299 [WARN] ModelIntegratedComponent:63 - No mode defined for component null
2025-11-25 00:21:11,299 [WARN] ModelIntegratedComponent:63 - No mode defined for component null
2025-11-25 00:21:11,299 [WARN] ModelIntegratedComponent:63 - No mode defined for component null
2025-11-25 00:21:11,299 [WARN] ModelIntegratedComponent:63 - No mode defined for component null
2025-11-25 00:21:11,299 [WARN] ModelIntegratedComponent:63 - No mode defined for component null
2025-11-25 00:21:11,299 [WARN] ModelIntegratedComponent:63 - No mode defined for component null
2025-11-25 00:21:11,299 [WARN] ModelIntegratedComponent:63 - No mode defined for component null
2025-11-25 00:21:11,299 [WARN] ModelIntegratedComponent:63 - No mode defined for component null
2025-11-25 00:21:11,299 [WARN] ModelIntegratedComponent:63 - No mode defined for component null
2025-11-25 00:21:11,300 [WARN] ModelIntegratedComponent:63 - No mode defined for component null
2025-11-25 00:21:11,300 [WARN] ModelPack:524 - Component already loaded: STMicroelectronics:HAL Drivers:0.0.0:STMicroelectronics:Device:STMicro_Driver:XSPI:HAL::0.0.1:HAL_XSPI
2025-11-25 00:21:11,396 [INFO] ThirdPartyModel:298 - Start build external matchings
2025-11-25 00:21:11,924 [INFO] ThirdPartyModel:316 - End build external matchings
2025-11-25 00:21:12,382 [INFO] ApiDb:581 - Connected to CubeFinder SQLite database (C:\Users\user\.stmcufinder\plugins\mcufinder\mcu\cube-finder-db.db)
2025-11-25 00:21:12,563 [INFO] ApiDb:668 - CubeFinder database Data Model version=2.1
2025-11-25 00:21:12,563 [INFO] ApiDb:669 - CubeFinder database Configuration version=3.0.39
2025-11-25 00:21:12,564 [INFO] ApiDb:670 - CubeFinder database generation date=2025-11-05 (1762334721)
2025-11-25 00:21:12,564 [INFO] ApiDb:671 - CubeFinder database FW Pack versions=[FP-ATR-ASTRA1_V2.0.0, FP-SNS-FLIGHT1_V5.1.0, FP-SNS-MOTENV1_V5.1.0, FP-SNS-MOTENVWB1_V1.4.0, FP-SNS-SMARTAG2_V1.2.0, FP-SNS-STBOX1_V2.1.0, STM32Cube_FW_C0_V1.4.0, STM32Cube_FW_F4_V1.28.3, STM32Cube_FW_F7_V1.17.4, STM32Cube_FW_G0_V1.6.2, STM32Cube_FW_G4_V1.6.1, STM32Cube_FW_H5_V1.5.1, STM32Cube_FW_H7RS_V1.3.0, STM32Cube_FW_H7_V1.12.1, STM32Cube_FW_L0_V1.12.2, STM32Cube_FW_L4_V1.18.1, STM32Cube_FW_L5_V1.6.0, STM32Cube_FW_N6_V1.3.0, STM32Cube_FW_U0_V1.3.0, STM32Cube_FW_U3_V1.2.1, STM32Cube_FW_U5_V1.8.0, STM32Cube_FW_WB0_V1.4.0, STM32Cube_FW_WBA_V1.8.0, STM32Cube_FW_WB_V1.24.0, STM32Cube_FW_WL3_V1.3.0, STM32Cube_FW_WL_V1.4.0, X-CUBE-ALGOBUILD_V1.4.0, X-CUBE-ALS_V1.0.2, X-CUBE-AZRTOS-F4_V1.1.0, X-CUBE-AZRTOS-F7_V1.1.0, X-CUBE-AZRTOS-G0_V1.1.0, X-CUBE-AZRTOS-G4_V2.0.0, X-CUBE-AZRTOS-H7RS_V1.1.0, X-CUBE-AZRTOS-H7_V3.4.0, X-CUBE-AZRTOS-L4_V2.0.0, X-CUBE-AZRTOS-L5_V2.0.0, X-CUBE-AZRTOS-WB_V2.0.0, X-CUBE-AZRTOS-WL_V2.0.0, X-CUBE-BLE1_V7.1.0, X-CUBE-BLE2_V3.3.0, X-CUBE-BLEMGR_V4.1.0, X-CUBE-EEPRMA1_V5.2.0, X-CUBE-FREERTOS_V1.3.1, X-CUBE-GNSS1_V6.0.0, X-CUBE-MEMS1_V11.3.0, X-CUBE-NFC4_V3.0.0, X-CUBE-NFC7_V2.0.0, X-CUBE-SFXS2LP1_V4.0.0, X-CUBE-ST67W61_V1.1.0, X-CUBE-SUBG2_V5.0.0, X-CUBE-TOF1_V3.4.3]
2025-11-25 00:21:12,749 [INFO] DbBoardsSqlite:226 - include board P-NUCLEO-WB55-NUCLEO as a kit item of type 'Nucleo-64'
2025-11-25 00:21:12,750 [INFO] DbBoardsSqlite:226 - include board P-NUCLEO-WB55-USBDONGLE as a kit item of type 'Nucleo USB Dongle'
2025-11-25 00:21:12,751 [INFO] DbBoardsSqlite:226 - include board STEVAL-IDP005V1 as a kit item of type 'Evaluation Board'
2025-11-25 00:21:12,752 [INFO] DbBoardsSqlite:226 - include board STEVAL-IDP005V2 as a kit item of type 'Evaluation Board'
2025-11-25 00:21:14,398 [INFO] ApiDb:240 - Found 880 in-development CPN: [B-G473E-ZEST1S, B-WB1M-WPAN1, B-WBA5M-WPAN, B-WL5M-SUBG1, NUCLEO-C031C6, NUCLEO-C051C8, NUCLEO-C071RB, NUCLEO-C092RC, NUCLEO-H503RB, NUCLEO-H533RE, NUCLEO-H563ZI, NUCLEO-H7S3L8, NUCLEO-N657X0-Q, NUCLEO-U031R8, NUCLEO-U083RC, NUCLEO-U385RG-Q, NUCLEO-U545RE-Q, NUCLEO-U5A5ZJ-Q, NUCLEO-WB05KZ, NUCLEO-WB07CC, NUCLEO-WB09KE, NUCLEO-WBA52CG, NUCLEO-WBA55CG, NUCLEO-WL33CC1, NUCLEO-WL33CC2, STEVAL-PROTEUS1, STEVAL-SMARTAG2, STEVAL-STWINBX1, STM320518-EVAL, STM32C0116-DK, STM32C011D6Y3TR, STM32C011D6Y6TR, STM32C011F4P3, STM32C011F4P6, STM32C011F4U3, STM32C011F4U6TR, STM32C011F6P3, STM32C011F6P6, STM32C011F6U3, STM32C011F6U6TR, STM32C011J4M3, STM32C011J4M6, STM32C011J6M3, STM32C011J6M6, STM32C0316-DK, STM32C031C4T3, STM32C031C4T6, STM32C031C4U3, STM32C031C4U6, STM32C031C6T3, STM32C031C6T6, STM32C031C6U3, STM32C031C6U6, STM32C031F4P3, STM32C031F4P6, STM32C031F6P3, STM32C031F6P6, STM32C031G4U3, STM32C031G4U6, STM32C031G6U3, STM32C031G6U6, STM32C031K4T3, STM32C031K4T6, STM32C031K4U3, STM32C031K4U6, STM32C031K6T3, STM32C031K6T6, STM32C031K6U3, STM32C031K6U6, STM32C051C6T6, STM32C051C6U6, STM32C051C8T6, STM32C051C8U6, STM32C051D8Y6TR, STM32C051F6P6, STM32C051F8P6, STM32C051G6U6, STM32C051G8U6, STM32C051K6T6, STM32C051K6U6, STM32C051K8T6, STM32C071C8T6, STM32C071C8T6N, STM32C071C8U6, STM32C071C8U6N, STM32C071CBT6, STM32C071CBT6N, STM32C071CBU6, STM32C071CBU6N, STM32C071F8P6, STM32C071F8P6N, STM32C071FBP6, STM32C071FBP6N, STM32C071FBY6TR, STM32C071G8U6, STM32C071G8U6N, STM32C071GBU6, STM32C071GBU6N, STM32C071K8T6, STM32C071K8T6N, STM32C071K8U6, STM32C071K8U6N, STM32C071KBT6, STM32C071KBT6N, STM32C071KBU6, STM32C071KBU6N, STM32C071R8T6, STM32C071R8T6N, STM32C071RBI6N, STM32C071RBT6, STM32C071RBT6N, STM32C091CBT6, STM32C091CBU6, STM32C091CCT6, STM32C091CCU6, STM32C091ECY6TR, STM32C091FBP6, STM32C091FCP6, STM32C091GBU6, STM32C091GCU6, STM32C091KBT6, STM32C091KBU6, STM32C091KCT6, STM32C091KCU6, STM32C091RBT6, STM32C091RCI6, STM32C091RCT6, STM32C092CBT6, STM32C092CBU6, STM32C092CCT6, STM32C092CCU6, STM32C092ECY6TR, STM32C092FBP6, STM32C092FCP6, STM32C092GBU6, STM32C092GCU6, STM32C092KBT6, STM32C092KBU6, STM32C092KCT6, STM32C092KCU6, STM32C092RBT6, STM32C092RCI6, STM32C092RCT6, STM32G071K8TXN, STM32G071K8UXN, STM32G081GBU6N, STM32G081KBT6N, STM32G081KBUXN, STM32G0B1CCT6N, STM32G0B1KCT6, STM32G0B1NEY6TR, STM32G0B1RCT6N, STM32G0C1CCT6, STM32G0C1CCT6N, STM32G0C1CCU6N, STM32G0C1CET6N, STM32G0C1CEU6N, STM32G0C1KCT6, STM32G0C1NEY6TR, STM32G0C1RCI6N, STM32G0C1RCT6N, STM32G0C1REI6N, STM32G0C1RET6N, STM32G0C1VCI6, STM32G0C1VEI6, STM32G411C6T3, STM32G411C6T6, STM32G411C6U3, STM32G411C6U6, STM32G411C8T3, STM32G411C8T6, STM32G411C8U3, STM32G411C8U6, STM32G411CBT3, STM32G411CBT6, STM32G411CBU3, STM32G411CBU6, STM32G411K6T3, STM32G411K6T6, STM32G411K6U3, STM32G411K6U6, STM32G411K8T3, STM32G411K8T6, STM32G411K8U3, STM32G411K8U6, STM32G411KBT3, STM32G411KBT6, STM32G411KBU3, STM32G411KBU6, STM32G411M6T3, STM32G411M6T6, STM32G411M8T3, STM32G411M8T6, STM32G411MBT3, STM32G411MBT6, STM32G411R6T3, STM32G411R6T6, STM32G411R8T3, STM32G411R8T6, STM32G411RBT3, STM32G411RBT6, STM32G414CBT3, STM32G414CBT6, STM32G414CBU3, STM32G414CBU6, STM32G414CCT3, STM32G414CCT6, STM32G414CCU3, STM32G414CCU6, STM32G414MBT3, STM32G414MBT6, STM32G414MCT3, STM32G414MCT6, STM32G414RBT3, STM32G414RBT6, STM32G414RCT3, STM32G414RCT6, STM32G414VBT3, STM32G414VBT6, STM32G414VCT3, STM32G414VCT6, STM32G431CBT3Z, STM32G431RBT3Z, STM32G471CCT6, STM32G471CCU6, STM32G471CET3, STM32G471CET6, STM32G471CEU3, STM32G471CEU6, STM32G471MCT6, STM32G471MET3, STM32G471MET6, STM32G471MEY6TR, STM32G471QCT6, STM32G471QET3, STM32G471RCT6, STM32G471RET3, STM32G471RET6, STM32G471VCH6, STM32G471VCI6, STM32G471VCT6, STM32G471VEH3, STM32G471VEH6, STM32G471VEI3, STM32G471VEI6, STM32G471VET3, STM32G471VET6, STM32G473QET3Z, STM32G473RET3Z, STM32G474CCT6, STM32G491RET3Z, STM32H503CBT6, STM32H503CBU6, STM32H503EBY6TR, STM32H503KBU6, STM32H503RBT6, STM32H523CCT6, STM32H523CCU6, STM32H523CET6, STM32H523CEU6, STM32H523HEY6TR, STM32H523RCT6, STM32H523RET6, STM32H523VCI6, STM32H523VCT6, STM32H523VEI6, STM32H523VET6, STM32H523ZCJ6, STM32H523ZCT6, STM32H523ZEJ6, STM32H523ZET6, STM32H533CET6, STM32H533CEU6, STM32H533HEY6TR, STM32H533RET6, STM32H533VEI6, STM32H533VET6, STM32H533ZEJ6, STM32H533ZET6, STM32H562AGI6, STM32H562AII6, STM32H562IGK6, STM32H562IGT6, STM32H562IIK6, STM32H562IIT6, STM32H562RGT6, STM32H562RGV6, STM32H562RIT6, STM32H562RIV6, STM32H562VGT6, STM32H562VIT6, STM32H562ZGT6, STM32H562ZIT6, STM32H563AGI6, STM32H563AII3Q, STM32H563AII6, STM32H563IGK6, STM32H563IGT6, STM32H563IIK3Q, STM32H563IIK6, STM32H563IIT3Q, STM32H563IIT6, STM32H563MIY3QTR, STM32H563RGT6, STM32H563RGV6, STM32H563RIT6, STM32H563RIV6, STM32H563VGT6, STM32H563VIT3Q, STM32H563VIT6, STM32H563ZGT6, STM32H563ZIT3Q, STM32H563ZIT6, STM32H573AII3Q, STM32H573AII6, STM32H573I-DK, STM32H573IIK3Q, STM32H573IIK6, STM32H573IIT3Q, STM32H573IIT6, STM32H573MIY3QTR, STM32H573RIT6, STM32H573RIV6, STM32H573VIT3Q, STM32H573VIT6, STM32H573ZIT3Q, STM32H573ZIT6, STM32H7R3A8I6, STM32H7R3I8K6, STM32H7R3I8T6, STM32H7R3L8H6, STM32H7R3L8H6H, STM32H7R3R8V6, STM32H7R3V8H6, STM32H7R3V8T6, STM32H7R3V8Y6TR, STM32H7R3Z8J6, STM32H7R3Z8T6, STM32H7R7A8I6, STM32H7R7I8K6, STM32H7R7I8T6, STM32H7R7L8H6, STM32H7R7L8H6H, STM32H7R7Z8J6, STM32H7S3A8I6, STM32H7S3I8K6, STM32H7S3I8T6, STM32H7S3L8H6, STM32H7S3L8H6H, STM32H7S3R8V6, STM32H7S3V8H6, STM32H7S3V8T6, STM32H7S3V8Y6TR, STM32H7S3Z8J6, STM32H7S3Z8T6, STM32H7S78-DK, STM32H7S7A8I6, STM32H7S7I8K6, STM32H7S7I8T6, STM32H7S7L8H6, STM32H7S7L8H6H, STM32H7S7Z8J6, STM32L4R5QGI6STR, STM32MP131AAE3, STM32MP131AAF3, STM32MP131AAG3, STM32MP131CAE3, STM32MP131CAF3, STM32MP131CAG3, STM32MP131DAE7, STM32MP131DAF7, STM32MP131DAG7, STM32MP131FAE7, STM32MP131FAF7, STM32MP131FAG7, STM32MP133AAE3, STM32MP133AAF3, STM32MP133AAG3, STM32MP133CAE3, STM32MP133CAF3, STM32MP133CAG3, STM32MP133DAE7, STM32MP133DAF7, STM32MP133DAG7, STM32MP133FAE7, STM32MP133FAF7, STM32MP133FAG7, STM32MP135AAE3, STM32MP135AAF3, STM32MP135AAG3, STM32MP135CAE3, STM32MP135CAF3, STM32MP135CAG3, STM32MP135DAE7, STM32MP135DAF7, STM32MP135DAG7, STM32MP135F-DK, STM32MP135FAE7, STM32MP135FAF7, STM32MP135FAF7T, STM32MP135FAF7U, STM32MP135FAG7, STM32MP211AAL3, STM32MP211AAM3, STM32MP211AAN3, STM32MP211AAO3, STM32MP211CAL3, STM32MP211CAM3, STM32MP211CAN3, STM32MP211CAO3, STM32MP211DAL3, STM32MP211DAM3, STM32MP211DAN3, STM32MP211DAO3, STM32MP211FAL3, STM32MP211FAM3, STM32MP211FAN3, STM32MP211FAO3, STM32MP213AAL3, STM32MP213AAM3, STM32MP213AAN3, STM32MP213AAO3, STM32MP213CAL3, STM32MP213CAM3, STM32MP213CAN3, STM32MP213CAO3, STM32MP213DAL3, STM32MP213DAM3, STM32MP213DAN3, STM32MP213DAO3, STM32MP213FAL3, STM32MP213FAM3, STM32MP213FAN3, STM32MP213FAO3, STM32MP215AAL3, STM32MP215AAM3, STM32MP215AAN3, STM32MP215AAO3, STM32MP215CAL3, STM32MP215CAM3, STM32MP215CAN3, STM32MP215CAO3, STM32MP215DAL3, STM32MP215DAM3, STM32MP215DAN3, STM32MP215DAO3, STM32MP215F-DK, STM32MP215FAL3, STM32MP215FAM3, STM32MP215FAN3, STM32MP215FAO3, STM32MP231AAJ3, STM32MP231AAK3, STM32MP231AAL3, STM32MP231CAJ3, STM32MP231CAK3, STM32MP231CAL3, STM32MP231DAJ3, STM32MP231DAK3, STM32MP231DAL3, STM32MP231FAJ3, STM32MP231FAK3, STM32MP231FAL3, STM32MP233AAJ3, STM32MP233AAK3, STM32MP233AAL3, STM32MP233CAJ3, STM32MP233CAK3, STM32MP233CAL3, STM32MP233DAJ3, STM32MP233DAK3, STM32MP233DAL3, STM32MP233FAJ3, STM32MP233FAK3, STM32MP233FAL3, STM32MP235AAJ3, STM32MP235AAK3, STM32MP235AAL3, STM32MP235CAJ3, STM32MP235CAK3, STM32MP235CAL3, STM32MP235DAJ3, STM32MP235DAK3, STM32MP235DAL3, STM32MP235FAJ3, STM32MP235FAK3, STM32MP235FAL3, STM32MP251AAI3, STM32MP251AAK3, STM32MP251AAL3, STM32MP251CAI3, STM32MP251CAK3, STM32MP251CAL3, STM32MP251DAI3, STM32MP251DAK3, STM32MP251DAL3, STM32MP251FAI3, STM32MP251FAK3, STM32MP251FAL3, STM32MP253AAI3, STM32MP253AAK3, STM32MP253AAL3, STM32MP253CAI3, STM32MP253CAK3, STM32MP253CAL3, STM32MP253DAI3, STM32MP253DAK3, STM32MP253DAL3, STM32MP253FAI3, STM32MP253FAK3, STM32MP253FAL3, STM32MP255AAI3, STM32MP255AAK3, STM32MP255AAL3, STM32MP255CAI3, STM32MP255CAK3, STM32MP255CAL3, STM32MP255DAI3, STM32MP255DAK3, STM32MP255DAL3, STM32MP255FAI3, STM32MP255FAK3, STM32MP255FAL3, STM32MP257AAI3, STM32MP257AAK3, STM32MP257AAL3, STM32MP257CAI3, STM32MP257CAK3, STM32MP257CAL3, STM32MP257DAI3, STM32MP257DAK3, STM32MP257DAL3, STM32MP257F-DK, STM32MP257F-EV1, STM32MP257FAI3, STM32MP257FAK3, STM32MP257FAL3, STM32N645A0H3Q, STM32N645B0H3Q, STM32N645I0H3Q, STM32N645L0H3Q, STM32N645X0H3Q, STM32N645Z0H3Q, STM32N647A0H3Q, STM32N647B0H3Q, STM32N647I0H3Q, STM32N647L0H3Q, STM32N647X0H3Q, STM32N647Z0H3Q, STM32N655A0H3Q, STM32N655B0H3Q, STM32N655I0H3Q, STM32N655L0H3Q, STM32N655X0H3Q, STM32N655Z0H3Q, STM32N6570-DK, STM32N657A0H3Q, STM32N657B0H3Q, STM32N657I0H3Q, STM32N657L0H3Q, STM32N657X0H3Q, STM32N657Z0H3Q, STM32U031C6T6, STM32U031C6U6, STM32U031C8T6, STM32U031C8U6, STM32U031F4P6, STM32U031F6P6, STM32U031F8P6, STM32U031G6Y6TR, STM32U031G8Y6TR, STM32U031K4U6, STM32U031K6U6, STM32U031K8U6, STM32U031R6I6, STM32U031R6T6, STM32U031R8I6, STM32U031R8T6, STM32U073C8T6, STM32U073C8U6, STM32U073CBT6, STM32U073CBU6, STM32U073CCT6, STM32U073CCU6, STM32U073H8Y6TR, STM32U073HBY6TR, STM32U073HCY6TR, STM32U073K8U6, STM32U073KBU6, STM32U073KCU6, STM32U073M8I6, STM32U073M8T6, STM32U073MBI6, STM32U073MBT6, STM32U073MCI6, STM32U073MCT6, STM32U073R8I6, STM32U073R8T6, STM32U073RBI6, STM32U073RBT6, STM32U073RCI6, STM32U073RCT6, STM32U083C-DK, STM32U083CCT6, STM32U083CCU6, STM32U083HCY6TR, STM32U083KCU6, STM32U083MCI6, STM32U083MCT6, STM32U083RCI6, STM32U083RCT6, STM32U375CET6, STM32U375CET6Q, STM32U375CEU6, STM32U375CEU6Q, STM32U375CEY6QTR, STM32U375CGT6, STM32U375CGT6Q, STM32U375CGU6, STM32U375CGU6Q, STM32U375CGY6QTR, STM32U375KEU6, STM32U375KGU6, STM32U375REI6, STM32U375REI6Q, STM32U375RET6, STM32U375RET6Q, STM32U375REY6GTR, STM32U375REY6QTR, STM32U375RGI6, STM32U375RGI6Q, STM32U375RGT6, STM32U375RGT6Q, STM32U375RGY6GTR, STM32U375RGY6QTR, STM32U375VEI6, STM32U375VEI6Q, STM32U375VET6, STM32U375VET6Q, STM32U375VGI6, STM32U375VGI6Q, STM32U375VGT6, STM32U375VGT6Q, STM32U385CGT6, STM32U385CGT6Q, STM32U385CGU6, STM32U385CGU6Q, STM32U385CGY6QTR, STM32U385KGU6, STM32U385RGI6, STM32U385RGI6Q, STM32U385RGT6, STM32U385RGT6Q, STM32U385RGY6GTR, STM32U385RGY6QTR, STM32U385VGI6, STM32U385VGI6Q, STM32U385VGT6, STM32U385VGT6Q, STM32U535CBT6, STM32U535CBT6Q, STM32U535CBU6, STM32U535CBU6Q, STM32U535CCT6, STM32U535CCT6Q, STM32U535CCU6, STM32U535CCU6Q, STM32U535CET6, STM32U535CET6Q, STM32U535CEU6, STM32U535CEU6Q, STM32U535JEY6QTR, STM32U535NCY6QTR, STM32U535NEY6QTR, STM32U535RBI6, STM32U535RBI6Q, STM32U535RBT6, STM32U535RBT6Q, STM32U535RCI6, STM32U535RCI6Q, STM32U535RCT6, STM32U535RCT6Q, STM32U535REI6, STM32U535REI6Q, STM32U535RET6, STM32U535RET6Q, STM32U535VCI6, STM32U535VCI6Q, STM32U535VCT6, STM32U535VCT6Q, STM32U535VEI6, STM32U535VEI6Q, STM32U535VET6, STM32U535VET6Q, STM32U545CET6, STM32U545CET6Q, STM32U545CEU6, STM32U545CEU6Q, STM32U545JEY6QTR, STM32U545NEY6QTR, STM32U545REI6, STM32U545REI6Q, STM32U545RET6, STM32U545RET6Q, STM32U545VEI6, STM32U545VEI6Q, STM32U545VET6, STM32U545VET6Q, STM32U595AIH6, STM32U595AIH6Q, STM32U595AJH6, STM32U595AJH6Q, STM32U595QII6, STM32U595QII6Q, STM32U595QJI6, STM32U595QJI6Q, STM32U595RIT6, STM32U595RIT6Q, STM32U595RJT6, STM32U595RJT6Q, STM32U595VIT6, STM32U595VIT6Q, STM32U595VJT6, STM32U595VJT6Q, STM32U595ZIT6, STM32U595ZIT6Q, STM32U595ZIY6QTR, STM32U595ZJT6, STM32U595ZJT6Q, STM32U595ZJY6QTR, STM32U599BJY6QTR, STM32U599NIH6Q, STM32U599NJH6Q, STM32U599VIT6Q, STM32U599VJT6, STM32U599VJT6Q, STM32U599ZIT6Q, STM32U599ZIY6QTR, STM32U599ZJT6Q, STM32U599ZJY6QTR, STM32U5A5AJH6, STM32U5A5AJH6Q, STM32U5A5QII3Q , STM32U5A5QJI6, STM32U5A5QJI6Q, STM32U5A5RJT6, STM32U5A5RJT6Q, STM32U5A5VJT6, STM32U5A5VJT6Q, STM32U5A5ZJT6, STM32U5A5ZJT6Q, STM32U5A5ZJY6QTR, STM32U5A9BJY6QTR, STM32U5A9J-DK, STM32U5A9NJH6Q, STM32U5A9VJT6Q, STM32U5A9ZJT6Q, STM32U5A9ZJY6QTR, STM32U5F7VIT6, STM32U5F7VIT6Q, STM32U5F7VJT6, STM32U5F7VJT6Q, STM32U5F9BJY6QTR, STM32U5F9NJH6Q, STM32U5F9VIT6Q, STM32U5F9VJT6Q, STM32U5F9ZIJ6QTR, STM32U5F9ZIT6Q, STM32U5F9ZJJ6QTR, STM32U5F9ZJT6Q, STM32U5G7VJT6, STM32U5G7VJT6Q, STM32U5G9BJY6QTR, STM32U5G9J-DK1, STM32U5G9J-DK2, STM32U5G9NJH6Q, STM32U5G9VJT6Q, STM32U5G9ZJJ6QTR, STM32U5G9ZJT6Q, STM32WB05KZV6TR, STM32WB05KZV7TR, STM32WB05TZF6TR, STM32WB05TZF7TR, STM32WB06CCF6TR, STM32WB06CCF7TR, STM32WB06CCV6TR, STM32WB06CCV7TR, STM32WB06KCV6TR, STM32WB06KCV7TR, STM32WB07CCF6TR, STM32WB07CCF7TR, STM32WB07CCV6TR, STM32WB07CCV7TR, STM32WB07KCV6TR, STM32WB07KCV7TR, STM32WB09KEV6TR, STM32WB09KEV7TR, STM32WB09TEF6TR, STM32WB09TEF7TR, STM32WB1MMCH6, STM32WBA50KGU6, STM32WBA50KGU6TR, STM32WBA52CEU6, STM32WBA52CEU6TR, STM32WBA52CEU7, STM32WBA52CEU7TR, STM32WBA52CGU6, STM32WBA52CGU6TR, STM32WBA52CGU6U, STM32WBA52CGU7, STM32WBA52CGU7TR, STM32WBA52KEU6, STM32WBA52KEU6TR, STM32WBA52KGU6, STM32WBA52KGU6TR, STM32WBA54CEU6, STM32WBA54CEU6TR, STM32WBA54CEU7, STM32WBA54CEU7TR, STM32WBA54CGU6, STM32WBA54CGU6TR, STM32WBA54CGU7, STM32WBA54CGU7TR, STM32WBA54KEU6, STM32WBA54KEU6TR, STM32WBA54KEU7, STM32WBA54KEU7TR, STM32WBA54KGU6, STM32WBA54KGU6TR, STM32WBA54KGU7, STM32WBA54KGU7TR, STM32WBA55CEU6, STM32WBA55CEU6TR, STM32WBA55CEU7, STM32WBA55CEU7TR, STM32WBA55CGU6, STM32WBA55CGU6TR, STM32WBA55CGU6U, STM32WBA55CGU7, STM32WBA55CGU7TR, STM32WBA55G-DK1, STM32WBA55HEF6, STM32WBA55HEF7, STM32WBA55HGF6, STM32WBA55HGF7, STM32WBA55UEI6, STM32WBA55UEI6TR, STM32WBA55UEI7, STM32WBA55UEI7TR, STM32WBA55UGI6, STM32WBA55UGI6TR, STM32WBA55UGI7, STM32WBA55UGI7TR, STM32WBA5MMGH6TR, STM32WBA62MGF6, STM32WBA62MIF6, STM32WBA65MGF7, STM32WBA65MIF6, STM32WBA65MIF7, STM32WL30K8V6, STM32WL30KBV6, STM32WL31C8V6, STM32WL31CBV6, STM32WL31K8V6, STM32WL31KBV6, STM32WL33C8V6, STM32WL33C8V6X, STM32WL33CBV6, STM32WL33CBV6X, STM32WL33CCV6, STM32WL33CCV6A, STM32WL33CCV6X, STM32WL33K8V7, STM32WL33K8V7X, STM32WL33KBV7 , STM32WL33KBV7X, STM32WL33KCV7, STM32WL33KCV7X, STM32WL5MOCH6, STM32WL5MOCH6TR]
2025-11-25 00:21:14,402 [INFO] ApiDb:668 - CubeFinder database Data Model version=2.1
2025-11-25 00:21:14,402 [INFO] ApiDb:669 - CubeFinder database Configuration version=3.0.39
2025-11-25 00:21:14,402 [INFO] ApiDb:670 - CubeFinder database generation date=2025-11-05 (1762334721)
2025-11-25 00:21:14,402 [INFO] ApiDb:671 - CubeFinder database FW Pack versions=[FP-ATR-ASTRA1_V2.0.0, FP-SNS-FLIGHT1_V5.1.0, FP-SNS-MOTENV1_V5.1.0, FP-SNS-MOTENVWB1_V1.4.0, FP-SNS-SMARTAG2_V1.2.0, FP-SNS-STBOX1_V2.1.0, STM32Cube_FW_C0_V1.4.0, STM32Cube_FW_F4_V1.28.3, STM32Cube_FW_F7_V1.17.4, STM32Cube_FW_G0_V1.6.2, STM32Cube_FW_G4_V1.6.1, STM32Cube_FW_H5_V1.5.1, STM32Cube_FW_H7RS_V1.3.0, STM32Cube_FW_H7_V1.12.1, STM32Cube_FW_L0_V1.12.2, STM32Cube_FW_L4_V1.18.1, STM32Cube_FW_L5_V1.6.0, STM32Cube_FW_N6_V1.3.0, STM32Cube_FW_U0_V1.3.0, STM32Cube_FW_U3_V1.2.1, STM32Cube_FW_U5_V1.8.0, STM32Cube_FW_WB0_V1.4.0, STM32Cube_FW_WBA_V1.8.0, STM32Cube_FW_WB_V1.24.0, STM32Cube_FW_WL3_V1.3.0, STM32Cube_FW_WL_V1.4.0, X-CUBE-ALGOBUILD_V1.4.0, X-CUBE-ALS_V1.0.2, X-CUBE-AZRTOS-F4_V1.1.0, X-CUBE-AZRTOS-F7_V1.1.0, X-CUBE-AZRTOS-G0_V1.1.0, X-CUBE-AZRTOS-G4_V2.0.0, X-CUBE-AZRTOS-H7RS_V1.1.0, X-CUBE-AZRTOS-H7_V3.4.0, X-CUBE-AZRTOS-L4_V2.0.0, X-CUBE-AZRTOS-L5_V2.0.0, X-CUBE-AZRTOS-WB_V2.0.0, X-CUBE-AZRTOS-WL_V2.0.0, X-CUBE-BLE1_V7.1.0, X-CUBE-BLE2_V3.3.0, X-CUBE-BLEMGR_V4.1.0, X-CUBE-EEPRMA1_V5.2.0, X-CUBE-FREERTOS_V1.3.1, X-CUBE-GNSS1_V6.0.0, X-CUBE-MEMS1_V11.3.0, X-CUBE-NFC4_V3.0.0, X-CUBE-NFC7_V2.0.0, X-CUBE-SFXS2LP1_V4.0.0, X-CUBE-ST67W61_V1.1.0, X-CUBE-SUBG2_V5.0.0, X-CUBE-TOF1_V3.4.3]
2025-11-25 00:21:16,318 [INFO] ApiDb:240 - Found 880 in-development CPN: [B-G473E-ZEST1S, B-WB1M-WPAN1, B-WBA5M-WPAN, B-WL5M-SUBG1, NUCLEO-C031C6, NUCLEO-C051C8, NUCLEO-C071RB, NUCLEO-C092RC, NUCLEO-H503RB, NUCLEO-H533RE, NUCLEO-H563ZI, NUCLEO-H7S3L8, NUCLEO-N657X0-Q, NUCLEO-U031R8, NUCLEO-U083RC, NUCLEO-U385RG-Q, NUCLEO-U545RE-Q, NUCLEO-U5A5ZJ-Q, NUCLEO-WB05KZ, NUCLEO-WB07CC, NUCLEO-WB09KE, NUCLEO-WBA52CG, NUCLEO-WBA55CG, NUCLEO-WL33CC1, NUCLEO-WL33CC2, STEVAL-PROTEUS1, STEVAL-SMARTAG2, STEVAL-STWINBX1, STM320518-EVAL, STM32C0116-DK, STM32C011D6Y3TR, STM32C011D6Y6TR, STM32C011F4P3, STM32C011F4P6, STM32C011F4U3, STM32C011F4U6TR, STM32C011F6P3, STM32C011F6P6, STM32C011F6U3, STM32C011F6U6TR, STM32C011J4M3, STM32C011J4M6, STM32C011J6M3, STM32C011J6M6, STM32C0316-DK, STM32C031C4T3, STM32C031C4T6, STM32C031C4U3, STM32C031C4U6, STM32C031C6T3, STM32C031C6T6, STM32C031C6U3, STM32C031C6U6, STM32C031F4P3, STM32C031F4P6, STM32C031F6P3, STM32C031F6P6, STM32C031G4U3, STM32C031G4U6, STM32C031G6U3, STM32C031G6U6, STM32C031K4T3, STM32C031K4T6, STM32C031K4U3, STM32C031K4U6, STM32C031K6T3, STM32C031K6T6, STM32C031K6U3, STM32C031K6U6, STM32C051C6T6, STM32C051C6U6, STM32C051C8T6, STM32C051C8U6, STM32C051D8Y6TR, STM32C051F6P6, STM32C051F8P6, STM32C051G6U6, STM32C051G8U6, STM32C051K6T6, STM32C051K6U6, STM32C051K8T6, STM32C071C8T6, STM32C071C8T6N, STM32C071C8U6, STM32C071C8U6N, STM32C071CBT6, STM32C071CBT6N, STM32C071CBU6, STM32C071CBU6N, STM32C071F8P6, STM32C071F8P6N, STM32C071FBP6, STM32C071FBP6N, STM32C071FBY6TR, STM32C071G8U6, STM32C071G8U6N, STM32C071GBU6, STM32C071GBU6N, STM32C071K8T6, STM32C071K8T6N, STM32C071K8U6, STM32C071K8U6N, STM32C071KBT6, STM32C071KBT6N, STM32C071KBU6, STM32C071KBU6N, STM32C071R8T6, STM32C071R8T6N, STM32C071RBI6N, STM32C071RBT6, STM32C071RBT6N, STM32C091CBT6, STM32C091CBU6, STM32C091CCT6, STM32C091CCU6, STM32C091ECY6TR, STM32C091FBP6, STM32C091FCP6, STM32C091GBU6, STM32C091GCU6, STM32C091KBT6, STM32C091KBU6, STM32C091KCT6, STM32C091KCU6, STM32C091RBT6, STM32C091RCI6, STM32C091RCT6, STM32C092CBT6, STM32C092CBU6, STM32C092CCT6, STM32C092CCU6, STM32C092ECY6TR, STM32C092FBP6, STM32C092FCP6, STM32C092GBU6, STM32C092GCU6, STM32C092KBT6, STM32C092KBU6, STM32C092KCT6, STM32C092KCU6, STM32C092RBT6, STM32C092RCI6, STM32C092RCT6, STM32G071K8TXN, STM32G071K8UXN, STM32G081GBU6N, STM32G081KBT6N, STM32G081KBUXN, STM32G0B1CCT6N, STM32G0B1KCT6, STM32G0B1NEY6TR, STM32G0B1RCT6N, STM32G0C1CCT6, STM32G0C1CCT6N, STM32G0C1CCU6N, STM32G0C1CET6N, STM32G0C1CEU6N, STM32G0C1KCT6, STM32G0C1NEY6TR, STM32G0C1RCI6N, STM32G0C1RCT6N, STM32G0C1REI6N, STM32G0C1RET6N, STM32G0C1VCI6, STM32G0C1VEI6, STM32G411C6T3, STM32G411C6T6, STM32G411C6U3, STM32G411C6U6, STM32G411C8T3, STM32G411C8T6, STM32G411C8U3, STM32G411C8U6, STM32G411CBT3, STM32G411CBT6, STM32G411CBU3, STM32G411CBU6, STM32G411K6T3, STM32G411K6T6, STM32G411K6U3, STM32G411K6U6, STM32G411K8T3, STM32G411K8T6, STM32G411K8U3, STM32G411K8U6, STM32G411KBT3, STM32G411KBT6, STM32G411KBU3, STM32G411KBU6, STM32G411M6T3, STM32G411M6T6, STM32G411M8T3, STM32G411M8T6, STM32G411MBT3, STM32G411MBT6, STM32G411R6T3, STM32G411R6T6, STM32G411R8T3, STM32G411R8T6, STM32G411RBT3, STM32G411RBT6, STM32G414CBT3, STM32G414CBT6, STM32G414CBU3, STM32G414CBU6, STM32G414CCT3, STM32G414CCT6, STM32G414CCU3, STM32G414CCU6, STM32G414MBT3, STM32G414MBT6, STM32G414MCT3, STM32G414MCT6, STM32G414RBT3, STM32G414RBT6, STM32G414RCT3, STM32G414RCT6, STM32G414VBT3, STM32G414VBT6, STM32G414VCT3, STM32G414VCT6, STM32G431CBT3Z, STM32G431RBT3Z, STM32G471CCT6, STM32G471CCU6, STM32G471CET3, STM32G471CET6, STM32G471CEU3, STM32G471CEU6, STM32G471MCT6, STM32G471MET3, STM32G471MET6, STM32G471MEY6TR, STM32G471QCT6, STM32G471QET3, STM32G471RCT6, STM32G471RET3, STM32G471RET6, STM32G471VCH6, STM32G471VCI6, STM32G471VCT6, STM32G471VEH3, STM32G471VEH6, STM32G471VEI3, STM32G471VEI6, STM32G471VET3, STM32G471VET6, STM32G473QET3Z, STM32G473RET3Z, STM32G474CCT6, STM32G491RET3Z, STM32H503CBT6, STM32H503CBU6, STM32H503EBY6TR, STM32H503KBU6, STM32H503RBT6, STM32H523CCT6, STM32H523CCU6, STM32H523CET6, STM32H523CEU6, STM32H523HEY6TR, STM32H523RCT6, STM32H523RET6, STM32H523VCI6, STM32H523VCT6, STM32H523VEI6, STM32H523VET6, STM32H523ZCJ6, STM32H523ZCT6, STM32H523ZEJ6, STM32H523ZET6, STM32H533CET6, STM32H533CEU6, STM32H533HEY6TR, STM32H533RET6, STM32H533VEI6, STM32H533VET6, STM32H533ZEJ6, STM32H533ZET6, STM32H562AGI6, STM32H562AII6, STM32H562IGK6, STM32H562IGT6, STM32H562IIK6, STM32H562IIT6, STM32H562RGT6, STM32H562RGV6, STM32H562RIT6, STM32H562RIV6, STM32H562VGT6, STM32H562VIT6, STM32H562ZGT6, STM32H562ZIT6, STM32H563AGI6, STM32H563AII3Q, STM32H563AII6, STM32H563IGK6, STM32H563IGT6, STM32H563IIK3Q, STM32H563IIK6, STM32H563IIT3Q, STM32H563IIT6, STM32H563MIY3QTR, STM32H563RGT6, STM32H563RGV6, STM32H563RIT6, STM32H563RIV6, STM32H563VGT6, STM32H563VIT3Q, STM32H563VIT6, STM32H563ZGT6, STM32H563ZIT3Q, STM32H563ZIT6, STM32H573AII3Q, STM32H573AII6, STM32H573I-DK, STM32H573IIK3Q, STM32H573IIK6, STM32H573IIT3Q, STM32H573IIT6, STM32H573MIY3QTR, STM32H573RIT6, STM32H573RIV6, STM32H573VIT3Q, STM32H573VIT6, STM32H573ZIT3Q, STM32H573ZIT6, STM32H7R3A8I6, STM32H7R3I8K6, STM32H7R3I8T6, STM32H7R3L8H6, STM32H7R3L8H6H, STM32H7R3R8V6, STM32H7R3V8H6, STM32H7R3V8T6, STM32H7R3V8Y6TR, STM32H7R3Z8J6, STM32H7R3Z8T6, STM32H7R7A8I6, STM32H7R7I8K6, STM32H7R7I8T6, STM32H7R7L8H6, STM32H7R7L8H6H, STM32H7R7Z8J6, STM32H7S3A8I6, STM32H7S3I8K6, STM32H7S3I8T6, STM32H7S3L8H6, STM32H7S3L8H6H, STM32H7S3R8V6, STM32H7S3V8H6, STM32H7S3V8T6, STM32H7S3V8Y6TR, STM32H7S3Z8J6, STM32H7S3Z8T6, STM32H7S78-DK, STM32H7S7A8I6, STM32H7S7I8K6, STM32H7S7I8T6, STM32H7S7L8H6, STM32H7S7L8H6H, STM32H7S7Z8J6, STM32L4R5QGI6STR, STM32MP131AAE3, STM32MP131AAF3, STM32MP131AAG3, STM32MP131CAE3, STM32MP131CAF3, STM32MP131CAG3, STM32MP131DAE7, STM32MP131DAF7, STM32MP131DAG7, STM32MP131FAE7, STM32MP131FAF7, STM32MP131FAG7, STM32MP133AAE3, STM32MP133AAF3, STM32MP133AAG3, STM32MP133CAE3, STM32MP133CAF3, STM32MP133CAG3, STM32MP133DAE7, STM32MP133DAF7, STM32MP133DAG7, STM32MP133FAE7, STM32MP133FAF7, STM32MP133FAG7, STM32MP135AAE3, STM32MP135AAF3, STM32MP135AAG3, STM32MP135CAE3, STM32MP135CAF3, STM32MP135CAG3, STM32MP135DAE7, STM32MP135DAF7, STM32MP135DAG7, STM32MP135F-DK, STM32MP135FAE7, STM32MP135FAF7, STM32MP135FAF7T, STM32MP135FAF7U, STM32MP135FAG7, STM32MP211AAL3, STM32MP211AAM3, STM32MP211AAN3, STM32MP211AAO3, STM32MP211CAL3, STM32MP211CAM3, STM32MP211CAN3, STM32MP211CAO3, STM32MP211DAL3, STM32MP211DAM3, STM32MP211DAN3, STM32MP211DAO3, STM32MP211FAL3, STM32MP211FAM3, STM32MP211FAN3, STM32MP211FAO3, STM32MP213AAL3, STM32MP213AAM3, STM32MP213AAN3, STM32MP213AAO3, STM32MP213CAL3, STM32MP213CAM3, STM32MP213CAN3, STM32MP213CAO3, STM32MP213DAL3, STM32MP213DAM3, STM32MP213DAN3, STM32MP213DAO3, STM32MP213FAL3, STM32MP213FAM3, STM32MP213FAN3, STM32MP213FAO3, STM32MP215AAL3, STM32MP215AAM3, STM32MP215AAN3, STM32MP215AAO3, STM32MP215CAL3, STM32MP215CAM3, STM32MP215CAN3, STM32MP215CAO3, STM32MP215DAL3, STM32MP215DAM3, STM32MP215DAN3, STM32MP215DAO3, STM32MP215F-DK, STM32MP215FAL3, STM32MP215FAM3, STM32MP215FAN3, STM32MP215FAO3, STM32MP231AAJ3, STM32MP231AAK3, STM32MP231AAL3, STM32MP231CAJ3, STM32MP231CAK3, STM32MP231CAL3, STM32MP231DAJ3, STM32MP231DAK3, STM32MP231DAL3, STM32MP231FAJ3, STM32MP231FAK3, STM32MP231FAL3, STM32MP233AAJ3, STM32MP233AAK3, STM32MP233AAL3, STM32MP233CAJ3, STM32MP233CAK3, STM32MP233CAL3, STM32MP233DAJ3, STM32MP233DAK3, STM32MP233DAL3, STM32MP233FAJ3, STM32MP233FAK3, STM32MP233FAL3, STM32MP235AAJ3, STM32MP235AAK3, STM32MP235AAL3, STM32MP235CAJ3, STM32MP235CAK3, STM32MP235CAL3, STM32MP235DAJ3, STM32MP235DAK3, STM32MP235DAL3, STM32MP235FAJ3, STM32MP235FAK3, STM32MP235FAL3, STM32MP251AAI3, STM32MP251AAK3, STM32MP251AAL3, STM32MP251CAI3, STM32MP251CAK3, STM32MP251CAL3, STM32MP251DAI3, STM32MP251DAK3, STM32MP251DAL3, STM32MP251FAI3, STM32MP251FAK3, STM32MP251FAL3, STM32MP253AAI3, STM32MP253AAK3, STM32MP253AAL3, STM32MP253CAI3, STM32MP253CAK3, STM32MP253CAL3, STM32MP253DAI3, STM32MP253DAK3, STM32MP253DAL3, STM32MP253FAI3, STM32MP253FAK3, STM32MP253FAL3, STM32MP255AAI3, STM32MP255AAK3, STM32MP255AAL3, STM32MP255CAI3, STM32MP255CAK3, STM32MP255CAL3, STM32MP255DAI3, STM32MP255DAK3, STM32MP255DAL3, STM32MP255FAI3, STM32MP255FAK3, STM32MP255FAL3, STM32MP257AAI3, STM32MP257AAK3, STM32MP257AAL3, STM32MP257CAI3, STM32MP257CAK3, STM32MP257CAL3, STM32MP257DAI3, STM32MP257DAK3, STM32MP257DAL3, STM32MP257F-DK, STM32MP257F-EV1, STM32MP257FAI3, STM32MP257FAK3, STM32MP257FAL3, STM32N645A0H3Q, STM32N645B0H3Q, STM32N645I0H3Q, STM32N645L0H3Q, STM32N645X0H3Q, STM32N645Z0H3Q, STM32N647A0H3Q, STM32N647B0H3Q, STM32N647I0H3Q, STM32N647L0H3Q, STM32N647X0H3Q, STM32N647Z0H3Q, STM32N655A0H3Q, STM32N655B0H3Q, STM32N655I0H3Q, STM32N655L0H3Q, STM32N655X0H3Q, STM32N655Z0H3Q, STM32N6570-DK, STM32N657A0H3Q, STM32N657B0H3Q, STM32N657I0H3Q, STM32N657L0H3Q, STM32N657X0H3Q, STM32N657Z0H3Q, STM32U031C6T6, STM32U031C6U6, STM32U031C8T6, STM32U031C8U6, STM32U031F4P6, STM32U031F6P6, STM32U031F8P6, STM32U031G6Y6TR, STM32U031G8Y6TR, STM32U031K4U6, STM32U031K6U6, STM32U031K8U6, STM32U031R6I6, STM32U031R6T6, STM32U031R8I6, STM32U031R8T6, STM32U073C8T6, STM32U073C8U6, STM32U073CBT6, STM32U073CBU6, STM32U073CCT6, STM32U073CCU6, STM32U073H8Y6TR, STM32U073HBY6TR, STM32U073HCY6TR, STM32U073K8U6, STM32U073KBU6, STM32U073KCU6, STM32U073M8I6, STM32U073M8T6, STM32U073MBI6, STM32U073MBT6, STM32U073MCI6, STM32U073MCT6, STM32U073R8I6, STM32U073R8T6, STM32U073RBI6, STM32U073RBT6, STM32U073RCI6, STM32U073RCT6, STM32U083C-DK, STM32U083CCT6, STM32U083CCU6, STM32U083HCY6TR, STM32U083KCU6, STM32U083MCI6, STM32U083MCT6, STM32U083RCI6, STM32U083RCT6, STM32U375CET6, STM32U375CET6Q, STM32U375CEU6, STM32U375CEU6Q, STM32U375CEY6QTR, STM32U375CGT6, STM32U375CGT6Q, STM32U375CGU6, STM32U375CGU6Q, STM32U375CGY6QTR, STM32U375KEU6, STM32U375KGU6, STM32U375REI6, STM32U375REI6Q, STM32U375RET6, STM32U375RET6Q, STM32U375REY6GTR, STM32U375REY6QTR, STM32U375RGI6, STM32U375RGI6Q, STM32U375RGT6, STM32U375RGT6Q, STM32U375RGY6GTR, STM32U375RGY6QTR, STM32U375VEI6, STM32U375VEI6Q, STM32U375VET6, STM32U375VET6Q, STM32U375VGI6, STM32U375VGI6Q, STM32U375VGT6, STM32U375VGT6Q, STM32U385CGT6, STM32U385CGT6Q, STM32U385CGU6, STM32U385CGU6Q, STM32U385CGY6QTR, STM32U385KGU6, STM32U385RGI6, STM32U385RGI6Q, STM32U385RGT6, STM32U385RGT6Q, STM32U385RGY6GTR, STM32U385RGY6QTR, STM32U385VGI6, STM32U385VGI6Q, STM32U385VGT6, STM32U385VGT6Q, STM32U535CBT6, STM32U535CBT6Q, STM32U535CBU6, STM32U535CBU6Q, STM32U535CCT6, STM32U535CCT6Q, STM32U535CCU6, STM32U535CCU6Q, STM32U535CET6, STM32U535CET6Q, STM32U535CEU6, STM32U535CEU6Q, STM32U535JEY6QTR, STM32U535NCY6QTR, STM32U535NEY6QTR, STM32U535RBI6, STM32U535RBI6Q, STM32U535RBT6, STM32U535RBT6Q, STM32U535RCI6, STM32U535RCI6Q, STM32U535RCT6, STM32U535RCT6Q, STM32U535REI6, STM32U535REI6Q, STM32U535RET6, STM32U535RET6Q, STM32U535VCI6, STM32U535VCI6Q, STM32U535VCT6, STM32U535VCT6Q, STM32U535VEI6, STM32U535VEI6Q, STM32U535VET6, STM32U535VET6Q, STM32U545CET6, STM32U545CET6Q, STM32U545CEU6, STM32U545CEU6Q, STM32U545JEY6QTR, STM32U545NEY6QTR, STM32U545REI6, STM32U545REI6Q, STM32U545RET6, STM32U545RET6Q, STM32U545VEI6, STM32U545VEI6Q, STM32U545VET6, STM32U545VET6Q, STM32U595AIH6, STM32U595AIH6Q, STM32U595AJH6, STM32U595AJH6Q, STM32U595QII6, STM32U595QII6Q, STM32U595QJI6, STM32U595QJI6Q, STM32U595RIT6, STM32U595RIT6Q, STM32U595RJT6, STM32U595RJT6Q, STM32U595VIT6, STM32U595VIT6Q, STM32U595VJT6, STM32U595VJT6Q, STM32U595ZIT6, STM32U595ZIT6Q, STM32U595ZIY6QTR, STM32U595ZJT6, STM32U595ZJT6Q, STM32U595ZJY6QTR, STM32U599BJY6QTR, STM32U599NIH6Q, STM32U599NJH6Q, STM32U599VIT6Q, STM32U599VJT6, STM32U599VJT6Q, STM32U599ZIT6Q, STM32U599ZIY6QTR, STM32U599ZJT6Q, STM32U599ZJY6QTR, STM32U5A5AJH6, STM32U5A5AJH6Q, STM32U5A5QII3Q , STM32U5A5QJI6, STM32U5A5QJI6Q, STM32U5A5RJT6, STM32U5A5RJT6Q, STM32U5A5VJT6, STM32U5A5VJT6Q, STM32U5A5ZJT6, STM32U5A5ZJT6Q, STM32U5A5ZJY6QTR, STM32U5A9BJY6QTR, STM32U5A9J-DK, STM32U5A9NJH6Q, STM32U5A9VJT6Q, STM32U5A9ZJT6Q, STM32U5A9ZJY6QTR, STM32U5F7VIT6, STM32U5F7VIT6Q, STM32U5F7VJT6, STM32U5F7VJT6Q, STM32U5F9BJY6QTR, STM32U5F9NJH6Q, STM32U5F9VIT6Q, STM32U5F9VJT6Q, STM32U5F9ZIJ6QTR, STM32U5F9ZIT6Q, STM32U5F9ZJJ6QTR, STM32U5F9ZJT6Q, STM32U5G7VJT6, STM32U5G7VJT6Q, STM32U5G9BJY6QTR, STM32U5G9J-DK1, STM32U5G9J-DK2, STM32U5G9NJH6Q, STM32U5G9VJT6Q, STM32U5G9ZJJ6QTR, STM32U5G9ZJT6Q, STM32WB05KZV6TR, STM32WB05KZV7TR, STM32WB05TZF6TR, STM32WB05TZF7TR, STM32WB06CCF6TR, STM32WB06CCF7TR, STM32WB06CCV6TR, STM32WB06CCV7TR, STM32WB06KCV6TR, STM32WB06KCV7TR, STM32WB07CCF6TR, STM32WB07CCF7TR, STM32WB07CCV6TR, STM32WB07CCV7TR, STM32WB07KCV6TR, STM32WB07KCV7TR, STM32WB09KEV6TR, STM32WB09KEV7TR, STM32WB09TEF6TR, STM32WB09TEF7TR, STM32WB1MMCH6, STM32WBA50KGU6, STM32WBA50KGU6TR, STM32WBA52CEU6, STM32WBA52CEU6TR, STM32WBA52CEU7, STM32WBA52CEU7TR, STM32WBA52CGU6, STM32WBA52CGU6TR, STM32WBA52CGU6U, STM32WBA52CGU7, STM32WBA52CGU7TR, STM32WBA52KEU6, STM32WBA52KEU6TR, STM32WBA52KGU6, STM32WBA52KGU6TR, STM32WBA54CEU6, STM32WBA54CEU6TR, STM32WBA54CEU7, STM32WBA54CEU7TR, STM32WBA54CGU6, STM32WBA54CGU6TR, STM32WBA54CGU7, STM32WBA54CGU7TR, STM32WBA54KEU6, STM32WBA54KEU6TR, STM32WBA54KEU7, STM32WBA54KEU7TR, STM32WBA54KGU6, STM32WBA54KGU6TR, STM32WBA54KGU7, STM32WBA54KGU7TR, STM32WBA55CEU6, STM32WBA55CEU6TR, STM32WBA55CEU7, STM32WBA55CEU7TR, STM32WBA55CGU6, STM32WBA55CGU6TR, STM32WBA55CGU6U, STM32WBA55CGU7, STM32WBA55CGU7TR, STM32WBA55G-DK1, STM32WBA55HEF6, STM32WBA55HEF7, STM32WBA55HGF6, STM32WBA55HGF7, STM32WBA55UEI6, STM32WBA55UEI6TR, STM32WBA55UEI7, STM32WBA55UEI7TR, STM32WBA55UGI6, STM32WBA55UGI6TR, STM32WBA55UGI7, STM32WBA55UGI7TR, STM32WBA5MMGH6TR, STM32WBA62MGF6, STM32WBA62MIF6, STM32WBA65MGF7, STM32WBA65MIF6, STM32WBA65MIF7, STM32WL30K8V6, STM32WL30KBV6, STM32WL31C8V6, STM32WL31CBV6, STM32WL31K8V6, STM32WL31KBV6, STM32WL33C8V6, STM32WL33C8V6X, STM32WL33CBV6, STM32WL33CBV6X, STM32WL33CCV6, STM32WL33CCV6A, STM32WL33CCV6X, STM32WL33K8V7, STM32WL33K8V7X, STM32WL33KBV7 , STM32WL33KBV7X, STM32WL33KCV7, STM32WL33KCV7X, STM32WL5MOCH6, STM32WL5MOCH6TR]
2025-11-25 00:21:16,323 [INFO] DbMcus:218 - Found 4876 MCUs, 4876 are supported
2025-11-25 00:21:16,323 [INFO] ApiDb:423 - Load user favorites file C:\Users\user/.stm32cubeide/favorites.mcus.txt: 0 item(s)
2025-11-25 00:21:16,324 [INFO] ApiDb:427 - User favorites MCUs=[]
2025-11-25 00:21:16,324 [INFO] DbMcus:224 - Set 0 / 0 favorites MCUs
2025-11-25 00:21:16,898 [INFO] BoardInfo:889 - No configuration file found for board P-NUCLEO-WB55
2025-11-25 00:21:16,899 [INFO] DbBoards:161 - Kit is not supported: P-NUCLEO-WB55
2025-11-25 00:21:16,908 [INFO] BoardInfo:889 - No configuration file found for board STEVAL-BFA001V1B
2025-11-25 00:21:16,909 [INFO] DbBoards:161 - Kit is not supported: STEVAL-BFA001V1B
2025-11-25 00:21:16,910 [INFO] BoardInfo:889 - No configuration file found for board STEVAL-BFA001V2B
2025-11-25 00:21:16,911 [INFO] DbBoards:161 - Kit is not supported: STEVAL-BFA001V2B
2025-11-25 00:21:17,146 [INFO] DbBoards:168 - Found 212 boards, 209 are supported
2025-11-25 00:21:17,147 [INFO] DbBoards:169 - Found 212 boards, 43 of them is supported for  Bsp
2025-11-25 00:21:17,149 [INFO] ApiDb:423 - Load user favorites file C:\Users\user/.stm32cubeide/favorites.boards.txt: 1 item(s)
2025-11-25 00:21:17,149 [INFO] ApiDb:427 - User favorites Boards=[NUCLEO-L476RG]
2025-11-25 00:21:17,149 [INFO] DbBoards:198 - Set 1 / 1 favorites Boards
2025-11-25 00:21:17,204 [INFO] UtilMem:75 - End LoadConfig() Used Memory: 258070608 Bytes (392167424)
2025-11-25 00:21:17,364 [WARN] ThirdParty:833 - waiting for thirdparty lock release [change project]
2025-11-25 00:21:17,364 [INFO] ThirdParty:835 - entering critical section [change project]
2025-11-25 00:21:17,364 [INFO] ThirdParty:1030 - CMSIS Pack Vendor :STMicroelectronics X-CUBE-PM33A1 1.0.0
2025-11-25 00:21:17,364 [INFO] ThirdParty:1030 - CMSIS Pack Vendor :STMicroelectronics USBPD 4.1
2025-11-25 00:21:17,364 [INFO] ThirdParty:1030 - CMSIS Pack Vendor :STMicroelectronics X-CUBE-NFC9 1.0.0
2025-11-25 00:21:17,364 [INFO] ThirdParty:1030 - CMSIS Pack Vendor :STMicroelectronics USB_HOST 2.0.0
2025-11-25 00:21:17,365 [INFO] ThirdParty:1030 - CMSIS Pack Vendor :STMicroelectronics FP-SNS-MOTENVWB1 1.4.0
2025-11-25 00:21:17,365 [INFO] ThirdParty:1030 - CMSIS Pack Vendor :STMicroelectronics X-CUBE-AZRTOS-F4 1.1.0
2025-11-25 00:21:17,365 [INFO] ThirdParty:1030 - CMSIS Pack Vendor :STMicroelectronics LIBJPEG 8.0.0
2025-11-25 00:21:17,365 [INFO] ThirdParty:1030 - CMSIS Pack Vendor :STMicroelectronics FP-ATR-ASTRA1 2.0.2
2025-11-25 00:21:17,365 [INFO] ThirdParty:1030 - CMSIS Pack Vendor :wolfSSL I-CUBE-wolfSSL 5.8.2
2025-11-25 00:21:17,365 [INFO] ThirdParty:1030 - CMSIS Pack Vendor :STMicroelectronics X-CUBE-BLE1 7.1.0
2025-11-25 00:21:17,365 [INFO] ThirdParty:1030 - CMSIS Pack Vendor :Avnet-IotConnect X-CUBE-IoTC-DA16k-PMOD 1.0.0
2025-11-25 00:21:17,365 [INFO] ThirdParty:1030 - CMSIS Pack Vendor :STMicroelectronics X-CUBE-SMBUS 2.1.0
2025-11-25 00:21:17,365 [INFO] ThirdParty:1030 - CMSIS Pack Vendor :wolfSSL I-CUBE-wolfMQTT 1.19.2
2025-11-25 00:21:17,365 [INFO] ThirdParty:1030 - CMSIS Pack Vendor :STMicroelectronics USB_DEVICE 3.0.0
2025-11-25 00:21:17,365 [INFO] ThirdParty:1030 - CMSIS Pack Vendor :STMicroelectronics X-CUBE-ISPU 2.1.0
2025-11-25 00:21:17,365 [INFO] ThirdParty:1030 - CMSIS Pack Vendor :STMicroelectronics X-CUBE-FREERTOS 1.4.0
2025-11-25 00:21:17,365 [INFO] ThirdParty:1030 - CMSIS Pack Vendor :STMicroelectronics X-CUBE-EEPRMA1 5.2.0
2025-11-25 00:21:17,365 [INFO] ThirdParty:1030 - CMSIS Pack Vendor :STMicroelectronics X-CUBE-IPS 3.2.0
2025-11-25 00:21:17,365 [INFO] ThirdParty:1030 - CMSIS Pack Vendor :STMicroelectronics X-CUBE-BLEMGR 4.1.0
2025-11-25 00:21:17,365 [INFO] ThirdParty:1030 - CMSIS Pack Vendor :STMicroelectronics X-CUBE-AZRTOS-WB 2.0.0
2025-11-25 00:21:17,365 [INFO] ThirdParty:1030 - CMSIS Pack Vendor :STMicroelectronics X-CUBE-ST60 1.0.0
2025-11-25 00:21:17,365 [INFO] ThirdParty:1030 - CMSIS Pack Vendor :STMicroelectronics X-CUBE-GNSS1 7.0.1
2025-11-25 00:21:17,365 [INFO] ThirdParty:1030 - CMSIS Pack Vendor :STMicroelectronics X-CUBE-NFC12 1.0.0
2025-11-25 00:21:17,365 [INFO] ThirdParty:1030 - CMSIS Pack Vendor :STMicroelectronics X-CUBE-AZRTOS-F7 1.1.0
2025-11-25 00:21:17,365 [INFO] ThirdParty:1030 - CMSIS Pack Vendor :STMicroelectronics X-CUBE-AZRTOS-L5 2.0.0
2025-11-25 00:21:17,365 [INFO] ThirdParty:1030 - CMSIS Pack Vendor :STMicroelectronics X-CUBE-TOUCHGFX 4.25.0
2025-11-25 00:21:17,365 [INFO] ThirdParty:1030 - CMSIS Pack Vendor :STMicroelectronics USB_DEVICE 2.0.0
2025-11-25 00:21:17,365 [INFO] ThirdParty:1030 - CMSIS Pack Vendor :STMicroelectronics X-CUBE-NFC6 3.1.0
2025-11-25 00:21:17,365 [INFO] ThirdParty:1030 - CMSIS Pack Vendor :STMicroelectronics X-CUBE-ST67W61 1.1.0
2025-11-25 00:21:17,365 [INFO] ThirdParty:1030 - CMSIS Pack Vendor :quantropi X-CUBE-qispace-sdk-base 2.1.0
2025-11-25 00:21:17,365 [INFO] ThirdParty:1030 - CMSIS Pack Vendor :STMicroelectronics FP-SNS-MOTENV1 5.1.0
2025-11-25 00:21:17,365 [INFO] ThirdParty:1030 - CMSIS Pack Vendor :STMicroelectronics FreeRTOS 0.0.1
2025-11-25 00:21:17,365 [INFO] ThirdParty:1030 - CMSIS Pack Vendor :STMicroelectronics X-CUBE-AZRTOS-G0 1.1.0
2025-11-25 00:21:17,366 [INFO] ThirdParty:1030 - CMSIS Pack Vendor :STMicroelectronics X-CUBE-SAFEA1 1.2.2
2025-11-25 00:21:17,366 [INFO] ThirdParty:1030 - CMSIS Pack Vendor :STMicroelectronics X-CUBE-NFC4 3.0.0
2025-11-25 00:21:17,366 [INFO] ThirdParty:1030 - CMSIS Pack Vendor :STMicroelectronics X-CUBE-SUBG2 5.0.0
2025-11-25 00:21:17,366 [INFO] ThirdParty:1030 - CMSIS Pack Vendor :STMicroelectronics X-CUBE-AZRTOS-H7RS 1.1.0
2025-11-25 00:21:17,366 [INFO] ThirdParty:1030 - CMSIS Pack Vendor :STMicroelectronics STM32_WPAN 1.0.0
2025-11-25 00:21:17,366 [INFO] ThirdParty:1030 - CMSIS Pack Vendor :EmbeddedOffice I-CUBE-FS-RTOS 1.0.1
2025-11-25 00:21:17,366 [INFO] ThirdParty:1030 - CMSIS Pack Vendor :STMicroelectronics lwIP 2.0.3
2025-11-25 00:21:17,366 [INFO] ThirdParty:1030 - CMSIS Pack Vendor :WES I-CUBE-Cesium 1.4.0
2025-11-25 00:21:17,366 [INFO] ThirdParty:1030 - CMSIS Pack Vendor :Cesanta I-CUBE-Mongoose 7.13.0
2025-11-25 00:21:17,366 [INFO] ThirdParty:1030 - CMSIS Pack Vendor :STMicroelectronics USB_HOST 1.0.0
2025-11-25 00:21:17,366 [INFO] ThirdParty:1030 - CMSIS Pack Vendor :Infineon AIROC-Wi-Fi-Bluetooth-STM32 1.7.1
2025-11-25 00:21:17,366 [INFO] ThirdParty:1030 - CMSIS Pack Vendor :STMicroelectronics X-CUBE-AZRTOS-G4 2.0.0
2025-11-25 00:21:17,366 [INFO] ThirdParty:1030 - CMSIS Pack Vendor :STMicroelectronics X-CUBE-WB05N 2.0.0
2025-11-25 00:21:17,366 [INFO] ThirdParty:1030 - CMSIS Pack Vendor :STMicroelectronics PDM2PCM 3.1.0
2025-11-25 00:21:17,366 [INFO] ThirdParty:1030 - CMSIS Pack Vendor :STMicroelectronics PDM2PCM 3.3.0
2025-11-25 00:21:17,366 [INFO] ThirdParty:1030 - CMSIS Pack Vendor :wolfSSL I-CUBE-wolfTPM 3.8.0
2025-11-25 00:21:17,366 [INFO] ThirdParty:1030 - CMSIS Pack Vendor :STMicroelectronics X-CUBE-AZRTOS-H7 3.4.0
2025-11-25 00:21:17,366 [INFO] ThirdParty:1030 - CMSIS Pack Vendor :STMicroelectronics X-CUBE-DISPLAY 3.0.0
2025-11-25 00:21:17,366 [INFO] ThirdParty:1030 - CMSIS Pack Vendor :wolfSSL I-CUBE-wolfSSH 1.4.20
2025-11-25 00:21:17,366 [INFO] ThirdParty:1030 - CMSIS Pack Vendor :STMicroelectronics X-CUBE-NFC7 2.0.0
2025-11-25 00:21:17,366 [INFO] ThirdParty:1030 - CMSIS Pack Vendor :STMicroelectronics X-CUBE-TCPP 4.2.0
2025-11-25 00:21:17,366 [INFO] ThirdParty:1030 - CMSIS Pack Vendor :RealThread X-CUBE-RT-Thread_Nano 4.1.1
2025-11-25 00:21:17,366 [INFO] ThirdParty:1030 - CMSIS Pack Vendor :STMicroelectronics FP-ATR-SIGFOX1 3.2.0
2025-11-25 00:21:17,366 [INFO] ThirdParty:1030 - CMSIS Pack Vendor :STMicroelectronics X-CUBE-NFC10 1.0.0
2025-11-25 00:21:17,366 [INFO] ThirdParty:1030 - CMSIS Pack Vendor :STMicroelectronics X-CUBE-FREERTOS 1.3.1
2025-11-25 00:21:17,366 [INFO] ThirdParty:1030 - CMSIS Pack Vendor :STMicroelectronics HAL Drivers 0.0.0
2025-11-25 00:21:17,366 [INFO] ThirdParty:1030 - CMSIS Pack Vendor :STMicroelectronics MBEDTLS 2.16.2
2025-11-25 00:21:17,366 [INFO] ThirdParty:1030 - CMSIS Pack Vendor :STMicroelectronics X-CUBE-ST60 1.1.0
2025-11-25 00:21:17,366 [INFO] ThirdParty:1030 - CMSIS Pack Vendor :STMicroelectronics X-CUBE-IPS 3.1.0
2025-11-25 00:21:17,366 [INFO] ThirdParty:1030 - CMSIS Pack Vendor :STMicroelectronics X-CUBE-ALS 1.0.2
2025-11-25 00:21:17,366 [INFO] ThirdParty:1030 - CMSIS Pack Vendor :emotas I-CUBE-CANOPEN 1.3.0
2025-11-25 00:21:17,366 [INFO] ThirdParty:1030 - CMSIS Pack Vendor :STMicroelectronics MBEDTLS 2.14.1
2025-11-25 00:21:17,366 [INFO] ThirdParty:1030 - CMSIS Pack Vendor :STMicroelectronics X-CUBE-GNSS1 7.1.0
2025-11-25 00:21:17,367 [INFO] ThirdParty:1030 - CMSIS Pack Vendor :ITTIA_DB I-CUBE-ITTIADB 8.9.0
2025-11-25 00:21:17,367 [INFO] ThirdParty:1030 - CMSIS Pack Vendor :STMicroelectronics X-CUBE-TOUCHGFX 4.26.0
2025-11-25 00:21:17,367 [INFO] ThirdParty:1030 - CMSIS Pack Vendor :STMicroelectronics X-CUBE-STSE01 1.0.0
2025-11-25 00:21:17,367 [INFO] ThirdParty:1030 - CMSIS Pack Vendor :STMicroelectronics X-CUBE-ST67W61 1.0.0
2025-11-25 00:21:17,367 [INFO] ThirdParty:1030 - CMSIS Pack Vendor :STMicroelectronics FP-SNS-STBOX1 2.1.0
2025-11-25 00:21:17,367 [INFO] ThirdParty:1030 - CMSIS Pack Vendor :STMicroelectronics X-CUBE-AI 10.2.0
2025-11-25 00:21:17,367 [INFO] ThirdParty:1030 - CMSIS Pack Vendor :STMicroelectronics FP-SNS-STAIOTCFT 1.0.0
2025-11-25 00:21:17,367 [INFO] ThirdParty:1030 - CMSIS Pack Vendor :STMicroelectronics ThreadX 1.0.0
2025-11-25 00:21:17,367 [INFO] ThirdParty:1030 - CMSIS Pack Vendor :STMicroelectronics FP-SNS-SMARTAG2 1.2.0
2025-11-25 00:21:17,367 [INFO] ThirdParty:1030 - CMSIS Pack Vendor :STMicroelectronics FP-SNS-FLIGHT1 5.1.0
2025-11-25 00:21:17,367 [INFO] ThirdParty:1030 - CMSIS Pack Vendor :STMicroelectronics X-CUBE-AZRTOS-WL 2.0.0
2025-11-25 00:21:17,367 [INFO] ThirdParty:1030 - CMSIS Pack Vendor :SEGGER I-CUBE-embOS 1.3.1
2025-11-25 00:21:17,367 [INFO] ThirdParty:1030 - CMSIS Pack Vendor :STMicroelectronics X-CUBE-ALGOBUILD 1.4.0
2025-11-25 00:21:17,367 [INFO] ThirdParty:1030 - CMSIS Pack Vendor :STMicroelectronics X-CUBE-DPower 1.3.0
2025-11-25 00:21:17,367 [INFO] ThirdParty:1030 - CMSIS Pack Vendor :STMicroelectronics X-CUBE-MEMS1 11.3.0
2025-11-25 00:21:17,367 [INFO] ThirdParty:1030 - CMSIS Pack Vendor :STMicroelectronics FP-SNS-MOTENV1 5.0.0
2025-11-25 00:21:17,367 [INFO] ThirdParty:1030 - CMSIS Pack Vendor :STMicroelectronics USB_DEVICE 1.0.0
2025-11-25 00:21:17,367 [INFO] ThirdParty:1030 - CMSIS Pack Vendor :STMicroelectronics X-CUBE-AZRTOS-H7RS 1.2.0
2025-11-25 00:21:17,367 [INFO] ThirdParty:1030 - CMSIS Pack Vendor :STMicroelectronics X-CUBE-AZRTOS-L4 2.0.0
2025-11-25 00:21:17,367 [INFO] ThirdParty:1030 - CMSIS Pack Vendor :STMicroelectronics ThreadX 0.0.2
2025-11-25 00:21:17,367 [INFO] ThirdParty:1030 - CMSIS Pack Vendor :STMicroelectronics lwIP 2.1.2
2025-11-25 00:21:17,367 [INFO] ThirdParty:1030 - CMSIS Pack Vendor :STMicroelectronics X-CUBE-SFXS2LP1 4.0.0
2025-11-25 00:21:17,367 [INFO] ThirdParty:1030 - CMSIS Pack Vendor :STMicroelectronics X-CUBE-BLE2 3.3.0
2025-11-25 00:21:17,367 [INFO] ThirdParty:1030 - CMSIS Pack Vendor :Avnet-IOTCONNECT X-CUBE-iotc-st67-sdk 1.0.0
2025-11-25 00:21:17,367 [INFO] ThirdParty:1030 - CMSIS Pack Vendor :STMicroelectronics X-CUBE-TOF1 3.4.3
2025-11-25 00:21:17,367 [INFO] ThirdParty:1030 - CMSIS Pack Vendor :STMicroelectronics PDM2PCM 3.2.0
2025-11-25 00:21:17,368 [INFO] ThirdParty:841 - exiting critical section [change project]
2025-11-25 00:21:17,814 [INFO] PinOutPanel:1589 - setPackage(No Configuration,No Configuration)
2025-11-25 00:21:17,815 [INFO] PinOutPanel:1589 - setPackage(STM32L476RGTx,LQFP64)
2025-11-25 00:21:18,478 [INFO] UtilMem:75 - Before build in PCC Used Memory: 326326176 Bytes (392167424)
2025-11-25 00:21:19,521 [INFO] UtilMem:75 - After build in PCC Used Memory: 288899392 Bytes (392167424)
2025-11-25 00:21:19,555 [INFO] IPUIPlugin:80 - create IPUIPlugin
2025-11-25 00:21:19,555 [INFO] IPUIPlugin:80 - create IPUIPlugin
2025-11-25 00:21:19,555 [INFO] IPUIPlugin:80 - create IPUIPlugin
2025-11-25 00:21:19,555 [INFO] IPUIPlugin:80 - create IPUIPlugin
2025-11-25 00:21:19,555 [INFO] IPUIPlugin:80 - create IPUIPlugin
2025-11-25 00:21:19,555 [INFO] IPUIPlugin:80 - create IPUIPlugin
2025-11-25 00:21:19,555 [INFO] IPUIPlugin:80 - create IPUIPlugin
2025-11-25 00:21:19,555 [INFO] IPUIPlugin:80 - create IPUIPlugin
2025-11-25 00:21:19,555 [INFO] IPUIPlugin:80 - create IPUIPlugin
2025-11-25 00:21:19,555 [INFO] IPUIPlugin:80 - create IPUIPlugin
2025-11-25 00:21:19,555 [INFO] IPUIPlugin:80 - create IPUIPlugin
2025-11-25 00:21:19,555 [INFO] IPUIPlugin:80 - create IPUIPlugin
2025-11-25 00:21:19,555 [INFO] IPUIPlugin:80 - create IPUIPlugin
2025-11-25 00:21:19,555 [INFO] IPUIPlugin:80 - create IPUIPlugin
2025-11-25 00:21:19,555 [INFO] IPUIPlugin:80 - create IPUIPlugin
2025-11-25 00:21:19,556 [INFO] IPUIPlugin:80 - create IPUIPlugin
2025-11-25 00:21:19,556 [INFO] IPUIPlugin:80 - create IPUIPlugin
2025-11-25 00:21:19,556 [INFO] IPUIPlugin:80 - create IPUIPlugin
2025-11-25 00:21:19,556 [INFO] IPUIPlugin:80 - create IPUIPlugin
2025-11-25 00:21:19,556 [INFO] IPUIPlugin:80 - create IPUIPlugin
2025-11-25 00:21:19,556 [INFO] IPUIPlugin:80 - create IPUIPlugin
2025-11-25 00:21:19,557 [INFO] IPUIPlugin:80 - create IPUIPlugin
2025-11-25 00:21:19,557 [INFO] IPUIPlugin:80 - create IPUIPlugin
2025-11-25 00:21:19,557 [INFO] IPUIPlugin:80 - create IPUIPlugin
2025-11-25 00:21:19,557 [INFO] IPUIPlugin:80 - create IPUIPlugin
2025-11-25 00:21:19,557 [INFO] IPUIPlugin:80 - create IPUIPlugin
2025-11-25 00:21:19,557 [INFO] IPUIPlugin:80 - create IPUIPlugin
2025-11-25 00:21:19,557 [INFO] IPUIPlugin:80 - create IPUIPlugin
2025-11-25 00:21:19,557 [INFO] IPUIPlugin:80 - create IPUIPlugin
2025-11-25 00:21:19,557 [INFO] IPUIPlugin:80 - create IPUIPlugin
2025-11-25 00:21:19,559 [INFO] IPUIPlugin:80 - create IPUIPlugin
2025-11-25 00:21:19,559 [INFO] IPUIPlugin:80 - create IPUIPlugin
2025-11-25 00:21:19,559 [INFO] IPUIPlugin:80 - create IPUIPlugin
2025-11-25 00:21:19,559 [INFO] IPUIPlugin:80 - create IPUIPlugin
2025-11-25 00:21:19,559 [INFO] IPUIPlugin:80 - create IPUIPlugin
2025-11-25 00:21:19,559 [INFO] IPUIPlugin:80 - create IPUIPlugin
2025-11-25 00:21:19,559 [INFO] IPUIPlugin:80 - create IPUIPlugin
2025-11-25 00:21:19,560 [INFO] IPUIPlugin:80 - create IPUIPlugin
2025-11-25 00:21:19,560 [INFO] IPUIPlugin:80 - create IPUIPlugin
2025-11-25 00:21:19,560 [INFO] IPUIPlugin:80 - create IPUIPlugin
2025-11-25 00:21:19,560 [INFO] IPUIPlugin:80 - create IPUIPlugin
2025-11-25 00:21:19,560 [INFO] IPUIPlugin:80 - create IPUIPlugin
2025-11-25 00:21:19,560 [INFO] IPUIPlugin:80 - create IPUIPlugin
2025-11-25 00:21:19,560 [INFO] IPUIPlugin:80 - create IPUIPlugin
2025-11-25 00:21:19,561 [INFO] IPUIPlugin:80 - create IPUIPlugin
2025-11-25 00:21:19,561 [INFO] IPUIPlugin:80 - create IPUIPlugin
2025-11-25 00:21:19,561 [INFO] IPUIPlugin:80 - create IPUIPlugin
2025-11-25 00:21:19,561 [INFO] IPUIPlugin:80 - create IPUIPlugin
2025-11-25 00:21:19,561 [INFO] IPUIPlugin:80 - create IPUIPlugin
2025-11-25 00:21:19,561 [INFO] IPUIPlugin:80 - create IPUIPlugin
2025-11-25 00:21:19,561 [INFO] IPUIPlugin:80 - create IPUIPlugin
2025-11-25 00:21:19,562 [INFO] IPUIPlugin:80 - create IPUIPlugin
2025-11-25 00:21:19,562 [INFO] IPUIPlugin:80 - create IPUIPlugin
2025-11-25 00:21:19,562 [INFO] IPUIPlugin:80 - create IPUIPlugin
2025-11-25 00:21:19,562 [INFO] IPUIPlugin:80 - create IPUIPlugin
2025-11-25 00:21:19,562 [INFO] IPUIPlugin:80 - create IPUIPlugin
2025-11-25 00:21:19,562 [INFO] IPUIPlugin:80 - create IPUIPlugin
2025-11-25 00:21:19,564 [INFO] IPUIPlugin:80 - create IPUIPlugin
2025-11-25 00:21:19,564 [INFO] IPUIPlugin:80 - create IPUIPlugin
2025-11-25 00:21:19,793 [INFO] CADModel:165 - CPN selected for project levelSTM32L476RGT3
2025-11-25 00:21:19,793 [INFO] CADModel:114 - Register for checkConnection events
2025-11-25 00:21:19,844 [INFO] OpenFileManager:386 - Restore cursor
2025-11-25 00:21:49,155 [INFO] RtosManager:1018 - Current active RTOS is FREERTOS [Cortex-M4NS]
2025-11-25 00:21:49,473 [INFO] ApiDbMcu:532 - Load IP Config File for FREERTOS
2025-11-25 00:21:49,813 [ERROR] RtosPanel:558 - Can not restore the selected Tab for FREERTOS(A reason can be that the tab is no more available.)
2025-11-25 00:21:49,901 [ERROR] RtosPanel:558 - Can not restore the selected Tab for FREERTOS(A reason can be that the tab is no more available.)
2025-11-25 00:21:57,530 [ERROR] RtosPanel:558 - Can not restore the selected Tab for FREERTOS(A reason can be that the tab is no more available.)
2025-11-25 00:21:57,597 [ERROR] RtosPanel:558 - Can not restore the selected Tab for FREERTOS(A reason can be that the tab is no more available.)
2025-11-25 00:21:57,787 [ERROR] RtosPanel:558 - Can not restore the selected Tab for FREERTOS(A reason can be that the tab is no more available.)
2025-11-25 00:22:30,683 [INFO] UtilMem:75 - End SaveConfig() Used Memory: 708389664 Bytes (1025507328)
2025-11-25 00:22:32,195 [INFO] UtilMem:75 - End SaveConfig() Used Memory: 746063872 Bytes (1073741824)
2025-11-25 00:22:33,705 [INFO] UtilMem:75 - End SaveConfig() Used Memory: 917909080 Bytes (1073741824)
2025-11-25 00:23:02,138 [INFO] BlockDiagram:2775 - set Specific Code input for plugin: FREERTOS
2025-11-25 00:23:02,138 [INFO] BlockDiagram:2775 - set Specific Code input for plugin: SYS
2025-11-25 00:23:02,138 [INFO] BlockDiagram:2775 - set Specific Code input for plugin: RCC
2025-11-25 00:23:02,138 [INFO] BlockDiagram:2775 - set Specific Code input for plugin: I2C
2025-11-25 00:23:02,138 [INFO] BlockDiagram:2775 - set Specific Code input for plugin: NVIC
2025-11-25 00:23:02,139 [INFO] BlockDiagram:2775 - set Specific Code input for plugin: GPIO
2025-11-25 00:23:02,140 [INFO] CodeGenerator:892 - code generatio: config db path: C:\ST\STM32CubeIDE_1.19.0\STM32CubeIDE\plugins\com.st.stm32cube.common.mx_6.15.0.202507011659\\db\
2025-11-25 00:23:02,247 [INFO] CodeEngine:265 - oldGeneratedFile, D:\STM32\Lab\Practice3-i2c-eeprom-random-number\MXTmpFiles\license.tmp_save
2025-11-25 00:23:02,577 [INFO] CodeEngine:289 - Generated code: D:\STM32\Lab\Practice3-i2c-eeprom-random-number\MXTmpFiles\license.tmp
2025-11-25 00:23:02,701 [INFO] CodeEngine:265 - oldGeneratedFile, D:\STM32\Lab\Practice3-i2c-eeprom-random-number\MXTmpFiles\gpio.tmp_save
2025-11-25 00:23:02,833 [INFO] CodeEngine:289 - Generated code: D:\STM32\Lab\Practice3-i2c-eeprom-random-number\MXTmpFiles\gpio.tmp
2025-11-25 00:23:03,023 [INFO] Middleware:1452 - No code input for Bsp Dependency
2025-11-25 00:23:03,030 [INFO] CodeEngine:265 - oldGeneratedFile, D:\STM32\Lab\Practice3-i2c-eeprom-random-number\MXTmpFiles\rtos_inc.tmp_save
2025-11-25 00:23:03,085 [INFO] CodeEngine:289 - Generated code: D:\STM32\Lab\Practice3-i2c-eeprom-random-number\MXTmpFiles\rtos_inc.tmp
2025-11-25 00:23:03,089 [INFO] CodeEngine:265 - oldGeneratedFile, D:\STM32\Lab\Practice3-i2c-eeprom-random-number\MXTmpFiles\rtos_kernelInit.tmp_save
2025-11-25 00:23:03,154 [INFO] CodeEngine:289 - Generated code: D:\STM32\Lab\Practice3-i2c-eeprom-random-number\MXTmpFiles\rtos_kernelInit.tmp
2025-11-25 00:23:03,158 [INFO] CodeEngine:265 - oldGeneratedFile, D:\STM32\Lab\Practice3-i2c-eeprom-random-number\MXTmpFiles\rtos_kernelStart.tmp_save
2025-11-25 00:23:03,215 [INFO] CodeEngine:289 - Generated code: D:\STM32\Lab\Practice3-i2c-eeprom-random-number\MXTmpFiles\rtos_kernelStart.tmp
2025-11-25 00:23:03,218 [INFO] CodeEngine:265 - oldGeneratedFile, D:\STM32\Lab\Practice3-i2c-eeprom-random-number\MXTmpFiles\rtos_typedefs.tmp_save
2025-11-25 00:23:03,270 [INFO] CodeEngine:289 - Generated code: D:\STM32\Lab\Practice3-i2c-eeprom-random-number\MXTmpFiles\rtos_typedefs.tmp
2025-11-25 00:23:03,274 [INFO] CodeEngine:265 - oldGeneratedFile, D:\STM32\Lab\Practice3-i2c-eeprom-random-number\MXTmpFiles\rtos_vars.tmp_save
2025-11-25 00:23:03,326 [INFO] CodeEngine:289 - Generated code: D:\STM32\Lab\Practice3-i2c-eeprom-random-number\MXTmpFiles\rtos_vars.tmp
2025-11-25 00:23:03,336 [INFO] CodeEngine:265 - oldGeneratedFile, D:\STM32\Lab\Practice3-i2c-eeprom-random-number\MXTmpFiles\rtos_pfp.tmp_save
2025-11-25 00:23:03,386 [INFO] CodeEngine:289 - Generated code: D:\STM32\Lab\Practice3-i2c-eeprom-random-number\MXTmpFiles\rtos_pfp.tmp
2025-11-25 00:23:03,390 [INFO] CodeEngine:265 - oldGeneratedFile, D:\STM32\Lab\Practice3-i2c-eeprom-random-number\MXTmpFiles\rtos_obj_creat.tmp_save
2025-11-25 00:23:03,451 [INFO] CodeEngine:289 - Generated code: D:\STM32\Lab\Practice3-i2c-eeprom-random-number\MXTmpFiles\rtos_obj_creat.tmp
2025-11-25 00:23:03,455 [INFO] CodeEngine:265 - oldGeneratedFile, D:\STM32\Lab\Practice3-i2c-eeprom-random-number\MXTmpFiles\rtos_default_thread.tmp_save
2025-11-25 00:23:03,501 [INFO] CodeEngine:289 - Generated code: D:\STM32\Lab\Practice3-i2c-eeprom-random-number\MXTmpFiles\rtos_default_thread.tmp
2025-11-25 00:23:03,505 [INFO] CodeEngine:265 - oldGeneratedFile, D:\STM32\Lab\Practice3-i2c-eeprom-random-number\MXTmpFiles\rtos_threads.tmp_save
2025-11-25 00:23:03,550 [INFO] CodeEngine:289 - Generated code: D:\STM32\Lab\Practice3-i2c-eeprom-random-number\MXTmpFiles\rtos_threads.tmp
2025-11-25 00:23:03,562 [INFO] Middleware:1452 - No code input for Bsp Dependency
2025-11-25 00:23:03,569 [INFO] CodeEngine:265 - oldGeneratedFile, D:\STM32\Lab\Practice3-i2c-eeprom-random-number\MXTmpFiles\rtos_inc.tmp_save
2025-11-25 00:23:03,613 [INFO] CodeEngine:289 - Generated code: D:\STM32\Lab\Practice3-i2c-eeprom-random-number\MXTmpFiles\rtos_inc.tmp
2025-11-25 00:23:03,618 [INFO] CodeEngine:265 - oldGeneratedFile, D:\STM32\Lab\Practice3-i2c-eeprom-random-number\MXTmpFiles\rtos_kernelInit.tmp_save
2025-11-25 00:23:03,665 [INFO] CodeEngine:289 - Generated code: D:\STM32\Lab\Practice3-i2c-eeprom-random-number\MXTmpFiles\rtos_kernelInit.tmp
2025-11-25 00:23:03,670 [INFO] CodeEngine:265 - oldGeneratedFile, D:\STM32\Lab\Practice3-i2c-eeprom-random-number\MXTmpFiles\rtos_kernelStart.tmp_save
2025-11-25 00:23:03,717 [INFO] CodeEngine:289 - Generated code: D:\STM32\Lab\Practice3-i2c-eeprom-random-number\MXTmpFiles\rtos_kernelStart.tmp
2025-11-25 00:23:03,722 [INFO] CodeEngine:265 - oldGeneratedFile, D:\STM32\Lab\Practice3-i2c-eeprom-random-number\MXTmpFiles\rtos_typedefs.tmp_save
2025-11-25 00:23:03,769 [INFO] CodeEngine:289 - Generated code: D:\STM32\Lab\Practice3-i2c-eeprom-random-number\MXTmpFiles\rtos_typedefs.tmp
2025-11-25 00:23:03,773 [INFO] CodeEngine:265 - oldGeneratedFile, D:\STM32\Lab\Practice3-i2c-eeprom-random-number\MXTmpFiles\rtos_vars.tmp_save
2025-11-25 00:23:03,816 [INFO] CodeEngine:289 - Generated code: D:\STM32\Lab\Practice3-i2c-eeprom-random-number\MXTmpFiles\rtos_vars.tmp
2025-11-25 00:23:03,820 [INFO] CodeEngine:265 - oldGeneratedFile, D:\STM32\Lab\Practice3-i2c-eeprom-random-number\MXTmpFiles\rtos_pfp.tmp_save
2025-11-25 00:23:03,861 [INFO] CodeEngine:289 - Generated code: D:\STM32\Lab\Practice3-i2c-eeprom-random-number\MXTmpFiles\rtos_pfp.tmp
2025-11-25 00:23:03,865 [INFO] CodeEngine:265 - oldGeneratedFile, D:\STM32\Lab\Practice3-i2c-eeprom-random-number\MXTmpFiles\rtos_obj_creat.tmp_save
2025-11-25 00:23:03,906 [INFO] CodeEngine:289 - Generated code: D:\STM32\Lab\Practice3-i2c-eeprom-random-number\MXTmpFiles\rtos_obj_creat.tmp
2025-11-25 00:23:03,911 [INFO] CodeEngine:265 - oldGeneratedFile, D:\STM32\Lab\Practice3-i2c-eeprom-random-number\MXTmpFiles\rtos_default_thread.tmp_save
2025-11-25 00:23:03,950 [INFO] CodeEngine:289 - Generated code: D:\STM32\Lab\Practice3-i2c-eeprom-random-number\MXTmpFiles\rtos_default_thread.tmp
2025-11-25 00:23:03,954 [INFO] CodeEngine:265 - oldGeneratedFile, D:\STM32\Lab\Practice3-i2c-eeprom-random-number\MXTmpFiles\rtos_threads.tmp_save
2025-11-25 00:23:03,992 [INFO] CodeEngine:289 - Generated code: D:\STM32\Lab\Practice3-i2c-eeprom-random-number\MXTmpFiles\rtos_threads.tmp
2025-11-25 00:23:03,996 [INFO] CodeEngine:265 - oldGeneratedFile, D:\STM32\Lab\Practice3-i2c-eeprom-random-number\Core\Inc\FreeRTOSConfig.h_save
2025-11-25 00:23:04,062 [INFO] CodeEngine:289 - Generated code: D:\STM32\Lab\Practice3-i2c-eeprom-random-number\Core\Inc\FreeRTOSConfig.h
2025-11-25 00:23:04,066 [INFO] CodeEngine:265 - oldGeneratedFile, D:\STM32\Lab\Practice3-i2c-eeprom-random-number\Core\Src\freertos.c_save
2025-11-25 00:23:04,114 [INFO] CodeEngine:289 - Generated code: D:\STM32\Lab\Practice3-i2c-eeprom-random-number\Core\Src\freertos.c
2025-11-25 00:23:04,125 [INFO] CodeEngine:265 - oldGeneratedFile, D:\STM32\Lab\Practice3-i2c-eeprom-random-number\Core\Src\stm32l4xx_it.c_save
2025-11-25 00:23:04,210 [INFO] CodeEngine:289 - Generated code: D:\STM32\Lab\Practice3-i2c-eeprom-random-number\Core\Src\stm32l4xx_it.c
2025-11-25 00:23:04,215 [INFO] CodeEngine:265 - oldGeneratedFile, D:\STM32\Lab\Practice3-i2c-eeprom-random-number\Core\Inc\stm32l4xx_it.h_save
2025-11-25 00:23:04,264 [INFO] CodeEngine:289 - Generated code: D:\STM32\Lab\Practice3-i2c-eeprom-random-number\Core\Inc\stm32l4xx_it.h
2025-11-25 00:23:04,277 [INFO] CodeEngine:265 - oldGeneratedFile, D:\STM32\Lab\Practice3-i2c-eeprom-random-number\Core\Src\stm32l4xx_hal_msp.c_save
2025-11-25 00:23:04,379 [INFO] CodeEngine:289 - Generated code: D:\STM32\Lab\Practice3-i2c-eeprom-random-number\Core\Src\stm32l4xx_hal_msp.c
2025-11-25 00:23:04,383 [INFO] CodeEngine:265 - oldGeneratedFile, D:\STM32\Lab\Practice3-i2c-eeprom-random-number\MXTmpFiles\system.tmp_save
2025-11-25 00:23:04,429 [INFO] CodeEngine:289 - Generated code: D:\STM32\Lab\Practice3-i2c-eeprom-random-number\MXTmpFiles\system.tmp
2025-11-25 00:23:04,439 [INFO] CodeEngine:321 - oldGeneratedFile, D:\STM32\Lab\Practice3-i2c-eeprom-random-number\Core\Inc\stm32l4xx_hal_conf.h_save
2025-11-25 00:23:04,487 [INFO] CodeEngine:345 - Generated code: D:\STM32\Lab\Practice3-i2c-eeprom-random-number\Core\Inc\stm32l4xx_hal_conf.h
2025-11-25 00:23:04,515 [INFO] ApiDbMcu:532 - Load IP Config File for I2C1
2025-11-25 00:23:04,518 [INFO] ApiDbMcu:532 - Load IP Config File for RCC
2025-11-25 00:23:04,529 [INFO] CodeEngine:265 - oldGeneratedFile, D:\STM32\Lab\Practice3-i2c-eeprom-random-number\Core\Inc\main.h_save
2025-11-25 00:23:04,608 [INFO] CodeEngine:289 - Generated code: D:\STM32\Lab\Practice3-i2c-eeprom-random-number\Core\Inc\main.h
2025-11-25 00:23:04,614 [INFO] CodeEngine:265 - oldGeneratedFile, D:\STM32\Lab\Practice3-i2c-eeprom-random-number\Core\Src\main.c_save
2025-11-25 00:23:04,741 [INFO] CodeEngine:289 - Generated code: D:\STM32\Lab\Practice3-i2c-eeprom-random-number\Core\Src\main.c
2025-11-25 00:23:05,287 [INFO] ProjectBuilder:3606 - Time for Copy HAL[1] : 376mS.
2025-11-25 00:23:05,296 [INFO] ProjectBuilder:5216 - Project Generator version: 4.7.0-B52
2025-11-25 00:23:05,363 [INFO] ConfigFileManager:1595 - The Die is : DIE415
2025-11-25 00:23:05,369 [INFO] ApiDbMcu:532 - Load IP Config File for FATFS
2025-11-25 00:23:05,379 [INFO] ApiDbMcu:532 - Load IP Config File for TOUCHSENSING
2025-11-25 00:23:05,385 [INFO] ApiDbMcu:532 - Load IP Config File for USB_DEVICE
2025-11-25 00:23:05,390 [INFO] ApiDbMcu:532 - Load IP Config File for USB_HOST
2025-11-25 00:23:05,745 [INFO] LogOutputStream:77 - [STDOUT_REDIRECT] 
2025-11-25 00:23:07,139 [INFO] ProjectBuilder:5496 - Time for Generating toolchain IDE Files: 1843mS.
2025-11-25 00:23:07,139 [INFO] ProjectBuilder:3463 - Time for Copy CMSIS : 0mS.
2025-11-25 00:23:07,144 [INFO] ProjectBuilder:3463 - Time for Copy CMSIS : 0mS.
2025-11-25 00:53:31,648 [INFO] UtilMem:75 - End SaveConfig() Used Memory: 925843408 Bytes (1073741824)
2025-11-25 00:53:33,367 [INFO] BlockDiagram:2775 - set Specific Code input for plugin: FREERTOS
2025-11-25 00:53:33,367 [INFO] BlockDiagram:2775 - set Specific Code input for plugin: SYS
2025-11-25 00:53:33,367 [INFO] BlockDiagram:2775 - set Specific Code input for plugin: RCC
2025-11-25 00:53:33,367 [INFO] BlockDiagram:2775 - set Specific Code input for plugin: I2C
2025-11-25 00:53:33,367 [INFO] BlockDiagram:2775 - set Specific Code input for plugin: NVIC
2025-11-25 00:53:33,368 [INFO] BlockDiagram:2775 - set Specific Code input for plugin: GPIO
2025-11-25 00:53:33,369 [INFO] CodeGenerator:892 - code generatio: config db path: C:\ST\STM32CubeIDE_1.19.0\STM32CubeIDE\plugins\com.st.stm32cube.common.mx_6.15.0.202507011659\\db\
2025-11-25 00:53:33,451 [INFO] CodeEngine:265 - oldGeneratedFile, D:\STM32\Lab\Practice3-i2c-eeprom-random-number\MXTmpFiles\license.tmp_save
2025-11-25 00:53:33,667 [INFO] CodeEngine:289 - Generated code: D:\STM32\Lab\Practice3-i2c-eeprom-random-number\MXTmpFiles\license.tmp
2025-11-25 00:53:33,739 [INFO] CodeEngine:265 - oldGeneratedFile, D:\STM32\Lab\Practice3-i2c-eeprom-random-number\MXTmpFiles\gpio.tmp_save
2025-11-25 00:53:33,829 [INFO] CodeEngine:289 - Generated code: D:\STM32\Lab\Practice3-i2c-eeprom-random-number\MXTmpFiles\gpio.tmp
2025-11-25 00:53:34,016 [INFO] Middleware:1452 - No code input for Bsp Dependency
2025-11-25 00:53:34,022 [INFO] CodeEngine:265 - oldGeneratedFile, D:\STM32\Lab\Practice3-i2c-eeprom-random-number\MXTmpFiles\rtos_inc.tmp_save
2025-11-25 00:53:34,089 [INFO] CodeEngine:289 - Generated code: D:\STM32\Lab\Practice3-i2c-eeprom-random-number\MXTmpFiles\rtos_inc.tmp
2025-11-25 00:53:34,092 [INFO] CodeEngine:265 - oldGeneratedFile, D:\STM32\Lab\Practice3-i2c-eeprom-random-number\MXTmpFiles\rtos_kernelInit.tmp_save
2025-11-25 00:53:34,158 [INFO] CodeEngine:289 - Generated code: D:\STM32\Lab\Practice3-i2c-eeprom-random-number\MXTmpFiles\rtos_kernelInit.tmp
2025-11-25 00:53:34,161 [INFO] CodeEngine:265 - oldGeneratedFile, D:\STM32\Lab\Practice3-i2c-eeprom-random-number\MXTmpFiles\rtos_kernelStart.tmp_save
2025-11-25 00:53:34,223 [INFO] CodeEngine:289 - Generated code: D:\STM32\Lab\Practice3-i2c-eeprom-random-number\MXTmpFiles\rtos_kernelStart.tmp
2025-11-25 00:53:34,227 [INFO] CodeEngine:265 - oldGeneratedFile, D:\STM32\Lab\Practice3-i2c-eeprom-random-number\MXTmpFiles\rtos_typedefs.tmp_save
2025-11-25 00:53:34,290 [INFO] CodeEngine:289 - Generated code: D:\STM32\Lab\Practice3-i2c-eeprom-random-number\MXTmpFiles\rtos_typedefs.tmp
2025-11-25 00:53:34,294 [INFO] CodeEngine:265 - oldGeneratedFile, D:\STM32\Lab\Practice3-i2c-eeprom-random-number\MXTmpFiles\rtos_vars.tmp_save
2025-11-25 00:53:34,358 [INFO] CodeEngine:289 - Generated code: D:\STM32\Lab\Practice3-i2c-eeprom-random-number\MXTmpFiles\rtos_vars.tmp
2025-11-25 00:53:34,361 [INFO] CodeEngine:265 - oldGeneratedFile, D:\STM32\Lab\Practice3-i2c-eeprom-random-number\MXTmpFiles\rtos_pfp.tmp_save
2025-11-25 00:53:34,424 [INFO] CodeEngine:289 - Generated code: D:\STM32\Lab\Practice3-i2c-eeprom-random-number\MXTmpFiles\rtos_pfp.tmp
2025-11-25 00:53:34,435 [INFO] CodeEngine:265 - oldGeneratedFile, D:\STM32\Lab\Practice3-i2c-eeprom-random-number\MXTmpFiles\rtos_obj_creat.tmp_save
2025-11-25 00:53:34,491 [INFO] CodeEngine:289 - Generated code: D:\STM32\Lab\Practice3-i2c-eeprom-random-number\MXTmpFiles\rtos_obj_creat.tmp
2025-11-25 00:53:34,494 [INFO] CodeEngine:265 - oldGeneratedFile, D:\STM32\Lab\Practice3-i2c-eeprom-random-number\MXTmpFiles\rtos_default_thread.tmp_save
2025-11-25 00:53:34,546 [INFO] CodeEngine:289 - Generated code: D:\STM32\Lab\Practice3-i2c-eeprom-random-number\MXTmpFiles\rtos_default_thread.tmp
2025-11-25 00:53:34,550 [INFO] CodeEngine:265 - oldGeneratedFile, D:\STM32\Lab\Practice3-i2c-eeprom-random-number\MXTmpFiles\rtos_threads.tmp_save
2025-11-25 00:53:34,601 [INFO] CodeEngine:289 - Generated code: D:\STM32\Lab\Practice3-i2c-eeprom-random-number\MXTmpFiles\rtos_threads.tmp
2025-11-25 00:53:34,614 [INFO] Middleware:1452 - No code input for Bsp Dependency
2025-11-25 00:53:34,621 [INFO] CodeEngine:265 - oldGeneratedFile, D:\STM32\Lab\Practice3-i2c-eeprom-random-number\MXTmpFiles\rtos_inc.tmp_save
2025-11-25 00:53:34,671 [INFO] CodeEngine:289 - Generated code: D:\STM32\Lab\Practice3-i2c-eeprom-random-number\MXTmpFiles\rtos_inc.tmp
2025-11-25 00:53:34,676 [INFO] CodeEngine:265 - oldGeneratedFile, D:\STM32\Lab\Practice3-i2c-eeprom-random-number\MXTmpFiles\rtos_kernelInit.tmp_save
2025-11-25 00:53:34,727 [INFO] CodeEngine:289 - Generated code: D:\STM32\Lab\Practice3-i2c-eeprom-random-number\MXTmpFiles\rtos_kernelInit.tmp
2025-11-25 00:53:34,732 [INFO] CodeEngine:265 - oldGeneratedFile, D:\STM32\Lab\Practice3-i2c-eeprom-random-number\MXTmpFiles\rtos_kernelStart.tmp_save
2025-11-25 00:53:34,776 [INFO] CodeEngine:289 - Generated code: D:\STM32\Lab\Practice3-i2c-eeprom-random-number\MXTmpFiles\rtos_kernelStart.tmp
2025-11-25 00:53:34,781 [INFO] CodeEngine:265 - oldGeneratedFile, D:\STM32\Lab\Practice3-i2c-eeprom-random-number\MXTmpFiles\rtos_typedefs.tmp_save
2025-11-25 00:53:34,826 [INFO] CodeEngine:289 - Generated code: D:\STM32\Lab\Practice3-i2c-eeprom-random-number\MXTmpFiles\rtos_typedefs.tmp
2025-11-25 00:53:34,831 [INFO] CodeEngine:265 - oldGeneratedFile, D:\STM32\Lab\Practice3-i2c-eeprom-random-number\MXTmpFiles\rtos_vars.tmp_save
2025-11-25 00:53:34,877 [INFO] CodeEngine:289 - Generated code: D:\STM32\Lab\Practice3-i2c-eeprom-random-number\MXTmpFiles\rtos_vars.tmp
2025-11-25 00:53:34,882 [INFO] CodeEngine:265 - oldGeneratedFile, D:\STM32\Lab\Practice3-i2c-eeprom-random-number\MXTmpFiles\rtos_pfp.tmp_save
2025-11-25 00:53:34,927 [INFO] CodeEngine:289 - Generated code: D:\STM32\Lab\Practice3-i2c-eeprom-random-number\MXTmpFiles\rtos_pfp.tmp
2025-11-25 00:53:34,932 [INFO] CodeEngine:265 - oldGeneratedFile, D:\STM32\Lab\Practice3-i2c-eeprom-random-number\MXTmpFiles\rtos_obj_creat.tmp_save
2025-11-25 00:53:34,978 [INFO] CodeEngine:289 - Generated code: D:\STM32\Lab\Practice3-i2c-eeprom-random-number\MXTmpFiles\rtos_obj_creat.tmp
2025-11-25 00:53:34,983 [INFO] CodeEngine:265 - oldGeneratedFile, D:\STM32\Lab\Practice3-i2c-eeprom-random-number\MXTmpFiles\rtos_default_thread.tmp_save
2025-11-25 00:53:35,029 [INFO] CodeEngine:289 - Generated code: D:\STM32\Lab\Practice3-i2c-eeprom-random-number\MXTmpFiles\rtos_default_thread.tmp
2025-11-25 00:53:35,033 [INFO] CodeEngine:265 - oldGeneratedFile, D:\STM32\Lab\Practice3-i2c-eeprom-random-number\MXTmpFiles\rtos_threads.tmp_save
2025-11-25 00:53:35,078 [INFO] CodeEngine:289 - Generated code: D:\STM32\Lab\Practice3-i2c-eeprom-random-number\MXTmpFiles\rtos_threads.tmp
2025-11-25 00:53:35,083 [INFO] CodeEngine:265 - oldGeneratedFile, D:\STM32\Lab\Practice3-i2c-eeprom-random-number\Core\Inc\FreeRTOSConfig.h_save
2025-11-25 00:53:35,147 [INFO] CodeEngine:289 - Generated code: D:\STM32\Lab\Practice3-i2c-eeprom-random-number\Core\Inc\FreeRTOSConfig.h
2025-11-25 00:53:35,151 [INFO] CodeEngine:265 - oldGeneratedFile, D:\STM32\Lab\Practice3-i2c-eeprom-random-number\Core\Src\freertos.c_save
2025-11-25 00:53:35,200 [INFO] CodeEngine:289 - Generated code: D:\STM32\Lab\Practice3-i2c-eeprom-random-number\Core\Src\freertos.c
2025-11-25 00:53:35,211 [INFO] CodeEngine:265 - oldGeneratedFile, D:\STM32\Lab\Practice3-i2c-eeprom-random-number\Core\Src\stm32l4xx_it.c_save
2025-11-25 00:53:35,374 [INFO] CodeEngine:289 - Generated code: D:\STM32\Lab\Practice3-i2c-eeprom-random-number\Core\Src\stm32l4xx_it.c
2025-11-25 00:53:35,379 [INFO] CodeEngine:265 - oldGeneratedFile, D:\STM32\Lab\Practice3-i2c-eeprom-random-number\Core\Inc\stm32l4xx_it.h_save
2025-11-25 00:53:35,424 [INFO] CodeEngine:289 - Generated code: D:\STM32\Lab\Practice3-i2c-eeprom-random-number\Core\Inc\stm32l4xx_it.h
2025-11-25 00:53:35,436 [INFO] CodeEngine:265 - oldGeneratedFile, D:\STM32\Lab\Practice3-i2c-eeprom-random-number\Core\Src\stm32l4xx_hal_msp.c_save
2025-11-25 00:53:35,525 [INFO] CodeEngine:289 - Generated code: D:\STM32\Lab\Practice3-i2c-eeprom-random-number\Core\Src\stm32l4xx_hal_msp.c
2025-11-25 00:53:35,528 [INFO] CodeEngine:265 - oldGeneratedFile, D:\STM32\Lab\Practice3-i2c-eeprom-random-number\MXTmpFiles\system.tmp_save
2025-11-25 00:53:35,571 [INFO] CodeEngine:289 - Generated code: D:\STM32\Lab\Practice3-i2c-eeprom-random-number\MXTmpFiles\system.tmp
2025-11-25 00:53:35,581 [INFO] CodeEngine:321 - oldGeneratedFile, D:\STM32\Lab\Practice3-i2c-eeprom-random-number\Core\Inc\stm32l4xx_hal_conf.h_save
2025-11-25 00:53:35,630 [INFO] CodeEngine:345 - Generated code: D:\STM32\Lab\Practice3-i2c-eeprom-random-number\Core\Inc\stm32l4xx_hal_conf.h
2025-11-25 00:53:35,659 [INFO] CodeEngine:265 - oldGeneratedFile, D:\STM32\Lab\Practice3-i2c-eeprom-random-number\Core\Inc\main.h_save
2025-11-25 00:53:35,730 [INFO] CodeEngine:289 - Generated code: D:\STM32\Lab\Practice3-i2c-eeprom-random-number\Core\Inc\main.h
2025-11-25 00:53:35,734 [INFO] CodeEngine:265 - oldGeneratedFile, D:\STM32\Lab\Practice3-i2c-eeprom-random-number\Core\Src\main.c_save
2025-11-25 00:53:35,822 [INFO] CodeEngine:289 - Generated code: D:\STM32\Lab\Practice3-i2c-eeprom-random-number\Core\Src\main.c
2025-11-25 00:53:36,244 [INFO] ProjectBuilder:3606 - Time for Copy HAL[1] : 243mS.
2025-11-25 00:53:36,248 [INFO] ProjectBuilder:5216 - Project Generator version: 4.7.0-B52
2025-11-25 00:53:36,321 [INFO] ConfigFileManager:1595 - The Die is : DIE415
2025-11-25 00:53:37,043 [INFO] ProjectBuilder:5496 - Time for Generating toolchain IDE Files: 796mS.
2025-11-25 00:53:37,044 [INFO] ProjectBuilder:3463 - Time for Copy CMSIS : 0mS.
2025-11-25 00:53:37,051 [INFO] ProjectBuilder:3463 - Time for Copy CMSIS : 0mS.
2025-11-25 21:55:34,940 [INFO] Activator:176 - 


2025-11-25 21:55:34,943 [INFO] Activator:177 - !SESSION log4j initialized
2025-11-25 21:55:44,181 [INFO] LogOutputStream:77 - [STDOUT_REDIRECT] 
2025-11-25 21:55:58,868 [INFO] ApplicationProperties:184 - Using Application install path: C:\ST\STM32CubeIDE_1.19.0\STM32CubeIDE\plugins\com.st.stm32cube.common.mx_6.15.0.202507011659
2025-11-25 21:55:58,885 [INFO] DbMcusXml:78 - Set database path to: C:\ST\STM32CubeIDE_1.19.0\STM32CubeIDE\plugins\com.st.stm32cube.common.mx_6.15.0.202507011659\\db\/mcu/
2025-11-25 21:55:58,885 [INFO] ApiDb:274 - Set plugin database path to: C:\ST\STM32CubeIDE_1.19.0\STM32CubeIDE\plugins\com.st.stm32cube.common.mx_6.15.0.202507011659\\db\/plugins/boardmanager/
2025-11-25 21:55:58,886 [WARN] ApiDb:259 - Overriding images path with different value:  => C:\ST\STM32CubeIDE_1.19.0\STM32CubeIDE\plugins\com.st.stm32cube.common.mx_6.15.0.202507011659\\db\/plugins/mcufinder/images/
2025-11-25 21:55:58,892 [INFO] ApiDb:250 - Set database path to: C:\Users\user\.stmcufinder\plugins\mcufinder//mcu/
2025-11-25 21:55:58,893 [INFO] DbMcusAds:125 - Set database path to: C:\Users\user\.stmcufinder\plugins\mcufinder//mcu/
2025-11-25 21:55:59,931 [INFO] CrossReferenceDbSqlite:203 - Set database path to: C:\Users\user\.stmcufinder\plugins\mcufinder//mcu/cs/
2025-11-25 21:56:00,048 [INFO] RulesReader:64 - Compatibility file has been processed (317 Rules)
2025-11-25 21:56:00,156 [INFO] DbMcusXml:78 - Set database path to: C:\ST\STM32CubeIDE_1.19.0\STM32CubeIDE\plugins\com.st.stm32cube.common.mx_6.15.0.202507011659\\db\/mcu/
2025-11-25 21:56:00,158 [INFO] ApiDb:274 - Set plugin database path to: C:\ST\STM32CubeIDE_1.19.0\STM32CubeIDE\plugins\com.st.stm32cube.common.mx_6.15.0.202507011659\\db\/plugins/boardmanager/
2025-11-25 21:56:00,158 [INFO] ApiDb:261 - Set plugin images path to: C:\ST\STM32CubeIDE_1.19.0\STM32CubeIDE\plugins\com.st.stm32cube.common.mx_6.15.0.202507011659\\db\/plugins/mcufinder/images/
2025-11-25 21:56:00,158 [WARN] DbFile:41 - Overriding database path with different value: C:\Users\user\.stmcufinder\plugins\mcufinder/ => C:\Users\user\.stmcufinder\plugins\mcufinder
2025-11-25 21:56:00,158 [INFO] ApiDb:250 - Set database path to: C:\Users\user\.stmcufinder\plugins\mcufinder//mcu/
2025-11-25 21:56:00,158 [WARN] DbFile:41 - Overriding database path with different value: C:\Users\user\.stmcufinder\plugins\mcufinder/ => C:\Users\user\.stmcufinder\plugins\mcufinder
2025-11-25 21:56:00,158 [INFO] DbMcusAds:125 - Set database path to: C:\Users\user\.stmcufinder\plugins\mcufinder//mcu/
2025-11-25 21:56:00,158 [WARN] DbFile:41 - Overriding database path with different value: C:\Users\user\.stmcufinder\plugins\mcufinder/ => C:\Users\user\.stmcufinder\plugins\mcufinder
2025-11-25 21:56:00,159 [WARN] DbFile:41 - Overriding database path with different value: C:\Users\user\.stmcufinder\plugins\mcufinder/ => C:\Users\user\.stmcufinder\plugins\mcufinder
2025-11-25 21:56:00,159 [INFO] CrossReferenceDbSqlite:203 - Set database path to: C:\Users\user\.stmcufinder\plugins\mcufinder//mcu/cs/
2025-11-25 21:56:00,235 [INFO] MainPanel:274 - HeapMemory: 270532608
2025-11-25 21:56:00,359 [INFO] DbMcusXml:78 - Set database path to: C:\ST\STM32CubeIDE_1.19.0\STM32CubeIDE\plugins\com.st.stm32cube.common.mx_6.15.0.202507011659\\db\/mcu/
2025-11-25 21:56:00,359 [INFO] ApiDb:274 - Set plugin database path to: C:\ST\STM32CubeIDE_1.19.0\STM32CubeIDE\plugins\com.st.stm32cube.common.mx_6.15.0.202507011659\\db\/plugins/boardmanager/
2025-11-25 21:56:00,359 [INFO] ApiDb:261 - Set plugin images path to: C:\ST\STM32CubeIDE_1.19.0\STM32CubeIDE\plugins\com.st.stm32cube.common.mx_6.15.0.202507011659\\db\/plugins/mcufinder/images/
2025-11-25 21:56:00,359 [WARN] DbFile:41 - Overriding database path with different value: C:\Users\user\.stmcufinder\plugins\mcufinder/ => C:\Users\user\.stmcufinder\plugins\mcufinder
2025-11-25 21:56:00,359 [INFO] ApiDb:250 - Set database path to: C:\Users\user\.stmcufinder\plugins\mcufinder//mcu/
2025-11-25 21:56:00,359 [WARN] DbFile:41 - Overriding database path with different value: C:\Users\user\.stmcufinder\plugins\mcufinder/ => C:\Users\user\.stmcufinder\plugins\mcufinder
2025-11-25 21:56:00,359 [INFO] DbMcusAds:125 - Set database path to: C:\Users\user\.stmcufinder\plugins\mcufinder//mcu/
2025-11-25 21:56:00,359 [WARN] DbFile:41 - Overriding database path with different value: C:\Users\user\.stmcufinder\plugins\mcufinder/ => C:\Users\user\.stmcufinder\plugins\mcufinder
2025-11-25 21:56:00,360 [WARN] DbFile:41 - Overriding database path with different value: C:\Users\user\.stmcufinder\plugins\mcufinder/ => C:\Users\user\.stmcufinder\plugins\mcufinder
2025-11-25 21:56:00,360 [INFO] CrossReferenceDbSqlite:203 - Set database path to: C:\Users\user\.stmcufinder\plugins\mcufinder//mcu/cs/
2025-11-25 21:56:00,379 [INFO] ApplicationProperties:184 - Using Application install path: C:\ST\STM32CubeIDE_1.19.0\STM32CubeIDE\plugins\com.st.stm32cube.common.mx_6.15.0.202507011659
2025-11-25 21:56:00,380 [INFO] PluginManage:196 - Search for loadable plugins [exclusion list=, ]
2025-11-25 21:56:00,381 [INFO] PluginManage:310 - Check plugin analytics
2025-11-25 21:56:00,572 [INFO] AnalyticsPlugin:253 - Accepted Software Licenses: 
2025-11-25 21:56:00,572 [INFO] AnalyticsPlugin:255 - Accepted CMSIS Pack Licenses: 
2025-11-25 21:56:00,572 [INFO] AnalyticsPlugin:257 - Accepted Firmware Licenses: FW.L4.1.18.0
2025-11-25 21:56:00,576 [INFO] PluginManage:359 - Loaded plugin analytics (category:tool,tabindex:-1)
2025-11-25 21:56:00,576 [INFO] PluginManage:310 - Check plugin cadmodel
2025-11-25 21:56:00,584 [INFO] CADModel:105 - Init CAD model plugin
2025-11-25 21:56:00,584 [INFO] PluginManage:359 - Loaded plugin cadmodel (category:power,tabindex:5)
2025-11-25 21:56:00,584 [INFO] PluginManage:310 - Check plugin clock
2025-11-25 21:56:00,595 [INFO] PluginManage:359 - Loaded plugin clock (category:base,tabindex:2)
2025-11-25 21:56:00,595 [INFO] PluginManage:310 - Check plugin ddr
2025-11-25 21:56:00,596 [INFO] PluginManage:359 - Loaded plugin ddr (category:tool,tabindex:6)
2025-11-25 21:56:00,597 [INFO] PluginManage:310 - Check plugin filemanager
2025-11-25 21:56:00,732 [INFO] PluginManage:359 - Loaded plugin filemanager (category:base,tabindex:10)
2025-11-25 21:56:00,732 [INFO] PluginManage:310 - Check plugin ipmanager
2025-11-25 21:56:00,737 [INFO] PluginManage:359 - Loaded plugin ipmanager (category:base,tabindex:5)
2025-11-25 21:56:00,738 [INFO] PluginManage:310 - Check plugin lpbam
2025-11-25 21:56:00,745 [INFO] PluginManage:359 - Loaded plugin lpbam (category:base,tabindex:0)
2025-11-25 21:56:00,745 [INFO] PluginManage:310 - Check plugin memorymap
2025-11-25 21:56:00,760 [INFO] PluginManage:359 - Loaded plugin memorymap (category:base,tabindex:4)
2025-11-25 21:56:00,760 [INFO] PluginManage:310 - Check plugin pinoutandconfiguration
2025-11-25 21:56:00,777 [INFO] PluginManage:359 - Loaded plugin pinoutandconfiguration (category:base,tabindex:1)
2025-11-25 21:56:00,777 [INFO] PluginManage:310 - Check plugin pinoutconfig
2025-11-25 21:56:00,875 [WARN] SupportedApi:132 - Cannot load RTOS API schema: s4s-elt-must-match.1: The content of 'definitions' must match (annotation?, (simpleType | complexType)?, (unique | key | keyref)*)). A problem was found starting at: attribute.
2025-11-25 21:56:01,000 [INFO] PluginManage:359 - Loaded plugin pinoutconfig (category:base,tabindex:0)
2025-11-25 21:56:01,000 [INFO] PluginManage:310 - Check plugin power
2025-11-25 21:56:01,011 [INFO] PluginManage:359 - Loaded plugin power (category:power,tabindex:4)
2025-11-25 21:56:01,012 [INFO] PluginManage:310 - Check plugin projectmanager
2025-11-25 21:56:01,025 [INFO] PluginManage:359 - Loaded plugin projectmanager (category:projectmanager,tabindex:4)
2025-11-25 21:56:01,025 [INFO] PluginManage:310 - Check plugin rif
2025-11-25 21:56:01,036 [INFO] PluginManage:359 - Loaded plugin rif (category:base,tabindex:3)
2025-11-25 21:56:01,036 [INFO] PluginManage:310 - Check plugin thirdparty
2025-11-25 21:56:01,163 [INFO] PluginManage:359 - Loaded plugin thirdparty (category:base,tabindex:-1)
2025-11-25 21:56:01,163 [WARN] IntegrityCheckThread:84 - waiting for thirdparty lock release [integrity check]
2025-11-25 21:56:01,163 [INFO] PluginManage:310 - Check plugin tools
2025-11-25 21:56:01,163 [INFO] IntegrityCheckThread:86 - entering critical section [integrity check]
2025-11-25 21:56:01,163 [INFO] ThirdPartyUpdaterWithRetryManager:70 - Updater plugin not ready yet. [1/15]
2025-11-25 21:56:01,165 [INFO] PluginManage:359 - Loaded plugin tools (category:base,tabindex:7)
2025-11-25 21:56:01,165 [INFO] PluginManage:310 - Check plugin tutovideos
2025-11-25 21:56:01,392 [INFO] PluginManage:359 - Loaded plugin tutovideos (category:base,tabindex:-1)
2025-11-25 21:56:01,392 [INFO] PluginManage:310 - Check plugin updater
2025-11-25 21:56:01,409 [INFO] PluginManage:359 - Loaded plugin updater (category:base,tabindex:12)
2025-11-25 21:56:01,410 [INFO] PluginManage:310 - Check plugin userauth
2025-11-25 21:56:01,414 [INFO] UserAuth:118 - Init User Auth plugin
2025-11-25 21:56:01,414 [INFO] PluginManage:359 - Loaded plugin userauth (category:base,tabindex:14)
2025-11-25 21:56:01,415 [INFO] PluginManage:283 - PluginManage : Loaded plugins [18]
2025-11-25 21:56:01,618 [INFO] PinOutPanel:1589 - setPackage(No Configuration,No Configuration)
2025-11-25 21:56:01,693 [INFO] CADModel:165 - CPN selected for project level
2025-11-25 21:56:01,693 [INFO] CADModel:114 - Register for checkConnection events
2025-11-25 21:56:01,709 [INFO] IPUIPlugin:80 - create IPUIPlugin
2025-11-25 21:56:01,709 [INFO] PluginManager:220 - loadIPPluginJar : add adc
2025-11-25 21:56:01,712 [INFO] IPUIPlugin:80 - create IPUIPlugin
2025-11-25 21:56:01,712 [INFO] PluginManager:220 - loadIPPluginJar : add aes
2025-11-25 21:56:01,714 [INFO] IPUIPlugin:80 - create IPUIPlugin
2025-11-25 21:56:01,714 [INFO] PluginManager:220 - loadIPPluginJar : add can
2025-11-25 21:56:01,717 [INFO] IPUIPlugin:80 - create IPUIPlugin
2025-11-25 21:56:01,717 [INFO] PluginManager:220 - loadIPPluginJar : add comp
2025-11-25 21:56:01,719 [INFO] IPUIPlugin:80 - create IPUIPlugin
2025-11-25 21:56:01,719 [INFO] PluginManager:220 - loadIPPluginJar : add cryp
2025-11-25 21:56:01,723 [INFO] IPUIPlugin:80 - create IPUIPlugin
2025-11-25 21:56:01,723 [INFO] PluginManager:220 - loadIPPluginJar : add ddr_ctrl_phy
2025-11-25 21:56:01,726 [INFO] IPUIPlugin:80 - create IPUIPlugin
2025-11-25 21:56:01,726 [INFO] PluginManager:220 - loadIPPluginJar : add dfsdm
2025-11-25 21:56:01,730 [INFO] IPUIPlugin:80 - create IPUIPlugin
2025-11-25 21:56:01,731 [INFO] PluginManager:220 - loadIPPluginJar : add dma
2025-11-25 21:56:01,733 [INFO] IPUIPlugin:80 - create IPUIPlugin
2025-11-25 21:56:01,733 [INFO] PluginManager:220 - loadIPPluginJar : add dma3
2025-11-25 21:56:01,736 [INFO] IPUIPlugin:80 - create IPUIPlugin
2025-11-25 21:56:01,736 [INFO] PluginManager:220 - loadIPPluginJar : add extmemmanager
2025-11-25 21:56:01,737 [INFO] IPUIPlugin:80 - create IPUIPlugin
2025-11-25 21:56:01,737 [INFO] PluginManager:220 - loadIPPluginJar : add fatfs
2025-11-25 21:56:01,742 [INFO] IPUIPlugin:80 - create IPUIPlugin
2025-11-25 21:56:01,742 [INFO] PluginManager:220 - loadIPPluginJar : add fmc
2025-11-25 21:56:01,755 [INFO] IPUIPlugin:80 - create IPUIPlugin
2025-11-25 21:56:01,755 [INFO] PluginManager:220 - loadIPPluginJar : add freertos
2025-11-25 21:56:01,756 [INFO] IPUIPlugin:80 - create IPUIPlugin
2025-11-25 21:56:01,756 [INFO] PluginManager:220 - loadIPPluginJar : add genericplugin
2025-11-25 21:56:01,760 [INFO] IPUIPlugin:80 - create IPUIPlugin
2025-11-25 21:56:01,760 [INFO] PluginManager:220 - loadIPPluginJar : add gfxmmu
2025-11-25 21:56:01,763 [INFO] IPUIPlugin:80 - create IPUIPlugin
2025-11-25 21:56:01,763 [INFO] PluginManager:220 - loadIPPluginJar : add gic
2025-11-25 21:56:01,767 [INFO] IPUIPlugin:80 - create IPUIPlugin
2025-11-25 21:56:01,767 [INFO] PluginManager:220 - loadIPPluginJar : add gpio
2025-11-25 21:56:01,771 [INFO] IPUIPlugin:80 - create IPUIPlugin
2025-11-25 21:56:01,771 [INFO] PluginManager:220 - loadIPPluginJar : add gtzc
2025-11-25 21:56:01,773 [INFO] IPUIPlugin:80 - create IPUIPlugin
2025-11-25 21:56:01,773 [INFO] PluginManager:220 - loadIPPluginJar : add hash
2025-11-25 21:56:01,776 [INFO] IPUIPlugin:80 - create IPUIPlugin
2025-11-25 21:56:01,776 [INFO] PluginManager:220 - loadIPPluginJar : add i2c
2025-11-25 21:56:01,779 [INFO] IPUIPlugin:80 - create IPUIPlugin
2025-11-25 21:56:01,779 [INFO] PluginManager:220 - loadIPPluginJar : add i2s
2025-11-25 21:56:01,782 [INFO] IPUIPlugin:80 - create IPUIPlugin
2025-11-25 21:56:01,782 [INFO] PluginManager:220 - loadIPPluginJar : add i3c
2025-11-25 21:56:01,785 [INFO] IPUIPlugin:80 - create IPUIPlugin
2025-11-25 21:56:01,785 [INFO] PluginManager:220 - loadIPPluginJar : add ipddr
2025-11-25 21:56:01,791 [INFO] IPUIPlugin:80 - create IPUIPlugin
2025-11-25 21:56:01,791 [INFO] PluginManager:220 - loadIPPluginJar : add linkedlist
2025-11-25 21:56:01,796 [INFO] IPUIPlugin:80 - create IPUIPlugin
2025-11-25 21:56:01,796 [INFO] PluginManager:220 - loadIPPluginJar : add lorawan
2025-11-25 21:56:01,798 [INFO] IPUIPlugin:80 - create IPUIPlugin
2025-11-25 21:56:01,798 [INFO] PluginManager:220 - loadIPPluginJar : add ltdc
2025-11-25 21:56:01,803 [INFO] IPUIPlugin:80 - create IPUIPlugin
2025-11-25 21:56:01,803 [INFO] PluginManager:220 - loadIPPluginJar : add mdma
2025-11-25 21:56:01,807 [INFO] IPUIPlugin:80 - create IPUIPlugin
2025-11-25 21:56:01,807 [INFO] PluginManager:220 - loadIPPluginJar : add nvic
2025-11-25 21:56:01,810 [INFO] IPUIPlugin:80 - create IPUIPlugin
2025-11-25 21:56:01,810 [INFO] PluginManager:220 - loadIPPluginJar : add opamp
2025-11-25 21:56:01,813 [INFO] IPUIPlugin:80 - create IPUIPlugin
2025-11-25 21:56:01,813 [INFO] PluginManager:220 - loadIPPluginJar : add openamp
2025-11-25 21:56:01,815 [INFO] IPUIPlugin:80 - create IPUIPlugin
2025-11-25 21:56:01,815 [INFO] PluginManager:220 - loadIPPluginJar : add pdm2pcm
2025-11-25 21:56:01,821 [INFO] IPUIPlugin:80 - create IPUIPlugin
2025-11-25 21:56:01,823 [INFO] PluginManager:220 - loadIPPluginJar : add plateformsettings
2025-11-25 21:56:01,825 [INFO] IPUIPlugin:80 - create IPUIPlugin
2025-11-25 21:56:01,825 [INFO] PluginManager:220 - loadIPPluginJar : add quadspi
2025-11-25 21:56:01,826 [INFO] IPUIPlugin:80 - create IPUIPlugin
2025-11-25 21:56:01,828 [INFO] PluginManager:220 - loadIPPluginJar : add radio
2025-11-25 21:56:01,832 [INFO] IPUIPlugin:80 - create IPUIPlugin
2025-11-25 21:56:01,832 [INFO] PluginManager:220 - loadIPPluginJar : add resmgrutility
2025-11-25 21:56:01,835 [INFO] IPUIPlugin:80 - create IPUIPlugin
2025-11-25 21:56:01,835 [INFO] PluginManager:220 - loadIPPluginJar : add sai
2025-11-25 21:56:01,839 [INFO] IPUIPlugin:80 - create IPUIPlugin
2025-11-25 21:56:01,839 [INFO] PluginManager:220 - loadIPPluginJar : add spi
2025-11-25 21:56:01,843 [INFO] IPUIPlugin:80 - create IPUIPlugin
2025-11-25 21:56:01,843 [INFO] PluginManager:220 - loadIPPluginJar : add stm32_wpan
2025-11-25 21:56:01,845 [INFO] IPUIPlugin:80 - create IPUIPlugin
2025-11-25 21:56:01,845 [INFO] PluginManager:220 - loadIPPluginJar : add tim
2025-11-25 21:56:01,848 [INFO] IPUIPlugin:80 - create IPUIPlugin
2025-11-25 21:56:01,848 [INFO] PluginManager:220 - loadIPPluginJar : add touchsensing
2025-11-25 21:56:01,851 [INFO] IPUIPlugin:80 - create IPUIPlugin
2025-11-25 21:56:01,851 [INFO] PluginManager:220 - loadIPPluginJar : add tracer_emb
2025-11-25 21:56:01,854 [INFO] IPUIPlugin:80 - create IPUIPlugin
2025-11-25 21:56:01,854 [INFO] PluginManager:220 - loadIPPluginJar : add ts
2025-11-25 21:56:01,856 [INFO] IPUIPlugin:80 - create IPUIPlugin
2025-11-25 21:56:01,856 [INFO] PluginManager:220 - loadIPPluginJar : add tsc
2025-11-25 21:56:01,857 [INFO] IPUIPlugin:80 - create IPUIPlugin
2025-11-25 21:56:01,857 [INFO] PluginManager:220 - loadIPPluginJar : add ucpd
2025-11-25 21:56:01,861 [INFO] IPUIPlugin:80 - create IPUIPlugin
2025-11-25 21:56:01,861 [INFO] PluginManager:220 - loadIPPluginJar : add usart
2025-11-25 21:56:01,864 [INFO] IPUIPlugin:80 - create IPUIPlugin
2025-11-25 21:56:01,864 [INFO] PluginManager:220 - loadIPPluginJar : add usbx
2025-11-25 21:56:01,978 [FATAL] Updater:351 - Updater called before beeing initialized
2025-11-25 21:56:02,004 [INFO] RulesReader:64 - Compatibility file has been processed (317 Rules)
2025-11-25 21:56:02,013 [INFO] RulesReader:64 - Compatibility file has been processed (317 Rules)
2025-11-25 21:56:02,024 [INFO] CADModel:165 - CPN selected for project level
2025-11-25 21:56:02,024 [INFO] CADModel:114 - Register for checkConnection events
2025-11-25 21:56:02,024 [FATAL] Updater:351 - Updater called before beeing initialized
2025-11-25 21:56:02,024 [ERROR] CADModel:125 - Updater not yet initialized, retry later 
2025-11-25 21:56:02,179 [FATAL] Updater:351 - Updater called before beeing initialized
2025-11-25 21:56:02,181 [INFO] CADModel:165 - CPN selected for project level
2025-11-25 21:56:02,181 [INFO] CADModel:114 - Register for checkConnection events
2025-11-25 21:56:02,181 [FATAL] Updater:351 - Updater called before beeing initialized
2025-11-25 21:56:02,181 [ERROR] CADModel:125 - Updater not yet initialized, retry later 
2025-11-25 21:56:02,183 [FATAL] Updater:351 - Updater called before beeing initialized
2025-11-25 21:56:02,319 [FATAL] Updater:351 - Updater called before beeing initialized
2025-11-25 21:56:02,328 [INFO] DbMcusAds:53 - JSON generation date=Mon Nov 10 18:43:00 CST 2025 (1762771380761)
2025-11-25 21:56:02,328 [FATAL] Updater:351 - Updater called before beeing initialized
2025-11-25 21:56:02,372 [WARN] DetailPanel:346 - Failed to get advertising image, set to default
2025-11-25 21:56:02,442 [FATAL] Updater:351 - Updater called before beeing initialized
2025-11-25 21:56:02,443 [FATAL] Updater:351 - Updater called before beeing initialized
2025-11-25 21:56:02,443 [FATAL] Updater:351 - Updater called before beeing initialized
2025-11-25 21:56:02,443 [WARN] DetailPanel:346 - Failed to get advertising image, set to default
2025-11-25 21:56:02,444 [FATAL] Updater:351 - Updater called before beeing initialized
2025-11-25 21:56:02,486 [ERROR] Updater:1198 - MainUpdater not yet initialized. External WinMGr cannot be set.
2025-11-25 21:56:02,488 [INFO] Updater:1134 - Updater Version found : 6.15.0
2025-11-25 21:56:02,501 [INFO] ApplicationProperties:184 - Using Application install path: C:\ST\STM32CubeIDE_1.19.0\STM32CubeIDE\plugins\com.st.stm32cube.common.mx_6.15.0.202507011659
2025-11-25 21:56:04,070 [ERROR] LogOutputStream:75 - [STDERR_REDIRECT] Nov 25, 2025 9:56:04 PM java.util.prefs.WindowsPreferences <init>
2025-11-25 21:56:04,072 [ERROR] LogOutputStream:75 - [STDERR_REDIRECT] WARNING: Could not open/create prefs root node Software\JavaSoft\Prefs at root 0xffffffff80000002. Windows RegCreateKeyEx(...) returned error code 5.
2025-11-25 21:56:04,072 [ERROR] LogOutputStream:75 - [STDERR_REDIRECT] 
2025-11-25 21:56:04,164 [INFO] ThirdPartyUpdaterWithRetryManager:70 - Updater plugin not ready yet. [2/15]
2025-11-25 21:56:04,401 [INFO] MainUpdater:2872 - connection check result : 10
2025-11-25 21:56:04,401 [INFO] MainUpdater:3604 - Updater definition file requires update
2025-11-25 21:56:04,401 [INFO] MainUpdater:289 - Updater Check For Update Now.
2025-11-25 21:56:04,401 [INFO] MicroXplorer:498 - Change Database Version : DB.6.0.150
2025-11-25 21:56:04,409 [INFO] McuFinderGlobals:63 - Set McuFinder mode to 2 (CubeIDE integrated)
2025-11-25 21:56:04,409 [INFO] UserAuth:171 - activating auth plugin
2025-11-25 21:56:04,411 [INFO] UserAuth:487 - Internet connection configuration mode: 1
2025-11-25 21:56:04,415 [INFO] ServerAccessManage:452 - Complete download http(s) 200
2025-11-25 21:56:04,416 [INFO] ServerAccessManage:509 - Download File updaters.zip
2025-11-25 21:56:04,435 [INFO] JxBrowserEngine:152 - Initiate JxBrowser Engine with user profile folder
2025-11-25 21:56:04,500 [INFO] FileExtend:248 - Unzip File : updaters.zip
2025-11-25 21:56:04,500 [INFO] FileExtend:263 - Standard Zip Deflate
2025-11-25 21:56:05,181 [INFO] ServerAccessManage:452 - Complete download http(s) 200
2025-11-25 21:56:05,181 [INFO] ServerAccessManage:509 - Download File PacksControlFlags.xml
2025-11-25 21:56:05,798 [INFO] ServerAccessManage:452 - Complete download http(s) 200
2025-11-25 21:56:05,798 [INFO] ServerAccessManage:509 - Download File cubemx.pidx
2025-11-25 21:56:06,751 [INFO] ServerAccessManage:452 - Complete download http(s) 200
2025-11-25 21:56:06,751 [INFO] ServerAccessManage:509 - Download File STMicroelectronics.X-CUBE-MEMS1.pdsc
2025-11-25 21:56:06,814 [INFO] WebApp:169 - Instantiating new browser for Auth
2025-11-25 21:56:07,165 [WARN] MainUpdater:1193 - Updater busy. Cannot search thirdparties
2025-11-25 21:56:07,165 [INFO] ThirdPartyUpdaterWithRetryManager:96 - Updater plugin is busy. [1/15]
2025-11-25 21:56:07,676 [INFO] WebApp:463 - Apply proxy settings
2025-11-25 21:56:07,676 [INFO] WebApp:548 - Chromium requires no authentication
2025-11-25 21:56:07,752 [INFO] WebApp:491 - Direct internet connection detected
2025-11-25 21:56:07,962 [INFO] WebApp:900 - Register for checkConnection events
2025-11-25 21:56:07,962 [INFO] WebApp:463 - Apply proxy settings
2025-11-25 21:56:07,962 [INFO] WebApp:548 - Chromium requires no authentication
2025-11-25 21:56:07,962 [INFO] WebApp:491 - Direct internet connection detected
2025-11-25 21:56:08,040 [INFO] WebApp:191 - Connection restablished
2025-11-25 21:56:08,316 [WARN] PackLoader:240 - Cannot read IP mode file for STMicroelectronics.X-CUBE-MEMS1.12.0.0
2025-11-25 21:56:08,322 [INFO] CheckServerUpdateThread:120 - End of CheckServer Thread
2025-11-25 21:56:08,395 [INFO] PopulateThirdPartyThread:66 - Ending populate Thread
2025-11-25 21:56:08,397 [INFO] ThirdParty:1030 - CMSIS Pack Vendor :STMicroelectronics X-CUBE-MEMS1 12.0.0
2025-11-25 21:56:08,397 [INFO] LoadServerUpdatesThread:375 - End of LoadServerUpdate Thread
2025-11-25 21:56:08,806 [INFO] WebApp:225 - Starting web application
2025-11-25 21:56:08,806 [INFO] WebApp:593 - Web application path used C:\ST\STM32CubeIDE_1.19.0\STM32CubeIDE\plugins\com.st.stm32cube.common.mx_6.15.0.202507011659\db\plugins\mcufinder\reactClient1\index.html
2025-11-25 21:56:10,350 [WARN] PackLoader:240 - Cannot read IP mode file for STMicroelectronics.FP-SNS-MOTENVWB1.1.4.0
2025-11-25 21:56:10,355 [WARN] PackLoader:240 - Cannot read IP mode file for STMicroelectronics.FP-ATR-ASTRA1.2.0.2
2025-11-25 21:56:10,361 [WARN] PackLoader:240 - Cannot read IP mode file for STMicroelectronics.X-CUBE-SMBUS.2.1.0
2025-11-25 21:56:10,368 [WARN] PackLoader:240 - Cannot read IP mode file for STMicroelectronics.X-CUBE-ST60.1.0.0
2025-11-25 21:56:10,385 [WARN] PackLoader:240 - Cannot read IP mode file for STMicroelectronics.X-CUBE-AZRTOS-F7.1.1.0
2025-11-25 21:56:10,391 [WARN] PackLoader:240 - Cannot read IP mode file for STMicroelectronics.FP-SNS-MOTENV1.5.1.0
2025-11-25 21:56:10,402 [WARN] PackLoader:240 - Cannot read IP mode file for WES.I-CUBE-Cesium.1.4.0
2025-11-25 21:56:10,415 [WARN] PackLoader:240 - Cannot read IP mode file for Infineon.AIROC-Wi-Fi-Bluetooth-STM32.1.7.1
2025-11-25 21:56:10,437 [WARN] PackLoader:240 - Cannot read IP mode file for STMicroelectronics.X-CUBE-AZRTOS-H7.3.4.0
2025-11-25 21:56:10,446 [WARN] PackLoader:240 - Cannot read IP mode file for STMicroelectronics.X-CUBE-DISPLAY.3.0.0
2025-11-25 21:56:10,454 [WARN] PackLoader:240 - Cannot read IP mode file for STMicroelectronics.X-CUBE-NFC10.1.0.0
2025-11-25 21:56:10,456 [WARN] PackLoader:240 - Cannot read IP mode file for STMicroelectronics.X-CUBE-ST60.1.1.0
2025-11-25 21:56:10,460 [WARN] PackLoader:240 - Cannot read IP mode file for emotas.I-CUBE-CANOPEN.1.3.0
2025-11-25 21:56:10,465 [WARN] PackLoader:240 - Cannot read IP mode file for STMicroelectronics.X-CUBE-GNSS1.7.1.0
2025-11-25 21:56:10,471 [WARN] PackLoader:240 - Cannot read IP mode file for STMicroelectronics.FP-SNS-STBOX1.2.1.0
2025-11-25 21:56:10,475 [WARN] PackLoader:240 - Cannot read IP mode file for STMicroelectronics.FP-SNS-SMARTAG2.1.2.0
2025-11-25 21:56:10,478 [WARN] PackLoader:240 - Cannot read IP mode file for STMicroelectronics.FP-SNS-FLIGHT1.5.1.0
2025-11-25 21:56:10,484 [INFO] LogOutputStream:77 - [STDOUT_REDIRECT] 1 : Invalid condition id : UX_CORESTACK_Condition cause : null
2025-11-25 21:56:10,484 [INFO] LogOutputStream:77 - [STDOUT_REDIRECT] 1 : Invalid condition id : UX_CORESTACK_Condition cause : null
2025-11-25 21:56:10,485 [INFO] LogOutputStream:77 - [STDOUT_REDIRECT] 1 : Invalid condition id : UX_CORESTACK_Condition cause : null
2025-11-25 21:56:10,486 [INFO] LogOutputStream:77 - [STDOUT_REDIRECT] 1 : Invalid condition id : UX_CORESTACK_Condition cause : null
2025-11-25 21:56:10,486 [INFO] LogOutputStream:77 - [STDOUT_REDIRECT] 1 : Invalid condition id : UX_CORESTACK_Condition cause : null
2025-11-25 21:56:10,489 [WARN] PackLoader:240 - Cannot read IP mode file for STMicroelectronics.X-CUBE-AZRTOS-WL.2.0.0
2025-11-25 21:56:10,492 [WARN] PackLoader:240 - Cannot read IP mode file for STMicroelectronics.FP-SNS-MOTENV1.5.0.0
2025-11-25 21:56:10,504 [WARN] PackLoader:240 - Cannot read IP mode file for STMicroelectronics.X-CUBE-AZRTOS-H7RS.1.2.0
2025-11-25 21:56:10,512 [WARN] PackLoader:240 - Cannot read IP mode file for STMicroelectronics.X-CUBE-BLE2.3.3.0
2025-11-25 21:56:10,529 [WARN] PackLoader:240 - Cannot read IP mode file for STMicroelectronics.X-CUBE-NFC9.1.0.0
2025-11-25 21:56:10,534 [WARN] PackLoader:240 - Cannot read IP mode file for wolfSSL.I-CUBE-wolfSSL.5.8.2
2025-11-25 21:56:10,539 [WARN] PackLoader:240 - Cannot read IP mode file for STMicroelectronics.X-CUBE-BLE1.7.1.0
2025-11-25 21:56:10,542 [WARN] PackLoader:240 - Cannot read IP mode file for wolfSSL.I-CUBE-wolfMQTT.1.19.2
2025-11-25 21:56:10,545 [WARN] PackLoader:240 - Cannot read IP mode file for STMicroelectronics.X-CUBE-FREERTOS.1.4.0
2025-11-25 21:56:10,550 [WARN] PackLoader:240 - Cannot read IP mode file for STMicroelectronics.X-CUBE-EEPRMA1.5.2.0
2025-11-25 21:56:10,556 [WARN] PackLoader:240 - Cannot read IP mode file for STMicroelectronics.X-CUBE-ST67W61.1.1.0
2025-11-25 21:56:10,581 [WARN] PackLoader:240 - Cannot read IP mode file for STMicroelectronics.X-CUBE-MEMS1.12.0.0
2025-11-25 21:56:10,646 [WARN] PackLoader:240 - Cannot read IP mode file for STMicroelectronics.X-CUBE-AZRTOS-G0.1.1.0
2025-11-25 21:56:10,654 [WARN] PackLoader:240 - Cannot read IP mode file for STMicroelectronics.X-CUBE-SAFEA1.1.2.2
2025-11-25 21:56:10,658 [WARN] PackLoader:240 - Cannot read IP mode file for STMicroelectronics.X-CUBE-NFC4.3.0.0
2025-11-25 21:56:10,665 [WARN] PackLoader:240 - Cannot read IP mode file for EmbeddedOffice.I-CUBE-FS-RTOS.1.0.1
2025-11-25 21:56:10,670 [WARN] PackLoader:240 - Cannot read IP mode file for STMicroelectronics.X-CUBE-WB05N.2.0.0
2025-11-25 21:56:10,673 [WARN] PackLoader:240 - Cannot read IP mode file for wolfSSL.I-CUBE-wolfTPM.3.8.0
2025-11-25 21:56:10,681 [WARN] PackLoader:240 - Cannot read IP mode file for STMicroelectronics.X-CUBE-TCPP.4.2.0
2025-11-25 21:56:10,688 [WARN] PackLoader:240 - Cannot read IP mode file for RealThread.X-CUBE-RT-Thread_Nano.4.1.1
2025-11-25 21:56:10,691 [WARN] PackLoader:240 - Cannot read IP mode file for STMicroelectronics.FP-ATR-SIGFOX1.3.2.0
2025-11-25 21:56:10,697 [WARN] PackLoader:240 - Cannot read IP mode file for ITTIA_DB.I-CUBE-ITTIADB.8.9.0
2025-11-25 21:56:10,703 [WARN] PackLoader:240 - Cannot read IP mode file for STMicroelectronics.X-CUBE-ST67W61.1.0.0
2025-11-25 21:56:10,708 [WARN] PackLoader:240 - Cannot read IP mode file for STMicroelectronics.X-CUBE-AI.10.2.0
2025-11-25 21:56:10,723 [WARN] PackLoader:240 - Cannot read IP mode file for SEGGER.I-CUBE-embOS.1.3.1
2025-11-25 21:56:10,757 [WARN] PackLoader:240 - Cannot read IP mode file for STMicroelectronics.X-CUBE-ALGOBUILD.1.4.0
2025-11-25 21:56:10,800 [WARN] PackLoader:240 - Cannot read IP mode file for STMicroelectronics.X-CUBE-MEMS1.11.3.0
2025-11-25 21:56:10,863 [WARN] PackLoader:240 - Cannot read IP mode file for STMicroelectronics.X-CUBE-PM33A1.1.0.0
2025-11-25 21:56:10,873 [WARN] PackLoader:240 - Cannot read IP mode file for STMicroelectronics.X-CUBE-AZRTOS-F4.1.1.0
2025-11-25 21:56:10,877 [WARN] PackLoader:240 - Cannot read IP mode file for Avnet-IotConnect.X-CUBE-IoTC-DA16k-PMOD.1.0.0
2025-11-25 21:56:10,881 [WARN] PackLoader:240 - Cannot read IP mode file for STMicroelectronics.X-CUBE-ISPU.2.1.0
2025-11-25 21:56:10,889 [WARN] PackLoader:240 - Cannot read IP mode file for STMicroelectronics.X-CUBE-IPS.3.2.0
2025-11-25 21:56:10,900 [WARN] PackLoader:240 - Cannot read IP mode file for STMicroelectronics.X-CUBE-NFC12.1.0.0
2025-11-25 21:56:10,911 [WARN] PackLoader:240 - Cannot read IP mode file for STMicroelectronics.X-CUBE-AZRTOS-L5.2.0.0
2025-11-25 21:56:10,916 [WARN] PackLoader:240 - Cannot read IP mode file for STMicroelectronics.X-CUBE-NFC6.3.1.0
2025-11-25 21:56:10,921 [WARN] PackLoader:240 - Cannot read IP mode file for STMicroelectronics.X-CUBE-FREERTOS.1.3.1
2025-11-25 21:56:10,925 [WARN] PackLoader:240 - Cannot read IP mode file for STMicroelectronics.X-CUBE-TOUCHGFX.4.26.0
2025-11-25 21:56:10,929 [WARN] PackLoader:240 - Cannot read IP mode file for STMicroelectronics.FP-SNS-STAIOTCFT.1.0.0
2025-11-25 21:56:10,933 [WARN] PackLoader:240 - Cannot read IP mode file for STMicroelectronics.X-CUBE-DPower.1.3.0
2025-11-25 21:56:10,944 [WARN] ConditionMgr:438 - getConditionDescription Invalid condition id : LAN8742 Phy interface Condition cause : null
2025-11-25 21:56:10,944 [WARN] PackLoader:240 - Cannot read IP mode file for STMicroelectronics.X-CUBE-AZRTOS-L4.2.0.0
2025-11-25 21:56:10,944 [WARN] ConditionMgr:1044 - genDependencies : Invalid condition id : LAN8742 Phy interface Condition cause : null
2025-11-25 21:56:10,945 [WARN] ConditionMgr:1044 - genDependencies : Invalid condition id : LAN8742 Phy interface Condition cause : null
2025-11-25 21:56:10,945 [WARN] ConditionMgr:1044 - genDependencies : Invalid condition id : LAN8742 Phy interface Condition cause : null
2025-11-25 21:56:10,955 [WARN] PackLoader:240 - Cannot read IP mode file for STMicroelectronics.X-CUBE-SFXS2LP1.4.0.0
2025-11-25 21:56:10,964 [WARN] PackLoader:240 - Cannot read IP mode file for STMicroelectronics.X-CUBE-BLEMGR.4.1.0
2025-11-25 21:56:10,973 [WARN] ConditionMgr:438 - getConditionDescription Invalid condition id : UX DEVICE CLASS RTOS Condition cause : null
2025-11-25 21:56:10,973 [WARN] ConditionMgr:438 - getConditionDescription Invalid condition id : UX DEVICE CLASS RTOS Condition cause : null
2025-11-25 21:56:10,975 [WARN] PackLoader:240 - Cannot read IP mode file for STMicroelectronics.X-CUBE-AZRTOS-WB.2.0.0
2025-11-25 21:56:10,975 [WARN] ConditionMgr:1044 - genDependencies : Invalid condition id : UX DEVICE CLASS RTOS Condition cause : null
2025-11-25 21:56:10,975 [WARN] ConditionMgr:1044 - genDependencies : Invalid condition id : UX DEVICE CLASS RTOS Condition cause : null
2025-11-25 21:56:10,975 [WARN] ConditionMgr:1044 - genDependencies : Invalid condition id : UX DEVICE CLASS RTOS Condition cause : null
2025-11-25 21:56:10,975 [WARN] ConditionMgr:1044 - genDependencies : Invalid condition id : UX DEVICE CLASS RTOS Condition cause : null
2025-11-25 21:56:10,975 [WARN] ConditionMgr:1044 - genDependencies : Invalid condition id : UX DEVICE CLASS RTOS Condition cause : null
2025-11-25 21:56:10,979 [WARN] PackLoader:240 - Cannot read IP mode file for STMicroelectronics.X-CUBE-GNSS1.7.0.1
2025-11-25 21:56:10,981 [WARN] PackLoader:240 - Cannot read IP mode file for STMicroelectronics.X-CUBE-TOUCHGFX.4.25.0
2025-11-25 21:56:10,985 [WARN] ConditionMgr:438 - getConditionDescription Invalid condition id : Cortex-A Device cause : null
2025-11-25 21:56:10,991 [WARN] ConditionMgr:1044 - genDependencies : Invalid condition id : Cortex-A Device cause : null
2025-11-25 21:56:10,991 [WARN] ConditionMgr:1044 - genDependencies : Invalid condition id : Cortex-A Device cause : null
2025-11-25 21:56:10,991 [WARN] ConditionMgr:1044 - genDependencies : Invalid condition id : Cortex-A Device cause : null
2025-11-25 21:56:10,999 [WARN] PackLoader:240 - Cannot read IP mode file for STMicroelectronics.X-CUBE-SUBG2.5.0.0
2025-11-25 21:56:11,011 [WARN] PackLoader:240 - Cannot read IP mode file for STMicroelectronics.X-CUBE-AZRTOS-H7RS.1.1.0
2025-11-25 21:56:11,016 [WARN] PackLoader:240 - Cannot read IP mode file for Cesanta.I-CUBE-Mongoose.7.13.0
2025-11-25 21:56:11,024 [WARN] PackLoader:240 - Cannot read IP mode file for STMicroelectronics.X-CUBE-AZRTOS-G4.2.0.0
2025-11-25 21:56:11,029 [WARN] PackLoader:240 - Cannot read IP mode file for wolfSSL.I-CUBE-wolfSSH.1.4.20
2025-11-25 21:56:11,033 [WARN] PackLoader:240 - Cannot read IP mode file for STMicroelectronics.X-CUBE-NFC7.2.0.0
2025-11-25 21:56:11,042 [WARN] PackLoader:240 - Cannot read IP mode file for STMicroelectronics.X-CUBE-IPS.3.1.0
2025-11-25 21:56:11,048 [WARN] PackLoader:240 - Cannot read IP mode file for STMicroelectronics.X-CUBE-ALS.1.0.2
2025-11-25 21:56:11,053 [WARN] PackLoader:240 - Cannot read IP mode file for STMicroelectronics.X-CUBE-STSE01.1.0.0
2025-11-25 21:56:11,060 [WARN] PackLoader:240 - Cannot read IP mode file for STMicroelectronics.X-CUBE-TOF1.3.4.3
2025-11-25 21:56:11,065 [INFO] ThirdParty:978 - Integrity check success = true
2025-11-25 21:56:11,065 [INFO] IntegrityCheckThread:100 - exiting critical section [integrity check]
2025-11-25 21:56:11,065 [INFO] IntegrityCheckThread:103 - End integrity checks thread
