2025-12-10 20:26:27,937 [INFO] Activator:176 - 


2025-12-10 20:26:27,942 [INFO] Activator:177 - !SESSION log4j initialized
2025-12-10 20:26:36,414 [INFO] LogOutputStream:77 - [STDOUT_REDIRECT] 
2025-12-10 20:27:02,233 [INFO] ApplicationProperties:184 - Using Application install path: C:\ST\STM32CubeIDE_1.19.0\STM32CubeIDE\plugins\com.st.stm32cube.common.mx_6.15.0.202507011659
2025-12-10 20:27:02,252 [INFO] DbMcusXml:78 - Set database path to: C:\ST\STM32CubeIDE_1.19.0\STM32CubeIDE\plugins\com.st.stm32cube.common.mx_6.15.0.202507011659\\db\/mcu/
2025-12-10 20:27:02,252 [INFO] ApiDb:274 - Set plugin database path to: C:\ST\STM32CubeIDE_1.19.0\STM32CubeIDE\plugins\com.st.stm32cube.common.mx_6.15.0.202507011659\\db\/plugins/boardmanager/
2025-12-10 20:27:02,252 [WARN] ApiDb:259 - Overriding images path with different value:  => C:\ST\STM32CubeIDE_1.19.0\STM32CubeIDE\plugins\com.st.stm32cube.common.mx_6.15.0.202507011659\\db\/plugins/mcufinder/images/
2025-12-10 20:27:02,270 [INFO] ApiDb:250 - Set database path to: C:\Users\user\.stmcufinder\plugins\mcufinder//mcu/
2025-12-10 20:27:02,271 [INFO] DbMcusAds:125 - Set database path to: C:\Users\user\.stmcufinder\plugins\mcufinder//mcu/
2025-12-10 20:27:02,284 [INFO] CrossReferenceDbSqlite:203 - Set database path to: C:\Users\user\.stmcufinder\plugins\mcufinder//mcu/cs/
2025-12-10 20:27:02,399 [INFO] RulesReader:64 - Compatibility file has been processed (317 Rules)
2025-12-10 20:27:02,524 [INFO] DbMcusXml:78 - Set database path to: C:\ST\STM32CubeIDE_1.19.0\STM32CubeIDE\plugins\com.st.stm32cube.common.mx_6.15.0.202507011659\\db\/mcu/
2025-12-10 20:27:02,524 [INFO] ApiDb:274 - Set plugin database path to: C:\ST\STM32CubeIDE_1.19.0\STM32CubeIDE\plugins\com.st.stm32cube.common.mx_6.15.0.202507011659\\db\/plugins/boardmanager/
2025-12-10 20:27:02,524 [INFO] ApiDb:261 - Set plugin images path to: C:\ST\STM32CubeIDE_1.19.0\STM32CubeIDE\plugins\com.st.stm32cube.common.mx_6.15.0.202507011659\\db\/plugins/mcufinder/images/
2025-12-10 20:27:02,524 [WARN] DbFile:41 - Overriding database path with different value: C:\Users\user\.stmcufinder\plugins\mcufinder/ => C:\Users\user\.stmcufinder\plugins\mcufinder
2025-12-10 20:27:02,525 [INFO] ApiDb:250 - Set database path to: C:\Users\user\.stmcufinder\plugins\mcufinder//mcu/
2025-12-10 20:27:02,525 [WARN] DbFile:41 - Overriding database path with different value: C:\Users\user\.stmcufinder\plugins\mcufinder/ => C:\Users\user\.stmcufinder\plugins\mcufinder
2025-12-10 20:27:02,525 [INFO] DbMcusAds:125 - Set database path to: C:\Users\user\.stmcufinder\plugins\mcufinder//mcu/
2025-12-10 20:27:02,525 [WARN] DbFile:41 - Overriding database path with different value: C:\Users\user\.stmcufinder\plugins\mcufinder/ => C:\Users\user\.stmcufinder\plugins\mcufinder
2025-12-10 20:27:02,525 [WARN] DbFile:41 - Overriding database path with different value: C:\Users\user\.stmcufinder\plugins\mcufinder/ => C:\Users\user\.stmcufinder\plugins\mcufinder
2025-12-10 20:27:02,525 [INFO] CrossReferenceDbSqlite:203 - Set database path to: C:\Users\user\.stmcufinder\plugins\mcufinder//mcu/cs/
2025-12-10 20:27:02,606 [INFO] MainPanel:274 - HeapMemory: 268435456
2025-12-10 20:27:02,772 [INFO] DbMcusXml:78 - Set database path to: C:\ST\STM32CubeIDE_1.19.0\STM32CubeIDE\plugins\com.st.stm32cube.common.mx_6.15.0.202507011659\\db\/mcu/
2025-12-10 20:27:02,772 [INFO] ApiDb:274 - Set plugin database path to: C:\ST\STM32CubeIDE_1.19.0\STM32CubeIDE\plugins\com.st.stm32cube.common.mx_6.15.0.202507011659\\db\/plugins/boardmanager/
2025-12-10 20:27:02,772 [INFO] ApiDb:261 - Set plugin images path to: C:\ST\STM32CubeIDE_1.19.0\STM32CubeIDE\plugins\com.st.stm32cube.common.mx_6.15.0.202507011659\\db\/plugins/mcufinder/images/
2025-12-10 20:27:02,772 [WARN] DbFile:41 - Overriding database path with different value: C:\Users\user\.stmcufinder\plugins\mcufinder/ => C:\Users\user\.stmcufinder\plugins\mcufinder
2025-12-10 20:27:02,772 [INFO] ApiDb:250 - Set database path to: C:\Users\user\.stmcufinder\plugins\mcufinder//mcu/
2025-12-10 20:27:02,773 [WARN] DbFile:41 - Overriding database path with different value: C:\Users\user\.stmcufinder\plugins\mcufinder/ => C:\Users\user\.stmcufinder\plugins\mcufinder
2025-12-10 20:27:02,773 [INFO] DbMcusAds:125 - Set database path to: C:\Users\user\.stmcufinder\plugins\mcufinder//mcu/
2025-12-10 20:27:02,773 [WARN] DbFile:41 - Overriding database path with different value: C:\Users\user\.stmcufinder\plugins\mcufinder/ => C:\Users\user\.stmcufinder\plugins\mcufinder
2025-12-10 20:27:02,773 [WARN] DbFile:41 - Overriding database path with different value: C:\Users\user\.stmcufinder\plugins\mcufinder/ => C:\Users\user\.stmcufinder\plugins\mcufinder
2025-12-10 20:27:02,773 [INFO] CrossReferenceDbSqlite:203 - Set database path to: C:\Users\user\.stmcufinder\plugins\mcufinder//mcu/cs/
2025-12-10 20:27:02,793 [INFO] ApplicationProperties:184 - Using Application install path: C:\ST\STM32CubeIDE_1.19.0\STM32CubeIDE\plugins\com.st.stm32cube.common.mx_6.15.0.202507011659
2025-12-10 20:27:02,794 [INFO] PluginManage:196 - Search for loadable plugins [exclusion list=, ]
2025-12-10 20:27:02,795 [INFO] PluginManage:310 - Check plugin analytics
2025-12-10 20:27:03,027 [INFO] AnalyticsPlugin:253 - Accepted Software Licenses: 
2025-12-10 20:27:03,027 [INFO] AnalyticsPlugin:255 - Accepted CMSIS Pack Licenses: 
2025-12-10 20:27:03,027 [INFO] AnalyticsPlugin:257 - Accepted Firmware Licenses: FW.L4.1.18.0
2025-12-10 20:27:03,033 [INFO] PluginManage:359 - Loaded plugin analytics (category:tool,tabindex:-1)
2025-12-10 20:27:03,033 [INFO] PluginManage:310 - Check plugin cadmodel
2025-12-10 20:27:03,042 [INFO] CADModel:105 - Init CAD model plugin
2025-12-10 20:27:03,042 [INFO] PluginManage:359 - Loaded plugin cadmodel (category:power,tabindex:5)
2025-12-10 20:27:03,042 [INFO] PluginManage:310 - Check plugin clock
2025-12-10 20:27:03,054 [INFO] PluginManage:359 - Loaded plugin clock (category:base,tabindex:2)
2025-12-10 20:27:03,054 [INFO] PluginManage:310 - Check plugin ddr
2025-12-10 20:27:03,057 [INFO] PluginManage:359 - Loaded plugin ddr (category:tool,tabindex:6)
2025-12-10 20:27:03,057 [INFO] PluginManage:310 - Check plugin filemanager
2025-12-10 20:27:03,230 [INFO] PluginManage:359 - Loaded plugin filemanager (category:base,tabindex:10)
2025-12-10 20:27:03,230 [INFO] PluginManage:310 - Check plugin ipmanager
2025-12-10 20:27:03,236 [INFO] PluginManage:359 - Loaded plugin ipmanager (category:base,tabindex:5)
2025-12-10 20:27:03,236 [INFO] PluginManage:310 - Check plugin lpbam
2025-12-10 20:27:03,245 [INFO] PluginManage:359 - Loaded plugin lpbam (category:base,tabindex:0)
2025-12-10 20:27:03,245 [INFO] PluginManage:310 - Check plugin memorymap
2025-12-10 20:27:03,266 [INFO] PluginManage:359 - Loaded plugin memorymap (category:base,tabindex:4)
2025-12-10 20:27:03,267 [INFO] PluginManage:310 - Check plugin pinoutandconfiguration
2025-12-10 20:27:03,278 [INFO] PluginManage:359 - Loaded plugin pinoutandconfiguration (category:base,tabindex:1)
2025-12-10 20:27:03,278 [INFO] PluginManage:310 - Check plugin pinoutconfig
2025-12-10 20:27:03,374 [WARN] SupportedApi:132 - Cannot load RTOS API schema: s4s-elt-must-match.1: The content of 'definitions' must match (annotation?, (simpleType | complexType)?, (unique | key | keyref)*)). A problem was found starting at: attribute.
2025-12-10 20:27:03,529 [INFO] PluginManage:359 - Loaded plugin pinoutconfig (category:base,tabindex:0)
2025-12-10 20:27:03,529 [INFO] PluginManage:310 - Check plugin power
2025-12-10 20:27:03,541 [INFO] PluginManage:359 - Loaded plugin power (category:power,tabindex:4)
2025-12-10 20:27:03,541 [INFO] PluginManage:310 - Check plugin projectmanager
2025-12-10 20:27:03,558 [INFO] PluginManage:359 - Loaded plugin projectmanager (category:projectmanager,tabindex:4)
2025-12-10 20:27:03,558 [INFO] PluginManage:310 - Check plugin rif
2025-12-10 20:27:03,572 [INFO] PluginManage:359 - Loaded plugin rif (category:base,tabindex:3)
2025-12-10 20:27:03,572 [INFO] PluginManage:310 - Check plugin thirdparty
2025-12-10 20:27:03,726 [WARN] IntegrityCheckThread:84 - waiting for thirdparty lock release [integrity check]
2025-12-10 20:27:03,727 [INFO] IntegrityCheckThread:86 - entering critical section [integrity check]
2025-12-10 20:27:03,727 [INFO] ThirdPartyUpdaterWithRetryManager:70 - Updater plugin not ready yet. [1/15]
2025-12-10 20:27:03,727 [INFO] PluginManage:359 - Loaded plugin thirdparty (category:base,tabindex:-1)
2025-12-10 20:27:03,727 [INFO] PluginManage:310 - Check plugin tools
2025-12-10 20:27:03,730 [INFO] PluginManage:359 - Loaded plugin tools (category:base,tabindex:7)
2025-12-10 20:27:03,731 [INFO] PluginManage:310 - Check plugin tutovideos
2025-12-10 20:27:03,922 [INFO] PluginManage:359 - Loaded plugin tutovideos (category:base,tabindex:-1)
2025-12-10 20:27:03,922 [INFO] PluginManage:310 - Check plugin updater
2025-12-10 20:27:03,942 [INFO] PluginManage:359 - Loaded plugin updater (category:base,tabindex:12)
2025-12-10 20:27:03,942 [INFO] PluginManage:310 - Check plugin userauth
2025-12-10 20:27:03,946 [INFO] UserAuth:118 - Init User Auth plugin
2025-12-10 20:27:03,947 [INFO] PluginManage:359 - Loaded plugin userauth (category:base,tabindex:14)
2025-12-10 20:27:03,947 [INFO] PluginManage:283 - PluginManage : Loaded plugins [18]
2025-12-10 20:27:04,190 [INFO] PinOutPanel:1589 - setPackage(No Configuration,No Configuration)
2025-12-10 20:27:04,268 [INFO] CADModel:165 - CPN selected for project level
2025-12-10 20:27:04,268 [INFO] CADModel:114 - Register for checkConnection events
2025-12-10 20:27:04,285 [INFO] IPUIPlugin:80 - create IPUIPlugin
2025-12-10 20:27:04,285 [INFO] PluginManager:220 - loadIPPluginJar : add adc
2025-12-10 20:27:04,288 [INFO] IPUIPlugin:80 - create IPUIPlugin
2025-12-10 20:27:04,288 [INFO] PluginManager:220 - loadIPPluginJar : add aes
2025-12-10 20:27:04,290 [INFO] IPUIPlugin:80 - create IPUIPlugin
2025-12-10 20:27:04,290 [INFO] PluginManager:220 - loadIPPluginJar : add can
2025-12-10 20:27:04,292 [INFO] IPUIPlugin:80 - create IPUIPlugin
2025-12-10 20:27:04,292 [INFO] PluginManager:220 - loadIPPluginJar : add comp
2025-12-10 20:27:04,294 [INFO] IPUIPlugin:80 - create IPUIPlugin
2025-12-10 20:27:04,294 [INFO] PluginManager:220 - loadIPPluginJar : add cryp
2025-12-10 20:27:04,298 [INFO] IPUIPlugin:80 - create IPUIPlugin
2025-12-10 20:27:04,298 [INFO] PluginManager:220 - loadIPPluginJar : add ddr_ctrl_phy
2025-12-10 20:27:04,300 [INFO] IPUIPlugin:80 - create IPUIPlugin
2025-12-10 20:27:04,300 [INFO] PluginManager:220 - loadIPPluginJar : add dfsdm
2025-12-10 20:27:04,305 [INFO] IPUIPlugin:80 - create IPUIPlugin
2025-12-10 20:27:04,305 [INFO] PluginManager:220 - loadIPPluginJar : add dma
2025-12-10 20:27:04,307 [INFO] IPUIPlugin:80 - create IPUIPlugin
2025-12-10 20:27:04,307 [INFO] PluginManager:220 - loadIPPluginJar : add dma3
2025-12-10 20:27:04,309 [INFO] IPUIPlugin:80 - create IPUIPlugin
2025-12-10 20:27:04,309 [INFO] PluginManager:220 - loadIPPluginJar : add extmemmanager
2025-12-10 20:27:04,311 [INFO] IPUIPlugin:80 - create IPUIPlugin
2025-12-10 20:27:04,311 [INFO] PluginManager:220 - loadIPPluginJar : add fatfs
2025-12-10 20:27:04,314 [INFO] IPUIPlugin:80 - create IPUIPlugin
2025-12-10 20:27:04,314 [INFO] PluginManager:220 - loadIPPluginJar : add fmc
2025-12-10 20:27:04,320 [INFO] IPUIPlugin:80 - create IPUIPlugin
2025-12-10 20:27:04,320 [INFO] PluginManager:220 - loadIPPluginJar : add freertos
2025-12-10 20:27:04,321 [INFO] IPUIPlugin:80 - create IPUIPlugin
2025-12-10 20:27:04,321 [INFO] PluginManager:220 - loadIPPluginJar : add genericplugin
2025-12-10 20:27:04,324 [INFO] IPUIPlugin:80 - create IPUIPlugin
2025-12-10 20:27:04,324 [INFO] PluginManager:220 - loadIPPluginJar : add gfxmmu
2025-12-10 20:27:04,327 [INFO] IPUIPlugin:80 - create IPUIPlugin
2025-12-10 20:27:04,327 [INFO] PluginManager:220 - loadIPPluginJar : add gic
2025-12-10 20:27:04,331 [INFO] IPUIPlugin:80 - create IPUIPlugin
2025-12-10 20:27:04,331 [INFO] PluginManager:220 - loadIPPluginJar : add gpio
2025-12-10 20:27:04,334 [INFO] IPUIPlugin:80 - create IPUIPlugin
2025-12-10 20:27:04,334 [INFO] PluginManager:220 - loadIPPluginJar : add gtzc
2025-12-10 20:27:04,336 [INFO] IPUIPlugin:80 - create IPUIPlugin
2025-12-10 20:27:04,336 [INFO] PluginManager:220 - loadIPPluginJar : add hash
2025-12-10 20:27:04,339 [INFO] IPUIPlugin:80 - create IPUIPlugin
2025-12-10 20:27:04,339 [INFO] PluginManager:220 - loadIPPluginJar : add i2c
2025-12-10 20:27:04,342 [INFO] IPUIPlugin:80 - create IPUIPlugin
2025-12-10 20:27:04,342 [INFO] PluginManager:220 - loadIPPluginJar : add i2s
2025-12-10 20:27:04,345 [INFO] IPUIPlugin:80 - create IPUIPlugin
2025-12-10 20:27:04,345 [INFO] PluginManager:220 - loadIPPluginJar : add i3c
2025-12-10 20:27:04,347 [INFO] IPUIPlugin:80 - create IPUIPlugin
2025-12-10 20:27:04,348 [INFO] PluginManager:220 - loadIPPluginJar : add ipddr
2025-12-10 20:27:04,352 [INFO] IPUIPlugin:80 - create IPUIPlugin
2025-12-10 20:27:04,353 [INFO] PluginManager:220 - loadIPPluginJar : add linkedlist
2025-12-10 20:27:04,356 [INFO] IPUIPlugin:80 - create IPUIPlugin
2025-12-10 20:27:04,356 [INFO] PluginManager:220 - loadIPPluginJar : add lorawan
2025-12-10 20:27:04,358 [INFO] IPUIPlugin:80 - create IPUIPlugin
2025-12-10 20:27:04,358 [INFO] PluginManager:220 - loadIPPluginJar : add ltdc
2025-12-10 20:27:04,363 [INFO] IPUIPlugin:80 - create IPUIPlugin
2025-12-10 20:27:04,363 [INFO] PluginManager:220 - loadIPPluginJar : add mdma
2025-12-10 20:27:04,367 [INFO] IPUIPlugin:80 - create IPUIPlugin
2025-12-10 20:27:04,367 [INFO] PluginManager:220 - loadIPPluginJar : add nvic
2025-12-10 20:27:04,370 [INFO] IPUIPlugin:80 - create IPUIPlugin
2025-12-10 20:27:04,370 [INFO] PluginManager:220 - loadIPPluginJar : add opamp
2025-12-10 20:27:04,373 [INFO] IPUIPlugin:80 - create IPUIPlugin
2025-12-10 20:27:04,373 [INFO] PluginManager:220 - loadIPPluginJar : add openamp
2025-12-10 20:27:04,376 [INFO] IPUIPlugin:80 - create IPUIPlugin
2025-12-10 20:27:04,377 [INFO] PluginManager:220 - loadIPPluginJar : add pdm2pcm
2025-12-10 20:27:04,381 [INFO] IPUIPlugin:80 - create IPUIPlugin
2025-12-10 20:27:04,383 [INFO] PluginManager:220 - loadIPPluginJar : add plateformsettings
2025-12-10 20:27:04,385 [INFO] IPUIPlugin:80 - create IPUIPlugin
2025-12-10 20:27:04,385 [INFO] PluginManager:220 - loadIPPluginJar : add quadspi
2025-12-10 20:27:04,388 [INFO] IPUIPlugin:80 - create IPUIPlugin
2025-12-10 20:27:04,388 [INFO] PluginManager:220 - loadIPPluginJar : add radio
2025-12-10 20:27:04,392 [INFO] IPUIPlugin:80 - create IPUIPlugin
2025-12-10 20:27:04,392 [INFO] PluginManager:220 - loadIPPluginJar : add resmgrutility
2025-12-10 20:27:04,395 [INFO] IPUIPlugin:80 - create IPUIPlugin
2025-12-10 20:27:04,395 [INFO] PluginManager:220 - loadIPPluginJar : add sai
2025-12-10 20:27:04,397 [INFO] IPUIPlugin:80 - create IPUIPlugin
2025-12-10 20:27:04,398 [INFO] PluginManager:220 - loadIPPluginJar : add spi
2025-12-10 20:27:04,404 [INFO] IPUIPlugin:80 - create IPUIPlugin
2025-12-10 20:27:04,404 [INFO] PluginManager:220 - loadIPPluginJar : add stm32_wpan
2025-12-10 20:27:04,406 [INFO] IPUIPlugin:80 - create IPUIPlugin
2025-12-10 20:27:04,406 [INFO] PluginManager:220 - loadIPPluginJar : add tim
2025-12-10 20:27:04,410 [INFO] IPUIPlugin:80 - create IPUIPlugin
2025-12-10 20:27:04,410 [INFO] PluginManager:220 - loadIPPluginJar : add touchsensing
2025-12-10 20:27:04,412 [INFO] IPUIPlugin:80 - create IPUIPlugin
2025-12-10 20:27:04,412 [INFO] PluginManager:220 - loadIPPluginJar : add tracer_emb
2025-12-10 20:27:04,414 [INFO] IPUIPlugin:80 - create IPUIPlugin
2025-12-10 20:27:04,414 [INFO] PluginManager:220 - loadIPPluginJar : add ts
2025-12-10 20:27:04,415 [INFO] IPUIPlugin:80 - create IPUIPlugin
2025-12-10 20:27:04,415 [INFO] PluginManager:220 - loadIPPluginJar : add tsc
2025-12-10 20:27:04,418 [INFO] IPUIPlugin:80 - create IPUIPlugin
2025-12-10 20:27:04,418 [INFO] PluginManager:220 - loadIPPluginJar : add ucpd
2025-12-10 20:27:04,421 [INFO] IPUIPlugin:80 - create IPUIPlugin
2025-12-10 20:27:04,421 [INFO] PluginManager:220 - loadIPPluginJar : add usart
2025-12-10 20:27:04,425 [INFO] IPUIPlugin:80 - create IPUIPlugin
2025-12-10 20:27:04,425 [INFO] PluginManager:220 - loadIPPluginJar : add usbx
2025-12-10 20:27:04,549 [FATAL] Updater:351 - Updater called before beeing initialized
2025-12-10 20:27:04,576 [INFO] RulesReader:64 - Compatibility file has been processed (317 Rules)
2025-12-10 20:27:04,593 [INFO] RulesReader:64 - Compatibility file has been processed (317 Rules)
2025-12-10 20:27:04,606 [INFO] CADModel:165 - CPN selected for project level
2025-12-10 20:27:04,606 [INFO] CADModel:114 - Register for checkConnection events
2025-12-10 20:27:04,607 [FATAL] Updater:351 - Updater called before beeing initialized
2025-12-10 20:27:04,607 [ERROR] CADModel:125 - Updater not yet initialized, retry later 
2025-12-10 20:27:04,777 [FATAL] Updater:351 - Updater called before beeing initialized
2025-12-10 20:27:04,780 [INFO] CADModel:165 - CPN selected for project level
2025-12-10 20:27:04,780 [INFO] CADModel:114 - Register for checkConnection events
2025-12-10 20:27:04,780 [FATAL] Updater:351 - Updater called before beeing initialized
2025-12-10 20:27:04,780 [ERROR] CADModel:125 - Updater not yet initialized, retry later 
2025-12-10 20:27:04,783 [FATAL] Updater:351 - Updater called before beeing initialized
2025-12-10 20:27:04,918 [FATAL] Updater:351 - Updater called before beeing initialized
2025-12-10 20:27:04,924 [INFO] DbMcusAds:53 - JSON generation date=Fri Dec 05 17:13:14 CST 2025 (1764925994673)
2025-12-10 20:27:04,924 [FATAL] Updater:351 - Updater called before beeing initialized
2025-12-10 20:27:04,980 [WARN] DetailPanel:346 - Failed to get advertising image, set to default
2025-12-10 20:27:05,063 [FATAL] Updater:351 - Updater called before beeing initialized
2025-12-10 20:27:05,064 [FATAL] Updater:351 - Updater called before beeing initialized
2025-12-10 20:27:05,064 [FATAL] Updater:351 - Updater called before beeing initialized
2025-12-10 20:27:05,064 [WARN] DetailPanel:346 - Failed to get advertising image, set to default
2025-12-10 20:27:05,065 [FATAL] Updater:351 - Updater called before beeing initialized
2025-12-10 20:27:05,114 [ERROR] Updater:1198 - MainUpdater not yet initialized. External WinMGr cannot be set.
2025-12-10 20:27:05,117 [INFO] Updater:1134 - Updater Version found : 6.15.0
2025-12-10 20:27:05,134 [INFO] ApplicationProperties:184 - Using Application install path: C:\ST\STM32CubeIDE_1.19.0\STM32CubeIDE\plugins\com.st.stm32cube.common.mx_6.15.0.202507011659
2025-12-10 20:27:06,715 [ERROR] LogOutputStream:75 - [STDERR_REDIRECT] Dec 10, 2025 8:27:06 PM java.util.prefs.WindowsPreferences <init>
2025-12-10 20:27:06,716 [ERROR] LogOutputStream:75 - [STDERR_REDIRECT] WARNING: Could not open/create prefs root node Software\JavaSoft\Prefs at root 0xffffffff80000002. Windows RegCreateKeyEx(...) returned error code 5.
2025-12-10 20:27:06,716 [ERROR] LogOutputStream:75 - [STDERR_REDIRECT] 
2025-12-10 20:27:06,729 [INFO] ThirdPartyUpdaterWithRetryManager:70 - Updater plugin not ready yet. [2/15]
2025-12-10 20:27:07,241 [INFO] MainUpdater:2872 - connection check result : 10
2025-12-10 20:27:07,242 [INFO] MainUpdater:289 - Updater Check For Update Now.
2025-12-10 20:27:07,242 [INFO] MicroXplorer:498 - Change Database Version : DB.6.0.150
2025-12-10 20:27:07,248 [INFO] McuFinderGlobals:63 - Set McuFinder mode to 2 (CubeIDE integrated)
2025-12-10 20:27:07,248 [INFO] UserAuth:171 - activating auth plugin
2025-12-10 20:27:07,251 [INFO] UserAuth:487 - Internet connection configuration mode: 1
2025-12-10 20:27:07,312 [INFO] JxBrowserEngine:152 - Initiate JxBrowser Engine with user profile folder
2025-12-10 20:27:07,450 [INFO] CheckServerUpdateThread:120 - End of CheckServer Thread
2025-12-10 20:27:09,007 [INFO] WebApp:169 - Instantiating new browser for Auth
2025-12-10 20:27:10,055 [INFO] WebApp:463 - Apply proxy settings
2025-12-10 20:27:10,055 [INFO] WebApp:548 - Chromium requires no authentication
2025-12-10 20:27:10,109 [INFO] WebApp:491 - Direct internet connection detected
2025-12-10 20:27:10,183 [INFO] WebApp:900 - Register for checkConnection events
2025-12-10 20:27:10,183 [INFO] WebApp:463 - Apply proxy settings
2025-12-10 20:27:10,183 [INFO] WebApp:548 - Chromium requires no authentication
2025-12-10 20:27:10,184 [INFO] WebApp:491 - Direct internet connection detected
2025-12-10 20:27:10,302 [WARN] PackLoader:240 - Cannot read IP mode file for STMicroelectronics.FP-SNS-MOTENVWB1.1.4.0
2025-12-10 20:27:10,314 [WARN] PackLoader:240 - Cannot read IP mode file for STMicroelectronics.FP-ATR-ASTRA1.2.0.2
2025-12-10 20:27:10,335 [WARN] PackLoader:240 - Cannot read IP mode file for STMicroelectronics.X-CUBE-SMBUS.2.1.0
2025-12-10 20:27:10,349 [WARN] PackLoader:240 - Cannot read IP mode file for STMicroelectronics.X-CUBE-ST60.1.0.0
2025-12-10 20:27:10,389 [WARN] PackLoader:240 - Cannot read IP mode file for STMicroelectronics.X-CUBE-AZRTOS-F7.1.1.0
2025-12-10 20:27:10,398 [WARN] PackLoader:240 - Cannot read IP mode file for STMicroelectronics.FP-SNS-MOTENV1.5.1.0
2025-12-10 20:27:10,415 [WARN] PackLoader:240 - Cannot read IP mode file for WES.I-CUBE-Cesium.1.4.0
2025-12-10 20:27:10,447 [WARN] PackLoader:240 - Cannot read IP mode file for Infineon.AIROC-Wi-Fi-Bluetooth-STM32.1.7.1
2025-12-10 20:27:10,498 [WARN] PackLoader:240 - Cannot read IP mode file for STMicroelectronics.X-CUBE-AZRTOS-H7.3.4.0
2025-12-10 20:27:10,512 [WARN] PackLoader:240 - Cannot read IP mode file for STMicroelectronics.X-CUBE-DISPLAY.3.0.0
2025-12-10 20:27:10,531 [WARN] PackLoader:240 - Cannot read IP mode file for STMicroelectronics.X-CUBE-NFC10.1.0.0
2025-12-10 20:27:10,536 [WARN] PackLoader:240 - Cannot read IP mode file for STMicroelectronics.X-CUBE-ST60.1.1.0
2025-12-10 20:27:10,543 [WARN] PackLoader:240 - Cannot read IP mode file for emotas.I-CUBE-CANOPEN.1.3.0
2025-12-10 20:27:10,549 [WARN] PackLoader:240 - Cannot read IP mode file for STMicroelectronics.X-CUBE-GNSS1.7.1.0
2025-12-10 20:27:10,558 [WARN] PackLoader:240 - Cannot read IP mode file for STMicroelectronics.FP-SNS-STBOX1.2.1.0
2025-12-10 20:27:10,564 [WARN] PackLoader:240 - Cannot read IP mode file for STMicroelectronics.FP-SNS-SMARTAG2.1.2.0
2025-12-10 20:27:10,568 [WARN] PackLoader:240 - Cannot read IP mode file for STMicroelectronics.FP-SNS-FLIGHT1.5.1.0
2025-12-10 20:27:10,580 [INFO] LogOutputStream:77 - [STDOUT_REDIRECT] 1 : Invalid condition id : UX_CORESTACK_Condition cause : null
2025-12-10 20:27:10,581 [INFO] LogOutputStream:77 - [STDOUT_REDIRECT] 1 : Invalid condition id : UX_CORESTACK_Condition cause : null
2025-12-10 20:27:10,584 [INFO] LogOutputStream:77 - [STDOUT_REDIRECT] 1 : Invalid condition id : UX_CORESTACK_Condition cause : null
2025-12-10 20:27:10,586 [INFO] LogOutputStream:77 - [STDOUT_REDIRECT] 1 : Invalid condition id : UX_CORESTACK_Condition cause : null
2025-12-10 20:27:10,587 [INFO] LogOutputStream:77 - [STDOUT_REDIRECT] 1 : Invalid condition id : UX_CORESTACK_Condition cause : null
2025-12-10 20:27:10,591 [WARN] PackLoader:240 - Cannot read IP mode file for STMicroelectronics.X-CUBE-AZRTOS-WL.2.0.0
2025-12-10 20:27:10,597 [WARN] PackLoader:240 - Cannot read IP mode file for STMicroelectronics.FP-SNS-MOTENV1.5.0.0
2025-12-10 20:27:10,629 [INFO] WebApp:191 - Connection restablished
2025-12-10 20:27:10,633 [WARN] PackLoader:240 - Cannot read IP mode file for STMicroelectronics.X-CUBE-AZRTOS-H7RS.1.2.0
2025-12-10 20:27:10,645 [WARN] PackLoader:240 - Cannot read IP mode file for STMicroelectronics.X-CUBE-BLE2.3.3.0
2025-12-10 20:27:10,679 [WARN] PackLoader:240 - Cannot read IP mode file for STMicroelectronics.X-CUBE-NFC9.1.0.0
2025-12-10 20:27:10,728 [WARN] PackLoader:240 - Cannot read IP mode file for wolfSSL.I-CUBE-wolfSSL.5.8.2
2025-12-10 20:27:10,736 [WARN] PackLoader:240 - Cannot read IP mode file for STMicroelectronics.X-CUBE-BLE1.7.1.0
2025-12-10 20:27:10,743 [WARN] PackLoader:240 - Cannot read IP mode file for wolfSSL.I-CUBE-wolfMQTT.1.19.2
2025-12-10 20:27:10,752 [WARN] PackLoader:240 - Cannot read IP mode file for STMicroelectronics.X-CUBE-FREERTOS.1.4.0
2025-12-10 20:27:10,765 [WARN] PackLoader:240 - Cannot read IP mode file for STMicroelectronics.X-CUBE-EEPRMA1.5.2.0
2025-12-10 20:27:10,774 [WARN] PackLoader:240 - Cannot read IP mode file for STMicroelectronics.X-CUBE-ST67W61.1.1.0
2025-12-10 20:27:10,830 [WARN] PackLoader:240 - Cannot read IP mode file for STMicroelectronics.X-CUBE-MEMS1.12.0.0
2025-12-10 20:27:10,958 [WARN] PackLoader:240 - Cannot read IP mode file for STMicroelectronics.X-CUBE-AZRTOS-G0.1.1.0
2025-12-10 20:27:10,966 [WARN] PackLoader:240 - Cannot read IP mode file for STMicroelectronics.X-CUBE-SAFEA1.1.2.2
2025-12-10 20:27:10,975 [WARN] PackLoader:240 - Cannot read IP mode file for STMicroelectronics.X-CUBE-NFC4.3.0.0
2025-12-10 20:27:10,986 [WARN] PackLoader:240 - Cannot read IP mode file for EmbeddedOffice.I-CUBE-FS-RTOS.1.0.1
2025-12-10 20:27:10,993 [WARN] PackLoader:240 - Cannot read IP mode file for STMicroelectronics.X-CUBE-WB05N.2.0.0
2025-12-10 20:27:10,998 [WARN] PackLoader:240 - Cannot read IP mode file for wolfSSL.I-CUBE-wolfTPM.3.8.0
2025-12-10 20:27:11,003 [WARN] PackLoader:240 - Cannot read IP mode file for STMicroelectronics.X-CUBE-TCPP.4.2.0
2025-12-10 20:27:11,011 [WARN] PackLoader:240 - Cannot read IP mode file for RealThread.X-CUBE-RT-Thread_Nano.4.1.1
2025-12-10 20:27:11,017 [WARN] PackLoader:240 - Cannot read IP mode file for STMicroelectronics.FP-ATR-SIGFOX1.3.2.0
2025-12-10 20:27:11,025 [WARN] PackLoader:240 - Cannot read IP mode file for ITTIA_DB.I-CUBE-ITTIADB.8.9.0
2025-12-10 20:27:11,039 [WARN] PackLoader:240 - Cannot read IP mode file for STMicroelectronics.X-CUBE-ST67W61.1.0.0
2025-12-10 20:27:11,045 [WARN] PackLoader:240 - Cannot read IP mode file for STMicroelectronics.X-CUBE-AI.10.2.0
2025-12-10 20:27:11,076 [WARN] PackLoader:240 - Cannot read IP mode file for SEGGER.I-CUBE-embOS.1.3.1
2025-12-10 20:27:11,116 [WARN] PackLoader:240 - Cannot read IP mode file for STMicroelectronics.X-CUBE-ALGOBUILD.1.4.0
2025-12-10 20:27:11,164 [WARN] PackLoader:240 - Cannot read IP mode file for STMicroelectronics.X-CUBE-MEMS1.11.3.0
2025-12-10 20:27:11,304 [WARN] PackLoader:240 - Cannot read IP mode file for STMicroelectronics.X-CUBE-PM33A1.1.0.0
2025-12-10 20:27:11,319 [WARN] PackLoader:240 - Cannot read IP mode file for STMicroelectronics.X-CUBE-AZRTOS-F4.1.1.0
2025-12-10 20:27:11,330 [WARN] PackLoader:240 - Cannot read IP mode file for Avnet-IotConnect.X-CUBE-IoTC-DA16k-PMOD.1.0.0
2025-12-10 20:27:11,335 [WARN] PackLoader:240 - Cannot read IP mode file for STMicroelectronics.X-CUBE-ISPU.2.1.0
2025-12-10 20:27:11,352 [WARN] PackLoader:240 - Cannot read IP mode file for STMicroelectronics.X-CUBE-IPS.3.2.0
2025-12-10 20:27:11,367 [WARN] PackLoader:240 - Cannot read IP mode file for STMicroelectronics.X-CUBE-NFC12.1.0.0
2025-12-10 20:27:11,386 [WARN] PackLoader:240 - Cannot read IP mode file for STMicroelectronics.X-CUBE-AZRTOS-L5.2.0.0
2025-12-10 20:27:11,416 [WARN] PackLoader:240 - Cannot read IP mode file for STMicroelectronics.X-CUBE-NFC6.3.1.0
2025-12-10 20:27:11,425 [WARN] PackLoader:240 - Cannot read IP mode file for STMicroelectronics.X-CUBE-FREERTOS.1.3.1
2025-12-10 20:27:11,435 [WARN] PackLoader:240 - Cannot read IP mode file for STMicroelectronics.X-CUBE-TOUCHGFX.4.26.0
2025-12-10 20:27:11,441 [WARN] PackLoader:240 - Cannot read IP mode file for STMicroelectronics.FP-SNS-STAIOTCFT.1.0.0
2025-12-10 20:27:11,447 [WARN] PackLoader:240 - Cannot read IP mode file for STMicroelectronics.X-CUBE-DPower.1.3.0
2025-12-10 20:27:11,463 [WARN] ConditionMgr:438 - getConditionDescription Invalid condition id : LAN8742 Phy interface Condition cause : null
2025-12-10 20:27:11,464 [WARN] PackLoader:240 - Cannot read IP mode file for STMicroelectronics.X-CUBE-AZRTOS-L4.2.0.0
2025-12-10 20:27:11,465 [WARN] ConditionMgr:1044 - genDependencies : Invalid condition id : LAN8742 Phy interface Condition cause : null
2025-12-10 20:27:11,465 [WARN] ConditionMgr:1044 - genDependencies : Invalid condition id : LAN8742 Phy interface Condition cause : null
2025-12-10 20:27:11,466 [WARN] ConditionMgr:1044 - genDependencies : Invalid condition id : LAN8742 Phy interface Condition cause : null
2025-12-10 20:27:11,473 [WARN] PackLoader:240 - Cannot read IP mode file for STMicroelectronics.X-CUBE-SFXS2LP1.4.0.0
2025-12-10 20:27:11,485 [WARN] PackLoader:240 - Cannot read IP mode file for STMicroelectronics.X-CUBE-BLEMGR.4.1.0
2025-12-10 20:27:11,498 [WARN] ConditionMgr:438 - getConditionDescription Invalid condition id : UX DEVICE CLASS RTOS Condition cause : null
2025-12-10 20:27:11,498 [WARN] ConditionMgr:438 - getConditionDescription Invalid condition id : UX DEVICE CLASS RTOS Condition cause : null
2025-12-10 20:27:11,500 [WARN] PackLoader:240 - Cannot read IP mode file for STMicroelectronics.X-CUBE-AZRTOS-WB.2.0.0
2025-12-10 20:27:11,500 [WARN] ConditionMgr:1044 - genDependencies : Invalid condition id : UX DEVICE CLASS RTOS Condition cause : null
2025-12-10 20:27:11,500 [WARN] ConditionMgr:1044 - genDependencies : Invalid condition id : UX DEVICE CLASS RTOS Condition cause : null
2025-12-10 20:27:11,501 [WARN] ConditionMgr:1044 - genDependencies : Invalid condition id : UX DEVICE CLASS RTOS Condition cause : null
2025-12-10 20:27:11,501 [WARN] ConditionMgr:1044 - genDependencies : Invalid condition id : UX DEVICE CLASS RTOS Condition cause : null
2025-12-10 20:27:11,501 [WARN] ConditionMgr:1044 - genDependencies : Invalid condition id : UX DEVICE CLASS RTOS Condition cause : null
2025-12-10 20:27:11,506 [WARN] PackLoader:240 - Cannot read IP mode file for STMicroelectronics.X-CUBE-GNSS1.7.0.1
2025-12-10 20:27:11,510 [WARN] PackLoader:240 - Cannot read IP mode file for STMicroelectronics.X-CUBE-TOUCHGFX.4.25.0
2025-12-10 20:27:11,514 [WARN] ConditionMgr:438 - getConditionDescription Invalid condition id : Cortex-A Device cause : null
2025-12-10 20:27:11,522 [WARN] ConditionMgr:1044 - genDependencies : Invalid condition id : Cortex-A Device cause : null
2025-12-10 20:27:11,522 [WARN] ConditionMgr:1044 - genDependencies : Invalid condition id : Cortex-A Device cause : null
2025-12-10 20:27:11,523 [WARN] ConditionMgr:1044 - genDependencies : Invalid condition id : Cortex-A Device cause : null
2025-12-10 20:27:11,532 [WARN] PackLoader:240 - Cannot read IP mode file for STMicroelectronics.X-CUBE-SUBG2.5.0.0
2025-12-10 20:27:11,552 [WARN] PackLoader:240 - Cannot read IP mode file for STMicroelectronics.X-CUBE-AZRTOS-H7RS.1.1.0
2025-12-10 20:27:11,559 [WARN] PackLoader:240 - Cannot read IP mode file for Cesanta.I-CUBE-Mongoose.7.13.0
2025-12-10 20:27:11,571 [WARN] PackLoader:240 - Cannot read IP mode file for STMicroelectronics.X-CUBE-AZRTOS-G4.2.0.0
2025-12-10 20:27:11,578 [WARN] PackLoader:240 - Cannot read IP mode file for wolfSSL.I-CUBE-wolfSSH.1.4.20
2025-12-10 20:27:11,584 [WARN] PackLoader:240 - Cannot read IP mode file for STMicroelectronics.X-CUBE-NFC7.2.0.0
2025-12-10 20:27:11,595 [WARN] PackLoader:240 - Cannot read IP mode file for STMicroelectronics.X-CUBE-IPS.3.1.0
2025-12-10 20:27:11,620 [WARN] PackLoader:240 - Cannot read IP mode file for STMicroelectronics.X-CUBE-ALS.1.0.2
2025-12-10 20:27:11,628 [WARN] PackLoader:240 - Cannot read IP mode file for STMicroelectronics.X-CUBE-STSE01.1.0.0
2025-12-10 20:27:11,641 [WARN] PackLoader:240 - Cannot read IP mode file for STMicroelectronics.X-CUBE-TOF1.3.4.3
2025-12-10 20:27:11,650 [INFO] ThirdParty:978 - Integrity check success = true
2025-12-10 20:27:11,650 [INFO] IntegrityCheckThread:100 - exiting critical section [integrity check]
2025-12-10 20:27:11,651 [INFO] IntegrityCheckThread:103 - End integrity checks thread
2025-12-10 20:27:11,994 [INFO] WebApp:225 - Starting web application
2025-12-10 20:27:11,994 [INFO] WebApp:593 - Web application path used C:\ST\STM32CubeIDE_1.19.0\STM32CubeIDE\plugins\com.st.stm32cube.common.mx_6.15.0.202507011659\db\plugins\mcufinder\reactClient1\index.html
2025-12-10 21:07:05,633 [ERROR] AdobePublisher:187 - Exception while getting the server answer: java.net.SocketTimeoutException: Read timed out
2025-12-10 22:11:55,864 [INFO] McuFinderGlobals:63 - Set McuFinder mode to 2 (CubeIDE integrated)
2025-12-10 22:11:55,876 [INFO] MainUpdater:2872 - connection check result : 10
2025-12-10 22:11:55,878 [INFO] MainUpdater:2872 - connection check result : 10
2025-12-10 22:11:55,954 [INFO] MicroXplorer:468 - Change Database Path : 
2025-12-10 22:11:55,954 [INFO] MicroXplorer:498 - Change Database Version : DB.6.0.150
2025-12-10 22:11:55,960 [WARN] ThirdParty:871 - waiting for thirdparty lock release [close project]
2025-12-10 22:11:55,960 [INFO] ThirdParty:873 - entering critical section [close project]
2025-12-10 22:11:55,963 [INFO] ThirdParty:883 - exiting critical section [close project]
2025-12-10 22:11:55,967 [INFO] PinOutPanel:1589 - setPackage(No Configuration,No Configuration)
2025-12-10 22:11:55,971 [INFO] UtilMem:75 - Begin LoadConfig() Used Memory: 788567520 Bytes (1073741824)
2025-12-10 22:11:55,973 [INFO] MicroXplorer:468 - Change Database Path : 
2025-12-10 22:11:55,973 [INFO] MicroXplorer:498 - Change Database Version : DB.6.0.150
2025-12-10 22:11:55,973 [INFO] OpenFileManager:355 - Change cursor
2025-12-10 22:11:56,028 [INFO] Mcu:2029 - Initializing MCU STM32L476R(C-E-G)Tx STM32L476RGTx STM32L476RGT3
2025-12-10 22:11:58,194 [INFO] Context:786 - Trying to add GPIOservice into a context  which must be forbidden
2025-12-10 22:11:58,785 [INFO] ImportTextPane:234 - (OptionalMessage_ERROR) Pin4 (VP_RIF_VS_RIF1) cannot be retrieved for this MCU
2025-12-10 22:11:59,038 [INFO] RtosManager:558 - Registered RTOS mode: class=CMSIS, group=RTOS, mode=CMSIS_V1, owner=FREERTOS
2025-12-10 22:11:59,039 [INFO] RtosManager:558 - Registered RTOS mode: class=CMSIS, group=RTOS2, mode=CMSIS_V2, owner=FREERTOS
2025-12-10 22:11:59,039 [INFO] RtosManager:558 - Registered RTOS mode: class=RTOS, group=Core, mode=CMSIS_V1, owner=FREERTOS
2025-12-10 22:11:59,039 [INFO] RtosManager:558 - Registered RTOS mode: class=RTOS, group=Core, mode=CMSIS_V2, owner=FREERTOS
2025-12-10 22:11:59,039 [WARN] ModelIntegratedComponent:184 - Missing modes for component STMicroelectronics:FreeRTOS:0.0.1:STMicroelectronics:RTOS:FreeRTOS:Core:::10.2.0:
2025-12-10 22:11:59,056 [WARN] ModelIntegratedComponent:63 - No mode defined for component null
2025-12-10 22:11:59,056 [WARN] ModelIntegratedComponent:63 - No mode defined for component null
2025-12-10 22:11:59,056 [WARN] ModelIntegratedComponent:63 - No mode defined for component null
2025-12-10 22:11:59,056 [WARN] ModelIntegratedComponent:63 - No mode defined for component null
2025-12-10 22:11:59,057 [WARN] ModelIntegratedComponent:63 - No mode defined for component null
2025-12-10 22:11:59,057 [WARN] ModelIntegratedComponent:63 - No mode defined for component null
2025-12-10 22:11:59,057 [WARN] ModelIntegratedComponent:63 - No mode defined for component null
2025-12-10 22:11:59,057 [WARN] ModelIntegratedComponent:63 - No mode defined for component null
2025-12-10 22:11:59,057 [WARN] ModelIntegratedComponent:63 - No mode defined for component null
2025-12-10 22:11:59,057 [WARN] ModelIntegratedComponent:63 - No mode defined for component null
2025-12-10 22:11:59,057 [WARN] ModelIntegratedComponent:63 - No mode defined for component null
2025-12-10 22:11:59,057 [WARN] ModelIntegratedComponent:63 - No mode defined for component null
2025-12-10 22:11:59,057 [WARN] ModelIntegratedComponent:63 - No mode defined for component null
2025-12-10 22:11:59,057 [WARN] ModelIntegratedComponent:63 - No mode defined for component null
2025-12-10 22:11:59,057 [WARN] ModelIntegratedComponent:63 - No mode defined for component null
2025-12-10 22:11:59,057 [WARN] ModelIntegratedComponent:63 - No mode defined for component null
2025-12-10 22:11:59,057 [WARN] ModelIntegratedComponent:63 - No mode defined for component null
2025-12-10 22:11:59,058 [WARN] ModelIntegratedComponent:63 - No mode defined for component null
2025-12-10 22:11:59,058 [WARN] ModelIntegratedComponent:63 - No mode defined for component null
2025-12-10 22:11:59,058 [WARN] ModelIntegratedComponent:63 - No mode defined for component null
2025-12-10 22:11:59,058 [WARN] ModelIntegratedComponent:63 - No mode defined for component null
2025-12-10 22:11:59,058 [WARN] ModelIntegratedComponent:63 - No mode defined for component null
2025-12-10 22:11:59,058 [WARN] ModelIntegratedComponent:63 - No mode defined for component null
2025-12-10 22:11:59,058 [WARN] ModelIntegratedComponent:63 - No mode defined for component null
2025-12-10 22:11:59,058 [WARN] ModelIntegratedComponent:63 - No mode defined for component null
2025-12-10 22:11:59,058 [WARN] ModelIntegratedComponent:63 - No mode defined for component null
2025-12-10 22:11:59,058 [WARN] ModelIntegratedComponent:63 - No mode defined for component null
2025-12-10 22:11:59,058 [WARN] ModelIntegratedComponent:63 - No mode defined for component null
2025-12-10 22:11:59,058 [WARN] ModelIntegratedComponent:63 - No mode defined for component null
2025-12-10 22:11:59,058 [WARN] ModelIntegratedComponent:63 - No mode defined for component null
2025-12-10 22:11:59,058 [WARN] ModelIntegratedComponent:63 - No mode defined for component null
2025-12-10 22:11:59,058 [WARN] ModelIntegratedComponent:63 - No mode defined for component null
2025-12-10 22:11:59,058 [WARN] ModelIntegratedComponent:63 - No mode defined for component null
2025-12-10 22:11:59,058 [WARN] ModelIntegratedComponent:63 - No mode defined for component null
2025-12-10 22:11:59,059 [WARN] ModelIntegratedComponent:63 - No mode defined for component null
2025-12-10 22:11:59,059 [WARN] ModelPack:524 - Component already loaded: STMicroelectronics:HAL Drivers:0.0.0:STMicroelectronics:Device:STMicro_Driver:XSPI:HAL::0.0.1:HAL_XSPI
2025-12-10 22:11:59,152 [INFO] ThirdPartyModel:298 - Start build external matchings
2025-12-10 22:11:59,835 [INFO] ThirdPartyModel:316 - End build external matchings
2025-12-10 22:11:59,836 [INFO] ImportTextPane:234 - (OptionalMessage_ERROR) IP (ADC1) : Parameter (CommonPathInternal) has invalid value (null|null|null|null)
2025-12-10 22:12:00,270 [INFO] ApiDb:581 - Connected to CubeFinder SQLite database (C:\Users\user\.stmcufinder\plugins\mcufinder\mcu\cube-finder-db.db)
2025-12-10 22:12:00,403 [INFO] ApiDb:668 - CubeFinder database Data Model version=2.1
2025-12-10 22:12:00,403 [INFO] ApiDb:669 - CubeFinder database Configuration version=3.0.39
2025-12-10 22:12:00,403 [INFO] ApiDb:670 - CubeFinder database generation date=2025-11-05 (1762334721)
2025-12-10 22:12:00,403 [INFO] ApiDb:671 - CubeFinder database FW Pack versions=[FP-ATR-ASTRA1_V2.0.0, FP-SNS-FLIGHT1_V5.1.0, FP-SNS-MOTENV1_V5.1.0, FP-SNS-MOTENVWB1_V1.4.0, FP-SNS-SMARTAG2_V1.2.0, FP-SNS-STBOX1_V2.1.0, STM32Cube_FW_C0_V1.4.0, STM32Cube_FW_F4_V1.28.3, STM32Cube_FW_F7_V1.17.4, STM32Cube_FW_G0_V1.6.2, STM32Cube_FW_G4_V1.6.1, STM32Cube_FW_H5_V1.5.1, STM32Cube_FW_H7RS_V1.3.0, STM32Cube_FW_H7_V1.12.1, STM32Cube_FW_L0_V1.12.2, STM32Cube_FW_L4_V1.18.1, STM32Cube_FW_L5_V1.6.0, STM32Cube_FW_N6_V1.3.0, STM32Cube_FW_U0_V1.3.0, STM32Cube_FW_U3_V1.2.1, STM32Cube_FW_U5_V1.8.0, STM32Cube_FW_WB0_V1.4.0, STM32Cube_FW_WBA_V1.8.0, STM32Cube_FW_WB_V1.24.0, STM32Cube_FW_WL3_V1.3.0, STM32Cube_FW_WL_V1.4.0, X-CUBE-ALGOBUILD_V1.4.0, X-CUBE-ALS_V1.0.2, X-CUBE-AZRTOS-F4_V1.1.0, X-CUBE-AZRTOS-F7_V1.1.0, X-CUBE-AZRTOS-G0_V1.1.0, X-CUBE-AZRTOS-G4_V2.0.0, X-CUBE-AZRTOS-H7RS_V1.1.0, X-CUBE-AZRTOS-H7_V3.4.0, X-CUBE-AZRTOS-L4_V2.0.0, X-CUBE-AZRTOS-L5_V2.0.0, X-CUBE-AZRTOS-WB_V2.0.0, X-CUBE-AZRTOS-WL_V2.0.0, X-CUBE-BLE1_V7.1.0, X-CUBE-BLE2_V3.3.0, X-CUBE-BLEMGR_V4.1.0, X-CUBE-EEPRMA1_V5.2.0, X-CUBE-FREERTOS_V1.3.1, X-CUBE-GNSS1_V6.0.0, X-CUBE-MEMS1_V11.3.0, X-CUBE-NFC4_V3.0.0, X-CUBE-NFC7_V2.0.0, X-CUBE-SFXS2LP1_V4.0.0, X-CUBE-ST67W61_V1.1.0, X-CUBE-SUBG2_V5.0.0, X-CUBE-TOF1_V3.4.3]
2025-12-10 22:12:00,553 [INFO] DbBoardsSqlite:226 - include board P-NUCLEO-WB55-NUCLEO as a kit item of type 'Nucleo-64'
2025-12-10 22:12:00,553 [INFO] DbBoardsSqlite:226 - include board P-NUCLEO-WB55-USBDONGLE as a kit item of type 'Nucleo USB Dongle'
2025-12-10 22:12:00,553 [INFO] DbBoardsSqlite:226 - include board STEVAL-IDP005V1 as a kit item of type 'Evaluation Board'
2025-12-10 22:12:00,553 [INFO] DbBoardsSqlite:226 - include board STEVAL-IDP005V2 as a kit item of type 'Evaluation Board'
2025-12-10 22:12:01,621 [INFO] ApiDb:240 - Found 880 in-development CPN: [B-G473E-ZEST1S, B-WB1M-WPAN1, B-WBA5M-WPAN, B-WL5M-SUBG1, NUCLEO-C031C6, NUCLEO-C051C8, NUCLEO-C071RB, NUCLEO-C092RC, NUCLEO-H503RB, NUCLEO-H533RE, NUCLEO-H563ZI, NUCLEO-H7S3L8, NUCLEO-N657X0-Q, NUCLEO-U031R8, NUCLEO-U083RC, NUCLEO-U385RG-Q, NUCLEO-U545RE-Q, NUCLEO-U5A5ZJ-Q, NUCLEO-WB05KZ, NUCLEO-WB07CC, NUCLEO-WB09KE, NUCLEO-WBA52CG, NUCLEO-WBA55CG, NUCLEO-WL33CC1, NUCLEO-WL33CC2, STEVAL-PROTEUS1, STEVAL-SMARTAG2, STEVAL-STWINBX1, STM320518-EVAL, STM32C0116-DK, STM32C011D6Y3TR, STM32C011D6Y6TR, STM32C011F4P3, STM32C011F4P6, STM32C011F4U3, STM32C011F4U6TR, STM32C011F6P3, STM32C011F6P6, STM32C011F6U3, STM32C011F6U6TR, STM32C011J4M3, STM32C011J4M6, STM32C011J6M3, STM32C011J6M6, STM32C0316-DK, STM32C031C4T3, STM32C031C4T6, STM32C031C4U3, STM32C031C4U6, STM32C031C6T3, STM32C031C6T6, STM32C031C6U3, STM32C031C6U6, STM32C031F4P3, STM32C031F4P6, STM32C031F6P3, STM32C031F6P6, STM32C031G4U3, STM32C031G4U6, STM32C031G6U3, STM32C031G6U6, STM32C031K4T3, STM32C031K4T6, STM32C031K4U3, STM32C031K4U6, STM32C031K6T3, STM32C031K6T6, STM32C031K6U3, STM32C031K6U6, STM32C051C6T6, STM32C051C6U6, STM32C051C8T6, STM32C051C8U6, STM32C051D8Y6TR, STM32C051F6P6, STM32C051F8P6, STM32C051G6U6, STM32C051G8U6, STM32C051K6T6, STM32C051K6U6, STM32C051K8T6, STM32C071C8T6, STM32C071C8T6N, STM32C071C8U6, STM32C071C8U6N, STM32C071CBT6, STM32C071CBT6N, STM32C071CBU6, STM32C071CBU6N, STM32C071F8P6, STM32C071F8P6N, STM32C071FBP6, STM32C071FBP6N, STM32C071FBY6TR, STM32C071G8U6, STM32C071G8U6N, STM32C071GBU6, STM32C071GBU6N, STM32C071K8T6, STM32C071K8T6N, STM32C071K8U6, STM32C071K8U6N, STM32C071KBT6, STM32C071KBT6N, STM32C071KBU6, STM32C071KBU6N, STM32C071R8T6, STM32C071R8T6N, STM32C071RBI6N, STM32C071RBT6, STM32C071RBT6N, STM32C091CBT6, STM32C091CBU6, STM32C091CCT6, STM32C091CCU6, STM32C091ECY6TR, STM32C091FBP6, STM32C091FCP6, STM32C091GBU6, STM32C091GCU6, STM32C091KBT6, STM32C091KBU6, STM32C091KCT6, STM32C091KCU6, STM32C091RBT6, STM32C091RCI6, STM32C091RCT6, STM32C092CBT6, STM32C092CBU6, STM32C092CCT6, STM32C092CCU6, STM32C092ECY6TR, STM32C092FBP6, STM32C092FCP6, STM32C092GBU6, STM32C092GCU6, STM32C092KBT6, STM32C092KBU6, STM32C092KCT6, STM32C092KCU6, STM32C092RBT6, STM32C092RCI6, STM32C092RCT6, STM32G071K8TXN, STM32G071K8UXN, STM32G081GBU6N, STM32G081KBT6N, STM32G081KBUXN, STM32G0B1CCT6N, STM32G0B1KCT6, STM32G0B1NEY6TR, STM32G0B1RCT6N, STM32G0C1CCT6, STM32G0C1CCT6N, STM32G0C1CCU6N, STM32G0C1CET6N, STM32G0C1CEU6N, STM32G0C1KCT6, STM32G0C1NEY6TR, STM32G0C1RCI6N, STM32G0C1RCT6N, STM32G0C1REI6N, STM32G0C1RET6N, STM32G0C1VCI6, STM32G0C1VEI6, STM32G411C6T3, STM32G411C6T6, STM32G411C6U3, STM32G411C6U6, STM32G411C8T3, STM32G411C8T6, STM32G411C8U3, STM32G411C8U6, STM32G411CBT3, STM32G411CBT6, STM32G411CBU3, STM32G411CBU6, STM32G411K6T3, STM32G411K6T6, STM32G411K6U3, STM32G411K6U6, STM32G411K8T3, STM32G411K8T6, STM32G411K8U3, STM32G411K8U6, STM32G411KBT3, STM32G411KBT6, STM32G411KBU3, STM32G411KBU6, STM32G411M6T3, STM32G411M6T6, STM32G411M8T3, STM32G411M8T6, STM32G411MBT3, STM32G411MBT6, STM32G411R6T3, STM32G411R6T6, STM32G411R8T3, STM32G411R8T6, STM32G411RBT3, STM32G411RBT6, STM32G414CBT3, STM32G414CBT6, STM32G414CBU3, STM32G414CBU6, STM32G414CCT3, STM32G414CCT6, STM32G414CCU3, STM32G414CCU6, STM32G414MBT3, STM32G414MBT6, STM32G414MCT3, STM32G414MCT6, STM32G414RBT3, STM32G414RBT6, STM32G414RCT3, STM32G414RCT6, STM32G414VBT3, STM32G414VBT6, STM32G414VCT3, STM32G414VCT6, STM32G431CBT3Z, STM32G431RBT3Z, STM32G471CCT6, STM32G471CCU6, STM32G471CET3, STM32G471CET6, STM32G471CEU3, STM32G471CEU6, STM32G471MCT6, STM32G471MET3, STM32G471MET6, STM32G471MEY6TR, STM32G471QCT6, STM32G471QET3, STM32G471RCT6, STM32G471RET3, STM32G471RET6, STM32G471VCH6, STM32G471VCI6, STM32G471VCT6, STM32G471VEH3, STM32G471VEH6, STM32G471VEI3, STM32G471VEI6, STM32G471VET3, STM32G471VET6, STM32G473QET3Z, STM32G473RET3Z, STM32G474CCT6, STM32G491RET3Z, STM32H503CBT6, STM32H503CBU6, STM32H503EBY6TR, STM32H503KBU6, STM32H503RBT6, STM32H523CCT6, STM32H523CCU6, STM32H523CET6, STM32H523CEU6, STM32H523HEY6TR, STM32H523RCT6, STM32H523RET6, STM32H523VCI6, STM32H523VCT6, STM32H523VEI6, STM32H523VET6, STM32H523ZCJ6, STM32H523ZCT6, STM32H523ZEJ6, STM32H523ZET6, STM32H533CET6, STM32H533CEU6, STM32H533HEY6TR, STM32H533RET6, STM32H533VEI6, STM32H533VET6, STM32H533ZEJ6, STM32H533ZET6, STM32H562AGI6, STM32H562AII6, STM32H562IGK6, STM32H562IGT6, STM32H562IIK6, STM32H562IIT6, STM32H562RGT6, STM32H562RGV6, STM32H562RIT6, STM32H562RIV6, STM32H562VGT6, STM32H562VIT6, STM32H562ZGT6, STM32H562ZIT6, STM32H563AGI6, STM32H563AII3Q, STM32H563AII6, STM32H563IGK6, STM32H563IGT6, STM32H563IIK3Q, STM32H563IIK6, STM32H563IIT3Q, STM32H563IIT6, STM32H563MIY3QTR, STM32H563RGT6, STM32H563RGV6, STM32H563RIT6, STM32H563RIV6, STM32H563VGT6, STM32H563VIT3Q, STM32H563VIT6, STM32H563ZGT6, STM32H563ZIT3Q, STM32H563ZIT6, STM32H573AII3Q, STM32H573AII6, STM32H573I-DK, STM32H573IIK3Q, STM32H573IIK6, STM32H573IIT3Q, STM32H573IIT6, STM32H573MIY3QTR, STM32H573RIT6, STM32H573RIV6, STM32H573VIT3Q, STM32H573VIT6, STM32H573ZIT3Q, STM32H573ZIT6, STM32H7R3A8I6, STM32H7R3I8K6, STM32H7R3I8T6, STM32H7R3L8H6, STM32H7R3L8H6H, STM32H7R3R8V6, STM32H7R3V8H6, STM32H7R3V8T6, STM32H7R3V8Y6TR, STM32H7R3Z8J6, STM32H7R3Z8T6, STM32H7R7A8I6, STM32H7R7I8K6, STM32H7R7I8T6, STM32H7R7L8H6, STM32H7R7L8H6H, STM32H7R7Z8J6, STM32H7S3A8I6, STM32H7S3I8K6, STM32H7S3I8T6, STM32H7S3L8H6, STM32H7S3L8H6H, STM32H7S3R8V6, STM32H7S3V8H6, STM32H7S3V8T6, STM32H7S3V8Y6TR, STM32H7S3Z8J6, STM32H7S3Z8T6, STM32H7S78-DK, STM32H7S7A8I6, STM32H7S7I8K6, STM32H7S7I8T6, STM32H7S7L8H6, STM32H7S7L8H6H, STM32H7S7Z8J6, STM32L4R5QGI6STR, STM32MP131AAE3, STM32MP131AAF3, STM32MP131AAG3, STM32MP131CAE3, STM32MP131CAF3, STM32MP131CAG3, STM32MP131DAE7, STM32MP131DAF7, STM32MP131DAG7, STM32MP131FAE7, STM32MP131FAF7, STM32MP131FAG7, STM32MP133AAE3, STM32MP133AAF3, STM32MP133AAG3, STM32MP133CAE3, STM32MP133CAF3, STM32MP133CAG3, STM32MP133DAE7, STM32MP133DAF7, STM32MP133DAG7, STM32MP133FAE7, STM32MP133FAF7, STM32MP133FAG7, STM32MP135AAE3, STM32MP135AAF3, STM32MP135AAG3, STM32MP135CAE3, STM32MP135CAF3, STM32MP135CAG3, STM32MP135DAE7, STM32MP135DAF7, STM32MP135DAG7, STM32MP135F-DK, STM32MP135FAE7, STM32MP135FAF7, STM32MP135FAF7T, STM32MP135FAF7U, STM32MP135FAG7, STM32MP211AAL3, STM32MP211AAM3, STM32MP211AAN3, STM32MP211AAO3, STM32MP211CAL3, STM32MP211CAM3, STM32MP211CAN3, STM32MP211CAO3, STM32MP211DAL3, STM32MP211DAM3, STM32MP211DAN3, STM32MP211DAO3, STM32MP211FAL3, STM32MP211FAM3, STM32MP211FAN3, STM32MP211FAO3, STM32MP213AAL3, STM32MP213AAM3, STM32MP213AAN3, STM32MP213AAO3, STM32MP213CAL3, STM32MP213CAM3, STM32MP213CAN3, STM32MP213CAO3, STM32MP213DAL3, STM32MP213DAM3, STM32MP213DAN3, STM32MP213DAO3, STM32MP213FAL3, STM32MP213FAM3, STM32MP213FAN3, STM32MP213FAO3, STM32MP215AAL3, STM32MP215AAM3, STM32MP215AAN3, STM32MP215AAO3, STM32MP215CAL3, STM32MP215CAM3, STM32MP215CAN3, STM32MP215CAO3, STM32MP215DAL3, STM32MP215DAM3, STM32MP215DAN3, STM32MP215DAO3, STM32MP215F-DK, STM32MP215FAL3, STM32MP215FAM3, STM32MP215FAN3, STM32MP215FAO3, STM32MP231AAJ3, STM32MP231AAK3, STM32MP231AAL3, STM32MP231CAJ3, STM32MP231CAK3, STM32MP231CAL3, STM32MP231DAJ3, STM32MP231DAK3, STM32MP231DAL3, STM32MP231FAJ3, STM32MP231FAK3, STM32MP231FAL3, STM32MP233AAJ3, STM32MP233AAK3, STM32MP233AAL3, STM32MP233CAJ3, STM32MP233CAK3, STM32MP233CAL3, STM32MP233DAJ3, STM32MP233DAK3, STM32MP233DAL3, STM32MP233FAJ3, STM32MP233FAK3, STM32MP233FAL3, STM32MP235AAJ3, STM32MP235AAK3, STM32MP235AAL3, STM32MP235CAJ3, STM32MP235CAK3, STM32MP235CAL3, STM32MP235DAJ3, STM32MP235DAK3, STM32MP235DAL3, STM32MP235FAJ3, STM32MP235FAK3, STM32MP235FAL3, STM32MP251AAI3, STM32MP251AAK3, STM32MP251AAL3, STM32MP251CAI3, STM32MP251CAK3, STM32MP251CAL3, STM32MP251DAI3, STM32MP251DAK3, STM32MP251DAL3, STM32MP251FAI3, STM32MP251FAK3, STM32MP251FAL3, STM32MP253AAI3, STM32MP253AAK3, STM32MP253AAL3, STM32MP253CAI3, STM32MP253CAK3, STM32MP253CAL3, STM32MP253DAI3, STM32MP253DAK3, STM32MP253DAL3, STM32MP253FAI3, STM32MP253FAK3, STM32MP253FAL3, STM32MP255AAI3, STM32MP255AAK3, STM32MP255AAL3, STM32MP255CAI3, STM32MP255CAK3, STM32MP255CAL3, STM32MP255DAI3, STM32MP255DAK3, STM32MP255DAL3, STM32MP255FAI3, STM32MP255FAK3, STM32MP255FAL3, STM32MP257AAI3, STM32MP257AAK3, STM32MP257AAL3, STM32MP257CAI3, STM32MP257CAK3, STM32MP257CAL3, STM32MP257DAI3, STM32MP257DAK3, STM32MP257DAL3, STM32MP257F-DK, STM32MP257F-EV1, STM32MP257FAI3, STM32MP257FAK3, STM32MP257FAL3, STM32N645A0H3Q, STM32N645B0H3Q, STM32N645I0H3Q, STM32N645L0H3Q, STM32N645X0H3Q, STM32N645Z0H3Q, STM32N647A0H3Q, STM32N647B0H3Q, STM32N647I0H3Q, STM32N647L0H3Q, STM32N647X0H3Q, STM32N647Z0H3Q, STM32N655A0H3Q, STM32N655B0H3Q, STM32N655I0H3Q, STM32N655L0H3Q, STM32N655X0H3Q, STM32N655Z0H3Q, STM32N6570-DK, STM32N657A0H3Q, STM32N657B0H3Q, STM32N657I0H3Q, STM32N657L0H3Q, STM32N657X0H3Q, STM32N657Z0H3Q, STM32U031C6T6, STM32U031C6U6, STM32U031C8T6, STM32U031C8U6, STM32U031F4P6, STM32U031F6P6, STM32U031F8P6, STM32U031G6Y6TR, STM32U031G8Y6TR, STM32U031K4U6, STM32U031K6U6, STM32U031K8U6, STM32U031R6I6, STM32U031R6T6, STM32U031R8I6, STM32U031R8T6, STM32U073C8T6, STM32U073C8U6, STM32U073CBT6, STM32U073CBU6, STM32U073CCT6, STM32U073CCU6, STM32U073H8Y6TR, STM32U073HBY6TR, STM32U073HCY6TR, STM32U073K8U6, STM32U073KBU6, STM32U073KCU6, STM32U073M8I6, STM32U073M8T6, STM32U073MBI6, STM32U073MBT6, STM32U073MCI6, STM32U073MCT6, STM32U073R8I6, STM32U073R8T6, STM32U073RBI6, STM32U073RBT6, STM32U073RCI6, STM32U073RCT6, STM32U083C-DK, STM32U083CCT6, STM32U083CCU6, STM32U083HCY6TR, STM32U083KCU6, STM32U083MCI6, STM32U083MCT6, STM32U083RCI6, STM32U083RCT6, STM32U375CET6, STM32U375CET6Q, STM32U375CEU6, STM32U375CEU6Q, STM32U375CEY6QTR, STM32U375CGT6, STM32U375CGT6Q, STM32U375CGU6, STM32U375CGU6Q, STM32U375CGY6QTR, STM32U375KEU6, STM32U375KGU6, STM32U375REI6, STM32U375REI6Q, STM32U375RET6, STM32U375RET6Q, STM32U375REY6GTR, STM32U375REY6QTR, STM32U375RGI6, STM32U375RGI6Q, STM32U375RGT6, STM32U375RGT6Q, STM32U375RGY6GTR, STM32U375RGY6QTR, STM32U375VEI6, STM32U375VEI6Q, STM32U375VET6, STM32U375VET6Q, STM32U375VGI6, STM32U375VGI6Q, STM32U375VGT6, STM32U375VGT6Q, STM32U385CGT6, STM32U385CGT6Q, STM32U385CGU6, STM32U385CGU6Q, STM32U385CGY6QTR, STM32U385KGU6, STM32U385RGI6, STM32U385RGI6Q, STM32U385RGT6, STM32U385RGT6Q, STM32U385RGY6GTR, STM32U385RGY6QTR, STM32U385VGI6, STM32U385VGI6Q, STM32U385VGT6, STM32U385VGT6Q, STM32U535CBT6, STM32U535CBT6Q, STM32U535CBU6, STM32U535CBU6Q, STM32U535CCT6, STM32U535CCT6Q, STM32U535CCU6, STM32U535CCU6Q, STM32U535CET6, STM32U535CET6Q, STM32U535CEU6, STM32U535CEU6Q, STM32U535JEY6QTR, STM32U535NCY6QTR, STM32U535NEY6QTR, STM32U535RBI6, STM32U535RBI6Q, STM32U535RBT6, STM32U535RBT6Q, STM32U535RCI6, STM32U535RCI6Q, STM32U535RCT6, STM32U535RCT6Q, STM32U535REI6, STM32U535REI6Q, STM32U535RET6, STM32U535RET6Q, STM32U535VCI6, STM32U535VCI6Q, STM32U535VCT6, STM32U535VCT6Q, STM32U535VEI6, STM32U535VEI6Q, STM32U535VET6, STM32U535VET6Q, STM32U545CET6, STM32U545CET6Q, STM32U545CEU6, STM32U545CEU6Q, STM32U545JEY6QTR, STM32U545NEY6QTR, STM32U545REI6, STM32U545REI6Q, STM32U545RET6, STM32U545RET6Q, STM32U545VEI6, STM32U545VEI6Q, STM32U545VET6, STM32U545VET6Q, STM32U595AIH6, STM32U595AIH6Q, STM32U595AJH6, STM32U595AJH6Q, STM32U595QII6, STM32U595QII6Q, STM32U595QJI6, STM32U595QJI6Q, STM32U595RIT6, STM32U595RIT6Q, STM32U595RJT6, STM32U595RJT6Q, STM32U595VIT6, STM32U595VIT6Q, STM32U595VJT6, STM32U595VJT6Q, STM32U595ZIT6, STM32U595ZIT6Q, STM32U595ZIY6QTR, STM32U595ZJT6, STM32U595ZJT6Q, STM32U595ZJY6QTR, STM32U599BJY6QTR, STM32U599NIH6Q, STM32U599NJH6Q, STM32U599VIT6Q, STM32U599VJT6, STM32U599VJT6Q, STM32U599ZIT6Q, STM32U599ZIY6QTR, STM32U599ZJT6Q, STM32U599ZJY6QTR, STM32U5A5AJH6, STM32U5A5AJH6Q, STM32U5A5QII3Q , STM32U5A5QJI6, STM32U5A5QJI6Q, STM32U5A5RJT6, STM32U5A5RJT6Q, STM32U5A5VJT6, STM32U5A5VJT6Q, STM32U5A5ZJT6, STM32U5A5ZJT6Q, STM32U5A5ZJY6QTR, STM32U5A9BJY6QTR, STM32U5A9J-DK, STM32U5A9NJH6Q, STM32U5A9VJT6Q, STM32U5A9ZJT6Q, STM32U5A9ZJY6QTR, STM32U5F7VIT6, STM32U5F7VIT6Q, STM32U5F7VJT6, STM32U5F7VJT6Q, STM32U5F9BJY6QTR, STM32U5F9NJH6Q, STM32U5F9VIT6Q, STM32U5F9VJT6Q, STM32U5F9ZIJ6QTR, STM32U5F9ZIT6Q, STM32U5F9ZJJ6QTR, STM32U5F9ZJT6Q, STM32U5G7VJT6, STM32U5G7VJT6Q, STM32U5G9BJY6QTR, STM32U5G9J-DK1, STM32U5G9J-DK2, STM32U5G9NJH6Q, STM32U5G9VJT6Q, STM32U5G9ZJJ6QTR, STM32U5G9ZJT6Q, STM32WB05KZV6TR, STM32WB05KZV7TR, STM32WB05TZF6TR, STM32WB05TZF7TR, STM32WB06CCF6TR, STM32WB06CCF7TR, STM32WB06CCV6TR, STM32WB06CCV7TR, STM32WB06KCV6TR, STM32WB06KCV7TR, STM32WB07CCF6TR, STM32WB07CCF7TR, STM32WB07CCV6TR, STM32WB07CCV7TR, STM32WB07KCV6TR, STM32WB07KCV7TR, STM32WB09KEV6TR, STM32WB09KEV7TR, STM32WB09TEF6TR, STM32WB09TEF7TR, STM32WB1MMCH6, STM32WBA50KGU6, STM32WBA50KGU6TR, STM32WBA52CEU6, STM32WBA52CEU6TR, STM32WBA52CEU7, STM32WBA52CEU7TR, STM32WBA52CGU6, STM32WBA52CGU6TR, STM32WBA52CGU6U, STM32WBA52CGU7, STM32WBA52CGU7TR, STM32WBA52KEU6, STM32WBA52KEU6TR, STM32WBA52KGU6, STM32WBA52KGU6TR, STM32WBA54CEU6, STM32WBA54CEU6TR, STM32WBA54CEU7, STM32WBA54CEU7TR, STM32WBA54CGU6, STM32WBA54CGU6TR, STM32WBA54CGU7, STM32WBA54CGU7TR, STM32WBA54KEU6, STM32WBA54KEU6TR, STM32WBA54KEU7, STM32WBA54KEU7TR, STM32WBA54KGU6, STM32WBA54KGU6TR, STM32WBA54KGU7, STM32WBA54KGU7TR, STM32WBA55CEU6, STM32WBA55CEU6TR, STM32WBA55CEU7, STM32WBA55CEU7TR, STM32WBA55CGU6, STM32WBA55CGU6TR, STM32WBA55CGU6U, STM32WBA55CGU7, STM32WBA55CGU7TR, STM32WBA55G-DK1, STM32WBA55HEF6, STM32WBA55HEF7, STM32WBA55HGF6, STM32WBA55HGF7, STM32WBA55UEI6, STM32WBA55UEI6TR, STM32WBA55UEI7, STM32WBA55UEI7TR, STM32WBA55UGI6, STM32WBA55UGI6TR, STM32WBA55UGI7, STM32WBA55UGI7TR, STM32WBA5MMGH6TR, STM32WBA62MGF6, STM32WBA62MIF6, STM32WBA65MGF7, STM32WBA65MIF6, STM32WBA65MIF7, STM32WL30K8V6, STM32WL30KBV6, STM32WL31C8V6, STM32WL31CBV6, STM32WL31K8V6, STM32WL31KBV6, STM32WL33C8V6, STM32WL33C8V6X, STM32WL33CBV6, STM32WL33CBV6X, STM32WL33CCV6, STM32WL33CCV6A, STM32WL33CCV6X, STM32WL33K8V7, STM32WL33K8V7X, STM32WL33KBV7 , STM32WL33KBV7X, STM32WL33KCV7, STM32WL33KCV7X, STM32WL5MOCH6, STM32WL5MOCH6TR]
2025-12-10 22:12:01,621 [INFO] ApiDb:668 - CubeFinder database Data Model version=2.1
2025-12-10 22:12:01,621 [INFO] ApiDb:669 - CubeFinder database Configuration version=3.0.39
2025-12-10 22:12:01,621 [INFO] ApiDb:670 - CubeFinder database generation date=2025-11-05 (1762334721)
2025-12-10 22:12:01,621 [INFO] ApiDb:671 - CubeFinder database FW Pack versions=[FP-ATR-ASTRA1_V2.0.0, FP-SNS-FLIGHT1_V5.1.0, FP-SNS-MOTENV1_V5.1.0, FP-SNS-MOTENVWB1_V1.4.0, FP-SNS-SMARTAG2_V1.2.0, FP-SNS-STBOX1_V2.1.0, STM32Cube_FW_C0_V1.4.0, STM32Cube_FW_F4_V1.28.3, STM32Cube_FW_F7_V1.17.4, STM32Cube_FW_G0_V1.6.2, STM32Cube_FW_G4_V1.6.1, STM32Cube_FW_H5_V1.5.1, STM32Cube_FW_H7RS_V1.3.0, STM32Cube_FW_H7_V1.12.1, STM32Cube_FW_L0_V1.12.2, STM32Cube_FW_L4_V1.18.1, STM32Cube_FW_L5_V1.6.0, STM32Cube_FW_N6_V1.3.0, STM32Cube_FW_U0_V1.3.0, STM32Cube_FW_U3_V1.2.1, STM32Cube_FW_U5_V1.8.0, STM32Cube_FW_WB0_V1.4.0, STM32Cube_FW_WBA_V1.8.0, STM32Cube_FW_WB_V1.24.0, STM32Cube_FW_WL3_V1.3.0, STM32Cube_FW_WL_V1.4.0, X-CUBE-ALGOBUILD_V1.4.0, X-CUBE-ALS_V1.0.2, X-CUBE-AZRTOS-F4_V1.1.0, X-CUBE-AZRTOS-F7_V1.1.0, X-CUBE-AZRTOS-G0_V1.1.0, X-CUBE-AZRTOS-G4_V2.0.0, X-CUBE-AZRTOS-H7RS_V1.1.0, X-CUBE-AZRTOS-H7_V3.4.0, X-CUBE-AZRTOS-L4_V2.0.0, X-CUBE-AZRTOS-L5_V2.0.0, X-CUBE-AZRTOS-WB_V2.0.0, X-CUBE-AZRTOS-WL_V2.0.0, X-CUBE-BLE1_V7.1.0, X-CUBE-BLE2_V3.3.0, X-CUBE-BLEMGR_V4.1.0, X-CUBE-EEPRMA1_V5.2.0, X-CUBE-FREERTOS_V1.3.1, X-CUBE-GNSS1_V6.0.0, X-CUBE-MEMS1_V11.3.0, X-CUBE-NFC4_V3.0.0, X-CUBE-NFC7_V2.0.0, X-CUBE-SFXS2LP1_V4.0.0, X-CUBE-ST67W61_V1.1.0, X-CUBE-SUBG2_V5.0.0, X-CUBE-TOF1_V3.4.3]
2025-12-10 22:12:03,506 [INFO] ApiDb:240 - Found 880 in-development CPN: [B-G473E-ZEST1S, B-WB1M-WPAN1, B-WBA5M-WPAN, B-WL5M-SUBG1, NUCLEO-C031C6, NUCLEO-C051C8, NUCLEO-C071RB, NUCLEO-C092RC, NUCLEO-H503RB, NUCLEO-H533RE, NUCLEO-H563ZI, NUCLEO-H7S3L8, NUCLEO-N657X0-Q, NUCLEO-U031R8, NUCLEO-U083RC, NUCLEO-U385RG-Q, NUCLEO-U545RE-Q, NUCLEO-U5A5ZJ-Q, NUCLEO-WB05KZ, NUCLEO-WB07CC, NUCLEO-WB09KE, NUCLEO-WBA52CG, NUCLEO-WBA55CG, NUCLEO-WL33CC1, NUCLEO-WL33CC2, STEVAL-PROTEUS1, STEVAL-SMARTAG2, STEVAL-STWINBX1, STM320518-EVAL, STM32C0116-DK, STM32C011D6Y3TR, STM32C011D6Y6TR, STM32C011F4P3, STM32C011F4P6, STM32C011F4U3, STM32C011F4U6TR, STM32C011F6P3, STM32C011F6P6, STM32C011F6U3, STM32C011F6U6TR, STM32C011J4M3, STM32C011J4M6, STM32C011J6M3, STM32C011J6M6, STM32C0316-DK, STM32C031C4T3, STM32C031C4T6, STM32C031C4U3, STM32C031C4U6, STM32C031C6T3, STM32C031C6T6, STM32C031C6U3, STM32C031C6U6, STM32C031F4P3, STM32C031F4P6, STM32C031F6P3, STM32C031F6P6, STM32C031G4U3, STM32C031G4U6, STM32C031G6U3, STM32C031G6U6, STM32C031K4T3, STM32C031K4T6, STM32C031K4U3, STM32C031K4U6, STM32C031K6T3, STM32C031K6T6, STM32C031K6U3, STM32C031K6U6, STM32C051C6T6, STM32C051C6U6, STM32C051C8T6, STM32C051C8U6, STM32C051D8Y6TR, STM32C051F6P6, STM32C051F8P6, STM32C051G6U6, STM32C051G8U6, STM32C051K6T6, STM32C051K6U6, STM32C051K8T6, STM32C071C8T6, STM32C071C8T6N, STM32C071C8U6, STM32C071C8U6N, STM32C071CBT6, STM32C071CBT6N, STM32C071CBU6, STM32C071CBU6N, STM32C071F8P6, STM32C071F8P6N, STM32C071FBP6, STM32C071FBP6N, STM32C071FBY6TR, STM32C071G8U6, STM32C071G8U6N, STM32C071GBU6, STM32C071GBU6N, STM32C071K8T6, STM32C071K8T6N, STM32C071K8U6, STM32C071K8U6N, STM32C071KBT6, STM32C071KBT6N, STM32C071KBU6, STM32C071KBU6N, STM32C071R8T6, STM32C071R8T6N, STM32C071RBI6N, STM32C071RBT6, STM32C071RBT6N, STM32C091CBT6, STM32C091CBU6, STM32C091CCT6, STM32C091CCU6, STM32C091ECY6TR, STM32C091FBP6, STM32C091FCP6, STM32C091GBU6, STM32C091GCU6, STM32C091KBT6, STM32C091KBU6, STM32C091KCT6, STM32C091KCU6, STM32C091RBT6, STM32C091RCI6, STM32C091RCT6, STM32C092CBT6, STM32C092CBU6, STM32C092CCT6, STM32C092CCU6, STM32C092ECY6TR, STM32C092FBP6, STM32C092FCP6, STM32C092GBU6, STM32C092GCU6, STM32C092KBT6, STM32C092KBU6, STM32C092KCT6, STM32C092KCU6, STM32C092RBT6, STM32C092RCI6, STM32C092RCT6, STM32G071K8TXN, STM32G071K8UXN, STM32G081GBU6N, STM32G081KBT6N, STM32G081KBUXN, STM32G0B1CCT6N, STM32G0B1KCT6, STM32G0B1NEY6TR, STM32G0B1RCT6N, STM32G0C1CCT6, STM32G0C1CCT6N, STM32G0C1CCU6N, STM32G0C1CET6N, STM32G0C1CEU6N, STM32G0C1KCT6, STM32G0C1NEY6TR, STM32G0C1RCI6N, STM32G0C1RCT6N, STM32G0C1REI6N, STM32G0C1RET6N, STM32G0C1VCI6, STM32G0C1VEI6, STM32G411C6T3, STM32G411C6T6, STM32G411C6U3, STM32G411C6U6, STM32G411C8T3, STM32G411C8T6, STM32G411C8U3, STM32G411C8U6, STM32G411CBT3, STM32G411CBT6, STM32G411CBU3, STM32G411CBU6, STM32G411K6T3, STM32G411K6T6, STM32G411K6U3, STM32G411K6U6, STM32G411K8T3, STM32G411K8T6, STM32G411K8U3, STM32G411K8U6, STM32G411KBT3, STM32G411KBT6, STM32G411KBU3, STM32G411KBU6, STM32G411M6T3, STM32G411M6T6, STM32G411M8T3, STM32G411M8T6, STM32G411MBT3, STM32G411MBT6, STM32G411R6T3, STM32G411R6T6, STM32G411R8T3, STM32G411R8T6, STM32G411RBT3, STM32G411RBT6, STM32G414CBT3, STM32G414CBT6, STM32G414CBU3, STM32G414CBU6, STM32G414CCT3, STM32G414CCT6, STM32G414CCU3, STM32G414CCU6, STM32G414MBT3, STM32G414MBT6, STM32G414MCT3, STM32G414MCT6, STM32G414RBT3, STM32G414RBT6, STM32G414RCT3, STM32G414RCT6, STM32G414VBT3, STM32G414VBT6, STM32G414VCT3, STM32G414VCT6, STM32G431CBT3Z, STM32G431RBT3Z, STM32G471CCT6, STM32G471CCU6, STM32G471CET3, STM32G471CET6, STM32G471CEU3, STM32G471CEU6, STM32G471MCT6, STM32G471MET3, STM32G471MET6, STM32G471MEY6TR, STM32G471QCT6, STM32G471QET3, STM32G471RCT6, STM32G471RET3, STM32G471RET6, STM32G471VCH6, STM32G471VCI6, STM32G471VCT6, STM32G471VEH3, STM32G471VEH6, STM32G471VEI3, STM32G471VEI6, STM32G471VET3, STM32G471VET6, STM32G473QET3Z, STM32G473RET3Z, STM32G474CCT6, STM32G491RET3Z, STM32H503CBT6, STM32H503CBU6, STM32H503EBY6TR, STM32H503KBU6, STM32H503RBT6, STM32H523CCT6, STM32H523CCU6, STM32H523CET6, STM32H523CEU6, STM32H523HEY6TR, STM32H523RCT6, STM32H523RET6, STM32H523VCI6, STM32H523VCT6, STM32H523VEI6, STM32H523VET6, STM32H523ZCJ6, STM32H523ZCT6, STM32H523ZEJ6, STM32H523ZET6, STM32H533CET6, STM32H533CEU6, STM32H533HEY6TR, STM32H533RET6, STM32H533VEI6, STM32H533VET6, STM32H533ZEJ6, STM32H533ZET6, STM32H562AGI6, STM32H562AII6, STM32H562IGK6, STM32H562IGT6, STM32H562IIK6, STM32H562IIT6, STM32H562RGT6, STM32H562RGV6, STM32H562RIT6, STM32H562RIV6, STM32H562VGT6, STM32H562VIT6, STM32H562ZGT6, STM32H562ZIT6, STM32H563AGI6, STM32H563AII3Q, STM32H563AII6, STM32H563IGK6, STM32H563IGT6, STM32H563IIK3Q, STM32H563IIK6, STM32H563IIT3Q, STM32H563IIT6, STM32H563MIY3QTR, STM32H563RGT6, STM32H563RGV6, STM32H563RIT6, STM32H563RIV6, STM32H563VGT6, STM32H563VIT3Q, STM32H563VIT6, STM32H563ZGT6, STM32H563ZIT3Q, STM32H563ZIT6, STM32H573AII3Q, STM32H573AII6, STM32H573I-DK, STM32H573IIK3Q, STM32H573IIK6, STM32H573IIT3Q, STM32H573IIT6, STM32H573MIY3QTR, STM32H573RIT6, STM32H573RIV6, STM32H573VIT3Q, STM32H573VIT6, STM32H573ZIT3Q, STM32H573ZIT6, STM32H7R3A8I6, STM32H7R3I8K6, STM32H7R3I8T6, STM32H7R3L8H6, STM32H7R3L8H6H, STM32H7R3R8V6, STM32H7R3V8H6, STM32H7R3V8T6, STM32H7R3V8Y6TR, STM32H7R3Z8J6, STM32H7R3Z8T6, STM32H7R7A8I6, STM32H7R7I8K6, STM32H7R7I8T6, STM32H7R7L8H6, STM32H7R7L8H6H, STM32H7R7Z8J6, STM32H7S3A8I6, STM32H7S3I8K6, STM32H7S3I8T6, STM32H7S3L8H6, STM32H7S3L8H6H, STM32H7S3R8V6, STM32H7S3V8H6, STM32H7S3V8T6, STM32H7S3V8Y6TR, STM32H7S3Z8J6, STM32H7S3Z8T6, STM32H7S78-DK, STM32H7S7A8I6, STM32H7S7I8K6, STM32H7S7I8T6, STM32H7S7L8H6, STM32H7S7L8H6H, STM32H7S7Z8J6, STM32L4R5QGI6STR, STM32MP131AAE3, STM32MP131AAF3, STM32MP131AAG3, STM32MP131CAE3, STM32MP131CAF3, STM32MP131CAG3, STM32MP131DAE7, STM32MP131DAF7, STM32MP131DAG7, STM32MP131FAE7, STM32MP131FAF7, STM32MP131FAG7, STM32MP133AAE3, STM32MP133AAF3, STM32MP133AAG3, STM32MP133CAE3, STM32MP133CAF3, STM32MP133CAG3, STM32MP133DAE7, STM32MP133DAF7, STM32MP133DAG7, STM32MP133FAE7, STM32MP133FAF7, STM32MP133FAG7, STM32MP135AAE3, STM32MP135AAF3, STM32MP135AAG3, STM32MP135CAE3, STM32MP135CAF3, STM32MP135CAG3, STM32MP135DAE7, STM32MP135DAF7, STM32MP135DAG7, STM32MP135F-DK, STM32MP135FAE7, STM32MP135FAF7, STM32MP135FAF7T, STM32MP135FAF7U, STM32MP135FAG7, STM32MP211AAL3, STM32MP211AAM3, STM32MP211AAN3, STM32MP211AAO3, STM32MP211CAL3, STM32MP211CAM3, STM32MP211CAN3, STM32MP211CAO3, STM32MP211DAL3, STM32MP211DAM3, STM32MP211DAN3, STM32MP211DAO3, STM32MP211FAL3, STM32MP211FAM3, STM32MP211FAN3, STM32MP211FAO3, STM32MP213AAL3, STM32MP213AAM3, STM32MP213AAN3, STM32MP213AAO3, STM32MP213CAL3, STM32MP213CAM3, STM32MP213CAN3, STM32MP213CAO3, STM32MP213DAL3, STM32MP213DAM3, STM32MP213DAN3, STM32MP213DAO3, STM32MP213FAL3, STM32MP213FAM3, STM32MP213FAN3, STM32MP213FAO3, STM32MP215AAL3, STM32MP215AAM3, STM32MP215AAN3, STM32MP215AAO3, STM32MP215CAL3, STM32MP215CAM3, STM32MP215CAN3, STM32MP215CAO3, STM32MP215DAL3, STM32MP215DAM3, STM32MP215DAN3, STM32MP215DAO3, STM32MP215F-DK, STM32MP215FAL3, STM32MP215FAM3, STM32MP215FAN3, STM32MP215FAO3, STM32MP231AAJ3, STM32MP231AAK3, STM32MP231AAL3, STM32MP231CAJ3, STM32MP231CAK3, STM32MP231CAL3, STM32MP231DAJ3, STM32MP231DAK3, STM32MP231DAL3, STM32MP231FAJ3, STM32MP231FAK3, STM32MP231FAL3, STM32MP233AAJ3, STM32MP233AAK3, STM32MP233AAL3, STM32MP233CAJ3, STM32MP233CAK3, STM32MP233CAL3, STM32MP233DAJ3, STM32MP233DAK3, STM32MP233DAL3, STM32MP233FAJ3, STM32MP233FAK3, STM32MP233FAL3, STM32MP235AAJ3, STM32MP235AAK3, STM32MP235AAL3, STM32MP235CAJ3, STM32MP235CAK3, STM32MP235CAL3, STM32MP235DAJ3, STM32MP235DAK3, STM32MP235DAL3, STM32MP235FAJ3, STM32MP235FAK3, STM32MP235FAL3, STM32MP251AAI3, STM32MP251AAK3, STM32MP251AAL3, STM32MP251CAI3, STM32MP251CAK3, STM32MP251CAL3, STM32MP251DAI3, STM32MP251DAK3, STM32MP251DAL3, STM32MP251FAI3, STM32MP251FAK3, STM32MP251FAL3, STM32MP253AAI3, STM32MP253AAK3, STM32MP253AAL3, STM32MP253CAI3, STM32MP253CAK3, STM32MP253CAL3, STM32MP253DAI3, STM32MP253DAK3, STM32MP253DAL3, STM32MP253FAI3, STM32MP253FAK3, STM32MP253FAL3, STM32MP255AAI3, STM32MP255AAK3, STM32MP255AAL3, STM32MP255CAI3, STM32MP255CAK3, STM32MP255CAL3, STM32MP255DAI3, STM32MP255DAK3, STM32MP255DAL3, STM32MP255FAI3, STM32MP255FAK3, STM32MP255FAL3, STM32MP257AAI3, STM32MP257AAK3, STM32MP257AAL3, STM32MP257CAI3, STM32MP257CAK3, STM32MP257CAL3, STM32MP257DAI3, STM32MP257DAK3, STM32MP257DAL3, STM32MP257F-DK, STM32MP257F-EV1, STM32MP257FAI3, STM32MP257FAK3, STM32MP257FAL3, STM32N645A0H3Q, STM32N645B0H3Q, STM32N645I0H3Q, STM32N645L0H3Q, STM32N645X0H3Q, STM32N645Z0H3Q, STM32N647A0H3Q, STM32N647B0H3Q, STM32N647I0H3Q, STM32N647L0H3Q, STM32N647X0H3Q, STM32N647Z0H3Q, STM32N655A0H3Q, STM32N655B0H3Q, STM32N655I0H3Q, STM32N655L0H3Q, STM32N655X0H3Q, STM32N655Z0H3Q, STM32N6570-DK, STM32N657A0H3Q, STM32N657B0H3Q, STM32N657I0H3Q, STM32N657L0H3Q, STM32N657X0H3Q, STM32N657Z0H3Q, STM32U031C6T6, STM32U031C6U6, STM32U031C8T6, STM32U031C8U6, STM32U031F4P6, STM32U031F6P6, STM32U031F8P6, STM32U031G6Y6TR, STM32U031G8Y6TR, STM32U031K4U6, STM32U031K6U6, STM32U031K8U6, STM32U031R6I6, STM32U031R6T6, STM32U031R8I6, STM32U031R8T6, STM32U073C8T6, STM32U073C8U6, STM32U073CBT6, STM32U073CBU6, STM32U073CCT6, STM32U073CCU6, STM32U073H8Y6TR, STM32U073HBY6TR, STM32U073HCY6TR, STM32U073K8U6, STM32U073KBU6, STM32U073KCU6, STM32U073M8I6, STM32U073M8T6, STM32U073MBI6, STM32U073MBT6, STM32U073MCI6, STM32U073MCT6, STM32U073R8I6, STM32U073R8T6, STM32U073RBI6, STM32U073RBT6, STM32U073RCI6, STM32U073RCT6, STM32U083C-DK, STM32U083CCT6, STM32U083CCU6, STM32U083HCY6TR, STM32U083KCU6, STM32U083MCI6, STM32U083MCT6, STM32U083RCI6, STM32U083RCT6, STM32U375CET6, STM32U375CET6Q, STM32U375CEU6, STM32U375CEU6Q, STM32U375CEY6QTR, STM32U375CGT6, STM32U375CGT6Q, STM32U375CGU6, STM32U375CGU6Q, STM32U375CGY6QTR, STM32U375KEU6, STM32U375KGU6, STM32U375REI6, STM32U375REI6Q, STM32U375RET6, STM32U375RET6Q, STM32U375REY6GTR, STM32U375REY6QTR, STM32U375RGI6, STM32U375RGI6Q, STM32U375RGT6, STM32U375RGT6Q, STM32U375RGY6GTR, STM32U375RGY6QTR, STM32U375VEI6, STM32U375VEI6Q, STM32U375VET6, STM32U375VET6Q, STM32U375VGI6, STM32U375VGI6Q, STM32U375VGT6, STM32U375VGT6Q, STM32U385CGT6, STM32U385CGT6Q, STM32U385CGU6, STM32U385CGU6Q, STM32U385CGY6QTR, STM32U385KGU6, STM32U385RGI6, STM32U385RGI6Q, STM32U385RGT6, STM32U385RGT6Q, STM32U385RGY6GTR, STM32U385RGY6QTR, STM32U385VGI6, STM32U385VGI6Q, STM32U385VGT6, STM32U385VGT6Q, STM32U535CBT6, STM32U535CBT6Q, STM32U535CBU6, STM32U535CBU6Q, STM32U535CCT6, STM32U535CCT6Q, STM32U535CCU6, STM32U535CCU6Q, STM32U535CET6, STM32U535CET6Q, STM32U535CEU6, STM32U535CEU6Q, STM32U535JEY6QTR, STM32U535NCY6QTR, STM32U535NEY6QTR, STM32U535RBI6, STM32U535RBI6Q, STM32U535RBT6, STM32U535RBT6Q, STM32U535RCI6, STM32U535RCI6Q, STM32U535RCT6, STM32U535RCT6Q, STM32U535REI6, STM32U535REI6Q, STM32U535RET6, STM32U535RET6Q, STM32U535VCI6, STM32U535VCI6Q, STM32U535VCT6, STM32U535VCT6Q, STM32U535VEI6, STM32U535VEI6Q, STM32U535VET6, STM32U535VET6Q, STM32U545CET6, STM32U545CET6Q, STM32U545CEU6, STM32U545CEU6Q, STM32U545JEY6QTR, STM32U545NEY6QTR, STM32U545REI6, STM32U545REI6Q, STM32U545RET6, STM32U545RET6Q, STM32U545VEI6, STM32U545VEI6Q, STM32U545VET6, STM32U545VET6Q, STM32U595AIH6, STM32U595AIH6Q, STM32U595AJH6, STM32U595AJH6Q, STM32U595QII6, STM32U595QII6Q, STM32U595QJI6, STM32U595QJI6Q, STM32U595RIT6, STM32U595RIT6Q, STM32U595RJT6, STM32U595RJT6Q, STM32U595VIT6, STM32U595VIT6Q, STM32U595VJT6, STM32U595VJT6Q, STM32U595ZIT6, STM32U595ZIT6Q, STM32U595ZIY6QTR, STM32U595ZJT6, STM32U595ZJT6Q, STM32U595ZJY6QTR, STM32U599BJY6QTR, STM32U599NIH6Q, STM32U599NJH6Q, STM32U599VIT6Q, STM32U599VJT6, STM32U599VJT6Q, STM32U599ZIT6Q, STM32U599ZIY6QTR, STM32U599ZJT6Q, STM32U599ZJY6QTR, STM32U5A5AJH6, STM32U5A5AJH6Q, STM32U5A5QII3Q , STM32U5A5QJI6, STM32U5A5QJI6Q, STM32U5A5RJT6, STM32U5A5RJT6Q, STM32U5A5VJT6, STM32U5A5VJT6Q, STM32U5A5ZJT6, STM32U5A5ZJT6Q, STM32U5A5ZJY6QTR, STM32U5A9BJY6QTR, STM32U5A9J-DK, STM32U5A9NJH6Q, STM32U5A9VJT6Q, STM32U5A9ZJT6Q, STM32U5A9ZJY6QTR, STM32U5F7VIT6, STM32U5F7VIT6Q, STM32U5F7VJT6, STM32U5F7VJT6Q, STM32U5F9BJY6QTR, STM32U5F9NJH6Q, STM32U5F9VIT6Q, STM32U5F9VJT6Q, STM32U5F9ZIJ6QTR, STM32U5F9ZIT6Q, STM32U5F9ZJJ6QTR, STM32U5F9ZJT6Q, STM32U5G7VJT6, STM32U5G7VJT6Q, STM32U5G9BJY6QTR, STM32U5G9J-DK1, STM32U5G9J-DK2, STM32U5G9NJH6Q, STM32U5G9VJT6Q, STM32U5G9ZJJ6QTR, STM32U5G9ZJT6Q, STM32WB05KZV6TR, STM32WB05KZV7TR, STM32WB05TZF6TR, STM32WB05TZF7TR, STM32WB06CCF6TR, STM32WB06CCF7TR, STM32WB06CCV6TR, STM32WB06CCV7TR, STM32WB06KCV6TR, STM32WB06KCV7TR, STM32WB07CCF6TR, STM32WB07CCF7TR, STM32WB07CCV6TR, STM32WB07CCV7TR, STM32WB07KCV6TR, STM32WB07KCV7TR, STM32WB09KEV6TR, STM32WB09KEV7TR, STM32WB09TEF6TR, STM32WB09TEF7TR, STM32WB1MMCH6, STM32WBA50KGU6, STM32WBA50KGU6TR, STM32WBA52CEU6, STM32WBA52CEU6TR, STM32WBA52CEU7, STM32WBA52CEU7TR, STM32WBA52CGU6, STM32WBA52CGU6TR, STM32WBA52CGU6U, STM32WBA52CGU7, STM32WBA52CGU7TR, STM32WBA52KEU6, STM32WBA52KEU6TR, STM32WBA52KGU6, STM32WBA52KGU6TR, STM32WBA54CEU6, STM32WBA54CEU6TR, STM32WBA54CEU7, STM32WBA54CEU7TR, STM32WBA54CGU6, STM32WBA54CGU6TR, STM32WBA54CGU7, STM32WBA54CGU7TR, STM32WBA54KEU6, STM32WBA54KEU6TR, STM32WBA54KEU7, STM32WBA54KEU7TR, STM32WBA54KGU6, STM32WBA54KGU6TR, STM32WBA54KGU7, STM32WBA54KGU7TR, STM32WBA55CEU6, STM32WBA55CEU6TR, STM32WBA55CEU7, STM32WBA55CEU7TR, STM32WBA55CGU6, STM32WBA55CGU6TR, STM32WBA55CGU6U, STM32WBA55CGU7, STM32WBA55CGU7TR, STM32WBA55G-DK1, STM32WBA55HEF6, STM32WBA55HEF7, STM32WBA55HGF6, STM32WBA55HGF7, STM32WBA55UEI6, STM32WBA55UEI6TR, STM32WBA55UEI7, STM32WBA55UEI7TR, STM32WBA55UGI6, STM32WBA55UGI6TR, STM32WBA55UGI7, STM32WBA55UGI7TR, STM32WBA5MMGH6TR, STM32WBA62MGF6, STM32WBA62MIF6, STM32WBA65MGF7, STM32WBA65MIF6, STM32WBA65MIF7, STM32WL30K8V6, STM32WL30KBV6, STM32WL31C8V6, STM32WL31CBV6, STM32WL31K8V6, STM32WL31KBV6, STM32WL33C8V6, STM32WL33C8V6X, STM32WL33CBV6, STM32WL33CBV6X, STM32WL33CCV6, STM32WL33CCV6A, STM32WL33CCV6X, STM32WL33K8V7, STM32WL33K8V7X, STM32WL33KBV7 , STM32WL33KBV7X, STM32WL33KCV7, STM32WL33KCV7X, STM32WL5MOCH6, STM32WL5MOCH6TR]
2025-12-10 22:12:03,506 [INFO] DbMcus:218 - Found 4876 MCUs, 4876 are supported
2025-12-10 22:12:03,506 [INFO] ApiDb:423 - Load user favorites file C:\Users\user/.stm32cubeide/favorites.mcus.txt: 0 item(s)
2025-12-10 22:12:03,506 [INFO] ApiDb:427 - User favorites MCUs=[]
2025-12-10 22:12:03,506 [INFO] DbMcus:224 - Set 0 / 0 favorites MCUs
2025-12-10 22:12:04,140 [INFO] BoardInfo:889 - No configuration file found for board P-NUCLEO-WB55
2025-12-10 22:12:04,140 [INFO] DbBoards:161 - Kit is not supported: P-NUCLEO-WB55
2025-12-10 22:12:04,157 [INFO] BoardInfo:889 - No configuration file found for board STEVAL-BFA001V1B
2025-12-10 22:12:04,157 [INFO] DbBoards:161 - Kit is not supported: STEVAL-BFA001V1B
2025-12-10 22:12:04,157 [INFO] BoardInfo:889 - No configuration file found for board STEVAL-BFA001V2B
2025-12-10 22:12:04,157 [INFO] DbBoards:161 - Kit is not supported: STEVAL-BFA001V2B
2025-12-10 22:12:04,370 [INFO] DbBoards:168 - Found 212 boards, 209 are supported
2025-12-10 22:12:04,370 [INFO] DbBoards:169 - Found 212 boards, 43 of them is supported for  Bsp
2025-12-10 22:12:04,372 [INFO] ApiDb:423 - Load user favorites file C:\Users\user/.stm32cubeide/favorites.boards.txt: 1 item(s)
2025-12-10 22:12:04,372 [INFO] ApiDb:427 - User favorites Boards=[NUCLEO-L476RG]
2025-12-10 22:12:04,372 [INFO] DbBoards:198 - Set 1 / 1 favorites Boards
2025-12-10 22:12:04,431 [INFO] UtilMem:75 - End LoadConfig() Used Memory: 858788320 Bytes (1073741824)
2025-12-10 22:12:04,582 [WARN] ThirdParty:833 - waiting for thirdparty lock release [change project]
2025-12-10 22:12:04,582 [INFO] ThirdParty:835 - entering critical section [change project]
2025-12-10 22:12:04,583 [INFO] ThirdParty:1030 - CMSIS Pack Vendor :STMicroelectronics X-CUBE-PM33A1 1.0.0
2025-12-10 22:12:04,583 [INFO] ThirdParty:1030 - CMSIS Pack Vendor :STMicroelectronics USBPD 4.1
2025-12-10 22:12:04,583 [INFO] ThirdParty:1030 - CMSIS Pack Vendor :STMicroelectronics X-CUBE-NFC9 1.0.0
2025-12-10 22:12:04,583 [INFO] ThirdParty:1030 - CMSIS Pack Vendor :STMicroelectronics USB_HOST 2.0.0
2025-12-10 22:12:04,583 [INFO] ThirdParty:1030 - CMSIS Pack Vendor :STMicroelectronics FP-SNS-MOTENVWB1 1.4.0
2025-12-10 22:12:04,583 [INFO] ThirdParty:1030 - CMSIS Pack Vendor :STMicroelectronics X-CUBE-AZRTOS-F4 1.1.0
2025-12-10 22:12:04,583 [INFO] ThirdParty:1030 - CMSIS Pack Vendor :STMicroelectronics LIBJPEG 8.0.0
2025-12-10 22:12:04,583 [INFO] ThirdParty:1030 - CMSIS Pack Vendor :STMicroelectronics FP-ATR-ASTRA1 2.0.2
2025-12-10 22:12:04,583 [INFO] ThirdParty:1030 - CMSIS Pack Vendor :wolfSSL I-CUBE-wolfSSL 5.8.2
2025-12-10 22:12:04,583 [INFO] ThirdParty:1030 - CMSIS Pack Vendor :STMicroelectronics X-CUBE-BLE1 7.1.0
2025-12-10 22:12:04,583 [INFO] ThirdParty:1030 - CMSIS Pack Vendor :Avnet-IotConnect X-CUBE-IoTC-DA16k-PMOD 1.0.0
2025-12-10 22:12:04,583 [INFO] ThirdParty:1030 - CMSIS Pack Vendor :STMicroelectronics X-CUBE-SMBUS 2.1.0
2025-12-10 22:12:04,583 [INFO] ThirdParty:1030 - CMSIS Pack Vendor :wolfSSL I-CUBE-wolfMQTT 1.19.2
2025-12-10 22:12:04,583 [INFO] ThirdParty:1030 - CMSIS Pack Vendor :STMicroelectronics USB_DEVICE 3.0.0
2025-12-10 22:12:04,583 [INFO] ThirdParty:1030 - CMSIS Pack Vendor :STMicroelectronics X-CUBE-ISPU 2.1.0
2025-12-10 22:12:04,583 [INFO] ThirdParty:1030 - CMSIS Pack Vendor :STMicroelectronics X-CUBE-FREERTOS 1.4.0
2025-12-10 22:12:04,583 [INFO] ThirdParty:1030 - CMSIS Pack Vendor :STMicroelectronics X-CUBE-EEPRMA1 5.2.0
2025-12-10 22:12:04,583 [INFO] ThirdParty:1030 - CMSIS Pack Vendor :STMicroelectronics X-CUBE-IPS 3.2.0
2025-12-10 22:12:04,583 [INFO] ThirdParty:1030 - CMSIS Pack Vendor :STMicroelectronics X-CUBE-BLEMGR 4.1.0
2025-12-10 22:12:04,583 [INFO] ThirdParty:1030 - CMSIS Pack Vendor :STMicroelectronics X-CUBE-AZRTOS-WB 2.0.0
2025-12-10 22:12:04,583 [INFO] ThirdParty:1030 - CMSIS Pack Vendor :STMicroelectronics X-CUBE-ST60 1.0.0
2025-12-10 22:12:04,583 [INFO] ThirdParty:1030 - CMSIS Pack Vendor :STMicroelectronics X-CUBE-GNSS1 7.0.1
2025-12-10 22:12:04,584 [INFO] ThirdParty:1030 - CMSIS Pack Vendor :STMicroelectronics X-CUBE-NFC12 1.0.0
2025-12-10 22:12:04,584 [INFO] ThirdParty:1030 - CMSIS Pack Vendor :STMicroelectronics X-CUBE-AZRTOS-F7 1.1.0
2025-12-10 22:12:04,584 [INFO] ThirdParty:1030 - CMSIS Pack Vendor :STMicroelectronics X-CUBE-AZRTOS-L5 2.0.0
2025-12-10 22:12:04,584 [INFO] ThirdParty:1030 - CMSIS Pack Vendor :STMicroelectronics X-CUBE-TOUCHGFX 4.25.0
2025-12-10 22:12:04,584 [INFO] ThirdParty:1030 - CMSIS Pack Vendor :STMicroelectronics USB_DEVICE 2.0.0
2025-12-10 22:12:04,584 [INFO] ThirdParty:1030 - CMSIS Pack Vendor :STMicroelectronics X-CUBE-NFC6 3.1.0
2025-12-10 22:12:04,584 [INFO] ThirdParty:1030 - CMSIS Pack Vendor :STMicroelectronics X-CUBE-ST67W61 1.1.0
2025-12-10 22:12:04,584 [INFO] ThirdParty:1030 - CMSIS Pack Vendor :quantropi X-CUBE-qispace-sdk-base 2.1.0
2025-12-10 22:12:04,584 [INFO] ThirdParty:1030 - CMSIS Pack Vendor :STMicroelectronics X-CUBE-MEMS1 12.0.0
2025-12-10 22:12:04,584 [INFO] ThirdParty:1030 - CMSIS Pack Vendor :STMicroelectronics FP-SNS-MOTENV1 5.1.0
2025-12-10 22:12:04,584 [INFO] ThirdParty:1030 - CMSIS Pack Vendor :STMicroelectronics FreeRTOS 0.0.1
2025-12-10 22:12:04,584 [INFO] ThirdParty:1030 - CMSIS Pack Vendor :STMicroelectronics X-CUBE-AZRTOS-G0 1.1.0
2025-12-10 22:12:04,584 [INFO] ThirdParty:1030 - CMSIS Pack Vendor :STMicroelectronics X-CUBE-SAFEA1 1.2.2
2025-12-10 22:12:04,584 [INFO] ThirdParty:1030 - CMSIS Pack Vendor :STMicroelectronics X-CUBE-NFC4 3.0.0
2025-12-10 22:12:04,584 [INFO] ThirdParty:1030 - CMSIS Pack Vendor :STMicroelectronics X-CUBE-SUBG2 5.0.0
2025-12-10 22:12:04,584 [INFO] ThirdParty:1030 - CMSIS Pack Vendor :STMicroelectronics X-CUBE-AZRTOS-H7RS 1.1.0
2025-12-10 22:12:04,584 [INFO] ThirdParty:1030 - CMSIS Pack Vendor :STMicroelectronics STM32_WPAN 1.0.0
2025-12-10 22:12:04,584 [INFO] ThirdParty:1030 - CMSIS Pack Vendor :EmbeddedOffice I-CUBE-FS-RTOS 1.0.1
2025-12-10 22:12:04,584 [INFO] ThirdParty:1030 - CMSIS Pack Vendor :STMicroelectronics lwIP 2.0.3
2025-12-10 22:12:04,584 [INFO] ThirdParty:1030 - CMSIS Pack Vendor :WES I-CUBE-Cesium 1.4.0
2025-12-10 22:12:04,585 [INFO] ThirdParty:1030 - CMSIS Pack Vendor :Cesanta I-CUBE-Mongoose 7.13.0
2025-12-10 22:12:04,585 [INFO] ThirdParty:1030 - CMSIS Pack Vendor :STMicroelectronics USB_HOST 1.0.0
2025-12-10 22:12:04,585 [INFO] ThirdParty:1030 - CMSIS Pack Vendor :Infineon AIROC-Wi-Fi-Bluetooth-STM32 1.7.1
2025-12-10 22:12:04,585 [INFO] ThirdParty:1030 - CMSIS Pack Vendor :STMicroelectronics X-CUBE-AZRTOS-G4 2.0.0
2025-12-10 22:12:04,585 [INFO] ThirdParty:1030 - CMSIS Pack Vendor :STMicroelectronics X-CUBE-WB05N 2.0.0
2025-12-10 22:12:04,585 [INFO] ThirdParty:1030 - CMSIS Pack Vendor :STMicroelectronics PDM2PCM 3.1.0
2025-12-10 22:12:04,585 [INFO] ThirdParty:1030 - CMSIS Pack Vendor :STMicroelectronics PDM2PCM 3.3.0
2025-12-10 22:12:04,585 [INFO] ThirdParty:1030 - CMSIS Pack Vendor :wolfSSL I-CUBE-wolfTPM 3.8.0
2025-12-10 22:12:04,585 [INFO] ThirdParty:1030 - CMSIS Pack Vendor :STMicroelectronics X-CUBE-AZRTOS-H7 3.4.0
2025-12-10 22:12:04,585 [INFO] ThirdParty:1030 - CMSIS Pack Vendor :STMicroelectronics X-CUBE-DISPLAY 3.0.0
2025-12-10 22:12:04,585 [INFO] ThirdParty:1030 - CMSIS Pack Vendor :wolfSSL I-CUBE-wolfSSH 1.4.20
2025-12-10 22:12:04,585 [INFO] ThirdParty:1030 - CMSIS Pack Vendor :STMicroelectronics X-CUBE-NFC7 2.0.0
2025-12-10 22:12:04,585 [INFO] ThirdParty:1030 - CMSIS Pack Vendor :STMicroelectronics X-CUBE-TCPP 4.2.0
2025-12-10 22:12:04,585 [INFO] ThirdParty:1030 - CMSIS Pack Vendor :RealThread X-CUBE-RT-Thread_Nano 4.1.1
2025-12-10 22:12:04,585 [INFO] ThirdParty:1030 - CMSIS Pack Vendor :STMicroelectronics FP-ATR-SIGFOX1 3.2.0
2025-12-10 22:12:04,585 [INFO] ThirdParty:1030 - CMSIS Pack Vendor :STMicroelectronics X-CUBE-NFC10 1.0.0
2025-12-10 22:12:04,585 [INFO] ThirdParty:1030 - CMSIS Pack Vendor :STMicroelectronics X-CUBE-FREERTOS 1.3.1
2025-12-10 22:12:04,585 [INFO] ThirdParty:1030 - CMSIS Pack Vendor :STMicroelectronics HAL Drivers 0.0.0
2025-12-10 22:12:04,585 [INFO] ThirdParty:1030 - CMSIS Pack Vendor :STMicroelectronics MBEDTLS 2.16.2
2025-12-10 22:12:04,585 [INFO] ThirdParty:1030 - CMSIS Pack Vendor :STMicroelectronics X-CUBE-ST60 1.1.0
2025-12-10 22:12:04,585 [INFO] ThirdParty:1030 - CMSIS Pack Vendor :STMicroelectronics X-CUBE-IPS 3.1.0
2025-12-10 22:12:04,585 [INFO] ThirdParty:1030 - CMSIS Pack Vendor :STMicroelectronics X-CUBE-ALS 1.0.2
2025-12-10 22:12:04,585 [INFO] ThirdParty:1030 - CMSIS Pack Vendor :emotas I-CUBE-CANOPEN 1.3.0
2025-12-10 22:12:04,585 [INFO] ThirdParty:1030 - CMSIS Pack Vendor :STMicroelectronics MBEDTLS 2.14.1
2025-12-10 22:12:04,585 [INFO] ThirdParty:1030 - CMSIS Pack Vendor :STMicroelectronics X-CUBE-GNSS1 7.1.0
2025-12-10 22:12:04,585 [INFO] ThirdParty:1030 - CMSIS Pack Vendor :ITTIA_DB I-CUBE-ITTIADB 8.9.0
2025-12-10 22:12:04,585 [INFO] ThirdParty:1030 - CMSIS Pack Vendor :STMicroelectronics X-CUBE-TOUCHGFX 4.26.0
2025-12-10 22:12:04,585 [INFO] ThirdParty:1030 - CMSIS Pack Vendor :STMicroelectronics X-CUBE-STSE01 1.0.0
2025-12-10 22:12:04,585 [INFO] ThirdParty:1030 - CMSIS Pack Vendor :STMicroelectronics X-CUBE-ST67W61 1.0.0
2025-12-10 22:12:04,586 [INFO] ThirdParty:1030 - CMSIS Pack Vendor :STMicroelectronics FP-SNS-STBOX1 2.1.0
2025-12-10 22:12:04,586 [INFO] ThirdParty:1030 - CMSIS Pack Vendor :STMicroelectronics X-CUBE-AI 10.2.0
2025-12-10 22:12:04,586 [INFO] ThirdParty:1030 - CMSIS Pack Vendor :STMicroelectronics FP-SNS-STAIOTCFT 1.0.0
2025-12-10 22:12:04,586 [INFO] ThirdParty:1030 - CMSIS Pack Vendor :STMicroelectronics ThreadX 1.0.0
2025-12-10 22:12:04,586 [INFO] ThirdParty:1030 - CMSIS Pack Vendor :STMicroelectronics FP-SNS-SMARTAG2 1.2.0
2025-12-10 22:12:04,586 [INFO] ThirdParty:1030 - CMSIS Pack Vendor :STMicroelectronics FP-SNS-FLIGHT1 5.1.0
2025-12-10 22:12:04,586 [INFO] ThirdParty:1030 - CMSIS Pack Vendor :STMicroelectronics X-CUBE-AZRTOS-WL 2.0.0
2025-12-10 22:12:04,586 [INFO] ThirdParty:1030 - CMSIS Pack Vendor :SEGGER I-CUBE-embOS 1.3.1
2025-12-10 22:12:04,586 [INFO] ThirdParty:1030 - CMSIS Pack Vendor :STMicroelectronics X-CUBE-ALGOBUILD 1.4.0
2025-12-10 22:12:04,586 [INFO] ThirdParty:1030 - CMSIS Pack Vendor :STMicroelectronics X-CUBE-DPower 1.3.0
2025-12-10 22:12:04,586 [INFO] ThirdParty:1030 - CMSIS Pack Vendor :STMicroelectronics X-CUBE-MEMS1 11.3.0
2025-12-10 22:12:04,586 [INFO] ThirdParty:1030 - CMSIS Pack Vendor :STMicroelectronics FP-SNS-MOTENV1 5.0.0
2025-12-10 22:12:04,586 [INFO] ThirdParty:1030 - CMSIS Pack Vendor :STMicroelectronics USB_DEVICE 1.0.0
2025-12-10 22:12:04,586 [INFO] ThirdParty:1030 - CMSIS Pack Vendor :STMicroelectronics X-CUBE-AZRTOS-H7RS 1.2.0
2025-12-10 22:12:04,586 [INFO] ThirdParty:1030 - CMSIS Pack Vendor :STMicroelectronics X-CUBE-AZRTOS-L4 2.0.0
2025-12-10 22:12:04,586 [INFO] ThirdParty:1030 - CMSIS Pack Vendor :STMicroelectronics ThreadX 0.0.2
2025-12-10 22:12:04,586 [INFO] ThirdParty:1030 - CMSIS Pack Vendor :STMicroelectronics lwIP 2.1.2
2025-12-10 22:12:04,586 [INFO] ThirdParty:1030 - CMSIS Pack Vendor :STMicroelectronics X-CUBE-SFXS2LP1 4.0.0
2025-12-10 22:12:04,586 [INFO] ThirdParty:1030 - CMSIS Pack Vendor :STMicroelectronics X-CUBE-BLE2 3.3.0
2025-12-10 22:12:04,586 [INFO] ThirdParty:1030 - CMSIS Pack Vendor :Avnet-IOTCONNECT X-CUBE-iotc-st67-sdk 1.0.0
2025-12-10 22:12:04,586 [INFO] ThirdParty:1030 - CMSIS Pack Vendor :STMicroelectronics X-CUBE-TOF1 3.4.3
2025-12-10 22:12:04,586 [INFO] ThirdParty:1030 - CMSIS Pack Vendor :STMicroelectronics PDM2PCM 3.2.0
2025-12-10 22:12:04,586 [INFO] ThirdParty:841 - exiting critical section [change project]
2025-12-10 22:12:05,103 [INFO] PinOutPanel:1589 - setPackage(No Configuration,No Configuration)
2025-12-10 22:12:05,105 [INFO] PinOutPanel:1589 - setPackage(STM32L476RGTx,LQFP64)
2025-12-10 22:12:05,781 [INFO] UtilMem:75 - Before build in PCC Used Memory: 883184928 Bytes (1073741824)
2025-12-10 22:12:06,726 [INFO] UtilMem:75 - After build in PCC Used Memory: 981224736 Bytes (1073741824)
2025-12-10 22:12:06,776 [INFO] IPUIPlugin:80 - create IPUIPlugin
2025-12-10 22:12:06,776 [INFO] IPUIPlugin:80 - create IPUIPlugin
2025-12-10 22:12:06,776 [INFO] IPUIPlugin:80 - create IPUIPlugin
2025-12-10 22:12:06,776 [INFO] IPUIPlugin:80 - create IPUIPlugin
2025-12-10 22:12:06,776 [INFO] IPUIPlugin:80 - create IPUIPlugin
2025-12-10 22:12:06,776 [INFO] IPUIPlugin:80 - create IPUIPlugin
2025-12-10 22:12:06,776 [INFO] IPUIPlugin:80 - create IPUIPlugin
2025-12-10 22:12:06,776 [INFO] IPUIPlugin:80 - create IPUIPlugin
2025-12-10 22:12:06,776 [INFO] IPUIPlugin:80 - create IPUIPlugin
2025-12-10 22:12:06,776 [INFO] IPUIPlugin:80 - create IPUIPlugin
2025-12-10 22:12:06,776 [INFO] IPUIPlugin:80 - create IPUIPlugin
2025-12-10 22:12:06,776 [INFO] IPUIPlugin:80 - create IPUIPlugin
2025-12-10 22:12:06,776 [INFO] IPUIPlugin:80 - create IPUIPlugin
2025-12-10 22:12:06,776 [INFO] IPUIPlugin:80 - create IPUIPlugin
2025-12-10 22:12:06,776 [INFO] IPUIPlugin:80 - create IPUIPlugin
2025-12-10 22:12:06,776 [INFO] IPUIPlugin:80 - create IPUIPlugin
2025-12-10 22:12:06,776 [INFO] IPUIPlugin:80 - create IPUIPlugin
2025-12-10 22:12:06,776 [INFO] IPUIPlugin:80 - create IPUIPlugin
2025-12-10 22:12:06,776 [INFO] IPUIPlugin:80 - create IPUIPlugin
2025-12-10 22:12:06,776 [INFO] IPUIPlugin:80 - create IPUIPlugin
2025-12-10 22:12:06,776 [INFO] IPUIPlugin:80 - create IPUIPlugin
2025-12-10 22:12:06,776 [INFO] IPUIPlugin:80 - create IPUIPlugin
2025-12-10 22:12:06,776 [INFO] IPUIPlugin:80 - create IPUIPlugin
2025-12-10 22:12:06,776 [INFO] IPUIPlugin:80 - create IPUIPlugin
2025-12-10 22:12:06,776 [INFO] IPUIPlugin:80 - create IPUIPlugin
2025-12-10 22:12:06,776 [INFO] IPUIPlugin:80 - create IPUIPlugin
2025-12-10 22:12:06,776 [INFO] IPUIPlugin:80 - create IPUIPlugin
2025-12-10 22:12:06,776 [INFO] IPUIPlugin:80 - create IPUIPlugin
2025-12-10 22:12:06,776 [INFO] IPUIPlugin:80 - create IPUIPlugin
2025-12-10 22:12:06,776 [INFO] IPUIPlugin:80 - create IPUIPlugin
2025-12-10 22:12:06,776 [INFO] IPUIPlugin:80 - create IPUIPlugin
2025-12-10 22:12:06,776 [INFO] IPUIPlugin:80 - create IPUIPlugin
2025-12-10 22:12:06,792 [INFO] IPUIPlugin:80 - create IPUIPlugin
2025-12-10 22:12:06,793 [INFO] IPUIPlugin:80 - create IPUIPlugin
2025-12-10 22:12:06,793 [INFO] IPUIPlugin:80 - create IPUIPlugin
2025-12-10 22:12:06,793 [INFO] IPUIPlugin:80 - create IPUIPlugin
2025-12-10 22:12:06,793 [INFO] IPUIPlugin:80 - create IPUIPlugin
2025-12-10 22:12:06,793 [INFO] IPUIPlugin:80 - create IPUIPlugin
2025-12-10 22:12:06,793 [INFO] IPUIPlugin:80 - create IPUIPlugin
2025-12-10 22:12:06,793 [INFO] IPUIPlugin:80 - create IPUIPlugin
2025-12-10 22:12:06,793 [INFO] IPUIPlugin:80 - create IPUIPlugin
2025-12-10 22:12:06,793 [INFO] IPUIPlugin:80 - create IPUIPlugin
2025-12-10 22:12:06,793 [INFO] IPUIPlugin:80 - create IPUIPlugin
2025-12-10 22:12:06,793 [INFO] IPUIPlugin:80 - create IPUIPlugin
2025-12-10 22:12:06,793 [INFO] IPUIPlugin:80 - create IPUIPlugin
2025-12-10 22:12:06,793 [INFO] IPUIPlugin:80 - create IPUIPlugin
2025-12-10 22:12:06,793 [INFO] IPUIPlugin:80 - create IPUIPlugin
2025-12-10 22:12:06,793 [INFO] IPUIPlugin:80 - create IPUIPlugin
2025-12-10 22:12:06,793 [INFO] IPUIPlugin:80 - create IPUIPlugin
2025-12-10 22:12:06,793 [INFO] IPUIPlugin:80 - create IPUIPlugin
2025-12-10 22:12:06,793 [INFO] IPUIPlugin:80 - create IPUIPlugin
2025-12-10 22:12:06,793 [INFO] IPUIPlugin:80 - create IPUIPlugin
2025-12-10 22:12:06,793 [INFO] IPUIPlugin:80 - create IPUIPlugin
2025-12-10 22:12:06,793 [INFO] IPUIPlugin:80 - create IPUIPlugin
2025-12-10 22:12:06,793 [INFO] IPUIPlugin:80 - create IPUIPlugin
2025-12-10 22:12:06,793 [INFO] IPUIPlugin:80 - create IPUIPlugin
2025-12-10 22:12:06,793 [INFO] IPUIPlugin:80 - create IPUIPlugin
2025-12-10 22:12:06,797 [INFO] IPUIPlugin:80 - create IPUIPlugin
2025-12-10 22:12:06,797 [INFO] IPUIPlugin:80 - create IPUIPlugin
2025-12-10 22:12:07,043 [INFO] CADModel:165 - CPN selected for project levelSTM32L476RGT3
2025-12-10 22:12:07,043 [INFO] CADModel:114 - Register for checkConnection events
2025-12-10 22:12:07,093 [INFO] OpenFileManager:386 - Restore cursor
2025-12-10 22:12:20,046 [INFO] NvicIntPanel:101 - NVIC parent = com.st.microxplorer.plugins.ip.nvic.MultiNvicIntPanel[,0,0,0x0,invalid,layout=javax.swing.BoxLayout,alignmentX=0.0,alignmentY=0.0,border=,flags=9,maximumSize=,minimumSize=,preferredSize=]
2025-12-10 22:20:07,067 [ERROR] LogOutputStream:75 - [STDERR_REDIRECT] 
2025-12-10 23:07:57,974 [INFO] Activator:176 - 


2025-12-10 23:07:57,976 [INFO] Activator:177 - !SESSION log4j initialized
2025-12-10 23:08:05,483 [INFO] LogOutputStream:77 - [STDOUT_REDIRECT] 
2025-12-10 23:08:22,431 [INFO] ApplicationProperties:184 - Using Application install path: C:\ST\STM32CubeIDE_1.19.0\STM32CubeIDE\plugins\com.st.stm32cube.common.mx_6.15.0.202507011659
2025-12-10 23:08:22,457 [INFO] DbMcusXml:78 - Set database path to: C:\ST\STM32CubeIDE_1.19.0\STM32CubeIDE\plugins\com.st.stm32cube.common.mx_6.15.0.202507011659\\db\/mcu/
2025-12-10 23:08:22,457 [INFO] ApiDb:274 - Set plugin database path to: C:\ST\STM32CubeIDE_1.19.0\STM32CubeIDE\plugins\com.st.stm32cube.common.mx_6.15.0.202507011659\\db\/plugins/boardmanager/
2025-12-10 23:08:22,457 [WARN] ApiDb:259 - Overriding images path with different value:  => C:\ST\STM32CubeIDE_1.19.0\STM32CubeIDE\plugins\com.st.stm32cube.common.mx_6.15.0.202507011659\\db\/plugins/mcufinder/images/
2025-12-10 23:08:22,466 [INFO] ApiDb:250 - Set database path to: C:\Users\user\.stmcufinder\plugins\mcufinder//mcu/
2025-12-10 23:08:22,467 [INFO] DbMcusAds:125 - Set database path to: C:\Users\user\.stmcufinder\plugins\mcufinder//mcu/
2025-12-10 23:08:22,474 [INFO] CrossReferenceDbSqlite:203 - Set database path to: C:\Users\user\.stmcufinder\plugins\mcufinder//mcu/cs/
2025-12-10 23:08:22,608 [INFO] RulesReader:64 - Compatibility file has been processed (317 Rules)
2025-12-10 23:08:22,726 [INFO] DbMcusXml:78 - Set database path to: C:\ST\STM32CubeIDE_1.19.0\STM32CubeIDE\plugins\com.st.stm32cube.common.mx_6.15.0.202507011659\\db\/mcu/
2025-12-10 23:08:22,727 [INFO] ApiDb:274 - Set plugin database path to: C:\ST\STM32CubeIDE_1.19.0\STM32CubeIDE\plugins\com.st.stm32cube.common.mx_6.15.0.202507011659\\db\/plugins/boardmanager/
2025-12-10 23:08:22,727 [INFO] ApiDb:261 - Set plugin images path to: C:\ST\STM32CubeIDE_1.19.0\STM32CubeIDE\plugins\com.st.stm32cube.common.mx_6.15.0.202507011659\\db\/plugins/mcufinder/images/
2025-12-10 23:08:22,727 [WARN] DbFile:41 - Overriding database path with different value: C:\Users\user\.stmcufinder\plugins\mcufinder/ => C:\Users\user\.stmcufinder\plugins\mcufinder
2025-12-10 23:08:22,727 [INFO] ApiDb:250 - Set database path to: C:\Users\user\.stmcufinder\plugins\mcufinder//mcu/
2025-12-10 23:08:22,727 [WARN] DbFile:41 - Overriding database path with different value: C:\Users\user\.stmcufinder\plugins\mcufinder/ => C:\Users\user\.stmcufinder\plugins\mcufinder
2025-12-10 23:08:22,727 [INFO] DbMcusAds:125 - Set database path to: C:\Users\user\.stmcufinder\plugins\mcufinder//mcu/
2025-12-10 23:08:22,727 [WARN] DbFile:41 - Overriding database path with different value: C:\Users\user\.stmcufinder\plugins\mcufinder/ => C:\Users\user\.stmcufinder\plugins\mcufinder
2025-12-10 23:08:22,727 [WARN] DbFile:41 - Overriding database path with different value: C:\Users\user\.stmcufinder\plugins\mcufinder/ => C:\Users\user\.stmcufinder\plugins\mcufinder
2025-12-10 23:08:22,727 [INFO] CrossReferenceDbSqlite:203 - Set database path to: C:\Users\user\.stmcufinder\plugins\mcufinder//mcu/cs/
2025-12-10 23:08:22,815 [INFO] MainPanel:274 - HeapMemory: 268435456
2025-12-10 23:08:22,939 [INFO] DbMcusXml:78 - Set database path to: C:\ST\STM32CubeIDE_1.19.0\STM32CubeIDE\plugins\com.st.stm32cube.common.mx_6.15.0.202507011659\\db\/mcu/
2025-12-10 23:08:22,939 [INFO] ApiDb:274 - Set plugin database path to: C:\ST\STM32CubeIDE_1.19.0\STM32CubeIDE\plugins\com.st.stm32cube.common.mx_6.15.0.202507011659\\db\/plugins/boardmanager/
2025-12-10 23:08:22,940 [INFO] ApiDb:261 - Set plugin images path to: C:\ST\STM32CubeIDE_1.19.0\STM32CubeIDE\plugins\com.st.stm32cube.common.mx_6.15.0.202507011659\\db\/plugins/mcufinder/images/
2025-12-10 23:08:22,940 [WARN] DbFile:41 - Overriding database path with different value: C:\Users\user\.stmcufinder\plugins\mcufinder/ => C:\Users\user\.stmcufinder\plugins\mcufinder
2025-12-10 23:08:22,940 [INFO] ApiDb:250 - Set database path to: C:\Users\user\.stmcufinder\plugins\mcufinder//mcu/
2025-12-10 23:08:22,940 [WARN] DbFile:41 - Overriding database path with different value: C:\Users\user\.stmcufinder\plugins\mcufinder/ => C:\Users\user\.stmcufinder\plugins\mcufinder
2025-12-10 23:08:22,940 [INFO] DbMcusAds:125 - Set database path to: C:\Users\user\.stmcufinder\plugins\mcufinder//mcu/
2025-12-10 23:08:22,940 [WARN] DbFile:41 - Overriding database path with different value: C:\Users\user\.stmcufinder\plugins\mcufinder/ => C:\Users\user\.stmcufinder\plugins\mcufinder
2025-12-10 23:08:22,940 [WARN] DbFile:41 - Overriding database path with different value: C:\Users\user\.stmcufinder\plugins\mcufinder/ => C:\Users\user\.stmcufinder\plugins\mcufinder
2025-12-10 23:08:22,940 [INFO] CrossReferenceDbSqlite:203 - Set database path to: C:\Users\user\.stmcufinder\plugins\mcufinder//mcu/cs/
2025-12-10 23:08:22,959 [INFO] ApplicationProperties:184 - Using Application install path: C:\ST\STM32CubeIDE_1.19.0\STM32CubeIDE\plugins\com.st.stm32cube.common.mx_6.15.0.202507011659
2025-12-10 23:08:22,960 [INFO] PluginManage:196 - Search for loadable plugins [exclusion list=, ]
2025-12-10 23:08:22,961 [INFO] PluginManage:310 - Check plugin analytics
2025-12-10 23:08:23,194 [INFO] AnalyticsPlugin:253 - Accepted Software Licenses: 
2025-12-10 23:08:23,194 [INFO] AnalyticsPlugin:255 - Accepted CMSIS Pack Licenses: 
2025-12-10 23:08:23,194 [INFO] AnalyticsPlugin:257 - Accepted Firmware Licenses: FW.L4.1.18.0
2025-12-10 23:08:23,199 [INFO] PluginManage:359 - Loaded plugin analytics (category:tool,tabindex:-1)
2025-12-10 23:08:23,200 [INFO] PluginManage:310 - Check plugin cadmodel
2025-12-10 23:08:23,208 [INFO] CADModel:105 - Init CAD model plugin
2025-12-10 23:08:23,208 [INFO] PluginManage:359 - Loaded plugin cadmodel (category:power,tabindex:5)
2025-12-10 23:08:23,209 [INFO] PluginManage:310 - Check plugin clock
2025-12-10 23:08:23,227 [INFO] PluginManage:359 - Loaded plugin clock (category:base,tabindex:2)
2025-12-10 23:08:23,227 [INFO] PluginManage:310 - Check plugin ddr
2025-12-10 23:08:23,233 [INFO] PluginManage:359 - Loaded plugin ddr (category:tool,tabindex:6)
2025-12-10 23:08:23,233 [INFO] PluginManage:310 - Check plugin filemanager
2025-12-10 23:08:23,408 [INFO] PluginManage:359 - Loaded plugin filemanager (category:base,tabindex:10)
2025-12-10 23:08:23,408 [INFO] PluginManage:310 - Check plugin ipmanager
2025-12-10 23:08:23,414 [INFO] PluginManage:359 - Loaded plugin ipmanager (category:base,tabindex:5)
2025-12-10 23:08:23,414 [INFO] PluginManage:310 - Check plugin lpbam
2025-12-10 23:08:23,422 [INFO] PluginManage:359 - Loaded plugin lpbam (category:base,tabindex:0)
2025-12-10 23:08:23,422 [INFO] PluginManage:310 - Check plugin memorymap
2025-12-10 23:08:23,438 [INFO] PluginManage:359 - Loaded plugin memorymap (category:base,tabindex:4)
2025-12-10 23:08:23,438 [INFO] PluginManage:310 - Check plugin pinoutandconfiguration
2025-12-10 23:08:23,447 [INFO] PluginManage:359 - Loaded plugin pinoutandconfiguration (category:base,tabindex:1)
2025-12-10 23:08:23,448 [INFO] PluginManage:310 - Check plugin pinoutconfig
2025-12-10 23:08:23,526 [WARN] SupportedApi:132 - Cannot load RTOS API schema: s4s-elt-must-match.1: The content of 'definitions' must match (annotation?, (simpleType | complexType)?, (unique | key | keyref)*)). A problem was found starting at: attribute.
2025-12-10 23:08:23,666 [INFO] PluginManage:359 - Loaded plugin pinoutconfig (category:base,tabindex:0)
2025-12-10 23:08:23,666 [INFO] PluginManage:310 - Check plugin power
2025-12-10 23:08:23,680 [INFO] PluginManage:359 - Loaded plugin power (category:power,tabindex:4)
2025-12-10 23:08:23,680 [INFO] PluginManage:310 - Check plugin projectmanager
2025-12-10 23:08:23,696 [INFO] PluginManage:359 - Loaded plugin projectmanager (category:projectmanager,tabindex:4)
2025-12-10 23:08:23,696 [INFO] PluginManage:310 - Check plugin rif
2025-12-10 23:08:23,711 [INFO] PluginManage:359 - Loaded plugin rif (category:base,tabindex:3)
2025-12-10 23:08:23,711 [INFO] PluginManage:310 - Check plugin thirdparty
2025-12-10 23:08:23,864 [INFO] PluginManage:359 - Loaded plugin thirdparty (category:base,tabindex:-1)
2025-12-10 23:08:23,864 [INFO] PluginManage:310 - Check plugin tools
2025-12-10 23:08:23,864 [WARN] IntegrityCheckThread:84 - waiting for thirdparty lock release [integrity check]
2025-12-10 23:08:23,864 [INFO] IntegrityCheckThread:86 - entering critical section [integrity check]
2025-12-10 23:08:23,865 [INFO] ThirdPartyUpdaterWithRetryManager:70 - Updater plugin not ready yet. [1/15]
2025-12-10 23:08:23,867 [INFO] PluginManage:359 - Loaded plugin tools (category:base,tabindex:7)
2025-12-10 23:08:23,868 [INFO] PluginManage:310 - Check plugin tutovideos
2025-12-10 23:08:24,107 [INFO] PluginManage:359 - Loaded plugin tutovideos (category:base,tabindex:-1)
2025-12-10 23:08:24,107 [INFO] PluginManage:310 - Check plugin updater
2025-12-10 23:08:24,131 [INFO] PluginManage:359 - Loaded plugin updater (category:base,tabindex:12)
2025-12-10 23:08:24,131 [INFO] PluginManage:310 - Check plugin userauth
2025-12-10 23:08:24,137 [INFO] UserAuth:118 - Init User Auth plugin
2025-12-10 23:08:24,138 [INFO] PluginManage:359 - Loaded plugin userauth (category:base,tabindex:14)
2025-12-10 23:08:24,138 [INFO] PluginManage:283 - PluginManage : Loaded plugins [18]
2025-12-10 23:08:24,378 [INFO] PinOutPanel:1589 - setPackage(No Configuration,No Configuration)
2025-12-10 23:08:24,459 [INFO] CADModel:165 - CPN selected for project level
2025-12-10 23:08:24,459 [INFO] CADModel:114 - Register for checkConnection events
2025-12-10 23:08:24,474 [INFO] IPUIPlugin:80 - create IPUIPlugin
2025-12-10 23:08:24,474 [INFO] PluginManager:220 - loadIPPluginJar : add adc
2025-12-10 23:08:24,477 [INFO] IPUIPlugin:80 - create IPUIPlugin
2025-12-10 23:08:24,477 [INFO] PluginManager:220 - loadIPPluginJar : add aes
2025-12-10 23:08:24,480 [INFO] IPUIPlugin:80 - create IPUIPlugin
2025-12-10 23:08:24,480 [INFO] PluginManager:220 - loadIPPluginJar : add can
2025-12-10 23:08:24,482 [INFO] IPUIPlugin:80 - create IPUIPlugin
2025-12-10 23:08:24,482 [INFO] PluginManager:220 - loadIPPluginJar : add comp
2025-12-10 23:08:24,485 [INFO] IPUIPlugin:80 - create IPUIPlugin
2025-12-10 23:08:24,485 [INFO] PluginManager:220 - loadIPPluginJar : add cryp
2025-12-10 23:08:24,488 [INFO] IPUIPlugin:80 - create IPUIPlugin
2025-12-10 23:08:24,488 [INFO] PluginManager:220 - loadIPPluginJar : add ddr_ctrl_phy
2025-12-10 23:08:24,491 [INFO] IPUIPlugin:80 - create IPUIPlugin
2025-12-10 23:08:24,491 [INFO] PluginManager:220 - loadIPPluginJar : add dfsdm
2025-12-10 23:08:24,495 [INFO] IPUIPlugin:80 - create IPUIPlugin
2025-12-10 23:08:24,495 [INFO] PluginManager:220 - loadIPPluginJar : add dma
2025-12-10 23:08:24,498 [INFO] IPUIPlugin:80 - create IPUIPlugin
2025-12-10 23:08:24,498 [INFO] PluginManager:220 - loadIPPluginJar : add dma3
2025-12-10 23:08:24,501 [INFO] IPUIPlugin:80 - create IPUIPlugin
2025-12-10 23:08:24,501 [INFO] PluginManager:220 - loadIPPluginJar : add extmemmanager
2025-12-10 23:08:24,503 [INFO] IPUIPlugin:80 - create IPUIPlugin
2025-12-10 23:08:24,503 [INFO] PluginManager:220 - loadIPPluginJar : add fatfs
2025-12-10 23:08:24,506 [INFO] IPUIPlugin:80 - create IPUIPlugin
2025-12-10 23:08:24,506 [INFO] PluginManager:220 - loadIPPluginJar : add fmc
2025-12-10 23:08:24,514 [INFO] IPUIPlugin:80 - create IPUIPlugin
2025-12-10 23:08:24,514 [INFO] PluginManager:220 - loadIPPluginJar : add freertos
2025-12-10 23:08:24,516 [INFO] IPUIPlugin:80 - create IPUIPlugin
2025-12-10 23:08:24,516 [INFO] PluginManager:220 - loadIPPluginJar : add genericplugin
2025-12-10 23:08:24,519 [INFO] IPUIPlugin:80 - create IPUIPlugin
2025-12-10 23:08:24,519 [INFO] PluginManager:220 - loadIPPluginJar : add gfxmmu
2025-12-10 23:08:24,522 [INFO] IPUIPlugin:80 - create IPUIPlugin
2025-12-10 23:08:24,523 [INFO] PluginManager:220 - loadIPPluginJar : add gic
2025-12-10 23:08:24,526 [INFO] IPUIPlugin:80 - create IPUIPlugin
2025-12-10 23:08:24,527 [INFO] PluginManager:220 - loadIPPluginJar : add gpio
2025-12-10 23:08:24,530 [INFO] IPUIPlugin:80 - create IPUIPlugin
2025-12-10 23:08:24,530 [INFO] PluginManager:220 - loadIPPluginJar : add gtzc
2025-12-10 23:08:24,532 [INFO] IPUIPlugin:80 - create IPUIPlugin
2025-12-10 23:08:24,532 [INFO] PluginManager:220 - loadIPPluginJar : add hash
2025-12-10 23:08:24,534 [INFO] IPUIPlugin:80 - create IPUIPlugin
2025-12-10 23:08:24,535 [INFO] PluginManager:220 - loadIPPluginJar : add i2c
2025-12-10 23:08:24,537 [INFO] IPUIPlugin:80 - create IPUIPlugin
2025-12-10 23:08:24,537 [INFO] PluginManager:220 - loadIPPluginJar : add i2s
2025-12-10 23:08:24,539 [INFO] IPUIPlugin:80 - create IPUIPlugin
2025-12-10 23:08:24,540 [INFO] PluginManager:220 - loadIPPluginJar : add i3c
2025-12-10 23:08:24,542 [INFO] IPUIPlugin:80 - create IPUIPlugin
2025-12-10 23:08:24,542 [INFO] PluginManager:220 - loadIPPluginJar : add ipddr
2025-12-10 23:08:24,548 [INFO] IPUIPlugin:80 - create IPUIPlugin
2025-12-10 23:08:24,548 [INFO] PluginManager:220 - loadIPPluginJar : add linkedlist
2025-12-10 23:08:24,552 [INFO] IPUIPlugin:80 - create IPUIPlugin
2025-12-10 23:08:24,552 [INFO] PluginManager:220 - loadIPPluginJar : add lorawan
2025-12-10 23:08:24,553 [INFO] IPUIPlugin:80 - create IPUIPlugin
2025-12-10 23:08:24,554 [INFO] PluginManager:220 - loadIPPluginJar : add ltdc
2025-12-10 23:08:24,558 [INFO] IPUIPlugin:80 - create IPUIPlugin
2025-12-10 23:08:24,558 [INFO] PluginManager:220 - loadIPPluginJar : add mdma
2025-12-10 23:08:24,562 [INFO] IPUIPlugin:80 - create IPUIPlugin
2025-12-10 23:08:24,562 [INFO] PluginManager:220 - loadIPPluginJar : add nvic
2025-12-10 23:08:24,566 [INFO] IPUIPlugin:80 - create IPUIPlugin
2025-12-10 23:08:24,566 [INFO] PluginManager:220 - loadIPPluginJar : add opamp
2025-12-10 23:08:24,570 [INFO] IPUIPlugin:80 - create IPUIPlugin
2025-12-10 23:08:24,570 [INFO] PluginManager:220 - loadIPPluginJar : add openamp
2025-12-10 23:08:24,574 [INFO] IPUIPlugin:80 - create IPUIPlugin
2025-12-10 23:08:24,574 [INFO] PluginManager:220 - loadIPPluginJar : add pdm2pcm
2025-12-10 23:08:24,579 [INFO] IPUIPlugin:80 - create IPUIPlugin
2025-12-10 23:08:24,582 [INFO] PluginManager:220 - loadIPPluginJar : add plateformsettings
2025-12-10 23:08:24,584 [INFO] IPUIPlugin:80 - create IPUIPlugin
2025-12-10 23:08:24,584 [INFO] PluginManager:220 - loadIPPluginJar : add quadspi
2025-12-10 23:08:24,587 [INFO] IPUIPlugin:80 - create IPUIPlugin
2025-12-10 23:08:24,587 [INFO] PluginManager:220 - loadIPPluginJar : add radio
2025-12-10 23:08:24,592 [INFO] IPUIPlugin:80 - create IPUIPlugin
2025-12-10 23:08:24,592 [INFO] PluginManager:220 - loadIPPluginJar : add resmgrutility
2025-12-10 23:08:24,595 [INFO] IPUIPlugin:80 - create IPUIPlugin
2025-12-10 23:08:24,595 [INFO] PluginManager:220 - loadIPPluginJar : add sai
2025-12-10 23:08:24,597 [INFO] IPUIPlugin:80 - create IPUIPlugin
2025-12-10 23:08:24,597 [INFO] PluginManager:220 - loadIPPluginJar : add spi
2025-12-10 23:08:24,603 [INFO] IPUIPlugin:80 - create IPUIPlugin
2025-12-10 23:08:24,603 [INFO] PluginManager:220 - loadIPPluginJar : add stm32_wpan
2025-12-10 23:08:24,605 [INFO] IPUIPlugin:80 - create IPUIPlugin
2025-12-10 23:08:24,605 [INFO] PluginManager:220 - loadIPPluginJar : add tim
2025-12-10 23:08:24,609 [INFO] IPUIPlugin:80 - create IPUIPlugin
2025-12-10 23:08:24,609 [INFO] PluginManager:220 - loadIPPluginJar : add touchsensing
2025-12-10 23:08:24,612 [INFO] IPUIPlugin:80 - create IPUIPlugin
2025-12-10 23:08:24,612 [INFO] PluginManager:220 - loadIPPluginJar : add tracer_emb
2025-12-10 23:08:24,615 [INFO] IPUIPlugin:80 - create IPUIPlugin
2025-12-10 23:08:24,615 [INFO] PluginManager:220 - loadIPPluginJar : add ts
2025-12-10 23:08:24,617 [INFO] IPUIPlugin:80 - create IPUIPlugin
2025-12-10 23:08:24,617 [INFO] PluginManager:220 - loadIPPluginJar : add tsc
2025-12-10 23:08:24,618 [INFO] IPUIPlugin:80 - create IPUIPlugin
2025-12-10 23:08:24,618 [INFO] PluginManager:220 - loadIPPluginJar : add ucpd
2025-12-10 23:08:24,622 [INFO] IPUIPlugin:80 - create IPUIPlugin
2025-12-10 23:08:24,622 [INFO] PluginManager:220 - loadIPPluginJar : add usart
2025-12-10 23:08:24,625 [INFO] IPUIPlugin:80 - create IPUIPlugin
2025-12-10 23:08:24,625 [INFO] PluginManager:220 - loadIPPluginJar : add usbx
2025-12-10 23:08:24,745 [FATAL] Updater:351 - Updater called before beeing initialized
2025-12-10 23:08:24,773 [INFO] RulesReader:64 - Compatibility file has been processed (317 Rules)
2025-12-10 23:08:24,787 [INFO] RulesReader:64 - Compatibility file has been processed (317 Rules)
2025-12-10 23:08:24,801 [INFO] CADModel:165 - CPN selected for project level
2025-12-10 23:08:24,801 [INFO] CADModel:114 - Register for checkConnection events
2025-12-10 23:08:24,801 [FATAL] Updater:351 - Updater called before beeing initialized
2025-12-10 23:08:24,802 [ERROR] CADModel:125 - Updater not yet initialized, retry later 
2025-12-10 23:08:24,987 [FATAL] Updater:351 - Updater called before beeing initialized
2025-12-10 23:08:24,989 [INFO] CADModel:165 - CPN selected for project level
2025-12-10 23:08:24,989 [INFO] CADModel:114 - Register for checkConnection events
2025-12-10 23:08:24,989 [FATAL] Updater:351 - Updater called before beeing initialized
2025-12-10 23:08:24,989 [ERROR] CADModel:125 - Updater not yet initialized, retry later 
2025-12-10 23:08:24,992 [FATAL] Updater:351 - Updater called before beeing initialized
2025-12-10 23:08:25,157 [FATAL] Updater:351 - Updater called before beeing initialized
2025-12-10 23:08:25,174 [INFO] DbMcusAds:53 - JSON generation date=Fri Dec 05 17:13:14 CST 2025 (1764925994673)
2025-12-10 23:08:25,174 [FATAL] Updater:351 - Updater called before beeing initialized
2025-12-10 23:08:25,233 [WARN] DetailPanel:346 - Failed to get advertising image, set to default
2025-12-10 23:08:25,310 [FATAL] Updater:351 - Updater called before beeing initialized
2025-12-10 23:08:25,311 [FATAL] Updater:351 - Updater called before beeing initialized
2025-12-10 23:08:25,311 [FATAL] Updater:351 - Updater called before beeing initialized
2025-12-10 23:08:25,311 [WARN] DetailPanel:346 - Failed to get advertising image, set to default
2025-12-10 23:08:25,312 [FATAL] Updater:351 - Updater called before beeing initialized
2025-12-10 23:08:25,357 [ERROR] Updater:1198 - MainUpdater not yet initialized. External WinMGr cannot be set.
2025-12-10 23:08:25,359 [INFO] Updater:1134 - Updater Version found : 6.15.0
2025-12-10 23:08:25,374 [INFO] ApplicationProperties:184 - Using Application install path: C:\ST\STM32CubeIDE_1.19.0\STM32CubeIDE\plugins\com.st.stm32cube.common.mx_6.15.0.202507011659
2025-12-10 23:08:26,866 [INFO] ThirdPartyUpdaterWithRetryManager:70 - Updater plugin not ready yet. [2/15]
2025-12-10 23:08:26,953 [ERROR] LogOutputStream:75 - [STDERR_REDIRECT] Dec 10, 2025 11:08:26 PM java.util.prefs.WindowsPreferences <init>
2025-12-10 23:08:26,955 [ERROR] LogOutputStream:75 - [STDERR_REDIRECT] WARNING: Could not open/create prefs root node Software\JavaSoft\Prefs at root 0xffffffff80000002. Windows RegCreateKeyEx(...) returned error code 5.
2025-12-10 23:08:26,955 [ERROR] LogOutputStream:75 - [STDERR_REDIRECT] 
2025-12-10 23:08:27,383 [INFO] MainUpdater:2872 - connection check result : 10
2025-12-10 23:08:27,385 [INFO] MainUpdater:289 - Updater Check For Update Now.
2025-12-10 23:08:27,385 [INFO] MicroXplorer:498 - Change Database Version : DB.6.0.150
2025-12-10 23:08:27,407 [INFO] McuFinderGlobals:63 - Set McuFinder mode to 2 (CubeIDE integrated)
2025-12-10 23:08:27,407 [INFO] UserAuth:171 - activating auth plugin
2025-12-10 23:08:27,410 [INFO] UserAuth:487 - Internet connection configuration mode: 1
2025-12-10 23:08:27,456 [INFO] JxBrowserEngine:152 - Initiate JxBrowser Engine with user profile folder
2025-12-10 23:08:27,605 [INFO] CheckServerUpdateThread:120 - End of CheckServer Thread
2025-12-10 23:08:29,174 [INFO] WebApp:169 - Instantiating new browser for Auth
2025-12-10 23:08:30,136 [WARN] PackLoader:240 - Cannot read IP mode file for STMicroelectronics.FP-SNS-MOTENVWB1.1.4.0
2025-12-10 23:08:30,144 [WARN] PackLoader:240 - Cannot read IP mode file for STMicroelectronics.FP-ATR-ASTRA1.2.0.2
2025-12-10 23:08:30,155 [WARN] PackLoader:240 - Cannot read IP mode file for STMicroelectronics.X-CUBE-SMBUS.2.1.0
2025-12-10 23:08:30,159 [WARN] PackLoader:240 - Cannot read IP mode file for STMicroelectronics.X-CUBE-ST60.1.0.0
2025-12-10 23:08:30,195 [WARN] PackLoader:240 - Cannot read IP mode file for STMicroelectronics.X-CUBE-AZRTOS-F7.1.1.0
2025-12-10 23:08:30,208 [WARN] PackLoader:240 - Cannot read IP mode file for STMicroelectronics.FP-SNS-MOTENV1.5.1.0
2025-12-10 23:08:30,229 [WARN] PackLoader:240 - Cannot read IP mode file for WES.I-CUBE-Cesium.1.4.0
2025-12-10 23:08:30,292 [WARN] PackLoader:240 - Cannot read IP mode file for Infineon.AIROC-Wi-Fi-Bluetooth-STM32.1.7.1
2025-12-10 23:08:30,311 [INFO] WebApp:463 - Apply proxy settings
2025-12-10 23:08:30,312 [INFO] WebApp:548 - Chromium requires no authentication
2025-12-10 23:08:30,333 [WARN] PackLoader:240 - Cannot read IP mode file for STMicroelectronics.X-CUBE-AZRTOS-H7.3.4.0
2025-12-10 23:08:30,365 [WARN] PackLoader:240 - Cannot read IP mode file for STMicroelectronics.X-CUBE-DISPLAY.3.0.0
2025-12-10 23:08:30,397 [INFO] WebApp:491 - Direct internet connection detected
2025-12-10 23:08:30,413 [WARN] PackLoader:240 - Cannot read IP mode file for STMicroelectronics.X-CUBE-NFC10.1.0.0
2025-12-10 23:08:30,438 [WARN] PackLoader:240 - Cannot read IP mode file for STMicroelectronics.X-CUBE-ST60.1.1.0
2025-12-10 23:08:30,465 [WARN] PackLoader:240 - Cannot read IP mode file for emotas.I-CUBE-CANOPEN.1.3.0
2025-12-10 23:08:30,474 [WARN] PackLoader:240 - Cannot read IP mode file for STMicroelectronics.X-CUBE-GNSS1.7.1.0
2025-12-10 23:08:30,487 [WARN] PackLoader:240 - Cannot read IP mode file for STMicroelectronics.FP-SNS-STBOX1.2.1.0
2025-12-10 23:08:30,499 [WARN] PackLoader:240 - Cannot read IP mode file for STMicroelectronics.FP-SNS-SMARTAG2.1.2.0
2025-12-10 23:08:30,503 [WARN] PackLoader:240 - Cannot read IP mode file for STMicroelectronics.FP-SNS-FLIGHT1.5.1.0
2025-12-10 23:08:30,514 [INFO] WebApp:900 - Register for checkConnection events
2025-12-10 23:08:30,515 [INFO] WebApp:463 - Apply proxy settings
2025-12-10 23:08:30,515 [INFO] WebApp:548 - Chromium requires no authentication
2025-12-10 23:08:30,515 [INFO] WebApp:491 - Direct internet connection detected
2025-12-10 23:08:30,518 [INFO] LogOutputStream:77 - [STDOUT_REDIRECT] 1 : Invalid condition id : UX_CORESTACK_Condition cause : null
2025-12-10 23:08:30,520 [INFO] LogOutputStream:77 - [STDOUT_REDIRECT] 1 : Invalid condition id : UX_CORESTACK_Condition cause : null
2025-12-10 23:08:30,521 [INFO] LogOutputStream:77 - [STDOUT_REDIRECT] 1 : Invalid condition id : UX_CORESTACK_Condition cause : null
2025-12-10 23:08:30,523 [INFO] LogOutputStream:77 - [STDOUT_REDIRECT] 1 : Invalid condition id : UX_CORESTACK_Condition cause : null
2025-12-10 23:08:30,524 [INFO] LogOutputStream:77 - [STDOUT_REDIRECT] 1 : Invalid condition id : UX_CORESTACK_Condition cause : null
2025-12-10 23:08:30,526 [WARN] PackLoader:240 - Cannot read IP mode file for STMicroelectronics.X-CUBE-AZRTOS-WL.2.0.0
2025-12-10 23:08:30,538 [WARN] PackLoader:240 - Cannot read IP mode file for STMicroelectronics.FP-SNS-MOTENV1.5.0.0
2025-12-10 23:08:30,562 [WARN] PackLoader:240 - Cannot read IP mode file for STMicroelectronics.X-CUBE-AZRTOS-H7RS.1.2.0
2025-12-10 23:08:30,572 [WARN] PackLoader:240 - Cannot read IP mode file for STMicroelectronics.X-CUBE-BLE2.3.3.0
2025-12-10 23:08:30,607 [WARN] PackLoader:240 - Cannot read IP mode file for STMicroelectronics.X-CUBE-NFC9.1.0.0
2025-12-10 23:08:30,616 [WARN] PackLoader:240 - Cannot read IP mode file for wolfSSL.I-CUBE-wolfSSL.5.8.2
2025-12-10 23:08:30,621 [WARN] PackLoader:240 - Cannot read IP mode file for STMicroelectronics.X-CUBE-BLE1.7.1.0
2025-12-10 23:08:30,631 [WARN] PackLoader:240 - Cannot read IP mode file for wolfSSL.I-CUBE-wolfMQTT.1.19.2
2025-12-10 23:08:30,642 [WARN] PackLoader:240 - Cannot read IP mode file for STMicroelectronics.X-CUBE-FREERTOS.1.4.0
2025-12-10 23:08:30,650 [WARN] PackLoader:240 - Cannot read IP mode file for STMicroelectronics.X-CUBE-EEPRMA1.5.2.0
2025-12-10 23:08:30,659 [WARN] PackLoader:240 - Cannot read IP mode file for STMicroelectronics.X-CUBE-ST67W61.1.1.0
2025-12-10 23:08:30,709 [WARN] PackLoader:240 - Cannot read IP mode file for STMicroelectronics.X-CUBE-MEMS1.12.0.0
2025-12-10 23:08:30,730 [INFO] WebApp:191 - Connection restablished
2025-12-10 23:08:30,833 [WARN] PackLoader:240 - Cannot read IP mode file for STMicroelectronics.X-CUBE-AZRTOS-G0.1.1.0
2025-12-10 23:08:30,841 [WARN] PackLoader:240 - Cannot read IP mode file for STMicroelectronics.X-CUBE-SAFEA1.1.2.2
2025-12-10 23:08:30,848 [WARN] PackLoader:240 - Cannot read IP mode file for STMicroelectronics.X-CUBE-NFC4.3.0.0
2025-12-10 23:08:30,858 [WARN] PackLoader:240 - Cannot read IP mode file for EmbeddedOffice.I-CUBE-FS-RTOS.1.0.1
2025-12-10 23:08:30,864 [WARN] PackLoader:240 - Cannot read IP mode file for STMicroelectronics.X-CUBE-WB05N.2.0.0
2025-12-10 23:08:30,868 [WARN] PackLoader:240 - Cannot read IP mode file for wolfSSL.I-CUBE-wolfTPM.3.8.0
2025-12-10 23:08:30,875 [WARN] PackLoader:240 - Cannot read IP mode file for STMicroelectronics.X-CUBE-TCPP.4.2.0
2025-12-10 23:08:30,882 [WARN] PackLoader:240 - Cannot read IP mode file for RealThread.X-CUBE-RT-Thread_Nano.4.1.1
2025-12-10 23:08:30,886 [WARN] PackLoader:240 - Cannot read IP mode file for STMicroelectronics.FP-ATR-SIGFOX1.3.2.0
2025-12-10 23:08:30,893 [WARN] PackLoader:240 - Cannot read IP mode file for ITTIA_DB.I-CUBE-ITTIADB.8.9.0
2025-12-10 23:08:30,904 [WARN] PackLoader:240 - Cannot read IP mode file for STMicroelectronics.X-CUBE-ST67W61.1.0.0
2025-12-10 23:08:30,909 [WARN] PackLoader:240 - Cannot read IP mode file for STMicroelectronics.X-CUBE-AI.10.2.0
2025-12-10 23:08:30,935 [WARN] PackLoader:240 - Cannot read IP mode file for SEGGER.I-CUBE-embOS.1.3.1
2025-12-10 23:08:30,995 [WARN] PackLoader:240 - Cannot read IP mode file for STMicroelectronics.X-CUBE-ALGOBUILD.1.4.0
2025-12-10 23:08:31,081 [WARN] PackLoader:240 - Cannot read IP mode file for STMicroelectronics.X-CUBE-MEMS1.11.3.0
2025-12-10 23:08:31,206 [WARN] PackLoader:240 - Cannot read IP mode file for STMicroelectronics.X-CUBE-PM33A1.1.0.0
2025-12-10 23:08:31,239 [WARN] PackLoader:240 - Cannot read IP mode file for STMicroelectronics.X-CUBE-AZRTOS-F4.1.1.0
2025-12-10 23:08:31,245 [WARN] PackLoader:240 - Cannot read IP mode file for Avnet-IotConnect.X-CUBE-IoTC-DA16k-PMOD.1.0.0
2025-12-10 23:08:31,254 [WARN] PackLoader:240 - Cannot read IP mode file for STMicroelectronics.X-CUBE-ISPU.2.1.0
2025-12-10 23:08:31,270 [WARN] PackLoader:240 - Cannot read IP mode file for STMicroelectronics.X-CUBE-IPS.3.2.0
2025-12-10 23:08:31,282 [WARN] PackLoader:240 - Cannot read IP mode file for STMicroelectronics.X-CUBE-NFC12.1.0.0
2025-12-10 23:08:31,296 [WARN] PackLoader:240 - Cannot read IP mode file for STMicroelectronics.X-CUBE-AZRTOS-L5.2.0.0
2025-12-10 23:08:31,304 [WARN] PackLoader:240 - Cannot read IP mode file for STMicroelectronics.X-CUBE-NFC6.3.1.0
2025-12-10 23:08:31,310 [WARN] PackLoader:240 - Cannot read IP mode file for STMicroelectronics.X-CUBE-FREERTOS.1.3.1
2025-12-10 23:08:31,318 [WARN] PackLoader:240 - Cannot read IP mode file for STMicroelectronics.X-CUBE-TOUCHGFX.4.26.0
2025-12-10 23:08:31,322 [WARN] PackLoader:240 - Cannot read IP mode file for STMicroelectronics.FP-SNS-STAIOTCFT.1.0.0
2025-12-10 23:08:31,327 [WARN] PackLoader:240 - Cannot read IP mode file for STMicroelectronics.X-CUBE-DPower.1.3.0
2025-12-10 23:08:31,342 [WARN] ConditionMgr:438 - getConditionDescription Invalid condition id : LAN8742 Phy interface Condition cause : null
2025-12-10 23:08:31,342 [WARN] PackLoader:240 - Cannot read IP mode file for STMicroelectronics.X-CUBE-AZRTOS-L4.2.0.0
2025-12-10 23:08:31,343 [WARN] ConditionMgr:1044 - genDependencies : Invalid condition id : LAN8742 Phy interface Condition cause : null
2025-12-10 23:08:31,344 [WARN] ConditionMgr:1044 - genDependencies : Invalid condition id : LAN8742 Phy interface Condition cause : null
2025-12-10 23:08:31,344 [WARN] ConditionMgr:1044 - genDependencies : Invalid condition id : LAN8742 Phy interface Condition cause : null
2025-12-10 23:08:31,350 [WARN] PackLoader:240 - Cannot read IP mode file for STMicroelectronics.X-CUBE-SFXS2LP1.4.0.0
2025-12-10 23:08:31,360 [WARN] PackLoader:240 - Cannot read IP mode file for STMicroelectronics.X-CUBE-BLEMGR.4.1.0
2025-12-10 23:08:31,375 [WARN] ConditionMgr:438 - getConditionDescription Invalid condition id : UX DEVICE CLASS RTOS Condition cause : null
2025-12-10 23:08:31,375 [WARN] ConditionMgr:438 - getConditionDescription Invalid condition id : UX DEVICE CLASS RTOS Condition cause : null
2025-12-10 23:08:31,376 [WARN] PackLoader:240 - Cannot read IP mode file for STMicroelectronics.X-CUBE-AZRTOS-WB.2.0.0
2025-12-10 23:08:31,377 [WARN] ConditionMgr:1044 - genDependencies : Invalid condition id : UX DEVICE CLASS RTOS Condition cause : null
2025-12-10 23:08:31,377 [WARN] ConditionMgr:1044 - genDependencies : Invalid condition id : UX DEVICE CLASS RTOS Condition cause : null
2025-12-10 23:08:31,377 [WARN] ConditionMgr:1044 - genDependencies : Invalid condition id : UX DEVICE CLASS RTOS Condition cause : null
2025-12-10 23:08:31,377 [WARN] ConditionMgr:1044 - genDependencies : Invalid condition id : UX DEVICE CLASS RTOS Condition cause : null
2025-12-10 23:08:31,378 [WARN] ConditionMgr:1044 - genDependencies : Invalid condition id : UX DEVICE CLASS RTOS Condition cause : null
2025-12-10 23:08:31,382 [WARN] PackLoader:240 - Cannot read IP mode file for STMicroelectronics.X-CUBE-GNSS1.7.0.1
2025-12-10 23:08:31,386 [WARN] PackLoader:240 - Cannot read IP mode file for STMicroelectronics.X-CUBE-TOUCHGFX.4.25.0
2025-12-10 23:08:31,389 [WARN] ConditionMgr:438 - getConditionDescription Invalid condition id : Cortex-A Device cause : null
2025-12-10 23:08:31,398 [WARN] ConditionMgr:1044 - genDependencies : Invalid condition id : Cortex-A Device cause : null
2025-12-10 23:08:31,398 [WARN] ConditionMgr:1044 - genDependencies : Invalid condition id : Cortex-A Device cause : null
2025-12-10 23:08:31,398 [WARN] ConditionMgr:1044 - genDependencies : Invalid condition id : Cortex-A Device cause : null
2025-12-10 23:08:31,407 [WARN] PackLoader:240 - Cannot read IP mode file for STMicroelectronics.X-CUBE-SUBG2.5.0.0
2025-12-10 23:08:31,424 [WARN] PackLoader:240 - Cannot read IP mode file for STMicroelectronics.X-CUBE-AZRTOS-H7RS.1.1.0
2025-12-10 23:08:31,430 [WARN] PackLoader:240 - Cannot read IP mode file for Cesanta.I-CUBE-Mongoose.7.13.0
2025-12-10 23:08:31,442 [WARN] PackLoader:240 - Cannot read IP mode file for STMicroelectronics.X-CUBE-AZRTOS-G4.2.0.0
2025-12-10 23:08:31,447 [WARN] PackLoader:240 - Cannot read IP mode file for wolfSSL.I-CUBE-wolfSSH.1.4.20
2025-12-10 23:08:31,451 [WARN] PackLoader:240 - Cannot read IP mode file for STMicroelectronics.X-CUBE-NFC7.2.0.0
2025-12-10 23:08:31,461 [WARN] PackLoader:240 - Cannot read IP mode file for STMicroelectronics.X-CUBE-IPS.3.1.0
2025-12-10 23:08:31,470 [WARN] PackLoader:240 - Cannot read IP mode file for STMicroelectronics.X-CUBE-ALS.1.0.2
2025-12-10 23:08:31,477 [WARN] PackLoader:240 - Cannot read IP mode file for STMicroelectronics.X-CUBE-STSE01.1.0.0
2025-12-10 23:08:31,487 [WARN] PackLoader:240 - Cannot read IP mode file for STMicroelectronics.X-CUBE-TOF1.3.4.3
2025-12-10 23:08:31,500 [INFO] ThirdParty:978 - Integrity check success = true
2025-12-10 23:08:31,500 [INFO] IntegrityCheckThread:100 - exiting critical section [integrity check]
2025-12-10 23:08:31,500 [INFO] IntegrityCheckThread:103 - End integrity checks thread
2025-12-10 23:08:31,830 [INFO] WebApp:225 - Starting web application
2025-12-10 23:08:31,830 [INFO] WebApp:593 - Web application path used C:\ST\STM32CubeIDE_1.19.0\STM32CubeIDE\plugins\com.st.stm32cube.common.mx_6.15.0.202507011659\db\plugins\mcufinder\reactClient1\index.html
2025-12-10 23:09:15,395 [INFO] McuFinderGlobals:63 - Set McuFinder mode to 2 (CubeIDE integrated)
2025-12-10 23:09:15,398 [INFO] MainUpdater:2872 - connection check result : 10
2025-12-10 23:09:15,403 [INFO] McuFinderGlobals:76 - Set McuFinderConnectedMode to true
2025-12-10 23:09:15,690 [INFO] ServerAccessManage:452 - Complete download http(s) 200
2025-12-10 23:09:15,691 [INFO] ServerAccessManage:509 - Download File mcusAds.json._tmp_
2025-12-10 23:09:15,815 [INFO] LoadUrlFilesThread:156 - End of LoadUrlFiles Thread
2025-12-10 23:09:15,999 [INFO] ServerAccessManage:452 - Complete download http(s) 200
2025-12-10 23:09:15,999 [INFO] ServerAccessManage:509 - Download File cube-finder-db.zip
2025-12-10 23:09:20,804 [INFO] FileExtend:248 - Unzip File : cube-finder-db.zip
2025-12-10 23:09:20,804 [INFO] FileExtend:263 - Standard Zip Deflate
2025-12-10 23:09:21,369 [INFO] LoadUrlFilesThread:156 - End of LoadUrlFiles Thread
2025-12-10 23:09:22,421 [INFO] ServerAccessManage:452 - Complete download http(s) 200
2025-12-10 23:09:22,421 [INFO] ServerAccessManage:509 - Download File crdb.zip
2025-12-10 23:09:23,741 [INFO] FileExtend:248 - Unzip File : crdb.zip
2025-12-10 23:09:23,741 [INFO] FileExtend:263 - Standard Zip Deflate
2025-12-10 23:09:23,874 [INFO] LoadUrlFilesThread:156 - End of LoadUrlFiles Thread
2025-12-10 23:09:25,523 [INFO] ServerAccessManage:452 - Complete download http(s) 200
2025-12-10 23:09:25,523 [INFO] ServerAccessManage:509 - Download File tutoVideoDB.zip
2025-12-10 23:09:25,545 [INFO] FileExtend:248 - Unzip File : tutoVideoDB.zip
2025-12-10 23:09:25,545 [INFO] FileExtend:263 - Standard Zip Deflate
2025-12-10 23:09:25,658 [INFO] LoadUrlFilesThread:156 - End of LoadUrlFiles Thread
2025-12-10 23:09:25,660 [WARN] DbFile:41 - Overriding database path with different value: C:\Users\user\.stmcufinder\plugins\mcufinder/ => C:\Users\user\.stmcufinder\plugins\mcufinder
2025-12-10 23:09:26,034 [INFO] ServerAccessManage:452 - Complete download http(s) 200
2025-12-10 23:09:26,035 [INFO] ServerAccessManage:509 - Download File api_config.json
2025-12-10 23:09:26,153 [INFO] LoadUrlFilesThread:156 - End of LoadUrlFiles Thread
2025-12-10 23:09:26,154 [INFO] DbMcusAds:53 - JSON generation date=Mon Dec 08 22:28:10 CST 2025 (1765204090049)
2025-12-10 23:09:26,265 [INFO] ServerAccessManage:452 - Complete download http(s) 200
2025-12-10 23:09:26,265 [INFO] ServerAccessManage:509 - Download File 
2025-12-10 23:09:26,278 [INFO] LoadUrlFilesThread:185 - End of LoadServerUrlFiles without Thread
2025-12-10 23:09:26,279 [INFO] TargetSelectorAdapter:259 - Refresh data is successful
2025-12-10 23:09:26,396 [INFO] ApiDb:581 - Connected to CubeFinder SQLite database (C:\Users\user\.stmcufinder\plugins\mcufinder\mcu\cube-finder-db.db)
2025-12-10 23:09:26,453 [INFO] ApiDb:668 - CubeFinder database Data Model version=2.1
2025-12-10 23:09:26,453 [INFO] ApiDb:669 - CubeFinder database Configuration version=3.0.39
2025-12-10 23:09:26,453 [INFO] ApiDb:670 - CubeFinder database generation date=2025-11-05 (1762334721)
2025-12-10 23:09:26,453 [INFO] ApiDb:671 - CubeFinder database FW Pack versions=[FP-ATR-ASTRA1_V2.0.0, FP-SNS-FLIGHT1_V5.1.0, FP-SNS-MOTENV1_V5.1.0, FP-SNS-MOTENVWB1_V1.4.0, FP-SNS-SMARTAG2_V1.2.0, FP-SNS-STBOX1_V2.1.0, STM32Cube_FW_C0_V1.4.0, STM32Cube_FW_F4_V1.28.3, STM32Cube_FW_F7_V1.17.4, STM32Cube_FW_G0_V1.6.2, STM32Cube_FW_G4_V1.6.1, STM32Cube_FW_H5_V1.5.1, STM32Cube_FW_H7RS_V1.3.0, STM32Cube_FW_H7_V1.12.1, STM32Cube_FW_L0_V1.12.2, STM32Cube_FW_L4_V1.18.1, STM32Cube_FW_L5_V1.6.0, STM32Cube_FW_N6_V1.3.0, STM32Cube_FW_U0_V1.3.0, STM32Cube_FW_U3_V1.2.1, STM32Cube_FW_U5_V1.8.0, STM32Cube_FW_WB0_V1.4.0, STM32Cube_FW_WBA_V1.8.0, STM32Cube_FW_WB_V1.24.0, STM32Cube_FW_WL3_V1.3.0, STM32Cube_FW_WL_V1.4.0, X-CUBE-ALGOBUILD_V1.4.0, X-CUBE-ALS_V1.0.2, X-CUBE-AZRTOS-F4_V1.1.0, X-CUBE-AZRTOS-F7_V1.1.0, X-CUBE-AZRTOS-G0_V1.1.0, X-CUBE-AZRTOS-G4_V2.0.0, X-CUBE-AZRTOS-H7RS_V1.1.0, X-CUBE-AZRTOS-H7_V3.4.0, X-CUBE-AZRTOS-L4_V2.0.0, X-CUBE-AZRTOS-L5_V2.0.0, X-CUBE-AZRTOS-WB_V2.0.0, X-CUBE-AZRTOS-WL_V2.0.0, X-CUBE-BLE1_V7.1.0, X-CUBE-BLE2_V3.3.0, X-CUBE-BLEMGR_V4.1.0, X-CUBE-EEPRMA1_V5.2.0, X-CUBE-FREERTOS_V1.3.1, X-CUBE-GNSS1_V6.0.0, X-CUBE-MEMS1_V11.3.0, X-CUBE-NFC4_V3.0.0, X-CUBE-NFC7_V2.0.0, X-CUBE-SFXS2LP1_V4.0.0, X-CUBE-ST67W61_V1.1.0, X-CUBE-SUBG2_V5.0.0, X-CUBE-TOF1_V3.4.3]
2025-12-10 23:09:28,128 [INFO] ApiDb:240 - Found 880 in-development CPN: [B-G473E-ZEST1S, B-WB1M-WPAN1, B-WBA5M-WPAN, B-WL5M-SUBG1, NUCLEO-C031C6, NUCLEO-C051C8, NUCLEO-C071RB, NUCLEO-C092RC, NUCLEO-H503RB, NUCLEO-H533RE, NUCLEO-H563ZI, NUCLEO-H7S3L8, NUCLEO-N657X0-Q, NUCLEO-U031R8, NUCLEO-U083RC, NUCLEO-U385RG-Q, NUCLEO-U545RE-Q, NUCLEO-U5A5ZJ-Q, NUCLEO-WB05KZ, NUCLEO-WB07CC, NUCLEO-WB09KE, NUCLEO-WBA52CG, NUCLEO-WBA55CG, NUCLEO-WL33CC1, NUCLEO-WL33CC2, STEVAL-PROTEUS1, STEVAL-SMARTAG2, STEVAL-STWINBX1, STM320518-EVAL, STM32C0116-DK, STM32C011D6Y3TR, STM32C011D6Y6TR, STM32C011F4P3, STM32C011F4P6, STM32C011F4U3, STM32C011F4U6TR, STM32C011F6P3, STM32C011F6P6, STM32C011F6U3, STM32C011F6U6TR, STM32C011J4M3, STM32C011J4M6, STM32C011J6M3, STM32C011J6M6, STM32C0316-DK, STM32C031C4T3, STM32C031C4T6, STM32C031C4U3, STM32C031C4U6, STM32C031C6T3, STM32C031C6T6, STM32C031C6U3, STM32C031C6U6, STM32C031F4P3, STM32C031F4P6, STM32C031F6P3, STM32C031F6P6, STM32C031G4U3, STM32C031G4U6, STM32C031G6U3, STM32C031G6U6, STM32C031K4T3, STM32C031K4T6, STM32C031K4U3, STM32C031K4U6, STM32C031K6T3, STM32C031K6T6, STM32C031K6U3, STM32C031K6U6, STM32C051C6T6, STM32C051C6U6, STM32C051C8T6, STM32C051C8U6, STM32C051D8Y6TR, STM32C051F6P6, STM32C051F8P6, STM32C051G6U6, STM32C051G8U6, STM32C051K6T6, STM32C051K6U6, STM32C051K8T6, STM32C071C8T6, STM32C071C8T6N, STM32C071C8U6, STM32C071C8U6N, STM32C071CBT6, STM32C071CBT6N, STM32C071CBU6, STM32C071CBU6N, STM32C071F8P6, STM32C071F8P6N, STM32C071FBP6, STM32C071FBP6N, STM32C071FBY6TR, STM32C071G8U6, STM32C071G8U6N, STM32C071GBU6, STM32C071GBU6N, STM32C071K8T6, STM32C071K8T6N, STM32C071K8U6, STM32C071K8U6N, STM32C071KBT6, STM32C071KBT6N, STM32C071KBU6, STM32C071KBU6N, STM32C071R8T6, STM32C071R8T6N, STM32C071RBI6N, STM32C071RBT6, STM32C071RBT6N, STM32C091CBT6, STM32C091CBU6, STM32C091CCT6, STM32C091CCU6, STM32C091ECY6TR, STM32C091FBP6, STM32C091FCP6, STM32C091GBU6, STM32C091GCU6, STM32C091KBT6, STM32C091KBU6, STM32C091KCT6, STM32C091KCU6, STM32C091RBT6, STM32C091RCI6, STM32C091RCT6, STM32C092CBT6, STM32C092CBU6, STM32C092CCT6, STM32C092CCU6, STM32C092ECY6TR, STM32C092FBP6, STM32C092FCP6, STM32C092GBU6, STM32C092GCU6, STM32C092KBT6, STM32C092KBU6, STM32C092KCT6, STM32C092KCU6, STM32C092RBT6, STM32C092RCI6, STM32C092RCT6, STM32G071K8TXN, STM32G071K8UXN, STM32G081GBU6N, STM32G081KBT6N, STM32G081KBUXN, STM32G0B1CCT6N, STM32G0B1KCT6, STM32G0B1NEY6TR, STM32G0B1RCT6N, STM32G0C1CCT6, STM32G0C1CCT6N, STM32G0C1CCU6N, STM32G0C1CET6N, STM32G0C1CEU6N, STM32G0C1KCT6, STM32G0C1NEY6TR, STM32G0C1RCI6N, STM32G0C1RCT6N, STM32G0C1REI6N, STM32G0C1RET6N, STM32G0C1VCI6, STM32G0C1VEI6, STM32G411C6T3, STM32G411C6T6, STM32G411C6U3, STM32G411C6U6, STM32G411C8T3, STM32G411C8T6, STM32G411C8U3, STM32G411C8U6, STM32G411CBT3, STM32G411CBT6, STM32G411CBU3, STM32G411CBU6, STM32G411K6T3, STM32G411K6T6, STM32G411K6U3, STM32G411K6U6, STM32G411K8T3, STM32G411K8T6, STM32G411K8U3, STM32G411K8U6, STM32G411KBT3, STM32G411KBT6, STM32G411KBU3, STM32G411KBU6, STM32G411M6T3, STM32G411M6T6, STM32G411M8T3, STM32G411M8T6, STM32G411MBT3, STM32G411MBT6, STM32G411R6T3, STM32G411R6T6, STM32G411R8T3, STM32G411R8T6, STM32G411RBT3, STM32G411RBT6, STM32G414CBT3, STM32G414CBT6, STM32G414CBU3, STM32G414CBU6, STM32G414CCT3, STM32G414CCT6, STM32G414CCU3, STM32G414CCU6, STM32G414MBT3, STM32G414MBT6, STM32G414MCT3, STM32G414MCT6, STM32G414RBT3, STM32G414RBT6, STM32G414RCT3, STM32G414RCT6, STM32G414VBT3, STM32G414VBT6, STM32G414VCT3, STM32G414VCT6, STM32G431CBT3Z, STM32G431RBT3Z, STM32G471CCT6, STM32G471CCU6, STM32G471CET3, STM32G471CET6, STM32G471CEU3, STM32G471CEU6, STM32G471MCT6, STM32G471MET3, STM32G471MET6, STM32G471MEY6TR, STM32G471QCT6, STM32G471QET3, STM32G471RCT6, STM32G471RET3, STM32G471RET6, STM32G471VCH6, STM32G471VCI6, STM32G471VCT6, STM32G471VEH3, STM32G471VEH6, STM32G471VEI3, STM32G471VEI6, STM32G471VET3, STM32G471VET6, STM32G473QET3Z, STM32G473RET3Z, STM32G474CCT6, STM32G491RET3Z, STM32H503CBT6, STM32H503CBU6, STM32H503EBY6TR, STM32H503KBU6, STM32H503RBT6, STM32H523CCT6, STM32H523CCU6, STM32H523CET6, STM32H523CEU6, STM32H523HEY6TR, STM32H523RCT6, STM32H523RET6, STM32H523VCI6, STM32H523VCT6, STM32H523VEI6, STM32H523VET6, STM32H523ZCJ6, STM32H523ZCT6, STM32H523ZEJ6, STM32H523ZET6, STM32H533CET6, STM32H533CEU6, STM32H533HEY6TR, STM32H533RET6, STM32H533VEI6, STM32H533VET6, STM32H533ZEJ6, STM32H533ZET6, STM32H562AGI6, STM32H562AII6, STM32H562IGK6, STM32H562IGT6, STM32H562IIK6, STM32H562IIT6, STM32H562RGT6, STM32H562RGV6, STM32H562RIT6, STM32H562RIV6, STM32H562VGT6, STM32H562VIT6, STM32H562ZGT6, STM32H562ZIT6, STM32H563AGI6, STM32H563AII3Q, STM32H563AII6, STM32H563IGK6, STM32H563IGT6, STM32H563IIK3Q, STM32H563IIK6, STM32H563IIT3Q, STM32H563IIT6, STM32H563MIY3QTR, STM32H563RGT6, STM32H563RGV6, STM32H563RIT6, STM32H563RIV6, STM32H563VGT6, STM32H563VIT3Q, STM32H563VIT6, STM32H563ZGT6, STM32H563ZIT3Q, STM32H563ZIT6, STM32H573AII3Q, STM32H573AII6, STM32H573I-DK, STM32H573IIK3Q, STM32H573IIK6, STM32H573IIT3Q, STM32H573IIT6, STM32H573MIY3QTR, STM32H573RIT6, STM32H573RIV6, STM32H573VIT3Q, STM32H573VIT6, STM32H573ZIT3Q, STM32H573ZIT6, STM32H7R3A8I6, STM32H7R3I8K6, STM32H7R3I8T6, STM32H7R3L8H6, STM32H7R3L8H6H, STM32H7R3R8V6, STM32H7R3V8H6, STM32H7R3V8T6, STM32H7R3V8Y6TR, STM32H7R3Z8J6, STM32H7R3Z8T6, STM32H7R7A8I6, STM32H7R7I8K6, STM32H7R7I8T6, STM32H7R7L8H6, STM32H7R7L8H6H, STM32H7R7Z8J6, STM32H7S3A8I6, STM32H7S3I8K6, STM32H7S3I8T6, STM32H7S3L8H6, STM32H7S3L8H6H, STM32H7S3R8V6, STM32H7S3V8H6, STM32H7S3V8T6, STM32H7S3V8Y6TR, STM32H7S3Z8J6, STM32H7S3Z8T6, STM32H7S78-DK, STM32H7S7A8I6, STM32H7S7I8K6, STM32H7S7I8T6, STM32H7S7L8H6, STM32H7S7L8H6H, STM32H7S7Z8J6, STM32L4R5QGI6STR, STM32MP131AAE3, STM32MP131AAF3, STM32MP131AAG3, STM32MP131CAE3, STM32MP131CAF3, STM32MP131CAG3, STM32MP131DAE7, STM32MP131DAF7, STM32MP131DAG7, STM32MP131FAE7, STM32MP131FAF7, STM32MP131FAG7, STM32MP133AAE3, STM32MP133AAF3, STM32MP133AAG3, STM32MP133CAE3, STM32MP133CAF3, STM32MP133CAG3, STM32MP133DAE7, STM32MP133DAF7, STM32MP133DAG7, STM32MP133FAE7, STM32MP133FAF7, STM32MP133FAG7, STM32MP135AAE3, STM32MP135AAF3, STM32MP135AAG3, STM32MP135CAE3, STM32MP135CAF3, STM32MP135CAG3, STM32MP135DAE7, STM32MP135DAF7, STM32MP135DAG7, STM32MP135F-DK, STM32MP135FAE7, STM32MP135FAF7, STM32MP135FAF7T, STM32MP135FAF7U, STM32MP135FAG7, STM32MP211AAL3, STM32MP211AAM3, STM32MP211AAN3, STM32MP211AAO3, STM32MP211CAL3, STM32MP211CAM3, STM32MP211CAN3, STM32MP211CAO3, STM32MP211DAL3, STM32MP211DAM3, STM32MP211DAN3, STM32MP211DAO3, STM32MP211FAL3, STM32MP211FAM3, STM32MP211FAN3, STM32MP211FAO3, STM32MP213AAL3, STM32MP213AAM3, STM32MP213AAN3, STM32MP213AAO3, STM32MP213CAL3, STM32MP213CAM3, STM32MP213CAN3, STM32MP213CAO3, STM32MP213DAL3, STM32MP213DAM3, STM32MP213DAN3, STM32MP213DAO3, STM32MP213FAL3, STM32MP213FAM3, STM32MP213FAN3, STM32MP213FAO3, STM32MP215AAL3, STM32MP215AAM3, STM32MP215AAN3, STM32MP215AAO3, STM32MP215CAL3, STM32MP215CAM3, STM32MP215CAN3, STM32MP215CAO3, STM32MP215DAL3, STM32MP215DAM3, STM32MP215DAN3, STM32MP215DAO3, STM32MP215F-DK, STM32MP215FAL3, STM32MP215FAM3, STM32MP215FAN3, STM32MP215FAO3, STM32MP231AAJ3, STM32MP231AAK3, STM32MP231AAL3, STM32MP231CAJ3, STM32MP231CAK3, STM32MP231CAL3, STM32MP231DAJ3, STM32MP231DAK3, STM32MP231DAL3, STM32MP231FAJ3, STM32MP231FAK3, STM32MP231FAL3, STM32MP233AAJ3, STM32MP233AAK3, STM32MP233AAL3, STM32MP233CAJ3, STM32MP233CAK3, STM32MP233CAL3, STM32MP233DAJ3, STM32MP233DAK3, STM32MP233DAL3, STM32MP233FAJ3, STM32MP233FAK3, STM32MP233FAL3, STM32MP235AAJ3, STM32MP235AAK3, STM32MP235AAL3, STM32MP235CAJ3, STM32MP235CAK3, STM32MP235CAL3, STM32MP235DAJ3, STM32MP235DAK3, STM32MP235DAL3, STM32MP235FAJ3, STM32MP235FAK3, STM32MP235FAL3, STM32MP251AAI3, STM32MP251AAK3, STM32MP251AAL3, STM32MP251CAI3, STM32MP251CAK3, STM32MP251CAL3, STM32MP251DAI3, STM32MP251DAK3, STM32MP251DAL3, STM32MP251FAI3, STM32MP251FAK3, STM32MP251FAL3, STM32MP253AAI3, STM32MP253AAK3, STM32MP253AAL3, STM32MP253CAI3, STM32MP253CAK3, STM32MP253CAL3, STM32MP253DAI3, STM32MP253DAK3, STM32MP253DAL3, STM32MP253FAI3, STM32MP253FAK3, STM32MP253FAL3, STM32MP255AAI3, STM32MP255AAK3, STM32MP255AAL3, STM32MP255CAI3, STM32MP255CAK3, STM32MP255CAL3, STM32MP255DAI3, STM32MP255DAK3, STM32MP255DAL3, STM32MP255FAI3, STM32MP255FAK3, STM32MP255FAL3, STM32MP257AAI3, STM32MP257AAK3, STM32MP257AAL3, STM32MP257CAI3, STM32MP257CAK3, STM32MP257CAL3, STM32MP257DAI3, STM32MP257DAK3, STM32MP257DAL3, STM32MP257F-DK, STM32MP257F-EV1, STM32MP257FAI3, STM32MP257FAK3, STM32MP257FAL3, STM32N645A0H3Q, STM32N645B0H3Q, STM32N645I0H3Q, STM32N645L0H3Q, STM32N645X0H3Q, STM32N645Z0H3Q, STM32N647A0H3Q, STM32N647B0H3Q, STM32N647I0H3Q, STM32N647L0H3Q, STM32N647X0H3Q, STM32N647Z0H3Q, STM32N655A0H3Q, STM32N655B0H3Q, STM32N655I0H3Q, STM32N655L0H3Q, STM32N655X0H3Q, STM32N655Z0H3Q, STM32N6570-DK, STM32N657A0H3Q, STM32N657B0H3Q, STM32N657I0H3Q, STM32N657L0H3Q, STM32N657X0H3Q, STM32N657Z0H3Q, STM32U031C6T6, STM32U031C6U6, STM32U031C8T6, STM32U031C8U6, STM32U031F4P6, STM32U031F6P6, STM32U031F8P6, STM32U031G6Y6TR, STM32U031G8Y6TR, STM32U031K4U6, STM32U031K6U6, STM32U031K8U6, STM32U031R6I6, STM32U031R6T6, STM32U031R8I6, STM32U031R8T6, STM32U073C8T6, STM32U073C8U6, STM32U073CBT6, STM32U073CBU6, STM32U073CCT6, STM32U073CCU6, STM32U073H8Y6TR, STM32U073HBY6TR, STM32U073HCY6TR, STM32U073K8U6, STM32U073KBU6, STM32U073KCU6, STM32U073M8I6, STM32U073M8T6, STM32U073MBI6, STM32U073MBT6, STM32U073MCI6, STM32U073MCT6, STM32U073R8I6, STM32U073R8T6, STM32U073RBI6, STM32U073RBT6, STM32U073RCI6, STM32U073RCT6, STM32U083C-DK, STM32U083CCT6, STM32U083CCU6, STM32U083HCY6TR, STM32U083KCU6, STM32U083MCI6, STM32U083MCT6, STM32U083RCI6, STM32U083RCT6, STM32U375CET6, STM32U375CET6Q, STM32U375CEU6, STM32U375CEU6Q, STM32U375CEY6QTR, STM32U375CGT6, STM32U375CGT6Q, STM32U375CGU6, STM32U375CGU6Q, STM32U375CGY6QTR, STM32U375KEU6, STM32U375KGU6, STM32U375REI6, STM32U375REI6Q, STM32U375RET6, STM32U375RET6Q, STM32U375REY6GTR, STM32U375REY6QTR, STM32U375RGI6, STM32U375RGI6Q, STM32U375RGT6, STM32U375RGT6Q, STM32U375RGY6GTR, STM32U375RGY6QTR, STM32U375VEI6, STM32U375VEI6Q, STM32U375VET6, STM32U375VET6Q, STM32U375VGI6, STM32U375VGI6Q, STM32U375VGT6, STM32U375VGT6Q, STM32U385CGT6, STM32U385CGT6Q, STM32U385CGU6, STM32U385CGU6Q, STM32U385CGY6QTR, STM32U385KGU6, STM32U385RGI6, STM32U385RGI6Q, STM32U385RGT6, STM32U385RGT6Q, STM32U385RGY6GTR, STM32U385RGY6QTR, STM32U385VGI6, STM32U385VGI6Q, STM32U385VGT6, STM32U385VGT6Q, STM32U535CBT6, STM32U535CBT6Q, STM32U535CBU6, STM32U535CBU6Q, STM32U535CCT6, STM32U535CCT6Q, STM32U535CCU6, STM32U535CCU6Q, STM32U535CET6, STM32U535CET6Q, STM32U535CEU6, STM32U535CEU6Q, STM32U535JEY6QTR, STM32U535NCY6QTR, STM32U535NEY6QTR, STM32U535RBI6, STM32U535RBI6Q, STM32U535RBT6, STM32U535RBT6Q, STM32U535RCI6, STM32U535RCI6Q, STM32U535RCT6, STM32U535RCT6Q, STM32U535REI6, STM32U535REI6Q, STM32U535RET6, STM32U535RET6Q, STM32U535VCI6, STM32U535VCI6Q, STM32U535VCT6, STM32U535VCT6Q, STM32U535VEI6, STM32U535VEI6Q, STM32U535VET6, STM32U535VET6Q, STM32U545CET6, STM32U545CET6Q, STM32U545CEU6, STM32U545CEU6Q, STM32U545JEY6QTR, STM32U545NEY6QTR, STM32U545REI6, STM32U545REI6Q, STM32U545RET6, STM32U545RET6Q, STM32U545VEI6, STM32U545VEI6Q, STM32U545VET6, STM32U545VET6Q, STM32U595AIH6, STM32U595AIH6Q, STM32U595AJH6, STM32U595AJH6Q, STM32U595QII6, STM32U595QII6Q, STM32U595QJI6, STM32U595QJI6Q, STM32U595RIT6, STM32U595RIT6Q, STM32U595RJT6, STM32U595RJT6Q, STM32U595VIT6, STM32U595VIT6Q, STM32U595VJT6, STM32U595VJT6Q, STM32U595ZIT6, STM32U595ZIT6Q, STM32U595ZIY6QTR, STM32U595ZJT6, STM32U595ZJT6Q, STM32U595ZJY6QTR, STM32U599BJY6QTR, STM32U599NIH6Q, STM32U599NJH6Q, STM32U599VIT6Q, STM32U599VJT6, STM32U599VJT6Q, STM32U599ZIT6Q, STM32U599ZIY6QTR, STM32U599ZJT6Q, STM32U599ZJY6QTR, STM32U5A5AJH6, STM32U5A5AJH6Q, STM32U5A5QII3Q , STM32U5A5QJI6, STM32U5A5QJI6Q, STM32U5A5RJT6, STM32U5A5RJT6Q, STM32U5A5VJT6, STM32U5A5VJT6Q, STM32U5A5ZJT6, STM32U5A5ZJT6Q, STM32U5A5ZJY6QTR, STM32U5A9BJY6QTR, STM32U5A9J-DK, STM32U5A9NJH6Q, STM32U5A9VJT6Q, STM32U5A9ZJT6Q, STM32U5A9ZJY6QTR, STM32U5F7VIT6, STM32U5F7VIT6Q, STM32U5F7VJT6, STM32U5F7VJT6Q, STM32U5F9BJY6QTR, STM32U5F9NJH6Q, STM32U5F9VIT6Q, STM32U5F9VJT6Q, STM32U5F9ZIJ6QTR, STM32U5F9ZIT6Q, STM32U5F9ZJJ6QTR, STM32U5F9ZJT6Q, STM32U5G7VJT6, STM32U5G7VJT6Q, STM32U5G9BJY6QTR, STM32U5G9J-DK1, STM32U5G9J-DK2, STM32U5G9NJH6Q, STM32U5G9VJT6Q, STM32U5G9ZJJ6QTR, STM32U5G9ZJT6Q, STM32WB05KZV6TR, STM32WB05KZV7TR, STM32WB05TZF6TR, STM32WB05TZF7TR, STM32WB06CCF6TR, STM32WB06CCF7TR, STM32WB06CCV6TR, STM32WB06CCV7TR, STM32WB06KCV6TR, STM32WB06KCV7TR, STM32WB07CCF6TR, STM32WB07CCF7TR, STM32WB07CCV6TR, STM32WB07CCV7TR, STM32WB07KCV6TR, STM32WB07KCV7TR, STM32WB09KEV6TR, STM32WB09KEV7TR, STM32WB09TEF6TR, STM32WB09TEF7TR, STM32WB1MMCH6, STM32WBA50KGU6, STM32WBA50KGU6TR, STM32WBA52CEU6, STM32WBA52CEU6TR, STM32WBA52CEU7, STM32WBA52CEU7TR, STM32WBA52CGU6, STM32WBA52CGU6TR, STM32WBA52CGU6U, STM32WBA52CGU7, STM32WBA52CGU7TR, STM32WBA52KEU6, STM32WBA52KEU6TR, STM32WBA52KGU6, STM32WBA52KGU6TR, STM32WBA54CEU6, STM32WBA54CEU6TR, STM32WBA54CEU7, STM32WBA54CEU7TR, STM32WBA54CGU6, STM32WBA54CGU6TR, STM32WBA54CGU7, STM32WBA54CGU7TR, STM32WBA54KEU6, STM32WBA54KEU6TR, STM32WBA54KEU7, STM32WBA54KEU7TR, STM32WBA54KGU6, STM32WBA54KGU6TR, STM32WBA54KGU7, STM32WBA54KGU7TR, STM32WBA55CEU6, STM32WBA55CEU6TR, STM32WBA55CEU7, STM32WBA55CEU7TR, STM32WBA55CGU6, STM32WBA55CGU6TR, STM32WBA55CGU6U, STM32WBA55CGU7, STM32WBA55CGU7TR, STM32WBA55G-DK1, STM32WBA55HEF6, STM32WBA55HEF7, STM32WBA55HGF6, STM32WBA55HGF7, STM32WBA55UEI6, STM32WBA55UEI6TR, STM32WBA55UEI7, STM32WBA55UEI7TR, STM32WBA55UGI6, STM32WBA55UGI6TR, STM32WBA55UGI7, STM32WBA55UGI7TR, STM32WBA5MMGH6TR, STM32WBA62MGF6, STM32WBA62MIF6, STM32WBA65MGF7, STM32WBA65MIF6, STM32WBA65MIF7, STM32WL30K8V6, STM32WL30KBV6, STM32WL31C8V6, STM32WL31CBV6, STM32WL31K8V6, STM32WL31KBV6, STM32WL33C8V6, STM32WL33C8V6X, STM32WL33CBV6, STM32WL33CBV6X, STM32WL33CCV6, STM32WL33CCV6A, STM32WL33CCV6X, STM32WL33K8V7, STM32WL33K8V7X, STM32WL33KBV7 , STM32WL33KBV7X, STM32WL33KCV7, STM32WL33KCV7X, STM32WL5MOCH6, STM32WL5MOCH6TR]
2025-12-10 23:09:28,134 [INFO] DbMcus:218 - Found 4876 MCUs, 4876 are supported
2025-12-10 23:09:28,135 [INFO] ApiDb:423 - Load user favorites file C:\Users\user/.stm32cubeide/favorites.mcus.txt: 0 item(s)
2025-12-10 23:09:28,135 [INFO] ApiDb:427 - User favorites MCUs=[]
2025-12-10 23:09:28,135 [INFO] DbMcus:224 - Set 0 / 0 favorites MCUs
2025-12-10 23:09:28,528 [INFO] ApiDb:668 - CubeFinder database Data Model version=2.1
2025-12-10 23:09:28,528 [INFO] ApiDb:669 - CubeFinder database Configuration version=3.0.39
2025-12-10 23:09:28,528 [INFO] ApiDb:670 - CubeFinder database generation date=2025-11-05 (1762334721)
2025-12-10 23:09:28,528 [INFO] ApiDb:671 - CubeFinder database FW Pack versions=[FP-ATR-ASTRA1_V2.0.0, FP-SNS-FLIGHT1_V5.1.0, FP-SNS-MOTENV1_V5.1.0, FP-SNS-MOTENVWB1_V1.4.0, FP-SNS-SMARTAG2_V1.2.0, FP-SNS-STBOX1_V2.1.0, STM32Cube_FW_C0_V1.4.0, STM32Cube_FW_F4_V1.28.3, STM32Cube_FW_F7_V1.17.4, STM32Cube_FW_G0_V1.6.2, STM32Cube_FW_G4_V1.6.1, STM32Cube_FW_H5_V1.5.1, STM32Cube_FW_H7RS_V1.3.0, STM32Cube_FW_H7_V1.12.1, STM32Cube_FW_L0_V1.12.2, STM32Cube_FW_L4_V1.18.1, STM32Cube_FW_L5_V1.6.0, STM32Cube_FW_N6_V1.3.0, STM32Cube_FW_U0_V1.3.0, STM32Cube_FW_U3_V1.2.1, STM32Cube_FW_U5_V1.8.0, STM32Cube_FW_WB0_V1.4.0, STM32Cube_FW_WBA_V1.8.0, STM32Cube_FW_WB_V1.24.0, STM32Cube_FW_WL3_V1.3.0, STM32Cube_FW_WL_V1.4.0, X-CUBE-ALGOBUILD_V1.4.0, X-CUBE-ALS_V1.0.2, X-CUBE-AZRTOS-F4_V1.1.0, X-CUBE-AZRTOS-F7_V1.1.0, X-CUBE-AZRTOS-G0_V1.1.0, X-CUBE-AZRTOS-G4_V2.0.0, X-CUBE-AZRTOS-H7RS_V1.1.0, X-CUBE-AZRTOS-H7_V3.4.0, X-CUBE-AZRTOS-L4_V2.0.0, X-CUBE-AZRTOS-L5_V2.0.0, X-CUBE-AZRTOS-WB_V2.0.0, X-CUBE-AZRTOS-WL_V2.0.0, X-CUBE-BLE1_V7.1.0, X-CUBE-BLE2_V3.3.0, X-CUBE-BLEMGR_V4.1.0, X-CUBE-EEPRMA1_V5.2.0, X-CUBE-FREERTOS_V1.3.1, X-CUBE-GNSS1_V6.0.0, X-CUBE-MEMS1_V11.3.0, X-CUBE-NFC4_V3.0.0, X-CUBE-NFC7_V2.0.0, X-CUBE-SFXS2LP1_V4.0.0, X-CUBE-ST67W61_V1.1.0, X-CUBE-SUBG2_V5.0.0, X-CUBE-TOF1_V3.4.3]
2025-12-10 23:09:28,568 [INFO] DbBoardsSqlite:226 - include board P-NUCLEO-WB55-NUCLEO as a kit item of type 'Nucleo-64'
2025-12-10 23:09:28,568 [INFO] DbBoardsSqlite:226 - include board P-NUCLEO-WB55-USBDONGLE as a kit item of type 'Nucleo USB Dongle'
2025-12-10 23:09:28,569 [INFO] DbBoardsSqlite:226 - include board STEVAL-IDP005V1 as a kit item of type 'Evaluation Board'
2025-12-10 23:09:28,569 [INFO] DbBoardsSqlite:226 - include board STEVAL-IDP005V2 as a kit item of type 'Evaluation Board'
2025-12-10 23:09:28,622 [INFO] ApiDb:240 - Found 880 in-development CPN: [B-G473E-ZEST1S, B-WB1M-WPAN1, B-WBA5M-WPAN, B-WL5M-SUBG1, NUCLEO-C031C6, NUCLEO-C051C8, NUCLEO-C071RB, NUCLEO-C092RC, NUCLEO-H503RB, NUCLEO-H533RE, NUCLEO-H563ZI, NUCLEO-H7S3L8, NUCLEO-N657X0-Q, NUCLEO-U031R8, NUCLEO-U083RC, NUCLEO-U385RG-Q, NUCLEO-U545RE-Q, NUCLEO-U5A5ZJ-Q, NUCLEO-WB05KZ, NUCLEO-WB07CC, NUCLEO-WB09KE, NUCLEO-WBA52CG, NUCLEO-WBA55CG, NUCLEO-WL33CC1, NUCLEO-WL33CC2, STEVAL-PROTEUS1, STEVAL-SMARTAG2, STEVAL-STWINBX1, STM320518-EVAL, STM32C0116-DK, STM32C011D6Y3TR, STM32C011D6Y6TR, STM32C011F4P3, STM32C011F4P6, STM32C011F4U3, STM32C011F4U6TR, STM32C011F6P3, STM32C011F6P6, STM32C011F6U3, STM32C011F6U6TR, STM32C011J4M3, STM32C011J4M6, STM32C011J6M3, STM32C011J6M6, STM32C0316-DK, STM32C031C4T3, STM32C031C4T6, STM32C031C4U3, STM32C031C4U6, STM32C031C6T3, STM32C031C6T6, STM32C031C6U3, STM32C031C6U6, STM32C031F4P3, STM32C031F4P6, STM32C031F6P3, STM32C031F6P6, STM32C031G4U3, STM32C031G4U6, STM32C031G6U3, STM32C031G6U6, STM32C031K4T3, STM32C031K4T6, STM32C031K4U3, STM32C031K4U6, STM32C031K6T3, STM32C031K6T6, STM32C031K6U3, STM32C031K6U6, STM32C051C6T6, STM32C051C6U6, STM32C051C8T6, STM32C051C8U6, STM32C051D8Y6TR, STM32C051F6P6, STM32C051F8P6, STM32C051G6U6, STM32C051G8U6, STM32C051K6T6, STM32C051K6U6, STM32C051K8T6, STM32C071C8T6, STM32C071C8T6N, STM32C071C8U6, STM32C071C8U6N, STM32C071CBT6, STM32C071CBT6N, STM32C071CBU6, STM32C071CBU6N, STM32C071F8P6, STM32C071F8P6N, STM32C071FBP6, STM32C071FBP6N, STM32C071FBY6TR, STM32C071G8U6, STM32C071G8U6N, STM32C071GBU6, STM32C071GBU6N, STM32C071K8T6, STM32C071K8T6N, STM32C071K8U6, STM32C071K8U6N, STM32C071KBT6, STM32C071KBT6N, STM32C071KBU6, STM32C071KBU6N, STM32C071R8T6, STM32C071R8T6N, STM32C071RBI6N, STM32C071RBT6, STM32C071RBT6N, STM32C091CBT6, STM32C091CBU6, STM32C091CCT6, STM32C091CCU6, STM32C091ECY6TR, STM32C091FBP6, STM32C091FCP6, STM32C091GBU6, STM32C091GCU6, STM32C091KBT6, STM32C091KBU6, STM32C091KCT6, STM32C091KCU6, STM32C091RBT6, STM32C091RCI6, STM32C091RCT6, STM32C092CBT6, STM32C092CBU6, STM32C092CCT6, STM32C092CCU6, STM32C092ECY6TR, STM32C092FBP6, STM32C092FCP6, STM32C092GBU6, STM32C092GCU6, STM32C092KBT6, STM32C092KBU6, STM32C092KCT6, STM32C092KCU6, STM32C092RBT6, STM32C092RCI6, STM32C092RCT6, STM32G071K8TXN, STM32G071K8UXN, STM32G081GBU6N, STM32G081KBT6N, STM32G081KBUXN, STM32G0B1CCT6N, STM32G0B1KCT6, STM32G0B1NEY6TR, STM32G0B1RCT6N, STM32G0C1CCT6, STM32G0C1CCT6N, STM32G0C1CCU6N, STM32G0C1CET6N, STM32G0C1CEU6N, STM32G0C1KCT6, STM32G0C1NEY6TR, STM32G0C1RCI6N, STM32G0C1RCT6N, STM32G0C1REI6N, STM32G0C1RET6N, STM32G0C1VCI6, STM32G0C1VEI6, STM32G411C6T3, STM32G411C6T6, STM32G411C6U3, STM32G411C6U6, STM32G411C8T3, STM32G411C8T6, STM32G411C8U3, STM32G411C8U6, STM32G411CBT3, STM32G411CBT6, STM32G411CBU3, STM32G411CBU6, STM32G411K6T3, STM32G411K6T6, STM32G411K6U3, STM32G411K6U6, STM32G411K8T3, STM32G411K8T6, STM32G411K8U3, STM32G411K8U6, STM32G411KBT3, STM32G411KBT6, STM32G411KBU3, STM32G411KBU6, STM32G411M6T3, STM32G411M6T6, STM32G411M8T3, STM32G411M8T6, STM32G411MBT3, STM32G411MBT6, STM32G411R6T3, STM32G411R6T6, STM32G411R8T3, STM32G411R8T6, STM32G411RBT3, STM32G411RBT6, STM32G414CBT3, STM32G414CBT6, STM32G414CBU3, STM32G414CBU6, STM32G414CCT3, STM32G414CCT6, STM32G414CCU3, STM32G414CCU6, STM32G414MBT3, STM32G414MBT6, STM32G414MCT3, STM32G414MCT6, STM32G414RBT3, STM32G414RBT6, STM32G414RCT3, STM32G414RCT6, STM32G414VBT3, STM32G414VBT6, STM32G414VCT3, STM32G414VCT6, STM32G431CBT3Z, STM32G431RBT3Z, STM32G471CCT6, STM32G471CCU6, STM32G471CET3, STM32G471CET6, STM32G471CEU3, STM32G471CEU6, STM32G471MCT6, STM32G471MET3, STM32G471MET6, STM32G471MEY6TR, STM32G471QCT6, STM32G471QET3, STM32G471RCT6, STM32G471RET3, STM32G471RET6, STM32G471VCH6, STM32G471VCI6, STM32G471VCT6, STM32G471VEH3, STM32G471VEH6, STM32G471VEI3, STM32G471VEI6, STM32G471VET3, STM32G471VET6, STM32G473QET3Z, STM32G473RET3Z, STM32G474CCT6, STM32G491RET3Z, STM32H503CBT6, STM32H503CBU6, STM32H503EBY6TR, STM32H503KBU6, STM32H503RBT6, STM32H523CCT6, STM32H523CCU6, STM32H523CET6, STM32H523CEU6, STM32H523HEY6TR, STM32H523RCT6, STM32H523RET6, STM32H523VCI6, STM32H523VCT6, STM32H523VEI6, STM32H523VET6, STM32H523ZCJ6, STM32H523ZCT6, STM32H523ZEJ6, STM32H523ZET6, STM32H533CET6, STM32H533CEU6, STM32H533HEY6TR, STM32H533RET6, STM32H533VEI6, STM32H533VET6, STM32H533ZEJ6, STM32H533ZET6, STM32H562AGI6, STM32H562AII6, STM32H562IGK6, STM32H562IGT6, STM32H562IIK6, STM32H562IIT6, STM32H562RGT6, STM32H562RGV6, STM32H562RIT6, STM32H562RIV6, STM32H562VGT6, STM32H562VIT6, STM32H562ZGT6, STM32H562ZIT6, STM32H563AGI6, STM32H563AII3Q, STM32H563AII6, STM32H563IGK6, STM32H563IGT6, STM32H563IIK3Q, STM32H563IIK6, STM32H563IIT3Q, STM32H563IIT6, STM32H563MIY3QTR, STM32H563RGT6, STM32H563RGV6, STM32H563RIT6, STM32H563RIV6, STM32H563VGT6, STM32H563VIT3Q, STM32H563VIT6, STM32H563ZGT6, STM32H563ZIT3Q, STM32H563ZIT6, STM32H573AII3Q, STM32H573AII6, STM32H573I-DK, STM32H573IIK3Q, STM32H573IIK6, STM32H573IIT3Q, STM32H573IIT6, STM32H573MIY3QTR, STM32H573RIT6, STM32H573RIV6, STM32H573VIT3Q, STM32H573VIT6, STM32H573ZIT3Q, STM32H573ZIT6, STM32H7R3A8I6, STM32H7R3I8K6, STM32H7R3I8T6, STM32H7R3L8H6, STM32H7R3L8H6H, STM32H7R3R8V6, STM32H7R3V8H6, STM32H7R3V8T6, STM32H7R3V8Y6TR, STM32H7R3Z8J6, STM32H7R3Z8T6, STM32H7R7A8I6, STM32H7R7I8K6, STM32H7R7I8T6, STM32H7R7L8H6, STM32H7R7L8H6H, STM32H7R7Z8J6, STM32H7S3A8I6, STM32H7S3I8K6, STM32H7S3I8T6, STM32H7S3L8H6, STM32H7S3L8H6H, STM32H7S3R8V6, STM32H7S3V8H6, STM32H7S3V8T6, STM32H7S3V8Y6TR, STM32H7S3Z8J6, STM32H7S3Z8T6, STM32H7S78-DK, STM32H7S7A8I6, STM32H7S7I8K6, STM32H7S7I8T6, STM32H7S7L8H6, STM32H7S7L8H6H, STM32H7S7Z8J6, STM32L4R5QGI6STR, STM32MP131AAE3, STM32MP131AAF3, STM32MP131AAG3, STM32MP131CAE3, STM32MP131CAF3, STM32MP131CAG3, STM32MP131DAE7, STM32MP131DAF7, STM32MP131DAG7, STM32MP131FAE7, STM32MP131FAF7, STM32MP131FAG7, STM32MP133AAE3, STM32MP133AAF3, STM32MP133AAG3, STM32MP133CAE3, STM32MP133CAF3, STM32MP133CAG3, STM32MP133DAE7, STM32MP133DAF7, STM32MP133DAG7, STM32MP133FAE7, STM32MP133FAF7, STM32MP133FAG7, STM32MP135AAE3, STM32MP135AAF3, STM32MP135AAG3, STM32MP135CAE3, STM32MP135CAF3, STM32MP135CAG3, STM32MP135DAE7, STM32MP135DAF7, STM32MP135DAG7, STM32MP135F-DK, STM32MP135FAE7, STM32MP135FAF7, STM32MP135FAF7T, STM32MP135FAF7U, STM32MP135FAG7, STM32MP211AAL3, STM32MP211AAM3, STM32MP211AAN3, STM32MP211AAO3, STM32MP211CAL3, STM32MP211CAM3, STM32MP211CAN3, STM32MP211CAO3, STM32MP211DAL3, STM32MP211DAM3, STM32MP211DAN3, STM32MP211DAO3, STM32MP211FAL3, STM32MP211FAM3, STM32MP211FAN3, STM32MP211FAO3, STM32MP213AAL3, STM32MP213AAM3, STM32MP213AAN3, STM32MP213AAO3, STM32MP213CAL3, STM32MP213CAM3, STM32MP213CAN3, STM32MP213CAO3, STM32MP213DAL3, STM32MP213DAM3, STM32MP213DAN3, STM32MP213DAO3, STM32MP213FAL3, STM32MP213FAM3, STM32MP213FAN3, STM32MP213FAO3, STM32MP215AAL3, STM32MP215AAM3, STM32MP215AAN3, STM32MP215AAO3, STM32MP215CAL3, STM32MP215CAM3, STM32MP215CAN3, STM32MP215CAO3, STM32MP215DAL3, STM32MP215DAM3, STM32MP215DAN3, STM32MP215DAO3, STM32MP215F-DK, STM32MP215FAL3, STM32MP215FAM3, STM32MP215FAN3, STM32MP215FAO3, STM32MP231AAJ3, STM32MP231AAK3, STM32MP231AAL3, STM32MP231CAJ3, STM32MP231CAK3, STM32MP231CAL3, STM32MP231DAJ3, STM32MP231DAK3, STM32MP231DAL3, STM32MP231FAJ3, STM32MP231FAK3, STM32MP231FAL3, STM32MP233AAJ3, STM32MP233AAK3, STM32MP233AAL3, STM32MP233CAJ3, STM32MP233CAK3, STM32MP233CAL3, STM32MP233DAJ3, STM32MP233DAK3, STM32MP233DAL3, STM32MP233FAJ3, STM32MP233FAK3, STM32MP233FAL3, STM32MP235AAJ3, STM32MP235AAK3, STM32MP235AAL3, STM32MP235CAJ3, STM32MP235CAK3, STM32MP235CAL3, STM32MP235DAJ3, STM32MP235DAK3, STM32MP235DAL3, STM32MP235FAJ3, STM32MP235FAK3, STM32MP235FAL3, STM32MP251AAI3, STM32MP251AAK3, STM32MP251AAL3, STM32MP251CAI3, STM32MP251CAK3, STM32MP251CAL3, STM32MP251DAI3, STM32MP251DAK3, STM32MP251DAL3, STM32MP251FAI3, STM32MP251FAK3, STM32MP251FAL3, STM32MP253AAI3, STM32MP253AAK3, STM32MP253AAL3, STM32MP253CAI3, STM32MP253CAK3, STM32MP253CAL3, STM32MP253DAI3, STM32MP253DAK3, STM32MP253DAL3, STM32MP253FAI3, STM32MP253FAK3, STM32MP253FAL3, STM32MP255AAI3, STM32MP255AAK3, STM32MP255AAL3, STM32MP255CAI3, STM32MP255CAK3, STM32MP255CAL3, STM32MP255DAI3, STM32MP255DAK3, STM32MP255DAL3, STM32MP255FAI3, STM32MP255FAK3, STM32MP255FAL3, STM32MP257AAI3, STM32MP257AAK3, STM32MP257AAL3, STM32MP257CAI3, STM32MP257CAK3, STM32MP257CAL3, STM32MP257DAI3, STM32MP257DAK3, STM32MP257DAL3, STM32MP257F-DK, STM32MP257F-EV1, STM32MP257FAI3, STM32MP257FAK3, STM32MP257FAL3, STM32N645A0H3Q, STM32N645B0H3Q, STM32N645I0H3Q, STM32N645L0H3Q, STM32N645X0H3Q, STM32N645Z0H3Q, STM32N647A0H3Q, STM32N647B0H3Q, STM32N647I0H3Q, STM32N647L0H3Q, STM32N647X0H3Q, STM32N647Z0H3Q, STM32N655A0H3Q, STM32N655B0H3Q, STM32N655I0H3Q, STM32N655L0H3Q, STM32N655X0H3Q, STM32N655Z0H3Q, STM32N6570-DK, STM32N657A0H3Q, STM32N657B0H3Q, STM32N657I0H3Q, STM32N657L0H3Q, STM32N657X0H3Q, STM32N657Z0H3Q, STM32U031C6T6, STM32U031C6U6, STM32U031C8T6, STM32U031C8U6, STM32U031F4P6, STM32U031F6P6, STM32U031F8P6, STM32U031G6Y6TR, STM32U031G8Y6TR, STM32U031K4U6, STM32U031K6U6, STM32U031K8U6, STM32U031R6I6, STM32U031R6T6, STM32U031R8I6, STM32U031R8T6, STM32U073C8T6, STM32U073C8U6, STM32U073CBT6, STM32U073CBU6, STM32U073CCT6, STM32U073CCU6, STM32U073H8Y6TR, STM32U073HBY6TR, STM32U073HCY6TR, STM32U073K8U6, STM32U073KBU6, STM32U073KCU6, STM32U073M8I6, STM32U073M8T6, STM32U073MBI6, STM32U073MBT6, STM32U073MCI6, STM32U073MCT6, STM32U073R8I6, STM32U073R8T6, STM32U073RBI6, STM32U073RBT6, STM32U073RCI6, STM32U073RCT6, STM32U083C-DK, STM32U083CCT6, STM32U083CCU6, STM32U083HCY6TR, STM32U083KCU6, STM32U083MCI6, STM32U083MCT6, STM32U083RCI6, STM32U083RCT6, STM32U375CET6, STM32U375CET6Q, STM32U375CEU6, STM32U375CEU6Q, STM32U375CEY6QTR, STM32U375CGT6, STM32U375CGT6Q, STM32U375CGU6, STM32U375CGU6Q, STM32U375CGY6QTR, STM32U375KEU6, STM32U375KGU6, STM32U375REI6, STM32U375REI6Q, STM32U375RET6, STM32U375RET6Q, STM32U375REY6GTR, STM32U375REY6QTR, STM32U375RGI6, STM32U375RGI6Q, STM32U375RGT6, STM32U375RGT6Q, STM32U375RGY6GTR, STM32U375RGY6QTR, STM32U375VEI6, STM32U375VEI6Q, STM32U375VET6, STM32U375VET6Q, STM32U375VGI6, STM32U375VGI6Q, STM32U375VGT6, STM32U375VGT6Q, STM32U385CGT6, STM32U385CGT6Q, STM32U385CGU6, STM32U385CGU6Q, STM32U385CGY6QTR, STM32U385KGU6, STM32U385RGI6, STM32U385RGI6Q, STM32U385RGT6, STM32U385RGT6Q, STM32U385RGY6GTR, STM32U385RGY6QTR, STM32U385VGI6, STM32U385VGI6Q, STM32U385VGT6, STM32U385VGT6Q, STM32U535CBT6, STM32U535CBT6Q, STM32U535CBU6, STM32U535CBU6Q, STM32U535CCT6, STM32U535CCT6Q, STM32U535CCU6, STM32U535CCU6Q, STM32U535CET6, STM32U535CET6Q, STM32U535CEU6, STM32U535CEU6Q, STM32U535JEY6QTR, STM32U535NCY6QTR, STM32U535NEY6QTR, STM32U535RBI6, STM32U535RBI6Q, STM32U535RBT6, STM32U535RBT6Q, STM32U535RCI6, STM32U535RCI6Q, STM32U535RCT6, STM32U535RCT6Q, STM32U535REI6, STM32U535REI6Q, STM32U535RET6, STM32U535RET6Q, STM32U535VCI6, STM32U535VCI6Q, STM32U535VCT6, STM32U535VCT6Q, STM32U535VEI6, STM32U535VEI6Q, STM32U535VET6, STM32U535VET6Q, STM32U545CET6, STM32U545CET6Q, STM32U545CEU6, STM32U545CEU6Q, STM32U545JEY6QTR, STM32U545NEY6QTR, STM32U545REI6, STM32U545REI6Q, STM32U545RET6, STM32U545RET6Q, STM32U545VEI6, STM32U545VEI6Q, STM32U545VET6, STM32U545VET6Q, STM32U595AIH6, STM32U595AIH6Q, STM32U595AJH6, STM32U595AJH6Q, STM32U595QII6, STM32U595QII6Q, STM32U595QJI6, STM32U595QJI6Q, STM32U595RIT6, STM32U595RIT6Q, STM32U595RJT6, STM32U595RJT6Q, STM32U595VIT6, STM32U595VIT6Q, STM32U595VJT6, STM32U595VJT6Q, STM32U595ZIT6, STM32U595ZIT6Q, STM32U595ZIY6QTR, STM32U595ZJT6, STM32U595ZJT6Q, STM32U595ZJY6QTR, STM32U599BJY6QTR, STM32U599NIH6Q, STM32U599NJH6Q, STM32U599VIT6Q, STM32U599VJT6, STM32U599VJT6Q, STM32U599ZIT6Q, STM32U599ZIY6QTR, STM32U599ZJT6Q, STM32U599ZJY6QTR, STM32U5A5AJH6, STM32U5A5AJH6Q, STM32U5A5QII3Q , STM32U5A5QJI6, STM32U5A5QJI6Q, STM32U5A5RJT6, STM32U5A5RJT6Q, STM32U5A5VJT6, STM32U5A5VJT6Q, STM32U5A5ZJT6, STM32U5A5ZJT6Q, STM32U5A5ZJY6QTR, STM32U5A9BJY6QTR, STM32U5A9J-DK, STM32U5A9NJH6Q, STM32U5A9VJT6Q, STM32U5A9ZJT6Q, STM32U5A9ZJY6QTR, STM32U5F7VIT6, STM32U5F7VIT6Q, STM32U5F7VJT6, STM32U5F7VJT6Q, STM32U5F9BJY6QTR, STM32U5F9NJH6Q, STM32U5F9VIT6Q, STM32U5F9VJT6Q, STM32U5F9ZIJ6QTR, STM32U5F9ZIT6Q, STM32U5F9ZJJ6QTR, STM32U5F9ZJT6Q, STM32U5G7VJT6, STM32U5G7VJT6Q, STM32U5G9BJY6QTR, STM32U5G9J-DK1, STM32U5G9J-DK2, STM32U5G9NJH6Q, STM32U5G9VJT6Q, STM32U5G9ZJJ6QTR, STM32U5G9ZJT6Q, STM32WB05KZV6TR, STM32WB05KZV7TR, STM32WB05TZF6TR, STM32WB05TZF7TR, STM32WB06CCF6TR, STM32WB06CCF7TR, STM32WB06CCV6TR, STM32WB06CCV7TR, STM32WB06KCV6TR, STM32WB06KCV7TR, STM32WB07CCF6TR, STM32WB07CCF7TR, STM32WB07CCV6TR, STM32WB07CCV7TR, STM32WB07KCV6TR, STM32WB07KCV7TR, STM32WB09KEV6TR, STM32WB09KEV7TR, STM32WB09TEF6TR, STM32WB09TEF7TR, STM32WB1MMCH6, STM32WBA50KGU6, STM32WBA50KGU6TR, STM32WBA52CEU6, STM32WBA52CEU6TR, STM32WBA52CEU7, STM32WBA52CEU7TR, STM32WBA52CGU6, STM32WBA52CGU6TR, STM32WBA52CGU6U, STM32WBA52CGU7, STM32WBA52CGU7TR, STM32WBA52KEU6, STM32WBA52KEU6TR, STM32WBA52KGU6, STM32WBA52KGU6TR, STM32WBA54CEU6, STM32WBA54CEU6TR, STM32WBA54CEU7, STM32WBA54CEU7TR, STM32WBA54CGU6, STM32WBA54CGU6TR, STM32WBA54CGU7, STM32WBA54CGU7TR, STM32WBA54KEU6, STM32WBA54KEU6TR, STM32WBA54KEU7, STM32WBA54KEU7TR, STM32WBA54KGU6, STM32WBA54KGU6TR, STM32WBA54KGU7, STM32WBA54KGU7TR, STM32WBA55CEU6, STM32WBA55CEU6TR, STM32WBA55CEU7, STM32WBA55CEU7TR, STM32WBA55CGU6, STM32WBA55CGU6TR, STM32WBA55CGU6U, STM32WBA55CGU7, STM32WBA55CGU7TR, STM32WBA55G-DK1, STM32WBA55HEF6, STM32WBA55HEF7, STM32WBA55HGF6, STM32WBA55HGF7, STM32WBA55UEI6, STM32WBA55UEI6TR, STM32WBA55UEI7, STM32WBA55UEI7TR, STM32WBA55UGI6, STM32WBA55UGI6TR, STM32WBA55UGI7, STM32WBA55UGI7TR, STM32WBA5MMGH6TR, STM32WBA62MGF6, STM32WBA62MIF6, STM32WBA65MGF7, STM32WBA65MIF6, STM32WBA65MIF7, STM32WL30K8V6, STM32WL30KBV6, STM32WL31C8V6, STM32WL31CBV6, STM32WL31K8V6, STM32WL31KBV6, STM32WL33C8V6, STM32WL33C8V6X, STM32WL33CBV6, STM32WL33CBV6X, STM32WL33CCV6, STM32WL33CCV6A, STM32WL33CCV6X, STM32WL33K8V7, STM32WL33K8V7X, STM32WL33KBV7 , STM32WL33KBV7X, STM32WL33KCV7, STM32WL33KCV7X, STM32WL5MOCH6, STM32WL5MOCH6TR]
2025-12-10 23:09:28,846 [INFO] BoardInfo:889 - No configuration file found for board P-NUCLEO-WB55
2025-12-10 23:09:28,847 [INFO] DbBoards:161 - Kit is not supported: P-NUCLEO-WB55
2025-12-10 23:09:28,854 [INFO] BoardInfo:889 - No configuration file found for board STEVAL-BFA001V1B
2025-12-10 23:09:28,855 [INFO] DbBoards:161 - Kit is not supported: STEVAL-BFA001V1B
2025-12-10 23:09:28,856 [INFO] BoardInfo:889 - No configuration file found for board STEVAL-BFA001V2B
2025-12-10 23:09:28,857 [INFO] DbBoards:161 - Kit is not supported: STEVAL-BFA001V2B
2025-12-10 23:09:29,075 [INFO] DbBoards:168 - Found 212 boards, 209 are supported
2025-12-10 23:09:29,076 [INFO] DbBoards:169 - Found 212 boards, 43 of them is supported for  Bsp
2025-12-10 23:09:29,077 [INFO] ApiDb:423 - Load user favorites file C:\Users\user/.stm32cubeide/favorites.boards.txt: 1 item(s)
2025-12-10 23:09:29,077 [INFO] ApiDb:427 - User favorites Boards=[NUCLEO-L476RG]
2025-12-10 23:09:29,077 [INFO] DbBoards:198 - Set 1 / 1 favorites Boards
2025-12-10 23:09:29,081 [INFO] ApiDb:668 - CubeFinder database Data Model version=2.1
2025-12-10 23:09:29,081 [INFO] ApiDb:669 - CubeFinder database Configuration version=3.0.39
2025-12-10 23:09:29,082 [INFO] ApiDb:670 - CubeFinder database generation date=2025-11-05 (1762334721)
2025-12-10 23:09:29,082 [INFO] ApiDb:671 - CubeFinder database FW Pack versions=[FP-ATR-ASTRA1_V2.0.0, FP-SNS-FLIGHT1_V5.1.0, FP-SNS-MOTENV1_V5.1.0, FP-SNS-MOTENVWB1_V1.4.0, FP-SNS-SMARTAG2_V1.2.0, FP-SNS-STBOX1_V2.1.0, STM32Cube_FW_C0_V1.4.0, STM32Cube_FW_F4_V1.28.3, STM32Cube_FW_F7_V1.17.4, STM32Cube_FW_G0_V1.6.2, STM32Cube_FW_G4_V1.6.1, STM32Cube_FW_H5_V1.5.1, STM32Cube_FW_H7RS_V1.3.0, STM32Cube_FW_H7_V1.12.1, STM32Cube_FW_L0_V1.12.2, STM32Cube_FW_L4_V1.18.1, STM32Cube_FW_L5_V1.6.0, STM32Cube_FW_N6_V1.3.0, STM32Cube_FW_U0_V1.3.0, STM32Cube_FW_U3_V1.2.1, STM32Cube_FW_U5_V1.8.0, STM32Cube_FW_WB0_V1.4.0, STM32Cube_FW_WBA_V1.8.0, STM32Cube_FW_WB_V1.24.0, STM32Cube_FW_WL3_V1.3.0, STM32Cube_FW_WL_V1.4.0, X-CUBE-ALGOBUILD_V1.4.0, X-CUBE-ALS_V1.0.2, X-CUBE-AZRTOS-F4_V1.1.0, X-CUBE-AZRTOS-F7_V1.1.0, X-CUBE-AZRTOS-G0_V1.1.0, X-CUBE-AZRTOS-G4_V2.0.0, X-CUBE-AZRTOS-H7RS_V1.1.0, X-CUBE-AZRTOS-H7_V3.4.0, X-CUBE-AZRTOS-L4_V2.0.0, X-CUBE-AZRTOS-L5_V2.0.0, X-CUBE-AZRTOS-WB_V2.0.0, X-CUBE-AZRTOS-WL_V2.0.0, X-CUBE-BLE1_V7.1.0, X-CUBE-BLE2_V3.3.0, X-CUBE-BLEMGR_V4.1.0, X-CUBE-EEPRMA1_V5.2.0, X-CUBE-FREERTOS_V1.3.1, X-CUBE-GNSS1_V6.0.0, X-CUBE-MEMS1_V11.3.0, X-CUBE-NFC4_V3.0.0, X-CUBE-NFC7_V2.0.0, X-CUBE-SFXS2LP1_V4.0.0, X-CUBE-ST67W61_V1.1.0, X-CUBE-SUBG2_V5.0.0, X-CUBE-TOF1_V3.4.3]
2025-12-10 23:09:29,624 [ERROR] DbExamplesSqlite:437 - Missing JSON key: board_cpn
2025-12-10 23:09:29,624 [ERROR] DbExamplesSqlite:437 - Missing JSON key: board_cpn
2025-12-10 23:09:29,624 [ERROR] DbExamplesSqlite:437 - Missing JSON key: board_cpn
2025-12-10 23:09:29,624 [ERROR] DbExamplesSqlite:437 - Missing JSON key: board_cpn
2025-12-10 23:09:29,849 [ERROR] DbExamplesSqlite:437 - Missing JSON key: board_cpn
2025-12-10 23:09:29,849 [ERROR] DbExamplesSqlite:437 - Missing JSON key: board_cpn
2025-12-10 23:09:29,856 [INFO] DbExamplesSqlite:395 - Ignored 42 examples not supported by CubeIDE
2025-12-10 23:09:29,856 [INFO] DbExamplesSqlite:396 - Found 10883 examples active
2025-12-10 23:09:29,856 [INFO] DbExamplesSqlite:397 - Found 0 examples obsolete
2025-12-10 23:09:29,856 [INFO] DbExamplesSqlite:398 - Found 0 examples under development
2025-12-10 23:09:29,857 [INFO] DbExamplesSqlite:399 - Found 85 examples not building
2025-12-10 23:09:29,858 [INFO] DbExamples:125 - Found 10926 examples
2025-12-10 23:09:29,889 [ERROR] DbExamples:208 - Found 73 examples with invalid data (board or MCU)
2025-12-10 23:09:29,889 [INFO] DbExamples:222 - Found 134 boards with related examples
2025-12-10 23:09:29,891 [INFO] DbExamples:235 - Found 111 MCUs with related examples
2025-12-10 23:09:29,908 [INFO] ApiDb:414 - User favorites file not found: C:\Users\user/.stm32cubeide/favorites.examples.txt
2025-12-10 23:09:29,908 [INFO] DbExamples:250 - Set 0 / 0 favorites Examples
2025-12-10 23:09:30,042 [INFO] McuFinderGlobals:76 - Set McuFinderConnectedMode to true
2025-12-10 23:09:30,048 [INFO] MultiScanPanel:200 - Auto-refresh data requested => check proxy status ongoing
2025-12-10 23:09:30,051 [INFO] FinderPluginLoader:96 - Searching for filters in installed packs
2025-12-10 23:09:31,250 [INFO] LoadUrlFilesThread:185 - End of LoadServerUrlFiles without Thread
2025-12-10 23:09:31,267 [INFO] DetailPanel:341 - Set advertising image to C:/Users/user/STM32Cube/Repository/\en.prom-st67w-expansion-board.png
2025-12-10 23:10:06,191 [INFO] MainUpdater:2872 - connection check result : 10
2025-12-10 23:10:06,191 [INFO] MainUpdater:2872 - connection check result : 10
2025-12-10 23:10:06,218 [INFO] MicroXplorer:468 - Change Database Path : 
2025-12-10 23:10:06,218 [INFO] MicroXplorer:498 - Change Database Version : DB.6.0.150
2025-12-10 23:10:06,226 [WARN] ThirdParty:871 - waiting for thirdparty lock release [close project]
2025-12-10 23:10:06,226 [INFO] ThirdParty:873 - entering critical section [close project]
2025-12-10 23:10:06,229 [INFO] ThirdParty:883 - exiting critical section [close project]
2025-12-10 23:10:06,234 [INFO] PinOutPanel:1589 - setPackage(No Configuration,No Configuration)
2025-12-10 23:10:06,236 [INFO] UtilMem:75 - Begin LoadConfig() Used Memory: 860409976 Bytes (1066401792)
2025-12-10 23:10:06,238 [INFO] MicroXplorer:468 - Change Database Path : 
2025-12-10 23:10:06,238 [INFO] MicroXplorer:498 - Change Database Version : DB.6.0.150
2025-12-10 23:10:06,238 [INFO] OpenFileManager:355 - Change cursor
2025-12-10 23:10:06,349 [INFO] Mcu:2029 - Initializing MCU STM32L476R(C-E-G)Tx STM32L476RGTx STM32L476RGT3
2025-12-10 23:10:09,145 [INFO] Context:786 - Trying to add GPIOservice into a context  which must be forbidden
2025-12-10 23:10:09,774 [INFO] ImportTextPane:234 - (OptionalMessage_ERROR) Pin3 (VP_RIF_VS_RIF1) cannot be retrieved for this MCU
2025-12-10 23:10:10,032 [INFO] RtosManager:558 - Registered RTOS mode: class=CMSIS, group=RTOS, mode=CMSIS_V1, owner=FREERTOS
2025-12-10 23:10:10,032 [INFO] RtosManager:558 - Registered RTOS mode: class=CMSIS, group=RTOS2, mode=CMSIS_V2, owner=FREERTOS
2025-12-10 23:10:10,032 [INFO] RtosManager:558 - Registered RTOS mode: class=RTOS, group=Core, mode=CMSIS_V1, owner=FREERTOS
2025-12-10 23:10:10,032 [INFO] RtosManager:558 - Registered RTOS mode: class=RTOS, group=Core, mode=CMSIS_V2, owner=FREERTOS
2025-12-10 23:10:10,033 [WARN] ModelIntegratedComponent:184 - Missing modes for component STMicroelectronics:FreeRTOS:0.0.1:STMicroelectronics:RTOS:FreeRTOS:Core:::10.2.0:
2025-12-10 23:10:10,050 [WARN] ModelIntegratedComponent:63 - No mode defined for component null
2025-12-10 23:10:10,050 [WARN] ModelIntegratedComponent:63 - No mode defined for component null
2025-12-10 23:10:10,050 [WARN] ModelIntegratedComponent:63 - No mode defined for component null
2025-12-10 23:10:10,050 [WARN] ModelIntegratedComponent:63 - No mode defined for component null
2025-12-10 23:10:10,050 [WARN] ModelIntegratedComponent:63 - No mode defined for component null
2025-12-10 23:10:10,050 [WARN] ModelIntegratedComponent:63 - No mode defined for component null
2025-12-10 23:10:10,050 [WARN] ModelIntegratedComponent:63 - No mode defined for component null
2025-12-10 23:10:10,050 [WARN] ModelIntegratedComponent:63 - No mode defined for component null
2025-12-10 23:10:10,050 [WARN] ModelIntegratedComponent:63 - No mode defined for component null
2025-12-10 23:10:10,050 [WARN] ModelIntegratedComponent:63 - No mode defined for component null
2025-12-10 23:10:10,050 [WARN] ModelIntegratedComponent:63 - No mode defined for component null
2025-12-10 23:10:10,050 [WARN] ModelIntegratedComponent:63 - No mode defined for component null
2025-12-10 23:10:10,050 [WARN] ModelIntegratedComponent:63 - No mode defined for component null
2025-12-10 23:10:10,050 [WARN] ModelIntegratedComponent:63 - No mode defined for component null
2025-12-10 23:10:10,050 [WARN] ModelIntegratedComponent:63 - No mode defined for component null
2025-12-10 23:10:10,050 [WARN] ModelIntegratedComponent:63 - No mode defined for component null
2025-12-10 23:10:10,050 [WARN] ModelIntegratedComponent:63 - No mode defined for component null
2025-12-10 23:10:10,050 [WARN] ModelIntegratedComponent:63 - No mode defined for component null
2025-12-10 23:10:10,050 [WARN] ModelIntegratedComponent:63 - No mode defined for component null
2025-12-10 23:10:10,050 [WARN] ModelIntegratedComponent:63 - No mode defined for component null
2025-12-10 23:10:10,050 [WARN] ModelIntegratedComponent:63 - No mode defined for component null
2025-12-10 23:10:10,051 [WARN] ModelIntegratedComponent:63 - No mode defined for component null
2025-12-10 23:10:10,051 [WARN] ModelIntegratedComponent:63 - No mode defined for component null
2025-12-10 23:10:10,051 [WARN] ModelIntegratedComponent:63 - No mode defined for component null
2025-12-10 23:10:10,051 [WARN] ModelIntegratedComponent:63 - No mode defined for component null
2025-12-10 23:10:10,051 [WARN] ModelIntegratedComponent:63 - No mode defined for component null
2025-12-10 23:10:10,051 [WARN] ModelIntegratedComponent:63 - No mode defined for component null
2025-12-10 23:10:10,051 [WARN] ModelIntegratedComponent:63 - No mode defined for component null
2025-12-10 23:10:10,051 [WARN] ModelIntegratedComponent:63 - No mode defined for component null
2025-12-10 23:10:10,051 [WARN] ModelIntegratedComponent:63 - No mode defined for component null
2025-12-10 23:10:10,051 [WARN] ModelIntegratedComponent:63 - No mode defined for component null
2025-12-10 23:10:10,051 [WARN] ModelIntegratedComponent:63 - No mode defined for component null
2025-12-10 23:10:10,051 [WARN] ModelIntegratedComponent:63 - No mode defined for component null
2025-12-10 23:10:10,051 [WARN] ModelIntegratedComponent:63 - No mode defined for component null
2025-12-10 23:10:10,051 [WARN] ModelIntegratedComponent:63 - No mode defined for component null
2025-12-10 23:10:10,051 [WARN] ModelPack:524 - Component already loaded: STMicroelectronics:HAL Drivers:0.0.0:STMicroelectronics:Device:STMicro_Driver:XSPI:HAL::0.0.1:HAL_XSPI
2025-12-10 23:10:10,163 [INFO] ThirdPartyModel:298 - Start build external matchings
2025-12-10 23:10:11,140 [INFO] ThirdPartyModel:316 - End build external matchings
2025-12-10 23:10:11,605 [INFO] UtilMem:75 - End LoadConfig() Used Memory: 861689896 Bytes (1073741824)
2025-12-10 23:10:11,724 [WARN] ThirdParty:833 - waiting for thirdparty lock release [change project]
2025-12-10 23:10:11,724 [INFO] ThirdParty:835 - entering critical section [change project]
2025-12-10 23:10:11,724 [INFO] ThirdParty:1030 - CMSIS Pack Vendor :STMicroelectronics X-CUBE-PM33A1 1.0.0
2025-12-10 23:10:11,724 [INFO] ThirdParty:1030 - CMSIS Pack Vendor :STMicroelectronics USBPD 4.1
2025-12-10 23:10:11,724 [INFO] ThirdParty:1030 - CMSIS Pack Vendor :STMicroelectronics X-CUBE-NFC9 1.0.0
2025-12-10 23:10:11,724 [INFO] ThirdParty:1030 - CMSIS Pack Vendor :STMicroelectronics USB_HOST 2.0.0
2025-12-10 23:10:11,724 [INFO] ThirdParty:1030 - CMSIS Pack Vendor :STMicroelectronics FP-SNS-MOTENVWB1 1.4.0
2025-12-10 23:10:11,725 [INFO] ThirdParty:1030 - CMSIS Pack Vendor :STMicroelectronics X-CUBE-AZRTOS-F4 1.1.0
2025-12-10 23:10:11,725 [INFO] ThirdParty:1030 - CMSIS Pack Vendor :STMicroelectronics LIBJPEG 8.0.0
2025-12-10 23:10:11,725 [INFO] ThirdParty:1030 - CMSIS Pack Vendor :STMicroelectronics FP-ATR-ASTRA1 2.0.2
2025-12-10 23:10:11,725 [INFO] ThirdParty:1030 - CMSIS Pack Vendor :wolfSSL I-CUBE-wolfSSL 5.8.2
2025-12-10 23:10:11,725 [INFO] ThirdParty:1030 - CMSIS Pack Vendor :STMicroelectronics X-CUBE-BLE1 7.1.0
2025-12-10 23:10:11,725 [INFO] ThirdParty:1030 - CMSIS Pack Vendor :Avnet-IotConnect X-CUBE-IoTC-DA16k-PMOD 1.0.0
2025-12-10 23:10:11,725 [INFO] ThirdParty:1030 - CMSIS Pack Vendor :STMicroelectronics X-CUBE-SMBUS 2.1.0
2025-12-10 23:10:11,725 [INFO] ThirdParty:1030 - CMSIS Pack Vendor :wolfSSL I-CUBE-wolfMQTT 1.19.2
2025-12-10 23:10:11,725 [INFO] ThirdParty:1030 - CMSIS Pack Vendor :STMicroelectronics USB_DEVICE 3.0.0
2025-12-10 23:10:11,725 [INFO] ThirdParty:1030 - CMSIS Pack Vendor :STMicroelectronics X-CUBE-ISPU 2.1.0
2025-12-10 23:10:11,725 [INFO] ThirdParty:1030 - CMSIS Pack Vendor :STMicroelectronics X-CUBE-FREERTOS 1.4.0
2025-12-10 23:10:11,725 [INFO] ThirdParty:1030 - CMSIS Pack Vendor :STMicroelectronics X-CUBE-EEPRMA1 5.2.0
2025-12-10 23:10:11,725 [INFO] ThirdParty:1030 - CMSIS Pack Vendor :STMicroelectronics X-CUBE-IPS 3.2.0
2025-12-10 23:10:11,725 [INFO] ThirdParty:1030 - CMSIS Pack Vendor :STMicroelectronics X-CUBE-BLEMGR 4.1.0
2025-12-10 23:10:11,725 [INFO] ThirdParty:1030 - CMSIS Pack Vendor :STMicroelectronics X-CUBE-AZRTOS-WB 2.0.0
2025-12-10 23:10:11,725 [INFO] ThirdParty:1030 - CMSIS Pack Vendor :STMicroelectronics X-CUBE-ST60 1.0.0
2025-12-10 23:10:11,725 [INFO] ThirdParty:1030 - CMSIS Pack Vendor :STMicroelectronics X-CUBE-GNSS1 7.0.1
2025-12-10 23:10:11,725 [INFO] ThirdParty:1030 - CMSIS Pack Vendor :STMicroelectronics X-CUBE-NFC12 1.0.0
2025-12-10 23:10:11,725 [INFO] ThirdParty:1030 - CMSIS Pack Vendor :STMicroelectronics X-CUBE-AZRTOS-F7 1.1.0
2025-12-10 23:10:11,725 [INFO] ThirdParty:1030 - CMSIS Pack Vendor :STMicroelectronics X-CUBE-AZRTOS-L5 2.0.0
2025-12-10 23:10:11,725 [INFO] ThirdParty:1030 - CMSIS Pack Vendor :STMicroelectronics X-CUBE-TOUCHGFX 4.25.0
2025-12-10 23:10:11,725 [INFO] ThirdParty:1030 - CMSIS Pack Vendor :STMicroelectronics USB_DEVICE 2.0.0
2025-12-10 23:10:11,725 [INFO] ThirdParty:1030 - CMSIS Pack Vendor :STMicroelectronics X-CUBE-NFC6 3.1.0
2025-12-10 23:10:11,725 [INFO] ThirdParty:1030 - CMSIS Pack Vendor :STMicroelectronics X-CUBE-ST67W61 1.1.0
2025-12-10 23:10:11,725 [INFO] ThirdParty:1030 - CMSIS Pack Vendor :quantropi X-CUBE-qispace-sdk-base 2.1.0
2025-12-10 23:10:11,725 [INFO] ThirdParty:1030 - CMSIS Pack Vendor :STMicroelectronics X-CUBE-MEMS1 12.0.0
2025-12-10 23:10:11,725 [INFO] ThirdParty:1030 - CMSIS Pack Vendor :STMicroelectronics FP-SNS-MOTENV1 5.1.0
2025-12-10 23:10:11,725 [INFO] ThirdParty:1030 - CMSIS Pack Vendor :STMicroelectronics FreeRTOS 0.0.1
2025-12-10 23:10:11,725 [INFO] ThirdParty:1030 - CMSIS Pack Vendor :STMicroelectronics X-CUBE-AZRTOS-G0 1.1.0
2025-12-10 23:10:11,725 [INFO] ThirdParty:1030 - CMSIS Pack Vendor :STMicroelectronics X-CUBE-SAFEA1 1.2.2
2025-12-10 23:10:11,726 [INFO] ThirdParty:1030 - CMSIS Pack Vendor :STMicroelectronics X-CUBE-NFC4 3.0.0
2025-12-10 23:10:11,726 [INFO] ThirdParty:1030 - CMSIS Pack Vendor :STMicroelectronics X-CUBE-SUBG2 5.0.0
2025-12-10 23:10:11,726 [INFO] ThirdParty:1030 - CMSIS Pack Vendor :STMicroelectronics X-CUBE-AZRTOS-H7RS 1.1.0
2025-12-10 23:10:11,726 [INFO] ThirdParty:1030 - CMSIS Pack Vendor :STMicroelectronics STM32_WPAN 1.0.0
2025-12-10 23:10:11,726 [INFO] ThirdParty:1030 - CMSIS Pack Vendor :EmbeddedOffice I-CUBE-FS-RTOS 1.0.1
2025-12-10 23:10:11,726 [INFO] ThirdParty:1030 - CMSIS Pack Vendor :STMicroelectronics lwIP 2.0.3
2025-12-10 23:10:11,726 [INFO] ThirdParty:1030 - CMSIS Pack Vendor :WES I-CUBE-Cesium 1.4.0
2025-12-10 23:10:11,726 [INFO] ThirdParty:1030 - CMSIS Pack Vendor :Cesanta I-CUBE-Mongoose 7.13.0
2025-12-10 23:10:11,726 [INFO] ThirdParty:1030 - CMSIS Pack Vendor :STMicroelectronics USB_HOST 1.0.0
2025-12-10 23:10:11,726 [INFO] ThirdParty:1030 - CMSIS Pack Vendor :Infineon AIROC-Wi-Fi-Bluetooth-STM32 1.7.1
2025-12-10 23:10:11,726 [INFO] ThirdParty:1030 - CMSIS Pack Vendor :STMicroelectronics X-CUBE-AZRTOS-G4 2.0.0
2025-12-10 23:10:11,726 [INFO] ThirdParty:1030 - CMSIS Pack Vendor :STMicroelectronics X-CUBE-WB05N 2.0.0
2025-12-10 23:10:11,726 [INFO] ThirdParty:1030 - CMSIS Pack Vendor :STMicroelectronics PDM2PCM 3.1.0
2025-12-10 23:10:11,726 [INFO] ThirdParty:1030 - CMSIS Pack Vendor :STMicroelectronics PDM2PCM 3.3.0
2025-12-10 23:10:11,726 [INFO] ThirdParty:1030 - CMSIS Pack Vendor :wolfSSL I-CUBE-wolfTPM 3.8.0
2025-12-10 23:10:11,726 [INFO] ThirdParty:1030 - CMSIS Pack Vendor :STMicroelectronics X-CUBE-AZRTOS-H7 3.4.0
2025-12-10 23:10:11,726 [INFO] ThirdParty:1030 - CMSIS Pack Vendor :STMicroelectronics X-CUBE-DISPLAY 3.0.0
2025-12-10 23:10:11,726 [INFO] ThirdParty:1030 - CMSIS Pack Vendor :wolfSSL I-CUBE-wolfSSH 1.4.20
2025-12-10 23:10:11,726 [INFO] ThirdParty:1030 - CMSIS Pack Vendor :STMicroelectronics X-CUBE-NFC7 2.0.0
2025-12-10 23:10:11,726 [INFO] ThirdParty:1030 - CMSIS Pack Vendor :STMicroelectronics X-CUBE-TCPP 4.2.0
2025-12-10 23:10:11,726 [INFO] ThirdParty:1030 - CMSIS Pack Vendor :RealThread X-CUBE-RT-Thread_Nano 4.1.1
2025-12-10 23:10:11,726 [INFO] ThirdParty:1030 - CMSIS Pack Vendor :STMicroelectronics FP-ATR-SIGFOX1 3.2.0
2025-12-10 23:10:11,726 [INFO] ThirdParty:1030 - CMSIS Pack Vendor :STMicroelectronics X-CUBE-NFC10 1.0.0
2025-12-10 23:10:11,726 [INFO] ThirdParty:1030 - CMSIS Pack Vendor :STMicroelectronics X-CUBE-FREERTOS 1.3.1
2025-12-10 23:10:11,726 [INFO] ThirdParty:1030 - CMSIS Pack Vendor :STMicroelectronics HAL Drivers 0.0.0
2025-12-10 23:10:11,727 [INFO] ThirdParty:1030 - CMSIS Pack Vendor :STMicroelectronics MBEDTLS 2.16.2
2025-12-10 23:10:11,727 [INFO] ThirdParty:1030 - CMSIS Pack Vendor :STMicroelectronics X-CUBE-ST60 1.1.0
2025-12-10 23:10:11,727 [INFO] ThirdParty:1030 - CMSIS Pack Vendor :STMicroelectronics X-CUBE-IPS 3.1.0
2025-12-10 23:10:11,727 [INFO] ThirdParty:1030 - CMSIS Pack Vendor :STMicroelectronics X-CUBE-ALS 1.0.2
2025-12-10 23:10:11,727 [INFO] ThirdParty:1030 - CMSIS Pack Vendor :emotas I-CUBE-CANOPEN 1.3.0
2025-12-10 23:10:11,727 [INFO] ThirdParty:1030 - CMSIS Pack Vendor :STMicroelectronics MBEDTLS 2.14.1
2025-12-10 23:10:11,727 [INFO] ThirdParty:1030 - CMSIS Pack Vendor :STMicroelectronics X-CUBE-GNSS1 7.1.0
2025-12-10 23:10:11,727 [INFO] ThirdParty:1030 - CMSIS Pack Vendor :ITTIA_DB I-CUBE-ITTIADB 8.9.0
2025-12-10 23:10:11,727 [INFO] ThirdParty:1030 - CMSIS Pack Vendor :STMicroelectronics X-CUBE-TOUCHGFX 4.26.0
2025-12-10 23:10:11,727 [INFO] ThirdParty:1030 - CMSIS Pack Vendor :STMicroelectronics X-CUBE-STSE01 1.0.0
2025-12-10 23:10:11,727 [INFO] ThirdParty:1030 - CMSIS Pack Vendor :STMicroelectronics X-CUBE-ST67W61 1.0.0
2025-12-10 23:10:11,727 [INFO] ThirdParty:1030 - CMSIS Pack Vendor :STMicroelectronics FP-SNS-STBOX1 2.1.0
2025-12-10 23:10:11,727 [INFO] ThirdParty:1030 - CMSIS Pack Vendor :STMicroelectronics X-CUBE-AI 10.2.0
2025-12-10 23:10:11,727 [INFO] ThirdParty:1030 - CMSIS Pack Vendor :STMicroelectronics FP-SNS-STAIOTCFT 1.0.0
2025-12-10 23:10:11,727 [INFO] ThirdParty:1030 - CMSIS Pack Vendor :STMicroelectronics ThreadX 1.0.0
2025-12-10 23:10:11,727 [INFO] ThirdParty:1030 - CMSIS Pack Vendor :STMicroelectronics FP-SNS-SMARTAG2 1.2.0
2025-12-10 23:10:11,727 [INFO] ThirdParty:1030 - CMSIS Pack Vendor :STMicroelectronics FP-SNS-FLIGHT1 5.1.0
2025-12-10 23:10:11,727 [INFO] ThirdParty:1030 - CMSIS Pack Vendor :STMicroelectronics X-CUBE-AZRTOS-WL 2.0.0
2025-12-10 23:10:11,727 [INFO] ThirdParty:1030 - CMSIS Pack Vendor :SEGGER I-CUBE-embOS 1.3.1
2025-12-10 23:10:11,727 [INFO] ThirdParty:1030 - CMSIS Pack Vendor :STMicroelectronics X-CUBE-ALGOBUILD 1.4.0
2025-12-10 23:10:11,727 [INFO] ThirdParty:1030 - CMSIS Pack Vendor :STMicroelectronics X-CUBE-DPower 1.3.0
2025-12-10 23:10:11,727 [INFO] ThirdParty:1030 - CMSIS Pack Vendor :STMicroelectronics X-CUBE-MEMS1 11.3.0
2025-12-10 23:10:11,727 [INFO] ThirdParty:1030 - CMSIS Pack Vendor :STMicroelectronics FP-SNS-MOTENV1 5.0.0
2025-12-10 23:10:11,727 [INFO] ThirdParty:1030 - CMSIS Pack Vendor :STMicroelectronics USB_DEVICE 1.0.0
2025-12-10 23:10:11,727 [INFO] ThirdParty:1030 - CMSIS Pack Vendor :STMicroelectronics X-CUBE-AZRTOS-H7RS 1.2.0
2025-12-10 23:10:11,727 [INFO] ThirdParty:1030 - CMSIS Pack Vendor :STMicroelectronics X-CUBE-AZRTOS-L4 2.0.0
2025-12-10 23:10:11,727 [INFO] ThirdParty:1030 - CMSIS Pack Vendor :STMicroelectronics ThreadX 0.0.2
2025-12-10 23:10:11,727 [INFO] ThirdParty:1030 - CMSIS Pack Vendor :STMicroelectronics lwIP 2.1.2
2025-12-10 23:10:11,727 [INFO] ThirdParty:1030 - CMSIS Pack Vendor :STMicroelectronics X-CUBE-SFXS2LP1 4.0.0
2025-12-10 23:10:11,727 [INFO] ThirdParty:1030 - CMSIS Pack Vendor :STMicroelectronics X-CUBE-BLE2 3.3.0
2025-12-10 23:10:11,728 [INFO] ThirdParty:1030 - CMSIS Pack Vendor :Avnet-IOTCONNECT X-CUBE-iotc-st67-sdk 1.0.0
2025-12-10 23:10:11,728 [INFO] ThirdParty:1030 - CMSIS Pack Vendor :STMicroelectronics X-CUBE-TOF1 3.4.3
2025-12-10 23:10:11,728 [INFO] ThirdParty:1030 - CMSIS Pack Vendor :STMicroelectronics PDM2PCM 3.2.0
2025-12-10 23:10:11,728 [INFO] ThirdParty:841 - exiting critical section [change project]
2025-12-10 23:10:12,210 [INFO] PinOutPanel:1589 - setPackage(No Configuration,No Configuration)
2025-12-10 23:10:12,212 [INFO] PinOutPanel:1589 - setPackage(STM32L476RGTx,LQFP64)
2025-12-10 23:10:12,977 [INFO] UtilMem:75 - Before build in PCC Used Memory: 980237312 Bytes (1073741824)
2025-12-10 23:10:14,122 [INFO] UtilMem:75 - After build in PCC Used Memory: 771502128 Bytes (1073741824)
2025-12-10 23:10:14,162 [INFO] IPUIPlugin:80 - create IPUIPlugin
2025-12-10 23:10:14,162 [INFO] IPUIPlugin:80 - create IPUIPlugin
2025-12-10 23:10:14,162 [INFO] IPUIPlugin:80 - create IPUIPlugin
2025-12-10 23:10:14,162 [INFO] IPUIPlugin:80 - create IPUIPlugin
2025-12-10 23:10:14,163 [INFO] IPUIPlugin:80 - create IPUIPlugin
2025-12-10 23:10:14,163 [INFO] IPUIPlugin:80 - create IPUIPlugin
2025-12-10 23:10:14,163 [INFO] IPUIPlugin:80 - create IPUIPlugin
2025-12-10 23:10:14,163 [INFO] IPUIPlugin:80 - create IPUIPlugin
2025-12-10 23:10:14,163 [INFO] IPUIPlugin:80 - create IPUIPlugin
2025-12-10 23:10:14,163 [INFO] IPUIPlugin:80 - create IPUIPlugin
2025-12-10 23:10:14,163 [INFO] IPUIPlugin:80 - create IPUIPlugin
2025-12-10 23:10:14,163 [INFO] IPUIPlugin:80 - create IPUIPlugin
2025-12-10 23:10:14,163 [INFO] IPUIPlugin:80 - create IPUIPlugin
2025-12-10 23:10:14,163 [INFO] IPUIPlugin:80 - create IPUIPlugin
2025-12-10 23:10:14,163 [INFO] IPUIPlugin:80 - create IPUIPlugin
2025-12-10 23:10:14,163 [INFO] IPUIPlugin:80 - create IPUIPlugin
2025-12-10 23:10:14,164 [INFO] IPUIPlugin:80 - create IPUIPlugin
2025-12-10 23:10:14,164 [INFO] IPUIPlugin:80 - create IPUIPlugin
2025-12-10 23:10:14,164 [INFO] IPUIPlugin:80 - create IPUIPlugin
2025-12-10 23:10:14,164 [INFO] IPUIPlugin:80 - create IPUIPlugin
2025-12-10 23:10:14,164 [INFO] IPUIPlugin:80 - create IPUIPlugin
2025-12-10 23:10:14,164 [INFO] IPUIPlugin:80 - create IPUIPlugin
2025-12-10 23:10:14,164 [INFO] IPUIPlugin:80 - create IPUIPlugin
2025-12-10 23:10:14,165 [INFO] IPUIPlugin:80 - create IPUIPlugin
2025-12-10 23:10:14,165 [INFO] IPUIPlugin:80 - create IPUIPlugin
2025-12-10 23:10:14,165 [INFO] IPUIPlugin:80 - create IPUIPlugin
2025-12-10 23:10:14,165 [INFO] IPUIPlugin:80 - create IPUIPlugin
2025-12-10 23:10:14,165 [INFO] IPUIPlugin:80 - create IPUIPlugin
2025-12-10 23:10:14,165 [INFO] IPUIPlugin:80 - create IPUIPlugin
2025-12-10 23:10:14,166 [INFO] IPUIPlugin:80 - create IPUIPlugin
2025-12-10 23:10:14,166 [INFO] IPUIPlugin:80 - create IPUIPlugin
2025-12-10 23:10:14,166 [INFO] IPUIPlugin:80 - create IPUIPlugin
2025-12-10 23:10:14,166 [INFO] IPUIPlugin:80 - create IPUIPlugin
2025-12-10 23:10:14,166 [INFO] IPUIPlugin:80 - create IPUIPlugin
2025-12-10 23:10:14,167 [INFO] IPUIPlugin:80 - create IPUIPlugin
2025-12-10 23:10:14,167 [INFO] IPUIPlugin:80 - create IPUIPlugin
2025-12-10 23:10:14,167 [INFO] IPUIPlugin:80 - create IPUIPlugin
2025-12-10 23:10:14,167 [INFO] IPUIPlugin:80 - create IPUIPlugin
2025-12-10 23:10:14,167 [INFO] IPUIPlugin:80 - create IPUIPlugin
2025-12-10 23:10:14,167 [INFO] IPUIPlugin:80 - create IPUIPlugin
2025-12-10 23:10:14,168 [INFO] IPUIPlugin:80 - create IPUIPlugin
2025-12-10 23:10:14,168 [INFO] IPUIPlugin:80 - create IPUIPlugin
2025-12-10 23:10:14,168 [INFO] IPUIPlugin:80 - create IPUIPlugin
2025-12-10 23:10:14,168 [INFO] IPUIPlugin:80 - create IPUIPlugin
2025-12-10 23:10:14,168 [INFO] IPUIPlugin:80 - create IPUIPlugin
2025-12-10 23:10:14,168 [INFO] IPUIPlugin:80 - create IPUIPlugin
2025-12-10 23:10:14,169 [INFO] IPUIPlugin:80 - create IPUIPlugin
2025-12-10 23:10:14,169 [INFO] IPUIPlugin:80 - create IPUIPlugin
2025-12-10 23:10:14,169 [INFO] IPUIPlugin:80 - create IPUIPlugin
2025-12-10 23:10:14,169 [INFO] IPUIPlugin:80 - create IPUIPlugin
2025-12-10 23:10:14,169 [INFO] IPUIPlugin:80 - create IPUIPlugin
2025-12-10 23:10:14,170 [INFO] IPUIPlugin:80 - create IPUIPlugin
2025-12-10 23:10:14,170 [INFO] IPUIPlugin:80 - create IPUIPlugin
2025-12-10 23:10:14,170 [INFO] IPUIPlugin:80 - create IPUIPlugin
2025-12-10 23:10:14,170 [INFO] IPUIPlugin:80 - create IPUIPlugin
2025-12-10 23:10:14,171 [INFO] IPUIPlugin:80 - create IPUIPlugin
2025-12-10 23:10:14,171 [INFO] IPUIPlugin:80 - create IPUIPlugin
2025-12-10 23:10:14,171 [INFO] IPUIPlugin:80 - create IPUIPlugin
2025-12-10 23:10:14,172 [INFO] IPUIPlugin:80 - create IPUIPlugin
2025-12-10 23:10:14,461 [INFO] CADModel:165 - CPN selected for project levelSTM32L476RGT3
2025-12-10 23:10:14,462 [INFO] CADModel:114 - Register for checkConnection events
2025-12-10 23:10:14,509 [INFO] OpenFileManager:386 - Restore cursor
2025-12-10 23:10:15,244 [INFO] UtilMem:75 - End SaveConfig() Used Memory: 878146104 Bytes (1073741824)
2025-12-10 23:10:15,316 [INFO] UtilMem:75 - End SaveConfig() Used Memory: 913276024 Bytes (1073741824)
2025-12-10 23:10:15,738 [INFO] BlockDiagram:2775 - set Specific Code input for plugin: SYS
2025-12-10 23:10:15,738 [INFO] BlockDiagram:2775 - set Specific Code input for plugin: RCC
2025-12-10 23:10:15,738 [INFO] BlockDiagram:2775 - set Specific Code input for plugin: NVIC
2025-12-10 23:10:15,738 [INFO] BlockDiagram:2775 - set Specific Code input for plugin: USART
2025-12-10 23:10:15,738 [INFO] BlockDiagram:2775 - set Specific Code input for plugin: GPIO
2025-12-10 23:10:15,739 [INFO] CodeGenerator:892 - code generatio: config db path: C:\ST\STM32CubeIDE_1.19.0\STM32CubeIDE\plugins\com.st.stm32cube.common.mx_6.15.0.202507011659\\db\
2025-12-10 23:10:15,938 [INFO] CodeEngine:265 - oldGeneratedFile, D:\STM32\Lab\36-uart-multiplication\MXTmpFiles\license.tmp_save
2025-12-10 23:10:16,557 [INFO] CodeEngine:289 - Generated code: D:\STM32\Lab\36-uart-multiplication\MXTmpFiles\license.tmp
2025-12-10 23:10:16,732 [INFO] CodeEngine:265 - oldGeneratedFile, D:\STM32\Lab\36-uart-multiplication\MXTmpFiles\gpio.tmp_save
2025-12-10 23:10:16,854 [INFO] CodeEngine:289 - Generated code: D:\STM32\Lab\36-uart-multiplication\MXTmpFiles\gpio.tmp
2025-12-10 23:10:17,075 [INFO] CodeEngine:265 - oldGeneratedFile, D:\STM32\Lab\36-uart-multiplication\Core\Src\stm32l4xx_it.c_save
2025-12-10 23:10:17,195 [INFO] CodeEngine:289 - Generated code: D:\STM32\Lab\36-uart-multiplication\Core\Src\stm32l4xx_it.c
2025-12-10 23:10:17,199 [INFO] CodeEngine:265 - oldGeneratedFile, D:\STM32\Lab\36-uart-multiplication\Core\Inc\stm32l4xx_it.h_save
2025-12-10 23:10:17,260 [INFO] CodeEngine:289 - Generated code: D:\STM32\Lab\36-uart-multiplication\Core\Inc\stm32l4xx_it.h
2025-12-10 23:10:17,271 [INFO] CodeEngine:265 - oldGeneratedFile, D:\STM32\Lab\36-uart-multiplication\Core\Src\stm32l4xx_hal_msp.c_save
2025-12-10 23:10:17,414 [INFO] CodeEngine:289 - Generated code: D:\STM32\Lab\36-uart-multiplication\Core\Src\stm32l4xx_hal_msp.c
2025-12-10 23:10:17,417 [INFO] CodeEngine:265 - oldGeneratedFile, D:\STM32\Lab\36-uart-multiplication\MXTmpFiles\system.tmp_save
2025-12-10 23:10:17,477 [INFO] CodeEngine:289 - Generated code: D:\STM32\Lab\36-uart-multiplication\MXTmpFiles\system.tmp
2025-12-10 23:10:17,487 [INFO] CodeEngine:321 - oldGeneratedFile, D:\STM32\Lab\36-uart-multiplication\Core\Inc\stm32l4xx_hal_conf.h_save
2025-12-10 23:10:17,544 [INFO] CodeEngine:345 - Generated code: D:\STM32\Lab\36-uart-multiplication\Core\Inc\stm32l4xx_hal_conf.h
2025-12-10 23:10:17,590 [INFO] ApiDbMcu:532 - Load IP Config File for USART2
2025-12-10 23:10:17,594 [INFO] ApiDbMcu:532 - Load IP Config File for RCC
2025-12-10 23:10:17,603 [INFO] CodeEngine:265 - oldGeneratedFile, D:\STM32\Lab\36-uart-multiplication\Core\Inc\main.h_save
2025-12-10 23:10:17,676 [INFO] CodeEngine:289 - Generated code: D:\STM32\Lab\36-uart-multiplication\Core\Inc\main.h
2025-12-10 23:10:17,680 [INFO] CodeEngine:265 - oldGeneratedFile, D:\STM32\Lab\36-uart-multiplication\Core\Src\main.c_save
2025-12-10 23:10:17,794 [INFO] CodeEngine:289 - Generated code: D:\STM32\Lab\36-uart-multiplication\Core\Src\main.c
2025-12-10 23:10:18,322 [INFO] ProjectBuilder:3606 - Time for Copy HAL[1] : 295mS.
2025-12-10 23:10:18,327 [INFO] ProjectBuilder:5216 - Project Generator version: 4.7.0-B52
2025-12-10 23:10:18,402 [INFO] ConfigFileManager:1595 - The Die is : DIE415
2025-12-10 23:10:18,427 [INFO] ApiDbMcu:532 - Load IP Config File for FATFS
2025-12-10 23:10:18,435 [INFO] ApiDbMcu:532 - Load IP Config File for FREERTOS
2025-12-10 23:10:18,451 [INFO] ApiDbMcu:532 - Load IP Config File for TOUCHSENSING
2025-12-10 23:10:18,460 [INFO] ApiDbMcu:532 - Load IP Config File for USB_DEVICE
2025-12-10 23:10:18,467 [INFO] ApiDbMcu:532 - Load IP Config File for USB_HOST
2025-12-10 23:10:18,941 [INFO] LogOutputStream:77 - [STDOUT_REDIRECT] 
2025-12-10 23:10:21,467 [INFO] ProjectBuilder:5496 - Time for Generating toolchain IDE Files: 3140mS.
2025-12-10 23:10:21,468 [INFO] ProjectBuilder:3463 - Time for Copy CMSIS : 1mS.
2025-12-10 23:10:21,469 [INFO] ProjectBuilder:3463 - Time for Copy CMSIS : 0mS.
2025-12-10 23:10:22,050 [INFO] McuFinderGlobals:76 - Set McuFinderConnectedMode to true
2025-12-10 23:10:22,482 [INFO] ApiDb:448 - Save user favorites file C:\Users\user/.stm32cubeide/favorites.mcus.txt: 0 item(s)
2025-12-10 23:10:22,482 [INFO] ApiDb:452 - User favorites MCUs=[]
