2025-11-15 09:02:51,164 [INFO] Activator:176 - 


2025-11-15 09:02:51,169 [INFO] Activator:177 - !SESSION log4j initialized
2025-11-15 09:02:58,049 [INFO] LogOutputStream:77 - [STDOUT_REDIRECT] 
2025-11-15 09:03:11,815 [INFO] ApplicationProperties:184 - Using Application install path: C:\ST\STM32CubeIDE_1.19.0\STM32CubeIDE\plugins\com.st.stm32cube.common.mx_6.15.0.202507011659
2025-11-15 09:03:11,833 [INFO] DbMcusXml:78 - Set database path to: C:\ST\STM32CubeIDE_1.19.0\STM32CubeIDE\plugins\com.st.stm32cube.common.mx_6.15.0.202507011659\\db\/mcu/
2025-11-15 09:03:11,834 [INFO] ApiDb:274 - Set plugin database path to: C:\ST\STM32CubeIDE_1.19.0\STM32CubeIDE\plugins\com.st.stm32cube.common.mx_6.15.0.202507011659\\db\/plugins/boardmanager/
2025-11-15 09:03:11,834 [WARN] ApiDb:259 - Overriding images path with different value:  => C:\ST\STM32CubeIDE_1.19.0\STM32CubeIDE\plugins\com.st.stm32cube.common.mx_6.15.0.202507011659\\db\/plugins/mcufinder/images/
2025-11-15 09:03:11,845 [INFO] ApiDb:250 - Set database path to: C:\Users\user\.stmcufinder\plugins\mcufinder//mcu/
2025-11-15 09:03:11,847 [INFO] DbMcusAds:125 - Set database path to: C:\Users\user\.stmcufinder\plugins\mcufinder//mcu/
2025-11-15 09:03:11,861 [INFO] CrossReferenceDbSqlite:203 - Set database path to: C:\Users\user\.stmcufinder\plugins\mcufinder//mcu/cs/
2025-11-15 09:03:11,992 [INFO] RulesReader:64 - Compatibility file has been processed (317 Rules)
2025-11-15 09:03:12,097 [INFO] DbMcusXml:78 - Set database path to: C:\ST\STM32CubeIDE_1.19.0\STM32CubeIDE\plugins\com.st.stm32cube.common.mx_6.15.0.202507011659\\db\/mcu/
2025-11-15 09:03:12,098 [INFO] ApiDb:274 - Set plugin database path to: C:\ST\STM32CubeIDE_1.19.0\STM32CubeIDE\plugins\com.st.stm32cube.common.mx_6.15.0.202507011659\\db\/plugins/boardmanager/
2025-11-15 09:03:12,098 [INFO] ApiDb:261 - Set plugin images path to: C:\ST\STM32CubeIDE_1.19.0\STM32CubeIDE\plugins\com.st.stm32cube.common.mx_6.15.0.202507011659\\db\/plugins/mcufinder/images/
2025-11-15 09:03:12,098 [WARN] DbFile:41 - Overriding database path with different value: C:\Users\user\.stmcufinder\plugins\mcufinder/ => C:\Users\user\.stmcufinder\plugins\mcufinder
2025-11-15 09:03:12,098 [INFO] ApiDb:250 - Set database path to: C:\Users\user\.stmcufinder\plugins\mcufinder//mcu/
2025-11-15 09:03:12,098 [WARN] DbFile:41 - Overriding database path with different value: C:\Users\user\.stmcufinder\plugins\mcufinder/ => C:\Users\user\.stmcufinder\plugins\mcufinder
2025-11-15 09:03:12,098 [INFO] DbMcusAds:125 - Set database path to: C:\Users\user\.stmcufinder\plugins\mcufinder//mcu/
2025-11-15 09:03:12,098 [WARN] DbFile:41 - Overriding database path with different value: C:\Users\user\.stmcufinder\plugins\mcufinder/ => C:\Users\user\.stmcufinder\plugins\mcufinder
2025-11-15 09:03:12,098 [WARN] DbFile:41 - Overriding database path with different value: C:\Users\user\.stmcufinder\plugins\mcufinder/ => C:\Users\user\.stmcufinder\plugins\mcufinder
2025-11-15 09:03:12,098 [INFO] CrossReferenceDbSqlite:203 - Set database path to: C:\Users\user\.stmcufinder\plugins\mcufinder//mcu/cs/
2025-11-15 09:03:12,185 [INFO] MainPanel:274 - HeapMemory: 268435456
2025-11-15 09:03:12,314 [INFO] DbMcusXml:78 - Set database path to: C:\ST\STM32CubeIDE_1.19.0\STM32CubeIDE\plugins\com.st.stm32cube.common.mx_6.15.0.202507011659\\db\/mcu/
2025-11-15 09:03:12,314 [INFO] ApiDb:274 - Set plugin database path to: C:\ST\STM32CubeIDE_1.19.0\STM32CubeIDE\plugins\com.st.stm32cube.common.mx_6.15.0.202507011659\\db\/plugins/boardmanager/
2025-11-15 09:03:12,315 [INFO] ApiDb:261 - Set plugin images path to: C:\ST\STM32CubeIDE_1.19.0\STM32CubeIDE\plugins\com.st.stm32cube.common.mx_6.15.0.202507011659\\db\/plugins/mcufinder/images/
2025-11-15 09:03:12,315 [WARN] DbFile:41 - Overriding database path with different value: C:\Users\user\.stmcufinder\plugins\mcufinder/ => C:\Users\user\.stmcufinder\plugins\mcufinder
2025-11-15 09:03:12,315 [INFO] ApiDb:250 - Set database path to: C:\Users\user\.stmcufinder\plugins\mcufinder//mcu/
2025-11-15 09:03:12,315 [WARN] DbFile:41 - Overriding database path with different value: C:\Users\user\.stmcufinder\plugins\mcufinder/ => C:\Users\user\.stmcufinder\plugins\mcufinder
2025-11-15 09:03:12,315 [INFO] DbMcusAds:125 - Set database path to: C:\Users\user\.stmcufinder\plugins\mcufinder//mcu/
2025-11-15 09:03:12,315 [WARN] DbFile:41 - Overriding database path with different value: C:\Users\user\.stmcufinder\plugins\mcufinder/ => C:\Users\user\.stmcufinder\plugins\mcufinder
2025-11-15 09:03:12,315 [WARN] DbFile:41 - Overriding database path with different value: C:\Users\user\.stmcufinder\plugins\mcufinder/ => C:\Users\user\.stmcufinder\plugins\mcufinder
2025-11-15 09:03:12,315 [INFO] CrossReferenceDbSqlite:203 - Set database path to: C:\Users\user\.stmcufinder\plugins\mcufinder//mcu/cs/
2025-11-15 09:03:12,333 [INFO] ApplicationProperties:184 - Using Application install path: C:\ST\STM32CubeIDE_1.19.0\STM32CubeIDE\plugins\com.st.stm32cube.common.mx_6.15.0.202507011659
2025-11-15 09:03:12,334 [INFO] PluginManage:196 - Search for loadable plugins [exclusion list=, ]
2025-11-15 09:03:12,336 [INFO] PluginManage:310 - Check plugin analytics
2025-11-15 09:03:12,568 [INFO] AnalyticsPlugin:253 - Accepted Software Licenses: 
2025-11-15 09:03:12,570 [INFO] AnalyticsPlugin:255 - Accepted CMSIS Pack Licenses: 
2025-11-15 09:03:12,570 [INFO] AnalyticsPlugin:257 - Accepted Firmware Licenses: FW.L4.1.18.0
2025-11-15 09:03:12,576 [INFO] PluginManage:359 - Loaded plugin analytics (category:tool,tabindex:-1)
2025-11-15 09:03:12,577 [INFO] PluginManage:310 - Check plugin cadmodel
2025-11-15 09:03:12,589 [INFO] CADModel:105 - Init CAD model plugin
2025-11-15 09:03:12,589 [INFO] PluginManage:359 - Loaded plugin cadmodel (category:power,tabindex:5)
2025-11-15 09:03:12,589 [INFO] PluginManage:310 - Check plugin clock
2025-11-15 09:03:12,602 [INFO] PluginManage:359 - Loaded plugin clock (category:base,tabindex:2)
2025-11-15 09:03:12,602 [INFO] PluginManage:310 - Check plugin ddr
2025-11-15 09:03:12,606 [INFO] PluginManage:359 - Loaded plugin ddr (category:tool,tabindex:6)
2025-11-15 09:03:12,606 [INFO] PluginManage:310 - Check plugin filemanager
2025-11-15 09:03:12,775 [INFO] PluginManage:359 - Loaded plugin filemanager (category:base,tabindex:10)
2025-11-15 09:03:12,776 [INFO] PluginManage:310 - Check plugin ipmanager
2025-11-15 09:03:12,784 [INFO] PluginManage:359 - Loaded plugin ipmanager (category:base,tabindex:5)
2025-11-15 09:03:12,784 [INFO] PluginManage:310 - Check plugin lpbam
2025-11-15 09:03:12,794 [INFO] PluginManage:359 - Loaded plugin lpbam (category:base,tabindex:0)
2025-11-15 09:03:12,794 [INFO] PluginManage:310 - Check plugin memorymap
2025-11-15 09:03:12,809 [INFO] PluginManage:359 - Loaded plugin memorymap (category:base,tabindex:4)
2025-11-15 09:03:12,809 [INFO] PluginManage:310 - Check plugin pinoutandconfiguration
2025-11-15 09:03:12,821 [INFO] PluginManage:359 - Loaded plugin pinoutandconfiguration (category:base,tabindex:1)
2025-11-15 09:03:12,821 [INFO] PluginManage:310 - Check plugin pinoutconfig
2025-11-15 09:03:12,949 [WARN] SupportedApi:132 - Cannot load RTOS API schema: s4s-elt-must-match.1: The content of 'definitions' must match (annotation?, (simpleType | complexType)?, (unique | key | keyref)*)). A problem was found starting at: attribute.
2025-11-15 09:03:13,107 [INFO] PluginManage:359 - Loaded plugin pinoutconfig (category:base,tabindex:0)
2025-11-15 09:03:13,107 [INFO] PluginManage:310 - Check plugin power
2025-11-15 09:03:13,123 [INFO] PluginManage:359 - Loaded plugin power (category:power,tabindex:4)
2025-11-15 09:03:13,123 [INFO] PluginManage:310 - Check plugin projectmanager
2025-11-15 09:03:13,138 [INFO] PluginManage:359 - Loaded plugin projectmanager (category:projectmanager,tabindex:4)
2025-11-15 09:03:13,138 [INFO] PluginManage:310 - Check plugin rif
2025-11-15 09:03:13,174 [INFO] PluginManage:359 - Loaded plugin rif (category:base,tabindex:3)
2025-11-15 09:03:13,174 [INFO] PluginManage:310 - Check plugin thirdparty
2025-11-15 09:03:13,336 [WARN] IntegrityCheckThread:84 - waiting for thirdparty lock release [integrity check]
2025-11-15 09:03:13,336 [INFO] IntegrityCheckThread:86 - entering critical section [integrity check]
2025-11-15 09:03:13,336 [INFO] ThirdPartyUpdaterWithRetryManager:70 - Updater plugin not ready yet. [1/15]
2025-11-15 09:03:13,337 [INFO] PluginManage:359 - Loaded plugin thirdparty (category:base,tabindex:-1)
2025-11-15 09:03:13,337 [INFO] PluginManage:310 - Check plugin tools
2025-11-15 09:03:13,341 [INFO] PluginManage:359 - Loaded plugin tools (category:base,tabindex:7)
2025-11-15 09:03:13,341 [INFO] PluginManage:310 - Check plugin tutovideos
2025-11-15 09:03:13,559 [INFO] PluginManage:359 - Loaded plugin tutovideos (category:base,tabindex:-1)
2025-11-15 09:03:13,559 [INFO] PluginManage:310 - Check plugin updater
2025-11-15 09:03:13,581 [INFO] PluginManage:359 - Loaded plugin updater (category:base,tabindex:12)
2025-11-15 09:03:13,581 [INFO] PluginManage:310 - Check plugin userauth
2025-11-15 09:03:13,585 [INFO] UserAuth:118 - Init User Auth plugin
2025-11-15 09:03:13,585 [INFO] PluginManage:359 - Loaded plugin userauth (category:base,tabindex:14)
2025-11-15 09:03:13,586 [INFO] PluginManage:283 - PluginManage : Loaded plugins [18]
2025-11-15 09:03:13,818 [INFO] PinOutPanel:1589 - setPackage(No Configuration,No Configuration)
2025-11-15 09:03:13,897 [INFO] CADModel:165 - CPN selected for project level
2025-11-15 09:03:13,897 [INFO] CADModel:114 - Register for checkConnection events
2025-11-15 09:03:13,914 [INFO] IPUIPlugin:80 - create IPUIPlugin
2025-11-15 09:03:13,914 [INFO] PluginManager:220 - loadIPPluginJar : add adc
2025-11-15 09:03:13,917 [INFO] IPUIPlugin:80 - create IPUIPlugin
2025-11-15 09:03:13,917 [INFO] PluginManager:220 - loadIPPluginJar : add aes
2025-11-15 09:03:13,921 [INFO] IPUIPlugin:80 - create IPUIPlugin
2025-11-15 09:03:13,921 [INFO] PluginManager:220 - loadIPPluginJar : add can
2025-11-15 09:03:13,923 [INFO] IPUIPlugin:80 - create IPUIPlugin
2025-11-15 09:03:13,923 [INFO] PluginManager:220 - loadIPPluginJar : add comp
2025-11-15 09:03:13,926 [INFO] IPUIPlugin:80 - create IPUIPlugin
2025-11-15 09:03:13,926 [INFO] PluginManager:220 - loadIPPluginJar : add cryp
2025-11-15 09:03:13,929 [INFO] IPUIPlugin:80 - create IPUIPlugin
2025-11-15 09:03:13,929 [INFO] PluginManager:220 - loadIPPluginJar : add ddr_ctrl_phy
2025-11-15 09:03:13,932 [INFO] IPUIPlugin:80 - create IPUIPlugin
2025-11-15 09:03:13,932 [INFO] PluginManager:220 - loadIPPluginJar : add dfsdm
2025-11-15 09:03:13,937 [INFO] IPUIPlugin:80 - create IPUIPlugin
2025-11-15 09:03:13,937 [INFO] PluginManager:220 - loadIPPluginJar : add dma
2025-11-15 09:03:13,939 [INFO] IPUIPlugin:80 - create IPUIPlugin
2025-11-15 09:03:13,939 [INFO] PluginManager:220 - loadIPPluginJar : add dma3
2025-11-15 09:03:13,941 [INFO] IPUIPlugin:80 - create IPUIPlugin
2025-11-15 09:03:13,941 [INFO] PluginManager:220 - loadIPPluginJar : add extmemmanager
2025-11-15 09:03:13,943 [INFO] IPUIPlugin:80 - create IPUIPlugin
2025-11-15 09:03:13,943 [INFO] PluginManager:220 - loadIPPluginJar : add fatfs
2025-11-15 09:03:13,947 [INFO] IPUIPlugin:80 - create IPUIPlugin
2025-11-15 09:03:13,947 [INFO] PluginManager:220 - loadIPPluginJar : add fmc
2025-11-15 09:03:13,954 [INFO] IPUIPlugin:80 - create IPUIPlugin
2025-11-15 09:03:13,954 [INFO] PluginManager:220 - loadIPPluginJar : add freertos
2025-11-15 09:03:13,956 [INFO] IPUIPlugin:80 - create IPUIPlugin
2025-11-15 09:03:13,956 [INFO] PluginManager:220 - loadIPPluginJar : add genericplugin
2025-11-15 09:03:13,959 [INFO] IPUIPlugin:80 - create IPUIPlugin
2025-11-15 09:03:13,959 [INFO] PluginManager:220 - loadIPPluginJar : add gfxmmu
2025-11-15 09:03:13,964 [INFO] IPUIPlugin:80 - create IPUIPlugin
2025-11-15 09:03:13,964 [INFO] PluginManager:220 - loadIPPluginJar : add gic
2025-11-15 09:03:13,969 [INFO] IPUIPlugin:80 - create IPUIPlugin
2025-11-15 09:03:13,969 [INFO] PluginManager:220 - loadIPPluginJar : add gpio
2025-11-15 09:03:13,972 [INFO] IPUIPlugin:80 - create IPUIPlugin
2025-11-15 09:03:13,972 [INFO] PluginManager:220 - loadIPPluginJar : add gtzc
2025-11-15 09:03:13,975 [INFO] IPUIPlugin:80 - create IPUIPlugin
2025-11-15 09:03:13,975 [INFO] PluginManager:220 - loadIPPluginJar : add hash
2025-11-15 09:03:13,978 [INFO] IPUIPlugin:80 - create IPUIPlugin
2025-11-15 09:03:13,978 [INFO] PluginManager:220 - loadIPPluginJar : add i2c
2025-11-15 09:03:13,981 [INFO] IPUIPlugin:80 - create IPUIPlugin
2025-11-15 09:03:13,981 [INFO] PluginManager:220 - loadIPPluginJar : add i2s
2025-11-15 09:03:13,985 [INFO] IPUIPlugin:80 - create IPUIPlugin
2025-11-15 09:03:13,985 [INFO] PluginManager:220 - loadIPPluginJar : add i3c
2025-11-15 09:03:13,988 [INFO] IPUIPlugin:80 - create IPUIPlugin
2025-11-15 09:03:13,988 [INFO] PluginManager:220 - loadIPPluginJar : add ipddr
2025-11-15 09:03:13,995 [INFO] IPUIPlugin:80 - create IPUIPlugin
2025-11-15 09:03:13,995 [INFO] PluginManager:220 - loadIPPluginJar : add linkedlist
2025-11-15 09:03:14,001 [INFO] IPUIPlugin:80 - create IPUIPlugin
2025-11-15 09:03:14,001 [INFO] PluginManager:220 - loadIPPluginJar : add lorawan
2025-11-15 09:03:14,003 [INFO] IPUIPlugin:80 - create IPUIPlugin
2025-11-15 09:03:14,003 [INFO] PluginManager:220 - loadIPPluginJar : add ltdc
2025-11-15 09:03:14,010 [INFO] IPUIPlugin:80 - create IPUIPlugin
2025-11-15 09:03:14,010 [INFO] PluginManager:220 - loadIPPluginJar : add mdma
2025-11-15 09:03:14,013 [INFO] IPUIPlugin:80 - create IPUIPlugin
2025-11-15 09:03:14,014 [INFO] PluginManager:220 - loadIPPluginJar : add nvic
2025-11-15 09:03:14,018 [INFO] IPUIPlugin:80 - create IPUIPlugin
2025-11-15 09:03:14,018 [INFO] PluginManager:220 - loadIPPluginJar : add opamp
2025-11-15 09:03:14,021 [INFO] IPUIPlugin:80 - create IPUIPlugin
2025-11-15 09:03:14,021 [INFO] PluginManager:220 - loadIPPluginJar : add openamp
2025-11-15 09:03:14,025 [INFO] IPUIPlugin:80 - create IPUIPlugin
2025-11-15 09:03:14,025 [INFO] PluginManager:220 - loadIPPluginJar : add pdm2pcm
2025-11-15 09:03:14,029 [INFO] IPUIPlugin:80 - create IPUIPlugin
2025-11-15 09:03:14,032 [INFO] PluginManager:220 - loadIPPluginJar : add plateformsettings
2025-11-15 09:03:14,034 [INFO] IPUIPlugin:80 - create IPUIPlugin
2025-11-15 09:03:14,034 [INFO] PluginManager:220 - loadIPPluginJar : add quadspi
2025-11-15 09:03:14,037 [INFO] IPUIPlugin:80 - create IPUIPlugin
2025-11-15 09:03:14,037 [INFO] PluginManager:220 - loadIPPluginJar : add radio
2025-11-15 09:03:14,041 [INFO] IPUIPlugin:80 - create IPUIPlugin
2025-11-15 09:03:14,041 [INFO] PluginManager:220 - loadIPPluginJar : add resmgrutility
2025-11-15 09:03:14,044 [INFO] IPUIPlugin:80 - create IPUIPlugin
2025-11-15 09:03:14,044 [INFO] PluginManager:220 - loadIPPluginJar : add sai
2025-11-15 09:03:14,047 [INFO] IPUIPlugin:80 - create IPUIPlugin
2025-11-15 09:03:14,047 [INFO] PluginManager:220 - loadIPPluginJar : add spi
2025-11-15 09:03:14,052 [INFO] IPUIPlugin:80 - create IPUIPlugin
2025-11-15 09:03:14,052 [INFO] PluginManager:220 - loadIPPluginJar : add stm32_wpan
2025-11-15 09:03:14,054 [INFO] IPUIPlugin:80 - create IPUIPlugin
2025-11-15 09:03:14,054 [INFO] PluginManager:220 - loadIPPluginJar : add tim
2025-11-15 09:03:14,057 [INFO] IPUIPlugin:80 - create IPUIPlugin
2025-11-15 09:03:14,058 [INFO] PluginManager:220 - loadIPPluginJar : add touchsensing
2025-11-15 09:03:14,060 [INFO] IPUIPlugin:80 - create IPUIPlugin
2025-11-15 09:03:14,060 [INFO] PluginManager:220 - loadIPPluginJar : add tracer_emb
2025-11-15 09:03:14,062 [INFO] IPUIPlugin:80 - create IPUIPlugin
2025-11-15 09:03:14,062 [INFO] PluginManager:220 - loadIPPluginJar : add ts
2025-11-15 09:03:14,063 [INFO] IPUIPlugin:80 - create IPUIPlugin
2025-11-15 09:03:14,064 [INFO] PluginManager:220 - loadIPPluginJar : add tsc
2025-11-15 09:03:14,066 [INFO] IPUIPlugin:80 - create IPUIPlugin
2025-11-15 09:03:14,066 [INFO] PluginManager:220 - loadIPPluginJar : add ucpd
2025-11-15 09:03:14,069 [INFO] IPUIPlugin:80 - create IPUIPlugin
2025-11-15 09:03:14,069 [INFO] PluginManager:220 - loadIPPluginJar : add usart
2025-11-15 09:03:14,072 [INFO] IPUIPlugin:80 - create IPUIPlugin
2025-11-15 09:03:14,073 [INFO] PluginManager:220 - loadIPPluginJar : add usbx
2025-11-15 09:03:14,193 [FATAL] Updater:351 - Updater called before beeing initialized
2025-11-15 09:03:14,223 [INFO] RulesReader:64 - Compatibility file has been processed (317 Rules)
2025-11-15 09:03:14,241 [INFO] RulesReader:64 - Compatibility file has been processed (317 Rules)
2025-11-15 09:03:14,255 [INFO] CADModel:165 - CPN selected for project level
2025-11-15 09:03:14,255 [INFO] CADModel:114 - Register for checkConnection events
2025-11-15 09:03:14,255 [FATAL] Updater:351 - Updater called before beeing initialized
2025-11-15 09:03:14,255 [ERROR] CADModel:125 - Updater not yet initialized, retry later 
2025-11-15 09:03:14,452 [FATAL] Updater:351 - Updater called before beeing initialized
2025-11-15 09:03:14,454 [INFO] CADModel:165 - CPN selected for project level
2025-11-15 09:03:14,454 [INFO] CADModel:114 - Register for checkConnection events
2025-11-15 09:03:14,454 [FATAL] Updater:351 - Updater called before beeing initialized
2025-11-15 09:03:14,454 [ERROR] CADModel:125 - Updater not yet initialized, retry later 
2025-11-15 09:03:14,458 [FATAL] Updater:351 - Updater called before beeing initialized
2025-11-15 09:03:14,613 [FATAL] Updater:351 - Updater called before beeing initialized
2025-11-15 09:03:14,629 [INFO] DbMcusAds:53 - JSON generation date=Fri Nov 07 19:13:48 CST 2025 (1762514028606)
2025-11-15 09:03:14,629 [FATAL] Updater:351 - Updater called before beeing initialized
2025-11-15 09:03:14,690 [WARN] DetailPanel:346 - Failed to get advertising image, set to default
2025-11-15 09:03:14,768 [FATAL] Updater:351 - Updater called before beeing initialized
2025-11-15 09:03:14,769 [FATAL] Updater:351 - Updater called before beeing initialized
2025-11-15 09:03:14,769 [FATAL] Updater:351 - Updater called before beeing initialized
2025-11-15 09:03:14,769 [WARN] DetailPanel:346 - Failed to get advertising image, set to default
2025-11-15 09:03:14,770 [FATAL] Updater:351 - Updater called before beeing initialized
2025-11-15 09:03:14,812 [ERROR] Updater:1198 - MainUpdater not yet initialized. External WinMGr cannot be set.
2025-11-15 09:03:14,814 [INFO] Updater:1134 - Updater Version found : 6.15.0
2025-11-15 09:03:14,828 [INFO] ApplicationProperties:184 - Using Application install path: C:\ST\STM32CubeIDE_1.19.0\STM32CubeIDE\plugins\com.st.stm32cube.common.mx_6.15.0.202507011659
2025-11-15 09:03:16,352 [INFO] ThirdPartyUpdaterWithRetryManager:70 - Updater plugin not ready yet. [2/15]
2025-11-15 09:03:16,424 [ERROR] LogOutputStream:75 - [STDERR_REDIRECT] Nov 15, 2025 9:03:16 AM java.util.prefs.WindowsPreferences <init>
2025-11-15 09:03:16,426 [ERROR] LogOutputStream:75 - [STDERR_REDIRECT] WARNING: Could not open/create prefs root node Software\JavaSoft\Prefs at root 0xffffffff80000002. Windows RegCreateKeyEx(...) returned error code 5.
2025-11-15 09:03:16,426 [ERROR] LogOutputStream:75 - [STDERR_REDIRECT] 
2025-11-15 09:03:16,862 [INFO] MainUpdater:2872 - connection check result : 10
2025-11-15 09:03:16,862 [INFO] MainUpdater:3604 - Updater definition file requires update
2025-11-15 09:03:16,863 [INFO] MainUpdater:289 - Updater Check For Update Now.
2025-11-15 09:03:16,863 [INFO] MicroXplorer:498 - Change Database Version : DB.6.0.150
2025-11-15 09:03:16,869 [INFO] McuFinderGlobals:63 - Set McuFinder mode to 2 (CubeIDE integrated)
2025-11-15 09:03:16,869 [INFO] UserAuth:171 - activating auth plugin
2025-11-15 09:03:16,871 [INFO] UserAuth:487 - Internet connection configuration mode: 1
2025-11-15 09:03:16,881 [INFO] ServerAccessManage:452 - Complete download http(s) 200
2025-11-15 09:03:16,882 [INFO] ServerAccessManage:509 - Download File updaters.zip
2025-11-15 09:03:16,909 [INFO] JxBrowserEngine:152 - Initiate JxBrowser Engine with user profile folder
2025-11-15 09:03:16,984 [INFO] FileExtend:248 - Unzip File : updaters.zip
2025-11-15 09:03:16,984 [INFO] FileExtend:263 - Standard Zip Deflate
2025-11-15 09:03:17,715 [INFO] ServerAccessManage:452 - Complete download http(s) 200
2025-11-15 09:03:17,715 [INFO] ServerAccessManage:509 - Download File PacksControlFlags.xml
2025-11-15 09:03:18,355 [INFO] ServerAccessManage:452 - Complete download http(s) 200
2025-11-15 09:03:18,355 [INFO] ServerAccessManage:509 - Download File cubemx.pidx
2025-11-15 09:03:18,576 [INFO] LoadServerUpdatesThread:375 - End of LoadServerUpdate Thread
2025-11-15 09:03:18,805 [INFO] CheckServerUpdateThread:120 - End of CheckServer Thread
2025-11-15 09:03:19,197 [INFO] WebApp:169 - Instantiating new browser for Auth
2025-11-15 09:03:19,777 [WARN] PackLoader:240 - Cannot read IP mode file for STMicroelectronics.FP-SNS-MOTENVWB1.1.4.0
2025-11-15 09:03:19,788 [WARN] PackLoader:240 - Cannot read IP mode file for STMicroelectronics.FP-ATR-ASTRA1.2.0.2
2025-11-15 09:03:19,801 [WARN] PackLoader:240 - Cannot read IP mode file for STMicroelectronics.X-CUBE-SMBUS.2.1.0
2025-11-15 09:03:19,806 [WARN] PackLoader:240 - Cannot read IP mode file for STMicroelectronics.X-CUBE-ST60.1.0.0
2025-11-15 09:03:19,840 [WARN] PackLoader:240 - Cannot read IP mode file for STMicroelectronics.X-CUBE-AZRTOS-F7.1.1.0
2025-11-15 09:03:19,849 [WARN] PackLoader:240 - Cannot read IP mode file for STMicroelectronics.FP-SNS-MOTENV1.5.1.0
2025-11-15 09:03:19,866 [WARN] PackLoader:240 - Cannot read IP mode file for WES.I-CUBE-Cesium.1.4.0
2025-11-15 09:03:19,899 [WARN] PackLoader:240 - Cannot read IP mode file for Infineon.AIROC-Wi-Fi-Bluetooth-STM32.1.7.1
2025-11-15 09:03:19,943 [WARN] PackLoader:240 - Cannot read IP mode file for STMicroelectronics.X-CUBE-AZRTOS-H7.3.4.0
2025-11-15 09:03:19,957 [WARN] PackLoader:240 - Cannot read IP mode file for STMicroelectronics.X-CUBE-DISPLAY.3.0.0
2025-11-15 09:03:19,978 [WARN] PackLoader:240 - Cannot read IP mode file for STMicroelectronics.X-CUBE-NFC10.1.0.0
2025-11-15 09:03:19,983 [WARN] PackLoader:240 - Cannot read IP mode file for STMicroelectronics.X-CUBE-ST60.1.1.0
2025-11-15 09:03:19,989 [WARN] PackLoader:240 - Cannot read IP mode file for emotas.I-CUBE-CANOPEN.1.3.0
2025-11-15 09:03:19,996 [WARN] PackLoader:240 - Cannot read IP mode file for STMicroelectronics.X-CUBE-GNSS1.7.1.0
2025-11-15 09:03:20,005 [WARN] PackLoader:240 - Cannot read IP mode file for STMicroelectronics.FP-SNS-STBOX1.2.1.0
2025-11-15 09:03:20,011 [WARN] PackLoader:240 - Cannot read IP mode file for STMicroelectronics.FP-SNS-SMARTAG2.1.2.0
2025-11-15 09:03:20,016 [WARN] PackLoader:240 - Cannot read IP mode file for STMicroelectronics.FP-SNS-FLIGHT1.5.1.0
2025-11-15 09:03:20,026 [INFO] LogOutputStream:77 - [STDOUT_REDIRECT] 1 : Invalid condition id : UX_CORESTACK_Condition cause : null
2025-11-15 09:03:20,028 [INFO] LogOutputStream:77 - [STDOUT_REDIRECT] 1 : Invalid condition id : UX_CORESTACK_Condition cause : null
2025-11-15 09:03:20,030 [INFO] LogOutputStream:77 - [STDOUT_REDIRECT] 1 : Invalid condition id : UX_CORESTACK_Condition cause : null
2025-11-15 09:03:20,031 [INFO] LogOutputStream:77 - [STDOUT_REDIRECT] 1 : Invalid condition id : UX_CORESTACK_Condition cause : null
2025-11-15 09:03:20,033 [INFO] LogOutputStream:77 - [STDOUT_REDIRECT] 1 : Invalid condition id : UX_CORESTACK_Condition cause : null
2025-11-15 09:03:20,036 [WARN] PackLoader:240 - Cannot read IP mode file for STMicroelectronics.X-CUBE-AZRTOS-WL.2.0.0
2025-11-15 09:03:20,042 [WARN] PackLoader:240 - Cannot read IP mode file for STMicroelectronics.FP-SNS-MOTENV1.5.0.0
2025-11-15 09:03:20,050 [WARN] PackLoader:240 - Cannot read IP mode file for STMicroelectronics.X-CUBE-BLE2.3.3.0
2025-11-15 09:03:20,078 [WARN] PackLoader:240 - Cannot read IP mode file for STMicroelectronics.X-CUBE-NFC9.1.0.0
2025-11-15 09:03:20,086 [WARN] PackLoader:240 - Cannot read IP mode file for wolfSSL.I-CUBE-wolfSSL.5.8.2
2025-11-15 09:03:20,092 [WARN] PackLoader:240 - Cannot read IP mode file for STMicroelectronics.X-CUBE-BLE1.7.1.0
2025-11-15 09:03:20,096 [WARN] PackLoader:240 - Cannot read IP mode file for wolfSSL.I-CUBE-wolfMQTT.1.19.2
2025-11-15 09:03:20,102 [WARN] PackLoader:240 - Cannot read IP mode file for STMicroelectronics.X-CUBE-EEPRMA1.5.2.0
2025-11-15 09:03:20,109 [WARN] PackLoader:240 - Cannot read IP mode file for STMicroelectronics.X-CUBE-ST67W61.1.1.0
2025-11-15 09:03:20,127 [WARN] PackLoader:240 - Cannot read IP mode file for STMicroelectronics.X-CUBE-AZRTOS-G0.1.1.0
2025-11-15 09:03:20,135 [WARN] PackLoader:240 - Cannot read IP mode file for STMicroelectronics.X-CUBE-SAFEA1.1.2.2
2025-11-15 09:03:20,141 [WARN] PackLoader:240 - Cannot read IP mode file for STMicroelectronics.X-CUBE-NFC4.3.0.0
2025-11-15 09:03:20,149 [WARN] PackLoader:240 - Cannot read IP mode file for EmbeddedOffice.I-CUBE-FS-RTOS.1.0.1
2025-11-15 09:03:20,155 [WARN] PackLoader:240 - Cannot read IP mode file for STMicroelectronics.X-CUBE-WB05N.2.0.0
2025-11-15 09:03:20,160 [WARN] PackLoader:240 - Cannot read IP mode file for wolfSSL.I-CUBE-wolfTPM.3.8.0
2025-11-15 09:03:20,166 [WARN] PackLoader:240 - Cannot read IP mode file for STMicroelectronics.X-CUBE-TCPP.4.2.0
2025-11-15 09:03:20,173 [WARN] PackLoader:240 - Cannot read IP mode file for RealThread.X-CUBE-RT-Thread_Nano.4.1.1
2025-11-15 09:03:20,177 [WARN] PackLoader:240 - Cannot read IP mode file for STMicroelectronics.FP-ATR-SIGFOX1.3.2.0
2025-11-15 09:03:20,185 [WARN] PackLoader:240 - Cannot read IP mode file for ITTIA_DB.I-CUBE-ITTIADB.8.9.0
2025-11-15 09:03:20,195 [WARN] PackLoader:240 - Cannot read IP mode file for STMicroelectronics.X-CUBE-ST67W61.1.0.0
2025-11-15 09:03:20,199 [WARN] PackLoader:240 - Cannot read IP mode file for STMicroelectronics.X-CUBE-AI.10.2.0
2025-11-15 09:03:20,225 [WARN] PackLoader:240 - Cannot read IP mode file for SEGGER.I-CUBE-embOS.1.3.1
2025-11-15 09:03:20,262 [WARN] PackLoader:240 - Cannot read IP mode file for STMicroelectronics.X-CUBE-ALGOBUILD.1.4.0
2025-11-15 09:03:20,302 [WARN] PackLoader:240 - Cannot read IP mode file for STMicroelectronics.X-CUBE-MEMS1.11.3.0
2025-11-15 09:03:20,609 [WARN] PackLoader:240 - Cannot read IP mode file for STMicroelectronics.X-CUBE-PM33A1.1.0.0
2025-11-15 09:03:20,625 [WARN] PackLoader:240 - Cannot read IP mode file for STMicroelectronics.X-CUBE-AZRTOS-F4.1.1.0
2025-11-15 09:03:20,631 [WARN] PackLoader:240 - Cannot read IP mode file for Avnet-IotConnect.X-CUBE-IoTC-DA16k-PMOD.1.0.0
2025-11-15 09:03:20,636 [WARN] PackLoader:240 - Cannot read IP mode file for STMicroelectronics.X-CUBE-ISPU.2.1.0
2025-11-15 09:03:20,649 [WARN] PackLoader:240 - Cannot read IP mode file for STMicroelectronics.X-CUBE-IPS.3.2.0
2025-11-15 09:03:20,665 [WARN] PackLoader:240 - Cannot read IP mode file for STMicroelectronics.X-CUBE-NFC12.1.0.0
2025-11-15 09:03:20,681 [WARN] PackLoader:240 - Cannot read IP mode file for STMicroelectronics.X-CUBE-AZRTOS-L5.2.0.0
2025-11-15 09:03:20,691 [WARN] PackLoader:240 - Cannot read IP mode file for STMicroelectronics.X-CUBE-NFC6.3.1.0
2025-11-15 09:03:20,698 [WARN] PackLoader:240 - Cannot read IP mode file for STMicroelectronics.X-CUBE-FREERTOS.1.3.1
2025-11-15 09:03:20,709 [WARN] PackLoader:240 - Cannot read IP mode file for STMicroelectronics.X-CUBE-TOUCHGFX.4.26.0
2025-11-15 09:03:20,714 [WARN] PackLoader:240 - Cannot read IP mode file for STMicroelectronics.FP-SNS-STAIOTCFT.1.0.0
2025-11-15 09:03:20,719 [WARN] PackLoader:240 - Cannot read IP mode file for STMicroelectronics.X-CUBE-DPower.1.3.0
2025-11-15 09:03:20,736 [WARN] ConditionMgr:438 - getConditionDescription Invalid condition id : LAN8742 Phy interface Condition cause : null
2025-11-15 09:03:20,737 [WARN] PackLoader:240 - Cannot read IP mode file for STMicroelectronics.X-CUBE-AZRTOS-L4.2.0.0
2025-11-15 09:03:20,738 [WARN] ConditionMgr:1044 - genDependencies : Invalid condition id : LAN8742 Phy interface Condition cause : null
2025-11-15 09:03:20,738 [WARN] ConditionMgr:1044 - genDependencies : Invalid condition id : LAN8742 Phy interface Condition cause : null
2025-11-15 09:03:20,739 [WARN] ConditionMgr:1044 - genDependencies : Invalid condition id : LAN8742 Phy interface Condition cause : null
2025-11-15 09:03:20,748 [WARN] PackLoader:240 - Cannot read IP mode file for STMicroelectronics.X-CUBE-SFXS2LP1.4.0.0
2025-11-15 09:03:20,759 [WARN] PackLoader:240 - Cannot read IP mode file for STMicroelectronics.X-CUBE-BLEMGR.4.1.0
2025-11-15 09:03:20,772 [WARN] ConditionMgr:438 - getConditionDescription Invalid condition id : UX DEVICE CLASS RTOS Condition cause : null
2025-11-15 09:03:20,773 [WARN] ConditionMgr:438 - getConditionDescription Invalid condition id : UX DEVICE CLASS RTOS Condition cause : null
2025-11-15 09:03:20,774 [WARN] PackLoader:240 - Cannot read IP mode file for STMicroelectronics.X-CUBE-AZRTOS-WB.2.0.0
2025-11-15 09:03:20,775 [WARN] ConditionMgr:1044 - genDependencies : Invalid condition id : UX DEVICE CLASS RTOS Condition cause : null
2025-11-15 09:03:20,775 [WARN] ConditionMgr:1044 - genDependencies : Invalid condition id : UX DEVICE CLASS RTOS Condition cause : null
2025-11-15 09:03:20,775 [WARN] ConditionMgr:1044 - genDependencies : Invalid condition id : UX DEVICE CLASS RTOS Condition cause : null
2025-11-15 09:03:20,776 [WARN] ConditionMgr:1044 - genDependencies : Invalid condition id : UX DEVICE CLASS RTOS Condition cause : null
2025-11-15 09:03:20,776 [WARN] ConditionMgr:1044 - genDependencies : Invalid condition id : UX DEVICE CLASS RTOS Condition cause : null
2025-11-15 09:03:20,781 [WARN] PackLoader:240 - Cannot read IP mode file for STMicroelectronics.X-CUBE-GNSS1.7.0.1
2025-11-15 09:03:20,785 [WARN] PackLoader:240 - Cannot read IP mode file for STMicroelectronics.X-CUBE-TOUCHGFX.4.25.0
2025-11-15 09:03:20,789 [WARN] ConditionMgr:438 - getConditionDescription Invalid condition id : Cortex-A Device cause : null
2025-11-15 09:03:20,796 [WARN] ConditionMgr:1044 - genDependencies : Invalid condition id : Cortex-A Device cause : null
2025-11-15 09:03:20,797 [WARN] ConditionMgr:1044 - genDependencies : Invalid condition id : Cortex-A Device cause : null
2025-11-15 09:03:20,797 [WARN] ConditionMgr:1044 - genDependencies : Invalid condition id : Cortex-A Device cause : null
2025-11-15 09:03:20,807 [WARN] PackLoader:240 - Cannot read IP mode file for STMicroelectronics.X-CUBE-SUBG2.5.0.0
2025-11-15 09:03:20,831 [WARN] PackLoader:240 - Cannot read IP mode file for STMicroelectronics.X-CUBE-AZRTOS-H7RS.1.1.0
2025-11-15 09:03:20,837 [WARN] PackLoader:240 - Cannot read IP mode file for Cesanta.I-CUBE-Mongoose.7.13.0
2025-11-15 09:03:20,850 [WARN] PackLoader:240 - Cannot read IP mode file for STMicroelectronics.X-CUBE-AZRTOS-G4.2.0.0
2025-11-15 09:03:20,866 [WARN] PackLoader:240 - Cannot read IP mode file for wolfSSL.I-CUBE-wolfSSH.1.4.20
2025-11-15 09:03:20,872 [WARN] PackLoader:240 - Cannot read IP mode file for STMicroelectronics.X-CUBE-NFC7.2.0.0
2025-11-15 09:03:20,884 [WARN] PackLoader:240 - Cannot read IP mode file for STMicroelectronics.X-CUBE-IPS.3.1.0
2025-11-15 09:03:20,896 [WARN] PackLoader:240 - Cannot read IP mode file for STMicroelectronics.X-CUBE-ALS.1.0.2
2025-11-15 09:03:20,903 [WARN] PackLoader:240 - Cannot read IP mode file for STMicroelectronics.X-CUBE-STSE01.1.0.0
2025-11-15 09:03:20,917 [WARN] PackLoader:240 - Cannot read IP mode file for STMicroelectronics.X-CUBE-TOF1.3.4.3
2025-11-15 09:03:20,939 [INFO] ThirdParty:978 - Integrity check success = true
2025-11-15 09:03:20,939 [INFO] IntegrityCheckThread:100 - exiting critical section [integrity check]
2025-11-15 09:03:20,939 [INFO] IntegrityCheckThread:103 - End integrity checks thread
2025-11-15 09:03:21,626 [INFO] WebApp:463 - Apply proxy settings
2025-11-15 09:03:21,627 [INFO] WebApp:548 - Chromium requires no authentication
2025-11-15 09:03:21,664 [INFO] WebApp:491 - Direct internet connection detected
2025-11-15 09:03:21,740 [INFO] WebApp:900 - Register for checkConnection events
2025-11-15 09:03:21,740 [INFO] WebApp:463 - Apply proxy settings
2025-11-15 09:03:21,740 [INFO] WebApp:548 - Chromium requires no authentication
2025-11-15 09:03:21,741 [INFO] WebApp:491 - Direct internet connection detected
2025-11-15 09:03:21,932 [INFO] WebApp:191 - Connection restablished
2025-11-15 09:03:22,086 [INFO] WebApp:225 - Starting web application
2025-11-15 09:03:22,086 [INFO] WebApp:593 - Web application path used C:\ST\STM32CubeIDE_1.19.0\STM32CubeIDE\plugins\com.st.stm32cube.common.mx_6.15.0.202507011659\db\plugins\mcufinder\reactClient1\index.html
2025-11-15 15:28:34,191 [ERROR] LogOutputStream:75 - [STDERR_REDIRECT] 
2025-11-15 21:43:58,144 [INFO] Activator:176 - 


2025-11-15 21:43:58,154 [INFO] Activator:177 - !SESSION log4j initialized
2025-11-15 21:44:04,943 [INFO] LogOutputStream:77 - [STDOUT_REDIRECT] 
2025-11-15 21:44:18,731 [INFO] ApplicationProperties:184 - Using Application install path: C:\ST\STM32CubeIDE_1.19.0\STM32CubeIDE\plugins\com.st.stm32cube.common.mx_6.15.0.202507011659
2025-11-15 21:44:18,749 [INFO] DbMcusXml:78 - Set database path to: C:\ST\STM32CubeIDE_1.19.0\STM32CubeIDE\plugins\com.st.stm32cube.common.mx_6.15.0.202507011659\\db\/mcu/
2025-11-15 21:44:18,749 [INFO] ApiDb:274 - Set plugin database path to: C:\ST\STM32CubeIDE_1.19.0\STM32CubeIDE\plugins\com.st.stm32cube.common.mx_6.15.0.202507011659\\db\/plugins/boardmanager/
2025-11-15 21:44:18,749 [WARN] ApiDb:259 - Overriding images path with different value:  => C:\ST\STM32CubeIDE_1.19.0\STM32CubeIDE\plugins\com.st.stm32cube.common.mx_6.15.0.202507011659\\db\/plugins/mcufinder/images/
2025-11-15 21:44:18,755 [INFO] ApiDb:250 - Set database path to: C:\Users\user\.stmcufinder\plugins\mcufinder//mcu/
2025-11-15 21:44:18,756 [INFO] DbMcusAds:125 - Set database path to: C:\Users\user\.stmcufinder\plugins\mcufinder//mcu/
2025-11-15 21:44:18,766 [INFO] CrossReferenceDbSqlite:203 - Set database path to: C:\Users\user\.stmcufinder\plugins\mcufinder//mcu/cs/
2025-11-15 21:44:18,865 [INFO] RulesReader:64 - Compatibility file has been processed (317 Rules)
2025-11-15 21:44:18,957 [INFO] DbMcusXml:78 - Set database path to: C:\ST\STM32CubeIDE_1.19.0\STM32CubeIDE\plugins\com.st.stm32cube.common.mx_6.15.0.202507011659\\db\/mcu/
2025-11-15 21:44:18,957 [INFO] ApiDb:274 - Set plugin database path to: C:\ST\STM32CubeIDE_1.19.0\STM32CubeIDE\plugins\com.st.stm32cube.common.mx_6.15.0.202507011659\\db\/plugins/boardmanager/
2025-11-15 21:44:18,958 [INFO] ApiDb:261 - Set plugin images path to: C:\ST\STM32CubeIDE_1.19.0\STM32CubeIDE\plugins\com.st.stm32cube.common.mx_6.15.0.202507011659\\db\/plugins/mcufinder/images/
2025-11-15 21:44:18,958 [WARN] DbFile:41 - Overriding database path with different value: C:\Users\user\.stmcufinder\plugins\mcufinder/ => C:\Users\user\.stmcufinder\plugins\mcufinder
2025-11-15 21:44:18,958 [INFO] ApiDb:250 - Set database path to: C:\Users\user\.stmcufinder\plugins\mcufinder//mcu/
2025-11-15 21:44:18,958 [WARN] DbFile:41 - Overriding database path with different value: C:\Users\user\.stmcufinder\plugins\mcufinder/ => C:\Users\user\.stmcufinder\plugins\mcufinder
2025-11-15 21:44:18,958 [INFO] DbMcusAds:125 - Set database path to: C:\Users\user\.stmcufinder\plugins\mcufinder//mcu/
2025-11-15 21:44:18,958 [WARN] DbFile:41 - Overriding database path with different value: C:\Users\user\.stmcufinder\plugins\mcufinder/ => C:\Users\user\.stmcufinder\plugins\mcufinder
2025-11-15 21:44:18,958 [WARN] DbFile:41 - Overriding database path with different value: C:\Users\user\.stmcufinder\plugins\mcufinder/ => C:\Users\user\.stmcufinder\plugins\mcufinder
2025-11-15 21:44:18,958 [INFO] CrossReferenceDbSqlite:203 - Set database path to: C:\Users\user\.stmcufinder\plugins\mcufinder//mcu/cs/
2025-11-15 21:44:19,025 [INFO] MainPanel:274 - HeapMemory: 268435456
2025-11-15 21:44:19,137 [INFO] DbMcusXml:78 - Set database path to: C:\ST\STM32CubeIDE_1.19.0\STM32CubeIDE\plugins\com.st.stm32cube.common.mx_6.15.0.202507011659\\db\/mcu/
2025-11-15 21:44:19,137 [INFO] ApiDb:274 - Set plugin database path to: C:\ST\STM32CubeIDE_1.19.0\STM32CubeIDE\plugins\com.st.stm32cube.common.mx_6.15.0.202507011659\\db\/plugins/boardmanager/
2025-11-15 21:44:19,137 [INFO] ApiDb:261 - Set plugin images path to: C:\ST\STM32CubeIDE_1.19.0\STM32CubeIDE\plugins\com.st.stm32cube.common.mx_6.15.0.202507011659\\db\/plugins/mcufinder/images/
2025-11-15 21:44:19,137 [WARN] DbFile:41 - Overriding database path with different value: C:\Users\user\.stmcufinder\plugins\mcufinder/ => C:\Users\user\.stmcufinder\plugins\mcufinder
2025-11-15 21:44:19,137 [INFO] ApiDb:250 - Set database path to: C:\Users\user\.stmcufinder\plugins\mcufinder//mcu/
2025-11-15 21:44:19,137 [WARN] DbFile:41 - Overriding database path with different value: C:\Users\user\.stmcufinder\plugins\mcufinder/ => C:\Users\user\.stmcufinder\plugins\mcufinder
2025-11-15 21:44:19,137 [INFO] DbMcusAds:125 - Set database path to: C:\Users\user\.stmcufinder\plugins\mcufinder//mcu/
2025-11-15 21:44:19,137 [WARN] DbFile:41 - Overriding database path with different value: C:\Users\user\.stmcufinder\plugins\mcufinder/ => C:\Users\user\.stmcufinder\plugins\mcufinder
2025-11-15 21:44:19,137 [WARN] DbFile:41 - Overriding database path with different value: C:\Users\user\.stmcufinder\plugins\mcufinder/ => C:\Users\user\.stmcufinder\plugins\mcufinder
2025-11-15 21:44:19,137 [INFO] CrossReferenceDbSqlite:203 - Set database path to: C:\Users\user\.stmcufinder\plugins\mcufinder//mcu/cs/
2025-11-15 21:44:19,153 [INFO] ApplicationProperties:184 - Using Application install path: C:\ST\STM32CubeIDE_1.19.0\STM32CubeIDE\plugins\com.st.stm32cube.common.mx_6.15.0.202507011659
2025-11-15 21:44:19,154 [INFO] PluginManage:196 - Search for loadable plugins [exclusion list=, ]
2025-11-15 21:44:19,155 [INFO] PluginManage:310 - Check plugin analytics
2025-11-15 21:44:19,336 [INFO] AnalyticsPlugin:253 - Accepted Software Licenses: 
2025-11-15 21:44:19,336 [INFO] AnalyticsPlugin:255 - Accepted CMSIS Pack Licenses: 
2025-11-15 21:44:19,337 [INFO] AnalyticsPlugin:257 - Accepted Firmware Licenses: FW.L4.1.18.0
2025-11-15 21:44:19,340 [INFO] PluginManage:359 - Loaded plugin analytics (category:tool,tabindex:-1)
2025-11-15 21:44:19,341 [INFO] PluginManage:310 - Check plugin cadmodel
2025-11-15 21:44:19,349 [INFO] CADModel:105 - Init CAD model plugin
2025-11-15 21:44:19,350 [INFO] PluginManage:359 - Loaded plugin cadmodel (category:power,tabindex:5)
2025-11-15 21:44:19,350 [INFO] PluginManage:310 - Check plugin clock
2025-11-15 21:44:19,361 [INFO] PluginManage:359 - Loaded plugin clock (category:base,tabindex:2)
2025-11-15 21:44:19,362 [INFO] PluginManage:310 - Check plugin ddr
2025-11-15 21:44:19,364 [INFO] PluginManage:359 - Loaded plugin ddr (category:tool,tabindex:6)
2025-11-15 21:44:19,364 [INFO] PluginManage:310 - Check plugin filemanager
2025-11-15 21:44:19,494 [INFO] PluginManage:359 - Loaded plugin filemanager (category:base,tabindex:10)
2025-11-15 21:44:19,494 [INFO] PluginManage:310 - Check plugin ipmanager
2025-11-15 21:44:19,500 [INFO] PluginManage:359 - Loaded plugin ipmanager (category:base,tabindex:5)
2025-11-15 21:44:19,501 [INFO] PluginManage:310 - Check plugin lpbam
2025-11-15 21:44:19,510 [INFO] PluginManage:359 - Loaded plugin lpbam (category:base,tabindex:0)
2025-11-15 21:44:19,510 [INFO] PluginManage:310 - Check plugin memorymap
2025-11-15 21:44:19,524 [INFO] PluginManage:359 - Loaded plugin memorymap (category:base,tabindex:4)
2025-11-15 21:44:19,524 [INFO] PluginManage:310 - Check plugin pinoutandconfiguration
2025-11-15 21:44:19,533 [INFO] PluginManage:359 - Loaded plugin pinoutandconfiguration (category:base,tabindex:1)
2025-11-15 21:44:19,533 [INFO] PluginManage:310 - Check plugin pinoutconfig
2025-11-15 21:44:19,619 [WARN] SupportedApi:132 - Cannot load RTOS API schema: s4s-elt-must-match.1: The content of 'definitions' must match (annotation?, (simpleType | complexType)?, (unique | key | keyref)*)). A problem was found starting at: attribute.
2025-11-15 21:44:19,756 [INFO] PluginManage:359 - Loaded plugin pinoutconfig (category:base,tabindex:0)
2025-11-15 21:44:19,757 [INFO] PluginManage:310 - Check plugin power
2025-11-15 21:44:19,770 [INFO] PluginManage:359 - Loaded plugin power (category:power,tabindex:4)
2025-11-15 21:44:19,770 [INFO] PluginManage:310 - Check plugin projectmanager
2025-11-15 21:44:19,783 [INFO] PluginManage:359 - Loaded plugin projectmanager (category:projectmanager,tabindex:4)
2025-11-15 21:44:19,783 [INFO] PluginManage:310 - Check plugin rif
2025-11-15 21:44:19,793 [INFO] PluginManage:359 - Loaded plugin rif (category:base,tabindex:3)
2025-11-15 21:44:19,793 [INFO] PluginManage:310 - Check plugin thirdparty
2025-11-15 21:44:19,924 [INFO] PluginManage:359 - Loaded plugin thirdparty (category:base,tabindex:-1)
2025-11-15 21:44:19,924 [WARN] IntegrityCheckThread:84 - waiting for thirdparty lock release [integrity check]
2025-11-15 21:44:19,924 [INFO] PluginManage:310 - Check plugin tools
2025-11-15 21:44:19,924 [INFO] IntegrityCheckThread:86 - entering critical section [integrity check]
2025-11-15 21:44:19,925 [INFO] ThirdPartyUpdaterWithRetryManager:70 - Updater plugin not ready yet. [1/15]
2025-11-15 21:44:19,927 [INFO] PluginManage:359 - Loaded plugin tools (category:base,tabindex:7)
2025-11-15 21:44:19,927 [INFO] PluginManage:310 - Check plugin tutovideos
2025-11-15 21:44:20,128 [INFO] PluginManage:359 - Loaded plugin tutovideos (category:base,tabindex:-1)
2025-11-15 21:44:20,129 [INFO] PluginManage:310 - Check plugin updater
2025-11-15 21:44:20,147 [INFO] PluginManage:359 - Loaded plugin updater (category:base,tabindex:12)
2025-11-15 21:44:20,147 [INFO] PluginManage:310 - Check plugin userauth
2025-11-15 21:44:20,150 [INFO] UserAuth:118 - Init User Auth plugin
2025-11-15 21:44:20,151 [INFO] PluginManage:359 - Loaded plugin userauth (category:base,tabindex:14)
2025-11-15 21:44:20,151 [INFO] PluginManage:283 - PluginManage : Loaded plugins [18]
2025-11-15 21:44:20,331 [INFO] PinOutPanel:1589 - setPackage(No Configuration,No Configuration)
2025-11-15 21:44:20,403 [INFO] CADModel:165 - CPN selected for project level
2025-11-15 21:44:20,403 [INFO] CADModel:114 - Register for checkConnection events
2025-11-15 21:44:20,419 [INFO] IPUIPlugin:80 - create IPUIPlugin
2025-11-15 21:44:20,419 [INFO] PluginManager:220 - loadIPPluginJar : add adc
2025-11-15 21:44:20,422 [INFO] IPUIPlugin:80 - create IPUIPlugin
2025-11-15 21:44:20,423 [INFO] PluginManager:220 - loadIPPluginJar : add aes
2025-11-15 21:44:20,425 [INFO] IPUIPlugin:80 - create IPUIPlugin
2025-11-15 21:44:20,425 [INFO] PluginManager:220 - loadIPPluginJar : add can
2025-11-15 21:44:20,427 [INFO] IPUIPlugin:80 - create IPUIPlugin
2025-11-15 21:44:20,427 [INFO] PluginManager:220 - loadIPPluginJar : add comp
2025-11-15 21:44:20,429 [INFO] IPUIPlugin:80 - create IPUIPlugin
2025-11-15 21:44:20,429 [INFO] PluginManager:220 - loadIPPluginJar : add cryp
2025-11-15 21:44:20,433 [INFO] IPUIPlugin:80 - create IPUIPlugin
2025-11-15 21:44:20,433 [INFO] PluginManager:220 - loadIPPluginJar : add ddr_ctrl_phy
2025-11-15 21:44:20,435 [INFO] IPUIPlugin:80 - create IPUIPlugin
2025-11-15 21:44:20,435 [INFO] PluginManager:220 - loadIPPluginJar : add dfsdm
2025-11-15 21:44:20,439 [INFO] IPUIPlugin:80 - create IPUIPlugin
2025-11-15 21:44:20,440 [INFO] PluginManager:220 - loadIPPluginJar : add dma
2025-11-15 21:44:20,442 [INFO] IPUIPlugin:80 - create IPUIPlugin
2025-11-15 21:44:20,442 [INFO] PluginManager:220 - loadIPPluginJar : add dma3
2025-11-15 21:44:20,445 [INFO] IPUIPlugin:80 - create IPUIPlugin
2025-11-15 21:44:20,445 [INFO] PluginManager:220 - loadIPPluginJar : add extmemmanager
2025-11-15 21:44:20,446 [INFO] IPUIPlugin:80 - create IPUIPlugin
2025-11-15 21:44:20,446 [INFO] PluginManager:220 - loadIPPluginJar : add fatfs
2025-11-15 21:44:20,450 [INFO] IPUIPlugin:80 - create IPUIPlugin
2025-11-15 21:44:20,450 [INFO] PluginManager:220 - loadIPPluginJar : add fmc
2025-11-15 21:44:20,457 [INFO] IPUIPlugin:80 - create IPUIPlugin
2025-11-15 21:44:20,458 [INFO] PluginManager:220 - loadIPPluginJar : add freertos
2025-11-15 21:44:20,459 [INFO] IPUIPlugin:80 - create IPUIPlugin
2025-11-15 21:44:20,459 [INFO] PluginManager:220 - loadIPPluginJar : add genericplugin
2025-11-15 21:44:20,462 [INFO] IPUIPlugin:80 - create IPUIPlugin
2025-11-15 21:44:20,462 [INFO] PluginManager:220 - loadIPPluginJar : add gfxmmu
2025-11-15 21:44:20,466 [INFO] IPUIPlugin:80 - create IPUIPlugin
2025-11-15 21:44:20,466 [INFO] PluginManager:220 - loadIPPluginJar : add gic
2025-11-15 21:44:20,470 [INFO] IPUIPlugin:80 - create IPUIPlugin
2025-11-15 21:44:20,470 [INFO] PluginManager:220 - loadIPPluginJar : add gpio
2025-11-15 21:44:20,473 [INFO] IPUIPlugin:80 - create IPUIPlugin
2025-11-15 21:44:20,473 [INFO] PluginManager:220 - loadIPPluginJar : add gtzc
2025-11-15 21:44:20,476 [INFO] IPUIPlugin:80 - create IPUIPlugin
2025-11-15 21:44:20,477 [INFO] PluginManager:220 - loadIPPluginJar : add hash
2025-11-15 21:44:20,479 [INFO] IPUIPlugin:80 - create IPUIPlugin
2025-11-15 21:44:20,479 [INFO] PluginManager:220 - loadIPPluginJar : add i2c
2025-11-15 21:44:20,482 [INFO] IPUIPlugin:80 - create IPUIPlugin
2025-11-15 21:44:20,482 [INFO] PluginManager:220 - loadIPPluginJar : add i2s
2025-11-15 21:44:20,485 [INFO] IPUIPlugin:80 - create IPUIPlugin
2025-11-15 21:44:20,485 [INFO] PluginManager:220 - loadIPPluginJar : add i3c
2025-11-15 21:44:20,487 [INFO] IPUIPlugin:80 - create IPUIPlugin
2025-11-15 21:44:20,488 [INFO] PluginManager:220 - loadIPPluginJar : add ipddr
2025-11-15 21:44:20,493 [INFO] IPUIPlugin:80 - create IPUIPlugin
2025-11-15 21:44:20,493 [INFO] PluginManager:220 - loadIPPluginJar : add linkedlist
2025-11-15 21:44:20,499 [INFO] IPUIPlugin:80 - create IPUIPlugin
2025-11-15 21:44:20,499 [INFO] PluginManager:220 - loadIPPluginJar : add lorawan
2025-11-15 21:44:20,501 [INFO] IPUIPlugin:80 - create IPUIPlugin
2025-11-15 21:44:20,501 [INFO] PluginManager:220 - loadIPPluginJar : add ltdc
2025-11-15 21:44:20,505 [INFO] IPUIPlugin:80 - create IPUIPlugin
2025-11-15 21:44:20,506 [INFO] PluginManager:220 - loadIPPluginJar : add mdma
2025-11-15 21:44:20,509 [INFO] IPUIPlugin:80 - create IPUIPlugin
2025-11-15 21:44:20,509 [INFO] PluginManager:220 - loadIPPluginJar : add nvic
2025-11-15 21:44:20,512 [INFO] IPUIPlugin:80 - create IPUIPlugin
2025-11-15 21:44:20,512 [INFO] PluginManager:220 - loadIPPluginJar : add opamp
2025-11-15 21:44:20,514 [INFO] IPUIPlugin:80 - create IPUIPlugin
2025-11-15 21:44:20,514 [INFO] PluginManager:220 - loadIPPluginJar : add openamp
2025-11-15 21:44:20,517 [INFO] IPUIPlugin:80 - create IPUIPlugin
2025-11-15 21:44:20,517 [INFO] PluginManager:220 - loadIPPluginJar : add pdm2pcm
2025-11-15 21:44:20,522 [INFO] IPUIPlugin:80 - create IPUIPlugin
2025-11-15 21:44:20,523 [INFO] PluginManager:220 - loadIPPluginJar : add plateformsettings
2025-11-15 21:44:20,525 [INFO] IPUIPlugin:80 - create IPUIPlugin
2025-11-15 21:44:20,525 [INFO] PluginManager:220 - loadIPPluginJar : add quadspi
2025-11-15 21:44:20,526 [INFO] IPUIPlugin:80 - create IPUIPlugin
2025-11-15 21:44:20,527 [INFO] PluginManager:220 - loadIPPluginJar : add radio
2025-11-15 21:44:20,531 [INFO] IPUIPlugin:80 - create IPUIPlugin
2025-11-15 21:44:20,531 [INFO] PluginManager:220 - loadIPPluginJar : add resmgrutility
2025-11-15 21:44:20,534 [INFO] IPUIPlugin:80 - create IPUIPlugin
2025-11-15 21:44:20,534 [INFO] PluginManager:220 - loadIPPluginJar : add sai
2025-11-15 21:44:20,536 [INFO] IPUIPlugin:80 - create IPUIPlugin
2025-11-15 21:44:20,536 [INFO] PluginManager:220 - loadIPPluginJar : add spi
2025-11-15 21:44:20,540 [INFO] IPUIPlugin:80 - create IPUIPlugin
2025-11-15 21:44:20,540 [INFO] PluginManager:220 - loadIPPluginJar : add stm32_wpan
2025-11-15 21:44:20,542 [INFO] IPUIPlugin:80 - create IPUIPlugin
2025-11-15 21:44:20,542 [INFO] PluginManager:220 - loadIPPluginJar : add tim
2025-11-15 21:44:20,545 [INFO] IPUIPlugin:80 - create IPUIPlugin
2025-11-15 21:44:20,545 [INFO] PluginManager:220 - loadIPPluginJar : add touchsensing
2025-11-15 21:44:20,547 [INFO] IPUIPlugin:80 - create IPUIPlugin
2025-11-15 21:44:20,547 [INFO] PluginManager:220 - loadIPPluginJar : add tracer_emb
2025-11-15 21:44:20,549 [INFO] IPUIPlugin:80 - create IPUIPlugin
2025-11-15 21:44:20,549 [INFO] PluginManager:220 - loadIPPluginJar : add ts
2025-11-15 21:44:20,550 [INFO] IPUIPlugin:80 - create IPUIPlugin
2025-11-15 21:44:20,550 [INFO] PluginManager:220 - loadIPPluginJar : add tsc
2025-11-15 21:44:20,552 [INFO] IPUIPlugin:80 - create IPUIPlugin
2025-11-15 21:44:20,552 [INFO] PluginManager:220 - loadIPPluginJar : add ucpd
2025-11-15 21:44:20,554 [INFO] IPUIPlugin:80 - create IPUIPlugin
2025-11-15 21:44:20,554 [INFO] PluginManager:220 - loadIPPluginJar : add usart
2025-11-15 21:44:20,557 [INFO] IPUIPlugin:80 - create IPUIPlugin
2025-11-15 21:44:20,557 [INFO] PluginManager:220 - loadIPPluginJar : add usbx
2025-11-15 21:44:20,673 [FATAL] Updater:351 - Updater called before beeing initialized
2025-11-15 21:44:20,717 [INFO] RulesReader:64 - Compatibility file has been processed (317 Rules)
2025-11-15 21:44:20,726 [INFO] RulesReader:64 - Compatibility file has been processed (317 Rules)
2025-11-15 21:44:20,738 [INFO] CADModel:165 - CPN selected for project level
2025-11-15 21:44:20,738 [INFO] CADModel:114 - Register for checkConnection events
2025-11-15 21:44:20,738 [FATAL] Updater:351 - Updater called before beeing initialized
2025-11-15 21:44:20,738 [ERROR] CADModel:125 - Updater not yet initialized, retry later 
2025-11-15 21:44:20,886 [FATAL] Updater:351 - Updater called before beeing initialized
2025-11-15 21:44:20,888 [INFO] CADModel:165 - CPN selected for project level
2025-11-15 21:44:20,888 [INFO] CADModel:114 - Register for checkConnection events
2025-11-15 21:44:20,888 [FATAL] Updater:351 - Updater called before beeing initialized
2025-11-15 21:44:20,888 [ERROR] CADModel:125 - Updater not yet initialized, retry later 
2025-11-15 21:44:20,891 [FATAL] Updater:351 - Updater called before beeing initialized
2025-11-15 21:44:21,035 [FATAL] Updater:351 - Updater called before beeing initialized
2025-11-15 21:44:21,043 [INFO] DbMcusAds:53 - JSON generation date=Fri Nov 07 19:13:48 CST 2025 (1762514028606)
2025-11-15 21:44:21,044 [FATAL] Updater:351 - Updater called before beeing initialized
2025-11-15 21:44:21,087 [WARN] DetailPanel:346 - Failed to get advertising image, set to default
2025-11-15 21:44:21,157 [FATAL] Updater:351 - Updater called before beeing initialized
2025-11-15 21:44:21,158 [FATAL] Updater:351 - Updater called before beeing initialized
2025-11-15 21:44:21,158 [FATAL] Updater:351 - Updater called before beeing initialized
2025-11-15 21:44:21,158 [WARN] DetailPanel:346 - Failed to get advertising image, set to default
2025-11-15 21:44:21,159 [FATAL] Updater:351 - Updater called before beeing initialized
2025-11-15 21:44:21,200 [ERROR] Updater:1198 - MainUpdater not yet initialized. External WinMGr cannot be set.
2025-11-15 21:44:21,202 [INFO] Updater:1134 - Updater Version found : 6.15.0
2025-11-15 21:44:21,216 [INFO] ApplicationProperties:184 - Using Application install path: C:\ST\STM32CubeIDE_1.19.0\STM32CubeIDE\plugins\com.st.stm32cube.common.mx_6.15.0.202507011659
2025-11-15 21:44:22,801 [ERROR] LogOutputStream:75 - [STDERR_REDIRECT] Nov 15, 2025 9:44:22 PM java.util.prefs.WindowsPreferences <init>
2025-11-15 21:44:22,803 [ERROR] LogOutputStream:75 - [STDERR_REDIRECT] WARNING: Could not open/create prefs root node Software\JavaSoft\Prefs at root 0xffffffff80000002. Windows RegCreateKeyEx(...) returned error code 5.
2025-11-15 21:44:22,803 [ERROR] LogOutputStream:75 - [STDERR_REDIRECT] 
2025-11-15 21:44:22,926 [INFO] ThirdPartyUpdaterWithRetryManager:70 - Updater plugin not ready yet. [2/15]
2025-11-15 21:44:23,142 [INFO] MainUpdater:2872 - connection check result : 10
2025-11-15 21:44:23,143 [INFO] MainUpdater:289 - Updater Check For Update Now.
2025-11-15 21:44:23,143 [INFO] MicroXplorer:498 - Change Database Version : DB.6.0.150
2025-11-15 21:44:23,151 [INFO] McuFinderGlobals:63 - Set McuFinder mode to 2 (CubeIDE integrated)
2025-11-15 21:44:23,151 [INFO] UserAuth:171 - activating auth plugin
2025-11-15 21:44:23,154 [INFO] UserAuth:487 - Internet connection configuration mode: 1
2025-11-15 21:44:23,195 [INFO] JxBrowserEngine:152 - Initiate JxBrowser Engine with user profile folder
2025-11-15 21:44:23,335 [INFO] CheckServerUpdateThread:120 - End of CheckServer Thread
2025-11-15 21:44:25,042 [INFO] WebApp:169 - Instantiating new browser for Auth
2025-11-15 21:44:25,914 [INFO] WebApp:463 - Apply proxy settings
2025-11-15 21:44:25,915 [INFO] WebApp:548 - Chromium requires no authentication
2025-11-15 21:44:25,974 [INFO] WebApp:491 - Direct internet connection detected
2025-11-15 21:44:26,063 [INFO] WebApp:900 - Register for checkConnection events
2025-11-15 21:44:26,063 [INFO] WebApp:463 - Apply proxy settings
2025-11-15 21:44:26,063 [INFO] WebApp:548 - Chromium requires no authentication
2025-11-15 21:44:26,064 [INFO] WebApp:491 - Direct internet connection detected
2025-11-15 21:44:26,253 [WARN] PackLoader:240 - Cannot read IP mode file for STMicroelectronics.FP-SNS-MOTENVWB1.1.4.0
2025-11-15 21:44:26,263 [WARN] PackLoader:240 - Cannot read IP mode file for STMicroelectronics.FP-ATR-ASTRA1.2.0.2
2025-11-15 21:44:26,273 [WARN] PackLoader:240 - Cannot read IP mode file for STMicroelectronics.X-CUBE-SMBUS.2.1.0
2025-11-15 21:44:26,277 [WARN] PackLoader:240 - Cannot read IP mode file for STMicroelectronics.X-CUBE-ST60.1.0.0
2025-11-15 21:44:26,304 [WARN] PackLoader:240 - Cannot read IP mode file for STMicroelectronics.X-CUBE-AZRTOS-F7.1.1.0
2025-11-15 21:44:26,319 [WARN] PackLoader:240 - Cannot read IP mode file for STMicroelectronics.FP-SNS-MOTENV1.5.1.0
2025-11-15 21:44:26,331 [WARN] PackLoader:240 - Cannot read IP mode file for WES.I-CUBE-Cesium.1.4.0
2025-11-15 21:44:26,349 [WARN] PackLoader:240 - Cannot read IP mode file for Infineon.AIROC-Wi-Fi-Bluetooth-STM32.1.7.1
2025-11-15 21:44:26,368 [WARN] PackLoader:240 - Cannot read IP mode file for STMicroelectronics.X-CUBE-AZRTOS-H7.3.4.0
2025-11-15 21:44:26,378 [WARN] PackLoader:240 - Cannot read IP mode file for STMicroelectronics.X-CUBE-DISPLAY.3.0.0
2025-11-15 21:44:26,404 [WARN] PackLoader:240 - Cannot read IP mode file for STMicroelectronics.X-CUBE-NFC10.1.0.0
2025-11-15 21:44:26,410 [WARN] PackLoader:240 - Cannot read IP mode file for STMicroelectronics.X-CUBE-ST60.1.1.0
2025-11-15 21:44:26,416 [WARN] PackLoader:240 - Cannot read IP mode file for emotas.I-CUBE-CANOPEN.1.3.0
2025-11-15 21:44:26,421 [WARN] PackLoader:240 - Cannot read IP mode file for STMicroelectronics.X-CUBE-GNSS1.7.1.0
2025-11-15 21:44:26,426 [INFO] WebApp:191 - Connection restablished
2025-11-15 21:44:26,428 [WARN] PackLoader:240 - Cannot read IP mode file for STMicroelectronics.FP-SNS-STBOX1.2.1.0
2025-11-15 21:44:26,433 [WARN] PackLoader:240 - Cannot read IP mode file for STMicroelectronics.FP-SNS-SMARTAG2.1.2.0
2025-11-15 21:44:26,436 [WARN] PackLoader:240 - Cannot read IP mode file for STMicroelectronics.FP-SNS-FLIGHT1.5.1.0
2025-11-15 21:44:26,445 [INFO] LogOutputStream:77 - [STDOUT_REDIRECT] 1 : Invalid condition id : UX_CORESTACK_Condition cause : null
2025-11-15 21:44:26,446 [INFO] LogOutputStream:77 - [STDOUT_REDIRECT] 1 : Invalid condition id : UX_CORESTACK_Condition cause : null
2025-11-15 21:44:26,448 [INFO] LogOutputStream:77 - [STDOUT_REDIRECT] 1 : Invalid condition id : UX_CORESTACK_Condition cause : null
2025-11-15 21:44:26,449 [INFO] LogOutputStream:77 - [STDOUT_REDIRECT] 1 : Invalid condition id : UX_CORESTACK_Condition cause : null
2025-11-15 21:44:26,451 [INFO] LogOutputStream:77 - [STDOUT_REDIRECT] 1 : Invalid condition id : UX_CORESTACK_Condition cause : null
2025-11-15 21:44:26,453 [WARN] PackLoader:240 - Cannot read IP mode file for STMicroelectronics.X-CUBE-AZRTOS-WL.2.0.0
2025-11-15 21:44:26,457 [WARN] PackLoader:240 - Cannot read IP mode file for STMicroelectronics.FP-SNS-MOTENV1.5.0.0
2025-11-15 21:44:26,472 [WARN] PackLoader:240 - Cannot read IP mode file for STMicroelectronics.X-CUBE-BLE2.3.3.0
2025-11-15 21:44:26,503 [WARN] PackLoader:240 - Cannot read IP mode file for STMicroelectronics.X-CUBE-NFC9.1.0.0
2025-11-15 21:44:26,510 [WARN] PackLoader:240 - Cannot read IP mode file for wolfSSL.I-CUBE-wolfSSL.5.8.2
2025-11-15 21:44:26,514 [WARN] PackLoader:240 - Cannot read IP mode file for STMicroelectronics.X-CUBE-BLE1.7.1.0
2025-11-15 21:44:26,804 [INFO] WebApp:225 - Starting web application
2025-11-15 21:44:26,804 [INFO] WebApp:593 - Web application path used C:\ST\STM32CubeIDE_1.19.0\STM32CubeIDE\plugins\com.st.stm32cube.common.mx_6.15.0.202507011659\db\plugins\mcufinder\reactClient1\index.html
2025-11-15 21:44:26,904 [WARN] PackLoader:240 - Cannot read IP mode file for wolfSSL.I-CUBE-wolfMQTT.1.19.2
2025-11-15 21:44:26,926 [WARN] PackLoader:240 - Cannot read IP mode file for STMicroelectronics.X-CUBE-EEPRMA1.5.2.0
2025-11-15 21:44:26,937 [WARN] PackLoader:240 - Cannot read IP mode file for STMicroelectronics.X-CUBE-ST67W61.1.1.0
2025-11-15 21:44:26,952 [WARN] PackLoader:240 - Cannot read IP mode file for STMicroelectronics.X-CUBE-AZRTOS-G0.1.1.0
2025-11-15 21:44:26,959 [WARN] PackLoader:240 - Cannot read IP mode file for STMicroelectronics.X-CUBE-SAFEA1.1.2.2
2025-11-15 21:44:26,967 [WARN] PackLoader:240 - Cannot read IP mode file for STMicroelectronics.X-CUBE-NFC4.3.0.0
2025-11-15 21:44:26,977 [WARN] PackLoader:240 - Cannot read IP mode file for EmbeddedOffice.I-CUBE-FS-RTOS.1.0.1
2025-11-15 21:44:26,983 [WARN] PackLoader:240 - Cannot read IP mode file for STMicroelectronics.X-CUBE-WB05N.2.0.0
2025-11-15 21:44:26,989 [WARN] PackLoader:240 - Cannot read IP mode file for wolfSSL.I-CUBE-wolfTPM.3.8.0
2025-11-15 21:44:26,995 [WARN] PackLoader:240 - Cannot read IP mode file for STMicroelectronics.X-CUBE-TCPP.4.2.0
2025-11-15 21:44:27,010 [WARN] PackLoader:240 - Cannot read IP mode file for RealThread.X-CUBE-RT-Thread_Nano.4.1.1
2025-11-15 21:44:27,014 [WARN] PackLoader:240 - Cannot read IP mode file for STMicroelectronics.FP-ATR-SIGFOX1.3.2.0
2025-11-15 21:44:27,019 [WARN] PackLoader:240 - Cannot read IP mode file for ITTIA_DB.I-CUBE-ITTIADB.8.9.0
2025-11-15 21:44:27,027 [WARN] PackLoader:240 - Cannot read IP mode file for STMicroelectronics.X-CUBE-ST67W61.1.0.0
2025-11-15 21:44:27,031 [WARN] PackLoader:240 - Cannot read IP mode file for STMicroelectronics.X-CUBE-AI.10.2.0
2025-11-15 21:44:27,048 [WARN] PackLoader:240 - Cannot read IP mode file for SEGGER.I-CUBE-embOS.1.3.1
2025-11-15 21:44:27,073 [WARN] PackLoader:240 - Cannot read IP mode file for STMicroelectronics.X-CUBE-ALGOBUILD.1.4.0
2025-11-15 21:44:27,101 [WARN] PackLoader:240 - Cannot read IP mode file for STMicroelectronics.X-CUBE-MEMS1.11.3.0
2025-11-15 21:44:27,220 [WARN] PackLoader:240 - Cannot read IP mode file for STMicroelectronics.X-CUBE-PM33A1.1.0.0
2025-11-15 21:44:27,231 [WARN] PackLoader:240 - Cannot read IP mode file for STMicroelectronics.X-CUBE-AZRTOS-F4.1.1.0
2025-11-15 21:44:27,235 [WARN] PackLoader:240 - Cannot read IP mode file for Avnet-IotConnect.X-CUBE-IoTC-DA16k-PMOD.1.0.0
2025-11-15 21:44:27,238 [WARN] PackLoader:240 - Cannot read IP mode file for STMicroelectronics.X-CUBE-ISPU.2.1.0
2025-11-15 21:44:27,247 [WARN] PackLoader:240 - Cannot read IP mode file for STMicroelectronics.X-CUBE-IPS.3.2.0
2025-11-15 21:44:27,256 [WARN] PackLoader:240 - Cannot read IP mode file for STMicroelectronics.X-CUBE-NFC12.1.0.0
2025-11-15 21:44:27,267 [WARN] PackLoader:240 - Cannot read IP mode file for STMicroelectronics.X-CUBE-AZRTOS-L5.2.0.0
2025-11-15 21:44:27,276 [WARN] PackLoader:240 - Cannot read IP mode file for STMicroelectronics.X-CUBE-NFC6.3.1.0
2025-11-15 21:44:27,281 [WARN] PackLoader:240 - Cannot read IP mode file for STMicroelectronics.X-CUBE-FREERTOS.1.3.1
2025-11-15 21:44:27,287 [WARN] PackLoader:240 - Cannot read IP mode file for STMicroelectronics.X-CUBE-TOUCHGFX.4.26.0
2025-11-15 21:44:27,291 [WARN] PackLoader:240 - Cannot read IP mode file for STMicroelectronics.FP-SNS-STAIOTCFT.1.0.0
2025-11-15 21:44:27,295 [WARN] PackLoader:240 - Cannot read IP mode file for STMicroelectronics.X-CUBE-DPower.1.3.0
2025-11-15 21:44:27,306 [WARN] ConditionMgr:438 - getConditionDescription Invalid condition id : LAN8742 Phy interface Condition cause : null
2025-11-15 21:44:27,306 [WARN] PackLoader:240 - Cannot read IP mode file for STMicroelectronics.X-CUBE-AZRTOS-L4.2.0.0
2025-11-15 21:44:27,307 [WARN] ConditionMgr:1044 - genDependencies : Invalid condition id : LAN8742 Phy interface Condition cause : null
2025-11-15 21:44:27,307 [WARN] ConditionMgr:1044 - genDependencies : Invalid condition id : LAN8742 Phy interface Condition cause : null
2025-11-15 21:44:27,307 [WARN] ConditionMgr:1044 - genDependencies : Invalid condition id : LAN8742 Phy interface Condition cause : null
2025-11-15 21:44:27,313 [WARN] PackLoader:240 - Cannot read IP mode file for STMicroelectronics.X-CUBE-SFXS2LP1.4.0.0
2025-11-15 21:44:27,320 [WARN] PackLoader:240 - Cannot read IP mode file for STMicroelectronics.X-CUBE-BLEMGR.4.1.0
2025-11-15 21:44:27,330 [WARN] ConditionMgr:438 - getConditionDescription Invalid condition id : UX DEVICE CLASS RTOS Condition cause : null
2025-11-15 21:44:27,330 [WARN] ConditionMgr:438 - getConditionDescription Invalid condition id : UX DEVICE CLASS RTOS Condition cause : null
2025-11-15 21:44:27,331 [WARN] PackLoader:240 - Cannot read IP mode file for STMicroelectronics.X-CUBE-AZRTOS-WB.2.0.0
2025-11-15 21:44:27,331 [WARN] ConditionMgr:1044 - genDependencies : Invalid condition id : UX DEVICE CLASS RTOS Condition cause : null
2025-11-15 21:44:27,331 [WARN] ConditionMgr:1044 - genDependencies : Invalid condition id : UX DEVICE CLASS RTOS Condition cause : null
2025-11-15 21:44:27,331 [WARN] ConditionMgr:1044 - genDependencies : Invalid condition id : UX DEVICE CLASS RTOS Condition cause : null
2025-11-15 21:44:27,332 [WARN] ConditionMgr:1044 - genDependencies : Invalid condition id : UX DEVICE CLASS RTOS Condition cause : null
2025-11-15 21:44:27,332 [WARN] ConditionMgr:1044 - genDependencies : Invalid condition id : UX DEVICE CLASS RTOS Condition cause : null
2025-11-15 21:44:27,336 [WARN] PackLoader:240 - Cannot read IP mode file for STMicroelectronics.X-CUBE-GNSS1.7.0.1
2025-11-15 21:44:27,338 [WARN] PackLoader:240 - Cannot read IP mode file for STMicroelectronics.X-CUBE-TOUCHGFX.4.25.0
2025-11-15 21:44:27,342 [WARN] ConditionMgr:438 - getConditionDescription Invalid condition id : Cortex-A Device cause : null
2025-11-15 21:44:27,348 [WARN] ConditionMgr:1044 - genDependencies : Invalid condition id : Cortex-A Device cause : null
2025-11-15 21:44:27,348 [WARN] ConditionMgr:1044 - genDependencies : Invalid condition id : Cortex-A Device cause : null
2025-11-15 21:44:27,348 [WARN] ConditionMgr:1044 - genDependencies : Invalid condition id : Cortex-A Device cause : null
2025-11-15 21:44:27,355 [WARN] PackLoader:240 - Cannot read IP mode file for STMicroelectronics.X-CUBE-SUBG2.5.0.0
2025-11-15 21:44:27,369 [WARN] PackLoader:240 - Cannot read IP mode file for STMicroelectronics.X-CUBE-AZRTOS-H7RS.1.1.0
2025-11-15 21:44:27,374 [WARN] PackLoader:240 - Cannot read IP mode file for Cesanta.I-CUBE-Mongoose.7.13.0
2025-11-15 21:44:27,382 [WARN] PackLoader:240 - Cannot read IP mode file for STMicroelectronics.X-CUBE-AZRTOS-G4.2.0.0
2025-11-15 21:44:27,386 [WARN] PackLoader:240 - Cannot read IP mode file for wolfSSL.I-CUBE-wolfSSH.1.4.20
2025-11-15 21:44:27,389 [WARN] PackLoader:240 - Cannot read IP mode file for STMicroelectronics.X-CUBE-NFC7.2.0.0
2025-11-15 21:44:27,397 [WARN] PackLoader:240 - Cannot read IP mode file for STMicroelectronics.X-CUBE-IPS.3.1.0
2025-11-15 21:44:27,404 [WARN] PackLoader:240 - Cannot read IP mode file for STMicroelectronics.X-CUBE-ALS.1.0.2
2025-11-15 21:44:27,409 [WARN] PackLoader:240 - Cannot read IP mode file for STMicroelectronics.X-CUBE-STSE01.1.0.0
2025-11-15 21:44:27,416 [WARN] PackLoader:240 - Cannot read IP mode file for STMicroelectronics.X-CUBE-TOF1.3.4.3
2025-11-15 21:44:27,423 [INFO] ThirdParty:978 - Integrity check success = true
2025-11-15 21:44:27,423 [INFO] IntegrityCheckThread:100 - exiting critical section [integrity check]
2025-11-15 21:44:27,423 [INFO] IntegrityCheckThread:103 - End integrity checks thread
2025-11-15 22:03:56,113 [INFO] McuFinderGlobals:63 - Set McuFinder mode to 2 (CubeIDE integrated)
2025-11-15 22:03:56,119 [INFO] MainUpdater:2872 - connection check result : 10
2025-11-15 22:03:56,120 [INFO] MainUpdater:2872 - connection check result : 10
2025-11-15 22:03:56,168 [INFO] MicroXplorer:468 - Change Database Path : 
2025-11-15 22:03:56,168 [INFO] MicroXplorer:498 - Change Database Version : DB.6.0.150
2025-11-15 22:03:56,184 [WARN] ThirdParty:871 - waiting for thirdparty lock release [close project]
2025-11-15 22:03:56,185 [INFO] ThirdParty:873 - entering critical section [close project]
2025-11-15 22:03:56,186 [INFO] ThirdParty:883 - exiting critical section [close project]
2025-11-15 22:03:56,189 [INFO] PinOutPanel:1589 - setPackage(No Configuration,No Configuration)
2025-11-15 22:03:56,190 [INFO] UtilMem:75 - Begin LoadConfig() Used Memory: 672837328 Bytes (785383424)
2025-11-15 22:03:56,192 [INFO] MicroXplorer:468 - Change Database Path : 
2025-11-15 22:03:56,192 [INFO] MicroXplorer:498 - Change Database Version : DB.6.0.150
2025-11-15 22:03:56,192 [INFO] OpenFileManager:355 - Change cursor
2025-11-15 22:03:56,278 [INFO] Mcu:2029 - Initializing MCU STM32L476R(C-E-G)Tx STM32L476RGTx STM32L476RGT3
2025-11-15 22:03:58,629 [INFO] Context:786 - Trying to add GPIOservice into a context  which must be forbidden
2025-11-15 22:03:59,144 [INFO] ImportTextPane:234 - (OptionalMessage_ERROR) Pin12 (VP_RIF_VS_RIF1) cannot be retrieved for this MCU
2025-11-15 22:03:59,297 [INFO] RtosManager:558 - Registered RTOS mode: class=CMSIS, group=RTOS, mode=CMSIS_V1, owner=FREERTOS
2025-11-15 22:03:59,297 [INFO] RtosManager:558 - Registered RTOS mode: class=CMSIS, group=RTOS2, mode=CMSIS_V2, owner=FREERTOS
2025-11-15 22:03:59,298 [INFO] RtosManager:558 - Registered RTOS mode: class=RTOS, group=Core, mode=CMSIS_V1, owner=FREERTOS
2025-11-15 22:03:59,298 [INFO] RtosManager:558 - Registered RTOS mode: class=RTOS, group=Core, mode=CMSIS_V2, owner=FREERTOS
2025-11-15 22:03:59,298 [WARN] ModelIntegratedComponent:184 - Missing modes for component STMicroelectronics:FreeRTOS:0.0.1:STMicroelectronics:RTOS:FreeRTOS:Core:::10.2.0:
2025-11-15 22:03:59,316 [WARN] ModelIntegratedComponent:63 - No mode defined for component null
2025-11-15 22:03:59,316 [WARN] ModelIntegratedComponent:63 - No mode defined for component null
2025-11-15 22:03:59,316 [WARN] ModelIntegratedComponent:63 - No mode defined for component null
2025-11-15 22:03:59,316 [WARN] ModelIntegratedComponent:63 - No mode defined for component null
2025-11-15 22:03:59,316 [WARN] ModelIntegratedComponent:63 - No mode defined for component null
2025-11-15 22:03:59,317 [WARN] ModelIntegratedComponent:63 - No mode defined for component null
2025-11-15 22:03:59,317 [WARN] ModelIntegratedComponent:63 - No mode defined for component null
2025-11-15 22:03:59,317 [WARN] ModelIntegratedComponent:63 - No mode defined for component null
2025-11-15 22:03:59,317 [WARN] ModelIntegratedComponent:63 - No mode defined for component null
2025-11-15 22:03:59,317 [WARN] ModelIntegratedComponent:63 - No mode defined for component null
2025-11-15 22:03:59,317 [WARN] ModelIntegratedComponent:63 - No mode defined for component null
2025-11-15 22:03:59,317 [WARN] ModelIntegratedComponent:63 - No mode defined for component null
2025-11-15 22:03:59,317 [WARN] ModelIntegratedComponent:63 - No mode defined for component null
2025-11-15 22:03:59,317 [WARN] ModelIntegratedComponent:63 - No mode defined for component null
2025-11-15 22:03:59,317 [WARN] ModelIntegratedComponent:63 - No mode defined for component null
2025-11-15 22:03:59,317 [WARN] ModelIntegratedComponent:63 - No mode defined for component null
2025-11-15 22:03:59,317 [WARN] ModelIntegratedComponent:63 - No mode defined for component null
2025-11-15 22:03:59,317 [WARN] ModelIntegratedComponent:63 - No mode defined for component null
2025-11-15 22:03:59,317 [WARN] ModelIntegratedComponent:63 - No mode defined for component null
2025-11-15 22:03:59,317 [WARN] ModelIntegratedComponent:63 - No mode defined for component null
2025-11-15 22:03:59,317 [WARN] ModelIntegratedComponent:63 - No mode defined for component null
2025-11-15 22:03:59,318 [WARN] ModelIntegratedComponent:63 - No mode defined for component null
2025-11-15 22:03:59,318 [WARN] ModelIntegratedComponent:63 - No mode defined for component null
2025-11-15 22:03:59,318 [WARN] ModelIntegratedComponent:63 - No mode defined for component null
2025-11-15 22:03:59,318 [WARN] ModelIntegratedComponent:63 - No mode defined for component null
2025-11-15 22:03:59,318 [WARN] ModelIntegratedComponent:63 - No mode defined for component null
2025-11-15 22:03:59,318 [WARN] ModelIntegratedComponent:63 - No mode defined for component null
2025-11-15 22:03:59,318 [WARN] ModelIntegratedComponent:63 - No mode defined for component null
2025-11-15 22:03:59,318 [WARN] ModelIntegratedComponent:63 - No mode defined for component null
2025-11-15 22:03:59,318 [WARN] ModelIntegratedComponent:63 - No mode defined for component null
2025-11-15 22:03:59,318 [WARN] ModelIntegratedComponent:63 - No mode defined for component null
2025-11-15 22:03:59,318 [WARN] ModelIntegratedComponent:63 - No mode defined for component null
2025-11-15 22:03:59,318 [WARN] ModelIntegratedComponent:63 - No mode defined for component null
2025-11-15 22:03:59,318 [WARN] ModelIntegratedComponent:63 - No mode defined for component null
2025-11-15 22:03:59,318 [WARN] ModelIntegratedComponent:63 - No mode defined for component null
2025-11-15 22:03:59,319 [WARN] ModelPack:524 - Component already loaded: STMicroelectronics:HAL Drivers:0.0.0:STMicroelectronics:Device:STMicro_Driver:XSPI:HAL::0.0.1:HAL_XSPI
2025-11-15 22:03:59,411 [INFO] ThirdPartyModel:298 - Start build external matchings
2025-11-15 22:03:59,786 [INFO] ThirdPartyModel:316 - End build external matchings
2025-11-15 22:03:59,805 [INFO] ImportTextPane:234 - (OptionalMessage_ERROR) IP (RCC) : Invalid parameter (FamilyName)
2025-11-15 22:03:59,807 [INFO] ImportTextPane:234 - (OptionalMessage_ERROR) IP (RCC) : Parameter (RNGFreq_Value) has invalid value (64000000)
2025-11-15 22:03:59,808 [INFO] ImportTextPane:234 - (OptionalMessage_ERROR) IP (RCC) : Parameter (SDMMCFreq_Value) has invalid value (64000000)
2025-11-15 22:03:59,808 [INFO] ImportTextPane:234 - (OptionalMessage_ERROR) IP (RCC) : Parameter (USBFreq_Value) has invalid value (64000000)
2025-11-15 22:04:00,231 [INFO] ApiDb:581 - Connected to CubeFinder SQLite database (C:\Users\user\.stmcufinder\plugins\mcufinder\mcu\cube-finder-db.db)
2025-11-15 22:04:00,342 [INFO] ApiDb:668 - CubeFinder database Data Model version=2.1
2025-11-15 22:04:00,342 [INFO] ApiDb:669 - CubeFinder database Configuration version=3.0.39
2025-11-15 22:04:00,345 [INFO] ApiDb:670 - CubeFinder database generation date=2025-10-27 (1761571959)
2025-11-15 22:04:00,345 [INFO] ApiDb:671 - CubeFinder database FW Pack versions=[FP-ATR-ASTRA1_V2.0.0, FP-SNS-FLIGHT1_V5.1.0, FP-SNS-MOTENV1_V5.0.0, FP-SNS-MOTENVWB1_V1.4.0, FP-SNS-SMARTAG2_V1.2.0, FP-SNS-STBOX1_V2.1.0, STM32Cube_FW_C0_V1.4.0, STM32Cube_FW_F4_V1.28.3, STM32Cube_FW_F7_V1.17.4, STM32Cube_FW_G0_V1.6.2, STM32Cube_FW_G4_V1.6.1, STM32Cube_FW_H5_V1.5.0, STM32Cube_FW_H7RS_V1.2.0, STM32Cube_FW_H7_V1.12.1, STM32Cube_FW_L0_V1.12.2, STM32Cube_FW_L4_V1.18.1, STM32Cube_FW_L5_V1.5.1, STM32Cube_FW_N6_V1.2.0, STM32Cube_FW_U0_V1.3.0, STM32Cube_FW_U3_V1.2.1, STM32Cube_FW_U5_V1.8.0, STM32Cube_FW_WB0_V1.3.0, STM32Cube_FW_WBA_V1.7.0, STM32Cube_FW_WB_V1.23.0, STM32Cube_FW_WL3_V1.2.0, STM32Cube_FW_WL_V1.3.1, X-CUBE-ALGOBUILD_V1.4.0, X-CUBE-ALS_V1.0.2, X-CUBE-AZRTOS-F4_V1.1.0, X-CUBE-AZRTOS-F7_V1.1.0, X-CUBE-AZRTOS-G0_V1.1.0, X-CUBE-AZRTOS-G4_V2.0.0, X-CUBE-AZRTOS-H7RS_V1.1.0, X-CUBE-AZRTOS-H7_V3.4.0, X-CUBE-AZRTOS-L4_V2.0.0, X-CUBE-AZRTOS-L5_V2.0.0, X-CUBE-AZRTOS-WB_V2.0.0, X-CUBE-AZRTOS-WL_V2.0.0, X-CUBE-BLE1_V7.1.0, X-CUBE-BLE2_V3.3.0, X-CUBE-BLEMGR_V4.1.0, X-CUBE-EEPRMA1_V5.2.0, X-CUBE-FREERTOS_V1.3.1, X-CUBE-GNSS1_V6.0.0, X-CUBE-MEMS1_V11.3.0, X-CUBE-NFC4_V3.0.0, X-CUBE-NFC7_V2.0.0, X-CUBE-SFXS2LP1_V4.0.0, X-CUBE-ST67W61_V1.1.0, X-CUBE-SUBG2_V5.0.0, X-CUBE-TOF1_V3.4.3]
2025-11-15 22:04:00,501 [INFO] DbBoardsSqlite:226 - include board P-NUCLEO-WB55-NUCLEO as a kit item of type 'Nucleo-64'
2025-11-15 22:04:00,502 [INFO] DbBoardsSqlite:226 - include board P-NUCLEO-WB55-USBDONGLE as a kit item of type 'Nucleo USB Dongle'
2025-11-15 22:04:00,503 [INFO] DbBoardsSqlite:226 - include board STEVAL-IDP005V1 as a kit item of type 'Evaluation Board'
2025-11-15 22:04:00,503 [INFO] DbBoardsSqlite:226 - include board STEVAL-IDP005V2 as a kit item of type 'Evaluation Board'
2025-11-15 22:04:01,570 [INFO] ApiDb:240 - Found 880 in-development CPN: [B-G473E-ZEST1S, B-WB1M-WPAN1, B-WBA5M-WPAN, B-WL5M-SUBG1, NUCLEO-C031C6, NUCLEO-C051C8, NUCLEO-C071RB, NUCLEO-C092RC, NUCLEO-H503RB, NUCLEO-H533RE, NUCLEO-H563ZI, NUCLEO-H7S3L8, NUCLEO-N657X0-Q, NUCLEO-U031R8, NUCLEO-U083RC, NUCLEO-U385RG-Q, NUCLEO-U545RE-Q, NUCLEO-U5A5ZJ-Q, NUCLEO-WB05KZ, NUCLEO-WB07CC, NUCLEO-WB09KE, NUCLEO-WBA52CG, NUCLEO-WBA55CG, NUCLEO-WL33CC1, NUCLEO-WL33CC2, STEVAL-PROTEUS1, STEVAL-SMARTAG2, STEVAL-STWINBX1, STM320518-EVAL, STM32C0116-DK, STM32C011D6Y3TR, STM32C011D6Y6TR, STM32C011F4P3, STM32C011F4P6, STM32C011F4U3, STM32C011F4U6TR, STM32C011F6P3, STM32C011F6P6, STM32C011F6U3, STM32C011F6U6TR, STM32C011J4M3, STM32C011J4M6, STM32C011J6M3, STM32C011J6M6, STM32C0316-DK, STM32C031C4T3, STM32C031C4T6, STM32C031C4U3, STM32C031C4U6, STM32C031C6T3, STM32C031C6T6, STM32C031C6U3, STM32C031C6U6, STM32C031F4P3, STM32C031F4P6, STM32C031F6P3, STM32C031F6P6, STM32C031G4U3, STM32C031G4U6, STM32C031G6U3, STM32C031G6U6, STM32C031K4T3, STM32C031K4T6, STM32C031K4U3, STM32C031K4U6, STM32C031K6T3, STM32C031K6T6, STM32C031K6U3, STM32C031K6U6, STM32C051C6T6, STM32C051C6U6, STM32C051C8T6, STM32C051C8U6, STM32C051D8Y6TR, STM32C051F6P6, STM32C051F8P6, STM32C051G6U6, STM32C051G8U6, STM32C051K6T6, STM32C051K6U6, STM32C051K8T6, STM32C071C8T6, STM32C071C8T6N, STM32C071C8U6, STM32C071C8U6N, STM32C071CBT6, STM32C071CBT6N, STM32C071CBU6, STM32C071CBU6N, STM32C071F8P6, STM32C071F8P6N, STM32C071FBP6, STM32C071FBP6N, STM32C071FBY6TR, STM32C071G8U6, STM32C071G8U6N, STM32C071GBU6, STM32C071GBU6N, STM32C071K8T6, STM32C071K8T6N, STM32C071K8U6, STM32C071K8U6N, STM32C071KBT6, STM32C071KBT6N, STM32C071KBU6, STM32C071KBU6N, STM32C071R8T6, STM32C071R8T6N, STM32C071RBI6N, STM32C071RBT6, STM32C071RBT6N, STM32C091CBT6, STM32C091CBU6, STM32C091CCT6, STM32C091CCU6, STM32C091ECY6TR, STM32C091FBP6, STM32C091FCP6, STM32C091GBU6, STM32C091GCU6, STM32C091KBT6, STM32C091KBU6, STM32C091KCT6, STM32C091KCU6, STM32C091RBT6, STM32C091RCI6, STM32C091RCT6, STM32C092CBT6, STM32C092CBU6, STM32C092CCT6, STM32C092CCU6, STM32C092ECY6TR, STM32C092FBP6, STM32C092FCP6, STM32C092GBU6, STM32C092GCU6, STM32C092KBT6, STM32C092KBU6, STM32C092KCT6, STM32C092KCU6, STM32C092RBT6, STM32C092RCI6, STM32C092RCT6, STM32G071K8TXN, STM32G071K8UXN, STM32G081GBU6N, STM32G081KBT6N, STM32G081KBUXN, STM32G0B1CCT6N, STM32G0B1KCT6, STM32G0B1NEY6TR, STM32G0B1RCT6N, STM32G0C1CCT6, STM32G0C1CCT6N, STM32G0C1CCU6N, STM32G0C1CET6N, STM32G0C1CEU6N, STM32G0C1KCT6, STM32G0C1NEY6TR, STM32G0C1RCI6N, STM32G0C1RCT6N, STM32G0C1REI6N, STM32G0C1RET6N, STM32G0C1VCI6, STM32G0C1VEI6, STM32G411C6T3, STM32G411C6T6, STM32G411C6U3, STM32G411C6U6, STM32G411C8T3, STM32G411C8T6, STM32G411C8U3, STM32G411C8U6, STM32G411CBT3, STM32G411CBT6, STM32G411CBU3, STM32G411CBU6, STM32G411K6T3, STM32G411K6T6, STM32G411K6U3, STM32G411K6U6, STM32G411K8T3, STM32G411K8T6, STM32G411K8U3, STM32G411K8U6, STM32G411KBT3, STM32G411KBT6, STM32G411KBU3, STM32G411KBU6, STM32G411M6T3, STM32G411M6T6, STM32G411M8T3, STM32G411M8T6, STM32G411MBT3, STM32G411MBT6, STM32G411R6T3, STM32G411R6T6, STM32G411R8T3, STM32G411R8T6, STM32G411RBT3, STM32G411RBT6, STM32G414CBT3, STM32G414CBT6, STM32G414CBU3, STM32G414CBU6, STM32G414CCT3, STM32G414CCT6, STM32G414CCU3, STM32G414CCU6, STM32G414MBT3, STM32G414MBT6, STM32G414MCT3, STM32G414MCT6, STM32G414RBT3, STM32G414RBT6, STM32G414RCT3, STM32G414RCT6, STM32G414VBT3, STM32G414VBT6, STM32G414VCT3, STM32G414VCT6, STM32G431CBT3Z, STM32G431RBT3Z, STM32G471CCT6, STM32G471CCU6, STM32G471CET3, STM32G471CET6, STM32G471CEU3, STM32G471CEU6, STM32G471MCT6, STM32G471MET3, STM32G471MET6, STM32G471MEY6TR, STM32G471QCT6, STM32G471QET3, STM32G471RCT6, STM32G471RET3, STM32G471RET6, STM32G471VCH6, STM32G471VCI6, STM32G471VCT6, STM32G471VEH3, STM32G471VEH6, STM32G471VEI3, STM32G471VEI6, STM32G471VET3, STM32G471VET6, STM32G473QET3Z, STM32G473RET3Z, STM32G474CCT6, STM32G491RET3Z, STM32H503CBT6, STM32H503CBU6, STM32H503EBY6TR, STM32H503KBU6, STM32H503RBT6, STM32H523CCT6, STM32H523CCU6, STM32H523CET6, STM32H523CEU6, STM32H523HEY6TR, STM32H523RCT6, STM32H523RET6, STM32H523VCI6, STM32H523VCT6, STM32H523VEI6, STM32H523VET6, STM32H523ZCJ6, STM32H523ZCT6, STM32H523ZEJ6, STM32H523ZET6, STM32H533CET6, STM32H533CEU6, STM32H533HEY6TR, STM32H533RET6, STM32H533VEI6, STM32H533VET6, STM32H533ZEJ6, STM32H533ZET6, STM32H562AGI6, STM32H562AII6, STM32H562IGK6, STM32H562IGT6, STM32H562IIK6, STM32H562IIT6, STM32H562RGT6, STM32H562RGV6, STM32H562RIT6, STM32H562RIV6, STM32H562VGT6, STM32H562VIT6, STM32H562ZGT6, STM32H562ZIT6, STM32H563AGI6, STM32H563AII3Q, STM32H563AII6, STM32H563IGK6, STM32H563IGT6, STM32H563IIK3Q, STM32H563IIK6, STM32H563IIT3Q, STM32H563IIT6, STM32H563MIY3QTR, STM32H563RGT6, STM32H563RGV6, STM32H563RIT6, STM32H563RIV6, STM32H563VGT6, STM32H563VIT3Q, STM32H563VIT6, STM32H563ZGT6, STM32H563ZIT3Q, STM32H563ZIT6, STM32H573AII3Q, STM32H573AII6, STM32H573I-DK, STM32H573IIK3Q, STM32H573IIK6, STM32H573IIT3Q, STM32H573IIT6, STM32H573MIY3QTR, STM32H573RIT6, STM32H573RIV6, STM32H573VIT3Q, STM32H573VIT6, STM32H573ZIT3Q, STM32H573ZIT6, STM32H7R3A8I6, STM32H7R3I8K6, STM32H7R3I8T6, STM32H7R3L8H6, STM32H7R3L8H6H, STM32H7R3R8V6, STM32H7R3V8H6, STM32H7R3V8T6, STM32H7R3V8Y6TR, STM32H7R3Z8J6, STM32H7R3Z8T6, STM32H7R7A8I6, STM32H7R7I8K6, STM32H7R7I8T6, STM32H7R7L8H6, STM32H7R7L8H6H, STM32H7R7Z8J6, STM32H7S3A8I6, STM32H7S3I8K6, STM32H7S3I8T6, STM32H7S3L8H6, STM32H7S3L8H6H, STM32H7S3R8V6, STM32H7S3V8H6, STM32H7S3V8T6, STM32H7S3V8Y6TR, STM32H7S3Z8J6, STM32H7S3Z8T6, STM32H7S78-DK, STM32H7S7A8I6, STM32H7S7I8K6, STM32H7S7I8T6, STM32H7S7L8H6, STM32H7S7L8H6H, STM32H7S7Z8J6, STM32L4R5QGI6STR, STM32MP131AAE3, STM32MP131AAF3, STM32MP131AAG3, STM32MP131CAE3, STM32MP131CAF3, STM32MP131CAG3, STM32MP131DAE7, STM32MP131DAF7, STM32MP131DAG7, STM32MP131FAE7, STM32MP131FAF7, STM32MP131FAG7, STM32MP133AAE3, STM32MP133AAF3, STM32MP133AAG3, STM32MP133CAE3, STM32MP133CAF3, STM32MP133CAG3, STM32MP133DAE7, STM32MP133DAF7, STM32MP133DAG7, STM32MP133FAE7, STM32MP133FAF7, STM32MP133FAG7, STM32MP135AAE3, STM32MP135AAF3, STM32MP135AAG3, STM32MP135CAE3, STM32MP135CAF3, STM32MP135CAG3, STM32MP135DAE7, STM32MP135DAF7, STM32MP135DAG7, STM32MP135F-DK, STM32MP135FAE7, STM32MP135FAF7, STM32MP135FAF7T, STM32MP135FAF7U, STM32MP135FAG7, STM32MP211AAL3, STM32MP211AAM3, STM32MP211AAN3, STM32MP211AAO3, STM32MP211CAL3, STM32MP211CAM3, STM32MP211CAN3, STM32MP211CAO3, STM32MP211DAL3, STM32MP211DAM3, STM32MP211DAN3, STM32MP211DAO3, STM32MP211FAL3, STM32MP211FAM3, STM32MP211FAN3, STM32MP211FAO3, STM32MP213AAL3, STM32MP213AAM3, STM32MP213AAN3, STM32MP213AAO3, STM32MP213CAL3, STM32MP213CAM3, STM32MP213CAN3, STM32MP213CAO3, STM32MP213DAL3, STM32MP213DAM3, STM32MP213DAN3, STM32MP213DAO3, STM32MP213FAL3, STM32MP213FAM3, STM32MP213FAN3, STM32MP213FAO3, STM32MP215AAL3, STM32MP215AAM3, STM32MP215AAN3, STM32MP215AAO3, STM32MP215CAL3, STM32MP215CAM3, STM32MP215CAN3, STM32MP215CAO3, STM32MP215DAL3, STM32MP215DAM3, STM32MP215DAN3, STM32MP215DAO3, STM32MP215F-DK, STM32MP215FAL3, STM32MP215FAM3, STM32MP215FAN3, STM32MP215FAO3, STM32MP231AAJ3, STM32MP231AAK3, STM32MP231AAL3, STM32MP231CAJ3, STM32MP231CAK3, STM32MP231CAL3, STM32MP231DAJ3, STM32MP231DAK3, STM32MP231DAL3, STM32MP231FAJ3, STM32MP231FAK3, STM32MP231FAL3, STM32MP233AAJ3, STM32MP233AAK3, STM32MP233AAL3, STM32MP233CAJ3, STM32MP233CAK3, STM32MP233CAL3, STM32MP233DAJ3, STM32MP233DAK3, STM32MP233DAL3, STM32MP233FAJ3, STM32MP233FAK3, STM32MP233FAL3, STM32MP235AAJ3, STM32MP235AAK3, STM32MP235AAL3, STM32MP235CAJ3, STM32MP235CAK3, STM32MP235CAL3, STM32MP235DAJ3, STM32MP235DAK3, STM32MP235DAL3, STM32MP235FAJ3, STM32MP235FAK3, STM32MP235FAL3, STM32MP251AAI3, STM32MP251AAK3, STM32MP251AAL3, STM32MP251CAI3, STM32MP251CAK3, STM32MP251CAL3, STM32MP251DAI3, STM32MP251DAK3, STM32MP251DAL3, STM32MP251FAI3, STM32MP251FAK3, STM32MP251FAL3, STM32MP253AAI3, STM32MP253AAK3, STM32MP253AAL3, STM32MP253CAI3, STM32MP253CAK3, STM32MP253CAL3, STM32MP253DAI3, STM32MP253DAK3, STM32MP253DAL3, STM32MP253FAI3, STM32MP253FAK3, STM32MP253FAL3, STM32MP255AAI3, STM32MP255AAK3, STM32MP255AAL3, STM32MP255CAI3, STM32MP255CAK3, STM32MP255CAL3, STM32MP255DAI3, STM32MP255DAK3, STM32MP255DAL3, STM32MP255FAI3, STM32MP255FAK3, STM32MP255FAL3, STM32MP257AAI3, STM32MP257AAK3, STM32MP257AAL3, STM32MP257CAI3, STM32MP257CAK3, STM32MP257CAL3, STM32MP257DAI3, STM32MP257DAK3, STM32MP257DAL3, STM32MP257F-DK, STM32MP257F-EV1, STM32MP257FAI3, STM32MP257FAK3, STM32MP257FAL3, STM32N645A0H3Q, STM32N645B0H3Q, STM32N645I0H3Q, STM32N645L0H3Q, STM32N645X0H3Q, STM32N645Z0H3Q, STM32N647A0H3Q, STM32N647B0H3Q, STM32N647I0H3Q, STM32N647L0H3Q, STM32N647X0H3Q, STM32N647Z0H3Q, STM32N655A0H3Q, STM32N655B0H3Q, STM32N655I0H3Q, STM32N655L0H3Q, STM32N655X0H3Q, STM32N655Z0H3Q, STM32N6570-DK, STM32N657A0H3Q, STM32N657B0H3Q, STM32N657I0H3Q, STM32N657L0H3Q, STM32N657X0H3Q, STM32N657Z0H3Q, STM32U031C6T6, STM32U031C6U6, STM32U031C8T6, STM32U031C8U6, STM32U031F4P6, STM32U031F6P6, STM32U031F8P6, STM32U031G6Y6TR, STM32U031G8Y6TR, STM32U031K4U6, STM32U031K6U6, STM32U031K8U6, STM32U031R6I6, STM32U031R6T6, STM32U031R8I6, STM32U031R8T6, STM32U073C8T6, STM32U073C8U6, STM32U073CBT6, STM32U073CBU6, STM32U073CCT6, STM32U073CCU6, STM32U073H8Y6TR, STM32U073HBY6TR, STM32U073HCY6TR, STM32U073K8U6, STM32U073KBU6, STM32U073KCU6, STM32U073M8I6, STM32U073M8T6, STM32U073MBI6, STM32U073MBT6, STM32U073MCI6, STM32U073MCT6, STM32U073R8I6, STM32U073R8T6, STM32U073RBI6, STM32U073RBT6, STM32U073RCI6, STM32U073RCT6, STM32U083C-DK, STM32U083CCT6, STM32U083CCU6, STM32U083HCY6TR, STM32U083KCU6, STM32U083MCI6, STM32U083MCT6, STM32U083RCI6, STM32U083RCT6, STM32U375CET6, STM32U375CET6Q, STM32U375CEU6, STM32U375CEU6Q, STM32U375CEY6QTR, STM32U375CGT6, STM32U375CGT6Q, STM32U375CGU6, STM32U375CGU6Q, STM32U375CGY6QTR, STM32U375KEU6, STM32U375KGU6, STM32U375REI6, STM32U375REI6Q, STM32U375RET6, STM32U375RET6Q, STM32U375REY6GTR, STM32U375REY6QTR, STM32U375RGI6, STM32U375RGI6Q, STM32U375RGT6, STM32U375RGT6Q, STM32U375RGY6GTR, STM32U375RGY6QTR, STM32U375VEI6, STM32U375VEI6Q, STM32U375VET6, STM32U375VET6Q, STM32U375VGI6, STM32U375VGI6Q, STM32U375VGT6, STM32U375VGT6Q, STM32U385CGT6, STM32U385CGT6Q, STM32U385CGU6, STM32U385CGU6Q, STM32U385CGY6QTR, STM32U385KGU6, STM32U385RGI6, STM32U385RGI6Q, STM32U385RGT6, STM32U385RGT6Q, STM32U385RGY6GTR, STM32U385RGY6QTR, STM32U385VGI6, STM32U385VGI6Q, STM32U385VGT6, STM32U385VGT6Q, STM32U535CBT6, STM32U535CBT6Q, STM32U535CBU6, STM32U535CBU6Q, STM32U535CCT6, STM32U535CCT6Q, STM32U535CCU6, STM32U535CCU6Q, STM32U535CET6, STM32U535CET6Q, STM32U535CEU6, STM32U535CEU6Q, STM32U535JEY6QTR, STM32U535NCY6QTR, STM32U535NEY6QTR, STM32U535RBI6, STM32U535RBI6Q, STM32U535RBT6, STM32U535RBT6Q, STM32U535RCI6, STM32U535RCI6Q, STM32U535RCT6, STM32U535RCT6Q, STM32U535REI6, STM32U535REI6Q, STM32U535RET6, STM32U535RET6Q, STM32U535VCI6, STM32U535VCI6Q, STM32U535VCT6, STM32U535VCT6Q, STM32U535VEI6, STM32U535VEI6Q, STM32U535VET6, STM32U535VET6Q, STM32U545CET6, STM32U545CET6Q, STM32U545CEU6, STM32U545CEU6Q, STM32U545JEY6QTR, STM32U545NEY6QTR, STM32U545REI6, STM32U545REI6Q, STM32U545RET6, STM32U545RET6Q, STM32U545VEI6, STM32U545VEI6Q, STM32U545VET6, STM32U545VET6Q, STM32U595AIH6, STM32U595AIH6Q, STM32U595AJH6, STM32U595AJH6Q, STM32U595QII6, STM32U595QII6Q, STM32U595QJI6, STM32U595QJI6Q, STM32U595RIT6, STM32U595RIT6Q, STM32U595RJT6, STM32U595RJT6Q, STM32U595VIT6, STM32U595VIT6Q, STM32U595VJT6, STM32U595VJT6Q, STM32U595ZIT6, STM32U595ZIT6Q, STM32U595ZIY6QTR, STM32U595ZJT6, STM32U595ZJT6Q, STM32U595ZJY6QTR, STM32U599BJY6QTR, STM32U599NIH6Q, STM32U599NJH6Q, STM32U599VIT6Q, STM32U599VJT6, STM32U599VJT6Q, STM32U599ZIT6Q, STM32U599ZIY6QTR, STM32U599ZJT6Q, STM32U599ZJY6QTR, STM32U5A5AJH6, STM32U5A5AJH6Q, STM32U5A5QII3Q , STM32U5A5QJI6, STM32U5A5QJI6Q, STM32U5A5RJT6, STM32U5A5RJT6Q, STM32U5A5VJT6, STM32U5A5VJT6Q, STM32U5A5ZJT6, STM32U5A5ZJT6Q, STM32U5A5ZJY6QTR, STM32U5A9BJY6QTR, STM32U5A9J-DK, STM32U5A9NJH6Q, STM32U5A9VJT6Q, STM32U5A9ZJT6Q, STM32U5A9ZJY6QTR, STM32U5F7VIT6, STM32U5F7VIT6Q, STM32U5F7VJT6, STM32U5F7VJT6Q, STM32U5F9BJY6QTR, STM32U5F9NJH6Q, STM32U5F9VIT6Q, STM32U5F9VJT6Q, STM32U5F9ZIJ6QTR, STM32U5F9ZIT6Q, STM32U5F9ZJJ6QTR, STM32U5F9ZJT6Q, STM32U5G7VJT6, STM32U5G7VJT6Q, STM32U5G9BJY6QTR, STM32U5G9J-DK1, STM32U5G9J-DK2, STM32U5G9NJH6Q, STM32U5G9VJT6Q, STM32U5G9ZJJ6QTR, STM32U5G9ZJT6Q, STM32WB05KZV6TR, STM32WB05KZV7TR, STM32WB05TZF6TR, STM32WB05TZF7TR, STM32WB06CCF6TR, STM32WB06CCF7TR, STM32WB06CCV6TR, STM32WB06CCV7TR, STM32WB06KCV6TR, STM32WB06KCV7TR, STM32WB07CCF6TR, STM32WB07CCF7TR, STM32WB07CCV6TR, STM32WB07CCV7TR, STM32WB07KCV6TR, STM32WB07KCV7TR, STM32WB09KEV6TR, STM32WB09KEV7TR, STM32WB09TEF6TR, STM32WB09TEF7TR, STM32WB1MMCH6, STM32WBA50KGU6, STM32WBA50KGU6TR, STM32WBA52CEU6, STM32WBA52CEU6TR, STM32WBA52CEU7, STM32WBA52CEU7TR, STM32WBA52CGU6, STM32WBA52CGU6TR, STM32WBA52CGU6U, STM32WBA52CGU7, STM32WBA52CGU7TR, STM32WBA52KEU6, STM32WBA52KEU6TR, STM32WBA52KGU6, STM32WBA52KGU6TR, STM32WBA54CEU6, STM32WBA54CEU6TR, STM32WBA54CEU7, STM32WBA54CEU7TR, STM32WBA54CGU6, STM32WBA54CGU6TR, STM32WBA54CGU7, STM32WBA54CGU7TR, STM32WBA54KEU6, STM32WBA54KEU6TR, STM32WBA54KEU7, STM32WBA54KEU7TR, STM32WBA54KGU6, STM32WBA54KGU6TR, STM32WBA54KGU7, STM32WBA54KGU7TR, STM32WBA55CEU6, STM32WBA55CEU6TR, STM32WBA55CEU7, STM32WBA55CEU7TR, STM32WBA55CGU6, STM32WBA55CGU6TR, STM32WBA55CGU6U, STM32WBA55CGU7, STM32WBA55CGU7TR, STM32WBA55G-DK1, STM32WBA55HEF6, STM32WBA55HEF7, STM32WBA55HGF6, STM32WBA55HGF7, STM32WBA55UEI6, STM32WBA55UEI6TR, STM32WBA55UEI7, STM32WBA55UEI7TR, STM32WBA55UGI6, STM32WBA55UGI6TR, STM32WBA55UGI7, STM32WBA55UGI7TR, STM32WBA5MMGH6TR, STM32WBA62MGF6, STM32WBA62MIF6, STM32WBA65MGF7, STM32WBA65MIF6, STM32WBA65MIF7, STM32WL30K8V6, STM32WL30KBV6, STM32WL31C8V6, STM32WL31CBV6, STM32WL31K8V6, STM32WL31KBV6, STM32WL33C8V6, STM32WL33C8V6X, STM32WL33CBV6, STM32WL33CBV6X, STM32WL33CCV6, STM32WL33CCV6A, STM32WL33CCV6X, STM32WL33K8V7, STM32WL33K8V7X, STM32WL33KBV7 , STM32WL33KBV7X, STM32WL33KCV7, STM32WL33KCV7X, STM32WL5MOCH6, STM32WL5MOCH6TR]
2025-11-15 22:04:01,789 [INFO] BoardInfo:889 - No configuration file found for board P-NUCLEO-WB55
2025-11-15 22:04:01,791 [INFO] DbBoards:161 - Kit is not supported: P-NUCLEO-WB55
2025-11-15 22:04:01,798 [INFO] BoardInfo:889 - No configuration file found for board STEVAL-BFA001V1B
2025-11-15 22:04:01,799 [INFO] DbBoards:161 - Kit is not supported: STEVAL-BFA001V1B
2025-11-15 22:04:01,800 [INFO] BoardInfo:889 - No configuration file found for board STEVAL-BFA001V2B
2025-11-15 22:04:01,801 [INFO] DbBoards:161 - Kit is not supported: STEVAL-BFA001V2B
2025-11-15 22:04:02,021 [INFO] DbBoards:168 - Found 212 boards, 209 are supported
2025-11-15 22:04:02,021 [INFO] DbBoards:169 - Found 212 boards, 43 of them is supported for  Bsp
2025-11-15 22:04:02,025 [INFO] ApiDb:668 - CubeFinder database Data Model version=2.1
2025-11-15 22:04:02,025 [INFO] ApiDb:669 - CubeFinder database Configuration version=3.0.39
2025-11-15 22:04:02,025 [INFO] ApiDb:670 - CubeFinder database generation date=2025-10-27 (1761571959)
2025-11-15 22:04:02,025 [INFO] ApiDb:671 - CubeFinder database FW Pack versions=[FP-ATR-ASTRA1_V2.0.0, FP-SNS-FLIGHT1_V5.1.0, FP-SNS-MOTENV1_V5.0.0, FP-SNS-MOTENVWB1_V1.4.0, FP-SNS-SMARTAG2_V1.2.0, FP-SNS-STBOX1_V2.1.0, STM32Cube_FW_C0_V1.4.0, STM32Cube_FW_F4_V1.28.3, STM32Cube_FW_F7_V1.17.4, STM32Cube_FW_G0_V1.6.2, STM32Cube_FW_G4_V1.6.1, STM32Cube_FW_H5_V1.5.0, STM32Cube_FW_H7RS_V1.2.0, STM32Cube_FW_H7_V1.12.1, STM32Cube_FW_L0_V1.12.2, STM32Cube_FW_L4_V1.18.1, STM32Cube_FW_L5_V1.5.1, STM32Cube_FW_N6_V1.2.0, STM32Cube_FW_U0_V1.3.0, STM32Cube_FW_U3_V1.2.1, STM32Cube_FW_U5_V1.8.0, STM32Cube_FW_WB0_V1.3.0, STM32Cube_FW_WBA_V1.7.0, STM32Cube_FW_WB_V1.23.0, STM32Cube_FW_WL3_V1.2.0, STM32Cube_FW_WL_V1.3.1, X-CUBE-ALGOBUILD_V1.4.0, X-CUBE-ALS_V1.0.2, X-CUBE-AZRTOS-F4_V1.1.0, X-CUBE-AZRTOS-F7_V1.1.0, X-CUBE-AZRTOS-G0_V1.1.0, X-CUBE-AZRTOS-G4_V2.0.0, X-CUBE-AZRTOS-H7RS_V1.1.0, X-CUBE-AZRTOS-H7_V3.4.0, X-CUBE-AZRTOS-L4_V2.0.0, X-CUBE-AZRTOS-L5_V2.0.0, X-CUBE-AZRTOS-WB_V2.0.0, X-CUBE-AZRTOS-WL_V2.0.0, X-CUBE-BLE1_V7.1.0, X-CUBE-BLE2_V3.3.0, X-CUBE-BLEMGR_V4.1.0, X-CUBE-EEPRMA1_V5.2.0, X-CUBE-FREERTOS_V1.3.1, X-CUBE-GNSS1_V6.0.0, X-CUBE-MEMS1_V11.3.0, X-CUBE-NFC4_V3.0.0, X-CUBE-NFC7_V2.0.0, X-CUBE-SFXS2LP1_V4.0.0, X-CUBE-ST67W61_V1.1.0, X-CUBE-SUBG2_V5.0.0, X-CUBE-TOF1_V3.4.3]
2025-11-15 22:04:03,614 [INFO] ApiDb:240 - Found 880 in-development CPN: [B-G473E-ZEST1S, B-WB1M-WPAN1, B-WBA5M-WPAN, B-WL5M-SUBG1, NUCLEO-C031C6, NUCLEO-C051C8, NUCLEO-C071RB, NUCLEO-C092RC, NUCLEO-H503RB, NUCLEO-H533RE, NUCLEO-H563ZI, NUCLEO-H7S3L8, NUCLEO-N657X0-Q, NUCLEO-U031R8, NUCLEO-U083RC, NUCLEO-U385RG-Q, NUCLEO-U545RE-Q, NUCLEO-U5A5ZJ-Q, NUCLEO-WB05KZ, NUCLEO-WB07CC, NUCLEO-WB09KE, NUCLEO-WBA52CG, NUCLEO-WBA55CG, NUCLEO-WL33CC1, NUCLEO-WL33CC2, STEVAL-PROTEUS1, STEVAL-SMARTAG2, STEVAL-STWINBX1, STM320518-EVAL, STM32C0116-DK, STM32C011D6Y3TR, STM32C011D6Y6TR, STM32C011F4P3, STM32C011F4P6, STM32C011F4U3, STM32C011F4U6TR, STM32C011F6P3, STM32C011F6P6, STM32C011F6U3, STM32C011F6U6TR, STM32C011J4M3, STM32C011J4M6, STM32C011J6M3, STM32C011J6M6, STM32C0316-DK, STM32C031C4T3, STM32C031C4T6, STM32C031C4U3, STM32C031C4U6, STM32C031C6T3, STM32C031C6T6, STM32C031C6U3, STM32C031C6U6, STM32C031F4P3, STM32C031F4P6, STM32C031F6P3, STM32C031F6P6, STM32C031G4U3, STM32C031G4U6, STM32C031G6U3, STM32C031G6U6, STM32C031K4T3, STM32C031K4T6, STM32C031K4U3, STM32C031K4U6, STM32C031K6T3, STM32C031K6T6, STM32C031K6U3, STM32C031K6U6, STM32C051C6T6, STM32C051C6U6, STM32C051C8T6, STM32C051C8U6, STM32C051D8Y6TR, STM32C051F6P6, STM32C051F8P6, STM32C051G6U6, STM32C051G8U6, STM32C051K6T6, STM32C051K6U6, STM32C051K8T6, STM32C071C8T6, STM32C071C8T6N, STM32C071C8U6, STM32C071C8U6N, STM32C071CBT6, STM32C071CBT6N, STM32C071CBU6, STM32C071CBU6N, STM32C071F8P6, STM32C071F8P6N, STM32C071FBP6, STM32C071FBP6N, STM32C071FBY6TR, STM32C071G8U6, STM32C071G8U6N, STM32C071GBU6, STM32C071GBU6N, STM32C071K8T6, STM32C071K8T6N, STM32C071K8U6, STM32C071K8U6N, STM32C071KBT6, STM32C071KBT6N, STM32C071KBU6, STM32C071KBU6N, STM32C071R8T6, STM32C071R8T6N, STM32C071RBI6N, STM32C071RBT6, STM32C071RBT6N, STM32C091CBT6, STM32C091CBU6, STM32C091CCT6, STM32C091CCU6, STM32C091ECY6TR, STM32C091FBP6, STM32C091FCP6, STM32C091GBU6, STM32C091GCU6, STM32C091KBT6, STM32C091KBU6, STM32C091KCT6, STM32C091KCU6, STM32C091RBT6, STM32C091RCI6, STM32C091RCT6, STM32C092CBT6, STM32C092CBU6, STM32C092CCT6, STM32C092CCU6, STM32C092ECY6TR, STM32C092FBP6, STM32C092FCP6, STM32C092GBU6, STM32C092GCU6, STM32C092KBT6, STM32C092KBU6, STM32C092KCT6, STM32C092KCU6, STM32C092RBT6, STM32C092RCI6, STM32C092RCT6, STM32G071K8TXN, STM32G071K8UXN, STM32G081GBU6N, STM32G081KBT6N, STM32G081KBUXN, STM32G0B1CCT6N, STM32G0B1KCT6, STM32G0B1NEY6TR, STM32G0B1RCT6N, STM32G0C1CCT6, STM32G0C1CCT6N, STM32G0C1CCU6N, STM32G0C1CET6N, STM32G0C1CEU6N, STM32G0C1KCT6, STM32G0C1NEY6TR, STM32G0C1RCI6N, STM32G0C1RCT6N, STM32G0C1REI6N, STM32G0C1RET6N, STM32G0C1VCI6, STM32G0C1VEI6, STM32G411C6T3, STM32G411C6T6, STM32G411C6U3, STM32G411C6U6, STM32G411C8T3, STM32G411C8T6, STM32G411C8U3, STM32G411C8U6, STM32G411CBT3, STM32G411CBT6, STM32G411CBU3, STM32G411CBU6, STM32G411K6T3, STM32G411K6T6, STM32G411K6U3, STM32G411K6U6, STM32G411K8T3, STM32G411K8T6, STM32G411K8U3, STM32G411K8U6, STM32G411KBT3, STM32G411KBT6, STM32G411KBU3, STM32G411KBU6, STM32G411M6T3, STM32G411M6T6, STM32G411M8T3, STM32G411M8T6, STM32G411MBT3, STM32G411MBT6, STM32G411R6T3, STM32G411R6T6, STM32G411R8T3, STM32G411R8T6, STM32G411RBT3, STM32G411RBT6, STM32G414CBT3, STM32G414CBT6, STM32G414CBU3, STM32G414CBU6, STM32G414CCT3, STM32G414CCT6, STM32G414CCU3, STM32G414CCU6, STM32G414MBT3, STM32G414MBT6, STM32G414MCT3, STM32G414MCT6, STM32G414RBT3, STM32G414RBT6, STM32G414RCT3, STM32G414RCT6, STM32G414VBT3, STM32G414VBT6, STM32G414VCT3, STM32G414VCT6, STM32G431CBT3Z, STM32G431RBT3Z, STM32G471CCT6, STM32G471CCU6, STM32G471CET3, STM32G471CET6, STM32G471CEU3, STM32G471CEU6, STM32G471MCT6, STM32G471MET3, STM32G471MET6, STM32G471MEY6TR, STM32G471QCT6, STM32G471QET3, STM32G471RCT6, STM32G471RET3, STM32G471RET6, STM32G471VCH6, STM32G471VCI6, STM32G471VCT6, STM32G471VEH3, STM32G471VEH6, STM32G471VEI3, STM32G471VEI6, STM32G471VET3, STM32G471VET6, STM32G473QET3Z, STM32G473RET3Z, STM32G474CCT6, STM32G491RET3Z, STM32H503CBT6, STM32H503CBU6, STM32H503EBY6TR, STM32H503KBU6, STM32H503RBT6, STM32H523CCT6, STM32H523CCU6, STM32H523CET6, STM32H523CEU6, STM32H523HEY6TR, STM32H523RCT6, STM32H523RET6, STM32H523VCI6, STM32H523VCT6, STM32H523VEI6, STM32H523VET6, STM32H523ZCJ6, STM32H523ZCT6, STM32H523ZEJ6, STM32H523ZET6, STM32H533CET6, STM32H533CEU6, STM32H533HEY6TR, STM32H533RET6, STM32H533VEI6, STM32H533VET6, STM32H533ZEJ6, STM32H533ZET6, STM32H562AGI6, STM32H562AII6, STM32H562IGK6, STM32H562IGT6, STM32H562IIK6, STM32H562IIT6, STM32H562RGT6, STM32H562RGV6, STM32H562RIT6, STM32H562RIV6, STM32H562VGT6, STM32H562VIT6, STM32H562ZGT6, STM32H562ZIT6, STM32H563AGI6, STM32H563AII3Q, STM32H563AII6, STM32H563IGK6, STM32H563IGT6, STM32H563IIK3Q, STM32H563IIK6, STM32H563IIT3Q, STM32H563IIT6, STM32H563MIY3QTR, STM32H563RGT6, STM32H563RGV6, STM32H563RIT6, STM32H563RIV6, STM32H563VGT6, STM32H563VIT3Q, STM32H563VIT6, STM32H563ZGT6, STM32H563ZIT3Q, STM32H563ZIT6, STM32H573AII3Q, STM32H573AII6, STM32H573I-DK, STM32H573IIK3Q, STM32H573IIK6, STM32H573IIT3Q, STM32H573IIT6, STM32H573MIY3QTR, STM32H573RIT6, STM32H573RIV6, STM32H573VIT3Q, STM32H573VIT6, STM32H573ZIT3Q, STM32H573ZIT6, STM32H7R3A8I6, STM32H7R3I8K6, STM32H7R3I8T6, STM32H7R3L8H6, STM32H7R3L8H6H, STM32H7R3R8V6, STM32H7R3V8H6, STM32H7R3V8T6, STM32H7R3V8Y6TR, STM32H7R3Z8J6, STM32H7R3Z8T6, STM32H7R7A8I6, STM32H7R7I8K6, STM32H7R7I8T6, STM32H7R7L8H6, STM32H7R7L8H6H, STM32H7R7Z8J6, STM32H7S3A8I6, STM32H7S3I8K6, STM32H7S3I8T6, STM32H7S3L8H6, STM32H7S3L8H6H, STM32H7S3R8V6, STM32H7S3V8H6, STM32H7S3V8T6, STM32H7S3V8Y6TR, STM32H7S3Z8J6, STM32H7S3Z8T6, STM32H7S78-DK, STM32H7S7A8I6, STM32H7S7I8K6, STM32H7S7I8T6, STM32H7S7L8H6, STM32H7S7L8H6H, STM32H7S7Z8J6, STM32L4R5QGI6STR, STM32MP131AAE3, STM32MP131AAF3, STM32MP131AAG3, STM32MP131CAE3, STM32MP131CAF3, STM32MP131CAG3, STM32MP131DAE7, STM32MP131DAF7, STM32MP131DAG7, STM32MP131FAE7, STM32MP131FAF7, STM32MP131FAG7, STM32MP133AAE3, STM32MP133AAF3, STM32MP133AAG3, STM32MP133CAE3, STM32MP133CAF3, STM32MP133CAG3, STM32MP133DAE7, STM32MP133DAF7, STM32MP133DAG7, STM32MP133FAE7, STM32MP133FAF7, STM32MP133FAG7, STM32MP135AAE3, STM32MP135AAF3, STM32MP135AAG3, STM32MP135CAE3, STM32MP135CAF3, STM32MP135CAG3, STM32MP135DAE7, STM32MP135DAF7, STM32MP135DAG7, STM32MP135F-DK, STM32MP135FAE7, STM32MP135FAF7, STM32MP135FAF7T, STM32MP135FAF7U, STM32MP135FAG7, STM32MP211AAL3, STM32MP211AAM3, STM32MP211AAN3, STM32MP211AAO3, STM32MP211CAL3, STM32MP211CAM3, STM32MP211CAN3, STM32MP211CAO3, STM32MP211DAL3, STM32MP211DAM3, STM32MP211DAN3, STM32MP211DAO3, STM32MP211FAL3, STM32MP211FAM3, STM32MP211FAN3, STM32MP211FAO3, STM32MP213AAL3, STM32MP213AAM3, STM32MP213AAN3, STM32MP213AAO3, STM32MP213CAL3, STM32MP213CAM3, STM32MP213CAN3, STM32MP213CAO3, STM32MP213DAL3, STM32MP213DAM3, STM32MP213DAN3, STM32MP213DAO3, STM32MP213FAL3, STM32MP213FAM3, STM32MP213FAN3, STM32MP213FAO3, STM32MP215AAL3, STM32MP215AAM3, STM32MP215AAN3, STM32MP215AAO3, STM32MP215CAL3, STM32MP215CAM3, STM32MP215CAN3, STM32MP215CAO3, STM32MP215DAL3, STM32MP215DAM3, STM32MP215DAN3, STM32MP215DAO3, STM32MP215F-DK, STM32MP215FAL3, STM32MP215FAM3, STM32MP215FAN3, STM32MP215FAO3, STM32MP231AAJ3, STM32MP231AAK3, STM32MP231AAL3, STM32MP231CAJ3, STM32MP231CAK3, STM32MP231CAL3, STM32MP231DAJ3, STM32MP231DAK3, STM32MP231DAL3, STM32MP231FAJ3, STM32MP231FAK3, STM32MP231FAL3, STM32MP233AAJ3, STM32MP233AAK3, STM32MP233AAL3, STM32MP233CAJ3, STM32MP233CAK3, STM32MP233CAL3, STM32MP233DAJ3, STM32MP233DAK3, STM32MP233DAL3, STM32MP233FAJ3, STM32MP233FAK3, STM32MP233FAL3, STM32MP235AAJ3, STM32MP235AAK3, STM32MP235AAL3, STM32MP235CAJ3, STM32MP235CAK3, STM32MP235CAL3, STM32MP235DAJ3, STM32MP235DAK3, STM32MP235DAL3, STM32MP235FAJ3, STM32MP235FAK3, STM32MP235FAL3, STM32MP251AAI3, STM32MP251AAK3, STM32MP251AAL3, STM32MP251CAI3, STM32MP251CAK3, STM32MP251CAL3, STM32MP251DAI3, STM32MP251DAK3, STM32MP251DAL3, STM32MP251FAI3, STM32MP251FAK3, STM32MP251FAL3, STM32MP253AAI3, STM32MP253AAK3, STM32MP253AAL3, STM32MP253CAI3, STM32MP253CAK3, STM32MP253CAL3, STM32MP253DAI3, STM32MP253DAK3, STM32MP253DAL3, STM32MP253FAI3, STM32MP253FAK3, STM32MP253FAL3, STM32MP255AAI3, STM32MP255AAK3, STM32MP255AAL3, STM32MP255CAI3, STM32MP255CAK3, STM32MP255CAL3, STM32MP255DAI3, STM32MP255DAK3, STM32MP255DAL3, STM32MP255FAI3, STM32MP255FAK3, STM32MP255FAL3, STM32MP257AAI3, STM32MP257AAK3, STM32MP257AAL3, STM32MP257CAI3, STM32MP257CAK3, STM32MP257CAL3, STM32MP257DAI3, STM32MP257DAK3, STM32MP257DAL3, STM32MP257F-DK, STM32MP257F-EV1, STM32MP257FAI3, STM32MP257FAK3, STM32MP257FAL3, STM32N645A0H3Q, STM32N645B0H3Q, STM32N645I0H3Q, STM32N645L0H3Q, STM32N645X0H3Q, STM32N645Z0H3Q, STM32N647A0H3Q, STM32N647B0H3Q, STM32N647I0H3Q, STM32N647L0H3Q, STM32N647X0H3Q, STM32N647Z0H3Q, STM32N655A0H3Q, STM32N655B0H3Q, STM32N655I0H3Q, STM32N655L0H3Q, STM32N655X0H3Q, STM32N655Z0H3Q, STM32N6570-DK, STM32N657A0H3Q, STM32N657B0H3Q, STM32N657I0H3Q, STM32N657L0H3Q, STM32N657X0H3Q, STM32N657Z0H3Q, STM32U031C6T6, STM32U031C6U6, STM32U031C8T6, STM32U031C8U6, STM32U031F4P6, STM32U031F6P6, STM32U031F8P6, STM32U031G6Y6TR, STM32U031G8Y6TR, STM32U031K4U6, STM32U031K6U6, STM32U031K8U6, STM32U031R6I6, STM32U031R6T6, STM32U031R8I6, STM32U031R8T6, STM32U073C8T6, STM32U073C8U6, STM32U073CBT6, STM32U073CBU6, STM32U073CCT6, STM32U073CCU6, STM32U073H8Y6TR, STM32U073HBY6TR, STM32U073HCY6TR, STM32U073K8U6, STM32U073KBU6, STM32U073KCU6, STM32U073M8I6, STM32U073M8T6, STM32U073MBI6, STM32U073MBT6, STM32U073MCI6, STM32U073MCT6, STM32U073R8I6, STM32U073R8T6, STM32U073RBI6, STM32U073RBT6, STM32U073RCI6, STM32U073RCT6, STM32U083C-DK, STM32U083CCT6, STM32U083CCU6, STM32U083HCY6TR, STM32U083KCU6, STM32U083MCI6, STM32U083MCT6, STM32U083RCI6, STM32U083RCT6, STM32U375CET6, STM32U375CET6Q, STM32U375CEU6, STM32U375CEU6Q, STM32U375CEY6QTR, STM32U375CGT6, STM32U375CGT6Q, STM32U375CGU6, STM32U375CGU6Q, STM32U375CGY6QTR, STM32U375KEU6, STM32U375KGU6, STM32U375REI6, STM32U375REI6Q, STM32U375RET6, STM32U375RET6Q, STM32U375REY6GTR, STM32U375REY6QTR, STM32U375RGI6, STM32U375RGI6Q, STM32U375RGT6, STM32U375RGT6Q, STM32U375RGY6GTR, STM32U375RGY6QTR, STM32U375VEI6, STM32U375VEI6Q, STM32U375VET6, STM32U375VET6Q, STM32U375VGI6, STM32U375VGI6Q, STM32U375VGT6, STM32U375VGT6Q, STM32U385CGT6, STM32U385CGT6Q, STM32U385CGU6, STM32U385CGU6Q, STM32U385CGY6QTR, STM32U385KGU6, STM32U385RGI6, STM32U385RGI6Q, STM32U385RGT6, STM32U385RGT6Q, STM32U385RGY6GTR, STM32U385RGY6QTR, STM32U385VGI6, STM32U385VGI6Q, STM32U385VGT6, STM32U385VGT6Q, STM32U535CBT6, STM32U535CBT6Q, STM32U535CBU6, STM32U535CBU6Q, STM32U535CCT6, STM32U535CCT6Q, STM32U535CCU6, STM32U535CCU6Q, STM32U535CET6, STM32U535CET6Q, STM32U535CEU6, STM32U535CEU6Q, STM32U535JEY6QTR, STM32U535NCY6QTR, STM32U535NEY6QTR, STM32U535RBI6, STM32U535RBI6Q, STM32U535RBT6, STM32U535RBT6Q, STM32U535RCI6, STM32U535RCI6Q, STM32U535RCT6, STM32U535RCT6Q, STM32U535REI6, STM32U535REI6Q, STM32U535RET6, STM32U535RET6Q, STM32U535VCI6, STM32U535VCI6Q, STM32U535VCT6, STM32U535VCT6Q, STM32U535VEI6, STM32U535VEI6Q, STM32U535VET6, STM32U535VET6Q, STM32U545CET6, STM32U545CET6Q, STM32U545CEU6, STM32U545CEU6Q, STM32U545JEY6QTR, STM32U545NEY6QTR, STM32U545REI6, STM32U545REI6Q, STM32U545RET6, STM32U545RET6Q, STM32U545VEI6, STM32U545VEI6Q, STM32U545VET6, STM32U545VET6Q, STM32U595AIH6, STM32U595AIH6Q, STM32U595AJH6, STM32U595AJH6Q, STM32U595QII6, STM32U595QII6Q, STM32U595QJI6, STM32U595QJI6Q, STM32U595RIT6, STM32U595RIT6Q, STM32U595RJT6, STM32U595RJT6Q, STM32U595VIT6, STM32U595VIT6Q, STM32U595VJT6, STM32U595VJT6Q, STM32U595ZIT6, STM32U595ZIT6Q, STM32U595ZIY6QTR, STM32U595ZJT6, STM32U595ZJT6Q, STM32U595ZJY6QTR, STM32U599BJY6QTR, STM32U599NIH6Q, STM32U599NJH6Q, STM32U599VIT6Q, STM32U599VJT6, STM32U599VJT6Q, STM32U599ZIT6Q, STM32U599ZIY6QTR, STM32U599ZJT6Q, STM32U599ZJY6QTR, STM32U5A5AJH6, STM32U5A5AJH6Q, STM32U5A5QII3Q , STM32U5A5QJI6, STM32U5A5QJI6Q, STM32U5A5RJT6, STM32U5A5RJT6Q, STM32U5A5VJT6, STM32U5A5VJT6Q, STM32U5A5ZJT6, STM32U5A5ZJT6Q, STM32U5A5ZJY6QTR, STM32U5A9BJY6QTR, STM32U5A9J-DK, STM32U5A9NJH6Q, STM32U5A9VJT6Q, STM32U5A9ZJT6Q, STM32U5A9ZJY6QTR, STM32U5F7VIT6, STM32U5F7VIT6Q, STM32U5F7VJT6, STM32U5F7VJT6Q, STM32U5F9BJY6QTR, STM32U5F9NJH6Q, STM32U5F9VIT6Q, STM32U5F9VJT6Q, STM32U5F9ZIJ6QTR, STM32U5F9ZIT6Q, STM32U5F9ZJJ6QTR, STM32U5F9ZJT6Q, STM32U5G7VJT6, STM32U5G7VJT6Q, STM32U5G9BJY6QTR, STM32U5G9J-DK1, STM32U5G9J-DK2, STM32U5G9NJH6Q, STM32U5G9VJT6Q, STM32U5G9ZJJ6QTR, STM32U5G9ZJT6Q, STM32WB05KZV6TR, STM32WB05KZV7TR, STM32WB05TZF6TR, STM32WB05TZF7TR, STM32WB06CCF6TR, STM32WB06CCF7TR, STM32WB06CCV6TR, STM32WB06CCV7TR, STM32WB06KCV6TR, STM32WB06KCV7TR, STM32WB07CCF6TR, STM32WB07CCF7TR, STM32WB07CCV6TR, STM32WB07CCV7TR, STM32WB07KCV6TR, STM32WB07KCV7TR, STM32WB09KEV6TR, STM32WB09KEV7TR, STM32WB09TEF6TR, STM32WB09TEF7TR, STM32WB1MMCH6, STM32WBA50KGU6, STM32WBA50KGU6TR, STM32WBA52CEU6, STM32WBA52CEU6TR, STM32WBA52CEU7, STM32WBA52CEU7TR, STM32WBA52CGU6, STM32WBA52CGU6TR, STM32WBA52CGU6U, STM32WBA52CGU7, STM32WBA52CGU7TR, STM32WBA52KEU6, STM32WBA52KEU6TR, STM32WBA52KGU6, STM32WBA52KGU6TR, STM32WBA54CEU6, STM32WBA54CEU6TR, STM32WBA54CEU7, STM32WBA54CEU7TR, STM32WBA54CGU6, STM32WBA54CGU6TR, STM32WBA54CGU7, STM32WBA54CGU7TR, STM32WBA54KEU6, STM32WBA54KEU6TR, STM32WBA54KEU7, STM32WBA54KEU7TR, STM32WBA54KGU6, STM32WBA54KGU6TR, STM32WBA54KGU7, STM32WBA54KGU7TR, STM32WBA55CEU6, STM32WBA55CEU6TR, STM32WBA55CEU7, STM32WBA55CEU7TR, STM32WBA55CGU6, STM32WBA55CGU6TR, STM32WBA55CGU6U, STM32WBA55CGU7, STM32WBA55CGU7TR, STM32WBA55G-DK1, STM32WBA55HEF6, STM32WBA55HEF7, STM32WBA55HGF6, STM32WBA55HGF7, STM32WBA55UEI6, STM32WBA55UEI6TR, STM32WBA55UEI7, STM32WBA55UEI7TR, STM32WBA55UGI6, STM32WBA55UGI6TR, STM32WBA55UGI7, STM32WBA55UGI7TR, STM32WBA5MMGH6TR, STM32WBA62MGF6, STM32WBA62MIF6, STM32WBA65MGF7, STM32WBA65MIF6, STM32WBA65MIF7, STM32WL30K8V6, STM32WL30KBV6, STM32WL31C8V6, STM32WL31CBV6, STM32WL31K8V6, STM32WL31KBV6, STM32WL33C8V6, STM32WL33C8V6X, STM32WL33CBV6, STM32WL33CBV6X, STM32WL33CCV6, STM32WL33CCV6A, STM32WL33CCV6X, STM32WL33K8V7, STM32WL33K8V7X, STM32WL33KBV7 , STM32WL33KBV7X, STM32WL33KCV7, STM32WL33KCV7X, STM32WL5MOCH6, STM32WL5MOCH6TR]
2025-11-15 22:04:03,619 [INFO] DbMcus:218 - Found 4801 MCUs, 4801 are supported
2025-11-15 22:04:03,619 [INFO] ApiDb:423 - Load user favorites file C:\Users\user/.stm32cubeide/favorites.mcus.txt: 0 item(s)
2025-11-15 22:04:03,619 [INFO] ApiDb:427 - User favorites MCUs=[]
2025-11-15 22:04:03,619 [INFO] DbMcus:224 - Set 0 / 0 favorites MCUs
2025-11-15 22:04:03,968 [INFO] ApiDb:423 - Load user favorites file C:\Users\user/.stm32cubeide/favorites.boards.txt: 1 item(s)
2025-11-15 22:04:03,968 [INFO] ApiDb:427 - User favorites Boards=[NUCLEO-L476RG]
2025-11-15 22:04:03,969 [INFO] DbBoards:198 - Set 1 / 1 favorites Boards
2025-11-15 22:04:04,036 [INFO] UtilMem:75 - End LoadConfig() Used Memory: 465094640 Bytes (907018240)
2025-11-15 22:04:04,181 [WARN] ThirdParty:833 - waiting for thirdparty lock release [change project]
2025-11-15 22:04:04,181 [INFO] ThirdParty:835 - entering critical section [change project]
2025-11-15 22:04:04,181 [INFO] ThirdParty:1030 - CMSIS Pack Vendor :STMicroelectronics X-CUBE-PM33A1 1.0.0
2025-11-15 22:04:04,181 [INFO] ThirdParty:1030 - CMSIS Pack Vendor :STMicroelectronics USBPD 4.1
2025-11-15 22:04:04,181 [INFO] ThirdParty:1030 - CMSIS Pack Vendor :STMicroelectronics X-CUBE-NFC9 1.0.0
2025-11-15 22:04:04,181 [INFO] ThirdParty:1030 - CMSIS Pack Vendor :STMicroelectronics USB_HOST 2.0.0
2025-11-15 22:04:04,181 [INFO] ThirdParty:1030 - CMSIS Pack Vendor :STMicroelectronics FP-SNS-MOTENVWB1 1.4.0
2025-11-15 22:04:04,182 [INFO] ThirdParty:1030 - CMSIS Pack Vendor :STMicroelectronics X-CUBE-AZRTOS-F4 1.1.0
2025-11-15 22:04:04,182 [INFO] ThirdParty:1030 - CMSIS Pack Vendor :STMicroelectronics LIBJPEG 8.0.0
2025-11-15 22:04:04,182 [INFO] ThirdParty:1030 - CMSIS Pack Vendor :STMicroelectronics FP-ATR-ASTRA1 2.0.2
2025-11-15 22:04:04,182 [INFO] ThirdParty:1030 - CMSIS Pack Vendor :wolfSSL I-CUBE-wolfSSL 5.8.2
2025-11-15 22:04:04,182 [INFO] ThirdParty:1030 - CMSIS Pack Vendor :STMicroelectronics X-CUBE-BLE1 7.1.0
2025-11-15 22:04:04,182 [INFO] ThirdParty:1030 - CMSIS Pack Vendor :Avnet-IotConnect X-CUBE-IoTC-DA16k-PMOD 1.0.0
2025-11-15 22:04:04,182 [INFO] ThirdParty:1030 - CMSIS Pack Vendor :STMicroelectronics X-CUBE-SMBUS 2.1.0
2025-11-15 22:04:04,182 [INFO] ThirdParty:1030 - CMSIS Pack Vendor :wolfSSL I-CUBE-wolfMQTT 1.19.2
2025-11-15 22:04:04,182 [INFO] ThirdParty:1030 - CMSIS Pack Vendor :STMicroelectronics USB_DEVICE 3.0.0
2025-11-15 22:04:04,182 [INFO] ThirdParty:1030 - CMSIS Pack Vendor :STMicroelectronics X-CUBE-ISPU 2.1.0
2025-11-15 22:04:04,182 [INFO] ThirdParty:1030 - CMSIS Pack Vendor :STMicroelectronics X-CUBE-EEPRMA1 5.2.0
2025-11-15 22:04:04,182 [INFO] ThirdParty:1030 - CMSIS Pack Vendor :STMicroelectronics X-CUBE-IPS 3.2.0
2025-11-15 22:04:04,182 [INFO] ThirdParty:1030 - CMSIS Pack Vendor :STMicroelectronics X-CUBE-BLEMGR 4.1.0
2025-11-15 22:04:04,182 [INFO] ThirdParty:1030 - CMSIS Pack Vendor :STMicroelectronics X-CUBE-AZRTOS-WB 2.0.0
2025-11-15 22:04:04,182 [INFO] ThirdParty:1030 - CMSIS Pack Vendor :STMicroelectronics X-CUBE-ST60 1.0.0
2025-11-15 22:04:04,182 [INFO] ThirdParty:1030 - CMSIS Pack Vendor :STMicroelectronics X-CUBE-GNSS1 7.0.1
2025-11-15 22:04:04,182 [INFO] ThirdParty:1030 - CMSIS Pack Vendor :STMicroelectronics X-CUBE-NFC12 1.0.0
2025-11-15 22:04:04,182 [INFO] ThirdParty:1030 - CMSIS Pack Vendor :STMicroelectronics X-CUBE-AZRTOS-F7 1.1.0
2025-11-15 22:04:04,182 [INFO] ThirdParty:1030 - CMSIS Pack Vendor :STMicroelectronics X-CUBE-AZRTOS-L5 2.0.0
2025-11-15 22:04:04,182 [INFO] ThirdParty:1030 - CMSIS Pack Vendor :STMicroelectronics X-CUBE-TOUCHGFX 4.25.0
2025-11-15 22:04:04,182 [INFO] ThirdParty:1030 - CMSIS Pack Vendor :STMicroelectronics USB_DEVICE 2.0.0
2025-11-15 22:04:04,182 [INFO] ThirdParty:1030 - CMSIS Pack Vendor :STMicroelectronics X-CUBE-NFC6 3.1.0
2025-11-15 22:04:04,182 [INFO] ThirdParty:1030 - CMSIS Pack Vendor :STMicroelectronics X-CUBE-ST67W61 1.1.0
2025-11-15 22:04:04,182 [INFO] ThirdParty:1030 - CMSIS Pack Vendor :quantropi X-CUBE-qispace-sdk-base 2.1.0
2025-11-15 22:04:04,182 [INFO] ThirdParty:1030 - CMSIS Pack Vendor :STMicroelectronics FP-SNS-MOTENV1 5.1.0
2025-11-15 22:04:04,182 [INFO] ThirdParty:1030 - CMSIS Pack Vendor :STMicroelectronics FreeRTOS 0.0.1
2025-11-15 22:04:04,182 [INFO] ThirdParty:1030 - CMSIS Pack Vendor :STMicroelectronics X-CUBE-AZRTOS-G0 1.1.0
2025-11-15 22:04:04,183 [INFO] ThirdParty:1030 - CMSIS Pack Vendor :STMicroelectronics X-CUBE-SAFEA1 1.2.2
2025-11-15 22:04:04,183 [INFO] ThirdParty:1030 - CMSIS Pack Vendor :STMicroelectronics X-CUBE-NFC4 3.0.0
2025-11-15 22:04:04,183 [INFO] ThirdParty:1030 - CMSIS Pack Vendor :STMicroelectronics X-CUBE-SUBG2 5.0.0
2025-11-15 22:04:04,183 [INFO] ThirdParty:1030 - CMSIS Pack Vendor :STMicroelectronics X-CUBE-AZRTOS-H7RS 1.1.0
2025-11-15 22:04:04,183 [INFO] ThirdParty:1030 - CMSIS Pack Vendor :STMicroelectronics STM32_WPAN 1.0.0
2025-11-15 22:04:04,183 [INFO] ThirdParty:1030 - CMSIS Pack Vendor :EmbeddedOffice I-CUBE-FS-RTOS 1.0.1
2025-11-15 22:04:04,183 [INFO] ThirdParty:1030 - CMSIS Pack Vendor :STMicroelectronics lwIP 2.0.3
2025-11-15 22:04:04,183 [INFO] ThirdParty:1030 - CMSIS Pack Vendor :WES I-CUBE-Cesium 1.4.0
2025-11-15 22:04:04,183 [INFO] ThirdParty:1030 - CMSIS Pack Vendor :Cesanta I-CUBE-Mongoose 7.13.0
2025-11-15 22:04:04,183 [INFO] ThirdParty:1030 - CMSIS Pack Vendor :STMicroelectronics USB_HOST 1.0.0
2025-11-15 22:04:04,183 [INFO] ThirdParty:1030 - CMSIS Pack Vendor :Infineon AIROC-Wi-Fi-Bluetooth-STM32 1.7.1
2025-11-15 22:04:04,183 [INFO] ThirdParty:1030 - CMSIS Pack Vendor :STMicroelectronics X-CUBE-AZRTOS-G4 2.0.0
2025-11-15 22:04:04,183 [INFO] ThirdParty:1030 - CMSIS Pack Vendor :STMicroelectronics X-CUBE-WB05N 2.0.0
2025-11-15 22:04:04,183 [INFO] ThirdParty:1030 - CMSIS Pack Vendor :STMicroelectronics PDM2PCM 3.1.0
2025-11-15 22:04:04,183 [INFO] ThirdParty:1030 - CMSIS Pack Vendor :STMicroelectronics PDM2PCM 3.3.0
2025-11-15 22:04:04,183 [INFO] ThirdParty:1030 - CMSIS Pack Vendor :wolfSSL I-CUBE-wolfTPM 3.8.0
2025-11-15 22:04:04,183 [INFO] ThirdParty:1030 - CMSIS Pack Vendor :STMicroelectronics X-CUBE-AZRTOS-H7 3.4.0
2025-11-15 22:04:04,183 [INFO] ThirdParty:1030 - CMSIS Pack Vendor :STMicroelectronics X-CUBE-DISPLAY 3.0.0
2025-11-15 22:04:04,183 [INFO] ThirdParty:1030 - CMSIS Pack Vendor :wolfSSL I-CUBE-wolfSSH 1.4.20
2025-11-15 22:04:04,183 [INFO] ThirdParty:1030 - CMSIS Pack Vendor :STMicroelectronics X-CUBE-NFC7 2.0.0
2025-11-15 22:04:04,183 [INFO] ThirdParty:1030 - CMSIS Pack Vendor :STMicroelectronics X-CUBE-TCPP 4.2.0
2025-11-15 22:04:04,183 [INFO] ThirdParty:1030 - CMSIS Pack Vendor :RealThread X-CUBE-RT-Thread_Nano 4.1.1
2025-11-15 22:04:04,183 [INFO] ThirdParty:1030 - CMSIS Pack Vendor :STMicroelectronics FP-ATR-SIGFOX1 3.2.0
2025-11-15 22:04:04,183 [INFO] ThirdParty:1030 - CMSIS Pack Vendor :STMicroelectronics X-CUBE-NFC10 1.0.0
2025-11-15 22:04:04,183 [INFO] ThirdParty:1030 - CMSIS Pack Vendor :STMicroelectronics X-CUBE-FREERTOS 1.3.1
2025-11-15 22:04:04,183 [INFO] ThirdParty:1030 - CMSIS Pack Vendor :STMicroelectronics HAL Drivers 0.0.0
2025-11-15 22:04:04,183 [INFO] ThirdParty:1030 - CMSIS Pack Vendor :STMicroelectronics MBEDTLS 2.16.2
2025-11-15 22:04:04,183 [INFO] ThirdParty:1030 - CMSIS Pack Vendor :STMicroelectronics X-CUBE-ST60 1.1.0
2025-11-15 22:04:04,183 [INFO] ThirdParty:1030 - CMSIS Pack Vendor :STMicroelectronics X-CUBE-IPS 3.1.0
2025-11-15 22:04:04,184 [INFO] ThirdParty:1030 - CMSIS Pack Vendor :STMicroelectronics X-CUBE-ALS 1.0.2
2025-11-15 22:04:04,184 [INFO] ThirdParty:1030 - CMSIS Pack Vendor :emotas I-CUBE-CANOPEN 1.3.0
2025-11-15 22:04:04,184 [INFO] ThirdParty:1030 - CMSIS Pack Vendor :STMicroelectronics MBEDTLS 2.14.1
2025-11-15 22:04:04,184 [INFO] ThirdParty:1030 - CMSIS Pack Vendor :STMicroelectronics X-CUBE-GNSS1 7.1.0
2025-11-15 22:04:04,184 [INFO] ThirdParty:1030 - CMSIS Pack Vendor :ITTIA_DB I-CUBE-ITTIADB 8.9.0
2025-11-15 22:04:04,184 [INFO] ThirdParty:1030 - CMSIS Pack Vendor :STMicroelectronics X-CUBE-TOUCHGFX 4.26.0
2025-11-15 22:04:04,184 [INFO] ThirdParty:1030 - CMSIS Pack Vendor :STMicroelectronics X-CUBE-STSE01 1.0.0
2025-11-15 22:04:04,184 [INFO] ThirdParty:1030 - CMSIS Pack Vendor :STMicroelectronics X-CUBE-ST67W61 1.0.0
2025-11-15 22:04:04,184 [INFO] ThirdParty:1030 - CMSIS Pack Vendor :STMicroelectronics FP-SNS-STBOX1 2.1.0
2025-11-15 22:04:04,184 [INFO] ThirdParty:1030 - CMSIS Pack Vendor :STMicroelectronics X-CUBE-AI 10.2.0
2025-11-15 22:04:04,184 [INFO] ThirdParty:1030 - CMSIS Pack Vendor :STMicroelectronics FP-SNS-STAIOTCFT 1.0.0
2025-11-15 22:04:04,184 [INFO] ThirdParty:1030 - CMSIS Pack Vendor :STMicroelectronics ThreadX 1.0.0
2025-11-15 22:04:04,184 [INFO] ThirdParty:1030 - CMSIS Pack Vendor :STMicroelectronics FP-SNS-SMARTAG2 1.2.0
2025-11-15 22:04:04,184 [INFO] ThirdParty:1030 - CMSIS Pack Vendor :STMicroelectronics FP-SNS-FLIGHT1 5.1.0
2025-11-15 22:04:04,184 [INFO] ThirdParty:1030 - CMSIS Pack Vendor :STMicroelectronics X-CUBE-AZRTOS-WL 2.0.0
2025-11-15 22:04:04,184 [INFO] ThirdParty:1030 - CMSIS Pack Vendor :SEGGER I-CUBE-embOS 1.3.1
2025-11-15 22:04:04,184 [INFO] ThirdParty:1030 - CMSIS Pack Vendor :STMicroelectronics X-CUBE-ALGOBUILD 1.4.0
2025-11-15 22:04:04,184 [INFO] ThirdParty:1030 - CMSIS Pack Vendor :STMicroelectronics X-CUBE-DPower 1.3.0
2025-11-15 22:04:04,184 [INFO] ThirdParty:1030 - CMSIS Pack Vendor :STMicroelectronics X-CUBE-MEMS1 11.3.0
2025-11-15 22:04:04,184 [INFO] ThirdParty:1030 - CMSIS Pack Vendor :STMicroelectronics FP-SNS-MOTENV1 5.0.0
2025-11-15 22:04:04,184 [INFO] ThirdParty:1030 - CMSIS Pack Vendor :STMicroelectronics USB_DEVICE 1.0.0
2025-11-15 22:04:04,184 [INFO] ThirdParty:1030 - CMSIS Pack Vendor :STMicroelectronics X-CUBE-AZRTOS-L4 2.0.0
2025-11-15 22:04:04,184 [INFO] ThirdParty:1030 - CMSIS Pack Vendor :STMicroelectronics ThreadX 0.0.2
2025-11-15 22:04:04,184 [INFO] ThirdParty:1030 - CMSIS Pack Vendor :STMicroelectronics lwIP 2.1.2
2025-11-15 22:04:04,184 [INFO] ThirdParty:1030 - CMSIS Pack Vendor :STMicroelectronics X-CUBE-SFXS2LP1 4.0.0
2025-11-15 22:04:04,184 [INFO] ThirdParty:1030 - CMSIS Pack Vendor :STMicroelectronics X-CUBE-BLE2 3.3.0
2025-11-15 22:04:04,184 [INFO] ThirdParty:1030 - CMSIS Pack Vendor :Avnet-IOTCONNECT X-CUBE-iotc-st67-sdk 1.0.0
2025-11-15 22:04:04,184 [INFO] ThirdParty:1030 - CMSIS Pack Vendor :STMicroelectronics X-CUBE-TOF1 3.4.3
2025-11-15 22:04:04,184 [INFO] ThirdParty:1030 - CMSIS Pack Vendor :STMicroelectronics PDM2PCM 3.2.0
2025-11-15 22:04:04,185 [INFO] ThirdParty:841 - exiting critical section [change project]
2025-11-15 22:04:04,668 [INFO] PinOutPanel:1589 - setPackage(No Configuration,No Configuration)
2025-11-15 22:04:04,669 [INFO] PinOutPanel:1589 - setPackage(STM32L476RGTx,LQFP64)
2025-11-15 22:04:05,346 [INFO] UtilMem:75 - Before build in PCC Used Memory: 388176768 Bytes (907018240)
2025-11-15 22:04:06,387 [INFO] UtilMem:75 - After build in PCC Used Memory: 484645760 Bytes (907018240)
2025-11-15 22:04:06,418 [INFO] IPUIPlugin:80 - create IPUIPlugin
2025-11-15 22:04:06,418 [INFO] IPUIPlugin:80 - create IPUIPlugin
2025-11-15 22:04:06,418 [INFO] IPUIPlugin:80 - create IPUIPlugin
2025-11-15 22:04:06,418 [INFO] IPUIPlugin:80 - create IPUIPlugin
2025-11-15 22:04:06,418 [INFO] IPUIPlugin:80 - create IPUIPlugin
2025-11-15 22:04:06,418 [INFO] IPUIPlugin:80 - create IPUIPlugin
2025-11-15 22:04:06,418 [INFO] IPUIPlugin:80 - create IPUIPlugin
2025-11-15 22:04:06,418 [INFO] IPUIPlugin:80 - create IPUIPlugin
2025-11-15 22:04:06,418 [INFO] IPUIPlugin:80 - create IPUIPlugin
2025-11-15 22:04:06,418 [INFO] IPUIPlugin:80 - create IPUIPlugin
2025-11-15 22:04:06,418 [INFO] IPUIPlugin:80 - create IPUIPlugin
2025-11-15 22:04:06,418 [INFO] IPUIPlugin:80 - create IPUIPlugin
2025-11-15 22:04:06,419 [INFO] IPUIPlugin:80 - create IPUIPlugin
2025-11-15 22:04:06,419 [INFO] IPUIPlugin:80 - create IPUIPlugin
2025-11-15 22:04:06,419 [INFO] IPUIPlugin:80 - create IPUIPlugin
2025-11-15 22:04:06,419 [INFO] IPUIPlugin:80 - create IPUIPlugin
2025-11-15 22:04:06,419 [INFO] IPUIPlugin:80 - create IPUIPlugin
2025-11-15 22:04:06,419 [INFO] IPUIPlugin:80 - create IPUIPlugin
2025-11-15 22:04:06,419 [INFO] IPUIPlugin:80 - create IPUIPlugin
2025-11-15 22:04:06,420 [INFO] IPUIPlugin:80 - create IPUIPlugin
2025-11-15 22:04:06,420 [INFO] IPUIPlugin:80 - create IPUIPlugin
2025-11-15 22:04:06,420 [INFO] IPUIPlugin:80 - create IPUIPlugin
2025-11-15 22:04:06,420 [INFO] IPUIPlugin:80 - create IPUIPlugin
2025-11-15 22:04:06,420 [INFO] IPUIPlugin:80 - create IPUIPlugin
2025-11-15 22:04:06,420 [INFO] IPUIPlugin:80 - create IPUIPlugin
2025-11-15 22:04:06,420 [INFO] IPUIPlugin:80 - create IPUIPlugin
2025-11-15 22:04:06,421 [INFO] IPUIPlugin:80 - create IPUIPlugin
2025-11-15 22:04:06,421 [INFO] IPUIPlugin:80 - create IPUIPlugin
2025-11-15 22:04:06,421 [INFO] IPUIPlugin:80 - create IPUIPlugin
2025-11-15 22:04:06,421 [INFO] IPUIPlugin:80 - create IPUIPlugin
2025-11-15 22:04:06,421 [INFO] IPUIPlugin:80 - create IPUIPlugin
2025-11-15 22:04:06,421 [INFO] IPUIPlugin:80 - create IPUIPlugin
2025-11-15 22:04:06,422 [INFO] IPUIPlugin:80 - create IPUIPlugin
2025-11-15 22:04:06,422 [INFO] IPUIPlugin:80 - create IPUIPlugin
2025-11-15 22:04:06,422 [INFO] IPUIPlugin:80 - create IPUIPlugin
2025-11-15 22:04:06,422 [INFO] IPUIPlugin:80 - create IPUIPlugin
2025-11-15 22:04:06,422 [INFO] IPUIPlugin:80 - create IPUIPlugin
2025-11-15 22:04:06,422 [INFO] IPUIPlugin:80 - create IPUIPlugin
2025-11-15 22:04:06,423 [INFO] IPUIPlugin:80 - create IPUIPlugin
2025-11-15 22:04:06,423 [INFO] IPUIPlugin:80 - create IPUIPlugin
2025-11-15 22:04:06,423 [INFO] IPUIPlugin:80 - create IPUIPlugin
2025-11-15 22:04:06,423 [INFO] IPUIPlugin:80 - create IPUIPlugin
2025-11-15 22:04:06,423 [INFO] IPUIPlugin:80 - create IPUIPlugin
2025-11-15 22:04:06,424 [INFO] IPUIPlugin:80 - create IPUIPlugin
2025-11-15 22:04:06,424 [INFO] IPUIPlugin:80 - create IPUIPlugin
2025-11-15 22:04:06,424 [INFO] IPUIPlugin:80 - create IPUIPlugin
2025-11-15 22:04:06,424 [INFO] IPUIPlugin:80 - create IPUIPlugin
2025-11-15 22:04:06,424 [INFO] IPUIPlugin:80 - create IPUIPlugin
2025-11-15 22:04:06,425 [INFO] IPUIPlugin:80 - create IPUIPlugin
2025-11-15 22:04:06,425 [INFO] IPUIPlugin:80 - create IPUIPlugin
2025-11-15 22:04:06,425 [INFO] IPUIPlugin:80 - create IPUIPlugin
2025-11-15 22:04:06,425 [INFO] IPUIPlugin:80 - create IPUIPlugin
2025-11-15 22:04:06,425 [INFO] IPUIPlugin:80 - create IPUIPlugin
2025-11-15 22:04:06,426 [INFO] IPUIPlugin:80 - create IPUIPlugin
2025-11-15 22:04:06,426 [INFO] IPUIPlugin:80 - create IPUIPlugin
2025-11-15 22:04:06,426 [INFO] IPUIPlugin:80 - create IPUIPlugin
2025-11-15 22:04:06,426 [INFO] IPUIPlugin:80 - create IPUIPlugin
2025-11-15 22:04:06,427 [INFO] IPUIPlugin:80 - create IPUIPlugin
2025-11-15 22:04:06,427 [INFO] IPUIPlugin:80 - create IPUIPlugin
2025-11-15 22:04:06,667 [INFO] CADModel:165 - CPN selected for project levelSTM32L476RGT3
2025-11-15 22:04:06,667 [INFO] CADModel:114 - Register for checkConnection events
2025-11-15 22:04:06,716 [INFO] OpenFileManager:386 - Restore cursor
2025-11-15 22:05:15,442 [INFO] UtilMem:75 - End SaveConfig() Used Memory: 247493072 Bytes (741343232)
2025-11-15 22:05:17,391 [INFO] UtilMem:75 - End SaveConfig() Used Memory: 345389392 Bytes (741343232)
2025-11-15 22:05:17,927 [INFO] BlockDiagram:2775 - set Specific Code input for plugin: SYS
2025-11-15 22:05:17,927 [INFO] BlockDiagram:2775 - set Specific Code input for plugin: RCC
2025-11-15 22:05:17,927 [INFO] BlockDiagram:2775 - set Specific Code input for plugin: NVIC
2025-11-15 22:05:17,928 [INFO] BlockDiagram:2775 - set Specific Code input for plugin: GPIO
2025-11-15 22:05:17,929 [INFO] CodeGenerator:892 - code generatio: config db path: C:\ST\STM32CubeIDE_1.19.0\STM32CubeIDE\plugins\com.st.stm32cube.common.mx_6.15.0.202507011659\\db\
2025-11-15 22:05:18,095 [INFO] CodeEngine:265 - oldGeneratedFile, D:\STM32\Lab\12-led-for-external-interrupt\MXTmpFiles\license.tmp_save
2025-11-15 22:05:18,705 [INFO] CodeEngine:289 - Generated code: D:\STM32\Lab\12-led-for-external-interrupt\MXTmpFiles\license.tmp
2025-11-15 22:05:18,977 [INFO] CodeEngine:265 - oldGeneratedFile, D:\STM32\Lab\12-led-for-external-interrupt\MXTmpFiles\gpio.tmp_save
2025-11-15 22:05:19,113 [INFO] CodeEngine:289 - Generated code: D:\STM32\Lab\12-led-for-external-interrupt\MXTmpFiles\gpio.tmp
2025-11-15 22:05:19,207 [INFO] CodeEngine:265 - oldGeneratedFile, D:\STM32\Lab\12-led-for-external-interrupt\Core\Src\stm32l4xx_it.c_save
2025-11-15 22:05:19,322 [INFO] CodeEngine:289 - Generated code: D:\STM32\Lab\12-led-for-external-interrupt\Core\Src\stm32l4xx_it.c
2025-11-15 22:05:19,327 [INFO] CodeEngine:265 - oldGeneratedFile, D:\STM32\Lab\12-led-for-external-interrupt\Core\Inc\stm32l4xx_it.h_save
2025-11-15 22:05:19,388 [INFO] CodeEngine:289 - Generated code: D:\STM32\Lab\12-led-for-external-interrupt\Core\Inc\stm32l4xx_it.h
2025-11-15 22:05:19,400 [INFO] CodeEngine:265 - oldGeneratedFile, D:\STM32\Lab\12-led-for-external-interrupt\Core\Src\stm32l4xx_hal_msp.c_save
2025-11-15 22:05:19,493 [INFO] CodeEngine:289 - Generated code: D:\STM32\Lab\12-led-for-external-interrupt\Core\Src\stm32l4xx_hal_msp.c
2025-11-15 22:05:19,497 [INFO] CodeEngine:265 - oldGeneratedFile, D:\STM32\Lab\12-led-for-external-interrupt\MXTmpFiles\system.tmp_save
2025-11-15 22:05:19,551 [INFO] CodeEngine:289 - Generated code: D:\STM32\Lab\12-led-for-external-interrupt\MXTmpFiles\system.tmp
2025-11-15 22:05:19,561 [INFO] CodeEngine:321 - oldGeneratedFile, D:\STM32\Lab\12-led-for-external-interrupt\Core\Inc\stm32l4xx_hal_conf.h_save
2025-11-15 22:05:19,628 [INFO] CodeEngine:345 - Generated code: D:\STM32\Lab\12-led-for-external-interrupt\Core\Inc\stm32l4xx_hal_conf.h
2025-11-15 22:05:19,674 [INFO] ApiDbMcu:532 - Load IP Config File for RCC
2025-11-15 22:05:19,685 [INFO] CodeEngine:265 - oldGeneratedFile, D:\STM32\Lab\12-led-for-external-interrupt\Core\Inc\main.h_save
2025-11-15 22:05:19,766 [INFO] CodeEngine:289 - Generated code: D:\STM32\Lab\12-led-for-external-interrupt\Core\Inc\main.h
2025-11-15 22:05:19,771 [INFO] CodeEngine:265 - oldGeneratedFile, D:\STM32\Lab\12-led-for-external-interrupt\Core\Src\main.c_save
2025-11-15 22:05:19,892 [INFO] CodeEngine:289 - Generated code: D:\STM32\Lab\12-led-for-external-interrupt\Core\Src\main.c
2025-11-15 22:05:20,336 [INFO] ProjectBuilder:3606 - Time for Copy HAL[1] : 212mS.
2025-11-15 22:05:20,341 [INFO] ProjectBuilder:5216 - Project Generator version: 4.7.0-B52
2025-11-15 22:05:20,410 [INFO] ConfigFileManager:1595 - The Die is : DIE415
2025-11-15 22:05:20,426 [INFO] ApiDbMcu:532 - Load IP Config File for FATFS
2025-11-15 22:05:20,434 [INFO] ApiDbMcu:532 - Load IP Config File for FREERTOS
2025-11-15 22:05:20,447 [INFO] ApiDbMcu:532 - Load IP Config File for TOUCHSENSING
2025-11-15 22:05:20,456 [INFO] ApiDbMcu:532 - Load IP Config File for USB_DEVICE
2025-11-15 22:05:20,462 [INFO] ApiDbMcu:532 - Load IP Config File for USB_HOST
2025-11-15 22:05:20,837 [INFO] LogOutputStream:77 - [STDOUT_REDIRECT] 
2025-11-15 22:05:21,980 [INFO] ProjectBuilder:5496 - Time for Generating toolchain IDE Files: 1639mS.
2025-11-15 22:05:21,981 [INFO] ProjectBuilder:3463 - Time for Copy CMSIS : 1mS.
2025-11-15 22:05:21,983 [INFO] ProjectBuilder:3463 - Time for Copy CMSIS : 0mS.
2025-11-15 22:12:03,447 [INFO] MainUpdater:2872 - connection check result : 10
2025-11-15 22:12:03,447 [INFO] MainUpdater:2872 - connection check result : 10
2025-11-15 22:12:03,526 [INFO] MicroXplorer:468 - Change Database Path : 
2025-11-15 22:12:03,526 [INFO] MicroXplorer:498 - Change Database Version : DB.6.0.150
2025-11-15 22:12:03,565 [ERROR] ProjectManagerView:395 - 
java.lang.NullPointerException: Cannot invoke "javax.swing.JTextField.getText()" because the return value of "java.util.List.get(int)" is null
	at com.st.microxplorer.plugins.projectmanager.gui.ProjectChoiceTab$9.caretUpdate(ProjectChoiceTab.java:2706) ~[filemanager.jar:?]
	at javax.swing.text.JTextComponent.fireCaretUpdate(JTextComponent.java:408) ~[?:?]
	at javax.swing.text.JTextComponent$MutableCaretEvent.fire(JTextComponent.java:4484) ~[?:?]
	at javax.swing.text.JTextComponent$MutableCaretEvent.stateChanged(JTextComponent.java:4506) ~[?:?]
	at javax.swing.text.DefaultCaret.fireStateChanged(DefaultCaret.java:857) ~[?:?]
	at javax.swing.text.DefaultCaret.changeCaretPosition(DefaultCaret.java:1343) ~[?:?]
	at javax.swing.text.DefaultCaret.handleSetDot(DefaultCaret.java:1242) ~[?:?]
	at javax.swing.text.DefaultCaret.setDot(DefaultCaret.java:1223) ~[?:?]
	at javax.swing.text.DefaultCaret$Handler.insertUpdate(DefaultCaret.java:1819) ~[?:?]
	at javax.swing.text.AbstractDocument.fireInsertUpdate(AbstractDocument.java:227) ~[?:?]
	at javax.swing.text.AbstractDocument.handleInsertString(AbstractDocument.java:781) ~[?:?]
	at javax.swing.text.AbstractDocument.insertString(AbstractDocument.java:740) ~[?:?]
	at javax.swing.text.PlainDocument.insertString(PlainDocument.java:131) ~[?:?]
	at javax.swing.text.AbstractDocument.replace(AbstractDocument.java:699) ~[?:?]
	at javax.swing.text.JTextComponent.setText(JTextComponent.java:1725) ~[?:?]
	at com.st.microxplorer.plugins.projectmanager.gui.ProjectChoiceTab.createHeapStackFields(ProjectChoiceTab.java:993) ~[filemanager.jar:?]
	at com.st.microxplorer.plugins.projectmanager.gui.ProjectChoiceTab.buildLinkSettingsPanel(ProjectChoiceTab.java:3813) ~[filemanager.jar:?]
	at com.st.microxplorer.plugins.projectmanager.gui.ProjectChoiceTab.defineWindowsFields(ProjectChoiceTab.java:1987) ~[filemanager.jar:?]
	at com.st.microxplorer.plugins.projectmanager.gui.ProjectChoiceTab.updateSettings(ProjectChoiceTab.java:558) ~[filemanager.jar:?]
	at com.st.microxplorer.plugins.projectmanager.gui.ProjectSettingsPanel.UpdateDialog(ProjectSettingsPanel.java:247) ~[filemanager.jar:?]
	at com.st.microxplorer.plugins.projectmanager.ProjectManagerView.propertyChange(ProjectManagerView.java:392) ~[filemanager.jar:?]
	at java.beans.PropertyChangeSupport.fire(PropertyChangeSupport.java:343) ~[?:?]
	at java.beans.PropertyChangeSupport.firePropertyChange(PropertyChangeSupport.java:335) ~[?:?]
	at java.beans.PropertyChangeSupport.firePropertyChange(PropertyChangeSupport.java:268) ~[?:?]
	at com.st.microxplorer.util.MXPropertyChangeSupport.firePropertyChange(MXPropertyChangeSupport.java:54) ~[STM32CubeMX.jar:?]
	at com.st.microxplorer.mxsystem.MxSystem.closeConfig(MxSystem.java:899) ~[STM32CubeMX.jar:?]
	at com.st.microxplorer.maingui.MainPanel.closeConfig(MainPanel.java:792) ~[STM32CubeMX.jar:?]
	at com.st.microxplorer.plugins.filemanager.engine.OpenFileManager.loadConfigurationFile(OpenFileManager.java:288) ~[filemanager.jar:?]
	at com.st.microxplorer.plugins.filemanager.engine.MainFileManager.userLoadConfig(MainFileManager.java:364) ~[filemanager.jar:?]
	at com.st.microxplorer.plugins.filemanager.engine.MainFileManager.userLoadConfig(MainFileManager.java:342) ~[filemanager.jar:?]
	at com.st.microxplorer.plugins.filemanager.FileManagerView.getSpecificTask(FileManagerView.java:264) ~[filemanager.jar:?]
	at com.st.stm32cube.common.mx.editor.CubeMxEditor.getMxTabbedPaneInstance(CubeMxEditor.java:1198) ~[com.st.stm32cube.common.mx_6.15.0.202507011659/:?]
	at com.st.stm32cube.common.mx.editor.CubeMxEditor$12$1.createSwingComponent(CubeMxEditor.java:1068) ~[com.st.stm32cube.common.mx_6.15.0.202507011659/:?]
	at com.st.stm32cube.common.mx.oss.core.awtswtbridge.EmbeddedSwingComposite.doComponentCreation(EmbeddedSwingComposite.java:492) ~[com.st.stm32cube.common.mx.oss_6.15.0.202507011659/:?]
	at com.st.stm32cube.common.mx.oss.core.awtswtbridge.EmbeddedSwingComposite$4.run(EmbeddedSwingComposite.java:291) ~[com.st.stm32cube.common.mx.oss_6.15.0.202507011659/:?]
	at com.st.stm32cube.common.mx.oss.core.awtswtbridge.AwtEnvironment$2.run(AwtEnvironment.java:166) ~[com.st.stm32cube.common.mx.oss_6.15.0.202507011659/:?]
	at java.awt.event.InvocationEvent.dispatch(InvocationEvent.java:318) ~[?:?]
	at java.awt.EventQueue.dispatchEventImpl(EventQueue.java:773) ~[?:?]
	at java.awt.EventQueue$4.run(EventQueue.java:720) ~[?:?]
	at java.awt.EventQueue$4.run(EventQueue.java:714) ~[?:?]
	at java.security.AccessController.doPrivileged(AccessController.java:400) ~[?:?]
	at java.security.ProtectionDomain$JavaSecurityAccessImpl.doIntersectionPrivilege(ProtectionDomain.java:87) ~[?:?]
	at java.awt.EventQueue.dispatchEvent(EventQueue.java:742) ~[?:?]
	at java.awt.EventDispatchThread.pumpOneEventForFilters(EventDispatchThread.java:203) ~[?:?]
	at java.awt.EventDispatchThread.pumpEventsForFilter(EventDispatchThread.java:124) ~[?:?]
	at java.awt.EventDispatchThread.pumpEventsForHierarchy(EventDispatchThread.java:113) ~[?:?]
	at java.awt.EventDispatchThread.pumpEvents(EventDispatchThread.java:109) ~[?:?]
	at java.awt.EventDispatchThread.pumpEvents(EventDispatchThread.java:101) ~[?:?]
	at java.awt.EventDispatchThread.run(EventDispatchThread.java:90) ~[?:?]
2025-11-15 22:12:03,590 [WARN] ThirdParty:871 - waiting for thirdparty lock release [close project]
2025-11-15 22:12:03,590 [INFO] ThirdParty:873 - entering critical section [close project]
2025-11-15 22:12:03,590 [INFO] ThirdParty:883 - exiting critical section [close project]
2025-11-15 22:12:03,593 [INFO] PinOutPanel:1589 - setPackage(No Configuration,No Configuration)
2025-11-15 22:12:03,604 [INFO] UtilMem:75 - Begin LoadConfig() Used Memory: 565956320 Bytes (751828992)
2025-11-15 22:12:03,605 [INFO] MicroXplorer:468 - Change Database Path : 
2025-11-15 22:12:03,605 [INFO] MicroXplorer:498 - Change Database Version : DB.6.0.150
2025-11-15 22:12:03,605 [INFO] OpenFileManager:355 - Change cursor
2025-11-15 22:12:03,616 [INFO] RulesReader:64 - Compatibility file has been processed (317 Rules)
2025-11-15 22:12:03,620 [INFO] Mcu:2029 - Initializing MCU STM32L476R(C-E-G)Tx STM32L476RGTx STM32L476RGT3
2025-11-15 22:12:04,962 [INFO] Context:786 - Trying to add GPIOservice into a context  which must be forbidden
2025-11-15 22:12:05,546 [INFO] ImportTextPane:234 - (OptionalMessage_ERROR) Pin12 (VP_RIF_VS_RIF1) cannot be retrieved for this MCU
2025-11-15 22:12:05,605 [INFO] RtosManager:558 - Registered RTOS mode: class=CMSIS, group=RTOS, mode=CMSIS_V1, owner=FREERTOS
2025-11-15 22:12:05,606 [INFO] RtosManager:558 - Registered RTOS mode: class=CMSIS, group=RTOS2, mode=CMSIS_V2, owner=FREERTOS
2025-11-15 22:12:05,606 [INFO] RtosManager:558 - Registered RTOS mode: class=RTOS, group=Core, mode=CMSIS_V1, owner=FREERTOS
2025-11-15 22:12:05,606 [INFO] RtosManager:558 - Registered RTOS mode: class=RTOS, group=Core, mode=CMSIS_V2, owner=FREERTOS
2025-11-15 22:12:05,606 [WARN] ModelIntegratedComponent:184 - Missing modes for component STMicroelectronics:FreeRTOS:0.0.1:STMicroelectronics:RTOS:FreeRTOS:Core:::10.2.0:
2025-11-15 22:12:05,627 [WARN] ModelIntegratedComponent:63 - No mode defined for component null
2025-11-15 22:12:05,628 [WARN] ModelIntegratedComponent:63 - No mode defined for component null
2025-11-15 22:12:05,628 [WARN] ModelIntegratedComponent:63 - No mode defined for component null
2025-11-15 22:12:05,628 [WARN] ModelIntegratedComponent:63 - No mode defined for component null
2025-11-15 22:12:05,628 [WARN] ModelIntegratedComponent:63 - No mode defined for component null
2025-11-15 22:12:05,628 [WARN] ModelIntegratedComponent:63 - No mode defined for component null
2025-11-15 22:12:05,628 [WARN] ModelIntegratedComponent:63 - No mode defined for component null
2025-11-15 22:12:05,628 [WARN] ModelIntegratedComponent:63 - No mode defined for component null
2025-11-15 22:12:05,628 [WARN] ModelIntegratedComponent:63 - No mode defined for component null
2025-11-15 22:12:05,628 [WARN] ModelIntegratedComponent:63 - No mode defined for component null
2025-11-15 22:12:05,628 [WARN] ModelIntegratedComponent:63 - No mode defined for component null
2025-11-15 22:12:05,628 [WARN] ModelIntegratedComponent:63 - No mode defined for component null
2025-11-15 22:12:05,628 [WARN] ModelIntegratedComponent:63 - No mode defined for component null
2025-11-15 22:12:05,628 [WARN] ModelIntegratedComponent:63 - No mode defined for component null
2025-11-15 22:12:05,628 [WARN] ModelIntegratedComponent:63 - No mode defined for component null
2025-11-15 22:12:05,628 [WARN] ModelIntegratedComponent:63 - No mode defined for component null
2025-11-15 22:12:05,628 [WARN] ModelIntegratedComponent:63 - No mode defined for component null
2025-11-15 22:12:05,628 [WARN] ModelIntegratedComponent:63 - No mode defined for component null
2025-11-15 22:12:05,629 [WARN] ModelIntegratedComponent:63 - No mode defined for component null
2025-11-15 22:12:05,629 [WARN] ModelIntegratedComponent:63 - No mode defined for component null
2025-11-15 22:12:05,629 [WARN] ModelIntegratedComponent:63 - No mode defined for component null
2025-11-15 22:12:05,629 [WARN] ModelIntegratedComponent:63 - No mode defined for component null
2025-11-15 22:12:05,629 [WARN] ModelIntegratedComponent:63 - No mode defined for component null
2025-11-15 22:12:05,629 [WARN] ModelIntegratedComponent:63 - No mode defined for component null
2025-11-15 22:12:05,629 [WARN] ModelIntegratedComponent:63 - No mode defined for component null
2025-11-15 22:12:05,629 [WARN] ModelIntegratedComponent:63 - No mode defined for component null
2025-11-15 22:12:05,629 [WARN] ModelIntegratedComponent:63 - No mode defined for component null
2025-11-15 22:12:05,629 [WARN] ModelIntegratedComponent:63 - No mode defined for component null
2025-11-15 22:12:05,629 [WARN] ModelIntegratedComponent:63 - No mode defined for component null
2025-11-15 22:12:05,629 [WARN] ModelIntegratedComponent:63 - No mode defined for component null
2025-11-15 22:12:05,629 [WARN] ModelIntegratedComponent:63 - No mode defined for component null
2025-11-15 22:12:05,629 [WARN] ModelIntegratedComponent:63 - No mode defined for component null
2025-11-15 22:12:05,629 [WARN] ModelIntegratedComponent:63 - No mode defined for component null
2025-11-15 22:12:05,629 [WARN] ModelIntegratedComponent:63 - No mode defined for component null
2025-11-15 22:12:05,630 [WARN] ModelIntegratedComponent:63 - No mode defined for component null
2025-11-15 22:12:05,630 [WARN] ModelPack:524 - Component already loaded: STMicroelectronics:HAL Drivers:0.0.0:STMicroelectronics:Device:STMicro_Driver:XSPI:HAL::0.0.1:HAL_XSPI
2025-11-15 22:12:05,714 [INFO] ThirdPartyModel:298 - Start build external matchings
2025-11-15 22:12:06,090 [INFO] ThirdPartyModel:316 - End build external matchings
2025-11-15 22:12:06,101 [INFO] ImportTextPane:234 - (OptionalMessage_ERROR) IP (RCC) : Invalid parameter (FamilyName)
2025-11-15 22:12:06,103 [INFO] ImportTextPane:234 - (OptionalMessage_ERROR) IP (RCC) : Parameter (RNGFreq_Value) has invalid value (64000000)
2025-11-15 22:12:06,103 [INFO] ImportTextPane:234 - (OptionalMessage_ERROR) IP (RCC) : Parameter (SDMMCFreq_Value) has invalid value (64000000)
2025-11-15 22:12:06,103 [INFO] ImportTextPane:234 - (OptionalMessage_ERROR) IP (RCC) : Parameter (USBFreq_Value) has invalid value (64000000)
2025-11-15 22:12:06,352 [INFO] UtilMem:75 - End LoadConfig() Used Memory: 637731176 Bytes (751828992)
2025-11-15 22:12:06,383 [WARN] ThirdParty:833 - waiting for thirdparty lock release [change project]
2025-11-15 22:12:06,383 [INFO] ThirdParty:835 - entering critical section [change project]
2025-11-15 22:12:06,383 [INFO] ThirdParty:1030 - CMSIS Pack Vendor :STMicroelectronics X-CUBE-PM33A1 1.0.0
2025-11-15 22:12:06,383 [INFO] ThirdParty:1030 - CMSIS Pack Vendor :STMicroelectronics USBPD 4.1
2025-11-15 22:12:06,383 [INFO] ThirdParty:1030 - CMSIS Pack Vendor :STMicroelectronics X-CUBE-NFC9 1.0.0
2025-11-15 22:12:06,383 [INFO] ThirdParty:1030 - CMSIS Pack Vendor :STMicroelectronics USB_HOST 2.0.0
2025-11-15 22:12:06,383 [INFO] ThirdParty:1030 - CMSIS Pack Vendor :STMicroelectronics FP-SNS-MOTENVWB1 1.4.0
2025-11-15 22:12:06,383 [INFO] ThirdParty:1030 - CMSIS Pack Vendor :STMicroelectronics X-CUBE-AZRTOS-F4 1.1.0
2025-11-15 22:12:06,383 [INFO] ThirdParty:1030 - CMSIS Pack Vendor :STMicroelectronics LIBJPEG 8.0.0
2025-11-15 22:12:06,383 [INFO] ThirdParty:1030 - CMSIS Pack Vendor :STMicroelectronics FP-ATR-ASTRA1 2.0.2
2025-11-15 22:12:06,383 [INFO] ThirdParty:1030 - CMSIS Pack Vendor :wolfSSL I-CUBE-wolfSSL 5.8.2
2025-11-15 22:12:06,383 [INFO] ThirdParty:1030 - CMSIS Pack Vendor :STMicroelectronics X-CUBE-BLE1 7.1.0
2025-11-15 22:12:06,383 [INFO] ThirdParty:1030 - CMSIS Pack Vendor :Avnet-IotConnect X-CUBE-IoTC-DA16k-PMOD 1.0.0
2025-11-15 22:12:06,384 [INFO] ThirdParty:1030 - CMSIS Pack Vendor :STMicroelectronics X-CUBE-SMBUS 2.1.0
2025-11-15 22:12:06,384 [INFO] ThirdParty:1030 - CMSIS Pack Vendor :wolfSSL I-CUBE-wolfMQTT 1.19.2
2025-11-15 22:12:06,384 [INFO] ThirdParty:1030 - CMSIS Pack Vendor :STMicroelectronics USB_DEVICE 3.0.0
2025-11-15 22:12:06,384 [INFO] ThirdParty:1030 - CMSIS Pack Vendor :STMicroelectronics X-CUBE-ISPU 2.1.0
2025-11-15 22:12:06,384 [INFO] ThirdParty:1030 - CMSIS Pack Vendor :STMicroelectronics X-CUBE-EEPRMA1 5.2.0
2025-11-15 22:12:06,384 [INFO] ThirdParty:1030 - CMSIS Pack Vendor :STMicroelectronics X-CUBE-IPS 3.2.0
2025-11-15 22:12:06,384 [INFO] ThirdParty:1030 - CMSIS Pack Vendor :STMicroelectronics X-CUBE-BLEMGR 4.1.0
2025-11-15 22:12:06,384 [INFO] ThirdParty:1030 - CMSIS Pack Vendor :STMicroelectronics X-CUBE-AZRTOS-WB 2.0.0
2025-11-15 22:12:06,384 [INFO] ThirdParty:1030 - CMSIS Pack Vendor :STMicroelectronics X-CUBE-ST60 1.0.0
2025-11-15 22:12:06,384 [INFO] ThirdParty:1030 - CMSIS Pack Vendor :STMicroelectronics X-CUBE-GNSS1 7.0.1
2025-11-15 22:12:06,384 [INFO] ThirdParty:1030 - CMSIS Pack Vendor :STMicroelectronics X-CUBE-NFC12 1.0.0
2025-11-15 22:12:06,384 [INFO] ThirdParty:1030 - CMSIS Pack Vendor :STMicroelectronics X-CUBE-AZRTOS-F7 1.1.0
2025-11-15 22:12:06,384 [INFO] ThirdParty:1030 - CMSIS Pack Vendor :STMicroelectronics X-CUBE-AZRTOS-L5 2.0.0
2025-11-15 22:12:06,384 [INFO] ThirdParty:1030 - CMSIS Pack Vendor :STMicroelectronics X-CUBE-TOUCHGFX 4.25.0
2025-11-15 22:12:06,384 [INFO] ThirdParty:1030 - CMSIS Pack Vendor :STMicroelectronics USB_DEVICE 2.0.0
2025-11-15 22:12:06,384 [INFO] ThirdParty:1030 - CMSIS Pack Vendor :STMicroelectronics X-CUBE-NFC6 3.1.0
2025-11-15 22:12:06,384 [INFO] ThirdParty:1030 - CMSIS Pack Vendor :STMicroelectronics X-CUBE-ST67W61 1.1.0
2025-11-15 22:12:06,384 [INFO] ThirdParty:1030 - CMSIS Pack Vendor :quantropi X-CUBE-qispace-sdk-base 2.1.0
2025-11-15 22:12:06,384 [INFO] ThirdParty:1030 - CMSIS Pack Vendor :STMicroelectronics FP-SNS-MOTENV1 5.1.0
2025-11-15 22:12:06,385 [INFO] ThirdParty:1030 - CMSIS Pack Vendor :STMicroelectronics FreeRTOS 0.0.1
2025-11-15 22:12:06,385 [INFO] ThirdParty:1030 - CMSIS Pack Vendor :STMicroelectronics X-CUBE-AZRTOS-G0 1.1.0
2025-11-15 22:12:06,385 [INFO] ThirdParty:1030 - CMSIS Pack Vendor :STMicroelectronics X-CUBE-SAFEA1 1.2.2
2025-11-15 22:12:06,385 [INFO] ThirdParty:1030 - CMSIS Pack Vendor :STMicroelectronics X-CUBE-NFC4 3.0.0
2025-11-15 22:12:06,385 [INFO] ThirdParty:1030 - CMSIS Pack Vendor :STMicroelectronics X-CUBE-SUBG2 5.0.0
2025-11-15 22:12:06,385 [INFO] ThirdParty:1030 - CMSIS Pack Vendor :STMicroelectronics X-CUBE-AZRTOS-H7RS 1.1.0
2025-11-15 22:12:06,385 [INFO] ThirdParty:1030 - CMSIS Pack Vendor :STMicroelectronics STM32_WPAN 1.0.0
2025-11-15 22:12:06,385 [INFO] ThirdParty:1030 - CMSIS Pack Vendor :EmbeddedOffice I-CUBE-FS-RTOS 1.0.1
2025-11-15 22:12:06,385 [INFO] ThirdParty:1030 - CMSIS Pack Vendor :STMicroelectronics lwIP 2.0.3
2025-11-15 22:12:06,385 [INFO] ThirdParty:1030 - CMSIS Pack Vendor :WES I-CUBE-Cesium 1.4.0
2025-11-15 22:12:06,385 [INFO] ThirdParty:1030 - CMSIS Pack Vendor :Cesanta I-CUBE-Mongoose 7.13.0
2025-11-15 22:12:06,385 [INFO] ThirdParty:1030 - CMSIS Pack Vendor :STMicroelectronics USB_HOST 1.0.0
2025-11-15 22:12:06,385 [INFO] ThirdParty:1030 - CMSIS Pack Vendor :Infineon AIROC-Wi-Fi-Bluetooth-STM32 1.7.1
2025-11-15 22:12:06,385 [INFO] ThirdParty:1030 - CMSIS Pack Vendor :STMicroelectronics X-CUBE-AZRTOS-G4 2.0.0
2025-11-15 22:12:06,385 [INFO] ThirdParty:1030 - CMSIS Pack Vendor :STMicroelectronics X-CUBE-WB05N 2.0.0
2025-11-15 22:12:06,385 [INFO] ThirdParty:1030 - CMSIS Pack Vendor :STMicroelectronics PDM2PCM 3.1.0
2025-11-15 22:12:06,385 [INFO] ThirdParty:1030 - CMSIS Pack Vendor :STMicroelectronics PDM2PCM 3.3.0
2025-11-15 22:12:06,385 [INFO] ThirdParty:1030 - CMSIS Pack Vendor :wolfSSL I-CUBE-wolfTPM 3.8.0
2025-11-15 22:12:06,385 [INFO] ThirdParty:1030 - CMSIS Pack Vendor :STMicroelectronics X-CUBE-AZRTOS-H7 3.4.0
2025-11-15 22:12:06,385 [INFO] ThirdParty:1030 - CMSIS Pack Vendor :STMicroelectronics X-CUBE-DISPLAY 3.0.0
2025-11-15 22:12:06,385 [INFO] ThirdParty:1030 - CMSIS Pack Vendor :wolfSSL I-CUBE-wolfSSH 1.4.20
2025-11-15 22:12:06,385 [INFO] ThirdParty:1030 - CMSIS Pack Vendor :STMicroelectronics X-CUBE-NFC7 2.0.0
2025-11-15 22:12:06,385 [INFO] ThirdParty:1030 - CMSIS Pack Vendor :STMicroelectronics X-CUBE-TCPP 4.2.0
2025-11-15 22:12:06,385 [INFO] ThirdParty:1030 - CMSIS Pack Vendor :RealThread X-CUBE-RT-Thread_Nano 4.1.1
2025-11-15 22:12:06,385 [INFO] ThirdParty:1030 - CMSIS Pack Vendor :STMicroelectronics FP-ATR-SIGFOX1 3.2.0
2025-11-15 22:12:06,386 [INFO] ThirdParty:1030 - CMSIS Pack Vendor :STMicroelectronics X-CUBE-NFC10 1.0.0
2025-11-15 22:12:06,386 [INFO] ThirdParty:1030 - CMSIS Pack Vendor :STMicroelectronics X-CUBE-FREERTOS 1.3.1
2025-11-15 22:12:06,386 [INFO] ThirdParty:1030 - CMSIS Pack Vendor :STMicroelectronics HAL Drivers 0.0.0
2025-11-15 22:12:06,386 [INFO] ThirdParty:1030 - CMSIS Pack Vendor :STMicroelectronics MBEDTLS 2.16.2
2025-11-15 22:12:06,386 [INFO] ThirdParty:1030 - CMSIS Pack Vendor :STMicroelectronics X-CUBE-ST60 1.1.0
2025-11-15 22:12:06,386 [INFO] ThirdParty:1030 - CMSIS Pack Vendor :STMicroelectronics X-CUBE-IPS 3.1.0
2025-11-15 22:12:06,386 [INFO] ThirdParty:1030 - CMSIS Pack Vendor :STMicroelectronics X-CUBE-ALS 1.0.2
2025-11-15 22:12:06,386 [INFO] ThirdParty:1030 - CMSIS Pack Vendor :emotas I-CUBE-CANOPEN 1.3.0
2025-11-15 22:12:06,386 [INFO] ThirdParty:1030 - CMSIS Pack Vendor :STMicroelectronics MBEDTLS 2.14.1
2025-11-15 22:12:06,386 [INFO] ThirdParty:1030 - CMSIS Pack Vendor :STMicroelectronics X-CUBE-GNSS1 7.1.0
2025-11-15 22:12:06,386 [INFO] ThirdParty:1030 - CMSIS Pack Vendor :ITTIA_DB I-CUBE-ITTIADB 8.9.0
2025-11-15 22:12:06,386 [INFO] ThirdParty:1030 - CMSIS Pack Vendor :STMicroelectronics X-CUBE-TOUCHGFX 4.26.0
2025-11-15 22:12:06,386 [INFO] ThirdParty:1030 - CMSIS Pack Vendor :STMicroelectronics X-CUBE-STSE01 1.0.0
2025-11-15 22:12:06,386 [INFO] ThirdParty:1030 - CMSIS Pack Vendor :STMicroelectronics X-CUBE-ST67W61 1.0.0
2025-11-15 22:12:06,386 [INFO] ThirdParty:1030 - CMSIS Pack Vendor :STMicroelectronics FP-SNS-STBOX1 2.1.0
2025-11-15 22:12:06,386 [INFO] ThirdParty:1030 - CMSIS Pack Vendor :STMicroelectronics X-CUBE-AI 10.2.0
2025-11-15 22:12:06,386 [INFO] ThirdParty:1030 - CMSIS Pack Vendor :STMicroelectronics FP-SNS-STAIOTCFT 1.0.0
2025-11-15 22:12:06,386 [INFO] ThirdParty:1030 - CMSIS Pack Vendor :STMicroelectronics ThreadX 1.0.0
2025-11-15 22:12:06,386 [INFO] ThirdParty:1030 - CMSIS Pack Vendor :STMicroelectronics FP-SNS-SMARTAG2 1.2.0
2025-11-15 22:12:06,387 [INFO] ThirdParty:1030 - CMSIS Pack Vendor :STMicroelectronics FP-SNS-FLIGHT1 5.1.0
2025-11-15 22:12:06,387 [INFO] ThirdParty:1030 - CMSIS Pack Vendor :STMicroelectronics X-CUBE-AZRTOS-WL 2.0.0
2025-11-15 22:12:06,387 [INFO] ThirdParty:1030 - CMSIS Pack Vendor :SEGGER I-CUBE-embOS 1.3.1
2025-11-15 22:12:06,387 [INFO] ThirdParty:1030 - CMSIS Pack Vendor :STMicroelectronics X-CUBE-ALGOBUILD 1.4.0
2025-11-15 22:12:06,387 [INFO] ThirdParty:1030 - CMSIS Pack Vendor :STMicroelectronics X-CUBE-DPower 1.3.0
2025-11-15 22:12:06,387 [INFO] ThirdParty:1030 - CMSIS Pack Vendor :STMicroelectronics X-CUBE-MEMS1 11.3.0
2025-11-15 22:12:06,387 [INFO] ThirdParty:1030 - CMSIS Pack Vendor :STMicroelectronics FP-SNS-MOTENV1 5.0.0
2025-11-15 22:12:06,387 [INFO] ThirdParty:1030 - CMSIS Pack Vendor :STMicroelectronics USB_DEVICE 1.0.0
2025-11-15 22:12:06,387 [INFO] ThirdParty:1030 - CMSIS Pack Vendor :STMicroelectronics X-CUBE-AZRTOS-L4 2.0.0
2025-11-15 22:12:06,387 [INFO] ThirdParty:1030 - CMSIS Pack Vendor :STMicroelectronics ThreadX 0.0.2
2025-11-15 22:12:06,387 [INFO] ThirdParty:1030 - CMSIS Pack Vendor :STMicroelectronics lwIP 2.1.2
2025-11-15 22:12:06,387 [INFO] ThirdParty:1030 - CMSIS Pack Vendor :STMicroelectronics X-CUBE-SFXS2LP1 4.0.0
2025-11-15 22:12:06,387 [INFO] ThirdParty:1030 - CMSIS Pack Vendor :STMicroelectronics X-CUBE-BLE2 3.3.0
2025-11-15 22:12:06,387 [INFO] ThirdParty:1030 - CMSIS Pack Vendor :Avnet-IOTCONNECT X-CUBE-iotc-st67-sdk 1.0.0
2025-11-15 22:12:06,387 [INFO] ThirdParty:1030 - CMSIS Pack Vendor :STMicroelectronics X-CUBE-TOF1 3.4.3
2025-11-15 22:12:06,387 [INFO] ThirdParty:1030 - CMSIS Pack Vendor :STMicroelectronics PDM2PCM 3.2.0
2025-11-15 22:12:06,387 [INFO] ThirdParty:841 - exiting critical section [change project]
2025-11-15 22:12:06,583 [INFO] PinOutPanel:1589 - setPackage(No Configuration,No Configuration)
2025-11-15 22:12:06,584 [INFO] PinOutPanel:1589 - setPackage(STM32L476RGTx,LQFP64)
2025-11-15 22:12:07,002 [INFO] UtilMem:75 - Before build in PCC Used Memory: 635961344 Bytes (751828992)
2025-11-15 22:12:07,286 [INFO] UtilMem:75 - After build in PCC Used Memory: 341145248 Bytes (751828992)
2025-11-15 22:12:07,306 [INFO] IPUIPlugin:80 - create IPUIPlugin
2025-11-15 22:12:07,306 [INFO] IPUIPlugin:80 - create IPUIPlugin
2025-11-15 22:12:07,306 [INFO] IPUIPlugin:80 - create IPUIPlugin
2025-11-15 22:12:07,306 [INFO] IPUIPlugin:80 - create IPUIPlugin
2025-11-15 22:12:07,306 [INFO] IPUIPlugin:80 - create IPUIPlugin
2025-11-15 22:12:07,306 [INFO] IPUIPlugin:80 - create IPUIPlugin
2025-11-15 22:12:07,306 [INFO] IPUIPlugin:80 - create IPUIPlugin
2025-11-15 22:12:07,306 [INFO] IPUIPlugin:80 - create IPUIPlugin
2025-11-15 22:12:07,306 [INFO] IPUIPlugin:80 - create IPUIPlugin
2025-11-15 22:12:07,306 [INFO] IPUIPlugin:80 - create IPUIPlugin
2025-11-15 22:12:07,306 [INFO] IPUIPlugin:80 - create IPUIPlugin
2025-11-15 22:12:07,307 [INFO] IPUIPlugin:80 - create IPUIPlugin
2025-11-15 22:12:07,307 [INFO] IPUIPlugin:80 - create IPUIPlugin
2025-11-15 22:12:07,307 [INFO] IPUIPlugin:80 - create IPUIPlugin
2025-11-15 22:12:07,307 [INFO] IPUIPlugin:80 - create IPUIPlugin
2025-11-15 22:12:07,307 [INFO] IPUIPlugin:80 - create IPUIPlugin
2025-11-15 22:12:07,307 [INFO] IPUIPlugin:80 - create IPUIPlugin
2025-11-15 22:12:07,307 [INFO] IPUIPlugin:80 - create IPUIPlugin
2025-11-15 22:12:07,307 [INFO] IPUIPlugin:80 - create IPUIPlugin
2025-11-15 22:12:07,308 [INFO] IPUIPlugin:80 - create IPUIPlugin
2025-11-15 22:12:07,308 [INFO] IPUIPlugin:80 - create IPUIPlugin
2025-11-15 22:12:07,308 [INFO] IPUIPlugin:80 - create IPUIPlugin
2025-11-15 22:12:07,308 [INFO] IPUIPlugin:80 - create IPUIPlugin
2025-11-15 22:12:07,308 [INFO] IPUIPlugin:80 - create IPUIPlugin
2025-11-15 22:12:07,308 [INFO] IPUIPlugin:80 - create IPUIPlugin
2025-11-15 22:12:07,309 [INFO] IPUIPlugin:80 - create IPUIPlugin
2025-11-15 22:12:07,309 [INFO] IPUIPlugin:80 - create IPUIPlugin
2025-11-15 22:12:07,309 [INFO] IPUIPlugin:80 - create IPUIPlugin
2025-11-15 22:12:07,309 [INFO] IPUIPlugin:80 - create IPUIPlugin
2025-11-15 22:12:07,309 [INFO] IPUIPlugin:80 - create IPUIPlugin
2025-11-15 22:12:07,309 [INFO] IPUIPlugin:80 - create IPUIPlugin
2025-11-15 22:12:07,310 [INFO] IPUIPlugin:80 - create IPUIPlugin
2025-11-15 22:12:07,310 [INFO] IPUIPlugin:80 - create IPUIPlugin
2025-11-15 22:12:07,310 [INFO] IPUIPlugin:80 - create IPUIPlugin
2025-11-15 22:12:07,310 [INFO] IPUIPlugin:80 - create IPUIPlugin
2025-11-15 22:12:07,310 [INFO] IPUIPlugin:80 - create IPUIPlugin
2025-11-15 22:12:07,310 [INFO] IPUIPlugin:80 - create IPUIPlugin
2025-11-15 22:12:07,310 [INFO] IPUIPlugin:80 - create IPUIPlugin
2025-11-15 22:12:07,311 [INFO] IPUIPlugin:80 - create IPUIPlugin
2025-11-15 22:12:07,311 [INFO] IPUIPlugin:80 - create IPUIPlugin
2025-11-15 22:12:07,311 [INFO] IPUIPlugin:80 - create IPUIPlugin
2025-11-15 22:12:07,311 [INFO] IPUIPlugin:80 - create IPUIPlugin
2025-11-15 22:12:07,311 [INFO] IPUIPlugin:80 - create IPUIPlugin
2025-11-15 22:12:07,312 [INFO] IPUIPlugin:80 - create IPUIPlugin
2025-11-15 22:12:07,312 [INFO] IPUIPlugin:80 - create IPUIPlugin
2025-11-15 22:12:07,312 [INFO] IPUIPlugin:80 - create IPUIPlugin
2025-11-15 22:12:07,312 [INFO] IPUIPlugin:80 - create IPUIPlugin
2025-11-15 22:12:07,312 [INFO] IPUIPlugin:80 - create IPUIPlugin
2025-11-15 22:12:07,312 [INFO] IPUIPlugin:80 - create IPUIPlugin
2025-11-15 22:12:07,313 [INFO] IPUIPlugin:80 - create IPUIPlugin
2025-11-15 22:12:07,313 [INFO] IPUIPlugin:80 - create IPUIPlugin
2025-11-15 22:12:07,313 [INFO] IPUIPlugin:80 - create IPUIPlugin
2025-11-15 22:12:07,313 [INFO] IPUIPlugin:80 - create IPUIPlugin
2025-11-15 22:12:07,314 [INFO] IPUIPlugin:80 - create IPUIPlugin
2025-11-15 22:12:07,314 [INFO] IPUIPlugin:80 - create IPUIPlugin
2025-11-15 22:12:07,314 [INFO] IPUIPlugin:80 - create IPUIPlugin
2025-11-15 22:12:07,314 [INFO] IPUIPlugin:80 - create IPUIPlugin
2025-11-15 22:12:07,315 [INFO] IPUIPlugin:80 - create IPUIPlugin
2025-11-15 22:12:07,315 [INFO] IPUIPlugin:80 - create IPUIPlugin
2025-11-15 22:12:07,363 [INFO] CADModel:165 - CPN selected for project levelSTM32L476RGT3
2025-11-15 22:12:07,364 [INFO] CADModel:114 - Register for checkConnection events
2025-11-15 22:12:07,463 [INFO] OpenFileManager:386 - Restore cursor
2025-11-15 22:20:00,135 [INFO] UtilMem:75 - End SaveConfig() Used Memory: 643950952 Bytes (751828992)
2025-11-15 22:20:01,776 [INFO] UtilMem:75 - End SaveConfig() Used Memory: 303668880 Bytes (751828992)
2025-11-15 22:20:02,130 [INFO] BlockDiagram:2775 - set Specific Code input for plugin: SYS
2025-11-15 22:20:02,130 [INFO] BlockDiagram:2775 - set Specific Code input for plugin: RCC
2025-11-15 22:20:02,131 [INFO] BlockDiagram:2775 - set Specific Code input for plugin: NVIC
2025-11-15 22:20:02,131 [INFO] BlockDiagram:2775 - set Specific Code input for plugin: GPIO
2025-11-15 22:20:02,131 [INFO] CodeGenerator:892 - code generatio: config db path: C:\ST\STM32CubeIDE_1.19.0\STM32CubeIDE\plugins\com.st.stm32cube.common.mx_6.15.0.202507011659\\db\
2025-11-15 22:20:02,191 [INFO] CodeEngine:265 - oldGeneratedFile, D:\STM32\Lab\13-multiple-external-interrupts\MXTmpFiles\license.tmp_save
2025-11-15 22:20:02,403 [INFO] CodeEngine:289 - Generated code: D:\STM32\Lab\13-multiple-external-interrupts\MXTmpFiles\license.tmp
2025-11-15 22:20:02,463 [INFO] CodeEngine:265 - oldGeneratedFile, D:\STM32\Lab\13-multiple-external-interrupts\MXTmpFiles\gpio.tmp_save
2025-11-15 22:20:02,583 [INFO] CodeEngine:289 - Generated code: D:\STM32\Lab\13-multiple-external-interrupts\MXTmpFiles\gpio.tmp
2025-11-15 22:20:02,607 [INFO] CodeEngine:265 - oldGeneratedFile, D:\STM32\Lab\13-multiple-external-interrupts\Core\Src\stm32l4xx_it.c_save
2025-11-15 22:20:02,801 [INFO] CodeEngine:289 - Generated code: D:\STM32\Lab\13-multiple-external-interrupts\Core\Src\stm32l4xx_it.c
2025-11-15 22:20:02,806 [INFO] CodeEngine:265 - oldGeneratedFile, D:\STM32\Lab\13-multiple-external-interrupts\Core\Inc\stm32l4xx_it.h_save
2025-11-15 22:20:02,864 [INFO] CodeEngine:289 - Generated code: D:\STM32\Lab\13-multiple-external-interrupts\Core\Inc\stm32l4xx_it.h
2025-11-15 22:20:02,874 [INFO] CodeEngine:265 - oldGeneratedFile, D:\STM32\Lab\13-multiple-external-interrupts\Core\Src\stm32l4xx_hal_msp.c_save
2025-11-15 22:20:02,965 [INFO] CodeEngine:289 - Generated code: D:\STM32\Lab\13-multiple-external-interrupts\Core\Src\stm32l4xx_hal_msp.c
2025-11-15 22:20:02,969 [INFO] CodeEngine:265 - oldGeneratedFile, D:\STM32\Lab\13-multiple-external-interrupts\MXTmpFiles\system.tmp_save
2025-11-15 22:20:03,019 [INFO] CodeEngine:289 - Generated code: D:\STM32\Lab\13-multiple-external-interrupts\MXTmpFiles\system.tmp
2025-11-15 22:20:03,028 [INFO] CodeEngine:321 - oldGeneratedFile, D:\STM32\Lab\13-multiple-external-interrupts\Core\Inc\stm32l4xx_hal_conf.h_save
2025-11-15 22:20:03,094 [INFO] CodeEngine:345 - Generated code: D:\STM32\Lab\13-multiple-external-interrupts\Core\Inc\stm32l4xx_hal_conf.h
2025-11-15 22:20:03,134 [INFO] ApiDbMcu:532 - Load IP Config File for RCC
2025-11-15 22:20:03,142 [INFO] CodeEngine:265 - oldGeneratedFile, D:\STM32\Lab\13-multiple-external-interrupts\Core\Inc\main.h_save
2025-11-15 22:20:03,235 [INFO] CodeEngine:289 - Generated code: D:\STM32\Lab\13-multiple-external-interrupts\Core\Inc\main.h
2025-11-15 22:20:03,240 [INFO] CodeEngine:265 - oldGeneratedFile, D:\STM32\Lab\13-multiple-external-interrupts\Core\Src\main.c_save
2025-11-15 22:20:03,321 [INFO] CodeEngine:289 - Generated code: D:\STM32\Lab\13-multiple-external-interrupts\Core\Src\main.c
2025-11-15 22:20:03,645 [INFO] ProjectBuilder:3606 - Time for Copy HAL[1] : 154mS.
2025-11-15 22:20:03,648 [INFO] ProjectBuilder:5216 - Project Generator version: 4.7.0-B52
2025-11-15 22:20:03,712 [INFO] ConfigFileManager:1595 - The Die is : DIE415
2025-11-15 22:20:03,715 [INFO] ApiDbMcu:532 - Load IP Config File for FATFS
2025-11-15 22:20:03,719 [INFO] ApiDbMcu:532 - Load IP Config File for FREERTOS
2025-11-15 22:20:03,728 [INFO] ApiDbMcu:532 - Load IP Config File for TOUCHSENSING
2025-11-15 22:20:03,733 [INFO] ApiDbMcu:532 - Load IP Config File for USB_DEVICE
2025-11-15 22:20:03,736 [INFO] ApiDbMcu:532 - Load IP Config File for USB_HOST
2025-11-15 22:20:04,500 [INFO] ProjectBuilder:5496 - Time for Generating toolchain IDE Files: 852mS.
2025-11-15 22:20:04,500 [INFO] ProjectBuilder:3463 - Time for Copy CMSIS : 0mS.
2025-11-15 22:20:04,503 [INFO] ProjectBuilder:3463 - Time for Copy CMSIS : 0mS.
2025-11-15 22:31:59,340 [INFO] UtilMem:75 - End SaveConfig() Used Memory: 421930216 Bytes (751828992)
2025-11-15 22:31:59,479 [INFO] BlockDiagram:2775 - set Specific Code input for plugin: SYS
2025-11-15 22:31:59,479 [INFO] BlockDiagram:2775 - set Specific Code input for plugin: RCC
2025-11-15 22:31:59,479 [INFO] BlockDiagram:2775 - set Specific Code input for plugin: NVIC
2025-11-15 22:31:59,480 [INFO] BlockDiagram:2775 - set Specific Code input for plugin: GPIO
2025-11-15 22:31:59,480 [INFO] CodeGenerator:892 - code generatio: config db path: C:\ST\STM32CubeIDE_1.19.0\STM32CubeIDE\plugins\com.st.stm32cube.common.mx_6.15.0.202507011659\\db\
2025-11-15 22:31:59,557 [INFO] CodeEngine:265 - oldGeneratedFile, D:\STM32\Lab\13-multiple-external-interrupts\MXTmpFiles\license.tmp_save
2025-11-15 22:31:59,626 [INFO] CodeEngine:289 - Generated code: D:\STM32\Lab\13-multiple-external-interrupts\MXTmpFiles\license.tmp
2025-11-15 22:31:59,650 [INFO] CodeEngine:265 - oldGeneratedFile, D:\STM32\Lab\13-multiple-external-interrupts\MXTmpFiles\gpio.tmp_save
2025-11-15 22:31:59,699 [INFO] CodeEngine:289 - Generated code: D:\STM32\Lab\13-multiple-external-interrupts\MXTmpFiles\gpio.tmp
2025-11-15 22:31:59,722 [INFO] CodeEngine:265 - oldGeneratedFile, D:\STM32\Lab\13-multiple-external-interrupts\Core\Src\stm32l4xx_it.c_save
2025-11-15 22:31:59,776 [INFO] CodeEngine:289 - Generated code: D:\STM32\Lab\13-multiple-external-interrupts\Core\Src\stm32l4xx_it.c
2025-11-15 22:31:59,781 [INFO] CodeEngine:265 - oldGeneratedFile, D:\STM32\Lab\13-multiple-external-interrupts\Core\Inc\stm32l4xx_it.h_save
2025-11-15 22:31:59,827 [INFO] CodeEngine:289 - Generated code: D:\STM32\Lab\13-multiple-external-interrupts\Core\Inc\stm32l4xx_it.h
2025-11-15 22:31:59,838 [INFO] CodeEngine:265 - oldGeneratedFile, D:\STM32\Lab\13-multiple-external-interrupts\Core\Src\stm32l4xx_hal_msp.c_save
2025-11-15 22:31:59,903 [INFO] CodeEngine:289 - Generated code: D:\STM32\Lab\13-multiple-external-interrupts\Core\Src\stm32l4xx_hal_msp.c
2025-11-15 22:31:59,908 [INFO] CodeEngine:265 - oldGeneratedFile, D:\STM32\Lab\13-multiple-external-interrupts\MXTmpFiles\system.tmp_save
2025-11-15 22:31:59,950 [INFO] CodeEngine:289 - Generated code: D:\STM32\Lab\13-multiple-external-interrupts\MXTmpFiles\system.tmp
2025-11-15 22:31:59,958 [INFO] CodeEngine:321 - oldGeneratedFile, D:\STM32\Lab\13-multiple-external-interrupts\Core\Inc\stm32l4xx_hal_conf.h_save
2025-11-15 22:32:00,005 [INFO] CodeEngine:345 - Generated code: D:\STM32\Lab\13-multiple-external-interrupts\Core\Inc\stm32l4xx_hal_conf.h
2025-11-15 22:32:00,033 [INFO] CodeEngine:265 - oldGeneratedFile, D:\STM32\Lab\13-multiple-external-interrupts\Core\Inc\main.h_save
2025-11-15 22:32:00,086 [INFO] CodeEngine:289 - Generated code: D:\STM32\Lab\13-multiple-external-interrupts\Core\Inc\main.h
2025-11-15 22:32:00,091 [INFO] CodeEngine:265 - oldGeneratedFile, D:\STM32\Lab\13-multiple-external-interrupts\Core\Src\main.c_save
2025-11-15 22:32:00,165 [INFO] CodeEngine:289 - Generated code: D:\STM32\Lab\13-multiple-external-interrupts\Core\Src\main.c
2025-11-15 22:32:00,451 [INFO] ProjectBuilder:3606 - Time for Copy HAL[1] : 148mS.
2025-11-15 22:32:00,453 [INFO] ProjectBuilder:5216 - Project Generator version: 4.7.0-B52
2025-11-15 22:32:00,509 [INFO] ConfigFileManager:1595 - The Die is : DIE415
2025-11-15 22:32:01,098 [INFO] ProjectBuilder:5496 - Time for Generating toolchain IDE Files: 645mS.
2025-11-15 22:32:01,099 [INFO] ProjectBuilder:3463 - Time for Copy CMSIS : 0mS.
2025-11-15 22:32:01,101 [INFO] ProjectBuilder:3463 - Time for Copy CMSIS : 0mS.
2025-11-15 22:32:40,835 [ERROR] ConfigurationRetriever:142 - IOException on connection: Read timed out
2025-11-15 22:36:15,841 [INFO] MainUpdater:2872 - connection check result : 10
2025-11-15 22:36:15,841 [INFO] MainUpdater:2872 - connection check result : 10
2025-11-15 22:36:15,924 [INFO] MicroXplorer:468 - Change Database Path : 
2025-11-15 22:36:15,924 [INFO] MicroXplorer:498 - Change Database Version : DB.6.0.150
2025-11-15 22:36:15,967 [ERROR] ProjectManagerView:395 - 
java.lang.NullPointerException: Cannot invoke "javax.swing.JTextField.getText()" because the return value of "java.util.List.get(int)" is null
	at com.st.microxplorer.plugins.projectmanager.gui.ProjectChoiceTab$9.caretUpdate(ProjectChoiceTab.java:2706) ~[filemanager.jar:?]
	at javax.swing.text.JTextComponent.fireCaretUpdate(JTextComponent.java:408) ~[?:?]
	at javax.swing.text.JTextComponent$MutableCaretEvent.fire(JTextComponent.java:4484) ~[?:?]
	at javax.swing.text.JTextComponent$MutableCaretEvent.stateChanged(JTextComponent.java:4506) ~[?:?]
	at javax.swing.text.DefaultCaret.fireStateChanged(DefaultCaret.java:857) ~[?:?]
	at javax.swing.text.DefaultCaret.changeCaretPosition(DefaultCaret.java:1343) ~[?:?]
	at javax.swing.text.DefaultCaret.handleSetDot(DefaultCaret.java:1242) ~[?:?]
	at javax.swing.text.DefaultCaret.setDot(DefaultCaret.java:1223) ~[?:?]
	at javax.swing.text.DefaultCaret$Handler.insertUpdate(DefaultCaret.java:1819) ~[?:?]
	at javax.swing.text.AbstractDocument.fireInsertUpdate(AbstractDocument.java:227) ~[?:?]
	at javax.swing.text.AbstractDocument.handleInsertString(AbstractDocument.java:781) ~[?:?]
	at javax.swing.text.AbstractDocument.insertString(AbstractDocument.java:740) ~[?:?]
	at javax.swing.text.PlainDocument.insertString(PlainDocument.java:131) ~[?:?]
	at javax.swing.text.AbstractDocument.replace(AbstractDocument.java:699) ~[?:?]
	at javax.swing.text.JTextComponent.setText(JTextComponent.java:1725) ~[?:?]
	at com.st.microxplorer.plugins.projectmanager.gui.ProjectChoiceTab.createHeapStackFields(ProjectChoiceTab.java:993) ~[filemanager.jar:?]
	at com.st.microxplorer.plugins.projectmanager.gui.ProjectChoiceTab.buildLinkSettingsPanel(ProjectChoiceTab.java:3813) ~[filemanager.jar:?]
	at com.st.microxplorer.plugins.projectmanager.gui.ProjectChoiceTab.defineWindowsFields(ProjectChoiceTab.java:1987) ~[filemanager.jar:?]
	at com.st.microxplorer.plugins.projectmanager.gui.ProjectChoiceTab.updateSettings(ProjectChoiceTab.java:558) ~[filemanager.jar:?]
	at com.st.microxplorer.plugins.projectmanager.gui.ProjectSettingsPanel.UpdateDialog(ProjectSettingsPanel.java:247) ~[filemanager.jar:?]
	at com.st.microxplorer.plugins.projectmanager.ProjectManagerView.propertyChange(ProjectManagerView.java:392) ~[filemanager.jar:?]
	at java.beans.PropertyChangeSupport.fire(PropertyChangeSupport.java:343) ~[?:?]
	at java.beans.PropertyChangeSupport.firePropertyChange(PropertyChangeSupport.java:335) ~[?:?]
	at java.beans.PropertyChangeSupport.firePropertyChange(PropertyChangeSupport.java:268) ~[?:?]
	at com.st.microxplorer.util.MXPropertyChangeSupport.firePropertyChange(MXPropertyChangeSupport.java:54) ~[STM32CubeMX.jar:?]
	at com.st.microxplorer.mxsystem.MxSystem.closeConfig(MxSystem.java:899) ~[STM32CubeMX.jar:?]
	at com.st.microxplorer.maingui.MainPanel.closeConfig(MainPanel.java:792) ~[STM32CubeMX.jar:?]
	at com.st.microxplorer.plugins.filemanager.engine.OpenFileManager.loadConfigurationFile(OpenFileManager.java:288) ~[filemanager.jar:?]
	at com.st.microxplorer.plugins.filemanager.engine.MainFileManager.userLoadConfig(MainFileManager.java:364) ~[filemanager.jar:?]
	at com.st.microxplorer.plugins.filemanager.engine.MainFileManager.userLoadConfig(MainFileManager.java:342) ~[filemanager.jar:?]
	at com.st.microxplorer.plugins.filemanager.FileManagerView.getSpecificTask(FileManagerView.java:264) ~[filemanager.jar:?]
	at com.st.stm32cube.common.mx.editor.CubeMxEditor.getMxTabbedPaneInstance(CubeMxEditor.java:1198) ~[com.st.stm32cube.common.mx_6.15.0.202507011659/:?]
	at com.st.stm32cube.common.mx.editor.CubeMxEditor$12$1.createSwingComponent(CubeMxEditor.java:1068) ~[com.st.stm32cube.common.mx_6.15.0.202507011659/:?]
	at com.st.stm32cube.common.mx.oss.core.awtswtbridge.EmbeddedSwingComposite.doComponentCreation(EmbeddedSwingComposite.java:492) ~[com.st.stm32cube.common.mx.oss_6.15.0.202507011659/:?]
	at com.st.stm32cube.common.mx.oss.core.awtswtbridge.EmbeddedSwingComposite$4.run(EmbeddedSwingComposite.java:291) ~[com.st.stm32cube.common.mx.oss_6.15.0.202507011659/:?]
	at com.st.stm32cube.common.mx.oss.core.awtswtbridge.AwtEnvironment$2.run(AwtEnvironment.java:166) ~[com.st.stm32cube.common.mx.oss_6.15.0.202507011659/:?]
	at java.awt.event.InvocationEvent.dispatch(InvocationEvent.java:318) ~[?:?]
	at java.awt.EventQueue.dispatchEventImpl(EventQueue.java:773) ~[?:?]
	at java.awt.EventQueue$4.run(EventQueue.java:720) ~[?:?]
	at java.awt.EventQueue$4.run(EventQueue.java:714) ~[?:?]
	at java.security.AccessController.doPrivileged(AccessController.java:400) ~[?:?]
	at java.security.ProtectionDomain$JavaSecurityAccessImpl.doIntersectionPrivilege(ProtectionDomain.java:87) ~[?:?]
	at java.awt.EventQueue.dispatchEvent(EventQueue.java:742) ~[?:?]
	at java.awt.EventDispatchThread.pumpOneEventForFilters(EventDispatchThread.java:203) ~[?:?]
	at java.awt.EventDispatchThread.pumpEventsForFilter(EventDispatchThread.java:124) ~[?:?]
	at java.awt.EventDispatchThread.pumpEventsForHierarchy(EventDispatchThread.java:113) ~[?:?]
	at java.awt.EventDispatchThread.pumpEvents(EventDispatchThread.java:109) ~[?:?]
	at java.awt.EventDispatchThread.pumpEvents(EventDispatchThread.java:101) ~[?:?]
	at java.awt.EventDispatchThread.run(EventDispatchThread.java:90) ~[?:?]
2025-11-15 22:36:15,969 [WARN] ThirdParty:871 - waiting for thirdparty lock release [close project]
2025-11-15 22:36:15,969 [INFO] ThirdParty:873 - entering critical section [close project]
2025-11-15 22:36:15,969 [INFO] ThirdParty:883 - exiting critical section [close project]
2025-11-15 22:36:15,974 [INFO] PinOutPanel:1589 - setPackage(No Configuration,No Configuration)
2025-11-15 22:36:15,988 [INFO] UtilMem:75 - Begin LoadConfig() Used Memory: 357646496 Bytes (752877568)
2025-11-15 22:36:15,989 [INFO] MicroXplorer:468 - Change Database Path : 
2025-11-15 22:36:15,989 [INFO] MicroXplorer:498 - Change Database Version : DB.6.0.150
2025-11-15 22:36:15,989 [INFO] OpenFileManager:355 - Change cursor
2025-11-15 22:36:16,007 [INFO] RulesReader:64 - Compatibility file has been processed (317 Rules)
2025-11-15 22:36:16,010 [INFO] Mcu:2029 - Initializing MCU STM32L476R(C-E-G)Tx STM32L476RGTx STM32L476RGT3
2025-11-15 22:36:17,437 [INFO] Context:786 - Trying to add GPIOservice into a context  which must be forbidden
2025-11-15 22:36:17,935 [INFO] ImportTextPane:234 - (OptionalMessage_ERROR) Pin5 (VP_RIF_VS_RIF1) cannot be retrieved for this MCU
2025-11-15 22:36:17,997 [INFO] RtosManager:558 - Registered RTOS mode: class=CMSIS, group=RTOS, mode=CMSIS_V1, owner=FREERTOS
2025-11-15 22:36:17,997 [INFO] RtosManager:558 - Registered RTOS mode: class=CMSIS, group=RTOS2, mode=CMSIS_V2, owner=FREERTOS
2025-11-15 22:36:17,997 [INFO] RtosManager:558 - Registered RTOS mode: class=RTOS, group=Core, mode=CMSIS_V1, owner=FREERTOS
2025-11-15 22:36:17,998 [INFO] RtosManager:558 - Registered RTOS mode: class=RTOS, group=Core, mode=CMSIS_V2, owner=FREERTOS
2025-11-15 22:36:17,998 [WARN] ModelIntegratedComponent:184 - Missing modes for component STMicroelectronics:FreeRTOS:0.0.1:STMicroelectronics:RTOS:FreeRTOS:Core:::10.2.0:
2025-11-15 22:36:18,019 [WARN] ModelIntegratedComponent:63 - No mode defined for component null
2025-11-15 22:36:18,019 [WARN] ModelIntegratedComponent:63 - No mode defined for component null
2025-11-15 22:36:18,019 [WARN] ModelIntegratedComponent:63 - No mode defined for component null
2025-11-15 22:36:18,019 [WARN] ModelIntegratedComponent:63 - No mode defined for component null
2025-11-15 22:36:18,019 [WARN] ModelIntegratedComponent:63 - No mode defined for component null
2025-11-15 22:36:18,019 [WARN] ModelIntegratedComponent:63 - No mode defined for component null
2025-11-15 22:36:18,019 [WARN] ModelIntegratedComponent:63 - No mode defined for component null
2025-11-15 22:36:18,019 [WARN] ModelIntegratedComponent:63 - No mode defined for component null
2025-11-15 22:36:18,019 [WARN] ModelIntegratedComponent:63 - No mode defined for component null
2025-11-15 22:36:18,019 [WARN] ModelIntegratedComponent:63 - No mode defined for component null
2025-11-15 22:36:18,019 [WARN] ModelIntegratedComponent:63 - No mode defined for component null
2025-11-15 22:36:18,020 [WARN] ModelIntegratedComponent:63 - No mode defined for component null
2025-11-15 22:36:18,020 [WARN] ModelIntegratedComponent:63 - No mode defined for component null
2025-11-15 22:36:18,020 [WARN] ModelIntegratedComponent:63 - No mode defined for component null
2025-11-15 22:36:18,020 [WARN] ModelIntegratedComponent:63 - No mode defined for component null
2025-11-15 22:36:18,020 [WARN] ModelIntegratedComponent:63 - No mode defined for component null
2025-11-15 22:36:18,020 [WARN] ModelIntegratedComponent:63 - No mode defined for component null
2025-11-15 22:36:18,020 [WARN] ModelIntegratedComponent:63 - No mode defined for component null
2025-11-15 22:36:18,020 [WARN] ModelIntegratedComponent:63 - No mode defined for component null
2025-11-15 22:36:18,020 [WARN] ModelIntegratedComponent:63 - No mode defined for component null
2025-11-15 22:36:18,020 [WARN] ModelIntegratedComponent:63 - No mode defined for component null
2025-11-15 22:36:18,020 [WARN] ModelIntegratedComponent:63 - No mode defined for component null
2025-11-15 22:36:18,020 [WARN] ModelIntegratedComponent:63 - No mode defined for component null
2025-11-15 22:36:18,020 [WARN] ModelIntegratedComponent:63 - No mode defined for component null
2025-11-15 22:36:18,020 [WARN] ModelIntegratedComponent:63 - No mode defined for component null
2025-11-15 22:36:18,020 [WARN] ModelIntegratedComponent:63 - No mode defined for component null
2025-11-15 22:36:18,020 [WARN] ModelIntegratedComponent:63 - No mode defined for component null
2025-11-15 22:36:18,020 [WARN] ModelIntegratedComponent:63 - No mode defined for component null
2025-11-15 22:36:18,020 [WARN] ModelIntegratedComponent:63 - No mode defined for component null
2025-11-15 22:36:18,020 [WARN] ModelIntegratedComponent:63 - No mode defined for component null
2025-11-15 22:36:18,020 [WARN] ModelIntegratedComponent:63 - No mode defined for component null
2025-11-15 22:36:18,020 [WARN] ModelIntegratedComponent:63 - No mode defined for component null
2025-11-15 22:36:18,020 [WARN] ModelIntegratedComponent:63 - No mode defined for component null
2025-11-15 22:36:18,020 [WARN] ModelIntegratedComponent:63 - No mode defined for component null
2025-11-15 22:36:18,020 [WARN] ModelIntegratedComponent:63 - No mode defined for component null
2025-11-15 22:36:18,021 [WARN] ModelPack:524 - Component already loaded: STMicroelectronics:HAL Drivers:0.0.0:STMicroelectronics:Device:STMicro_Driver:XSPI:HAL::0.0.1:HAL_XSPI
2025-11-15 22:36:18,094 [INFO] ThirdPartyModel:298 - Start build external matchings
2025-11-15 22:36:18,483 [INFO] ThirdPartyModel:316 - End build external matchings
2025-11-15 22:36:18,783 [INFO] UtilMem:75 - End LoadConfig() Used Memory: 578827592 Bytes (752877568)
2025-11-15 22:36:18,810 [WARN] ThirdParty:833 - waiting for thirdparty lock release [change project]
2025-11-15 22:36:18,811 [INFO] ThirdParty:835 - entering critical section [change project]
2025-11-15 22:36:18,811 [INFO] ThirdParty:1030 - CMSIS Pack Vendor :STMicroelectronics X-CUBE-PM33A1 1.0.0
2025-11-15 22:36:18,811 [INFO] ThirdParty:1030 - CMSIS Pack Vendor :STMicroelectronics USBPD 4.1
2025-11-15 22:36:18,811 [INFO] ThirdParty:1030 - CMSIS Pack Vendor :STMicroelectronics X-CUBE-NFC9 1.0.0
2025-11-15 22:36:18,811 [INFO] ThirdParty:1030 - CMSIS Pack Vendor :STMicroelectronics USB_HOST 2.0.0
2025-11-15 22:36:18,811 [INFO] ThirdParty:1030 - CMSIS Pack Vendor :STMicroelectronics FP-SNS-MOTENVWB1 1.4.0
2025-11-15 22:36:18,811 [INFO] ThirdParty:1030 - CMSIS Pack Vendor :STMicroelectronics X-CUBE-AZRTOS-F4 1.1.0
2025-11-15 22:36:18,811 [INFO] ThirdParty:1030 - CMSIS Pack Vendor :STMicroelectronics LIBJPEG 8.0.0
2025-11-15 22:36:18,811 [INFO] ThirdParty:1030 - CMSIS Pack Vendor :STMicroelectronics FP-ATR-ASTRA1 2.0.2
2025-11-15 22:36:18,811 [INFO] ThirdParty:1030 - CMSIS Pack Vendor :wolfSSL I-CUBE-wolfSSL 5.8.2
2025-11-15 22:36:18,811 [INFO] ThirdParty:1030 - CMSIS Pack Vendor :STMicroelectronics X-CUBE-BLE1 7.1.0
2025-11-15 22:36:18,812 [INFO] ThirdParty:1030 - CMSIS Pack Vendor :Avnet-IotConnect X-CUBE-IoTC-DA16k-PMOD 1.0.0
2025-11-15 22:36:18,812 [INFO] ThirdParty:1030 - CMSIS Pack Vendor :STMicroelectronics X-CUBE-SMBUS 2.1.0
2025-11-15 22:36:18,812 [INFO] ThirdParty:1030 - CMSIS Pack Vendor :wolfSSL I-CUBE-wolfMQTT 1.19.2
2025-11-15 22:36:18,812 [INFO] ThirdParty:1030 - CMSIS Pack Vendor :STMicroelectronics USB_DEVICE 3.0.0
2025-11-15 22:36:18,812 [INFO] ThirdParty:1030 - CMSIS Pack Vendor :STMicroelectronics X-CUBE-ISPU 2.1.0
2025-11-15 22:36:18,812 [INFO] ThirdParty:1030 - CMSIS Pack Vendor :STMicroelectronics X-CUBE-EEPRMA1 5.2.0
2025-11-15 22:36:18,812 [INFO] ThirdParty:1030 - CMSIS Pack Vendor :STMicroelectronics X-CUBE-IPS 3.2.0
2025-11-15 22:36:18,812 [INFO] ThirdParty:1030 - CMSIS Pack Vendor :STMicroelectronics X-CUBE-BLEMGR 4.1.0
2025-11-15 22:36:18,812 [INFO] ThirdParty:1030 - CMSIS Pack Vendor :STMicroelectronics X-CUBE-AZRTOS-WB 2.0.0
2025-11-15 22:36:18,812 [INFO] ThirdParty:1030 - CMSIS Pack Vendor :STMicroelectronics X-CUBE-ST60 1.0.0
2025-11-15 22:36:18,812 [INFO] ThirdParty:1030 - CMSIS Pack Vendor :STMicroelectronics X-CUBE-GNSS1 7.0.1
2025-11-15 22:36:18,812 [INFO] ThirdParty:1030 - CMSIS Pack Vendor :STMicroelectronics X-CUBE-NFC12 1.0.0
2025-11-15 22:36:18,812 [INFO] ThirdParty:1030 - CMSIS Pack Vendor :STMicroelectronics X-CUBE-AZRTOS-F7 1.1.0
2025-11-15 22:36:18,812 [INFO] ThirdParty:1030 - CMSIS Pack Vendor :STMicroelectronics X-CUBE-AZRTOS-L5 2.0.0
2025-11-15 22:36:18,812 [INFO] ThirdParty:1030 - CMSIS Pack Vendor :STMicroelectronics X-CUBE-TOUCHGFX 4.25.0
2025-11-15 22:36:18,812 [INFO] ThirdParty:1030 - CMSIS Pack Vendor :STMicroelectronics USB_DEVICE 2.0.0
2025-11-15 22:36:18,812 [INFO] ThirdParty:1030 - CMSIS Pack Vendor :STMicroelectronics X-CUBE-NFC6 3.1.0
2025-11-15 22:36:18,812 [INFO] ThirdParty:1030 - CMSIS Pack Vendor :STMicroelectronics X-CUBE-ST67W61 1.1.0
2025-11-15 22:36:18,812 [INFO] ThirdParty:1030 - CMSIS Pack Vendor :quantropi X-CUBE-qispace-sdk-base 2.1.0
2025-11-15 22:36:18,812 [INFO] ThirdParty:1030 - CMSIS Pack Vendor :STMicroelectronics FP-SNS-MOTENV1 5.1.0
2025-11-15 22:36:18,812 [INFO] ThirdParty:1030 - CMSIS Pack Vendor :STMicroelectronics FreeRTOS 0.0.1
2025-11-15 22:36:18,812 [INFO] ThirdParty:1030 - CMSIS Pack Vendor :STMicroelectronics X-CUBE-AZRTOS-G0 1.1.0
2025-11-15 22:36:18,812 [INFO] ThirdParty:1030 - CMSIS Pack Vendor :STMicroelectronics X-CUBE-SAFEA1 1.2.2
2025-11-15 22:36:18,812 [INFO] ThirdParty:1030 - CMSIS Pack Vendor :STMicroelectronics X-CUBE-NFC4 3.0.0
2025-11-15 22:36:18,812 [INFO] ThirdParty:1030 - CMSIS Pack Vendor :STMicroelectronics X-CUBE-SUBG2 5.0.0
2025-11-15 22:36:18,812 [INFO] ThirdParty:1030 - CMSIS Pack Vendor :STMicroelectronics X-CUBE-AZRTOS-H7RS 1.1.0
2025-11-15 22:36:18,812 [INFO] ThirdParty:1030 - CMSIS Pack Vendor :STMicroelectronics STM32_WPAN 1.0.0
2025-11-15 22:36:18,812 [INFO] ThirdParty:1030 - CMSIS Pack Vendor :EmbeddedOffice I-CUBE-FS-RTOS 1.0.1
2025-11-15 22:36:18,813 [INFO] ThirdParty:1030 - CMSIS Pack Vendor :STMicroelectronics lwIP 2.0.3
2025-11-15 22:36:18,813 [INFO] ThirdParty:1030 - CMSIS Pack Vendor :WES I-CUBE-Cesium 1.4.0
2025-11-15 22:36:18,813 [INFO] ThirdParty:1030 - CMSIS Pack Vendor :Cesanta I-CUBE-Mongoose 7.13.0
2025-11-15 22:36:18,813 [INFO] ThirdParty:1030 - CMSIS Pack Vendor :STMicroelectronics USB_HOST 1.0.0
2025-11-15 22:36:18,813 [INFO] ThirdParty:1030 - CMSIS Pack Vendor :Infineon AIROC-Wi-Fi-Bluetooth-STM32 1.7.1
2025-11-15 22:36:18,813 [INFO] ThirdParty:1030 - CMSIS Pack Vendor :STMicroelectronics X-CUBE-AZRTOS-G4 2.0.0
2025-11-15 22:36:18,813 [INFO] ThirdParty:1030 - CMSIS Pack Vendor :STMicroelectronics X-CUBE-WB05N 2.0.0
2025-11-15 22:36:18,813 [INFO] ThirdParty:1030 - CMSIS Pack Vendor :STMicroelectronics PDM2PCM 3.1.0
2025-11-15 22:36:18,813 [INFO] ThirdParty:1030 - CMSIS Pack Vendor :STMicroelectronics PDM2PCM 3.3.0
2025-11-15 22:36:18,813 [INFO] ThirdParty:1030 - CMSIS Pack Vendor :wolfSSL I-CUBE-wolfTPM 3.8.0
2025-11-15 22:36:18,813 [INFO] ThirdParty:1030 - CMSIS Pack Vendor :STMicroelectronics X-CUBE-AZRTOS-H7 3.4.0
2025-11-15 22:36:18,813 [INFO] ThirdParty:1030 - CMSIS Pack Vendor :STMicroelectronics X-CUBE-DISPLAY 3.0.0
2025-11-15 22:36:18,813 [INFO] ThirdParty:1030 - CMSIS Pack Vendor :wolfSSL I-CUBE-wolfSSH 1.4.20
2025-11-15 22:36:18,813 [INFO] ThirdParty:1030 - CMSIS Pack Vendor :STMicroelectronics X-CUBE-NFC7 2.0.0
2025-11-15 22:36:18,813 [INFO] ThirdParty:1030 - CMSIS Pack Vendor :STMicroelectronics X-CUBE-TCPP 4.2.0
2025-11-15 22:36:18,813 [INFO] ThirdParty:1030 - CMSIS Pack Vendor :RealThread X-CUBE-RT-Thread_Nano 4.1.1
2025-11-15 22:36:18,813 [INFO] ThirdParty:1030 - CMSIS Pack Vendor :STMicroelectronics FP-ATR-SIGFOX1 3.2.0
2025-11-15 22:36:18,813 [INFO] ThirdParty:1030 - CMSIS Pack Vendor :STMicroelectronics X-CUBE-NFC10 1.0.0
2025-11-15 22:36:18,813 [INFO] ThirdParty:1030 - CMSIS Pack Vendor :STMicroelectronics X-CUBE-FREERTOS 1.3.1
2025-11-15 22:36:18,813 [INFO] ThirdParty:1030 - CMSIS Pack Vendor :STMicroelectronics HAL Drivers 0.0.0
2025-11-15 22:36:18,813 [INFO] ThirdParty:1030 - CMSIS Pack Vendor :STMicroelectronics MBEDTLS 2.16.2
2025-11-15 22:36:18,813 [INFO] ThirdParty:1030 - CMSIS Pack Vendor :STMicroelectronics X-CUBE-ST60 1.1.0
2025-11-15 22:36:18,813 [INFO] ThirdParty:1030 - CMSIS Pack Vendor :STMicroelectronics X-CUBE-IPS 3.1.0
2025-11-15 22:36:18,813 [INFO] ThirdParty:1030 - CMSIS Pack Vendor :STMicroelectronics X-CUBE-ALS 1.0.2
2025-11-15 22:36:18,813 [INFO] ThirdParty:1030 - CMSIS Pack Vendor :emotas I-CUBE-CANOPEN 1.3.0
2025-11-15 22:36:18,813 [INFO] ThirdParty:1030 - CMSIS Pack Vendor :STMicroelectronics MBEDTLS 2.14.1
2025-11-15 22:36:18,813 [INFO] ThirdParty:1030 - CMSIS Pack Vendor :STMicroelectronics X-CUBE-GNSS1 7.1.0
2025-11-15 22:36:18,813 [INFO] ThirdParty:1030 - CMSIS Pack Vendor :ITTIA_DB I-CUBE-ITTIADB 8.9.0
2025-11-15 22:36:18,813 [INFO] ThirdParty:1030 - CMSIS Pack Vendor :STMicroelectronics X-CUBE-TOUCHGFX 4.26.0
2025-11-15 22:36:18,813 [INFO] ThirdParty:1030 - CMSIS Pack Vendor :STMicroelectronics X-CUBE-STSE01 1.0.0
2025-11-15 22:36:18,814 [INFO] ThirdParty:1030 - CMSIS Pack Vendor :STMicroelectronics X-CUBE-ST67W61 1.0.0
2025-11-15 22:36:18,814 [INFO] ThirdParty:1030 - CMSIS Pack Vendor :STMicroelectronics FP-SNS-STBOX1 2.1.0
2025-11-15 22:36:18,814 [INFO] ThirdParty:1030 - CMSIS Pack Vendor :STMicroelectronics X-CUBE-AI 10.2.0
2025-11-15 22:36:18,814 [INFO] ThirdParty:1030 - CMSIS Pack Vendor :STMicroelectronics FP-SNS-STAIOTCFT 1.0.0
2025-11-15 22:36:18,814 [INFO] ThirdParty:1030 - CMSIS Pack Vendor :STMicroelectronics ThreadX 1.0.0
2025-11-15 22:36:18,814 [INFO] ThirdParty:1030 - CMSIS Pack Vendor :STMicroelectronics FP-SNS-SMARTAG2 1.2.0
2025-11-15 22:36:18,814 [INFO] ThirdParty:1030 - CMSIS Pack Vendor :STMicroelectronics FP-SNS-FLIGHT1 5.1.0
2025-11-15 22:36:18,814 [INFO] ThirdParty:1030 - CMSIS Pack Vendor :STMicroelectronics X-CUBE-AZRTOS-WL 2.0.0
2025-11-15 22:36:18,814 [INFO] ThirdParty:1030 - CMSIS Pack Vendor :SEGGER I-CUBE-embOS 1.3.1
2025-11-15 22:36:18,814 [INFO] ThirdParty:1030 - CMSIS Pack Vendor :STMicroelectronics X-CUBE-ALGOBUILD 1.4.0
2025-11-15 22:36:18,814 [INFO] ThirdParty:1030 - CMSIS Pack Vendor :STMicroelectronics X-CUBE-DPower 1.3.0
2025-11-15 22:36:18,814 [INFO] ThirdParty:1030 - CMSIS Pack Vendor :STMicroelectronics X-CUBE-MEMS1 11.3.0
2025-11-15 22:36:18,814 [INFO] ThirdParty:1030 - CMSIS Pack Vendor :STMicroelectronics FP-SNS-MOTENV1 5.0.0
2025-11-15 22:36:18,814 [INFO] ThirdParty:1030 - CMSIS Pack Vendor :STMicroelectronics USB_DEVICE 1.0.0
2025-11-15 22:36:18,814 [INFO] ThirdParty:1030 - CMSIS Pack Vendor :STMicroelectronics X-CUBE-AZRTOS-L4 2.0.0
2025-11-15 22:36:18,814 [INFO] ThirdParty:1030 - CMSIS Pack Vendor :STMicroelectronics ThreadX 0.0.2
2025-11-15 22:36:18,814 [INFO] ThirdParty:1030 - CMSIS Pack Vendor :STMicroelectronics lwIP 2.1.2
2025-11-15 22:36:18,814 [INFO] ThirdParty:1030 - CMSIS Pack Vendor :STMicroelectronics X-CUBE-SFXS2LP1 4.0.0
2025-11-15 22:36:18,814 [INFO] ThirdParty:1030 - CMSIS Pack Vendor :STMicroelectronics X-CUBE-BLE2 3.3.0
2025-11-15 22:36:18,814 [INFO] ThirdParty:1030 - CMSIS Pack Vendor :Avnet-IOTCONNECT X-CUBE-iotc-st67-sdk 1.0.0
2025-11-15 22:36:18,814 [INFO] ThirdParty:1030 - CMSIS Pack Vendor :STMicroelectronics X-CUBE-TOF1 3.4.3
2025-11-15 22:36:18,814 [INFO] ThirdParty:1030 - CMSIS Pack Vendor :STMicroelectronics PDM2PCM 3.2.0
2025-11-15 22:36:18,815 [INFO] ThirdParty:841 - exiting critical section [change project]
2025-11-15 22:36:19,092 [INFO] PinOutPanel:1589 - setPackage(No Configuration,No Configuration)
2025-11-15 22:36:19,093 [INFO] PinOutPanel:1589 - setPackage(STM32L476RGTx,LQFP64)
2025-11-15 22:36:19,557 [INFO] UtilMem:75 - Before build in PCC Used Memory: 540958904 Bytes (752877568)
2025-11-15 22:36:19,826 [INFO] UtilMem:75 - After build in PCC Used Memory: 622747832 Bytes (752877568)
2025-11-15 22:36:19,847 [INFO] IPUIPlugin:80 - create IPUIPlugin
2025-11-15 22:36:19,847 [INFO] IPUIPlugin:80 - create IPUIPlugin
2025-11-15 22:36:19,847 [INFO] IPUIPlugin:80 - create IPUIPlugin
2025-11-15 22:36:19,847 [INFO] IPUIPlugin:80 - create IPUIPlugin
2025-11-15 22:36:19,847 [INFO] IPUIPlugin:80 - create IPUIPlugin
2025-11-15 22:36:19,847 [INFO] IPUIPlugin:80 - create IPUIPlugin
2025-11-15 22:36:19,847 [INFO] IPUIPlugin:80 - create IPUIPlugin
2025-11-15 22:36:19,847 [INFO] IPUIPlugin:80 - create IPUIPlugin
2025-11-15 22:36:19,847 [INFO] IPUIPlugin:80 - create IPUIPlugin
2025-11-15 22:36:19,847 [INFO] IPUIPlugin:80 - create IPUIPlugin
2025-11-15 22:36:19,847 [INFO] IPUIPlugin:80 - create IPUIPlugin
2025-11-15 22:36:19,848 [INFO] IPUIPlugin:80 - create IPUIPlugin
2025-11-15 22:36:19,848 [INFO] IPUIPlugin:80 - create IPUIPlugin
2025-11-15 22:36:19,848 [INFO] IPUIPlugin:80 - create IPUIPlugin
2025-11-15 22:36:19,848 [INFO] IPUIPlugin:80 - create IPUIPlugin
2025-11-15 22:36:19,848 [INFO] IPUIPlugin:80 - create IPUIPlugin
2025-11-15 22:36:19,848 [INFO] IPUIPlugin:80 - create IPUIPlugin
2025-11-15 22:36:19,848 [INFO] IPUIPlugin:80 - create IPUIPlugin
2025-11-15 22:36:19,848 [INFO] IPUIPlugin:80 - create IPUIPlugin
2025-11-15 22:36:19,848 [INFO] IPUIPlugin:80 - create IPUIPlugin
2025-11-15 22:36:19,849 [INFO] IPUIPlugin:80 - create IPUIPlugin
2025-11-15 22:36:19,849 [INFO] IPUIPlugin:80 - create IPUIPlugin
2025-11-15 22:36:19,849 [INFO] IPUIPlugin:80 - create IPUIPlugin
2025-11-15 22:36:19,849 [INFO] IPUIPlugin:80 - create IPUIPlugin
2025-11-15 22:36:19,849 [INFO] IPUIPlugin:80 - create IPUIPlugin
2025-11-15 22:36:19,849 [INFO] IPUIPlugin:80 - create IPUIPlugin
2025-11-15 22:36:19,849 [INFO] IPUIPlugin:80 - create IPUIPlugin
2025-11-15 22:36:19,850 [INFO] IPUIPlugin:80 - create IPUIPlugin
2025-11-15 22:36:19,850 [INFO] IPUIPlugin:80 - create IPUIPlugin
2025-11-15 22:36:19,850 [INFO] IPUIPlugin:80 - create IPUIPlugin
2025-11-15 22:36:19,850 [INFO] IPUIPlugin:80 - create IPUIPlugin
2025-11-15 22:36:19,850 [INFO] IPUIPlugin:80 - create IPUIPlugin
2025-11-15 22:36:19,850 [INFO] IPUIPlugin:80 - create IPUIPlugin
2025-11-15 22:36:19,850 [INFO] IPUIPlugin:80 - create IPUIPlugin
2025-11-15 22:36:19,851 [INFO] IPUIPlugin:80 - create IPUIPlugin
2025-11-15 22:36:19,851 [INFO] IPUIPlugin:80 - create IPUIPlugin
2025-11-15 22:36:19,851 [INFO] IPUIPlugin:80 - create IPUIPlugin
2025-11-15 22:36:19,851 [INFO] IPUIPlugin:80 - create IPUIPlugin
2025-11-15 22:36:19,851 [INFO] IPUIPlugin:80 - create IPUIPlugin
2025-11-15 22:36:19,852 [INFO] IPUIPlugin:80 - create IPUIPlugin
2025-11-15 22:36:19,852 [INFO] IPUIPlugin:80 - create IPUIPlugin
2025-11-15 22:36:19,852 [INFO] IPUIPlugin:80 - create IPUIPlugin
2025-11-15 22:36:19,852 [INFO] IPUIPlugin:80 - create IPUIPlugin
2025-11-15 22:36:19,852 [INFO] IPUIPlugin:80 - create IPUIPlugin
2025-11-15 22:36:19,852 [INFO] IPUIPlugin:80 - create IPUIPlugin
2025-11-15 22:36:19,852 [INFO] IPUIPlugin:80 - create IPUIPlugin
2025-11-15 22:36:19,853 [INFO] IPUIPlugin:80 - create IPUIPlugin
2025-11-15 22:36:19,853 [INFO] IPUIPlugin:80 - create IPUIPlugin
2025-11-15 22:36:19,853 [INFO] IPUIPlugin:80 - create IPUIPlugin
2025-11-15 22:36:19,853 [INFO] IPUIPlugin:80 - create IPUIPlugin
2025-11-15 22:36:19,853 [INFO] IPUIPlugin:80 - create IPUIPlugin
2025-11-15 22:36:19,854 [INFO] IPUIPlugin:80 - create IPUIPlugin
2025-11-15 22:36:19,854 [INFO] IPUIPlugin:80 - create IPUIPlugin
2025-11-15 22:36:19,854 [INFO] IPUIPlugin:80 - create IPUIPlugin
2025-11-15 22:36:19,854 [INFO] IPUIPlugin:80 - create IPUIPlugin
2025-11-15 22:36:19,855 [INFO] IPUIPlugin:80 - create IPUIPlugin
2025-11-15 22:36:19,855 [INFO] IPUIPlugin:80 - create IPUIPlugin
2025-11-15 22:36:19,855 [INFO] IPUIPlugin:80 - create IPUIPlugin
2025-11-15 22:36:19,855 [INFO] IPUIPlugin:80 - create IPUIPlugin
2025-11-15 22:36:19,882 [INFO] CADModel:165 - CPN selected for project levelSTM32L476RGT3
2025-11-15 22:36:19,882 [INFO] CADModel:114 - Register for checkConnection events
2025-11-15 22:36:19,953 [INFO] OpenFileManager:386 - Restore cursor
2025-11-15 22:38:09,366 [INFO] Gpio:278 - dependency for GPIO []
2025-11-15 22:38:33,324 [INFO] Gpio:278 - dependency for GPIO []
2025-11-15 22:48:09,802 [INFO] Gpio:278 - dependency for GPIO []
2025-11-15 22:48:09,847 [INFO] NvicIntPanel:101 - NVIC parent = com.st.microxplorer.plugins.ip.nvic.MultiNvicIntPanel[,0,0,0x0,invalid,layout=javax.swing.BoxLayout,alignmentX=0.0,alignmentY=0.0,border=,flags=9,maximumSize=,minimumSize=,preferredSize=]
2025-11-15 22:48:11,862 [INFO] Gpio:278 - dependency for GPIO []
2025-11-15 22:48:11,902 [INFO] NvicIntPanel:101 - NVIC parent = com.st.microxplorer.plugins.ip.nvic.MultiNvicIntPanel[,0,0,0x0,invalid,layout=javax.swing.BoxLayout,alignmentX=0.0,alignmentY=0.0,border=,flags=9,maximumSize=,minimumSize=,preferredSize=]
2025-11-15 22:48:16,179 [INFO] Gpio:278 - dependency for GPIO []
2025-11-15 22:48:16,210 [INFO] NvicIntPanel:101 - NVIC parent = com.st.microxplorer.plugins.ip.nvic.MultiNvicIntPanel[,0,0,0x0,invalid,layout=javax.swing.BoxLayout,alignmentX=0.0,alignmentY=0.0,border=,flags=9,maximumSize=,minimumSize=,preferredSize=]
2025-11-15 22:48:19,384 [INFO] Gpio:278 - dependency for GPIO []
2025-11-15 22:48:19,411 [INFO] NvicIntPanel:101 - NVIC parent = com.st.microxplorer.plugins.ip.nvic.MultiNvicIntPanel[,0,0,0x0,invalid,layout=javax.swing.BoxLayout,alignmentX=0.0,alignmentY=0.0,border=,flags=9,maximumSize=,minimumSize=,preferredSize=]
2025-11-15 22:48:22,650 [INFO] Gpio:278 - dependency for GPIO []
2025-11-15 22:48:22,678 [INFO] NvicIntPanel:101 - NVIC parent = com.st.microxplorer.plugins.ip.nvic.MultiNvicIntPanel[,0,0,0x0,invalid,layout=javax.swing.BoxLayout,alignmentX=0.0,alignmentY=0.0,border=,flags=9,maximumSize=,minimumSize=,preferredSize=]
2025-11-15 22:48:24,801 [INFO] Gpio:278 - dependency for GPIO []
2025-11-15 22:48:28,401 [INFO] Gpio:278 - dependency for GPIO []
2025-11-15 22:48:28,424 [INFO] NvicIntPanel:101 - NVIC parent = com.st.microxplorer.plugins.ip.nvic.MultiNvicIntPanel[,0,0,0x0,invalid,layout=javax.swing.BoxLayout,alignmentX=0.0,alignmentY=0.0,border=,flags=9,maximumSize=,minimumSize=,preferredSize=]
2025-11-15 22:48:31,011 [INFO] Gpio:278 - dependency for GPIO []
2025-11-15 22:48:31,036 [INFO] NvicIntPanel:101 - NVIC parent = com.st.microxplorer.plugins.ip.nvic.MultiNvicIntPanel[,0,0,0x0,invalid,layout=javax.swing.BoxLayout,alignmentX=0.0,alignmentY=0.0,border=,flags=9,maximumSize=,minimumSize=,preferredSize=]
2025-11-15 22:49:02,978 [INFO] UtilMem:75 - End SaveConfig() Used Memory: 401228256 Bytes (752877568)
2025-11-15 22:49:05,017 [INFO] UtilMem:75 - End SaveConfig() Used Memory: 484806784 Bytes (752877568)
2025-11-15 22:49:05,584 [INFO] BlockDiagram:2775 - set Specific Code input for plugin: SYS
2025-11-15 22:49:05,584 [INFO] BlockDiagram:2775 - set Specific Code input for plugin: RCC
2025-11-15 22:49:05,584 [INFO] BlockDiagram:2775 - set Specific Code input for plugin: NVIC
2025-11-15 22:49:05,584 [INFO] BlockDiagram:2775 - set Specific Code input for plugin: GPIO
2025-11-15 22:49:05,585 [INFO] CodeGenerator:892 - code generatio: config db path: C:\ST\STM32CubeIDE_1.19.0\STM32CubeIDE\plugins\com.st.stm32cube.common.mx_6.15.0.202507011659\\db\
2025-11-15 22:49:05,805 [INFO] CodeEngine:265 - oldGeneratedFile, D:\STM32\Lab\13-multiple-external-interrupts\MXTmpFiles\license.tmp_save
2025-11-15 22:49:06,025 [INFO] CodeEngine:289 - Generated code: D:\STM32\Lab\13-multiple-external-interrupts\MXTmpFiles\license.tmp
2025-11-15 22:49:06,082 [INFO] CodeEngine:265 - oldGeneratedFile, D:\STM32\Lab\13-multiple-external-interrupts\MXTmpFiles\gpio.tmp_save
2025-11-15 22:49:06,198 [INFO] CodeEngine:289 - Generated code: D:\STM32\Lab\13-multiple-external-interrupts\MXTmpFiles\gpio.tmp
2025-11-15 22:49:06,235 [INFO] CodeEngine:265 - oldGeneratedFile, D:\STM32\Lab\13-multiple-external-interrupts\Core\Src\stm32l4xx_it.c_save
2025-11-15 22:49:06,449 [INFO] CodeEngine:289 - Generated code: D:\STM32\Lab\13-multiple-external-interrupts\Core\Src\stm32l4xx_it.c
2025-11-15 22:49:06,454 [INFO] CodeEngine:265 - oldGeneratedFile, D:\STM32\Lab\13-multiple-external-interrupts\Core\Inc\stm32l4xx_it.h_save
2025-11-15 22:49:06,528 [INFO] CodeEngine:289 - Generated code: D:\STM32\Lab\13-multiple-external-interrupts\Core\Inc\stm32l4xx_it.h
2025-11-15 22:49:06,539 [INFO] CodeEngine:265 - oldGeneratedFile, D:\STM32\Lab\13-multiple-external-interrupts\Core\Src\stm32l4xx_hal_msp.c_save
2025-11-15 22:49:06,648 [INFO] CodeEngine:289 - Generated code: D:\STM32\Lab\13-multiple-external-interrupts\Core\Src\stm32l4xx_hal_msp.c
2025-11-15 22:49:06,652 [INFO] CodeEngine:265 - oldGeneratedFile, D:\STM32\Lab\13-multiple-external-interrupts\MXTmpFiles\system.tmp_save
2025-11-15 22:49:06,715 [INFO] CodeEngine:289 - Generated code: D:\STM32\Lab\13-multiple-external-interrupts\MXTmpFiles\system.tmp
2025-11-15 22:49:06,724 [INFO] CodeEngine:321 - oldGeneratedFile, D:\STM32\Lab\13-multiple-external-interrupts\Core\Inc\stm32l4xx_hal_conf.h_save
2025-11-15 22:49:06,788 [INFO] CodeEngine:345 - Generated code: D:\STM32\Lab\13-multiple-external-interrupts\Core\Inc\stm32l4xx_hal_conf.h
2025-11-15 22:49:06,816 [INFO] ApiDbMcu:532 - Load IP Config File for RCC
2025-11-15 22:49:06,823 [INFO] CodeEngine:265 - oldGeneratedFile, D:\STM32\Lab\13-multiple-external-interrupts\Core\Inc\main.h_save
2025-11-15 22:49:06,915 [INFO] CodeEngine:289 - Generated code: D:\STM32\Lab\13-multiple-external-interrupts\Core\Inc\main.h
2025-11-15 22:49:06,920 [INFO] CodeEngine:265 - oldGeneratedFile, D:\STM32\Lab\13-multiple-external-interrupts\Core\Src\main.c_save
2025-11-15 22:49:07,005 [INFO] CodeEngine:289 - Generated code: D:\STM32\Lab\13-multiple-external-interrupts\Core\Src\main.c
2025-11-15 22:49:07,281 [INFO] ProjectBuilder:3606 - Time for Copy HAL[1] : 134mS.
2025-11-15 22:49:07,283 [INFO] ProjectBuilder:5216 - Project Generator version: 4.7.0-B52
2025-11-15 22:49:07,358 [INFO] ConfigFileManager:1595 - The Die is : DIE415
2025-11-15 22:49:07,364 [INFO] ApiDbMcu:532 - Load IP Config File for FATFS
2025-11-15 22:49:07,369 [INFO] ApiDbMcu:532 - Load IP Config File for FREERTOS
2025-11-15 22:49:07,382 [INFO] ApiDbMcu:532 - Load IP Config File for TOUCHSENSING
2025-11-15 22:49:07,388 [INFO] ApiDbMcu:532 - Load IP Config File for USB_DEVICE
2025-11-15 22:49:07,392 [INFO] ApiDbMcu:532 - Load IP Config File for USB_HOST
2025-11-15 22:49:08,187 [INFO] ProjectBuilder:5496 - Time for Generating toolchain IDE Files: 904mS.
2025-11-15 22:49:08,187 [INFO] ProjectBuilder:3463 - Time for Copy CMSIS : 0mS.
2025-11-15 22:49:08,190 [INFO] ProjectBuilder:3463 - Time for Copy CMSIS : 0mS.
2025-11-15 22:49:29,906 [INFO] Gpio:278 - dependency for GPIO []
2025-11-15 22:49:37,959 [INFO] NvicIntPanel:101 - NVIC parent = com.st.microxplorer.plugins.ip.nvic.MultiNvicIntPanel[,2,27,771x343,layout=javax.swing.BoxLayout,alignmentX=0.0,alignmentY=0.0,border=,flags=9,maximumSize=,minimumSize=,preferredSize=]
2025-11-15 22:49:50,755 [INFO] UtilMem:75 - End SaveConfig() Used Memory: 419936344 Bytes (752877568)
2025-11-15 22:49:52,775 [INFO] UtilMem:75 - End SaveConfig() Used Memory: 466864192 Bytes (752877568)
2025-11-15 22:49:52,887 [INFO] BlockDiagram:2775 - set Specific Code input for plugin: SYS
2025-11-15 22:49:52,887 [INFO] BlockDiagram:2775 - set Specific Code input for plugin: RCC
2025-11-15 22:49:52,887 [INFO] BlockDiagram:2775 - set Specific Code input for plugin: NVIC
2025-11-15 22:49:52,887 [INFO] BlockDiagram:2775 - set Specific Code input for plugin: GPIO
2025-11-15 22:49:52,888 [INFO] CodeGenerator:892 - code generatio: config db path: C:\ST\STM32CubeIDE_1.19.0\STM32CubeIDE\plugins\com.st.stm32cube.common.mx_6.15.0.202507011659\\db\
2025-11-15 22:49:52,951 [INFO] CodeEngine:265 - oldGeneratedFile, D:\STM32\Lab\13-multiple-external-interrupts\MXTmpFiles\license.tmp_save
2025-11-15 22:49:53,014 [INFO] CodeEngine:289 - Generated code: D:\STM32\Lab\13-multiple-external-interrupts\MXTmpFiles\license.tmp
2025-11-15 22:49:53,034 [INFO] CodeEngine:265 - oldGeneratedFile, D:\STM32\Lab\13-multiple-external-interrupts\MXTmpFiles\gpio.tmp_save
2025-11-15 22:49:53,081 [INFO] CodeEngine:289 - Generated code: D:\STM32\Lab\13-multiple-external-interrupts\MXTmpFiles\gpio.tmp
2025-11-15 22:49:53,103 [INFO] CodeEngine:265 - oldGeneratedFile, D:\STM32\Lab\13-multiple-external-interrupts\Core\Src\stm32l4xx_it.c_save
2025-11-15 22:49:53,163 [INFO] CodeEngine:289 - Generated code: D:\STM32\Lab\13-multiple-external-interrupts\Core\Src\stm32l4xx_it.c
2025-11-15 22:49:53,167 [INFO] CodeEngine:265 - oldGeneratedFile, D:\STM32\Lab\13-multiple-external-interrupts\Core\Inc\stm32l4xx_it.h_save
2025-11-15 22:49:53,213 [INFO] CodeEngine:289 - Generated code: D:\STM32\Lab\13-multiple-external-interrupts\Core\Inc\stm32l4xx_it.h
2025-11-15 22:49:53,234 [INFO] CodeEngine:265 - oldGeneratedFile, D:\STM32\Lab\13-multiple-external-interrupts\Core\Src\stm32l4xx_hal_msp.c_save
2025-11-15 22:49:53,298 [INFO] CodeEngine:289 - Generated code: D:\STM32\Lab\13-multiple-external-interrupts\Core\Src\stm32l4xx_hal_msp.c
2025-11-15 22:49:53,302 [INFO] CodeEngine:265 - oldGeneratedFile, D:\STM32\Lab\13-multiple-external-interrupts\MXTmpFiles\system.tmp_save
2025-11-15 22:49:53,342 [INFO] CodeEngine:289 - Generated code: D:\STM32\Lab\13-multiple-external-interrupts\MXTmpFiles\system.tmp
2025-11-15 22:49:53,351 [INFO] CodeEngine:321 - oldGeneratedFile, D:\STM32\Lab\13-multiple-external-interrupts\Core\Inc\stm32l4xx_hal_conf.h_save
2025-11-15 22:49:53,396 [INFO] CodeEngine:345 - Generated code: D:\STM32\Lab\13-multiple-external-interrupts\Core\Inc\stm32l4xx_hal_conf.h
2025-11-15 22:49:53,416 [INFO] CodeEngine:265 - oldGeneratedFile, D:\STM32\Lab\13-multiple-external-interrupts\Core\Inc\main.h_save
2025-11-15 22:49:53,466 [INFO] CodeEngine:289 - Generated code: D:\STM32\Lab\13-multiple-external-interrupts\Core\Inc\main.h
2025-11-15 22:49:53,471 [INFO] CodeEngine:265 - oldGeneratedFile, D:\STM32\Lab\13-multiple-external-interrupts\Core\Src\main.c_save
2025-11-15 22:49:53,544 [INFO] CodeEngine:289 - Generated code: D:\STM32\Lab\13-multiple-external-interrupts\Core\Src\main.c
2025-11-15 22:49:53,878 [INFO] ProjectBuilder:3606 - Time for Copy HAL[1] : 172mS.
2025-11-15 22:49:53,881 [INFO] ProjectBuilder:5216 - Project Generator version: 4.7.0-B52
2025-11-15 22:49:53,942 [INFO] ConfigFileManager:1595 - The Die is : DIE415
2025-11-15 22:49:54,488 [INFO] ProjectBuilder:5496 - Time for Generating toolchain IDE Files: 607mS.
2025-11-15 22:49:54,488 [INFO] ProjectBuilder:3463 - Time for Copy CMSIS : 0mS.
2025-11-15 22:49:54,491 [INFO] ProjectBuilder:3463 - Time for Copy CMSIS : 0mS.
2025-11-15 22:58:02,429 [INFO] MainUpdater:2872 - connection check result : 10
2025-11-15 22:58:02,429 [INFO] MainUpdater:2872 - connection check result : 10
2025-11-15 22:58:02,514 [INFO] MicroXplorer:468 - Change Database Path : 
2025-11-15 22:58:02,514 [INFO] MicroXplorer:498 - Change Database Version : DB.6.0.150
2025-11-15 22:58:02,545 [ERROR] ProjectManagerView:395 - 
java.lang.NullPointerException: Cannot invoke "javax.swing.JTextField.getText()" because the return value of "java.util.List.get(int)" is null
	at com.st.microxplorer.plugins.projectmanager.gui.ProjectChoiceTab$9.caretUpdate(ProjectChoiceTab.java:2706) ~[filemanager.jar:?]
	at javax.swing.text.JTextComponent.fireCaretUpdate(JTextComponent.java:408) ~[?:?]
	at javax.swing.text.JTextComponent$MutableCaretEvent.fire(JTextComponent.java:4484) ~[?:?]
	at javax.swing.text.JTextComponent$MutableCaretEvent.stateChanged(JTextComponent.java:4506) ~[?:?]
	at javax.swing.text.DefaultCaret.fireStateChanged(DefaultCaret.java:857) ~[?:?]
	at javax.swing.text.DefaultCaret.changeCaretPosition(DefaultCaret.java:1343) ~[?:?]
	at javax.swing.text.DefaultCaret.handleSetDot(DefaultCaret.java:1242) ~[?:?]
	at javax.swing.text.DefaultCaret.setDot(DefaultCaret.java:1223) ~[?:?]
	at javax.swing.text.DefaultCaret$Handler.insertUpdate(DefaultCaret.java:1819) ~[?:?]
	at javax.swing.text.AbstractDocument.fireInsertUpdate(AbstractDocument.java:227) ~[?:?]
	at javax.swing.text.AbstractDocument.handleInsertString(AbstractDocument.java:781) ~[?:?]
	at javax.swing.text.AbstractDocument.insertString(AbstractDocument.java:740) ~[?:?]
	at javax.swing.text.PlainDocument.insertString(PlainDocument.java:131) ~[?:?]
	at javax.swing.text.AbstractDocument.replace(AbstractDocument.java:699) ~[?:?]
	at javax.swing.text.JTextComponent.setText(JTextComponent.java:1725) ~[?:?]
	at com.st.microxplorer.plugins.projectmanager.gui.ProjectChoiceTab.createHeapStackFields(ProjectChoiceTab.java:993) ~[filemanager.jar:?]
	at com.st.microxplorer.plugins.projectmanager.gui.ProjectChoiceTab.buildLinkSettingsPanel(ProjectChoiceTab.java:3813) ~[filemanager.jar:?]
	at com.st.microxplorer.plugins.projectmanager.gui.ProjectChoiceTab.defineWindowsFields(ProjectChoiceTab.java:1987) ~[filemanager.jar:?]
	at com.st.microxplorer.plugins.projectmanager.gui.ProjectChoiceTab.updateSettings(ProjectChoiceTab.java:558) ~[filemanager.jar:?]
	at com.st.microxplorer.plugins.projectmanager.gui.ProjectSettingsPanel.UpdateDialog(ProjectSettingsPanel.java:247) ~[filemanager.jar:?]
	at com.st.microxplorer.plugins.projectmanager.ProjectManagerView.propertyChange(ProjectManagerView.java:392) ~[filemanager.jar:?]
	at java.beans.PropertyChangeSupport.fire(PropertyChangeSupport.java:343) ~[?:?]
	at java.beans.PropertyChangeSupport.firePropertyChange(PropertyChangeSupport.java:335) ~[?:?]
	at java.beans.PropertyChangeSupport.firePropertyChange(PropertyChangeSupport.java:268) ~[?:?]
	at com.st.microxplorer.util.MXPropertyChangeSupport.firePropertyChange(MXPropertyChangeSupport.java:54) ~[STM32CubeMX.jar:?]
	at com.st.microxplorer.mxsystem.MxSystem.closeConfig(MxSystem.java:899) ~[STM32CubeMX.jar:?]
	at com.st.microxplorer.maingui.MainPanel.closeConfig(MainPanel.java:792) ~[STM32CubeMX.jar:?]
	at com.st.microxplorer.plugins.filemanager.engine.OpenFileManager.loadConfigurationFile(OpenFileManager.java:288) ~[filemanager.jar:?]
	at com.st.microxplorer.plugins.filemanager.engine.MainFileManager.userLoadConfig(MainFileManager.java:364) ~[filemanager.jar:?]
	at com.st.microxplorer.plugins.filemanager.engine.MainFileManager.userLoadConfig(MainFileManager.java:342) ~[filemanager.jar:?]
	at com.st.microxplorer.plugins.filemanager.FileManagerView.getSpecificTask(FileManagerView.java:264) ~[filemanager.jar:?]
	at com.st.stm32cube.common.mx.editor.CubeMxEditor.getMxTabbedPaneInstance(CubeMxEditor.java:1198) ~[com.st.stm32cube.common.mx_6.15.0.202507011659/:?]
	at com.st.stm32cube.common.mx.editor.CubeMxEditor$12$1.createSwingComponent(CubeMxEditor.java:1068) ~[com.st.stm32cube.common.mx_6.15.0.202507011659/:?]
	at com.st.stm32cube.common.mx.oss.core.awtswtbridge.EmbeddedSwingComposite.doComponentCreation(EmbeddedSwingComposite.java:492) ~[com.st.stm32cube.common.mx.oss_6.15.0.202507011659/:?]
	at com.st.stm32cube.common.mx.oss.core.awtswtbridge.EmbeddedSwingComposite$4.run(EmbeddedSwingComposite.java:291) ~[com.st.stm32cube.common.mx.oss_6.15.0.202507011659/:?]
	at com.st.stm32cube.common.mx.oss.core.awtswtbridge.AwtEnvironment$2.run(AwtEnvironment.java:166) ~[com.st.stm32cube.common.mx.oss_6.15.0.202507011659/:?]
	at java.awt.event.InvocationEvent.dispatch(InvocationEvent.java:318) ~[?:?]
	at java.awt.EventQueue.dispatchEventImpl(EventQueue.java:773) ~[?:?]
	at java.awt.EventQueue$4.run(EventQueue.java:720) ~[?:?]
	at java.awt.EventQueue$4.run(EventQueue.java:714) ~[?:?]
	at java.security.AccessController.doPrivileged(AccessController.java:400) ~[?:?]
	at java.security.ProtectionDomain$JavaSecurityAccessImpl.doIntersectionPrivilege(ProtectionDomain.java:87) ~[?:?]
	at java.awt.EventQueue.dispatchEvent(EventQueue.java:742) ~[?:?]
	at java.awt.EventDispatchThread.pumpOneEventForFilters(EventDispatchThread.java:203) ~[?:?]
	at java.awt.EventDispatchThread.pumpEventsForFilter(EventDispatchThread.java:124) ~[?:?]
	at java.awt.EventDispatchThread.pumpEventsForHierarchy(EventDispatchThread.java:113) ~[?:?]
	at java.awt.EventDispatchThread.pumpEvents(EventDispatchThread.java:109) ~[?:?]
	at java.awt.EventDispatchThread.pumpEvents(EventDispatchThread.java:101) ~[?:?]
	at java.awt.EventDispatchThread.run(EventDispatchThread.java:90) ~[?:?]
2025-11-15 22:58:02,547 [WARN] ThirdParty:871 - waiting for thirdparty lock release [close project]
2025-11-15 22:58:02,547 [INFO] ThirdParty:873 - entering critical section [close project]
2025-11-15 22:58:02,547 [INFO] ThirdParty:883 - exiting critical section [close project]
2025-11-15 22:58:02,551 [INFO] PinOutPanel:1589 - setPackage(No Configuration,No Configuration)
2025-11-15 22:58:02,564 [INFO] UtilMem:75 - Begin LoadConfig() Used Memory: 352393584 Bytes (752877568)
2025-11-15 22:58:02,565 [INFO] MicroXplorer:468 - Change Database Path : 
2025-11-15 22:58:02,565 [INFO] MicroXplorer:498 - Change Database Version : DB.6.0.150
2025-11-15 22:58:02,565 [INFO] OpenFileManager:355 - Change cursor
2025-11-15 22:58:02,580 [INFO] RulesReader:64 - Compatibility file has been processed (317 Rules)
2025-11-15 22:58:02,582 [INFO] Mcu:2029 - Initializing MCU STM32L476R(C-E-G)Tx STM32L476RGTx STM32L476RGT3
2025-11-15 22:58:04,009 [INFO] Context:786 - Trying to add GPIOservice into a context  which must be forbidden
2025-11-15 22:58:04,627 [INFO] ImportTextPane:234 - (OptionalMessage_ERROR) Pin3 (VP_RIF_VS_RIF1) cannot be retrieved for this MCU
2025-11-15 22:58:04,686 [INFO] RtosManager:558 - Registered RTOS mode: class=CMSIS, group=RTOS, mode=CMSIS_V1, owner=FREERTOS
2025-11-15 22:58:04,686 [INFO] RtosManager:558 - Registered RTOS mode: class=CMSIS, group=RTOS2, mode=CMSIS_V2, owner=FREERTOS
2025-11-15 22:58:04,686 [INFO] RtosManager:558 - Registered RTOS mode: class=RTOS, group=Core, mode=CMSIS_V1, owner=FREERTOS
2025-11-15 22:58:04,686 [INFO] RtosManager:558 - Registered RTOS mode: class=RTOS, group=Core, mode=CMSIS_V2, owner=FREERTOS
2025-11-15 22:58:04,686 [WARN] ModelIntegratedComponent:184 - Missing modes for component STMicroelectronics:FreeRTOS:0.0.1:STMicroelectronics:RTOS:FreeRTOS:Core:::10.2.0:
2025-11-15 22:58:04,715 [WARN] ModelIntegratedComponent:63 - No mode defined for component null
2025-11-15 22:58:04,715 [WARN] ModelIntegratedComponent:63 - No mode defined for component null
2025-11-15 22:58:04,715 [WARN] ModelIntegratedComponent:63 - No mode defined for component null
2025-11-15 22:58:04,716 [WARN] ModelIntegratedComponent:63 - No mode defined for component null
2025-11-15 22:58:04,716 [WARN] ModelIntegratedComponent:63 - No mode defined for component null
2025-11-15 22:58:04,716 [WARN] ModelIntegratedComponent:63 - No mode defined for component null
2025-11-15 22:58:04,716 [WARN] ModelIntegratedComponent:63 - No mode defined for component null
2025-11-15 22:58:04,716 [WARN] ModelIntegratedComponent:63 - No mode defined for component null
2025-11-15 22:58:04,716 [WARN] ModelIntegratedComponent:63 - No mode defined for component null
2025-11-15 22:58:04,716 [WARN] ModelIntegratedComponent:63 - No mode defined for component null
2025-11-15 22:58:04,716 [WARN] ModelIntegratedComponent:63 - No mode defined for component null
2025-11-15 22:58:04,716 [WARN] ModelIntegratedComponent:63 - No mode defined for component null
2025-11-15 22:58:04,716 [WARN] ModelIntegratedComponent:63 - No mode defined for component null
2025-11-15 22:58:04,716 [WARN] ModelIntegratedComponent:63 - No mode defined for component null
2025-11-15 22:58:04,716 [WARN] ModelIntegratedComponent:63 - No mode defined for component null
2025-11-15 22:58:04,716 [WARN] ModelIntegratedComponent:63 - No mode defined for component null
2025-11-15 22:58:04,716 [WARN] ModelIntegratedComponent:63 - No mode defined for component null
2025-11-15 22:58:04,716 [WARN] ModelIntegratedComponent:63 - No mode defined for component null
2025-11-15 22:58:04,716 [WARN] ModelIntegratedComponent:63 - No mode defined for component null
2025-11-15 22:58:04,716 [WARN] ModelIntegratedComponent:63 - No mode defined for component null
2025-11-15 22:58:04,716 [WARN] ModelIntegratedComponent:63 - No mode defined for component null
2025-11-15 22:58:04,716 [WARN] ModelIntegratedComponent:63 - No mode defined for component null
2025-11-15 22:58:04,716 [WARN] ModelIntegratedComponent:63 - No mode defined for component null
2025-11-15 22:58:04,716 [WARN] ModelIntegratedComponent:63 - No mode defined for component null
2025-11-15 22:58:04,716 [WARN] ModelIntegratedComponent:63 - No mode defined for component null
2025-11-15 22:58:04,716 [WARN] ModelIntegratedComponent:63 - No mode defined for component null
2025-11-15 22:58:04,716 [WARN] ModelIntegratedComponent:63 - No mode defined for component null
2025-11-15 22:58:04,716 [WARN] ModelIntegratedComponent:63 - No mode defined for component null
2025-11-15 22:58:04,717 [WARN] ModelIntegratedComponent:63 - No mode defined for component null
2025-11-15 22:58:04,717 [WARN] ModelIntegratedComponent:63 - No mode defined for component null
2025-11-15 22:58:04,717 [WARN] ModelIntegratedComponent:63 - No mode defined for component null
2025-11-15 22:58:04,717 [WARN] ModelIntegratedComponent:63 - No mode defined for component null
2025-11-15 22:58:04,717 [WARN] ModelIntegratedComponent:63 - No mode defined for component null
2025-11-15 22:58:04,717 [WARN] ModelIntegratedComponent:63 - No mode defined for component null
2025-11-15 22:58:04,717 [WARN] ModelIntegratedComponent:63 - No mode defined for component null
2025-11-15 22:58:04,717 [WARN] ModelPack:524 - Component already loaded: STMicroelectronics:HAL Drivers:0.0.0:STMicroelectronics:Device:STMicro_Driver:XSPI:HAL::0.0.1:HAL_XSPI
2025-11-15 22:58:04,814 [INFO] ThirdPartyModel:298 - Start build external matchings
2025-11-15 22:58:05,232 [INFO] ThirdPartyModel:316 - End build external matchings
2025-11-15 22:58:05,546 [INFO] UtilMem:75 - End LoadConfig() Used Memory: 460180544 Bytes (752877568)
2025-11-15 22:58:05,577 [WARN] ThirdParty:833 - waiting for thirdparty lock release [change project]
2025-11-15 22:58:05,577 [INFO] ThirdParty:835 - entering critical section [change project]
2025-11-15 22:58:05,577 [INFO] ThirdParty:1030 - CMSIS Pack Vendor :STMicroelectronics X-CUBE-PM33A1 1.0.0
2025-11-15 22:58:05,577 [INFO] ThirdParty:1030 - CMSIS Pack Vendor :STMicroelectronics USBPD 4.1
2025-11-15 22:58:05,577 [INFO] ThirdParty:1030 - CMSIS Pack Vendor :STMicroelectronics X-CUBE-NFC9 1.0.0
2025-11-15 22:58:05,577 [INFO] ThirdParty:1030 - CMSIS Pack Vendor :STMicroelectronics USB_HOST 2.0.0
2025-11-15 22:58:05,577 [INFO] ThirdParty:1030 - CMSIS Pack Vendor :STMicroelectronics FP-SNS-MOTENVWB1 1.4.0
2025-11-15 22:58:05,577 [INFO] ThirdParty:1030 - CMSIS Pack Vendor :STMicroelectronics X-CUBE-AZRTOS-F4 1.1.0
2025-11-15 22:58:05,577 [INFO] ThirdParty:1030 - CMSIS Pack Vendor :STMicroelectronics LIBJPEG 8.0.0
2025-11-15 22:58:05,577 [INFO] ThirdParty:1030 - CMSIS Pack Vendor :STMicroelectronics FP-ATR-ASTRA1 2.0.2
2025-11-15 22:58:05,577 [INFO] ThirdParty:1030 - CMSIS Pack Vendor :wolfSSL I-CUBE-wolfSSL 5.8.2
2025-11-15 22:58:05,577 [INFO] ThirdParty:1030 - CMSIS Pack Vendor :STMicroelectronics X-CUBE-BLE1 7.1.0
2025-11-15 22:58:05,577 [INFO] ThirdParty:1030 - CMSIS Pack Vendor :Avnet-IotConnect X-CUBE-IoTC-DA16k-PMOD 1.0.0
2025-11-15 22:58:05,577 [INFO] ThirdParty:1030 - CMSIS Pack Vendor :STMicroelectronics X-CUBE-SMBUS 2.1.0
2025-11-15 22:58:05,577 [INFO] ThirdParty:1030 - CMSIS Pack Vendor :wolfSSL I-CUBE-wolfMQTT 1.19.2
2025-11-15 22:58:05,577 [INFO] ThirdParty:1030 - CMSIS Pack Vendor :STMicroelectronics USB_DEVICE 3.0.0
2025-11-15 22:58:05,577 [INFO] ThirdParty:1030 - CMSIS Pack Vendor :STMicroelectronics X-CUBE-ISPU 2.1.0
2025-11-15 22:58:05,577 [INFO] ThirdParty:1030 - CMSIS Pack Vendor :STMicroelectronics X-CUBE-EEPRMA1 5.2.0
2025-11-15 22:58:05,577 [INFO] ThirdParty:1030 - CMSIS Pack Vendor :STMicroelectronics X-CUBE-IPS 3.2.0
2025-11-15 22:58:05,577 [INFO] ThirdParty:1030 - CMSIS Pack Vendor :STMicroelectronics X-CUBE-BLEMGR 4.1.0
2025-11-15 22:58:05,577 [INFO] ThirdParty:1030 - CMSIS Pack Vendor :STMicroelectronics X-CUBE-AZRTOS-WB 2.0.0
2025-11-15 22:58:05,578 [INFO] ThirdParty:1030 - CMSIS Pack Vendor :STMicroelectronics X-CUBE-ST60 1.0.0
2025-11-15 22:58:05,578 [INFO] ThirdParty:1030 - CMSIS Pack Vendor :STMicroelectronics X-CUBE-GNSS1 7.0.1
2025-11-15 22:58:05,578 [INFO] ThirdParty:1030 - CMSIS Pack Vendor :STMicroelectronics X-CUBE-NFC12 1.0.0
2025-11-15 22:58:05,578 [INFO] ThirdParty:1030 - CMSIS Pack Vendor :STMicroelectronics X-CUBE-AZRTOS-F7 1.1.0
2025-11-15 22:58:05,578 [INFO] ThirdParty:1030 - CMSIS Pack Vendor :STMicroelectronics X-CUBE-AZRTOS-L5 2.0.0
2025-11-15 22:58:05,578 [INFO] ThirdParty:1030 - CMSIS Pack Vendor :STMicroelectronics X-CUBE-TOUCHGFX 4.25.0
2025-11-15 22:58:05,578 [INFO] ThirdParty:1030 - CMSIS Pack Vendor :STMicroelectronics USB_DEVICE 2.0.0
2025-11-15 22:58:05,578 [INFO] ThirdParty:1030 - CMSIS Pack Vendor :STMicroelectronics X-CUBE-NFC6 3.1.0
2025-11-15 22:58:05,578 [INFO] ThirdParty:1030 - CMSIS Pack Vendor :STMicroelectronics X-CUBE-ST67W61 1.1.0
2025-11-15 22:58:05,578 [INFO] ThirdParty:1030 - CMSIS Pack Vendor :quantropi X-CUBE-qispace-sdk-base 2.1.0
2025-11-15 22:58:05,578 [INFO] ThirdParty:1030 - CMSIS Pack Vendor :STMicroelectronics FP-SNS-MOTENV1 5.1.0
2025-11-15 22:58:05,578 [INFO] ThirdParty:1030 - CMSIS Pack Vendor :STMicroelectronics FreeRTOS 0.0.1
2025-11-15 22:58:05,578 [INFO] ThirdParty:1030 - CMSIS Pack Vendor :STMicroelectronics X-CUBE-AZRTOS-G0 1.1.0
2025-11-15 22:58:05,578 [INFO] ThirdParty:1030 - CMSIS Pack Vendor :STMicroelectronics X-CUBE-SAFEA1 1.2.2
2025-11-15 22:58:05,578 [INFO] ThirdParty:1030 - CMSIS Pack Vendor :STMicroelectronics X-CUBE-NFC4 3.0.0
2025-11-15 22:58:05,578 [INFO] ThirdParty:1030 - CMSIS Pack Vendor :STMicroelectronics X-CUBE-SUBG2 5.0.0
2025-11-15 22:58:05,578 [INFO] ThirdParty:1030 - CMSIS Pack Vendor :STMicroelectronics X-CUBE-AZRTOS-H7RS 1.1.0
2025-11-15 22:58:05,578 [INFO] ThirdParty:1030 - CMSIS Pack Vendor :STMicroelectronics STM32_WPAN 1.0.0
2025-11-15 22:58:05,578 [INFO] ThirdParty:1030 - CMSIS Pack Vendor :EmbeddedOffice I-CUBE-FS-RTOS 1.0.1
2025-11-15 22:58:05,578 [INFO] ThirdParty:1030 - CMSIS Pack Vendor :STMicroelectronics lwIP 2.0.3
2025-11-15 22:58:05,578 [INFO] ThirdParty:1030 - CMSIS Pack Vendor :WES I-CUBE-Cesium 1.4.0
2025-11-15 22:58:05,578 [INFO] ThirdParty:1030 - CMSIS Pack Vendor :Cesanta I-CUBE-Mongoose 7.13.0
2025-11-15 22:58:05,578 [INFO] ThirdParty:1030 - CMSIS Pack Vendor :STMicroelectronics USB_HOST 1.0.0
2025-11-15 22:58:05,578 [INFO] ThirdParty:1030 - CMSIS Pack Vendor :Infineon AIROC-Wi-Fi-Bluetooth-STM32 1.7.1
2025-11-15 22:58:05,578 [INFO] ThirdParty:1030 - CMSIS Pack Vendor :STMicroelectronics X-CUBE-AZRTOS-G4 2.0.0
2025-11-15 22:58:05,578 [INFO] ThirdParty:1030 - CMSIS Pack Vendor :STMicroelectronics X-CUBE-WB05N 2.0.0
2025-11-15 22:58:05,578 [INFO] ThirdParty:1030 - CMSIS Pack Vendor :STMicroelectronics PDM2PCM 3.1.0
2025-11-15 22:58:05,578 [INFO] ThirdParty:1030 - CMSIS Pack Vendor :STMicroelectronics PDM2PCM 3.3.0
2025-11-15 22:58:05,578 [INFO] ThirdParty:1030 - CMSIS Pack Vendor :wolfSSL I-CUBE-wolfTPM 3.8.0
2025-11-15 22:58:05,578 [INFO] ThirdParty:1030 - CMSIS Pack Vendor :STMicroelectronics X-CUBE-AZRTOS-H7 3.4.0
2025-11-15 22:58:05,578 [INFO] ThirdParty:1030 - CMSIS Pack Vendor :STMicroelectronics X-CUBE-DISPLAY 3.0.0
2025-11-15 22:58:05,578 [INFO] ThirdParty:1030 - CMSIS Pack Vendor :wolfSSL I-CUBE-wolfSSH 1.4.20
2025-11-15 22:58:05,578 [INFO] ThirdParty:1030 - CMSIS Pack Vendor :STMicroelectronics X-CUBE-NFC7 2.0.0
2025-11-15 22:58:05,578 [INFO] ThirdParty:1030 - CMSIS Pack Vendor :STMicroelectronics X-CUBE-TCPP 4.2.0
2025-11-15 22:58:05,578 [INFO] ThirdParty:1030 - CMSIS Pack Vendor :RealThread X-CUBE-RT-Thread_Nano 4.1.1
2025-11-15 22:58:05,578 [INFO] ThirdParty:1030 - CMSIS Pack Vendor :STMicroelectronics FP-ATR-SIGFOX1 3.2.0
2025-11-15 22:58:05,578 [INFO] ThirdParty:1030 - CMSIS Pack Vendor :STMicroelectronics X-CUBE-NFC10 1.0.0
2025-11-15 22:58:05,578 [INFO] ThirdParty:1030 - CMSIS Pack Vendor :STMicroelectronics X-CUBE-FREERTOS 1.3.1
2025-11-15 22:58:05,578 [INFO] ThirdParty:1030 - CMSIS Pack Vendor :STMicroelectronics HAL Drivers 0.0.0
2025-11-15 22:58:05,578 [INFO] ThirdParty:1030 - CMSIS Pack Vendor :STMicroelectronics MBEDTLS 2.16.2
2025-11-15 22:58:05,578 [INFO] ThirdParty:1030 - CMSIS Pack Vendor :STMicroelectronics X-CUBE-ST60 1.1.0
2025-11-15 22:58:05,578 [INFO] ThirdParty:1030 - CMSIS Pack Vendor :STMicroelectronics X-CUBE-IPS 3.1.0
2025-11-15 22:58:05,578 [INFO] ThirdParty:1030 - CMSIS Pack Vendor :STMicroelectronics X-CUBE-ALS 1.0.2
2025-11-15 22:58:05,578 [INFO] ThirdParty:1030 - CMSIS Pack Vendor :emotas I-CUBE-CANOPEN 1.3.0
2025-11-15 22:58:05,578 [INFO] ThirdParty:1030 - CMSIS Pack Vendor :STMicroelectronics MBEDTLS 2.14.1
2025-11-15 22:58:05,578 [INFO] ThirdParty:1030 - CMSIS Pack Vendor :STMicroelectronics X-CUBE-GNSS1 7.1.0
2025-11-15 22:58:05,578 [INFO] ThirdParty:1030 - CMSIS Pack Vendor :ITTIA_DB I-CUBE-ITTIADB 8.9.0
2025-11-15 22:58:05,578 [INFO] ThirdParty:1030 - CMSIS Pack Vendor :STMicroelectronics X-CUBE-TOUCHGFX 4.26.0
2025-11-15 22:58:05,578 [INFO] ThirdParty:1030 - CMSIS Pack Vendor :STMicroelectronics X-CUBE-STSE01 1.0.0
2025-11-15 22:58:05,579 [INFO] ThirdParty:1030 - CMSIS Pack Vendor :STMicroelectronics X-CUBE-ST67W61 1.0.0
2025-11-15 22:58:05,579 [INFO] ThirdParty:1030 - CMSIS Pack Vendor :STMicroelectronics FP-SNS-STBOX1 2.1.0
2025-11-15 22:58:05,579 [INFO] ThirdParty:1030 - CMSIS Pack Vendor :STMicroelectronics X-CUBE-AI 10.2.0
2025-11-15 22:58:05,579 [INFO] ThirdParty:1030 - CMSIS Pack Vendor :STMicroelectronics FP-SNS-STAIOTCFT 1.0.0
2025-11-15 22:58:05,579 [INFO] ThirdParty:1030 - CMSIS Pack Vendor :STMicroelectronics ThreadX 1.0.0
2025-11-15 22:58:05,579 [INFO] ThirdParty:1030 - CMSIS Pack Vendor :STMicroelectronics FP-SNS-SMARTAG2 1.2.0
2025-11-15 22:58:05,579 [INFO] ThirdParty:1030 - CMSIS Pack Vendor :STMicroelectronics FP-SNS-FLIGHT1 5.1.0
2025-11-15 22:58:05,579 [INFO] ThirdParty:1030 - CMSIS Pack Vendor :STMicroelectronics X-CUBE-AZRTOS-WL 2.0.0
2025-11-15 22:58:05,579 [INFO] ThirdParty:1030 - CMSIS Pack Vendor :SEGGER I-CUBE-embOS 1.3.1
2025-11-15 22:58:05,579 [INFO] ThirdParty:1030 - CMSIS Pack Vendor :STMicroelectronics X-CUBE-ALGOBUILD 1.4.0
2025-11-15 22:58:05,579 [INFO] ThirdParty:1030 - CMSIS Pack Vendor :STMicroelectronics X-CUBE-DPower 1.3.0
2025-11-15 22:58:05,579 [INFO] ThirdParty:1030 - CMSIS Pack Vendor :STMicroelectronics X-CUBE-MEMS1 11.3.0
2025-11-15 22:58:05,579 [INFO] ThirdParty:1030 - CMSIS Pack Vendor :STMicroelectronics FP-SNS-MOTENV1 5.0.0
2025-11-15 22:58:05,579 [INFO] ThirdParty:1030 - CMSIS Pack Vendor :STMicroelectronics USB_DEVICE 1.0.0
2025-11-15 22:58:05,579 [INFO] ThirdParty:1030 - CMSIS Pack Vendor :STMicroelectronics X-CUBE-AZRTOS-L4 2.0.0
2025-11-15 22:58:05,579 [INFO] ThirdParty:1030 - CMSIS Pack Vendor :STMicroelectronics ThreadX 0.0.2
2025-11-15 22:58:05,579 [INFO] ThirdParty:1030 - CMSIS Pack Vendor :STMicroelectronics lwIP 2.1.2
2025-11-15 22:58:05,579 [INFO] ThirdParty:1030 - CMSIS Pack Vendor :STMicroelectronics X-CUBE-SFXS2LP1 4.0.0
2025-11-15 22:58:05,579 [INFO] ThirdParty:1030 - CMSIS Pack Vendor :STMicroelectronics X-CUBE-BLE2 3.3.0
2025-11-15 22:58:05,579 [INFO] ThirdParty:1030 - CMSIS Pack Vendor :Avnet-IOTCONNECT X-CUBE-iotc-st67-sdk 1.0.0
2025-11-15 22:58:05,579 [INFO] ThirdParty:1030 - CMSIS Pack Vendor :STMicroelectronics X-CUBE-TOF1 3.4.3
2025-11-15 22:58:05,579 [INFO] ThirdParty:1030 - CMSIS Pack Vendor :STMicroelectronics PDM2PCM 3.2.0
2025-11-15 22:58:05,579 [INFO] ThirdParty:841 - exiting critical section [change project]
2025-11-15 22:58:05,734 [INFO] PinOutPanel:1589 - setPackage(No Configuration,No Configuration)
2025-11-15 22:58:05,734 [INFO] PinOutPanel:1589 - setPackage(STM32L476RGTx,LQFP64)
2025-11-15 22:58:06,136 [INFO] UtilMem:75 - Before build in PCC Used Memory: 423796240 Bytes (752877568)
2025-11-15 22:58:06,406 [INFO] UtilMem:75 - After build in PCC Used Memory: 505058832 Bytes (752877568)
2025-11-15 22:58:06,425 [INFO] IPUIPlugin:80 - create IPUIPlugin
2025-11-15 22:58:06,425 [INFO] IPUIPlugin:80 - create IPUIPlugin
2025-11-15 22:58:06,425 [INFO] IPUIPlugin:80 - create IPUIPlugin
2025-11-15 22:58:06,426 [INFO] IPUIPlugin:80 - create IPUIPlugin
2025-11-15 22:58:06,426 [INFO] IPUIPlugin:80 - create IPUIPlugin
2025-11-15 22:58:06,426 [INFO] IPUIPlugin:80 - create IPUIPlugin
2025-11-15 22:58:06,426 [INFO] IPUIPlugin:80 - create IPUIPlugin
2025-11-15 22:58:06,426 [INFO] IPUIPlugin:80 - create IPUIPlugin
2025-11-15 22:58:06,426 [INFO] IPUIPlugin:80 - create IPUIPlugin
2025-11-15 22:58:06,426 [INFO] IPUIPlugin:80 - create IPUIPlugin
2025-11-15 22:58:06,426 [INFO] IPUIPlugin:80 - create IPUIPlugin
2025-11-15 22:58:06,426 [INFO] IPUIPlugin:80 - create IPUIPlugin
2025-11-15 22:58:06,426 [INFO] IPUIPlugin:80 - create IPUIPlugin
2025-11-15 22:58:06,426 [INFO] IPUIPlugin:80 - create IPUIPlugin
2025-11-15 22:58:06,426 [INFO] IPUIPlugin:80 - create IPUIPlugin
2025-11-15 22:58:06,426 [INFO] IPUIPlugin:80 - create IPUIPlugin
2025-11-15 22:58:06,427 [INFO] IPUIPlugin:80 - create IPUIPlugin
2025-11-15 22:58:06,427 [INFO] IPUIPlugin:80 - create IPUIPlugin
2025-11-15 22:58:06,427 [INFO] IPUIPlugin:80 - create IPUIPlugin
2025-11-15 22:58:06,427 [INFO] IPUIPlugin:80 - create IPUIPlugin
2025-11-15 22:58:06,427 [INFO] IPUIPlugin:80 - create IPUIPlugin
2025-11-15 22:58:06,427 [INFO] IPUIPlugin:80 - create IPUIPlugin
2025-11-15 22:58:06,427 [INFO] IPUIPlugin:80 - create IPUIPlugin
2025-11-15 22:58:06,428 [INFO] IPUIPlugin:80 - create IPUIPlugin
2025-11-15 22:58:06,428 [INFO] IPUIPlugin:80 - create IPUIPlugin
2025-11-15 22:58:06,428 [INFO] IPUIPlugin:80 - create IPUIPlugin
2025-11-15 22:58:06,428 [INFO] IPUIPlugin:80 - create IPUIPlugin
2025-11-15 22:58:06,428 [INFO] IPUIPlugin:80 - create IPUIPlugin
2025-11-15 22:58:06,428 [INFO] IPUIPlugin:80 - create IPUIPlugin
2025-11-15 22:58:06,428 [INFO] IPUIPlugin:80 - create IPUIPlugin
2025-11-15 22:58:06,429 [INFO] IPUIPlugin:80 - create IPUIPlugin
2025-11-15 22:58:06,429 [INFO] IPUIPlugin:80 - create IPUIPlugin
2025-11-15 22:58:06,429 [INFO] IPUIPlugin:80 - create IPUIPlugin
2025-11-15 22:58:06,429 [INFO] IPUIPlugin:80 - create IPUIPlugin
2025-11-15 22:58:06,429 [INFO] IPUIPlugin:80 - create IPUIPlugin
2025-11-15 22:58:06,429 [INFO] IPUIPlugin:80 - create IPUIPlugin
2025-11-15 22:58:06,429 [INFO] IPUIPlugin:80 - create IPUIPlugin
2025-11-15 22:58:06,430 [INFO] IPUIPlugin:80 - create IPUIPlugin
2025-11-15 22:58:06,430 [INFO] IPUIPlugin:80 - create IPUIPlugin
2025-11-15 22:58:06,430 [INFO] IPUIPlugin:80 - create IPUIPlugin
2025-11-15 22:58:06,430 [INFO] IPUIPlugin:80 - create IPUIPlugin
2025-11-15 22:58:06,430 [INFO] IPUIPlugin:80 - create IPUIPlugin
2025-11-15 22:58:06,430 [INFO] IPUIPlugin:80 - create IPUIPlugin
2025-11-15 22:58:06,431 [INFO] IPUIPlugin:80 - create IPUIPlugin
2025-11-15 22:58:06,431 [INFO] IPUIPlugin:80 - create IPUIPlugin
2025-11-15 22:58:06,431 [INFO] IPUIPlugin:80 - create IPUIPlugin
2025-11-15 22:58:06,431 [INFO] IPUIPlugin:80 - create IPUIPlugin
2025-11-15 22:58:06,431 [INFO] IPUIPlugin:80 - create IPUIPlugin
2025-11-15 22:58:06,431 [INFO] IPUIPlugin:80 - create IPUIPlugin
2025-11-15 22:58:06,432 [INFO] IPUIPlugin:80 - create IPUIPlugin
2025-11-15 22:58:06,432 [INFO] IPUIPlugin:80 - create IPUIPlugin
2025-11-15 22:58:06,432 [INFO] IPUIPlugin:80 - create IPUIPlugin
2025-11-15 22:58:06,432 [INFO] IPUIPlugin:80 - create IPUIPlugin
2025-11-15 22:58:06,432 [INFO] IPUIPlugin:80 - create IPUIPlugin
2025-11-15 22:58:06,433 [INFO] IPUIPlugin:80 - create IPUIPlugin
2025-11-15 22:58:06,433 [INFO] IPUIPlugin:80 - create IPUIPlugin
2025-11-15 22:58:06,433 [INFO] IPUIPlugin:80 - create IPUIPlugin
2025-11-15 22:58:06,434 [INFO] IPUIPlugin:80 - create IPUIPlugin
2025-11-15 22:58:06,434 [INFO] IPUIPlugin:80 - create IPUIPlugin
2025-11-15 22:58:06,456 [INFO] CADModel:165 - CPN selected for project levelSTM32L476RGT3
2025-11-15 22:58:06,456 [INFO] CADModel:114 - Register for checkConnection events
2025-11-15 22:58:06,508 [INFO] OpenFileManager:386 - Restore cursor
2025-11-15 23:09:47,881 [INFO] MainUpdater:2872 - connection check result : 10
2025-11-15 23:09:47,881 [INFO] MainUpdater:2872 - connection check result : 10
2025-11-15 23:09:47,962 [INFO] MicroXplorer:468 - Change Database Path : 
2025-11-15 23:09:47,963 [INFO] MicroXplorer:498 - Change Database Version : DB.6.0.150
2025-11-15 23:09:47,968 [ERROR] ProjectManagerView:395 - 
java.lang.NullPointerException: Cannot invoke "javax.swing.JTextField.getText()" because the return value of "java.util.List.get(int)" is null
	at com.st.microxplorer.plugins.projectmanager.gui.ProjectChoiceTab$9.caretUpdate(ProjectChoiceTab.java:2706) ~[filemanager.jar:?]
	at javax.swing.text.JTextComponent.fireCaretUpdate(JTextComponent.java:408) ~[?:?]
	at javax.swing.text.JTextComponent$MutableCaretEvent.fire(JTextComponent.java:4484) ~[?:?]
	at javax.swing.text.JTextComponent$MutableCaretEvent.stateChanged(JTextComponent.java:4506) ~[?:?]
	at javax.swing.text.DefaultCaret.fireStateChanged(DefaultCaret.java:857) ~[?:?]
	at javax.swing.text.DefaultCaret.changeCaretPosition(DefaultCaret.java:1343) ~[?:?]
	at javax.swing.text.DefaultCaret.handleSetDot(DefaultCaret.java:1242) ~[?:?]
	at javax.swing.text.DefaultCaret.setDot(DefaultCaret.java:1223) ~[?:?]
	at javax.swing.text.DefaultCaret$Handler.insertUpdate(DefaultCaret.java:1819) ~[?:?]
	at javax.swing.text.AbstractDocument.fireInsertUpdate(AbstractDocument.java:227) ~[?:?]
	at javax.swing.text.AbstractDocument.handleInsertString(AbstractDocument.java:781) ~[?:?]
	at javax.swing.text.AbstractDocument.insertString(AbstractDocument.java:740) ~[?:?]
	at javax.swing.text.PlainDocument.insertString(PlainDocument.java:131) ~[?:?]
	at javax.swing.text.AbstractDocument.replace(AbstractDocument.java:699) ~[?:?]
	at javax.swing.text.JTextComponent.setText(JTextComponent.java:1725) ~[?:?]
	at com.st.microxplorer.plugins.projectmanager.gui.ProjectChoiceTab.createHeapStackFields(ProjectChoiceTab.java:993) ~[filemanager.jar:?]
	at com.st.microxplorer.plugins.projectmanager.gui.ProjectChoiceTab.buildLinkSettingsPanel(ProjectChoiceTab.java:3813) ~[filemanager.jar:?]
	at com.st.microxplorer.plugins.projectmanager.gui.ProjectChoiceTab.defineWindowsFields(ProjectChoiceTab.java:1987) ~[filemanager.jar:?]
	at com.st.microxplorer.plugins.projectmanager.gui.ProjectChoiceTab.updateSettings(ProjectChoiceTab.java:558) ~[filemanager.jar:?]
	at com.st.microxplorer.plugins.projectmanager.gui.ProjectSettingsPanel.UpdateDialog(ProjectSettingsPanel.java:247) ~[filemanager.jar:?]
	at com.st.microxplorer.plugins.projectmanager.ProjectManagerView.propertyChange(ProjectManagerView.java:392) ~[filemanager.jar:?]
	at java.beans.PropertyChangeSupport.fire(PropertyChangeSupport.java:343) ~[?:?]
	at java.beans.PropertyChangeSupport.firePropertyChange(PropertyChangeSupport.java:335) ~[?:?]
	at java.beans.PropertyChangeSupport.firePropertyChange(PropertyChangeSupport.java:268) ~[?:?]
	at com.st.microxplorer.util.MXPropertyChangeSupport.firePropertyChange(MXPropertyChangeSupport.java:54) ~[STM32CubeMX.jar:?]
	at com.st.microxplorer.mxsystem.MxSystem.closeConfig(MxSystem.java:899) ~[STM32CubeMX.jar:?]
	at com.st.microxplorer.maingui.MainPanel.closeConfig(MainPanel.java:792) ~[STM32CubeMX.jar:?]
	at com.st.microxplorer.plugins.filemanager.engine.OpenFileManager.loadConfigurationFile(OpenFileManager.java:288) ~[filemanager.jar:?]
	at com.st.microxplorer.plugins.filemanager.engine.MainFileManager.userLoadConfig(MainFileManager.java:364) ~[filemanager.jar:?]
	at com.st.microxplorer.plugins.filemanager.engine.MainFileManager.userLoadConfig(MainFileManager.java:342) ~[filemanager.jar:?]
	at com.st.microxplorer.plugins.filemanager.FileManagerView.getSpecificTask(FileManagerView.java:264) ~[filemanager.jar:?]
	at com.st.stm32cube.common.mx.editor.CubeMxEditor.getMxTabbedPaneInstance(CubeMxEditor.java:1198) ~[com.st.stm32cube.common.mx_6.15.0.202507011659/:?]
	at com.st.stm32cube.common.mx.editor.CubeMxEditor$12$1.createSwingComponent(CubeMxEditor.java:1068) ~[com.st.stm32cube.common.mx_6.15.0.202507011659/:?]
	at com.st.stm32cube.common.mx.oss.core.awtswtbridge.EmbeddedSwingComposite.doComponentCreation(EmbeddedSwingComposite.java:492) ~[com.st.stm32cube.common.mx.oss_6.15.0.202507011659/:?]
	at com.st.stm32cube.common.mx.oss.core.awtswtbridge.EmbeddedSwingComposite$4.run(EmbeddedSwingComposite.java:291) ~[com.st.stm32cube.common.mx.oss_6.15.0.202507011659/:?]
	at com.st.stm32cube.common.mx.oss.core.awtswtbridge.AwtEnvironment$2.run(AwtEnvironment.java:166) ~[com.st.stm32cube.common.mx.oss_6.15.0.202507011659/:?]
	at java.awt.event.InvocationEvent.dispatch(InvocationEvent.java:318) ~[?:?]
	at java.awt.EventQueue.dispatchEventImpl(EventQueue.java:773) ~[?:?]
	at java.awt.EventQueue$4.run(EventQueue.java:720) ~[?:?]
	at java.awt.EventQueue$4.run(EventQueue.java:714) ~[?:?]
	at java.security.AccessController.doPrivileged(AccessController.java:400) ~[?:?]
	at java.security.ProtectionDomain$JavaSecurityAccessImpl.doIntersectionPrivilege(ProtectionDomain.java:87) ~[?:?]
	at java.awt.EventQueue.dispatchEvent(EventQueue.java:742) ~[?:?]
	at java.awt.EventDispatchThread.pumpOneEventForFilters(EventDispatchThread.java:203) ~[?:?]
	at java.awt.EventDispatchThread.pumpEventsForFilter(EventDispatchThread.java:124) ~[?:?]
	at java.awt.EventDispatchThread.pumpEventsForHierarchy(EventDispatchThread.java:113) ~[?:?]
	at java.awt.EventDispatchThread.pumpEvents(EventDispatchThread.java:109) ~[?:?]
	at java.awt.EventDispatchThread.pumpEvents(EventDispatchThread.java:101) ~[?:?]
	at java.awt.EventDispatchThread.run(EventDispatchThread.java:90) ~[?:?]
2025-11-15 23:09:47,970 [WARN] ThirdParty:871 - waiting for thirdparty lock release [close project]
2025-11-15 23:09:47,970 [INFO] ThirdParty:873 - entering critical section [close project]
2025-11-15 23:09:47,970 [INFO] ThirdParty:883 - exiting critical section [close project]
2025-11-15 23:09:47,971 [INFO] PinOutPanel:1589 - setPackage(No Configuration,No Configuration)
2025-11-15 23:09:47,975 [INFO] UtilMem:75 - Begin LoadConfig() Used Memory: 434797200 Bytes (752877568)
2025-11-15 23:09:47,976 [INFO] MicroXplorer:468 - Change Database Path : 
2025-11-15 23:09:47,976 [INFO] MicroXplorer:498 - Change Database Version : DB.6.0.150
2025-11-15 23:09:47,976 [INFO] OpenFileManager:355 - Change cursor
2025-11-15 23:09:47,980 [INFO] Mcu:2029 - Initializing MCU STM32L476R(C-E-G)Tx STM32L476RGTx STM32L476RGT3
2025-11-15 23:09:49,213 [INFO] Context:786 - Trying to add GPIOservice into a context  which must be forbidden
2025-11-15 23:09:49,417 [INFO] ImportTextPane:234 - (OptionalMessage_ERROR) Pin12 (VP_RIF_VS_RIF1) cannot be retrieved for this MCU
2025-11-15 23:09:49,449 [INFO] RtosManager:558 - Registered RTOS mode: class=CMSIS, group=RTOS, mode=CMSIS_V1, owner=FREERTOS
2025-11-15 23:09:49,449 [INFO] RtosManager:558 - Registered RTOS mode: class=CMSIS, group=RTOS2, mode=CMSIS_V2, owner=FREERTOS
2025-11-15 23:09:49,449 [INFO] RtosManager:558 - Registered RTOS mode: class=RTOS, group=Core, mode=CMSIS_V1, owner=FREERTOS
2025-11-15 23:09:49,450 [INFO] RtosManager:558 - Registered RTOS mode: class=RTOS, group=Core, mode=CMSIS_V2, owner=FREERTOS
2025-11-15 23:09:49,450 [WARN] ModelIntegratedComponent:184 - Missing modes for component STMicroelectronics:FreeRTOS:0.0.1:STMicroelectronics:RTOS:FreeRTOS:Core:::10.2.0:
2025-11-15 23:09:49,454 [WARN] ModelIntegratedComponent:63 - No mode defined for component null
2025-11-15 23:09:49,454 [WARN] ModelIntegratedComponent:63 - No mode defined for component null
2025-11-15 23:09:49,454 [WARN] ModelIntegratedComponent:63 - No mode defined for component null
2025-11-15 23:09:49,454 [WARN] ModelIntegratedComponent:63 - No mode defined for component null
2025-11-15 23:09:49,454 [WARN] ModelIntegratedComponent:63 - No mode defined for component null
2025-11-15 23:09:49,454 [WARN] ModelIntegratedComponent:63 - No mode defined for component null
2025-11-15 23:09:49,454 [WARN] ModelIntegratedComponent:63 - No mode defined for component null
2025-11-15 23:09:49,455 [WARN] ModelIntegratedComponent:63 - No mode defined for component null
2025-11-15 23:09:49,455 [WARN] ModelIntegratedComponent:63 - No mode defined for component null
2025-11-15 23:09:49,455 [WARN] ModelIntegratedComponent:63 - No mode defined for component null
2025-11-15 23:09:49,455 [WARN] ModelIntegratedComponent:63 - No mode defined for component null
2025-11-15 23:09:49,455 [WARN] ModelIntegratedComponent:63 - No mode defined for component null
2025-11-15 23:09:49,455 [WARN] ModelIntegratedComponent:63 - No mode defined for component null
2025-11-15 23:09:49,455 [WARN] ModelIntegratedComponent:63 - No mode defined for component null
2025-11-15 23:09:49,455 [WARN] ModelIntegratedComponent:63 - No mode defined for component null
2025-11-15 23:09:49,455 [WARN] ModelIntegratedComponent:63 - No mode defined for component null
2025-11-15 23:09:49,455 [WARN] ModelIntegratedComponent:63 - No mode defined for component null
2025-11-15 23:09:49,455 [WARN] ModelIntegratedComponent:63 - No mode defined for component null
2025-11-15 23:09:49,455 [WARN] ModelIntegratedComponent:63 - No mode defined for component null
2025-11-15 23:09:49,455 [WARN] ModelIntegratedComponent:63 - No mode defined for component null
2025-11-15 23:09:49,455 [WARN] ModelIntegratedComponent:63 - No mode defined for component null
2025-11-15 23:09:49,455 [WARN] ModelIntegratedComponent:63 - No mode defined for component null
2025-11-15 23:09:49,455 [WARN] ModelIntegratedComponent:63 - No mode defined for component null
2025-11-15 23:09:49,455 [WARN] ModelIntegratedComponent:63 - No mode defined for component null
2025-11-15 23:09:49,455 [WARN] ModelIntegratedComponent:63 - No mode defined for component null
2025-11-15 23:09:49,455 [WARN] ModelIntegratedComponent:63 - No mode defined for component null
2025-11-15 23:09:49,455 [WARN] ModelIntegratedComponent:63 - No mode defined for component null
2025-11-15 23:09:49,455 [WARN] ModelIntegratedComponent:63 - No mode defined for component null
2025-11-15 23:09:49,455 [WARN] ModelIntegratedComponent:63 - No mode defined for component null
2025-11-15 23:09:49,455 [WARN] ModelIntegratedComponent:63 - No mode defined for component null
2025-11-15 23:09:49,455 [WARN] ModelIntegratedComponent:63 - No mode defined for component null
2025-11-15 23:09:49,455 [WARN] ModelIntegratedComponent:63 - No mode defined for component null
2025-11-15 23:09:49,455 [WARN] ModelIntegratedComponent:63 - No mode defined for component null
2025-11-15 23:09:49,455 [WARN] ModelIntegratedComponent:63 - No mode defined for component null
2025-11-15 23:09:49,455 [WARN] ModelIntegratedComponent:63 - No mode defined for component null
2025-11-15 23:09:49,455 [WARN] ModelPack:524 - Component already loaded: STMicroelectronics:HAL Drivers:0.0.0:STMicroelectronics:Device:STMicro_Driver:XSPI:HAL::0.0.1:HAL_XSPI
2025-11-15 23:09:49,522 [INFO] ThirdPartyModel:298 - Start build external matchings
2025-11-15 23:09:49,906 [INFO] ThirdPartyModel:316 - End build external matchings
2025-11-15 23:09:49,914 [INFO] ImportTextPane:234 - (OptionalMessage_ERROR) IP (RCC) : Invalid parameter (FamilyName)
2025-11-15 23:09:49,915 [INFO] ImportTextPane:234 - (OptionalMessage_ERROR) IP (RCC) : Parameter (USBFreq_Value) has invalid value (32000000)
2025-11-15 23:09:50,159 [INFO] UtilMem:75 - End LoadConfig() Used Memory: 655206272 Bytes (752877568)
2025-11-15 23:09:50,188 [WARN] ThirdParty:833 - waiting for thirdparty lock release [change project]
2025-11-15 23:09:50,188 [INFO] ThirdParty:835 - entering critical section [change project]
2025-11-15 23:09:50,188 [INFO] ThirdParty:1030 - CMSIS Pack Vendor :STMicroelectronics X-CUBE-PM33A1 1.0.0
2025-11-15 23:09:50,188 [INFO] ThirdParty:1030 - CMSIS Pack Vendor :STMicroelectronics USBPD 4.1
2025-11-15 23:09:50,189 [INFO] ThirdParty:1030 - CMSIS Pack Vendor :STMicroelectronics X-CUBE-NFC9 1.0.0
2025-11-15 23:09:50,189 [INFO] ThirdParty:1030 - CMSIS Pack Vendor :STMicroelectronics USB_HOST 2.0.0
2025-11-15 23:09:50,189 [INFO] ThirdParty:1030 - CMSIS Pack Vendor :STMicroelectronics FP-SNS-MOTENVWB1 1.4.0
2025-11-15 23:09:50,189 [INFO] ThirdParty:1030 - CMSIS Pack Vendor :STMicroelectronics X-CUBE-AZRTOS-F4 1.1.0
2025-11-15 23:09:50,189 [INFO] ThirdParty:1030 - CMSIS Pack Vendor :STMicroelectronics LIBJPEG 8.0.0
2025-11-15 23:09:50,189 [INFO] ThirdParty:1030 - CMSIS Pack Vendor :STMicroelectronics FP-ATR-ASTRA1 2.0.2
2025-11-15 23:09:50,189 [INFO] ThirdParty:1030 - CMSIS Pack Vendor :wolfSSL I-CUBE-wolfSSL 5.8.2
2025-11-15 23:09:50,189 [INFO] ThirdParty:1030 - CMSIS Pack Vendor :STMicroelectronics X-CUBE-BLE1 7.1.0
2025-11-15 23:09:50,189 [INFO] ThirdParty:1030 - CMSIS Pack Vendor :Avnet-IotConnect X-CUBE-IoTC-DA16k-PMOD 1.0.0
2025-11-15 23:09:50,189 [INFO] ThirdParty:1030 - CMSIS Pack Vendor :STMicroelectronics X-CUBE-SMBUS 2.1.0
2025-11-15 23:09:50,189 [INFO] ThirdParty:1030 - CMSIS Pack Vendor :wolfSSL I-CUBE-wolfMQTT 1.19.2
2025-11-15 23:09:50,189 [INFO] ThirdParty:1030 - CMSIS Pack Vendor :STMicroelectronics USB_DEVICE 3.0.0
2025-11-15 23:09:50,189 [INFO] ThirdParty:1030 - CMSIS Pack Vendor :STMicroelectronics X-CUBE-ISPU 2.1.0
2025-11-15 23:09:50,189 [INFO] ThirdParty:1030 - CMSIS Pack Vendor :STMicroelectronics X-CUBE-EEPRMA1 5.2.0
2025-11-15 23:09:50,189 [INFO] ThirdParty:1030 - CMSIS Pack Vendor :STMicroelectronics X-CUBE-IPS 3.2.0
2025-11-15 23:09:50,189 [INFO] ThirdParty:1030 - CMSIS Pack Vendor :STMicroelectronics X-CUBE-BLEMGR 4.1.0
2025-11-15 23:09:50,189 [INFO] ThirdParty:1030 - CMSIS Pack Vendor :STMicroelectronics X-CUBE-AZRTOS-WB 2.0.0
2025-11-15 23:09:50,189 [INFO] ThirdParty:1030 - CMSIS Pack Vendor :STMicroelectronics X-CUBE-ST60 1.0.0
2025-11-15 23:09:50,189 [INFO] ThirdParty:1030 - CMSIS Pack Vendor :STMicroelectronics X-CUBE-GNSS1 7.0.1
2025-11-15 23:09:50,189 [INFO] ThirdParty:1030 - CMSIS Pack Vendor :STMicroelectronics X-CUBE-NFC12 1.0.0
2025-11-15 23:09:50,189 [INFO] ThirdParty:1030 - CMSIS Pack Vendor :STMicroelectronics X-CUBE-AZRTOS-F7 1.1.0
2025-11-15 23:09:50,189 [INFO] ThirdParty:1030 - CMSIS Pack Vendor :STMicroelectronics X-CUBE-AZRTOS-L5 2.0.0
2025-11-15 23:09:50,189 [INFO] ThirdParty:1030 - CMSIS Pack Vendor :STMicroelectronics X-CUBE-TOUCHGFX 4.25.0
2025-11-15 23:09:50,189 [INFO] ThirdParty:1030 - CMSIS Pack Vendor :STMicroelectronics USB_DEVICE 2.0.0
2025-11-15 23:09:50,189 [INFO] ThirdParty:1030 - CMSIS Pack Vendor :STMicroelectronics X-CUBE-NFC6 3.1.0
2025-11-15 23:09:50,189 [INFO] ThirdParty:1030 - CMSIS Pack Vendor :STMicroelectronics X-CUBE-ST67W61 1.1.0
2025-11-15 23:09:50,189 [INFO] ThirdParty:1030 - CMSIS Pack Vendor :quantropi X-CUBE-qispace-sdk-base 2.1.0
2025-11-15 23:09:50,189 [INFO] ThirdParty:1030 - CMSIS Pack Vendor :STMicroelectronics FP-SNS-MOTENV1 5.1.0
2025-11-15 23:09:50,189 [INFO] ThirdParty:1030 - CMSIS Pack Vendor :STMicroelectronics FreeRTOS 0.0.1
2025-11-15 23:09:50,189 [INFO] ThirdParty:1030 - CMSIS Pack Vendor :STMicroelectronics X-CUBE-AZRTOS-G0 1.1.0
2025-11-15 23:09:50,189 [INFO] ThirdParty:1030 - CMSIS Pack Vendor :STMicroelectronics X-CUBE-SAFEA1 1.2.2
2025-11-15 23:09:50,189 [INFO] ThirdParty:1030 - CMSIS Pack Vendor :STMicroelectronics X-CUBE-NFC4 3.0.0
2025-11-15 23:09:50,189 [INFO] ThirdParty:1030 - CMSIS Pack Vendor :STMicroelectronics X-CUBE-SUBG2 5.0.0
2025-11-15 23:09:50,189 [INFO] ThirdParty:1030 - CMSIS Pack Vendor :STMicroelectronics X-CUBE-AZRTOS-H7RS 1.1.0
2025-11-15 23:09:50,189 [INFO] ThirdParty:1030 - CMSIS Pack Vendor :STMicroelectronics STM32_WPAN 1.0.0
2025-11-15 23:09:50,189 [INFO] ThirdParty:1030 - CMSIS Pack Vendor :EmbeddedOffice I-CUBE-FS-RTOS 1.0.1
2025-11-15 23:09:50,189 [INFO] ThirdParty:1030 - CMSIS Pack Vendor :STMicroelectronics lwIP 2.0.3
2025-11-15 23:09:50,189 [INFO] ThirdParty:1030 - CMSIS Pack Vendor :WES I-CUBE-Cesium 1.4.0
2025-11-15 23:09:50,189 [INFO] ThirdParty:1030 - CMSIS Pack Vendor :Cesanta I-CUBE-Mongoose 7.13.0
2025-11-15 23:09:50,189 [INFO] ThirdParty:1030 - CMSIS Pack Vendor :STMicroelectronics USB_HOST 1.0.0
2025-11-15 23:09:50,189 [INFO] ThirdParty:1030 - CMSIS Pack Vendor :Infineon AIROC-Wi-Fi-Bluetooth-STM32 1.7.1
2025-11-15 23:09:50,189 [INFO] ThirdParty:1030 - CMSIS Pack Vendor :STMicroelectronics X-CUBE-AZRTOS-G4 2.0.0
2025-11-15 23:09:50,189 [INFO] ThirdParty:1030 - CMSIS Pack Vendor :STMicroelectronics X-CUBE-WB05N 2.0.0
2025-11-15 23:09:50,189 [INFO] ThirdParty:1030 - CMSIS Pack Vendor :STMicroelectronics PDM2PCM 3.1.0
2025-11-15 23:09:50,189 [INFO] ThirdParty:1030 - CMSIS Pack Vendor :STMicroelectronics PDM2PCM 3.3.0
2025-11-15 23:09:50,189 [INFO] ThirdParty:1030 - CMSIS Pack Vendor :wolfSSL I-CUBE-wolfTPM 3.8.0
2025-11-15 23:09:50,190 [INFO] ThirdParty:1030 - CMSIS Pack Vendor :STMicroelectronics X-CUBE-AZRTOS-H7 3.4.0
2025-11-15 23:09:50,190 [INFO] ThirdParty:1030 - CMSIS Pack Vendor :STMicroelectronics X-CUBE-DISPLAY 3.0.0
2025-11-15 23:09:50,190 [INFO] ThirdParty:1030 - CMSIS Pack Vendor :wolfSSL I-CUBE-wolfSSH 1.4.20
2025-11-15 23:09:50,190 [INFO] ThirdParty:1030 - CMSIS Pack Vendor :STMicroelectronics X-CUBE-NFC7 2.0.0
2025-11-15 23:09:50,190 [INFO] ThirdParty:1030 - CMSIS Pack Vendor :STMicroelectronics X-CUBE-TCPP 4.2.0
2025-11-15 23:09:50,190 [INFO] ThirdParty:1030 - CMSIS Pack Vendor :RealThread X-CUBE-RT-Thread_Nano 4.1.1
2025-11-15 23:09:50,190 [INFO] ThirdParty:1030 - CMSIS Pack Vendor :STMicroelectronics FP-ATR-SIGFOX1 3.2.0
2025-11-15 23:09:50,190 [INFO] ThirdParty:1030 - CMSIS Pack Vendor :STMicroelectronics X-CUBE-NFC10 1.0.0
2025-11-15 23:09:50,190 [INFO] ThirdParty:1030 - CMSIS Pack Vendor :STMicroelectronics X-CUBE-FREERTOS 1.3.1
2025-11-15 23:09:50,190 [INFO] ThirdParty:1030 - CMSIS Pack Vendor :STMicroelectronics HAL Drivers 0.0.0
2025-11-15 23:09:50,190 [INFO] ThirdParty:1030 - CMSIS Pack Vendor :STMicroelectronics MBEDTLS 2.16.2
2025-11-15 23:09:50,190 [INFO] ThirdParty:1030 - CMSIS Pack Vendor :STMicroelectronics X-CUBE-ST60 1.1.0
2025-11-15 23:09:50,190 [INFO] ThirdParty:1030 - CMSIS Pack Vendor :STMicroelectronics X-CUBE-IPS 3.1.0
2025-11-15 23:09:50,190 [INFO] ThirdParty:1030 - CMSIS Pack Vendor :STMicroelectronics X-CUBE-ALS 1.0.2
2025-11-15 23:09:50,190 [INFO] ThirdParty:1030 - CMSIS Pack Vendor :emotas I-CUBE-CANOPEN 1.3.0
2025-11-15 23:09:50,190 [INFO] ThirdParty:1030 - CMSIS Pack Vendor :STMicroelectronics MBEDTLS 2.14.1
2025-11-15 23:09:50,190 [INFO] ThirdParty:1030 - CMSIS Pack Vendor :STMicroelectronics X-CUBE-GNSS1 7.1.0
2025-11-15 23:09:50,190 [INFO] ThirdParty:1030 - CMSIS Pack Vendor :ITTIA_DB I-CUBE-ITTIADB 8.9.0
2025-11-15 23:09:50,190 [INFO] ThirdParty:1030 - CMSIS Pack Vendor :STMicroelectronics X-CUBE-TOUCHGFX 4.26.0
2025-11-15 23:09:50,190 [INFO] ThirdParty:1030 - CMSIS Pack Vendor :STMicroelectronics X-CUBE-STSE01 1.0.0
2025-11-15 23:09:50,190 [INFO] ThirdParty:1030 - CMSIS Pack Vendor :STMicroelectronics X-CUBE-ST67W61 1.0.0
2025-11-15 23:09:50,190 [INFO] ThirdParty:1030 - CMSIS Pack Vendor :STMicroelectronics FP-SNS-STBOX1 2.1.0
2025-11-15 23:09:50,190 [INFO] ThirdParty:1030 - CMSIS Pack Vendor :STMicroelectronics X-CUBE-AI 10.2.0
2025-11-15 23:09:50,190 [INFO] ThirdParty:1030 - CMSIS Pack Vendor :STMicroelectronics FP-SNS-STAIOTCFT 1.0.0
2025-11-15 23:09:50,190 [INFO] ThirdParty:1030 - CMSIS Pack Vendor :STMicroelectronics ThreadX 1.0.0
2025-11-15 23:09:50,190 [INFO] ThirdParty:1030 - CMSIS Pack Vendor :STMicroelectronics FP-SNS-SMARTAG2 1.2.0
2025-11-15 23:09:50,190 [INFO] ThirdParty:1030 - CMSIS Pack Vendor :STMicroelectronics FP-SNS-FLIGHT1 5.1.0
2025-11-15 23:09:50,190 [INFO] ThirdParty:1030 - CMSIS Pack Vendor :STMicroelectronics X-CUBE-AZRTOS-WL 2.0.0
2025-11-15 23:09:50,190 [INFO] ThirdParty:1030 - CMSIS Pack Vendor :SEGGER I-CUBE-embOS 1.3.1
2025-11-15 23:09:50,190 [INFO] ThirdParty:1030 - CMSIS Pack Vendor :STMicroelectronics X-CUBE-ALGOBUILD 1.4.0
2025-11-15 23:09:50,190 [INFO] ThirdParty:1030 - CMSIS Pack Vendor :STMicroelectronics X-CUBE-DPower 1.3.0
2025-11-15 23:09:50,190 [INFO] ThirdParty:1030 - CMSIS Pack Vendor :STMicroelectronics X-CUBE-MEMS1 11.3.0
2025-11-15 23:09:50,190 [INFO] ThirdParty:1030 - CMSIS Pack Vendor :STMicroelectronics FP-SNS-MOTENV1 5.0.0
2025-11-15 23:09:50,190 [INFO] ThirdParty:1030 - CMSIS Pack Vendor :STMicroelectronics USB_DEVICE 1.0.0
2025-11-15 23:09:50,190 [INFO] ThirdParty:1030 - CMSIS Pack Vendor :STMicroelectronics X-CUBE-AZRTOS-L4 2.0.0
2025-11-15 23:09:50,190 [INFO] ThirdParty:1030 - CMSIS Pack Vendor :STMicroelectronics ThreadX 0.0.2
2025-11-15 23:09:50,190 [INFO] ThirdParty:1030 - CMSIS Pack Vendor :STMicroelectronics lwIP 2.1.2
2025-11-15 23:09:50,190 [INFO] ThirdParty:1030 - CMSIS Pack Vendor :STMicroelectronics X-CUBE-SFXS2LP1 4.0.0
2025-11-15 23:09:50,190 [INFO] ThirdParty:1030 - CMSIS Pack Vendor :STMicroelectronics X-CUBE-BLE2 3.3.0
2025-11-15 23:09:50,190 [INFO] ThirdParty:1030 - CMSIS Pack Vendor :Avnet-IOTCONNECT X-CUBE-iotc-st67-sdk 1.0.0
2025-11-15 23:09:50,190 [INFO] ThirdParty:1030 - CMSIS Pack Vendor :STMicroelectronics X-CUBE-TOF1 3.4.3
2025-11-15 23:09:50,190 [INFO] ThirdParty:1030 - CMSIS Pack Vendor :STMicroelectronics PDM2PCM 3.2.0
2025-11-15 23:09:50,190 [INFO] ThirdParty:841 - exiting critical section [change project]
2025-11-15 23:09:50,332 [INFO] PinOutPanel:1589 - setPackage(No Configuration,No Configuration)
2025-11-15 23:09:50,332 [INFO] PinOutPanel:1589 - setPackage(STM32L476RGTx,LQFP64)
2025-11-15 23:09:50,598 [INFO] UtilMem:75 - Before build in PCC Used Memory: 671614976 Bytes (752877568)
2025-11-15 23:09:50,745 [INFO] UtilMem:75 - After build in PCC Used Memory: 377374000 Bytes (752877568)
2025-11-15 23:09:50,763 [INFO] IPUIPlugin:80 - create IPUIPlugin
2025-11-15 23:09:50,763 [INFO] IPUIPlugin:80 - create IPUIPlugin
2025-11-15 23:09:50,763 [INFO] IPUIPlugin:80 - create IPUIPlugin
2025-11-15 23:09:50,763 [INFO] IPUIPlugin:80 - create IPUIPlugin
2025-11-15 23:09:50,763 [INFO] IPUIPlugin:80 - create IPUIPlugin
2025-11-15 23:09:50,763 [INFO] IPUIPlugin:80 - create IPUIPlugin
2025-11-15 23:09:50,763 [INFO] IPUIPlugin:80 - create IPUIPlugin
2025-11-15 23:09:50,763 [INFO] IPUIPlugin:80 - create IPUIPlugin
2025-11-15 23:09:50,763 [INFO] IPUIPlugin:80 - create IPUIPlugin
2025-11-15 23:09:50,763 [INFO] IPUIPlugin:80 - create IPUIPlugin
2025-11-15 23:09:50,763 [INFO] IPUIPlugin:80 - create IPUIPlugin
2025-11-15 23:09:50,763 [INFO] IPUIPlugin:80 - create IPUIPlugin
2025-11-15 23:09:50,764 [INFO] IPUIPlugin:80 - create IPUIPlugin
2025-11-15 23:09:50,764 [INFO] IPUIPlugin:80 - create IPUIPlugin
2025-11-15 23:09:50,764 [INFO] IPUIPlugin:80 - create IPUIPlugin
2025-11-15 23:09:50,764 [INFO] IPUIPlugin:80 - create IPUIPlugin
2025-11-15 23:09:50,764 [INFO] IPUIPlugin:80 - create IPUIPlugin
2025-11-15 23:09:50,764 [INFO] IPUIPlugin:80 - create IPUIPlugin
2025-11-15 23:09:50,764 [INFO] IPUIPlugin:80 - create IPUIPlugin
2025-11-15 23:09:50,764 [INFO] IPUIPlugin:80 - create IPUIPlugin
2025-11-15 23:09:50,764 [INFO] IPUIPlugin:80 - create IPUIPlugin
2025-11-15 23:09:50,765 [INFO] IPUIPlugin:80 - create IPUIPlugin
2025-11-15 23:09:50,765 [INFO] IPUIPlugin:80 - create IPUIPlugin
2025-11-15 23:09:50,765 [INFO] IPUIPlugin:80 - create IPUIPlugin
2025-11-15 23:09:50,765 [INFO] IPUIPlugin:80 - create IPUIPlugin
2025-11-15 23:09:50,765 [INFO] IPUIPlugin:80 - create IPUIPlugin
2025-11-15 23:09:50,765 [INFO] IPUIPlugin:80 - create IPUIPlugin
2025-11-15 23:09:50,765 [INFO] IPUIPlugin:80 - create IPUIPlugin
2025-11-15 23:09:50,765 [INFO] IPUIPlugin:80 - create IPUIPlugin
2025-11-15 23:09:50,765 [INFO] IPUIPlugin:80 - create IPUIPlugin
2025-11-15 23:09:50,766 [INFO] IPUIPlugin:80 - create IPUIPlugin
2025-11-15 23:09:50,766 [INFO] IPUIPlugin:80 - create IPUIPlugin
2025-11-15 23:09:50,766 [INFO] IPUIPlugin:80 - create IPUIPlugin
2025-11-15 23:09:50,766 [INFO] IPUIPlugin:80 - create IPUIPlugin
2025-11-15 23:09:50,766 [INFO] IPUIPlugin:80 - create IPUIPlugin
2025-11-15 23:09:50,766 [INFO] IPUIPlugin:80 - create IPUIPlugin
2025-11-15 23:09:50,766 [INFO] IPUIPlugin:80 - create IPUIPlugin
2025-11-15 23:09:50,767 [INFO] IPUIPlugin:80 - create IPUIPlugin
2025-11-15 23:09:50,767 [INFO] IPUIPlugin:80 - create IPUIPlugin
2025-11-15 23:09:50,767 [INFO] IPUIPlugin:80 - create IPUIPlugin
2025-11-15 23:09:50,767 [INFO] IPUIPlugin:80 - create IPUIPlugin
2025-11-15 23:09:50,767 [INFO] IPUIPlugin:80 - create IPUIPlugin
2025-11-15 23:09:50,767 [INFO] IPUIPlugin:80 - create IPUIPlugin
2025-11-15 23:09:50,767 [INFO] IPUIPlugin:80 - create IPUIPlugin
2025-11-15 23:09:50,768 [INFO] IPUIPlugin:80 - create IPUIPlugin
2025-11-15 23:09:50,768 [INFO] IPUIPlugin:80 - create IPUIPlugin
2025-11-15 23:09:50,768 [INFO] IPUIPlugin:80 - create IPUIPlugin
2025-11-15 23:09:50,768 [INFO] IPUIPlugin:80 - create IPUIPlugin
2025-11-15 23:09:50,768 [INFO] IPUIPlugin:80 - create IPUIPlugin
2025-11-15 23:09:50,768 [INFO] IPUIPlugin:80 - create IPUIPlugin
2025-11-15 23:09:50,769 [INFO] IPUIPlugin:80 - create IPUIPlugin
2025-11-15 23:09:50,769 [INFO] IPUIPlugin:80 - create IPUIPlugin
2025-11-15 23:09:50,769 [INFO] IPUIPlugin:80 - create IPUIPlugin
2025-11-15 23:09:50,769 [INFO] IPUIPlugin:80 - create IPUIPlugin
2025-11-15 23:09:50,769 [INFO] IPUIPlugin:80 - create IPUIPlugin
2025-11-15 23:09:50,770 [INFO] IPUIPlugin:80 - create IPUIPlugin
2025-11-15 23:09:50,770 [INFO] IPUIPlugin:80 - create IPUIPlugin
2025-11-15 23:09:50,770 [INFO] IPUIPlugin:80 - create IPUIPlugin
2025-11-15 23:09:50,770 [INFO] IPUIPlugin:80 - create IPUIPlugin
2025-11-15 23:09:50,813 [INFO] CADModel:165 - CPN selected for project levelSTM32L476RGT3
2025-11-15 23:09:50,813 [INFO] CADModel:114 - Register for checkConnection events
2025-11-15 23:09:50,886 [INFO] OpenFileManager:386 - Restore cursor
2025-11-15 23:21:38,794 [INFO] MainUpdater:2872 - connection check result : 10
2025-11-15 23:21:38,794 [INFO] MainUpdater:2872 - connection check result : 10
2025-11-15 23:21:39,507 [INFO] MicroXplorer:468 - Change Database Path : 
2025-11-15 23:21:39,508 [INFO] MicroXplorer:498 - Change Database Version : DB.6.0.150
2025-11-15 23:21:39,521 [ERROR] ProjectManagerView:395 - 
java.lang.NullPointerException: Cannot invoke "javax.swing.JTextField.getText()" because the return value of "java.util.List.get(int)" is null
	at com.st.microxplorer.plugins.projectmanager.gui.ProjectChoiceTab$9.caretUpdate(ProjectChoiceTab.java:2706) ~[filemanager.jar:?]
	at javax.swing.text.JTextComponent.fireCaretUpdate(JTextComponent.java:408) ~[?:?]
	at javax.swing.text.JTextComponent$MutableCaretEvent.fire(JTextComponent.java:4484) ~[?:?]
	at javax.swing.text.JTextComponent$MutableCaretEvent.stateChanged(JTextComponent.java:4506) ~[?:?]
	at javax.swing.text.DefaultCaret.fireStateChanged(DefaultCaret.java:857) ~[?:?]
	at javax.swing.text.DefaultCaret.changeCaretPosition(DefaultCaret.java:1343) ~[?:?]
	at javax.swing.text.DefaultCaret.handleSetDot(DefaultCaret.java:1242) ~[?:?]
	at javax.swing.text.DefaultCaret.setDot(DefaultCaret.java:1223) ~[?:?]
	at javax.swing.text.DefaultCaret$Handler.insertUpdate(DefaultCaret.java:1819) ~[?:?]
	at javax.swing.text.AbstractDocument.fireInsertUpdate(AbstractDocument.java:227) ~[?:?]
	at javax.swing.text.AbstractDocument.handleInsertString(AbstractDocument.java:781) ~[?:?]
	at javax.swing.text.AbstractDocument.insertString(AbstractDocument.java:740) ~[?:?]
	at javax.swing.text.PlainDocument.insertString(PlainDocument.java:131) ~[?:?]
	at javax.swing.text.AbstractDocument.replace(AbstractDocument.java:699) ~[?:?]
	at javax.swing.text.JTextComponent.setText(JTextComponent.java:1725) ~[?:?]
	at com.st.microxplorer.plugins.projectmanager.gui.ProjectChoiceTab.createHeapStackFields(ProjectChoiceTab.java:993) ~[filemanager.jar:?]
	at com.st.microxplorer.plugins.projectmanager.gui.ProjectChoiceTab.buildLinkSettingsPanel(ProjectChoiceTab.java:3813) ~[filemanager.jar:?]
	at com.st.microxplorer.plugins.projectmanager.gui.ProjectChoiceTab.defineWindowsFields(ProjectChoiceTab.java:1987) ~[filemanager.jar:?]
	at com.st.microxplorer.plugins.projectmanager.gui.ProjectChoiceTab.updateSettings(ProjectChoiceTab.java:558) ~[filemanager.jar:?]
	at com.st.microxplorer.plugins.projectmanager.gui.ProjectSettingsPanel.UpdateDialog(ProjectSettingsPanel.java:247) ~[filemanager.jar:?]
	at com.st.microxplorer.plugins.projectmanager.ProjectManagerView.propertyChange(ProjectManagerView.java:392) ~[filemanager.jar:?]
	at java.beans.PropertyChangeSupport.fire(PropertyChangeSupport.java:343) ~[?:?]
	at java.beans.PropertyChangeSupport.firePropertyChange(PropertyChangeSupport.java:335) ~[?:?]
	at java.beans.PropertyChangeSupport.firePropertyChange(PropertyChangeSupport.java:268) ~[?:?]
	at com.st.microxplorer.util.MXPropertyChangeSupport.firePropertyChange(MXPropertyChangeSupport.java:54) ~[STM32CubeMX.jar:?]
	at com.st.microxplorer.mxsystem.MxSystem.closeConfig(MxSystem.java:899) ~[STM32CubeMX.jar:?]
	at com.st.microxplorer.maingui.MainPanel.closeConfig(MainPanel.java:792) ~[STM32CubeMX.jar:?]
	at com.st.microxplorer.plugins.filemanager.engine.OpenFileManager.loadConfigurationFile(OpenFileManager.java:288) ~[filemanager.jar:?]
	at com.st.microxplorer.plugins.filemanager.engine.MainFileManager.userLoadConfig(MainFileManager.java:364) ~[filemanager.jar:?]
	at com.st.microxplorer.plugins.filemanager.engine.MainFileManager.userLoadConfig(MainFileManager.java:342) ~[filemanager.jar:?]
	at com.st.microxplorer.plugins.filemanager.FileManagerView.getSpecificTask(FileManagerView.java:264) ~[filemanager.jar:?]
	at com.st.stm32cube.common.mx.editor.CubeMxEditor.getMxTabbedPaneInstance(CubeMxEditor.java:1198) ~[com.st.stm32cube.common.mx_6.15.0.202507011659/:?]
	at com.st.stm32cube.common.mx.editor.CubeMxEditor$12$1.createSwingComponent(CubeMxEditor.java:1068) ~[com.st.stm32cube.common.mx_6.15.0.202507011659/:?]
	at com.st.stm32cube.common.mx.oss.core.awtswtbridge.EmbeddedSwingComposite.doComponentCreation(EmbeddedSwingComposite.java:492) ~[com.st.stm32cube.common.mx.oss_6.15.0.202507011659/:?]
	at com.st.stm32cube.common.mx.oss.core.awtswtbridge.EmbeddedSwingComposite$4.run(EmbeddedSwingComposite.java:291) ~[com.st.stm32cube.common.mx.oss_6.15.0.202507011659/:?]
	at com.st.stm32cube.common.mx.oss.core.awtswtbridge.AwtEnvironment$2.run(AwtEnvironment.java:166) ~[com.st.stm32cube.common.mx.oss_6.15.0.202507011659/:?]
	at java.awt.event.InvocationEvent.dispatch(InvocationEvent.java:318) ~[?:?]
	at java.awt.EventQueue.dispatchEventImpl(EventQueue.java:773) ~[?:?]
	at java.awt.EventQueue$4.run(EventQueue.java:720) ~[?:?]
	at java.awt.EventQueue$4.run(EventQueue.java:714) ~[?:?]
	at java.security.AccessController.doPrivileged(AccessController.java:400) ~[?:?]
	at java.security.ProtectionDomain$JavaSecurityAccessImpl.doIntersectionPrivilege(ProtectionDomain.java:87) ~[?:?]
	at java.awt.EventQueue.dispatchEvent(EventQueue.java:742) ~[?:?]
	at java.awt.EventDispatchThread.pumpOneEventForFilters(EventDispatchThread.java:203) ~[?:?]
	at java.awt.EventDispatchThread.pumpEventsForFilter(EventDispatchThread.java:124) ~[?:?]
	at java.awt.EventDispatchThread.pumpEventsForHierarchy(EventDispatchThread.java:113) ~[?:?]
	at java.awt.EventDispatchThread.pumpEvents(EventDispatchThread.java:109) ~[?:?]
	at java.awt.EventDispatchThread.pumpEvents(EventDispatchThread.java:101) ~[?:?]
	at java.awt.EventDispatchThread.run(EventDispatchThread.java:90) ~[?:?]
2025-11-15 23:21:39,523 [WARN] ThirdParty:871 - waiting for thirdparty lock release [close project]
2025-11-15 23:21:39,523 [INFO] ThirdParty:873 - entering critical section [close project]
2025-11-15 23:21:39,523 [INFO] ThirdParty:883 - exiting critical section [close project]
2025-11-15 23:21:39,525 [INFO] PinOutPanel:1589 - setPackage(No Configuration,No Configuration)
2025-11-15 23:21:39,529 [INFO] UtilMem:75 - Begin LoadConfig() Used Memory: 303483288 Bytes (752877568)
2025-11-15 23:21:39,529 [INFO] MicroXplorer:468 - Change Database Path : 
2025-11-15 23:21:39,529 [INFO] MicroXplorer:498 - Change Database Version : DB.6.0.150
2025-11-15 23:21:39,529 [INFO] OpenFileManager:355 - Change cursor
2025-11-15 23:21:39,535 [INFO] Mcu:2029 - Initializing MCU STM32L476R(C-E-G)Tx STM32L476RGTx STM32L476RGT3
2025-11-15 23:21:40,686 [INFO] Context:786 - Trying to add GPIOservice into a context  which must be forbidden
2025-11-15 23:21:40,887 [INFO] ImportTextPane:234 - (OptionalMessage_ERROR) Pin3 (VP_RIF_VS_RIF1) cannot be retrieved for this MCU
2025-11-15 23:21:40,914 [INFO] RtosManager:558 - Registered RTOS mode: class=CMSIS, group=RTOS, mode=CMSIS_V1, owner=FREERTOS
2025-11-15 23:21:40,914 [INFO] RtosManager:558 - Registered RTOS mode: class=CMSIS, group=RTOS2, mode=CMSIS_V2, owner=FREERTOS
2025-11-15 23:21:40,914 [INFO] RtosManager:558 - Registered RTOS mode: class=RTOS, group=Core, mode=CMSIS_V1, owner=FREERTOS
2025-11-15 23:21:40,914 [INFO] RtosManager:558 - Registered RTOS mode: class=RTOS, group=Core, mode=CMSIS_V2, owner=FREERTOS
2025-11-15 23:21:40,914 [WARN] ModelIntegratedComponent:184 - Missing modes for component STMicroelectronics:FreeRTOS:0.0.1:STMicroelectronics:RTOS:FreeRTOS:Core:::10.2.0:
2025-11-15 23:21:40,918 [WARN] ModelIntegratedComponent:63 - No mode defined for component null
2025-11-15 23:21:40,918 [WARN] ModelIntegratedComponent:63 - No mode defined for component null
2025-11-15 23:21:40,918 [WARN] ModelIntegratedComponent:63 - No mode defined for component null
2025-11-15 23:21:40,918 [WARN] ModelIntegratedComponent:63 - No mode defined for component null
2025-11-15 23:21:40,918 [WARN] ModelIntegratedComponent:63 - No mode defined for component null
2025-11-15 23:21:40,918 [WARN] ModelIntegratedComponent:63 - No mode defined for component null
2025-11-15 23:21:40,918 [WARN] ModelIntegratedComponent:63 - No mode defined for component null
2025-11-15 23:21:40,918 [WARN] ModelIntegratedComponent:63 - No mode defined for component null
2025-11-15 23:21:40,918 [WARN] ModelIntegratedComponent:63 - No mode defined for component null
2025-11-15 23:21:40,918 [WARN] ModelIntegratedComponent:63 - No mode defined for component null
2025-11-15 23:21:40,918 [WARN] ModelIntegratedComponent:63 - No mode defined for component null
2025-11-15 23:21:40,918 [WARN] ModelIntegratedComponent:63 - No mode defined for component null
2025-11-15 23:21:40,918 [WARN] ModelIntegratedComponent:63 - No mode defined for component null
2025-11-15 23:21:40,918 [WARN] ModelIntegratedComponent:63 - No mode defined for component null
2025-11-15 23:21:40,918 [WARN] ModelIntegratedComponent:63 - No mode defined for component null
2025-11-15 23:21:40,918 [WARN] ModelIntegratedComponent:63 - No mode defined for component null
2025-11-15 23:21:40,919 [WARN] ModelIntegratedComponent:63 - No mode defined for component null
2025-11-15 23:21:40,919 [WARN] ModelIntegratedComponent:63 - No mode defined for component null
2025-11-15 23:21:40,919 [WARN] ModelIntegratedComponent:63 - No mode defined for component null
2025-11-15 23:21:40,919 [WARN] ModelIntegratedComponent:63 - No mode defined for component null
2025-11-15 23:21:40,919 [WARN] ModelIntegratedComponent:63 - No mode defined for component null
2025-11-15 23:21:40,919 [WARN] ModelIntegratedComponent:63 - No mode defined for component null
2025-11-15 23:21:40,919 [WARN] ModelIntegratedComponent:63 - No mode defined for component null
2025-11-15 23:21:40,919 [WARN] ModelIntegratedComponent:63 - No mode defined for component null
2025-11-15 23:21:40,919 [WARN] ModelIntegratedComponent:63 - No mode defined for component null
2025-11-15 23:21:40,919 [WARN] ModelIntegratedComponent:63 - No mode defined for component null
2025-11-15 23:21:40,919 [WARN] ModelIntegratedComponent:63 - No mode defined for component null
2025-11-15 23:21:40,919 [WARN] ModelIntegratedComponent:63 - No mode defined for component null
2025-11-15 23:21:40,919 [WARN] ModelIntegratedComponent:63 - No mode defined for component null
2025-11-15 23:21:40,919 [WARN] ModelIntegratedComponent:63 - No mode defined for component null
2025-11-15 23:21:40,919 [WARN] ModelIntegratedComponent:63 - No mode defined for component null
2025-11-15 23:21:40,919 [WARN] ModelIntegratedComponent:63 - No mode defined for component null
2025-11-15 23:21:40,919 [WARN] ModelIntegratedComponent:63 - No mode defined for component null
2025-11-15 23:21:40,919 [WARN] ModelIntegratedComponent:63 - No mode defined for component null
2025-11-15 23:21:40,919 [WARN] ModelIntegratedComponent:63 - No mode defined for component null
2025-11-15 23:21:40,919 [WARN] ModelPack:524 - Component already loaded: STMicroelectronics:HAL Drivers:0.0.0:STMicroelectronics:Device:STMicro_Driver:XSPI:HAL::0.0.1:HAL_XSPI
2025-11-15 23:21:40,968 [INFO] ThirdPartyModel:298 - Start build external matchings
2025-11-15 23:21:41,333 [INFO] ThirdPartyModel:316 - End build external matchings
2025-11-15 23:21:41,635 [INFO] UtilMem:75 - End LoadConfig() Used Memory: 557055720 Bytes (752877568)
2025-11-15 23:21:41,664 [WARN] ThirdParty:833 - waiting for thirdparty lock release [change project]
2025-11-15 23:21:41,664 [INFO] ThirdParty:835 - entering critical section [change project]
2025-11-15 23:21:41,664 [INFO] ThirdParty:1030 - CMSIS Pack Vendor :STMicroelectronics X-CUBE-PM33A1 1.0.0
2025-11-15 23:21:41,664 [INFO] ThirdParty:1030 - CMSIS Pack Vendor :STMicroelectronics USBPD 4.1
2025-11-15 23:21:41,664 [INFO] ThirdParty:1030 - CMSIS Pack Vendor :STMicroelectronics X-CUBE-NFC9 1.0.0
2025-11-15 23:21:41,664 [INFO] ThirdParty:1030 - CMSIS Pack Vendor :STMicroelectronics USB_HOST 2.0.0
2025-11-15 23:21:41,664 [INFO] ThirdParty:1030 - CMSIS Pack Vendor :STMicroelectronics FP-SNS-MOTENVWB1 1.4.0
2025-11-15 23:21:41,665 [INFO] ThirdParty:1030 - CMSIS Pack Vendor :STMicroelectronics X-CUBE-AZRTOS-F4 1.1.0
2025-11-15 23:21:41,665 [INFO] ThirdParty:1030 - CMSIS Pack Vendor :STMicroelectronics LIBJPEG 8.0.0
2025-11-15 23:21:41,665 [INFO] ThirdParty:1030 - CMSIS Pack Vendor :STMicroelectronics FP-ATR-ASTRA1 2.0.2
2025-11-15 23:21:41,665 [INFO] ThirdParty:1030 - CMSIS Pack Vendor :wolfSSL I-CUBE-wolfSSL 5.8.2
2025-11-15 23:21:41,665 [INFO] ThirdParty:1030 - CMSIS Pack Vendor :STMicroelectronics X-CUBE-BLE1 7.1.0
2025-11-15 23:21:41,665 [INFO] ThirdParty:1030 - CMSIS Pack Vendor :Avnet-IotConnect X-CUBE-IoTC-DA16k-PMOD 1.0.0
2025-11-15 23:21:41,665 [INFO] ThirdParty:1030 - CMSIS Pack Vendor :STMicroelectronics X-CUBE-SMBUS 2.1.0
2025-11-15 23:21:41,665 [INFO] ThirdParty:1030 - CMSIS Pack Vendor :wolfSSL I-CUBE-wolfMQTT 1.19.2
2025-11-15 23:21:41,665 [INFO] ThirdParty:1030 - CMSIS Pack Vendor :STMicroelectronics USB_DEVICE 3.0.0
2025-11-15 23:21:41,665 [INFO] ThirdParty:1030 - CMSIS Pack Vendor :STMicroelectronics X-CUBE-ISPU 2.1.0
2025-11-15 23:21:41,665 [INFO] ThirdParty:1030 - CMSIS Pack Vendor :STMicroelectronics X-CUBE-EEPRMA1 5.2.0
2025-11-15 23:21:41,665 [INFO] ThirdParty:1030 - CMSIS Pack Vendor :STMicroelectronics X-CUBE-IPS 3.2.0
2025-11-15 23:21:41,665 [INFO] ThirdParty:1030 - CMSIS Pack Vendor :STMicroelectronics X-CUBE-BLEMGR 4.1.0
2025-11-15 23:21:41,665 [INFO] ThirdParty:1030 - CMSIS Pack Vendor :STMicroelectronics X-CUBE-AZRTOS-WB 2.0.0
2025-11-15 23:21:41,665 [INFO] ThirdParty:1030 - CMSIS Pack Vendor :STMicroelectronics X-CUBE-ST60 1.0.0
2025-11-15 23:21:41,665 [INFO] ThirdParty:1030 - CMSIS Pack Vendor :STMicroelectronics X-CUBE-GNSS1 7.0.1
2025-11-15 23:21:41,665 [INFO] ThirdParty:1030 - CMSIS Pack Vendor :STMicroelectronics X-CUBE-NFC12 1.0.0
2025-11-15 23:21:41,665 [INFO] ThirdParty:1030 - CMSIS Pack Vendor :STMicroelectronics X-CUBE-AZRTOS-F7 1.1.0
2025-11-15 23:21:41,665 [INFO] ThirdParty:1030 - CMSIS Pack Vendor :STMicroelectronics X-CUBE-AZRTOS-L5 2.0.0
2025-11-15 23:21:41,665 [INFO] ThirdParty:1030 - CMSIS Pack Vendor :STMicroelectronics X-CUBE-TOUCHGFX 4.25.0
2025-11-15 23:21:41,665 [INFO] ThirdParty:1030 - CMSIS Pack Vendor :STMicroelectronics USB_DEVICE 2.0.0
2025-11-15 23:21:41,665 [INFO] ThirdParty:1030 - CMSIS Pack Vendor :STMicroelectronics X-CUBE-NFC6 3.1.0
2025-11-15 23:21:41,665 [INFO] ThirdParty:1030 - CMSIS Pack Vendor :STMicroelectronics X-CUBE-ST67W61 1.1.0
2025-11-15 23:21:41,665 [INFO] ThirdParty:1030 - CMSIS Pack Vendor :quantropi X-CUBE-qispace-sdk-base 2.1.0
2025-11-15 23:21:41,665 [INFO] ThirdParty:1030 - CMSIS Pack Vendor :STMicroelectronics FP-SNS-MOTENV1 5.1.0
2025-11-15 23:21:41,665 [INFO] ThirdParty:1030 - CMSIS Pack Vendor :STMicroelectronics FreeRTOS 0.0.1
2025-11-15 23:21:41,665 [INFO] ThirdParty:1030 - CMSIS Pack Vendor :STMicroelectronics X-CUBE-AZRTOS-G0 1.1.0
2025-11-15 23:21:41,665 [INFO] ThirdParty:1030 - CMSIS Pack Vendor :STMicroelectronics X-CUBE-SAFEA1 1.2.2
2025-11-15 23:21:41,665 [INFO] ThirdParty:1030 - CMSIS Pack Vendor :STMicroelectronics X-CUBE-NFC4 3.0.0
2025-11-15 23:21:41,665 [INFO] ThirdParty:1030 - CMSIS Pack Vendor :STMicroelectronics X-CUBE-SUBG2 5.0.0
2025-11-15 23:21:41,665 [INFO] ThirdParty:1030 - CMSIS Pack Vendor :STMicroelectronics X-CUBE-AZRTOS-H7RS 1.1.0
2025-11-15 23:21:41,665 [INFO] ThirdParty:1030 - CMSIS Pack Vendor :STMicroelectronics STM32_WPAN 1.0.0
2025-11-15 23:21:41,665 [INFO] ThirdParty:1030 - CMSIS Pack Vendor :EmbeddedOffice I-CUBE-FS-RTOS 1.0.1
2025-11-15 23:21:41,665 [INFO] ThirdParty:1030 - CMSIS Pack Vendor :STMicroelectronics lwIP 2.0.3
2025-11-15 23:21:41,665 [INFO] ThirdParty:1030 - CMSIS Pack Vendor :WES I-CUBE-Cesium 1.4.0
2025-11-15 23:21:41,665 [INFO] ThirdParty:1030 - CMSIS Pack Vendor :Cesanta I-CUBE-Mongoose 7.13.0
2025-11-15 23:21:41,665 [INFO] ThirdParty:1030 - CMSIS Pack Vendor :STMicroelectronics USB_HOST 1.0.0
2025-11-15 23:21:41,666 [INFO] ThirdParty:1030 - CMSIS Pack Vendor :Infineon AIROC-Wi-Fi-Bluetooth-STM32 1.7.1
2025-11-15 23:21:41,666 [INFO] ThirdParty:1030 - CMSIS Pack Vendor :STMicroelectronics X-CUBE-AZRTOS-G4 2.0.0
2025-11-15 23:21:41,666 [INFO] ThirdParty:1030 - CMSIS Pack Vendor :STMicroelectronics X-CUBE-WB05N 2.0.0
2025-11-15 23:21:41,666 [INFO] ThirdParty:1030 - CMSIS Pack Vendor :STMicroelectronics PDM2PCM 3.1.0
2025-11-15 23:21:41,666 [INFO] ThirdParty:1030 - CMSIS Pack Vendor :STMicroelectronics PDM2PCM 3.3.0
2025-11-15 23:21:41,666 [INFO] ThirdParty:1030 - CMSIS Pack Vendor :wolfSSL I-CUBE-wolfTPM 3.8.0
2025-11-15 23:21:41,666 [INFO] ThirdParty:1030 - CMSIS Pack Vendor :STMicroelectronics X-CUBE-AZRTOS-H7 3.4.0
2025-11-15 23:21:41,666 [INFO] ThirdParty:1030 - CMSIS Pack Vendor :STMicroelectronics X-CUBE-DISPLAY 3.0.0
2025-11-15 23:21:41,666 [INFO] ThirdParty:1030 - CMSIS Pack Vendor :wolfSSL I-CUBE-wolfSSH 1.4.20
2025-11-15 23:21:41,666 [INFO] ThirdParty:1030 - CMSIS Pack Vendor :STMicroelectronics X-CUBE-NFC7 2.0.0
2025-11-15 23:21:41,666 [INFO] ThirdParty:1030 - CMSIS Pack Vendor :STMicroelectronics X-CUBE-TCPP 4.2.0
2025-11-15 23:21:41,666 [INFO] ThirdParty:1030 - CMSIS Pack Vendor :RealThread X-CUBE-RT-Thread_Nano 4.1.1
2025-11-15 23:21:41,666 [INFO] ThirdParty:1030 - CMSIS Pack Vendor :STMicroelectronics FP-ATR-SIGFOX1 3.2.0
2025-11-15 23:21:41,666 [INFO] ThirdParty:1030 - CMSIS Pack Vendor :STMicroelectronics X-CUBE-NFC10 1.0.0
2025-11-15 23:21:41,666 [INFO] ThirdParty:1030 - CMSIS Pack Vendor :STMicroelectronics X-CUBE-FREERTOS 1.3.1
2025-11-15 23:21:41,666 [INFO] ThirdParty:1030 - CMSIS Pack Vendor :STMicroelectronics HAL Drivers 0.0.0
2025-11-15 23:21:41,666 [INFO] ThirdParty:1030 - CMSIS Pack Vendor :STMicroelectronics MBEDTLS 2.16.2
2025-11-15 23:21:41,666 [INFO] ThirdParty:1030 - CMSIS Pack Vendor :STMicroelectronics X-CUBE-ST60 1.1.0
2025-11-15 23:21:41,666 [INFO] ThirdParty:1030 - CMSIS Pack Vendor :STMicroelectronics X-CUBE-IPS 3.1.0
2025-11-15 23:21:41,666 [INFO] ThirdParty:1030 - CMSIS Pack Vendor :STMicroelectronics X-CUBE-ALS 1.0.2
2025-11-15 23:21:41,666 [INFO] ThirdParty:1030 - CMSIS Pack Vendor :emotas I-CUBE-CANOPEN 1.3.0
2025-11-15 23:21:41,666 [INFO] ThirdParty:1030 - CMSIS Pack Vendor :STMicroelectronics MBEDTLS 2.14.1
2025-11-15 23:21:41,666 [INFO] ThirdParty:1030 - CMSIS Pack Vendor :STMicroelectronics X-CUBE-GNSS1 7.1.0
2025-11-15 23:21:41,666 [INFO] ThirdParty:1030 - CMSIS Pack Vendor :ITTIA_DB I-CUBE-ITTIADB 8.9.0
2025-11-15 23:21:41,666 [INFO] ThirdParty:1030 - CMSIS Pack Vendor :STMicroelectronics X-CUBE-TOUCHGFX 4.26.0
2025-11-15 23:21:41,666 [INFO] ThirdParty:1030 - CMSIS Pack Vendor :STMicroelectronics X-CUBE-STSE01 1.0.0
2025-11-15 23:21:41,666 [INFO] ThirdParty:1030 - CMSIS Pack Vendor :STMicroelectronics X-CUBE-ST67W61 1.0.0
2025-11-15 23:21:41,666 [INFO] ThirdParty:1030 - CMSIS Pack Vendor :STMicroelectronics FP-SNS-STBOX1 2.1.0
2025-11-15 23:21:41,666 [INFO] ThirdParty:1030 - CMSIS Pack Vendor :STMicroelectronics X-CUBE-AI 10.2.0
2025-11-15 23:21:41,666 [INFO] ThirdParty:1030 - CMSIS Pack Vendor :STMicroelectronics FP-SNS-STAIOTCFT 1.0.0
2025-11-15 23:21:41,666 [INFO] ThirdParty:1030 - CMSIS Pack Vendor :STMicroelectronics ThreadX 1.0.0
2025-11-15 23:21:41,667 [INFO] ThirdParty:1030 - CMSIS Pack Vendor :STMicroelectronics FP-SNS-SMARTAG2 1.2.0
2025-11-15 23:21:41,667 [INFO] ThirdParty:1030 - CMSIS Pack Vendor :STMicroelectronics FP-SNS-FLIGHT1 5.1.0
2025-11-15 23:21:41,667 [INFO] ThirdParty:1030 - CMSIS Pack Vendor :STMicroelectronics X-CUBE-AZRTOS-WL 2.0.0
2025-11-15 23:21:41,667 [INFO] ThirdParty:1030 - CMSIS Pack Vendor :SEGGER I-CUBE-embOS 1.3.1
2025-11-15 23:21:41,667 [INFO] ThirdParty:1030 - CMSIS Pack Vendor :STMicroelectronics X-CUBE-ALGOBUILD 1.4.0
2025-11-15 23:21:41,667 [INFO] ThirdParty:1030 - CMSIS Pack Vendor :STMicroelectronics X-CUBE-DPower 1.3.0
2025-11-15 23:21:41,667 [INFO] ThirdParty:1030 - CMSIS Pack Vendor :STMicroelectronics X-CUBE-MEMS1 11.3.0
2025-11-15 23:21:41,667 [INFO] ThirdParty:1030 - CMSIS Pack Vendor :STMicroelectronics FP-SNS-MOTENV1 5.0.0
2025-11-15 23:21:41,667 [INFO] ThirdParty:1030 - CMSIS Pack Vendor :STMicroelectronics USB_DEVICE 1.0.0
2025-11-15 23:21:41,667 [INFO] ThirdParty:1030 - CMSIS Pack Vendor :STMicroelectronics X-CUBE-AZRTOS-L4 2.0.0
2025-11-15 23:21:41,667 [INFO] ThirdParty:1030 - CMSIS Pack Vendor :STMicroelectronics ThreadX 0.0.2
2025-11-15 23:21:41,667 [INFO] ThirdParty:1030 - CMSIS Pack Vendor :STMicroelectronics lwIP 2.1.2
2025-11-15 23:21:41,667 [INFO] ThirdParty:1030 - CMSIS Pack Vendor :STMicroelectronics X-CUBE-SFXS2LP1 4.0.0
2025-11-15 23:21:41,667 [INFO] ThirdParty:1030 - CMSIS Pack Vendor :STMicroelectronics X-CUBE-BLE2 3.3.0
2025-11-15 23:21:41,667 [INFO] ThirdParty:1030 - CMSIS Pack Vendor :Avnet-IOTCONNECT X-CUBE-iotc-st67-sdk 1.0.0
2025-11-15 23:21:41,667 [INFO] ThirdParty:1030 - CMSIS Pack Vendor :STMicroelectronics X-CUBE-TOF1 3.4.3
2025-11-15 23:21:41,667 [INFO] ThirdParty:1030 - CMSIS Pack Vendor :STMicroelectronics PDM2PCM 3.2.0
2025-11-15 23:21:41,667 [INFO] ThirdParty:841 - exiting critical section [change project]
2025-11-15 23:21:41,859 [INFO] PinOutPanel:1589 - setPackage(No Configuration,No Configuration)
2025-11-15 23:21:41,860 [INFO] PinOutPanel:1589 - setPackage(STM32L476RGTx,LQFP64)
2025-11-15 23:21:42,276 [INFO] UtilMem:75 - Before build in PCC Used Memory: 552660744 Bytes (752877568)
2025-11-15 23:21:42,538 [INFO] UtilMem:75 - After build in PCC Used Memory: 633401096 Bytes (752877568)
2025-11-15 23:21:42,557 [INFO] IPUIPlugin:80 - create IPUIPlugin
2025-11-15 23:21:42,558 [INFO] IPUIPlugin:80 - create IPUIPlugin
2025-11-15 23:21:42,558 [INFO] IPUIPlugin:80 - create IPUIPlugin
2025-11-15 23:21:42,558 [INFO] IPUIPlugin:80 - create IPUIPlugin
2025-11-15 23:21:42,558 [INFO] IPUIPlugin:80 - create IPUIPlugin
2025-11-15 23:21:42,558 [INFO] IPUIPlugin:80 - create IPUIPlugin
2025-11-15 23:21:42,558 [INFO] IPUIPlugin:80 - create IPUIPlugin
2025-11-15 23:21:42,558 [INFO] IPUIPlugin:80 - create IPUIPlugin
2025-11-15 23:21:42,558 [INFO] IPUIPlugin:80 - create IPUIPlugin
2025-11-15 23:21:42,558 [INFO] IPUIPlugin:80 - create IPUIPlugin
2025-11-15 23:21:42,558 [INFO] IPUIPlugin:80 - create IPUIPlugin
2025-11-15 23:21:42,558 [INFO] IPUIPlugin:80 - create IPUIPlugin
2025-11-15 23:21:42,558 [INFO] IPUIPlugin:80 - create IPUIPlugin
2025-11-15 23:21:42,558 [INFO] IPUIPlugin:80 - create IPUIPlugin
2025-11-15 23:21:42,558 [INFO] IPUIPlugin:80 - create IPUIPlugin
2025-11-15 23:21:42,558 [INFO] IPUIPlugin:80 - create IPUIPlugin
2025-11-15 23:21:42,559 [INFO] IPUIPlugin:80 - create IPUIPlugin
2025-11-15 23:21:42,559 [INFO] IPUIPlugin:80 - create IPUIPlugin
2025-11-15 23:21:42,559 [INFO] IPUIPlugin:80 - create IPUIPlugin
2025-11-15 23:21:42,559 [INFO] IPUIPlugin:80 - create IPUIPlugin
2025-11-15 23:21:42,559 [INFO] IPUIPlugin:80 - create IPUIPlugin
2025-11-15 23:21:42,559 [INFO] IPUIPlugin:80 - create IPUIPlugin
2025-11-15 23:21:42,559 [INFO] IPUIPlugin:80 - create IPUIPlugin
2025-11-15 23:21:42,559 [INFO] IPUIPlugin:80 - create IPUIPlugin
2025-11-15 23:21:42,560 [INFO] IPUIPlugin:80 - create IPUIPlugin
2025-11-15 23:21:42,560 [INFO] IPUIPlugin:80 - create IPUIPlugin
2025-11-15 23:21:42,560 [INFO] IPUIPlugin:80 - create IPUIPlugin
2025-11-15 23:21:42,560 [INFO] IPUIPlugin:80 - create IPUIPlugin
2025-11-15 23:21:42,560 [INFO] IPUIPlugin:80 - create IPUIPlugin
2025-11-15 23:21:42,560 [INFO] IPUIPlugin:80 - create IPUIPlugin
2025-11-15 23:21:42,560 [INFO] IPUIPlugin:80 - create IPUIPlugin
2025-11-15 23:21:42,560 [INFO] IPUIPlugin:80 - create IPUIPlugin
2025-11-15 23:21:42,561 [INFO] IPUIPlugin:80 - create IPUIPlugin
2025-11-15 23:21:42,561 [INFO] IPUIPlugin:80 - create IPUIPlugin
2025-11-15 23:21:42,561 [INFO] IPUIPlugin:80 - create IPUIPlugin
2025-11-15 23:21:42,561 [INFO] IPUIPlugin:80 - create IPUIPlugin
2025-11-15 23:21:42,561 [INFO] IPUIPlugin:80 - create IPUIPlugin
2025-11-15 23:21:42,561 [INFO] IPUIPlugin:80 - create IPUIPlugin
2025-11-15 23:21:42,562 [INFO] IPUIPlugin:80 - create IPUIPlugin
2025-11-15 23:21:42,562 [INFO] IPUIPlugin:80 - create IPUIPlugin
2025-11-15 23:21:42,562 [INFO] IPUIPlugin:80 - create IPUIPlugin
2025-11-15 23:21:42,562 [INFO] IPUIPlugin:80 - create IPUIPlugin
2025-11-15 23:21:42,562 [INFO] IPUIPlugin:80 - create IPUIPlugin
2025-11-15 23:21:42,562 [INFO] IPUIPlugin:80 - create IPUIPlugin
2025-11-15 23:21:42,562 [INFO] IPUIPlugin:80 - create IPUIPlugin
2025-11-15 23:21:42,563 [INFO] IPUIPlugin:80 - create IPUIPlugin
2025-11-15 23:21:42,563 [INFO] IPUIPlugin:80 - create IPUIPlugin
2025-11-15 23:21:42,563 [INFO] IPUIPlugin:80 - create IPUIPlugin
2025-11-15 23:21:42,563 [INFO] IPUIPlugin:80 - create IPUIPlugin
2025-11-15 23:21:42,563 [INFO] IPUIPlugin:80 - create IPUIPlugin
2025-11-15 23:21:42,564 [INFO] IPUIPlugin:80 - create IPUIPlugin
2025-11-15 23:21:42,564 [INFO] IPUIPlugin:80 - create IPUIPlugin
2025-11-15 23:21:42,564 [INFO] IPUIPlugin:80 - create IPUIPlugin
2025-11-15 23:21:42,564 [INFO] IPUIPlugin:80 - create IPUIPlugin
2025-11-15 23:21:42,564 [INFO] IPUIPlugin:80 - create IPUIPlugin
2025-11-15 23:21:42,565 [INFO] IPUIPlugin:80 - create IPUIPlugin
2025-11-15 23:21:42,565 [INFO] IPUIPlugin:80 - create IPUIPlugin
2025-11-15 23:21:42,565 [INFO] IPUIPlugin:80 - create IPUIPlugin
2025-11-15 23:21:42,565 [INFO] IPUIPlugin:80 - create IPUIPlugin
2025-11-15 23:21:42,619 [INFO] CADModel:165 - CPN selected for project levelSTM32L476RGT3
2025-11-15 23:21:42,619 [INFO] CADModel:114 - Register for checkConnection events
2025-11-15 23:21:42,699 [INFO] OpenFileManager:386 - Restore cursor
