2025-11-23 08:32:18,206 [INFO] Activator:176 - 


2025-11-23 08:32:18,210 [INFO] Activator:177 - !SESSION log4j initialized
2025-11-23 08:32:25,393 [INFO] LogOutputStream:77 - [STDOUT_REDIRECT] 
2025-11-23 08:32:40,263 [INFO] ApplicationProperties:184 - Using Application install path: C:\ST\STM32CubeIDE_1.19.0\STM32CubeIDE\plugins\com.st.stm32cube.common.mx_6.15.0.202507011659
2025-11-23 08:32:40,278 [INFO] DbMcusXml:78 - Set database path to: C:\ST\STM32CubeIDE_1.19.0\STM32CubeIDE\plugins\com.st.stm32cube.common.mx_6.15.0.202507011659\\db\/mcu/
2025-11-23 08:32:40,278 [INFO] ApiDb:274 - Set plugin database path to: C:\ST\STM32CubeIDE_1.19.0\STM32CubeIDE\plugins\com.st.stm32cube.common.mx_6.15.0.202507011659\\db\/plugins/boardmanager/
2025-11-23 08:32:40,278 [WARN] ApiDb:259 - Overriding images path with different value:  => C:\ST\STM32CubeIDE_1.19.0\STM32CubeIDE\plugins\com.st.stm32cube.common.mx_6.15.0.202507011659\\db\/plugins/mcufinder/images/
2025-11-23 08:32:40,287 [INFO] ApiDb:250 - Set database path to: C:\Users\user\.stmcufinder\plugins\mcufinder//mcu/
2025-11-23 08:32:40,288 [INFO] DbMcusAds:125 - Set database path to: C:\Users\user\.stmcufinder\plugins\mcufinder//mcu/
2025-11-23 08:32:40,294 [INFO] CrossReferenceDbSqlite:203 - Set database path to: C:\Users\user\.stmcufinder\plugins\mcufinder//mcu/cs/
2025-11-23 08:32:40,395 [INFO] RulesReader:64 - Compatibility file has been processed (317 Rules)
2025-11-23 08:32:40,485 [INFO] DbMcusXml:78 - Set database path to: C:\ST\STM32CubeIDE_1.19.0\STM32CubeIDE\plugins\com.st.stm32cube.common.mx_6.15.0.202507011659\\db\/mcu/
2025-11-23 08:32:40,485 [INFO] ApiDb:274 - Set plugin database path to: C:\ST\STM32CubeIDE_1.19.0\STM32CubeIDE\plugins\com.st.stm32cube.common.mx_6.15.0.202507011659\\db\/plugins/boardmanager/
2025-11-23 08:32:40,485 [INFO] ApiDb:261 - Set plugin images path to: C:\ST\STM32CubeIDE_1.19.0\STM32CubeIDE\plugins\com.st.stm32cube.common.mx_6.15.0.202507011659\\db\/plugins/mcufinder/images/
2025-11-23 08:32:40,486 [WARN] DbFile:41 - Overriding database path with different value: C:\Users\user\.stmcufinder\plugins\mcufinder/ => C:\Users\user\.stmcufinder\plugins\mcufinder
2025-11-23 08:32:40,486 [INFO] ApiDb:250 - Set database path to: C:\Users\user\.stmcufinder\plugins\mcufinder//mcu/
2025-11-23 08:32:40,486 [WARN] DbFile:41 - Overriding database path with different value: C:\Users\user\.stmcufinder\plugins\mcufinder/ => C:\Users\user\.stmcufinder\plugins\mcufinder
2025-11-23 08:32:40,486 [INFO] DbMcusAds:125 - Set database path to: C:\Users\user\.stmcufinder\plugins\mcufinder//mcu/
2025-11-23 08:32:40,486 [WARN] DbFile:41 - Overriding database path with different value: C:\Users\user\.stmcufinder\plugins\mcufinder/ => C:\Users\user\.stmcufinder\plugins\mcufinder
2025-11-23 08:32:40,486 [WARN] DbFile:41 - Overriding database path with different value: C:\Users\user\.stmcufinder\plugins\mcufinder/ => C:\Users\user\.stmcufinder\plugins\mcufinder
2025-11-23 08:32:40,486 [INFO] CrossReferenceDbSqlite:203 - Set database path to: C:\Users\user\.stmcufinder\plugins\mcufinder//mcu/cs/
2025-11-23 08:32:40,559 [INFO] MainPanel:274 - HeapMemory: 268435456
2025-11-23 08:32:40,668 [INFO] DbMcusXml:78 - Set database path to: C:\ST\STM32CubeIDE_1.19.0\STM32CubeIDE\plugins\com.st.stm32cube.common.mx_6.15.0.202507011659\\db\/mcu/
2025-11-23 08:32:40,668 [INFO] ApiDb:274 - Set plugin database path to: C:\ST\STM32CubeIDE_1.19.0\STM32CubeIDE\plugins\com.st.stm32cube.common.mx_6.15.0.202507011659\\db\/plugins/boardmanager/
2025-11-23 08:32:40,669 [INFO] ApiDb:261 - Set plugin images path to: C:\ST\STM32CubeIDE_1.19.0\STM32CubeIDE\plugins\com.st.stm32cube.common.mx_6.15.0.202507011659\\db\/plugins/mcufinder/images/
2025-11-23 08:32:40,669 [WARN] DbFile:41 - Overriding database path with different value: C:\Users\user\.stmcufinder\plugins\mcufinder/ => C:\Users\user\.stmcufinder\plugins\mcufinder
2025-11-23 08:32:40,669 [INFO] ApiDb:250 - Set database path to: C:\Users\user\.stmcufinder\plugins\mcufinder//mcu/
2025-11-23 08:32:40,669 [WARN] DbFile:41 - Overriding database path with different value: C:\Users\user\.stmcufinder\plugins\mcufinder/ => C:\Users\user\.stmcufinder\plugins\mcufinder
2025-11-23 08:32:40,669 [INFO] DbMcusAds:125 - Set database path to: C:\Users\user\.stmcufinder\plugins\mcufinder//mcu/
2025-11-23 08:32:40,669 [WARN] DbFile:41 - Overriding database path with different value: C:\Users\user\.stmcufinder\plugins\mcufinder/ => C:\Users\user\.stmcufinder\plugins\mcufinder
2025-11-23 08:32:40,669 [WARN] DbFile:41 - Overriding database path with different value: C:\Users\user\.stmcufinder\plugins\mcufinder/ => C:\Users\user\.stmcufinder\plugins\mcufinder
2025-11-23 08:32:40,669 [INFO] CrossReferenceDbSqlite:203 - Set database path to: C:\Users\user\.stmcufinder\plugins\mcufinder//mcu/cs/
2025-11-23 08:32:40,683 [INFO] ApplicationProperties:184 - Using Application install path: C:\ST\STM32CubeIDE_1.19.0\STM32CubeIDE\plugins\com.st.stm32cube.common.mx_6.15.0.202507011659
2025-11-23 08:32:40,684 [INFO] PluginManage:196 - Search for loadable plugins [exclusion list=, ]
2025-11-23 08:32:40,685 [INFO] PluginManage:310 - Check plugin analytics
2025-11-23 08:32:40,861 [INFO] AnalyticsPlugin:253 - Accepted Software Licenses: 
2025-11-23 08:32:40,862 [INFO] AnalyticsPlugin:255 - Accepted CMSIS Pack Licenses: 
2025-11-23 08:32:40,862 [INFO] AnalyticsPlugin:257 - Accepted Firmware Licenses: FW.L4.1.18.0
2025-11-23 08:32:40,866 [INFO] PluginManage:359 - Loaded plugin analytics (category:tool,tabindex:-1)
2025-11-23 08:32:40,866 [INFO] PluginManage:310 - Check plugin cadmodel
2025-11-23 08:32:40,875 [INFO] CADModel:105 - Init CAD model plugin
2025-11-23 08:32:40,875 [INFO] PluginManage:359 - Loaded plugin cadmodel (category:power,tabindex:5)
2025-11-23 08:32:40,876 [INFO] PluginManage:310 - Check plugin clock
2025-11-23 08:32:40,887 [INFO] PluginManage:359 - Loaded plugin clock (category:base,tabindex:2)
2025-11-23 08:32:40,887 [INFO] PluginManage:310 - Check plugin ddr
2025-11-23 08:32:40,890 [INFO] PluginManage:359 - Loaded plugin ddr (category:tool,tabindex:6)
2025-11-23 08:32:40,891 [INFO] PluginManage:310 - Check plugin filemanager
2025-11-23 08:32:41,015 [INFO] PluginManage:359 - Loaded plugin filemanager (category:base,tabindex:10)
2025-11-23 08:32:41,015 [INFO] PluginManage:310 - Check plugin ipmanager
2025-11-23 08:32:41,021 [INFO] PluginManage:359 - Loaded plugin ipmanager (category:base,tabindex:5)
2025-11-23 08:32:41,021 [INFO] PluginManage:310 - Check plugin lpbam
2025-11-23 08:32:41,030 [INFO] PluginManage:359 - Loaded plugin lpbam (category:base,tabindex:0)
2025-11-23 08:32:41,030 [INFO] PluginManage:310 - Check plugin memorymap
2025-11-23 08:32:41,043 [INFO] PluginManage:359 - Loaded plugin memorymap (category:base,tabindex:4)
2025-11-23 08:32:41,043 [INFO] PluginManage:310 - Check plugin pinoutandconfiguration
2025-11-23 08:32:41,052 [INFO] PluginManage:359 - Loaded plugin pinoutandconfiguration (category:base,tabindex:1)
2025-11-23 08:32:41,052 [INFO] PluginManage:310 - Check plugin pinoutconfig
2025-11-23 08:32:41,129 [WARN] SupportedApi:132 - Cannot load RTOS API schema: s4s-elt-must-match.1: The content of 'definitions' must match (annotation?, (simpleType | complexType)?, (unique | key | keyref)*)). A problem was found starting at: attribute.
2025-11-23 08:32:41,250 [INFO] PluginManage:359 - Loaded plugin pinoutconfig (category:base,tabindex:0)
2025-11-23 08:32:41,250 [INFO] PluginManage:310 - Check plugin power
2025-11-23 08:32:41,262 [INFO] PluginManage:359 - Loaded plugin power (category:power,tabindex:4)
2025-11-23 08:32:41,262 [INFO] PluginManage:310 - Check plugin projectmanager
2025-11-23 08:32:41,274 [INFO] PluginManage:359 - Loaded plugin projectmanager (category:projectmanager,tabindex:4)
2025-11-23 08:32:41,275 [INFO] PluginManage:310 - Check plugin rif
2025-11-23 08:32:41,284 [INFO] PluginManage:359 - Loaded plugin rif (category:base,tabindex:3)
2025-11-23 08:32:41,284 [INFO] PluginManage:310 - Check plugin thirdparty
2025-11-23 08:32:41,407 [WARN] IntegrityCheckThread:84 - waiting for thirdparty lock release [integrity check]
2025-11-23 08:32:41,407 [INFO] PluginManage:359 - Loaded plugin thirdparty (category:base,tabindex:-1)
2025-11-23 08:32:41,407 [INFO] IntegrityCheckThread:86 - entering critical section [integrity check]
2025-11-23 08:32:41,407 [INFO] PluginManage:310 - Check plugin tools
2025-11-23 08:32:41,408 [INFO] ThirdPartyUpdaterWithRetryManager:70 - Updater plugin not ready yet. [1/15]
2025-11-23 08:32:41,411 [INFO] PluginManage:359 - Loaded plugin tools (category:base,tabindex:7)
2025-11-23 08:32:41,411 [INFO] PluginManage:310 - Check plugin tutovideos
2025-11-23 08:32:41,615 [INFO] PluginManage:359 - Loaded plugin tutovideos (category:base,tabindex:-1)
2025-11-23 08:32:41,615 [INFO] PluginManage:310 - Check plugin updater
2025-11-23 08:32:41,631 [INFO] PluginManage:359 - Loaded plugin updater (category:base,tabindex:12)
2025-11-23 08:32:41,631 [INFO] PluginManage:310 - Check plugin userauth
2025-11-23 08:32:41,635 [INFO] UserAuth:118 - Init User Auth plugin
2025-11-23 08:32:41,635 [INFO] PluginManage:359 - Loaded plugin userauth (category:base,tabindex:14)
2025-11-23 08:32:41,636 [INFO] PluginManage:283 - PluginManage : Loaded plugins [18]
2025-11-23 08:32:41,816 [INFO] PinOutPanel:1589 - setPackage(No Configuration,No Configuration)
2025-11-23 08:32:41,883 [INFO] CADModel:165 - CPN selected for project level
2025-11-23 08:32:41,883 [INFO] CADModel:114 - Register for checkConnection events
2025-11-23 08:32:41,898 [INFO] IPUIPlugin:80 - create IPUIPlugin
2025-11-23 08:32:41,898 [INFO] PluginManager:220 - loadIPPluginJar : add adc
2025-11-23 08:32:41,900 [INFO] IPUIPlugin:80 - create IPUIPlugin
2025-11-23 08:32:41,900 [INFO] PluginManager:220 - loadIPPluginJar : add aes
2025-11-23 08:32:41,903 [INFO] IPUIPlugin:80 - create IPUIPlugin
2025-11-23 08:32:41,903 [INFO] PluginManager:220 - loadIPPluginJar : add can
2025-11-23 08:32:41,905 [INFO] IPUIPlugin:80 - create IPUIPlugin
2025-11-23 08:32:41,905 [INFO] PluginManager:220 - loadIPPluginJar : add comp
2025-11-23 08:32:41,908 [INFO] IPUIPlugin:80 - create IPUIPlugin
2025-11-23 08:32:41,908 [INFO] PluginManager:220 - loadIPPluginJar : add cryp
2025-11-23 08:32:41,911 [INFO] IPUIPlugin:80 - create IPUIPlugin
2025-11-23 08:32:41,911 [INFO] PluginManager:220 - loadIPPluginJar : add ddr_ctrl_phy
2025-11-23 08:32:41,913 [INFO] IPUIPlugin:80 - create IPUIPlugin
2025-11-23 08:32:41,914 [INFO] PluginManager:220 - loadIPPluginJar : add dfsdm
2025-11-23 08:32:41,918 [INFO] IPUIPlugin:80 - create IPUIPlugin
2025-11-23 08:32:41,919 [INFO] PluginManager:220 - loadIPPluginJar : add dma
2025-11-23 08:32:41,921 [INFO] IPUIPlugin:80 - create IPUIPlugin
2025-11-23 08:32:41,921 [INFO] PluginManager:220 - loadIPPluginJar : add dma3
2025-11-23 08:32:41,923 [INFO] IPUIPlugin:80 - create IPUIPlugin
2025-11-23 08:32:41,923 [INFO] PluginManager:220 - loadIPPluginJar : add extmemmanager
2025-11-23 08:32:41,924 [INFO] IPUIPlugin:80 - create IPUIPlugin
2025-11-23 08:32:41,924 [INFO] PluginManager:220 - loadIPPluginJar : add fatfs
2025-11-23 08:32:41,928 [INFO] IPUIPlugin:80 - create IPUIPlugin
2025-11-23 08:32:41,928 [INFO] PluginManager:220 - loadIPPluginJar : add fmc
2025-11-23 08:32:41,936 [INFO] IPUIPlugin:80 - create IPUIPlugin
2025-11-23 08:32:41,936 [INFO] PluginManager:220 - loadIPPluginJar : add freertos
2025-11-23 08:32:41,937 [INFO] IPUIPlugin:80 - create IPUIPlugin
2025-11-23 08:32:41,937 [INFO] PluginManager:220 - loadIPPluginJar : add genericplugin
2025-11-23 08:32:41,940 [INFO] IPUIPlugin:80 - create IPUIPlugin
2025-11-23 08:32:41,940 [INFO] PluginManager:220 - loadIPPluginJar : add gfxmmu
2025-11-23 08:32:41,945 [INFO] IPUIPlugin:80 - create IPUIPlugin
2025-11-23 08:32:41,945 [INFO] PluginManager:220 - loadIPPluginJar : add gic
2025-11-23 08:32:41,949 [INFO] IPUIPlugin:80 - create IPUIPlugin
2025-11-23 08:32:41,949 [INFO] PluginManager:220 - loadIPPluginJar : add gpio
2025-11-23 08:32:41,952 [INFO] IPUIPlugin:80 - create IPUIPlugin
2025-11-23 08:32:41,952 [INFO] PluginManager:220 - loadIPPluginJar : add gtzc
2025-11-23 08:32:41,954 [INFO] IPUIPlugin:80 - create IPUIPlugin
2025-11-23 08:32:41,954 [INFO] PluginManager:220 - loadIPPluginJar : add hash
2025-11-23 08:32:41,957 [INFO] IPUIPlugin:80 - create IPUIPlugin
2025-11-23 08:32:41,957 [INFO] PluginManager:220 - loadIPPluginJar : add i2c
2025-11-23 08:32:41,959 [INFO] IPUIPlugin:80 - create IPUIPlugin
2025-11-23 08:32:41,959 [INFO] PluginManager:220 - loadIPPluginJar : add i2s
2025-11-23 08:32:41,962 [INFO] IPUIPlugin:80 - create IPUIPlugin
2025-11-23 08:32:41,962 [INFO] PluginManager:220 - loadIPPluginJar : add i3c
2025-11-23 08:32:41,965 [INFO] IPUIPlugin:80 - create IPUIPlugin
2025-11-23 08:32:41,965 [INFO] PluginManager:220 - loadIPPluginJar : add ipddr
2025-11-23 08:32:41,970 [INFO] IPUIPlugin:80 - create IPUIPlugin
2025-11-23 08:32:41,970 [INFO] PluginManager:220 - loadIPPluginJar : add linkedlist
2025-11-23 08:32:41,974 [INFO] IPUIPlugin:80 - create IPUIPlugin
2025-11-23 08:32:41,974 [INFO] PluginManager:220 - loadIPPluginJar : add lorawan
2025-11-23 08:32:41,976 [INFO] IPUIPlugin:80 - create IPUIPlugin
2025-11-23 08:32:41,976 [INFO] PluginManager:220 - loadIPPluginJar : add ltdc
2025-11-23 08:32:41,981 [INFO] IPUIPlugin:80 - create IPUIPlugin
2025-11-23 08:32:41,981 [INFO] PluginManager:220 - loadIPPluginJar : add mdma
2025-11-23 08:32:41,984 [INFO] IPUIPlugin:80 - create IPUIPlugin
2025-11-23 08:32:41,984 [INFO] PluginManager:220 - loadIPPluginJar : add nvic
2025-11-23 08:32:41,987 [INFO] IPUIPlugin:80 - create IPUIPlugin
2025-11-23 08:32:41,987 [INFO] PluginManager:220 - loadIPPluginJar : add opamp
2025-11-23 08:32:41,989 [INFO] IPUIPlugin:80 - create IPUIPlugin
2025-11-23 08:32:41,989 [INFO] PluginManager:220 - loadIPPluginJar : add openamp
2025-11-23 08:32:41,992 [INFO] IPUIPlugin:80 - create IPUIPlugin
2025-11-23 08:32:41,992 [INFO] PluginManager:220 - loadIPPluginJar : add pdm2pcm
2025-11-23 08:32:41,996 [INFO] IPUIPlugin:80 - create IPUIPlugin
2025-11-23 08:32:41,998 [INFO] PluginManager:220 - loadIPPluginJar : add plateformsettings
2025-11-23 08:32:42,000 [INFO] IPUIPlugin:80 - create IPUIPlugin
2025-11-23 08:32:42,000 [INFO] PluginManager:220 - loadIPPluginJar : add quadspi
2025-11-23 08:32:42,001 [INFO] IPUIPlugin:80 - create IPUIPlugin
2025-11-23 08:32:42,002 [INFO] PluginManager:220 - loadIPPluginJar : add radio
2025-11-23 08:32:42,006 [INFO] IPUIPlugin:80 - create IPUIPlugin
2025-11-23 08:32:42,006 [INFO] PluginManager:220 - loadIPPluginJar : add resmgrutility
2025-11-23 08:32:42,009 [INFO] IPUIPlugin:80 - create IPUIPlugin
2025-11-23 08:32:42,009 [INFO] PluginManager:220 - loadIPPluginJar : add sai
2025-11-23 08:32:42,011 [INFO] IPUIPlugin:80 - create IPUIPlugin
2025-11-23 08:32:42,011 [INFO] PluginManager:220 - loadIPPluginJar : add spi
2025-11-23 08:32:42,016 [INFO] IPUIPlugin:80 - create IPUIPlugin
2025-11-23 08:32:42,016 [INFO] PluginManager:220 - loadIPPluginJar : add stm32_wpan
2025-11-23 08:32:42,017 [INFO] IPUIPlugin:80 - create IPUIPlugin
2025-11-23 08:32:42,018 [INFO] PluginManager:220 - loadIPPluginJar : add tim
2025-11-23 08:32:42,021 [INFO] IPUIPlugin:80 - create IPUIPlugin
2025-11-23 08:32:42,021 [INFO] PluginManager:220 - loadIPPluginJar : add touchsensing
2025-11-23 08:32:42,022 [INFO] IPUIPlugin:80 - create IPUIPlugin
2025-11-23 08:32:42,023 [INFO] PluginManager:220 - loadIPPluginJar : add tracer_emb
2025-11-23 08:32:42,025 [INFO] IPUIPlugin:80 - create IPUIPlugin
2025-11-23 08:32:42,025 [INFO] PluginManager:220 - loadIPPluginJar : add ts
2025-11-23 08:32:42,026 [INFO] IPUIPlugin:80 - create IPUIPlugin
2025-11-23 08:32:42,026 [INFO] PluginManager:220 - loadIPPluginJar : add tsc
2025-11-23 08:32:42,028 [INFO] IPUIPlugin:80 - create IPUIPlugin
2025-11-23 08:32:42,029 [INFO] PluginManager:220 - loadIPPluginJar : add ucpd
2025-11-23 08:32:42,031 [INFO] IPUIPlugin:80 - create IPUIPlugin
2025-11-23 08:32:42,031 [INFO] PluginManager:220 - loadIPPluginJar : add usart
2025-11-23 08:32:42,034 [INFO] IPUIPlugin:80 - create IPUIPlugin
2025-11-23 08:32:42,034 [INFO] PluginManager:220 - loadIPPluginJar : add usbx
2025-11-23 08:32:42,151 [FATAL] Updater:351 - Updater called before beeing initialized
2025-11-23 08:32:42,181 [INFO] RulesReader:64 - Compatibility file has been processed (317 Rules)
2025-11-23 08:32:42,191 [INFO] RulesReader:64 - Compatibility file has been processed (317 Rules)
2025-11-23 08:32:42,200 [INFO] CADModel:165 - CPN selected for project level
2025-11-23 08:32:42,200 [INFO] CADModel:114 - Register for checkConnection events
2025-11-23 08:32:42,200 [FATAL] Updater:351 - Updater called before beeing initialized
2025-11-23 08:32:42,200 [ERROR] CADModel:125 - Updater not yet initialized, retry later 
2025-11-23 08:32:42,340 [FATAL] Updater:351 - Updater called before beeing initialized
2025-11-23 08:32:42,342 [INFO] CADModel:165 - CPN selected for project level
2025-11-23 08:32:42,342 [INFO] CADModel:114 - Register for checkConnection events
2025-11-23 08:32:42,342 [FATAL] Updater:351 - Updater called before beeing initialized
2025-11-23 08:32:42,342 [ERROR] CADModel:125 - Updater not yet initialized, retry later 
2025-11-23 08:32:42,346 [FATAL] Updater:351 - Updater called before beeing initialized
2025-11-23 08:32:42,469 [FATAL] Updater:351 - Updater called before beeing initialized
2025-11-23 08:32:42,481 [INFO] DbMcusAds:53 - JSON generation date=Mon Nov 10 18:43:00 CST 2025 (1762771380761)
2025-11-23 08:32:42,482 [FATAL] Updater:351 - Updater called before beeing initialized
2025-11-23 08:32:42,529 [WARN] DetailPanel:346 - Failed to get advertising image, set to default
2025-11-23 08:32:42,596 [FATAL] Updater:351 - Updater called before beeing initialized
2025-11-23 08:32:42,597 [FATAL] Updater:351 - Updater called before beeing initialized
2025-11-23 08:32:42,598 [FATAL] Updater:351 - Updater called before beeing initialized
2025-11-23 08:32:42,598 [WARN] DetailPanel:346 - Failed to get advertising image, set to default
2025-11-23 08:32:42,599 [FATAL] Updater:351 - Updater called before beeing initialized
2025-11-23 08:32:42,640 [ERROR] Updater:1198 - MainUpdater not yet initialized. External WinMGr cannot be set.
2025-11-23 08:32:42,642 [INFO] Updater:1134 - Updater Version found : 6.15.0
2025-11-23 08:32:42,655 [INFO] ApplicationProperties:184 - Using Application install path: C:\ST\STM32CubeIDE_1.19.0\STM32CubeIDE\plugins\com.st.stm32cube.common.mx_6.15.0.202507011659
2025-11-23 08:32:44,236 [ERROR] LogOutputStream:75 - [STDERR_REDIRECT] Nov 23, 2025 8:32:44 AM java.util.prefs.WindowsPreferences <init>
2025-11-23 08:32:44,238 [ERROR] LogOutputStream:75 - [STDERR_REDIRECT] WARNING: Could not open/create prefs root node Software\JavaSoft\Prefs at root 0xffffffff80000002. Windows RegCreateKeyEx(...) returned error code 5.
2025-11-23 08:32:44,238 [ERROR] LogOutputStream:75 - [STDERR_REDIRECT] 
2025-11-23 08:32:44,408 [INFO] ThirdPartyUpdaterWithRetryManager:70 - Updater plugin not ready yet. [2/15]
2025-11-23 08:32:44,809 [INFO] MainUpdater:2872 - connection check result : 10
2025-11-23 08:32:44,811 [INFO] MainUpdater:289 - Updater Check For Update Now.
2025-11-23 08:32:44,811 [INFO] MicroXplorer:498 - Change Database Version : DB.6.0.150
2025-11-23 08:32:44,818 [INFO] McuFinderGlobals:63 - Set McuFinder mode to 2 (CubeIDE integrated)
2025-11-23 08:32:44,818 [INFO] UserAuth:171 - activating auth plugin
2025-11-23 08:32:44,820 [INFO] UserAuth:487 - Internet connection configuration mode: 1
2025-11-23 08:32:44,851 [INFO] JxBrowserEngine:152 - Initiate JxBrowser Engine with user profile folder
2025-11-23 08:32:45,004 [INFO] CheckServerUpdateThread:120 - End of CheckServer Thread
2025-11-23 08:32:46,774 [INFO] WebApp:169 - Instantiating new browser for Auth
2025-11-23 08:32:47,696 [INFO] WebApp:463 - Apply proxy settings
2025-11-23 08:32:47,696 [INFO] WebApp:548 - Chromium requires no authentication
2025-11-23 08:32:47,740 [INFO] WebApp:491 - Direct internet connection detected
2025-11-23 08:32:47,743 [WARN] PackLoader:240 - Cannot read IP mode file for STMicroelectronics.FP-SNS-MOTENVWB1.1.4.0
2025-11-23 08:32:47,766 [WARN] PackLoader:240 - Cannot read IP mode file for STMicroelectronics.FP-ATR-ASTRA1.2.0.2
2025-11-23 08:32:47,796 [WARN] PackLoader:240 - Cannot read IP mode file for STMicroelectronics.X-CUBE-SMBUS.2.1.0
2025-11-23 08:32:47,818 [WARN] PackLoader:240 - Cannot read IP mode file for STMicroelectronics.X-CUBE-ST60.1.0.0
2025-11-23 08:32:47,830 [INFO] WebApp:900 - Register for checkConnection events
2025-11-23 08:32:47,830 [INFO] WebApp:463 - Apply proxy settings
2025-11-23 08:32:47,830 [INFO] WebApp:548 - Chromium requires no authentication
2025-11-23 08:32:47,830 [INFO] WebApp:491 - Direct internet connection detected
2025-11-23 08:32:47,851 [WARN] PackLoader:240 - Cannot read IP mode file for STMicroelectronics.X-CUBE-AZRTOS-F7.1.1.0
2025-11-23 08:32:47,859 [WARN] PackLoader:240 - Cannot read IP mode file for STMicroelectronics.FP-SNS-MOTENV1.5.1.0
2025-11-23 08:32:47,872 [WARN] PackLoader:240 - Cannot read IP mode file for WES.I-CUBE-Cesium.1.4.0
2025-11-23 08:32:47,901 [WARN] PackLoader:240 - Cannot read IP mode file for Infineon.AIROC-Wi-Fi-Bluetooth-STM32.1.7.1
2025-11-23 08:32:47,924 [WARN] PackLoader:240 - Cannot read IP mode file for STMicroelectronics.X-CUBE-AZRTOS-H7.3.4.0
2025-11-23 08:32:47,939 [WARN] PackLoader:240 - Cannot read IP mode file for STMicroelectronics.X-CUBE-DISPLAY.3.0.0
2025-11-23 08:32:47,960 [WARN] PackLoader:240 - Cannot read IP mode file for STMicroelectronics.X-CUBE-NFC10.1.0.0
2025-11-23 08:32:47,971 [WARN] PackLoader:240 - Cannot read IP mode file for STMicroelectronics.X-CUBE-ST60.1.1.0
2025-11-23 08:32:47,977 [WARN] PackLoader:240 - Cannot read IP mode file for emotas.I-CUBE-CANOPEN.1.3.0
2025-11-23 08:32:47,988 [WARN] PackLoader:240 - Cannot read IP mode file for STMicroelectronics.X-CUBE-GNSS1.7.1.0
2025-11-23 08:32:47,997 [WARN] PackLoader:240 - Cannot read IP mode file for STMicroelectronics.FP-SNS-STBOX1.2.1.0
2025-11-23 08:32:48,003 [WARN] PackLoader:240 - Cannot read IP mode file for STMicroelectronics.FP-SNS-SMARTAG2.1.2.0
2025-11-23 08:32:48,009 [WARN] PackLoader:240 - Cannot read IP mode file for STMicroelectronics.FP-SNS-FLIGHT1.5.1.0
2025-11-23 08:32:48,023 [INFO] LogOutputStream:77 - [STDOUT_REDIRECT] 1 : Invalid condition id : UX_CORESTACK_Condition cause : null
2025-11-23 08:32:48,024 [INFO] LogOutputStream:77 - [STDOUT_REDIRECT] 1 : Invalid condition id : UX_CORESTACK_Condition cause : null
2025-11-23 08:32:48,026 [INFO] LogOutputStream:77 - [STDOUT_REDIRECT] 1 : Invalid condition id : UX_CORESTACK_Condition cause : null
2025-11-23 08:32:48,027 [INFO] LogOutputStream:77 - [STDOUT_REDIRECT] 1 : Invalid condition id : UX_CORESTACK_Condition cause : null
2025-11-23 08:32:48,028 [INFO] LogOutputStream:77 - [STDOUT_REDIRECT] 1 : Invalid condition id : UX_CORESTACK_Condition cause : null
2025-11-23 08:32:48,030 [WARN] PackLoader:240 - Cannot read IP mode file for STMicroelectronics.X-CUBE-AZRTOS-WL.2.0.0
2025-11-23 08:32:48,036 [INFO] WebApp:191 - Connection restablished
2025-11-23 08:32:48,039 [WARN] PackLoader:240 - Cannot read IP mode file for STMicroelectronics.FP-SNS-MOTENV1.5.0.0
2025-11-23 08:32:48,058 [WARN] PackLoader:240 - Cannot read IP mode file for STMicroelectronics.X-CUBE-AZRTOS-H7RS.1.2.0
2025-11-23 08:32:48,067 [WARN] PackLoader:240 - Cannot read IP mode file for STMicroelectronics.X-CUBE-BLE2.3.3.0
2025-11-23 08:32:48,091 [WARN] PackLoader:240 - Cannot read IP mode file for STMicroelectronics.X-CUBE-NFC9.1.0.0
2025-11-23 08:32:48,098 [WARN] PackLoader:240 - Cannot read IP mode file for wolfSSL.I-CUBE-wolfSSL.5.8.2
2025-11-23 08:32:48,103 [WARN] PackLoader:240 - Cannot read IP mode file for STMicroelectronics.X-CUBE-BLE1.7.1.0
2025-11-23 08:32:48,107 [WARN] PackLoader:240 - Cannot read IP mode file for wolfSSL.I-CUBE-wolfMQTT.1.19.2
2025-11-23 08:32:48,112 [WARN] PackLoader:240 - Cannot read IP mode file for STMicroelectronics.X-CUBE-FREERTOS.1.4.0
2025-11-23 08:32:48,117 [WARN] PackLoader:240 - Cannot read IP mode file for STMicroelectronics.X-CUBE-EEPRMA1.5.2.0
2025-11-23 08:32:48,123 [WARN] PackLoader:240 - Cannot read IP mode file for STMicroelectronics.X-CUBE-ST67W61.1.1.0
2025-11-23 08:32:48,134 [WARN] PackLoader:240 - Cannot read IP mode file for STMicroelectronics.X-CUBE-AZRTOS-G0.1.1.0
2025-11-23 08:32:48,140 [WARN] PackLoader:240 - Cannot read IP mode file for STMicroelectronics.X-CUBE-SAFEA1.1.2.2
2025-11-23 08:32:48,145 [WARN] PackLoader:240 - Cannot read IP mode file for STMicroelectronics.X-CUBE-NFC4.3.0.0
2025-11-23 08:32:48,153 [WARN] PackLoader:240 - Cannot read IP mode file for EmbeddedOffice.I-CUBE-FS-RTOS.1.0.1
2025-11-23 08:32:48,158 [WARN] PackLoader:240 - Cannot read IP mode file for STMicroelectronics.X-CUBE-WB05N.2.0.0
2025-11-23 08:32:48,162 [WARN] PackLoader:240 - Cannot read IP mode file for wolfSSL.I-CUBE-wolfTPM.3.8.0
2025-11-23 08:32:48,167 [WARN] PackLoader:240 - Cannot read IP mode file for STMicroelectronics.X-CUBE-TCPP.4.2.0
2025-11-23 08:32:48,172 [WARN] PackLoader:240 - Cannot read IP mode file for RealThread.X-CUBE-RT-Thread_Nano.4.1.1
2025-11-23 08:32:48,176 [WARN] PackLoader:240 - Cannot read IP mode file for STMicroelectronics.FP-ATR-SIGFOX1.3.2.0
2025-11-23 08:32:48,182 [WARN] PackLoader:240 - Cannot read IP mode file for ITTIA_DB.I-CUBE-ITTIADB.8.9.0
2025-11-23 08:32:48,190 [WARN] PackLoader:240 - Cannot read IP mode file for STMicroelectronics.X-CUBE-ST67W61.1.0.0
2025-11-23 08:32:48,195 [WARN] PackLoader:240 - Cannot read IP mode file for STMicroelectronics.X-CUBE-AI.10.2.0
2025-11-23 08:32:48,225 [WARN] PackLoader:240 - Cannot read IP mode file for SEGGER.I-CUBE-embOS.1.3.1
2025-11-23 08:32:48,251 [WARN] PackLoader:240 - Cannot read IP mode file for STMicroelectronics.X-CUBE-ALGOBUILD.1.4.0
2025-11-23 08:32:48,279 [WARN] PackLoader:240 - Cannot read IP mode file for STMicroelectronics.X-CUBE-MEMS1.11.3.0
2025-11-23 08:32:48,376 [WARN] PackLoader:240 - Cannot read IP mode file for STMicroelectronics.X-CUBE-PM33A1.1.0.0
2025-11-23 08:32:48,420 [WARN] PackLoader:240 - Cannot read IP mode file for STMicroelectronics.X-CUBE-AZRTOS-F4.1.1.0
2025-11-23 08:32:48,425 [WARN] PackLoader:240 - Cannot read IP mode file for Avnet-IotConnect.X-CUBE-IoTC-DA16k-PMOD.1.0.0
2025-11-23 08:32:48,433 [WARN] PackLoader:240 - Cannot read IP mode file for STMicroelectronics.X-CUBE-ISPU.2.1.0
2025-11-23 08:32:48,447 [WARN] PackLoader:240 - Cannot read IP mode file for STMicroelectronics.X-CUBE-IPS.3.2.0
2025-11-23 08:32:48,459 [WARN] PackLoader:240 - Cannot read IP mode file for STMicroelectronics.X-CUBE-NFC12.1.0.0
2025-11-23 08:32:48,470 [WARN] PackLoader:240 - Cannot read IP mode file for STMicroelectronics.X-CUBE-AZRTOS-L5.2.0.0
2025-11-23 08:32:48,477 [WARN] PackLoader:240 - Cannot read IP mode file for STMicroelectronics.X-CUBE-NFC6.3.1.0
2025-11-23 08:32:48,482 [WARN] PackLoader:240 - Cannot read IP mode file for STMicroelectronics.X-CUBE-FREERTOS.1.3.1
2025-11-23 08:32:48,488 [WARN] PackLoader:240 - Cannot read IP mode file for STMicroelectronics.X-CUBE-TOUCHGFX.4.26.0
2025-11-23 08:32:48,492 [WARN] PackLoader:240 - Cannot read IP mode file for STMicroelectronics.FP-SNS-STAIOTCFT.1.0.0
2025-11-23 08:32:48,497 [WARN] PackLoader:240 - Cannot read IP mode file for STMicroelectronics.X-CUBE-DPower.1.3.0
2025-11-23 08:32:48,507 [WARN] ConditionMgr:438 - getConditionDescription Invalid condition id : LAN8742 Phy interface Condition cause : null
2025-11-23 08:32:48,508 [WARN] PackLoader:240 - Cannot read IP mode file for STMicroelectronics.X-CUBE-AZRTOS-L4.2.0.0
2025-11-23 08:32:48,509 [WARN] ConditionMgr:1044 - genDependencies : Invalid condition id : LAN8742 Phy interface Condition cause : null
2025-11-23 08:32:48,509 [WARN] ConditionMgr:1044 - genDependencies : Invalid condition id : LAN8742 Phy interface Condition cause : null
2025-11-23 08:32:48,509 [WARN] ConditionMgr:1044 - genDependencies : Invalid condition id : LAN8742 Phy interface Condition cause : null
2025-11-23 08:32:48,515 [WARN] PackLoader:240 - Cannot read IP mode file for STMicroelectronics.X-CUBE-SFXS2LP1.4.0.0
2025-11-23 08:32:48,523 [WARN] PackLoader:240 - Cannot read IP mode file for STMicroelectronics.X-CUBE-BLEMGR.4.1.0
2025-11-23 08:32:48,541 [WARN] ConditionMgr:438 - getConditionDescription Invalid condition id : UX DEVICE CLASS RTOS Condition cause : null
2025-11-23 08:32:48,541 [WARN] ConditionMgr:438 - getConditionDescription Invalid condition id : UX DEVICE CLASS RTOS Condition cause : null
2025-11-23 08:32:48,543 [WARN] PackLoader:240 - Cannot read IP mode file for STMicroelectronics.X-CUBE-AZRTOS-WB.2.0.0
2025-11-23 08:32:48,543 [WARN] ConditionMgr:1044 - genDependencies : Invalid condition id : UX DEVICE CLASS RTOS Condition cause : null
2025-11-23 08:32:48,543 [WARN] ConditionMgr:1044 - genDependencies : Invalid condition id : UX DEVICE CLASS RTOS Condition cause : null
2025-11-23 08:32:48,543 [WARN] ConditionMgr:1044 - genDependencies : Invalid condition id : UX DEVICE CLASS RTOS Condition cause : null
2025-11-23 08:32:48,543 [WARN] ConditionMgr:1044 - genDependencies : Invalid condition id : UX DEVICE CLASS RTOS Condition cause : null
2025-11-23 08:32:48,543 [WARN] ConditionMgr:1044 - genDependencies : Invalid condition id : UX DEVICE CLASS RTOS Condition cause : null
2025-11-23 08:32:48,548 [WARN] PackLoader:240 - Cannot read IP mode file for STMicroelectronics.X-CUBE-GNSS1.7.0.1
2025-11-23 08:32:48,551 [WARN] PackLoader:240 - Cannot read IP mode file for STMicroelectronics.X-CUBE-TOUCHGFX.4.25.0
2025-11-23 08:32:48,554 [WARN] ConditionMgr:438 - getConditionDescription Invalid condition id : Cortex-A Device cause : null
2025-11-23 08:32:48,562 [WARN] ConditionMgr:1044 - genDependencies : Invalid condition id : Cortex-A Device cause : null
2025-11-23 08:32:48,562 [WARN] ConditionMgr:1044 - genDependencies : Invalid condition id : Cortex-A Device cause : null
2025-11-23 08:32:48,562 [WARN] ConditionMgr:1044 - genDependencies : Invalid condition id : Cortex-A Device cause : null
2025-11-23 08:32:48,569 [WARN] PackLoader:240 - Cannot read IP mode file for STMicroelectronics.X-CUBE-SUBG2.5.0.0
2025-11-23 08:32:48,582 [WARN] PackLoader:240 - Cannot read IP mode file for STMicroelectronics.X-CUBE-AZRTOS-H7RS.1.1.0
2025-11-23 08:32:48,587 [WARN] PackLoader:240 - Cannot read IP mode file for Cesanta.I-CUBE-Mongoose.7.13.0
2025-11-23 08:32:48,596 [WARN] PackLoader:240 - Cannot read IP mode file for STMicroelectronics.X-CUBE-AZRTOS-G4.2.0.0
2025-11-23 08:32:48,601 [WARN] PackLoader:240 - Cannot read IP mode file for wolfSSL.I-CUBE-wolfSSH.1.4.20
2025-11-23 08:32:48,605 [WARN] PackLoader:240 - Cannot read IP mode file for STMicroelectronics.X-CUBE-NFC7.2.0.0
2025-11-23 08:32:48,614 [WARN] PackLoader:240 - Cannot read IP mode file for STMicroelectronics.X-CUBE-IPS.3.1.0
2025-11-23 08:32:48,621 [WARN] PackLoader:240 - Cannot read IP mode file for STMicroelectronics.X-CUBE-ALS.1.0.2
2025-11-23 08:32:48,625 [WARN] PackLoader:240 - Cannot read IP mode file for STMicroelectronics.X-CUBE-STSE01.1.0.0
2025-11-23 08:32:48,633 [WARN] PackLoader:240 - Cannot read IP mode file for STMicroelectronics.X-CUBE-TOF1.3.4.3
2025-11-23 08:32:48,639 [INFO] ThirdParty:978 - Integrity check success = true
2025-11-23 08:32:48,640 [INFO] IntegrityCheckThread:100 - exiting critical section [integrity check]
2025-11-23 08:32:48,640 [INFO] IntegrityCheckThread:103 - End integrity checks thread
2025-11-23 08:32:49,149 [INFO] WebApp:225 - Starting web application
2025-11-23 08:32:49,149 [INFO] WebApp:593 - Web application path used C:\ST\STM32CubeIDE_1.19.0\STM32CubeIDE\plugins\com.st.stm32cube.common.mx_6.15.0.202507011659\db\plugins\mcufinder\reactClient1\index.html
2025-11-23 13:15:41,199 [INFO] McuFinderGlobals:63 - Set McuFinder mode to 2 (CubeIDE integrated)
2025-11-23 13:15:41,214 [INFO] MainUpdater:2872 - connection check result : 10
2025-11-23 13:15:41,216 [INFO] MainUpdater:2872 - connection check result : 10
2025-11-23 13:15:41,286 [INFO] MicroXplorer:468 - Change Database Path : 
2025-11-23 13:15:41,286 [INFO] MicroXplorer:498 - Change Database Version : DB.6.0.150
2025-11-23 13:15:41,318 [WARN] ThirdParty:871 - waiting for thirdparty lock release [close project]
2025-11-23 13:15:41,318 [INFO] ThirdParty:873 - entering critical section [close project]
2025-11-23 13:15:41,321 [INFO] ThirdParty:883 - exiting critical section [close project]
2025-11-23 13:15:41,328 [INFO] PinOutPanel:1589 - setPackage(No Configuration,No Configuration)
2025-11-23 13:15:41,333 [INFO] UtilMem:75 - Begin LoadConfig() Used Memory: 544094960 Bytes (1068498944)
2025-11-23 13:15:41,336 [INFO] MicroXplorer:468 - Change Database Path : 
2025-11-23 13:15:41,336 [INFO] MicroXplorer:498 - Change Database Version : DB.6.0.150
2025-11-23 13:15:41,336 [INFO] OpenFileManager:355 - Change cursor
2025-11-23 13:15:41,465 [INFO] Mcu:2029 - Initializing MCU STM32L476R(C-E-G)Tx STM32L476RGTx STM32L476RGT3
2025-11-23 13:15:43,910 [INFO] Context:786 - Trying to add GPIOservice into a context  which must be forbidden
2025-11-23 13:15:44,521 [INFO] ImportTextPane:234 - (OptionalMessage_ERROR) Pin3 (VP_RIF_VS_RIF1) cannot be retrieved for this MCU
2025-11-23 13:15:44,691 [INFO] RtosManager:558 - Registered RTOS mode: class=CMSIS, group=RTOS, mode=CMSIS_V1, owner=FREERTOS
2025-11-23 13:15:44,691 [INFO] RtosManager:558 - Registered RTOS mode: class=CMSIS, group=RTOS2, mode=CMSIS_V2, owner=FREERTOS
2025-11-23 13:15:44,691 [INFO] RtosManager:558 - Registered RTOS mode: class=RTOS, group=Core, mode=CMSIS_V1, owner=FREERTOS
2025-11-23 13:15:44,692 [INFO] RtosManager:558 - Registered RTOS mode: class=RTOS, group=Core, mode=CMSIS_V2, owner=FREERTOS
2025-11-23 13:15:44,692 [WARN] ModelIntegratedComponent:184 - Missing modes for component STMicroelectronics:FreeRTOS:0.0.1:STMicroelectronics:RTOS:FreeRTOS:Core:::10.2.0:
2025-11-23 13:15:44,710 [WARN] ModelIntegratedComponent:63 - No mode defined for component null
2025-11-23 13:15:44,711 [WARN] ModelIntegratedComponent:63 - No mode defined for component null
2025-11-23 13:15:44,711 [WARN] ModelIntegratedComponent:63 - No mode defined for component null
2025-11-23 13:15:44,711 [WARN] ModelIntegratedComponent:63 - No mode defined for component null
2025-11-23 13:15:44,711 [WARN] ModelIntegratedComponent:63 - No mode defined for component null
2025-11-23 13:15:44,711 [WARN] ModelIntegratedComponent:63 - No mode defined for component null
2025-11-23 13:15:44,711 [WARN] ModelIntegratedComponent:63 - No mode defined for component null
2025-11-23 13:15:44,711 [WARN] ModelIntegratedComponent:63 - No mode defined for component null
2025-11-23 13:15:44,711 [WARN] ModelIntegratedComponent:63 - No mode defined for component null
2025-11-23 13:15:44,711 [WARN] ModelIntegratedComponent:63 - No mode defined for component null
2025-11-23 13:15:44,711 [WARN] ModelIntegratedComponent:63 - No mode defined for component null
2025-11-23 13:15:44,711 [WARN] ModelIntegratedComponent:63 - No mode defined for component null
2025-11-23 13:15:44,711 [WARN] ModelIntegratedComponent:63 - No mode defined for component null
2025-11-23 13:15:44,711 [WARN] ModelIntegratedComponent:63 - No mode defined for component null
2025-11-23 13:15:44,711 [WARN] ModelIntegratedComponent:63 - No mode defined for component null
2025-11-23 13:15:44,711 [WARN] ModelIntegratedComponent:63 - No mode defined for component null
2025-11-23 13:15:44,712 [WARN] ModelIntegratedComponent:63 - No mode defined for component null
2025-11-23 13:15:44,712 [WARN] ModelIntegratedComponent:63 - No mode defined for component null
2025-11-23 13:15:44,712 [WARN] ModelIntegratedComponent:63 - No mode defined for component null
2025-11-23 13:15:44,712 [WARN] ModelIntegratedComponent:63 - No mode defined for component null
2025-11-23 13:15:44,712 [WARN] ModelIntegratedComponent:63 - No mode defined for component null
2025-11-23 13:15:44,712 [WARN] ModelIntegratedComponent:63 - No mode defined for component null
2025-11-23 13:15:44,712 [WARN] ModelIntegratedComponent:63 - No mode defined for component null
2025-11-23 13:15:44,712 [WARN] ModelIntegratedComponent:63 - No mode defined for component null
2025-11-23 13:15:44,712 [WARN] ModelIntegratedComponent:63 - No mode defined for component null
2025-11-23 13:15:44,712 [WARN] ModelIntegratedComponent:63 - No mode defined for component null
2025-11-23 13:15:44,712 [WARN] ModelIntegratedComponent:63 - No mode defined for component null
2025-11-23 13:15:44,712 [WARN] ModelIntegratedComponent:63 - No mode defined for component null
2025-11-23 13:15:44,712 [WARN] ModelIntegratedComponent:63 - No mode defined for component null
2025-11-23 13:15:44,712 [WARN] ModelIntegratedComponent:63 - No mode defined for component null
2025-11-23 13:15:44,712 [WARN] ModelIntegratedComponent:63 - No mode defined for component null
2025-11-23 13:15:44,713 [WARN] ModelIntegratedComponent:63 - No mode defined for component null
2025-11-23 13:15:44,713 [WARN] ModelIntegratedComponent:63 - No mode defined for component null
2025-11-23 13:15:44,713 [WARN] ModelIntegratedComponent:63 - No mode defined for component null
2025-11-23 13:15:44,713 [WARN] ModelIntegratedComponent:63 - No mode defined for component null
2025-11-23 13:15:44,713 [WARN] ModelPack:524 - Component already loaded: STMicroelectronics:HAL Drivers:0.0.0:STMicroelectronics:Device:STMicro_Driver:XSPI:HAL::0.0.1:HAL_XSPI
2025-11-23 13:15:44,821 [INFO] ThirdPartyModel:298 - Start build external matchings
2025-11-23 13:15:45,250 [INFO] ThirdPartyModel:316 - End build external matchings
2025-11-23 13:15:45,783 [INFO] ApiDb:581 - Connected to CubeFinder SQLite database (C:\Users\user\.stmcufinder\plugins\mcufinder\mcu\cube-finder-db.db)
2025-11-23 13:15:45,912 [INFO] ApiDb:668 - CubeFinder database Data Model version=2.1
2025-11-23 13:15:45,912 [INFO] ApiDb:669 - CubeFinder database Configuration version=3.0.39
2025-11-23 13:15:45,913 [INFO] ApiDb:670 - CubeFinder database generation date=2025-11-05 (1762334721)
2025-11-23 13:15:45,914 [INFO] ApiDb:671 - CubeFinder database FW Pack versions=[FP-ATR-ASTRA1_V2.0.0, FP-SNS-FLIGHT1_V5.1.0, FP-SNS-MOTENV1_V5.1.0, FP-SNS-MOTENVWB1_V1.4.0, FP-SNS-SMARTAG2_V1.2.0, FP-SNS-STBOX1_V2.1.0, STM32Cube_FW_C0_V1.4.0, STM32Cube_FW_F4_V1.28.3, STM32Cube_FW_F7_V1.17.4, STM32Cube_FW_G0_V1.6.2, STM32Cube_FW_G4_V1.6.1, STM32Cube_FW_H5_V1.5.1, STM32Cube_FW_H7RS_V1.3.0, STM32Cube_FW_H7_V1.12.1, STM32Cube_FW_L0_V1.12.2, STM32Cube_FW_L4_V1.18.1, STM32Cube_FW_L5_V1.6.0, STM32Cube_FW_N6_V1.3.0, STM32Cube_FW_U0_V1.3.0, STM32Cube_FW_U3_V1.2.1, STM32Cube_FW_U5_V1.8.0, STM32Cube_FW_WB0_V1.4.0, STM32Cube_FW_WBA_V1.8.0, STM32Cube_FW_WB_V1.24.0, STM32Cube_FW_WL3_V1.3.0, STM32Cube_FW_WL_V1.4.0, X-CUBE-ALGOBUILD_V1.4.0, X-CUBE-ALS_V1.0.2, X-CUBE-AZRTOS-F4_V1.1.0, X-CUBE-AZRTOS-F7_V1.1.0, X-CUBE-AZRTOS-G0_V1.1.0, X-CUBE-AZRTOS-G4_V2.0.0, X-CUBE-AZRTOS-H7RS_V1.1.0, X-CUBE-AZRTOS-H7_V3.4.0, X-CUBE-AZRTOS-L4_V2.0.0, X-CUBE-AZRTOS-L5_V2.0.0, X-CUBE-AZRTOS-WB_V2.0.0, X-CUBE-AZRTOS-WL_V2.0.0, X-CUBE-BLE1_V7.1.0, X-CUBE-BLE2_V3.3.0, X-CUBE-BLEMGR_V4.1.0, X-CUBE-EEPRMA1_V5.2.0, X-CUBE-FREERTOS_V1.3.1, X-CUBE-GNSS1_V6.0.0, X-CUBE-MEMS1_V11.3.0, X-CUBE-NFC4_V3.0.0, X-CUBE-NFC7_V2.0.0, X-CUBE-SFXS2LP1_V4.0.0, X-CUBE-ST67W61_V1.1.0, X-CUBE-SUBG2_V5.0.0, X-CUBE-TOF1_V3.4.3]
2025-11-23 13:15:46,063 [INFO] DbBoardsSqlite:226 - include board P-NUCLEO-WB55-NUCLEO as a kit item of type 'Nucleo-64'
2025-11-23 13:15:46,063 [INFO] DbBoardsSqlite:226 - include board P-NUCLEO-WB55-USBDONGLE as a kit item of type 'Nucleo USB Dongle'
2025-11-23 13:15:46,065 [INFO] DbBoardsSqlite:226 - include board STEVAL-IDP005V1 as a kit item of type 'Evaluation Board'
2025-11-23 13:15:46,066 [INFO] DbBoardsSqlite:226 - include board STEVAL-IDP005V2 as a kit item of type 'Evaluation Board'
2025-11-23 13:15:50,662 [INFO] ApiDb:240 - Found 880 in-development CPN: [B-G473E-ZEST1S, B-WB1M-WPAN1, B-WBA5M-WPAN, B-WL5M-SUBG1, NUCLEO-C031C6, NUCLEO-C051C8, NUCLEO-C071RB, NUCLEO-C092RC, NUCLEO-H503RB, NUCLEO-H533RE, NUCLEO-H563ZI, NUCLEO-H7S3L8, NUCLEO-N657X0-Q, NUCLEO-U031R8, NUCLEO-U083RC, NUCLEO-U385RG-Q, NUCLEO-U545RE-Q, NUCLEO-U5A5ZJ-Q, NUCLEO-WB05KZ, NUCLEO-WB07CC, NUCLEO-WB09KE, NUCLEO-WBA52CG, NUCLEO-WBA55CG, NUCLEO-WL33CC1, NUCLEO-WL33CC2, STEVAL-PROTEUS1, STEVAL-SMARTAG2, STEVAL-STWINBX1, STM320518-EVAL, STM32C0116-DK, STM32C011D6Y3TR, STM32C011D6Y6TR, STM32C011F4P3, STM32C011F4P6, STM32C011F4U3, STM32C011F4U6TR, STM32C011F6P3, STM32C011F6P6, STM32C011F6U3, STM32C011F6U6TR, STM32C011J4M3, STM32C011J4M6, STM32C011J6M3, STM32C011J6M6, STM32C0316-DK, STM32C031C4T3, STM32C031C4T6, STM32C031C4U3, STM32C031C4U6, STM32C031C6T3, STM32C031C6T6, STM32C031C6U3, STM32C031C6U6, STM32C031F4P3, STM32C031F4P6, STM32C031F6P3, STM32C031F6P6, STM32C031G4U3, STM32C031G4U6, STM32C031G6U3, STM32C031G6U6, STM32C031K4T3, STM32C031K4T6, STM32C031K4U3, STM32C031K4U6, STM32C031K6T3, STM32C031K6T6, STM32C031K6U3, STM32C031K6U6, STM32C051C6T6, STM32C051C6U6, STM32C051C8T6, STM32C051C8U6, STM32C051D8Y6TR, STM32C051F6P6, STM32C051F8P6, STM32C051G6U6, STM32C051G8U6, STM32C051K6T6, STM32C051K6U6, STM32C051K8T6, STM32C071C8T6, STM32C071C8T6N, STM32C071C8U6, STM32C071C8U6N, STM32C071CBT6, STM32C071CBT6N, STM32C071CBU6, STM32C071CBU6N, STM32C071F8P6, STM32C071F8P6N, STM32C071FBP6, STM32C071FBP6N, STM32C071FBY6TR, STM32C071G8U6, STM32C071G8U6N, STM32C071GBU6, STM32C071GBU6N, STM32C071K8T6, STM32C071K8T6N, STM32C071K8U6, STM32C071K8U6N, STM32C071KBT6, STM32C071KBT6N, STM32C071KBU6, STM32C071KBU6N, STM32C071R8T6, STM32C071R8T6N, STM32C071RBI6N, STM32C071RBT6, STM32C071RBT6N, STM32C091CBT6, STM32C091CBU6, STM32C091CCT6, STM32C091CCU6, STM32C091ECY6TR, STM32C091FBP6, STM32C091FCP6, STM32C091GBU6, STM32C091GCU6, STM32C091KBT6, STM32C091KBU6, STM32C091KCT6, STM32C091KCU6, STM32C091RBT6, STM32C091RCI6, STM32C091RCT6, STM32C092CBT6, STM32C092CBU6, STM32C092CCT6, STM32C092CCU6, STM32C092ECY6TR, STM32C092FBP6, STM32C092FCP6, STM32C092GBU6, STM32C092GCU6, STM32C092KBT6, STM32C092KBU6, STM32C092KCT6, STM32C092KCU6, STM32C092RBT6, STM32C092RCI6, STM32C092RCT6, STM32G071K8TXN, STM32G071K8UXN, STM32G081GBU6N, STM32G081KBT6N, STM32G081KBUXN, STM32G0B1CCT6N, STM32G0B1KCT6, STM32G0B1NEY6TR, STM32G0B1RCT6N, STM32G0C1CCT6, STM32G0C1CCT6N, STM32G0C1CCU6N, STM32G0C1CET6N, STM32G0C1CEU6N, STM32G0C1KCT6, STM32G0C1NEY6TR, STM32G0C1RCI6N, STM32G0C1RCT6N, STM32G0C1REI6N, STM32G0C1RET6N, STM32G0C1VCI6, STM32G0C1VEI6, STM32G411C6T3, STM32G411C6T6, STM32G411C6U3, STM32G411C6U6, STM32G411C8T3, STM32G411C8T6, STM32G411C8U3, STM32G411C8U6, STM32G411CBT3, STM32G411CBT6, STM32G411CBU3, STM32G411CBU6, STM32G411K6T3, STM32G411K6T6, STM32G411K6U3, STM32G411K6U6, STM32G411K8T3, STM32G411K8T6, STM32G411K8U3, STM32G411K8U6, STM32G411KBT3, STM32G411KBT6, STM32G411KBU3, STM32G411KBU6, STM32G411M6T3, STM32G411M6T6, STM32G411M8T3, STM32G411M8T6, STM32G411MBT3, STM32G411MBT6, STM32G411R6T3, STM32G411R6T6, STM32G411R8T3, STM32G411R8T6, STM32G411RBT3, STM32G411RBT6, STM32G414CBT3, STM32G414CBT6, STM32G414CBU3, STM32G414CBU6, STM32G414CCT3, STM32G414CCT6, STM32G414CCU3, STM32G414CCU6, STM32G414MBT3, STM32G414MBT6, STM32G414MCT3, STM32G414MCT6, STM32G414RBT3, STM32G414RBT6, STM32G414RCT3, STM32G414RCT6, STM32G414VBT3, STM32G414VBT6, STM32G414VCT3, STM32G414VCT6, STM32G431CBT3Z, STM32G431RBT3Z, STM32G471CCT6, STM32G471CCU6, STM32G471CET3, STM32G471CET6, STM32G471CEU3, STM32G471CEU6, STM32G471MCT6, STM32G471MET3, STM32G471MET6, STM32G471MEY6TR, STM32G471QCT6, STM32G471QET3, STM32G471RCT6, STM32G471RET3, STM32G471RET6, STM32G471VCH6, STM32G471VCI6, STM32G471VCT6, STM32G471VEH3, STM32G471VEH6, STM32G471VEI3, STM32G471VEI6, STM32G471VET3, STM32G471VET6, STM32G473QET3Z, STM32G473RET3Z, STM32G474CCT6, STM32G491RET3Z, STM32H503CBT6, STM32H503CBU6, STM32H503EBY6TR, STM32H503KBU6, STM32H503RBT6, STM32H523CCT6, STM32H523CCU6, STM32H523CET6, STM32H523CEU6, STM32H523HEY6TR, STM32H523RCT6, STM32H523RET6, STM32H523VCI6, STM32H523VCT6, STM32H523VEI6, STM32H523VET6, STM32H523ZCJ6, STM32H523ZCT6, STM32H523ZEJ6, STM32H523ZET6, STM32H533CET6, STM32H533CEU6, STM32H533HEY6TR, STM32H533RET6, STM32H533VEI6, STM32H533VET6, STM32H533ZEJ6, STM32H533ZET6, STM32H562AGI6, STM32H562AII6, STM32H562IGK6, STM32H562IGT6, STM32H562IIK6, STM32H562IIT6, STM32H562RGT6, STM32H562RGV6, STM32H562RIT6, STM32H562RIV6, STM32H562VGT6, STM32H562VIT6, STM32H562ZGT6, STM32H562ZIT6, STM32H563AGI6, STM32H563AII3Q, STM32H563AII6, STM32H563IGK6, STM32H563IGT6, STM32H563IIK3Q, STM32H563IIK6, STM32H563IIT3Q, STM32H563IIT6, STM32H563MIY3QTR, STM32H563RGT6, STM32H563RGV6, STM32H563RIT6, STM32H563RIV6, STM32H563VGT6, STM32H563VIT3Q, STM32H563VIT6, STM32H563ZGT6, STM32H563ZIT3Q, STM32H563ZIT6, STM32H573AII3Q, STM32H573AII6, STM32H573I-DK, STM32H573IIK3Q, STM32H573IIK6, STM32H573IIT3Q, STM32H573IIT6, STM32H573MIY3QTR, STM32H573RIT6, STM32H573RIV6, STM32H573VIT3Q, STM32H573VIT6, STM32H573ZIT3Q, STM32H573ZIT6, STM32H7R3A8I6, STM32H7R3I8K6, STM32H7R3I8T6, STM32H7R3L8H6, STM32H7R3L8H6H, STM32H7R3R8V6, STM32H7R3V8H6, STM32H7R3V8T6, STM32H7R3V8Y6TR, STM32H7R3Z8J6, STM32H7R3Z8T6, STM32H7R7A8I6, STM32H7R7I8K6, STM32H7R7I8T6, STM32H7R7L8H6, STM32H7R7L8H6H, STM32H7R7Z8J6, STM32H7S3A8I6, STM32H7S3I8K6, STM32H7S3I8T6, STM32H7S3L8H6, STM32H7S3L8H6H, STM32H7S3R8V6, STM32H7S3V8H6, STM32H7S3V8T6, STM32H7S3V8Y6TR, STM32H7S3Z8J6, STM32H7S3Z8T6, STM32H7S78-DK, STM32H7S7A8I6, STM32H7S7I8K6, STM32H7S7I8T6, STM32H7S7L8H6, STM32H7S7L8H6H, STM32H7S7Z8J6, STM32L4R5QGI6STR, STM32MP131AAE3, STM32MP131AAF3, STM32MP131AAG3, STM32MP131CAE3, STM32MP131CAF3, STM32MP131CAG3, STM32MP131DAE7, STM32MP131DAF7, STM32MP131DAG7, STM32MP131FAE7, STM32MP131FAF7, STM32MP131FAG7, STM32MP133AAE3, STM32MP133AAF3, STM32MP133AAG3, STM32MP133CAE3, STM32MP133CAF3, STM32MP133CAG3, STM32MP133DAE7, STM32MP133DAF7, STM32MP133DAG7, STM32MP133FAE7, STM32MP133FAF7, STM32MP133FAG7, STM32MP135AAE3, STM32MP135AAF3, STM32MP135AAG3, STM32MP135CAE3, STM32MP135CAF3, STM32MP135CAG3, STM32MP135DAE7, STM32MP135DAF7, STM32MP135DAG7, STM32MP135F-DK, STM32MP135FAE7, STM32MP135FAF7, STM32MP135FAF7T, STM32MP135FAF7U, STM32MP135FAG7, STM32MP211AAL3, STM32MP211AAM3, STM32MP211AAN3, STM32MP211AAO3, STM32MP211CAL3, STM32MP211CAM3, STM32MP211CAN3, STM32MP211CAO3, STM32MP211DAL3, STM32MP211DAM3, STM32MP211DAN3, STM32MP211DAO3, STM32MP211FAL3, STM32MP211FAM3, STM32MP211FAN3, STM32MP211FAO3, STM32MP213AAL3, STM32MP213AAM3, STM32MP213AAN3, STM32MP213AAO3, STM32MP213CAL3, STM32MP213CAM3, STM32MP213CAN3, STM32MP213CAO3, STM32MP213DAL3, STM32MP213DAM3, STM32MP213DAN3, STM32MP213DAO3, STM32MP213FAL3, STM32MP213FAM3, STM32MP213FAN3, STM32MP213FAO3, STM32MP215AAL3, STM32MP215AAM3, STM32MP215AAN3, STM32MP215AAO3, STM32MP215CAL3, STM32MP215CAM3, STM32MP215CAN3, STM32MP215CAO3, STM32MP215DAL3, STM32MP215DAM3, STM32MP215DAN3, STM32MP215DAO3, STM32MP215F-DK, STM32MP215FAL3, STM32MP215FAM3, STM32MP215FAN3, STM32MP215FAO3, STM32MP231AAJ3, STM32MP231AAK3, STM32MP231AAL3, STM32MP231CAJ3, STM32MP231CAK3, STM32MP231CAL3, STM32MP231DAJ3, STM32MP231DAK3, STM32MP231DAL3, STM32MP231FAJ3, STM32MP231FAK3, STM32MP231FAL3, STM32MP233AAJ3, STM32MP233AAK3, STM32MP233AAL3, STM32MP233CAJ3, STM32MP233CAK3, STM32MP233CAL3, STM32MP233DAJ3, STM32MP233DAK3, STM32MP233DAL3, STM32MP233FAJ3, STM32MP233FAK3, STM32MP233FAL3, STM32MP235AAJ3, STM32MP235AAK3, STM32MP235AAL3, STM32MP235CAJ3, STM32MP235CAK3, STM32MP235CAL3, STM32MP235DAJ3, STM32MP235DAK3, STM32MP235DAL3, STM32MP235FAJ3, STM32MP235FAK3, STM32MP235FAL3, STM32MP251AAI3, STM32MP251AAK3, STM32MP251AAL3, STM32MP251CAI3, STM32MP251CAK3, STM32MP251CAL3, STM32MP251DAI3, STM32MP251DAK3, STM32MP251DAL3, STM32MP251FAI3, STM32MP251FAK3, STM32MP251FAL3, STM32MP253AAI3, STM32MP253AAK3, STM32MP253AAL3, STM32MP253CAI3, STM32MP253CAK3, STM32MP253CAL3, STM32MP253DAI3, STM32MP253DAK3, STM32MP253DAL3, STM32MP253FAI3, STM32MP253FAK3, STM32MP253FAL3, STM32MP255AAI3, STM32MP255AAK3, STM32MP255AAL3, STM32MP255CAI3, STM32MP255CAK3, STM32MP255CAL3, STM32MP255DAI3, STM32MP255DAK3, STM32MP255DAL3, STM32MP255FAI3, STM32MP255FAK3, STM32MP255FAL3, STM32MP257AAI3, STM32MP257AAK3, STM32MP257AAL3, STM32MP257CAI3, STM32MP257CAK3, STM32MP257CAL3, STM32MP257DAI3, STM32MP257DAK3, STM32MP257DAL3, STM32MP257F-DK, STM32MP257F-EV1, STM32MP257FAI3, STM32MP257FAK3, STM32MP257FAL3, STM32N645A0H3Q, STM32N645B0H3Q, STM32N645I0H3Q, STM32N645L0H3Q, STM32N645X0H3Q, STM32N645Z0H3Q, STM32N647A0H3Q, STM32N647B0H3Q, STM32N647I0H3Q, STM32N647L0H3Q, STM32N647X0H3Q, STM32N647Z0H3Q, STM32N655A0H3Q, STM32N655B0H3Q, STM32N655I0H3Q, STM32N655L0H3Q, STM32N655X0H3Q, STM32N655Z0H3Q, STM32N6570-DK, STM32N657A0H3Q, STM32N657B0H3Q, STM32N657I0H3Q, STM32N657L0H3Q, STM32N657X0H3Q, STM32N657Z0H3Q, STM32U031C6T6, STM32U031C6U6, STM32U031C8T6, STM32U031C8U6, STM32U031F4P6, STM32U031F6P6, STM32U031F8P6, STM32U031G6Y6TR, STM32U031G8Y6TR, STM32U031K4U6, STM32U031K6U6, STM32U031K8U6, STM32U031R6I6, STM32U031R6T6, STM32U031R8I6, STM32U031R8T6, STM32U073C8T6, STM32U073C8U6, STM32U073CBT6, STM32U073CBU6, STM32U073CCT6, STM32U073CCU6, STM32U073H8Y6TR, STM32U073HBY6TR, STM32U073HCY6TR, STM32U073K8U6, STM32U073KBU6, STM32U073KCU6, STM32U073M8I6, STM32U073M8T6, STM32U073MBI6, STM32U073MBT6, STM32U073MCI6, STM32U073MCT6, STM32U073R8I6, STM32U073R8T6, STM32U073RBI6, STM32U073RBT6, STM32U073RCI6, STM32U073RCT6, STM32U083C-DK, STM32U083CCT6, STM32U083CCU6, STM32U083HCY6TR, STM32U083KCU6, STM32U083MCI6, STM32U083MCT6, STM32U083RCI6, STM32U083RCT6, STM32U375CET6, STM32U375CET6Q, STM32U375CEU6, STM32U375CEU6Q, STM32U375CEY6QTR, STM32U375CGT6, STM32U375CGT6Q, STM32U375CGU6, STM32U375CGU6Q, STM32U375CGY6QTR, STM32U375KEU6, STM32U375KGU6, STM32U375REI6, STM32U375REI6Q, STM32U375RET6, STM32U375RET6Q, STM32U375REY6GTR, STM32U375REY6QTR, STM32U375RGI6, STM32U375RGI6Q, STM32U375RGT6, STM32U375RGT6Q, STM32U375RGY6GTR, STM32U375RGY6QTR, STM32U375VEI6, STM32U375VEI6Q, STM32U375VET6, STM32U375VET6Q, STM32U375VGI6, STM32U375VGI6Q, STM32U375VGT6, STM32U375VGT6Q, STM32U385CGT6, STM32U385CGT6Q, STM32U385CGU6, STM32U385CGU6Q, STM32U385CGY6QTR, STM32U385KGU6, STM32U385RGI6, STM32U385RGI6Q, STM32U385RGT6, STM32U385RGT6Q, STM32U385RGY6GTR, STM32U385RGY6QTR, STM32U385VGI6, STM32U385VGI6Q, STM32U385VGT6, STM32U385VGT6Q, STM32U535CBT6, STM32U535CBT6Q, STM32U535CBU6, STM32U535CBU6Q, STM32U535CCT6, STM32U535CCT6Q, STM32U535CCU6, STM32U535CCU6Q, STM32U535CET6, STM32U535CET6Q, STM32U535CEU6, STM32U535CEU6Q, STM32U535JEY6QTR, STM32U535NCY6QTR, STM32U535NEY6QTR, STM32U535RBI6, STM32U535RBI6Q, STM32U535RBT6, STM32U535RBT6Q, STM32U535RCI6, STM32U535RCI6Q, STM32U535RCT6, STM32U535RCT6Q, STM32U535REI6, STM32U535REI6Q, STM32U535RET6, STM32U535RET6Q, STM32U535VCI6, STM32U535VCI6Q, STM32U535VCT6, STM32U535VCT6Q, STM32U535VEI6, STM32U535VEI6Q, STM32U535VET6, STM32U535VET6Q, STM32U545CET6, STM32U545CET6Q, STM32U545CEU6, STM32U545CEU6Q, STM32U545JEY6QTR, STM32U545NEY6QTR, STM32U545REI6, STM32U545REI6Q, STM32U545RET6, STM32U545RET6Q, STM32U545VEI6, STM32U545VEI6Q, STM32U545VET6, STM32U545VET6Q, STM32U595AIH6, STM32U595AIH6Q, STM32U595AJH6, STM32U595AJH6Q, STM32U595QII6, STM32U595QII6Q, STM32U595QJI6, STM32U595QJI6Q, STM32U595RIT6, STM32U595RIT6Q, STM32U595RJT6, STM32U595RJT6Q, STM32U595VIT6, STM32U595VIT6Q, STM32U595VJT6, STM32U595VJT6Q, STM32U595ZIT6, STM32U595ZIT6Q, STM32U595ZIY6QTR, STM32U595ZJT6, STM32U595ZJT6Q, STM32U595ZJY6QTR, STM32U599BJY6QTR, STM32U599NIH6Q, STM32U599NJH6Q, STM32U599VIT6Q, STM32U599VJT6, STM32U599VJT6Q, STM32U599ZIT6Q, STM32U599ZIY6QTR, STM32U599ZJT6Q, STM32U599ZJY6QTR, STM32U5A5AJH6, STM32U5A5AJH6Q, STM32U5A5QII3Q , STM32U5A5QJI6, STM32U5A5QJI6Q, STM32U5A5RJT6, STM32U5A5RJT6Q, STM32U5A5VJT6, STM32U5A5VJT6Q, STM32U5A5ZJT6, STM32U5A5ZJT6Q, STM32U5A5ZJY6QTR, STM32U5A9BJY6QTR, STM32U5A9J-DK, STM32U5A9NJH6Q, STM32U5A9VJT6Q, STM32U5A9ZJT6Q, STM32U5A9ZJY6QTR, STM32U5F7VIT6, STM32U5F7VIT6Q, STM32U5F7VJT6, STM32U5F7VJT6Q, STM32U5F9BJY6QTR, STM32U5F9NJH6Q, STM32U5F9VIT6Q, STM32U5F9VJT6Q, STM32U5F9ZIJ6QTR, STM32U5F9ZIT6Q, STM32U5F9ZJJ6QTR, STM32U5F9ZJT6Q, STM32U5G7VJT6, STM32U5G7VJT6Q, STM32U5G9BJY6QTR, STM32U5G9J-DK1, STM32U5G9J-DK2, STM32U5G9NJH6Q, STM32U5G9VJT6Q, STM32U5G9ZJJ6QTR, STM32U5G9ZJT6Q, STM32WB05KZV6TR, STM32WB05KZV7TR, STM32WB05TZF6TR, STM32WB05TZF7TR, STM32WB06CCF6TR, STM32WB06CCF7TR, STM32WB06CCV6TR, STM32WB06CCV7TR, STM32WB06KCV6TR, STM32WB06KCV7TR, STM32WB07CCF6TR, STM32WB07CCF7TR, STM32WB07CCV6TR, STM32WB07CCV7TR, STM32WB07KCV6TR, STM32WB07KCV7TR, STM32WB09KEV6TR, STM32WB09KEV7TR, STM32WB09TEF6TR, STM32WB09TEF7TR, STM32WB1MMCH6, STM32WBA50KGU6, STM32WBA50KGU6TR, STM32WBA52CEU6, STM32WBA52CEU6TR, STM32WBA52CEU7, STM32WBA52CEU7TR, STM32WBA52CGU6, STM32WBA52CGU6TR, STM32WBA52CGU6U, STM32WBA52CGU7, STM32WBA52CGU7TR, STM32WBA52KEU6, STM32WBA52KEU6TR, STM32WBA52KGU6, STM32WBA52KGU6TR, STM32WBA54CEU6, STM32WBA54CEU6TR, STM32WBA54CEU7, STM32WBA54CEU7TR, STM32WBA54CGU6, STM32WBA54CGU6TR, STM32WBA54CGU7, STM32WBA54CGU7TR, STM32WBA54KEU6, STM32WBA54KEU6TR, STM32WBA54KEU7, STM32WBA54KEU7TR, STM32WBA54KGU6, STM32WBA54KGU6TR, STM32WBA54KGU7, STM32WBA54KGU7TR, STM32WBA55CEU6, STM32WBA55CEU6TR, STM32WBA55CEU7, STM32WBA55CEU7TR, STM32WBA55CGU6, STM32WBA55CGU6TR, STM32WBA55CGU6U, STM32WBA55CGU7, STM32WBA55CGU7TR, STM32WBA55G-DK1, STM32WBA55HEF6, STM32WBA55HEF7, STM32WBA55HGF6, STM32WBA55HGF7, STM32WBA55UEI6, STM32WBA55UEI6TR, STM32WBA55UEI7, STM32WBA55UEI7TR, STM32WBA55UGI6, STM32WBA55UGI6TR, STM32WBA55UGI7, STM32WBA55UGI7TR, STM32WBA5MMGH6TR, STM32WBA62MGF6, STM32WBA62MIF6, STM32WBA65MGF7, STM32WBA65MIF6, STM32WBA65MIF7, STM32WL30K8V6, STM32WL30KBV6, STM32WL31C8V6, STM32WL31CBV6, STM32WL31K8V6, STM32WL31KBV6, STM32WL33C8V6, STM32WL33C8V6X, STM32WL33CBV6, STM32WL33CBV6X, STM32WL33CCV6, STM32WL33CCV6A, STM32WL33CCV6X, STM32WL33K8V7, STM32WL33K8V7X, STM32WL33KBV7 , STM32WL33KBV7X, STM32WL33KCV7, STM32WL33KCV7X, STM32WL5MOCH6, STM32WL5MOCH6TR]
2025-11-23 13:15:50,665 [INFO] ApiDb:668 - CubeFinder database Data Model version=2.1
2025-11-23 13:15:50,665 [INFO] ApiDb:669 - CubeFinder database Configuration version=3.0.39
2025-11-23 13:15:50,665 [INFO] ApiDb:670 - CubeFinder database generation date=2025-11-05 (1762334721)
2025-11-23 13:15:50,665 [INFO] ApiDb:671 - CubeFinder database FW Pack versions=[FP-ATR-ASTRA1_V2.0.0, FP-SNS-FLIGHT1_V5.1.0, FP-SNS-MOTENV1_V5.1.0, FP-SNS-MOTENVWB1_V1.4.0, FP-SNS-SMARTAG2_V1.2.0, FP-SNS-STBOX1_V2.1.0, STM32Cube_FW_C0_V1.4.0, STM32Cube_FW_F4_V1.28.3, STM32Cube_FW_F7_V1.17.4, STM32Cube_FW_G0_V1.6.2, STM32Cube_FW_G4_V1.6.1, STM32Cube_FW_H5_V1.5.1, STM32Cube_FW_H7RS_V1.3.0, STM32Cube_FW_H7_V1.12.1, STM32Cube_FW_L0_V1.12.2, STM32Cube_FW_L4_V1.18.1, STM32Cube_FW_L5_V1.6.0, STM32Cube_FW_N6_V1.3.0, STM32Cube_FW_U0_V1.3.0, STM32Cube_FW_U3_V1.2.1, STM32Cube_FW_U5_V1.8.0, STM32Cube_FW_WB0_V1.4.0, STM32Cube_FW_WBA_V1.8.0, STM32Cube_FW_WB_V1.24.0, STM32Cube_FW_WL3_V1.3.0, STM32Cube_FW_WL_V1.4.0, X-CUBE-ALGOBUILD_V1.4.0, X-CUBE-ALS_V1.0.2, X-CUBE-AZRTOS-F4_V1.1.0, X-CUBE-AZRTOS-F7_V1.1.0, X-CUBE-AZRTOS-G0_V1.1.0, X-CUBE-AZRTOS-G4_V2.0.0, X-CUBE-AZRTOS-H7RS_V1.1.0, X-CUBE-AZRTOS-H7_V3.4.0, X-CUBE-AZRTOS-L4_V2.0.0, X-CUBE-AZRTOS-L5_V2.0.0, X-CUBE-AZRTOS-WB_V2.0.0, X-CUBE-AZRTOS-WL_V2.0.0, X-CUBE-BLE1_V7.1.0, X-CUBE-BLE2_V3.3.0, X-CUBE-BLEMGR_V4.1.0, X-CUBE-EEPRMA1_V5.2.0, X-CUBE-FREERTOS_V1.3.1, X-CUBE-GNSS1_V6.0.0, X-CUBE-MEMS1_V11.3.0, X-CUBE-NFC4_V3.0.0, X-CUBE-NFC7_V2.0.0, X-CUBE-SFXS2LP1_V4.0.0, X-CUBE-ST67W61_V1.1.0, X-CUBE-SUBG2_V5.0.0, X-CUBE-TOF1_V3.4.3]
2025-11-23 13:15:52,326 [INFO] ApiDb:240 - Found 880 in-development CPN: [B-G473E-ZEST1S, B-WB1M-WPAN1, B-WBA5M-WPAN, B-WL5M-SUBG1, NUCLEO-C031C6, NUCLEO-C051C8, NUCLEO-C071RB, NUCLEO-C092RC, NUCLEO-H503RB, NUCLEO-H533RE, NUCLEO-H563ZI, NUCLEO-H7S3L8, NUCLEO-N657X0-Q, NUCLEO-U031R8, NUCLEO-U083RC, NUCLEO-U385RG-Q, NUCLEO-U545RE-Q, NUCLEO-U5A5ZJ-Q, NUCLEO-WB05KZ, NUCLEO-WB07CC, NUCLEO-WB09KE, NUCLEO-WBA52CG, NUCLEO-WBA55CG, NUCLEO-WL33CC1, NUCLEO-WL33CC2, STEVAL-PROTEUS1, STEVAL-SMARTAG2, STEVAL-STWINBX1, STM320518-EVAL, STM32C0116-DK, STM32C011D6Y3TR, STM32C011D6Y6TR, STM32C011F4P3, STM32C011F4P6, STM32C011F4U3, STM32C011F4U6TR, STM32C011F6P3, STM32C011F6P6, STM32C011F6U3, STM32C011F6U6TR, STM32C011J4M3, STM32C011J4M6, STM32C011J6M3, STM32C011J6M6, STM32C0316-DK, STM32C031C4T3, STM32C031C4T6, STM32C031C4U3, STM32C031C4U6, STM32C031C6T3, STM32C031C6T6, STM32C031C6U3, STM32C031C6U6, STM32C031F4P3, STM32C031F4P6, STM32C031F6P3, STM32C031F6P6, STM32C031G4U3, STM32C031G4U6, STM32C031G6U3, STM32C031G6U6, STM32C031K4T3, STM32C031K4T6, STM32C031K4U3, STM32C031K4U6, STM32C031K6T3, STM32C031K6T6, STM32C031K6U3, STM32C031K6U6, STM32C051C6T6, STM32C051C6U6, STM32C051C8T6, STM32C051C8U6, STM32C051D8Y6TR, STM32C051F6P6, STM32C051F8P6, STM32C051G6U6, STM32C051G8U6, STM32C051K6T6, STM32C051K6U6, STM32C051K8T6, STM32C071C8T6, STM32C071C8T6N, STM32C071C8U6, STM32C071C8U6N, STM32C071CBT6, STM32C071CBT6N, STM32C071CBU6, STM32C071CBU6N, STM32C071F8P6, STM32C071F8P6N, STM32C071FBP6, STM32C071FBP6N, STM32C071FBY6TR, STM32C071G8U6, STM32C071G8U6N, STM32C071GBU6, STM32C071GBU6N, STM32C071K8T6, STM32C071K8T6N, STM32C071K8U6, STM32C071K8U6N, STM32C071KBT6, STM32C071KBT6N, STM32C071KBU6, STM32C071KBU6N, STM32C071R8T6, STM32C071R8T6N, STM32C071RBI6N, STM32C071RBT6, STM32C071RBT6N, STM32C091CBT6, STM32C091CBU6, STM32C091CCT6, STM32C091CCU6, STM32C091ECY6TR, STM32C091FBP6, STM32C091FCP6, STM32C091GBU6, STM32C091GCU6, STM32C091KBT6, STM32C091KBU6, STM32C091KCT6, STM32C091KCU6, STM32C091RBT6, STM32C091RCI6, STM32C091RCT6, STM32C092CBT6, STM32C092CBU6, STM32C092CCT6, STM32C092CCU6, STM32C092ECY6TR, STM32C092FBP6, STM32C092FCP6, STM32C092GBU6, STM32C092GCU6, STM32C092KBT6, STM32C092KBU6, STM32C092KCT6, STM32C092KCU6, STM32C092RBT6, STM32C092RCI6, STM32C092RCT6, STM32G071K8TXN, STM32G071K8UXN, STM32G081GBU6N, STM32G081KBT6N, STM32G081KBUXN, STM32G0B1CCT6N, STM32G0B1KCT6, STM32G0B1NEY6TR, STM32G0B1RCT6N, STM32G0C1CCT6, STM32G0C1CCT6N, STM32G0C1CCU6N, STM32G0C1CET6N, STM32G0C1CEU6N, STM32G0C1KCT6, STM32G0C1NEY6TR, STM32G0C1RCI6N, STM32G0C1RCT6N, STM32G0C1REI6N, STM32G0C1RET6N, STM32G0C1VCI6, STM32G0C1VEI6, STM32G411C6T3, STM32G411C6T6, STM32G411C6U3, STM32G411C6U6, STM32G411C8T3, STM32G411C8T6, STM32G411C8U3, STM32G411C8U6, STM32G411CBT3, STM32G411CBT6, STM32G411CBU3, STM32G411CBU6, STM32G411K6T3, STM32G411K6T6, STM32G411K6U3, STM32G411K6U6, STM32G411K8T3, STM32G411K8T6, STM32G411K8U3, STM32G411K8U6, STM32G411KBT3, STM32G411KBT6, STM32G411KBU3, STM32G411KBU6, STM32G411M6T3, STM32G411M6T6, STM32G411M8T3, STM32G411M8T6, STM32G411MBT3, STM32G411MBT6, STM32G411R6T3, STM32G411R6T6, STM32G411R8T3, STM32G411R8T6, STM32G411RBT3, STM32G411RBT6, STM32G414CBT3, STM32G414CBT6, STM32G414CBU3, STM32G414CBU6, STM32G414CCT3, STM32G414CCT6, STM32G414CCU3, STM32G414CCU6, STM32G414MBT3, STM32G414MBT6, STM32G414MCT3, STM32G414MCT6, STM32G414RBT3, STM32G414RBT6, STM32G414RCT3, STM32G414RCT6, STM32G414VBT3, STM32G414VBT6, STM32G414VCT3, STM32G414VCT6, STM32G431CBT3Z, STM32G431RBT3Z, STM32G471CCT6, STM32G471CCU6, STM32G471CET3, STM32G471CET6, STM32G471CEU3, STM32G471CEU6, STM32G471MCT6, STM32G471MET3, STM32G471MET6, STM32G471MEY6TR, STM32G471QCT6, STM32G471QET3, STM32G471RCT6, STM32G471RET3, STM32G471RET6, STM32G471VCH6, STM32G471VCI6, STM32G471VCT6, STM32G471VEH3, STM32G471VEH6, STM32G471VEI3, STM32G471VEI6, STM32G471VET3, STM32G471VET6, STM32G473QET3Z, STM32G473RET3Z, STM32G474CCT6, STM32G491RET3Z, STM32H503CBT6, STM32H503CBU6, STM32H503EBY6TR, STM32H503KBU6, STM32H503RBT6, STM32H523CCT6, STM32H523CCU6, STM32H523CET6, STM32H523CEU6, STM32H523HEY6TR, STM32H523RCT6, STM32H523RET6, STM32H523VCI6, STM32H523VCT6, STM32H523VEI6, STM32H523VET6, STM32H523ZCJ6, STM32H523ZCT6, STM32H523ZEJ6, STM32H523ZET6, STM32H533CET6, STM32H533CEU6, STM32H533HEY6TR, STM32H533RET6, STM32H533VEI6, STM32H533VET6, STM32H533ZEJ6, STM32H533ZET6, STM32H562AGI6, STM32H562AII6, STM32H562IGK6, STM32H562IGT6, STM32H562IIK6, STM32H562IIT6, STM32H562RGT6, STM32H562RGV6, STM32H562RIT6, STM32H562RIV6, STM32H562VGT6, STM32H562VIT6, STM32H562ZGT6, STM32H562ZIT6, STM32H563AGI6, STM32H563AII3Q, STM32H563AII6, STM32H563IGK6, STM32H563IGT6, STM32H563IIK3Q, STM32H563IIK6, STM32H563IIT3Q, STM32H563IIT6, STM32H563MIY3QTR, STM32H563RGT6, STM32H563RGV6, STM32H563RIT6, STM32H563RIV6, STM32H563VGT6, STM32H563VIT3Q, STM32H563VIT6, STM32H563ZGT6, STM32H563ZIT3Q, STM32H563ZIT6, STM32H573AII3Q, STM32H573AII6, STM32H573I-DK, STM32H573IIK3Q, STM32H573IIK6, STM32H573IIT3Q, STM32H573IIT6, STM32H573MIY3QTR, STM32H573RIT6, STM32H573RIV6, STM32H573VIT3Q, STM32H573VIT6, STM32H573ZIT3Q, STM32H573ZIT6, STM32H7R3A8I6, STM32H7R3I8K6, STM32H7R3I8T6, STM32H7R3L8H6, STM32H7R3L8H6H, STM32H7R3R8V6, STM32H7R3V8H6, STM32H7R3V8T6, STM32H7R3V8Y6TR, STM32H7R3Z8J6, STM32H7R3Z8T6, STM32H7R7A8I6, STM32H7R7I8K6, STM32H7R7I8T6, STM32H7R7L8H6, STM32H7R7L8H6H, STM32H7R7Z8J6, STM32H7S3A8I6, STM32H7S3I8K6, STM32H7S3I8T6, STM32H7S3L8H6, STM32H7S3L8H6H, STM32H7S3R8V6, STM32H7S3V8H6, STM32H7S3V8T6, STM32H7S3V8Y6TR, STM32H7S3Z8J6, STM32H7S3Z8T6, STM32H7S78-DK, STM32H7S7A8I6, STM32H7S7I8K6, STM32H7S7I8T6, STM32H7S7L8H6, STM32H7S7L8H6H, STM32H7S7Z8J6, STM32L4R5QGI6STR, STM32MP131AAE3, STM32MP131AAF3, STM32MP131AAG3, STM32MP131CAE3, STM32MP131CAF3, STM32MP131CAG3, STM32MP131DAE7, STM32MP131DAF7, STM32MP131DAG7, STM32MP131FAE7, STM32MP131FAF7, STM32MP131FAG7, STM32MP133AAE3, STM32MP133AAF3, STM32MP133AAG3, STM32MP133CAE3, STM32MP133CAF3, STM32MP133CAG3, STM32MP133DAE7, STM32MP133DAF7, STM32MP133DAG7, STM32MP133FAE7, STM32MP133FAF7, STM32MP133FAG7, STM32MP135AAE3, STM32MP135AAF3, STM32MP135AAG3, STM32MP135CAE3, STM32MP135CAF3, STM32MP135CAG3, STM32MP135DAE7, STM32MP135DAF7, STM32MP135DAG7, STM32MP135F-DK, STM32MP135FAE7, STM32MP135FAF7, STM32MP135FAF7T, STM32MP135FAF7U, STM32MP135FAG7, STM32MP211AAL3, STM32MP211AAM3, STM32MP211AAN3, STM32MP211AAO3, STM32MP211CAL3, STM32MP211CAM3, STM32MP211CAN3, STM32MP211CAO3, STM32MP211DAL3, STM32MP211DAM3, STM32MP211DAN3, STM32MP211DAO3, STM32MP211FAL3, STM32MP211FAM3, STM32MP211FAN3, STM32MP211FAO3, STM32MP213AAL3, STM32MP213AAM3, STM32MP213AAN3, STM32MP213AAO3, STM32MP213CAL3, STM32MP213CAM3, STM32MP213CAN3, STM32MP213CAO3, STM32MP213DAL3, STM32MP213DAM3, STM32MP213DAN3, STM32MP213DAO3, STM32MP213FAL3, STM32MP213FAM3, STM32MP213FAN3, STM32MP213FAO3, STM32MP215AAL3, STM32MP215AAM3, STM32MP215AAN3, STM32MP215AAO3, STM32MP215CAL3, STM32MP215CAM3, STM32MP215CAN3, STM32MP215CAO3, STM32MP215DAL3, STM32MP215DAM3, STM32MP215DAN3, STM32MP215DAO3, STM32MP215F-DK, STM32MP215FAL3, STM32MP215FAM3, STM32MP215FAN3, STM32MP215FAO3, STM32MP231AAJ3, STM32MP231AAK3, STM32MP231AAL3, STM32MP231CAJ3, STM32MP231CAK3, STM32MP231CAL3, STM32MP231DAJ3, STM32MP231DAK3, STM32MP231DAL3, STM32MP231FAJ3, STM32MP231FAK3, STM32MP231FAL3, STM32MP233AAJ3, STM32MP233AAK3, STM32MP233AAL3, STM32MP233CAJ3, STM32MP233CAK3, STM32MP233CAL3, STM32MP233DAJ3, STM32MP233DAK3, STM32MP233DAL3, STM32MP233FAJ3, STM32MP233FAK3, STM32MP233FAL3, STM32MP235AAJ3, STM32MP235AAK3, STM32MP235AAL3, STM32MP235CAJ3, STM32MP235CAK3, STM32MP235CAL3, STM32MP235DAJ3, STM32MP235DAK3, STM32MP235DAL3, STM32MP235FAJ3, STM32MP235FAK3, STM32MP235FAL3, STM32MP251AAI3, STM32MP251AAK3, STM32MP251AAL3, STM32MP251CAI3, STM32MP251CAK3, STM32MP251CAL3, STM32MP251DAI3, STM32MP251DAK3, STM32MP251DAL3, STM32MP251FAI3, STM32MP251FAK3, STM32MP251FAL3, STM32MP253AAI3, STM32MP253AAK3, STM32MP253AAL3, STM32MP253CAI3, STM32MP253CAK3, STM32MP253CAL3, STM32MP253DAI3, STM32MP253DAK3, STM32MP253DAL3, STM32MP253FAI3, STM32MP253FAK3, STM32MP253FAL3, STM32MP255AAI3, STM32MP255AAK3, STM32MP255AAL3, STM32MP255CAI3, STM32MP255CAK3, STM32MP255CAL3, STM32MP255DAI3, STM32MP255DAK3, STM32MP255DAL3, STM32MP255FAI3, STM32MP255FAK3, STM32MP255FAL3, STM32MP257AAI3, STM32MP257AAK3, STM32MP257AAL3, STM32MP257CAI3, STM32MP257CAK3, STM32MP257CAL3, STM32MP257DAI3, STM32MP257DAK3, STM32MP257DAL3, STM32MP257F-DK, STM32MP257F-EV1, STM32MP257FAI3, STM32MP257FAK3, STM32MP257FAL3, STM32N645A0H3Q, STM32N645B0H3Q, STM32N645I0H3Q, STM32N645L0H3Q, STM32N645X0H3Q, STM32N645Z0H3Q, STM32N647A0H3Q, STM32N647B0H3Q, STM32N647I0H3Q, STM32N647L0H3Q, STM32N647X0H3Q, STM32N647Z0H3Q, STM32N655A0H3Q, STM32N655B0H3Q, STM32N655I0H3Q, STM32N655L0H3Q, STM32N655X0H3Q, STM32N655Z0H3Q, STM32N6570-DK, STM32N657A0H3Q, STM32N657B0H3Q, STM32N657I0H3Q, STM32N657L0H3Q, STM32N657X0H3Q, STM32N657Z0H3Q, STM32U031C6T6, STM32U031C6U6, STM32U031C8T6, STM32U031C8U6, STM32U031F4P6, STM32U031F6P6, STM32U031F8P6, STM32U031G6Y6TR, STM32U031G8Y6TR, STM32U031K4U6, STM32U031K6U6, STM32U031K8U6, STM32U031R6I6, STM32U031R6T6, STM32U031R8I6, STM32U031R8T6, STM32U073C8T6, STM32U073C8U6, STM32U073CBT6, STM32U073CBU6, STM32U073CCT6, STM32U073CCU6, STM32U073H8Y6TR, STM32U073HBY6TR, STM32U073HCY6TR, STM32U073K8U6, STM32U073KBU6, STM32U073KCU6, STM32U073M8I6, STM32U073M8T6, STM32U073MBI6, STM32U073MBT6, STM32U073MCI6, STM32U073MCT6, STM32U073R8I6, STM32U073R8T6, STM32U073RBI6, STM32U073RBT6, STM32U073RCI6, STM32U073RCT6, STM32U083C-DK, STM32U083CCT6, STM32U083CCU6, STM32U083HCY6TR, STM32U083KCU6, STM32U083MCI6, STM32U083MCT6, STM32U083RCI6, STM32U083RCT6, STM32U375CET6, STM32U375CET6Q, STM32U375CEU6, STM32U375CEU6Q, STM32U375CEY6QTR, STM32U375CGT6, STM32U375CGT6Q, STM32U375CGU6, STM32U375CGU6Q, STM32U375CGY6QTR, STM32U375KEU6, STM32U375KGU6, STM32U375REI6, STM32U375REI6Q, STM32U375RET6, STM32U375RET6Q, STM32U375REY6GTR, STM32U375REY6QTR, STM32U375RGI6, STM32U375RGI6Q, STM32U375RGT6, STM32U375RGT6Q, STM32U375RGY6GTR, STM32U375RGY6QTR, STM32U375VEI6, STM32U375VEI6Q, STM32U375VET6, STM32U375VET6Q, STM32U375VGI6, STM32U375VGI6Q, STM32U375VGT6, STM32U375VGT6Q, STM32U385CGT6, STM32U385CGT6Q, STM32U385CGU6, STM32U385CGU6Q, STM32U385CGY6QTR, STM32U385KGU6, STM32U385RGI6, STM32U385RGI6Q, STM32U385RGT6, STM32U385RGT6Q, STM32U385RGY6GTR, STM32U385RGY6QTR, STM32U385VGI6, STM32U385VGI6Q, STM32U385VGT6, STM32U385VGT6Q, STM32U535CBT6, STM32U535CBT6Q, STM32U535CBU6, STM32U535CBU6Q, STM32U535CCT6, STM32U535CCT6Q, STM32U535CCU6, STM32U535CCU6Q, STM32U535CET6, STM32U535CET6Q, STM32U535CEU6, STM32U535CEU6Q, STM32U535JEY6QTR, STM32U535NCY6QTR, STM32U535NEY6QTR, STM32U535RBI6, STM32U535RBI6Q, STM32U535RBT6, STM32U535RBT6Q, STM32U535RCI6, STM32U535RCI6Q, STM32U535RCT6, STM32U535RCT6Q, STM32U535REI6, STM32U535REI6Q, STM32U535RET6, STM32U535RET6Q, STM32U535VCI6, STM32U535VCI6Q, STM32U535VCT6, STM32U535VCT6Q, STM32U535VEI6, STM32U535VEI6Q, STM32U535VET6, STM32U535VET6Q, STM32U545CET6, STM32U545CET6Q, STM32U545CEU6, STM32U545CEU6Q, STM32U545JEY6QTR, STM32U545NEY6QTR, STM32U545REI6, STM32U545REI6Q, STM32U545RET6, STM32U545RET6Q, STM32U545VEI6, STM32U545VEI6Q, STM32U545VET6, STM32U545VET6Q, STM32U595AIH6, STM32U595AIH6Q, STM32U595AJH6, STM32U595AJH6Q, STM32U595QII6, STM32U595QII6Q, STM32U595QJI6, STM32U595QJI6Q, STM32U595RIT6, STM32U595RIT6Q, STM32U595RJT6, STM32U595RJT6Q, STM32U595VIT6, STM32U595VIT6Q, STM32U595VJT6, STM32U595VJT6Q, STM32U595ZIT6, STM32U595ZIT6Q, STM32U595ZIY6QTR, STM32U595ZJT6, STM32U595ZJT6Q, STM32U595ZJY6QTR, STM32U599BJY6QTR, STM32U599NIH6Q, STM32U599NJH6Q, STM32U599VIT6Q, STM32U599VJT6, STM32U599VJT6Q, STM32U599ZIT6Q, STM32U599ZIY6QTR, STM32U599ZJT6Q, STM32U599ZJY6QTR, STM32U5A5AJH6, STM32U5A5AJH6Q, STM32U5A5QII3Q , STM32U5A5QJI6, STM32U5A5QJI6Q, STM32U5A5RJT6, STM32U5A5RJT6Q, STM32U5A5VJT6, STM32U5A5VJT6Q, STM32U5A5ZJT6, STM32U5A5ZJT6Q, STM32U5A5ZJY6QTR, STM32U5A9BJY6QTR, STM32U5A9J-DK, STM32U5A9NJH6Q, STM32U5A9VJT6Q, STM32U5A9ZJT6Q, STM32U5A9ZJY6QTR, STM32U5F7VIT6, STM32U5F7VIT6Q, STM32U5F7VJT6, STM32U5F7VJT6Q, STM32U5F9BJY6QTR, STM32U5F9NJH6Q, STM32U5F9VIT6Q, STM32U5F9VJT6Q, STM32U5F9ZIJ6QTR, STM32U5F9ZIT6Q, STM32U5F9ZJJ6QTR, STM32U5F9ZJT6Q, STM32U5G7VJT6, STM32U5G7VJT6Q, STM32U5G9BJY6QTR, STM32U5G9J-DK1, STM32U5G9J-DK2, STM32U5G9NJH6Q, STM32U5G9VJT6Q, STM32U5G9ZJJ6QTR, STM32U5G9ZJT6Q, STM32WB05KZV6TR, STM32WB05KZV7TR, STM32WB05TZF6TR, STM32WB05TZF7TR, STM32WB06CCF6TR, STM32WB06CCF7TR, STM32WB06CCV6TR, STM32WB06CCV7TR, STM32WB06KCV6TR, STM32WB06KCV7TR, STM32WB07CCF6TR, STM32WB07CCF7TR, STM32WB07CCV6TR, STM32WB07CCV7TR, STM32WB07KCV6TR, STM32WB07KCV7TR, STM32WB09KEV6TR, STM32WB09KEV7TR, STM32WB09TEF6TR, STM32WB09TEF7TR, STM32WB1MMCH6, STM32WBA50KGU6, STM32WBA50KGU6TR, STM32WBA52CEU6, STM32WBA52CEU6TR, STM32WBA52CEU7, STM32WBA52CEU7TR, STM32WBA52CGU6, STM32WBA52CGU6TR, STM32WBA52CGU6U, STM32WBA52CGU7, STM32WBA52CGU7TR, STM32WBA52KEU6, STM32WBA52KEU6TR, STM32WBA52KGU6, STM32WBA52KGU6TR, STM32WBA54CEU6, STM32WBA54CEU6TR, STM32WBA54CEU7, STM32WBA54CEU7TR, STM32WBA54CGU6, STM32WBA54CGU6TR, STM32WBA54CGU7, STM32WBA54CGU7TR, STM32WBA54KEU6, STM32WBA54KEU6TR, STM32WBA54KEU7, STM32WBA54KEU7TR, STM32WBA54KGU6, STM32WBA54KGU6TR, STM32WBA54KGU7, STM32WBA54KGU7TR, STM32WBA55CEU6, STM32WBA55CEU6TR, STM32WBA55CEU7, STM32WBA55CEU7TR, STM32WBA55CGU6, STM32WBA55CGU6TR, STM32WBA55CGU6U, STM32WBA55CGU7, STM32WBA55CGU7TR, STM32WBA55G-DK1, STM32WBA55HEF6, STM32WBA55HEF7, STM32WBA55HGF6, STM32WBA55HGF7, STM32WBA55UEI6, STM32WBA55UEI6TR, STM32WBA55UEI7, STM32WBA55UEI7TR, STM32WBA55UGI6, STM32WBA55UGI6TR, STM32WBA55UGI7, STM32WBA55UGI7TR, STM32WBA5MMGH6TR, STM32WBA62MGF6, STM32WBA62MIF6, STM32WBA65MGF7, STM32WBA65MIF6, STM32WBA65MIF7, STM32WL30K8V6, STM32WL30KBV6, STM32WL31C8V6, STM32WL31CBV6, STM32WL31K8V6, STM32WL31KBV6, STM32WL33C8V6, STM32WL33C8V6X, STM32WL33CBV6, STM32WL33CBV6X, STM32WL33CCV6, STM32WL33CCV6A, STM32WL33CCV6X, STM32WL33K8V7, STM32WL33K8V7X, STM32WL33KBV7 , STM32WL33KBV7X, STM32WL33KCV7, STM32WL33KCV7X, STM32WL5MOCH6, STM32WL5MOCH6TR]
2025-11-23 13:15:52,331 [INFO] DbMcus:218 - Found 4876 MCUs, 4876 are supported
2025-11-23 13:15:52,331 [INFO] ApiDb:423 - Load user favorites file C:\Users\user/.stm32cubeide/favorites.mcus.txt: 0 item(s)
2025-11-23 13:15:52,331 [INFO] ApiDb:427 - User favorites MCUs=[]
2025-11-23 13:15:52,331 [INFO] DbMcus:224 - Set 0 / 0 favorites MCUs
2025-11-23 13:15:52,936 [INFO] BoardInfo:889 - No configuration file found for board P-NUCLEO-WB55
2025-11-23 13:15:52,937 [INFO] DbBoards:161 - Kit is not supported: P-NUCLEO-WB55
2025-11-23 13:15:52,944 [INFO] BoardInfo:889 - No configuration file found for board STEVAL-BFA001V1B
2025-11-23 13:15:52,945 [INFO] DbBoards:161 - Kit is not supported: STEVAL-BFA001V1B
2025-11-23 13:15:52,946 [INFO] BoardInfo:889 - No configuration file found for board STEVAL-BFA001V2B
2025-11-23 13:15:52,947 [INFO] DbBoards:161 - Kit is not supported: STEVAL-BFA001V2B
2025-11-23 13:15:53,151 [INFO] DbBoards:168 - Found 212 boards, 209 are supported
2025-11-23 13:15:53,151 [INFO] DbBoards:169 - Found 212 boards, 43 of them is supported for  Bsp
2025-11-23 13:15:53,153 [INFO] ApiDb:423 - Load user favorites file C:\Users\user/.stm32cubeide/favorites.boards.txt: 1 item(s)
2025-11-23 13:15:53,153 [INFO] ApiDb:427 - User favorites Boards=[NUCLEO-L476RG]
2025-11-23 13:15:53,153 [INFO] DbBoards:198 - Set 1 / 1 favorites Boards
2025-11-23 13:15:53,234 [INFO] UtilMem:75 - End LoadConfig() Used Memory: 945029016 Bytes (1073741824)
2025-11-23 13:15:53,377 [WARN] ThirdParty:833 - waiting for thirdparty lock release [change project]
2025-11-23 13:15:53,377 [INFO] ThirdParty:835 - entering critical section [change project]
2025-11-23 13:15:53,377 [INFO] ThirdParty:1030 - CMSIS Pack Vendor :STMicroelectronics X-CUBE-PM33A1 1.0.0
2025-11-23 13:15:53,377 [INFO] ThirdParty:1030 - CMSIS Pack Vendor :STMicroelectronics USBPD 4.1
2025-11-23 13:15:53,377 [INFO] ThirdParty:1030 - CMSIS Pack Vendor :STMicroelectronics X-CUBE-NFC9 1.0.0
2025-11-23 13:15:53,377 [INFO] ThirdParty:1030 - CMSIS Pack Vendor :STMicroelectronics USB_HOST 2.0.0
2025-11-23 13:15:53,378 [INFO] ThirdParty:1030 - CMSIS Pack Vendor :STMicroelectronics FP-SNS-MOTENVWB1 1.4.0
2025-11-23 13:15:53,378 [INFO] ThirdParty:1030 - CMSIS Pack Vendor :STMicroelectronics X-CUBE-AZRTOS-F4 1.1.0
2025-11-23 13:15:53,378 [INFO] ThirdParty:1030 - CMSIS Pack Vendor :STMicroelectronics LIBJPEG 8.0.0
2025-11-23 13:15:53,378 [INFO] ThirdParty:1030 - CMSIS Pack Vendor :STMicroelectronics FP-ATR-ASTRA1 2.0.2
2025-11-23 13:15:53,378 [INFO] ThirdParty:1030 - CMSIS Pack Vendor :wolfSSL I-CUBE-wolfSSL 5.8.2
2025-11-23 13:15:53,378 [INFO] ThirdParty:1030 - CMSIS Pack Vendor :STMicroelectronics X-CUBE-BLE1 7.1.0
2025-11-23 13:15:53,378 [INFO] ThirdParty:1030 - CMSIS Pack Vendor :Avnet-IotConnect X-CUBE-IoTC-DA16k-PMOD 1.0.0
2025-11-23 13:15:53,378 [INFO] ThirdParty:1030 - CMSIS Pack Vendor :STMicroelectronics X-CUBE-SMBUS 2.1.0
2025-11-23 13:15:53,378 [INFO] ThirdParty:1030 - CMSIS Pack Vendor :wolfSSL I-CUBE-wolfMQTT 1.19.2
2025-11-23 13:15:53,378 [INFO] ThirdParty:1030 - CMSIS Pack Vendor :STMicroelectronics USB_DEVICE 3.0.0
2025-11-23 13:15:53,378 [INFO] ThirdParty:1030 - CMSIS Pack Vendor :STMicroelectronics X-CUBE-ISPU 2.1.0
2025-11-23 13:15:53,378 [INFO] ThirdParty:1030 - CMSIS Pack Vendor :STMicroelectronics X-CUBE-FREERTOS 1.4.0
2025-11-23 13:15:53,378 [INFO] ThirdParty:1030 - CMSIS Pack Vendor :STMicroelectronics X-CUBE-EEPRMA1 5.2.0
2025-11-23 13:15:53,378 [INFO] ThirdParty:1030 - CMSIS Pack Vendor :STMicroelectronics X-CUBE-IPS 3.2.0
2025-11-23 13:15:53,378 [INFO] ThirdParty:1030 - CMSIS Pack Vendor :STMicroelectronics X-CUBE-BLEMGR 4.1.0
2025-11-23 13:15:53,378 [INFO] ThirdParty:1030 - CMSIS Pack Vendor :STMicroelectronics X-CUBE-AZRTOS-WB 2.0.0
2025-11-23 13:15:53,378 [INFO] ThirdParty:1030 - CMSIS Pack Vendor :STMicroelectronics X-CUBE-ST60 1.0.0
2025-11-23 13:15:53,378 [INFO] ThirdParty:1030 - CMSIS Pack Vendor :STMicroelectronics X-CUBE-GNSS1 7.0.1
2025-11-23 13:15:53,378 [INFO] ThirdParty:1030 - CMSIS Pack Vendor :STMicroelectronics X-CUBE-NFC12 1.0.0
2025-11-23 13:15:53,378 [INFO] ThirdParty:1030 - CMSIS Pack Vendor :STMicroelectronics X-CUBE-AZRTOS-F7 1.1.0
2025-11-23 13:15:53,379 [INFO] ThirdParty:1030 - CMSIS Pack Vendor :STMicroelectronics X-CUBE-AZRTOS-L5 2.0.0
2025-11-23 13:15:53,379 [INFO] ThirdParty:1030 - CMSIS Pack Vendor :STMicroelectronics X-CUBE-TOUCHGFX 4.25.0
2025-11-23 13:15:53,379 [INFO] ThirdParty:1030 - CMSIS Pack Vendor :STMicroelectronics USB_DEVICE 2.0.0
2025-11-23 13:15:53,379 [INFO] ThirdParty:1030 - CMSIS Pack Vendor :STMicroelectronics X-CUBE-NFC6 3.1.0
2025-11-23 13:15:53,379 [INFO] ThirdParty:1030 - CMSIS Pack Vendor :STMicroelectronics X-CUBE-ST67W61 1.1.0
2025-11-23 13:15:53,379 [INFO] ThirdParty:1030 - CMSIS Pack Vendor :quantropi X-CUBE-qispace-sdk-base 2.1.0
2025-11-23 13:15:53,379 [INFO] ThirdParty:1030 - CMSIS Pack Vendor :STMicroelectronics FP-SNS-MOTENV1 5.1.0
2025-11-23 13:15:53,379 [INFO] ThirdParty:1030 - CMSIS Pack Vendor :STMicroelectronics FreeRTOS 0.0.1
2025-11-23 13:15:53,379 [INFO] ThirdParty:1030 - CMSIS Pack Vendor :STMicroelectronics X-CUBE-AZRTOS-G0 1.1.0
2025-11-23 13:15:53,379 [INFO] ThirdParty:1030 - CMSIS Pack Vendor :STMicroelectronics X-CUBE-SAFEA1 1.2.2
2025-11-23 13:15:53,379 [INFO] ThirdParty:1030 - CMSIS Pack Vendor :STMicroelectronics X-CUBE-NFC4 3.0.0
2025-11-23 13:15:53,379 [INFO] ThirdParty:1030 - CMSIS Pack Vendor :STMicroelectronics X-CUBE-SUBG2 5.0.0
2025-11-23 13:15:53,379 [INFO] ThirdParty:1030 - CMSIS Pack Vendor :STMicroelectronics X-CUBE-AZRTOS-H7RS 1.1.0
2025-11-23 13:15:53,379 [INFO] ThirdParty:1030 - CMSIS Pack Vendor :STMicroelectronics STM32_WPAN 1.0.0
2025-11-23 13:15:53,379 [INFO] ThirdParty:1030 - CMSIS Pack Vendor :EmbeddedOffice I-CUBE-FS-RTOS 1.0.1
2025-11-23 13:15:53,379 [INFO] ThirdParty:1030 - CMSIS Pack Vendor :STMicroelectronics lwIP 2.0.3
2025-11-23 13:15:53,379 [INFO] ThirdParty:1030 - CMSIS Pack Vendor :WES I-CUBE-Cesium 1.4.0
2025-11-23 13:15:53,379 [INFO] ThirdParty:1030 - CMSIS Pack Vendor :Cesanta I-CUBE-Mongoose 7.13.0
2025-11-23 13:15:53,379 [INFO] ThirdParty:1030 - CMSIS Pack Vendor :STMicroelectronics USB_HOST 1.0.0
2025-11-23 13:15:53,379 [INFO] ThirdParty:1030 - CMSIS Pack Vendor :Infineon AIROC-Wi-Fi-Bluetooth-STM32 1.7.1
2025-11-23 13:15:53,380 [INFO] ThirdParty:1030 - CMSIS Pack Vendor :STMicroelectronics X-CUBE-AZRTOS-G4 2.0.0
2025-11-23 13:15:53,380 [INFO] ThirdParty:1030 - CMSIS Pack Vendor :STMicroelectronics X-CUBE-WB05N 2.0.0
2025-11-23 13:15:53,380 [INFO] ThirdParty:1030 - CMSIS Pack Vendor :STMicroelectronics PDM2PCM 3.1.0
2025-11-23 13:15:53,380 [INFO] ThirdParty:1030 - CMSIS Pack Vendor :STMicroelectronics PDM2PCM 3.3.0
2025-11-23 13:15:53,380 [INFO] ThirdParty:1030 - CMSIS Pack Vendor :wolfSSL I-CUBE-wolfTPM 3.8.0
2025-11-23 13:15:53,380 [INFO] ThirdParty:1030 - CMSIS Pack Vendor :STMicroelectronics X-CUBE-AZRTOS-H7 3.4.0
2025-11-23 13:15:53,380 [INFO] ThirdParty:1030 - CMSIS Pack Vendor :STMicroelectronics X-CUBE-DISPLAY 3.0.0
2025-11-23 13:15:53,380 [INFO] ThirdParty:1030 - CMSIS Pack Vendor :wolfSSL I-CUBE-wolfSSH 1.4.20
2025-11-23 13:15:53,380 [INFO] ThirdParty:1030 - CMSIS Pack Vendor :STMicroelectronics X-CUBE-NFC7 2.0.0
2025-11-23 13:15:53,380 [INFO] ThirdParty:1030 - CMSIS Pack Vendor :STMicroelectronics X-CUBE-TCPP 4.2.0
2025-11-23 13:15:53,380 [INFO] ThirdParty:1030 - CMSIS Pack Vendor :RealThread X-CUBE-RT-Thread_Nano 4.1.1
2025-11-23 13:15:53,380 [INFO] ThirdParty:1030 - CMSIS Pack Vendor :STMicroelectronics FP-ATR-SIGFOX1 3.2.0
2025-11-23 13:15:53,380 [INFO] ThirdParty:1030 - CMSIS Pack Vendor :STMicroelectronics X-CUBE-NFC10 1.0.0
2025-11-23 13:15:53,380 [INFO] ThirdParty:1030 - CMSIS Pack Vendor :STMicroelectronics X-CUBE-FREERTOS 1.3.1
2025-11-23 13:15:53,380 [INFO] ThirdParty:1030 - CMSIS Pack Vendor :STMicroelectronics HAL Drivers 0.0.0
2025-11-23 13:15:53,380 [INFO] ThirdParty:1030 - CMSIS Pack Vendor :STMicroelectronics MBEDTLS 2.16.2
2025-11-23 13:15:53,380 [INFO] ThirdParty:1030 - CMSIS Pack Vendor :STMicroelectronics X-CUBE-ST60 1.1.0
2025-11-23 13:15:53,380 [INFO] ThirdParty:1030 - CMSIS Pack Vendor :STMicroelectronics X-CUBE-IPS 3.1.0
2025-11-23 13:15:53,380 [INFO] ThirdParty:1030 - CMSIS Pack Vendor :STMicroelectronics X-CUBE-ALS 1.0.2
2025-11-23 13:15:53,380 [INFO] ThirdParty:1030 - CMSIS Pack Vendor :emotas I-CUBE-CANOPEN 1.3.0
2025-11-23 13:15:53,380 [INFO] ThirdParty:1030 - CMSIS Pack Vendor :STMicroelectronics MBEDTLS 2.14.1
2025-11-23 13:15:53,380 [INFO] ThirdParty:1030 - CMSIS Pack Vendor :STMicroelectronics X-CUBE-GNSS1 7.1.0
2025-11-23 13:15:53,380 [INFO] ThirdParty:1030 - CMSIS Pack Vendor :ITTIA_DB I-CUBE-ITTIADB 8.9.0
2025-11-23 13:15:53,380 [INFO] ThirdParty:1030 - CMSIS Pack Vendor :STMicroelectronics X-CUBE-TOUCHGFX 4.26.0
2025-11-23 13:15:53,380 [INFO] ThirdParty:1030 - CMSIS Pack Vendor :STMicroelectronics X-CUBE-STSE01 1.0.0
2025-11-23 13:15:53,380 [INFO] ThirdParty:1030 - CMSIS Pack Vendor :STMicroelectronics X-CUBE-ST67W61 1.0.0
2025-11-23 13:15:53,380 [INFO] ThirdParty:1030 - CMSIS Pack Vendor :STMicroelectronics FP-SNS-STBOX1 2.1.0
2025-11-23 13:15:53,381 [INFO] ThirdParty:1030 - CMSIS Pack Vendor :STMicroelectronics X-CUBE-AI 10.2.0
2025-11-23 13:15:53,381 [INFO] ThirdParty:1030 - CMSIS Pack Vendor :STMicroelectronics FP-SNS-STAIOTCFT 1.0.0
2025-11-23 13:15:53,381 [INFO] ThirdParty:1030 - CMSIS Pack Vendor :STMicroelectronics ThreadX 1.0.0
2025-11-23 13:15:53,381 [INFO] ThirdParty:1030 - CMSIS Pack Vendor :STMicroelectronics FP-SNS-SMARTAG2 1.2.0
2025-11-23 13:15:53,381 [INFO] ThirdParty:1030 - CMSIS Pack Vendor :STMicroelectronics FP-SNS-FLIGHT1 5.1.0
2025-11-23 13:15:53,381 [INFO] ThirdParty:1030 - CMSIS Pack Vendor :STMicroelectronics X-CUBE-AZRTOS-WL 2.0.0
2025-11-23 13:15:53,381 [INFO] ThirdParty:1030 - CMSIS Pack Vendor :SEGGER I-CUBE-embOS 1.3.1
2025-11-23 13:15:53,381 [INFO] ThirdParty:1030 - CMSIS Pack Vendor :STMicroelectronics X-CUBE-ALGOBUILD 1.4.0
2025-11-23 13:15:53,381 [INFO] ThirdParty:1030 - CMSIS Pack Vendor :STMicroelectronics X-CUBE-DPower 1.3.0
2025-11-23 13:15:53,381 [INFO] ThirdParty:1030 - CMSIS Pack Vendor :STMicroelectronics X-CUBE-MEMS1 11.3.0
2025-11-23 13:15:53,381 [INFO] ThirdParty:1030 - CMSIS Pack Vendor :STMicroelectronics FP-SNS-MOTENV1 5.0.0
2025-11-23 13:15:53,381 [INFO] ThirdParty:1030 - CMSIS Pack Vendor :STMicroelectronics USB_DEVICE 1.0.0
2025-11-23 13:15:53,381 [INFO] ThirdParty:1030 - CMSIS Pack Vendor :STMicroelectronics X-CUBE-AZRTOS-H7RS 1.2.0
2025-11-23 13:15:53,381 [INFO] ThirdParty:1030 - CMSIS Pack Vendor :STMicroelectronics X-CUBE-AZRTOS-L4 2.0.0
2025-11-23 13:15:53,381 [INFO] ThirdParty:1030 - CMSIS Pack Vendor :STMicroelectronics ThreadX 0.0.2
2025-11-23 13:15:53,381 [INFO] ThirdParty:1030 - CMSIS Pack Vendor :STMicroelectronics lwIP 2.1.2
2025-11-23 13:15:53,381 [INFO] ThirdParty:1030 - CMSIS Pack Vendor :STMicroelectronics X-CUBE-SFXS2LP1 4.0.0
2025-11-23 13:15:53,381 [INFO] ThirdParty:1030 - CMSIS Pack Vendor :STMicroelectronics X-CUBE-BLE2 3.3.0
2025-11-23 13:15:53,381 [INFO] ThirdParty:1030 - CMSIS Pack Vendor :Avnet-IOTCONNECT X-CUBE-iotc-st67-sdk 1.0.0
2025-11-23 13:15:53,381 [INFO] ThirdParty:1030 - CMSIS Pack Vendor :STMicroelectronics X-CUBE-TOF1 3.4.3
2025-11-23 13:15:53,381 [INFO] ThirdParty:1030 - CMSIS Pack Vendor :STMicroelectronics PDM2PCM 3.2.0
2025-11-23 13:15:53,381 [INFO] ThirdParty:841 - exiting critical section [change project]
2025-11-23 13:15:53,910 [INFO] PinOutPanel:1589 - setPackage(No Configuration,No Configuration)
2025-11-23 13:15:53,912 [INFO] PinOutPanel:1589 - setPackage(STM32L476RGTx,LQFP64)
2025-11-23 13:15:54,654 [INFO] UtilMem:75 - Before build in PCC Used Memory: 698654800 Bytes (1073741824)
2025-11-23 13:15:56,437 [INFO] UtilMem:75 - After build in PCC Used Memory: 853850208 Bytes (1073741824)
2025-11-23 13:15:56,472 [INFO] IPUIPlugin:80 - create IPUIPlugin
2025-11-23 13:15:56,473 [INFO] IPUIPlugin:80 - create IPUIPlugin
2025-11-23 13:15:56,473 [INFO] IPUIPlugin:80 - create IPUIPlugin
2025-11-23 13:15:56,473 [INFO] IPUIPlugin:80 - create IPUIPlugin
2025-11-23 13:15:56,473 [INFO] IPUIPlugin:80 - create IPUIPlugin
2025-11-23 13:15:56,473 [INFO] IPUIPlugin:80 - create IPUIPlugin
2025-11-23 13:15:56,473 [INFO] IPUIPlugin:80 - create IPUIPlugin
2025-11-23 13:15:56,473 [INFO] IPUIPlugin:80 - create IPUIPlugin
2025-11-23 13:15:56,473 [INFO] IPUIPlugin:80 - create IPUIPlugin
2025-11-23 13:15:56,473 [INFO] IPUIPlugin:80 - create IPUIPlugin
2025-11-23 13:15:56,473 [INFO] IPUIPlugin:80 - create IPUIPlugin
2025-11-23 13:15:56,474 [INFO] IPUIPlugin:80 - create IPUIPlugin
2025-11-23 13:15:56,474 [INFO] IPUIPlugin:80 - create IPUIPlugin
2025-11-23 13:15:56,474 [INFO] IPUIPlugin:80 - create IPUIPlugin
2025-11-23 13:15:56,474 [INFO] IPUIPlugin:80 - create IPUIPlugin
2025-11-23 13:15:56,474 [INFO] IPUIPlugin:80 - create IPUIPlugin
2025-11-23 13:15:56,474 [INFO] IPUIPlugin:80 - create IPUIPlugin
2025-11-23 13:15:56,474 [INFO] IPUIPlugin:80 - create IPUIPlugin
2025-11-23 13:15:56,475 [INFO] IPUIPlugin:80 - create IPUIPlugin
2025-11-23 13:15:56,475 [INFO] IPUIPlugin:80 - create IPUIPlugin
2025-11-23 13:15:56,475 [INFO] IPUIPlugin:80 - create IPUIPlugin
2025-11-23 13:15:56,475 [INFO] IPUIPlugin:80 - create IPUIPlugin
2025-11-23 13:15:56,475 [INFO] IPUIPlugin:80 - create IPUIPlugin
2025-11-23 13:15:56,475 [INFO] IPUIPlugin:80 - create IPUIPlugin
2025-11-23 13:15:56,476 [INFO] IPUIPlugin:80 - create IPUIPlugin
2025-11-23 13:15:56,476 [INFO] IPUIPlugin:80 - create IPUIPlugin
2025-11-23 13:15:56,476 [INFO] IPUIPlugin:80 - create IPUIPlugin
2025-11-23 13:15:56,476 [INFO] IPUIPlugin:80 - create IPUIPlugin
2025-11-23 13:15:56,476 [INFO] IPUIPlugin:80 - create IPUIPlugin
2025-11-23 13:15:56,476 [INFO] IPUIPlugin:80 - create IPUIPlugin
2025-11-23 13:15:56,477 [INFO] IPUIPlugin:80 - create IPUIPlugin
2025-11-23 13:15:56,477 [INFO] IPUIPlugin:80 - create IPUIPlugin
2025-11-23 13:15:56,477 [INFO] IPUIPlugin:80 - create IPUIPlugin
2025-11-23 13:15:56,477 [INFO] IPUIPlugin:80 - create IPUIPlugin
2025-11-23 13:15:56,477 [INFO] IPUIPlugin:80 - create IPUIPlugin
2025-11-23 13:15:56,478 [INFO] IPUIPlugin:80 - create IPUIPlugin
2025-11-23 13:15:56,478 [INFO] IPUIPlugin:80 - create IPUIPlugin
2025-11-23 13:15:56,478 [INFO] IPUIPlugin:80 - create IPUIPlugin
2025-11-23 13:15:56,478 [INFO] IPUIPlugin:80 - create IPUIPlugin
2025-11-23 13:15:56,478 [INFO] IPUIPlugin:80 - create IPUIPlugin
2025-11-23 13:15:56,478 [INFO] IPUIPlugin:80 - create IPUIPlugin
2025-11-23 13:15:56,479 [INFO] IPUIPlugin:80 - create IPUIPlugin
2025-11-23 13:15:56,479 [INFO] IPUIPlugin:80 - create IPUIPlugin
2025-11-23 13:15:56,479 [INFO] IPUIPlugin:80 - create IPUIPlugin
2025-11-23 13:15:56,479 [INFO] IPUIPlugin:80 - create IPUIPlugin
2025-11-23 13:15:56,479 [INFO] IPUIPlugin:80 - create IPUIPlugin
2025-11-23 13:15:56,480 [INFO] IPUIPlugin:80 - create IPUIPlugin
2025-11-23 13:15:56,480 [INFO] IPUIPlugin:80 - create IPUIPlugin
2025-11-23 13:15:56,480 [INFO] IPUIPlugin:80 - create IPUIPlugin
2025-11-23 13:15:56,480 [INFO] IPUIPlugin:80 - create IPUIPlugin
2025-11-23 13:15:56,480 [INFO] IPUIPlugin:80 - create IPUIPlugin
2025-11-23 13:15:56,481 [INFO] IPUIPlugin:80 - create IPUIPlugin
2025-11-23 13:15:56,481 [INFO] IPUIPlugin:80 - create IPUIPlugin
2025-11-23 13:15:56,481 [INFO] IPUIPlugin:80 - create IPUIPlugin
2025-11-23 13:15:56,481 [INFO] IPUIPlugin:80 - create IPUIPlugin
2025-11-23 13:15:56,482 [INFO] IPUIPlugin:80 - create IPUIPlugin
2025-11-23 13:15:56,482 [INFO] IPUIPlugin:80 - create IPUIPlugin
2025-11-23 13:15:56,482 [INFO] IPUIPlugin:80 - create IPUIPlugin
2025-11-23 13:15:56,482 [INFO] IPUIPlugin:80 - create IPUIPlugin
2025-11-23 13:15:56,703 [INFO] CADModel:165 - CPN selected for project levelSTM32L476RGT3
2025-11-23 13:15:56,704 [INFO] CADModel:114 - Register for checkConnection events
2025-11-23 13:15:56,759 [INFO] OpenFileManager:386 - Restore cursor
2025-11-23 13:16:54,581 [INFO] MainUpdater:2872 - connection check result : 10
2025-11-23 13:16:54,581 [INFO] MainUpdater:2872 - connection check result : 10
2025-11-23 13:16:54,753 [INFO] MicroXplorer:468 - Change Database Path : 
2025-11-23 13:16:54,754 [INFO] MicroXplorer:498 - Change Database Version : DB.6.0.150
2025-11-23 13:16:54,778 [ERROR] ProjectManagerView:395 - 
java.lang.NullPointerException: Cannot invoke "javax.swing.JTextField.getText()" because the return value of "java.util.List.get(int)" is null
	at com.st.microxplorer.plugins.projectmanager.gui.ProjectChoiceTab$9.caretUpdate(ProjectChoiceTab.java:2706) ~[filemanager.jar:?]
	at javax.swing.text.JTextComponent.fireCaretUpdate(JTextComponent.java:408) ~[?:?]
	at javax.swing.text.JTextComponent$MutableCaretEvent.fire(JTextComponent.java:4484) ~[?:?]
	at javax.swing.text.JTextComponent$MutableCaretEvent.stateChanged(JTextComponent.java:4506) ~[?:?]
	at javax.swing.text.DefaultCaret.fireStateChanged(DefaultCaret.java:857) ~[?:?]
	at javax.swing.text.DefaultCaret.changeCaretPosition(DefaultCaret.java:1343) ~[?:?]
	at javax.swing.text.DefaultCaret.handleSetDot(DefaultCaret.java:1242) ~[?:?]
	at javax.swing.text.DefaultCaret.setDot(DefaultCaret.java:1223) ~[?:?]
	at javax.swing.text.DefaultCaret$Handler.insertUpdate(DefaultCaret.java:1819) ~[?:?]
	at javax.swing.text.AbstractDocument.fireInsertUpdate(AbstractDocument.java:227) ~[?:?]
	at javax.swing.text.AbstractDocument.handleInsertString(AbstractDocument.java:781) ~[?:?]
	at javax.swing.text.AbstractDocument.insertString(AbstractDocument.java:740) ~[?:?]
	at javax.swing.text.PlainDocument.insertString(PlainDocument.java:131) ~[?:?]
	at javax.swing.text.AbstractDocument.replace(AbstractDocument.java:699) ~[?:?]
	at javax.swing.text.JTextComponent.setText(JTextComponent.java:1725) ~[?:?]
	at com.st.microxplorer.plugins.projectmanager.gui.ProjectChoiceTab.createHeapStackFields(ProjectChoiceTab.java:993) ~[filemanager.jar:?]
	at com.st.microxplorer.plugins.projectmanager.gui.ProjectChoiceTab.buildLinkSettingsPanel(ProjectChoiceTab.java:3813) ~[filemanager.jar:?]
	at com.st.microxplorer.plugins.projectmanager.gui.ProjectChoiceTab.defineWindowsFields(ProjectChoiceTab.java:1987) ~[filemanager.jar:?]
	at com.st.microxplorer.plugins.projectmanager.gui.ProjectChoiceTab.updateSettings(ProjectChoiceTab.java:558) ~[filemanager.jar:?]
	at com.st.microxplorer.plugins.projectmanager.gui.ProjectSettingsPanel.UpdateDialog(ProjectSettingsPanel.java:247) ~[filemanager.jar:?]
	at com.st.microxplorer.plugins.projectmanager.ProjectManagerView.propertyChange(ProjectManagerView.java:392) ~[filemanager.jar:?]
	at java.beans.PropertyChangeSupport.fire(PropertyChangeSupport.java:343) ~[?:?]
	at java.beans.PropertyChangeSupport.firePropertyChange(PropertyChangeSupport.java:335) ~[?:?]
	at java.beans.PropertyChangeSupport.firePropertyChange(PropertyChangeSupport.java:268) ~[?:?]
	at com.st.microxplorer.util.MXPropertyChangeSupport.firePropertyChange(MXPropertyChangeSupport.java:54) ~[STM32CubeMX.jar:?]
	at com.st.microxplorer.mxsystem.MxSystem.closeConfig(MxSystem.java:899) ~[STM32CubeMX.jar:?]
	at com.st.microxplorer.maingui.MainPanel.closeConfig(MainPanel.java:792) ~[STM32CubeMX.jar:?]
	at com.st.microxplorer.plugins.filemanager.engine.OpenFileManager.loadConfigurationFile(OpenFileManager.java:288) ~[filemanager.jar:?]
	at com.st.microxplorer.plugins.filemanager.engine.MainFileManager.userLoadConfig(MainFileManager.java:364) ~[filemanager.jar:?]
	at com.st.microxplorer.plugins.filemanager.engine.MainFileManager.userLoadConfig(MainFileManager.java:342) ~[filemanager.jar:?]
	at com.st.microxplorer.plugins.filemanager.FileManagerView.getSpecificTask(FileManagerView.java:264) ~[filemanager.jar:?]
	at com.st.stm32cube.common.mx.editor.CubeMxEditor.getMxTabbedPaneInstance(CubeMxEditor.java:1198) ~[com.st.stm32cube.common.mx_6.15.0.202507011659/:?]
	at com.st.stm32cube.common.mx.editor.CubeMxEditor$12$1.createSwingComponent(CubeMxEditor.java:1068) ~[com.st.stm32cube.common.mx_6.15.0.202507011659/:?]
	at com.st.stm32cube.common.mx.oss.core.awtswtbridge.EmbeddedSwingComposite.doComponentCreation(EmbeddedSwingComposite.java:492) ~[com.st.stm32cube.common.mx.oss_6.15.0.202507011659/:?]
	at com.st.stm32cube.common.mx.oss.core.awtswtbridge.EmbeddedSwingComposite$4.run(EmbeddedSwingComposite.java:291) ~[com.st.stm32cube.common.mx.oss_6.15.0.202507011659/:?]
	at com.st.stm32cube.common.mx.oss.core.awtswtbridge.AwtEnvironment$2.run(AwtEnvironment.java:166) ~[com.st.stm32cube.common.mx.oss_6.15.0.202507011659/:?]
	at java.awt.event.InvocationEvent.dispatch(InvocationEvent.java:318) ~[?:?]
	at java.awt.EventQueue.dispatchEventImpl(EventQueue.java:773) ~[?:?]
	at java.awt.EventQueue$4.run(EventQueue.java:720) ~[?:?]
	at java.awt.EventQueue$4.run(EventQueue.java:714) ~[?:?]
	at java.security.AccessController.doPrivileged(AccessController.java:400) ~[?:?]
	at java.security.ProtectionDomain$JavaSecurityAccessImpl.doIntersectionPrivilege(ProtectionDomain.java:87) ~[?:?]
	at java.awt.EventQueue.dispatchEvent(EventQueue.java:742) ~[?:?]
	at java.awt.EventDispatchThread.pumpOneEventForFilters(EventDispatchThread.java:203) ~[?:?]
	at java.awt.EventDispatchThread.pumpEventsForFilter(EventDispatchThread.java:124) ~[?:?]
	at java.awt.EventDispatchThread.pumpEventsForHierarchy(EventDispatchThread.java:113) ~[?:?]
	at java.awt.EventDispatchThread.pumpEvents(EventDispatchThread.java:109) ~[?:?]
	at java.awt.EventDispatchThread.pumpEvents(EventDispatchThread.java:101) ~[?:?]
	at java.awt.EventDispatchThread.run(EventDispatchThread.java:90) ~[?:?]
2025-11-23 13:16:54,794 [WARN] ThirdParty:871 - waiting for thirdparty lock release [close project]
2025-11-23 13:16:54,794 [INFO] ThirdParty:873 - entering critical section [close project]
2025-11-23 13:16:54,794 [INFO] ThirdParty:883 - exiting critical section [close project]
2025-11-23 13:16:54,796 [INFO] PinOutPanel:1589 - setPackage(No Configuration,No Configuration)
2025-11-23 13:16:54,810 [INFO] UtilMem:75 - Begin LoadConfig() Used Memory: 858332880 Bytes (1073741824)
2025-11-23 13:16:54,811 [INFO] MicroXplorer:468 - Change Database Path : 
2025-11-23 13:16:54,811 [INFO] MicroXplorer:498 - Change Database Version : DB.6.0.150
2025-11-23 13:16:54,811 [INFO] OpenFileManager:355 - Change cursor
2025-11-23 13:16:54,823 [INFO] Mcu:2029 - Initializing MCU STM32L476R(C-E-G)Tx STM32L476RGTx STM32L476RGT3
2025-11-23 13:16:56,154 [INFO] Context:786 - Trying to add GPIOservice into a context  which must be forbidden
2025-11-23 13:16:56,788 [INFO] ImportTextPane:234 - (OptionalMessage_ERROR) Pin3 (VP_RIF_VS_RIF1) cannot be retrieved for this MCU
2025-11-23 13:16:56,855 [INFO] RtosManager:558 - Registered RTOS mode: class=CMSIS, group=RTOS, mode=CMSIS_V1, owner=FREERTOS
2025-11-23 13:16:56,856 [INFO] RtosManager:558 - Registered RTOS mode: class=CMSIS, group=RTOS2, mode=CMSIS_V2, owner=FREERTOS
2025-11-23 13:16:56,856 [INFO] RtosManager:558 - Registered RTOS mode: class=RTOS, group=Core, mode=CMSIS_V1, owner=FREERTOS
2025-11-23 13:16:56,856 [INFO] RtosManager:558 - Registered RTOS mode: class=RTOS, group=Core, mode=CMSIS_V2, owner=FREERTOS
2025-11-23 13:16:56,856 [WARN] ModelIntegratedComponent:184 - Missing modes for component STMicroelectronics:FreeRTOS:0.0.1:STMicroelectronics:RTOS:FreeRTOS:Core:::10.2.0:
2025-11-23 13:16:56,884 [WARN] ModelIntegratedComponent:63 - No mode defined for component null
2025-11-23 13:16:56,884 [WARN] ModelIntegratedComponent:63 - No mode defined for component null
2025-11-23 13:16:56,884 [WARN] ModelIntegratedComponent:63 - No mode defined for component null
2025-11-23 13:16:56,884 [WARN] ModelIntegratedComponent:63 - No mode defined for component null
2025-11-23 13:16:56,884 [WARN] ModelIntegratedComponent:63 - No mode defined for component null
2025-11-23 13:16:56,884 [WARN] ModelIntegratedComponent:63 - No mode defined for component null
2025-11-23 13:16:56,884 [WARN] ModelIntegratedComponent:63 - No mode defined for component null
2025-11-23 13:16:56,884 [WARN] ModelIntegratedComponent:63 - No mode defined for component null
2025-11-23 13:16:56,884 [WARN] ModelIntegratedComponent:63 - No mode defined for component null
2025-11-23 13:16:56,884 [WARN] ModelIntegratedComponent:63 - No mode defined for component null
2025-11-23 13:16:56,884 [WARN] ModelIntegratedComponent:63 - No mode defined for component null
2025-11-23 13:16:56,884 [WARN] ModelIntegratedComponent:63 - No mode defined for component null
2025-11-23 13:16:56,884 [WARN] ModelIntegratedComponent:63 - No mode defined for component null
2025-11-23 13:16:56,884 [WARN] ModelIntegratedComponent:63 - No mode defined for component null
2025-11-23 13:16:56,884 [WARN] ModelIntegratedComponent:63 - No mode defined for component null
2025-11-23 13:16:56,884 [WARN] ModelIntegratedComponent:63 - No mode defined for component null
2025-11-23 13:16:56,884 [WARN] ModelIntegratedComponent:63 - No mode defined for component null
2025-11-23 13:16:56,884 [WARN] ModelIntegratedComponent:63 - No mode defined for component null
2025-11-23 13:16:56,884 [WARN] ModelIntegratedComponent:63 - No mode defined for component null
2025-11-23 13:16:56,885 [WARN] ModelIntegratedComponent:63 - No mode defined for component null
2025-11-23 13:16:56,885 [WARN] ModelIntegratedComponent:63 - No mode defined for component null
2025-11-23 13:16:56,885 [WARN] ModelIntegratedComponent:63 - No mode defined for component null
2025-11-23 13:16:56,885 [WARN] ModelIntegratedComponent:63 - No mode defined for component null
2025-11-23 13:16:56,885 [WARN] ModelIntegratedComponent:63 - No mode defined for component null
2025-11-23 13:16:56,885 [WARN] ModelIntegratedComponent:63 - No mode defined for component null
2025-11-23 13:16:56,885 [WARN] ModelIntegratedComponent:63 - No mode defined for component null
2025-11-23 13:16:56,885 [WARN] ModelIntegratedComponent:63 - No mode defined for component null
2025-11-23 13:16:56,885 [WARN] ModelIntegratedComponent:63 - No mode defined for component null
2025-11-23 13:16:56,885 [WARN] ModelIntegratedComponent:63 - No mode defined for component null
2025-11-23 13:16:56,885 [WARN] ModelIntegratedComponent:63 - No mode defined for component null
2025-11-23 13:16:56,886 [WARN] ModelIntegratedComponent:63 - No mode defined for component null
2025-11-23 13:16:56,886 [WARN] ModelIntegratedComponent:63 - No mode defined for component null
2025-11-23 13:16:56,886 [WARN] ModelIntegratedComponent:63 - No mode defined for component null
2025-11-23 13:16:56,886 [WARN] ModelIntegratedComponent:63 - No mode defined for component null
2025-11-23 13:16:56,886 [WARN] ModelIntegratedComponent:63 - No mode defined for component null
2025-11-23 13:16:56,886 [WARN] ModelPack:524 - Component already loaded: STMicroelectronics:HAL Drivers:0.0.0:STMicroelectronics:Device:STMicro_Driver:XSPI:HAL::0.0.1:HAL_XSPI
2025-11-23 13:16:56,975 [INFO] ThirdPartyModel:298 - Start build external matchings
2025-11-23 13:16:57,402 [INFO] ThirdPartyModel:316 - End build external matchings
2025-11-23 13:16:57,690 [INFO] UtilMem:75 - End LoadConfig() Used Memory: 967133952 Bytes (1073741824)
2025-11-23 13:16:57,719 [WARN] ThirdParty:833 - waiting for thirdparty lock release [change project]
2025-11-23 13:16:57,719 [INFO] ThirdParty:835 - entering critical section [change project]
2025-11-23 13:16:57,719 [INFO] ThirdParty:1030 - CMSIS Pack Vendor :STMicroelectronics X-CUBE-PM33A1 1.0.0
2025-11-23 13:16:57,719 [INFO] ThirdParty:1030 - CMSIS Pack Vendor :STMicroelectronics USBPD 4.1
2025-11-23 13:16:57,719 [INFO] ThirdParty:1030 - CMSIS Pack Vendor :STMicroelectronics X-CUBE-NFC9 1.0.0
2025-11-23 13:16:57,720 [INFO] ThirdParty:1030 - CMSIS Pack Vendor :STMicroelectronics USB_HOST 2.0.0
2025-11-23 13:16:57,720 [INFO] ThirdParty:1030 - CMSIS Pack Vendor :STMicroelectronics FP-SNS-MOTENVWB1 1.4.0
2025-11-23 13:16:57,720 [INFO] ThirdParty:1030 - CMSIS Pack Vendor :STMicroelectronics X-CUBE-AZRTOS-F4 1.1.0
2025-11-23 13:16:57,720 [INFO] ThirdParty:1030 - CMSIS Pack Vendor :STMicroelectronics LIBJPEG 8.0.0
2025-11-23 13:16:57,720 [INFO] ThirdParty:1030 - CMSIS Pack Vendor :STMicroelectronics FP-ATR-ASTRA1 2.0.2
2025-11-23 13:16:57,720 [INFO] ThirdParty:1030 - CMSIS Pack Vendor :wolfSSL I-CUBE-wolfSSL 5.8.2
2025-11-23 13:16:57,720 [INFO] ThirdParty:1030 - CMSIS Pack Vendor :STMicroelectronics X-CUBE-BLE1 7.1.0
2025-11-23 13:16:57,720 [INFO] ThirdParty:1030 - CMSIS Pack Vendor :Avnet-IotConnect X-CUBE-IoTC-DA16k-PMOD 1.0.0
2025-11-23 13:16:57,720 [INFO] ThirdParty:1030 - CMSIS Pack Vendor :STMicroelectronics X-CUBE-SMBUS 2.1.0
2025-11-23 13:16:57,720 [INFO] ThirdParty:1030 - CMSIS Pack Vendor :wolfSSL I-CUBE-wolfMQTT 1.19.2
2025-11-23 13:16:57,720 [INFO] ThirdParty:1030 - CMSIS Pack Vendor :STMicroelectronics USB_DEVICE 3.0.0
2025-11-23 13:16:57,720 [INFO] ThirdParty:1030 - CMSIS Pack Vendor :STMicroelectronics X-CUBE-ISPU 2.1.0
2025-11-23 13:16:57,720 [INFO] ThirdParty:1030 - CMSIS Pack Vendor :STMicroelectronics X-CUBE-FREERTOS 1.4.0
2025-11-23 13:16:57,720 [INFO] ThirdParty:1030 - CMSIS Pack Vendor :STMicroelectronics X-CUBE-EEPRMA1 5.2.0
2025-11-23 13:16:57,720 [INFO] ThirdParty:1030 - CMSIS Pack Vendor :STMicroelectronics X-CUBE-IPS 3.2.0
2025-11-23 13:16:57,720 [INFO] ThirdParty:1030 - CMSIS Pack Vendor :STMicroelectronics X-CUBE-BLEMGR 4.1.0
2025-11-23 13:16:57,720 [INFO] ThirdParty:1030 - CMSIS Pack Vendor :STMicroelectronics X-CUBE-AZRTOS-WB 2.0.0
2025-11-23 13:16:57,720 [INFO] ThirdParty:1030 - CMSIS Pack Vendor :STMicroelectronics X-CUBE-ST60 1.0.0
2025-11-23 13:16:57,720 [INFO] ThirdParty:1030 - CMSIS Pack Vendor :STMicroelectronics X-CUBE-GNSS1 7.0.1
2025-11-23 13:16:57,720 [INFO] ThirdParty:1030 - CMSIS Pack Vendor :STMicroelectronics X-CUBE-NFC12 1.0.0
2025-11-23 13:16:57,720 [INFO] ThirdParty:1030 - CMSIS Pack Vendor :STMicroelectronics X-CUBE-AZRTOS-F7 1.1.0
2025-11-23 13:16:57,721 [INFO] ThirdParty:1030 - CMSIS Pack Vendor :STMicroelectronics X-CUBE-AZRTOS-L5 2.0.0
2025-11-23 13:16:57,721 [INFO] ThirdParty:1030 - CMSIS Pack Vendor :STMicroelectronics X-CUBE-TOUCHGFX 4.25.0
2025-11-23 13:16:57,721 [INFO] ThirdParty:1030 - CMSIS Pack Vendor :STMicroelectronics USB_DEVICE 2.0.0
2025-11-23 13:16:57,721 [INFO] ThirdParty:1030 - CMSIS Pack Vendor :STMicroelectronics X-CUBE-NFC6 3.1.0
2025-11-23 13:16:57,721 [INFO] ThirdParty:1030 - CMSIS Pack Vendor :STMicroelectronics X-CUBE-ST67W61 1.1.0
2025-11-23 13:16:57,721 [INFO] ThirdParty:1030 - CMSIS Pack Vendor :quantropi X-CUBE-qispace-sdk-base 2.1.0
2025-11-23 13:16:57,721 [INFO] ThirdParty:1030 - CMSIS Pack Vendor :STMicroelectronics FP-SNS-MOTENV1 5.1.0
2025-11-23 13:16:57,721 [INFO] ThirdParty:1030 - CMSIS Pack Vendor :STMicroelectronics FreeRTOS 0.0.1
2025-11-23 13:16:57,721 [INFO] ThirdParty:1030 - CMSIS Pack Vendor :STMicroelectronics X-CUBE-AZRTOS-G0 1.1.0
2025-11-23 13:16:57,721 [INFO] ThirdParty:1030 - CMSIS Pack Vendor :STMicroelectronics X-CUBE-SAFEA1 1.2.2
2025-11-23 13:16:57,721 [INFO] ThirdParty:1030 - CMSIS Pack Vendor :STMicroelectronics X-CUBE-NFC4 3.0.0
2025-11-23 13:16:57,721 [INFO] ThirdParty:1030 - CMSIS Pack Vendor :STMicroelectronics X-CUBE-SUBG2 5.0.0
2025-11-23 13:16:57,721 [INFO] ThirdParty:1030 - CMSIS Pack Vendor :STMicroelectronics X-CUBE-AZRTOS-H7RS 1.1.0
2025-11-23 13:16:57,721 [INFO] ThirdParty:1030 - CMSIS Pack Vendor :STMicroelectronics STM32_WPAN 1.0.0
2025-11-23 13:16:57,721 [INFO] ThirdParty:1030 - CMSIS Pack Vendor :EmbeddedOffice I-CUBE-FS-RTOS 1.0.1
2025-11-23 13:16:57,721 [INFO] ThirdParty:1030 - CMSIS Pack Vendor :STMicroelectronics lwIP 2.0.3
2025-11-23 13:16:57,721 [INFO] ThirdParty:1030 - CMSIS Pack Vendor :WES I-CUBE-Cesium 1.4.0
2025-11-23 13:16:57,721 [INFO] ThirdParty:1030 - CMSIS Pack Vendor :Cesanta I-CUBE-Mongoose 7.13.0
2025-11-23 13:16:57,721 [INFO] ThirdParty:1030 - CMSIS Pack Vendor :STMicroelectronics USB_HOST 1.0.0
2025-11-23 13:16:57,721 [INFO] ThirdParty:1030 - CMSIS Pack Vendor :Infineon AIROC-Wi-Fi-Bluetooth-STM32 1.7.1
2025-11-23 13:16:57,721 [INFO] ThirdParty:1030 - CMSIS Pack Vendor :STMicroelectronics X-CUBE-AZRTOS-G4 2.0.0
2025-11-23 13:16:57,721 [INFO] ThirdParty:1030 - CMSIS Pack Vendor :STMicroelectronics X-CUBE-WB05N 2.0.0
2025-11-23 13:16:57,722 [INFO] ThirdParty:1030 - CMSIS Pack Vendor :STMicroelectronics PDM2PCM 3.1.0
2025-11-23 13:16:57,722 [INFO] ThirdParty:1030 - CMSIS Pack Vendor :STMicroelectronics PDM2PCM 3.3.0
2025-11-23 13:16:57,722 [INFO] ThirdParty:1030 - CMSIS Pack Vendor :wolfSSL I-CUBE-wolfTPM 3.8.0
2025-11-23 13:16:57,722 [INFO] ThirdParty:1030 - CMSIS Pack Vendor :STMicroelectronics X-CUBE-AZRTOS-H7 3.4.0
2025-11-23 13:16:57,722 [INFO] ThirdParty:1030 - CMSIS Pack Vendor :STMicroelectronics X-CUBE-DISPLAY 3.0.0
2025-11-23 13:16:57,722 [INFO] ThirdParty:1030 - CMSIS Pack Vendor :wolfSSL I-CUBE-wolfSSH 1.4.20
2025-11-23 13:16:57,722 [INFO] ThirdParty:1030 - CMSIS Pack Vendor :STMicroelectronics X-CUBE-NFC7 2.0.0
2025-11-23 13:16:57,722 [INFO] ThirdParty:1030 - CMSIS Pack Vendor :STMicroelectronics X-CUBE-TCPP 4.2.0
2025-11-23 13:16:57,722 [INFO] ThirdParty:1030 - CMSIS Pack Vendor :RealThread X-CUBE-RT-Thread_Nano 4.1.1
2025-11-23 13:16:57,722 [INFO] ThirdParty:1030 - CMSIS Pack Vendor :STMicroelectronics FP-ATR-SIGFOX1 3.2.0
2025-11-23 13:16:57,722 [INFO] ThirdParty:1030 - CMSIS Pack Vendor :STMicroelectronics X-CUBE-NFC10 1.0.0
2025-11-23 13:16:57,722 [INFO] ThirdParty:1030 - CMSIS Pack Vendor :STMicroelectronics X-CUBE-FREERTOS 1.3.1
2025-11-23 13:16:57,722 [INFO] ThirdParty:1030 - CMSIS Pack Vendor :STMicroelectronics HAL Drivers 0.0.0
2025-11-23 13:16:57,722 [INFO] ThirdParty:1030 - CMSIS Pack Vendor :STMicroelectronics MBEDTLS 2.16.2
2025-11-23 13:16:57,722 [INFO] ThirdParty:1030 - CMSIS Pack Vendor :STMicroelectronics X-CUBE-ST60 1.1.0
2025-11-23 13:16:57,722 [INFO] ThirdParty:1030 - CMSIS Pack Vendor :STMicroelectronics X-CUBE-IPS 3.1.0
2025-11-23 13:16:57,722 [INFO] ThirdParty:1030 - CMSIS Pack Vendor :STMicroelectronics X-CUBE-ALS 1.0.2
2025-11-23 13:16:57,723 [INFO] ThirdParty:1030 - CMSIS Pack Vendor :emotas I-CUBE-CANOPEN 1.3.0
2025-11-23 13:16:57,723 [INFO] ThirdParty:1030 - CMSIS Pack Vendor :STMicroelectronics MBEDTLS 2.14.1
2025-11-23 13:16:57,723 [INFO] ThirdParty:1030 - CMSIS Pack Vendor :STMicroelectronics X-CUBE-GNSS1 7.1.0
2025-11-23 13:16:57,723 [INFO] ThirdParty:1030 - CMSIS Pack Vendor :ITTIA_DB I-CUBE-ITTIADB 8.9.0
2025-11-23 13:16:57,723 [INFO] ThirdParty:1030 - CMSIS Pack Vendor :STMicroelectronics X-CUBE-TOUCHGFX 4.26.0
2025-11-23 13:16:57,723 [INFO] ThirdParty:1030 - CMSIS Pack Vendor :STMicroelectronics X-CUBE-STSE01 1.0.0
2025-11-23 13:16:57,723 [INFO] ThirdParty:1030 - CMSIS Pack Vendor :STMicroelectronics X-CUBE-ST67W61 1.0.0
2025-11-23 13:16:57,723 [INFO] ThirdParty:1030 - CMSIS Pack Vendor :STMicroelectronics FP-SNS-STBOX1 2.1.0
2025-11-23 13:16:57,723 [INFO] ThirdParty:1030 - CMSIS Pack Vendor :STMicroelectronics X-CUBE-AI 10.2.0
2025-11-23 13:16:57,723 [INFO] ThirdParty:1030 - CMSIS Pack Vendor :STMicroelectronics FP-SNS-STAIOTCFT 1.0.0
2025-11-23 13:16:57,723 [INFO] ThirdParty:1030 - CMSIS Pack Vendor :STMicroelectronics ThreadX 1.0.0
2025-11-23 13:16:57,723 [INFO] ThirdParty:1030 - CMSIS Pack Vendor :STMicroelectronics FP-SNS-SMARTAG2 1.2.0
2025-11-23 13:16:57,723 [INFO] ThirdParty:1030 - CMSIS Pack Vendor :STMicroelectronics FP-SNS-FLIGHT1 5.1.0
2025-11-23 13:16:57,723 [INFO] ThirdParty:1030 - CMSIS Pack Vendor :STMicroelectronics X-CUBE-AZRTOS-WL 2.0.0
2025-11-23 13:16:57,723 [INFO] ThirdParty:1030 - CMSIS Pack Vendor :SEGGER I-CUBE-embOS 1.3.1
2025-11-23 13:16:57,723 [INFO] ThirdParty:1030 - CMSIS Pack Vendor :STMicroelectronics X-CUBE-ALGOBUILD 1.4.0
2025-11-23 13:16:57,723 [INFO] ThirdParty:1030 - CMSIS Pack Vendor :STMicroelectronics X-CUBE-DPower 1.3.0
2025-11-23 13:16:57,723 [INFO] ThirdParty:1030 - CMSIS Pack Vendor :STMicroelectronics X-CUBE-MEMS1 11.3.0
2025-11-23 13:16:57,723 [INFO] ThirdParty:1030 - CMSIS Pack Vendor :STMicroelectronics FP-SNS-MOTENV1 5.0.0
2025-11-23 13:16:57,723 [INFO] ThirdParty:1030 - CMSIS Pack Vendor :STMicroelectronics USB_DEVICE 1.0.0
2025-11-23 13:16:57,723 [INFO] ThirdParty:1030 - CMSIS Pack Vendor :STMicroelectronics X-CUBE-AZRTOS-H7RS 1.2.0
2025-11-23 13:16:57,723 [INFO] ThirdParty:1030 - CMSIS Pack Vendor :STMicroelectronics X-CUBE-AZRTOS-L4 2.0.0
2025-11-23 13:16:57,723 [INFO] ThirdParty:1030 - CMSIS Pack Vendor :STMicroelectronics ThreadX 0.0.2
2025-11-23 13:16:57,723 [INFO] ThirdParty:1030 - CMSIS Pack Vendor :STMicroelectronics lwIP 2.1.2
2025-11-23 13:16:57,723 [INFO] ThirdParty:1030 - CMSIS Pack Vendor :STMicroelectronics X-CUBE-SFXS2LP1 4.0.0
2025-11-23 13:16:57,723 [INFO] ThirdParty:1030 - CMSIS Pack Vendor :STMicroelectronics X-CUBE-BLE2 3.3.0
2025-11-23 13:16:57,723 [INFO] ThirdParty:1030 - CMSIS Pack Vendor :Avnet-IOTCONNECT X-CUBE-iotc-st67-sdk 1.0.0
2025-11-23 13:16:57,723 [INFO] ThirdParty:1030 - CMSIS Pack Vendor :STMicroelectronics X-CUBE-TOF1 3.4.3
2025-11-23 13:16:57,724 [INFO] ThirdParty:1030 - CMSIS Pack Vendor :STMicroelectronics PDM2PCM 3.2.0
2025-11-23 13:16:57,724 [INFO] ThirdParty:841 - exiting critical section [change project]
2025-11-23 13:16:57,935 [INFO] PinOutPanel:1589 - setPackage(No Configuration,No Configuration)
2025-11-23 13:16:57,936 [INFO] PinOutPanel:1589 - setPackage(STM32L476RGTx,LQFP64)
2025-11-23 13:16:58,342 [INFO] UtilMem:75 - Before build in PCC Used Memory: 952214256 Bytes (1073741824)
2025-11-23 13:16:58,653 [INFO] UtilMem:75 - After build in PCC Used Memory: 674064200 Bytes (1073741824)
2025-11-23 13:16:58,676 [INFO] IPUIPlugin:80 - create IPUIPlugin
2025-11-23 13:16:58,676 [INFO] IPUIPlugin:80 - create IPUIPlugin
2025-11-23 13:16:58,676 [INFO] IPUIPlugin:80 - create IPUIPlugin
2025-11-23 13:16:58,676 [INFO] IPUIPlugin:80 - create IPUIPlugin
2025-11-23 13:16:58,676 [INFO] IPUIPlugin:80 - create IPUIPlugin
2025-11-23 13:16:58,676 [INFO] IPUIPlugin:80 - create IPUIPlugin
2025-11-23 13:16:58,676 [INFO] IPUIPlugin:80 - create IPUIPlugin
2025-11-23 13:16:58,676 [INFO] IPUIPlugin:80 - create IPUIPlugin
2025-11-23 13:16:58,676 [INFO] IPUIPlugin:80 - create IPUIPlugin
2025-11-23 13:16:58,676 [INFO] IPUIPlugin:80 - create IPUIPlugin
2025-11-23 13:16:58,676 [INFO] IPUIPlugin:80 - create IPUIPlugin
2025-11-23 13:16:58,676 [INFO] IPUIPlugin:80 - create IPUIPlugin
2025-11-23 13:16:58,676 [INFO] IPUIPlugin:80 - create IPUIPlugin
2025-11-23 13:16:58,677 [INFO] IPUIPlugin:80 - create IPUIPlugin
2025-11-23 13:16:58,677 [INFO] IPUIPlugin:80 - create IPUIPlugin
2025-11-23 13:16:58,677 [INFO] IPUIPlugin:80 - create IPUIPlugin
2025-11-23 13:16:58,677 [INFO] IPUIPlugin:80 - create IPUIPlugin
2025-11-23 13:16:58,677 [INFO] IPUIPlugin:80 - create IPUIPlugin
2025-11-23 13:16:58,677 [INFO] IPUIPlugin:80 - create IPUIPlugin
2025-11-23 13:16:58,677 [INFO] IPUIPlugin:80 - create IPUIPlugin
2025-11-23 13:16:58,677 [INFO] IPUIPlugin:80 - create IPUIPlugin
2025-11-23 13:16:58,677 [INFO] IPUIPlugin:80 - create IPUIPlugin
2025-11-23 13:16:58,678 [INFO] IPUIPlugin:80 - create IPUIPlugin
2025-11-23 13:16:58,678 [INFO] IPUIPlugin:80 - create IPUIPlugin
2025-11-23 13:16:58,678 [INFO] IPUIPlugin:80 - create IPUIPlugin
2025-11-23 13:16:58,678 [INFO] IPUIPlugin:80 - create IPUIPlugin
2025-11-23 13:16:58,678 [INFO] IPUIPlugin:80 - create IPUIPlugin
2025-11-23 13:16:58,678 [INFO] IPUIPlugin:80 - create IPUIPlugin
2025-11-23 13:16:58,678 [INFO] IPUIPlugin:80 - create IPUIPlugin
2025-11-23 13:16:58,678 [INFO] IPUIPlugin:80 - create IPUIPlugin
2025-11-23 13:16:58,678 [INFO] IPUIPlugin:80 - create IPUIPlugin
2025-11-23 13:16:58,679 [INFO] IPUIPlugin:80 - create IPUIPlugin
2025-11-23 13:16:58,679 [INFO] IPUIPlugin:80 - create IPUIPlugin
2025-11-23 13:16:58,679 [INFO] IPUIPlugin:80 - create IPUIPlugin
2025-11-23 13:16:58,679 [INFO] IPUIPlugin:80 - create IPUIPlugin
2025-11-23 13:16:58,679 [INFO] IPUIPlugin:80 - create IPUIPlugin
2025-11-23 13:16:58,679 [INFO] IPUIPlugin:80 - create IPUIPlugin
2025-11-23 13:16:58,680 [INFO] IPUIPlugin:80 - create IPUIPlugin
2025-11-23 13:16:58,680 [INFO] IPUIPlugin:80 - create IPUIPlugin
2025-11-23 13:16:58,680 [INFO] IPUIPlugin:80 - create IPUIPlugin
2025-11-23 13:16:58,680 [INFO] IPUIPlugin:80 - create IPUIPlugin
2025-11-23 13:16:58,680 [INFO] IPUIPlugin:80 - create IPUIPlugin
2025-11-23 13:16:58,680 [INFO] IPUIPlugin:80 - create IPUIPlugin
2025-11-23 13:16:58,680 [INFO] IPUIPlugin:80 - create IPUIPlugin
2025-11-23 13:16:58,681 [INFO] IPUIPlugin:80 - create IPUIPlugin
2025-11-23 13:16:58,681 [INFO] IPUIPlugin:80 - create IPUIPlugin
2025-11-23 13:16:58,681 [INFO] IPUIPlugin:80 - create IPUIPlugin
2025-11-23 13:16:58,681 [INFO] IPUIPlugin:80 - create IPUIPlugin
2025-11-23 13:16:58,681 [INFO] IPUIPlugin:80 - create IPUIPlugin
2025-11-23 13:16:58,681 [INFO] IPUIPlugin:80 - create IPUIPlugin
2025-11-23 13:16:58,682 [INFO] IPUIPlugin:80 - create IPUIPlugin
2025-11-23 13:16:58,682 [INFO] IPUIPlugin:80 - create IPUIPlugin
2025-11-23 13:16:58,682 [INFO] IPUIPlugin:80 - create IPUIPlugin
2025-11-23 13:16:58,682 [INFO] IPUIPlugin:80 - create IPUIPlugin
2025-11-23 13:16:58,683 [INFO] IPUIPlugin:80 - create IPUIPlugin
2025-11-23 13:16:58,683 [INFO] IPUIPlugin:80 - create IPUIPlugin
2025-11-23 13:16:58,683 [INFO] IPUIPlugin:80 - create IPUIPlugin
2025-11-23 13:16:58,684 [INFO] IPUIPlugin:80 - create IPUIPlugin
2025-11-23 13:16:58,684 [INFO] IPUIPlugin:80 - create IPUIPlugin
2025-11-23 13:16:58,710 [INFO] CADModel:165 - CPN selected for project levelSTM32L476RGT3
2025-11-23 13:16:58,710 [INFO] CADModel:114 - Register for checkConnection events
2025-11-23 13:16:58,770 [INFO] OpenFileManager:386 - Restore cursor
2025-11-23 13:18:31,174 [INFO] I2cTimingTraitement:330 - 0x10D19CE4
2025-11-23 13:42:21,224 [INFO] UtilMem:75 - End SaveConfig() Used Memory: 884970128 Bytes (1073741824)
2025-11-23 13:42:22,978 [INFO] UtilMem:75 - End SaveConfig() Used Memory: 929778248 Bytes (1073741824)
2025-11-23 13:42:23,468 [INFO] BlockDiagram:2775 - set Specific Code input for plugin: SYS
2025-11-23 13:42:23,468 [INFO] BlockDiagram:2775 - set Specific Code input for plugin: RCC
2025-11-23 13:42:23,468 [INFO] BlockDiagram:2775 - set Specific Code input for plugin: I2C
2025-11-23 13:42:23,468 [INFO] BlockDiagram:2775 - set Specific Code input for plugin: NVIC
2025-11-23 13:42:23,468 [INFO] BlockDiagram:2775 - set Specific Code input for plugin: GPIO
2025-11-23 13:42:23,469 [INFO] CodeGenerator:892 - code generatio: config db path: C:\ST\STM32CubeIDE_1.19.0\STM32CubeIDE\plugins\com.st.stm32cube.common.mx_6.15.0.202507011659\\db\
2025-11-23 13:42:23,650 [INFO] CodeEngine:265 - oldGeneratedFile, D:\STM32\Lab\Practice3-i2c-eeprom-random-number\MXTmpFiles\license.tmp_save
2025-11-23 13:42:24,263 [INFO] CodeEngine:289 - Generated code: D:\STM32\Lab\Practice3-i2c-eeprom-random-number\MXTmpFiles\license.tmp
2025-11-23 13:42:24,567 [INFO] CodeEngine:265 - oldGeneratedFile, D:\STM32\Lab\Practice3-i2c-eeprom-random-number\MXTmpFiles\gpio.tmp_save
2025-11-23 13:42:24,710 [INFO] CodeEngine:289 - Generated code: D:\STM32\Lab\Practice3-i2c-eeprom-random-number\MXTmpFiles\gpio.tmp
2025-11-23 13:42:24,914 [INFO] CodeEngine:265 - oldGeneratedFile, D:\STM32\Lab\Practice3-i2c-eeprom-random-number\Core\Src\stm32l4xx_it.c_save
2025-11-23 13:42:25,041 [INFO] CodeEngine:289 - Generated code: D:\STM32\Lab\Practice3-i2c-eeprom-random-number\Core\Src\stm32l4xx_it.c
2025-11-23 13:42:25,047 [INFO] CodeEngine:265 - oldGeneratedFile, D:\STM32\Lab\Practice3-i2c-eeprom-random-number\Core\Inc\stm32l4xx_it.h_save
2025-11-23 13:42:25,125 [INFO] CodeEngine:289 - Generated code: D:\STM32\Lab\Practice3-i2c-eeprom-random-number\Core\Inc\stm32l4xx_it.h
2025-11-23 13:42:25,138 [INFO] CodeEngine:265 - oldGeneratedFile, D:\STM32\Lab\Practice3-i2c-eeprom-random-number\Core\Src\stm32l4xx_hal_msp.c_save
2025-11-23 13:42:25,286 [INFO] CodeEngine:289 - Generated code: D:\STM32\Lab\Practice3-i2c-eeprom-random-number\Core\Src\stm32l4xx_hal_msp.c
2025-11-23 13:42:25,290 [INFO] CodeEngine:265 - oldGeneratedFile, D:\STM32\Lab\Practice3-i2c-eeprom-random-number\MXTmpFiles\system.tmp_save
2025-11-23 13:42:25,371 [INFO] CodeEngine:289 - Generated code: D:\STM32\Lab\Practice3-i2c-eeprom-random-number\MXTmpFiles\system.tmp
2025-11-23 13:42:25,382 [INFO] CodeEngine:321 - oldGeneratedFile, D:\STM32\Lab\Practice3-i2c-eeprom-random-number\Core\Inc\stm32l4xx_hal_conf.h_save
2025-11-23 13:42:25,477 [INFO] CodeEngine:345 - Generated code: D:\STM32\Lab\Practice3-i2c-eeprom-random-number\Core\Inc\stm32l4xx_hal_conf.h
2025-11-23 13:42:25,519 [INFO] ApiDbMcu:532 - Load IP Config File for I2C1
2025-11-23 13:42:25,525 [INFO] ApiDbMcu:532 - Load IP Config File for RCC
2025-11-23 13:42:25,536 [INFO] CodeEngine:265 - oldGeneratedFile, D:\STM32\Lab\Practice3-i2c-eeprom-random-number\Core\Inc\main.h_save
2025-11-23 13:42:25,635 [INFO] CodeEngine:289 - Generated code: D:\STM32\Lab\Practice3-i2c-eeprom-random-number\Core\Inc\main.h
2025-11-23 13:42:25,640 [INFO] CodeEngine:265 - oldGeneratedFile, D:\STM32\Lab\Practice3-i2c-eeprom-random-number\Core\Src\main.c_save
2025-11-23 13:42:25,765 [INFO] CodeEngine:289 - Generated code: D:\STM32\Lab\Practice3-i2c-eeprom-random-number\Core\Src\main.c
2025-11-23 13:42:26,189 [INFO] ProjectBuilder:3606 - Time for Copy HAL[1] : 226mS.
2025-11-23 13:42:26,200 [INFO] ProjectBuilder:5216 - Project Generator version: 4.7.0-B52
2025-11-23 13:42:26,285 [INFO] ConfigFileManager:1595 - The Die is : DIE415
2025-11-23 13:42:26,321 [INFO] ApiDbMcu:532 - Load IP Config File for FATFS
2025-11-23 13:42:26,326 [INFO] ApiDbMcu:532 - Load IP Config File for FREERTOS
2025-11-23 13:42:26,337 [INFO] ApiDbMcu:532 - Load IP Config File for TOUCHSENSING
2025-11-23 13:42:26,343 [INFO] ApiDbMcu:532 - Load IP Config File for USB_DEVICE
2025-11-23 13:42:26,348 [INFO] ApiDbMcu:532 - Load IP Config File for USB_HOST
2025-11-23 13:42:26,914 [INFO] LogOutputStream:77 - [STDOUT_REDIRECT] 
2025-11-23 13:42:28,002 [INFO] ProjectBuilder:5496 - Time for Generating toolchain IDE Files: 1800mS.
2025-11-23 13:42:28,002 [INFO] ProjectBuilder:3463 - Time for Copy CMSIS : 0mS.
2025-11-23 13:42:28,004 [INFO] ProjectBuilder:3463 - Time for Copy CMSIS : 0mS.
2025-11-23 14:37:11,656 [INFO] Gpio:278 - dependency for GPIO [I2C1]
2025-11-23 14:37:15,618 [INFO] Gpio:278 - dependency for GPIO [I2C1]
2025-11-23 14:37:24,478 [INFO] I2cTimingTraitement:330 - 0x10D19CE4
2025-11-23 14:38:22,642 [INFO] UtilMem:75 - End SaveConfig() Used Memory: 986101240 Bytes (1073741824)
2025-11-23 14:38:27,858 [INFO] UtilMem:75 - End SaveConfig() Used Memory: 669706720 Bytes (1073741824)
2025-11-23 14:38:28,016 [INFO] UtilMem:75 - End SaveConfig() Used Memory: 741349808 Bytes (1073741824)
2025-11-23 14:38:28,480 [INFO] BlockDiagram:2775 - set Specific Code input for plugin: SYS
2025-11-23 14:38:28,480 [INFO] BlockDiagram:2775 - set Specific Code input for plugin: RCC
2025-11-23 14:38:28,480 [INFO] BlockDiagram:2775 - set Specific Code input for plugin: I2C
2025-11-23 14:38:28,480 [INFO] BlockDiagram:2775 - set Specific Code input for plugin: NVIC
2025-11-23 14:38:28,480 [INFO] BlockDiagram:2775 - set Specific Code input for plugin: GPIO
2025-11-23 14:38:28,481 [INFO] CodeGenerator:892 - code generatio: config db path: C:\ST\STM32CubeIDE_1.19.0\STM32CubeIDE\plugins\com.st.stm32cube.common.mx_6.15.0.202507011659\\db\
2025-11-23 14:38:28,679 [INFO] CodeEngine:265 - oldGeneratedFile, D:\STM32\Lab\Practice3-i2c-eeprom-random-number\MXTmpFiles\license.tmp_save
2025-11-23 14:38:28,959 [INFO] CodeEngine:289 - Generated code: D:\STM32\Lab\Practice3-i2c-eeprom-random-number\MXTmpFiles\license.tmp
2025-11-23 14:38:28,999 [INFO] CodeEngine:265 - oldGeneratedFile, D:\STM32\Lab\Practice3-i2c-eeprom-random-number\MXTmpFiles\gpio.tmp_save
2025-11-23 14:38:29,134 [INFO] CodeEngine:289 - Generated code: D:\STM32\Lab\Practice3-i2c-eeprom-random-number\MXTmpFiles\gpio.tmp
2025-11-23 14:38:29,200 [INFO] CodeEngine:265 - oldGeneratedFile, D:\STM32\Lab\Practice3-i2c-eeprom-random-number\Core\Src\stm32l4xx_it.c_save
2025-11-23 14:38:29,415 [INFO] CodeEngine:289 - Generated code: D:\STM32\Lab\Practice3-i2c-eeprom-random-number\Core\Src\stm32l4xx_it.c
2025-11-23 14:38:29,420 [INFO] CodeEngine:265 - oldGeneratedFile, D:\STM32\Lab\Practice3-i2c-eeprom-random-number\Core\Inc\stm32l4xx_it.h_save
2025-11-23 14:38:29,486 [INFO] CodeEngine:289 - Generated code: D:\STM32\Lab\Practice3-i2c-eeprom-random-number\Core\Inc\stm32l4xx_it.h
2025-11-23 14:38:29,500 [INFO] CodeEngine:265 - oldGeneratedFile, D:\STM32\Lab\Practice3-i2c-eeprom-random-number\Core\Src\stm32l4xx_hal_msp.c_save
2025-11-23 14:38:29,619 [INFO] CodeEngine:289 - Generated code: D:\STM32\Lab\Practice3-i2c-eeprom-random-number\Core\Src\stm32l4xx_hal_msp.c
2025-11-23 14:38:29,623 [INFO] CodeEngine:265 - oldGeneratedFile, D:\STM32\Lab\Practice3-i2c-eeprom-random-number\MXTmpFiles\system.tmp_save
2025-11-23 14:38:29,675 [INFO] CodeEngine:289 - Generated code: D:\STM32\Lab\Practice3-i2c-eeprom-random-number\MXTmpFiles\system.tmp
2025-11-23 14:38:29,684 [INFO] CodeEngine:321 - oldGeneratedFile, D:\STM32\Lab\Practice3-i2c-eeprom-random-number\Core\Inc\stm32l4xx_hal_conf.h_save
2025-11-23 14:38:29,743 [INFO] CodeEngine:345 - Generated code: D:\STM32\Lab\Practice3-i2c-eeprom-random-number\Core\Inc\stm32l4xx_hal_conf.h
2025-11-23 14:38:29,771 [INFO] CodeEngine:265 - oldGeneratedFile, D:\STM32\Lab\Practice3-i2c-eeprom-random-number\Core\Inc\main.h_save
2025-11-23 14:38:29,843 [INFO] CodeEngine:289 - Generated code: D:\STM32\Lab\Practice3-i2c-eeprom-random-number\Core\Inc\main.h
2025-11-23 14:38:29,848 [INFO] CodeEngine:265 - oldGeneratedFile, D:\STM32\Lab\Practice3-i2c-eeprom-random-number\Core\Src\main.c_save
2025-11-23 14:38:29,933 [INFO] CodeEngine:289 - Generated code: D:\STM32\Lab\Practice3-i2c-eeprom-random-number\Core\Src\main.c
2025-11-23 14:38:30,217 [INFO] ProjectBuilder:3606 - Time for Copy HAL[1] : 142mS.
2025-11-23 14:38:30,220 [INFO] ProjectBuilder:5216 - Project Generator version: 4.7.0-B52
2025-11-23 14:38:30,288 [INFO] ConfigFileManager:1595 - The Die is : DIE415
2025-11-23 14:38:30,945 [INFO] ProjectBuilder:5496 - Time for Generating toolchain IDE Files: 725mS.
2025-11-23 14:38:30,946 [INFO] ProjectBuilder:3463 - Time for Copy CMSIS : 0mS.
2025-11-23 14:38:30,949 [INFO] ProjectBuilder:3463 - Time for Copy CMSIS : 0mS.
2025-11-23 14:38:44,386 [INFO] Gpio:278 - dependency for GPIO [I2C1]
2025-11-23 14:38:47,109 [INFO] NvicIntPanel:101 - NVIC parent = com.st.microxplorer.plugins.ip.nvic.MultiNvicIntPanel[,2,27,633x431,layout=javax.swing.BoxLayout,alignmentX=0.0,alignmentY=0.0,border=,flags=9,maximumSize=,minimumSize=,preferredSize=]
2025-11-23 14:38:49,355 [INFO] Gpio:278 - dependency for GPIO [I2C1]
2025-11-23 14:38:53,731 [INFO] I2cTimingTraitement:330 - 0x10D19CE4
2025-11-23 14:39:05,457 [INFO] UtilMem:75 - End SaveConfig() Used Memory: 766147328 Bytes (1073741824)
2025-11-23 14:39:06,642 [INFO] UtilMem:75 - End SaveConfig() Used Memory: 798118208 Bytes (1073741824)
2025-11-23 14:39:08,481 [INFO] UtilMem:75 - End SaveConfig() Used Memory: 843284608 Bytes (1073741824)
2025-11-23 14:39:08,908 [INFO] BlockDiagram:2775 - set Specific Code input for plugin: SYS
2025-11-23 14:39:08,908 [INFO] BlockDiagram:2775 - set Specific Code input for plugin: RCC
2025-11-23 14:39:08,908 [INFO] BlockDiagram:2775 - set Specific Code input for plugin: I2C
2025-11-23 14:39:08,908 [INFO] BlockDiagram:2775 - set Specific Code input for plugin: NVIC
2025-11-23 14:39:08,908 [INFO] BlockDiagram:2775 - set Specific Code input for plugin: GPIO
2025-11-23 14:39:08,909 [INFO] CodeGenerator:892 - code generatio: config db path: C:\ST\STM32CubeIDE_1.19.0\STM32CubeIDE\plugins\com.st.stm32cube.common.mx_6.15.0.202507011659\\db\
2025-11-23 14:39:09,011 [INFO] CodeEngine:265 - oldGeneratedFile, D:\STM32\Lab\Practice3-i2c-eeprom-random-number\MXTmpFiles\license.tmp_save
2025-11-23 14:39:09,210 [INFO] CodeEngine:289 - Generated code: D:\STM32\Lab\Practice3-i2c-eeprom-random-number\MXTmpFiles\license.tmp
2025-11-23 14:39:09,247 [INFO] CodeEngine:265 - oldGeneratedFile, D:\STM32\Lab\Practice3-i2c-eeprom-random-number\MXTmpFiles\gpio.tmp_save
2025-11-23 14:39:09,353 [INFO] CodeEngine:289 - Generated code: D:\STM32\Lab\Practice3-i2c-eeprom-random-number\MXTmpFiles\gpio.tmp
2025-11-23 14:39:09,427 [INFO] CodeEngine:265 - oldGeneratedFile, D:\STM32\Lab\Practice3-i2c-eeprom-random-number\Core\Src\stm32l4xx_it.c_save
2025-11-23 14:39:09,554 [INFO] CodeEngine:289 - Generated code: D:\STM32\Lab\Practice3-i2c-eeprom-random-number\Core\Src\stm32l4xx_it.c
2025-11-23 14:39:09,559 [INFO] CodeEngine:265 - oldGeneratedFile, D:\STM32\Lab\Practice3-i2c-eeprom-random-number\Core\Inc\stm32l4xx_it.h_save
2025-11-23 14:39:09,655 [INFO] CodeEngine:289 - Generated code: D:\STM32\Lab\Practice3-i2c-eeprom-random-number\Core\Inc\stm32l4xx_it.h
2025-11-23 14:39:09,665 [INFO] CodeEngine:265 - oldGeneratedFile, D:\STM32\Lab\Practice3-i2c-eeprom-random-number\Core\Src\stm32l4xx_hal_msp.c_save
2025-11-23 14:39:09,777 [INFO] CodeEngine:289 - Generated code: D:\STM32\Lab\Practice3-i2c-eeprom-random-number\Core\Src\stm32l4xx_hal_msp.c
2025-11-23 14:39:09,780 [INFO] CodeEngine:265 - oldGeneratedFile, D:\STM32\Lab\Practice3-i2c-eeprom-random-number\MXTmpFiles\system.tmp_save
2025-11-23 14:39:09,847 [INFO] CodeEngine:289 - Generated code: D:\STM32\Lab\Practice3-i2c-eeprom-random-number\MXTmpFiles\system.tmp
2025-11-23 14:39:09,863 [INFO] CodeEngine:321 - oldGeneratedFile, D:\STM32\Lab\Practice3-i2c-eeprom-random-number\Core\Inc\stm32l4xx_hal_conf.h_save
2025-11-23 14:39:09,923 [INFO] CodeEngine:345 - Generated code: D:\STM32\Lab\Practice3-i2c-eeprom-random-number\Core\Inc\stm32l4xx_hal_conf.h
2025-11-23 14:39:09,954 [INFO] CodeEngine:265 - oldGeneratedFile, D:\STM32\Lab\Practice3-i2c-eeprom-random-number\Core\Inc\main.h_save
2025-11-23 14:39:10,008 [INFO] CodeEngine:289 - Generated code: D:\STM32\Lab\Practice3-i2c-eeprom-random-number\Core\Inc\main.h
2025-11-23 14:39:10,013 [INFO] CodeEngine:265 - oldGeneratedFile, D:\STM32\Lab\Practice3-i2c-eeprom-random-number\Core\Src\main.c_save
2025-11-23 14:39:10,099 [INFO] CodeEngine:289 - Generated code: D:\STM32\Lab\Practice3-i2c-eeprom-random-number\Core\Src\main.c
2025-11-23 14:39:10,396 [INFO] ProjectBuilder:3606 - Time for Copy HAL[1] : 153mS.
2025-11-23 14:39:10,398 [INFO] ProjectBuilder:5216 - Project Generator version: 4.7.0-B52
2025-11-23 14:39:10,465 [INFO] ConfigFileManager:1595 - The Die is : DIE415
2025-11-23 14:39:11,276 [INFO] ProjectBuilder:5496 - Time for Generating toolchain IDE Files: 877mS.
2025-11-23 14:39:11,276 [INFO] ProjectBuilder:3463 - Time for Copy CMSIS : 0mS.
2025-11-23 14:39:11,279 [INFO] ProjectBuilder:3463 - Time for Copy CMSIS : 1mS.
2025-11-23 14:42:57,108 [INFO] I2cTimingTraitement:330 - 0x10D19CE4
2025-11-23 14:43:15,366 [INFO] UtilMem:75 - End SaveConfig() Used Memory: 1001799160 Bytes (1073741824)
2025-11-23 14:43:16,754 [INFO] UtilMem:75 - End SaveConfig() Used Memory: 673105584 Bytes (1073741824)
2025-11-23 14:43:19,223 [INFO] UtilMem:75 - End SaveConfig() Used Memory: 714104248 Bytes (1073741824)
2025-11-23 14:43:19,675 [INFO] BlockDiagram:2775 - set Specific Code input for plugin: SYS
2025-11-23 14:43:19,675 [INFO] BlockDiagram:2775 - set Specific Code input for plugin: RCC
2025-11-23 14:43:19,675 [INFO] BlockDiagram:2775 - set Specific Code input for plugin: I2C
2025-11-23 14:43:19,675 [INFO] BlockDiagram:2775 - set Specific Code input for plugin: NVIC
2025-11-23 14:43:19,675 [INFO] BlockDiagram:2775 - set Specific Code input for plugin: GPIO
2025-11-23 14:43:19,676 [INFO] CodeGenerator:892 - code generatio: config db path: C:\ST\STM32CubeIDE_1.19.0\STM32CubeIDE\plugins\com.st.stm32cube.common.mx_6.15.0.202507011659\\db\
2025-11-23 14:43:19,802 [INFO] CodeEngine:265 - oldGeneratedFile, D:\STM32\Lab\Practice3-i2c-eeprom-random-number\MXTmpFiles\license.tmp_save
2025-11-23 14:43:20,013 [INFO] CodeEngine:289 - Generated code: D:\STM32\Lab\Practice3-i2c-eeprom-random-number\MXTmpFiles\license.tmp
2025-11-23 14:43:20,049 [INFO] CodeEngine:265 - oldGeneratedFile, D:\STM32\Lab\Practice3-i2c-eeprom-random-number\MXTmpFiles\gpio.tmp_save
2025-11-23 14:43:20,180 [INFO] CodeEngine:289 - Generated code: D:\STM32\Lab\Practice3-i2c-eeprom-random-number\MXTmpFiles\gpio.tmp
2025-11-23 14:43:20,253 [INFO] CodeEngine:265 - oldGeneratedFile, D:\STM32\Lab\Practice3-i2c-eeprom-random-number\Core\Src\stm32l4xx_it.c_save
2025-11-23 14:43:20,380 [INFO] CodeEngine:289 - Generated code: D:\STM32\Lab\Practice3-i2c-eeprom-random-number\Core\Src\stm32l4xx_it.c
2025-11-23 14:43:20,385 [INFO] CodeEngine:265 - oldGeneratedFile, D:\STM32\Lab\Practice3-i2c-eeprom-random-number\Core\Inc\stm32l4xx_it.h_save
2025-11-23 14:43:20,493 [INFO] CodeEngine:289 - Generated code: D:\STM32\Lab\Practice3-i2c-eeprom-random-number\Core\Inc\stm32l4xx_it.h
2025-11-23 14:43:20,504 [INFO] CodeEngine:265 - oldGeneratedFile, D:\STM32\Lab\Practice3-i2c-eeprom-random-number\Core\Src\stm32l4xx_hal_msp.c_save
2025-11-23 14:43:20,663 [INFO] CodeEngine:289 - Generated code: D:\STM32\Lab\Practice3-i2c-eeprom-random-number\Core\Src\stm32l4xx_hal_msp.c
2025-11-23 14:43:20,668 [INFO] CodeEngine:265 - oldGeneratedFile, D:\STM32\Lab\Practice3-i2c-eeprom-random-number\MXTmpFiles\system.tmp_save
2025-11-23 14:43:20,741 [INFO] CodeEngine:289 - Generated code: D:\STM32\Lab\Practice3-i2c-eeprom-random-number\MXTmpFiles\system.tmp
2025-11-23 14:43:20,750 [INFO] CodeEngine:321 - oldGeneratedFile, D:\STM32\Lab\Practice3-i2c-eeprom-random-number\Core\Inc\stm32l4xx_hal_conf.h_save
2025-11-23 14:43:20,822 [INFO] CodeEngine:345 - Generated code: D:\STM32\Lab\Practice3-i2c-eeprom-random-number\Core\Inc\stm32l4xx_hal_conf.h
2025-11-23 14:43:20,852 [INFO] CodeEngine:265 - oldGeneratedFile, D:\STM32\Lab\Practice3-i2c-eeprom-random-number\Core\Inc\main.h_save
2025-11-23 14:43:20,922 [INFO] CodeEngine:289 - Generated code: D:\STM32\Lab\Practice3-i2c-eeprom-random-number\Core\Inc\main.h
2025-11-23 14:43:20,928 [INFO] CodeEngine:265 - oldGeneratedFile, D:\STM32\Lab\Practice3-i2c-eeprom-random-number\Core\Src\main.c_save
2025-11-23 14:43:21,021 [INFO] CodeEngine:289 - Generated code: D:\STM32\Lab\Practice3-i2c-eeprom-random-number\Core\Src\main.c
2025-11-23 14:43:21,347 [INFO] ProjectBuilder:3606 - Time for Copy HAL[1] : 163mS.
2025-11-23 14:43:21,350 [INFO] ProjectBuilder:5216 - Project Generator version: 4.7.0-B52
2025-11-23 14:43:21,428 [INFO] ConfigFileManager:1595 - The Die is : DIE415
2025-11-23 14:43:22,293 [INFO] ProjectBuilder:5496 - Time for Generating toolchain IDE Files: 943mS.
2025-11-23 14:43:22,294 [INFO] ProjectBuilder:3463 - Time for Copy CMSIS : 1mS.
2025-11-23 14:43:22,296 [INFO] ProjectBuilder:3463 - Time for Copy CMSIS : 0mS.
2025-11-23 15:45:43,709 [INFO] I2cTimingTraitement:330 - 0x10D19CE4
2025-11-23 15:45:46,332 [INFO] I2cTimingTraitement:330 - 0x10D19CE4
2025-11-23 15:45:49,846 [INFO] I2cTimingTraitement:330 - 0x10D19CE4
2025-11-23 15:45:56,999 [INFO] UtilMem:75 - End SaveConfig() Used Memory: 706270152 Bytes (1073741824)
2025-11-23 15:46:00,312 [INFO] MainUpdater:2872 - connection check result : 10
2025-11-23 15:46:00,312 [INFO] MainUpdater:2872 - connection check result : 10
2025-11-23 15:46:00,406 [INFO] I2cTimingTraitement:330 - 0x10D19CE4
2025-11-23 15:46:00,411 [INFO] MicroXplorer:468 - Change Database Path : 
2025-11-23 15:46:00,411 [INFO] MicroXplorer:498 - Change Database Version : DB.6.0.150
2025-11-23 15:46:00,461 [ERROR] ProjectManagerView:395 - 
java.lang.NullPointerException: Cannot invoke "javax.swing.JTextField.getText()" because the return value of "java.util.List.get(int)" is null
	at com.st.microxplorer.plugins.projectmanager.gui.ProjectChoiceTab$9.caretUpdate(ProjectChoiceTab.java:2706) ~[filemanager.jar:?]
	at javax.swing.text.JTextComponent.fireCaretUpdate(JTextComponent.java:408) ~[?:?]
	at javax.swing.text.JTextComponent$MutableCaretEvent.fire(JTextComponent.java:4484) ~[?:?]
	at javax.swing.text.JTextComponent$MutableCaretEvent.stateChanged(JTextComponent.java:4506) ~[?:?]
	at javax.swing.text.DefaultCaret.fireStateChanged(DefaultCaret.java:857) ~[?:?]
	at javax.swing.text.DefaultCaret.changeCaretPosition(DefaultCaret.java:1343) ~[?:?]
	at javax.swing.text.DefaultCaret.handleSetDot(DefaultCaret.java:1242) ~[?:?]
	at javax.swing.text.DefaultCaret.setDot(DefaultCaret.java:1223) ~[?:?]
	at javax.swing.text.DefaultCaret$Handler.insertUpdate(DefaultCaret.java:1819) ~[?:?]
	at javax.swing.text.AbstractDocument.fireInsertUpdate(AbstractDocument.java:227) ~[?:?]
	at javax.swing.text.AbstractDocument.handleInsertString(AbstractDocument.java:781) ~[?:?]
	at javax.swing.text.AbstractDocument.insertString(AbstractDocument.java:740) ~[?:?]
	at javax.swing.text.PlainDocument.insertString(PlainDocument.java:131) ~[?:?]
	at javax.swing.text.AbstractDocument.replace(AbstractDocument.java:699) ~[?:?]
	at javax.swing.text.JTextComponent.setText(JTextComponent.java:1725) ~[?:?]
	at com.st.microxplorer.plugins.projectmanager.gui.ProjectChoiceTab.createHeapStackFields(ProjectChoiceTab.java:993) ~[filemanager.jar:?]
	at com.st.microxplorer.plugins.projectmanager.gui.ProjectChoiceTab.buildLinkSettingsPanel(ProjectChoiceTab.java:3813) ~[filemanager.jar:?]
	at com.st.microxplorer.plugins.projectmanager.gui.ProjectChoiceTab.defineWindowsFields(ProjectChoiceTab.java:1987) ~[filemanager.jar:?]
	at com.st.microxplorer.plugins.projectmanager.gui.ProjectChoiceTab.updateSettings(ProjectChoiceTab.java:558) ~[filemanager.jar:?]
	at com.st.microxplorer.plugins.projectmanager.gui.ProjectSettingsPanel.UpdateDialog(ProjectSettingsPanel.java:247) ~[filemanager.jar:?]
	at com.st.microxplorer.plugins.projectmanager.ProjectManagerView.propertyChange(ProjectManagerView.java:392) ~[filemanager.jar:?]
	at java.beans.PropertyChangeSupport.fire(PropertyChangeSupport.java:343) ~[?:?]
	at java.beans.PropertyChangeSupport.firePropertyChange(PropertyChangeSupport.java:335) ~[?:?]
	at java.beans.PropertyChangeSupport.firePropertyChange(PropertyChangeSupport.java:268) ~[?:?]
	at com.st.microxplorer.util.MXPropertyChangeSupport.firePropertyChange(MXPropertyChangeSupport.java:54) ~[STM32CubeMX.jar:?]
	at com.st.microxplorer.mxsystem.MxSystem.closeConfig(MxSystem.java:899) ~[STM32CubeMX.jar:?]
	at com.st.microxplorer.maingui.MainPanel.closeConfig(MainPanel.java:792) ~[STM32CubeMX.jar:?]
	at com.st.microxplorer.plugins.filemanager.engine.OpenFileManager.loadConfigurationFile(OpenFileManager.java:288) ~[filemanager.jar:?]
	at com.st.microxplorer.plugins.filemanager.engine.MainFileManager.userLoadConfig(MainFileManager.java:364) ~[filemanager.jar:?]
	at com.st.microxplorer.plugins.filemanager.engine.MainFileManager.userLoadConfig(MainFileManager.java:342) ~[filemanager.jar:?]
	at com.st.microxplorer.plugins.filemanager.FileManagerView.getSpecificTask(FileManagerView.java:264) ~[filemanager.jar:?]
	at com.st.stm32cube.common.mx.editor.CubeMxEditor.getMxTabbedPaneInstance(CubeMxEditor.java:1198) ~[com.st.stm32cube.common.mx_6.15.0.202507011659/:?]
	at com.st.stm32cube.common.mx.editor.CubeMxEditor$12$1.createSwingComponent(CubeMxEditor.java:1068) ~[com.st.stm32cube.common.mx_6.15.0.202507011659/:?]
	at com.st.stm32cube.common.mx.oss.core.awtswtbridge.EmbeddedSwingComposite.doComponentCreation(EmbeddedSwingComposite.java:492) ~[com.st.stm32cube.common.mx.oss_6.15.0.202507011659/:?]
	at com.st.stm32cube.common.mx.oss.core.awtswtbridge.EmbeddedSwingComposite$4.run(EmbeddedSwingComposite.java:291) ~[com.st.stm32cube.common.mx.oss_6.15.0.202507011659/:?]
	at com.st.stm32cube.common.mx.oss.core.awtswtbridge.AwtEnvironment$2.run(AwtEnvironment.java:166) ~[com.st.stm32cube.common.mx.oss_6.15.0.202507011659/:?]
	at java.awt.event.InvocationEvent.dispatch(InvocationEvent.java:318) ~[?:?]
	at java.awt.EventQueue.dispatchEventImpl(EventQueue.java:773) ~[?:?]
	at java.awt.EventQueue$4.run(EventQueue.java:720) ~[?:?]
	at java.awt.EventQueue$4.run(EventQueue.java:714) ~[?:?]
	at java.security.AccessController.doPrivileged(AccessController.java:400) ~[?:?]
	at java.security.ProtectionDomain$JavaSecurityAccessImpl.doIntersectionPrivilege(ProtectionDomain.java:87) ~[?:?]
	at java.awt.EventQueue.dispatchEvent(EventQueue.java:742) ~[?:?]
	at java.awt.EventDispatchThread.pumpOneEventForFilters(EventDispatchThread.java:203) ~[?:?]
	at java.awt.EventDispatchThread.pumpEventsForFilter(EventDispatchThread.java:124) ~[?:?]
	at java.awt.EventDispatchThread.pumpEventsForHierarchy(EventDispatchThread.java:113) ~[?:?]
	at java.awt.EventDispatchThread.pumpEvents(EventDispatchThread.java:109) ~[?:?]
	at java.awt.EventDispatchThread.pumpEvents(EventDispatchThread.java:101) ~[?:?]
	at java.awt.EventDispatchThread.run(EventDispatchThread.java:90) ~[?:?]
2025-11-23 15:46:00,464 [WARN] ThirdParty:871 - waiting for thirdparty lock release [close project]
2025-11-23 15:46:00,464 [INFO] ThirdParty:873 - entering critical section [close project]
2025-11-23 15:46:00,464 [INFO] ThirdParty:883 - exiting critical section [close project]
2025-11-23 15:46:00,469 [INFO] PinOutPanel:1589 - setPackage(No Configuration,No Configuration)
2025-11-23 15:46:00,490 [INFO] UtilMem:75 - Begin LoadConfig() Used Memory: 879220392 Bytes (1073741824)
2025-11-23 15:46:00,491 [INFO] MicroXplorer:468 - Change Database Path : 
2025-11-23 15:46:00,491 [INFO] MicroXplorer:498 - Change Database Version : DB.6.0.150
2025-11-23 15:46:00,491 [INFO] OpenFileManager:355 - Change cursor
2025-11-23 15:46:00,513 [INFO] RulesReader:64 - Compatibility file has been processed (317 Rules)
2025-11-23 15:46:00,517 [INFO] Mcu:2029 - Initializing MCU STM32L476R(C-E-G)Tx STM32L476RGTx STM32L476RGT3
2025-11-23 15:46:02,278 [INFO] Context:786 - Trying to add GPIOservice into a context  which must be forbidden
2025-11-23 15:46:03,019 [INFO] ImportTextPane:234 - (OptionalMessage_ERROR) Pin7 (VP_RIF_VS_RIF1) cannot be retrieved for this MCU
2025-11-23 15:46:03,075 [INFO] RtosManager:558 - Registered RTOS mode: class=CMSIS, group=RTOS, mode=CMSIS_V1, owner=FREERTOS
2025-11-23 15:46:03,076 [INFO] RtosManager:558 - Registered RTOS mode: class=CMSIS, group=RTOS2, mode=CMSIS_V2, owner=FREERTOS
2025-11-23 15:46:03,076 [INFO] RtosManager:558 - Registered RTOS mode: class=RTOS, group=Core, mode=CMSIS_V1, owner=FREERTOS
2025-11-23 15:46:03,076 [INFO] RtosManager:558 - Registered RTOS mode: class=RTOS, group=Core, mode=CMSIS_V2, owner=FREERTOS
2025-11-23 15:46:03,076 [WARN] ModelIntegratedComponent:184 - Missing modes for component STMicroelectronics:FreeRTOS:0.0.1:STMicroelectronics:RTOS:FreeRTOS:Core:::10.2.0:
2025-11-23 15:46:03,103 [WARN] ModelIntegratedComponent:63 - No mode defined for component null
2025-11-23 15:46:03,104 [WARN] ModelIntegratedComponent:63 - No mode defined for component null
2025-11-23 15:46:03,104 [WARN] ModelIntegratedComponent:63 - No mode defined for component null
2025-11-23 15:46:03,104 [WARN] ModelIntegratedComponent:63 - No mode defined for component null
2025-11-23 15:46:03,104 [WARN] ModelIntegratedComponent:63 - No mode defined for component null
2025-11-23 15:46:03,104 [WARN] ModelIntegratedComponent:63 - No mode defined for component null
2025-11-23 15:46:03,104 [WARN] ModelIntegratedComponent:63 - No mode defined for component null
2025-11-23 15:46:03,104 [WARN] ModelIntegratedComponent:63 - No mode defined for component null
2025-11-23 15:46:03,104 [WARN] ModelIntegratedComponent:63 - No mode defined for component null
2025-11-23 15:46:03,104 [WARN] ModelIntegratedComponent:63 - No mode defined for component null
2025-11-23 15:46:03,104 [WARN] ModelIntegratedComponent:63 - No mode defined for component null
2025-11-23 15:46:03,104 [WARN] ModelIntegratedComponent:63 - No mode defined for component null
2025-11-23 15:46:03,104 [WARN] ModelIntegratedComponent:63 - No mode defined for component null
2025-11-23 15:46:03,104 [WARN] ModelIntegratedComponent:63 - No mode defined for component null
2025-11-23 15:46:03,104 [WARN] ModelIntegratedComponent:63 - No mode defined for component null
2025-11-23 15:46:03,104 [WARN] ModelIntegratedComponent:63 - No mode defined for component null
2025-11-23 15:46:03,104 [WARN] ModelIntegratedComponent:63 - No mode defined for component null
2025-11-23 15:46:03,104 [WARN] ModelIntegratedComponent:63 - No mode defined for component null
2025-11-23 15:46:03,105 [WARN] ModelIntegratedComponent:63 - No mode defined for component null
2025-11-23 15:46:03,105 [WARN] ModelIntegratedComponent:63 - No mode defined for component null
2025-11-23 15:46:03,105 [WARN] ModelIntegratedComponent:63 - No mode defined for component null
2025-11-23 15:46:03,105 [WARN] ModelIntegratedComponent:63 - No mode defined for component null
2025-11-23 15:46:03,105 [WARN] ModelIntegratedComponent:63 - No mode defined for component null
2025-11-23 15:46:03,105 [WARN] ModelIntegratedComponent:63 - No mode defined for component null
2025-11-23 15:46:03,105 [WARN] ModelIntegratedComponent:63 - No mode defined for component null
2025-11-23 15:46:03,105 [WARN] ModelIntegratedComponent:63 - No mode defined for component null
2025-11-23 15:46:03,105 [WARN] ModelIntegratedComponent:63 - No mode defined for component null
2025-11-23 15:46:03,105 [WARN] ModelIntegratedComponent:63 - No mode defined for component null
2025-11-23 15:46:03,105 [WARN] ModelIntegratedComponent:63 - No mode defined for component null
2025-11-23 15:46:03,105 [WARN] ModelIntegratedComponent:63 - No mode defined for component null
2025-11-23 15:46:03,105 [WARN] ModelIntegratedComponent:63 - No mode defined for component null
2025-11-23 15:46:03,105 [WARN] ModelIntegratedComponent:63 - No mode defined for component null
2025-11-23 15:46:03,105 [WARN] ModelIntegratedComponent:63 - No mode defined for component null
2025-11-23 15:46:03,105 [WARN] ModelIntegratedComponent:63 - No mode defined for component null
2025-11-23 15:46:03,105 [WARN] ModelIntegratedComponent:63 - No mode defined for component null
2025-11-23 15:46:03,105 [WARN] ModelPack:524 - Component already loaded: STMicroelectronics:HAL Drivers:0.0.0:STMicroelectronics:Device:STMicro_Driver:XSPI:HAL::0.0.1:HAL_XSPI
2025-11-23 15:46:03,231 [INFO] ThirdPartyModel:298 - Start build external matchings
2025-11-23 15:46:03,661 [INFO] ThirdPartyModel:316 - End build external matchings
2025-11-23 15:46:04,014 [INFO] UtilMem:75 - End LoadConfig() Used Memory: 755466736 Bytes (1073741824)
2025-11-23 15:46:04,054 [WARN] ThirdParty:833 - waiting for thirdparty lock release [change project]
2025-11-23 15:46:04,055 [INFO] ThirdParty:835 - entering critical section [change project]
2025-11-23 15:46:04,055 [INFO] ThirdParty:1030 - CMSIS Pack Vendor :STMicroelectronics X-CUBE-PM33A1 1.0.0
2025-11-23 15:46:04,055 [INFO] ThirdParty:1030 - CMSIS Pack Vendor :STMicroelectronics USBPD 4.1
2025-11-23 15:46:04,055 [INFO] ThirdParty:1030 - CMSIS Pack Vendor :STMicroelectronics X-CUBE-NFC9 1.0.0
2025-11-23 15:46:04,055 [INFO] ThirdParty:1030 - CMSIS Pack Vendor :STMicroelectronics USB_HOST 2.0.0
2025-11-23 15:46:04,055 [INFO] ThirdParty:1030 - CMSIS Pack Vendor :STMicroelectronics FP-SNS-MOTENVWB1 1.4.0
2025-11-23 15:46:04,055 [INFO] ThirdParty:1030 - CMSIS Pack Vendor :STMicroelectronics X-CUBE-AZRTOS-F4 1.1.0
2025-11-23 15:46:04,055 [INFO] ThirdParty:1030 - CMSIS Pack Vendor :STMicroelectronics LIBJPEG 8.0.0
2025-11-23 15:46:04,055 [INFO] ThirdParty:1030 - CMSIS Pack Vendor :STMicroelectronics FP-ATR-ASTRA1 2.0.2
2025-11-23 15:46:04,055 [INFO] ThirdParty:1030 - CMSIS Pack Vendor :wolfSSL I-CUBE-wolfSSL 5.8.2
2025-11-23 15:46:04,055 [INFO] ThirdParty:1030 - CMSIS Pack Vendor :STMicroelectronics X-CUBE-BLE1 7.1.0
2025-11-23 15:46:04,055 [INFO] ThirdParty:1030 - CMSIS Pack Vendor :Avnet-IotConnect X-CUBE-IoTC-DA16k-PMOD 1.0.0
2025-11-23 15:46:04,056 [INFO] ThirdParty:1030 - CMSIS Pack Vendor :STMicroelectronics X-CUBE-SMBUS 2.1.0
2025-11-23 15:46:04,056 [INFO] ThirdParty:1030 - CMSIS Pack Vendor :wolfSSL I-CUBE-wolfMQTT 1.19.2
2025-11-23 15:46:04,056 [INFO] ThirdParty:1030 - CMSIS Pack Vendor :STMicroelectronics USB_DEVICE 3.0.0
2025-11-23 15:46:04,056 [INFO] ThirdParty:1030 - CMSIS Pack Vendor :STMicroelectronics X-CUBE-ISPU 2.1.0
2025-11-23 15:46:04,056 [INFO] ThirdParty:1030 - CMSIS Pack Vendor :STMicroelectronics X-CUBE-FREERTOS 1.4.0
2025-11-23 15:46:04,056 [INFO] ThirdParty:1030 - CMSIS Pack Vendor :STMicroelectronics X-CUBE-EEPRMA1 5.2.0
2025-11-23 15:46:04,056 [INFO] ThirdParty:1030 - CMSIS Pack Vendor :STMicroelectronics X-CUBE-IPS 3.2.0
2025-11-23 15:46:04,056 [INFO] ThirdParty:1030 - CMSIS Pack Vendor :STMicroelectronics X-CUBE-BLEMGR 4.1.0
2025-11-23 15:46:04,056 [INFO] ThirdParty:1030 - CMSIS Pack Vendor :STMicroelectronics X-CUBE-AZRTOS-WB 2.0.0
2025-11-23 15:46:04,056 [INFO] ThirdParty:1030 - CMSIS Pack Vendor :STMicroelectronics X-CUBE-ST60 1.0.0
2025-11-23 15:46:04,056 [INFO] ThirdParty:1030 - CMSIS Pack Vendor :STMicroelectronics X-CUBE-GNSS1 7.0.1
2025-11-23 15:46:04,056 [INFO] ThirdParty:1030 - CMSIS Pack Vendor :STMicroelectronics X-CUBE-NFC12 1.0.0
2025-11-23 15:46:04,056 [INFO] ThirdParty:1030 - CMSIS Pack Vendor :STMicroelectronics X-CUBE-AZRTOS-F7 1.1.0
2025-11-23 15:46:04,056 [INFO] ThirdParty:1030 - CMSIS Pack Vendor :STMicroelectronics X-CUBE-AZRTOS-L5 2.0.0
2025-11-23 15:46:04,056 [INFO] ThirdParty:1030 - CMSIS Pack Vendor :STMicroelectronics X-CUBE-TOUCHGFX 4.25.0
2025-11-23 15:46:04,056 [INFO] ThirdParty:1030 - CMSIS Pack Vendor :STMicroelectronics USB_DEVICE 2.0.0
2025-11-23 15:46:04,056 [INFO] ThirdParty:1030 - CMSIS Pack Vendor :STMicroelectronics X-CUBE-NFC6 3.1.0
2025-11-23 15:46:04,056 [INFO] ThirdParty:1030 - CMSIS Pack Vendor :STMicroelectronics X-CUBE-ST67W61 1.1.0
2025-11-23 15:46:04,057 [INFO] ThirdParty:1030 - CMSIS Pack Vendor :quantropi X-CUBE-qispace-sdk-base 2.1.0
2025-11-23 15:46:04,057 [INFO] ThirdParty:1030 - CMSIS Pack Vendor :STMicroelectronics FP-SNS-MOTENV1 5.1.0
2025-11-23 15:46:04,057 [INFO] ThirdParty:1030 - CMSIS Pack Vendor :STMicroelectronics FreeRTOS 0.0.1
2025-11-23 15:46:04,057 [INFO] ThirdParty:1030 - CMSIS Pack Vendor :STMicroelectronics X-CUBE-AZRTOS-G0 1.1.0
2025-11-23 15:46:04,057 [INFO] ThirdParty:1030 - CMSIS Pack Vendor :STMicroelectronics X-CUBE-SAFEA1 1.2.2
2025-11-23 15:46:04,057 [INFO] ThirdParty:1030 - CMSIS Pack Vendor :STMicroelectronics X-CUBE-NFC4 3.0.0
2025-11-23 15:46:04,057 [INFO] ThirdParty:1030 - CMSIS Pack Vendor :STMicroelectronics X-CUBE-SUBG2 5.0.0
2025-11-23 15:46:04,057 [INFO] ThirdParty:1030 - CMSIS Pack Vendor :STMicroelectronics X-CUBE-AZRTOS-H7RS 1.1.0
2025-11-23 15:46:04,057 [INFO] ThirdParty:1030 - CMSIS Pack Vendor :STMicroelectronics STM32_WPAN 1.0.0
2025-11-23 15:46:04,057 [INFO] ThirdParty:1030 - CMSIS Pack Vendor :EmbeddedOffice I-CUBE-FS-RTOS 1.0.1
2025-11-23 15:46:04,057 [INFO] ThirdParty:1030 - CMSIS Pack Vendor :STMicroelectronics lwIP 2.0.3
2025-11-23 15:46:04,057 [INFO] ThirdParty:1030 - CMSIS Pack Vendor :WES I-CUBE-Cesium 1.4.0
2025-11-23 15:46:04,057 [INFO] ThirdParty:1030 - CMSIS Pack Vendor :Cesanta I-CUBE-Mongoose 7.13.0
2025-11-23 15:46:04,057 [INFO] ThirdParty:1030 - CMSIS Pack Vendor :STMicroelectronics USB_HOST 1.0.0
2025-11-23 15:46:04,057 [INFO] ThirdParty:1030 - CMSIS Pack Vendor :Infineon AIROC-Wi-Fi-Bluetooth-STM32 1.7.1
2025-11-23 15:46:04,057 [INFO] ThirdParty:1030 - CMSIS Pack Vendor :STMicroelectronics X-CUBE-AZRTOS-G4 2.0.0
2025-11-23 15:46:04,057 [INFO] ThirdParty:1030 - CMSIS Pack Vendor :STMicroelectronics X-CUBE-WB05N 2.0.0
2025-11-23 15:46:04,057 [INFO] ThirdParty:1030 - CMSIS Pack Vendor :STMicroelectronics PDM2PCM 3.1.0
2025-11-23 15:46:04,057 [INFO] ThirdParty:1030 - CMSIS Pack Vendor :STMicroelectronics PDM2PCM 3.3.0
2025-11-23 15:46:04,057 [INFO] ThirdParty:1030 - CMSIS Pack Vendor :wolfSSL I-CUBE-wolfTPM 3.8.0
2025-11-23 15:46:04,057 [INFO] ThirdParty:1030 - CMSIS Pack Vendor :STMicroelectronics X-CUBE-AZRTOS-H7 3.4.0
2025-11-23 15:46:04,057 [INFO] ThirdParty:1030 - CMSIS Pack Vendor :STMicroelectronics X-CUBE-DISPLAY 3.0.0
2025-11-23 15:46:04,057 [INFO] ThirdParty:1030 - CMSIS Pack Vendor :wolfSSL I-CUBE-wolfSSH 1.4.20
2025-11-23 15:46:04,058 [INFO] ThirdParty:1030 - CMSIS Pack Vendor :STMicroelectronics X-CUBE-NFC7 2.0.0
2025-11-23 15:46:04,058 [INFO] ThirdParty:1030 - CMSIS Pack Vendor :STMicroelectronics X-CUBE-TCPP 4.2.0
2025-11-23 15:46:04,058 [INFO] ThirdParty:1030 - CMSIS Pack Vendor :RealThread X-CUBE-RT-Thread_Nano 4.1.1
2025-11-23 15:46:04,058 [INFO] ThirdParty:1030 - CMSIS Pack Vendor :STMicroelectronics FP-ATR-SIGFOX1 3.2.0
2025-11-23 15:46:04,058 [INFO] ThirdParty:1030 - CMSIS Pack Vendor :STMicroelectronics X-CUBE-NFC10 1.0.0
2025-11-23 15:46:04,058 [INFO] ThirdParty:1030 - CMSIS Pack Vendor :STMicroelectronics X-CUBE-FREERTOS 1.3.1
2025-11-23 15:46:04,058 [INFO] ThirdParty:1030 - CMSIS Pack Vendor :STMicroelectronics HAL Drivers 0.0.0
2025-11-23 15:46:04,058 [INFO] ThirdParty:1030 - CMSIS Pack Vendor :STMicroelectronics MBEDTLS 2.16.2
2025-11-23 15:46:04,059 [INFO] ThirdParty:1030 - CMSIS Pack Vendor :STMicroelectronics X-CUBE-ST60 1.1.0
2025-11-23 15:46:04,059 [INFO] ThirdParty:1030 - CMSIS Pack Vendor :STMicroelectronics X-CUBE-IPS 3.1.0
2025-11-23 15:46:04,059 [INFO] ThirdParty:1030 - CMSIS Pack Vendor :STMicroelectronics X-CUBE-ALS 1.0.2
2025-11-23 15:46:04,059 [INFO] ThirdParty:1030 - CMSIS Pack Vendor :emotas I-CUBE-CANOPEN 1.3.0
2025-11-23 15:46:04,059 [INFO] ThirdParty:1030 - CMSIS Pack Vendor :STMicroelectronics MBEDTLS 2.14.1
2025-11-23 15:46:04,059 [INFO] ThirdParty:1030 - CMSIS Pack Vendor :STMicroelectronics X-CUBE-GNSS1 7.1.0
2025-11-23 15:46:04,059 [INFO] ThirdParty:1030 - CMSIS Pack Vendor :ITTIA_DB I-CUBE-ITTIADB 8.9.0
2025-11-23 15:46:04,059 [INFO] ThirdParty:1030 - CMSIS Pack Vendor :STMicroelectronics X-CUBE-TOUCHGFX 4.26.0
2025-11-23 15:46:04,059 [INFO] ThirdParty:1030 - CMSIS Pack Vendor :STMicroelectronics X-CUBE-STSE01 1.0.0
2025-11-23 15:46:04,059 [INFO] ThirdParty:1030 - CMSIS Pack Vendor :STMicroelectronics X-CUBE-ST67W61 1.0.0
2025-11-23 15:46:04,059 [INFO] ThirdParty:1030 - CMSIS Pack Vendor :STMicroelectronics FP-SNS-STBOX1 2.1.0
2025-11-23 15:46:04,059 [INFO] ThirdParty:1030 - CMSIS Pack Vendor :STMicroelectronics X-CUBE-AI 10.2.0
2025-11-23 15:46:04,059 [INFO] ThirdParty:1030 - CMSIS Pack Vendor :STMicroelectronics FP-SNS-STAIOTCFT 1.0.0
2025-11-23 15:46:04,059 [INFO] ThirdParty:1030 - CMSIS Pack Vendor :STMicroelectronics ThreadX 1.0.0
2025-11-23 15:46:04,059 [INFO] ThirdParty:1030 - CMSIS Pack Vendor :STMicroelectronics FP-SNS-SMARTAG2 1.2.0
2025-11-23 15:46:04,059 [INFO] ThirdParty:1030 - CMSIS Pack Vendor :STMicroelectronics FP-SNS-FLIGHT1 5.1.0
2025-11-23 15:46:04,059 [INFO] ThirdParty:1030 - CMSIS Pack Vendor :STMicroelectronics X-CUBE-AZRTOS-WL 2.0.0
2025-11-23 15:46:04,059 [INFO] ThirdParty:1030 - CMSIS Pack Vendor :SEGGER I-CUBE-embOS 1.3.1
2025-11-23 15:46:04,059 [INFO] ThirdParty:1030 - CMSIS Pack Vendor :STMicroelectronics X-CUBE-ALGOBUILD 1.4.0
2025-11-23 15:46:04,059 [INFO] ThirdParty:1030 - CMSIS Pack Vendor :STMicroelectronics X-CUBE-DPower 1.3.0
2025-11-23 15:46:04,060 [INFO] ThirdParty:1030 - CMSIS Pack Vendor :STMicroelectronics X-CUBE-MEMS1 11.3.0
2025-11-23 15:46:04,060 [INFO] ThirdParty:1030 - CMSIS Pack Vendor :STMicroelectronics FP-SNS-MOTENV1 5.0.0
2025-11-23 15:46:04,060 [INFO] ThirdParty:1030 - CMSIS Pack Vendor :STMicroelectronics USB_DEVICE 1.0.0
2025-11-23 15:46:04,060 [INFO] ThirdParty:1030 - CMSIS Pack Vendor :STMicroelectronics X-CUBE-AZRTOS-H7RS 1.2.0
2025-11-23 15:46:04,060 [INFO] ThirdParty:1030 - CMSIS Pack Vendor :STMicroelectronics X-CUBE-AZRTOS-L4 2.0.0
2025-11-23 15:46:04,060 [INFO] ThirdParty:1030 - CMSIS Pack Vendor :STMicroelectronics ThreadX 0.0.2
2025-11-23 15:46:04,060 [INFO] ThirdParty:1030 - CMSIS Pack Vendor :STMicroelectronics lwIP 2.1.2
2025-11-23 15:46:04,060 [INFO] ThirdParty:1030 - CMSIS Pack Vendor :STMicroelectronics X-CUBE-SFXS2LP1 4.0.0
2025-11-23 15:46:04,060 [INFO] ThirdParty:1030 - CMSIS Pack Vendor :STMicroelectronics X-CUBE-BLE2 3.3.0
2025-11-23 15:46:04,060 [INFO] ThirdParty:1030 - CMSIS Pack Vendor :Avnet-IOTCONNECT X-CUBE-iotc-st67-sdk 1.0.0
2025-11-23 15:46:04,060 [INFO] ThirdParty:1030 - CMSIS Pack Vendor :STMicroelectronics X-CUBE-TOF1 3.4.3
2025-11-23 15:46:04,060 [INFO] ThirdParty:1030 - CMSIS Pack Vendor :STMicroelectronics PDM2PCM 3.2.0
2025-11-23 15:46:04,060 [INFO] ThirdParty:841 - exiting critical section [change project]
2025-11-23 15:46:04,250 [INFO] PinOutPanel:1589 - setPackage(No Configuration,No Configuration)
2025-11-23 15:46:04,250 [INFO] PinOutPanel:1589 - setPackage(STM32L476RGTx,LQFP64)
2025-11-23 15:46:04,684 [INFO] UtilMem:75 - Before build in PCC Used Memory: 829170016 Bytes (1073741824)
2025-11-23 15:46:05,069 [INFO] UtilMem:75 - After build in PCC Used Memory: 913578336 Bytes (1073741824)
2025-11-23 15:46:05,090 [INFO] IPUIPlugin:80 - create IPUIPlugin
2025-11-23 15:46:05,090 [INFO] IPUIPlugin:80 - create IPUIPlugin
2025-11-23 15:46:05,090 [INFO] IPUIPlugin:80 - create IPUIPlugin
2025-11-23 15:46:05,090 [INFO] IPUIPlugin:80 - create IPUIPlugin
2025-11-23 15:46:05,090 [INFO] IPUIPlugin:80 - create IPUIPlugin
2025-11-23 15:46:05,090 [INFO] IPUIPlugin:80 - create IPUIPlugin
2025-11-23 15:46:05,091 [INFO] IPUIPlugin:80 - create IPUIPlugin
2025-11-23 15:46:05,091 [INFO] IPUIPlugin:80 - create IPUIPlugin
2025-11-23 15:46:05,091 [INFO] IPUIPlugin:80 - create IPUIPlugin
2025-11-23 15:46:05,091 [INFO] IPUIPlugin:80 - create IPUIPlugin
2025-11-23 15:46:05,091 [INFO] IPUIPlugin:80 - create IPUIPlugin
2025-11-23 15:46:05,091 [INFO] IPUIPlugin:80 - create IPUIPlugin
2025-11-23 15:46:05,091 [INFO] IPUIPlugin:80 - create IPUIPlugin
2025-11-23 15:46:05,091 [INFO] IPUIPlugin:80 - create IPUIPlugin
2025-11-23 15:46:05,091 [INFO] IPUIPlugin:80 - create IPUIPlugin
2025-11-23 15:46:05,092 [INFO] IPUIPlugin:80 - create IPUIPlugin
2025-11-23 15:46:05,092 [INFO] IPUIPlugin:80 - create IPUIPlugin
2025-11-23 15:46:05,092 [INFO] IPUIPlugin:80 - create IPUIPlugin
2025-11-23 15:46:05,092 [INFO] IPUIPlugin:80 - create IPUIPlugin
2025-11-23 15:46:05,092 [INFO] IPUIPlugin:80 - create IPUIPlugin
2025-11-23 15:46:05,092 [INFO] IPUIPlugin:80 - create IPUIPlugin
2025-11-23 15:46:05,092 [INFO] IPUIPlugin:80 - create IPUIPlugin
2025-11-23 15:46:05,093 [INFO] IPUIPlugin:80 - create IPUIPlugin
2025-11-23 15:46:05,093 [INFO] IPUIPlugin:80 - create IPUIPlugin
2025-11-23 15:46:05,093 [INFO] IPUIPlugin:80 - create IPUIPlugin
2025-11-23 15:46:05,093 [INFO] IPUIPlugin:80 - create IPUIPlugin
2025-11-23 15:46:05,093 [INFO] IPUIPlugin:80 - create IPUIPlugin
2025-11-23 15:46:05,093 [INFO] IPUIPlugin:80 - create IPUIPlugin
2025-11-23 15:46:05,094 [INFO] IPUIPlugin:80 - create IPUIPlugin
2025-11-23 15:46:05,094 [INFO] IPUIPlugin:80 - create IPUIPlugin
2025-11-23 15:46:05,094 [INFO] IPUIPlugin:80 - create IPUIPlugin
2025-11-23 15:46:05,094 [INFO] IPUIPlugin:80 - create IPUIPlugin
2025-11-23 15:46:05,094 [INFO] IPUIPlugin:80 - create IPUIPlugin
2025-11-23 15:46:05,094 [INFO] IPUIPlugin:80 - create IPUIPlugin
2025-11-23 15:46:05,095 [INFO] IPUIPlugin:80 - create IPUIPlugin
2025-11-23 15:46:05,095 [INFO] IPUIPlugin:80 - create IPUIPlugin
2025-11-23 15:46:05,095 [INFO] IPUIPlugin:80 - create IPUIPlugin
2025-11-23 15:46:05,095 [INFO] IPUIPlugin:80 - create IPUIPlugin
2025-11-23 15:46:05,095 [INFO] IPUIPlugin:80 - create IPUIPlugin
2025-11-23 15:46:05,095 [INFO] IPUIPlugin:80 - create IPUIPlugin
2025-11-23 15:46:05,096 [INFO] IPUIPlugin:80 - create IPUIPlugin
2025-11-23 15:46:05,096 [INFO] IPUIPlugin:80 - create IPUIPlugin
2025-11-23 15:46:05,096 [INFO] IPUIPlugin:80 - create IPUIPlugin
2025-11-23 15:46:05,096 [INFO] IPUIPlugin:80 - create IPUIPlugin
2025-11-23 15:46:05,096 [INFO] IPUIPlugin:80 - create IPUIPlugin
2025-11-23 15:46:05,097 [INFO] IPUIPlugin:80 - create IPUIPlugin
2025-11-23 15:46:05,097 [INFO] IPUIPlugin:80 - create IPUIPlugin
2025-11-23 15:46:05,097 [INFO] IPUIPlugin:80 - create IPUIPlugin
2025-11-23 15:46:05,097 [INFO] IPUIPlugin:80 - create IPUIPlugin
2025-11-23 15:46:05,098 [INFO] IPUIPlugin:80 - create IPUIPlugin
2025-11-23 15:46:05,098 [INFO] IPUIPlugin:80 - create IPUIPlugin
2025-11-23 15:46:05,098 [INFO] IPUIPlugin:80 - create IPUIPlugin
2025-11-23 15:46:05,098 [INFO] IPUIPlugin:80 - create IPUIPlugin
2025-11-23 15:46:05,099 [INFO] IPUIPlugin:80 - create IPUIPlugin
2025-11-23 15:46:05,099 [INFO] IPUIPlugin:80 - create IPUIPlugin
2025-11-23 15:46:05,099 [INFO] IPUIPlugin:80 - create IPUIPlugin
2025-11-23 15:46:05,099 [INFO] IPUIPlugin:80 - create IPUIPlugin
2025-11-23 15:46:05,100 [INFO] IPUIPlugin:80 - create IPUIPlugin
2025-11-23 15:46:05,100 [INFO] IPUIPlugin:80 - create IPUIPlugin
2025-11-23 15:46:05,124 [INFO] CADModel:165 - CPN selected for project levelSTM32L476RGT3
2025-11-23 15:46:05,124 [INFO] CADModel:114 - Register for checkConnection events
2025-11-23 15:46:05,200 [INFO] OpenFileManager:386 - Restore cursor
2025-11-23 15:46:16,589 [INFO] MainUpdater:2872 - connection check result : 10
2025-11-23 15:46:16,589 [INFO] MainUpdater:2872 - connection check result : 10
2025-11-23 15:46:16,686 [INFO] MicroXplorer:468 - Change Database Path : 
2025-11-23 15:46:16,686 [INFO] MicroXplorer:498 - Change Database Version : DB.6.0.150
2025-11-23 15:46:16,720 [ERROR] ProjectManagerView:395 - 
java.lang.NullPointerException: Cannot invoke "javax.swing.JTextField.getText()" because the return value of "java.util.List.get(int)" is null
	at com.st.microxplorer.plugins.projectmanager.gui.ProjectChoiceTab$9.caretUpdate(ProjectChoiceTab.java:2706) ~[filemanager.jar:?]
	at javax.swing.text.JTextComponent.fireCaretUpdate(JTextComponent.java:408) ~[?:?]
	at javax.swing.text.JTextComponent$MutableCaretEvent.fire(JTextComponent.java:4484) ~[?:?]
	at javax.swing.text.JTextComponent$MutableCaretEvent.stateChanged(JTextComponent.java:4506) ~[?:?]
	at javax.swing.text.DefaultCaret.fireStateChanged(DefaultCaret.java:857) ~[?:?]
	at javax.swing.text.DefaultCaret.changeCaretPosition(DefaultCaret.java:1343) ~[?:?]
	at javax.swing.text.DefaultCaret.handleSetDot(DefaultCaret.java:1242) ~[?:?]
	at javax.swing.text.DefaultCaret.setDot(DefaultCaret.java:1223) ~[?:?]
	at javax.swing.text.DefaultCaret$Handler.insertUpdate(DefaultCaret.java:1819) ~[?:?]
	at javax.swing.text.AbstractDocument.fireInsertUpdate(AbstractDocument.java:227) ~[?:?]
	at javax.swing.text.AbstractDocument.handleInsertString(AbstractDocument.java:781) ~[?:?]
	at javax.swing.text.AbstractDocument.insertString(AbstractDocument.java:740) ~[?:?]
	at javax.swing.text.PlainDocument.insertString(PlainDocument.java:131) ~[?:?]
	at javax.swing.text.AbstractDocument.replace(AbstractDocument.java:699) ~[?:?]
	at javax.swing.text.JTextComponent.setText(JTextComponent.java:1725) ~[?:?]
	at com.st.microxplorer.plugins.projectmanager.gui.ProjectChoiceTab.createHeapStackFields(ProjectChoiceTab.java:993) ~[filemanager.jar:?]
	at com.st.microxplorer.plugins.projectmanager.gui.ProjectChoiceTab.buildLinkSettingsPanel(ProjectChoiceTab.java:3813) ~[filemanager.jar:?]
	at com.st.microxplorer.plugins.projectmanager.gui.ProjectChoiceTab.defineWindowsFields(ProjectChoiceTab.java:1987) ~[filemanager.jar:?]
	at com.st.microxplorer.plugins.projectmanager.gui.ProjectChoiceTab.updateSettings(ProjectChoiceTab.java:558) ~[filemanager.jar:?]
	at com.st.microxplorer.plugins.projectmanager.gui.ProjectSettingsPanel.UpdateDialog(ProjectSettingsPanel.java:247) ~[filemanager.jar:?]
	at com.st.microxplorer.plugins.projectmanager.ProjectManagerView.propertyChange(ProjectManagerView.java:392) ~[filemanager.jar:?]
	at java.beans.PropertyChangeSupport.fire(PropertyChangeSupport.java:343) ~[?:?]
	at java.beans.PropertyChangeSupport.firePropertyChange(PropertyChangeSupport.java:335) ~[?:?]
	at java.beans.PropertyChangeSupport.firePropertyChange(PropertyChangeSupport.java:268) ~[?:?]
	at com.st.microxplorer.util.MXPropertyChangeSupport.firePropertyChange(MXPropertyChangeSupport.java:54) ~[STM32CubeMX.jar:?]
	at com.st.microxplorer.mxsystem.MxSystem.closeConfig(MxSystem.java:899) ~[STM32CubeMX.jar:?]
	at com.st.microxplorer.maingui.MainPanel.closeConfig(MainPanel.java:792) ~[STM32CubeMX.jar:?]
	at com.st.microxplorer.plugins.filemanager.engine.OpenFileManager.loadConfigurationFile(OpenFileManager.java:288) ~[filemanager.jar:?]
	at com.st.microxplorer.plugins.filemanager.engine.MainFileManager.userLoadConfig(MainFileManager.java:364) ~[filemanager.jar:?]
	at com.st.microxplorer.plugins.filemanager.engine.MainFileManager.userLoadConfig(MainFileManager.java:342) ~[filemanager.jar:?]
	at com.st.microxplorer.plugins.filemanager.FileManagerView.getSpecificTask(FileManagerView.java:264) ~[filemanager.jar:?]
	at com.st.stm32cube.common.mx.editor.CubeMxEditor.getMxTabbedPaneInstance(CubeMxEditor.java:1198) ~[com.st.stm32cube.common.mx_6.15.0.202507011659/:?]
	at com.st.stm32cube.common.mx.editor.CubeMxEditor$12$1.createSwingComponent(CubeMxEditor.java:1068) ~[com.st.stm32cube.common.mx_6.15.0.202507011659/:?]
	at com.st.stm32cube.common.mx.oss.core.awtswtbridge.EmbeddedSwingComposite.doComponentCreation(EmbeddedSwingComposite.java:492) ~[com.st.stm32cube.common.mx.oss_6.15.0.202507011659/:?]
	at com.st.stm32cube.common.mx.oss.core.awtswtbridge.EmbeddedSwingComposite$4.run(EmbeddedSwingComposite.java:291) ~[com.st.stm32cube.common.mx.oss_6.15.0.202507011659/:?]
	at com.st.stm32cube.common.mx.oss.core.awtswtbridge.AwtEnvironment$2.run(AwtEnvironment.java:166) ~[com.st.stm32cube.common.mx.oss_6.15.0.202507011659/:?]
	at java.awt.event.InvocationEvent.dispatch(InvocationEvent.java:318) ~[?:?]
	at java.awt.EventQueue.dispatchEventImpl(EventQueue.java:773) ~[?:?]
	at java.awt.EventQueue$4.run(EventQueue.java:720) ~[?:?]
	at java.awt.EventQueue$4.run(EventQueue.java:714) ~[?:?]
	at java.security.AccessController.doPrivileged(AccessController.java:400) ~[?:?]
	at java.security.ProtectionDomain$JavaSecurityAccessImpl.doIntersectionPrivilege(ProtectionDomain.java:87) ~[?:?]
	at java.awt.EventQueue.dispatchEvent(EventQueue.java:742) ~[?:?]
	at java.awt.EventDispatchThread.pumpOneEventForFilters(EventDispatchThread.java:203) ~[?:?]
	at java.awt.EventDispatchThread.pumpEventsForFilter(EventDispatchThread.java:124) ~[?:?]
	at java.awt.EventDispatchThread.pumpEventsForHierarchy(EventDispatchThread.java:113) ~[?:?]
	at java.awt.EventDispatchThread.pumpEvents(EventDispatchThread.java:109) ~[?:?]
	at java.awt.EventDispatchThread.pumpEvents(EventDispatchThread.java:101) ~[?:?]
	at java.awt.EventDispatchThread.run(EventDispatchThread.java:90) ~[?:?]
2025-11-23 15:46:16,723 [WARN] ThirdParty:871 - waiting for thirdparty lock release [close project]
2025-11-23 15:46:16,723 [INFO] ThirdParty:873 - entering critical section [close project]
2025-11-23 15:46:16,723 [INFO] ThirdParty:883 - exiting critical section [close project]
2025-11-23 15:46:16,726 [INFO] PinOutPanel:1589 - setPackage(No Configuration,No Configuration)
2025-11-23 15:46:16,738 [INFO] UtilMem:75 - Begin LoadConfig() Used Memory: 786203752 Bytes (1073741824)
2025-11-23 15:46:16,738 [INFO] MicroXplorer:468 - Change Database Path : 
2025-11-23 15:46:16,738 [INFO] MicroXplorer:498 - Change Database Version : DB.6.0.150
2025-11-23 15:46:16,739 [INFO] OpenFileManager:355 - Change cursor
2025-11-23 15:46:16,745 [INFO] Mcu:2029 - Initializing MCU STM32L476R(C-E-G)Tx STM32L476RGTx STM32L476RGT3
2025-11-23 15:46:17,924 [INFO] Context:786 - Trying to add GPIOservice into a context  which must be forbidden
2025-11-23 15:46:18,130 [INFO] ImportTextPane:234 - (OptionalMessage_ERROR) Pin7 (VP_RIF_VS_RIF1) cannot be retrieved for this MCU
2025-11-23 15:46:18,160 [INFO] RtosManager:558 - Registered RTOS mode: class=CMSIS, group=RTOS, mode=CMSIS_V1, owner=FREERTOS
2025-11-23 15:46:18,160 [INFO] RtosManager:558 - Registered RTOS mode: class=CMSIS, group=RTOS2, mode=CMSIS_V2, owner=FREERTOS
2025-11-23 15:46:18,160 [INFO] RtosManager:558 - Registered RTOS mode: class=RTOS, group=Core, mode=CMSIS_V1, owner=FREERTOS
2025-11-23 15:46:18,160 [INFO] RtosManager:558 - Registered RTOS mode: class=RTOS, group=Core, mode=CMSIS_V2, owner=FREERTOS
2025-11-23 15:46:18,160 [WARN] ModelIntegratedComponent:184 - Missing modes for component STMicroelectronics:FreeRTOS:0.0.1:STMicroelectronics:RTOS:FreeRTOS:Core:::10.2.0:
2025-11-23 15:46:18,166 [WARN] ModelIntegratedComponent:63 - No mode defined for component null
2025-11-23 15:46:18,166 [WARN] ModelIntegratedComponent:63 - No mode defined for component null
2025-11-23 15:46:18,166 [WARN] ModelIntegratedComponent:63 - No mode defined for component null
2025-11-23 15:46:18,166 [WARN] ModelIntegratedComponent:63 - No mode defined for component null
2025-11-23 15:46:18,166 [WARN] ModelIntegratedComponent:63 - No mode defined for component null
2025-11-23 15:46:18,167 [WARN] ModelIntegratedComponent:63 - No mode defined for component null
2025-11-23 15:46:18,167 [WARN] ModelIntegratedComponent:63 - No mode defined for component null
2025-11-23 15:46:18,167 [WARN] ModelIntegratedComponent:63 - No mode defined for component null
2025-11-23 15:46:18,167 [WARN] ModelIntegratedComponent:63 - No mode defined for component null
2025-11-23 15:46:18,167 [WARN] ModelIntegratedComponent:63 - No mode defined for component null
2025-11-23 15:46:18,167 [WARN] ModelIntegratedComponent:63 - No mode defined for component null
2025-11-23 15:46:18,167 [WARN] ModelIntegratedComponent:63 - No mode defined for component null
2025-11-23 15:46:18,167 [WARN] ModelIntegratedComponent:63 - No mode defined for component null
2025-11-23 15:46:18,167 [WARN] ModelIntegratedComponent:63 - No mode defined for component null
2025-11-23 15:46:18,167 [WARN] ModelIntegratedComponent:63 - No mode defined for component null
2025-11-23 15:46:18,167 [WARN] ModelIntegratedComponent:63 - No mode defined for component null
2025-11-23 15:46:18,167 [WARN] ModelIntegratedComponent:63 - No mode defined for component null
2025-11-23 15:46:18,167 [WARN] ModelIntegratedComponent:63 - No mode defined for component null
2025-11-23 15:46:18,167 [WARN] ModelIntegratedComponent:63 - No mode defined for component null
2025-11-23 15:46:18,167 [WARN] ModelIntegratedComponent:63 - No mode defined for component null
2025-11-23 15:46:18,167 [WARN] ModelIntegratedComponent:63 - No mode defined for component null
2025-11-23 15:46:18,167 [WARN] ModelIntegratedComponent:63 - No mode defined for component null
2025-11-23 15:46:18,167 [WARN] ModelIntegratedComponent:63 - No mode defined for component null
2025-11-23 15:46:18,167 [WARN] ModelIntegratedComponent:63 - No mode defined for component null
2025-11-23 15:46:18,167 [WARN] ModelIntegratedComponent:63 - No mode defined for component null
2025-11-23 15:46:18,167 [WARN] ModelIntegratedComponent:63 - No mode defined for component null
2025-11-23 15:46:18,167 [WARN] ModelIntegratedComponent:63 - No mode defined for component null
2025-11-23 15:46:18,167 [WARN] ModelIntegratedComponent:63 - No mode defined for component null
2025-11-23 15:46:18,167 [WARN] ModelIntegratedComponent:63 - No mode defined for component null
2025-11-23 15:46:18,167 [WARN] ModelIntegratedComponent:63 - No mode defined for component null
2025-11-23 15:46:18,167 [WARN] ModelIntegratedComponent:63 - No mode defined for component null
2025-11-23 15:46:18,167 [WARN] ModelIntegratedComponent:63 - No mode defined for component null
2025-11-23 15:46:18,167 [WARN] ModelIntegratedComponent:63 - No mode defined for component null
2025-11-23 15:46:18,167 [WARN] ModelIntegratedComponent:63 - No mode defined for component null
2025-11-23 15:46:18,167 [WARN] ModelIntegratedComponent:63 - No mode defined for component null
2025-11-23 15:46:18,168 [WARN] ModelPack:524 - Component already loaded: STMicroelectronics:HAL Drivers:0.0.0:STMicroelectronics:Device:STMicro_Driver:XSPI:HAL::0.0.1:HAL_XSPI
2025-11-23 15:46:18,221 [INFO] ThirdPartyModel:298 - Start build external matchings
2025-11-23 15:46:18,657 [INFO] ThirdPartyModel:316 - End build external matchings
2025-11-23 15:46:18,905 [INFO] UtilMem:75 - End LoadConfig() Used Memory: 808650032 Bytes (1073741824)
2025-11-23 15:46:18,932 [WARN] ThirdParty:833 - waiting for thirdparty lock release [change project]
2025-11-23 15:46:18,933 [INFO] ThirdParty:835 - entering critical section [change project]
2025-11-23 15:46:18,933 [INFO] ThirdParty:1030 - CMSIS Pack Vendor :STMicroelectronics X-CUBE-PM33A1 1.0.0
2025-11-23 15:46:18,933 [INFO] ThirdParty:1030 - CMSIS Pack Vendor :STMicroelectronics USBPD 4.1
2025-11-23 15:46:18,933 [INFO] ThirdParty:1030 - CMSIS Pack Vendor :STMicroelectronics X-CUBE-NFC9 1.0.0
2025-11-23 15:46:18,933 [INFO] ThirdParty:1030 - CMSIS Pack Vendor :STMicroelectronics USB_HOST 2.0.0
2025-11-23 15:46:18,933 [INFO] ThirdParty:1030 - CMSIS Pack Vendor :STMicroelectronics FP-SNS-MOTENVWB1 1.4.0
2025-11-23 15:46:18,933 [INFO] ThirdParty:1030 - CMSIS Pack Vendor :STMicroelectronics X-CUBE-AZRTOS-F4 1.1.0
2025-11-23 15:46:18,933 [INFO] ThirdParty:1030 - CMSIS Pack Vendor :STMicroelectronics LIBJPEG 8.0.0
2025-11-23 15:46:18,933 [INFO] ThirdParty:1030 - CMSIS Pack Vendor :STMicroelectronics FP-ATR-ASTRA1 2.0.2
2025-11-23 15:46:18,933 [INFO] ThirdParty:1030 - CMSIS Pack Vendor :wolfSSL I-CUBE-wolfSSL 5.8.2
2025-11-23 15:46:18,933 [INFO] ThirdParty:1030 - CMSIS Pack Vendor :STMicroelectronics X-CUBE-BLE1 7.1.0
2025-11-23 15:46:18,933 [INFO] ThirdParty:1030 - CMSIS Pack Vendor :Avnet-IotConnect X-CUBE-IoTC-DA16k-PMOD 1.0.0
2025-11-23 15:46:18,933 [INFO] ThirdParty:1030 - CMSIS Pack Vendor :STMicroelectronics X-CUBE-SMBUS 2.1.0
2025-11-23 15:46:18,933 [INFO] ThirdParty:1030 - CMSIS Pack Vendor :wolfSSL I-CUBE-wolfMQTT 1.19.2
2025-11-23 15:46:18,933 [INFO] ThirdParty:1030 - CMSIS Pack Vendor :STMicroelectronics USB_DEVICE 3.0.0
2025-11-23 15:46:18,933 [INFO] ThirdParty:1030 - CMSIS Pack Vendor :STMicroelectronics X-CUBE-ISPU 2.1.0
2025-11-23 15:46:18,933 [INFO] ThirdParty:1030 - CMSIS Pack Vendor :STMicroelectronics X-CUBE-FREERTOS 1.4.0
2025-11-23 15:46:18,933 [INFO] ThirdParty:1030 - CMSIS Pack Vendor :STMicroelectronics X-CUBE-EEPRMA1 5.2.0
2025-11-23 15:46:18,933 [INFO] ThirdParty:1030 - CMSIS Pack Vendor :STMicroelectronics X-CUBE-IPS 3.2.0
2025-11-23 15:46:18,933 [INFO] ThirdParty:1030 - CMSIS Pack Vendor :STMicroelectronics X-CUBE-BLEMGR 4.1.0
2025-11-23 15:46:18,933 [INFO] ThirdParty:1030 - CMSIS Pack Vendor :STMicroelectronics X-CUBE-AZRTOS-WB 2.0.0
2025-11-23 15:46:18,933 [INFO] ThirdParty:1030 - CMSIS Pack Vendor :STMicroelectronics X-CUBE-ST60 1.0.0
2025-11-23 15:46:18,933 [INFO] ThirdParty:1030 - CMSIS Pack Vendor :STMicroelectronics X-CUBE-GNSS1 7.0.1
2025-11-23 15:46:18,933 [INFO] ThirdParty:1030 - CMSIS Pack Vendor :STMicroelectronics X-CUBE-NFC12 1.0.0
2025-11-23 15:46:18,933 [INFO] ThirdParty:1030 - CMSIS Pack Vendor :STMicroelectronics X-CUBE-AZRTOS-F7 1.1.0
2025-11-23 15:46:18,933 [INFO] ThirdParty:1030 - CMSIS Pack Vendor :STMicroelectronics X-CUBE-AZRTOS-L5 2.0.0
2025-11-23 15:46:18,933 [INFO] ThirdParty:1030 - CMSIS Pack Vendor :STMicroelectronics X-CUBE-TOUCHGFX 4.25.0
2025-11-23 15:46:18,933 [INFO] ThirdParty:1030 - CMSIS Pack Vendor :STMicroelectronics USB_DEVICE 2.0.0
2025-11-23 15:46:18,933 [INFO] ThirdParty:1030 - CMSIS Pack Vendor :STMicroelectronics X-CUBE-NFC6 3.1.0
2025-11-23 15:46:18,933 [INFO] ThirdParty:1030 - CMSIS Pack Vendor :STMicroelectronics X-CUBE-ST67W61 1.1.0
2025-11-23 15:46:18,933 [INFO] ThirdParty:1030 - CMSIS Pack Vendor :quantropi X-CUBE-qispace-sdk-base 2.1.0
2025-11-23 15:46:18,933 [INFO] ThirdParty:1030 - CMSIS Pack Vendor :STMicroelectronics FP-SNS-MOTENV1 5.1.0
2025-11-23 15:46:18,933 [INFO] ThirdParty:1030 - CMSIS Pack Vendor :STMicroelectronics FreeRTOS 0.0.1
2025-11-23 15:46:18,933 [INFO] ThirdParty:1030 - CMSIS Pack Vendor :STMicroelectronics X-CUBE-AZRTOS-G0 1.1.0
2025-11-23 15:46:18,933 [INFO] ThirdParty:1030 - CMSIS Pack Vendor :STMicroelectronics X-CUBE-SAFEA1 1.2.2
2025-11-23 15:46:18,933 [INFO] ThirdParty:1030 - CMSIS Pack Vendor :STMicroelectronics X-CUBE-NFC4 3.0.0
2025-11-23 15:46:18,933 [INFO] ThirdParty:1030 - CMSIS Pack Vendor :STMicroelectronics X-CUBE-SUBG2 5.0.0
2025-11-23 15:46:18,933 [INFO] ThirdParty:1030 - CMSIS Pack Vendor :STMicroelectronics X-CUBE-AZRTOS-H7RS 1.1.0
2025-11-23 15:46:18,933 [INFO] ThirdParty:1030 - CMSIS Pack Vendor :STMicroelectronics STM32_WPAN 1.0.0
2025-11-23 15:46:18,933 [INFO] ThirdParty:1030 - CMSIS Pack Vendor :EmbeddedOffice I-CUBE-FS-RTOS 1.0.1
2025-11-23 15:46:18,934 [INFO] ThirdParty:1030 - CMSIS Pack Vendor :STMicroelectronics lwIP 2.0.3
2025-11-23 15:46:18,934 [INFO] ThirdParty:1030 - CMSIS Pack Vendor :WES I-CUBE-Cesium 1.4.0
2025-11-23 15:46:18,934 [INFO] ThirdParty:1030 - CMSIS Pack Vendor :Cesanta I-CUBE-Mongoose 7.13.0
2025-11-23 15:46:18,934 [INFO] ThirdParty:1030 - CMSIS Pack Vendor :STMicroelectronics USB_HOST 1.0.0
2025-11-23 15:46:18,934 [INFO] ThirdParty:1030 - CMSIS Pack Vendor :Infineon AIROC-Wi-Fi-Bluetooth-STM32 1.7.1
2025-11-23 15:46:18,934 [INFO] ThirdParty:1030 - CMSIS Pack Vendor :STMicroelectronics X-CUBE-AZRTOS-G4 2.0.0
2025-11-23 15:46:18,934 [INFO] ThirdParty:1030 - CMSIS Pack Vendor :STMicroelectronics X-CUBE-WB05N 2.0.0
2025-11-23 15:46:18,934 [INFO] ThirdParty:1030 - CMSIS Pack Vendor :STMicroelectronics PDM2PCM 3.1.0
2025-11-23 15:46:18,934 [INFO] ThirdParty:1030 - CMSIS Pack Vendor :STMicroelectronics PDM2PCM 3.3.0
2025-11-23 15:46:18,934 [INFO] ThirdParty:1030 - CMSIS Pack Vendor :wolfSSL I-CUBE-wolfTPM 3.8.0
2025-11-23 15:46:18,934 [INFO] ThirdParty:1030 - CMSIS Pack Vendor :STMicroelectronics X-CUBE-AZRTOS-H7 3.4.0
2025-11-23 15:46:18,934 [INFO] ThirdParty:1030 - CMSIS Pack Vendor :STMicroelectronics X-CUBE-DISPLAY 3.0.0
2025-11-23 15:46:18,934 [INFO] ThirdParty:1030 - CMSIS Pack Vendor :wolfSSL I-CUBE-wolfSSH 1.4.20
2025-11-23 15:46:18,934 [INFO] ThirdParty:1030 - CMSIS Pack Vendor :STMicroelectronics X-CUBE-NFC7 2.0.0
2025-11-23 15:46:18,934 [INFO] ThirdParty:1030 - CMSIS Pack Vendor :STMicroelectronics X-CUBE-TCPP 4.2.0
2025-11-23 15:46:18,934 [INFO] ThirdParty:1030 - CMSIS Pack Vendor :RealThread X-CUBE-RT-Thread_Nano 4.1.1
2025-11-23 15:46:18,934 [INFO] ThirdParty:1030 - CMSIS Pack Vendor :STMicroelectronics FP-ATR-SIGFOX1 3.2.0
2025-11-23 15:46:18,934 [INFO] ThirdParty:1030 - CMSIS Pack Vendor :STMicroelectronics X-CUBE-NFC10 1.0.0
2025-11-23 15:46:18,934 [INFO] ThirdParty:1030 - CMSIS Pack Vendor :STMicroelectronics X-CUBE-FREERTOS 1.3.1
2025-11-23 15:46:18,934 [INFO] ThirdParty:1030 - CMSIS Pack Vendor :STMicroelectronics HAL Drivers 0.0.0
2025-11-23 15:46:18,934 [INFO] ThirdParty:1030 - CMSIS Pack Vendor :STMicroelectronics MBEDTLS 2.16.2
2025-11-23 15:46:18,934 [INFO] ThirdParty:1030 - CMSIS Pack Vendor :STMicroelectronics X-CUBE-ST60 1.1.0
2025-11-23 15:46:18,934 [INFO] ThirdParty:1030 - CMSIS Pack Vendor :STMicroelectronics X-CUBE-IPS 3.1.0
2025-11-23 15:46:18,934 [INFO] ThirdParty:1030 - CMSIS Pack Vendor :STMicroelectronics X-CUBE-ALS 1.0.2
2025-11-23 15:46:18,934 [INFO] ThirdParty:1030 - CMSIS Pack Vendor :emotas I-CUBE-CANOPEN 1.3.0
2025-11-23 15:46:18,934 [INFO] ThirdParty:1030 - CMSIS Pack Vendor :STMicroelectronics MBEDTLS 2.14.1
2025-11-23 15:46:18,934 [INFO] ThirdParty:1030 - CMSIS Pack Vendor :STMicroelectronics X-CUBE-GNSS1 7.1.0
2025-11-23 15:46:18,934 [INFO] ThirdParty:1030 - CMSIS Pack Vendor :ITTIA_DB I-CUBE-ITTIADB 8.9.0
2025-11-23 15:46:18,934 [INFO] ThirdParty:1030 - CMSIS Pack Vendor :STMicroelectronics X-CUBE-TOUCHGFX 4.26.0
2025-11-23 15:46:18,934 [INFO] ThirdParty:1030 - CMSIS Pack Vendor :STMicroelectronics X-CUBE-STSE01 1.0.0
2025-11-23 15:46:18,934 [INFO] ThirdParty:1030 - CMSIS Pack Vendor :STMicroelectronics X-CUBE-ST67W61 1.0.0
2025-11-23 15:46:18,934 [INFO] ThirdParty:1030 - CMSIS Pack Vendor :STMicroelectronics FP-SNS-STBOX1 2.1.0
2025-11-23 15:46:18,934 [INFO] ThirdParty:1030 - CMSIS Pack Vendor :STMicroelectronics X-CUBE-AI 10.2.0
2025-11-23 15:46:18,934 [INFO] ThirdParty:1030 - CMSIS Pack Vendor :STMicroelectronics FP-SNS-STAIOTCFT 1.0.0
2025-11-23 15:46:18,934 [INFO] ThirdParty:1030 - CMSIS Pack Vendor :STMicroelectronics ThreadX 1.0.0
2025-11-23 15:46:18,934 [INFO] ThirdParty:1030 - CMSIS Pack Vendor :STMicroelectronics FP-SNS-SMARTAG2 1.2.0
2025-11-23 15:46:18,934 [INFO] ThirdParty:1030 - CMSIS Pack Vendor :STMicroelectronics FP-SNS-FLIGHT1 5.1.0
2025-11-23 15:46:18,934 [INFO] ThirdParty:1030 - CMSIS Pack Vendor :STMicroelectronics X-CUBE-AZRTOS-WL 2.0.0
2025-11-23 15:46:18,935 [INFO] ThirdParty:1030 - CMSIS Pack Vendor :SEGGER I-CUBE-embOS 1.3.1
2025-11-23 15:46:18,935 [INFO] ThirdParty:1030 - CMSIS Pack Vendor :STMicroelectronics X-CUBE-ALGOBUILD 1.4.0
2025-11-23 15:46:18,935 [INFO] ThirdParty:1030 - CMSIS Pack Vendor :STMicroelectronics X-CUBE-DPower 1.3.0
2025-11-23 15:46:18,935 [INFO] ThirdParty:1030 - CMSIS Pack Vendor :STMicroelectronics X-CUBE-MEMS1 11.3.0
2025-11-23 15:46:18,935 [INFO] ThirdParty:1030 - CMSIS Pack Vendor :STMicroelectronics FP-SNS-MOTENV1 5.0.0
2025-11-23 15:46:18,935 [INFO] ThirdParty:1030 - CMSIS Pack Vendor :STMicroelectronics USB_DEVICE 1.0.0
2025-11-23 15:46:18,935 [INFO] ThirdParty:1030 - CMSIS Pack Vendor :STMicroelectronics X-CUBE-AZRTOS-H7RS 1.2.0
2025-11-23 15:46:18,935 [INFO] ThirdParty:1030 - CMSIS Pack Vendor :STMicroelectronics X-CUBE-AZRTOS-L4 2.0.0
2025-11-23 15:46:18,935 [INFO] ThirdParty:1030 - CMSIS Pack Vendor :STMicroelectronics ThreadX 0.0.2
2025-11-23 15:46:18,935 [INFO] ThirdParty:1030 - CMSIS Pack Vendor :STMicroelectronics lwIP 2.1.2
2025-11-23 15:46:18,935 [INFO] ThirdParty:1030 - CMSIS Pack Vendor :STMicroelectronics X-CUBE-SFXS2LP1 4.0.0
2025-11-23 15:46:18,935 [INFO] ThirdParty:1030 - CMSIS Pack Vendor :STMicroelectronics X-CUBE-BLE2 3.3.0
2025-11-23 15:46:18,935 [INFO] ThirdParty:1030 - CMSIS Pack Vendor :Avnet-IOTCONNECT X-CUBE-iotc-st67-sdk 1.0.0
2025-11-23 15:46:18,935 [INFO] ThirdParty:1030 - CMSIS Pack Vendor :STMicroelectronics X-CUBE-TOF1 3.4.3
2025-11-23 15:46:18,935 [INFO] ThirdParty:1030 - CMSIS Pack Vendor :STMicroelectronics PDM2PCM 3.2.0
2025-11-23 15:46:18,935 [INFO] ThirdParty:841 - exiting critical section [change project]
2025-11-23 15:46:19,074 [INFO] PinOutPanel:1589 - setPackage(No Configuration,No Configuration)
2025-11-23 15:46:19,074 [INFO] PinOutPanel:1589 - setPackage(STM32L476RGTx,LQFP64)
2025-11-23 15:46:19,333 [INFO] UtilMem:75 - Before build in PCC Used Memory: 837517048 Bytes (1073741824)
2025-11-23 15:46:19,506 [INFO] UtilMem:75 - After build in PCC Used Memory: 916692744 Bytes (1073741824)
2025-11-23 15:46:19,526 [INFO] IPUIPlugin:80 - create IPUIPlugin
2025-11-23 15:46:19,526 [INFO] IPUIPlugin:80 - create IPUIPlugin
2025-11-23 15:46:19,526 [INFO] IPUIPlugin:80 - create IPUIPlugin
2025-11-23 15:46:19,526 [INFO] IPUIPlugin:80 - create IPUIPlugin
2025-11-23 15:46:19,526 [INFO] IPUIPlugin:80 - create IPUIPlugin
2025-11-23 15:46:19,526 [INFO] IPUIPlugin:80 - create IPUIPlugin
2025-11-23 15:46:19,526 [INFO] IPUIPlugin:80 - create IPUIPlugin
2025-11-23 15:46:19,526 [INFO] IPUIPlugin:80 - create IPUIPlugin
2025-11-23 15:46:19,526 [INFO] IPUIPlugin:80 - create IPUIPlugin
2025-11-23 15:46:19,526 [INFO] IPUIPlugin:80 - create IPUIPlugin
2025-11-23 15:46:19,527 [INFO] IPUIPlugin:80 - create IPUIPlugin
2025-11-23 15:46:19,527 [INFO] IPUIPlugin:80 - create IPUIPlugin
2025-11-23 15:46:19,527 [INFO] IPUIPlugin:80 - create IPUIPlugin
2025-11-23 15:46:19,527 [INFO] IPUIPlugin:80 - create IPUIPlugin
2025-11-23 15:46:19,527 [INFO] IPUIPlugin:80 - create IPUIPlugin
2025-11-23 15:46:19,527 [INFO] IPUIPlugin:80 - create IPUIPlugin
2025-11-23 15:46:19,527 [INFO] IPUIPlugin:80 - create IPUIPlugin
2025-11-23 15:46:19,527 [INFO] IPUIPlugin:80 - create IPUIPlugin
2025-11-23 15:46:19,528 [INFO] IPUIPlugin:80 - create IPUIPlugin
2025-11-23 15:46:19,528 [INFO] IPUIPlugin:80 - create IPUIPlugin
2025-11-23 15:46:19,528 [INFO] IPUIPlugin:80 - create IPUIPlugin
2025-11-23 15:46:19,528 [INFO] IPUIPlugin:80 - create IPUIPlugin
2025-11-23 15:46:19,528 [INFO] IPUIPlugin:80 - create IPUIPlugin
2025-11-23 15:46:19,529 [INFO] IPUIPlugin:80 - create IPUIPlugin
2025-11-23 15:46:19,529 [INFO] IPUIPlugin:80 - create IPUIPlugin
2025-11-23 15:46:19,529 [INFO] IPUIPlugin:80 - create IPUIPlugin
2025-11-23 15:46:19,529 [INFO] IPUIPlugin:80 - create IPUIPlugin
2025-11-23 15:46:19,529 [INFO] IPUIPlugin:80 - create IPUIPlugin
2025-11-23 15:46:19,530 [INFO] IPUIPlugin:80 - create IPUIPlugin
2025-11-23 15:46:19,530 [INFO] IPUIPlugin:80 - create IPUIPlugin
2025-11-23 15:46:19,531 [INFO] IPUIPlugin:80 - create IPUIPlugin
2025-11-23 15:46:19,531 [INFO] IPUIPlugin:80 - create IPUIPlugin
2025-11-23 15:46:19,531 [INFO] IPUIPlugin:80 - create IPUIPlugin
2025-11-23 15:46:19,531 [INFO] IPUIPlugin:80 - create IPUIPlugin
2025-11-23 15:46:19,531 [INFO] IPUIPlugin:80 - create IPUIPlugin
2025-11-23 15:46:19,531 [INFO] IPUIPlugin:80 - create IPUIPlugin
2025-11-23 15:46:19,532 [INFO] IPUIPlugin:80 - create IPUIPlugin
2025-11-23 15:46:19,532 [INFO] IPUIPlugin:80 - create IPUIPlugin
2025-11-23 15:46:19,532 [INFO] IPUIPlugin:80 - create IPUIPlugin
2025-11-23 15:46:19,532 [INFO] IPUIPlugin:80 - create IPUIPlugin
2025-11-23 15:46:19,532 [INFO] IPUIPlugin:80 - create IPUIPlugin
2025-11-23 15:46:19,532 [INFO] IPUIPlugin:80 - create IPUIPlugin
2025-11-23 15:46:19,533 [INFO] IPUIPlugin:80 - create IPUIPlugin
2025-11-23 15:46:19,533 [INFO] IPUIPlugin:80 - create IPUIPlugin
2025-11-23 15:46:19,533 [INFO] IPUIPlugin:80 - create IPUIPlugin
2025-11-23 15:46:19,533 [INFO] IPUIPlugin:80 - create IPUIPlugin
2025-11-23 15:46:19,533 [INFO] IPUIPlugin:80 - create IPUIPlugin
2025-11-23 15:46:19,533 [INFO] IPUIPlugin:80 - create IPUIPlugin
2025-11-23 15:46:19,533 [INFO] IPUIPlugin:80 - create IPUIPlugin
2025-11-23 15:46:19,534 [INFO] IPUIPlugin:80 - create IPUIPlugin
2025-11-23 15:46:19,534 [INFO] IPUIPlugin:80 - create IPUIPlugin
2025-11-23 15:46:19,534 [INFO] IPUIPlugin:80 - create IPUIPlugin
2025-11-23 15:46:19,534 [INFO] IPUIPlugin:80 - create IPUIPlugin
2025-11-23 15:46:19,534 [INFO] IPUIPlugin:80 - create IPUIPlugin
2025-11-23 15:46:19,535 [INFO] IPUIPlugin:80 - create IPUIPlugin
2025-11-23 15:46:19,535 [INFO] IPUIPlugin:80 - create IPUIPlugin
2025-11-23 15:46:19,535 [INFO] IPUIPlugin:80 - create IPUIPlugin
2025-11-23 15:46:19,535 [INFO] IPUIPlugin:80 - create IPUIPlugin
2025-11-23 15:46:19,536 [INFO] IPUIPlugin:80 - create IPUIPlugin
2025-11-23 15:46:19,577 [INFO] CADModel:165 - CPN selected for project levelSTM32L476RGT3
2025-11-23 15:46:19,577 [INFO] CADModel:114 - Register for checkConnection events
2025-11-23 15:46:19,627 [INFO] OpenFileManager:386 - Restore cursor
2025-11-23 15:46:42,117 [INFO] UtilMem:75 - End SaveConfig() Used Memory: 986609504 Bytes (1073741824)
2025-11-23 15:46:43,457 [INFO] UtilMem:75 - End SaveConfig() Used Memory: 1012813112 Bytes (1073741824)
2025-11-23 15:46:45,163 [INFO] UtilMem:75 - End SaveConfig() Used Memory: 719921048 Bytes (1073741824)
2025-11-23 15:46:45,548 [INFO] BlockDiagram:2775 - set Specific Code input for plugin: SYS
2025-11-23 15:46:45,548 [INFO] BlockDiagram:2775 - set Specific Code input for plugin: RCC
2025-11-23 15:46:45,548 [INFO] BlockDiagram:2775 - set Specific Code input for plugin: I2C
2025-11-23 15:46:45,548 [INFO] BlockDiagram:2775 - set Specific Code input for plugin: NVIC
2025-11-23 15:46:45,548 [INFO] BlockDiagram:2775 - set Specific Code input for plugin: GPIO
2025-11-23 15:46:45,549 [INFO] CodeGenerator:892 - code generatio: config db path: C:\ST\STM32CubeIDE_1.19.0\STM32CubeIDE\plugins\com.st.stm32cube.common.mx_6.15.0.202507011659\\db\
2025-11-23 15:46:45,718 [INFO] CodeEngine:265 - oldGeneratedFile, D:\STM32\Lab\Practice3-i2c-eeprom-random-number\MXTmpFiles\license.tmp_save
2025-11-23 15:46:46,076 [INFO] CodeEngine:289 - Generated code: D:\STM32\Lab\Practice3-i2c-eeprom-random-number\MXTmpFiles\license.tmp
2025-11-23 15:46:46,158 [INFO] CodeEngine:265 - oldGeneratedFile, D:\STM32\Lab\Practice3-i2c-eeprom-random-number\MXTmpFiles\gpio.tmp_save
2025-11-23 15:46:46,323 [INFO] CodeEngine:289 - Generated code: D:\STM32\Lab\Practice3-i2c-eeprom-random-number\MXTmpFiles\gpio.tmp
2025-11-23 15:46:46,416 [INFO] CodeEngine:265 - oldGeneratedFile, D:\STM32\Lab\Practice3-i2c-eeprom-random-number\Core\Src\stm32l4xx_it.c_save
2025-11-23 15:46:46,745 [INFO] CodeEngine:289 - Generated code: D:\STM32\Lab\Practice3-i2c-eeprom-random-number\Core\Src\stm32l4xx_it.c
2025-11-23 15:46:46,751 [INFO] CodeEngine:265 - oldGeneratedFile, D:\STM32\Lab\Practice3-i2c-eeprom-random-number\Core\Inc\stm32l4xx_it.h_save
2025-11-23 15:46:46,822 [INFO] CodeEngine:289 - Generated code: D:\STM32\Lab\Practice3-i2c-eeprom-random-number\Core\Inc\stm32l4xx_it.h
2025-11-23 15:46:46,832 [INFO] CodeEngine:265 - oldGeneratedFile, D:\STM32\Lab\Practice3-i2c-eeprom-random-number\Core\Src\stm32l4xx_hal_msp.c_save
2025-11-23 15:46:46,969 [INFO] CodeEngine:289 - Generated code: D:\STM32\Lab\Practice3-i2c-eeprom-random-number\Core\Src\stm32l4xx_hal_msp.c
2025-11-23 15:46:46,974 [INFO] CodeEngine:265 - oldGeneratedFile, D:\STM32\Lab\Practice3-i2c-eeprom-random-number\MXTmpFiles\system.tmp_save
2025-11-23 15:46:47,030 [INFO] CodeEngine:289 - Generated code: D:\STM32\Lab\Practice3-i2c-eeprom-random-number\MXTmpFiles\system.tmp
2025-11-23 15:46:47,040 [INFO] CodeEngine:321 - oldGeneratedFile, D:\STM32\Lab\Practice3-i2c-eeprom-random-number\Core\Inc\stm32l4xx_hal_conf.h_save
2025-11-23 15:46:47,100 [INFO] CodeEngine:345 - Generated code: D:\STM32\Lab\Practice3-i2c-eeprom-random-number\Core\Inc\stm32l4xx_hal_conf.h
2025-11-23 15:46:47,121 [INFO] ApiDbMcu:532 - Load IP Config File for I2C1
2025-11-23 15:46:47,125 [INFO] ApiDbMcu:532 - Load IP Config File for RCC
2025-11-23 15:46:47,132 [INFO] CodeEngine:265 - oldGeneratedFile, D:\STM32\Lab\Practice3-i2c-eeprom-random-number\Core\Inc\main.h_save
2025-11-23 15:46:47,218 [INFO] CodeEngine:289 - Generated code: D:\STM32\Lab\Practice3-i2c-eeprom-random-number\Core\Inc\main.h
2025-11-23 15:46:47,224 [INFO] CodeEngine:265 - oldGeneratedFile, D:\STM32\Lab\Practice3-i2c-eeprom-random-number\Core\Src\main.c_save
2025-11-23 15:46:47,309 [INFO] CodeEngine:289 - Generated code: D:\STM32\Lab\Practice3-i2c-eeprom-random-number\Core\Src\main.c
2025-11-23 15:46:47,721 [INFO] ProjectBuilder:3606 - Time for Copy HAL[1] : 176mS.
2025-11-23 15:46:47,724 [INFO] ProjectBuilder:5216 - Project Generator version: 4.7.0-B52
2025-11-23 15:46:47,794 [INFO] ConfigFileManager:1595 - The Die is : DIE415
2025-11-23 15:46:47,797 [INFO] ApiDbMcu:532 - Load IP Config File for FATFS
2025-11-23 15:46:47,801 [INFO] ApiDbMcu:532 - Load IP Config File for FREERTOS
2025-11-23 15:46:47,810 [INFO] ApiDbMcu:532 - Load IP Config File for TOUCHSENSING
2025-11-23 15:46:47,814 [INFO] ApiDbMcu:532 - Load IP Config File for USB_DEVICE
2025-11-23 15:46:47,817 [INFO] ApiDbMcu:532 - Load IP Config File for USB_HOST
2025-11-23 15:46:48,638 [INFO] ProjectBuilder:5496 - Time for Generating toolchain IDE Files: 914mS.
2025-11-23 15:46:48,639 [INFO] ProjectBuilder:3463 - Time for Copy CMSIS : 1mS.
2025-11-23 15:46:48,641 [INFO] ProjectBuilder:3463 - Time for Copy CMSIS : 0mS.
2025-11-23 20:40:29,109 [INFO] Activator:176 - 


2025-11-23 20:40:29,120 [INFO] Activator:177 - !SESSION log4j initialized
2025-11-23 20:40:35,890 [INFO] LogOutputStream:77 - [STDOUT_REDIRECT] 
2025-11-23 20:40:48,278 [INFO] ApplicationProperties:184 - Using Application install path: C:\ST\STM32CubeIDE_1.19.0\STM32CubeIDE\plugins\com.st.stm32cube.common.mx_6.15.0.202507011659
2025-11-23 20:40:48,294 [INFO] DbMcusXml:78 - Set database path to: C:\ST\STM32CubeIDE_1.19.0\STM32CubeIDE\plugins\com.st.stm32cube.common.mx_6.15.0.202507011659\\db\/mcu/
2025-11-23 20:40:48,294 [INFO] ApiDb:274 - Set plugin database path to: C:\ST\STM32CubeIDE_1.19.0\STM32CubeIDE\plugins\com.st.stm32cube.common.mx_6.15.0.202507011659\\db\/plugins/boardmanager/
2025-11-23 20:40:48,294 [WARN] ApiDb:259 - Overriding images path with different value:  => C:\ST\STM32CubeIDE_1.19.0\STM32CubeIDE\plugins\com.st.stm32cube.common.mx_6.15.0.202507011659\\db\/plugins/mcufinder/images/
2025-11-23 20:40:48,302 [INFO] ApiDb:250 - Set database path to: C:\Users\user\.stmcufinder\plugins\mcufinder//mcu/
2025-11-23 20:40:48,303 [INFO] DbMcusAds:125 - Set database path to: C:\Users\user\.stmcufinder\plugins\mcufinder//mcu/
2025-11-23 20:40:48,309 [INFO] CrossReferenceDbSqlite:203 - Set database path to: C:\Users\user\.stmcufinder\plugins\mcufinder//mcu/cs/
2025-11-23 20:40:48,414 [INFO] RulesReader:64 - Compatibility file has been processed (317 Rules)
2025-11-23 20:40:48,527 [INFO] DbMcusXml:78 - Set database path to: C:\ST\STM32CubeIDE_1.19.0\STM32CubeIDE\plugins\com.st.stm32cube.common.mx_6.15.0.202507011659\\db\/mcu/
2025-11-23 20:40:48,527 [INFO] ApiDb:274 - Set plugin database path to: C:\ST\STM32CubeIDE_1.19.0\STM32CubeIDE\plugins\com.st.stm32cube.common.mx_6.15.0.202507011659\\db\/plugins/boardmanager/
2025-11-23 20:40:48,527 [INFO] ApiDb:261 - Set plugin images path to: C:\ST\STM32CubeIDE_1.19.0\STM32CubeIDE\plugins\com.st.stm32cube.common.mx_6.15.0.202507011659\\db\/plugins/mcufinder/images/
2025-11-23 20:40:48,527 [WARN] DbFile:41 - Overriding database path with different value: C:\Users\user\.stmcufinder\plugins\mcufinder/ => C:\Users\user\.stmcufinder\plugins\mcufinder
2025-11-23 20:40:48,527 [INFO] ApiDb:250 - Set database path to: C:\Users\user\.stmcufinder\plugins\mcufinder//mcu/
2025-11-23 20:40:48,527 [WARN] DbFile:41 - Overriding database path with different value: C:\Users\user\.stmcufinder\plugins\mcufinder/ => C:\Users\user\.stmcufinder\plugins\mcufinder
2025-11-23 20:40:48,527 [INFO] DbMcusAds:125 - Set database path to: C:\Users\user\.stmcufinder\plugins\mcufinder//mcu/
2025-11-23 20:40:48,527 [WARN] DbFile:41 - Overriding database path with different value: C:\Users\user\.stmcufinder\plugins\mcufinder/ => C:\Users\user\.stmcufinder\plugins\mcufinder
2025-11-23 20:40:48,527 [WARN] DbFile:41 - Overriding database path with different value: C:\Users\user\.stmcufinder\plugins\mcufinder/ => C:\Users\user\.stmcufinder\plugins\mcufinder
2025-11-23 20:40:48,527 [INFO] CrossReferenceDbSqlite:203 - Set database path to: C:\Users\user\.stmcufinder\plugins\mcufinder//mcu/cs/
2025-11-23 20:40:48,594 [INFO] MainPanel:274 - HeapMemory: 271581184
2025-11-23 20:40:48,707 [INFO] DbMcusXml:78 - Set database path to: C:\ST\STM32CubeIDE_1.19.0\STM32CubeIDE\plugins\com.st.stm32cube.common.mx_6.15.0.202507011659\\db\/mcu/
2025-11-23 20:40:48,707 [INFO] ApiDb:274 - Set plugin database path to: C:\ST\STM32CubeIDE_1.19.0\STM32CubeIDE\plugins\com.st.stm32cube.common.mx_6.15.0.202507011659\\db\/plugins/boardmanager/
2025-11-23 20:40:48,707 [INFO] ApiDb:261 - Set plugin images path to: C:\ST\STM32CubeIDE_1.19.0\STM32CubeIDE\plugins\com.st.stm32cube.common.mx_6.15.0.202507011659\\db\/plugins/mcufinder/images/
2025-11-23 20:40:48,708 [WARN] DbFile:41 - Overriding database path with different value: C:\Users\user\.stmcufinder\plugins\mcufinder/ => C:\Users\user\.stmcufinder\plugins\mcufinder
2025-11-23 20:40:48,708 [INFO] ApiDb:250 - Set database path to: C:\Users\user\.stmcufinder\plugins\mcufinder//mcu/
2025-11-23 20:40:48,708 [WARN] DbFile:41 - Overriding database path with different value: C:\Users\user\.stmcufinder\plugins\mcufinder/ => C:\Users\user\.stmcufinder\plugins\mcufinder
2025-11-23 20:40:48,708 [INFO] DbMcusAds:125 - Set database path to: C:\Users\user\.stmcufinder\plugins\mcufinder//mcu/
2025-11-23 20:40:48,708 [WARN] DbFile:41 - Overriding database path with different value: C:\Users\user\.stmcufinder\plugins\mcufinder/ => C:\Users\user\.stmcufinder\plugins\mcufinder
2025-11-23 20:40:48,708 [WARN] DbFile:41 - Overriding database path with different value: C:\Users\user\.stmcufinder\plugins\mcufinder/ => C:\Users\user\.stmcufinder\plugins\mcufinder
2025-11-23 20:40:48,708 [INFO] CrossReferenceDbSqlite:203 - Set database path to: C:\Users\user\.stmcufinder\plugins\mcufinder//mcu/cs/
2025-11-23 20:40:48,723 [INFO] ApplicationProperties:184 - Using Application install path: C:\ST\STM32CubeIDE_1.19.0\STM32CubeIDE\plugins\com.st.stm32cube.common.mx_6.15.0.202507011659
2025-11-23 20:40:48,724 [INFO] PluginManage:196 - Search for loadable plugins [exclusion list=, ]
2025-11-23 20:40:48,725 [INFO] PluginManage:310 - Check plugin analytics
2025-11-23 20:40:48,913 [INFO] AnalyticsPlugin:253 - Accepted Software Licenses: 
2025-11-23 20:40:48,913 [INFO] AnalyticsPlugin:255 - Accepted CMSIS Pack Licenses: 
2025-11-23 20:40:48,913 [INFO] AnalyticsPlugin:257 - Accepted Firmware Licenses: FW.L4.1.18.0
2025-11-23 20:40:48,918 [INFO] PluginManage:359 - Loaded plugin analytics (category:tool,tabindex:-1)
2025-11-23 20:40:48,919 [INFO] PluginManage:310 - Check plugin cadmodel
2025-11-23 20:40:48,927 [INFO] CADModel:105 - Init CAD model plugin
2025-11-23 20:40:48,927 [INFO] PluginManage:359 - Loaded plugin cadmodel (category:power,tabindex:5)
2025-11-23 20:40:48,927 [INFO] PluginManage:310 - Check plugin clock
2025-11-23 20:40:48,937 [INFO] PluginManage:359 - Loaded plugin clock (category:base,tabindex:2)
2025-11-23 20:40:48,937 [INFO] PluginManage:310 - Check plugin ddr
2025-11-23 20:40:48,940 [INFO] PluginManage:359 - Loaded plugin ddr (category:tool,tabindex:6)
2025-11-23 20:40:48,940 [INFO] PluginManage:310 - Check plugin filemanager
2025-11-23 20:40:49,093 [INFO] PluginManage:359 - Loaded plugin filemanager (category:base,tabindex:10)
2025-11-23 20:40:49,094 [INFO] PluginManage:310 - Check plugin ipmanager
2025-11-23 20:40:49,100 [INFO] PluginManage:359 - Loaded plugin ipmanager (category:base,tabindex:5)
2025-11-23 20:40:49,100 [INFO] PluginManage:310 - Check plugin lpbam
2025-11-23 20:40:49,113 [INFO] PluginManage:359 - Loaded plugin lpbam (category:base,tabindex:0)
2025-11-23 20:40:49,113 [INFO] PluginManage:310 - Check plugin memorymap
2025-11-23 20:40:49,127 [INFO] PluginManage:359 - Loaded plugin memorymap (category:base,tabindex:4)
2025-11-23 20:40:49,128 [INFO] PluginManage:310 - Check plugin pinoutandconfiguration
2025-11-23 20:40:49,138 [INFO] PluginManage:359 - Loaded plugin pinoutandconfiguration (category:base,tabindex:1)
2025-11-23 20:40:49,138 [INFO] PluginManage:310 - Check plugin pinoutconfig
2025-11-23 20:40:49,219 [WARN] SupportedApi:132 - Cannot load RTOS API schema: s4s-elt-must-match.1: The content of 'definitions' must match (annotation?, (simpleType | complexType)?, (unique | key | keyref)*)). A problem was found starting at: attribute.
2025-11-23 20:40:49,421 [INFO] PluginManage:359 - Loaded plugin pinoutconfig (category:base,tabindex:0)
2025-11-23 20:40:49,421 [INFO] PluginManage:310 - Check plugin power
2025-11-23 20:40:49,435 [INFO] PluginManage:359 - Loaded plugin power (category:power,tabindex:4)
2025-11-23 20:40:49,435 [INFO] PluginManage:310 - Check plugin projectmanager
2025-11-23 20:40:49,454 [INFO] PluginManage:359 - Loaded plugin projectmanager (category:projectmanager,tabindex:4)
2025-11-23 20:40:49,454 [INFO] PluginManage:310 - Check plugin rif
2025-11-23 20:40:49,475 [INFO] PluginManage:359 - Loaded plugin rif (category:base,tabindex:3)
2025-11-23 20:40:49,475 [INFO] PluginManage:310 - Check plugin thirdparty
2025-11-23 20:40:49,674 [INFO] PluginManage:359 - Loaded plugin thirdparty (category:base,tabindex:-1)
2025-11-23 20:40:49,674 [INFO] PluginManage:310 - Check plugin tools
2025-11-23 20:40:49,674 [WARN] IntegrityCheckThread:84 - waiting for thirdparty lock release [integrity check]
2025-11-23 20:40:49,674 [INFO] IntegrityCheckThread:86 - entering critical section [integrity check]
2025-11-23 20:40:49,675 [INFO] ThirdPartyUpdaterWithRetryManager:70 - Updater plugin not ready yet. [1/15]
2025-11-23 20:40:49,677 [INFO] PluginManage:359 - Loaded plugin tools (category:base,tabindex:7)
2025-11-23 20:40:49,677 [INFO] PluginManage:310 - Check plugin tutovideos
2025-11-23 20:40:49,874 [INFO] PluginManage:359 - Loaded plugin tutovideos (category:base,tabindex:-1)
2025-11-23 20:40:49,874 [INFO] PluginManage:310 - Check plugin updater
2025-11-23 20:40:49,893 [INFO] PluginManage:359 - Loaded plugin updater (category:base,tabindex:12)
2025-11-23 20:40:49,893 [INFO] PluginManage:310 - Check plugin userauth
2025-11-23 20:40:49,896 [INFO] UserAuth:118 - Init User Auth plugin
2025-11-23 20:40:49,897 [INFO] PluginManage:359 - Loaded plugin userauth (category:base,tabindex:14)
2025-11-23 20:40:49,898 [INFO] PluginManage:283 - PluginManage : Loaded plugins [18]
2025-11-23 20:40:50,109 [INFO] PinOutPanel:1589 - setPackage(No Configuration,No Configuration)
2025-11-23 20:40:50,179 [INFO] CADModel:165 - CPN selected for project level
2025-11-23 20:40:50,179 [INFO] CADModel:114 - Register for checkConnection events
2025-11-23 20:40:50,195 [INFO] IPUIPlugin:80 - create IPUIPlugin
2025-11-23 20:40:50,195 [INFO] PluginManager:220 - loadIPPluginJar : add adc
2025-11-23 20:40:50,197 [INFO] IPUIPlugin:80 - create IPUIPlugin
2025-11-23 20:40:50,197 [INFO] PluginManager:220 - loadIPPluginJar : add aes
2025-11-23 20:40:50,200 [INFO] IPUIPlugin:80 - create IPUIPlugin
2025-11-23 20:40:50,200 [INFO] PluginManager:220 - loadIPPluginJar : add can
2025-11-23 20:40:50,202 [INFO] IPUIPlugin:80 - create IPUIPlugin
2025-11-23 20:40:50,202 [INFO] PluginManager:220 - loadIPPluginJar : add comp
2025-11-23 20:40:50,204 [INFO] IPUIPlugin:80 - create IPUIPlugin
2025-11-23 20:40:50,204 [INFO] PluginManager:220 - loadIPPluginJar : add cryp
2025-11-23 20:40:50,207 [INFO] IPUIPlugin:80 - create IPUIPlugin
2025-11-23 20:40:50,208 [INFO] PluginManager:220 - loadIPPluginJar : add ddr_ctrl_phy
2025-11-23 20:40:50,209 [INFO] IPUIPlugin:80 - create IPUIPlugin
2025-11-23 20:40:50,209 [INFO] PluginManager:220 - loadIPPluginJar : add dfsdm
2025-11-23 20:40:50,214 [INFO] IPUIPlugin:80 - create IPUIPlugin
2025-11-23 20:40:50,214 [INFO] PluginManager:220 - loadIPPluginJar : add dma
2025-11-23 20:40:50,216 [INFO] IPUIPlugin:80 - create IPUIPlugin
2025-11-23 20:40:50,216 [INFO] PluginManager:220 - loadIPPluginJar : add dma3
2025-11-23 20:40:50,218 [INFO] IPUIPlugin:80 - create IPUIPlugin
2025-11-23 20:40:50,218 [INFO] PluginManager:220 - loadIPPluginJar : add extmemmanager
2025-11-23 20:40:50,219 [INFO] IPUIPlugin:80 - create IPUIPlugin
2025-11-23 20:40:50,219 [INFO] PluginManager:220 - loadIPPluginJar : add fatfs
2025-11-23 20:40:50,223 [INFO] IPUIPlugin:80 - create IPUIPlugin
2025-11-23 20:40:50,223 [INFO] PluginManager:220 - loadIPPluginJar : add fmc
2025-11-23 20:40:50,229 [INFO] IPUIPlugin:80 - create IPUIPlugin
2025-11-23 20:40:50,229 [INFO] PluginManager:220 - loadIPPluginJar : add freertos
2025-11-23 20:40:50,230 [INFO] IPUIPlugin:80 - create IPUIPlugin
2025-11-23 20:40:50,230 [INFO] PluginManager:220 - loadIPPluginJar : add genericplugin
2025-11-23 20:40:50,232 [INFO] IPUIPlugin:80 - create IPUIPlugin
2025-11-23 20:40:50,233 [INFO] PluginManager:220 - loadIPPluginJar : add gfxmmu
2025-11-23 20:40:50,236 [INFO] IPUIPlugin:80 - create IPUIPlugin
2025-11-23 20:40:50,236 [INFO] PluginManager:220 - loadIPPluginJar : add gic
2025-11-23 20:40:50,240 [INFO] IPUIPlugin:80 - create IPUIPlugin
2025-11-23 20:40:50,240 [INFO] PluginManager:220 - loadIPPluginJar : add gpio
2025-11-23 20:40:50,242 [INFO] IPUIPlugin:80 - create IPUIPlugin
2025-11-23 20:40:50,242 [INFO] PluginManager:220 - loadIPPluginJar : add gtzc
2025-11-23 20:40:50,244 [INFO] IPUIPlugin:80 - create IPUIPlugin
2025-11-23 20:40:50,244 [INFO] PluginManager:220 - loadIPPluginJar : add hash
2025-11-23 20:40:50,246 [INFO] IPUIPlugin:80 - create IPUIPlugin
2025-11-23 20:40:50,246 [INFO] PluginManager:220 - loadIPPluginJar : add i2c
2025-11-23 20:40:50,248 [INFO] IPUIPlugin:80 - create IPUIPlugin
2025-11-23 20:40:50,248 [INFO] PluginManager:220 - loadIPPluginJar : add i2s
2025-11-23 20:40:50,251 [INFO] IPUIPlugin:80 - create IPUIPlugin
2025-11-23 20:40:50,251 [INFO] PluginManager:220 - loadIPPluginJar : add i3c
2025-11-23 20:40:50,253 [INFO] IPUIPlugin:80 - create IPUIPlugin
2025-11-23 20:40:50,253 [INFO] PluginManager:220 - loadIPPluginJar : add ipddr
2025-11-23 20:40:50,258 [INFO] IPUIPlugin:80 - create IPUIPlugin
2025-11-23 20:40:50,258 [INFO] PluginManager:220 - loadIPPluginJar : add linkedlist
2025-11-23 20:40:50,262 [INFO] IPUIPlugin:80 - create IPUIPlugin
2025-11-23 20:40:50,262 [INFO] PluginManager:220 - loadIPPluginJar : add lorawan
2025-11-23 20:40:50,264 [INFO] IPUIPlugin:80 - create IPUIPlugin
2025-11-23 20:40:50,264 [INFO] PluginManager:220 - loadIPPluginJar : add ltdc
2025-11-23 20:40:50,269 [INFO] IPUIPlugin:80 - create IPUIPlugin
2025-11-23 20:40:50,269 [INFO] PluginManager:220 - loadIPPluginJar : add mdma
2025-11-23 20:40:50,272 [INFO] IPUIPlugin:80 - create IPUIPlugin
2025-11-23 20:40:50,272 [INFO] PluginManager:220 - loadIPPluginJar : add nvic
2025-11-23 20:40:50,274 [INFO] IPUIPlugin:80 - create IPUIPlugin
2025-11-23 20:40:50,274 [INFO] PluginManager:220 - loadIPPluginJar : add opamp
2025-11-23 20:40:50,277 [INFO] IPUIPlugin:80 - create IPUIPlugin
2025-11-23 20:40:50,277 [INFO] PluginManager:220 - loadIPPluginJar : add openamp
2025-11-23 20:40:50,279 [INFO] IPUIPlugin:80 - create IPUIPlugin
2025-11-23 20:40:50,279 [INFO] PluginManager:220 - loadIPPluginJar : add pdm2pcm
2025-11-23 20:40:50,284 [INFO] IPUIPlugin:80 - create IPUIPlugin
2025-11-23 20:40:50,285 [INFO] PluginManager:220 - loadIPPluginJar : add plateformsettings
2025-11-23 20:40:50,286 [INFO] IPUIPlugin:80 - create IPUIPlugin
2025-11-23 20:40:50,286 [INFO] PluginManager:220 - loadIPPluginJar : add quadspi
2025-11-23 20:40:50,289 [INFO] IPUIPlugin:80 - create IPUIPlugin
2025-11-23 20:40:50,289 [INFO] PluginManager:220 - loadIPPluginJar : add radio
2025-11-23 20:40:50,292 [INFO] IPUIPlugin:80 - create IPUIPlugin
2025-11-23 20:40:50,293 [INFO] PluginManager:220 - loadIPPluginJar : add resmgrutility
2025-11-23 20:40:50,296 [INFO] IPUIPlugin:80 - create IPUIPlugin
2025-11-23 20:40:50,296 [INFO] PluginManager:220 - loadIPPluginJar : add sai
2025-11-23 20:40:50,298 [INFO] IPUIPlugin:80 - create IPUIPlugin
2025-11-23 20:40:50,298 [INFO] PluginManager:220 - loadIPPluginJar : add spi
2025-11-23 20:40:50,303 [INFO] IPUIPlugin:80 - create IPUIPlugin
2025-11-23 20:40:50,303 [INFO] PluginManager:220 - loadIPPluginJar : add stm32_wpan
2025-11-23 20:40:50,304 [INFO] IPUIPlugin:80 - create IPUIPlugin
2025-11-23 20:40:50,304 [INFO] PluginManager:220 - loadIPPluginJar : add tim
2025-11-23 20:40:50,307 [INFO] IPUIPlugin:80 - create IPUIPlugin
2025-11-23 20:40:50,307 [INFO] PluginManager:220 - loadIPPluginJar : add touchsensing
2025-11-23 20:40:50,309 [INFO] IPUIPlugin:80 - create IPUIPlugin
2025-11-23 20:40:50,309 [INFO] PluginManager:220 - loadIPPluginJar : add tracer_emb
2025-11-23 20:40:50,311 [INFO] IPUIPlugin:80 - create IPUIPlugin
2025-11-23 20:40:50,311 [INFO] PluginManager:220 - loadIPPluginJar : add ts
2025-11-23 20:40:50,312 [INFO] IPUIPlugin:80 - create IPUIPlugin
2025-11-23 20:40:50,312 [INFO] PluginManager:220 - loadIPPluginJar : add tsc
2025-11-23 20:40:50,314 [INFO] IPUIPlugin:80 - create IPUIPlugin
2025-11-23 20:40:50,314 [INFO] PluginManager:220 - loadIPPluginJar : add ucpd
2025-11-23 20:40:50,316 [INFO] IPUIPlugin:80 - create IPUIPlugin
2025-11-23 20:40:50,316 [INFO] PluginManager:220 - loadIPPluginJar : add usart
2025-11-23 20:40:50,319 [INFO] IPUIPlugin:80 - create IPUIPlugin
2025-11-23 20:40:50,319 [INFO] PluginManager:220 - loadIPPluginJar : add usbx
2025-11-23 20:40:50,439 [FATAL] Updater:351 - Updater called before beeing initialized
2025-11-23 20:40:50,466 [INFO] RulesReader:64 - Compatibility file has been processed (317 Rules)
2025-11-23 20:40:50,476 [INFO] RulesReader:64 - Compatibility file has been processed (317 Rules)
2025-11-23 20:40:50,487 [INFO] CADModel:165 - CPN selected for project level
2025-11-23 20:40:50,487 [INFO] CADModel:114 - Register for checkConnection events
2025-11-23 20:40:50,487 [FATAL] Updater:351 - Updater called before beeing initialized
2025-11-23 20:40:50,487 [ERROR] CADModel:125 - Updater not yet initialized, retry later 
2025-11-23 20:40:50,632 [FATAL] Updater:351 - Updater called before beeing initialized
2025-11-23 20:40:50,634 [INFO] CADModel:165 - CPN selected for project level
2025-11-23 20:40:50,634 [INFO] CADModel:114 - Register for checkConnection events
2025-11-23 20:40:50,634 [FATAL] Updater:351 - Updater called before beeing initialized
2025-11-23 20:40:50,634 [ERROR] CADModel:125 - Updater not yet initialized, retry later 
2025-11-23 20:40:50,638 [FATAL] Updater:351 - Updater called before beeing initialized
2025-11-23 20:40:50,784 [FATAL] Updater:351 - Updater called before beeing initialized
2025-11-23 20:40:50,790 [INFO] DbMcusAds:53 - JSON generation date=Mon Nov 10 18:43:00 CST 2025 (1762771380761)
2025-11-23 20:40:50,790 [FATAL] Updater:351 - Updater called before beeing initialized
2025-11-23 20:40:50,834 [WARN] DetailPanel:346 - Failed to get advertising image, set to default
2025-11-23 20:40:50,905 [FATAL] Updater:351 - Updater called before beeing initialized
2025-11-23 20:40:50,906 [FATAL] Updater:351 - Updater called before beeing initialized
2025-11-23 20:40:50,906 [FATAL] Updater:351 - Updater called before beeing initialized
2025-11-23 20:40:50,907 [WARN] DetailPanel:346 - Failed to get advertising image, set to default
2025-11-23 20:40:50,908 [FATAL] Updater:351 - Updater called before beeing initialized
2025-11-23 20:40:50,953 [ERROR] Updater:1198 - MainUpdater not yet initialized. External WinMGr cannot be set.
2025-11-23 20:40:50,955 [INFO] Updater:1134 - Updater Version found : 6.15.0
2025-11-23 20:40:50,970 [INFO] ApplicationProperties:184 - Using Application install path: C:\ST\STM32CubeIDE_1.19.0\STM32CubeIDE\plugins\com.st.stm32cube.common.mx_6.15.0.202507011659
2025-11-23 20:40:52,544 [ERROR] LogOutputStream:75 - [STDERR_REDIRECT] Nov 23, 2025 8:40:52 PM java.util.prefs.WindowsPreferences <init>
2025-11-23 20:40:52,545 [ERROR] LogOutputStream:75 - [STDERR_REDIRECT] WARNING: Could not open/create prefs root node Software\JavaSoft\Prefs at root 0xffffffff80000002. Windows RegCreateKeyEx(...) returned error code 5.
2025-11-23 20:40:52,546 [ERROR] LogOutputStream:75 - [STDERR_REDIRECT] 
2025-11-23 20:40:52,676 [INFO] ThirdPartyUpdaterWithRetryManager:70 - Updater plugin not ready yet. [2/15]
2025-11-23 20:40:52,918 [INFO] MainUpdater:2872 - connection check result : 10
2025-11-23 20:40:52,918 [INFO] MainUpdater:289 - Updater Check For Update Now.
2025-11-23 20:40:52,918 [INFO] MicroXplorer:498 - Change Database Version : DB.6.0.150
2025-11-23 20:40:52,930 [INFO] McuFinderGlobals:63 - Set McuFinder mode to 2 (CubeIDE integrated)
2025-11-23 20:40:52,930 [INFO] UserAuth:171 - activating auth plugin
2025-11-23 20:40:52,933 [INFO] UserAuth:487 - Internet connection configuration mode: 1
2025-11-23 20:40:52,978 [INFO] JxBrowserEngine:152 - Initiate JxBrowser Engine with user profile folder
2025-11-23 20:40:53,099 [INFO] CheckServerUpdateThread:120 - End of CheckServer Thread
2025-11-23 20:40:54,283 [INFO] McuFinderGlobals:63 - Set McuFinder mode to 2 (CubeIDE integrated)
2025-11-23 20:40:54,288 [INFO] MainUpdater:2872 - connection check result : 10
2025-11-23 20:40:54,289 [INFO] MainUpdater:2872 - connection check result : 10
2025-11-23 20:40:54,326 [INFO] MicroXplorer:468 - Change Database Path : 
2025-11-23 20:40:54,326 [INFO] MicroXplorer:498 - Change Database Version : DB.6.0.150
2025-11-23 20:40:54,335 [WARN] ThirdParty:871 - waiting for thirdparty lock release [close project]
2025-11-23 20:40:54,946 [INFO] WebApp:169 - Instantiating new browser for Auth
2025-11-23 20:40:55,933 [INFO] WebApp:463 - Apply proxy settings
2025-11-23 20:40:55,934 [INFO] WebApp:548 - Chromium requires no authentication
2025-11-23 20:40:55,979 [INFO] WebApp:491 - Direct internet connection detected
2025-11-23 20:40:56,058 [INFO] WebApp:900 - Register for checkConnection events
2025-11-23 20:40:56,058 [INFO] WebApp:463 - Apply proxy settings
2025-11-23 20:40:56,058 [INFO] WebApp:548 - Chromium requires no authentication
2025-11-23 20:40:56,058 [INFO] WebApp:491 - Direct internet connection detected
2025-11-23 20:40:56,128 [WARN] PackLoader:240 - Cannot read IP mode file for STMicroelectronics.FP-SNS-MOTENVWB1.1.4.0
2025-11-23 20:40:56,150 [WARN] PackLoader:240 - Cannot read IP mode file for STMicroelectronics.FP-ATR-ASTRA1.2.0.2
2025-11-23 20:40:56,175 [WARN] PackLoader:240 - Cannot read IP mode file for STMicroelectronics.X-CUBE-SMBUS.2.1.0
2025-11-23 20:40:56,182 [WARN] PackLoader:240 - Cannot read IP mode file for STMicroelectronics.X-CUBE-ST60.1.0.0
2025-11-23 20:40:56,212 [WARN] PackLoader:240 - Cannot read IP mode file for STMicroelectronics.X-CUBE-AZRTOS-F7.1.1.0
2025-11-23 20:40:56,219 [WARN] PackLoader:240 - Cannot read IP mode file for STMicroelectronics.FP-SNS-MOTENV1.5.1.0
2025-11-23 20:40:56,238 [WARN] PackLoader:240 - Cannot read IP mode file for WES.I-CUBE-Cesium.1.4.0
2025-11-23 20:40:56,260 [WARN] PackLoader:240 - Cannot read IP mode file for Infineon.AIROC-Wi-Fi-Bluetooth-STM32.1.7.1
2025-11-23 20:40:56,299 [WARN] PackLoader:240 - Cannot read IP mode file for STMicroelectronics.X-CUBE-AZRTOS-H7.3.4.0
2025-11-23 20:40:56,299 [INFO] WebApp:191 - Connection restablished
2025-11-23 20:40:56,311 [WARN] PackLoader:240 - Cannot read IP mode file for STMicroelectronics.X-CUBE-DISPLAY.3.0.0
2025-11-23 20:40:56,332 [WARN] PackLoader:240 - Cannot read IP mode file for STMicroelectronics.X-CUBE-NFC10.1.0.0
2025-11-23 20:40:56,337 [WARN] PackLoader:240 - Cannot read IP mode file for STMicroelectronics.X-CUBE-ST60.1.1.0
2025-11-23 20:40:56,343 [WARN] PackLoader:240 - Cannot read IP mode file for emotas.I-CUBE-CANOPEN.1.3.0
2025-11-23 20:40:56,348 [WARN] PackLoader:240 - Cannot read IP mode file for STMicroelectronics.X-CUBE-GNSS1.7.1.0
2025-11-23 20:40:56,356 [WARN] PackLoader:240 - Cannot read IP mode file for STMicroelectronics.FP-SNS-STBOX1.2.1.0
2025-11-23 20:40:56,360 [WARN] PackLoader:240 - Cannot read IP mode file for STMicroelectronics.FP-SNS-SMARTAG2.1.2.0
2025-11-23 20:40:56,364 [WARN] PackLoader:240 - Cannot read IP mode file for STMicroelectronics.FP-SNS-FLIGHT1.5.1.0
2025-11-23 20:40:56,376 [INFO] LogOutputStream:77 - [STDOUT_REDIRECT] 1 : Invalid condition id : UX_CORESTACK_Condition cause : null
2025-11-23 20:40:56,377 [INFO] LogOutputStream:77 - [STDOUT_REDIRECT] 1 : Invalid condition id : UX_CORESTACK_Condition cause : null
2025-11-23 20:40:56,378 [INFO] LogOutputStream:77 - [STDOUT_REDIRECT] 1 : Invalid condition id : UX_CORESTACK_Condition cause : null
2025-11-23 20:40:56,380 [INFO] LogOutputStream:77 - [STDOUT_REDIRECT] 1 : Invalid condition id : UX_CORESTACK_Condition cause : null
2025-11-23 20:40:56,381 [INFO] LogOutputStream:77 - [STDOUT_REDIRECT] 1 : Invalid condition id : UX_CORESTACK_Condition cause : null
2025-11-23 20:40:56,383 [WARN] PackLoader:240 - Cannot read IP mode file for STMicroelectronics.X-CUBE-AZRTOS-WL.2.0.0
2025-11-23 20:40:56,387 [WARN] PackLoader:240 - Cannot read IP mode file for STMicroelectronics.FP-SNS-MOTENV1.5.0.0
2025-11-23 20:40:56,401 [WARN] PackLoader:240 - Cannot read IP mode file for STMicroelectronics.X-CUBE-AZRTOS-H7RS.1.2.0
2025-11-23 20:40:56,408 [WARN] PackLoader:240 - Cannot read IP mode file for STMicroelectronics.X-CUBE-BLE2.3.3.0
2025-11-23 20:40:56,431 [WARN] PackLoader:240 - Cannot read IP mode file for STMicroelectronics.X-CUBE-NFC9.1.0.0
2025-11-23 20:40:56,436 [WARN] PackLoader:240 - Cannot read IP mode file for wolfSSL.I-CUBE-wolfSSL.5.8.2
2025-11-23 20:40:56,440 [WARN] PackLoader:240 - Cannot read IP mode file for STMicroelectronics.X-CUBE-BLE1.7.1.0
2025-11-23 20:40:56,444 [WARN] PackLoader:240 - Cannot read IP mode file for wolfSSL.I-CUBE-wolfMQTT.1.19.2
2025-11-23 20:40:56,448 [WARN] PackLoader:240 - Cannot read IP mode file for STMicroelectronics.X-CUBE-FREERTOS.1.4.0
2025-11-23 20:40:56,453 [WARN] PackLoader:240 - Cannot read IP mode file for STMicroelectronics.X-CUBE-EEPRMA1.5.2.0
2025-11-23 20:40:56,459 [WARN] PackLoader:240 - Cannot read IP mode file for STMicroelectronics.X-CUBE-ST67W61.1.1.0
2025-11-23 20:40:56,469 [WARN] PackLoader:240 - Cannot read IP mode file for STMicroelectronics.X-CUBE-AZRTOS-G0.1.1.0
2025-11-23 20:40:56,475 [WARN] PackLoader:240 - Cannot read IP mode file for STMicroelectronics.X-CUBE-SAFEA1.1.2.2
2025-11-23 20:40:56,480 [WARN] PackLoader:240 - Cannot read IP mode file for STMicroelectronics.X-CUBE-NFC4.3.0.0
2025-11-23 20:40:56,488 [WARN] PackLoader:240 - Cannot read IP mode file for EmbeddedOffice.I-CUBE-FS-RTOS.1.0.1
2025-11-23 20:40:56,493 [WARN] PackLoader:240 - Cannot read IP mode file for STMicroelectronics.X-CUBE-WB05N.2.0.0
2025-11-23 20:40:56,497 [WARN] PackLoader:240 - Cannot read IP mode file for wolfSSL.I-CUBE-wolfTPM.3.8.0
2025-11-23 20:40:56,502 [WARN] PackLoader:240 - Cannot read IP mode file for STMicroelectronics.X-CUBE-TCPP.4.2.0
2025-11-23 20:40:56,507 [WARN] PackLoader:240 - Cannot read IP mode file for RealThread.X-CUBE-RT-Thread_Nano.4.1.1
2025-11-23 20:40:56,511 [WARN] PackLoader:240 - Cannot read IP mode file for STMicroelectronics.FP-ATR-SIGFOX1.3.2.0
2025-11-23 20:40:56,516 [WARN] PackLoader:240 - Cannot read IP mode file for ITTIA_DB.I-CUBE-ITTIADB.8.9.0
2025-11-23 20:40:56,534 [WARN] PackLoader:240 - Cannot read IP mode file for STMicroelectronics.X-CUBE-ST67W61.1.0.0
2025-11-23 20:40:56,539 [WARN] PackLoader:240 - Cannot read IP mode file for STMicroelectronics.X-CUBE-AI.10.2.0
2025-11-23 20:40:56,566 [WARN] PackLoader:240 - Cannot read IP mode file for SEGGER.I-CUBE-embOS.1.3.1
2025-11-23 20:40:56,638 [WARN] PackLoader:240 - Cannot read IP mode file for STMicroelectronics.X-CUBE-ALGOBUILD.1.4.0
2025-11-23 20:40:56,673 [WARN] PackLoader:240 - Cannot read IP mode file for STMicroelectronics.X-CUBE-MEMS1.11.3.0
2025-11-23 20:40:56,748 [WARN] PackLoader:240 - Cannot read IP mode file for STMicroelectronics.X-CUBE-PM33A1.1.0.0
2025-11-23 20:40:56,758 [WARN] PackLoader:240 - Cannot read IP mode file for STMicroelectronics.X-CUBE-AZRTOS-F4.1.1.0
2025-11-23 20:40:56,762 [WARN] PackLoader:240 - Cannot read IP mode file for Avnet-IotConnect.X-CUBE-IoTC-DA16k-PMOD.1.0.0
2025-11-23 20:40:56,765 [WARN] PackLoader:240 - Cannot read IP mode file for STMicroelectronics.X-CUBE-ISPU.2.1.0
2025-11-23 20:40:56,773 [WARN] PackLoader:240 - Cannot read IP mode file for STMicroelectronics.X-CUBE-IPS.3.2.0
2025-11-23 20:40:56,782 [WARN] PackLoader:240 - Cannot read IP mode file for STMicroelectronics.X-CUBE-NFC12.1.0.0
2025-11-23 20:40:56,793 [WARN] PackLoader:240 - Cannot read IP mode file for STMicroelectronics.X-CUBE-AZRTOS-L5.2.0.0
2025-11-23 20:40:56,799 [WARN] PackLoader:240 - Cannot read IP mode file for STMicroelectronics.X-CUBE-NFC6.3.1.0
2025-11-23 20:40:56,804 [WARN] PackLoader:240 - Cannot read IP mode file for STMicroelectronics.X-CUBE-FREERTOS.1.3.1
2025-11-23 20:40:56,811 [WARN] PackLoader:240 - Cannot read IP mode file for STMicroelectronics.X-CUBE-TOUCHGFX.4.26.0
2025-11-23 20:40:56,815 [WARN] PackLoader:240 - Cannot read IP mode file for STMicroelectronics.FP-SNS-STAIOTCFT.1.0.0
2025-11-23 20:40:56,819 [WARN] PackLoader:240 - Cannot read IP mode file for STMicroelectronics.X-CUBE-DPower.1.3.0
2025-11-23 20:40:56,830 [WARN] ConditionMgr:438 - getConditionDescription Invalid condition id : LAN8742 Phy interface Condition cause : null
2025-11-23 20:40:56,831 [WARN] PackLoader:240 - Cannot read IP mode file for STMicroelectronics.X-CUBE-AZRTOS-L4.2.0.0
2025-11-23 20:40:56,831 [WARN] ConditionMgr:1044 - genDependencies : Invalid condition id : LAN8742 Phy interface Condition cause : null
2025-11-23 20:40:56,831 [WARN] ConditionMgr:1044 - genDependencies : Invalid condition id : LAN8742 Phy interface Condition cause : null
2025-11-23 20:40:56,832 [WARN] ConditionMgr:1044 - genDependencies : Invalid condition id : LAN8742 Phy interface Condition cause : null
2025-11-23 20:40:56,838 [WARN] PackLoader:240 - Cannot read IP mode file for STMicroelectronics.X-CUBE-SFXS2LP1.4.0.0
2025-11-23 20:40:56,853 [WARN] PackLoader:240 - Cannot read IP mode file for STMicroelectronics.X-CUBE-BLEMGR.4.1.0
2025-11-23 20:40:56,865 [WARN] ConditionMgr:438 - getConditionDescription Invalid condition id : UX DEVICE CLASS RTOS Condition cause : null
2025-11-23 20:40:56,865 [WARN] ConditionMgr:438 - getConditionDescription Invalid condition id : UX DEVICE CLASS RTOS Condition cause : null
2025-11-23 20:40:56,866 [WARN] PackLoader:240 - Cannot read IP mode file for STMicroelectronics.X-CUBE-AZRTOS-WB.2.0.0
2025-11-23 20:40:56,866 [WARN] ConditionMgr:1044 - genDependencies : Invalid condition id : UX DEVICE CLASS RTOS Condition cause : null
2025-11-23 20:40:56,866 [WARN] ConditionMgr:1044 - genDependencies : Invalid condition id : UX DEVICE CLASS RTOS Condition cause : null
2025-11-23 20:40:56,867 [WARN] ConditionMgr:1044 - genDependencies : Invalid condition id : UX DEVICE CLASS RTOS Condition cause : null
2025-11-23 20:40:56,867 [WARN] ConditionMgr:1044 - genDependencies : Invalid condition id : UX DEVICE CLASS RTOS Condition cause : null
2025-11-23 20:40:56,867 [WARN] ConditionMgr:1044 - genDependencies : Invalid condition id : UX DEVICE CLASS RTOS Condition cause : null
2025-11-23 20:40:56,871 [WARN] PackLoader:240 - Cannot read IP mode file for STMicroelectronics.X-CUBE-GNSS1.7.0.1
2025-11-23 20:40:56,874 [WARN] PackLoader:240 - Cannot read IP mode file for STMicroelectronics.X-CUBE-TOUCHGFX.4.25.0
2025-11-23 20:40:56,878 [WARN] ConditionMgr:438 - getConditionDescription Invalid condition id : Cortex-A Device cause : null
2025-11-23 20:40:56,885 [WARN] ConditionMgr:1044 - genDependencies : Invalid condition id : Cortex-A Device cause : null
2025-11-23 20:40:56,885 [WARN] ConditionMgr:1044 - genDependencies : Invalid condition id : Cortex-A Device cause : null
2025-11-23 20:40:56,885 [WARN] ConditionMgr:1044 - genDependencies : Invalid condition id : Cortex-A Device cause : null
2025-11-23 20:40:56,892 [WARN] PackLoader:240 - Cannot read IP mode file for STMicroelectronics.X-CUBE-SUBG2.5.0.0
2025-11-23 20:40:56,904 [WARN] PackLoader:240 - Cannot read IP mode file for STMicroelectronics.X-CUBE-AZRTOS-H7RS.1.1.0
2025-11-23 20:40:56,909 [WARN] PackLoader:240 - Cannot read IP mode file for Cesanta.I-CUBE-Mongoose.7.13.0
2025-11-23 20:40:56,917 [WARN] PackLoader:240 - Cannot read IP mode file for STMicroelectronics.X-CUBE-AZRTOS-G4.2.0.0
2025-11-23 20:40:56,921 [WARN] PackLoader:240 - Cannot read IP mode file for wolfSSL.I-CUBE-wolfSSH.1.4.20
2025-11-23 20:40:56,925 [WARN] PackLoader:240 - Cannot read IP mode file for STMicroelectronics.X-CUBE-NFC7.2.0.0
2025-11-23 20:40:56,933 [WARN] PackLoader:240 - Cannot read IP mode file for STMicroelectronics.X-CUBE-IPS.3.1.0
2025-11-23 20:40:56,940 [WARN] PackLoader:240 - Cannot read IP mode file for STMicroelectronics.X-CUBE-ALS.1.0.2
2025-11-23 20:40:56,945 [WARN] PackLoader:240 - Cannot read IP mode file for STMicroelectronics.X-CUBE-STSE01.1.0.0
2025-11-23 20:40:56,953 [WARN] PackLoader:240 - Cannot read IP mode file for STMicroelectronics.X-CUBE-TOF1.3.4.3
2025-11-23 20:40:56,960 [INFO] ThirdParty:978 - Integrity check success = true
2025-11-23 20:40:56,960 [INFO] IntegrityCheckThread:100 - exiting critical section [integrity check]
2025-11-23 20:40:56,960 [INFO] IntegrityCheckThread:103 - End integrity checks thread
2025-11-23 20:40:56,960 [INFO] ThirdParty:873 - entering critical section [close project]
2025-11-23 20:40:56,962 [INFO] ThirdParty:883 - exiting critical section [close project]
2025-11-23 20:40:56,968 [INFO] PinOutPanel:1589 - setPackage(No Configuration,No Configuration)
2025-11-23 20:40:56,969 [INFO] UtilMem:75 - Begin LoadConfig() Used Memory: 239211232 Bytes (329252864)
2025-11-23 20:40:56,971 [INFO] MicroXplorer:468 - Change Database Path : 
2025-11-23 20:40:56,971 [INFO] MicroXplorer:498 - Change Database Version : DB.6.0.150
2025-11-23 20:40:56,971 [INFO] OpenFileManager:355 - Change cursor
2025-11-23 20:40:57,044 [INFO] Mcu:2029 - Initializing MCU STM32L476R(C-E-G)Tx STM32L476RGTx STM32L476RGT3
2025-11-23 20:40:57,464 [INFO] WebApp:225 - Starting web application
2025-11-23 20:40:57,464 [INFO] WebApp:593 - Web application path used C:\ST\STM32CubeIDE_1.19.0\STM32CubeIDE\plugins\com.st.stm32cube.common.mx_6.15.0.202507011659\db\plugins\mcufinder\reactClient1\index.html
2025-11-23 20:40:59,244 [INFO] Context:786 - Trying to add GPIOservice into a context  which must be forbidden
2025-11-23 20:40:59,786 [INFO] ImportTextPane:234 - (OptionalMessage_ERROR) Pin10 (VP_RIF_VS_RIF1) cannot be retrieved for this MCU
2025-11-23 20:40:59,946 [INFO] RtosManager:558 - Registered RTOS mode: class=CMSIS, group=RTOS, mode=CMSIS_V1, owner=FREERTOS
2025-11-23 20:40:59,946 [INFO] RtosManager:558 - Registered RTOS mode: class=CMSIS, group=RTOS2, mode=CMSIS_V2, owner=FREERTOS
2025-11-23 20:40:59,946 [INFO] RtosManager:558 - Registered RTOS mode: class=RTOS, group=Core, mode=CMSIS_V1, owner=FREERTOS
2025-11-23 20:40:59,946 [INFO] RtosManager:558 - Registered RTOS mode: class=RTOS, group=Core, mode=CMSIS_V2, owner=FREERTOS
2025-11-23 20:40:59,946 [WARN] ModelIntegratedComponent:184 - Missing modes for component STMicroelectronics:FreeRTOS:0.0.1:STMicroelectronics:RTOS:FreeRTOS:Core:::10.2.0:
2025-11-23 20:40:59,964 [WARN] ModelIntegratedComponent:63 - No mode defined for component null
2025-11-23 20:40:59,964 [WARN] ModelIntegratedComponent:63 - No mode defined for component null
2025-11-23 20:40:59,964 [WARN] ModelIntegratedComponent:63 - No mode defined for component null
2025-11-23 20:40:59,964 [WARN] ModelIntegratedComponent:63 - No mode defined for component null
2025-11-23 20:40:59,965 [WARN] ModelIntegratedComponent:63 - No mode defined for component null
2025-11-23 20:40:59,965 [WARN] ModelIntegratedComponent:63 - No mode defined for component null
2025-11-23 20:40:59,965 [WARN] ModelIntegratedComponent:63 - No mode defined for component null
2025-11-23 20:40:59,965 [WARN] ModelIntegratedComponent:63 - No mode defined for component null
2025-11-23 20:40:59,965 [WARN] ModelIntegratedComponent:63 - No mode defined for component null
2025-11-23 20:40:59,965 [WARN] ModelIntegratedComponent:63 - No mode defined for component null
2025-11-23 20:40:59,965 [WARN] ModelIntegratedComponent:63 - No mode defined for component null
2025-11-23 20:40:59,965 [WARN] ModelIntegratedComponent:63 - No mode defined for component null
2025-11-23 20:40:59,965 [WARN] ModelIntegratedComponent:63 - No mode defined for component null
2025-11-23 20:40:59,965 [WARN] ModelIntegratedComponent:63 - No mode defined for component null
2025-11-23 20:40:59,965 [WARN] ModelIntegratedComponent:63 - No mode defined for component null
2025-11-23 20:40:59,965 [WARN] ModelIntegratedComponent:63 - No mode defined for component null
2025-11-23 20:40:59,965 [WARN] ModelIntegratedComponent:63 - No mode defined for component null
2025-11-23 20:40:59,965 [WARN] ModelIntegratedComponent:63 - No mode defined for component null
2025-11-23 20:40:59,965 [WARN] ModelIntegratedComponent:63 - No mode defined for component null
2025-11-23 20:40:59,965 [WARN] ModelIntegratedComponent:63 - No mode defined for component null
2025-11-23 20:40:59,965 [WARN] ModelIntegratedComponent:63 - No mode defined for component null
2025-11-23 20:40:59,965 [WARN] ModelIntegratedComponent:63 - No mode defined for component null
2025-11-23 20:40:59,965 [WARN] ModelIntegratedComponent:63 - No mode defined for component null
2025-11-23 20:40:59,965 [WARN] ModelIntegratedComponent:63 - No mode defined for component null
2025-11-23 20:40:59,965 [WARN] ModelIntegratedComponent:63 - No mode defined for component null
2025-11-23 20:40:59,966 [WARN] ModelIntegratedComponent:63 - No mode defined for component null
2025-11-23 20:40:59,966 [WARN] ModelIntegratedComponent:63 - No mode defined for component null
2025-11-23 20:40:59,966 [WARN] ModelIntegratedComponent:63 - No mode defined for component null
2025-11-23 20:40:59,966 [WARN] ModelIntegratedComponent:63 - No mode defined for component null
2025-11-23 20:40:59,966 [WARN] ModelIntegratedComponent:63 - No mode defined for component null
2025-11-23 20:40:59,966 [WARN] ModelIntegratedComponent:63 - No mode defined for component null
2025-11-23 20:40:59,966 [WARN] ModelIntegratedComponent:63 - No mode defined for component null
2025-11-23 20:40:59,966 [WARN] ModelIntegratedComponent:63 - No mode defined for component null
2025-11-23 20:40:59,966 [WARN] ModelIntegratedComponent:63 - No mode defined for component null
2025-11-23 20:40:59,966 [WARN] ModelIntegratedComponent:63 - No mode defined for component null
2025-11-23 20:40:59,966 [WARN] ModelPack:524 - Component already loaded: STMicroelectronics:HAL Drivers:0.0.0:STMicroelectronics:Device:STMicro_Driver:XSPI:HAL::0.0.1:HAL_XSPI
2025-11-23 20:41:00,097 [INFO] ThirdPartyModel:298 - Start build external matchings
2025-11-23 20:41:00,588 [INFO] ThirdPartyModel:316 - End build external matchings
2025-11-23 20:41:00,978 [INFO] ApiDb:581 - Connected to CubeFinder SQLite database (C:\Users\user\.stmcufinder\plugins\mcufinder\mcu\cube-finder-db.db)
2025-11-23 20:41:01,083 [INFO] ApiDb:668 - CubeFinder database Data Model version=2.1
2025-11-23 20:41:01,083 [INFO] ApiDb:669 - CubeFinder database Configuration version=3.0.39
2025-11-23 20:41:01,083 [INFO] ApiDb:670 - CubeFinder database generation date=2025-11-05 (1762334721)
2025-11-23 20:41:01,083 [INFO] ApiDb:671 - CubeFinder database FW Pack versions=[FP-ATR-ASTRA1_V2.0.0, FP-SNS-FLIGHT1_V5.1.0, FP-SNS-MOTENV1_V5.1.0, FP-SNS-MOTENVWB1_V1.4.0, FP-SNS-SMARTAG2_V1.2.0, FP-SNS-STBOX1_V2.1.0, STM32Cube_FW_C0_V1.4.0, STM32Cube_FW_F4_V1.28.3, STM32Cube_FW_F7_V1.17.4, STM32Cube_FW_G0_V1.6.2, STM32Cube_FW_G4_V1.6.1, STM32Cube_FW_H5_V1.5.1, STM32Cube_FW_H7RS_V1.3.0, STM32Cube_FW_H7_V1.12.1, STM32Cube_FW_L0_V1.12.2, STM32Cube_FW_L4_V1.18.1, STM32Cube_FW_L5_V1.6.0, STM32Cube_FW_N6_V1.3.0, STM32Cube_FW_U0_V1.3.0, STM32Cube_FW_U3_V1.2.1, STM32Cube_FW_U5_V1.8.0, STM32Cube_FW_WB0_V1.4.0, STM32Cube_FW_WBA_V1.8.0, STM32Cube_FW_WB_V1.24.0, STM32Cube_FW_WL3_V1.3.0, STM32Cube_FW_WL_V1.4.0, X-CUBE-ALGOBUILD_V1.4.0, X-CUBE-ALS_V1.0.2, X-CUBE-AZRTOS-F4_V1.1.0, X-CUBE-AZRTOS-F7_V1.1.0, X-CUBE-AZRTOS-G0_V1.1.0, X-CUBE-AZRTOS-G4_V2.0.0, X-CUBE-AZRTOS-H7RS_V1.1.0, X-CUBE-AZRTOS-H7_V3.4.0, X-CUBE-AZRTOS-L4_V2.0.0, X-CUBE-AZRTOS-L5_V2.0.0, X-CUBE-AZRTOS-WB_V2.0.0, X-CUBE-AZRTOS-WL_V2.0.0, X-CUBE-BLE1_V7.1.0, X-CUBE-BLE2_V3.3.0, X-CUBE-BLEMGR_V4.1.0, X-CUBE-EEPRMA1_V5.2.0, X-CUBE-FREERTOS_V1.3.1, X-CUBE-GNSS1_V6.0.0, X-CUBE-MEMS1_V11.3.0, X-CUBE-NFC4_V3.0.0, X-CUBE-NFC7_V2.0.0, X-CUBE-SFXS2LP1_V4.0.0, X-CUBE-ST67W61_V1.1.0, X-CUBE-SUBG2_V5.0.0, X-CUBE-TOF1_V3.4.3]
2025-11-23 20:41:01,238 [INFO] DbBoardsSqlite:226 - include board P-NUCLEO-WB55-NUCLEO as a kit item of type 'Nucleo-64'
2025-11-23 20:41:01,238 [INFO] DbBoardsSqlite:226 - include board P-NUCLEO-WB55-USBDONGLE as a kit item of type 'Nucleo USB Dongle'
2025-11-23 20:41:01,240 [INFO] DbBoardsSqlite:226 - include board STEVAL-IDP005V1 as a kit item of type 'Evaluation Board'
2025-11-23 20:41:01,240 [INFO] DbBoardsSqlite:226 - include board STEVAL-IDP005V2 as a kit item of type 'Evaluation Board'
2025-11-23 20:41:02,294 [INFO] ApiDb:240 - Found 880 in-development CPN: [B-G473E-ZEST1S, B-WB1M-WPAN1, B-WBA5M-WPAN, B-WL5M-SUBG1, NUCLEO-C031C6, NUCLEO-C051C8, NUCLEO-C071RB, NUCLEO-C092RC, NUCLEO-H503RB, NUCLEO-H533RE, NUCLEO-H563ZI, NUCLEO-H7S3L8, NUCLEO-N657X0-Q, NUCLEO-U031R8, NUCLEO-U083RC, NUCLEO-U385RG-Q, NUCLEO-U545RE-Q, NUCLEO-U5A5ZJ-Q, NUCLEO-WB05KZ, NUCLEO-WB07CC, NUCLEO-WB09KE, NUCLEO-WBA52CG, NUCLEO-WBA55CG, NUCLEO-WL33CC1, NUCLEO-WL33CC2, STEVAL-PROTEUS1, STEVAL-SMARTAG2, STEVAL-STWINBX1, STM320518-EVAL, STM32C0116-DK, STM32C011D6Y3TR, STM32C011D6Y6TR, STM32C011F4P3, STM32C011F4P6, STM32C011F4U3, STM32C011F4U6TR, STM32C011F6P3, STM32C011F6P6, STM32C011F6U3, STM32C011F6U6TR, STM32C011J4M3, STM32C011J4M6, STM32C011J6M3, STM32C011J6M6, STM32C0316-DK, STM32C031C4T3, STM32C031C4T6, STM32C031C4U3, STM32C031C4U6, STM32C031C6T3, STM32C031C6T6, STM32C031C6U3, STM32C031C6U6, STM32C031F4P3, STM32C031F4P6, STM32C031F6P3, STM32C031F6P6, STM32C031G4U3, STM32C031G4U6, STM32C031G6U3, STM32C031G6U6, STM32C031K4T3, STM32C031K4T6, STM32C031K4U3, STM32C031K4U6, STM32C031K6T3, STM32C031K6T6, STM32C031K6U3, STM32C031K6U6, STM32C051C6T6, STM32C051C6U6, STM32C051C8T6, STM32C051C8U6, STM32C051D8Y6TR, STM32C051F6P6, STM32C051F8P6, STM32C051G6U6, STM32C051G8U6, STM32C051K6T6, STM32C051K6U6, STM32C051K8T6, STM32C071C8T6, STM32C071C8T6N, STM32C071C8U6, STM32C071C8U6N, STM32C071CBT6, STM32C071CBT6N, STM32C071CBU6, STM32C071CBU6N, STM32C071F8P6, STM32C071F8P6N, STM32C071FBP6, STM32C071FBP6N, STM32C071FBY6TR, STM32C071G8U6, STM32C071G8U6N, STM32C071GBU6, STM32C071GBU6N, STM32C071K8T6, STM32C071K8T6N, STM32C071K8U6, STM32C071K8U6N, STM32C071KBT6, STM32C071KBT6N, STM32C071KBU6, STM32C071KBU6N, STM32C071R8T6, STM32C071R8T6N, STM32C071RBI6N, STM32C071RBT6, STM32C071RBT6N, STM32C091CBT6, STM32C091CBU6, STM32C091CCT6, STM32C091CCU6, STM32C091ECY6TR, STM32C091FBP6, STM32C091FCP6, STM32C091GBU6, STM32C091GCU6, STM32C091KBT6, STM32C091KBU6, STM32C091KCT6, STM32C091KCU6, STM32C091RBT6, STM32C091RCI6, STM32C091RCT6, STM32C092CBT6, STM32C092CBU6, STM32C092CCT6, STM32C092CCU6, STM32C092ECY6TR, STM32C092FBP6, STM32C092FCP6, STM32C092GBU6, STM32C092GCU6, STM32C092KBT6, STM32C092KBU6, STM32C092KCT6, STM32C092KCU6, STM32C092RBT6, STM32C092RCI6, STM32C092RCT6, STM32G071K8TXN, STM32G071K8UXN, STM32G081GBU6N, STM32G081KBT6N, STM32G081KBUXN, STM32G0B1CCT6N, STM32G0B1KCT6, STM32G0B1NEY6TR, STM32G0B1RCT6N, STM32G0C1CCT6, STM32G0C1CCT6N, STM32G0C1CCU6N, STM32G0C1CET6N, STM32G0C1CEU6N, STM32G0C1KCT6, STM32G0C1NEY6TR, STM32G0C1RCI6N, STM32G0C1RCT6N, STM32G0C1REI6N, STM32G0C1RET6N, STM32G0C1VCI6, STM32G0C1VEI6, STM32G411C6T3, STM32G411C6T6, STM32G411C6U3, STM32G411C6U6, STM32G411C8T3, STM32G411C8T6, STM32G411C8U3, STM32G411C8U6, STM32G411CBT3, STM32G411CBT6, STM32G411CBU3, STM32G411CBU6, STM32G411K6T3, STM32G411K6T6, STM32G411K6U3, STM32G411K6U6, STM32G411K8T3, STM32G411K8T6, STM32G411K8U3, STM32G411K8U6, STM32G411KBT3, STM32G411KBT6, STM32G411KBU3, STM32G411KBU6, STM32G411M6T3, STM32G411M6T6, STM32G411M8T3, STM32G411M8T6, STM32G411MBT3, STM32G411MBT6, STM32G411R6T3, STM32G411R6T6, STM32G411R8T3, STM32G411R8T6, STM32G411RBT3, STM32G411RBT6, STM32G414CBT3, STM32G414CBT6, STM32G414CBU3, STM32G414CBU6, STM32G414CCT3, STM32G414CCT6, STM32G414CCU3, STM32G414CCU6, STM32G414MBT3, STM32G414MBT6, STM32G414MCT3, STM32G414MCT6, STM32G414RBT3, STM32G414RBT6, STM32G414RCT3, STM32G414RCT6, STM32G414VBT3, STM32G414VBT6, STM32G414VCT3, STM32G414VCT6, STM32G431CBT3Z, STM32G431RBT3Z, STM32G471CCT6, STM32G471CCU6, STM32G471CET3, STM32G471CET6, STM32G471CEU3, STM32G471CEU6, STM32G471MCT6, STM32G471MET3, STM32G471MET6, STM32G471MEY6TR, STM32G471QCT6, STM32G471QET3, STM32G471RCT6, STM32G471RET3, STM32G471RET6, STM32G471VCH6, STM32G471VCI6, STM32G471VCT6, STM32G471VEH3, STM32G471VEH6, STM32G471VEI3, STM32G471VEI6, STM32G471VET3, STM32G471VET6, STM32G473QET3Z, STM32G473RET3Z, STM32G474CCT6, STM32G491RET3Z, STM32H503CBT6, STM32H503CBU6, STM32H503EBY6TR, STM32H503KBU6, STM32H503RBT6, STM32H523CCT6, STM32H523CCU6, STM32H523CET6, STM32H523CEU6, STM32H523HEY6TR, STM32H523RCT6, STM32H523RET6, STM32H523VCI6, STM32H523VCT6, STM32H523VEI6, STM32H523VET6, STM32H523ZCJ6, STM32H523ZCT6, STM32H523ZEJ6, STM32H523ZET6, STM32H533CET6, STM32H533CEU6, STM32H533HEY6TR, STM32H533RET6, STM32H533VEI6, STM32H533VET6, STM32H533ZEJ6, STM32H533ZET6, STM32H562AGI6, STM32H562AII6, STM32H562IGK6, STM32H562IGT6, STM32H562IIK6, STM32H562IIT6, STM32H562RGT6, STM32H562RGV6, STM32H562RIT6, STM32H562RIV6, STM32H562VGT6, STM32H562VIT6, STM32H562ZGT6, STM32H562ZIT6, STM32H563AGI6, STM32H563AII3Q, STM32H563AII6, STM32H563IGK6, STM32H563IGT6, STM32H563IIK3Q, STM32H563IIK6, STM32H563IIT3Q, STM32H563IIT6, STM32H563MIY3QTR, STM32H563RGT6, STM32H563RGV6, STM32H563RIT6, STM32H563RIV6, STM32H563VGT6, STM32H563VIT3Q, STM32H563VIT6, STM32H563ZGT6, STM32H563ZIT3Q, STM32H563ZIT6, STM32H573AII3Q, STM32H573AII6, STM32H573I-DK, STM32H573IIK3Q, STM32H573IIK6, STM32H573IIT3Q, STM32H573IIT6, STM32H573MIY3QTR, STM32H573RIT6, STM32H573RIV6, STM32H573VIT3Q, STM32H573VIT6, STM32H573ZIT3Q, STM32H573ZIT6, STM32H7R3A8I6, STM32H7R3I8K6, STM32H7R3I8T6, STM32H7R3L8H6, STM32H7R3L8H6H, STM32H7R3R8V6, STM32H7R3V8H6, STM32H7R3V8T6, STM32H7R3V8Y6TR, STM32H7R3Z8J6, STM32H7R3Z8T6, STM32H7R7A8I6, STM32H7R7I8K6, STM32H7R7I8T6, STM32H7R7L8H6, STM32H7R7L8H6H, STM32H7R7Z8J6, STM32H7S3A8I6, STM32H7S3I8K6, STM32H7S3I8T6, STM32H7S3L8H6, STM32H7S3L8H6H, STM32H7S3R8V6, STM32H7S3V8H6, STM32H7S3V8T6, STM32H7S3V8Y6TR, STM32H7S3Z8J6, STM32H7S3Z8T6, STM32H7S78-DK, STM32H7S7A8I6, STM32H7S7I8K6, STM32H7S7I8T6, STM32H7S7L8H6, STM32H7S7L8H6H, STM32H7S7Z8J6, STM32L4R5QGI6STR, STM32MP131AAE3, STM32MP131AAF3, STM32MP131AAG3, STM32MP131CAE3, STM32MP131CAF3, STM32MP131CAG3, STM32MP131DAE7, STM32MP131DAF7, STM32MP131DAG7, STM32MP131FAE7, STM32MP131FAF7, STM32MP131FAG7, STM32MP133AAE3, STM32MP133AAF3, STM32MP133AAG3, STM32MP133CAE3, STM32MP133CAF3, STM32MP133CAG3, STM32MP133DAE7, STM32MP133DAF7, STM32MP133DAG7, STM32MP133FAE7, STM32MP133FAF7, STM32MP133FAG7, STM32MP135AAE3, STM32MP135AAF3, STM32MP135AAG3, STM32MP135CAE3, STM32MP135CAF3, STM32MP135CAG3, STM32MP135DAE7, STM32MP135DAF7, STM32MP135DAG7, STM32MP135F-DK, STM32MP135FAE7, STM32MP135FAF7, STM32MP135FAF7T, STM32MP135FAF7U, STM32MP135FAG7, STM32MP211AAL3, STM32MP211AAM3, STM32MP211AAN3, STM32MP211AAO3, STM32MP211CAL3, STM32MP211CAM3, STM32MP211CAN3, STM32MP211CAO3, STM32MP211DAL3, STM32MP211DAM3, STM32MP211DAN3, STM32MP211DAO3, STM32MP211FAL3, STM32MP211FAM3, STM32MP211FAN3, STM32MP211FAO3, STM32MP213AAL3, STM32MP213AAM3, STM32MP213AAN3, STM32MP213AAO3, STM32MP213CAL3, STM32MP213CAM3, STM32MP213CAN3, STM32MP213CAO3, STM32MP213DAL3, STM32MP213DAM3, STM32MP213DAN3, STM32MP213DAO3, STM32MP213FAL3, STM32MP213FAM3, STM32MP213FAN3, STM32MP213FAO3, STM32MP215AAL3, STM32MP215AAM3, STM32MP215AAN3, STM32MP215AAO3, STM32MP215CAL3, STM32MP215CAM3, STM32MP215CAN3, STM32MP215CAO3, STM32MP215DAL3, STM32MP215DAM3, STM32MP215DAN3, STM32MP215DAO3, STM32MP215F-DK, STM32MP215FAL3, STM32MP215FAM3, STM32MP215FAN3, STM32MP215FAO3, STM32MP231AAJ3, STM32MP231AAK3, STM32MP231AAL3, STM32MP231CAJ3, STM32MP231CAK3, STM32MP231CAL3, STM32MP231DAJ3, STM32MP231DAK3, STM32MP231DAL3, STM32MP231FAJ3, STM32MP231FAK3, STM32MP231FAL3, STM32MP233AAJ3, STM32MP233AAK3, STM32MP233AAL3, STM32MP233CAJ3, STM32MP233CAK3, STM32MP233CAL3, STM32MP233DAJ3, STM32MP233DAK3, STM32MP233DAL3, STM32MP233FAJ3, STM32MP233FAK3, STM32MP233FAL3, STM32MP235AAJ3, STM32MP235AAK3, STM32MP235AAL3, STM32MP235CAJ3, STM32MP235CAK3, STM32MP235CAL3, STM32MP235DAJ3, STM32MP235DAK3, STM32MP235DAL3, STM32MP235FAJ3, STM32MP235FAK3, STM32MP235FAL3, STM32MP251AAI3, STM32MP251AAK3, STM32MP251AAL3, STM32MP251CAI3, STM32MP251CAK3, STM32MP251CAL3, STM32MP251DAI3, STM32MP251DAK3, STM32MP251DAL3, STM32MP251FAI3, STM32MP251FAK3, STM32MP251FAL3, STM32MP253AAI3, STM32MP253AAK3, STM32MP253AAL3, STM32MP253CAI3, STM32MP253CAK3, STM32MP253CAL3, STM32MP253DAI3, STM32MP253DAK3, STM32MP253DAL3, STM32MP253FAI3, STM32MP253FAK3, STM32MP253FAL3, STM32MP255AAI3, STM32MP255AAK3, STM32MP255AAL3, STM32MP255CAI3, STM32MP255CAK3, STM32MP255CAL3, STM32MP255DAI3, STM32MP255DAK3, STM32MP255DAL3, STM32MP255FAI3, STM32MP255FAK3, STM32MP255FAL3, STM32MP257AAI3, STM32MP257AAK3, STM32MP257AAL3, STM32MP257CAI3, STM32MP257CAK3, STM32MP257CAL3, STM32MP257DAI3, STM32MP257DAK3, STM32MP257DAL3, STM32MP257F-DK, STM32MP257F-EV1, STM32MP257FAI3, STM32MP257FAK3, STM32MP257FAL3, STM32N645A0H3Q, STM32N645B0H3Q, STM32N645I0H3Q, STM32N645L0H3Q, STM32N645X0H3Q, STM32N645Z0H3Q, STM32N647A0H3Q, STM32N647B0H3Q, STM32N647I0H3Q, STM32N647L0H3Q, STM32N647X0H3Q, STM32N647Z0H3Q, STM32N655A0H3Q, STM32N655B0H3Q, STM32N655I0H3Q, STM32N655L0H3Q, STM32N655X0H3Q, STM32N655Z0H3Q, STM32N6570-DK, STM32N657A0H3Q, STM32N657B0H3Q, STM32N657I0H3Q, STM32N657L0H3Q, STM32N657X0H3Q, STM32N657Z0H3Q, STM32U031C6T6, STM32U031C6U6, STM32U031C8T6, STM32U031C8U6, STM32U031F4P6, STM32U031F6P6, STM32U031F8P6, STM32U031G6Y6TR, STM32U031G8Y6TR, STM32U031K4U6, STM32U031K6U6, STM32U031K8U6, STM32U031R6I6, STM32U031R6T6, STM32U031R8I6, STM32U031R8T6, STM32U073C8T6, STM32U073C8U6, STM32U073CBT6, STM32U073CBU6, STM32U073CCT6, STM32U073CCU6, STM32U073H8Y6TR, STM32U073HBY6TR, STM32U073HCY6TR, STM32U073K8U6, STM32U073KBU6, STM32U073KCU6, STM32U073M8I6, STM32U073M8T6, STM32U073MBI6, STM32U073MBT6, STM32U073MCI6, STM32U073MCT6, STM32U073R8I6, STM32U073R8T6, STM32U073RBI6, STM32U073RBT6, STM32U073RCI6, STM32U073RCT6, STM32U083C-DK, STM32U083CCT6, STM32U083CCU6, STM32U083HCY6TR, STM32U083KCU6, STM32U083MCI6, STM32U083MCT6, STM32U083RCI6, STM32U083RCT6, STM32U375CET6, STM32U375CET6Q, STM32U375CEU6, STM32U375CEU6Q, STM32U375CEY6QTR, STM32U375CGT6, STM32U375CGT6Q, STM32U375CGU6, STM32U375CGU6Q, STM32U375CGY6QTR, STM32U375KEU6, STM32U375KGU6, STM32U375REI6, STM32U375REI6Q, STM32U375RET6, STM32U375RET6Q, STM32U375REY6GTR, STM32U375REY6QTR, STM32U375RGI6, STM32U375RGI6Q, STM32U375RGT6, STM32U375RGT6Q, STM32U375RGY6GTR, STM32U375RGY6QTR, STM32U375VEI6, STM32U375VEI6Q, STM32U375VET6, STM32U375VET6Q, STM32U375VGI6, STM32U375VGI6Q, STM32U375VGT6, STM32U375VGT6Q, STM32U385CGT6, STM32U385CGT6Q, STM32U385CGU6, STM32U385CGU6Q, STM32U385CGY6QTR, STM32U385KGU6, STM32U385RGI6, STM32U385RGI6Q, STM32U385RGT6, STM32U385RGT6Q, STM32U385RGY6GTR, STM32U385RGY6QTR, STM32U385VGI6, STM32U385VGI6Q, STM32U385VGT6, STM32U385VGT6Q, STM32U535CBT6, STM32U535CBT6Q, STM32U535CBU6, STM32U535CBU6Q, STM32U535CCT6, STM32U535CCT6Q, STM32U535CCU6, STM32U535CCU6Q, STM32U535CET6, STM32U535CET6Q, STM32U535CEU6, STM32U535CEU6Q, STM32U535JEY6QTR, STM32U535NCY6QTR, STM32U535NEY6QTR, STM32U535RBI6, STM32U535RBI6Q, STM32U535RBT6, STM32U535RBT6Q, STM32U535RCI6, STM32U535RCI6Q, STM32U535RCT6, STM32U535RCT6Q, STM32U535REI6, STM32U535REI6Q, STM32U535RET6, STM32U535RET6Q, STM32U535VCI6, STM32U535VCI6Q, STM32U535VCT6, STM32U535VCT6Q, STM32U535VEI6, STM32U535VEI6Q, STM32U535VET6, STM32U535VET6Q, STM32U545CET6, STM32U545CET6Q, STM32U545CEU6, STM32U545CEU6Q, STM32U545JEY6QTR, STM32U545NEY6QTR, STM32U545REI6, STM32U545REI6Q, STM32U545RET6, STM32U545RET6Q, STM32U545VEI6, STM32U545VEI6Q, STM32U545VET6, STM32U545VET6Q, STM32U595AIH6, STM32U595AIH6Q, STM32U595AJH6, STM32U595AJH6Q, STM32U595QII6, STM32U595QII6Q, STM32U595QJI6, STM32U595QJI6Q, STM32U595RIT6, STM32U595RIT6Q, STM32U595RJT6, STM32U595RJT6Q, STM32U595VIT6, STM32U595VIT6Q, STM32U595VJT6, STM32U595VJT6Q, STM32U595ZIT6, STM32U595ZIT6Q, STM32U595ZIY6QTR, STM32U595ZJT6, STM32U595ZJT6Q, STM32U595ZJY6QTR, STM32U599BJY6QTR, STM32U599NIH6Q, STM32U599NJH6Q, STM32U599VIT6Q, STM32U599VJT6, STM32U599VJT6Q, STM32U599ZIT6Q, STM32U599ZIY6QTR, STM32U599ZJT6Q, STM32U599ZJY6QTR, STM32U5A5AJH6, STM32U5A5AJH6Q, STM32U5A5QII3Q , STM32U5A5QJI6, STM32U5A5QJI6Q, STM32U5A5RJT6, STM32U5A5RJT6Q, STM32U5A5VJT6, STM32U5A5VJT6Q, STM32U5A5ZJT6, STM32U5A5ZJT6Q, STM32U5A5ZJY6QTR, STM32U5A9BJY6QTR, STM32U5A9J-DK, STM32U5A9NJH6Q, STM32U5A9VJT6Q, STM32U5A9ZJT6Q, STM32U5A9ZJY6QTR, STM32U5F7VIT6, STM32U5F7VIT6Q, STM32U5F7VJT6, STM32U5F7VJT6Q, STM32U5F9BJY6QTR, STM32U5F9NJH6Q, STM32U5F9VIT6Q, STM32U5F9VJT6Q, STM32U5F9ZIJ6QTR, STM32U5F9ZIT6Q, STM32U5F9ZJJ6QTR, STM32U5F9ZJT6Q, STM32U5G7VJT6, STM32U5G7VJT6Q, STM32U5G9BJY6QTR, STM32U5G9J-DK1, STM32U5G9J-DK2, STM32U5G9NJH6Q, STM32U5G9VJT6Q, STM32U5G9ZJJ6QTR, STM32U5G9ZJT6Q, STM32WB05KZV6TR, STM32WB05KZV7TR, STM32WB05TZF6TR, STM32WB05TZF7TR, STM32WB06CCF6TR, STM32WB06CCF7TR, STM32WB06CCV6TR, STM32WB06CCV7TR, STM32WB06KCV6TR, STM32WB06KCV7TR, STM32WB07CCF6TR, STM32WB07CCF7TR, STM32WB07CCV6TR, STM32WB07CCV7TR, STM32WB07KCV6TR, STM32WB07KCV7TR, STM32WB09KEV6TR, STM32WB09KEV7TR, STM32WB09TEF6TR, STM32WB09TEF7TR, STM32WB1MMCH6, STM32WBA50KGU6, STM32WBA50KGU6TR, STM32WBA52CEU6, STM32WBA52CEU6TR, STM32WBA52CEU7, STM32WBA52CEU7TR, STM32WBA52CGU6, STM32WBA52CGU6TR, STM32WBA52CGU6U, STM32WBA52CGU7, STM32WBA52CGU7TR, STM32WBA52KEU6, STM32WBA52KEU6TR, STM32WBA52KGU6, STM32WBA52KGU6TR, STM32WBA54CEU6, STM32WBA54CEU6TR, STM32WBA54CEU7, STM32WBA54CEU7TR, STM32WBA54CGU6, STM32WBA54CGU6TR, STM32WBA54CGU7, STM32WBA54CGU7TR, STM32WBA54KEU6, STM32WBA54KEU6TR, STM32WBA54KEU7, STM32WBA54KEU7TR, STM32WBA54KGU6, STM32WBA54KGU6TR, STM32WBA54KGU7, STM32WBA54KGU7TR, STM32WBA55CEU6, STM32WBA55CEU6TR, STM32WBA55CEU7, STM32WBA55CEU7TR, STM32WBA55CGU6, STM32WBA55CGU6TR, STM32WBA55CGU6U, STM32WBA55CGU7, STM32WBA55CGU7TR, STM32WBA55G-DK1, STM32WBA55HEF6, STM32WBA55HEF7, STM32WBA55HGF6, STM32WBA55HGF7, STM32WBA55UEI6, STM32WBA55UEI6TR, STM32WBA55UEI7, STM32WBA55UEI7TR, STM32WBA55UGI6, STM32WBA55UGI6TR, STM32WBA55UGI7, STM32WBA55UGI7TR, STM32WBA5MMGH6TR, STM32WBA62MGF6, STM32WBA62MIF6, STM32WBA65MGF7, STM32WBA65MIF6, STM32WBA65MIF7, STM32WL30K8V6, STM32WL30KBV6, STM32WL31C8V6, STM32WL31CBV6, STM32WL31K8V6, STM32WL31KBV6, STM32WL33C8V6, STM32WL33C8V6X, STM32WL33CBV6, STM32WL33CBV6X, STM32WL33CCV6, STM32WL33CCV6A, STM32WL33CCV6X, STM32WL33K8V7, STM32WL33K8V7X, STM32WL33KBV7 , STM32WL33KBV7X, STM32WL33KCV7, STM32WL33KCV7X, STM32WL5MOCH6, STM32WL5MOCH6TR]
2025-11-23 20:41:02,297 [INFO] ApiDb:668 - CubeFinder database Data Model version=2.1
2025-11-23 20:41:02,298 [INFO] ApiDb:669 - CubeFinder database Configuration version=3.0.39
2025-11-23 20:41:02,298 [INFO] ApiDb:670 - CubeFinder database generation date=2025-11-05 (1762334721)
2025-11-23 20:41:02,298 [INFO] ApiDb:671 - CubeFinder database FW Pack versions=[FP-ATR-ASTRA1_V2.0.0, FP-SNS-FLIGHT1_V5.1.0, FP-SNS-MOTENV1_V5.1.0, FP-SNS-MOTENVWB1_V1.4.0, FP-SNS-SMARTAG2_V1.2.0, FP-SNS-STBOX1_V2.1.0, STM32Cube_FW_C0_V1.4.0, STM32Cube_FW_F4_V1.28.3, STM32Cube_FW_F7_V1.17.4, STM32Cube_FW_G0_V1.6.2, STM32Cube_FW_G4_V1.6.1, STM32Cube_FW_H5_V1.5.1, STM32Cube_FW_H7RS_V1.3.0, STM32Cube_FW_H7_V1.12.1, STM32Cube_FW_L0_V1.12.2, STM32Cube_FW_L4_V1.18.1, STM32Cube_FW_L5_V1.6.0, STM32Cube_FW_N6_V1.3.0, STM32Cube_FW_U0_V1.3.0, STM32Cube_FW_U3_V1.2.1, STM32Cube_FW_U5_V1.8.0, STM32Cube_FW_WB0_V1.4.0, STM32Cube_FW_WBA_V1.8.0, STM32Cube_FW_WB_V1.24.0, STM32Cube_FW_WL3_V1.3.0, STM32Cube_FW_WL_V1.4.0, X-CUBE-ALGOBUILD_V1.4.0, X-CUBE-ALS_V1.0.2, X-CUBE-AZRTOS-F4_V1.1.0, X-CUBE-AZRTOS-F7_V1.1.0, X-CUBE-AZRTOS-G0_V1.1.0, X-CUBE-AZRTOS-G4_V2.0.0, X-CUBE-AZRTOS-H7RS_V1.1.0, X-CUBE-AZRTOS-H7_V3.4.0, X-CUBE-AZRTOS-L4_V2.0.0, X-CUBE-AZRTOS-L5_V2.0.0, X-CUBE-AZRTOS-WB_V2.0.0, X-CUBE-AZRTOS-WL_V2.0.0, X-CUBE-BLE1_V7.1.0, X-CUBE-BLE2_V3.3.0, X-CUBE-BLEMGR_V4.1.0, X-CUBE-EEPRMA1_V5.2.0, X-CUBE-FREERTOS_V1.3.1, X-CUBE-GNSS1_V6.0.0, X-CUBE-MEMS1_V11.3.0, X-CUBE-NFC4_V3.0.0, X-CUBE-NFC7_V2.0.0, X-CUBE-SFXS2LP1_V4.0.0, X-CUBE-ST67W61_V1.1.0, X-CUBE-SUBG2_V5.0.0, X-CUBE-TOF1_V3.4.3]
2025-11-23 20:41:04,168 [INFO] ApiDb:240 - Found 880 in-development CPN: [B-G473E-ZEST1S, B-WB1M-WPAN1, B-WBA5M-WPAN, B-WL5M-SUBG1, NUCLEO-C031C6, NUCLEO-C051C8, NUCLEO-C071RB, NUCLEO-C092RC, NUCLEO-H503RB, NUCLEO-H533RE, NUCLEO-H563ZI, NUCLEO-H7S3L8, NUCLEO-N657X0-Q, NUCLEO-U031R8, NUCLEO-U083RC, NUCLEO-U385RG-Q, NUCLEO-U545RE-Q, NUCLEO-U5A5ZJ-Q, NUCLEO-WB05KZ, NUCLEO-WB07CC, NUCLEO-WB09KE, NUCLEO-WBA52CG, NUCLEO-WBA55CG, NUCLEO-WL33CC1, NUCLEO-WL33CC2, STEVAL-PROTEUS1, STEVAL-SMARTAG2, STEVAL-STWINBX1, STM320518-EVAL, STM32C0116-DK, STM32C011D6Y3TR, STM32C011D6Y6TR, STM32C011F4P3, STM32C011F4P6, STM32C011F4U3, STM32C011F4U6TR, STM32C011F6P3, STM32C011F6P6, STM32C011F6U3, STM32C011F6U6TR, STM32C011J4M3, STM32C011J4M6, STM32C011J6M3, STM32C011J6M6, STM32C0316-DK, STM32C031C4T3, STM32C031C4T6, STM32C031C4U3, STM32C031C4U6, STM32C031C6T3, STM32C031C6T6, STM32C031C6U3, STM32C031C6U6, STM32C031F4P3, STM32C031F4P6, STM32C031F6P3, STM32C031F6P6, STM32C031G4U3, STM32C031G4U6, STM32C031G6U3, STM32C031G6U6, STM32C031K4T3, STM32C031K4T6, STM32C031K4U3, STM32C031K4U6, STM32C031K6T3, STM32C031K6T6, STM32C031K6U3, STM32C031K6U6, STM32C051C6T6, STM32C051C6U6, STM32C051C8T6, STM32C051C8U6, STM32C051D8Y6TR, STM32C051F6P6, STM32C051F8P6, STM32C051G6U6, STM32C051G8U6, STM32C051K6T6, STM32C051K6U6, STM32C051K8T6, STM32C071C8T6, STM32C071C8T6N, STM32C071C8U6, STM32C071C8U6N, STM32C071CBT6, STM32C071CBT6N, STM32C071CBU6, STM32C071CBU6N, STM32C071F8P6, STM32C071F8P6N, STM32C071FBP6, STM32C071FBP6N, STM32C071FBY6TR, STM32C071G8U6, STM32C071G8U6N, STM32C071GBU6, STM32C071GBU6N, STM32C071K8T6, STM32C071K8T6N, STM32C071K8U6, STM32C071K8U6N, STM32C071KBT6, STM32C071KBT6N, STM32C071KBU6, STM32C071KBU6N, STM32C071R8T6, STM32C071R8T6N, STM32C071RBI6N, STM32C071RBT6, STM32C071RBT6N, STM32C091CBT6, STM32C091CBU6, STM32C091CCT6, STM32C091CCU6, STM32C091ECY6TR, STM32C091FBP6, STM32C091FCP6, STM32C091GBU6, STM32C091GCU6, STM32C091KBT6, STM32C091KBU6, STM32C091KCT6, STM32C091KCU6, STM32C091RBT6, STM32C091RCI6, STM32C091RCT6, STM32C092CBT6, STM32C092CBU6, STM32C092CCT6, STM32C092CCU6, STM32C092ECY6TR, STM32C092FBP6, STM32C092FCP6, STM32C092GBU6, STM32C092GCU6, STM32C092KBT6, STM32C092KBU6, STM32C092KCT6, STM32C092KCU6, STM32C092RBT6, STM32C092RCI6, STM32C092RCT6, STM32G071K8TXN, STM32G071K8UXN, STM32G081GBU6N, STM32G081KBT6N, STM32G081KBUXN, STM32G0B1CCT6N, STM32G0B1KCT6, STM32G0B1NEY6TR, STM32G0B1RCT6N, STM32G0C1CCT6, STM32G0C1CCT6N, STM32G0C1CCU6N, STM32G0C1CET6N, STM32G0C1CEU6N, STM32G0C1KCT6, STM32G0C1NEY6TR, STM32G0C1RCI6N, STM32G0C1RCT6N, STM32G0C1REI6N, STM32G0C1RET6N, STM32G0C1VCI6, STM32G0C1VEI6, STM32G411C6T3, STM32G411C6T6, STM32G411C6U3, STM32G411C6U6, STM32G411C8T3, STM32G411C8T6, STM32G411C8U3, STM32G411C8U6, STM32G411CBT3, STM32G411CBT6, STM32G411CBU3, STM32G411CBU6, STM32G411K6T3, STM32G411K6T6, STM32G411K6U3, STM32G411K6U6, STM32G411K8T3, STM32G411K8T6, STM32G411K8U3, STM32G411K8U6, STM32G411KBT3, STM32G411KBT6, STM32G411KBU3, STM32G411KBU6, STM32G411M6T3, STM32G411M6T6, STM32G411M8T3, STM32G411M8T6, STM32G411MBT3, STM32G411MBT6, STM32G411R6T3, STM32G411R6T6, STM32G411R8T3, STM32G411R8T6, STM32G411RBT3, STM32G411RBT6, STM32G414CBT3, STM32G414CBT6, STM32G414CBU3, STM32G414CBU6, STM32G414CCT3, STM32G414CCT6, STM32G414CCU3, STM32G414CCU6, STM32G414MBT3, STM32G414MBT6, STM32G414MCT3, STM32G414MCT6, STM32G414RBT3, STM32G414RBT6, STM32G414RCT3, STM32G414RCT6, STM32G414VBT3, STM32G414VBT6, STM32G414VCT3, STM32G414VCT6, STM32G431CBT3Z, STM32G431RBT3Z, STM32G471CCT6, STM32G471CCU6, STM32G471CET3, STM32G471CET6, STM32G471CEU3, STM32G471CEU6, STM32G471MCT6, STM32G471MET3, STM32G471MET6, STM32G471MEY6TR, STM32G471QCT6, STM32G471QET3, STM32G471RCT6, STM32G471RET3, STM32G471RET6, STM32G471VCH6, STM32G471VCI6, STM32G471VCT6, STM32G471VEH3, STM32G471VEH6, STM32G471VEI3, STM32G471VEI6, STM32G471VET3, STM32G471VET6, STM32G473QET3Z, STM32G473RET3Z, STM32G474CCT6, STM32G491RET3Z, STM32H503CBT6, STM32H503CBU6, STM32H503EBY6TR, STM32H503KBU6, STM32H503RBT6, STM32H523CCT6, STM32H523CCU6, STM32H523CET6, STM32H523CEU6, STM32H523HEY6TR, STM32H523RCT6, STM32H523RET6, STM32H523VCI6, STM32H523VCT6, STM32H523VEI6, STM32H523VET6, STM32H523ZCJ6, STM32H523ZCT6, STM32H523ZEJ6, STM32H523ZET6, STM32H533CET6, STM32H533CEU6, STM32H533HEY6TR, STM32H533RET6, STM32H533VEI6, STM32H533VET6, STM32H533ZEJ6, STM32H533ZET6, STM32H562AGI6, STM32H562AII6, STM32H562IGK6, STM32H562IGT6, STM32H562IIK6, STM32H562IIT6, STM32H562RGT6, STM32H562RGV6, STM32H562RIT6, STM32H562RIV6, STM32H562VGT6, STM32H562VIT6, STM32H562ZGT6, STM32H562ZIT6, STM32H563AGI6, STM32H563AII3Q, STM32H563AII6, STM32H563IGK6, STM32H563IGT6, STM32H563IIK3Q, STM32H563IIK6, STM32H563IIT3Q, STM32H563IIT6, STM32H563MIY3QTR, STM32H563RGT6, STM32H563RGV6, STM32H563RIT6, STM32H563RIV6, STM32H563VGT6, STM32H563VIT3Q, STM32H563VIT6, STM32H563ZGT6, STM32H563ZIT3Q, STM32H563ZIT6, STM32H573AII3Q, STM32H573AII6, STM32H573I-DK, STM32H573IIK3Q, STM32H573IIK6, STM32H573IIT3Q, STM32H573IIT6, STM32H573MIY3QTR, STM32H573RIT6, STM32H573RIV6, STM32H573VIT3Q, STM32H573VIT6, STM32H573ZIT3Q, STM32H573ZIT6, STM32H7R3A8I6, STM32H7R3I8K6, STM32H7R3I8T6, STM32H7R3L8H6, STM32H7R3L8H6H, STM32H7R3R8V6, STM32H7R3V8H6, STM32H7R3V8T6, STM32H7R3V8Y6TR, STM32H7R3Z8J6, STM32H7R3Z8T6, STM32H7R7A8I6, STM32H7R7I8K6, STM32H7R7I8T6, STM32H7R7L8H6, STM32H7R7L8H6H, STM32H7R7Z8J6, STM32H7S3A8I6, STM32H7S3I8K6, STM32H7S3I8T6, STM32H7S3L8H6, STM32H7S3L8H6H, STM32H7S3R8V6, STM32H7S3V8H6, STM32H7S3V8T6, STM32H7S3V8Y6TR, STM32H7S3Z8J6, STM32H7S3Z8T6, STM32H7S78-DK, STM32H7S7A8I6, STM32H7S7I8K6, STM32H7S7I8T6, STM32H7S7L8H6, STM32H7S7L8H6H, STM32H7S7Z8J6, STM32L4R5QGI6STR, STM32MP131AAE3, STM32MP131AAF3, STM32MP131AAG3, STM32MP131CAE3, STM32MP131CAF3, STM32MP131CAG3, STM32MP131DAE7, STM32MP131DAF7, STM32MP131DAG7, STM32MP131FAE7, STM32MP131FAF7, STM32MP131FAG7, STM32MP133AAE3, STM32MP133AAF3, STM32MP133AAG3, STM32MP133CAE3, STM32MP133CAF3, STM32MP133CAG3, STM32MP133DAE7, STM32MP133DAF7, STM32MP133DAG7, STM32MP133FAE7, STM32MP133FAF7, STM32MP133FAG7, STM32MP135AAE3, STM32MP135AAF3, STM32MP135AAG3, STM32MP135CAE3, STM32MP135CAF3, STM32MP135CAG3, STM32MP135DAE7, STM32MP135DAF7, STM32MP135DAG7, STM32MP135F-DK, STM32MP135FAE7, STM32MP135FAF7, STM32MP135FAF7T, STM32MP135FAF7U, STM32MP135FAG7, STM32MP211AAL3, STM32MP211AAM3, STM32MP211AAN3, STM32MP211AAO3, STM32MP211CAL3, STM32MP211CAM3, STM32MP211CAN3, STM32MP211CAO3, STM32MP211DAL3, STM32MP211DAM3, STM32MP211DAN3, STM32MP211DAO3, STM32MP211FAL3, STM32MP211FAM3, STM32MP211FAN3, STM32MP211FAO3, STM32MP213AAL3, STM32MP213AAM3, STM32MP213AAN3, STM32MP213AAO3, STM32MP213CAL3, STM32MP213CAM3, STM32MP213CAN3, STM32MP213CAO3, STM32MP213DAL3, STM32MP213DAM3, STM32MP213DAN3, STM32MP213DAO3, STM32MP213FAL3, STM32MP213FAM3, STM32MP213FAN3, STM32MP213FAO3, STM32MP215AAL3, STM32MP215AAM3, STM32MP215AAN3, STM32MP215AAO3, STM32MP215CAL3, STM32MP215CAM3, STM32MP215CAN3, STM32MP215CAO3, STM32MP215DAL3, STM32MP215DAM3, STM32MP215DAN3, STM32MP215DAO3, STM32MP215F-DK, STM32MP215FAL3, STM32MP215FAM3, STM32MP215FAN3, STM32MP215FAO3, STM32MP231AAJ3, STM32MP231AAK3, STM32MP231AAL3, STM32MP231CAJ3, STM32MP231CAK3, STM32MP231CAL3, STM32MP231DAJ3, STM32MP231DAK3, STM32MP231DAL3, STM32MP231FAJ3, STM32MP231FAK3, STM32MP231FAL3, STM32MP233AAJ3, STM32MP233AAK3, STM32MP233AAL3, STM32MP233CAJ3, STM32MP233CAK3, STM32MP233CAL3, STM32MP233DAJ3, STM32MP233DAK3, STM32MP233DAL3, STM32MP233FAJ3, STM32MP233FAK3, STM32MP233FAL3, STM32MP235AAJ3, STM32MP235AAK3, STM32MP235AAL3, STM32MP235CAJ3, STM32MP235CAK3, STM32MP235CAL3, STM32MP235DAJ3, STM32MP235DAK3, STM32MP235DAL3, STM32MP235FAJ3, STM32MP235FAK3, STM32MP235FAL3, STM32MP251AAI3, STM32MP251AAK3, STM32MP251AAL3, STM32MP251CAI3, STM32MP251CAK3, STM32MP251CAL3, STM32MP251DAI3, STM32MP251DAK3, STM32MP251DAL3, STM32MP251FAI3, STM32MP251FAK3, STM32MP251FAL3, STM32MP253AAI3, STM32MP253AAK3, STM32MP253AAL3, STM32MP253CAI3, STM32MP253CAK3, STM32MP253CAL3, STM32MP253DAI3, STM32MP253DAK3, STM32MP253DAL3, STM32MP253FAI3, STM32MP253FAK3, STM32MP253FAL3, STM32MP255AAI3, STM32MP255AAK3, STM32MP255AAL3, STM32MP255CAI3, STM32MP255CAK3, STM32MP255CAL3, STM32MP255DAI3, STM32MP255DAK3, STM32MP255DAL3, STM32MP255FAI3, STM32MP255FAK3, STM32MP255FAL3, STM32MP257AAI3, STM32MP257AAK3, STM32MP257AAL3, STM32MP257CAI3, STM32MP257CAK3, STM32MP257CAL3, STM32MP257DAI3, STM32MP257DAK3, STM32MP257DAL3, STM32MP257F-DK, STM32MP257F-EV1, STM32MP257FAI3, STM32MP257FAK3, STM32MP257FAL3, STM32N645A0H3Q, STM32N645B0H3Q, STM32N645I0H3Q, STM32N645L0H3Q, STM32N645X0H3Q, STM32N645Z0H3Q, STM32N647A0H3Q, STM32N647B0H3Q, STM32N647I0H3Q, STM32N647L0H3Q, STM32N647X0H3Q, STM32N647Z0H3Q, STM32N655A0H3Q, STM32N655B0H3Q, STM32N655I0H3Q, STM32N655L0H3Q, STM32N655X0H3Q, STM32N655Z0H3Q, STM32N6570-DK, STM32N657A0H3Q, STM32N657B0H3Q, STM32N657I0H3Q, STM32N657L0H3Q, STM32N657X0H3Q, STM32N657Z0H3Q, STM32U031C6T6, STM32U031C6U6, STM32U031C8T6, STM32U031C8U6, STM32U031F4P6, STM32U031F6P6, STM32U031F8P6, STM32U031G6Y6TR, STM32U031G8Y6TR, STM32U031K4U6, STM32U031K6U6, STM32U031K8U6, STM32U031R6I6, STM32U031R6T6, STM32U031R8I6, STM32U031R8T6, STM32U073C8T6, STM32U073C8U6, STM32U073CBT6, STM32U073CBU6, STM32U073CCT6, STM32U073CCU6, STM32U073H8Y6TR, STM32U073HBY6TR, STM32U073HCY6TR, STM32U073K8U6, STM32U073KBU6, STM32U073KCU6, STM32U073M8I6, STM32U073M8T6, STM32U073MBI6, STM32U073MBT6, STM32U073MCI6, STM32U073MCT6, STM32U073R8I6, STM32U073R8T6, STM32U073RBI6, STM32U073RBT6, STM32U073RCI6, STM32U073RCT6, STM32U083C-DK, STM32U083CCT6, STM32U083CCU6, STM32U083HCY6TR, STM32U083KCU6, STM32U083MCI6, STM32U083MCT6, STM32U083RCI6, STM32U083RCT6, STM32U375CET6, STM32U375CET6Q, STM32U375CEU6, STM32U375CEU6Q, STM32U375CEY6QTR, STM32U375CGT6, STM32U375CGT6Q, STM32U375CGU6, STM32U375CGU6Q, STM32U375CGY6QTR, STM32U375KEU6, STM32U375KGU6, STM32U375REI6, STM32U375REI6Q, STM32U375RET6, STM32U375RET6Q, STM32U375REY6GTR, STM32U375REY6QTR, STM32U375RGI6, STM32U375RGI6Q, STM32U375RGT6, STM32U375RGT6Q, STM32U375RGY6GTR, STM32U375RGY6QTR, STM32U375VEI6, STM32U375VEI6Q, STM32U375VET6, STM32U375VET6Q, STM32U375VGI6, STM32U375VGI6Q, STM32U375VGT6, STM32U375VGT6Q, STM32U385CGT6, STM32U385CGT6Q, STM32U385CGU6, STM32U385CGU6Q, STM32U385CGY6QTR, STM32U385KGU6, STM32U385RGI6, STM32U385RGI6Q, STM32U385RGT6, STM32U385RGT6Q, STM32U385RGY6GTR, STM32U385RGY6QTR, STM32U385VGI6, STM32U385VGI6Q, STM32U385VGT6, STM32U385VGT6Q, STM32U535CBT6, STM32U535CBT6Q, STM32U535CBU6, STM32U535CBU6Q, STM32U535CCT6, STM32U535CCT6Q, STM32U535CCU6, STM32U535CCU6Q, STM32U535CET6, STM32U535CET6Q, STM32U535CEU6, STM32U535CEU6Q, STM32U535JEY6QTR, STM32U535NCY6QTR, STM32U535NEY6QTR, STM32U535RBI6, STM32U535RBI6Q, STM32U535RBT6, STM32U535RBT6Q, STM32U535RCI6, STM32U535RCI6Q, STM32U535RCT6, STM32U535RCT6Q, STM32U535REI6, STM32U535REI6Q, STM32U535RET6, STM32U535RET6Q, STM32U535VCI6, STM32U535VCI6Q, STM32U535VCT6, STM32U535VCT6Q, STM32U535VEI6, STM32U535VEI6Q, STM32U535VET6, STM32U535VET6Q, STM32U545CET6, STM32U545CET6Q, STM32U545CEU6, STM32U545CEU6Q, STM32U545JEY6QTR, STM32U545NEY6QTR, STM32U545REI6, STM32U545REI6Q, STM32U545RET6, STM32U545RET6Q, STM32U545VEI6, STM32U545VEI6Q, STM32U545VET6, STM32U545VET6Q, STM32U595AIH6, STM32U595AIH6Q, STM32U595AJH6, STM32U595AJH6Q, STM32U595QII6, STM32U595QII6Q, STM32U595QJI6, STM32U595QJI6Q, STM32U595RIT6, STM32U595RIT6Q, STM32U595RJT6, STM32U595RJT6Q, STM32U595VIT6, STM32U595VIT6Q, STM32U595VJT6, STM32U595VJT6Q, STM32U595ZIT6, STM32U595ZIT6Q, STM32U595ZIY6QTR, STM32U595ZJT6, STM32U595ZJT6Q, STM32U595ZJY6QTR, STM32U599BJY6QTR, STM32U599NIH6Q, STM32U599NJH6Q, STM32U599VIT6Q, STM32U599VJT6, STM32U599VJT6Q, STM32U599ZIT6Q, STM32U599ZIY6QTR, STM32U599ZJT6Q, STM32U599ZJY6QTR, STM32U5A5AJH6, STM32U5A5AJH6Q, STM32U5A5QII3Q , STM32U5A5QJI6, STM32U5A5QJI6Q, STM32U5A5RJT6, STM32U5A5RJT6Q, STM32U5A5VJT6, STM32U5A5VJT6Q, STM32U5A5ZJT6, STM32U5A5ZJT6Q, STM32U5A5ZJY6QTR, STM32U5A9BJY6QTR, STM32U5A9J-DK, STM32U5A9NJH6Q, STM32U5A9VJT6Q, STM32U5A9ZJT6Q, STM32U5A9ZJY6QTR, STM32U5F7VIT6, STM32U5F7VIT6Q, STM32U5F7VJT6, STM32U5F7VJT6Q, STM32U5F9BJY6QTR, STM32U5F9NJH6Q, STM32U5F9VIT6Q, STM32U5F9VJT6Q, STM32U5F9ZIJ6QTR, STM32U5F9ZIT6Q, STM32U5F9ZJJ6QTR, STM32U5F9ZJT6Q, STM32U5G7VJT6, STM32U5G7VJT6Q, STM32U5G9BJY6QTR, STM32U5G9J-DK1, STM32U5G9J-DK2, STM32U5G9NJH6Q, STM32U5G9VJT6Q, STM32U5G9ZJJ6QTR, STM32U5G9ZJT6Q, STM32WB05KZV6TR, STM32WB05KZV7TR, STM32WB05TZF6TR, STM32WB05TZF7TR, STM32WB06CCF6TR, STM32WB06CCF7TR, STM32WB06CCV6TR, STM32WB06CCV7TR, STM32WB06KCV6TR, STM32WB06KCV7TR, STM32WB07CCF6TR, STM32WB07CCF7TR, STM32WB07CCV6TR, STM32WB07CCV7TR, STM32WB07KCV6TR, STM32WB07KCV7TR, STM32WB09KEV6TR, STM32WB09KEV7TR, STM32WB09TEF6TR, STM32WB09TEF7TR, STM32WB1MMCH6, STM32WBA50KGU6, STM32WBA50KGU6TR, STM32WBA52CEU6, STM32WBA52CEU6TR, STM32WBA52CEU7, STM32WBA52CEU7TR, STM32WBA52CGU6, STM32WBA52CGU6TR, STM32WBA52CGU6U, STM32WBA52CGU7, STM32WBA52CGU7TR, STM32WBA52KEU6, STM32WBA52KEU6TR, STM32WBA52KGU6, STM32WBA52KGU6TR, STM32WBA54CEU6, STM32WBA54CEU6TR, STM32WBA54CEU7, STM32WBA54CEU7TR, STM32WBA54CGU6, STM32WBA54CGU6TR, STM32WBA54CGU7, STM32WBA54CGU7TR, STM32WBA54KEU6, STM32WBA54KEU6TR, STM32WBA54KEU7, STM32WBA54KEU7TR, STM32WBA54KGU6, STM32WBA54KGU6TR, STM32WBA54KGU7, STM32WBA54KGU7TR, STM32WBA55CEU6, STM32WBA55CEU6TR, STM32WBA55CEU7, STM32WBA55CEU7TR, STM32WBA55CGU6, STM32WBA55CGU6TR, STM32WBA55CGU6U, STM32WBA55CGU7, STM32WBA55CGU7TR, STM32WBA55G-DK1, STM32WBA55HEF6, STM32WBA55HEF7, STM32WBA55HGF6, STM32WBA55HGF7, STM32WBA55UEI6, STM32WBA55UEI6TR, STM32WBA55UEI7, STM32WBA55UEI7TR, STM32WBA55UGI6, STM32WBA55UGI6TR, STM32WBA55UGI7, STM32WBA55UGI7TR, STM32WBA5MMGH6TR, STM32WBA62MGF6, STM32WBA62MIF6, STM32WBA65MGF7, STM32WBA65MIF6, STM32WBA65MIF7, STM32WL30K8V6, STM32WL30KBV6, STM32WL31C8V6, STM32WL31CBV6, STM32WL31K8V6, STM32WL31KBV6, STM32WL33C8V6, STM32WL33C8V6X, STM32WL33CBV6, STM32WL33CBV6X, STM32WL33CCV6, STM32WL33CCV6A, STM32WL33CCV6X, STM32WL33K8V7, STM32WL33K8V7X, STM32WL33KBV7 , STM32WL33KBV7X, STM32WL33KCV7, STM32WL33KCV7X, STM32WL5MOCH6, STM32WL5MOCH6TR]
2025-11-23 20:41:04,173 [INFO] DbMcus:218 - Found 4876 MCUs, 4876 are supported
2025-11-23 20:41:04,174 [INFO] ApiDb:423 - Load user favorites file C:\Users\user/.stm32cubeide/favorites.mcus.txt: 0 item(s)
2025-11-23 20:41:04,174 [INFO] ApiDb:427 - User favorites MCUs=[]
2025-11-23 20:41:04,174 [INFO] DbMcus:224 - Set 0 / 0 favorites MCUs
2025-11-23 20:41:04,743 [INFO] BoardInfo:889 - No configuration file found for board P-NUCLEO-WB55
2025-11-23 20:41:04,744 [INFO] DbBoards:161 - Kit is not supported: P-NUCLEO-WB55
2025-11-23 20:41:04,751 [INFO] BoardInfo:889 - No configuration file found for board STEVAL-BFA001V1B
2025-11-23 20:41:04,752 [INFO] DbBoards:161 - Kit is not supported: STEVAL-BFA001V1B
2025-11-23 20:41:04,753 [INFO] BoardInfo:889 - No configuration file found for board STEVAL-BFA001V2B
2025-11-23 20:41:04,754 [INFO] DbBoards:161 - Kit is not supported: STEVAL-BFA001V2B
2025-11-23 20:41:04,964 [INFO] DbBoards:168 - Found 212 boards, 209 are supported
2025-11-23 20:41:04,964 [INFO] DbBoards:169 - Found 212 boards, 43 of them is supported for  Bsp
2025-11-23 20:41:04,966 [INFO] ApiDb:423 - Load user favorites file C:\Users\user/.stm32cubeide/favorites.boards.txt: 1 item(s)
2025-11-23 20:41:04,966 [INFO] ApiDb:427 - User favorites Boards=[NUCLEO-L476RG]
2025-11-23 20:41:04,966 [INFO] DbBoards:198 - Set 1 / 1 favorites Boards
2025-11-23 20:41:05,023 [INFO] UtilMem:75 - End LoadConfig() Used Memory: 272638424 Bytes (374341632)
2025-11-23 20:41:05,164 [WARN] ThirdParty:833 - waiting for thirdparty lock release [change project]
2025-11-23 20:41:05,165 [INFO] ThirdParty:835 - entering critical section [change project]
2025-11-23 20:41:05,165 [INFO] ThirdParty:1030 - CMSIS Pack Vendor :STMicroelectronics X-CUBE-PM33A1 1.0.0
2025-11-23 20:41:05,165 [INFO] ThirdParty:1030 - CMSIS Pack Vendor :STMicroelectronics USBPD 4.1
2025-11-23 20:41:05,165 [INFO] ThirdParty:1030 - CMSIS Pack Vendor :STMicroelectronics X-CUBE-NFC9 1.0.0
2025-11-23 20:41:05,165 [INFO] ThirdParty:1030 - CMSIS Pack Vendor :STMicroelectronics USB_HOST 2.0.0
2025-11-23 20:41:05,165 [INFO] ThirdParty:1030 - CMSIS Pack Vendor :STMicroelectronics FP-SNS-MOTENVWB1 1.4.0
2025-11-23 20:41:05,165 [INFO] ThirdParty:1030 - CMSIS Pack Vendor :STMicroelectronics X-CUBE-AZRTOS-F4 1.1.0
2025-11-23 20:41:05,165 [INFO] ThirdParty:1030 - CMSIS Pack Vendor :STMicroelectronics LIBJPEG 8.0.0
2025-11-23 20:41:05,165 [INFO] ThirdParty:1030 - CMSIS Pack Vendor :STMicroelectronics FP-ATR-ASTRA1 2.0.2
2025-11-23 20:41:05,165 [INFO] ThirdParty:1030 - CMSIS Pack Vendor :wolfSSL I-CUBE-wolfSSL 5.8.2
2025-11-23 20:41:05,165 [INFO] ThirdParty:1030 - CMSIS Pack Vendor :STMicroelectronics X-CUBE-BLE1 7.1.0
2025-11-23 20:41:05,165 [INFO] ThirdParty:1030 - CMSIS Pack Vendor :Avnet-IotConnect X-CUBE-IoTC-DA16k-PMOD 1.0.0
2025-11-23 20:41:05,165 [INFO] ThirdParty:1030 - CMSIS Pack Vendor :STMicroelectronics X-CUBE-SMBUS 2.1.0
2025-11-23 20:41:05,165 [INFO] ThirdParty:1030 - CMSIS Pack Vendor :wolfSSL I-CUBE-wolfMQTT 1.19.2
2025-11-23 20:41:05,165 [INFO] ThirdParty:1030 - CMSIS Pack Vendor :STMicroelectronics USB_DEVICE 3.0.0
2025-11-23 20:41:05,165 [INFO] ThirdParty:1030 - CMSIS Pack Vendor :STMicroelectronics X-CUBE-ISPU 2.1.0
2025-11-23 20:41:05,165 [INFO] ThirdParty:1030 - CMSIS Pack Vendor :STMicroelectronics X-CUBE-FREERTOS 1.4.0
2025-11-23 20:41:05,165 [INFO] ThirdParty:1030 - CMSIS Pack Vendor :STMicroelectronics X-CUBE-EEPRMA1 5.2.0
2025-11-23 20:41:05,165 [INFO] ThirdParty:1030 - CMSIS Pack Vendor :STMicroelectronics X-CUBE-IPS 3.2.0
2025-11-23 20:41:05,165 [INFO] ThirdParty:1030 - CMSIS Pack Vendor :STMicroelectronics X-CUBE-BLEMGR 4.1.0
2025-11-23 20:41:05,165 [INFO] ThirdParty:1030 - CMSIS Pack Vendor :STMicroelectronics X-CUBE-AZRTOS-WB 2.0.0
2025-11-23 20:41:05,165 [INFO] ThirdParty:1030 - CMSIS Pack Vendor :STMicroelectronics X-CUBE-ST60 1.0.0
2025-11-23 20:41:05,165 [INFO] ThirdParty:1030 - CMSIS Pack Vendor :STMicroelectronics X-CUBE-GNSS1 7.0.1
2025-11-23 20:41:05,165 [INFO] ThirdParty:1030 - CMSIS Pack Vendor :STMicroelectronics X-CUBE-NFC12 1.0.0
2025-11-23 20:41:05,165 [INFO] ThirdParty:1030 - CMSIS Pack Vendor :STMicroelectronics X-CUBE-AZRTOS-F7 1.1.0
2025-11-23 20:41:05,165 [INFO] ThirdParty:1030 - CMSIS Pack Vendor :STMicroelectronics X-CUBE-AZRTOS-L5 2.0.0
2025-11-23 20:41:05,165 [INFO] ThirdParty:1030 - CMSIS Pack Vendor :STMicroelectronics X-CUBE-TOUCHGFX 4.25.0
2025-11-23 20:41:05,165 [INFO] ThirdParty:1030 - CMSIS Pack Vendor :STMicroelectronics USB_DEVICE 2.0.0
2025-11-23 20:41:05,166 [INFO] ThirdParty:1030 - CMSIS Pack Vendor :STMicroelectronics X-CUBE-NFC6 3.1.0
2025-11-23 20:41:05,166 [INFO] ThirdParty:1030 - CMSIS Pack Vendor :STMicroelectronics X-CUBE-ST67W61 1.1.0
2025-11-23 20:41:05,166 [INFO] ThirdParty:1030 - CMSIS Pack Vendor :quantropi X-CUBE-qispace-sdk-base 2.1.0
2025-11-23 20:41:05,166 [INFO] ThirdParty:1030 - CMSIS Pack Vendor :STMicroelectronics FP-SNS-MOTENV1 5.1.0
2025-11-23 20:41:05,166 [INFO] ThirdParty:1030 - CMSIS Pack Vendor :STMicroelectronics FreeRTOS 0.0.1
2025-11-23 20:41:05,166 [INFO] ThirdParty:1030 - CMSIS Pack Vendor :STMicroelectronics X-CUBE-AZRTOS-G0 1.1.0
2025-11-23 20:41:05,166 [INFO] ThirdParty:1030 - CMSIS Pack Vendor :STMicroelectronics X-CUBE-SAFEA1 1.2.2
2025-11-23 20:41:05,166 [INFO] ThirdParty:1030 - CMSIS Pack Vendor :STMicroelectronics X-CUBE-NFC4 3.0.0
2025-11-23 20:41:05,166 [INFO] ThirdParty:1030 - CMSIS Pack Vendor :STMicroelectronics X-CUBE-SUBG2 5.0.0
2025-11-23 20:41:05,166 [INFO] ThirdParty:1030 - CMSIS Pack Vendor :STMicroelectronics X-CUBE-AZRTOS-H7RS 1.1.0
2025-11-23 20:41:05,166 [INFO] ThirdParty:1030 - CMSIS Pack Vendor :STMicroelectronics STM32_WPAN 1.0.0
2025-11-23 20:41:05,166 [INFO] ThirdParty:1030 - CMSIS Pack Vendor :EmbeddedOffice I-CUBE-FS-RTOS 1.0.1
2025-11-23 20:41:05,166 [INFO] ThirdParty:1030 - CMSIS Pack Vendor :STMicroelectronics lwIP 2.0.3
2025-11-23 20:41:05,166 [INFO] ThirdParty:1030 - CMSIS Pack Vendor :WES I-CUBE-Cesium 1.4.0
2025-11-23 20:41:05,166 [INFO] ThirdParty:1030 - CMSIS Pack Vendor :Cesanta I-CUBE-Mongoose 7.13.0
2025-11-23 20:41:05,166 [INFO] ThirdParty:1030 - CMSIS Pack Vendor :STMicroelectronics USB_HOST 1.0.0
2025-11-23 20:41:05,166 [INFO] ThirdParty:1030 - CMSIS Pack Vendor :Infineon AIROC-Wi-Fi-Bluetooth-STM32 1.7.1
2025-11-23 20:41:05,166 [INFO] ThirdParty:1030 - CMSIS Pack Vendor :STMicroelectronics X-CUBE-AZRTOS-G4 2.0.0
2025-11-23 20:41:05,166 [INFO] ThirdParty:1030 - CMSIS Pack Vendor :STMicroelectronics X-CUBE-WB05N 2.0.0
2025-11-23 20:41:05,166 [INFO] ThirdParty:1030 - CMSIS Pack Vendor :STMicroelectronics PDM2PCM 3.1.0
2025-11-23 20:41:05,166 [INFO] ThirdParty:1030 - CMSIS Pack Vendor :STMicroelectronics PDM2PCM 3.3.0
2025-11-23 20:41:05,166 [INFO] ThirdParty:1030 - CMSIS Pack Vendor :wolfSSL I-CUBE-wolfTPM 3.8.0
2025-11-23 20:41:05,166 [INFO] ThirdParty:1030 - CMSIS Pack Vendor :STMicroelectronics X-CUBE-AZRTOS-H7 3.4.0
2025-11-23 20:41:05,166 [INFO] ThirdParty:1030 - CMSIS Pack Vendor :STMicroelectronics X-CUBE-DISPLAY 3.0.0
2025-11-23 20:41:05,166 [INFO] ThirdParty:1030 - CMSIS Pack Vendor :wolfSSL I-CUBE-wolfSSH 1.4.20
2025-11-23 20:41:05,166 [INFO] ThirdParty:1030 - CMSIS Pack Vendor :STMicroelectronics X-CUBE-NFC7 2.0.0
2025-11-23 20:41:05,166 [INFO] ThirdParty:1030 - CMSIS Pack Vendor :STMicroelectronics X-CUBE-TCPP 4.2.0
2025-11-23 20:41:05,166 [INFO] ThirdParty:1030 - CMSIS Pack Vendor :RealThread X-CUBE-RT-Thread_Nano 4.1.1
2025-11-23 20:41:05,166 [INFO] ThirdParty:1030 - CMSIS Pack Vendor :STMicroelectronics FP-ATR-SIGFOX1 3.2.0
2025-11-23 20:41:05,166 [INFO] ThirdParty:1030 - CMSIS Pack Vendor :STMicroelectronics X-CUBE-NFC10 1.0.0
2025-11-23 20:41:05,167 [INFO] ThirdParty:1030 - CMSIS Pack Vendor :STMicroelectronics X-CUBE-FREERTOS 1.3.1
2025-11-23 20:41:05,167 [INFO] ThirdParty:1030 - CMSIS Pack Vendor :STMicroelectronics HAL Drivers 0.0.0
2025-11-23 20:41:05,167 [INFO] ThirdParty:1030 - CMSIS Pack Vendor :STMicroelectronics MBEDTLS 2.16.2
2025-11-23 20:41:05,167 [INFO] ThirdParty:1030 - CMSIS Pack Vendor :STMicroelectronics X-CUBE-ST60 1.1.0
2025-11-23 20:41:05,167 [INFO] ThirdParty:1030 - CMSIS Pack Vendor :STMicroelectronics X-CUBE-IPS 3.1.0
2025-11-23 20:41:05,167 [INFO] ThirdParty:1030 - CMSIS Pack Vendor :STMicroelectronics X-CUBE-ALS 1.0.2
2025-11-23 20:41:05,167 [INFO] ThirdParty:1030 - CMSIS Pack Vendor :emotas I-CUBE-CANOPEN 1.3.0
2025-11-23 20:41:05,167 [INFO] ThirdParty:1030 - CMSIS Pack Vendor :STMicroelectronics MBEDTLS 2.14.1
2025-11-23 20:41:05,167 [INFO] ThirdParty:1030 - CMSIS Pack Vendor :STMicroelectronics X-CUBE-GNSS1 7.1.0
2025-11-23 20:41:05,167 [INFO] ThirdParty:1030 - CMSIS Pack Vendor :ITTIA_DB I-CUBE-ITTIADB 8.9.0
2025-11-23 20:41:05,167 [INFO] ThirdParty:1030 - CMSIS Pack Vendor :STMicroelectronics X-CUBE-TOUCHGFX 4.26.0
2025-11-23 20:41:05,167 [INFO] ThirdParty:1030 - CMSIS Pack Vendor :STMicroelectronics X-CUBE-STSE01 1.0.0
2025-11-23 20:41:05,167 [INFO] ThirdParty:1030 - CMSIS Pack Vendor :STMicroelectronics X-CUBE-ST67W61 1.0.0
2025-11-23 20:41:05,167 [INFO] ThirdParty:1030 - CMSIS Pack Vendor :STMicroelectronics FP-SNS-STBOX1 2.1.0
2025-11-23 20:41:05,167 [INFO] ThirdParty:1030 - CMSIS Pack Vendor :STMicroelectronics X-CUBE-AI 10.2.0
2025-11-23 20:41:05,167 [INFO] ThirdParty:1030 - CMSIS Pack Vendor :STMicroelectronics FP-SNS-STAIOTCFT 1.0.0
2025-11-23 20:41:05,167 [INFO] ThirdParty:1030 - CMSIS Pack Vendor :STMicroelectronics ThreadX 1.0.0
2025-11-23 20:41:05,167 [INFO] ThirdParty:1030 - CMSIS Pack Vendor :STMicroelectronics FP-SNS-SMARTAG2 1.2.0
2025-11-23 20:41:05,167 [INFO] ThirdParty:1030 - CMSIS Pack Vendor :STMicroelectronics FP-SNS-FLIGHT1 5.1.0
2025-11-23 20:41:05,167 [INFO] ThirdParty:1030 - CMSIS Pack Vendor :STMicroelectronics X-CUBE-AZRTOS-WL 2.0.0
2025-11-23 20:41:05,167 [INFO] ThirdParty:1030 - CMSIS Pack Vendor :SEGGER I-CUBE-embOS 1.3.1
2025-11-23 20:41:05,167 [INFO] ThirdParty:1030 - CMSIS Pack Vendor :STMicroelectronics X-CUBE-ALGOBUILD 1.4.0
2025-11-23 20:41:05,167 [INFO] ThirdParty:1030 - CMSIS Pack Vendor :STMicroelectronics X-CUBE-DPower 1.3.0
2025-11-23 20:41:05,167 [INFO] ThirdParty:1030 - CMSIS Pack Vendor :STMicroelectronics X-CUBE-MEMS1 11.3.0
2025-11-23 20:41:05,167 [INFO] ThirdParty:1030 - CMSIS Pack Vendor :STMicroelectronics FP-SNS-MOTENV1 5.0.0
2025-11-23 20:41:05,167 [INFO] ThirdParty:1030 - CMSIS Pack Vendor :STMicroelectronics USB_DEVICE 1.0.0
2025-11-23 20:41:05,167 [INFO] ThirdParty:1030 - CMSIS Pack Vendor :STMicroelectronics X-CUBE-AZRTOS-H7RS 1.2.0
2025-11-23 20:41:05,167 [INFO] ThirdParty:1030 - CMSIS Pack Vendor :STMicroelectronics X-CUBE-AZRTOS-L4 2.0.0
2025-11-23 20:41:05,167 [INFO] ThirdParty:1030 - CMSIS Pack Vendor :STMicroelectronics ThreadX 0.0.2
2025-11-23 20:41:05,167 [INFO] ThirdParty:1030 - CMSIS Pack Vendor :STMicroelectronics lwIP 2.1.2
2025-11-23 20:41:05,167 [INFO] ThirdParty:1030 - CMSIS Pack Vendor :STMicroelectronics X-CUBE-SFXS2LP1 4.0.0
2025-11-23 20:41:05,168 [INFO] ThirdParty:1030 - CMSIS Pack Vendor :STMicroelectronics X-CUBE-BLE2 3.3.0
2025-11-23 20:41:05,168 [INFO] ThirdParty:1030 - CMSIS Pack Vendor :Avnet-IOTCONNECT X-CUBE-iotc-st67-sdk 1.0.0
2025-11-23 20:41:05,168 [INFO] ThirdParty:1030 - CMSIS Pack Vendor :STMicroelectronics X-CUBE-TOF1 3.4.3
2025-11-23 20:41:05,168 [INFO] ThirdParty:1030 - CMSIS Pack Vendor :STMicroelectronics PDM2PCM 3.2.0
2025-11-23 20:41:05,168 [INFO] ThirdParty:841 - exiting critical section [change project]
2025-11-23 20:41:05,600 [INFO] PinOutPanel:1589 - setPackage(No Configuration,No Configuration)
2025-11-23 20:41:05,602 [INFO] PinOutPanel:1589 - setPackage(STM32L476RGTx,LQFP64)
2025-11-23 20:41:06,238 [INFO] UtilMem:75 - Before build in PCC Used Memory: 351101696 Bytes (421527552)
2025-11-23 20:41:07,253 [INFO] UtilMem:75 - After build in PCC Used Memory: 276962808 Bytes (421527552)
2025-11-23 20:41:07,287 [INFO] IPUIPlugin:80 - create IPUIPlugin
2025-11-23 20:41:07,287 [INFO] IPUIPlugin:80 - create IPUIPlugin
2025-11-23 20:41:07,287 [INFO] IPUIPlugin:80 - create IPUIPlugin
2025-11-23 20:41:07,287 [INFO] IPUIPlugin:80 - create IPUIPlugin
2025-11-23 20:41:07,287 [INFO] IPUIPlugin:80 - create IPUIPlugin
2025-11-23 20:41:07,287 [INFO] IPUIPlugin:80 - create IPUIPlugin
2025-11-23 20:41:07,287 [INFO] IPUIPlugin:80 - create IPUIPlugin
2025-11-23 20:41:07,287 [INFO] IPUIPlugin:80 - create IPUIPlugin
2025-11-23 20:41:07,287 [INFO] IPUIPlugin:80 - create IPUIPlugin
2025-11-23 20:41:07,288 [INFO] IPUIPlugin:80 - create IPUIPlugin
2025-11-23 20:41:07,288 [INFO] IPUIPlugin:80 - create IPUIPlugin
2025-11-23 20:41:07,288 [INFO] IPUIPlugin:80 - create IPUIPlugin
2025-11-23 20:41:07,288 [INFO] IPUIPlugin:80 - create IPUIPlugin
2025-11-23 20:41:07,288 [INFO] IPUIPlugin:80 - create IPUIPlugin
2025-11-23 20:41:07,288 [INFO] IPUIPlugin:80 - create IPUIPlugin
2025-11-23 20:41:07,288 [INFO] IPUIPlugin:80 - create IPUIPlugin
2025-11-23 20:41:07,288 [INFO] IPUIPlugin:80 - create IPUIPlugin
2025-11-23 20:41:07,288 [INFO] IPUIPlugin:80 - create IPUIPlugin
2025-11-23 20:41:07,289 [INFO] IPUIPlugin:80 - create IPUIPlugin
2025-11-23 20:41:07,289 [INFO] IPUIPlugin:80 - create IPUIPlugin
2025-11-23 20:41:07,289 [INFO] IPUIPlugin:80 - create IPUIPlugin
2025-11-23 20:41:07,289 [INFO] IPUIPlugin:80 - create IPUIPlugin
2025-11-23 20:41:07,289 [INFO] IPUIPlugin:80 - create IPUIPlugin
2025-11-23 20:41:07,289 [INFO] IPUIPlugin:80 - create IPUIPlugin
2025-11-23 20:41:07,289 [INFO] IPUIPlugin:80 - create IPUIPlugin
2025-11-23 20:41:07,290 [INFO] IPUIPlugin:80 - create IPUIPlugin
2025-11-23 20:41:07,290 [INFO] IPUIPlugin:80 - create IPUIPlugin
2025-11-23 20:41:07,290 [INFO] IPUIPlugin:80 - create IPUIPlugin
2025-11-23 20:41:07,290 [INFO] IPUIPlugin:80 - create IPUIPlugin
2025-11-23 20:41:07,290 [INFO] IPUIPlugin:80 - create IPUIPlugin
2025-11-23 20:41:07,290 [INFO] IPUIPlugin:80 - create IPUIPlugin
2025-11-23 20:41:07,291 [INFO] IPUIPlugin:80 - create IPUIPlugin
2025-11-23 20:41:07,291 [INFO] IPUIPlugin:80 - create IPUIPlugin
2025-11-23 20:41:07,291 [INFO] IPUIPlugin:80 - create IPUIPlugin
2025-11-23 20:41:07,291 [INFO] IPUIPlugin:80 - create IPUIPlugin
2025-11-23 20:41:07,291 [INFO] IPUIPlugin:80 - create IPUIPlugin
2025-11-23 20:41:07,291 [INFO] IPUIPlugin:80 - create IPUIPlugin
2025-11-23 20:41:07,292 [INFO] IPUIPlugin:80 - create IPUIPlugin
2025-11-23 20:41:07,292 [INFO] IPUIPlugin:80 - create IPUIPlugin
2025-11-23 20:41:07,292 [INFO] IPUIPlugin:80 - create IPUIPlugin
2025-11-23 20:41:07,292 [INFO] IPUIPlugin:80 - create IPUIPlugin
2025-11-23 20:41:07,292 [INFO] IPUIPlugin:80 - create IPUIPlugin
2025-11-23 20:41:07,292 [INFO] IPUIPlugin:80 - create IPUIPlugin
2025-11-23 20:41:07,293 [INFO] IPUIPlugin:80 - create IPUIPlugin
2025-11-23 20:41:07,293 [INFO] IPUIPlugin:80 - create IPUIPlugin
2025-11-23 20:41:07,293 [INFO] IPUIPlugin:80 - create IPUIPlugin
2025-11-23 20:41:07,293 [INFO] IPUIPlugin:80 - create IPUIPlugin
2025-11-23 20:41:07,293 [INFO] IPUIPlugin:80 - create IPUIPlugin
2025-11-23 20:41:07,293 [INFO] IPUIPlugin:80 - create IPUIPlugin
2025-11-23 20:41:07,294 [INFO] IPUIPlugin:80 - create IPUIPlugin
2025-11-23 20:41:07,294 [INFO] IPUIPlugin:80 - create IPUIPlugin
2025-11-23 20:41:07,294 [INFO] IPUIPlugin:80 - create IPUIPlugin
2025-11-23 20:41:07,294 [INFO] IPUIPlugin:80 - create IPUIPlugin
2025-11-23 20:41:07,295 [INFO] IPUIPlugin:80 - create IPUIPlugin
2025-11-23 20:41:07,295 [INFO] IPUIPlugin:80 - create IPUIPlugin
2025-11-23 20:41:07,295 [INFO] IPUIPlugin:80 - create IPUIPlugin
2025-11-23 20:41:07,295 [INFO] IPUIPlugin:80 - create IPUIPlugin
2025-11-23 20:41:07,296 [INFO] IPUIPlugin:80 - create IPUIPlugin
2025-11-23 20:41:07,296 [INFO] IPUIPlugin:80 - create IPUIPlugin
2025-11-23 20:41:07,516 [INFO] CADModel:165 - CPN selected for project levelSTM32L476RGT3
2025-11-23 20:41:07,516 [INFO] CADModel:114 - Register for checkConnection events
2025-11-23 20:41:07,565 [INFO] OpenFileManager:386 - Restore cursor
2025-11-23 20:42:54,555 [INFO] Gpio:278 - dependency for GPIO [I2C1]
2025-11-23 20:43:45,640 [INFO] Gpio:278 - dependency for GPIO [I2C1]
2025-11-23 20:43:45,681 [INFO] NvicIntPanel:101 - NVIC parent = com.st.microxplorer.plugins.ip.nvic.MultiNvicIntPanel[,0,0,0x0,invalid,layout=javax.swing.BoxLayout,alignmentX=0.0,alignmentY=0.0,border=,flags=9,maximumSize=,minimumSize=,preferredSize=]
2025-11-23 20:43:45,826 [INFO] Gpio:278 - dependency for GPIO [I2C1]
2025-11-23 20:43:45,857 [INFO] NvicIntPanel:101 - NVIC parent = com.st.microxplorer.plugins.ip.nvic.MultiNvicIntPanel[,0,0,0x0,invalid,layout=javax.swing.BoxLayout,alignmentX=0.0,alignmentY=0.0,border=,flags=9,maximumSize=,minimumSize=,preferredSize=]
2025-11-23 20:44:02,846 [INFO] Gpio:278 - dependency for GPIO [I2C1]
2025-11-23 20:44:13,660 [INFO] Gpio:278 - dependency for GPIO [I2C1]
2025-11-23 20:44:21,597 [INFO] Gpio:278 - dependency for GPIO [I2C1]
2025-11-23 20:44:21,621 [INFO] NvicIntPanel:101 - NVIC parent = com.st.microxplorer.plugins.ip.nvic.MultiNvicIntPanel[,0,0,0x0,invalid,layout=javax.swing.BoxLayout,alignmentX=0.0,alignmentY=0.0,border=,flags=9,maximumSize=,minimumSize=,preferredSize=]
2025-11-23 20:44:44,378 [INFO] UtilMem:75 - End SaveConfig() Used Memory: 639688344 Bytes (1073741824)
2025-11-23 20:44:47,802 [INFO] UtilMem:75 - End SaveConfig() Used Memory: 710022024 Bytes (1073741824)
2025-11-23 20:44:49,725 [INFO] UtilMem:75 - End SaveConfig() Used Memory: 781309720 Bytes (1073741824)
2025-11-23 20:44:50,058 [INFO] BlockDiagram:2775 - set Specific Code input for plugin: SYS
2025-11-23 20:44:50,058 [INFO] BlockDiagram:2775 - set Specific Code input for plugin: RCC
2025-11-23 20:44:50,058 [INFO] BlockDiagram:2775 - set Specific Code input for plugin: I2C
2025-11-23 20:44:50,058 [INFO] BlockDiagram:2775 - set Specific Code input for plugin: NVIC
2025-11-23 20:44:50,058 [INFO] BlockDiagram:2775 - set Specific Code input for plugin: GPIO
2025-11-23 20:44:50,059 [INFO] CodeGenerator:892 - code generatio: config db path: C:\ST\STM32CubeIDE_1.19.0\STM32CubeIDE\plugins\com.st.stm32cube.common.mx_6.15.0.202507011659\\db\
2025-11-23 20:44:50,182 [INFO] CodeEngine:265 - oldGeneratedFile, D:\STM32\Lab\Practice3-i2c-eeprom-random-number\MXTmpFiles\license.tmp_save
2025-11-23 20:44:50,503 [INFO] CodeEngine:289 - Generated code: D:\STM32\Lab\Practice3-i2c-eeprom-random-number\MXTmpFiles\license.tmp
2025-11-23 20:44:50,761 [INFO] CodeEngine:265 - oldGeneratedFile, D:\STM32\Lab\Practice3-i2c-eeprom-random-number\MXTmpFiles\gpio.tmp_save
2025-11-23 20:44:50,899 [INFO] CodeEngine:289 - Generated code: D:\STM32\Lab\Practice3-i2c-eeprom-random-number\MXTmpFiles\gpio.tmp
2025-11-23 20:44:51,098 [INFO] CodeEngine:265 - oldGeneratedFile, D:\STM32\Lab\Practice3-i2c-eeprom-random-number\Core\Src\stm32l4xx_it.c_save
2025-11-23 20:44:51,193 [INFO] CodeEngine:289 - Generated code: D:\STM32\Lab\Practice3-i2c-eeprom-random-number\Core\Src\stm32l4xx_it.c
2025-11-23 20:44:51,198 [INFO] CodeEngine:265 - oldGeneratedFile, D:\STM32\Lab\Practice3-i2c-eeprom-random-number\Core\Inc\stm32l4xx_it.h_save
2025-11-23 20:44:51,257 [INFO] CodeEngine:289 - Generated code: D:\STM32\Lab\Practice3-i2c-eeprom-random-number\Core\Inc\stm32l4xx_it.h
2025-11-23 20:44:51,269 [INFO] CodeEngine:265 - oldGeneratedFile, D:\STM32\Lab\Practice3-i2c-eeprom-random-number\Core\Src\stm32l4xx_hal_msp.c_save
2025-11-23 20:44:51,408 [INFO] CodeEngine:289 - Generated code: D:\STM32\Lab\Practice3-i2c-eeprom-random-number\Core\Src\stm32l4xx_hal_msp.c
2025-11-23 20:44:51,412 [INFO] CodeEngine:265 - oldGeneratedFile, D:\STM32\Lab\Practice3-i2c-eeprom-random-number\MXTmpFiles\system.tmp_save
2025-11-23 20:44:51,462 [INFO] CodeEngine:289 - Generated code: D:\STM32\Lab\Practice3-i2c-eeprom-random-number\MXTmpFiles\system.tmp
2025-11-23 20:44:51,473 [INFO] CodeEngine:321 - oldGeneratedFile, D:\STM32\Lab\Practice3-i2c-eeprom-random-number\Core\Inc\stm32l4xx_hal_conf.h_save
2025-11-23 20:44:51,530 [INFO] CodeEngine:345 - Generated code: D:\STM32\Lab\Practice3-i2c-eeprom-random-number\Core\Inc\stm32l4xx_hal_conf.h
2025-11-23 20:44:51,568 [INFO] ApiDbMcu:532 - Load IP Config File for I2C1
2025-11-23 20:44:51,572 [INFO] ApiDbMcu:532 - Load IP Config File for RCC
2025-11-23 20:44:51,582 [INFO] CodeEngine:265 - oldGeneratedFile, D:\STM32\Lab\Practice3-i2c-eeprom-random-number\Core\Inc\main.h_save
2025-11-23 20:44:51,658 [INFO] CodeEngine:289 - Generated code: D:\STM32\Lab\Practice3-i2c-eeprom-random-number\Core\Inc\main.h
2025-11-23 20:44:51,663 [INFO] CodeEngine:265 - oldGeneratedFile, D:\STM32\Lab\Practice3-i2c-eeprom-random-number\Core\Src\main.c_save
2025-11-23 20:44:51,775 [INFO] CodeEngine:289 - Generated code: D:\STM32\Lab\Practice3-i2c-eeprom-random-number\Core\Src\main.c
2025-11-23 20:44:52,116 [INFO] ProjectBuilder:3606 - Time for Copy HAL[1] : 198mS.
2025-11-23 20:44:52,123 [INFO] ProjectBuilder:5216 - Project Generator version: 4.7.0-B52
2025-11-23 20:44:52,195 [INFO] ConfigFileManager:1595 - The Die is : DIE415
2025-11-23 20:44:52,222 [INFO] ApiDbMcu:532 - Load IP Config File for FATFS
2025-11-23 20:44:52,228 [INFO] ApiDbMcu:532 - Load IP Config File for FREERTOS
2025-11-23 20:44:52,238 [INFO] ApiDbMcu:532 - Load IP Config File for TOUCHSENSING
2025-11-23 20:44:52,244 [INFO] ApiDbMcu:532 - Load IP Config File for USB_DEVICE
2025-11-23 20:44:52,248 [INFO] ApiDbMcu:532 - Load IP Config File for USB_HOST
2025-11-23 20:44:52,579 [INFO] LogOutputStream:77 - [STDOUT_REDIRECT] 
2025-11-23 20:44:53,642 [INFO] ProjectBuilder:5496 - Time for Generating toolchain IDE Files: 1518mS.
2025-11-23 20:44:53,642 [INFO] ProjectBuilder:3463 - Time for Copy CMSIS : 0mS.
2025-11-23 20:44:53,644 [INFO] ProjectBuilder:3463 - Time for Copy CMSIS : 0mS.
2025-11-23 20:52:05,854 [INFO] UtilMem:75 - End SaveConfig() Used Memory: 905660544 Bytes (1073741824)
2025-11-23 20:52:07,003 [INFO] UtilMem:75 - End SaveConfig() Used Memory: 935544848 Bytes (1073741824)
2025-11-23 20:52:08,868 [INFO] UtilMem:75 - End SaveConfig() Used Memory: 974784280 Bytes (1073741824)
2025-11-23 20:52:09,026 [INFO] BlockDiagram:2775 - set Specific Code input for plugin: SYS
2025-11-23 20:52:09,026 [INFO] BlockDiagram:2775 - set Specific Code input for plugin: RCC
2025-11-23 20:52:09,026 [INFO] BlockDiagram:2775 - set Specific Code input for plugin: I2C
2025-11-23 20:52:09,026 [INFO] BlockDiagram:2775 - set Specific Code input for plugin: NVIC
2025-11-23 20:52:09,027 [INFO] BlockDiagram:2775 - set Specific Code input for plugin: GPIO
2025-11-23 20:52:09,027 [INFO] CodeGenerator:892 - code generatio: config db path: C:\ST\STM32CubeIDE_1.19.0\STM32CubeIDE\plugins\com.st.stm32cube.common.mx_6.15.0.202507011659\\db\
2025-11-23 20:52:09,103 [INFO] CodeEngine:265 - oldGeneratedFile, D:\STM32\Lab\Practice3-i2c-eeprom-random-number\MXTmpFiles\license.tmp_save
2025-11-23 20:52:09,313 [INFO] CodeEngine:289 - Generated code: D:\STM32\Lab\Practice3-i2c-eeprom-random-number\MXTmpFiles\license.tmp
2025-11-23 20:52:09,372 [INFO] CodeEngine:265 - oldGeneratedFile, D:\STM32\Lab\Practice3-i2c-eeprom-random-number\MXTmpFiles\gpio.tmp_save
2025-11-23 20:52:09,486 [INFO] CodeEngine:289 - Generated code: D:\STM32\Lab\Practice3-i2c-eeprom-random-number\MXTmpFiles\gpio.tmp
2025-11-23 20:52:09,607 [INFO] CodeEngine:265 - oldGeneratedFile, D:\STM32\Lab\Practice3-i2c-eeprom-random-number\Core\Src\stm32l4xx_it.c_save
2025-11-23 20:52:09,809 [INFO] CodeEngine:289 - Generated code: D:\STM32\Lab\Practice3-i2c-eeprom-random-number\Core\Src\stm32l4xx_it.c
2025-11-23 20:52:09,814 [INFO] CodeEngine:265 - oldGeneratedFile, D:\STM32\Lab\Practice3-i2c-eeprom-random-number\Core\Inc\stm32l4xx_it.h_save
2025-11-23 20:52:09,878 [INFO] CodeEngine:289 - Generated code: D:\STM32\Lab\Practice3-i2c-eeprom-random-number\Core\Inc\stm32l4xx_it.h
2025-11-23 20:52:09,888 [INFO] CodeEngine:265 - oldGeneratedFile, D:\STM32\Lab\Practice3-i2c-eeprom-random-number\Core\Src\stm32l4xx_hal_msp.c_save
2025-11-23 20:52:10,012 [INFO] CodeEngine:289 - Generated code: D:\STM32\Lab\Practice3-i2c-eeprom-random-number\Core\Src\stm32l4xx_hal_msp.c
2025-11-23 20:52:10,016 [INFO] CodeEngine:265 - oldGeneratedFile, D:\STM32\Lab\Practice3-i2c-eeprom-random-number\MXTmpFiles\system.tmp_save
2025-11-23 20:52:10,067 [INFO] CodeEngine:289 - Generated code: D:\STM32\Lab\Practice3-i2c-eeprom-random-number\MXTmpFiles\system.tmp
2025-11-23 20:52:10,076 [INFO] CodeEngine:321 - oldGeneratedFile, D:\STM32\Lab\Practice3-i2c-eeprom-random-number\Core\Inc\stm32l4xx_hal_conf.h_save
2025-11-23 20:52:10,130 [INFO] CodeEngine:345 - Generated code: D:\STM32\Lab\Practice3-i2c-eeprom-random-number\Core\Inc\stm32l4xx_hal_conf.h
2025-11-23 20:52:10,155 [INFO] CodeEngine:265 - oldGeneratedFile, D:\STM32\Lab\Practice3-i2c-eeprom-random-number\Core\Inc\main.h_save
2025-11-23 20:52:10,229 [INFO] CodeEngine:289 - Generated code: D:\STM32\Lab\Practice3-i2c-eeprom-random-number\Core\Inc\main.h
2025-11-23 20:52:10,233 [INFO] CodeEngine:265 - oldGeneratedFile, D:\STM32\Lab\Practice3-i2c-eeprom-random-number\Core\Src\main.c_save
2025-11-23 20:52:10,389 [INFO] CodeEngine:289 - Generated code: D:\STM32\Lab\Practice3-i2c-eeprom-random-number\Core\Src\main.c
2025-11-23 20:52:10,722 [INFO] ProjectBuilder:3606 - Time for Copy HAL[1] : 171mS.
2025-11-23 20:52:10,725 [INFO] ProjectBuilder:5216 - Project Generator version: 4.7.0-B52
2025-11-23 20:52:10,791 [INFO] ConfigFileManager:1595 - The Die is : DIE415
2025-11-23 20:52:11,395 [INFO] ProjectBuilder:5496 - Time for Generating toolchain IDE Files: 670mS.
2025-11-23 20:52:11,395 [INFO] ProjectBuilder:3463 - Time for Copy CMSIS : 0mS.
2025-11-23 20:52:11,398 [INFO] ProjectBuilder:3463 - Time for Copy CMSIS : 0mS.
2025-11-23 22:24:43,631 [ERROR] LogOutputStream:75 - [STDERR_REDIRECT] 
