2025-12-11 21:04:32,286 [INFO] Activator:176 - 


2025-12-11 21:04:32,286 [INFO] Activator:177 - !SESSION log4j initialized
2025-12-11 21:04:41,095 [INFO] LogOutputStream:77 - [STDOUT_REDIRECT] 
2025-12-11 21:04:57,769 [INFO] ApplicationProperties:184 - Using Application install path: C:\ST\STM32CubeIDE_1.19.0\STM32CubeIDE\plugins\com.st.stm32cube.common.mx_6.15.0.202507011659
2025-12-11 21:04:57,789 [INFO] DbMcusXml:78 - Set database path to: C:\ST\STM32CubeIDE_1.19.0\STM32CubeIDE\plugins\com.st.stm32cube.common.mx_6.15.0.202507011659\\db\/mcu/
2025-12-11 21:04:57,789 [INFO] ApiDb:274 - Set plugin database path to: C:\ST\STM32CubeIDE_1.19.0\STM32CubeIDE\plugins\com.st.stm32cube.common.mx_6.15.0.202507011659\\db\/plugins/boardmanager/
2025-12-11 21:04:57,790 [WARN] ApiDb:259 - Overriding images path with different value:  => C:\ST\STM32CubeIDE_1.19.0\STM32CubeIDE\plugins\com.st.stm32cube.common.mx_6.15.0.202507011659\\db\/plugins/mcufinder/images/
2025-12-11 21:04:57,799 [INFO] ApiDb:250 - Set database path to: C:\Users\user\.stmcufinder\plugins\mcufinder//mcu/
2025-12-11 21:04:57,800 [INFO] DbMcusAds:125 - Set database path to: C:\Users\user\.stmcufinder\plugins\mcufinder//mcu/
2025-12-11 21:04:57,811 [INFO] CrossReferenceDbSqlite:203 - Set database path to: C:\Users\user\.stmcufinder\plugins\mcufinder//mcu/cs/
2025-12-11 21:04:57,967 [INFO] RulesReader:64 - Compatibility file has been processed (317 Rules)
2025-12-11 21:04:58,091 [INFO] DbMcusXml:78 - Set database path to: C:\ST\STM32CubeIDE_1.19.0\STM32CubeIDE\plugins\com.st.stm32cube.common.mx_6.15.0.202507011659\\db\/mcu/
2025-12-11 21:04:58,091 [INFO] ApiDb:274 - Set plugin database path to: C:\ST\STM32CubeIDE_1.19.0\STM32CubeIDE\plugins\com.st.stm32cube.common.mx_6.15.0.202507011659\\db\/plugins/boardmanager/
2025-12-11 21:04:58,091 [INFO] ApiDb:261 - Set plugin images path to: C:\ST\STM32CubeIDE_1.19.0\STM32CubeIDE\plugins\com.st.stm32cube.common.mx_6.15.0.202507011659\\db\/plugins/mcufinder/images/
2025-12-11 21:04:58,091 [WARN] DbFile:41 - Overriding database path with different value: C:\Users\user\.stmcufinder\plugins\mcufinder/ => C:\Users\user\.stmcufinder\plugins\mcufinder
2025-12-11 21:04:58,091 [INFO] ApiDb:250 - Set database path to: C:\Users\user\.stmcufinder\plugins\mcufinder//mcu/
2025-12-11 21:04:58,091 [WARN] DbFile:41 - Overriding database path with different value: C:\Users\user\.stmcufinder\plugins\mcufinder/ => C:\Users\user\.stmcufinder\plugins\mcufinder
2025-12-11 21:04:58,092 [INFO] DbMcusAds:125 - Set database path to: C:\Users\user\.stmcufinder\plugins\mcufinder//mcu/
2025-12-11 21:04:58,092 [WARN] DbFile:41 - Overriding database path with different value: C:\Users\user\.stmcufinder\plugins\mcufinder/ => C:\Users\user\.stmcufinder\plugins\mcufinder
2025-12-11 21:04:58,092 [WARN] DbFile:41 - Overriding database path with different value: C:\Users\user\.stmcufinder\plugins\mcufinder/ => C:\Users\user\.stmcufinder\plugins\mcufinder
2025-12-11 21:04:58,092 [INFO] CrossReferenceDbSqlite:203 - Set database path to: C:\Users\user\.stmcufinder\plugins\mcufinder//mcu/cs/
2025-12-11 21:04:58,169 [INFO] MainPanel:274 - HeapMemory: 268435456
2025-12-11 21:04:58,300 [INFO] DbMcusXml:78 - Set database path to: C:\ST\STM32CubeIDE_1.19.0\STM32CubeIDE\plugins\com.st.stm32cube.common.mx_6.15.0.202507011659\\db\/mcu/
2025-12-11 21:04:58,300 [INFO] ApiDb:274 - Set plugin database path to: C:\ST\STM32CubeIDE_1.19.0\STM32CubeIDE\plugins\com.st.stm32cube.common.mx_6.15.0.202507011659\\db\/plugins/boardmanager/
2025-12-11 21:04:58,300 [INFO] ApiDb:261 - Set plugin images path to: C:\ST\STM32CubeIDE_1.19.0\STM32CubeIDE\plugins\com.st.stm32cube.common.mx_6.15.0.202507011659\\db\/plugins/mcufinder/images/
2025-12-11 21:04:58,301 [WARN] DbFile:41 - Overriding database path with different value: C:\Users\user\.stmcufinder\plugins\mcufinder/ => C:\Users\user\.stmcufinder\plugins\mcufinder
2025-12-11 21:04:58,301 [INFO] ApiDb:250 - Set database path to: C:\Users\user\.stmcufinder\plugins\mcufinder//mcu/
2025-12-11 21:04:58,301 [WARN] DbFile:41 - Overriding database path with different value: C:\Users\user\.stmcufinder\plugins\mcufinder/ => C:\Users\user\.stmcufinder\plugins\mcufinder
2025-12-11 21:04:58,301 [INFO] DbMcusAds:125 - Set database path to: C:\Users\user\.stmcufinder\plugins\mcufinder//mcu/
2025-12-11 21:04:58,301 [WARN] DbFile:41 - Overriding database path with different value: C:\Users\user\.stmcufinder\plugins\mcufinder/ => C:\Users\user\.stmcufinder\plugins\mcufinder
2025-12-11 21:04:58,301 [WARN] DbFile:41 - Overriding database path with different value: C:\Users\user\.stmcufinder\plugins\mcufinder/ => C:\Users\user\.stmcufinder\plugins\mcufinder
2025-12-11 21:04:58,301 [INFO] CrossReferenceDbSqlite:203 - Set database path to: C:\Users\user\.stmcufinder\plugins\mcufinder//mcu/cs/
2025-12-11 21:04:58,319 [INFO] ApplicationProperties:184 - Using Application install path: C:\ST\STM32CubeIDE_1.19.0\STM32CubeIDE\plugins\com.st.stm32cube.common.mx_6.15.0.202507011659
2025-12-11 21:04:58,320 [INFO] PluginManage:196 - Search for loadable plugins [exclusion list=, ]
2025-12-11 21:04:58,321 [INFO] PluginManage:310 - Check plugin analytics
2025-12-11 21:04:58,612 [INFO] AnalyticsPlugin:253 - Accepted Software Licenses: 
2025-12-11 21:04:58,613 [INFO] AnalyticsPlugin:255 - Accepted CMSIS Pack Licenses: 
2025-12-11 21:04:58,613 [INFO] AnalyticsPlugin:257 - Accepted Firmware Licenses: FW.L4.1.18.0
2025-12-11 21:04:58,618 [INFO] PluginManage:359 - Loaded plugin analytics (category:tool,tabindex:-1)
2025-12-11 21:04:58,619 [INFO] PluginManage:310 - Check plugin cadmodel
2025-12-11 21:04:58,632 [INFO] CADModel:105 - Init CAD model plugin
2025-12-11 21:04:58,632 [INFO] PluginManage:359 - Loaded plugin cadmodel (category:power,tabindex:5)
2025-12-11 21:04:58,633 [INFO] PluginManage:310 - Check plugin clock
2025-12-11 21:04:58,648 [INFO] PluginManage:359 - Loaded plugin clock (category:base,tabindex:2)
2025-12-11 21:04:58,649 [INFO] PluginManage:310 - Check plugin ddr
2025-12-11 21:04:58,651 [INFO] PluginManage:359 - Loaded plugin ddr (category:tool,tabindex:6)
2025-12-11 21:04:58,651 [INFO] PluginManage:310 - Check plugin filemanager
2025-12-11 21:04:58,818 [INFO] PluginManage:359 - Loaded plugin filemanager (category:base,tabindex:10)
2025-12-11 21:04:58,820 [INFO] PluginManage:310 - Check plugin ipmanager
2025-12-11 21:04:58,826 [INFO] PluginManage:359 - Loaded plugin ipmanager (category:base,tabindex:5)
2025-12-11 21:04:58,826 [INFO] PluginManage:310 - Check plugin lpbam
2025-12-11 21:04:58,835 [INFO] PluginManage:359 - Loaded plugin lpbam (category:base,tabindex:0)
2025-12-11 21:04:58,835 [INFO] PluginManage:310 - Check plugin memorymap
2025-12-11 21:04:58,849 [INFO] PluginManage:359 - Loaded plugin memorymap (category:base,tabindex:4)
2025-12-11 21:04:58,850 [INFO] PluginManage:310 - Check plugin pinoutandconfiguration
2025-12-11 21:04:58,859 [INFO] PluginManage:359 - Loaded plugin pinoutandconfiguration (category:base,tabindex:1)
2025-12-11 21:04:58,859 [INFO] PluginManage:310 - Check plugin pinoutconfig
2025-12-11 21:04:58,946 [WARN] SupportedApi:132 - Cannot load RTOS API schema: s4s-elt-must-match.1: The content of 'definitions' must match (annotation?, (simpleType | complexType)?, (unique | key | keyref)*)). A problem was found starting at: attribute.
2025-12-11 21:04:59,079 [INFO] PluginManage:359 - Loaded plugin pinoutconfig (category:base,tabindex:0)
2025-12-11 21:04:59,080 [INFO] PluginManage:310 - Check plugin power
2025-12-11 21:04:59,091 [INFO] PluginManage:359 - Loaded plugin power (category:power,tabindex:4)
2025-12-11 21:04:59,091 [INFO] PluginManage:310 - Check plugin projectmanager
2025-12-11 21:04:59,108 [INFO] PluginManage:359 - Loaded plugin projectmanager (category:projectmanager,tabindex:4)
2025-12-11 21:04:59,108 [INFO] PluginManage:310 - Check plugin rif
2025-12-11 21:04:59,122 [INFO] PluginManage:359 - Loaded plugin rif (category:base,tabindex:3)
2025-12-11 21:04:59,122 [INFO] PluginManage:310 - Check plugin thirdparty
2025-12-11 21:04:59,282 [INFO] PluginManage:359 - Loaded plugin thirdparty (category:base,tabindex:-1)
2025-12-11 21:04:59,282 [WARN] IntegrityCheckThread:84 - waiting for thirdparty lock release [integrity check]
2025-12-11 21:04:59,282 [INFO] PluginManage:310 - Check plugin tools
2025-12-11 21:04:59,282 [INFO] IntegrityCheckThread:86 - entering critical section [integrity check]
2025-12-11 21:04:59,282 [INFO] ThirdPartyUpdaterWithRetryManager:70 - Updater plugin not ready yet. [1/15]
2025-12-11 21:04:59,286 [INFO] PluginManage:359 - Loaded plugin tools (category:base,tabindex:7)
2025-12-11 21:04:59,286 [INFO] PluginManage:310 - Check plugin tutovideos
2025-12-11 21:04:59,484 [INFO] PluginManage:359 - Loaded plugin tutovideos (category:base,tabindex:-1)
2025-12-11 21:04:59,485 [INFO] PluginManage:310 - Check plugin updater
2025-12-11 21:04:59,509 [INFO] PluginManage:359 - Loaded plugin updater (category:base,tabindex:12)
2025-12-11 21:04:59,509 [INFO] PluginManage:310 - Check plugin userauth
2025-12-11 21:04:59,513 [INFO] UserAuth:118 - Init User Auth plugin
2025-12-11 21:04:59,514 [INFO] PluginManage:359 - Loaded plugin userauth (category:base,tabindex:14)
2025-12-11 21:04:59,514 [INFO] PluginManage:283 - PluginManage : Loaded plugins [18]
2025-12-11 21:04:59,736 [INFO] PinOutPanel:1589 - setPackage(No Configuration,No Configuration)
2025-12-11 21:04:59,842 [INFO] CADModel:165 - CPN selected for project level
2025-12-11 21:04:59,842 [INFO] CADModel:114 - Register for checkConnection events
2025-12-11 21:04:59,863 [INFO] IPUIPlugin:80 - create IPUIPlugin
2025-12-11 21:04:59,863 [INFO] PluginManager:220 - loadIPPluginJar : add adc
2025-12-11 21:04:59,866 [INFO] IPUIPlugin:80 - create IPUIPlugin
2025-12-11 21:04:59,866 [INFO] PluginManager:220 - loadIPPluginJar : add aes
2025-12-11 21:04:59,868 [INFO] IPUIPlugin:80 - create IPUIPlugin
2025-12-11 21:04:59,869 [INFO] PluginManager:220 - loadIPPluginJar : add can
2025-12-11 21:04:59,870 [INFO] IPUIPlugin:80 - create IPUIPlugin
2025-12-11 21:04:59,870 [INFO] PluginManager:220 - loadIPPluginJar : add comp
2025-12-11 21:04:59,873 [INFO] IPUIPlugin:80 - create IPUIPlugin
2025-12-11 21:04:59,873 [INFO] PluginManager:220 - loadIPPluginJar : add cryp
2025-12-11 21:04:59,876 [INFO] IPUIPlugin:80 - create IPUIPlugin
2025-12-11 21:04:59,876 [INFO] PluginManager:220 - loadIPPluginJar : add ddr_ctrl_phy
2025-12-11 21:04:59,878 [INFO] IPUIPlugin:80 - create IPUIPlugin
2025-12-11 21:04:59,880 [INFO] PluginManager:220 - loadIPPluginJar : add dfsdm
2025-12-11 21:04:59,885 [INFO] IPUIPlugin:80 - create IPUIPlugin
2025-12-11 21:04:59,885 [INFO] PluginManager:220 - loadIPPluginJar : add dma
2025-12-11 21:04:59,887 [INFO] IPUIPlugin:80 - create IPUIPlugin
2025-12-11 21:04:59,887 [INFO] PluginManager:220 - loadIPPluginJar : add dma3
2025-12-11 21:04:59,891 [INFO] IPUIPlugin:80 - create IPUIPlugin
2025-12-11 21:04:59,891 [INFO] PluginManager:220 - loadIPPluginJar : add extmemmanager
2025-12-11 21:04:59,892 [INFO] IPUIPlugin:80 - create IPUIPlugin
2025-12-11 21:04:59,892 [INFO] PluginManager:220 - loadIPPluginJar : add fatfs
2025-12-11 21:04:59,896 [INFO] IPUIPlugin:80 - create IPUIPlugin
2025-12-11 21:04:59,897 [INFO] PluginManager:220 - loadIPPluginJar : add fmc
2025-12-11 21:04:59,907 [INFO] IPUIPlugin:80 - create IPUIPlugin
2025-12-11 21:04:59,907 [INFO] PluginManager:220 - loadIPPluginJar : add freertos
2025-12-11 21:04:59,908 [INFO] IPUIPlugin:80 - create IPUIPlugin
2025-12-11 21:04:59,908 [INFO] PluginManager:220 - loadIPPluginJar : add genericplugin
2025-12-11 21:04:59,912 [INFO] IPUIPlugin:80 - create IPUIPlugin
2025-12-11 21:04:59,912 [INFO] PluginManager:220 - loadIPPluginJar : add gfxmmu
2025-12-11 21:04:59,917 [INFO] IPUIPlugin:80 - create IPUIPlugin
2025-12-11 21:04:59,917 [INFO] PluginManager:220 - loadIPPluginJar : add gic
2025-12-11 21:04:59,920 [INFO] IPUIPlugin:80 - create IPUIPlugin
2025-12-11 21:04:59,920 [INFO] PluginManager:220 - loadIPPluginJar : add gpio
2025-12-11 21:04:59,923 [INFO] IPUIPlugin:80 - create IPUIPlugin
2025-12-11 21:04:59,923 [INFO] PluginManager:220 - loadIPPluginJar : add gtzc
2025-12-11 21:04:59,925 [INFO] IPUIPlugin:80 - create IPUIPlugin
2025-12-11 21:04:59,925 [INFO] PluginManager:220 - loadIPPluginJar : add hash
2025-12-11 21:04:59,928 [INFO] IPUIPlugin:80 - create IPUIPlugin
2025-12-11 21:04:59,928 [INFO] PluginManager:220 - loadIPPluginJar : add i2c
2025-12-11 21:04:59,928 [INFO] IPUIPlugin:80 - create IPUIPlugin
2025-12-11 21:04:59,928 [INFO] PluginManager:220 - loadIPPluginJar : add i2s
2025-12-11 21:04:59,928 [INFO] IPUIPlugin:80 - create IPUIPlugin
2025-12-11 21:04:59,928 [INFO] PluginManager:220 - loadIPPluginJar : add i3c
2025-12-11 21:04:59,936 [INFO] IPUIPlugin:80 - create IPUIPlugin
2025-12-11 21:04:59,936 [INFO] PluginManager:220 - loadIPPluginJar : add ipddr
2025-12-11 21:04:59,944 [INFO] IPUIPlugin:80 - create IPUIPlugin
2025-12-11 21:04:59,944 [INFO] PluginManager:220 - loadIPPluginJar : add linkedlist
2025-12-11 21:04:59,950 [INFO] IPUIPlugin:80 - create IPUIPlugin
2025-12-11 21:04:59,950 [INFO] PluginManager:220 - loadIPPluginJar : add lorawan
2025-12-11 21:04:59,951 [INFO] IPUIPlugin:80 - create IPUIPlugin
2025-12-11 21:04:59,951 [INFO] PluginManager:220 - loadIPPluginJar : add ltdc
2025-12-11 21:04:59,956 [INFO] IPUIPlugin:80 - create IPUIPlugin
2025-12-11 21:04:59,956 [INFO] PluginManager:220 - loadIPPluginJar : add mdma
2025-12-11 21:04:59,961 [INFO] IPUIPlugin:80 - create IPUIPlugin
2025-12-11 21:04:59,961 [INFO] PluginManager:220 - loadIPPluginJar : add nvic
2025-12-11 21:04:59,964 [INFO] IPUIPlugin:80 - create IPUIPlugin
2025-12-11 21:04:59,964 [INFO] PluginManager:220 - loadIPPluginJar : add opamp
2025-12-11 21:04:59,967 [INFO] IPUIPlugin:80 - create IPUIPlugin
2025-12-11 21:04:59,967 [INFO] PluginManager:220 - loadIPPluginJar : add openamp
2025-12-11 21:04:59,970 [INFO] IPUIPlugin:80 - create IPUIPlugin
2025-12-11 21:04:59,970 [INFO] PluginManager:220 - loadIPPluginJar : add pdm2pcm
2025-12-11 21:04:59,976 [INFO] IPUIPlugin:80 - create IPUIPlugin
2025-12-11 21:04:59,978 [INFO] PluginManager:220 - loadIPPluginJar : add plateformsettings
2025-12-11 21:04:59,979 [INFO] IPUIPlugin:80 - create IPUIPlugin
2025-12-11 21:04:59,980 [INFO] PluginManager:220 - loadIPPluginJar : add quadspi
2025-12-11 21:04:59,981 [INFO] IPUIPlugin:80 - create IPUIPlugin
2025-12-11 21:04:59,981 [INFO] PluginManager:220 - loadIPPluginJar : add radio
2025-12-11 21:04:59,985 [INFO] IPUIPlugin:80 - create IPUIPlugin
2025-12-11 21:04:59,986 [INFO] PluginManager:220 - loadIPPluginJar : add resmgrutility
2025-12-11 21:04:59,991 [INFO] IPUIPlugin:80 - create IPUIPlugin
2025-12-11 21:04:59,991 [INFO] PluginManager:220 - loadIPPluginJar : add sai
2025-12-11 21:04:59,995 [INFO] IPUIPlugin:80 - create IPUIPlugin
2025-12-11 21:04:59,995 [INFO] PluginManager:220 - loadIPPluginJar : add spi
2025-12-11 21:05:00,002 [INFO] IPUIPlugin:80 - create IPUIPlugin
2025-12-11 21:05:00,002 [INFO] PluginManager:220 - loadIPPluginJar : add stm32_wpan
2025-12-11 21:05:00,004 [INFO] IPUIPlugin:80 - create IPUIPlugin
2025-12-11 21:05:00,004 [INFO] PluginManager:220 - loadIPPluginJar : add tim
2025-12-11 21:05:00,008 [INFO] IPUIPlugin:80 - create IPUIPlugin
2025-12-11 21:05:00,008 [INFO] PluginManager:220 - loadIPPluginJar : add touchsensing
2025-12-11 21:05:00,011 [INFO] IPUIPlugin:80 - create IPUIPlugin
2025-12-11 21:05:00,011 [INFO] PluginManager:220 - loadIPPluginJar : add tracer_emb
2025-12-11 21:05:00,013 [INFO] IPUIPlugin:80 - create IPUIPlugin
2025-12-11 21:05:00,013 [INFO] PluginManager:220 - loadIPPluginJar : add ts
2025-12-11 21:05:00,014 [INFO] IPUIPlugin:80 - create IPUIPlugin
2025-12-11 21:05:00,014 [INFO] PluginManager:220 - loadIPPluginJar : add tsc
2025-12-11 21:05:00,016 [INFO] IPUIPlugin:80 - create IPUIPlugin
2025-12-11 21:05:00,017 [INFO] PluginManager:220 - loadIPPluginJar : add ucpd
2025-12-11 21:05:00,019 [INFO] IPUIPlugin:80 - create IPUIPlugin
2025-12-11 21:05:00,019 [INFO] PluginManager:220 - loadIPPluginJar : add usart
2025-12-11 21:05:00,022 [INFO] IPUIPlugin:80 - create IPUIPlugin
2025-12-11 21:05:00,022 [INFO] PluginManager:220 - loadIPPluginJar : add usbx
2025-12-11 21:05:00,145 [FATAL] Updater:351 - Updater called before beeing initialized
2025-12-11 21:05:00,193 [INFO] RulesReader:64 - Compatibility file has been processed (317 Rules)
2025-12-11 21:05:00,213 [INFO] RulesReader:64 - Compatibility file has been processed (317 Rules)
2025-12-11 21:05:00,232 [INFO] CADModel:165 - CPN selected for project level
2025-12-11 21:05:00,232 [INFO] CADModel:114 - Register for checkConnection events
2025-12-11 21:05:00,232 [FATAL] Updater:351 - Updater called before beeing initialized
2025-12-11 21:05:00,232 [ERROR] CADModel:125 - Updater not yet initialized, retry later 
2025-12-11 21:05:00,421 [FATAL] Updater:351 - Updater called before beeing initialized
2025-12-11 21:05:00,423 [INFO] CADModel:165 - CPN selected for project level
2025-12-11 21:05:00,423 [INFO] CADModel:114 - Register for checkConnection events
2025-12-11 21:05:00,423 [FATAL] Updater:351 - Updater called before beeing initialized
2025-12-11 21:05:00,423 [ERROR] CADModel:125 - Updater not yet initialized, retry later 
2025-12-11 21:05:00,426 [FATAL] Updater:351 - Updater called before beeing initialized
2025-12-11 21:05:00,582 [FATAL] Updater:351 - Updater called before beeing initialized
2025-12-11 21:05:00,605 [INFO] DbMcusAds:53 - JSON generation date=Mon Dec 08 22:28:10 CST 2025 (1765204090049)
2025-12-11 21:05:00,605 [FATAL] Updater:351 - Updater called before beeing initialized
2025-12-11 21:05:00,653 [WARN] DetailPanel:346 - Failed to get advertising image, set to default
2025-12-11 21:05:00,750 [FATAL] Updater:351 - Updater called before beeing initialized
2025-12-11 21:05:00,752 [FATAL] Updater:351 - Updater called before beeing initialized
2025-12-11 21:05:00,752 [FATAL] Updater:351 - Updater called before beeing initialized
2025-12-11 21:05:00,752 [WARN] DetailPanel:346 - Failed to get advertising image, set to default
2025-12-11 21:05:00,753 [FATAL] Updater:351 - Updater called before beeing initialized
2025-12-11 21:05:00,798 [ERROR] Updater:1198 - MainUpdater not yet initialized. External WinMGr cannot be set.
2025-12-11 21:05:00,800 [INFO] Updater:1134 - Updater Version found : 6.15.0
2025-12-11 21:05:00,816 [INFO] ApplicationProperties:184 - Using Application install path: C:\ST\STM32CubeIDE_1.19.0\STM32CubeIDE\plugins\com.st.stm32cube.common.mx_6.15.0.202507011659
2025-12-11 21:05:02,296 [INFO] ThirdPartyUpdaterWithRetryManager:70 - Updater plugin not ready yet. [2/15]
2025-12-11 21:05:02,422 [ERROR] LogOutputStream:75 - [STDERR_REDIRECT] Dec 11, 2025 9:05:02 PM java.util.prefs.WindowsPreferences <init>
2025-12-11 21:05:02,424 [ERROR] LogOutputStream:75 - [STDERR_REDIRECT] WARNING: Could not open/create prefs root node Software\JavaSoft\Prefs at root 0xffffffff80000002. Windows RegCreateKeyEx(...) returned error code 5.
2025-12-11 21:05:02,424 [ERROR] LogOutputStream:75 - [STDERR_REDIRECT] 
2025-12-11 21:05:03,611 [INFO] MainUpdater:2872 - connection check result : 10
2025-12-11 21:05:03,611 [INFO] MainUpdater:289 - Updater Check For Update Now.
2025-12-11 21:05:03,611 [INFO] MicroXplorer:498 - Change Database Version : DB.6.0.150
2025-12-11 21:05:03,621 [INFO] McuFinderGlobals:63 - Set McuFinder mode to 2 (CubeIDE integrated)
2025-12-11 21:05:03,622 [INFO] UserAuth:171 - activating auth plugin
2025-12-11 21:05:03,624 [INFO] UserAuth:487 - Internet connection configuration mode: 1
2025-12-11 21:05:03,677 [INFO] JxBrowserEngine:152 - Initiate JxBrowser Engine with user profile folder
2025-12-11 21:05:03,837 [INFO] CheckServerUpdateThread:120 - End of CheckServer Thread
2025-12-11 21:05:05,741 [INFO] WebApp:169 - Instantiating new browser for Auth
2025-12-11 21:05:05,758 [WARN] PackLoader:240 - Cannot read IP mode file for STMicroelectronics.FP-SNS-MOTENVWB1.1.4.0
2025-12-11 21:05:05,769 [WARN] PackLoader:240 - Cannot read IP mode file for STMicroelectronics.FP-ATR-ASTRA1.2.0.2
2025-12-11 21:05:05,777 [WARN] PackLoader:240 - Cannot read IP mode file for STMicroelectronics.X-CUBE-SMBUS.2.1.0
2025-12-11 21:05:05,777 [WARN] PackLoader:240 - Cannot read IP mode file for STMicroelectronics.X-CUBE-ST60.1.0.0
2025-12-11 21:05:05,834 [WARN] PackLoader:240 - Cannot read IP mode file for STMicroelectronics.X-CUBE-AZRTOS-F7.1.1.0
2025-12-11 21:05:05,857 [WARN] PackLoader:240 - Cannot read IP mode file for STMicroelectronics.FP-SNS-MOTENV1.5.1.0
2025-12-11 21:05:05,880 [WARN] PackLoader:240 - Cannot read IP mode file for WES.I-CUBE-Cesium.1.4.0
2025-12-11 21:05:05,923 [WARN] PackLoader:240 - Cannot read IP mode file for Infineon.AIROC-Wi-Fi-Bluetooth-STM32.1.7.1
2025-12-11 21:05:05,970 [WARN] PackLoader:240 - Cannot read IP mode file for STMicroelectronics.X-CUBE-AZRTOS-H7.3.4.0
2025-12-11 21:05:05,977 [WARN] PackLoader:240 - Cannot read IP mode file for STMicroelectronics.X-CUBE-DISPLAY.3.0.0
2025-12-11 21:05:06,014 [WARN] PackLoader:240 - Cannot read IP mode file for STMicroelectronics.X-CUBE-NFC10.1.0.0
2025-12-11 21:05:06,023 [WARN] PackLoader:240 - Cannot read IP mode file for STMicroelectronics.X-CUBE-ST60.1.1.0
2025-12-11 21:05:06,027 [WARN] PackLoader:240 - Cannot read IP mode file for emotas.I-CUBE-CANOPEN.1.3.0
2025-12-11 21:05:06,043 [WARN] PackLoader:240 - Cannot read IP mode file for STMicroelectronics.X-CUBE-GNSS1.7.1.0
2025-12-11 21:05:06,056 [WARN] PackLoader:240 - Cannot read IP mode file for STMicroelectronics.FP-SNS-STBOX1.2.1.0
2025-12-11 21:05:06,065 [WARN] PackLoader:240 - Cannot read IP mode file for STMicroelectronics.FP-SNS-SMARTAG2.1.2.0
2025-12-11 21:05:06,070 [WARN] PackLoader:240 - Cannot read IP mode file for STMicroelectronics.FP-SNS-FLIGHT1.5.1.0
2025-12-11 21:05:06,081 [INFO] LogOutputStream:77 - [STDOUT_REDIRECT] 1 : Invalid condition id : UX_CORESTACK_Condition cause : null
2025-12-11 21:05:06,083 [INFO] LogOutputStream:77 - [STDOUT_REDIRECT] 1 : Invalid condition id : UX_CORESTACK_Condition cause : null
2025-12-11 21:05:06,084 [INFO] LogOutputStream:77 - [STDOUT_REDIRECT] 1 : Invalid condition id : UX_CORESTACK_Condition cause : null
2025-12-11 21:05:06,086 [INFO] LogOutputStream:77 - [STDOUT_REDIRECT] 1 : Invalid condition id : UX_CORESTACK_Condition cause : null
2025-12-11 21:05:06,087 [INFO] LogOutputStream:77 - [STDOUT_REDIRECT] 1 : Invalid condition id : UX_CORESTACK_Condition cause : null
2025-12-11 21:05:06,090 [WARN] PackLoader:240 - Cannot read IP mode file for STMicroelectronics.X-CUBE-AZRTOS-WL.2.0.0
2025-12-11 21:05:06,097 [WARN] PackLoader:240 - Cannot read IP mode file for STMicroelectronics.FP-SNS-MOTENV1.5.0.0
2025-12-11 21:05:06,118 [WARN] PackLoader:240 - Cannot read IP mode file for STMicroelectronics.X-CUBE-AZRTOS-H7RS.1.2.0
2025-12-11 21:05:06,131 [WARN] PackLoader:240 - Cannot read IP mode file for STMicroelectronics.X-CUBE-BLE2.3.3.0
2025-12-11 21:05:06,170 [WARN] PackLoader:240 - Cannot read IP mode file for STMicroelectronics.X-CUBE-NFC9.1.0.0
2025-12-11 21:05:06,179 [WARN] PackLoader:240 - Cannot read IP mode file for wolfSSL.I-CUBE-wolfSSL.5.8.2
2025-12-11 21:05:06,186 [WARN] PackLoader:240 - Cannot read IP mode file for STMicroelectronics.X-CUBE-BLE1.7.1.0
2025-12-11 21:05:06,191 [WARN] PackLoader:240 - Cannot read IP mode file for wolfSSL.I-CUBE-wolfMQTT.1.19.2
2025-12-11 21:05:06,198 [WARN] PackLoader:240 - Cannot read IP mode file for STMicroelectronics.X-CUBE-FREERTOS.1.4.0
2025-12-11 21:05:06,204 [WARN] PackLoader:240 - Cannot read IP mode file for STMicroelectronics.X-CUBE-EEPRMA1.5.2.0
2025-12-11 21:05:06,213 [WARN] PackLoader:240 - Cannot read IP mode file for STMicroelectronics.X-CUBE-ST67W61.1.1.0
2025-12-11 21:05:06,327 [WARN] PackLoader:240 - Cannot read IP mode file for STMicroelectronics.X-CUBE-MEMS1.12.0.0
2025-12-11 21:05:06,452 [WARN] PackLoader:240 - Cannot read IP mode file for STMicroelectronics.X-CUBE-AZRTOS-G0.1.1.0
2025-12-11 21:05:06,459 [WARN] PackLoader:240 - Cannot read IP mode file for STMicroelectronics.X-CUBE-SAFEA1.1.2.2
2025-12-11 21:05:06,466 [WARN] PackLoader:240 - Cannot read IP mode file for STMicroelectronics.X-CUBE-NFC4.3.0.0
2025-12-11 21:05:06,475 [WARN] PackLoader:240 - Cannot read IP mode file for EmbeddedOffice.I-CUBE-FS-RTOS.1.0.1
2025-12-11 21:05:06,482 [WARN] PackLoader:240 - Cannot read IP mode file for STMicroelectronics.X-CUBE-WB05N.2.0.0
2025-12-11 21:05:06,487 [WARN] PackLoader:240 - Cannot read IP mode file for wolfSSL.I-CUBE-wolfTPM.3.8.0
2025-12-11 21:05:06,492 [WARN] PackLoader:240 - Cannot read IP mode file for STMicroelectronics.X-CUBE-TCPP.4.2.0
2025-12-11 21:05:06,499 [WARN] PackLoader:240 - Cannot read IP mode file for RealThread.X-CUBE-RT-Thread_Nano.4.1.1
2025-12-11 21:05:06,504 [WARN] PackLoader:240 - Cannot read IP mode file for STMicroelectronics.FP-ATR-SIGFOX1.3.2.0
2025-12-11 21:05:06,521 [WARN] PackLoader:240 - Cannot read IP mode file for ITTIA_DB.I-CUBE-ITTIADB.8.9.0
2025-12-11 21:05:06,541 [WARN] PackLoader:240 - Cannot read IP mode file for STMicroelectronics.X-CUBE-ST67W61.1.0.0
2025-12-11 21:05:06,550 [WARN] PackLoader:240 - Cannot read IP mode file for STMicroelectronics.X-CUBE-AI.10.2.0
2025-12-11 21:05:06,577 [WARN] PackLoader:240 - Cannot read IP mode file for SEGGER.I-CUBE-embOS.1.3.1
2025-12-11 21:05:06,619 [WARN] PackLoader:240 - Cannot read IP mode file for STMicroelectronics.X-CUBE-ALGOBUILD.1.4.0
2025-12-11 21:05:06,662 [WARN] PackLoader:240 - Cannot read IP mode file for STMicroelectronics.X-CUBE-MEMS1.11.3.0
2025-12-11 21:05:06,777 [WARN] PackLoader:240 - Cannot read IP mode file for STMicroelectronics.X-CUBE-PM33A1.1.0.0
2025-12-11 21:05:06,793 [WARN] PackLoader:240 - Cannot read IP mode file for STMicroelectronics.X-CUBE-AZRTOS-F4.1.1.0
2025-12-11 21:05:06,798 [WARN] PackLoader:240 - Cannot read IP mode file for Avnet-IotConnect.X-CUBE-IoTC-DA16k-PMOD.1.0.0
2025-12-11 21:05:06,802 [WARN] PackLoader:240 - Cannot read IP mode file for STMicroelectronics.X-CUBE-ISPU.2.1.0
2025-12-11 21:05:06,814 [WARN] PackLoader:240 - Cannot read IP mode file for STMicroelectronics.X-CUBE-IPS.3.2.0
2025-12-11 21:05:06,827 [WARN] PackLoader:240 - Cannot read IP mode file for STMicroelectronics.X-CUBE-NFC12.1.0.0
2025-12-11 21:05:06,864 [WARN] PackLoader:240 - Cannot read IP mode file for STMicroelectronics.X-CUBE-AZRTOS-L5.2.0.0
2025-12-11 21:05:06,875 [WARN] PackLoader:240 - Cannot read IP mode file for STMicroelectronics.X-CUBE-NFC6.3.1.0
2025-12-11 21:05:06,877 [WARN] PackLoader:240 - Cannot read IP mode file for STMicroelectronics.X-CUBE-FREERTOS.1.3.1
2025-12-11 21:05:06,892 [WARN] PackLoader:240 - Cannot read IP mode file for STMicroelectronics.X-CUBE-TOUCHGFX.4.26.0
2025-12-11 21:05:06,897 [WARN] PackLoader:240 - Cannot read IP mode file for STMicroelectronics.FP-SNS-STAIOTCFT.1.0.0
2025-12-11 21:05:06,903 [WARN] PackLoader:240 - Cannot read IP mode file for STMicroelectronics.X-CUBE-DPower.1.3.0
2025-12-11 21:05:06,927 [WARN] ConditionMgr:438 - getConditionDescription Invalid condition id : LAN8742 Phy interface Condition cause : null
2025-12-11 21:05:06,937 [WARN] PackLoader:240 - Cannot read IP mode file for STMicroelectronics.X-CUBE-AZRTOS-L4.2.0.0
2025-12-11 21:05:06,937 [WARN] ConditionMgr:1044 - genDependencies : Invalid condition id : LAN8742 Phy interface Condition cause : null
2025-12-11 21:05:06,937 [WARN] ConditionMgr:1044 - genDependencies : Invalid condition id : LAN8742 Phy interface Condition cause : null
2025-12-11 21:05:06,939 [WARN] ConditionMgr:1044 - genDependencies : Invalid condition id : LAN8742 Phy interface Condition cause : null
2025-12-11 21:05:06,949 [WARN] PackLoader:240 - Cannot read IP mode file for STMicroelectronics.X-CUBE-SFXS2LP1.4.0.0
2025-12-11 21:05:06,960 [WARN] PackLoader:240 - Cannot read IP mode file for STMicroelectronics.X-CUBE-BLEMGR.4.1.0
2025-12-11 21:05:06,991 [WARN] ConditionMgr:438 - getConditionDescription Invalid condition id : UX DEVICE CLASS RTOS Condition cause : null
2025-12-11 21:05:06,992 [WARN] ConditionMgr:438 - getConditionDescription Invalid condition id : UX DEVICE CLASS RTOS Condition cause : null
2025-12-11 21:05:06,993 [WARN] PackLoader:240 - Cannot read IP mode file for STMicroelectronics.X-CUBE-AZRTOS-WB.2.0.0
2025-12-11 21:05:06,994 [WARN] ConditionMgr:1044 - genDependencies : Invalid condition id : UX DEVICE CLASS RTOS Condition cause : null
2025-12-11 21:05:06,994 [WARN] ConditionMgr:1044 - genDependencies : Invalid condition id : UX DEVICE CLASS RTOS Condition cause : null
2025-12-11 21:05:06,994 [WARN] ConditionMgr:1044 - genDependencies : Invalid condition id : UX DEVICE CLASS RTOS Condition cause : null
2025-12-11 21:05:06,994 [WARN] ConditionMgr:1044 - genDependencies : Invalid condition id : UX DEVICE CLASS RTOS Condition cause : null
2025-12-11 21:05:06,994 [WARN] ConditionMgr:1044 - genDependencies : Invalid condition id : UX DEVICE CLASS RTOS Condition cause : null
2025-12-11 21:05:07,000 [WARN] PackLoader:240 - Cannot read IP mode file for STMicroelectronics.X-CUBE-GNSS1.7.0.1
2025-12-11 21:05:07,004 [WARN] PackLoader:240 - Cannot read IP mode file for STMicroelectronics.X-CUBE-TOUCHGFX.4.25.0
2025-12-11 21:05:07,008 [WARN] ConditionMgr:438 - getConditionDescription Invalid condition id : Cortex-A Device cause : null
2025-12-11 21:05:07,017 [WARN] ConditionMgr:1044 - genDependencies : Invalid condition id : Cortex-A Device cause : null
2025-12-11 21:05:07,017 [WARN] ConditionMgr:1044 - genDependencies : Invalid condition id : Cortex-A Device cause : null
2025-12-11 21:05:07,017 [WARN] ConditionMgr:1044 - genDependencies : Invalid condition id : Cortex-A Device cause : null
2025-12-11 21:05:07,026 [WARN] PackLoader:240 - Cannot read IP mode file for STMicroelectronics.X-CUBE-SUBG2.5.0.0
2025-12-11 21:05:07,045 [WARN] PackLoader:240 - Cannot read IP mode file for STMicroelectronics.X-CUBE-AZRTOS-H7RS.1.1.0
2025-12-11 21:05:07,052 [WARN] PackLoader:240 - Cannot read IP mode file for Cesanta.I-CUBE-Mongoose.7.13.0
2025-12-11 21:05:07,064 [WARN] PackLoader:240 - Cannot read IP mode file for STMicroelectronics.X-CUBE-AZRTOS-G4.2.0.0
2025-12-11 21:05:07,070 [WARN] PackLoader:240 - Cannot read IP mode file for wolfSSL.I-CUBE-wolfSSH.1.4.20
2025-12-11 21:05:07,075 [WARN] PackLoader:240 - Cannot read IP mode file for STMicroelectronics.X-CUBE-NFC7.2.0.0
2025-12-11 21:05:07,087 [WARN] PackLoader:240 - Cannot read IP mode file for STMicroelectronics.X-CUBE-IPS.3.1.0
2025-12-11 21:05:07,096 [WARN] PackLoader:240 - Cannot read IP mode file for STMicroelectronics.X-CUBE-ALS.1.0.2
2025-12-11 21:05:07,103 [WARN] PackLoader:240 - Cannot read IP mode file for STMicroelectronics.X-CUBE-STSE01.1.0.0
2025-12-11 21:05:07,114 [WARN] PackLoader:240 - Cannot read IP mode file for STMicroelectronics.X-CUBE-TOF1.3.4.3
2025-12-11 21:05:07,124 [INFO] ThirdParty:978 - Integrity check success = true
2025-12-11 21:05:07,124 [INFO] IntegrityCheckThread:100 - exiting critical section [integrity check]
2025-12-11 21:05:07,124 [INFO] IntegrityCheckThread:103 - End integrity checks thread
2025-12-11 21:05:07,950 [INFO] WebApp:463 - Apply proxy settings
2025-12-11 21:05:07,950 [INFO] WebApp:548 - Chromium requires no authentication
2025-12-11 21:05:07,983 [INFO] WebApp:491 - Direct internet connection detected
2025-12-11 21:05:08,057 [INFO] WebApp:900 - Register for checkConnection events
2025-12-11 21:05:08,057 [INFO] WebApp:463 - Apply proxy settings
2025-12-11 21:05:08,057 [INFO] WebApp:548 - Chromium requires no authentication
2025-12-11 21:05:08,057 [INFO] WebApp:491 - Direct internet connection detected
2025-12-11 21:05:08,325 [INFO] WebApp:191 - Connection restablished
2025-12-11 21:05:08,455 [INFO] WebApp:225 - Starting web application
2025-12-11 21:05:08,456 [INFO] WebApp:593 - Web application path used C:\ST\STM32CubeIDE_1.19.0\STM32CubeIDE\plugins\com.st.stm32cube.common.mx_6.15.0.202507011659\db\plugins\mcufinder\reactClient1\index.html
2025-12-11 21:45:20,726 [INFO] Activator:176 - 


2025-12-11 21:45:20,728 [INFO] Activator:177 - !SESSION log4j initialized
2025-12-11 21:45:28,660 [INFO] LogOutputStream:77 - [STDOUT_REDIRECT] 
2025-12-11 21:45:45,130 [INFO] ApplicationProperties:184 - Using Application install path: C:\ST\STM32CubeIDE_1.19.0\STM32CubeIDE\plugins\com.st.stm32cube.common.mx_6.15.0.202507011659
2025-12-11 21:45:45,149 [INFO] DbMcusXml:78 - Set database path to: C:\ST\STM32CubeIDE_1.19.0\STM32CubeIDE\plugins\com.st.stm32cube.common.mx_6.15.0.202507011659\\db\/mcu/
2025-12-11 21:45:45,150 [INFO] ApiDb:274 - Set plugin database path to: C:\ST\STM32CubeIDE_1.19.0\STM32CubeIDE\plugins\com.st.stm32cube.common.mx_6.15.0.202507011659\\db\/plugins/boardmanager/
2025-12-11 21:45:45,150 [WARN] ApiDb:259 - Overriding images path with different value:  => C:\ST\STM32CubeIDE_1.19.0\STM32CubeIDE\plugins\com.st.stm32cube.common.mx_6.15.0.202507011659\\db\/plugins/mcufinder/images/
2025-12-11 21:45:45,158 [INFO] ApiDb:250 - Set database path to: C:\Users\user\.stmcufinder\plugins\mcufinder//mcu/
2025-12-11 21:45:45,158 [INFO] DbMcusAds:125 - Set database path to: C:\Users\user\.stmcufinder\plugins\mcufinder//mcu/
2025-12-11 21:45:45,203 [INFO] CrossReferenceDbSqlite:203 - Set database path to: C:\Users\user\.stmcufinder\plugins\mcufinder//mcu/cs/
2025-12-11 21:45:45,330 [INFO] RulesReader:64 - Compatibility file has been processed (317 Rules)
2025-12-11 21:45:45,445 [INFO] DbMcusXml:78 - Set database path to: C:\ST\STM32CubeIDE_1.19.0\STM32CubeIDE\plugins\com.st.stm32cube.common.mx_6.15.0.202507011659\\db\/mcu/
2025-12-11 21:45:45,445 [INFO] ApiDb:274 - Set plugin database path to: C:\ST\STM32CubeIDE_1.19.0\STM32CubeIDE\plugins\com.st.stm32cube.common.mx_6.15.0.202507011659\\db\/plugins/boardmanager/
2025-12-11 21:45:45,445 [INFO] ApiDb:261 - Set plugin images path to: C:\ST\STM32CubeIDE_1.19.0\STM32CubeIDE\plugins\com.st.stm32cube.common.mx_6.15.0.202507011659\\db\/plugins/mcufinder/images/
2025-12-11 21:45:45,445 [WARN] DbFile:41 - Overriding database path with different value: C:\Users\user\.stmcufinder\plugins\mcufinder/ => C:\Users\user\.stmcufinder\plugins\mcufinder
2025-12-11 21:45:45,445 [INFO] ApiDb:250 - Set database path to: C:\Users\user\.stmcufinder\plugins\mcufinder//mcu/
2025-12-11 21:45:45,445 [WARN] DbFile:41 - Overriding database path with different value: C:\Users\user\.stmcufinder\plugins\mcufinder/ => C:\Users\user\.stmcufinder\plugins\mcufinder
2025-12-11 21:45:45,446 [INFO] DbMcusAds:125 - Set database path to: C:\Users\user\.stmcufinder\plugins\mcufinder//mcu/
2025-12-11 21:45:45,446 [WARN] DbFile:41 - Overriding database path with different value: C:\Users\user\.stmcufinder\plugins\mcufinder/ => C:\Users\user\.stmcufinder\plugins\mcufinder
2025-12-11 21:45:45,446 [WARN] DbFile:41 - Overriding database path with different value: C:\Users\user\.stmcufinder\plugins\mcufinder/ => C:\Users\user\.stmcufinder\plugins\mcufinder
2025-12-11 21:45:45,446 [INFO] CrossReferenceDbSqlite:203 - Set database path to: C:\Users\user\.stmcufinder\plugins\mcufinder//mcu/cs/
2025-12-11 21:45:45,546 [INFO] MainPanel:274 - HeapMemory: 268435456
2025-12-11 21:45:45,700 [INFO] DbMcusXml:78 - Set database path to: C:\ST\STM32CubeIDE_1.19.0\STM32CubeIDE\plugins\com.st.stm32cube.common.mx_6.15.0.202507011659\\db\/mcu/
2025-12-11 21:45:45,700 [INFO] ApiDb:274 - Set plugin database path to: C:\ST\STM32CubeIDE_1.19.0\STM32CubeIDE\plugins\com.st.stm32cube.common.mx_6.15.0.202507011659\\db\/plugins/boardmanager/
2025-12-11 21:45:45,700 [INFO] ApiDb:261 - Set plugin images path to: C:\ST\STM32CubeIDE_1.19.0\STM32CubeIDE\plugins\com.st.stm32cube.common.mx_6.15.0.202507011659\\db\/plugins/mcufinder/images/
2025-12-11 21:45:45,701 [WARN] DbFile:41 - Overriding database path with different value: C:\Users\user\.stmcufinder\plugins\mcufinder/ => C:\Users\user\.stmcufinder\plugins\mcufinder
2025-12-11 21:45:45,701 [INFO] ApiDb:250 - Set database path to: C:\Users\user\.stmcufinder\plugins\mcufinder//mcu/
2025-12-11 21:45:45,701 [WARN] DbFile:41 - Overriding database path with different value: C:\Users\user\.stmcufinder\plugins\mcufinder/ => C:\Users\user\.stmcufinder\plugins\mcufinder
2025-12-11 21:45:45,701 [INFO] DbMcusAds:125 - Set database path to: C:\Users\user\.stmcufinder\plugins\mcufinder//mcu/
2025-12-11 21:45:45,701 [WARN] DbFile:41 - Overriding database path with different value: C:\Users\user\.stmcufinder\plugins\mcufinder/ => C:\Users\user\.stmcufinder\plugins\mcufinder
2025-12-11 21:45:45,701 [WARN] DbFile:41 - Overriding database path with different value: C:\Users\user\.stmcufinder\plugins\mcufinder/ => C:\Users\user\.stmcufinder\plugins\mcufinder
2025-12-11 21:45:45,701 [INFO] CrossReferenceDbSqlite:203 - Set database path to: C:\Users\user\.stmcufinder\plugins\mcufinder//mcu/cs/
2025-12-11 21:45:45,720 [INFO] ApplicationProperties:184 - Using Application install path: C:\ST\STM32CubeIDE_1.19.0\STM32CubeIDE\plugins\com.st.stm32cube.common.mx_6.15.0.202507011659
2025-12-11 21:45:45,721 [INFO] PluginManage:196 - Search for loadable plugins [exclusion list=, ]
2025-12-11 21:45:45,722 [INFO] PluginManage:310 - Check plugin analytics
2025-12-11 21:45:45,988 [INFO] AnalyticsPlugin:253 - Accepted Software Licenses: 
2025-12-11 21:45:45,989 [INFO] AnalyticsPlugin:255 - Accepted CMSIS Pack Licenses: 
2025-12-11 21:45:45,989 [INFO] AnalyticsPlugin:257 - Accepted Firmware Licenses: FW.L4.1.18.0
2025-12-11 21:45:45,994 [INFO] PluginManage:359 - Loaded plugin analytics (category:tool,tabindex:-1)
2025-12-11 21:45:45,994 [INFO] PluginManage:310 - Check plugin cadmodel
2025-12-11 21:45:46,005 [INFO] CADModel:105 - Init CAD model plugin
2025-12-11 21:45:46,005 [INFO] PluginManage:359 - Loaded plugin cadmodel (category:power,tabindex:5)
2025-12-11 21:45:46,006 [INFO] PluginManage:310 - Check plugin clock
2025-12-11 21:45:46,024 [INFO] PluginManage:359 - Loaded plugin clock (category:base,tabindex:2)
2025-12-11 21:45:46,024 [INFO] PluginManage:310 - Check plugin ddr
2025-12-11 21:45:46,028 [INFO] PluginManage:359 - Loaded plugin ddr (category:tool,tabindex:6)
2025-12-11 21:45:46,028 [INFO] PluginManage:310 - Check plugin filemanager
2025-12-11 21:45:46,200 [INFO] PluginManage:359 - Loaded plugin filemanager (category:base,tabindex:10)
2025-12-11 21:45:46,200 [INFO] PluginManage:310 - Check plugin ipmanager
2025-12-11 21:45:46,206 [INFO] PluginManage:359 - Loaded plugin ipmanager (category:base,tabindex:5)
2025-12-11 21:45:46,207 [INFO] PluginManage:310 - Check plugin lpbam
2025-12-11 21:45:46,215 [INFO] PluginManage:359 - Loaded plugin lpbam (category:base,tabindex:0)
2025-12-11 21:45:46,215 [INFO] PluginManage:310 - Check plugin memorymap
2025-12-11 21:45:46,233 [INFO] PluginManage:359 - Loaded plugin memorymap (category:base,tabindex:4)
2025-12-11 21:45:46,234 [INFO] PluginManage:310 - Check plugin pinoutandconfiguration
2025-12-11 21:45:46,245 [INFO] PluginManage:359 - Loaded plugin pinoutandconfiguration (category:base,tabindex:1)
2025-12-11 21:45:46,245 [INFO] PluginManage:310 - Check plugin pinoutconfig
2025-12-11 21:45:46,334 [WARN] SupportedApi:132 - Cannot load RTOS API schema: s4s-elt-must-match.1: The content of 'definitions' must match (annotation?, (simpleType | complexType)?, (unique | key | keyref)*)). A problem was found starting at: attribute.
2025-12-11 21:45:46,474 [INFO] PluginManage:359 - Loaded plugin pinoutconfig (category:base,tabindex:0)
2025-12-11 21:45:46,475 [INFO] PluginManage:310 - Check plugin power
2025-12-11 21:45:46,486 [INFO] PluginManage:359 - Loaded plugin power (category:power,tabindex:4)
2025-12-11 21:45:46,486 [INFO] PluginManage:310 - Check plugin projectmanager
2025-12-11 21:45:46,503 [INFO] PluginManage:359 - Loaded plugin projectmanager (category:projectmanager,tabindex:4)
2025-12-11 21:45:46,503 [INFO] PluginManage:310 - Check plugin rif
2025-12-11 21:45:46,514 [INFO] PluginManage:359 - Loaded plugin rif (category:base,tabindex:3)
2025-12-11 21:45:46,515 [INFO] PluginManage:310 - Check plugin thirdparty
2025-12-11 21:45:46,661 [WARN] IntegrityCheckThread:84 - waiting for thirdparty lock release [integrity check]
2025-12-11 21:45:46,661 [INFO] IntegrityCheckThread:86 - entering critical section [integrity check]
2025-12-11 21:45:46,661 [INFO] ThirdPartyUpdaterWithRetryManager:70 - Updater plugin not ready yet. [1/15]
2025-12-11 21:45:46,662 [INFO] PluginManage:359 - Loaded plugin thirdparty (category:base,tabindex:-1)
2025-12-11 21:45:46,662 [INFO] PluginManage:310 - Check plugin tools
2025-12-11 21:45:46,666 [INFO] PluginManage:359 - Loaded plugin tools (category:base,tabindex:7)
2025-12-11 21:45:46,666 [INFO] PluginManage:310 - Check plugin tutovideos
2025-12-11 21:45:46,874 [INFO] PluginManage:359 - Loaded plugin tutovideos (category:base,tabindex:-1)
2025-12-11 21:45:46,874 [INFO] PluginManage:310 - Check plugin updater
2025-12-11 21:45:46,898 [INFO] PluginManage:359 - Loaded plugin updater (category:base,tabindex:12)
2025-12-11 21:45:46,898 [INFO] PluginManage:310 - Check plugin userauth
2025-12-11 21:45:46,902 [INFO] UserAuth:118 - Init User Auth plugin
2025-12-11 21:45:46,903 [INFO] PluginManage:359 - Loaded plugin userauth (category:base,tabindex:14)
2025-12-11 21:45:46,903 [INFO] PluginManage:283 - PluginManage : Loaded plugins [18]
2025-12-11 21:45:47,114 [INFO] PinOutPanel:1589 - setPackage(No Configuration,No Configuration)
2025-12-11 21:45:47,199 [INFO] CADModel:165 - CPN selected for project level
2025-12-11 21:45:47,199 [INFO] CADModel:114 - Register for checkConnection events
2025-12-11 21:45:47,221 [INFO] IPUIPlugin:80 - create IPUIPlugin
2025-12-11 21:45:47,221 [INFO] PluginManager:220 - loadIPPluginJar : add adc
2025-12-11 21:45:47,224 [INFO] IPUIPlugin:80 - create IPUIPlugin
2025-12-11 21:45:47,224 [INFO] PluginManager:220 - loadIPPluginJar : add aes
2025-12-11 21:45:47,227 [INFO] IPUIPlugin:80 - create IPUIPlugin
2025-12-11 21:45:47,227 [INFO] PluginManager:220 - loadIPPluginJar : add can
2025-12-11 21:45:47,228 [INFO] IPUIPlugin:80 - create IPUIPlugin
2025-12-11 21:45:47,228 [INFO] PluginManager:220 - loadIPPluginJar : add comp
2025-12-11 21:45:47,231 [INFO] IPUIPlugin:80 - create IPUIPlugin
2025-12-11 21:45:47,231 [INFO] PluginManager:220 - loadIPPluginJar : add cryp
2025-12-11 21:45:47,237 [INFO] IPUIPlugin:80 - create IPUIPlugin
2025-12-11 21:45:47,237 [INFO] PluginManager:220 - loadIPPluginJar : add ddr_ctrl_phy
2025-12-11 21:45:47,240 [INFO] IPUIPlugin:80 - create IPUIPlugin
2025-12-11 21:45:47,240 [INFO] PluginManager:220 - loadIPPluginJar : add dfsdm
2025-12-11 21:45:47,245 [INFO] IPUIPlugin:80 - create IPUIPlugin
2025-12-11 21:45:47,246 [INFO] PluginManager:220 - loadIPPluginJar : add dma
2025-12-11 21:45:47,249 [INFO] IPUIPlugin:80 - create IPUIPlugin
2025-12-11 21:45:47,249 [INFO] PluginManager:220 - loadIPPluginJar : add dma3
2025-12-11 21:45:47,252 [INFO] IPUIPlugin:80 - create IPUIPlugin
2025-12-11 21:45:47,252 [INFO] PluginManager:220 - loadIPPluginJar : add extmemmanager
2025-12-11 21:45:47,254 [INFO] IPUIPlugin:80 - create IPUIPlugin
2025-12-11 21:45:47,254 [INFO] PluginManager:220 - loadIPPluginJar : add fatfs
2025-12-11 21:45:47,258 [INFO] IPUIPlugin:80 - create IPUIPlugin
2025-12-11 21:45:47,258 [INFO] PluginManager:220 - loadIPPluginJar : add fmc
2025-12-11 21:45:47,267 [INFO] IPUIPlugin:80 - create IPUIPlugin
2025-12-11 21:45:47,267 [INFO] PluginManager:220 - loadIPPluginJar : add freertos
2025-12-11 21:45:47,269 [INFO] IPUIPlugin:80 - create IPUIPlugin
2025-12-11 21:45:47,269 [INFO] PluginManager:220 - loadIPPluginJar : add genericplugin
2025-12-11 21:45:47,272 [INFO] IPUIPlugin:80 - create IPUIPlugin
2025-12-11 21:45:47,272 [INFO] PluginManager:220 - loadIPPluginJar : add gfxmmu
2025-12-11 21:45:47,277 [INFO] IPUIPlugin:80 - create IPUIPlugin
2025-12-11 21:45:47,277 [INFO] PluginManager:220 - loadIPPluginJar : add gic
2025-12-11 21:45:47,281 [INFO] IPUIPlugin:80 - create IPUIPlugin
2025-12-11 21:45:47,281 [INFO] PluginManager:220 - loadIPPluginJar : add gpio
2025-12-11 21:45:47,284 [INFO] IPUIPlugin:80 - create IPUIPlugin
2025-12-11 21:45:47,285 [INFO] PluginManager:220 - loadIPPluginJar : add gtzc
2025-12-11 21:45:47,287 [INFO] IPUIPlugin:80 - create IPUIPlugin
2025-12-11 21:45:47,287 [INFO] PluginManager:220 - loadIPPluginJar : add hash
2025-12-11 21:45:47,290 [INFO] IPUIPlugin:80 - create IPUIPlugin
2025-12-11 21:45:47,290 [INFO] PluginManager:220 - loadIPPluginJar : add i2c
2025-12-11 21:45:47,293 [INFO] IPUIPlugin:80 - create IPUIPlugin
2025-12-11 21:45:47,293 [INFO] PluginManager:220 - loadIPPluginJar : add i2s
2025-12-11 21:45:47,296 [INFO] IPUIPlugin:80 - create IPUIPlugin
2025-12-11 21:45:47,296 [INFO] PluginManager:220 - loadIPPluginJar : add i3c
2025-12-11 21:45:47,300 [INFO] IPUIPlugin:80 - create IPUIPlugin
2025-12-11 21:45:47,300 [INFO] PluginManager:220 - loadIPPluginJar : add ipddr
2025-12-11 21:45:47,307 [INFO] IPUIPlugin:80 - create IPUIPlugin
2025-12-11 21:45:47,307 [INFO] PluginManager:220 - loadIPPluginJar : add linkedlist
2025-12-11 21:45:47,312 [INFO] IPUIPlugin:80 - create IPUIPlugin
2025-12-11 21:45:47,312 [INFO] PluginManager:220 - loadIPPluginJar : add lorawan
2025-12-11 21:45:47,314 [INFO] IPUIPlugin:80 - create IPUIPlugin
2025-12-11 21:45:47,314 [INFO] PluginManager:220 - loadIPPluginJar : add ltdc
2025-12-11 21:45:47,322 [INFO] IPUIPlugin:80 - create IPUIPlugin
2025-12-11 21:45:47,322 [INFO] PluginManager:220 - loadIPPluginJar : add mdma
2025-12-11 21:45:47,327 [INFO] IPUIPlugin:80 - create IPUIPlugin
2025-12-11 21:45:47,327 [INFO] PluginManager:220 - loadIPPluginJar : add nvic
2025-12-11 21:45:47,330 [INFO] IPUIPlugin:80 - create IPUIPlugin
2025-12-11 21:45:47,330 [INFO] PluginManager:220 - loadIPPluginJar : add opamp
2025-12-11 21:45:47,335 [INFO] IPUIPlugin:80 - create IPUIPlugin
2025-12-11 21:45:47,335 [INFO] PluginManager:220 - loadIPPluginJar : add openamp
2025-12-11 21:45:47,339 [INFO] IPUIPlugin:80 - create IPUIPlugin
2025-12-11 21:45:47,339 [INFO] PluginManager:220 - loadIPPluginJar : add pdm2pcm
2025-12-11 21:45:47,344 [INFO] IPUIPlugin:80 - create IPUIPlugin
2025-12-11 21:45:47,347 [INFO] PluginManager:220 - loadIPPluginJar : add plateformsettings
2025-12-11 21:45:47,350 [INFO] IPUIPlugin:80 - create IPUIPlugin
2025-12-11 21:45:47,350 [INFO] PluginManager:220 - loadIPPluginJar : add quadspi
2025-12-11 21:45:47,352 [INFO] IPUIPlugin:80 - create IPUIPlugin
2025-12-11 21:45:47,353 [INFO] PluginManager:220 - loadIPPluginJar : add radio
2025-12-11 21:45:47,357 [INFO] IPUIPlugin:80 - create IPUIPlugin
2025-12-11 21:45:47,357 [INFO] PluginManager:220 - loadIPPluginJar : add resmgrutility
2025-12-11 21:45:47,361 [INFO] IPUIPlugin:80 - create IPUIPlugin
2025-12-11 21:45:47,361 [INFO] PluginManager:220 - loadIPPluginJar : add sai
2025-12-11 21:45:47,364 [INFO] IPUIPlugin:80 - create IPUIPlugin
2025-12-11 21:45:47,364 [INFO] PluginManager:220 - loadIPPluginJar : add spi
2025-12-11 21:45:47,370 [INFO] IPUIPlugin:80 - create IPUIPlugin
2025-12-11 21:45:47,370 [INFO] PluginManager:220 - loadIPPluginJar : add stm32_wpan
2025-12-11 21:45:47,372 [INFO] IPUIPlugin:80 - create IPUIPlugin
2025-12-11 21:45:47,372 [INFO] PluginManager:220 - loadIPPluginJar : add tim
2025-12-11 21:45:47,376 [INFO] IPUIPlugin:80 - create IPUIPlugin
2025-12-11 21:45:47,376 [INFO] PluginManager:220 - loadIPPluginJar : add touchsensing
2025-12-11 21:45:47,380 [INFO] IPUIPlugin:80 - create IPUIPlugin
2025-12-11 21:45:47,380 [INFO] PluginManager:220 - loadIPPluginJar : add tracer_emb
2025-12-11 21:45:47,383 [INFO] IPUIPlugin:80 - create IPUIPlugin
2025-12-11 21:45:47,383 [INFO] PluginManager:220 - loadIPPluginJar : add ts
2025-12-11 21:45:47,385 [INFO] IPUIPlugin:80 - create IPUIPlugin
2025-12-11 21:45:47,386 [INFO] PluginManager:220 - loadIPPluginJar : add tsc
2025-12-11 21:45:47,388 [INFO] IPUIPlugin:80 - create IPUIPlugin
2025-12-11 21:45:47,388 [INFO] PluginManager:220 - loadIPPluginJar : add ucpd
2025-12-11 21:45:47,391 [INFO] IPUIPlugin:80 - create IPUIPlugin
2025-12-11 21:45:47,391 [INFO] PluginManager:220 - loadIPPluginJar : add usart
2025-12-11 21:45:47,395 [INFO] IPUIPlugin:80 - create IPUIPlugin
2025-12-11 21:45:47,395 [INFO] PluginManager:220 - loadIPPluginJar : add usbx
2025-12-11 21:45:47,521 [FATAL] Updater:351 - Updater called before beeing initialized
2025-12-11 21:45:47,573 [INFO] RulesReader:64 - Compatibility file has been processed (317 Rules)
2025-12-11 21:45:47,591 [INFO] RulesReader:64 - Compatibility file has been processed (317 Rules)
2025-12-11 21:45:47,606 [INFO] CADModel:165 - CPN selected for project level
2025-12-11 21:45:47,606 [INFO] CADModel:114 - Register for checkConnection events
2025-12-11 21:45:47,606 [FATAL] Updater:351 - Updater called before beeing initialized
2025-12-11 21:45:47,607 [ERROR] CADModel:125 - Updater not yet initialized, retry later 
2025-12-11 21:45:47,785 [FATAL] Updater:351 - Updater called before beeing initialized
2025-12-11 21:45:47,787 [INFO] CADModel:165 - CPN selected for project level
2025-12-11 21:45:47,787 [INFO] CADModel:114 - Register for checkConnection events
2025-12-11 21:45:47,787 [FATAL] Updater:351 - Updater called before beeing initialized
2025-12-11 21:45:47,787 [ERROR] CADModel:125 - Updater not yet initialized, retry later 
2025-12-11 21:45:47,789 [FATAL] Updater:351 - Updater called before beeing initialized
2025-12-11 21:45:47,926 [FATAL] Updater:351 - Updater called before beeing initialized
2025-12-11 21:45:47,942 [INFO] DbMcusAds:53 - JSON generation date=Mon Dec 08 22:28:10 CST 2025 (1765204090049)
2025-12-11 21:45:47,942 [FATAL] Updater:351 - Updater called before beeing initialized
2025-12-11 21:45:48,002 [WARN] DetailPanel:346 - Failed to get advertising image, set to default
2025-12-11 21:45:48,082 [FATAL] Updater:351 - Updater called before beeing initialized
2025-12-11 21:45:48,083 [FATAL] Updater:351 - Updater called before beeing initialized
2025-12-11 21:45:48,083 [FATAL] Updater:351 - Updater called before beeing initialized
2025-12-11 21:45:48,084 [WARN] DetailPanel:346 - Failed to get advertising image, set to default
2025-12-11 21:45:48,084 [FATAL] Updater:351 - Updater called before beeing initialized
2025-12-11 21:45:48,131 [ERROR] Updater:1198 - MainUpdater not yet initialized. External WinMGr cannot be set.
2025-12-11 21:45:48,134 [INFO] Updater:1134 - Updater Version found : 6.15.0
2025-12-11 21:45:48,154 [INFO] ApplicationProperties:184 - Using Application install path: C:\ST\STM32CubeIDE_1.19.0\STM32CubeIDE\plugins\com.st.stm32cube.common.mx_6.15.0.202507011659
2025-12-11 21:45:49,663 [INFO] ThirdPartyUpdaterWithRetryManager:70 - Updater plugin not ready yet. [2/15]
2025-12-11 21:45:49,726 [ERROR] LogOutputStream:75 - [STDERR_REDIRECT] Dec 11, 2025 9:45:49 PM java.util.prefs.WindowsPreferences <init>
2025-12-11 21:45:49,728 [ERROR] LogOutputStream:75 - [STDERR_REDIRECT] WARNING: Could not open/create prefs root node Software\JavaSoft\Prefs at root 0xffffffff80000002. Windows RegCreateKeyEx(...) returned error code 5.
2025-12-11 21:45:49,728 [ERROR] LogOutputStream:75 - [STDERR_REDIRECT] 
2025-12-11 21:45:51,440 [INFO] MainUpdater:2872 - connection check result : 10
2025-12-11 21:45:51,441 [INFO] MainUpdater:289 - Updater Check For Update Now.
2025-12-11 21:45:51,441 [INFO] MicroXplorer:498 - Change Database Version : DB.6.0.150
2025-12-11 21:45:51,447 [INFO] McuFinderGlobals:63 - Set McuFinder mode to 2 (CubeIDE integrated)
2025-12-11 21:45:51,447 [INFO] UserAuth:171 - activating auth plugin
2025-12-11 21:45:51,450 [INFO] UserAuth:487 - Internet connection configuration mode: 1
2025-12-11 21:45:51,493 [INFO] JxBrowserEngine:152 - Initiate JxBrowser Engine with user profile folder
2025-12-11 21:45:51,662 [INFO] CheckServerUpdateThread:120 - End of CheckServer Thread
2025-12-11 21:45:53,364 [WARN] PackLoader:240 - Cannot read IP mode file for STMicroelectronics.FP-SNS-MOTENVWB1.1.4.0
2025-12-11 21:45:53,384 [WARN] PackLoader:240 - Cannot read IP mode file for STMicroelectronics.FP-ATR-ASTRA1.2.0.2
2025-12-11 21:45:53,404 [WARN] PackLoader:240 - Cannot read IP mode file for STMicroelectronics.X-CUBE-SMBUS.2.1.0
2025-12-11 21:45:53,423 [WARN] PackLoader:240 - Cannot read IP mode file for STMicroelectronics.X-CUBE-ST60.1.0.0
2025-12-11 21:45:53,466 [WARN] PackLoader:240 - Cannot read IP mode file for STMicroelectronics.X-CUBE-AZRTOS-F7.1.1.0
2025-12-11 21:45:53,476 [WARN] PackLoader:240 - Cannot read IP mode file for STMicroelectronics.FP-SNS-MOTENV1.5.1.0
2025-12-11 21:45:53,500 [WARN] PackLoader:240 - Cannot read IP mode file for WES.I-CUBE-Cesium.1.4.0
2025-12-11 21:45:53,528 [WARN] PackLoader:240 - Cannot read IP mode file for Infineon.AIROC-Wi-Fi-Bluetooth-STM32.1.7.1
2025-12-11 21:45:53,560 [WARN] PackLoader:240 - Cannot read IP mode file for STMicroelectronics.X-CUBE-AZRTOS-H7.3.4.0
2025-12-11 21:45:53,575 [WARN] PackLoader:240 - Cannot read IP mode file for STMicroelectronics.X-CUBE-DISPLAY.3.0.0
2025-12-11 21:45:53,594 [WARN] PackLoader:240 - Cannot read IP mode file for STMicroelectronics.X-CUBE-NFC10.1.0.0
2025-12-11 21:45:53,600 [WARN] PackLoader:240 - Cannot read IP mode file for STMicroelectronics.X-CUBE-ST60.1.1.0
2025-12-11 21:45:53,607 [WARN] PackLoader:240 - Cannot read IP mode file for emotas.I-CUBE-CANOPEN.1.3.0
2025-12-11 21:45:53,613 [WARN] PackLoader:240 - Cannot read IP mode file for STMicroelectronics.X-CUBE-GNSS1.7.1.0
2025-12-11 21:45:53,622 [WARN] PackLoader:240 - Cannot read IP mode file for STMicroelectronics.FP-SNS-STBOX1.2.1.0
2025-12-11 21:45:53,629 [WARN] PackLoader:240 - Cannot read IP mode file for STMicroelectronics.FP-SNS-SMARTAG2.1.2.0
2025-12-11 21:45:53,632 [WARN] PackLoader:240 - Cannot read IP mode file for STMicroelectronics.FP-SNS-FLIGHT1.5.1.0
2025-12-11 21:45:53,642 [INFO] LogOutputStream:77 - [STDOUT_REDIRECT] 1 : Invalid condition id : UX_CORESTACK_Condition cause : null
2025-12-11 21:45:53,643 [INFO] LogOutputStream:77 - [STDOUT_REDIRECT] 1 : Invalid condition id : UX_CORESTACK_Condition cause : null
2025-12-11 21:45:53,645 [INFO] LogOutputStream:77 - [STDOUT_REDIRECT] 1 : Invalid condition id : UX_CORESTACK_Condition cause : null
2025-12-11 21:45:53,646 [INFO] LogOutputStream:77 - [STDOUT_REDIRECT] 1 : Invalid condition id : UX_CORESTACK_Condition cause : null
2025-12-11 21:45:53,648 [INFO] LogOutputStream:77 - [STDOUT_REDIRECT] 1 : Invalid condition id : UX_CORESTACK_Condition cause : null
2025-12-11 21:45:53,651 [WARN] PackLoader:240 - Cannot read IP mode file for STMicroelectronics.X-CUBE-AZRTOS-WL.2.0.0
2025-12-11 21:45:53,655 [WARN] PackLoader:240 - Cannot read IP mode file for STMicroelectronics.FP-SNS-MOTENV1.5.0.0
2025-12-11 21:45:53,674 [WARN] PackLoader:240 - Cannot read IP mode file for STMicroelectronics.X-CUBE-AZRTOS-H7RS.1.2.0
2025-12-11 21:45:53,682 [WARN] PackLoader:240 - Cannot read IP mode file for STMicroelectronics.X-CUBE-BLE2.3.3.0
2025-12-11 21:45:53,710 [WARN] PackLoader:240 - Cannot read IP mode file for STMicroelectronics.X-CUBE-NFC9.1.0.0
2025-12-11 21:45:53,718 [WARN] PackLoader:240 - Cannot read IP mode file for wolfSSL.I-CUBE-wolfSSL.5.8.2
2025-12-11 21:45:53,723 [WARN] PackLoader:240 - Cannot read IP mode file for STMicroelectronics.X-CUBE-BLE1.7.1.0
2025-12-11 21:45:53,726 [WARN] PackLoader:240 - Cannot read IP mode file for wolfSSL.I-CUBE-wolfMQTT.1.19.2
2025-12-11 21:45:53,732 [WARN] PackLoader:240 - Cannot read IP mode file for STMicroelectronics.X-CUBE-FREERTOS.1.4.0
2025-12-11 21:45:53,739 [WARN] PackLoader:240 - Cannot read IP mode file for STMicroelectronics.X-CUBE-EEPRMA1.5.2.0
2025-12-11 21:45:53,752 [WARN] PackLoader:240 - Cannot read IP mode file for STMicroelectronics.X-CUBE-ST67W61.1.1.0
2025-12-11 21:45:53,809 [WARN] PackLoader:240 - Cannot read IP mode file for STMicroelectronics.X-CUBE-MEMS1.12.0.0
2025-12-11 21:45:54,019 [WARN] PackLoader:240 - Cannot read IP mode file for STMicroelectronics.X-CUBE-AZRTOS-G0.1.1.0
2025-12-11 21:45:54,030 [WARN] PackLoader:240 - Cannot read IP mode file for STMicroelectronics.X-CUBE-SAFEA1.1.2.2
2025-12-11 21:45:54,038 [WARN] PackLoader:240 - Cannot read IP mode file for STMicroelectronics.X-CUBE-NFC4.3.0.0
2025-12-11 21:45:54,047 [WARN] PackLoader:240 - Cannot read IP mode file for EmbeddedOffice.I-CUBE-FS-RTOS.1.0.1
2025-12-11 21:45:54,054 [WARN] PackLoader:240 - Cannot read IP mode file for STMicroelectronics.X-CUBE-WB05N.2.0.0
2025-12-11 21:45:54,059 [WARN] PackLoader:240 - Cannot read IP mode file for wolfSSL.I-CUBE-wolfTPM.3.8.0
2025-12-11 21:45:54,065 [WARN] PackLoader:240 - Cannot read IP mode file for STMicroelectronics.X-CUBE-TCPP.4.2.0
2025-12-11 21:45:54,072 [WARN] PackLoader:240 - Cannot read IP mode file for RealThread.X-CUBE-RT-Thread_Nano.4.1.1
2025-12-11 21:45:54,076 [WARN] PackLoader:240 - Cannot read IP mode file for STMicroelectronics.FP-ATR-SIGFOX1.3.2.0
2025-12-11 21:45:54,083 [WARN] PackLoader:240 - Cannot read IP mode file for ITTIA_DB.I-CUBE-ITTIADB.8.9.0
2025-12-11 21:45:54,094 [WARN] PackLoader:240 - Cannot read IP mode file for STMicroelectronics.X-CUBE-ST67W61.1.0.0
2025-12-11 21:45:54,098 [WARN] PackLoader:240 - Cannot read IP mode file for STMicroelectronics.X-CUBE-AI.10.2.0
2025-12-11 21:45:54,125 [WARN] PackLoader:240 - Cannot read IP mode file for SEGGER.I-CUBE-embOS.1.3.1
2025-12-11 21:45:54,176 [WARN] PackLoader:240 - Cannot read IP mode file for STMicroelectronics.X-CUBE-ALGOBUILD.1.4.0
2025-12-11 21:45:54,217 [WARN] PackLoader:240 - Cannot read IP mode file for STMicroelectronics.X-CUBE-MEMS1.11.3.0
2025-12-11 21:45:54,233 [INFO] WebApp:169 - Instantiating new browser for Auth
2025-12-11 21:45:54,365 [WARN] PackLoader:240 - Cannot read IP mode file for STMicroelectronics.X-CUBE-PM33A1.1.0.0
2025-12-11 21:45:54,390 [WARN] PackLoader:240 - Cannot read IP mode file for STMicroelectronics.X-CUBE-AZRTOS-F4.1.1.0
2025-12-11 21:45:54,412 [WARN] PackLoader:240 - Cannot read IP mode file for Avnet-IotConnect.X-CUBE-IoTC-DA16k-PMOD.1.0.0
2025-12-11 21:45:54,425 [WARN] PackLoader:240 - Cannot read IP mode file for STMicroelectronics.X-CUBE-ISPU.2.1.0
2025-12-11 21:45:54,449 [WARN] PackLoader:240 - Cannot read IP mode file for STMicroelectronics.X-CUBE-IPS.3.2.0
2025-12-11 21:45:54,471 [WARN] PackLoader:240 - Cannot read IP mode file for STMicroelectronics.X-CUBE-NFC12.1.0.0
2025-12-11 21:45:54,499 [WARN] PackLoader:240 - Cannot read IP mode file for STMicroelectronics.X-CUBE-AZRTOS-L5.2.0.0
2025-12-11 21:45:54,519 [WARN] PackLoader:240 - Cannot read IP mode file for STMicroelectronics.X-CUBE-NFC6.3.1.0
2025-12-11 21:45:54,531 [WARN] PackLoader:240 - Cannot read IP mode file for STMicroelectronics.X-CUBE-FREERTOS.1.3.1
2025-12-11 21:45:54,549 [WARN] PackLoader:240 - Cannot read IP mode file for STMicroelectronics.X-CUBE-TOUCHGFX.4.26.0
2025-12-11 21:45:54,563 [WARN] PackLoader:240 - Cannot read IP mode file for STMicroelectronics.FP-SNS-STAIOTCFT.1.0.0
2025-12-11 21:45:54,575 [WARN] PackLoader:240 - Cannot read IP mode file for STMicroelectronics.X-CUBE-DPower.1.3.0
2025-12-11 21:45:54,600 [WARN] ConditionMgr:438 - getConditionDescription Invalid condition id : LAN8742 Phy interface Condition cause : null
2025-12-11 21:45:54,601 [WARN] PackLoader:240 - Cannot read IP mode file for STMicroelectronics.X-CUBE-AZRTOS-L4.2.0.0
2025-12-11 21:45:54,601 [WARN] ConditionMgr:1044 - genDependencies : Invalid condition id : LAN8742 Phy interface Condition cause : null
2025-12-11 21:45:54,602 [WARN] ConditionMgr:1044 - genDependencies : Invalid condition id : LAN8742 Phy interface Condition cause : null
2025-12-11 21:45:54,602 [WARN] ConditionMgr:1044 - genDependencies : Invalid condition id : LAN8742 Phy interface Condition cause : null
2025-12-11 21:45:54,609 [WARN] PackLoader:240 - Cannot read IP mode file for STMicroelectronics.X-CUBE-SFXS2LP1.4.0.0
2025-12-11 21:45:54,622 [WARN] PackLoader:240 - Cannot read IP mode file for STMicroelectronics.X-CUBE-BLEMGR.4.1.0
2025-12-11 21:45:54,641 [WARN] ConditionMgr:438 - getConditionDescription Invalid condition id : UX DEVICE CLASS RTOS Condition cause : null
2025-12-11 21:45:54,641 [WARN] ConditionMgr:438 - getConditionDescription Invalid condition id : UX DEVICE CLASS RTOS Condition cause : null
2025-12-11 21:45:54,643 [WARN] PackLoader:240 - Cannot read IP mode file for STMicroelectronics.X-CUBE-AZRTOS-WB.2.0.0
2025-12-11 21:45:54,644 [WARN] ConditionMgr:1044 - genDependencies : Invalid condition id : UX DEVICE CLASS RTOS Condition cause : null
2025-12-11 21:45:54,644 [WARN] ConditionMgr:1044 - genDependencies : Invalid condition id : UX DEVICE CLASS RTOS Condition cause : null
2025-12-11 21:45:54,644 [WARN] ConditionMgr:1044 - genDependencies : Invalid condition id : UX DEVICE CLASS RTOS Condition cause : null
2025-12-11 21:45:54,644 [WARN] ConditionMgr:1044 - genDependencies : Invalid condition id : UX DEVICE CLASS RTOS Condition cause : null
2025-12-11 21:45:54,644 [WARN] ConditionMgr:1044 - genDependencies : Invalid condition id : UX DEVICE CLASS RTOS Condition cause : null
2025-12-11 21:45:54,653 [WARN] PackLoader:240 - Cannot read IP mode file for STMicroelectronics.X-CUBE-GNSS1.7.0.1
2025-12-11 21:45:54,664 [WARN] PackLoader:240 - Cannot read IP mode file for STMicroelectronics.X-CUBE-TOUCHGFX.4.25.0
2025-12-11 21:45:54,672 [WARN] ConditionMgr:438 - getConditionDescription Invalid condition id : Cortex-A Device cause : null
2025-12-11 21:45:54,687 [WARN] ConditionMgr:1044 - genDependencies : Invalid condition id : Cortex-A Device cause : null
2025-12-11 21:45:54,687 [WARN] ConditionMgr:1044 - genDependencies : Invalid condition id : Cortex-A Device cause : null
2025-12-11 21:45:54,687 [WARN] ConditionMgr:1044 - genDependencies : Invalid condition id : Cortex-A Device cause : null
2025-12-11 21:45:54,701 [WARN] PackLoader:240 - Cannot read IP mode file for STMicroelectronics.X-CUBE-SUBG2.5.0.0
2025-12-11 21:45:54,728 [WARN] PackLoader:240 - Cannot read IP mode file for STMicroelectronics.X-CUBE-AZRTOS-H7RS.1.1.0
2025-12-11 21:45:54,735 [WARN] PackLoader:240 - Cannot read IP mode file for Cesanta.I-CUBE-Mongoose.7.13.0
2025-12-11 21:45:54,747 [WARN] PackLoader:240 - Cannot read IP mode file for STMicroelectronics.X-CUBE-AZRTOS-G4.2.0.0
2025-12-11 21:45:54,774 [WARN] PackLoader:240 - Cannot read IP mode file for wolfSSL.I-CUBE-wolfSSH.1.4.20
2025-12-11 21:45:54,781 [WARN] PackLoader:240 - Cannot read IP mode file for STMicroelectronics.X-CUBE-NFC7.2.0.0
2025-12-11 21:45:54,793 [WARN] PackLoader:240 - Cannot read IP mode file for STMicroelectronics.X-CUBE-IPS.3.1.0
2025-12-11 21:45:54,803 [WARN] PackLoader:240 - Cannot read IP mode file for STMicroelectronics.X-CUBE-ALS.1.0.2
2025-12-11 21:45:54,810 [WARN] PackLoader:240 - Cannot read IP mode file for STMicroelectronics.X-CUBE-STSE01.1.0.0
2025-12-11 21:45:54,821 [WARN] PackLoader:240 - Cannot read IP mode file for STMicroelectronics.X-CUBE-TOF1.3.4.3
2025-12-11 21:45:54,831 [INFO] ThirdParty:978 - Integrity check success = true
2025-12-11 21:45:54,831 [INFO] IntegrityCheckThread:100 - exiting critical section [integrity check]
2025-12-11 21:45:54,831 [INFO] IntegrityCheckThread:103 - End integrity checks thread
2025-12-11 21:45:55,623 [INFO] WebApp:463 - Apply proxy settings
2025-12-11 21:45:55,623 [INFO] WebApp:548 - Chromium requires no authentication
2025-12-11 21:45:55,670 [INFO] WebApp:491 - Direct internet connection detected
2025-12-11 21:45:55,748 [INFO] WebApp:900 - Register for checkConnection events
2025-12-11 21:45:55,748 [INFO] WebApp:463 - Apply proxy settings
2025-12-11 21:45:55,748 [INFO] WebApp:548 - Chromium requires no authentication
2025-12-11 21:45:55,748 [INFO] WebApp:491 - Direct internet connection detected
2025-12-11 21:45:56,036 [INFO] WebApp:191 - Connection restablished
2025-12-11 21:45:56,196 [INFO] WebApp:225 - Starting web application
2025-12-11 21:45:56,197 [INFO] WebApp:593 - Web application path used C:\ST\STM32CubeIDE_1.19.0\STM32CubeIDE\plugins\com.st.stm32cube.common.mx_6.15.0.202507011659\db\plugins\mcufinder\reactClient1\index.html
2025-12-11 21:47:27,516 [INFO] McuFinderGlobals:63 - Set McuFinder mode to 2 (CubeIDE integrated)
2025-12-11 21:47:27,532 [INFO] MainUpdater:2872 - connection check result : 10
2025-12-11 21:47:27,534 [INFO] MainUpdater:2872 - connection check result : 10
2025-12-11 21:47:27,601 [INFO] MicroXplorer:468 - Change Database Path : 
2025-12-11 21:47:27,601 [INFO] MicroXplorer:498 - Change Database Version : DB.6.0.150
2025-12-11 21:47:27,618 [WARN] ThirdParty:871 - waiting for thirdparty lock release [close project]
2025-12-11 21:47:27,618 [INFO] ThirdParty:873 - entering critical section [close project]
2025-12-11 21:47:27,619 [INFO] ThirdParty:883 - exiting critical section [close project]
2025-12-11 21:47:27,621 [INFO] PinOutPanel:1589 - setPackage(No Configuration,No Configuration)
2025-12-11 21:47:27,623 [INFO] UtilMem:75 - Begin LoadConfig() Used Memory: 689247200 Bytes (1055916032)
2025-12-11 21:47:27,623 [INFO] MicroXplorer:468 - Change Database Path : 
2025-12-11 21:47:27,624 [INFO] MicroXplorer:498 - Change Database Version : DB.6.0.150
2025-12-11 21:47:27,624 [INFO] OpenFileManager:355 - Change cursor
2025-12-11 21:47:27,689 [INFO] Mcu:2029 - Initializing MCU STM32L476R(C-E-G)Tx STM32L476RGTx STM32L476RGT3
2025-12-11 21:47:29,805 [INFO] Context:786 - Trying to add GPIOservice into a context  which must be forbidden
2025-12-11 21:47:30,305 [INFO] ImportTextPane:234 - (OptionalMessage_ERROR) Pin3 (VP_RIF_VS_RIF1) cannot be retrieved for this MCU
2025-12-11 21:47:30,530 [INFO] RtosManager:558 - Registered RTOS mode: class=CMSIS, group=RTOS, mode=CMSIS_V1, owner=FREERTOS
2025-12-11 21:47:30,531 [INFO] RtosManager:558 - Registered RTOS mode: class=CMSIS, group=RTOS2, mode=CMSIS_V2, owner=FREERTOS
2025-12-11 21:47:30,531 [INFO] RtosManager:558 - Registered RTOS mode: class=RTOS, group=Core, mode=CMSIS_V1, owner=FREERTOS
2025-12-11 21:47:30,531 [INFO] RtosManager:558 - Registered RTOS mode: class=RTOS, group=Core, mode=CMSIS_V2, owner=FREERTOS
2025-12-11 21:47:30,531 [WARN] ModelIntegratedComponent:184 - Missing modes for component STMicroelectronics:FreeRTOS:0.0.1:STMicroelectronics:RTOS:FreeRTOS:Core:::10.2.0:
2025-12-11 21:47:30,559 [WARN] ModelIntegratedComponent:63 - No mode defined for component null
2025-12-11 21:47:30,559 [WARN] ModelIntegratedComponent:63 - No mode defined for component null
2025-12-11 21:47:30,559 [WARN] ModelIntegratedComponent:63 - No mode defined for component null
2025-12-11 21:47:30,559 [WARN] ModelIntegratedComponent:63 - No mode defined for component null
2025-12-11 21:47:30,559 [WARN] ModelIntegratedComponent:63 - No mode defined for component null
2025-12-11 21:47:30,559 [WARN] ModelIntegratedComponent:63 - No mode defined for component null
2025-12-11 21:47:30,559 [WARN] ModelIntegratedComponent:63 - No mode defined for component null
2025-12-11 21:47:30,559 [WARN] ModelIntegratedComponent:63 - No mode defined for component null
2025-12-11 21:47:30,559 [WARN] ModelIntegratedComponent:63 - No mode defined for component null
2025-12-11 21:47:30,560 [WARN] ModelIntegratedComponent:63 - No mode defined for component null
2025-12-11 21:47:30,560 [WARN] ModelIntegratedComponent:63 - No mode defined for component null
2025-12-11 21:47:30,560 [WARN] ModelIntegratedComponent:63 - No mode defined for component null
2025-12-11 21:47:30,560 [WARN] ModelIntegratedComponent:63 - No mode defined for component null
2025-12-11 21:47:30,560 [WARN] ModelIntegratedComponent:63 - No mode defined for component null
2025-12-11 21:47:30,560 [WARN] ModelIntegratedComponent:63 - No mode defined for component null
2025-12-11 21:47:30,560 [WARN] ModelIntegratedComponent:63 - No mode defined for component null
2025-12-11 21:47:30,560 [WARN] ModelIntegratedComponent:63 - No mode defined for component null
2025-12-11 21:47:30,560 [WARN] ModelIntegratedComponent:63 - No mode defined for component null
2025-12-11 21:47:30,560 [WARN] ModelIntegratedComponent:63 - No mode defined for component null
2025-12-11 21:47:30,560 [WARN] ModelIntegratedComponent:63 - No mode defined for component null
2025-12-11 21:47:30,560 [WARN] ModelIntegratedComponent:63 - No mode defined for component null
2025-12-11 21:47:30,560 [WARN] ModelIntegratedComponent:63 - No mode defined for component null
2025-12-11 21:47:30,560 [WARN] ModelIntegratedComponent:63 - No mode defined for component null
2025-12-11 21:47:30,560 [WARN] ModelIntegratedComponent:63 - No mode defined for component null
2025-12-11 21:47:30,561 [WARN] ModelIntegratedComponent:63 - No mode defined for component null
2025-12-11 21:47:30,561 [WARN] ModelIntegratedComponent:63 - No mode defined for component null
2025-12-11 21:47:30,561 [WARN] ModelIntegratedComponent:63 - No mode defined for component null
2025-12-11 21:47:30,561 [WARN] ModelIntegratedComponent:63 - No mode defined for component null
2025-12-11 21:47:30,561 [WARN] ModelIntegratedComponent:63 - No mode defined for component null
2025-12-11 21:47:30,561 [WARN] ModelIntegratedComponent:63 - No mode defined for component null
2025-12-11 21:47:30,561 [WARN] ModelIntegratedComponent:63 - No mode defined for component null
2025-12-11 21:47:30,561 [WARN] ModelIntegratedComponent:63 - No mode defined for component null
2025-12-11 21:47:30,561 [WARN] ModelIntegratedComponent:63 - No mode defined for component null
2025-12-11 21:47:30,561 [WARN] ModelIntegratedComponent:63 - No mode defined for component null
2025-12-11 21:47:30,561 [WARN] ModelIntegratedComponent:63 - No mode defined for component null
2025-12-11 21:47:30,561 [WARN] ModelPack:524 - Component already loaded: STMicroelectronics:HAL Drivers:0.0.0:STMicroelectronics:Device:STMicro_Driver:XSPI:HAL::0.0.1:HAL_XSPI
2025-12-11 21:47:30,698 [INFO] ThirdPartyModel:298 - Start build external matchings
2025-12-11 21:47:31,264 [INFO] ThirdPartyModel:316 - End build external matchings
2025-12-11 21:47:31,796 [INFO] ApiDb:581 - Connected to CubeFinder SQLite database (C:\Users\user\.stmcufinder\plugins\mcufinder\mcu\cube-finder-db.db)
2025-12-11 21:47:31,894 [INFO] ApiDb:668 - CubeFinder database Data Model version=2.1
2025-12-11 21:47:31,894 [INFO] ApiDb:669 - CubeFinder database Configuration version=3.0.39
2025-12-11 21:47:31,894 [INFO] ApiDb:670 - CubeFinder database generation date=2025-11-05 (1762334721)
2025-12-11 21:47:31,894 [INFO] ApiDb:671 - CubeFinder database FW Pack versions=[FP-ATR-ASTRA1_V2.0.0, FP-SNS-FLIGHT1_V5.1.0, FP-SNS-MOTENV1_V5.1.0, FP-SNS-MOTENVWB1_V1.4.0, FP-SNS-SMARTAG2_V1.2.0, FP-SNS-STBOX1_V2.1.0, STM32Cube_FW_C0_V1.4.0, STM32Cube_FW_F4_V1.28.3, STM32Cube_FW_F7_V1.17.4, STM32Cube_FW_G0_V1.6.2, STM32Cube_FW_G4_V1.6.1, STM32Cube_FW_H5_V1.5.1, STM32Cube_FW_H7RS_V1.3.0, STM32Cube_FW_H7_V1.12.1, STM32Cube_FW_L0_V1.12.2, STM32Cube_FW_L4_V1.18.1, STM32Cube_FW_L5_V1.6.0, STM32Cube_FW_N6_V1.3.0, STM32Cube_FW_U0_V1.3.0, STM32Cube_FW_U3_V1.2.1, STM32Cube_FW_U5_V1.8.0, STM32Cube_FW_WB0_V1.4.0, STM32Cube_FW_WBA_V1.8.0, STM32Cube_FW_WB_V1.24.0, STM32Cube_FW_WL3_V1.3.0, STM32Cube_FW_WL_V1.4.0, X-CUBE-ALGOBUILD_V1.4.0, X-CUBE-ALS_V1.0.2, X-CUBE-AZRTOS-F4_V1.1.0, X-CUBE-AZRTOS-F7_V1.1.0, X-CUBE-AZRTOS-G0_V1.1.0, X-CUBE-AZRTOS-G4_V2.0.0, X-CUBE-AZRTOS-H7RS_V1.1.0, X-CUBE-AZRTOS-H7_V3.4.0, X-CUBE-AZRTOS-L4_V2.0.0, X-CUBE-AZRTOS-L5_V2.0.0, X-CUBE-AZRTOS-WB_V2.0.0, X-CUBE-AZRTOS-WL_V2.0.0, X-CUBE-BLE1_V7.1.0, X-CUBE-BLE2_V3.3.0, X-CUBE-BLEMGR_V4.1.0, X-CUBE-EEPRMA1_V5.2.0, X-CUBE-FREERTOS_V1.3.1, X-CUBE-GNSS1_V6.0.0, X-CUBE-MEMS1_V11.3.0, X-CUBE-NFC4_V3.0.0, X-CUBE-NFC7_V2.0.0, X-CUBE-SFXS2LP1_V4.0.0, X-CUBE-ST67W61_V1.1.0, X-CUBE-SUBG2_V5.0.0, X-CUBE-TOF1_V3.4.3]
2025-12-11 21:47:32,043 [INFO] DbBoardsSqlite:226 - include board P-NUCLEO-WB55-NUCLEO as a kit item of type 'Nucleo-64'
2025-12-11 21:47:32,043 [INFO] DbBoardsSqlite:226 - include board P-NUCLEO-WB55-USBDONGLE as a kit item of type 'Nucleo USB Dongle'
2025-12-11 21:47:32,045 [INFO] DbBoardsSqlite:226 - include board STEVAL-IDP005V1 as a kit item of type 'Evaluation Board'
2025-12-11 21:47:32,045 [INFO] DbBoardsSqlite:226 - include board STEVAL-IDP005V2 as a kit item of type 'Evaluation Board'
2025-12-11 21:47:33,145 [INFO] ApiDb:240 - Found 880 in-development CPN: [B-G473E-ZEST1S, B-WB1M-WPAN1, B-WBA5M-WPAN, B-WL5M-SUBG1, NUCLEO-C031C6, NUCLEO-C051C8, NUCLEO-C071RB, NUCLEO-C092RC, NUCLEO-H503RB, NUCLEO-H533RE, NUCLEO-H563ZI, NUCLEO-H7S3L8, NUCLEO-N657X0-Q, NUCLEO-U031R8, NUCLEO-U083RC, NUCLEO-U385RG-Q, NUCLEO-U545RE-Q, NUCLEO-U5A5ZJ-Q, NUCLEO-WB05KZ, NUCLEO-WB07CC, NUCLEO-WB09KE, NUCLEO-WBA52CG, NUCLEO-WBA55CG, NUCLEO-WL33CC1, NUCLEO-WL33CC2, STEVAL-PROTEUS1, STEVAL-SMARTAG2, STEVAL-STWINBX1, STM320518-EVAL, STM32C0116-DK, STM32C011D6Y3TR, STM32C011D6Y6TR, STM32C011F4P3, STM32C011F4P6, STM32C011F4U3, STM32C011F4U6TR, STM32C011F6P3, STM32C011F6P6, STM32C011F6U3, STM32C011F6U6TR, STM32C011J4M3, STM32C011J4M6, STM32C011J6M3, STM32C011J6M6, STM32C0316-DK, STM32C031C4T3, STM32C031C4T6, STM32C031C4U3, STM32C031C4U6, STM32C031C6T3, STM32C031C6T6, STM32C031C6U3, STM32C031C6U6, STM32C031F4P3, STM32C031F4P6, STM32C031F6P3, STM32C031F6P6, STM32C031G4U3, STM32C031G4U6, STM32C031G6U3, STM32C031G6U6, STM32C031K4T3, STM32C031K4T6, STM32C031K4U3, STM32C031K4U6, STM32C031K6T3, STM32C031K6T6, STM32C031K6U3, STM32C031K6U6, STM32C051C6T6, STM32C051C6U6, STM32C051C8T6, STM32C051C8U6, STM32C051D8Y6TR, STM32C051F6P6, STM32C051F8P6, STM32C051G6U6, STM32C051G8U6, STM32C051K6T6, STM32C051K6U6, STM32C051K8T6, STM32C071C8T6, STM32C071C8T6N, STM32C071C8U6, STM32C071C8U6N, STM32C071CBT6, STM32C071CBT6N, STM32C071CBU6, STM32C071CBU6N, STM32C071F8P6, STM32C071F8P6N, STM32C071FBP6, STM32C071FBP6N, STM32C071FBY6TR, STM32C071G8U6, STM32C071G8U6N, STM32C071GBU6, STM32C071GBU6N, STM32C071K8T6, STM32C071K8T6N, STM32C071K8U6, STM32C071K8U6N, STM32C071KBT6, STM32C071KBT6N, STM32C071KBU6, STM32C071KBU6N, STM32C071R8T6, STM32C071R8T6N, STM32C071RBI6N, STM32C071RBT6, STM32C071RBT6N, STM32C091CBT6, STM32C091CBU6, STM32C091CCT6, STM32C091CCU6, STM32C091ECY6TR, STM32C091FBP6, STM32C091FCP6, STM32C091GBU6, STM32C091GCU6, STM32C091KBT6, STM32C091KBU6, STM32C091KCT6, STM32C091KCU6, STM32C091RBT6, STM32C091RCI6, STM32C091RCT6, STM32C092CBT6, STM32C092CBU6, STM32C092CCT6, STM32C092CCU6, STM32C092ECY6TR, STM32C092FBP6, STM32C092FCP6, STM32C092GBU6, STM32C092GCU6, STM32C092KBT6, STM32C092KBU6, STM32C092KCT6, STM32C092KCU6, STM32C092RBT6, STM32C092RCI6, STM32C092RCT6, STM32G071K8TXN, STM32G071K8UXN, STM32G081GBU6N, STM32G081KBT6N, STM32G081KBUXN, STM32G0B1CCT6N, STM32G0B1KCT6, STM32G0B1NEY6TR, STM32G0B1RCT6N, STM32G0C1CCT6, STM32G0C1CCT6N, STM32G0C1CCU6N, STM32G0C1CET6N, STM32G0C1CEU6N, STM32G0C1KCT6, STM32G0C1NEY6TR, STM32G0C1RCI6N, STM32G0C1RCT6N, STM32G0C1REI6N, STM32G0C1RET6N, STM32G0C1VCI6, STM32G0C1VEI6, STM32G411C6T3, STM32G411C6T6, STM32G411C6U3, STM32G411C6U6, STM32G411C8T3, STM32G411C8T6, STM32G411C8U3, STM32G411C8U6, STM32G411CBT3, STM32G411CBT6, STM32G411CBU3, STM32G411CBU6, STM32G411K6T3, STM32G411K6T6, STM32G411K6U3, STM32G411K6U6, STM32G411K8T3, STM32G411K8T6, STM32G411K8U3, STM32G411K8U6, STM32G411KBT3, STM32G411KBT6, STM32G411KBU3, STM32G411KBU6, STM32G411M6T3, STM32G411M6T6, STM32G411M8T3, STM32G411M8T6, STM32G411MBT3, STM32G411MBT6, STM32G411R6T3, STM32G411R6T6, STM32G411R8T3, STM32G411R8T6, STM32G411RBT3, STM32G411RBT6, STM32G414CBT3, STM32G414CBT6, STM32G414CBU3, STM32G414CBU6, STM32G414CCT3, STM32G414CCT6, STM32G414CCU3, STM32G414CCU6, STM32G414MBT3, STM32G414MBT6, STM32G414MCT3, STM32G414MCT6, STM32G414RBT3, STM32G414RBT6, STM32G414RCT3, STM32G414RCT6, STM32G414VBT3, STM32G414VBT6, STM32G414VCT3, STM32G414VCT6, STM32G431CBT3Z, STM32G431RBT3Z, STM32G471CCT6, STM32G471CCU6, STM32G471CET3, STM32G471CET6, STM32G471CEU3, STM32G471CEU6, STM32G471MCT6, STM32G471MET3, STM32G471MET6, STM32G471MEY6TR, STM32G471QCT6, STM32G471QET3, STM32G471RCT6, STM32G471RET3, STM32G471RET6, STM32G471VCH6, STM32G471VCI6, STM32G471VCT6, STM32G471VEH3, STM32G471VEH6, STM32G471VEI3, STM32G471VEI6, STM32G471VET3, STM32G471VET6, STM32G473QET3Z, STM32G473RET3Z, STM32G474CCT6, STM32G491RET3Z, STM32H503CBT6, STM32H503CBU6, STM32H503EBY6TR, STM32H503KBU6, STM32H503RBT6, STM32H523CCT6, STM32H523CCU6, STM32H523CET6, STM32H523CEU6, STM32H523HEY6TR, STM32H523RCT6, STM32H523RET6, STM32H523VCI6, STM32H523VCT6, STM32H523VEI6, STM32H523VET6, STM32H523ZCJ6, STM32H523ZCT6, STM32H523ZEJ6, STM32H523ZET6, STM32H533CET6, STM32H533CEU6, STM32H533HEY6TR, STM32H533RET6, STM32H533VEI6, STM32H533VET6, STM32H533ZEJ6, STM32H533ZET6, STM32H562AGI6, STM32H562AII6, STM32H562IGK6, STM32H562IGT6, STM32H562IIK6, STM32H562IIT6, STM32H562RGT6, STM32H562RGV6, STM32H562RIT6, STM32H562RIV6, STM32H562VGT6, STM32H562VIT6, STM32H562ZGT6, STM32H562ZIT6, STM32H563AGI6, STM32H563AII3Q, STM32H563AII6, STM32H563IGK6, STM32H563IGT6, STM32H563IIK3Q, STM32H563IIK6, STM32H563IIT3Q, STM32H563IIT6, STM32H563MIY3QTR, STM32H563RGT6, STM32H563RGV6, STM32H563RIT6, STM32H563RIV6, STM32H563VGT6, STM32H563VIT3Q, STM32H563VIT6, STM32H563ZGT6, STM32H563ZIT3Q, STM32H563ZIT6, STM32H573AII3Q, STM32H573AII6, STM32H573I-DK, STM32H573IIK3Q, STM32H573IIK6, STM32H573IIT3Q, STM32H573IIT6, STM32H573MIY3QTR, STM32H573RIT6, STM32H573RIV6, STM32H573VIT3Q, STM32H573VIT6, STM32H573ZIT3Q, STM32H573ZIT6, STM32H7R3A8I6, STM32H7R3I8K6, STM32H7R3I8T6, STM32H7R3L8H6, STM32H7R3L8H6H, STM32H7R3R8V6, STM32H7R3V8H6, STM32H7R3V8T6, STM32H7R3V8Y6TR, STM32H7R3Z8J6, STM32H7R3Z8T6, STM32H7R7A8I6, STM32H7R7I8K6, STM32H7R7I8T6, STM32H7R7L8H6, STM32H7R7L8H6H, STM32H7R7Z8J6, STM32H7S3A8I6, STM32H7S3I8K6, STM32H7S3I8T6, STM32H7S3L8H6, STM32H7S3L8H6H, STM32H7S3R8V6, STM32H7S3V8H6, STM32H7S3V8T6, STM32H7S3V8Y6TR, STM32H7S3Z8J6, STM32H7S3Z8T6, STM32H7S78-DK, STM32H7S7A8I6, STM32H7S7I8K6, STM32H7S7I8T6, STM32H7S7L8H6, STM32H7S7L8H6H, STM32H7S7Z8J6, STM32L4R5QGI6STR, STM32MP131AAE3, STM32MP131AAF3, STM32MP131AAG3, STM32MP131CAE3, STM32MP131CAF3, STM32MP131CAG3, STM32MP131DAE7, STM32MP131DAF7, STM32MP131DAG7, STM32MP131FAE7, STM32MP131FAF7, STM32MP131FAG7, STM32MP133AAE3, STM32MP133AAF3, STM32MP133AAG3, STM32MP133CAE3, STM32MP133CAF3, STM32MP133CAG3, STM32MP133DAE7, STM32MP133DAF7, STM32MP133DAG7, STM32MP133FAE7, STM32MP133FAF7, STM32MP133FAG7, STM32MP135AAE3, STM32MP135AAF3, STM32MP135AAG3, STM32MP135CAE3, STM32MP135CAF3, STM32MP135CAG3, STM32MP135DAE7, STM32MP135DAF7, STM32MP135DAG7, STM32MP135F-DK, STM32MP135FAE7, STM32MP135FAF7, STM32MP135FAF7T, STM32MP135FAF7U, STM32MP135FAG7, STM32MP211AAL3, STM32MP211AAM3, STM32MP211AAN3, STM32MP211AAO3, STM32MP211CAL3, STM32MP211CAM3, STM32MP211CAN3, STM32MP211CAO3, STM32MP211DAL3, STM32MP211DAM3, STM32MP211DAN3, STM32MP211DAO3, STM32MP211FAL3, STM32MP211FAM3, STM32MP211FAN3, STM32MP211FAO3, STM32MP213AAL3, STM32MP213AAM3, STM32MP213AAN3, STM32MP213AAO3, STM32MP213CAL3, STM32MP213CAM3, STM32MP213CAN3, STM32MP213CAO3, STM32MP213DAL3, STM32MP213DAM3, STM32MP213DAN3, STM32MP213DAO3, STM32MP213FAL3, STM32MP213FAM3, STM32MP213FAN3, STM32MP213FAO3, STM32MP215AAL3, STM32MP215AAM3, STM32MP215AAN3, STM32MP215AAO3, STM32MP215CAL3, STM32MP215CAM3, STM32MP215CAN3, STM32MP215CAO3, STM32MP215DAL3, STM32MP215DAM3, STM32MP215DAN3, STM32MP215DAO3, STM32MP215F-DK, STM32MP215FAL3, STM32MP215FAM3, STM32MP215FAN3, STM32MP215FAO3, STM32MP231AAJ3, STM32MP231AAK3, STM32MP231AAL3, STM32MP231CAJ3, STM32MP231CAK3, STM32MP231CAL3, STM32MP231DAJ3, STM32MP231DAK3, STM32MP231DAL3, STM32MP231FAJ3, STM32MP231FAK3, STM32MP231FAL3, STM32MP233AAJ3, STM32MP233AAK3, STM32MP233AAL3, STM32MP233CAJ3, STM32MP233CAK3, STM32MP233CAL3, STM32MP233DAJ3, STM32MP233DAK3, STM32MP233DAL3, STM32MP233FAJ3, STM32MP233FAK3, STM32MP233FAL3, STM32MP235AAJ3, STM32MP235AAK3, STM32MP235AAL3, STM32MP235CAJ3, STM32MP235CAK3, STM32MP235CAL3, STM32MP235DAJ3, STM32MP235DAK3, STM32MP235DAL3, STM32MP235FAJ3, STM32MP235FAK3, STM32MP235FAL3, STM32MP251AAI3, STM32MP251AAK3, STM32MP251AAL3, STM32MP251CAI3, STM32MP251CAK3, STM32MP251CAL3, STM32MP251DAI3, STM32MP251DAK3, STM32MP251DAL3, STM32MP251FAI3, STM32MP251FAK3, STM32MP251FAL3, STM32MP253AAI3, STM32MP253AAK3, STM32MP253AAL3, STM32MP253CAI3, STM32MP253CAK3, STM32MP253CAL3, STM32MP253DAI3, STM32MP253DAK3, STM32MP253DAL3, STM32MP253FAI3, STM32MP253FAK3, STM32MP253FAL3, STM32MP255AAI3, STM32MP255AAK3, STM32MP255AAL3, STM32MP255CAI3, STM32MP255CAK3, STM32MP255CAL3, STM32MP255DAI3, STM32MP255DAK3, STM32MP255DAL3, STM32MP255FAI3, STM32MP255FAK3, STM32MP255FAL3, STM32MP257AAI3, STM32MP257AAK3, STM32MP257AAL3, STM32MP257CAI3, STM32MP257CAK3, STM32MP257CAL3, STM32MP257DAI3, STM32MP257DAK3, STM32MP257DAL3, STM32MP257F-DK, STM32MP257F-EV1, STM32MP257FAI3, STM32MP257FAK3, STM32MP257FAL3, STM32N645A0H3Q, STM32N645B0H3Q, STM32N645I0H3Q, STM32N645L0H3Q, STM32N645X0H3Q, STM32N645Z0H3Q, STM32N647A0H3Q, STM32N647B0H3Q, STM32N647I0H3Q, STM32N647L0H3Q, STM32N647X0H3Q, STM32N647Z0H3Q, STM32N655A0H3Q, STM32N655B0H3Q, STM32N655I0H3Q, STM32N655L0H3Q, STM32N655X0H3Q, STM32N655Z0H3Q, STM32N6570-DK, STM32N657A0H3Q, STM32N657B0H3Q, STM32N657I0H3Q, STM32N657L0H3Q, STM32N657X0H3Q, STM32N657Z0H3Q, STM32U031C6T6, STM32U031C6U6, STM32U031C8T6, STM32U031C8U6, STM32U031F4P6, STM32U031F6P6, STM32U031F8P6, STM32U031G6Y6TR, STM32U031G8Y6TR, STM32U031K4U6, STM32U031K6U6, STM32U031K8U6, STM32U031R6I6, STM32U031R6T6, STM32U031R8I6, STM32U031R8T6, STM32U073C8T6, STM32U073C8U6, STM32U073CBT6, STM32U073CBU6, STM32U073CCT6, STM32U073CCU6, STM32U073H8Y6TR, STM32U073HBY6TR, STM32U073HCY6TR, STM32U073K8U6, STM32U073KBU6, STM32U073KCU6, STM32U073M8I6, STM32U073M8T6, STM32U073MBI6, STM32U073MBT6, STM32U073MCI6, STM32U073MCT6, STM32U073R8I6, STM32U073R8T6, STM32U073RBI6, STM32U073RBT6, STM32U073RCI6, STM32U073RCT6, STM32U083C-DK, STM32U083CCT6, STM32U083CCU6, STM32U083HCY6TR, STM32U083KCU6, STM32U083MCI6, STM32U083MCT6, STM32U083RCI6, STM32U083RCT6, STM32U375CET6, STM32U375CET6Q, STM32U375CEU6, STM32U375CEU6Q, STM32U375CEY6QTR, STM32U375CGT6, STM32U375CGT6Q, STM32U375CGU6, STM32U375CGU6Q, STM32U375CGY6QTR, STM32U375KEU6, STM32U375KGU6, STM32U375REI6, STM32U375REI6Q, STM32U375RET6, STM32U375RET6Q, STM32U375REY6GTR, STM32U375REY6QTR, STM32U375RGI6, STM32U375RGI6Q, STM32U375RGT6, STM32U375RGT6Q, STM32U375RGY6GTR, STM32U375RGY6QTR, STM32U375VEI6, STM32U375VEI6Q, STM32U375VET6, STM32U375VET6Q, STM32U375VGI6, STM32U375VGI6Q, STM32U375VGT6, STM32U375VGT6Q, STM32U385CGT6, STM32U385CGT6Q, STM32U385CGU6, STM32U385CGU6Q, STM32U385CGY6QTR, STM32U385KGU6, STM32U385RGI6, STM32U385RGI6Q, STM32U385RGT6, STM32U385RGT6Q, STM32U385RGY6GTR, STM32U385RGY6QTR, STM32U385VGI6, STM32U385VGI6Q, STM32U385VGT6, STM32U385VGT6Q, STM32U535CBT6, STM32U535CBT6Q, STM32U535CBU6, STM32U535CBU6Q, STM32U535CCT6, STM32U535CCT6Q, STM32U535CCU6, STM32U535CCU6Q, STM32U535CET6, STM32U535CET6Q, STM32U535CEU6, STM32U535CEU6Q, STM32U535JEY6QTR, STM32U535NCY6QTR, STM32U535NEY6QTR, STM32U535RBI6, STM32U535RBI6Q, STM32U535RBT6, STM32U535RBT6Q, STM32U535RCI6, STM32U535RCI6Q, STM32U535RCT6, STM32U535RCT6Q, STM32U535REI6, STM32U535REI6Q, STM32U535RET6, STM32U535RET6Q, STM32U535VCI6, STM32U535VCI6Q, STM32U535VCT6, STM32U535VCT6Q, STM32U535VEI6, STM32U535VEI6Q, STM32U535VET6, STM32U535VET6Q, STM32U545CET6, STM32U545CET6Q, STM32U545CEU6, STM32U545CEU6Q, STM32U545JEY6QTR, STM32U545NEY6QTR, STM32U545REI6, STM32U545REI6Q, STM32U545RET6, STM32U545RET6Q, STM32U545VEI6, STM32U545VEI6Q, STM32U545VET6, STM32U545VET6Q, STM32U595AIH6, STM32U595AIH6Q, STM32U595AJH6, STM32U595AJH6Q, STM32U595QII6, STM32U595QII6Q, STM32U595QJI6, STM32U595QJI6Q, STM32U595RIT6, STM32U595RIT6Q, STM32U595RJT6, STM32U595RJT6Q, STM32U595VIT6, STM32U595VIT6Q, STM32U595VJT6, STM32U595VJT6Q, STM32U595ZIT6, STM32U595ZIT6Q, STM32U595ZIY6QTR, STM32U595ZJT6, STM32U595ZJT6Q, STM32U595ZJY6QTR, STM32U599BJY6QTR, STM32U599NIH6Q, STM32U599NJH6Q, STM32U599VIT6Q, STM32U599VJT6, STM32U599VJT6Q, STM32U599ZIT6Q, STM32U599ZIY6QTR, STM32U599ZJT6Q, STM32U599ZJY6QTR, STM32U5A5AJH6, STM32U5A5AJH6Q, STM32U5A5QII3Q , STM32U5A5QJI6, STM32U5A5QJI6Q, STM32U5A5RJT6, STM32U5A5RJT6Q, STM32U5A5VJT6, STM32U5A5VJT6Q, STM32U5A5ZJT6, STM32U5A5ZJT6Q, STM32U5A5ZJY6QTR, STM32U5A9BJY6QTR, STM32U5A9J-DK, STM32U5A9NJH6Q, STM32U5A9VJT6Q, STM32U5A9ZJT6Q, STM32U5A9ZJY6QTR, STM32U5F7VIT6, STM32U5F7VIT6Q, STM32U5F7VJT6, STM32U5F7VJT6Q, STM32U5F9BJY6QTR, STM32U5F9NJH6Q, STM32U5F9VIT6Q, STM32U5F9VJT6Q, STM32U5F9ZIJ6QTR, STM32U5F9ZIT6Q, STM32U5F9ZJJ6QTR, STM32U5F9ZJT6Q, STM32U5G7VJT6, STM32U5G7VJT6Q, STM32U5G9BJY6QTR, STM32U5G9J-DK1, STM32U5G9J-DK2, STM32U5G9NJH6Q, STM32U5G9VJT6Q, STM32U5G9ZJJ6QTR, STM32U5G9ZJT6Q, STM32WB05KZV6TR, STM32WB05KZV7TR, STM32WB05TZF6TR, STM32WB05TZF7TR, STM32WB06CCF6TR, STM32WB06CCF7TR, STM32WB06CCV6TR, STM32WB06CCV7TR, STM32WB06KCV6TR, STM32WB06KCV7TR, STM32WB07CCF6TR, STM32WB07CCF7TR, STM32WB07CCV6TR, STM32WB07CCV7TR, STM32WB07KCV6TR, STM32WB07KCV7TR, STM32WB09KEV6TR, STM32WB09KEV7TR, STM32WB09TEF6TR, STM32WB09TEF7TR, STM32WB1MMCH6, STM32WBA50KGU6, STM32WBA50KGU6TR, STM32WBA52CEU6, STM32WBA52CEU6TR, STM32WBA52CEU7, STM32WBA52CEU7TR, STM32WBA52CGU6, STM32WBA52CGU6TR, STM32WBA52CGU6U, STM32WBA52CGU7, STM32WBA52CGU7TR, STM32WBA52KEU6, STM32WBA52KEU6TR, STM32WBA52KGU6, STM32WBA52KGU6TR, STM32WBA54CEU6, STM32WBA54CEU6TR, STM32WBA54CEU7, STM32WBA54CEU7TR, STM32WBA54CGU6, STM32WBA54CGU6TR, STM32WBA54CGU7, STM32WBA54CGU7TR, STM32WBA54KEU6, STM32WBA54KEU6TR, STM32WBA54KEU7, STM32WBA54KEU7TR, STM32WBA54KGU6, STM32WBA54KGU6TR, STM32WBA54KGU7, STM32WBA54KGU7TR, STM32WBA55CEU6, STM32WBA55CEU6TR, STM32WBA55CEU7, STM32WBA55CEU7TR, STM32WBA55CGU6, STM32WBA55CGU6TR, STM32WBA55CGU6U, STM32WBA55CGU7, STM32WBA55CGU7TR, STM32WBA55G-DK1, STM32WBA55HEF6, STM32WBA55HEF7, STM32WBA55HGF6, STM32WBA55HGF7, STM32WBA55UEI6, STM32WBA55UEI6TR, STM32WBA55UEI7, STM32WBA55UEI7TR, STM32WBA55UGI6, STM32WBA55UGI6TR, STM32WBA55UGI7, STM32WBA55UGI7TR, STM32WBA5MMGH6TR, STM32WBA62MGF6, STM32WBA62MIF6, STM32WBA65MGF7, STM32WBA65MIF6, STM32WBA65MIF7, STM32WL30K8V6, STM32WL30KBV6, STM32WL31C8V6, STM32WL31CBV6, STM32WL31K8V6, STM32WL31KBV6, STM32WL33C8V6, STM32WL33C8V6X, STM32WL33CBV6, STM32WL33CBV6X, STM32WL33CCV6, STM32WL33CCV6A, STM32WL33CCV6X, STM32WL33K8V7, STM32WL33K8V7X, STM32WL33KBV7 , STM32WL33KBV7X, STM32WL33KCV7, STM32WL33KCV7X, STM32WL5MOCH6, STM32WL5MOCH6TR]
2025-12-11 21:47:33,149 [INFO] ApiDb:668 - CubeFinder database Data Model version=2.1
2025-12-11 21:47:33,149 [INFO] ApiDb:669 - CubeFinder database Configuration version=3.0.39
2025-12-11 21:47:33,149 [INFO] ApiDb:670 - CubeFinder database generation date=2025-11-05 (1762334721)
2025-12-11 21:47:33,149 [INFO] ApiDb:671 - CubeFinder database FW Pack versions=[FP-ATR-ASTRA1_V2.0.0, FP-SNS-FLIGHT1_V5.1.0, FP-SNS-MOTENV1_V5.1.0, FP-SNS-MOTENVWB1_V1.4.0, FP-SNS-SMARTAG2_V1.2.0, FP-SNS-STBOX1_V2.1.0, STM32Cube_FW_C0_V1.4.0, STM32Cube_FW_F4_V1.28.3, STM32Cube_FW_F7_V1.17.4, STM32Cube_FW_G0_V1.6.2, STM32Cube_FW_G4_V1.6.1, STM32Cube_FW_H5_V1.5.1, STM32Cube_FW_H7RS_V1.3.0, STM32Cube_FW_H7_V1.12.1, STM32Cube_FW_L0_V1.12.2, STM32Cube_FW_L4_V1.18.1, STM32Cube_FW_L5_V1.6.0, STM32Cube_FW_N6_V1.3.0, STM32Cube_FW_U0_V1.3.0, STM32Cube_FW_U3_V1.2.1, STM32Cube_FW_U5_V1.8.0, STM32Cube_FW_WB0_V1.4.0, STM32Cube_FW_WBA_V1.8.0, STM32Cube_FW_WB_V1.24.0, STM32Cube_FW_WL3_V1.3.0, STM32Cube_FW_WL_V1.4.0, X-CUBE-ALGOBUILD_V1.4.0, X-CUBE-ALS_V1.0.2, X-CUBE-AZRTOS-F4_V1.1.0, X-CUBE-AZRTOS-F7_V1.1.0, X-CUBE-AZRTOS-G0_V1.1.0, X-CUBE-AZRTOS-G4_V2.0.0, X-CUBE-AZRTOS-H7RS_V1.1.0, X-CUBE-AZRTOS-H7_V3.4.0, X-CUBE-AZRTOS-L4_V2.0.0, X-CUBE-AZRTOS-L5_V2.0.0, X-CUBE-AZRTOS-WB_V2.0.0, X-CUBE-AZRTOS-WL_V2.0.0, X-CUBE-BLE1_V7.1.0, X-CUBE-BLE2_V3.3.0, X-CUBE-BLEMGR_V4.1.0, X-CUBE-EEPRMA1_V5.2.0, X-CUBE-FREERTOS_V1.3.1, X-CUBE-GNSS1_V6.0.0, X-CUBE-MEMS1_V11.3.0, X-CUBE-NFC4_V3.0.0, X-CUBE-NFC7_V2.0.0, X-CUBE-SFXS2LP1_V4.0.0, X-CUBE-ST67W61_V1.1.0, X-CUBE-SUBG2_V5.0.0, X-CUBE-TOF1_V3.4.3]
2025-12-11 21:47:34,936 [INFO] ApiDb:240 - Found 880 in-development CPN: [B-G473E-ZEST1S, B-WB1M-WPAN1, B-WBA5M-WPAN, B-WL5M-SUBG1, NUCLEO-C031C6, NUCLEO-C051C8, NUCLEO-C071RB, NUCLEO-C092RC, NUCLEO-H503RB, NUCLEO-H533RE, NUCLEO-H563ZI, NUCLEO-H7S3L8, NUCLEO-N657X0-Q, NUCLEO-U031R8, NUCLEO-U083RC, NUCLEO-U385RG-Q, NUCLEO-U545RE-Q, NUCLEO-U5A5ZJ-Q, NUCLEO-WB05KZ, NUCLEO-WB07CC, NUCLEO-WB09KE, NUCLEO-WBA52CG, NUCLEO-WBA55CG, NUCLEO-WL33CC1, NUCLEO-WL33CC2, STEVAL-PROTEUS1, STEVAL-SMARTAG2, STEVAL-STWINBX1, STM320518-EVAL, STM32C0116-DK, STM32C011D6Y3TR, STM32C011D6Y6TR, STM32C011F4P3, STM32C011F4P6, STM32C011F4U3, STM32C011F4U6TR, STM32C011F6P3, STM32C011F6P6, STM32C011F6U3, STM32C011F6U6TR, STM32C011J4M3, STM32C011J4M6, STM32C011J6M3, STM32C011J6M6, STM32C0316-DK, STM32C031C4T3, STM32C031C4T6, STM32C031C4U3, STM32C031C4U6, STM32C031C6T3, STM32C031C6T6, STM32C031C6U3, STM32C031C6U6, STM32C031F4P3, STM32C031F4P6, STM32C031F6P3, STM32C031F6P6, STM32C031G4U3, STM32C031G4U6, STM32C031G6U3, STM32C031G6U6, STM32C031K4T3, STM32C031K4T6, STM32C031K4U3, STM32C031K4U6, STM32C031K6T3, STM32C031K6T6, STM32C031K6U3, STM32C031K6U6, STM32C051C6T6, STM32C051C6U6, STM32C051C8T6, STM32C051C8U6, STM32C051D8Y6TR, STM32C051F6P6, STM32C051F8P6, STM32C051G6U6, STM32C051G8U6, STM32C051K6T6, STM32C051K6U6, STM32C051K8T6, STM32C071C8T6, STM32C071C8T6N, STM32C071C8U6, STM32C071C8U6N, STM32C071CBT6, STM32C071CBT6N, STM32C071CBU6, STM32C071CBU6N, STM32C071F8P6, STM32C071F8P6N, STM32C071FBP6, STM32C071FBP6N, STM32C071FBY6TR, STM32C071G8U6, STM32C071G8U6N, STM32C071GBU6, STM32C071GBU6N, STM32C071K8T6, STM32C071K8T6N, STM32C071K8U6, STM32C071K8U6N, STM32C071KBT6, STM32C071KBT6N, STM32C071KBU6, STM32C071KBU6N, STM32C071R8T6, STM32C071R8T6N, STM32C071RBI6N, STM32C071RBT6, STM32C071RBT6N, STM32C091CBT6, STM32C091CBU6, STM32C091CCT6, STM32C091CCU6, STM32C091ECY6TR, STM32C091FBP6, STM32C091FCP6, STM32C091GBU6, STM32C091GCU6, STM32C091KBT6, STM32C091KBU6, STM32C091KCT6, STM32C091KCU6, STM32C091RBT6, STM32C091RCI6, STM32C091RCT6, STM32C092CBT6, STM32C092CBU6, STM32C092CCT6, STM32C092CCU6, STM32C092ECY6TR, STM32C092FBP6, STM32C092FCP6, STM32C092GBU6, STM32C092GCU6, STM32C092KBT6, STM32C092KBU6, STM32C092KCT6, STM32C092KCU6, STM32C092RBT6, STM32C092RCI6, STM32C092RCT6, STM32G071K8TXN, STM32G071K8UXN, STM32G081GBU6N, STM32G081KBT6N, STM32G081KBUXN, STM32G0B1CCT6N, STM32G0B1KCT6, STM32G0B1NEY6TR, STM32G0B1RCT6N, STM32G0C1CCT6, STM32G0C1CCT6N, STM32G0C1CCU6N, STM32G0C1CET6N, STM32G0C1CEU6N, STM32G0C1KCT6, STM32G0C1NEY6TR, STM32G0C1RCI6N, STM32G0C1RCT6N, STM32G0C1REI6N, STM32G0C1RET6N, STM32G0C1VCI6, STM32G0C1VEI6, STM32G411C6T3, STM32G411C6T6, STM32G411C6U3, STM32G411C6U6, STM32G411C8T3, STM32G411C8T6, STM32G411C8U3, STM32G411C8U6, STM32G411CBT3, STM32G411CBT6, STM32G411CBU3, STM32G411CBU6, STM32G411K6T3, STM32G411K6T6, STM32G411K6U3, STM32G411K6U6, STM32G411K8T3, STM32G411K8T6, STM32G411K8U3, STM32G411K8U6, STM32G411KBT3, STM32G411KBT6, STM32G411KBU3, STM32G411KBU6, STM32G411M6T3, STM32G411M6T6, STM32G411M8T3, STM32G411M8T6, STM32G411MBT3, STM32G411MBT6, STM32G411R6T3, STM32G411R6T6, STM32G411R8T3, STM32G411R8T6, STM32G411RBT3, STM32G411RBT6, STM32G414CBT3, STM32G414CBT6, STM32G414CBU3, STM32G414CBU6, STM32G414CCT3, STM32G414CCT6, STM32G414CCU3, STM32G414CCU6, STM32G414MBT3, STM32G414MBT6, STM32G414MCT3, STM32G414MCT6, STM32G414RBT3, STM32G414RBT6, STM32G414RCT3, STM32G414RCT6, STM32G414VBT3, STM32G414VBT6, STM32G414VCT3, STM32G414VCT6, STM32G431CBT3Z, STM32G431RBT3Z, STM32G471CCT6, STM32G471CCU6, STM32G471CET3, STM32G471CET6, STM32G471CEU3, STM32G471CEU6, STM32G471MCT6, STM32G471MET3, STM32G471MET6, STM32G471MEY6TR, STM32G471QCT6, STM32G471QET3, STM32G471RCT6, STM32G471RET3, STM32G471RET6, STM32G471VCH6, STM32G471VCI6, STM32G471VCT6, STM32G471VEH3, STM32G471VEH6, STM32G471VEI3, STM32G471VEI6, STM32G471VET3, STM32G471VET6, STM32G473QET3Z, STM32G473RET3Z, STM32G474CCT6, STM32G491RET3Z, STM32H503CBT6, STM32H503CBU6, STM32H503EBY6TR, STM32H503KBU6, STM32H503RBT6, STM32H523CCT6, STM32H523CCU6, STM32H523CET6, STM32H523CEU6, STM32H523HEY6TR, STM32H523RCT6, STM32H523RET6, STM32H523VCI6, STM32H523VCT6, STM32H523VEI6, STM32H523VET6, STM32H523ZCJ6, STM32H523ZCT6, STM32H523ZEJ6, STM32H523ZET6, STM32H533CET6, STM32H533CEU6, STM32H533HEY6TR, STM32H533RET6, STM32H533VEI6, STM32H533VET6, STM32H533ZEJ6, STM32H533ZET6, STM32H562AGI6, STM32H562AII6, STM32H562IGK6, STM32H562IGT6, STM32H562IIK6, STM32H562IIT6, STM32H562RGT6, STM32H562RGV6, STM32H562RIT6, STM32H562RIV6, STM32H562VGT6, STM32H562VIT6, STM32H562ZGT6, STM32H562ZIT6, STM32H563AGI6, STM32H563AII3Q, STM32H563AII6, STM32H563IGK6, STM32H563IGT6, STM32H563IIK3Q, STM32H563IIK6, STM32H563IIT3Q, STM32H563IIT6, STM32H563MIY3QTR, STM32H563RGT6, STM32H563RGV6, STM32H563RIT6, STM32H563RIV6, STM32H563VGT6, STM32H563VIT3Q, STM32H563VIT6, STM32H563ZGT6, STM32H563ZIT3Q, STM32H563ZIT6, STM32H573AII3Q, STM32H573AII6, STM32H573I-DK, STM32H573IIK3Q, STM32H573IIK6, STM32H573IIT3Q, STM32H573IIT6, STM32H573MIY3QTR, STM32H573RIT6, STM32H573RIV6, STM32H573VIT3Q, STM32H573VIT6, STM32H573ZIT3Q, STM32H573ZIT6, STM32H7R3A8I6, STM32H7R3I8K6, STM32H7R3I8T6, STM32H7R3L8H6, STM32H7R3L8H6H, STM32H7R3R8V6, STM32H7R3V8H6, STM32H7R3V8T6, STM32H7R3V8Y6TR, STM32H7R3Z8J6, STM32H7R3Z8T6, STM32H7R7A8I6, STM32H7R7I8K6, STM32H7R7I8T6, STM32H7R7L8H6, STM32H7R7L8H6H, STM32H7R7Z8J6, STM32H7S3A8I6, STM32H7S3I8K6, STM32H7S3I8T6, STM32H7S3L8H6, STM32H7S3L8H6H, STM32H7S3R8V6, STM32H7S3V8H6, STM32H7S3V8T6, STM32H7S3V8Y6TR, STM32H7S3Z8J6, STM32H7S3Z8T6, STM32H7S78-DK, STM32H7S7A8I6, STM32H7S7I8K6, STM32H7S7I8T6, STM32H7S7L8H6, STM32H7S7L8H6H, STM32H7S7Z8J6, STM32L4R5QGI6STR, STM32MP131AAE3, STM32MP131AAF3, STM32MP131AAG3, STM32MP131CAE3, STM32MP131CAF3, STM32MP131CAG3, STM32MP131DAE7, STM32MP131DAF7, STM32MP131DAG7, STM32MP131FAE7, STM32MP131FAF7, STM32MP131FAG7, STM32MP133AAE3, STM32MP133AAF3, STM32MP133AAG3, STM32MP133CAE3, STM32MP133CAF3, STM32MP133CAG3, STM32MP133DAE7, STM32MP133DAF7, STM32MP133DAG7, STM32MP133FAE7, STM32MP133FAF7, STM32MP133FAG7, STM32MP135AAE3, STM32MP135AAF3, STM32MP135AAG3, STM32MP135CAE3, STM32MP135CAF3, STM32MP135CAG3, STM32MP135DAE7, STM32MP135DAF7, STM32MP135DAG7, STM32MP135F-DK, STM32MP135FAE7, STM32MP135FAF7, STM32MP135FAF7T, STM32MP135FAF7U, STM32MP135FAG7, STM32MP211AAL3, STM32MP211AAM3, STM32MP211AAN3, STM32MP211AAO3, STM32MP211CAL3, STM32MP211CAM3, STM32MP211CAN3, STM32MP211CAO3, STM32MP211DAL3, STM32MP211DAM3, STM32MP211DAN3, STM32MP211DAO3, STM32MP211FAL3, STM32MP211FAM3, STM32MP211FAN3, STM32MP211FAO3, STM32MP213AAL3, STM32MP213AAM3, STM32MP213AAN3, STM32MP213AAO3, STM32MP213CAL3, STM32MP213CAM3, STM32MP213CAN3, STM32MP213CAO3, STM32MP213DAL3, STM32MP213DAM3, STM32MP213DAN3, STM32MP213DAO3, STM32MP213FAL3, STM32MP213FAM3, STM32MP213FAN3, STM32MP213FAO3, STM32MP215AAL3, STM32MP215AAM3, STM32MP215AAN3, STM32MP215AAO3, STM32MP215CAL3, STM32MP215CAM3, STM32MP215CAN3, STM32MP215CAO3, STM32MP215DAL3, STM32MP215DAM3, STM32MP215DAN3, STM32MP215DAO3, STM32MP215F-DK, STM32MP215FAL3, STM32MP215FAM3, STM32MP215FAN3, STM32MP215FAO3, STM32MP231AAJ3, STM32MP231AAK3, STM32MP231AAL3, STM32MP231CAJ3, STM32MP231CAK3, STM32MP231CAL3, STM32MP231DAJ3, STM32MP231DAK3, STM32MP231DAL3, STM32MP231FAJ3, STM32MP231FAK3, STM32MP231FAL3, STM32MP233AAJ3, STM32MP233AAK3, STM32MP233AAL3, STM32MP233CAJ3, STM32MP233CAK3, STM32MP233CAL3, STM32MP233DAJ3, STM32MP233DAK3, STM32MP233DAL3, STM32MP233FAJ3, STM32MP233FAK3, STM32MP233FAL3, STM32MP235AAJ3, STM32MP235AAK3, STM32MP235AAL3, STM32MP235CAJ3, STM32MP235CAK3, STM32MP235CAL3, STM32MP235DAJ3, STM32MP235DAK3, STM32MP235DAL3, STM32MP235FAJ3, STM32MP235FAK3, STM32MP235FAL3, STM32MP251AAI3, STM32MP251AAK3, STM32MP251AAL3, STM32MP251CAI3, STM32MP251CAK3, STM32MP251CAL3, STM32MP251DAI3, STM32MP251DAK3, STM32MP251DAL3, STM32MP251FAI3, STM32MP251FAK3, STM32MP251FAL3, STM32MP253AAI3, STM32MP253AAK3, STM32MP253AAL3, STM32MP253CAI3, STM32MP253CAK3, STM32MP253CAL3, STM32MP253DAI3, STM32MP253DAK3, STM32MP253DAL3, STM32MP253FAI3, STM32MP253FAK3, STM32MP253FAL3, STM32MP255AAI3, STM32MP255AAK3, STM32MP255AAL3, STM32MP255CAI3, STM32MP255CAK3, STM32MP255CAL3, STM32MP255DAI3, STM32MP255DAK3, STM32MP255DAL3, STM32MP255FAI3, STM32MP255FAK3, STM32MP255FAL3, STM32MP257AAI3, STM32MP257AAK3, STM32MP257AAL3, STM32MP257CAI3, STM32MP257CAK3, STM32MP257CAL3, STM32MP257DAI3, STM32MP257DAK3, STM32MP257DAL3, STM32MP257F-DK, STM32MP257F-EV1, STM32MP257FAI3, STM32MP257FAK3, STM32MP257FAL3, STM32N645A0H3Q, STM32N645B0H3Q, STM32N645I0H3Q, STM32N645L0H3Q, STM32N645X0H3Q, STM32N645Z0H3Q, STM32N647A0H3Q, STM32N647B0H3Q, STM32N647I0H3Q, STM32N647L0H3Q, STM32N647X0H3Q, STM32N647Z0H3Q, STM32N655A0H3Q, STM32N655B0H3Q, STM32N655I0H3Q, STM32N655L0H3Q, STM32N655X0H3Q, STM32N655Z0H3Q, STM32N6570-DK, STM32N657A0H3Q, STM32N657B0H3Q, STM32N657I0H3Q, STM32N657L0H3Q, STM32N657X0H3Q, STM32N657Z0H3Q, STM32U031C6T6, STM32U031C6U6, STM32U031C8T6, STM32U031C8U6, STM32U031F4P6, STM32U031F6P6, STM32U031F8P6, STM32U031G6Y6TR, STM32U031G8Y6TR, STM32U031K4U6, STM32U031K6U6, STM32U031K8U6, STM32U031R6I6, STM32U031R6T6, STM32U031R8I6, STM32U031R8T6, STM32U073C8T6, STM32U073C8U6, STM32U073CBT6, STM32U073CBU6, STM32U073CCT6, STM32U073CCU6, STM32U073H8Y6TR, STM32U073HBY6TR, STM32U073HCY6TR, STM32U073K8U6, STM32U073KBU6, STM32U073KCU6, STM32U073M8I6, STM32U073M8T6, STM32U073MBI6, STM32U073MBT6, STM32U073MCI6, STM32U073MCT6, STM32U073R8I6, STM32U073R8T6, STM32U073RBI6, STM32U073RBT6, STM32U073RCI6, STM32U073RCT6, STM32U083C-DK, STM32U083CCT6, STM32U083CCU6, STM32U083HCY6TR, STM32U083KCU6, STM32U083MCI6, STM32U083MCT6, STM32U083RCI6, STM32U083RCT6, STM32U375CET6, STM32U375CET6Q, STM32U375CEU6, STM32U375CEU6Q, STM32U375CEY6QTR, STM32U375CGT6, STM32U375CGT6Q, STM32U375CGU6, STM32U375CGU6Q, STM32U375CGY6QTR, STM32U375KEU6, STM32U375KGU6, STM32U375REI6, STM32U375REI6Q, STM32U375RET6, STM32U375RET6Q, STM32U375REY6GTR, STM32U375REY6QTR, STM32U375RGI6, STM32U375RGI6Q, STM32U375RGT6, STM32U375RGT6Q, STM32U375RGY6GTR, STM32U375RGY6QTR, STM32U375VEI6, STM32U375VEI6Q, STM32U375VET6, STM32U375VET6Q, STM32U375VGI6, STM32U375VGI6Q, STM32U375VGT6, STM32U375VGT6Q, STM32U385CGT6, STM32U385CGT6Q, STM32U385CGU6, STM32U385CGU6Q, STM32U385CGY6QTR, STM32U385KGU6, STM32U385RGI6, STM32U385RGI6Q, STM32U385RGT6, STM32U385RGT6Q, STM32U385RGY6GTR, STM32U385RGY6QTR, STM32U385VGI6, STM32U385VGI6Q, STM32U385VGT6, STM32U385VGT6Q, STM32U535CBT6, STM32U535CBT6Q, STM32U535CBU6, STM32U535CBU6Q, STM32U535CCT6, STM32U535CCT6Q, STM32U535CCU6, STM32U535CCU6Q, STM32U535CET6, STM32U535CET6Q, STM32U535CEU6, STM32U535CEU6Q, STM32U535JEY6QTR, STM32U535NCY6QTR, STM32U535NEY6QTR, STM32U535RBI6, STM32U535RBI6Q, STM32U535RBT6, STM32U535RBT6Q, STM32U535RCI6, STM32U535RCI6Q, STM32U535RCT6, STM32U535RCT6Q, STM32U535REI6, STM32U535REI6Q, STM32U535RET6, STM32U535RET6Q, STM32U535VCI6, STM32U535VCI6Q, STM32U535VCT6, STM32U535VCT6Q, STM32U535VEI6, STM32U535VEI6Q, STM32U535VET6, STM32U535VET6Q, STM32U545CET6, STM32U545CET6Q, STM32U545CEU6, STM32U545CEU6Q, STM32U545JEY6QTR, STM32U545NEY6QTR, STM32U545REI6, STM32U545REI6Q, STM32U545RET6, STM32U545RET6Q, STM32U545VEI6, STM32U545VEI6Q, STM32U545VET6, STM32U545VET6Q, STM32U595AIH6, STM32U595AIH6Q, STM32U595AJH6, STM32U595AJH6Q, STM32U595QII6, STM32U595QII6Q, STM32U595QJI6, STM32U595QJI6Q, STM32U595RIT6, STM32U595RIT6Q, STM32U595RJT6, STM32U595RJT6Q, STM32U595VIT6, STM32U595VIT6Q, STM32U595VJT6, STM32U595VJT6Q, STM32U595ZIT6, STM32U595ZIT6Q, STM32U595ZIY6QTR, STM32U595ZJT6, STM32U595ZJT6Q, STM32U595ZJY6QTR, STM32U599BJY6QTR, STM32U599NIH6Q, STM32U599NJH6Q, STM32U599VIT6Q, STM32U599VJT6, STM32U599VJT6Q, STM32U599ZIT6Q, STM32U599ZIY6QTR, STM32U599ZJT6Q, STM32U599ZJY6QTR, STM32U5A5AJH6, STM32U5A5AJH6Q, STM32U5A5QII3Q , STM32U5A5QJI6, STM32U5A5QJI6Q, STM32U5A5RJT6, STM32U5A5RJT6Q, STM32U5A5VJT6, STM32U5A5VJT6Q, STM32U5A5ZJT6, STM32U5A5ZJT6Q, STM32U5A5ZJY6QTR, STM32U5A9BJY6QTR, STM32U5A9J-DK, STM32U5A9NJH6Q, STM32U5A9VJT6Q, STM32U5A9ZJT6Q, STM32U5A9ZJY6QTR, STM32U5F7VIT6, STM32U5F7VIT6Q, STM32U5F7VJT6, STM32U5F7VJT6Q, STM32U5F9BJY6QTR, STM32U5F9NJH6Q, STM32U5F9VIT6Q, STM32U5F9VJT6Q, STM32U5F9ZIJ6QTR, STM32U5F9ZIT6Q, STM32U5F9ZJJ6QTR, STM32U5F9ZJT6Q, STM32U5G7VJT6, STM32U5G7VJT6Q, STM32U5G9BJY6QTR, STM32U5G9J-DK1, STM32U5G9J-DK2, STM32U5G9NJH6Q, STM32U5G9VJT6Q, STM32U5G9ZJJ6QTR, STM32U5G9ZJT6Q, STM32WB05KZV6TR, STM32WB05KZV7TR, STM32WB05TZF6TR, STM32WB05TZF7TR, STM32WB06CCF6TR, STM32WB06CCF7TR, STM32WB06CCV6TR, STM32WB06CCV7TR, STM32WB06KCV6TR, STM32WB06KCV7TR, STM32WB07CCF6TR, STM32WB07CCF7TR, STM32WB07CCV6TR, STM32WB07CCV7TR, STM32WB07KCV6TR, STM32WB07KCV7TR, STM32WB09KEV6TR, STM32WB09KEV7TR, STM32WB09TEF6TR, STM32WB09TEF7TR, STM32WB1MMCH6, STM32WBA50KGU6, STM32WBA50KGU6TR, STM32WBA52CEU6, STM32WBA52CEU6TR, STM32WBA52CEU7, STM32WBA52CEU7TR, STM32WBA52CGU6, STM32WBA52CGU6TR, STM32WBA52CGU6U, STM32WBA52CGU7, STM32WBA52CGU7TR, STM32WBA52KEU6, STM32WBA52KEU6TR, STM32WBA52KGU6, STM32WBA52KGU6TR, STM32WBA54CEU6, STM32WBA54CEU6TR, STM32WBA54CEU7, STM32WBA54CEU7TR, STM32WBA54CGU6, STM32WBA54CGU6TR, STM32WBA54CGU7, STM32WBA54CGU7TR, STM32WBA54KEU6, STM32WBA54KEU6TR, STM32WBA54KEU7, STM32WBA54KEU7TR, STM32WBA54KGU6, STM32WBA54KGU6TR, STM32WBA54KGU7, STM32WBA54KGU7TR, STM32WBA55CEU6, STM32WBA55CEU6TR, STM32WBA55CEU7, STM32WBA55CEU7TR, STM32WBA55CGU6, STM32WBA55CGU6TR, STM32WBA55CGU6U, STM32WBA55CGU7, STM32WBA55CGU7TR, STM32WBA55G-DK1, STM32WBA55HEF6, STM32WBA55HEF7, STM32WBA55HGF6, STM32WBA55HGF7, STM32WBA55UEI6, STM32WBA55UEI6TR, STM32WBA55UEI7, STM32WBA55UEI7TR, STM32WBA55UGI6, STM32WBA55UGI6TR, STM32WBA55UGI7, STM32WBA55UGI7TR, STM32WBA5MMGH6TR, STM32WBA62MGF6, STM32WBA62MIF6, STM32WBA65MGF7, STM32WBA65MIF6, STM32WBA65MIF7, STM32WL30K8V6, STM32WL30KBV6, STM32WL31C8V6, STM32WL31CBV6, STM32WL31K8V6, STM32WL31KBV6, STM32WL33C8V6, STM32WL33C8V6X, STM32WL33CBV6, STM32WL33CBV6X, STM32WL33CCV6, STM32WL33CCV6A, STM32WL33CCV6X, STM32WL33K8V7, STM32WL33K8V7X, STM32WL33KBV7 , STM32WL33KBV7X, STM32WL33KCV7, STM32WL33KCV7X, STM32WL5MOCH6, STM32WL5MOCH6TR]
2025-12-11 21:47:34,940 [INFO] DbMcus:218 - Found 4876 MCUs, 4876 are supported
2025-12-11 21:47:34,940 [INFO] ApiDb:423 - Load user favorites file C:\Users\user/.stm32cubeide/favorites.mcus.txt: 0 item(s)
2025-12-11 21:47:34,941 [INFO] ApiDb:427 - User favorites MCUs=[]
2025-12-11 21:47:34,941 [INFO] DbMcus:224 - Set 0 / 0 favorites MCUs
2025-12-11 21:47:35,510 [INFO] BoardInfo:889 - No configuration file found for board P-NUCLEO-WB55
2025-12-11 21:47:35,511 [INFO] DbBoards:161 - Kit is not supported: P-NUCLEO-WB55
2025-12-11 21:47:35,519 [INFO] BoardInfo:889 - No configuration file found for board STEVAL-BFA001V1B
2025-12-11 21:47:35,520 [INFO] DbBoards:161 - Kit is not supported: STEVAL-BFA001V1B
2025-12-11 21:47:35,521 [INFO] BoardInfo:889 - No configuration file found for board STEVAL-BFA001V2B
2025-12-11 21:47:35,522 [INFO] DbBoards:161 - Kit is not supported: STEVAL-BFA001V2B
2025-12-11 21:47:35,754 [INFO] DbBoards:168 - Found 212 boards, 209 are supported
2025-12-11 21:47:35,754 [INFO] DbBoards:169 - Found 212 boards, 43 of them is supported for  Bsp
2025-12-11 21:47:35,757 [INFO] ApiDb:423 - Load user favorites file C:\Users\user/.stm32cubeide/favorites.boards.txt: 1 item(s)
2025-12-11 21:47:35,757 [INFO] ApiDb:427 - User favorites Boards=[NUCLEO-L476RG]
2025-12-11 21:47:35,757 [INFO] DbBoards:198 - Set 1 / 1 favorites Boards
2025-12-11 21:47:35,800 [INFO] UtilMem:75 - End LoadConfig() Used Memory: 736657112 Bytes (1073741824)
2025-12-11 21:47:35,943 [WARN] ThirdParty:833 - waiting for thirdparty lock release [change project]
2025-12-11 21:47:35,944 [INFO] ThirdParty:835 - entering critical section [change project]
2025-12-11 21:47:35,944 [INFO] ThirdParty:1030 - CMSIS Pack Vendor :STMicroelectronics X-CUBE-PM33A1 1.0.0
2025-12-11 21:47:35,944 [INFO] ThirdParty:1030 - CMSIS Pack Vendor :STMicroelectronics USBPD 4.1
2025-12-11 21:47:35,944 [INFO] ThirdParty:1030 - CMSIS Pack Vendor :STMicroelectronics X-CUBE-NFC9 1.0.0
2025-12-11 21:47:35,944 [INFO] ThirdParty:1030 - CMSIS Pack Vendor :STMicroelectronics USB_HOST 2.0.0
2025-12-11 21:47:35,944 [INFO] ThirdParty:1030 - CMSIS Pack Vendor :STMicroelectronics FP-SNS-MOTENVWB1 1.4.0
2025-12-11 21:47:35,944 [INFO] ThirdParty:1030 - CMSIS Pack Vendor :STMicroelectronics X-CUBE-AZRTOS-F4 1.1.0
2025-12-11 21:47:35,944 [INFO] ThirdParty:1030 - CMSIS Pack Vendor :STMicroelectronics LIBJPEG 8.0.0
2025-12-11 21:47:35,944 [INFO] ThirdParty:1030 - CMSIS Pack Vendor :STMicroelectronics FP-ATR-ASTRA1 2.0.2
2025-12-11 21:47:35,944 [INFO] ThirdParty:1030 - CMSIS Pack Vendor :wolfSSL I-CUBE-wolfSSL 5.8.2
2025-12-11 21:47:35,944 [INFO] ThirdParty:1030 - CMSIS Pack Vendor :STMicroelectronics X-CUBE-BLE1 7.1.0
2025-12-11 21:47:35,944 [INFO] ThirdParty:1030 - CMSIS Pack Vendor :Avnet-IotConnect X-CUBE-IoTC-DA16k-PMOD 1.0.0
2025-12-11 21:47:35,944 [INFO] ThirdParty:1030 - CMSIS Pack Vendor :STMicroelectronics X-CUBE-SMBUS 2.1.0
2025-12-11 21:47:35,944 [INFO] ThirdParty:1030 - CMSIS Pack Vendor :wolfSSL I-CUBE-wolfMQTT 1.19.2
2025-12-11 21:47:35,944 [INFO] ThirdParty:1030 - CMSIS Pack Vendor :STMicroelectronics USB_DEVICE 3.0.0
2025-12-11 21:47:35,944 [INFO] ThirdParty:1030 - CMSIS Pack Vendor :STMicroelectronics X-CUBE-ISPU 2.1.0
2025-12-11 21:47:35,944 [INFO] ThirdParty:1030 - CMSIS Pack Vendor :STMicroelectronics X-CUBE-FREERTOS 1.4.0
2025-12-11 21:47:35,944 [INFO] ThirdParty:1030 - CMSIS Pack Vendor :STMicroelectronics X-CUBE-EEPRMA1 5.2.0
2025-12-11 21:47:35,944 [INFO] ThirdParty:1030 - CMSIS Pack Vendor :STMicroelectronics X-CUBE-IPS 3.2.0
2025-12-11 21:47:35,944 [INFO] ThirdParty:1030 - CMSIS Pack Vendor :STMicroelectronics X-CUBE-BLEMGR 4.1.0
2025-12-11 21:47:35,944 [INFO] ThirdParty:1030 - CMSIS Pack Vendor :STMicroelectronics X-CUBE-AZRTOS-WB 2.0.0
2025-12-11 21:47:35,944 [INFO] ThirdParty:1030 - CMSIS Pack Vendor :STMicroelectronics X-CUBE-ST60 1.0.0
2025-12-11 21:47:35,944 [INFO] ThirdParty:1030 - CMSIS Pack Vendor :STMicroelectronics X-CUBE-GNSS1 7.0.1
2025-12-11 21:47:35,944 [INFO] ThirdParty:1030 - CMSIS Pack Vendor :STMicroelectronics X-CUBE-NFC12 1.0.0
2025-12-11 21:47:35,944 [INFO] ThirdParty:1030 - CMSIS Pack Vendor :STMicroelectronics X-CUBE-AZRTOS-F7 1.1.0
2025-12-11 21:47:35,944 [INFO] ThirdParty:1030 - CMSIS Pack Vendor :STMicroelectronics X-CUBE-AZRTOS-L5 2.0.0
2025-12-11 21:47:35,944 [INFO] ThirdParty:1030 - CMSIS Pack Vendor :STMicroelectronics X-CUBE-TOUCHGFX 4.25.0
2025-12-11 21:47:35,945 [INFO] ThirdParty:1030 - CMSIS Pack Vendor :STMicroelectronics USB_DEVICE 2.0.0
2025-12-11 21:47:35,945 [INFO] ThirdParty:1030 - CMSIS Pack Vendor :STMicroelectronics X-CUBE-NFC6 3.1.0
2025-12-11 21:47:35,945 [INFO] ThirdParty:1030 - CMSIS Pack Vendor :STMicroelectronics X-CUBE-ST67W61 1.1.0
2025-12-11 21:47:35,945 [INFO] ThirdParty:1030 - CMSIS Pack Vendor :quantropi X-CUBE-qispace-sdk-base 2.1.0
2025-12-11 21:47:35,945 [INFO] ThirdParty:1030 - CMSIS Pack Vendor :STMicroelectronics X-CUBE-MEMS1 12.0.0
2025-12-11 21:47:35,945 [INFO] ThirdParty:1030 - CMSIS Pack Vendor :STMicroelectronics FP-SNS-MOTENV1 5.1.0
2025-12-11 21:47:35,945 [INFO] ThirdParty:1030 - CMSIS Pack Vendor :STMicroelectronics FreeRTOS 0.0.1
2025-12-11 21:47:35,945 [INFO] ThirdParty:1030 - CMSIS Pack Vendor :STMicroelectronics X-CUBE-AZRTOS-G0 1.1.0
2025-12-11 21:47:35,945 [INFO] ThirdParty:1030 - CMSIS Pack Vendor :STMicroelectronics X-CUBE-SAFEA1 1.2.2
2025-12-11 21:47:35,945 [INFO] ThirdParty:1030 - CMSIS Pack Vendor :STMicroelectronics X-CUBE-NFC4 3.0.0
2025-12-11 21:47:35,945 [INFO] ThirdParty:1030 - CMSIS Pack Vendor :STMicroelectronics X-CUBE-SUBG2 5.0.0
2025-12-11 21:47:35,945 [INFO] ThirdParty:1030 - CMSIS Pack Vendor :STMicroelectronics X-CUBE-AZRTOS-H7RS 1.1.0
2025-12-11 21:47:35,945 [INFO] ThirdParty:1030 - CMSIS Pack Vendor :STMicroelectronics STM32_WPAN 1.0.0
2025-12-11 21:47:35,945 [INFO] ThirdParty:1030 - CMSIS Pack Vendor :EmbeddedOffice I-CUBE-FS-RTOS 1.0.1
2025-12-11 21:47:35,945 [INFO] ThirdParty:1030 - CMSIS Pack Vendor :STMicroelectronics lwIP 2.0.3
2025-12-11 21:47:35,945 [INFO] ThirdParty:1030 - CMSIS Pack Vendor :WES I-CUBE-Cesium 1.4.0
2025-12-11 21:47:35,945 [INFO] ThirdParty:1030 - CMSIS Pack Vendor :Cesanta I-CUBE-Mongoose 7.13.0
2025-12-11 21:47:35,945 [INFO] ThirdParty:1030 - CMSIS Pack Vendor :STMicroelectronics USB_HOST 1.0.0
2025-12-11 21:47:35,945 [INFO] ThirdParty:1030 - CMSIS Pack Vendor :Infineon AIROC-Wi-Fi-Bluetooth-STM32 1.7.1
2025-12-11 21:47:35,945 [INFO] ThirdParty:1030 - CMSIS Pack Vendor :STMicroelectronics X-CUBE-AZRTOS-G4 2.0.0
2025-12-11 21:47:35,945 [INFO] ThirdParty:1030 - CMSIS Pack Vendor :STMicroelectronics X-CUBE-WB05N 2.0.0
2025-12-11 21:47:35,946 [INFO] ThirdParty:1030 - CMSIS Pack Vendor :STMicroelectronics PDM2PCM 3.1.0
2025-12-11 21:47:35,946 [INFO] ThirdParty:1030 - CMSIS Pack Vendor :STMicroelectronics PDM2PCM 3.3.0
2025-12-11 21:47:35,946 [INFO] ThirdParty:1030 - CMSIS Pack Vendor :wolfSSL I-CUBE-wolfTPM 3.8.0
2025-12-11 21:47:35,946 [INFO] ThirdParty:1030 - CMSIS Pack Vendor :STMicroelectronics X-CUBE-AZRTOS-H7 3.4.0
2025-12-11 21:47:35,946 [INFO] ThirdParty:1030 - CMSIS Pack Vendor :STMicroelectronics X-CUBE-DISPLAY 3.0.0
2025-12-11 21:47:35,946 [INFO] ThirdParty:1030 - CMSIS Pack Vendor :wolfSSL I-CUBE-wolfSSH 1.4.20
2025-12-11 21:47:35,946 [INFO] ThirdParty:1030 - CMSIS Pack Vendor :STMicroelectronics X-CUBE-NFC7 2.0.0
2025-12-11 21:47:35,946 [INFO] ThirdParty:1030 - CMSIS Pack Vendor :STMicroelectronics X-CUBE-TCPP 4.2.0
2025-12-11 21:47:35,946 [INFO] ThirdParty:1030 - CMSIS Pack Vendor :RealThread X-CUBE-RT-Thread_Nano 4.1.1
2025-12-11 21:47:35,946 [INFO] ThirdParty:1030 - CMSIS Pack Vendor :STMicroelectronics FP-ATR-SIGFOX1 3.2.0
2025-12-11 21:47:35,946 [INFO] ThirdParty:1030 - CMSIS Pack Vendor :STMicroelectronics X-CUBE-NFC10 1.0.0
2025-12-11 21:47:35,946 [INFO] ThirdParty:1030 - CMSIS Pack Vendor :STMicroelectronics X-CUBE-FREERTOS 1.3.1
2025-12-11 21:47:35,946 [INFO] ThirdParty:1030 - CMSIS Pack Vendor :STMicroelectronics HAL Drivers 0.0.0
2025-12-11 21:47:35,946 [INFO] ThirdParty:1030 - CMSIS Pack Vendor :STMicroelectronics MBEDTLS 2.16.2
2025-12-11 21:47:35,946 [INFO] ThirdParty:1030 - CMSIS Pack Vendor :STMicroelectronics X-CUBE-ST60 1.1.0
2025-12-11 21:47:35,946 [INFO] ThirdParty:1030 - CMSIS Pack Vendor :STMicroelectronics X-CUBE-IPS 3.1.0
2025-12-11 21:47:35,946 [INFO] ThirdParty:1030 - CMSIS Pack Vendor :STMicroelectronics X-CUBE-ALS 1.0.2
2025-12-11 21:47:35,946 [INFO] ThirdParty:1030 - CMSIS Pack Vendor :emotas I-CUBE-CANOPEN 1.3.0
2025-12-11 21:47:35,946 [INFO] ThirdParty:1030 - CMSIS Pack Vendor :STMicroelectronics MBEDTLS 2.14.1
2025-12-11 21:47:35,946 [INFO] ThirdParty:1030 - CMSIS Pack Vendor :STMicroelectronics X-CUBE-GNSS1 7.1.0
2025-12-11 21:47:35,946 [INFO] ThirdParty:1030 - CMSIS Pack Vendor :ITTIA_DB I-CUBE-ITTIADB 8.9.0
2025-12-11 21:47:35,946 [INFO] ThirdParty:1030 - CMSIS Pack Vendor :STMicroelectronics X-CUBE-TOUCHGFX 4.26.0
2025-12-11 21:47:35,946 [INFO] ThirdParty:1030 - CMSIS Pack Vendor :STMicroelectronics X-CUBE-STSE01 1.0.0
2025-12-11 21:47:35,946 [INFO] ThirdParty:1030 - CMSIS Pack Vendor :STMicroelectronics X-CUBE-ST67W61 1.0.0
2025-12-11 21:47:35,946 [INFO] ThirdParty:1030 - CMSIS Pack Vendor :STMicroelectronics FP-SNS-STBOX1 2.1.0
2025-12-11 21:47:35,946 [INFO] ThirdParty:1030 - CMSIS Pack Vendor :STMicroelectronics X-CUBE-AI 10.2.0
2025-12-11 21:47:35,946 [INFO] ThirdParty:1030 - CMSIS Pack Vendor :STMicroelectronics FP-SNS-STAIOTCFT 1.0.0
2025-12-11 21:47:35,947 [INFO] ThirdParty:1030 - CMSIS Pack Vendor :STMicroelectronics ThreadX 1.0.0
2025-12-11 21:47:35,947 [INFO] ThirdParty:1030 - CMSIS Pack Vendor :STMicroelectronics FP-SNS-SMARTAG2 1.2.0
2025-12-11 21:47:35,947 [INFO] ThirdParty:1030 - CMSIS Pack Vendor :STMicroelectronics FP-SNS-FLIGHT1 5.1.0
2025-12-11 21:47:35,947 [INFO] ThirdParty:1030 - CMSIS Pack Vendor :STMicroelectronics X-CUBE-AZRTOS-WL 2.0.0
2025-12-11 21:47:35,947 [INFO] ThirdParty:1030 - CMSIS Pack Vendor :SEGGER I-CUBE-embOS 1.3.1
2025-12-11 21:47:35,947 [INFO] ThirdParty:1030 - CMSIS Pack Vendor :STMicroelectronics X-CUBE-ALGOBUILD 1.4.0
2025-12-11 21:47:35,947 [INFO] ThirdParty:1030 - CMSIS Pack Vendor :STMicroelectronics X-CUBE-DPower 1.3.0
2025-12-11 21:47:35,947 [INFO] ThirdParty:1030 - CMSIS Pack Vendor :STMicroelectronics X-CUBE-MEMS1 11.3.0
2025-12-11 21:47:35,947 [INFO] ThirdParty:1030 - CMSIS Pack Vendor :STMicroelectronics FP-SNS-MOTENV1 5.0.0
2025-12-11 21:47:35,947 [INFO] ThirdParty:1030 - CMSIS Pack Vendor :STMicroelectronics USB_DEVICE 1.0.0
2025-12-11 21:47:35,947 [INFO] ThirdParty:1030 - CMSIS Pack Vendor :STMicroelectronics X-CUBE-AZRTOS-H7RS 1.2.0
2025-12-11 21:47:35,947 [INFO] ThirdParty:1030 - CMSIS Pack Vendor :STMicroelectronics X-CUBE-AZRTOS-L4 2.0.0
2025-12-11 21:47:35,947 [INFO] ThirdParty:1030 - CMSIS Pack Vendor :STMicroelectronics ThreadX 0.0.2
2025-12-11 21:47:35,947 [INFO] ThirdParty:1030 - CMSIS Pack Vendor :STMicroelectronics lwIP 2.1.2
2025-12-11 21:47:35,947 [INFO] ThirdParty:1030 - CMSIS Pack Vendor :STMicroelectronics X-CUBE-SFXS2LP1 4.0.0
2025-12-11 21:47:35,947 [INFO] ThirdParty:1030 - CMSIS Pack Vendor :STMicroelectronics X-CUBE-BLE2 3.3.0
2025-12-11 21:47:35,947 [INFO] ThirdParty:1030 - CMSIS Pack Vendor :Avnet-IOTCONNECT X-CUBE-iotc-st67-sdk 1.0.0
2025-12-11 21:47:35,947 [INFO] ThirdParty:1030 - CMSIS Pack Vendor :STMicroelectronics X-CUBE-TOF1 3.4.3
2025-12-11 21:47:35,947 [INFO] ThirdParty:1030 - CMSIS Pack Vendor :STMicroelectronics PDM2PCM 3.2.0
2025-12-11 21:47:35,947 [INFO] ThirdParty:841 - exiting critical section [change project]
2025-12-11 21:47:36,409 [INFO] PinOutPanel:1589 - setPackage(No Configuration,No Configuration)
2025-12-11 21:47:36,410 [INFO] PinOutPanel:1589 - setPackage(STM32L476RGTx,LQFP64)
2025-12-11 21:47:37,042 [INFO] UtilMem:75 - Before build in PCC Used Memory: 808345808 Bytes (1073741824)
2025-12-11 21:47:38,087 [INFO] UtilMem:75 - After build in PCC Used Memory: 903792392 Bytes (1073741824)
2025-12-11 21:47:38,119 [INFO] IPUIPlugin:80 - create IPUIPlugin
2025-12-11 21:47:38,119 [INFO] IPUIPlugin:80 - create IPUIPlugin
2025-12-11 21:47:38,119 [INFO] IPUIPlugin:80 - create IPUIPlugin
2025-12-11 21:47:38,119 [INFO] IPUIPlugin:80 - create IPUIPlugin
2025-12-11 21:47:38,119 [INFO] IPUIPlugin:80 - create IPUIPlugin
2025-12-11 21:47:38,119 [INFO] IPUIPlugin:80 - create IPUIPlugin
2025-12-11 21:47:38,119 [INFO] IPUIPlugin:80 - create IPUIPlugin
2025-12-11 21:47:38,119 [INFO] IPUIPlugin:80 - create IPUIPlugin
2025-12-11 21:47:38,120 [INFO] IPUIPlugin:80 - create IPUIPlugin
2025-12-11 21:47:38,120 [INFO] IPUIPlugin:80 - create IPUIPlugin
2025-12-11 21:47:38,120 [INFO] IPUIPlugin:80 - create IPUIPlugin
2025-12-11 21:47:38,120 [INFO] IPUIPlugin:80 - create IPUIPlugin
2025-12-11 21:47:38,120 [INFO] IPUIPlugin:80 - create IPUIPlugin
2025-12-11 21:47:38,120 [INFO] IPUIPlugin:80 - create IPUIPlugin
2025-12-11 21:47:38,120 [INFO] IPUIPlugin:80 - create IPUIPlugin
2025-12-11 21:47:38,120 [INFO] IPUIPlugin:80 - create IPUIPlugin
2025-12-11 21:47:38,120 [INFO] IPUIPlugin:80 - create IPUIPlugin
2025-12-11 21:47:38,121 [INFO] IPUIPlugin:80 - create IPUIPlugin
2025-12-11 21:47:38,121 [INFO] IPUIPlugin:80 - create IPUIPlugin
2025-12-11 21:47:38,121 [INFO] IPUIPlugin:80 - create IPUIPlugin
2025-12-11 21:47:38,121 [INFO] IPUIPlugin:80 - create IPUIPlugin
2025-12-11 21:47:38,121 [INFO] IPUIPlugin:80 - create IPUIPlugin
2025-12-11 21:47:38,121 [INFO] IPUIPlugin:80 - create IPUIPlugin
2025-12-11 21:47:38,121 [INFO] IPUIPlugin:80 - create IPUIPlugin
2025-12-11 21:47:38,122 [INFO] IPUIPlugin:80 - create IPUIPlugin
2025-12-11 21:47:38,122 [INFO] IPUIPlugin:80 - create IPUIPlugin
2025-12-11 21:47:38,122 [INFO] IPUIPlugin:80 - create IPUIPlugin
2025-12-11 21:47:38,122 [INFO] IPUIPlugin:80 - create IPUIPlugin
2025-12-11 21:47:38,122 [INFO] IPUIPlugin:80 - create IPUIPlugin
2025-12-11 21:47:38,122 [INFO] IPUIPlugin:80 - create IPUIPlugin
2025-12-11 21:47:38,122 [INFO] IPUIPlugin:80 - create IPUIPlugin
2025-12-11 21:47:38,123 [INFO] IPUIPlugin:80 - create IPUIPlugin
2025-12-11 21:47:38,123 [INFO] IPUIPlugin:80 - create IPUIPlugin
2025-12-11 21:47:38,123 [INFO] IPUIPlugin:80 - create IPUIPlugin
2025-12-11 21:47:38,123 [INFO] IPUIPlugin:80 - create IPUIPlugin
2025-12-11 21:47:38,123 [INFO] IPUIPlugin:80 - create IPUIPlugin
2025-12-11 21:47:38,123 [INFO] IPUIPlugin:80 - create IPUIPlugin
2025-12-11 21:47:38,124 [INFO] IPUIPlugin:80 - create IPUIPlugin
2025-12-11 21:47:38,124 [INFO] IPUIPlugin:80 - create IPUIPlugin
2025-12-11 21:47:38,124 [INFO] IPUIPlugin:80 - create IPUIPlugin
2025-12-11 21:47:38,124 [INFO] IPUIPlugin:80 - create IPUIPlugin
2025-12-11 21:47:38,124 [INFO] IPUIPlugin:80 - create IPUIPlugin
2025-12-11 21:47:38,124 [INFO] IPUIPlugin:80 - create IPUIPlugin
2025-12-11 21:47:38,125 [INFO] IPUIPlugin:80 - create IPUIPlugin
2025-12-11 21:47:38,125 [INFO] IPUIPlugin:80 - create IPUIPlugin
2025-12-11 21:47:38,125 [INFO] IPUIPlugin:80 - create IPUIPlugin
2025-12-11 21:47:38,125 [INFO] IPUIPlugin:80 - create IPUIPlugin
2025-12-11 21:47:38,125 [INFO] IPUIPlugin:80 - create IPUIPlugin
2025-12-11 21:47:38,125 [INFO] IPUIPlugin:80 - create IPUIPlugin
2025-12-11 21:47:38,126 [INFO] IPUIPlugin:80 - create IPUIPlugin
2025-12-11 21:47:38,126 [INFO] IPUIPlugin:80 - create IPUIPlugin
2025-12-11 21:47:38,126 [INFO] IPUIPlugin:80 - create IPUIPlugin
2025-12-11 21:47:38,127 [INFO] IPUIPlugin:80 - create IPUIPlugin
2025-12-11 21:47:38,127 [INFO] IPUIPlugin:80 - create IPUIPlugin
2025-12-11 21:47:38,127 [INFO] IPUIPlugin:80 - create IPUIPlugin
2025-12-11 21:47:38,127 [INFO] IPUIPlugin:80 - create IPUIPlugin
2025-12-11 21:47:38,127 [INFO] IPUIPlugin:80 - create IPUIPlugin
2025-12-11 21:47:38,128 [INFO] IPUIPlugin:80 - create IPUIPlugin
2025-12-11 21:47:38,128 [INFO] IPUIPlugin:80 - create IPUIPlugin
2025-12-11 21:47:38,397 [INFO] CADModel:165 - CPN selected for project levelSTM32L476RGT3
2025-12-11 21:47:38,397 [INFO] CADModel:114 - Register for checkConnection events
2025-12-11 21:47:38,448 [INFO] OpenFileManager:386 - Restore cursor
2025-12-11 23:02:27,320 [INFO] Activator:176 - 


2025-12-11 23:02:27,322 [INFO] Activator:177 - !SESSION log4j initialized
2025-12-11 23:02:32,873 [INFO] LogOutputStream:77 - [STDOUT_REDIRECT] 
2025-12-11 23:02:35,302 [INFO] ApplicationProperties:184 - Using Application install path: C:\ST\STM32CubeIDE_1.19.0\STM32CubeIDE\plugins\com.st.stm32cube.common.mx_6.15.0.202507011659
2025-12-11 23:02:35,319 [INFO] DbMcusXml:78 - Set database path to: C:\ST\STM32CubeIDE_1.19.0\STM32CubeIDE\plugins\com.st.stm32cube.common.mx_6.15.0.202507011659\\db\/mcu/
2025-12-11 23:02:35,319 [INFO] ApiDb:274 - Set plugin database path to: C:\ST\STM32CubeIDE_1.19.0\STM32CubeIDE\plugins\com.st.stm32cube.common.mx_6.15.0.202507011659\\db\/plugins/boardmanager/
2025-12-11 23:02:35,319 [WARN] ApiDb:259 - Overriding images path with different value:  => C:\ST\STM32CubeIDE_1.19.0\STM32CubeIDE\plugins\com.st.stm32cube.common.mx_6.15.0.202507011659\\db\/plugins/mcufinder/images/
2025-12-11 23:02:35,324 [INFO] ApiDb:250 - Set database path to: C:\Users\user\.stmcufinder\plugins\mcufinder//mcu/
2025-12-11 23:02:35,325 [INFO] DbMcusAds:125 - Set database path to: C:\Users\user\.stmcufinder\plugins\mcufinder//mcu/
2025-12-11 23:02:35,326 [INFO] CrossReferenceDbSqlite:203 - Set database path to: C:\Users\user\.stmcufinder\plugins\mcufinder//mcu/cs/
2025-12-11 23:02:35,409 [INFO] RulesReader:64 - Compatibility file has been processed (317 Rules)
2025-12-11 23:02:35,522 [INFO] DbMcusXml:78 - Set database path to: C:\ST\STM32CubeIDE_1.19.0\STM32CubeIDE\plugins\com.st.stm32cube.common.mx_6.15.0.202507011659\\db\/mcu/
2025-12-11 23:02:35,522 [INFO] ApiDb:274 - Set plugin database path to: C:\ST\STM32CubeIDE_1.19.0\STM32CubeIDE\plugins\com.st.stm32cube.common.mx_6.15.0.202507011659\\db\/plugins/boardmanager/
2025-12-11 23:02:35,522 [INFO] ApiDb:261 - Set plugin images path to: C:\ST\STM32CubeIDE_1.19.0\STM32CubeIDE\plugins\com.st.stm32cube.common.mx_6.15.0.202507011659\\db\/plugins/mcufinder/images/
2025-12-11 23:02:35,522 [WARN] DbFile:41 - Overriding database path with different value: C:\Users\user\.stmcufinder\plugins\mcufinder/ => C:\Users\user\.stmcufinder\plugins\mcufinder
2025-12-11 23:02:35,522 [INFO] ApiDb:250 - Set database path to: C:\Users\user\.stmcufinder\plugins\mcufinder//mcu/
2025-12-11 23:02:35,523 [WARN] DbFile:41 - Overriding database path with different value: C:\Users\user\.stmcufinder\plugins\mcufinder/ => C:\Users\user\.stmcufinder\plugins\mcufinder
2025-12-11 23:02:35,523 [INFO] DbMcusAds:125 - Set database path to: C:\Users\user\.stmcufinder\plugins\mcufinder//mcu/
2025-12-11 23:02:35,523 [WARN] DbFile:41 - Overriding database path with different value: C:\Users\user\.stmcufinder\plugins\mcufinder/ => C:\Users\user\.stmcufinder\plugins\mcufinder
2025-12-11 23:02:35,523 [WARN] DbFile:41 - Overriding database path with different value: C:\Users\user\.stmcufinder\plugins\mcufinder/ => C:\Users\user\.stmcufinder\plugins\mcufinder
2025-12-11 23:02:35,523 [INFO] CrossReferenceDbSqlite:203 - Set database path to: C:\Users\user\.stmcufinder\plugins\mcufinder//mcu/cs/
2025-12-11 23:02:35,573 [INFO] MainPanel:274 - HeapMemory: 277872640
2025-12-11 23:02:35,639 [INFO] DbMcusXml:78 - Set database path to: C:\ST\STM32CubeIDE_1.19.0\STM32CubeIDE\plugins\com.st.stm32cube.common.mx_6.15.0.202507011659\\db\/mcu/
2025-12-11 23:02:35,639 [INFO] ApiDb:274 - Set plugin database path to: C:\ST\STM32CubeIDE_1.19.0\STM32CubeIDE\plugins\com.st.stm32cube.common.mx_6.15.0.202507011659\\db\/plugins/boardmanager/
2025-12-11 23:02:35,639 [INFO] ApiDb:261 - Set plugin images path to: C:\ST\STM32CubeIDE_1.19.0\STM32CubeIDE\plugins\com.st.stm32cube.common.mx_6.15.0.202507011659\\db\/plugins/mcufinder/images/
2025-12-11 23:02:35,639 [WARN] DbFile:41 - Overriding database path with different value: C:\Users\user\.stmcufinder\plugins\mcufinder/ => C:\Users\user\.stmcufinder\plugins\mcufinder
2025-12-11 23:02:35,639 [INFO] ApiDb:250 - Set database path to: C:\Users\user\.stmcufinder\plugins\mcufinder//mcu/
2025-12-11 23:02:35,639 [WARN] DbFile:41 - Overriding database path with different value: C:\Users\user\.stmcufinder\plugins\mcufinder/ => C:\Users\user\.stmcufinder\plugins\mcufinder
2025-12-11 23:02:35,639 [INFO] DbMcusAds:125 - Set database path to: C:\Users\user\.stmcufinder\plugins\mcufinder//mcu/
2025-12-11 23:02:35,639 [WARN] DbFile:41 - Overriding database path with different value: C:\Users\user\.stmcufinder\plugins\mcufinder/ => C:\Users\user\.stmcufinder\plugins\mcufinder
2025-12-11 23:02:35,639 [WARN] DbFile:41 - Overriding database path with different value: C:\Users\user\.stmcufinder\plugins\mcufinder/ => C:\Users\user\.stmcufinder\plugins\mcufinder
2025-12-11 23:02:35,640 [INFO] CrossReferenceDbSqlite:203 - Set database path to: C:\Users\user\.stmcufinder\plugins\mcufinder//mcu/cs/
2025-12-11 23:02:35,653 [INFO] ApplicationProperties:184 - Using Application install path: C:\ST\STM32CubeIDE_1.19.0\STM32CubeIDE\plugins\com.st.stm32cube.common.mx_6.15.0.202507011659
2025-12-11 23:02:35,654 [INFO] PluginManage:196 - Search for loadable plugins [exclusion list=, ]
2025-12-11 23:02:35,655 [INFO] PluginManage:310 - Check plugin analytics
2025-12-11 23:02:35,846 [INFO] AnalyticsPlugin:253 - Accepted Software Licenses: 
2025-12-11 23:02:35,846 [INFO] AnalyticsPlugin:255 - Accepted CMSIS Pack Licenses: 
2025-12-11 23:02:35,847 [INFO] AnalyticsPlugin:257 - Accepted Firmware Licenses: FW.L4.1.18.0
2025-12-11 23:02:35,852 [INFO] PluginManage:359 - Loaded plugin analytics (category:tool,tabindex:-1)
2025-12-11 23:02:35,852 [INFO] PluginManage:310 - Check plugin cadmodel
2025-12-11 23:02:35,858 [INFO] CADModel:105 - Init CAD model plugin
2025-12-11 23:02:35,858 [INFO] PluginManage:359 - Loaded plugin cadmodel (category:power,tabindex:5)
2025-12-11 23:02:35,858 [INFO] PluginManage:310 - Check plugin clock
2025-12-11 23:02:35,871 [INFO] PluginManage:359 - Loaded plugin clock (category:base,tabindex:2)
2025-12-11 23:02:35,872 [INFO] PluginManage:310 - Check plugin ddr
2025-12-11 23:02:35,876 [INFO] PluginManage:359 - Loaded plugin ddr (category:tool,tabindex:6)
2025-12-11 23:02:35,876 [INFO] PluginManage:310 - Check plugin filemanager
2025-12-11 23:02:36,014 [INFO] PluginManage:359 - Loaded plugin filemanager (category:base,tabindex:10)
2025-12-11 23:02:36,014 [INFO] PluginManage:310 - Check plugin ipmanager
2025-12-11 23:02:36,020 [INFO] PluginManage:359 - Loaded plugin ipmanager (category:base,tabindex:5)
2025-12-11 23:02:36,020 [INFO] PluginManage:310 - Check plugin lpbam
2025-12-11 23:02:36,026 [INFO] PluginManage:359 - Loaded plugin lpbam (category:base,tabindex:0)
2025-12-11 23:02:36,026 [INFO] PluginManage:310 - Check plugin memorymap
2025-12-11 23:02:36,038 [INFO] PluginManage:359 - Loaded plugin memorymap (category:base,tabindex:4)
2025-12-11 23:02:36,038 [INFO] PluginManage:310 - Check plugin pinoutandconfiguration
2025-12-11 23:02:36,046 [INFO] PluginManage:359 - Loaded plugin pinoutandconfiguration (category:base,tabindex:1)
2025-12-11 23:02:36,046 [INFO] PluginManage:310 - Check plugin pinoutconfig
2025-12-11 23:02:36,110 [WARN] SupportedApi:132 - Cannot load RTOS API schema: s4s-elt-must-match.1: The content of 'definitions' must match (annotation?, (simpleType | complexType)?, (unique | key | keyref)*)). A problem was found starting at: attribute.
2025-12-11 23:02:36,203 [INFO] PluginManage:359 - Loaded plugin pinoutconfig (category:base,tabindex:0)
2025-12-11 23:02:36,203 [INFO] PluginManage:310 - Check plugin power
2025-12-11 23:02:36,208 [INFO] PluginManage:359 - Loaded plugin power (category:power,tabindex:4)
2025-12-11 23:02:36,208 [INFO] PluginManage:310 - Check plugin projectmanager
2025-12-11 23:02:36,222 [INFO] PluginManage:359 - Loaded plugin projectmanager (category:projectmanager,tabindex:4)
2025-12-11 23:02:36,222 [INFO] PluginManage:310 - Check plugin rif
2025-12-11 23:02:36,229 [INFO] PluginManage:359 - Loaded plugin rif (category:base,tabindex:3)
2025-12-11 23:02:36,229 [INFO] PluginManage:310 - Check plugin thirdparty
2025-12-11 23:02:36,332 [WARN] IntegrityCheckThread:84 - waiting for thirdparty lock release [integrity check]
2025-12-11 23:02:36,332 [INFO] IntegrityCheckThread:86 - entering critical section [integrity check]
2025-12-11 23:02:36,332 [INFO] ThirdPartyUpdaterWithRetryManager:70 - Updater plugin not ready yet. [1/15]
2025-12-11 23:02:36,333 [INFO] PluginManage:359 - Loaded plugin thirdparty (category:base,tabindex:-1)
2025-12-11 23:02:36,333 [INFO] PluginManage:310 - Check plugin tools
2025-12-11 23:02:36,336 [INFO] PluginManage:359 - Loaded plugin tools (category:base,tabindex:7)
2025-12-11 23:02:36,336 [INFO] PluginManage:310 - Check plugin tutovideos
2025-12-11 23:02:36,474 [INFO] PluginManage:359 - Loaded plugin tutovideos (category:base,tabindex:-1)
2025-12-11 23:02:36,474 [INFO] PluginManage:310 - Check plugin updater
2025-12-11 23:02:36,490 [INFO] PluginManage:359 - Loaded plugin updater (category:base,tabindex:12)
2025-12-11 23:02:36,490 [INFO] PluginManage:310 - Check plugin userauth
2025-12-11 23:02:36,494 [INFO] UserAuth:118 - Init User Auth plugin
2025-12-11 23:02:36,495 [INFO] PluginManage:359 - Loaded plugin userauth (category:base,tabindex:14)
2025-12-11 23:02:36,495 [INFO] PluginManage:283 - PluginManage : Loaded plugins [18]
2025-12-11 23:02:36,656 [INFO] PinOutPanel:1589 - setPackage(No Configuration,No Configuration)
2025-12-11 23:02:36,717 [INFO] CADModel:165 - CPN selected for project level
2025-12-11 23:02:36,717 [INFO] CADModel:114 - Register for checkConnection events
2025-12-11 23:02:36,727 [INFO] IPUIPlugin:80 - create IPUIPlugin
2025-12-11 23:02:36,727 [INFO] PluginManager:220 - loadIPPluginJar : add adc
2025-12-11 23:02:36,729 [INFO] IPUIPlugin:80 - create IPUIPlugin
2025-12-11 23:02:36,729 [INFO] PluginManager:220 - loadIPPluginJar : add aes
2025-12-11 23:02:36,731 [INFO] IPUIPlugin:80 - create IPUIPlugin
2025-12-11 23:02:36,731 [INFO] PluginManager:220 - loadIPPluginJar : add can
2025-12-11 23:02:36,733 [INFO] IPUIPlugin:80 - create IPUIPlugin
2025-12-11 23:02:36,733 [INFO] PluginManager:220 - loadIPPluginJar : add comp
2025-12-11 23:02:36,735 [INFO] IPUIPlugin:80 - create IPUIPlugin
2025-12-11 23:02:36,735 [INFO] PluginManager:220 - loadIPPluginJar : add cryp
2025-12-11 23:02:36,736 [INFO] IPUIPlugin:80 - create IPUIPlugin
2025-12-11 23:02:36,736 [INFO] PluginManager:220 - loadIPPluginJar : add ddr_ctrl_phy
2025-12-11 23:02:36,737 [INFO] IPUIPlugin:80 - create IPUIPlugin
2025-12-11 23:02:36,738 [INFO] PluginManager:220 - loadIPPluginJar : add dfsdm
2025-12-11 23:02:36,741 [INFO] IPUIPlugin:80 - create IPUIPlugin
2025-12-11 23:02:36,741 [INFO] PluginManager:220 - loadIPPluginJar : add dma
2025-12-11 23:02:36,742 [INFO] IPUIPlugin:80 - create IPUIPlugin
2025-12-11 23:02:36,743 [INFO] PluginManager:220 - loadIPPluginJar : add dma3
2025-12-11 23:02:36,744 [INFO] IPUIPlugin:80 - create IPUIPlugin
2025-12-11 23:02:36,744 [INFO] PluginManager:220 - loadIPPluginJar : add extmemmanager
2025-12-11 23:02:36,745 [INFO] IPUIPlugin:80 - create IPUIPlugin
2025-12-11 23:02:36,745 [INFO] PluginManager:220 - loadIPPluginJar : add fatfs
2025-12-11 23:02:36,747 [INFO] IPUIPlugin:80 - create IPUIPlugin
2025-12-11 23:02:36,748 [INFO] PluginManager:220 - loadIPPluginJar : add fmc
2025-12-11 23:02:36,751 [INFO] IPUIPlugin:80 - create IPUIPlugin
2025-12-11 23:02:36,751 [INFO] PluginManager:220 - loadIPPluginJar : add freertos
2025-12-11 23:02:36,752 [INFO] IPUIPlugin:80 - create IPUIPlugin
2025-12-11 23:02:36,752 [INFO] PluginManager:220 - loadIPPluginJar : add genericplugin
2025-12-11 23:02:36,753 [INFO] IPUIPlugin:80 - create IPUIPlugin
2025-12-11 23:02:36,753 [INFO] PluginManager:220 - loadIPPluginJar : add gfxmmu
2025-12-11 23:02:36,755 [INFO] IPUIPlugin:80 - create IPUIPlugin
2025-12-11 23:02:36,756 [INFO] PluginManager:220 - loadIPPluginJar : add gic
2025-12-11 23:02:36,758 [INFO] IPUIPlugin:80 - create IPUIPlugin
2025-12-11 23:02:36,758 [INFO] PluginManager:220 - loadIPPluginJar : add gpio
2025-12-11 23:02:36,761 [INFO] IPUIPlugin:80 - create IPUIPlugin
2025-12-11 23:02:36,761 [INFO] PluginManager:220 - loadIPPluginJar : add gtzc
2025-12-11 23:02:36,762 [INFO] IPUIPlugin:80 - create IPUIPlugin
2025-12-11 23:02:36,762 [INFO] PluginManager:220 - loadIPPluginJar : add hash
2025-12-11 23:02:36,764 [INFO] IPUIPlugin:80 - create IPUIPlugin
2025-12-11 23:02:36,764 [INFO] PluginManager:220 - loadIPPluginJar : add i2c
2025-12-11 23:02:36,765 [INFO] IPUIPlugin:80 - create IPUIPlugin
2025-12-11 23:02:36,765 [INFO] PluginManager:220 - loadIPPluginJar : add i2s
2025-12-11 23:02:36,767 [INFO] IPUIPlugin:80 - create IPUIPlugin
2025-12-11 23:02:36,768 [INFO] PluginManager:220 - loadIPPluginJar : add i3c
2025-12-11 23:02:36,770 [INFO] IPUIPlugin:80 - create IPUIPlugin
2025-12-11 23:02:36,770 [INFO] PluginManager:220 - loadIPPluginJar : add ipddr
2025-12-11 23:02:36,774 [INFO] IPUIPlugin:80 - create IPUIPlugin
2025-12-11 23:02:36,775 [INFO] PluginManager:220 - loadIPPluginJar : add linkedlist
2025-12-11 23:02:36,778 [INFO] IPUIPlugin:80 - create IPUIPlugin
2025-12-11 23:02:36,778 [INFO] PluginManager:220 - loadIPPluginJar : add lorawan
2025-12-11 23:02:36,779 [INFO] IPUIPlugin:80 - create IPUIPlugin
2025-12-11 23:02:36,779 [INFO] PluginManager:220 - loadIPPluginJar : add ltdc
2025-12-11 23:02:36,782 [INFO] IPUIPlugin:80 - create IPUIPlugin
2025-12-11 23:02:36,783 [INFO] PluginManager:220 - loadIPPluginJar : add mdma
2025-12-11 23:02:36,784 [INFO] IPUIPlugin:80 - create IPUIPlugin
2025-12-11 23:02:36,785 [INFO] PluginManager:220 - loadIPPluginJar : add nvic
2025-12-11 23:02:36,786 [INFO] IPUIPlugin:80 - create IPUIPlugin
2025-12-11 23:02:36,786 [INFO] PluginManager:220 - loadIPPluginJar : add opamp
2025-12-11 23:02:36,788 [INFO] IPUIPlugin:80 - create IPUIPlugin
2025-12-11 23:02:36,788 [INFO] PluginManager:220 - loadIPPluginJar : add openamp
2025-12-11 23:02:36,790 [INFO] IPUIPlugin:80 - create IPUIPlugin
2025-12-11 23:02:36,790 [INFO] PluginManager:220 - loadIPPluginJar : add pdm2pcm
2025-12-11 23:02:36,794 [INFO] IPUIPlugin:80 - create IPUIPlugin
2025-12-11 23:02:36,796 [INFO] PluginManager:220 - loadIPPluginJar : add plateformsettings
2025-12-11 23:02:36,796 [INFO] IPUIPlugin:80 - create IPUIPlugin
2025-12-11 23:02:36,797 [INFO] PluginManager:220 - loadIPPluginJar : add quadspi
2025-12-11 23:02:36,798 [INFO] IPUIPlugin:80 - create IPUIPlugin
2025-12-11 23:02:36,798 [INFO] PluginManager:220 - loadIPPluginJar : add radio
2025-12-11 23:02:36,800 [INFO] IPUIPlugin:80 - create IPUIPlugin
2025-12-11 23:02:36,800 [INFO] PluginManager:220 - loadIPPluginJar : add resmgrutility
2025-12-11 23:02:36,801 [INFO] IPUIPlugin:80 - create IPUIPlugin
2025-12-11 23:02:36,802 [INFO] PluginManager:220 - loadIPPluginJar : add sai
2025-12-11 23:02:36,804 [INFO] IPUIPlugin:80 - create IPUIPlugin
2025-12-11 23:02:36,804 [INFO] PluginManager:220 - loadIPPluginJar : add spi
2025-12-11 23:02:36,807 [INFO] IPUIPlugin:80 - create IPUIPlugin
2025-12-11 23:02:36,807 [INFO] PluginManager:220 - loadIPPluginJar : add stm32_wpan
2025-12-11 23:02:36,808 [INFO] IPUIPlugin:80 - create IPUIPlugin
2025-12-11 23:02:36,808 [INFO] PluginManager:220 - loadIPPluginJar : add tim
2025-12-11 23:02:36,810 [INFO] IPUIPlugin:80 - create IPUIPlugin
2025-12-11 23:02:36,810 [INFO] PluginManager:220 - loadIPPluginJar : add touchsensing
2025-12-11 23:02:36,811 [INFO] IPUIPlugin:80 - create IPUIPlugin
2025-12-11 23:02:36,812 [INFO] PluginManager:220 - loadIPPluginJar : add tracer_emb
2025-12-11 23:02:36,813 [INFO] IPUIPlugin:80 - create IPUIPlugin
2025-12-11 23:02:36,813 [INFO] PluginManager:220 - loadIPPluginJar : add ts
2025-12-11 23:02:36,814 [INFO] IPUIPlugin:80 - create IPUIPlugin
2025-12-11 23:02:36,814 [INFO] PluginManager:220 - loadIPPluginJar : add tsc
2025-12-11 23:02:36,815 [INFO] IPUIPlugin:80 - create IPUIPlugin
2025-12-11 23:02:36,815 [INFO] PluginManager:220 - loadIPPluginJar : add ucpd
2025-12-11 23:02:36,817 [INFO] IPUIPlugin:80 - create IPUIPlugin
2025-12-11 23:02:36,817 [INFO] PluginManager:220 - loadIPPluginJar : add usart
2025-12-11 23:02:36,819 [INFO] IPUIPlugin:80 - create IPUIPlugin
2025-12-11 23:02:36,819 [INFO] PluginManager:220 - loadIPPluginJar : add usbx
2025-12-11 23:02:36,936 [FATAL] Updater:351 - Updater called before beeing initialized
2025-12-11 23:02:36,978 [INFO] RulesReader:64 - Compatibility file has been processed (317 Rules)
2025-12-11 23:02:36,988 [INFO] RulesReader:64 - Compatibility file has been processed (317 Rules)
2025-12-11 23:02:36,999 [INFO] CADModel:165 - CPN selected for project level
2025-12-11 23:02:36,999 [INFO] CADModel:114 - Register for checkConnection events
2025-12-11 23:02:36,999 [FATAL] Updater:351 - Updater called before beeing initialized
2025-12-11 23:02:36,999 [ERROR] CADModel:125 - Updater not yet initialized, retry later 
2025-12-11 23:02:37,118 [FATAL] Updater:351 - Updater called before beeing initialized
2025-12-11 23:02:37,119 [INFO] CADModel:165 - CPN selected for project level
2025-12-11 23:02:37,119 [INFO] CADModel:114 - Register for checkConnection events
2025-12-11 23:02:37,119 [FATAL] Updater:351 - Updater called before beeing initialized
2025-12-11 23:02:37,119 [ERROR] CADModel:125 - Updater not yet initialized, retry later 
2025-12-11 23:02:37,121 [FATAL] Updater:351 - Updater called before beeing initialized
2025-12-11 23:02:37,221 [FATAL] Updater:351 - Updater called before beeing initialized
2025-12-11 23:02:37,232 [INFO] DbMcusAds:53 - JSON generation date=Mon Dec 08 22:28:10 CST 2025 (1765204090049)
2025-12-11 23:02:37,233 [FATAL] Updater:351 - Updater called before beeing initialized
2025-12-11 23:02:37,265 [WARN] DetailPanel:346 - Failed to get advertising image, set to default
2025-12-11 23:02:37,339 [FATAL] Updater:351 - Updater called before beeing initialized
2025-12-11 23:02:37,342 [FATAL] Updater:351 - Updater called before beeing initialized
2025-12-11 23:02:37,343 [FATAL] Updater:351 - Updater called before beeing initialized
2025-12-11 23:02:37,343 [WARN] DetailPanel:346 - Failed to get advertising image, set to default
2025-12-11 23:02:37,343 [FATAL] Updater:351 - Updater called before beeing initialized
2025-12-11 23:02:37,380 [ERROR] Updater:1198 - MainUpdater not yet initialized. External WinMGr cannot be set.
2025-12-11 23:02:37,381 [INFO] Updater:1134 - Updater Version found : 6.15.0
2025-12-11 23:02:37,393 [INFO] ApplicationProperties:184 - Using Application install path: C:\ST\STM32CubeIDE_1.19.0\STM32CubeIDE\plugins\com.st.stm32cube.common.mx_6.15.0.202507011659
2025-12-11 23:02:38,967 [ERROR] LogOutputStream:75 - [STDERR_REDIRECT] Dec 11, 2025 11:02:38 PM java.util.prefs.WindowsPreferences <init>
2025-12-11 23:02:38,968 [ERROR] LogOutputStream:75 - [STDERR_REDIRECT] WARNING: Could not open/create prefs root node Software\JavaSoft\Prefs at root 0xffffffff80000002. Windows RegCreateKeyEx(...) returned error code 5.
2025-12-11 23:02:38,968 [ERROR] LogOutputStream:75 - [STDERR_REDIRECT] 
2025-12-11 23:02:39,292 [INFO] MainUpdater:2872 - connection check result : 10
2025-12-11 23:02:39,293 [INFO] MainUpdater:289 - Updater Check For Update Now.
2025-12-11 23:02:39,293 [INFO] MicroXplorer:498 - Change Database Version : DB.6.0.150
2025-12-11 23:02:39,315 [INFO] McuFinderGlobals:63 - Set McuFinder mode to 2 (CubeIDE integrated)
2025-12-11 23:02:39,315 [INFO] UserAuth:171 - activating auth plugin
2025-12-11 23:02:39,317 [INFO] UserAuth:487 - Internet connection configuration mode: 1
2025-12-11 23:02:39,335 [WARN] MainUpdater:1193 - Updater busy. Cannot search thirdparties
2025-12-11 23:02:39,335 [INFO] ThirdPartyUpdaterWithRetryManager:96 - Updater plugin is busy. [1/15]
2025-12-11 23:02:39,354 [INFO] JxBrowserEngine:152 - Initiate JxBrowser Engine with user profile folder
2025-12-11 23:02:39,472 [INFO] CheckServerUpdateThread:120 - End of CheckServer Thread
2025-12-11 23:02:39,947 [INFO] WebApp:169 - Instantiating new browser for Auth
2025-12-11 23:02:40,430 [INFO] WebApp:463 - Apply proxy settings
2025-12-11 23:02:40,430 [INFO] WebApp:548 - Chromium requires no authentication
2025-12-11 23:02:40,436 [INFO] WebApp:491 - Direct internet connection detected
2025-12-11 23:02:40,453 [INFO] WebApp:900 - Register for checkConnection events
2025-12-11 23:02:40,454 [INFO] WebApp:463 - Apply proxy settings
2025-12-11 23:02:40,454 [INFO] WebApp:548 - Chromium requires no authentication
2025-12-11 23:02:40,454 [INFO] WebApp:491 - Direct internet connection detected
2025-12-11 23:02:40,585 [INFO] WebApp:225 - Starting web application
2025-12-11 23:02:40,585 [INFO] WebApp:593 - Web application path used C:\ST\STM32CubeIDE_1.19.0\STM32CubeIDE\plugins\com.st.stm32cube.common.mx_6.15.0.202507011659\db\plugins\mcufinder\reactClient1\index.html
2025-12-11 23:02:40,774 [INFO] WebApp:191 - Connection restablished
2025-12-11 23:02:42,534 [WARN] PackLoader:240 - Cannot read IP mode file for STMicroelectronics.FP-SNS-MOTENVWB1.1.4.0
2025-12-11 23:02:42,542 [WARN] PackLoader:240 - Cannot read IP mode file for STMicroelectronics.FP-ATR-ASTRA1.2.0.2
2025-12-11 23:02:42,548 [WARN] PackLoader:240 - Cannot read IP mode file for STMicroelectronics.X-CUBE-SMBUS.2.1.0
2025-12-11 23:02:42,552 [WARN] PackLoader:240 - Cannot read IP mode file for STMicroelectronics.X-CUBE-ST60.1.0.0
2025-12-11 23:02:42,575 [WARN] PackLoader:240 - Cannot read IP mode file for STMicroelectronics.X-CUBE-AZRTOS-F7.1.1.0
2025-12-11 23:02:42,583 [WARN] PackLoader:240 - Cannot read IP mode file for STMicroelectronics.FP-SNS-MOTENV1.5.1.0
2025-12-11 23:02:42,593 [WARN] PackLoader:240 - Cannot read IP mode file for WES.I-CUBE-Cesium.1.4.0
2025-12-11 23:02:42,611 [WARN] PackLoader:240 - Cannot read IP mode file for Infineon.AIROC-Wi-Fi-Bluetooth-STM32.1.7.1
2025-12-11 23:02:42,633 [WARN] PackLoader:240 - Cannot read IP mode file for STMicroelectronics.X-CUBE-AZRTOS-H7.3.4.0
2025-12-11 23:02:42,641 [WARN] PackLoader:240 - Cannot read IP mode file for STMicroelectronics.X-CUBE-DISPLAY.3.0.0
2025-12-11 23:02:42,653 [WARN] PackLoader:240 - Cannot read IP mode file for STMicroelectronics.X-CUBE-NFC10.1.0.0
2025-12-11 23:02:42,657 [WARN] PackLoader:240 - Cannot read IP mode file for STMicroelectronics.X-CUBE-ST60.1.1.0
2025-12-11 23:02:42,662 [WARN] PackLoader:240 - Cannot read IP mode file for emotas.I-CUBE-CANOPEN.1.3.0
2025-12-11 23:02:42,666 [WARN] PackLoader:240 - Cannot read IP mode file for STMicroelectronics.X-CUBE-GNSS1.7.1.0
2025-12-11 23:02:42,686 [WARN] PackLoader:240 - Cannot read IP mode file for STMicroelectronics.FP-SNS-STBOX1.2.1.0
2025-12-11 23:02:42,691 [WARN] PackLoader:240 - Cannot read IP mode file for STMicroelectronics.FP-SNS-SMARTAG2.1.2.0
2025-12-11 23:02:42,695 [WARN] PackLoader:240 - Cannot read IP mode file for STMicroelectronics.FP-SNS-FLIGHT1.5.1.0
2025-12-11 23:02:42,704 [INFO] LogOutputStream:77 - [STDOUT_REDIRECT] 1 : Invalid condition id : UX_CORESTACK_Condition cause : null
2025-12-11 23:02:42,705 [INFO] LogOutputStream:77 - [STDOUT_REDIRECT] 1 : Invalid condition id : UX_CORESTACK_Condition cause : null
2025-12-11 23:02:42,706 [INFO] LogOutputStream:77 - [STDOUT_REDIRECT] 1 : Invalid condition id : UX_CORESTACK_Condition cause : null
2025-12-11 23:02:42,708 [INFO] LogOutputStream:77 - [STDOUT_REDIRECT] 1 : Invalid condition id : UX_CORESTACK_Condition cause : null
2025-12-11 23:02:42,709 [INFO] LogOutputStream:77 - [STDOUT_REDIRECT] 1 : Invalid condition id : UX_CORESTACK_Condition cause : null
2025-12-11 23:02:42,711 [WARN] PackLoader:240 - Cannot read IP mode file for STMicroelectronics.X-CUBE-AZRTOS-WL.2.0.0
2025-12-11 23:02:42,741 [WARN] PackLoader:240 - Cannot read IP mode file for STMicroelectronics.FP-SNS-MOTENV1.5.0.0
2025-12-11 23:02:42,756 [WARN] PackLoader:240 - Cannot read IP mode file for STMicroelectronics.X-CUBE-AZRTOS-H7RS.1.2.0
2025-12-11 23:02:42,763 [WARN] PackLoader:240 - Cannot read IP mode file for STMicroelectronics.X-CUBE-BLE2.3.3.0
2025-12-11 23:02:42,786 [WARN] PackLoader:240 - Cannot read IP mode file for STMicroelectronics.X-CUBE-NFC9.1.0.0
2025-12-11 23:02:42,791 [WARN] PackLoader:240 - Cannot read IP mode file for wolfSSL.I-CUBE-wolfSSL.5.8.2
2025-12-11 23:02:42,795 [WARN] PackLoader:240 - Cannot read IP mode file for STMicroelectronics.X-CUBE-BLE1.7.1.0
2025-12-11 23:02:42,799 [WARN] PackLoader:240 - Cannot read IP mode file for wolfSSL.I-CUBE-wolfMQTT.1.19.2
2025-12-11 23:02:42,803 [WARN] PackLoader:240 - Cannot read IP mode file for STMicroelectronics.X-CUBE-FREERTOS.1.4.0
2025-12-11 23:02:42,808 [WARN] PackLoader:240 - Cannot read IP mode file for STMicroelectronics.X-CUBE-EEPRMA1.5.2.0
2025-12-11 23:02:42,814 [WARN] PackLoader:240 - Cannot read IP mode file for STMicroelectronics.X-CUBE-ST67W61.1.1.0
2025-12-11 23:02:42,843 [WARN] PackLoader:240 - Cannot read IP mode file for STMicroelectronics.X-CUBE-MEMS1.12.0.0
2025-12-11 23:02:42,911 [WARN] PackLoader:240 - Cannot read IP mode file for STMicroelectronics.X-CUBE-AZRTOS-G0.1.1.0
2025-12-11 23:02:42,918 [WARN] PackLoader:240 - Cannot read IP mode file for STMicroelectronics.X-CUBE-SAFEA1.1.2.2
2025-12-11 23:02:42,922 [WARN] PackLoader:240 - Cannot read IP mode file for STMicroelectronics.X-CUBE-NFC4.3.0.0
2025-12-11 23:02:42,929 [WARN] PackLoader:240 - Cannot read IP mode file for EmbeddedOffice.I-CUBE-FS-RTOS.1.0.1
2025-12-11 23:02:42,934 [WARN] PackLoader:240 - Cannot read IP mode file for STMicroelectronics.X-CUBE-WB05N.2.0.0
2025-12-11 23:02:42,938 [WARN] PackLoader:240 - Cannot read IP mode file for wolfSSL.I-CUBE-wolfTPM.3.8.0
2025-12-11 23:02:42,942 [WARN] PackLoader:240 - Cannot read IP mode file for STMicroelectronics.X-CUBE-TCPP.4.2.0
2025-12-11 23:02:42,947 [WARN] PackLoader:240 - Cannot read IP mode file for RealThread.X-CUBE-RT-Thread_Nano.4.1.1
2025-12-11 23:02:42,951 [WARN] PackLoader:240 - Cannot read IP mode file for STMicroelectronics.FP-ATR-SIGFOX1.3.2.0
2025-12-11 23:02:42,955 [WARN] PackLoader:240 - Cannot read IP mode file for ITTIA_DB.I-CUBE-ITTIADB.8.9.0
2025-12-11 23:02:42,961 [WARN] PackLoader:240 - Cannot read IP mode file for STMicroelectronics.X-CUBE-ST67W61.1.0.0
2025-12-11 23:02:42,964 [WARN] PackLoader:240 - Cannot read IP mode file for STMicroelectronics.X-CUBE-AI.10.2.0
2025-12-11 23:02:42,981 [WARN] PackLoader:240 - Cannot read IP mode file for SEGGER.I-CUBE-embOS.1.3.1
2025-12-11 23:02:43,009 [WARN] PackLoader:240 - Cannot read IP mode file for STMicroelectronics.X-CUBE-ALGOBUILD.1.4.0
2025-12-11 23:02:43,034 [WARN] PackLoader:240 - Cannot read IP mode file for STMicroelectronics.X-CUBE-MEMS1.11.3.0
2025-12-11 23:02:43,116 [WARN] PackLoader:240 - Cannot read IP mode file for STMicroelectronics.X-CUBE-PM33A1.1.0.0
2025-12-11 23:02:43,127 [WARN] PackLoader:240 - Cannot read IP mode file for STMicroelectronics.X-CUBE-AZRTOS-F4.1.1.0
2025-12-11 23:02:43,131 [WARN] PackLoader:240 - Cannot read IP mode file for Avnet-IotConnect.X-CUBE-IoTC-DA16k-PMOD.1.0.0
2025-12-11 23:02:43,134 [WARN] PackLoader:240 - Cannot read IP mode file for STMicroelectronics.X-CUBE-ISPU.2.1.0
2025-12-11 23:02:43,144 [WARN] PackLoader:240 - Cannot read IP mode file for STMicroelectronics.X-CUBE-IPS.3.2.0
2025-12-11 23:02:43,166 [WARN] PackLoader:240 - Cannot read IP mode file for STMicroelectronics.X-CUBE-NFC12.1.0.0
2025-12-11 23:02:43,180 [WARN] PackLoader:240 - Cannot read IP mode file for STMicroelectronics.X-CUBE-AZRTOS-L5.2.0.0
2025-12-11 23:02:43,187 [WARN] PackLoader:240 - Cannot read IP mode file for STMicroelectronics.X-CUBE-NFC6.3.1.0
2025-12-11 23:02:43,192 [WARN] PackLoader:240 - Cannot read IP mode file for STMicroelectronics.X-CUBE-FREERTOS.1.3.1
2025-12-11 23:02:43,201 [WARN] PackLoader:240 - Cannot read IP mode file for STMicroelectronics.X-CUBE-TOUCHGFX.4.26.0
2025-12-11 23:02:43,204 [WARN] PackLoader:240 - Cannot read IP mode file for STMicroelectronics.FP-SNS-STAIOTCFT.1.0.0
2025-12-11 23:02:43,209 [WARN] PackLoader:240 - Cannot read IP mode file for STMicroelectronics.X-CUBE-DPower.1.3.0
2025-12-11 23:02:43,221 [WARN] ConditionMgr:438 - getConditionDescription Invalid condition id : LAN8742 Phy interface Condition cause : null
2025-12-11 23:02:43,221 [WARN] PackLoader:240 - Cannot read IP mode file for STMicroelectronics.X-CUBE-AZRTOS-L4.2.0.0
2025-12-11 23:02:43,222 [WARN] ConditionMgr:1044 - genDependencies : Invalid condition id : LAN8742 Phy interface Condition cause : null
2025-12-11 23:02:43,222 [WARN] ConditionMgr:1044 - genDependencies : Invalid condition id : LAN8742 Phy interface Condition cause : null
2025-12-11 23:02:43,223 [WARN] ConditionMgr:1044 - genDependencies : Invalid condition id : LAN8742 Phy interface Condition cause : null
2025-12-11 23:02:43,228 [WARN] PackLoader:240 - Cannot read IP mode file for STMicroelectronics.X-CUBE-SFXS2LP1.4.0.0
2025-12-11 23:02:43,235 [WARN] PackLoader:240 - Cannot read IP mode file for STMicroelectronics.X-CUBE-BLEMGR.4.1.0
2025-12-11 23:02:43,246 [WARN] ConditionMgr:438 - getConditionDescription Invalid condition id : UX DEVICE CLASS RTOS Condition cause : null
2025-12-11 23:02:43,246 [WARN] ConditionMgr:438 - getConditionDescription Invalid condition id : UX DEVICE CLASS RTOS Condition cause : null
2025-12-11 23:02:43,247 [WARN] PackLoader:240 - Cannot read IP mode file for STMicroelectronics.X-CUBE-AZRTOS-WB.2.0.0
2025-12-11 23:02:43,248 [WARN] ConditionMgr:1044 - genDependencies : Invalid condition id : UX DEVICE CLASS RTOS Condition cause : null
2025-12-11 23:02:43,248 [WARN] ConditionMgr:1044 - genDependencies : Invalid condition id : UX DEVICE CLASS RTOS Condition cause : null
2025-12-11 23:02:43,248 [WARN] ConditionMgr:1044 - genDependencies : Invalid condition id : UX DEVICE CLASS RTOS Condition cause : null
2025-12-11 23:02:43,248 [WARN] ConditionMgr:1044 - genDependencies : Invalid condition id : UX DEVICE CLASS RTOS Condition cause : null
2025-12-11 23:02:43,248 [WARN] ConditionMgr:1044 - genDependencies : Invalid condition id : UX DEVICE CLASS RTOS Condition cause : null
2025-12-11 23:02:43,252 [WARN] PackLoader:240 - Cannot read IP mode file for STMicroelectronics.X-CUBE-GNSS1.7.0.1
2025-12-11 23:02:43,254 [WARN] PackLoader:240 - Cannot read IP mode file for STMicroelectronics.X-CUBE-TOUCHGFX.4.25.0
2025-12-11 23:02:43,257 [WARN] ConditionMgr:438 - getConditionDescription Invalid condition id : Cortex-A Device cause : null
2025-12-11 23:02:43,264 [WARN] ConditionMgr:1044 - genDependencies : Invalid condition id : Cortex-A Device cause : null
2025-12-11 23:02:43,264 [WARN] ConditionMgr:1044 - genDependencies : Invalid condition id : Cortex-A Device cause : null
2025-12-11 23:02:43,265 [WARN] ConditionMgr:1044 - genDependencies : Invalid condition id : Cortex-A Device cause : null
2025-12-11 23:02:43,274 [WARN] PackLoader:240 - Cannot read IP mode file for STMicroelectronics.X-CUBE-SUBG2.5.0.0
2025-12-11 23:02:43,286 [WARN] PackLoader:240 - Cannot read IP mode file for STMicroelectronics.X-CUBE-AZRTOS-H7RS.1.1.0
2025-12-11 23:02:43,290 [WARN] PackLoader:240 - Cannot read IP mode file for Cesanta.I-CUBE-Mongoose.7.13.0
2025-12-11 23:02:43,298 [WARN] PackLoader:240 - Cannot read IP mode file for STMicroelectronics.X-CUBE-AZRTOS-G4.2.0.0
2025-12-11 23:02:43,302 [WARN] PackLoader:240 - Cannot read IP mode file for wolfSSL.I-CUBE-wolfSSH.1.4.20
2025-12-11 23:02:43,306 [WARN] PackLoader:240 - Cannot read IP mode file for STMicroelectronics.X-CUBE-NFC7.2.0.0
2025-12-11 23:02:43,313 [WARN] PackLoader:240 - Cannot read IP mode file for STMicroelectronics.X-CUBE-IPS.3.1.0
2025-12-11 23:02:43,320 [WARN] PackLoader:240 - Cannot read IP mode file for STMicroelectronics.X-CUBE-ALS.1.0.2
2025-12-11 23:02:43,325 [WARN] PackLoader:240 - Cannot read IP mode file for STMicroelectronics.X-CUBE-STSE01.1.0.0
2025-12-11 23:02:43,332 [WARN] PackLoader:240 - Cannot read IP mode file for STMicroelectronics.X-CUBE-TOF1.3.4.3
2025-12-11 23:02:43,339 [INFO] ThirdParty:978 - Integrity check success = true
2025-12-11 23:02:43,339 [INFO] IntegrityCheckThread:100 - exiting critical section [integrity check]
2025-12-11 23:02:43,339 [INFO] IntegrityCheckThread:103 - End integrity checks thread
