2025-11-30 08:24:46,744 [INFO] Activator:176 - 


2025-11-30 08:24:46,749 [INFO] Activator:177 - !SESSION log4j initialized
2025-11-30 08:24:55,050 [INFO] LogOutputStream:77 - [STDOUT_REDIRECT] 
2025-11-30 08:25:09,545 [INFO] ApplicationProperties:184 - Using Application install path: C:\ST\STM32CubeIDE_1.19.0\STM32CubeIDE\plugins\com.st.stm32cube.common.mx_6.15.0.202507011659
2025-11-30 08:25:09,564 [INFO] DbMcusXml:78 - Set database path to: C:\ST\STM32CubeIDE_1.19.0\STM32CubeIDE\plugins\com.st.stm32cube.common.mx_6.15.0.202507011659\\db\/mcu/
2025-11-30 08:25:09,565 [INFO] ApiDb:274 - Set plugin database path to: C:\ST\STM32CubeIDE_1.19.0\STM32CubeIDE\plugins\com.st.stm32cube.common.mx_6.15.0.202507011659\\db\/plugins/boardmanager/
2025-11-30 08:25:09,565 [WARN] ApiDb:259 - Overriding images path with different value:  => C:\ST\STM32CubeIDE_1.19.0\STM32CubeIDE\plugins\com.st.stm32cube.common.mx_6.15.0.202507011659\\db\/plugins/mcufinder/images/
2025-11-30 08:25:09,572 [INFO] ApiDb:250 - Set database path to: C:\Users\user\.stmcufinder\plugins\mcufinder//mcu/
2025-11-30 08:25:09,574 [INFO] DbMcusAds:125 - Set database path to: C:\Users\user\.stmcufinder\plugins\mcufinder//mcu/
2025-11-30 08:25:09,586 [INFO] CrossReferenceDbSqlite:203 - Set database path to: C:\Users\user\.stmcufinder\plugins\mcufinder//mcu/cs/
2025-11-30 08:25:09,687 [INFO] RulesReader:64 - Compatibility file has been processed (317 Rules)
2025-11-30 08:25:09,782 [INFO] DbMcusXml:78 - Set database path to: C:\ST\STM32CubeIDE_1.19.0\STM32CubeIDE\plugins\com.st.stm32cube.common.mx_6.15.0.202507011659\\db\/mcu/
2025-11-30 08:25:09,782 [INFO] ApiDb:274 - Set plugin database path to: C:\ST\STM32CubeIDE_1.19.0\STM32CubeIDE\plugins\com.st.stm32cube.common.mx_6.15.0.202507011659\\db\/plugins/boardmanager/
2025-11-30 08:25:09,782 [INFO] ApiDb:261 - Set plugin images path to: C:\ST\STM32CubeIDE_1.19.0\STM32CubeIDE\plugins\com.st.stm32cube.common.mx_6.15.0.202507011659\\db\/plugins/mcufinder/images/
2025-11-30 08:25:09,783 [WARN] DbFile:41 - Overriding database path with different value: C:\Users\user\.stmcufinder\plugins\mcufinder/ => C:\Users\user\.stmcufinder\plugins\mcufinder
2025-11-30 08:25:09,783 [INFO] ApiDb:250 - Set database path to: C:\Users\user\.stmcufinder\plugins\mcufinder//mcu/
2025-11-30 08:25:09,783 [WARN] DbFile:41 - Overriding database path with different value: C:\Users\user\.stmcufinder\plugins\mcufinder/ => C:\Users\user\.stmcufinder\plugins\mcufinder
2025-11-30 08:25:09,783 [INFO] DbMcusAds:125 - Set database path to: C:\Users\user\.stmcufinder\plugins\mcufinder//mcu/
2025-11-30 08:25:09,783 [WARN] DbFile:41 - Overriding database path with different value: C:\Users\user\.stmcufinder\plugins\mcufinder/ => C:\Users\user\.stmcufinder\plugins\mcufinder
2025-11-30 08:25:09,783 [WARN] DbFile:41 - Overriding database path with different value: C:\Users\user\.stmcufinder\plugins\mcufinder/ => C:\Users\user\.stmcufinder\plugins\mcufinder
2025-11-30 08:25:09,783 [INFO] CrossReferenceDbSqlite:203 - Set database path to: C:\Users\user\.stmcufinder\plugins\mcufinder//mcu/cs/
2025-11-30 08:25:09,852 [INFO] MainPanel:274 - HeapMemory: 270532608
2025-11-30 08:25:09,971 [INFO] DbMcusXml:78 - Set database path to: C:\ST\STM32CubeIDE_1.19.0\STM32CubeIDE\plugins\com.st.stm32cube.common.mx_6.15.0.202507011659\\db\/mcu/
2025-11-30 08:25:09,971 [INFO] ApiDb:274 - Set plugin database path to: C:\ST\STM32CubeIDE_1.19.0\STM32CubeIDE\plugins\com.st.stm32cube.common.mx_6.15.0.202507011659\\db\/plugins/boardmanager/
2025-11-30 08:25:09,971 [INFO] ApiDb:261 - Set plugin images path to: C:\ST\STM32CubeIDE_1.19.0\STM32CubeIDE\plugins\com.st.stm32cube.common.mx_6.15.0.202507011659\\db\/plugins/mcufinder/images/
2025-11-30 08:25:09,971 [WARN] DbFile:41 - Overriding database path with different value: C:\Users\user\.stmcufinder\plugins\mcufinder/ => C:\Users\user\.stmcufinder\plugins\mcufinder
2025-11-30 08:25:09,972 [INFO] ApiDb:250 - Set database path to: C:\Users\user\.stmcufinder\plugins\mcufinder//mcu/
2025-11-30 08:25:09,972 [WARN] DbFile:41 - Overriding database path with different value: C:\Users\user\.stmcufinder\plugins\mcufinder/ => C:\Users\user\.stmcufinder\plugins\mcufinder
2025-11-30 08:25:09,972 [INFO] DbMcusAds:125 - Set database path to: C:\Users\user\.stmcufinder\plugins\mcufinder//mcu/
2025-11-30 08:25:09,972 [WARN] DbFile:41 - Overriding database path with different value: C:\Users\user\.stmcufinder\plugins\mcufinder/ => C:\Users\user\.stmcufinder\plugins\mcufinder
2025-11-30 08:25:09,972 [WARN] DbFile:41 - Overriding database path with different value: C:\Users\user\.stmcufinder\plugins\mcufinder/ => C:\Users\user\.stmcufinder\plugins\mcufinder
2025-11-30 08:25:09,972 [INFO] CrossReferenceDbSqlite:203 - Set database path to: C:\Users\user\.stmcufinder\plugins\mcufinder//mcu/cs/
2025-11-30 08:25:09,988 [INFO] ApplicationProperties:184 - Using Application install path: C:\ST\STM32CubeIDE_1.19.0\STM32CubeIDE\plugins\com.st.stm32cube.common.mx_6.15.0.202507011659
2025-11-30 08:25:09,989 [INFO] PluginManage:196 - Search for loadable plugins [exclusion list=, ]
2025-11-30 08:25:09,990 [INFO] PluginManage:310 - Check plugin analytics
2025-11-30 08:25:10,217 [INFO] AnalyticsPlugin:253 - Accepted Software Licenses: 
2025-11-30 08:25:10,217 [INFO] AnalyticsPlugin:255 - Accepted CMSIS Pack Licenses: 
2025-11-30 08:25:10,217 [INFO] AnalyticsPlugin:257 - Accepted Firmware Licenses: FW.L4.1.18.0
2025-11-30 08:25:10,223 [INFO] PluginManage:359 - Loaded plugin analytics (category:tool,tabindex:-1)
2025-11-30 08:25:10,223 [INFO] PluginManage:310 - Check plugin cadmodel
2025-11-30 08:25:10,231 [INFO] CADModel:105 - Init CAD model plugin
2025-11-30 08:25:10,231 [INFO] PluginManage:359 - Loaded plugin cadmodel (category:power,tabindex:5)
2025-11-30 08:25:10,232 [INFO] PluginManage:310 - Check plugin clock
2025-11-30 08:25:10,244 [INFO] PluginManage:359 - Loaded plugin clock (category:base,tabindex:2)
2025-11-30 08:25:10,244 [INFO] PluginManage:310 - Check plugin ddr
2025-11-30 08:25:10,246 [INFO] PluginManage:359 - Loaded plugin ddr (category:tool,tabindex:6)
2025-11-30 08:25:10,246 [INFO] PluginManage:310 - Check plugin filemanager
2025-11-30 08:25:10,422 [INFO] PluginManage:359 - Loaded plugin filemanager (category:base,tabindex:10)
2025-11-30 08:25:10,423 [INFO] PluginManage:310 - Check plugin ipmanager
2025-11-30 08:25:10,428 [INFO] PluginManage:359 - Loaded plugin ipmanager (category:base,tabindex:5)
2025-11-30 08:25:10,428 [INFO] PluginManage:310 - Check plugin lpbam
2025-11-30 08:25:10,436 [INFO] PluginManage:359 - Loaded plugin lpbam (category:base,tabindex:0)
2025-11-30 08:25:10,436 [INFO] PluginManage:310 - Check plugin memorymap
2025-11-30 08:25:10,451 [INFO] PluginManage:359 - Loaded plugin memorymap (category:base,tabindex:4)
2025-11-30 08:25:10,451 [INFO] PluginManage:310 - Check plugin pinoutandconfiguration
2025-11-30 08:25:10,460 [INFO] PluginManage:359 - Loaded plugin pinoutandconfiguration (category:base,tabindex:1)
2025-11-30 08:25:10,460 [INFO] PluginManage:310 - Check plugin pinoutconfig
2025-11-30 08:25:10,539 [WARN] SupportedApi:132 - Cannot load RTOS API schema: s4s-elt-must-match.1: The content of 'definitions' must match (annotation?, (simpleType | complexType)?, (unique | key | keyref)*)). A problem was found starting at: attribute.
2025-11-30 08:25:10,657 [INFO] PluginManage:359 - Loaded plugin pinoutconfig (category:base,tabindex:0)
2025-11-30 08:25:10,657 [INFO] PluginManage:310 - Check plugin power
2025-11-30 08:25:10,668 [INFO] PluginManage:359 - Loaded plugin power (category:power,tabindex:4)
2025-11-30 08:25:10,668 [INFO] PluginManage:310 - Check plugin projectmanager
2025-11-30 08:25:10,681 [INFO] PluginManage:359 - Loaded plugin projectmanager (category:projectmanager,tabindex:4)
2025-11-30 08:25:10,681 [INFO] PluginManage:310 - Check plugin rif
2025-11-30 08:25:10,691 [INFO] PluginManage:359 - Loaded plugin rif (category:base,tabindex:3)
2025-11-30 08:25:10,691 [INFO] PluginManage:310 - Check plugin thirdparty
2025-11-30 08:25:10,819 [WARN] IntegrityCheckThread:84 - waiting for thirdparty lock release [integrity check]
2025-11-30 08:25:10,820 [INFO] PluginManage:359 - Loaded plugin thirdparty (category:base,tabindex:-1)
2025-11-30 08:25:10,820 [INFO] IntegrityCheckThread:86 - entering critical section [integrity check]
2025-11-30 08:25:10,820 [INFO] PluginManage:310 - Check plugin tools
2025-11-30 08:25:10,820 [INFO] ThirdPartyUpdaterWithRetryManager:70 - Updater plugin not ready yet. [1/15]
2025-11-30 08:25:10,822 [INFO] PluginManage:359 - Loaded plugin tools (category:base,tabindex:7)
2025-11-30 08:25:10,823 [INFO] PluginManage:310 - Check plugin tutovideos
2025-11-30 08:25:11,015 [INFO] PluginManage:359 - Loaded plugin tutovideos (category:base,tabindex:-1)
2025-11-30 08:25:11,015 [INFO] PluginManage:310 - Check plugin updater
2025-11-30 08:25:11,035 [INFO] PluginManage:359 - Loaded plugin updater (category:base,tabindex:12)
2025-11-30 08:25:11,035 [INFO] PluginManage:310 - Check plugin userauth
2025-11-30 08:25:11,040 [INFO] UserAuth:118 - Init User Auth plugin
2025-11-30 08:25:11,040 [INFO] PluginManage:359 - Loaded plugin userauth (category:base,tabindex:14)
2025-11-30 08:25:11,041 [INFO] PluginManage:283 - PluginManage : Loaded plugins [18]
2025-11-30 08:25:11,248 [INFO] PinOutPanel:1589 - setPackage(No Configuration,No Configuration)
2025-11-30 08:25:11,320 [INFO] CADModel:165 - CPN selected for project level
2025-11-30 08:25:11,320 [INFO] CADModel:114 - Register for checkConnection events
2025-11-30 08:25:11,335 [INFO] IPUIPlugin:80 - create IPUIPlugin
2025-11-30 08:25:11,335 [INFO] PluginManager:220 - loadIPPluginJar : add adc
2025-11-30 08:25:11,337 [INFO] IPUIPlugin:80 - create IPUIPlugin
2025-11-30 08:25:11,337 [INFO] PluginManager:220 - loadIPPluginJar : add aes
2025-11-30 08:25:11,340 [INFO] IPUIPlugin:80 - create IPUIPlugin
2025-11-30 08:25:11,340 [INFO] PluginManager:220 - loadIPPluginJar : add can
2025-11-30 08:25:11,342 [INFO] IPUIPlugin:80 - create IPUIPlugin
2025-11-30 08:25:11,342 [INFO] PluginManager:220 - loadIPPluginJar : add comp
2025-11-30 08:25:11,345 [INFO] IPUIPlugin:80 - create IPUIPlugin
2025-11-30 08:25:11,345 [INFO] PluginManager:220 - loadIPPluginJar : add cryp
2025-11-30 08:25:11,349 [INFO] IPUIPlugin:80 - create IPUIPlugin
2025-11-30 08:25:11,349 [INFO] PluginManager:220 - loadIPPluginJar : add ddr_ctrl_phy
2025-11-30 08:25:11,351 [INFO] IPUIPlugin:80 - create IPUIPlugin
2025-11-30 08:25:11,351 [INFO] PluginManager:220 - loadIPPluginJar : add dfsdm
2025-11-30 08:25:11,357 [INFO] IPUIPlugin:80 - create IPUIPlugin
2025-11-30 08:25:11,357 [INFO] PluginManager:220 - loadIPPluginJar : add dma
2025-11-30 08:25:11,359 [INFO] IPUIPlugin:80 - create IPUIPlugin
2025-11-30 08:25:11,359 [INFO] PluginManager:220 - loadIPPluginJar : add dma3
2025-11-30 08:25:11,362 [INFO] IPUIPlugin:80 - create IPUIPlugin
2025-11-30 08:25:11,362 [INFO] PluginManager:220 - loadIPPluginJar : add extmemmanager
2025-11-30 08:25:11,363 [INFO] IPUIPlugin:80 - create IPUIPlugin
2025-11-30 08:25:11,363 [INFO] PluginManager:220 - loadIPPluginJar : add fatfs
2025-11-30 08:25:11,367 [INFO] IPUIPlugin:80 - create IPUIPlugin
2025-11-30 08:25:11,367 [INFO] PluginManager:220 - loadIPPluginJar : add fmc
2025-11-30 08:25:11,372 [INFO] IPUIPlugin:80 - create IPUIPlugin
2025-11-30 08:25:11,373 [INFO] PluginManager:220 - loadIPPluginJar : add freertos
2025-11-30 08:25:11,375 [INFO] IPUIPlugin:80 - create IPUIPlugin
2025-11-30 08:25:11,375 [INFO] PluginManager:220 - loadIPPluginJar : add genericplugin
2025-11-30 08:25:11,377 [INFO] IPUIPlugin:80 - create IPUIPlugin
2025-11-30 08:25:11,377 [INFO] PluginManager:220 - loadIPPluginJar : add gfxmmu
2025-11-30 08:25:11,381 [INFO] IPUIPlugin:80 - create IPUIPlugin
2025-11-30 08:25:11,381 [INFO] PluginManager:220 - loadIPPluginJar : add gic
2025-11-30 08:25:11,384 [INFO] IPUIPlugin:80 - create IPUIPlugin
2025-11-30 08:25:11,384 [INFO] PluginManager:220 - loadIPPluginJar : add gpio
2025-11-30 08:25:11,387 [INFO] IPUIPlugin:80 - create IPUIPlugin
2025-11-30 08:25:11,387 [INFO] PluginManager:220 - loadIPPluginJar : add gtzc
2025-11-30 08:25:11,389 [INFO] IPUIPlugin:80 - create IPUIPlugin
2025-11-30 08:25:11,389 [INFO] PluginManager:220 - loadIPPluginJar : add hash
2025-11-30 08:25:11,392 [INFO] IPUIPlugin:80 - create IPUIPlugin
2025-11-30 08:25:11,392 [INFO] PluginManager:220 - loadIPPluginJar : add i2c
2025-11-30 08:25:11,394 [INFO] IPUIPlugin:80 - create IPUIPlugin
2025-11-30 08:25:11,394 [INFO] PluginManager:220 - loadIPPluginJar : add i2s
2025-11-30 08:25:11,397 [INFO] IPUIPlugin:80 - create IPUIPlugin
2025-11-30 08:25:11,397 [INFO] PluginManager:220 - loadIPPluginJar : add i3c
2025-11-30 08:25:11,401 [INFO] IPUIPlugin:80 - create IPUIPlugin
2025-11-30 08:25:11,401 [INFO] PluginManager:220 - loadIPPluginJar : add ipddr
2025-11-30 08:25:11,406 [INFO] IPUIPlugin:80 - create IPUIPlugin
2025-11-30 08:25:11,406 [INFO] PluginManager:220 - loadIPPluginJar : add linkedlist
2025-11-30 08:25:11,411 [INFO] IPUIPlugin:80 - create IPUIPlugin
2025-11-30 08:25:11,411 [INFO] PluginManager:220 - loadIPPluginJar : add lorawan
2025-11-30 08:25:11,413 [INFO] IPUIPlugin:80 - create IPUIPlugin
2025-11-30 08:25:11,413 [INFO] PluginManager:220 - loadIPPluginJar : add ltdc
2025-11-30 08:25:11,417 [INFO] IPUIPlugin:80 - create IPUIPlugin
2025-11-30 08:25:11,417 [INFO] PluginManager:220 - loadIPPluginJar : add mdma
2025-11-30 08:25:11,420 [INFO] IPUIPlugin:80 - create IPUIPlugin
2025-11-30 08:25:11,420 [INFO] PluginManager:220 - loadIPPluginJar : add nvic
2025-11-30 08:25:11,423 [INFO] IPUIPlugin:80 - create IPUIPlugin
2025-11-30 08:25:11,424 [INFO] PluginManager:220 - loadIPPluginJar : add opamp
2025-11-30 08:25:11,427 [INFO] IPUIPlugin:80 - create IPUIPlugin
2025-11-30 08:25:11,427 [INFO] PluginManager:220 - loadIPPluginJar : add openamp
2025-11-30 08:25:11,430 [INFO] IPUIPlugin:80 - create IPUIPlugin
2025-11-30 08:25:11,430 [INFO] PluginManager:220 - loadIPPluginJar : add pdm2pcm
2025-11-30 08:25:11,434 [INFO] IPUIPlugin:80 - create IPUIPlugin
2025-11-30 08:25:11,436 [INFO] PluginManager:220 - loadIPPluginJar : add plateformsettings
2025-11-30 08:25:11,438 [INFO] IPUIPlugin:80 - create IPUIPlugin
2025-11-30 08:25:11,438 [INFO] PluginManager:220 - loadIPPluginJar : add quadspi
2025-11-30 08:25:11,439 [INFO] IPUIPlugin:80 - create IPUIPlugin
2025-11-30 08:25:11,440 [INFO] PluginManager:220 - loadIPPluginJar : add radio
2025-11-30 08:25:11,444 [INFO] IPUIPlugin:80 - create IPUIPlugin
2025-11-30 08:25:11,444 [INFO] PluginManager:220 - loadIPPluginJar : add resmgrutility
2025-11-30 08:25:11,447 [INFO] IPUIPlugin:80 - create IPUIPlugin
2025-11-30 08:25:11,447 [INFO] PluginManager:220 - loadIPPluginJar : add sai
2025-11-30 08:25:11,449 [INFO] IPUIPlugin:80 - create IPUIPlugin
2025-11-30 08:25:11,449 [INFO] PluginManager:220 - loadIPPluginJar : add spi
2025-11-30 08:25:11,454 [INFO] IPUIPlugin:80 - create IPUIPlugin
2025-11-30 08:25:11,454 [INFO] PluginManager:220 - loadIPPluginJar : add stm32_wpan
2025-11-30 08:25:11,456 [INFO] IPUIPlugin:80 - create IPUIPlugin
2025-11-30 08:25:11,456 [INFO] PluginManager:220 - loadIPPluginJar : add tim
2025-11-30 08:25:11,460 [INFO] IPUIPlugin:80 - create IPUIPlugin
2025-11-30 08:25:11,460 [INFO] PluginManager:220 - loadIPPluginJar : add touchsensing
2025-11-30 08:25:11,463 [INFO] IPUIPlugin:80 - create IPUIPlugin
2025-11-30 08:25:11,463 [INFO] PluginManager:220 - loadIPPluginJar : add tracer_emb
2025-11-30 08:25:11,465 [INFO] IPUIPlugin:80 - create IPUIPlugin
2025-11-30 08:25:11,465 [INFO] PluginManager:220 - loadIPPluginJar : add ts
2025-11-30 08:25:11,467 [INFO] IPUIPlugin:80 - create IPUIPlugin
2025-11-30 08:25:11,467 [INFO] PluginManager:220 - loadIPPluginJar : add tsc
2025-11-30 08:25:11,469 [INFO] IPUIPlugin:80 - create IPUIPlugin
2025-11-30 08:25:11,469 [INFO] PluginManager:220 - loadIPPluginJar : add ucpd
2025-11-30 08:25:11,471 [INFO] IPUIPlugin:80 - create IPUIPlugin
2025-11-30 08:25:11,472 [INFO] PluginManager:220 - loadIPPluginJar : add usart
2025-11-30 08:25:11,475 [INFO] IPUIPlugin:80 - create IPUIPlugin
2025-11-30 08:25:11,475 [INFO] PluginManager:220 - loadIPPluginJar : add usbx
2025-11-30 08:25:11,598 [FATAL] Updater:351 - Updater called before beeing initialized
2025-11-30 08:25:11,645 [INFO] RulesReader:64 - Compatibility file has been processed (317 Rules)
2025-11-30 08:25:11,656 [INFO] RulesReader:64 - Compatibility file has been processed (317 Rules)
2025-11-30 08:25:11,667 [INFO] CADModel:165 - CPN selected for project level
2025-11-30 08:25:11,667 [INFO] CADModel:114 - Register for checkConnection events
2025-11-30 08:25:11,667 [FATAL] Updater:351 - Updater called before beeing initialized
2025-11-30 08:25:11,667 [ERROR] CADModel:125 - Updater not yet initialized, retry later 
2025-11-30 08:25:11,819 [FATAL] Updater:351 - Updater called before beeing initialized
2025-11-30 08:25:11,820 [INFO] CADModel:165 - CPN selected for project level
2025-11-30 08:25:11,820 [INFO] CADModel:114 - Register for checkConnection events
2025-11-30 08:25:11,821 [FATAL] Updater:351 - Updater called before beeing initialized
2025-11-30 08:25:11,821 [ERROR] CADModel:125 - Updater not yet initialized, retry later 
2025-11-30 08:25:11,823 [FATAL] Updater:351 - Updater called before beeing initialized
2025-11-30 08:25:11,933 [FATAL] Updater:351 - Updater called before beeing initialized
2025-11-30 08:25:11,949 [INFO] DbMcusAds:53 - JSON generation date=Mon Nov 10 18:43:00 CST 2025 (1762771380761)
2025-11-30 08:25:11,949 [FATAL] Updater:351 - Updater called before beeing initialized
2025-11-30 08:25:12,000 [WARN] DetailPanel:346 - Failed to get advertising image, set to default
2025-11-30 08:25:12,079 [FATAL] Updater:351 - Updater called before beeing initialized
2025-11-30 08:25:12,080 [FATAL] Updater:351 - Updater called before beeing initialized
2025-11-30 08:25:12,081 [FATAL] Updater:351 - Updater called before beeing initialized
2025-11-30 08:25:12,081 [WARN] DetailPanel:346 - Failed to get advertising image, set to default
2025-11-30 08:25:12,082 [FATAL] Updater:351 - Updater called before beeing initialized
2025-11-30 08:25:12,125 [ERROR] Updater:1198 - MainUpdater not yet initialized. External WinMGr cannot be set.
2025-11-30 08:25:12,128 [INFO] Updater:1134 - Updater Version found : 6.15.0
2025-11-30 08:25:12,141 [INFO] ApplicationProperties:184 - Using Application install path: C:\ST\STM32CubeIDE_1.19.0\STM32CubeIDE\plugins\com.st.stm32cube.common.mx_6.15.0.202507011659
2025-11-30 08:25:13,725 [ERROR] LogOutputStream:75 - [STDERR_REDIRECT] Nov 30, 2025 8:25:13 AM java.util.prefs.WindowsPreferences <init>
2025-11-30 08:25:13,726 [ERROR] LogOutputStream:75 - [STDERR_REDIRECT] WARNING: Could not open/create prefs root node Software\JavaSoft\Prefs at root 0xffffffff80000002. Windows RegCreateKeyEx(...) returned error code 5.
2025-11-30 08:25:13,726 [ERROR] LogOutputStream:75 - [STDERR_REDIRECT] 
2025-11-30 08:25:13,821 [INFO] ThirdPartyUpdaterWithRetryManager:70 - Updater plugin not ready yet. [2/15]
2025-11-30 08:25:14,961 [INFO] MainUpdater:2872 - connection check result : 10
2025-11-30 08:25:14,961 [INFO] MainUpdater:289 - Updater Check For Update Now.
2025-11-30 08:25:14,962 [INFO] MicroXplorer:498 - Change Database Version : DB.6.0.150
2025-11-30 08:25:14,970 [INFO] McuFinderGlobals:63 - Set McuFinder mode to 2 (CubeIDE integrated)
2025-11-30 08:25:14,970 [INFO] UserAuth:171 - activating auth plugin
2025-11-30 08:25:14,973 [INFO] UserAuth:487 - Internet connection configuration mode: 1
2025-11-30 08:25:14,998 [INFO] JxBrowserEngine:152 - Initiate JxBrowser Engine with user profile folder
2025-11-30 08:25:15,161 [INFO] CheckServerUpdateThread:120 - End of CheckServer Thread
2025-11-30 08:25:16,991 [INFO] WebApp:169 - Instantiating new browser for Auth
2025-11-30 08:25:17,285 [WARN] PackLoader:240 - Cannot read IP mode file for STMicroelectronics.FP-SNS-MOTENVWB1.1.4.0
2025-11-30 08:25:17,312 [WARN] PackLoader:240 - Cannot read IP mode file for STMicroelectronics.FP-ATR-ASTRA1.2.0.2
2025-11-30 08:25:17,345 [WARN] PackLoader:240 - Cannot read IP mode file for STMicroelectronics.X-CUBE-SMBUS.2.1.0
2025-11-30 08:25:17,356 [WARN] PackLoader:240 - Cannot read IP mode file for STMicroelectronics.X-CUBE-ST60.1.0.0
2025-11-30 08:25:17,384 [WARN] PackLoader:240 - Cannot read IP mode file for STMicroelectronics.X-CUBE-AZRTOS-F7.1.1.0
2025-11-30 08:25:17,402 [WARN] PackLoader:240 - Cannot read IP mode file for STMicroelectronics.FP-SNS-MOTENV1.5.1.0
2025-11-30 08:25:17,417 [WARN] PackLoader:240 - Cannot read IP mode file for WES.I-CUBE-Cesium.1.4.0
2025-11-30 08:25:17,435 [WARN] PackLoader:240 - Cannot read IP mode file for Infineon.AIROC-Wi-Fi-Bluetooth-STM32.1.7.1
2025-11-30 08:25:17,458 [WARN] PackLoader:240 - Cannot read IP mode file for STMicroelectronics.X-CUBE-AZRTOS-H7.3.4.0
2025-11-30 08:25:17,466 [WARN] PackLoader:240 - Cannot read IP mode file for STMicroelectronics.X-CUBE-DISPLAY.3.0.0
2025-11-30 08:25:17,478 [WARN] PackLoader:240 - Cannot read IP mode file for STMicroelectronics.X-CUBE-NFC10.1.0.0
2025-11-30 08:25:17,482 [WARN] PackLoader:240 - Cannot read IP mode file for STMicroelectronics.X-CUBE-ST60.1.1.0
2025-11-30 08:25:17,487 [WARN] PackLoader:240 - Cannot read IP mode file for emotas.I-CUBE-CANOPEN.1.3.0
2025-11-30 08:25:17,491 [WARN] PackLoader:240 - Cannot read IP mode file for STMicroelectronics.X-CUBE-GNSS1.7.1.0
2025-11-30 08:25:17,497 [WARN] PackLoader:240 - Cannot read IP mode file for STMicroelectronics.FP-SNS-STBOX1.2.1.0
2025-11-30 08:25:17,502 [WARN] PackLoader:240 - Cannot read IP mode file for STMicroelectronics.FP-SNS-SMARTAG2.1.2.0
2025-11-30 08:25:17,505 [WARN] PackLoader:240 - Cannot read IP mode file for STMicroelectronics.FP-SNS-FLIGHT1.5.1.0
2025-11-30 08:25:17,513 [INFO] LogOutputStream:77 - [STDOUT_REDIRECT] 1 : Invalid condition id : UX_CORESTACK_Condition cause : null
2025-11-30 08:25:17,513 [INFO] LogOutputStream:77 - [STDOUT_REDIRECT] 1 : Invalid condition id : UX_CORESTACK_Condition cause : null
2025-11-30 08:25:17,515 [INFO] LogOutputStream:77 - [STDOUT_REDIRECT] 1 : Invalid condition id : UX_CORESTACK_Condition cause : null
2025-11-30 08:25:17,516 [INFO] LogOutputStream:77 - [STDOUT_REDIRECT] 1 : Invalid condition id : UX_CORESTACK_Condition cause : null
2025-11-30 08:25:17,517 [INFO] LogOutputStream:77 - [STDOUT_REDIRECT] 1 : Invalid condition id : UX_CORESTACK_Condition cause : null
2025-11-30 08:25:17,518 [WARN] PackLoader:240 - Cannot read IP mode file for STMicroelectronics.X-CUBE-AZRTOS-WL.2.0.0
2025-11-30 08:25:17,522 [WARN] PackLoader:240 - Cannot read IP mode file for STMicroelectronics.FP-SNS-MOTENV1.5.0.0
2025-11-30 08:25:17,535 [WARN] PackLoader:240 - Cannot read IP mode file for STMicroelectronics.X-CUBE-AZRTOS-H7RS.1.2.0
2025-11-30 08:25:17,541 [WARN] PackLoader:240 - Cannot read IP mode file for STMicroelectronics.X-CUBE-BLE2.3.3.0
2025-11-30 08:25:17,561 [WARN] PackLoader:240 - Cannot read IP mode file for STMicroelectronics.X-CUBE-NFC9.1.0.0
2025-11-30 08:25:17,566 [WARN] PackLoader:240 - Cannot read IP mode file for wolfSSL.I-CUBE-wolfSSL.5.8.2
2025-11-30 08:25:17,573 [WARN] PackLoader:240 - Cannot read IP mode file for STMicroelectronics.X-CUBE-BLE1.7.1.0
2025-11-30 08:25:17,578 [WARN] PackLoader:240 - Cannot read IP mode file for wolfSSL.I-CUBE-wolfMQTT.1.19.2
2025-11-30 08:25:17,584 [WARN] PackLoader:240 - Cannot read IP mode file for STMicroelectronics.X-CUBE-FREERTOS.1.4.0
2025-11-30 08:25:17,590 [WARN] PackLoader:240 - Cannot read IP mode file for STMicroelectronics.X-CUBE-EEPRMA1.5.2.0
2025-11-30 08:25:17,596 [WARN] PackLoader:240 - Cannot read IP mode file for STMicroelectronics.X-CUBE-ST67W61.1.1.0
2025-11-30 08:25:17,658 [WARN] PackLoader:240 - Cannot read IP mode file for STMicroelectronics.X-CUBE-MEMS1.12.0.0
2025-11-30 08:25:17,743 [WARN] PackLoader:240 - Cannot read IP mode file for STMicroelectronics.X-CUBE-AZRTOS-G0.1.1.0
2025-11-30 08:25:17,750 [WARN] PackLoader:240 - Cannot read IP mode file for STMicroelectronics.X-CUBE-SAFEA1.1.2.2
2025-11-30 08:25:17,755 [WARN] PackLoader:240 - Cannot read IP mode file for STMicroelectronics.X-CUBE-NFC4.3.0.0
2025-11-30 08:25:17,762 [WARN] PackLoader:240 - Cannot read IP mode file for EmbeddedOffice.I-CUBE-FS-RTOS.1.0.1
2025-11-30 08:25:17,766 [WARN] PackLoader:240 - Cannot read IP mode file for STMicroelectronics.X-CUBE-WB05N.2.0.0
2025-11-30 08:25:17,770 [WARN] PackLoader:240 - Cannot read IP mode file for wolfSSL.I-CUBE-wolfTPM.3.8.0
2025-11-30 08:25:17,774 [WARN] PackLoader:240 - Cannot read IP mode file for STMicroelectronics.X-CUBE-TCPP.4.2.0
2025-11-30 08:25:17,779 [WARN] PackLoader:240 - Cannot read IP mode file for RealThread.X-CUBE-RT-Thread_Nano.4.1.1
2025-11-30 08:25:17,782 [WARN] PackLoader:240 - Cannot read IP mode file for STMicroelectronics.FP-ATR-SIGFOX1.3.2.0
2025-11-30 08:25:17,788 [WARN] PackLoader:240 - Cannot read IP mode file for ITTIA_DB.I-CUBE-ITTIADB.8.9.0
2025-11-30 08:25:17,797 [WARN] PackLoader:240 - Cannot read IP mode file for STMicroelectronics.X-CUBE-ST67W61.1.0.0
2025-11-30 08:25:17,800 [WARN] PackLoader:240 - Cannot read IP mode file for STMicroelectronics.X-CUBE-AI.10.2.0
2025-11-30 08:25:17,817 [WARN] PackLoader:240 - Cannot read IP mode file for SEGGER.I-CUBE-embOS.1.3.1
2025-11-30 08:25:17,840 [WARN] PackLoader:240 - Cannot read IP mode file for STMicroelectronics.X-CUBE-ALGOBUILD.1.4.0
2025-11-30 08:25:17,869 [WARN] PackLoader:240 - Cannot read IP mode file for STMicroelectronics.X-CUBE-MEMS1.11.3.0
2025-11-30 08:25:17,947 [WARN] PackLoader:240 - Cannot read IP mode file for STMicroelectronics.X-CUBE-PM33A1.1.0.0
2025-11-30 08:25:17,957 [WARN] PackLoader:240 - Cannot read IP mode file for STMicroelectronics.X-CUBE-AZRTOS-F4.1.1.0
2025-11-30 08:25:17,962 [WARN] PackLoader:240 - Cannot read IP mode file for Avnet-IotConnect.X-CUBE-IoTC-DA16k-PMOD.1.0.0
2025-11-30 08:25:17,965 [WARN] PackLoader:240 - Cannot read IP mode file for STMicroelectronics.X-CUBE-ISPU.2.1.0
2025-11-30 08:25:17,974 [WARN] PackLoader:240 - Cannot read IP mode file for STMicroelectronics.X-CUBE-IPS.3.2.0
2025-11-30 08:25:17,983 [WARN] PackLoader:240 - Cannot read IP mode file for STMicroelectronics.X-CUBE-NFC12.1.0.0
2025-11-30 08:25:17,997 [WARN] PackLoader:240 - Cannot read IP mode file for STMicroelectronics.X-CUBE-AZRTOS-L5.2.0.0
2025-11-30 08:25:18,005 [WARN] PackLoader:240 - Cannot read IP mode file for STMicroelectronics.X-CUBE-NFC6.3.1.0
2025-11-30 08:25:18,010 [WARN] PackLoader:240 - Cannot read IP mode file for STMicroelectronics.X-CUBE-FREERTOS.1.3.1
2025-11-30 08:25:18,020 [WARN] PackLoader:240 - Cannot read IP mode file for STMicroelectronics.X-CUBE-TOUCHGFX.4.26.0
2025-11-30 08:25:18,024 [WARN] PackLoader:240 - Cannot read IP mode file for STMicroelectronics.FP-SNS-STAIOTCFT.1.0.0
2025-11-30 08:25:18,029 [WARN] PackLoader:240 - Cannot read IP mode file for STMicroelectronics.X-CUBE-DPower.1.3.0
2025-11-30 08:25:18,058 [WARN] ConditionMgr:438 - getConditionDescription Invalid condition id : LAN8742 Phy interface Condition cause : null
2025-11-30 08:25:18,059 [WARN] PackLoader:240 - Cannot read IP mode file for STMicroelectronics.X-CUBE-AZRTOS-L4.2.0.0
2025-11-30 08:25:18,060 [WARN] ConditionMgr:1044 - genDependencies : Invalid condition id : LAN8742 Phy interface Condition cause : null
2025-11-30 08:25:18,060 [WARN] ConditionMgr:1044 - genDependencies : Invalid condition id : LAN8742 Phy interface Condition cause : null
2025-11-30 08:25:18,060 [WARN] ConditionMgr:1044 - genDependencies : Invalid condition id : LAN8742 Phy interface Condition cause : null
2025-11-30 08:25:18,068 [WARN] PackLoader:240 - Cannot read IP mode file for STMicroelectronics.X-CUBE-SFXS2LP1.4.0.0
2025-11-30 08:25:18,075 [WARN] PackLoader:240 - Cannot read IP mode file for STMicroelectronics.X-CUBE-BLEMGR.4.1.0
2025-11-30 08:25:18,092 [WARN] ConditionMgr:438 - getConditionDescription Invalid condition id : UX DEVICE CLASS RTOS Condition cause : null
2025-11-30 08:25:18,092 [WARN] ConditionMgr:438 - getConditionDescription Invalid condition id : UX DEVICE CLASS RTOS Condition cause : null
2025-11-30 08:25:18,093 [WARN] PackLoader:240 - Cannot read IP mode file for STMicroelectronics.X-CUBE-AZRTOS-WB.2.0.0
2025-11-30 08:25:18,093 [WARN] ConditionMgr:1044 - genDependencies : Invalid condition id : UX DEVICE CLASS RTOS Condition cause : null
2025-11-30 08:25:18,094 [WARN] ConditionMgr:1044 - genDependencies : Invalid condition id : UX DEVICE CLASS RTOS Condition cause : null
2025-11-30 08:25:18,094 [WARN] ConditionMgr:1044 - genDependencies : Invalid condition id : UX DEVICE CLASS RTOS Condition cause : null
2025-11-30 08:25:18,094 [WARN] ConditionMgr:1044 - genDependencies : Invalid condition id : UX DEVICE CLASS RTOS Condition cause : null
2025-11-30 08:25:18,094 [WARN] ConditionMgr:1044 - genDependencies : Invalid condition id : UX DEVICE CLASS RTOS Condition cause : null
2025-11-30 08:25:18,098 [WARN] PackLoader:240 - Cannot read IP mode file for STMicroelectronics.X-CUBE-GNSS1.7.0.1
2025-11-30 08:25:18,100 [WARN] PackLoader:240 - Cannot read IP mode file for STMicroelectronics.X-CUBE-TOUCHGFX.4.25.0
2025-11-30 08:25:18,103 [WARN] ConditionMgr:438 - getConditionDescription Invalid condition id : Cortex-A Device cause : null
2025-11-30 08:25:18,112 [WARN] ConditionMgr:1044 - genDependencies : Invalid condition id : Cortex-A Device cause : null
2025-11-30 08:25:18,112 [WARN] ConditionMgr:1044 - genDependencies : Invalid condition id : Cortex-A Device cause : null
2025-11-30 08:25:18,112 [WARN] ConditionMgr:1044 - genDependencies : Invalid condition id : Cortex-A Device cause : null
2025-11-30 08:25:18,119 [WARN] PackLoader:240 - Cannot read IP mode file for STMicroelectronics.X-CUBE-SUBG2.5.0.0
2025-11-30 08:25:18,131 [WARN] PackLoader:240 - Cannot read IP mode file for STMicroelectronics.X-CUBE-AZRTOS-H7RS.1.1.0
2025-11-30 08:25:18,135 [WARN] PackLoader:240 - Cannot read IP mode file for Cesanta.I-CUBE-Mongoose.7.13.0
2025-11-30 08:25:18,144 [WARN] PackLoader:240 - Cannot read IP mode file for STMicroelectronics.X-CUBE-AZRTOS-G4.2.0.0
2025-11-30 08:25:18,148 [WARN] PackLoader:240 - Cannot read IP mode file for wolfSSL.I-CUBE-wolfSSH.1.4.20
2025-11-30 08:25:18,152 [WARN] PackLoader:240 - Cannot read IP mode file for STMicroelectronics.X-CUBE-NFC7.2.0.0
2025-11-30 08:25:18,160 [WARN] PackLoader:240 - Cannot read IP mode file for STMicroelectronics.X-CUBE-IPS.3.1.0
2025-11-30 08:25:18,166 [WARN] PackLoader:240 - Cannot read IP mode file for STMicroelectronics.X-CUBE-ALS.1.0.2
2025-11-30 08:25:18,171 [WARN] PackLoader:240 - Cannot read IP mode file for STMicroelectronics.X-CUBE-STSE01.1.0.0
2025-11-30 08:25:18,179 [WARN] PackLoader:240 - Cannot read IP mode file for STMicroelectronics.X-CUBE-TOF1.3.4.3
2025-11-30 08:25:18,185 [INFO] ThirdParty:978 - Integrity check success = true
2025-11-30 08:25:18,185 [INFO] IntegrityCheckThread:100 - exiting critical section [integrity check]
2025-11-30 08:25:18,185 [INFO] IntegrityCheckThread:103 - End integrity checks thread
2025-11-30 08:25:18,828 [INFO] WebApp:463 - Apply proxy settings
2025-11-30 08:25:18,828 [INFO] WebApp:548 - Chromium requires no authentication
2025-11-30 08:25:18,870 [INFO] WebApp:491 - Direct internet connection detected
2025-11-30 08:25:18,954 [INFO] WebApp:900 - Register for checkConnection events
2025-11-30 08:25:18,954 [INFO] WebApp:463 - Apply proxy settings
2025-11-30 08:25:18,954 [INFO] WebApp:548 - Chromium requires no authentication
2025-11-30 08:25:18,955 [INFO] WebApp:491 - Direct internet connection detected
2025-11-30 08:25:19,179 [INFO] WebApp:191 - Connection restablished
2025-11-30 08:25:19,356 [INFO] WebApp:225 - Starting web application
2025-11-30 08:25:19,356 [INFO] WebApp:593 - Web application path used C:\ST\STM32CubeIDE_1.19.0\STM32CubeIDE\plugins\com.st.stm32cube.common.mx_6.15.0.202507011659\db\plugins\mcufinder\reactClient1\index.html
2025-11-30 08:47:34,108 [INFO] McuFinderGlobals:63 - Set McuFinder mode to 2 (CubeIDE integrated)
2025-11-30 08:47:34,114 [INFO] MainUpdater:2872 - connection check result : 10
2025-11-30 08:47:34,115 [INFO] MainUpdater:2872 - connection check result : 10
2025-11-30 08:47:34,159 [INFO] MicroXplorer:468 - Change Database Path : 
2025-11-30 08:47:34,159 [INFO] MicroXplorer:498 - Change Database Version : DB.6.0.150
2025-11-30 08:47:34,164 [WARN] ThirdParty:871 - waiting for thirdparty lock release [close project]
2025-11-30 08:47:34,164 [INFO] ThirdParty:873 - entering critical section [close project]
2025-11-30 08:47:34,166 [INFO] ThirdParty:883 - exiting critical section [close project]
2025-11-30 08:47:34,171 [INFO] PinOutPanel:1589 - setPackage(No Configuration,No Configuration)
2025-11-30 08:47:34,173 [INFO] UtilMem:75 - Begin LoadConfig() Used Memory: 900348424 Bytes (1073741824)
2025-11-30 08:47:34,175 [INFO] MicroXplorer:468 - Change Database Path : 
2025-11-30 08:47:34,175 [INFO] MicroXplorer:498 - Change Database Version : DB.6.0.150
2025-11-30 08:47:34,176 [INFO] OpenFileManager:355 - Change cursor
2025-11-30 08:47:34,219 [INFO] Mcu:2029 - Initializing MCU STM32L476R(C-E-G)Tx STM32L476RGTx STM32L476RGT3
2025-11-30 08:47:36,434 [INFO] Context:786 - Trying to add GPIOservice into a context  which must be forbidden
2025-11-30 08:47:36,933 [INFO] ImportTextPane:234 - (OptionalMessage_ERROR) Pin25 (VP_RIF_VS_RIF1) cannot be retrieved for this MCU
2025-11-30 08:47:37,138 [INFO] RtosManager:558 - Registered RTOS mode: class=CMSIS, group=RTOS, mode=CMSIS_V1, owner=FREERTOS
2025-11-30 08:47:37,138 [INFO] RtosManager:558 - Registered RTOS mode: class=CMSIS, group=RTOS2, mode=CMSIS_V2, owner=FREERTOS
2025-11-30 08:47:37,138 [INFO] RtosManager:558 - Registered RTOS mode: class=RTOS, group=Core, mode=CMSIS_V1, owner=FREERTOS
2025-11-30 08:47:37,138 [INFO] RtosManager:558 - Registered RTOS mode: class=RTOS, group=Core, mode=CMSIS_V2, owner=FREERTOS
2025-11-30 08:47:37,138 [WARN] ModelIntegratedComponent:184 - Missing modes for component STMicroelectronics:FreeRTOS:0.0.1:STMicroelectronics:RTOS:FreeRTOS:Core:::10.2.0:
2025-11-30 08:47:37,155 [WARN] ModelIntegratedComponent:63 - No mode defined for component null
2025-11-30 08:47:37,155 [WARN] ModelIntegratedComponent:63 - No mode defined for component null
2025-11-30 08:47:37,155 [WARN] ModelIntegratedComponent:63 - No mode defined for component null
2025-11-30 08:47:37,155 [WARN] ModelIntegratedComponent:63 - No mode defined for component null
2025-11-30 08:47:37,155 [WARN] ModelIntegratedComponent:63 - No mode defined for component null
2025-11-30 08:47:37,155 [WARN] ModelIntegratedComponent:63 - No mode defined for component null
2025-11-30 08:47:37,155 [WARN] ModelIntegratedComponent:63 - No mode defined for component null
2025-11-30 08:47:37,155 [WARN] ModelIntegratedComponent:63 - No mode defined for component null
2025-11-30 08:47:37,155 [WARN] ModelIntegratedComponent:63 - No mode defined for component null
2025-11-30 08:47:37,155 [WARN] ModelIntegratedComponent:63 - No mode defined for component null
2025-11-30 08:47:37,156 [WARN] ModelIntegratedComponent:63 - No mode defined for component null
2025-11-30 08:47:37,156 [WARN] ModelIntegratedComponent:63 - No mode defined for component null
2025-11-30 08:47:37,156 [WARN] ModelIntegratedComponent:63 - No mode defined for component null
2025-11-30 08:47:37,156 [WARN] ModelIntegratedComponent:63 - No mode defined for component null
2025-11-30 08:47:37,156 [WARN] ModelIntegratedComponent:63 - No mode defined for component null
2025-11-30 08:47:37,156 [WARN] ModelIntegratedComponent:63 - No mode defined for component null
2025-11-30 08:47:37,156 [WARN] ModelIntegratedComponent:63 - No mode defined for component null
2025-11-30 08:47:37,156 [WARN] ModelIntegratedComponent:63 - No mode defined for component null
2025-11-30 08:47:37,156 [WARN] ModelIntegratedComponent:63 - No mode defined for component null
2025-11-30 08:47:37,156 [WARN] ModelIntegratedComponent:63 - No mode defined for component null
2025-11-30 08:47:37,156 [WARN] ModelIntegratedComponent:63 - No mode defined for component null
2025-11-30 08:47:37,156 [WARN] ModelIntegratedComponent:63 - No mode defined for component null
2025-11-30 08:47:37,156 [WARN] ModelIntegratedComponent:63 - No mode defined for component null
2025-11-30 08:47:37,156 [WARN] ModelIntegratedComponent:63 - No mode defined for component null
2025-11-30 08:47:37,156 [WARN] ModelIntegratedComponent:63 - No mode defined for component null
2025-11-30 08:47:37,156 [WARN] ModelIntegratedComponent:63 - No mode defined for component null
2025-11-30 08:47:37,157 [WARN] ModelIntegratedComponent:63 - No mode defined for component null
2025-11-30 08:47:37,157 [WARN] ModelIntegratedComponent:63 - No mode defined for component null
2025-11-30 08:47:37,157 [WARN] ModelIntegratedComponent:63 - No mode defined for component null
2025-11-30 08:47:37,157 [WARN] ModelIntegratedComponent:63 - No mode defined for component null
2025-11-30 08:47:37,157 [WARN] ModelIntegratedComponent:63 - No mode defined for component null
2025-11-30 08:47:37,157 [WARN] ModelIntegratedComponent:63 - No mode defined for component null
2025-11-30 08:47:37,157 [WARN] ModelIntegratedComponent:63 - No mode defined for component null
2025-11-30 08:47:37,157 [WARN] ModelIntegratedComponent:63 - No mode defined for component null
2025-11-30 08:47:37,157 [WARN] ModelIntegratedComponent:63 - No mode defined for component null
2025-11-30 08:47:37,157 [WARN] ModelPack:524 - Component already loaded: STMicroelectronics:HAL Drivers:0.0.0:STMicroelectronics:Device:STMicro_Driver:XSPI:HAL::0.0.1:HAL_XSPI
2025-11-30 08:47:37,278 [INFO] ThirdPartyModel:298 - Start build external matchings
2025-11-30 08:47:37,979 [INFO] ThirdPartyModel:316 - End build external matchings
2025-11-30 08:47:37,996 [INFO] RtosManager:1018 - Current active RTOS is FREERTOS [Cortex-M4NS]
2025-11-30 08:47:38,445 [INFO] ApiDb:581 - Connected to CubeFinder SQLite database (C:\Users\user\.stmcufinder\plugins\mcufinder\mcu\cube-finder-db.db)
2025-11-30 08:47:38,549 [INFO] ApiDb:668 - CubeFinder database Data Model version=2.1
2025-11-30 08:47:38,550 [INFO] ApiDb:669 - CubeFinder database Configuration version=3.0.39
2025-11-30 08:47:38,551 [INFO] ApiDb:670 - CubeFinder database generation date=2025-11-05 (1762334721)
2025-11-30 08:47:38,551 [INFO] ApiDb:671 - CubeFinder database FW Pack versions=[FP-ATR-ASTRA1_V2.0.0, FP-SNS-FLIGHT1_V5.1.0, FP-SNS-MOTENV1_V5.1.0, FP-SNS-MOTENVWB1_V1.4.0, FP-SNS-SMARTAG2_V1.2.0, FP-SNS-STBOX1_V2.1.0, STM32Cube_FW_C0_V1.4.0, STM32Cube_FW_F4_V1.28.3, STM32Cube_FW_F7_V1.17.4, STM32Cube_FW_G0_V1.6.2, STM32Cube_FW_G4_V1.6.1, STM32Cube_FW_H5_V1.5.1, STM32Cube_FW_H7RS_V1.3.0, STM32Cube_FW_H7_V1.12.1, STM32Cube_FW_L0_V1.12.2, STM32Cube_FW_L4_V1.18.1, STM32Cube_FW_L5_V1.6.0, STM32Cube_FW_N6_V1.3.0, STM32Cube_FW_U0_V1.3.0, STM32Cube_FW_U3_V1.2.1, STM32Cube_FW_U5_V1.8.0, STM32Cube_FW_WB0_V1.4.0, STM32Cube_FW_WBA_V1.8.0, STM32Cube_FW_WB_V1.24.0, STM32Cube_FW_WL3_V1.3.0, STM32Cube_FW_WL_V1.4.0, X-CUBE-ALGOBUILD_V1.4.0, X-CUBE-ALS_V1.0.2, X-CUBE-AZRTOS-F4_V1.1.0, X-CUBE-AZRTOS-F7_V1.1.0, X-CUBE-AZRTOS-G0_V1.1.0, X-CUBE-AZRTOS-G4_V2.0.0, X-CUBE-AZRTOS-H7RS_V1.1.0, X-CUBE-AZRTOS-H7_V3.4.0, X-CUBE-AZRTOS-L4_V2.0.0, X-CUBE-AZRTOS-L5_V2.0.0, X-CUBE-AZRTOS-WB_V2.0.0, X-CUBE-AZRTOS-WL_V2.0.0, X-CUBE-BLE1_V7.1.0, X-CUBE-BLE2_V3.3.0, X-CUBE-BLEMGR_V4.1.0, X-CUBE-EEPRMA1_V5.2.0, X-CUBE-FREERTOS_V1.3.1, X-CUBE-GNSS1_V6.0.0, X-CUBE-MEMS1_V11.3.0, X-CUBE-NFC4_V3.0.0, X-CUBE-NFC7_V2.0.0, X-CUBE-SFXS2LP1_V4.0.0, X-CUBE-ST67W61_V1.1.0, X-CUBE-SUBG2_V5.0.0, X-CUBE-TOF1_V3.4.3]
2025-11-30 08:47:38,707 [INFO] DbBoardsSqlite:226 - include board P-NUCLEO-WB55-NUCLEO as a kit item of type 'Nucleo-64'
2025-11-30 08:47:38,707 [INFO] DbBoardsSqlite:226 - include board P-NUCLEO-WB55-USBDONGLE as a kit item of type 'Nucleo USB Dongle'
2025-11-30 08:47:38,709 [INFO] DbBoardsSqlite:226 - include board STEVAL-IDP005V1 as a kit item of type 'Evaluation Board'
2025-11-30 08:47:38,709 [INFO] DbBoardsSqlite:226 - include board STEVAL-IDP005V2 as a kit item of type 'Evaluation Board'
2025-11-30 08:47:39,716 [INFO] ApiDb:240 - Found 880 in-development CPN: [B-G473E-ZEST1S, B-WB1M-WPAN1, B-WBA5M-WPAN, B-WL5M-SUBG1, NUCLEO-C031C6, NUCLEO-C051C8, NUCLEO-C071RB, NUCLEO-C092RC, NUCLEO-H503RB, NUCLEO-H533RE, NUCLEO-H563ZI, NUCLEO-H7S3L8, NUCLEO-N657X0-Q, NUCLEO-U031R8, NUCLEO-U083RC, NUCLEO-U385RG-Q, NUCLEO-U545RE-Q, NUCLEO-U5A5ZJ-Q, NUCLEO-WB05KZ, NUCLEO-WB07CC, NUCLEO-WB09KE, NUCLEO-WBA52CG, NUCLEO-WBA55CG, NUCLEO-WL33CC1, NUCLEO-WL33CC2, STEVAL-PROTEUS1, STEVAL-SMARTAG2, STEVAL-STWINBX1, STM320518-EVAL, STM32C0116-DK, STM32C011D6Y3TR, STM32C011D6Y6TR, STM32C011F4P3, STM32C011F4P6, STM32C011F4U3, STM32C011F4U6TR, STM32C011F6P3, STM32C011F6P6, STM32C011F6U3, STM32C011F6U6TR, STM32C011J4M3, STM32C011J4M6, STM32C011J6M3, STM32C011J6M6, STM32C0316-DK, STM32C031C4T3, STM32C031C4T6, STM32C031C4U3, STM32C031C4U6, STM32C031C6T3, STM32C031C6T6, STM32C031C6U3, STM32C031C6U6, STM32C031F4P3, STM32C031F4P6, STM32C031F6P3, STM32C031F6P6, STM32C031G4U3, STM32C031G4U6, STM32C031G6U3, STM32C031G6U6, STM32C031K4T3, STM32C031K4T6, STM32C031K4U3, STM32C031K4U6, STM32C031K6T3, STM32C031K6T6, STM32C031K6U3, STM32C031K6U6, STM32C051C6T6, STM32C051C6U6, STM32C051C8T6, STM32C051C8U6, STM32C051D8Y6TR, STM32C051F6P6, STM32C051F8P6, STM32C051G6U6, STM32C051G8U6, STM32C051K6T6, STM32C051K6U6, STM32C051K8T6, STM32C071C8T6, STM32C071C8T6N, STM32C071C8U6, STM32C071C8U6N, STM32C071CBT6, STM32C071CBT6N, STM32C071CBU6, STM32C071CBU6N, STM32C071F8P6, STM32C071F8P6N, STM32C071FBP6, STM32C071FBP6N, STM32C071FBY6TR, STM32C071G8U6, STM32C071G8U6N, STM32C071GBU6, STM32C071GBU6N, STM32C071K8T6, STM32C071K8T6N, STM32C071K8U6, STM32C071K8U6N, STM32C071KBT6, STM32C071KBT6N, STM32C071KBU6, STM32C071KBU6N, STM32C071R8T6, STM32C071R8T6N, STM32C071RBI6N, STM32C071RBT6, STM32C071RBT6N, STM32C091CBT6, STM32C091CBU6, STM32C091CCT6, STM32C091CCU6, STM32C091ECY6TR, STM32C091FBP6, STM32C091FCP6, STM32C091GBU6, STM32C091GCU6, STM32C091KBT6, STM32C091KBU6, STM32C091KCT6, STM32C091KCU6, STM32C091RBT6, STM32C091RCI6, STM32C091RCT6, STM32C092CBT6, STM32C092CBU6, STM32C092CCT6, STM32C092CCU6, STM32C092ECY6TR, STM32C092FBP6, STM32C092FCP6, STM32C092GBU6, STM32C092GCU6, STM32C092KBT6, STM32C092KBU6, STM32C092KCT6, STM32C092KCU6, STM32C092RBT6, STM32C092RCI6, STM32C092RCT6, STM32G071K8TXN, STM32G071K8UXN, STM32G081GBU6N, STM32G081KBT6N, STM32G081KBUXN, STM32G0B1CCT6N, STM32G0B1KCT6, STM32G0B1NEY6TR, STM32G0B1RCT6N, STM32G0C1CCT6, STM32G0C1CCT6N, STM32G0C1CCU6N, STM32G0C1CET6N, STM32G0C1CEU6N, STM32G0C1KCT6, STM32G0C1NEY6TR, STM32G0C1RCI6N, STM32G0C1RCT6N, STM32G0C1REI6N, STM32G0C1RET6N, STM32G0C1VCI6, STM32G0C1VEI6, STM32G411C6T3, STM32G411C6T6, STM32G411C6U3, STM32G411C6U6, STM32G411C8T3, STM32G411C8T6, STM32G411C8U3, STM32G411C8U6, STM32G411CBT3, STM32G411CBT6, STM32G411CBU3, STM32G411CBU6, STM32G411K6T3, STM32G411K6T6, STM32G411K6U3, STM32G411K6U6, STM32G411K8T3, STM32G411K8T6, STM32G411K8U3, STM32G411K8U6, STM32G411KBT3, STM32G411KBT6, STM32G411KBU3, STM32G411KBU6, STM32G411M6T3, STM32G411M6T6, STM32G411M8T3, STM32G411M8T6, STM32G411MBT3, STM32G411MBT6, STM32G411R6T3, STM32G411R6T6, STM32G411R8T3, STM32G411R8T6, STM32G411RBT3, STM32G411RBT6, STM32G414CBT3, STM32G414CBT6, STM32G414CBU3, STM32G414CBU6, STM32G414CCT3, STM32G414CCT6, STM32G414CCU3, STM32G414CCU6, STM32G414MBT3, STM32G414MBT6, STM32G414MCT3, STM32G414MCT6, STM32G414RBT3, STM32G414RBT6, STM32G414RCT3, STM32G414RCT6, STM32G414VBT3, STM32G414VBT6, STM32G414VCT3, STM32G414VCT6, STM32G431CBT3Z, STM32G431RBT3Z, STM32G471CCT6, STM32G471CCU6, STM32G471CET3, STM32G471CET6, STM32G471CEU3, STM32G471CEU6, STM32G471MCT6, STM32G471MET3, STM32G471MET6, STM32G471MEY6TR, STM32G471QCT6, STM32G471QET3, STM32G471RCT6, STM32G471RET3, STM32G471RET6, STM32G471VCH6, STM32G471VCI6, STM32G471VCT6, STM32G471VEH3, STM32G471VEH6, STM32G471VEI3, STM32G471VEI6, STM32G471VET3, STM32G471VET6, STM32G473QET3Z, STM32G473RET3Z, STM32G474CCT6, STM32G491RET3Z, STM32H503CBT6, STM32H503CBU6, STM32H503EBY6TR, STM32H503KBU6, STM32H503RBT6, STM32H523CCT6, STM32H523CCU6, STM32H523CET6, STM32H523CEU6, STM32H523HEY6TR, STM32H523RCT6, STM32H523RET6, STM32H523VCI6, STM32H523VCT6, STM32H523VEI6, STM32H523VET6, STM32H523ZCJ6, STM32H523ZCT6, STM32H523ZEJ6, STM32H523ZET6, STM32H533CET6, STM32H533CEU6, STM32H533HEY6TR, STM32H533RET6, STM32H533VEI6, STM32H533VET6, STM32H533ZEJ6, STM32H533ZET6, STM32H562AGI6, STM32H562AII6, STM32H562IGK6, STM32H562IGT6, STM32H562IIK6, STM32H562IIT6, STM32H562RGT6, STM32H562RGV6, STM32H562RIT6, STM32H562RIV6, STM32H562VGT6, STM32H562VIT6, STM32H562ZGT6, STM32H562ZIT6, STM32H563AGI6, STM32H563AII3Q, STM32H563AII6, STM32H563IGK6, STM32H563IGT6, STM32H563IIK3Q, STM32H563IIK6, STM32H563IIT3Q, STM32H563IIT6, STM32H563MIY3QTR, STM32H563RGT6, STM32H563RGV6, STM32H563RIT6, STM32H563RIV6, STM32H563VGT6, STM32H563VIT3Q, STM32H563VIT6, STM32H563ZGT6, STM32H563ZIT3Q, STM32H563ZIT6, STM32H573AII3Q, STM32H573AII6, STM32H573I-DK, STM32H573IIK3Q, STM32H573IIK6, STM32H573IIT3Q, STM32H573IIT6, STM32H573MIY3QTR, STM32H573RIT6, STM32H573RIV6, STM32H573VIT3Q, STM32H573VIT6, STM32H573ZIT3Q, STM32H573ZIT6, STM32H7R3A8I6, STM32H7R3I8K6, STM32H7R3I8T6, STM32H7R3L8H6, STM32H7R3L8H6H, STM32H7R3R8V6, STM32H7R3V8H6, STM32H7R3V8T6, STM32H7R3V8Y6TR, STM32H7R3Z8J6, STM32H7R3Z8T6, STM32H7R7A8I6, STM32H7R7I8K6, STM32H7R7I8T6, STM32H7R7L8H6, STM32H7R7L8H6H, STM32H7R7Z8J6, STM32H7S3A8I6, STM32H7S3I8K6, STM32H7S3I8T6, STM32H7S3L8H6, STM32H7S3L8H6H, STM32H7S3R8V6, STM32H7S3V8H6, STM32H7S3V8T6, STM32H7S3V8Y6TR, STM32H7S3Z8J6, STM32H7S3Z8T6, STM32H7S78-DK, STM32H7S7A8I6, STM32H7S7I8K6, STM32H7S7I8T6, STM32H7S7L8H6, STM32H7S7L8H6H, STM32H7S7Z8J6, STM32L4R5QGI6STR, STM32MP131AAE3, STM32MP131AAF3, STM32MP131AAG3, STM32MP131CAE3, STM32MP131CAF3, STM32MP131CAG3, STM32MP131DAE7, STM32MP131DAF7, STM32MP131DAG7, STM32MP131FAE7, STM32MP131FAF7, STM32MP131FAG7, STM32MP133AAE3, STM32MP133AAF3, STM32MP133AAG3, STM32MP133CAE3, STM32MP133CAF3, STM32MP133CAG3, STM32MP133DAE7, STM32MP133DAF7, STM32MP133DAG7, STM32MP133FAE7, STM32MP133FAF7, STM32MP133FAG7, STM32MP135AAE3, STM32MP135AAF3, STM32MP135AAG3, STM32MP135CAE3, STM32MP135CAF3, STM32MP135CAG3, STM32MP135DAE7, STM32MP135DAF7, STM32MP135DAG7, STM32MP135F-DK, STM32MP135FAE7, STM32MP135FAF7, STM32MP135FAF7T, STM32MP135FAF7U, STM32MP135FAG7, STM32MP211AAL3, STM32MP211AAM3, STM32MP211AAN3, STM32MP211AAO3, STM32MP211CAL3, STM32MP211CAM3, STM32MP211CAN3, STM32MP211CAO3, STM32MP211DAL3, STM32MP211DAM3, STM32MP211DAN3, STM32MP211DAO3, STM32MP211FAL3, STM32MP211FAM3, STM32MP211FAN3, STM32MP211FAO3, STM32MP213AAL3, STM32MP213AAM3, STM32MP213AAN3, STM32MP213AAO3, STM32MP213CAL3, STM32MP213CAM3, STM32MP213CAN3, STM32MP213CAO3, STM32MP213DAL3, STM32MP213DAM3, STM32MP213DAN3, STM32MP213DAO3, STM32MP213FAL3, STM32MP213FAM3, STM32MP213FAN3, STM32MP213FAO3, STM32MP215AAL3, STM32MP215AAM3, STM32MP215AAN3, STM32MP215AAO3, STM32MP215CAL3, STM32MP215CAM3, STM32MP215CAN3, STM32MP215CAO3, STM32MP215DAL3, STM32MP215DAM3, STM32MP215DAN3, STM32MP215DAO3, STM32MP215F-DK, STM32MP215FAL3, STM32MP215FAM3, STM32MP215FAN3, STM32MP215FAO3, STM32MP231AAJ3, STM32MP231AAK3, STM32MP231AAL3, STM32MP231CAJ3, STM32MP231CAK3, STM32MP231CAL3, STM32MP231DAJ3, STM32MP231DAK3, STM32MP231DAL3, STM32MP231FAJ3, STM32MP231FAK3, STM32MP231FAL3, STM32MP233AAJ3, STM32MP233AAK3, STM32MP233AAL3, STM32MP233CAJ3, STM32MP233CAK3, STM32MP233CAL3, STM32MP233DAJ3, STM32MP233DAK3, STM32MP233DAL3, STM32MP233FAJ3, STM32MP233FAK3, STM32MP233FAL3, STM32MP235AAJ3, STM32MP235AAK3, STM32MP235AAL3, STM32MP235CAJ3, STM32MP235CAK3, STM32MP235CAL3, STM32MP235DAJ3, STM32MP235DAK3, STM32MP235DAL3, STM32MP235FAJ3, STM32MP235FAK3, STM32MP235FAL3, STM32MP251AAI3, STM32MP251AAK3, STM32MP251AAL3, STM32MP251CAI3, STM32MP251CAK3, STM32MP251CAL3, STM32MP251DAI3, STM32MP251DAK3, STM32MP251DAL3, STM32MP251FAI3, STM32MP251FAK3, STM32MP251FAL3, STM32MP253AAI3, STM32MP253AAK3, STM32MP253AAL3, STM32MP253CAI3, STM32MP253CAK3, STM32MP253CAL3, STM32MP253DAI3, STM32MP253DAK3, STM32MP253DAL3, STM32MP253FAI3, STM32MP253FAK3, STM32MP253FAL3, STM32MP255AAI3, STM32MP255AAK3, STM32MP255AAL3, STM32MP255CAI3, STM32MP255CAK3, STM32MP255CAL3, STM32MP255DAI3, STM32MP255DAK3, STM32MP255DAL3, STM32MP255FAI3, STM32MP255FAK3, STM32MP255FAL3, STM32MP257AAI3, STM32MP257AAK3, STM32MP257AAL3, STM32MP257CAI3, STM32MP257CAK3, STM32MP257CAL3, STM32MP257DAI3, STM32MP257DAK3, STM32MP257DAL3, STM32MP257F-DK, STM32MP257F-EV1, STM32MP257FAI3, STM32MP257FAK3, STM32MP257FAL3, STM32N645A0H3Q, STM32N645B0H3Q, STM32N645I0H3Q, STM32N645L0H3Q, STM32N645X0H3Q, STM32N645Z0H3Q, STM32N647A0H3Q, STM32N647B0H3Q, STM32N647I0H3Q, STM32N647L0H3Q, STM32N647X0H3Q, STM32N647Z0H3Q, STM32N655A0H3Q, STM32N655B0H3Q, STM32N655I0H3Q, STM32N655L0H3Q, STM32N655X0H3Q, STM32N655Z0H3Q, STM32N6570-DK, STM32N657A0H3Q, STM32N657B0H3Q, STM32N657I0H3Q, STM32N657L0H3Q, STM32N657X0H3Q, STM32N657Z0H3Q, STM32U031C6T6, STM32U031C6U6, STM32U031C8T6, STM32U031C8U6, STM32U031F4P6, STM32U031F6P6, STM32U031F8P6, STM32U031G6Y6TR, STM32U031G8Y6TR, STM32U031K4U6, STM32U031K6U6, STM32U031K8U6, STM32U031R6I6, STM32U031R6T6, STM32U031R8I6, STM32U031R8T6, STM32U073C8T6, STM32U073C8U6, STM32U073CBT6, STM32U073CBU6, STM32U073CCT6, STM32U073CCU6, STM32U073H8Y6TR, STM32U073HBY6TR, STM32U073HCY6TR, STM32U073K8U6, STM32U073KBU6, STM32U073KCU6, STM32U073M8I6, STM32U073M8T6, STM32U073MBI6, STM32U073MBT6, STM32U073MCI6, STM32U073MCT6, STM32U073R8I6, STM32U073R8T6, STM32U073RBI6, STM32U073RBT6, STM32U073RCI6, STM32U073RCT6, STM32U083C-DK, STM32U083CCT6, STM32U083CCU6, STM32U083HCY6TR, STM32U083KCU6, STM32U083MCI6, STM32U083MCT6, STM32U083RCI6, STM32U083RCT6, STM32U375CET6, STM32U375CET6Q, STM32U375CEU6, STM32U375CEU6Q, STM32U375CEY6QTR, STM32U375CGT6, STM32U375CGT6Q, STM32U375CGU6, STM32U375CGU6Q, STM32U375CGY6QTR, STM32U375KEU6, STM32U375KGU6, STM32U375REI6, STM32U375REI6Q, STM32U375RET6, STM32U375RET6Q, STM32U375REY6GTR, STM32U375REY6QTR, STM32U375RGI6, STM32U375RGI6Q, STM32U375RGT6, STM32U375RGT6Q, STM32U375RGY6GTR, STM32U375RGY6QTR, STM32U375VEI6, STM32U375VEI6Q, STM32U375VET6, STM32U375VET6Q, STM32U375VGI6, STM32U375VGI6Q, STM32U375VGT6, STM32U375VGT6Q, STM32U385CGT6, STM32U385CGT6Q, STM32U385CGU6, STM32U385CGU6Q, STM32U385CGY6QTR, STM32U385KGU6, STM32U385RGI6, STM32U385RGI6Q, STM32U385RGT6, STM32U385RGT6Q, STM32U385RGY6GTR, STM32U385RGY6QTR, STM32U385VGI6, STM32U385VGI6Q, STM32U385VGT6, STM32U385VGT6Q, STM32U535CBT6, STM32U535CBT6Q, STM32U535CBU6, STM32U535CBU6Q, STM32U535CCT6, STM32U535CCT6Q, STM32U535CCU6, STM32U535CCU6Q, STM32U535CET6, STM32U535CET6Q, STM32U535CEU6, STM32U535CEU6Q, STM32U535JEY6QTR, STM32U535NCY6QTR, STM32U535NEY6QTR, STM32U535RBI6, STM32U535RBI6Q, STM32U535RBT6, STM32U535RBT6Q, STM32U535RCI6, STM32U535RCI6Q, STM32U535RCT6, STM32U535RCT6Q, STM32U535REI6, STM32U535REI6Q, STM32U535RET6, STM32U535RET6Q, STM32U535VCI6, STM32U535VCI6Q, STM32U535VCT6, STM32U535VCT6Q, STM32U535VEI6, STM32U535VEI6Q, STM32U535VET6, STM32U535VET6Q, STM32U545CET6, STM32U545CET6Q, STM32U545CEU6, STM32U545CEU6Q, STM32U545JEY6QTR, STM32U545NEY6QTR, STM32U545REI6, STM32U545REI6Q, STM32U545RET6, STM32U545RET6Q, STM32U545VEI6, STM32U545VEI6Q, STM32U545VET6, STM32U545VET6Q, STM32U595AIH6, STM32U595AIH6Q, STM32U595AJH6, STM32U595AJH6Q, STM32U595QII6, STM32U595QII6Q, STM32U595QJI6, STM32U595QJI6Q, STM32U595RIT6, STM32U595RIT6Q, STM32U595RJT6, STM32U595RJT6Q, STM32U595VIT6, STM32U595VIT6Q, STM32U595VJT6, STM32U595VJT6Q, STM32U595ZIT6, STM32U595ZIT6Q, STM32U595ZIY6QTR, STM32U595ZJT6, STM32U595ZJT6Q, STM32U595ZJY6QTR, STM32U599BJY6QTR, STM32U599NIH6Q, STM32U599NJH6Q, STM32U599VIT6Q, STM32U599VJT6, STM32U599VJT6Q, STM32U599ZIT6Q, STM32U599ZIY6QTR, STM32U599ZJT6Q, STM32U599ZJY6QTR, STM32U5A5AJH6, STM32U5A5AJH6Q, STM32U5A5QII3Q , STM32U5A5QJI6, STM32U5A5QJI6Q, STM32U5A5RJT6, STM32U5A5RJT6Q, STM32U5A5VJT6, STM32U5A5VJT6Q, STM32U5A5ZJT6, STM32U5A5ZJT6Q, STM32U5A5ZJY6QTR, STM32U5A9BJY6QTR, STM32U5A9J-DK, STM32U5A9NJH6Q, STM32U5A9VJT6Q, STM32U5A9ZJT6Q, STM32U5A9ZJY6QTR, STM32U5F7VIT6, STM32U5F7VIT6Q, STM32U5F7VJT6, STM32U5F7VJT6Q, STM32U5F9BJY6QTR, STM32U5F9NJH6Q, STM32U5F9VIT6Q, STM32U5F9VJT6Q, STM32U5F9ZIJ6QTR, STM32U5F9ZIT6Q, STM32U5F9ZJJ6QTR, STM32U5F9ZJT6Q, STM32U5G7VJT6, STM32U5G7VJT6Q, STM32U5G9BJY6QTR, STM32U5G9J-DK1, STM32U5G9J-DK2, STM32U5G9NJH6Q, STM32U5G9VJT6Q, STM32U5G9ZJJ6QTR, STM32U5G9ZJT6Q, STM32WB05KZV6TR, STM32WB05KZV7TR, STM32WB05TZF6TR, STM32WB05TZF7TR, STM32WB06CCF6TR, STM32WB06CCF7TR, STM32WB06CCV6TR, STM32WB06CCV7TR, STM32WB06KCV6TR, STM32WB06KCV7TR, STM32WB07CCF6TR, STM32WB07CCF7TR, STM32WB07CCV6TR, STM32WB07CCV7TR, STM32WB07KCV6TR, STM32WB07KCV7TR, STM32WB09KEV6TR, STM32WB09KEV7TR, STM32WB09TEF6TR, STM32WB09TEF7TR, STM32WB1MMCH6, STM32WBA50KGU6, STM32WBA50KGU6TR, STM32WBA52CEU6, STM32WBA52CEU6TR, STM32WBA52CEU7, STM32WBA52CEU7TR, STM32WBA52CGU6, STM32WBA52CGU6TR, STM32WBA52CGU6U, STM32WBA52CGU7, STM32WBA52CGU7TR, STM32WBA52KEU6, STM32WBA52KEU6TR, STM32WBA52KGU6, STM32WBA52KGU6TR, STM32WBA54CEU6, STM32WBA54CEU6TR, STM32WBA54CEU7, STM32WBA54CEU7TR, STM32WBA54CGU6, STM32WBA54CGU6TR, STM32WBA54CGU7, STM32WBA54CGU7TR, STM32WBA54KEU6, STM32WBA54KEU6TR, STM32WBA54KEU7, STM32WBA54KEU7TR, STM32WBA54KGU6, STM32WBA54KGU6TR, STM32WBA54KGU7, STM32WBA54KGU7TR, STM32WBA55CEU6, STM32WBA55CEU6TR, STM32WBA55CEU7, STM32WBA55CEU7TR, STM32WBA55CGU6, STM32WBA55CGU6TR, STM32WBA55CGU6U, STM32WBA55CGU7, STM32WBA55CGU7TR, STM32WBA55G-DK1, STM32WBA55HEF6, STM32WBA55HEF7, STM32WBA55HGF6, STM32WBA55HGF7, STM32WBA55UEI6, STM32WBA55UEI6TR, STM32WBA55UEI7, STM32WBA55UEI7TR, STM32WBA55UGI6, STM32WBA55UGI6TR, STM32WBA55UGI7, STM32WBA55UGI7TR, STM32WBA5MMGH6TR, STM32WBA62MGF6, STM32WBA62MIF6, STM32WBA65MGF7, STM32WBA65MIF6, STM32WBA65MIF7, STM32WL30K8V6, STM32WL30KBV6, STM32WL31C8V6, STM32WL31CBV6, STM32WL31K8V6, STM32WL31KBV6, STM32WL33C8V6, STM32WL33C8V6X, STM32WL33CBV6, STM32WL33CBV6X, STM32WL33CCV6, STM32WL33CCV6A, STM32WL33CCV6X, STM32WL33K8V7, STM32WL33K8V7X, STM32WL33KBV7 , STM32WL33KBV7X, STM32WL33KCV7, STM32WL33KCV7X, STM32WL5MOCH6, STM32WL5MOCH6TR]
2025-11-30 08:47:39,719 [INFO] ApiDb:668 - CubeFinder database Data Model version=2.1
2025-11-30 08:47:39,719 [INFO] ApiDb:669 - CubeFinder database Configuration version=3.0.39
2025-11-30 08:47:39,719 [INFO] ApiDb:670 - CubeFinder database generation date=2025-11-05 (1762334721)
2025-11-30 08:47:39,719 [INFO] ApiDb:671 - CubeFinder database FW Pack versions=[FP-ATR-ASTRA1_V2.0.0, FP-SNS-FLIGHT1_V5.1.0, FP-SNS-MOTENV1_V5.1.0, FP-SNS-MOTENVWB1_V1.4.0, FP-SNS-SMARTAG2_V1.2.0, FP-SNS-STBOX1_V2.1.0, STM32Cube_FW_C0_V1.4.0, STM32Cube_FW_F4_V1.28.3, STM32Cube_FW_F7_V1.17.4, STM32Cube_FW_G0_V1.6.2, STM32Cube_FW_G4_V1.6.1, STM32Cube_FW_H5_V1.5.1, STM32Cube_FW_H7RS_V1.3.0, STM32Cube_FW_H7_V1.12.1, STM32Cube_FW_L0_V1.12.2, STM32Cube_FW_L4_V1.18.1, STM32Cube_FW_L5_V1.6.0, STM32Cube_FW_N6_V1.3.0, STM32Cube_FW_U0_V1.3.0, STM32Cube_FW_U3_V1.2.1, STM32Cube_FW_U5_V1.8.0, STM32Cube_FW_WB0_V1.4.0, STM32Cube_FW_WBA_V1.8.0, STM32Cube_FW_WB_V1.24.0, STM32Cube_FW_WL3_V1.3.0, STM32Cube_FW_WL_V1.4.0, X-CUBE-ALGOBUILD_V1.4.0, X-CUBE-ALS_V1.0.2, X-CUBE-AZRTOS-F4_V1.1.0, X-CUBE-AZRTOS-F7_V1.1.0, X-CUBE-AZRTOS-G0_V1.1.0, X-CUBE-AZRTOS-G4_V2.0.0, X-CUBE-AZRTOS-H7RS_V1.1.0, X-CUBE-AZRTOS-H7_V3.4.0, X-CUBE-AZRTOS-L4_V2.0.0, X-CUBE-AZRTOS-L5_V2.0.0, X-CUBE-AZRTOS-WB_V2.0.0, X-CUBE-AZRTOS-WL_V2.0.0, X-CUBE-BLE1_V7.1.0, X-CUBE-BLE2_V3.3.0, X-CUBE-BLEMGR_V4.1.0, X-CUBE-EEPRMA1_V5.2.0, X-CUBE-FREERTOS_V1.3.1, X-CUBE-GNSS1_V6.0.0, X-CUBE-MEMS1_V11.3.0, X-CUBE-NFC4_V3.0.0, X-CUBE-NFC7_V2.0.0, X-CUBE-SFXS2LP1_V4.0.0, X-CUBE-ST67W61_V1.1.0, X-CUBE-SUBG2_V5.0.0, X-CUBE-TOF1_V3.4.3]
2025-11-30 08:47:41,555 [INFO] ApiDb:240 - Found 880 in-development CPN: [B-G473E-ZEST1S, B-WB1M-WPAN1, B-WBA5M-WPAN, B-WL5M-SUBG1, NUCLEO-C031C6, NUCLEO-C051C8, NUCLEO-C071RB, NUCLEO-C092RC, NUCLEO-H503RB, NUCLEO-H533RE, NUCLEO-H563ZI, NUCLEO-H7S3L8, NUCLEO-N657X0-Q, NUCLEO-U031R8, NUCLEO-U083RC, NUCLEO-U385RG-Q, NUCLEO-U545RE-Q, NUCLEO-U5A5ZJ-Q, NUCLEO-WB05KZ, NUCLEO-WB07CC, NUCLEO-WB09KE, NUCLEO-WBA52CG, NUCLEO-WBA55CG, NUCLEO-WL33CC1, NUCLEO-WL33CC2, STEVAL-PROTEUS1, STEVAL-SMARTAG2, STEVAL-STWINBX1, STM320518-EVAL, STM32C0116-DK, STM32C011D6Y3TR, STM32C011D6Y6TR, STM32C011F4P3, STM32C011F4P6, STM32C011F4U3, STM32C011F4U6TR, STM32C011F6P3, STM32C011F6P6, STM32C011F6U3, STM32C011F6U6TR, STM32C011J4M3, STM32C011J4M6, STM32C011J6M3, STM32C011J6M6, STM32C0316-DK, STM32C031C4T3, STM32C031C4T6, STM32C031C4U3, STM32C031C4U6, STM32C031C6T3, STM32C031C6T6, STM32C031C6U3, STM32C031C6U6, STM32C031F4P3, STM32C031F4P6, STM32C031F6P3, STM32C031F6P6, STM32C031G4U3, STM32C031G4U6, STM32C031G6U3, STM32C031G6U6, STM32C031K4T3, STM32C031K4T6, STM32C031K4U3, STM32C031K4U6, STM32C031K6T3, STM32C031K6T6, STM32C031K6U3, STM32C031K6U6, STM32C051C6T6, STM32C051C6U6, STM32C051C8T6, STM32C051C8U6, STM32C051D8Y6TR, STM32C051F6P6, STM32C051F8P6, STM32C051G6U6, STM32C051G8U6, STM32C051K6T6, STM32C051K6U6, STM32C051K8T6, STM32C071C8T6, STM32C071C8T6N, STM32C071C8U6, STM32C071C8U6N, STM32C071CBT6, STM32C071CBT6N, STM32C071CBU6, STM32C071CBU6N, STM32C071F8P6, STM32C071F8P6N, STM32C071FBP6, STM32C071FBP6N, STM32C071FBY6TR, STM32C071G8U6, STM32C071G8U6N, STM32C071GBU6, STM32C071GBU6N, STM32C071K8T6, STM32C071K8T6N, STM32C071K8U6, STM32C071K8U6N, STM32C071KBT6, STM32C071KBT6N, STM32C071KBU6, STM32C071KBU6N, STM32C071R8T6, STM32C071R8T6N, STM32C071RBI6N, STM32C071RBT6, STM32C071RBT6N, STM32C091CBT6, STM32C091CBU6, STM32C091CCT6, STM32C091CCU6, STM32C091ECY6TR, STM32C091FBP6, STM32C091FCP6, STM32C091GBU6, STM32C091GCU6, STM32C091KBT6, STM32C091KBU6, STM32C091KCT6, STM32C091KCU6, STM32C091RBT6, STM32C091RCI6, STM32C091RCT6, STM32C092CBT6, STM32C092CBU6, STM32C092CCT6, STM32C092CCU6, STM32C092ECY6TR, STM32C092FBP6, STM32C092FCP6, STM32C092GBU6, STM32C092GCU6, STM32C092KBT6, STM32C092KBU6, STM32C092KCT6, STM32C092KCU6, STM32C092RBT6, STM32C092RCI6, STM32C092RCT6, STM32G071K8TXN, STM32G071K8UXN, STM32G081GBU6N, STM32G081KBT6N, STM32G081KBUXN, STM32G0B1CCT6N, STM32G0B1KCT6, STM32G0B1NEY6TR, STM32G0B1RCT6N, STM32G0C1CCT6, STM32G0C1CCT6N, STM32G0C1CCU6N, STM32G0C1CET6N, STM32G0C1CEU6N, STM32G0C1KCT6, STM32G0C1NEY6TR, STM32G0C1RCI6N, STM32G0C1RCT6N, STM32G0C1REI6N, STM32G0C1RET6N, STM32G0C1VCI6, STM32G0C1VEI6, STM32G411C6T3, STM32G411C6T6, STM32G411C6U3, STM32G411C6U6, STM32G411C8T3, STM32G411C8T6, STM32G411C8U3, STM32G411C8U6, STM32G411CBT3, STM32G411CBT6, STM32G411CBU3, STM32G411CBU6, STM32G411K6T3, STM32G411K6T6, STM32G411K6U3, STM32G411K6U6, STM32G411K8T3, STM32G411K8T6, STM32G411K8U3, STM32G411K8U6, STM32G411KBT3, STM32G411KBT6, STM32G411KBU3, STM32G411KBU6, STM32G411M6T3, STM32G411M6T6, STM32G411M8T3, STM32G411M8T6, STM32G411MBT3, STM32G411MBT6, STM32G411R6T3, STM32G411R6T6, STM32G411R8T3, STM32G411R8T6, STM32G411RBT3, STM32G411RBT6, STM32G414CBT3, STM32G414CBT6, STM32G414CBU3, STM32G414CBU6, STM32G414CCT3, STM32G414CCT6, STM32G414CCU3, STM32G414CCU6, STM32G414MBT3, STM32G414MBT6, STM32G414MCT3, STM32G414MCT6, STM32G414RBT3, STM32G414RBT6, STM32G414RCT3, STM32G414RCT6, STM32G414VBT3, STM32G414VBT6, STM32G414VCT3, STM32G414VCT6, STM32G431CBT3Z, STM32G431RBT3Z, STM32G471CCT6, STM32G471CCU6, STM32G471CET3, STM32G471CET6, STM32G471CEU3, STM32G471CEU6, STM32G471MCT6, STM32G471MET3, STM32G471MET6, STM32G471MEY6TR, STM32G471QCT6, STM32G471QET3, STM32G471RCT6, STM32G471RET3, STM32G471RET6, STM32G471VCH6, STM32G471VCI6, STM32G471VCT6, STM32G471VEH3, STM32G471VEH6, STM32G471VEI3, STM32G471VEI6, STM32G471VET3, STM32G471VET6, STM32G473QET3Z, STM32G473RET3Z, STM32G474CCT6, STM32G491RET3Z, STM32H503CBT6, STM32H503CBU6, STM32H503EBY6TR, STM32H503KBU6, STM32H503RBT6, STM32H523CCT6, STM32H523CCU6, STM32H523CET6, STM32H523CEU6, STM32H523HEY6TR, STM32H523RCT6, STM32H523RET6, STM32H523VCI6, STM32H523VCT6, STM32H523VEI6, STM32H523VET6, STM32H523ZCJ6, STM32H523ZCT6, STM32H523ZEJ6, STM32H523ZET6, STM32H533CET6, STM32H533CEU6, STM32H533HEY6TR, STM32H533RET6, STM32H533VEI6, STM32H533VET6, STM32H533ZEJ6, STM32H533ZET6, STM32H562AGI6, STM32H562AII6, STM32H562IGK6, STM32H562IGT6, STM32H562IIK6, STM32H562IIT6, STM32H562RGT6, STM32H562RGV6, STM32H562RIT6, STM32H562RIV6, STM32H562VGT6, STM32H562VIT6, STM32H562ZGT6, STM32H562ZIT6, STM32H563AGI6, STM32H563AII3Q, STM32H563AII6, STM32H563IGK6, STM32H563IGT6, STM32H563IIK3Q, STM32H563IIK6, STM32H563IIT3Q, STM32H563IIT6, STM32H563MIY3QTR, STM32H563RGT6, STM32H563RGV6, STM32H563RIT6, STM32H563RIV6, STM32H563VGT6, STM32H563VIT3Q, STM32H563VIT6, STM32H563ZGT6, STM32H563ZIT3Q, STM32H563ZIT6, STM32H573AII3Q, STM32H573AII6, STM32H573I-DK, STM32H573IIK3Q, STM32H573IIK6, STM32H573IIT3Q, STM32H573IIT6, STM32H573MIY3QTR, STM32H573RIT6, STM32H573RIV6, STM32H573VIT3Q, STM32H573VIT6, STM32H573ZIT3Q, STM32H573ZIT6, STM32H7R3A8I6, STM32H7R3I8K6, STM32H7R3I8T6, STM32H7R3L8H6, STM32H7R3L8H6H, STM32H7R3R8V6, STM32H7R3V8H6, STM32H7R3V8T6, STM32H7R3V8Y6TR, STM32H7R3Z8J6, STM32H7R3Z8T6, STM32H7R7A8I6, STM32H7R7I8K6, STM32H7R7I8T6, STM32H7R7L8H6, STM32H7R7L8H6H, STM32H7R7Z8J6, STM32H7S3A8I6, STM32H7S3I8K6, STM32H7S3I8T6, STM32H7S3L8H6, STM32H7S3L8H6H, STM32H7S3R8V6, STM32H7S3V8H6, STM32H7S3V8T6, STM32H7S3V8Y6TR, STM32H7S3Z8J6, STM32H7S3Z8T6, STM32H7S78-DK, STM32H7S7A8I6, STM32H7S7I8K6, STM32H7S7I8T6, STM32H7S7L8H6, STM32H7S7L8H6H, STM32H7S7Z8J6, STM32L4R5QGI6STR, STM32MP131AAE3, STM32MP131AAF3, STM32MP131AAG3, STM32MP131CAE3, STM32MP131CAF3, STM32MP131CAG3, STM32MP131DAE7, STM32MP131DAF7, STM32MP131DAG7, STM32MP131FAE7, STM32MP131FAF7, STM32MP131FAG7, STM32MP133AAE3, STM32MP133AAF3, STM32MP133AAG3, STM32MP133CAE3, STM32MP133CAF3, STM32MP133CAG3, STM32MP133DAE7, STM32MP133DAF7, STM32MP133DAG7, STM32MP133FAE7, STM32MP133FAF7, STM32MP133FAG7, STM32MP135AAE3, STM32MP135AAF3, STM32MP135AAG3, STM32MP135CAE3, STM32MP135CAF3, STM32MP135CAG3, STM32MP135DAE7, STM32MP135DAF7, STM32MP135DAG7, STM32MP135F-DK, STM32MP135FAE7, STM32MP135FAF7, STM32MP135FAF7T, STM32MP135FAF7U, STM32MP135FAG7, STM32MP211AAL3, STM32MP211AAM3, STM32MP211AAN3, STM32MP211AAO3, STM32MP211CAL3, STM32MP211CAM3, STM32MP211CAN3, STM32MP211CAO3, STM32MP211DAL3, STM32MP211DAM3, STM32MP211DAN3, STM32MP211DAO3, STM32MP211FAL3, STM32MP211FAM3, STM32MP211FAN3, STM32MP211FAO3, STM32MP213AAL3, STM32MP213AAM3, STM32MP213AAN3, STM32MP213AAO3, STM32MP213CAL3, STM32MP213CAM3, STM32MP213CAN3, STM32MP213CAO3, STM32MP213DAL3, STM32MP213DAM3, STM32MP213DAN3, STM32MP213DAO3, STM32MP213FAL3, STM32MP213FAM3, STM32MP213FAN3, STM32MP213FAO3, STM32MP215AAL3, STM32MP215AAM3, STM32MP215AAN3, STM32MP215AAO3, STM32MP215CAL3, STM32MP215CAM3, STM32MP215CAN3, STM32MP215CAO3, STM32MP215DAL3, STM32MP215DAM3, STM32MP215DAN3, STM32MP215DAO3, STM32MP215F-DK, STM32MP215FAL3, STM32MP215FAM3, STM32MP215FAN3, STM32MP215FAO3, STM32MP231AAJ3, STM32MP231AAK3, STM32MP231AAL3, STM32MP231CAJ3, STM32MP231CAK3, STM32MP231CAL3, STM32MP231DAJ3, STM32MP231DAK3, STM32MP231DAL3, STM32MP231FAJ3, STM32MP231FAK3, STM32MP231FAL3, STM32MP233AAJ3, STM32MP233AAK3, STM32MP233AAL3, STM32MP233CAJ3, STM32MP233CAK3, STM32MP233CAL3, STM32MP233DAJ3, STM32MP233DAK3, STM32MP233DAL3, STM32MP233FAJ3, STM32MP233FAK3, STM32MP233FAL3, STM32MP235AAJ3, STM32MP235AAK3, STM32MP235AAL3, STM32MP235CAJ3, STM32MP235CAK3, STM32MP235CAL3, STM32MP235DAJ3, STM32MP235DAK3, STM32MP235DAL3, STM32MP235FAJ3, STM32MP235FAK3, STM32MP235FAL3, STM32MP251AAI3, STM32MP251AAK3, STM32MP251AAL3, STM32MP251CAI3, STM32MP251CAK3, STM32MP251CAL3, STM32MP251DAI3, STM32MP251DAK3, STM32MP251DAL3, STM32MP251FAI3, STM32MP251FAK3, STM32MP251FAL3, STM32MP253AAI3, STM32MP253AAK3, STM32MP253AAL3, STM32MP253CAI3, STM32MP253CAK3, STM32MP253CAL3, STM32MP253DAI3, STM32MP253DAK3, STM32MP253DAL3, STM32MP253FAI3, STM32MP253FAK3, STM32MP253FAL3, STM32MP255AAI3, STM32MP255AAK3, STM32MP255AAL3, STM32MP255CAI3, STM32MP255CAK3, STM32MP255CAL3, STM32MP255DAI3, STM32MP255DAK3, STM32MP255DAL3, STM32MP255FAI3, STM32MP255FAK3, STM32MP255FAL3, STM32MP257AAI3, STM32MP257AAK3, STM32MP257AAL3, STM32MP257CAI3, STM32MP257CAK3, STM32MP257CAL3, STM32MP257DAI3, STM32MP257DAK3, STM32MP257DAL3, STM32MP257F-DK, STM32MP257F-EV1, STM32MP257FAI3, STM32MP257FAK3, STM32MP257FAL3, STM32N645A0H3Q, STM32N645B0H3Q, STM32N645I0H3Q, STM32N645L0H3Q, STM32N645X0H3Q, STM32N645Z0H3Q, STM32N647A0H3Q, STM32N647B0H3Q, STM32N647I0H3Q, STM32N647L0H3Q, STM32N647X0H3Q, STM32N647Z0H3Q, STM32N655A0H3Q, STM32N655B0H3Q, STM32N655I0H3Q, STM32N655L0H3Q, STM32N655X0H3Q, STM32N655Z0H3Q, STM32N6570-DK, STM32N657A0H3Q, STM32N657B0H3Q, STM32N657I0H3Q, STM32N657L0H3Q, STM32N657X0H3Q, STM32N657Z0H3Q, STM32U031C6T6, STM32U031C6U6, STM32U031C8T6, STM32U031C8U6, STM32U031F4P6, STM32U031F6P6, STM32U031F8P6, STM32U031G6Y6TR, STM32U031G8Y6TR, STM32U031K4U6, STM32U031K6U6, STM32U031K8U6, STM32U031R6I6, STM32U031R6T6, STM32U031R8I6, STM32U031R8T6, STM32U073C8T6, STM32U073C8U6, STM32U073CBT6, STM32U073CBU6, STM32U073CCT6, STM32U073CCU6, STM32U073H8Y6TR, STM32U073HBY6TR, STM32U073HCY6TR, STM32U073K8U6, STM32U073KBU6, STM32U073KCU6, STM32U073M8I6, STM32U073M8T6, STM32U073MBI6, STM32U073MBT6, STM32U073MCI6, STM32U073MCT6, STM32U073R8I6, STM32U073R8T6, STM32U073RBI6, STM32U073RBT6, STM32U073RCI6, STM32U073RCT6, STM32U083C-DK, STM32U083CCT6, STM32U083CCU6, STM32U083HCY6TR, STM32U083KCU6, STM32U083MCI6, STM32U083MCT6, STM32U083RCI6, STM32U083RCT6, STM32U375CET6, STM32U375CET6Q, STM32U375CEU6, STM32U375CEU6Q, STM32U375CEY6QTR, STM32U375CGT6, STM32U375CGT6Q, STM32U375CGU6, STM32U375CGU6Q, STM32U375CGY6QTR, STM32U375KEU6, STM32U375KGU6, STM32U375REI6, STM32U375REI6Q, STM32U375RET6, STM32U375RET6Q, STM32U375REY6GTR, STM32U375REY6QTR, STM32U375RGI6, STM32U375RGI6Q, STM32U375RGT6, STM32U375RGT6Q, STM32U375RGY6GTR, STM32U375RGY6QTR, STM32U375VEI6, STM32U375VEI6Q, STM32U375VET6, STM32U375VET6Q, STM32U375VGI6, STM32U375VGI6Q, STM32U375VGT6, STM32U375VGT6Q, STM32U385CGT6, STM32U385CGT6Q, STM32U385CGU6, STM32U385CGU6Q, STM32U385CGY6QTR, STM32U385KGU6, STM32U385RGI6, STM32U385RGI6Q, STM32U385RGT6, STM32U385RGT6Q, STM32U385RGY6GTR, STM32U385RGY6QTR, STM32U385VGI6, STM32U385VGI6Q, STM32U385VGT6, STM32U385VGT6Q, STM32U535CBT6, STM32U535CBT6Q, STM32U535CBU6, STM32U535CBU6Q, STM32U535CCT6, STM32U535CCT6Q, STM32U535CCU6, STM32U535CCU6Q, STM32U535CET6, STM32U535CET6Q, STM32U535CEU6, STM32U535CEU6Q, STM32U535JEY6QTR, STM32U535NCY6QTR, STM32U535NEY6QTR, STM32U535RBI6, STM32U535RBI6Q, STM32U535RBT6, STM32U535RBT6Q, STM32U535RCI6, STM32U535RCI6Q, STM32U535RCT6, STM32U535RCT6Q, STM32U535REI6, STM32U535REI6Q, STM32U535RET6, STM32U535RET6Q, STM32U535VCI6, STM32U535VCI6Q, STM32U535VCT6, STM32U535VCT6Q, STM32U535VEI6, STM32U535VEI6Q, STM32U535VET6, STM32U535VET6Q, STM32U545CET6, STM32U545CET6Q, STM32U545CEU6, STM32U545CEU6Q, STM32U545JEY6QTR, STM32U545NEY6QTR, STM32U545REI6, STM32U545REI6Q, STM32U545RET6, STM32U545RET6Q, STM32U545VEI6, STM32U545VEI6Q, STM32U545VET6, STM32U545VET6Q, STM32U595AIH6, STM32U595AIH6Q, STM32U595AJH6, STM32U595AJH6Q, STM32U595QII6, STM32U595QII6Q, STM32U595QJI6, STM32U595QJI6Q, STM32U595RIT6, STM32U595RIT6Q, STM32U595RJT6, STM32U595RJT6Q, STM32U595VIT6, STM32U595VIT6Q, STM32U595VJT6, STM32U595VJT6Q, STM32U595ZIT6, STM32U595ZIT6Q, STM32U595ZIY6QTR, STM32U595ZJT6, STM32U595ZJT6Q, STM32U595ZJY6QTR, STM32U599BJY6QTR, STM32U599NIH6Q, STM32U599NJH6Q, STM32U599VIT6Q, STM32U599VJT6, STM32U599VJT6Q, STM32U599ZIT6Q, STM32U599ZIY6QTR, STM32U599ZJT6Q, STM32U599ZJY6QTR, STM32U5A5AJH6, STM32U5A5AJH6Q, STM32U5A5QII3Q , STM32U5A5QJI6, STM32U5A5QJI6Q, STM32U5A5RJT6, STM32U5A5RJT6Q, STM32U5A5VJT6, STM32U5A5VJT6Q, STM32U5A5ZJT6, STM32U5A5ZJT6Q, STM32U5A5ZJY6QTR, STM32U5A9BJY6QTR, STM32U5A9J-DK, STM32U5A9NJH6Q, STM32U5A9VJT6Q, STM32U5A9ZJT6Q, STM32U5A9ZJY6QTR, STM32U5F7VIT6, STM32U5F7VIT6Q, STM32U5F7VJT6, STM32U5F7VJT6Q, STM32U5F9BJY6QTR, STM32U5F9NJH6Q, STM32U5F9VIT6Q, STM32U5F9VJT6Q, STM32U5F9ZIJ6QTR, STM32U5F9ZIT6Q, STM32U5F9ZJJ6QTR, STM32U5F9ZJT6Q, STM32U5G7VJT6, STM32U5G7VJT6Q, STM32U5G9BJY6QTR, STM32U5G9J-DK1, STM32U5G9J-DK2, STM32U5G9NJH6Q, STM32U5G9VJT6Q, STM32U5G9ZJJ6QTR, STM32U5G9ZJT6Q, STM32WB05KZV6TR, STM32WB05KZV7TR, STM32WB05TZF6TR, STM32WB05TZF7TR, STM32WB06CCF6TR, STM32WB06CCF7TR, STM32WB06CCV6TR, STM32WB06CCV7TR, STM32WB06KCV6TR, STM32WB06KCV7TR, STM32WB07CCF6TR, STM32WB07CCF7TR, STM32WB07CCV6TR, STM32WB07CCV7TR, STM32WB07KCV6TR, STM32WB07KCV7TR, STM32WB09KEV6TR, STM32WB09KEV7TR, STM32WB09TEF6TR, STM32WB09TEF7TR, STM32WB1MMCH6, STM32WBA50KGU6, STM32WBA50KGU6TR, STM32WBA52CEU6, STM32WBA52CEU6TR, STM32WBA52CEU7, STM32WBA52CEU7TR, STM32WBA52CGU6, STM32WBA52CGU6TR, STM32WBA52CGU6U, STM32WBA52CGU7, STM32WBA52CGU7TR, STM32WBA52KEU6, STM32WBA52KEU6TR, STM32WBA52KGU6, STM32WBA52KGU6TR, STM32WBA54CEU6, STM32WBA54CEU6TR, STM32WBA54CEU7, STM32WBA54CEU7TR, STM32WBA54CGU6, STM32WBA54CGU6TR, STM32WBA54CGU7, STM32WBA54CGU7TR, STM32WBA54KEU6, STM32WBA54KEU6TR, STM32WBA54KEU7, STM32WBA54KEU7TR, STM32WBA54KGU6, STM32WBA54KGU6TR, STM32WBA54KGU7, STM32WBA54KGU7TR, STM32WBA55CEU6, STM32WBA55CEU6TR, STM32WBA55CEU7, STM32WBA55CEU7TR, STM32WBA55CGU6, STM32WBA55CGU6TR, STM32WBA55CGU6U, STM32WBA55CGU7, STM32WBA55CGU7TR, STM32WBA55G-DK1, STM32WBA55HEF6, STM32WBA55HEF7, STM32WBA55HGF6, STM32WBA55HGF7, STM32WBA55UEI6, STM32WBA55UEI6TR, STM32WBA55UEI7, STM32WBA55UEI7TR, STM32WBA55UGI6, STM32WBA55UGI6TR, STM32WBA55UGI7, STM32WBA55UGI7TR, STM32WBA5MMGH6TR, STM32WBA62MGF6, STM32WBA62MIF6, STM32WBA65MGF7, STM32WBA65MIF6, STM32WBA65MIF7, STM32WL30K8V6, STM32WL30KBV6, STM32WL31C8V6, STM32WL31CBV6, STM32WL31K8V6, STM32WL31KBV6, STM32WL33C8V6, STM32WL33C8V6X, STM32WL33CBV6, STM32WL33CBV6X, STM32WL33CCV6, STM32WL33CCV6A, STM32WL33CCV6X, STM32WL33K8V7, STM32WL33K8V7X, STM32WL33KBV7 , STM32WL33KBV7X, STM32WL33KCV7, STM32WL33KCV7X, STM32WL5MOCH6, STM32WL5MOCH6TR]
2025-11-30 08:47:41,558 [INFO] DbMcus:218 - Found 4876 MCUs, 4876 are supported
2025-11-30 08:47:41,558 [INFO] ApiDb:423 - Load user favorites file C:\Users\user/.stm32cubeide/favorites.mcus.txt: 0 item(s)
2025-11-30 08:47:41,559 [INFO] ApiDb:427 - User favorites MCUs=[]
2025-11-30 08:47:41,559 [INFO] DbMcus:224 - Set 0 / 0 favorites MCUs
2025-11-30 08:47:42,165 [INFO] BoardInfo:889 - No configuration file found for board P-NUCLEO-WB55
2025-11-30 08:47:42,166 [INFO] DbBoards:161 - Kit is not supported: P-NUCLEO-WB55
2025-11-30 08:47:42,173 [INFO] BoardInfo:889 - No configuration file found for board STEVAL-BFA001V1B
2025-11-30 08:47:42,174 [INFO] DbBoards:161 - Kit is not supported: STEVAL-BFA001V1B
2025-11-30 08:47:42,175 [INFO] BoardInfo:889 - No configuration file found for board STEVAL-BFA001V2B
2025-11-30 08:47:42,176 [INFO] DbBoards:161 - Kit is not supported: STEVAL-BFA001V2B
2025-11-30 08:47:42,390 [INFO] DbBoards:168 - Found 212 boards, 209 are supported
2025-11-30 08:47:42,390 [INFO] DbBoards:169 - Found 212 boards, 43 of them is supported for  Bsp
2025-11-30 08:47:42,392 [INFO] ApiDb:423 - Load user favorites file C:\Users\user/.stm32cubeide/favorites.boards.txt: 1 item(s)
2025-11-30 08:47:42,392 [INFO] ApiDb:427 - User favorites Boards=[NUCLEO-L476RG]
2025-11-30 08:47:42,392 [INFO] DbBoards:198 - Set 1 / 1 favorites Boards
2025-11-30 08:47:42,463 [INFO] UtilMem:75 - End LoadConfig() Used Memory: 740692712 Bytes (1073741824)
2025-11-30 08:47:42,603 [WARN] ThirdParty:833 - waiting for thirdparty lock release [change project]
2025-11-30 08:47:42,603 [INFO] ThirdParty:835 - entering critical section [change project]
2025-11-30 08:47:42,603 [INFO] ThirdParty:1030 - CMSIS Pack Vendor :STMicroelectronics X-CUBE-PM33A1 1.0.0
2025-11-30 08:47:42,603 [INFO] ThirdParty:1030 - CMSIS Pack Vendor :STMicroelectronics USBPD 4.1
2025-11-30 08:47:42,603 [INFO] ThirdParty:1030 - CMSIS Pack Vendor :STMicroelectronics X-CUBE-NFC9 1.0.0
2025-11-30 08:47:42,603 [INFO] ThirdParty:1030 - CMSIS Pack Vendor :STMicroelectronics USB_HOST 2.0.0
2025-11-30 08:47:42,603 [INFO] ThirdParty:1030 - CMSIS Pack Vendor :STMicroelectronics FP-SNS-MOTENVWB1 1.4.0
2025-11-30 08:47:42,603 [INFO] ThirdParty:1030 - CMSIS Pack Vendor :STMicroelectronics X-CUBE-AZRTOS-F4 1.1.0
2025-11-30 08:47:42,603 [INFO] ThirdParty:1030 - CMSIS Pack Vendor :STMicroelectronics LIBJPEG 8.0.0
2025-11-30 08:47:42,604 [INFO] ThirdParty:1030 - CMSIS Pack Vendor :STMicroelectronics FP-ATR-ASTRA1 2.0.2
2025-11-30 08:47:42,604 [INFO] ThirdParty:1030 - CMSIS Pack Vendor :wolfSSL I-CUBE-wolfSSL 5.8.2
2025-11-30 08:47:42,604 [INFO] ThirdParty:1030 - CMSIS Pack Vendor :STMicroelectronics X-CUBE-BLE1 7.1.0
2025-11-30 08:47:42,604 [INFO] ThirdParty:1030 - CMSIS Pack Vendor :Avnet-IotConnect X-CUBE-IoTC-DA16k-PMOD 1.0.0
2025-11-30 08:47:42,604 [INFO] ThirdParty:1030 - CMSIS Pack Vendor :STMicroelectronics X-CUBE-SMBUS 2.1.0
2025-11-30 08:47:42,604 [INFO] ThirdParty:1030 - CMSIS Pack Vendor :wolfSSL I-CUBE-wolfMQTT 1.19.2
2025-11-30 08:47:42,604 [INFO] ThirdParty:1030 - CMSIS Pack Vendor :STMicroelectronics USB_DEVICE 3.0.0
2025-11-30 08:47:42,604 [INFO] ThirdParty:1030 - CMSIS Pack Vendor :STMicroelectronics X-CUBE-ISPU 2.1.0
2025-11-30 08:47:42,604 [INFO] ThirdParty:1030 - CMSIS Pack Vendor :STMicroelectronics X-CUBE-FREERTOS 1.4.0
2025-11-30 08:47:42,604 [INFO] ThirdParty:1030 - CMSIS Pack Vendor :STMicroelectronics X-CUBE-EEPRMA1 5.2.0
2025-11-30 08:47:42,604 [INFO] ThirdParty:1030 - CMSIS Pack Vendor :STMicroelectronics X-CUBE-IPS 3.2.0
2025-11-30 08:47:42,604 [INFO] ThirdParty:1030 - CMSIS Pack Vendor :STMicroelectronics X-CUBE-BLEMGR 4.1.0
2025-11-30 08:47:42,604 [INFO] ThirdParty:1030 - CMSIS Pack Vendor :STMicroelectronics X-CUBE-AZRTOS-WB 2.0.0
2025-11-30 08:47:42,604 [INFO] ThirdParty:1030 - CMSIS Pack Vendor :STMicroelectronics X-CUBE-ST60 1.0.0
2025-11-30 08:47:42,604 [INFO] ThirdParty:1030 - CMSIS Pack Vendor :STMicroelectronics X-CUBE-GNSS1 7.0.1
2025-11-30 08:47:42,604 [INFO] ThirdParty:1030 - CMSIS Pack Vendor :STMicroelectronics X-CUBE-NFC12 1.0.0
2025-11-30 08:47:42,604 [INFO] ThirdParty:1030 - CMSIS Pack Vendor :STMicroelectronics X-CUBE-AZRTOS-F7 1.1.0
2025-11-30 08:47:42,604 [INFO] ThirdParty:1030 - CMSIS Pack Vendor :STMicroelectronics X-CUBE-AZRTOS-L5 2.0.0
2025-11-30 08:47:42,604 [INFO] ThirdParty:1030 - CMSIS Pack Vendor :STMicroelectronics X-CUBE-TOUCHGFX 4.25.0
2025-11-30 08:47:42,604 [INFO] ThirdParty:1030 - CMSIS Pack Vendor :STMicroelectronics USB_DEVICE 2.0.0
2025-11-30 08:47:42,604 [INFO] ThirdParty:1030 - CMSIS Pack Vendor :STMicroelectronics X-CUBE-NFC6 3.1.0
2025-11-30 08:47:42,604 [INFO] ThirdParty:1030 - CMSIS Pack Vendor :STMicroelectronics X-CUBE-ST67W61 1.1.0
2025-11-30 08:47:42,604 [INFO] ThirdParty:1030 - CMSIS Pack Vendor :quantropi X-CUBE-qispace-sdk-base 2.1.0
2025-11-30 08:47:42,604 [INFO] ThirdParty:1030 - CMSIS Pack Vendor :STMicroelectronics X-CUBE-MEMS1 12.0.0
2025-11-30 08:47:42,605 [INFO] ThirdParty:1030 - CMSIS Pack Vendor :STMicroelectronics FP-SNS-MOTENV1 5.1.0
2025-11-30 08:47:42,605 [INFO] ThirdParty:1030 - CMSIS Pack Vendor :STMicroelectronics FreeRTOS 0.0.1
2025-11-30 08:47:42,605 [INFO] ThirdParty:1030 - CMSIS Pack Vendor :STMicroelectronics X-CUBE-AZRTOS-G0 1.1.0
2025-11-30 08:47:42,605 [INFO] ThirdParty:1030 - CMSIS Pack Vendor :STMicroelectronics X-CUBE-SAFEA1 1.2.2
2025-11-30 08:47:42,605 [INFO] ThirdParty:1030 - CMSIS Pack Vendor :STMicroelectronics X-CUBE-NFC4 3.0.0
2025-11-30 08:47:42,605 [INFO] ThirdParty:1030 - CMSIS Pack Vendor :STMicroelectronics X-CUBE-SUBG2 5.0.0
2025-11-30 08:47:42,605 [INFO] ThirdParty:1030 - CMSIS Pack Vendor :STMicroelectronics X-CUBE-AZRTOS-H7RS 1.1.0
2025-11-30 08:47:42,605 [INFO] ThirdParty:1030 - CMSIS Pack Vendor :STMicroelectronics STM32_WPAN 1.0.0
2025-11-30 08:47:42,605 [INFO] ThirdParty:1030 - CMSIS Pack Vendor :EmbeddedOffice I-CUBE-FS-RTOS 1.0.1
2025-11-30 08:47:42,605 [INFO] ThirdParty:1030 - CMSIS Pack Vendor :STMicroelectronics lwIP 2.0.3
2025-11-30 08:47:42,605 [INFO] ThirdParty:1030 - CMSIS Pack Vendor :WES I-CUBE-Cesium 1.4.0
2025-11-30 08:47:42,605 [INFO] ThirdParty:1030 - CMSIS Pack Vendor :Cesanta I-CUBE-Mongoose 7.13.0
2025-11-30 08:47:42,605 [INFO] ThirdParty:1030 - CMSIS Pack Vendor :STMicroelectronics USB_HOST 1.0.0
2025-11-30 08:47:42,605 [INFO] ThirdParty:1030 - CMSIS Pack Vendor :Infineon AIROC-Wi-Fi-Bluetooth-STM32 1.7.1
2025-11-30 08:47:42,605 [INFO] ThirdParty:1030 - CMSIS Pack Vendor :STMicroelectronics X-CUBE-AZRTOS-G4 2.0.0
2025-11-30 08:47:42,605 [INFO] ThirdParty:1030 - CMSIS Pack Vendor :STMicroelectronics X-CUBE-WB05N 2.0.0
2025-11-30 08:47:42,605 [INFO] ThirdParty:1030 - CMSIS Pack Vendor :STMicroelectronics PDM2PCM 3.1.0
2025-11-30 08:47:42,605 [INFO] ThirdParty:1030 - CMSIS Pack Vendor :STMicroelectronics PDM2PCM 3.3.0
2025-11-30 08:47:42,605 [INFO] ThirdParty:1030 - CMSIS Pack Vendor :wolfSSL I-CUBE-wolfTPM 3.8.0
2025-11-30 08:47:42,605 [INFO] ThirdParty:1030 - CMSIS Pack Vendor :STMicroelectronics X-CUBE-AZRTOS-H7 3.4.0
2025-11-30 08:47:42,605 [INFO] ThirdParty:1030 - CMSIS Pack Vendor :STMicroelectronics X-CUBE-DISPLAY 3.0.0
2025-11-30 08:47:42,605 [INFO] ThirdParty:1030 - CMSIS Pack Vendor :wolfSSL I-CUBE-wolfSSH 1.4.20
2025-11-30 08:47:42,605 [INFO] ThirdParty:1030 - CMSIS Pack Vendor :STMicroelectronics X-CUBE-NFC7 2.0.0
2025-11-30 08:47:42,605 [INFO] ThirdParty:1030 - CMSIS Pack Vendor :STMicroelectronics X-CUBE-TCPP 4.2.0
2025-11-30 08:47:42,605 [INFO] ThirdParty:1030 - CMSIS Pack Vendor :RealThread X-CUBE-RT-Thread_Nano 4.1.1
2025-11-30 08:47:42,606 [INFO] ThirdParty:1030 - CMSIS Pack Vendor :STMicroelectronics FP-ATR-SIGFOX1 3.2.0
2025-11-30 08:47:42,606 [INFO] ThirdParty:1030 - CMSIS Pack Vendor :STMicroelectronics X-CUBE-NFC10 1.0.0
2025-11-30 08:47:42,606 [INFO] ThirdParty:1030 - CMSIS Pack Vendor :STMicroelectronics X-CUBE-FREERTOS 1.3.1
2025-11-30 08:47:42,606 [INFO] ThirdParty:1030 - CMSIS Pack Vendor :STMicroelectronics HAL Drivers 0.0.0
2025-11-30 08:47:42,606 [INFO] ThirdParty:1030 - CMSIS Pack Vendor :STMicroelectronics MBEDTLS 2.16.2
2025-11-30 08:47:42,606 [INFO] ThirdParty:1030 - CMSIS Pack Vendor :STMicroelectronics X-CUBE-ST60 1.1.0
2025-11-30 08:47:42,606 [INFO] ThirdParty:1030 - CMSIS Pack Vendor :STMicroelectronics X-CUBE-IPS 3.1.0
2025-11-30 08:47:42,606 [INFO] ThirdParty:1030 - CMSIS Pack Vendor :STMicroelectronics X-CUBE-ALS 1.0.2
2025-11-30 08:47:42,606 [INFO] ThirdParty:1030 - CMSIS Pack Vendor :emotas I-CUBE-CANOPEN 1.3.0
2025-11-30 08:47:42,606 [INFO] ThirdParty:1030 - CMSIS Pack Vendor :STMicroelectronics MBEDTLS 2.14.1
2025-11-30 08:47:42,606 [INFO] ThirdParty:1030 - CMSIS Pack Vendor :STMicroelectronics X-CUBE-GNSS1 7.1.0
2025-11-30 08:47:42,606 [INFO] ThirdParty:1030 - CMSIS Pack Vendor :ITTIA_DB I-CUBE-ITTIADB 8.9.0
2025-11-30 08:47:42,606 [INFO] ThirdParty:1030 - CMSIS Pack Vendor :STMicroelectronics X-CUBE-TOUCHGFX 4.26.0
2025-11-30 08:47:42,606 [INFO] ThirdParty:1030 - CMSIS Pack Vendor :STMicroelectronics X-CUBE-STSE01 1.0.0
2025-11-30 08:47:42,606 [INFO] ThirdParty:1030 - CMSIS Pack Vendor :STMicroelectronics X-CUBE-ST67W61 1.0.0
2025-11-30 08:47:42,606 [INFO] ThirdParty:1030 - CMSIS Pack Vendor :STMicroelectronics FP-SNS-STBOX1 2.1.0
2025-11-30 08:47:42,606 [INFO] ThirdParty:1030 - CMSIS Pack Vendor :STMicroelectronics X-CUBE-AI 10.2.0
2025-11-30 08:47:42,606 [INFO] ThirdParty:1030 - CMSIS Pack Vendor :STMicroelectronics FP-SNS-STAIOTCFT 1.0.0
2025-11-30 08:47:42,606 [INFO] ThirdParty:1030 - CMSIS Pack Vendor :STMicroelectronics ThreadX 1.0.0
2025-11-30 08:47:42,606 [INFO] ThirdParty:1030 - CMSIS Pack Vendor :STMicroelectronics FP-SNS-SMARTAG2 1.2.0
2025-11-30 08:47:42,606 [INFO] ThirdParty:1030 - CMSIS Pack Vendor :STMicroelectronics FP-SNS-FLIGHT1 5.1.0
2025-11-30 08:47:42,606 [INFO] ThirdParty:1030 - CMSIS Pack Vendor :STMicroelectronics X-CUBE-AZRTOS-WL 2.0.0
2025-11-30 08:47:42,606 [INFO] ThirdParty:1030 - CMSIS Pack Vendor :SEGGER I-CUBE-embOS 1.3.1
2025-11-30 08:47:42,606 [INFO] ThirdParty:1030 - CMSIS Pack Vendor :STMicroelectronics X-CUBE-ALGOBUILD 1.4.0
2025-11-30 08:47:42,606 [INFO] ThirdParty:1030 - CMSIS Pack Vendor :STMicroelectronics X-CUBE-DPower 1.3.0
2025-11-30 08:47:42,606 [INFO] ThirdParty:1030 - CMSIS Pack Vendor :STMicroelectronics X-CUBE-MEMS1 11.3.0
2025-11-30 08:47:42,606 [INFO] ThirdParty:1030 - CMSIS Pack Vendor :STMicroelectronics FP-SNS-MOTENV1 5.0.0
2025-11-30 08:47:42,607 [INFO] ThirdParty:1030 - CMSIS Pack Vendor :STMicroelectronics USB_DEVICE 1.0.0
2025-11-30 08:47:42,607 [INFO] ThirdParty:1030 - CMSIS Pack Vendor :STMicroelectronics X-CUBE-AZRTOS-H7RS 1.2.0
2025-11-30 08:47:42,607 [INFO] ThirdParty:1030 - CMSIS Pack Vendor :STMicroelectronics X-CUBE-AZRTOS-L4 2.0.0
2025-11-30 08:47:42,607 [INFO] ThirdParty:1030 - CMSIS Pack Vendor :STMicroelectronics ThreadX 0.0.2
2025-11-30 08:47:42,607 [INFO] ThirdParty:1030 - CMSIS Pack Vendor :STMicroelectronics lwIP 2.1.2
2025-11-30 08:47:42,607 [INFO] ThirdParty:1030 - CMSIS Pack Vendor :STMicroelectronics X-CUBE-SFXS2LP1 4.0.0
2025-11-30 08:47:42,607 [INFO] ThirdParty:1030 - CMSIS Pack Vendor :STMicroelectronics X-CUBE-BLE2 3.3.0
2025-11-30 08:47:42,607 [INFO] ThirdParty:1030 - CMSIS Pack Vendor :Avnet-IOTCONNECT X-CUBE-iotc-st67-sdk 1.0.0
2025-11-30 08:47:42,607 [INFO] ThirdParty:1030 - CMSIS Pack Vendor :STMicroelectronics X-CUBE-TOF1 3.4.3
2025-11-30 08:47:42,607 [INFO] ThirdParty:1030 - CMSIS Pack Vendor :STMicroelectronics PDM2PCM 3.2.0
2025-11-30 08:47:42,607 [INFO] ThirdParty:841 - exiting critical section [change project]
2025-11-30 08:47:43,045 [INFO] PinOutPanel:1589 - setPackage(No Configuration,No Configuration)
2025-11-30 08:47:43,046 [INFO] PinOutPanel:1589 - setPackage(STM32L476RGTx,LQFP64)
2025-11-30 08:47:43,695 [INFO] UtilMem:75 - Before build in PCC Used Memory: 720215744 Bytes (1073741824)
2025-11-30 08:47:44,788 [INFO] UtilMem:75 - After build in PCC Used Memory: 816158400 Bytes (1073741824)
2025-11-30 08:47:44,978 [INFO] ApiDbMcu:532 - Load IP Config File for FREERTOS
2025-11-30 08:47:45,008 [INFO] IPUIPlugin:80 - create IPUIPlugin
2025-11-30 08:47:45,009 [INFO] IPUIPlugin:80 - create IPUIPlugin
2025-11-30 08:47:45,009 [INFO] IPUIPlugin:80 - create IPUIPlugin
2025-11-30 08:47:45,009 [INFO] IPUIPlugin:80 - create IPUIPlugin
2025-11-30 08:47:45,009 [INFO] IPUIPlugin:80 - create IPUIPlugin
2025-11-30 08:47:45,009 [INFO] IPUIPlugin:80 - create IPUIPlugin
2025-11-30 08:47:45,009 [INFO] IPUIPlugin:80 - create IPUIPlugin
2025-11-30 08:47:45,009 [INFO] IPUIPlugin:80 - create IPUIPlugin
2025-11-30 08:47:45,009 [INFO] IPUIPlugin:80 - create IPUIPlugin
2025-11-30 08:47:45,009 [INFO] IPUIPlugin:80 - create IPUIPlugin
2025-11-30 08:47:45,009 [INFO] IPUIPlugin:80 - create IPUIPlugin
2025-11-30 08:47:45,009 [INFO] IPUIPlugin:80 - create IPUIPlugin
2025-11-30 08:47:45,010 [INFO] IPUIPlugin:80 - create IPUIPlugin
2025-11-30 08:47:45,010 [INFO] IPUIPlugin:80 - create IPUIPlugin
2025-11-30 08:47:45,010 [INFO] IPUIPlugin:80 - create IPUIPlugin
2025-11-30 08:47:45,010 [INFO] IPUIPlugin:80 - create IPUIPlugin
2025-11-30 08:47:45,010 [INFO] IPUIPlugin:80 - create IPUIPlugin
2025-11-30 08:47:45,010 [INFO] IPUIPlugin:80 - create IPUIPlugin
2025-11-30 08:47:45,011 [INFO] IPUIPlugin:80 - create IPUIPlugin
2025-11-30 08:47:45,011 [INFO] IPUIPlugin:80 - create IPUIPlugin
2025-11-30 08:47:45,011 [INFO] IPUIPlugin:80 - create IPUIPlugin
2025-11-30 08:47:45,011 [INFO] IPUIPlugin:80 - create IPUIPlugin
2025-11-30 08:47:45,011 [INFO] IPUIPlugin:80 - create IPUIPlugin
2025-11-30 08:47:45,011 [INFO] IPUIPlugin:80 - create IPUIPlugin
2025-11-30 08:47:45,011 [INFO] IPUIPlugin:80 - create IPUIPlugin
2025-11-30 08:47:45,012 [INFO] IPUIPlugin:80 - create IPUIPlugin
2025-11-30 08:47:45,012 [INFO] IPUIPlugin:80 - create IPUIPlugin
2025-11-30 08:47:45,012 [INFO] IPUIPlugin:80 - create IPUIPlugin
2025-11-30 08:47:45,012 [INFO] IPUIPlugin:80 - create IPUIPlugin
2025-11-30 08:47:45,012 [INFO] IPUIPlugin:80 - create IPUIPlugin
2025-11-30 08:47:45,012 [INFO] IPUIPlugin:80 - create IPUIPlugin
2025-11-30 08:47:45,013 [INFO] IPUIPlugin:80 - create IPUIPlugin
2025-11-30 08:47:45,013 [INFO] IPUIPlugin:80 - create IPUIPlugin
2025-11-30 08:47:45,013 [INFO] IPUIPlugin:80 - create IPUIPlugin
2025-11-30 08:47:45,013 [INFO] IPUIPlugin:80 - create IPUIPlugin
2025-11-30 08:47:45,013 [INFO] IPUIPlugin:80 - create IPUIPlugin
2025-11-30 08:47:45,013 [INFO] IPUIPlugin:80 - create IPUIPlugin
2025-11-30 08:47:45,014 [INFO] IPUIPlugin:80 - create IPUIPlugin
2025-11-30 08:47:45,014 [INFO] IPUIPlugin:80 - create IPUIPlugin
2025-11-30 08:47:45,014 [INFO] IPUIPlugin:80 - create IPUIPlugin
2025-11-30 08:47:45,014 [INFO] IPUIPlugin:80 - create IPUIPlugin
2025-11-30 08:47:45,014 [INFO] IPUIPlugin:80 - create IPUIPlugin
2025-11-30 08:47:45,015 [INFO] IPUIPlugin:80 - create IPUIPlugin
2025-11-30 08:47:45,015 [INFO] IPUIPlugin:80 - create IPUIPlugin
2025-11-30 08:47:45,015 [INFO] IPUIPlugin:80 - create IPUIPlugin
2025-11-30 08:47:45,015 [INFO] IPUIPlugin:80 - create IPUIPlugin
2025-11-30 08:47:45,015 [INFO] IPUIPlugin:80 - create IPUIPlugin
2025-11-30 08:47:45,016 [INFO] IPUIPlugin:80 - create IPUIPlugin
2025-11-30 08:47:45,016 [INFO] IPUIPlugin:80 - create IPUIPlugin
2025-11-30 08:47:45,016 [INFO] IPUIPlugin:80 - create IPUIPlugin
2025-11-30 08:47:45,016 [INFO] IPUIPlugin:80 - create IPUIPlugin
2025-11-30 08:47:45,017 [INFO] IPUIPlugin:80 - create IPUIPlugin
2025-11-30 08:47:45,017 [INFO] IPUIPlugin:80 - create IPUIPlugin
2025-11-30 08:47:45,017 [INFO] IPUIPlugin:80 - create IPUIPlugin
2025-11-30 08:47:45,017 [INFO] IPUIPlugin:80 - create IPUIPlugin
2025-11-30 08:47:45,018 [INFO] IPUIPlugin:80 - create IPUIPlugin
2025-11-30 08:47:45,018 [INFO] IPUIPlugin:80 - create IPUIPlugin
2025-11-30 08:47:45,018 [INFO] IPUIPlugin:80 - create IPUIPlugin
2025-11-30 08:47:45,019 [INFO] IPUIPlugin:80 - create IPUIPlugin
2025-11-30 08:47:45,063 [WARN] FreeRTOS:1023 - Null or empty value: should not occur! (nothing added to the table)
2025-11-30 08:47:45,277 [INFO] CADModel:165 - CPN selected for project levelSTM32L476RGT3
2025-11-30 08:47:45,278 [INFO] CADModel:114 - Register for checkConnection events
2025-11-30 08:47:45,279 [INFO] RtosManager:728 - Active RTOS found at IOC load: FREERTOS [Cortex-M4NS]
2025-11-30 08:47:45,331 [INFO] OpenFileManager:386 - Restore cursor
2025-11-30 11:07:08,045 [INFO] UtilMem:75 - End SaveConfig() Used Memory: 929496608 Bytes (1073741824)
2025-11-30 11:07:09,159 [INFO] UtilMem:75 - End SaveConfig() Used Memory: 954997760 Bytes (1073741824)
2025-11-30 11:07:11,082 [INFO] UtilMem:75 - End SaveConfig() Used Memory: 1002370592 Bytes (1073741824)
2025-11-30 11:07:12,923 [INFO] BlockDiagram:2775 - set Specific Code input for plugin: FREERTOS
2025-11-30 11:07:12,923 [INFO] BlockDiagram:2775 - set Specific Code input for plugin: TIM1_8L4
2025-11-30 11:07:12,923 [INFO] BlockDiagram:2775 - set Specific Code input for plugin: SYS
2025-11-30 11:07:12,923 [INFO] BlockDiagram:2775 - set Specific Code input for plugin: RCC
2025-11-30 11:07:12,923 [INFO] BlockDiagram:2775 - set Specific Code input for plugin: I2C
2025-11-30 11:07:12,923 [INFO] BlockDiagram:2775 - set Specific Code input for plugin: NVIC
2025-11-30 11:07:12,924 [INFO] BlockDiagram:2775 - set Specific Code input for plugin: GPIO
2025-11-30 11:07:12,924 [INFO] CodeGenerator:892 - code generatio: config db path: C:\ST\STM32CubeIDE_1.19.0\STM32CubeIDE\plugins\com.st.stm32cube.common.mx_6.15.0.202507011659\\db\
2025-11-30 11:07:13,113 [INFO] CodeEngine:265 - oldGeneratedFile, D:\STM32\Lab\Practice3-i2c-eeprom-random-number\MXTmpFiles\license.tmp_save
2025-11-30 11:07:13,462 [INFO] CodeEngine:289 - Generated code: D:\STM32\Lab\Practice3-i2c-eeprom-random-number\MXTmpFiles\license.tmp
2025-11-30 11:07:13,641 [INFO] CodeEngine:265 - oldGeneratedFile, D:\STM32\Lab\Practice3-i2c-eeprom-random-number\MXTmpFiles\gpio.tmp_save
2025-11-30 11:07:13,779 [INFO] CodeEngine:289 - Generated code: D:\STM32\Lab\Practice3-i2c-eeprom-random-number\MXTmpFiles\gpio.tmp
2025-11-30 11:07:14,177 [INFO] Middleware:1452 - No code input for Bsp Dependency
2025-11-30 11:07:14,183 [INFO] CodeEngine:265 - oldGeneratedFile, D:\STM32\Lab\Practice3-i2c-eeprom-random-number\MXTmpFiles\rtos_inc.tmp_save
2025-11-30 11:07:14,249 [INFO] CodeEngine:289 - Generated code: D:\STM32\Lab\Practice3-i2c-eeprom-random-number\MXTmpFiles\rtos_inc.tmp
2025-11-30 11:07:14,254 [INFO] CodeEngine:265 - oldGeneratedFile, D:\STM32\Lab\Practice3-i2c-eeprom-random-number\MXTmpFiles\rtos_kernelInit.tmp_save
2025-11-30 11:07:14,317 [INFO] CodeEngine:289 - Generated code: D:\STM32\Lab\Practice3-i2c-eeprom-random-number\MXTmpFiles\rtos_kernelInit.tmp
2025-11-30 11:07:14,321 [INFO] CodeEngine:265 - oldGeneratedFile, D:\STM32\Lab\Practice3-i2c-eeprom-random-number\MXTmpFiles\rtos_kernelStart.tmp_save
2025-11-30 11:07:14,371 [INFO] CodeEngine:289 - Generated code: D:\STM32\Lab\Practice3-i2c-eeprom-random-number\MXTmpFiles\rtos_kernelStart.tmp
2025-11-30 11:07:14,375 [INFO] CodeEngine:265 - oldGeneratedFile, D:\STM32\Lab\Practice3-i2c-eeprom-random-number\MXTmpFiles\rtos_typedefs.tmp_save
2025-11-30 11:07:14,425 [INFO] CodeEngine:289 - Generated code: D:\STM32\Lab\Practice3-i2c-eeprom-random-number\MXTmpFiles\rtos_typedefs.tmp
2025-11-30 11:07:14,429 [INFO] CodeEngine:265 - oldGeneratedFile, D:\STM32\Lab\Practice3-i2c-eeprom-random-number\MXTmpFiles\rtos_vars.tmp_save
2025-11-30 11:07:14,482 [INFO] CodeEngine:289 - Generated code: D:\STM32\Lab\Practice3-i2c-eeprom-random-number\MXTmpFiles\rtos_vars.tmp
2025-11-30 11:07:14,486 [INFO] CodeEngine:265 - oldGeneratedFile, D:\STM32\Lab\Practice3-i2c-eeprom-random-number\MXTmpFiles\rtos_pfp.tmp_save
2025-11-30 11:07:14,534 [INFO] CodeEngine:289 - Generated code: D:\STM32\Lab\Practice3-i2c-eeprom-random-number\MXTmpFiles\rtos_pfp.tmp
2025-11-30 11:07:14,538 [INFO] CodeEngine:265 - oldGeneratedFile, D:\STM32\Lab\Practice3-i2c-eeprom-random-number\MXTmpFiles\rtos_obj_creat.tmp_save
2025-11-30 11:07:14,591 [INFO] CodeEngine:289 - Generated code: D:\STM32\Lab\Practice3-i2c-eeprom-random-number\MXTmpFiles\rtos_obj_creat.tmp
2025-11-30 11:07:14,595 [INFO] CodeEngine:265 - oldGeneratedFile, D:\STM32\Lab\Practice3-i2c-eeprom-random-number\MXTmpFiles\rtos_default_thread.tmp_save
2025-11-30 11:07:14,643 [INFO] CodeEngine:289 - Generated code: D:\STM32\Lab\Practice3-i2c-eeprom-random-number\MXTmpFiles\rtos_default_thread.tmp
2025-11-30 11:07:14,647 [INFO] CodeEngine:265 - oldGeneratedFile, D:\STM32\Lab\Practice3-i2c-eeprom-random-number\MXTmpFiles\rtos_threads.tmp_save
2025-11-30 11:07:14,694 [INFO] CodeEngine:289 - Generated code: D:\STM32\Lab\Practice3-i2c-eeprom-random-number\MXTmpFiles\rtos_threads.tmp
2025-11-30 11:07:14,707 [INFO] Middleware:1452 - No code input for Bsp Dependency
2025-11-30 11:07:14,715 [INFO] CodeEngine:265 - oldGeneratedFile, D:\STM32\Lab\Practice3-i2c-eeprom-random-number\MXTmpFiles\rtos_inc.tmp_save
2025-11-30 11:07:14,763 [INFO] CodeEngine:289 - Generated code: D:\STM32\Lab\Practice3-i2c-eeprom-random-number\MXTmpFiles\rtos_inc.tmp
2025-11-30 11:07:14,767 [INFO] CodeEngine:265 - oldGeneratedFile, D:\STM32\Lab\Practice3-i2c-eeprom-random-number\MXTmpFiles\rtos_kernelInit.tmp_save
2025-11-30 11:07:14,827 [INFO] CodeEngine:289 - Generated code: D:\STM32\Lab\Practice3-i2c-eeprom-random-number\MXTmpFiles\rtos_kernelInit.tmp
2025-11-30 11:07:14,831 [INFO] CodeEngine:265 - oldGeneratedFile, D:\STM32\Lab\Practice3-i2c-eeprom-random-number\MXTmpFiles\rtos_kernelStart.tmp_save
2025-11-30 11:07:14,889 [INFO] CodeEngine:289 - Generated code: D:\STM32\Lab\Practice3-i2c-eeprom-random-number\MXTmpFiles\rtos_kernelStart.tmp
2025-11-30 11:07:14,893 [INFO] CodeEngine:265 - oldGeneratedFile, D:\STM32\Lab\Practice3-i2c-eeprom-random-number\MXTmpFiles\rtos_typedefs.tmp_save
2025-11-30 11:07:14,940 [INFO] CodeEngine:289 - Generated code: D:\STM32\Lab\Practice3-i2c-eeprom-random-number\MXTmpFiles\rtos_typedefs.tmp
2025-11-30 11:07:14,945 [INFO] CodeEngine:265 - oldGeneratedFile, D:\STM32\Lab\Practice3-i2c-eeprom-random-number\MXTmpFiles\rtos_vars.tmp_save
2025-11-30 11:07:14,993 [INFO] CodeEngine:289 - Generated code: D:\STM32\Lab\Practice3-i2c-eeprom-random-number\MXTmpFiles\rtos_vars.tmp
2025-11-30 11:07:14,998 [INFO] CodeEngine:265 - oldGeneratedFile, D:\STM32\Lab\Practice3-i2c-eeprom-random-number\MXTmpFiles\rtos_pfp.tmp_save
2025-11-30 11:07:15,042 [INFO] CodeEngine:289 - Generated code: D:\STM32\Lab\Practice3-i2c-eeprom-random-number\MXTmpFiles\rtos_pfp.tmp
2025-11-30 11:07:15,047 [INFO] CodeEngine:265 - oldGeneratedFile, D:\STM32\Lab\Practice3-i2c-eeprom-random-number\MXTmpFiles\rtos_obj_creat.tmp_save
2025-11-30 11:07:15,094 [INFO] CodeEngine:289 - Generated code: D:\STM32\Lab\Practice3-i2c-eeprom-random-number\MXTmpFiles\rtos_obj_creat.tmp
2025-11-30 11:07:15,100 [INFO] CodeEngine:265 - oldGeneratedFile, D:\STM32\Lab\Practice3-i2c-eeprom-random-number\MXTmpFiles\rtos_default_thread.tmp_save
2025-11-30 11:07:15,145 [INFO] CodeEngine:289 - Generated code: D:\STM32\Lab\Practice3-i2c-eeprom-random-number\MXTmpFiles\rtos_default_thread.tmp
2025-11-30 11:07:15,150 [INFO] CodeEngine:265 - oldGeneratedFile, D:\STM32\Lab\Practice3-i2c-eeprom-random-number\MXTmpFiles\rtos_threads.tmp_save
2025-11-30 11:07:15,196 [INFO] CodeEngine:289 - Generated code: D:\STM32\Lab\Practice3-i2c-eeprom-random-number\MXTmpFiles\rtos_threads.tmp
2025-11-30 11:07:15,201 [INFO] CodeEngine:265 - oldGeneratedFile, D:\STM32\Lab\Practice3-i2c-eeprom-random-number\Core\Inc\FreeRTOSConfig.h_save
2025-11-30 11:07:15,262 [INFO] CodeEngine:289 - Generated code: D:\STM32\Lab\Practice3-i2c-eeprom-random-number\Core\Inc\FreeRTOSConfig.h
2025-11-30 11:07:15,267 [INFO] CodeEngine:265 - oldGeneratedFile, D:\STM32\Lab\Practice3-i2c-eeprom-random-number\Core\Src\freertos.c_save
2025-11-30 11:07:15,321 [INFO] CodeEngine:289 - Generated code: D:\STM32\Lab\Practice3-i2c-eeprom-random-number\Core\Src\freertos.c
2025-11-30 11:07:15,335 [INFO] CodeEngine:265 - oldGeneratedFile, D:\STM32\Lab\Practice3-i2c-eeprom-random-number\Core\Src\stm32l4xx_it.c_save
2025-11-30 11:07:15,436 [INFO] CodeEngine:289 - Generated code: D:\STM32\Lab\Practice3-i2c-eeprom-random-number\Core\Src\stm32l4xx_it.c
2025-11-30 11:07:15,440 [INFO] CodeEngine:265 - oldGeneratedFile, D:\STM32\Lab\Practice3-i2c-eeprom-random-number\Core\Inc\stm32l4xx_it.h_save
2025-11-30 11:07:15,486 [INFO] CodeEngine:289 - Generated code: D:\STM32\Lab\Practice3-i2c-eeprom-random-number\Core\Inc\stm32l4xx_it.h
2025-11-30 11:07:15,511 [INFO] CodeEngine:265 - oldGeneratedFile, D:\STM32\Lab\Practice3-i2c-eeprom-random-number\Core\Src\stm32l4xx_hal_msp.c_save
2025-11-30 11:07:15,611 [INFO] CodeEngine:289 - Generated code: D:\STM32\Lab\Practice3-i2c-eeprom-random-number\Core\Src\stm32l4xx_hal_msp.c
2025-11-30 11:07:15,615 [INFO] CodeEngine:265 - oldGeneratedFile, D:\STM32\Lab\Practice3-i2c-eeprom-random-number\MXTmpFiles\system.tmp_save
2025-11-30 11:07:15,659 [INFO] CodeEngine:289 - Generated code: D:\STM32\Lab\Practice3-i2c-eeprom-random-number\MXTmpFiles\system.tmp
2025-11-30 11:07:15,669 [INFO] CodeEngine:321 - oldGeneratedFile, D:\STM32\Lab\Practice3-i2c-eeprom-random-number\Core\Inc\stm32l4xx_hal_conf.h_save
2025-11-30 11:07:15,722 [INFO] CodeEngine:345 - Generated code: D:\STM32\Lab\Practice3-i2c-eeprom-random-number\Core\Inc\stm32l4xx_hal_conf.h
2025-11-30 11:07:15,753 [INFO] ApiDbMcu:532 - Load IP Config File for I2C1
2025-11-30 11:07:15,764 [INFO] ApiDbMcu:532 - Load IP Config File for TIM2
2025-11-30 11:07:15,768 [INFO] ApiDbMcu:532 - Load IP Config File for RCC
2025-11-30 11:07:15,771 [WARN] IPConfigManager:3811 - IP not found : TIM
2025-11-30 11:07:15,773 [WARN] CodeGenerator:4259 - IP not found : null
2025-11-30 11:07:15,779 [INFO] CodeEngine:265 - oldGeneratedFile, D:\STM32\Lab\Practice3-i2c-eeprom-random-number\Core\Inc\main.h_save
2025-11-30 11:07:15,848 [INFO] CodeEngine:289 - Generated code: D:\STM32\Lab\Practice3-i2c-eeprom-random-number\Core\Inc\main.h
2025-11-30 11:07:15,853 [INFO] CodeEngine:265 - oldGeneratedFile, D:\STM32\Lab\Practice3-i2c-eeprom-random-number\Core\Src\main.c_save
2025-11-30 11:07:15,983 [INFO] CodeEngine:289 - Generated code: D:\STM32\Lab\Practice3-i2c-eeprom-random-number\Core\Src\main.c
2025-11-30 11:07:16,595 [INFO] ProjectBuilder:3606 - Time for Copy HAL[1] : 382mS.
2025-11-30 11:07:16,609 [INFO] ProjectBuilder:5216 - Project Generator version: 4.7.0-B52
2025-11-30 11:07:16,684 [INFO] ConfigFileManager:1595 - The Die is : DIE415
2025-11-30 11:07:16,692 [INFO] ApiDbMcu:532 - Load IP Config File for FATFS
2025-11-30 11:07:16,703 [INFO] ApiDbMcu:532 - Load IP Config File for TOUCHSENSING
2025-11-30 11:07:16,710 [INFO] ApiDbMcu:532 - Load IP Config File for USB_DEVICE
2025-11-30 11:07:16,713 [INFO] ApiDbMcu:532 - Load IP Config File for USB_HOST
2025-11-30 11:07:17,103 [INFO] LogOutputStream:77 - [STDOUT_REDIRECT] 
2025-11-30 11:07:17,963 [INFO] ProjectBuilder:5496 - Time for Generating toolchain IDE Files: 1353mS.
2025-11-30 11:07:17,964 [INFO] ProjectBuilder:3463 - Time for Copy CMSIS : 0mS.
2025-11-30 11:07:17,969 [INFO] ProjectBuilder:3463 - Time for Copy CMSIS : 0mS.
2025-11-30 13:55:28,075 [INFO] Activator:176 - 


2025-11-30 13:55:28,077 [INFO] Activator:177 - !SESSION log4j initialized
2025-11-30 13:55:36,969 [INFO] LogOutputStream:77 - [STDOUT_REDIRECT] 
2025-11-30 13:55:42,436 [INFO] ApplicationProperties:184 - Using Application install path: C:\ST\STM32CubeIDE_1.19.0\STM32CubeIDE\plugins\com.st.stm32cube.common.mx_6.15.0.202507011659
2025-11-30 13:55:42,453 [INFO] DbMcusXml:78 - Set database path to: C:\ST\STM32CubeIDE_1.19.0\STM32CubeIDE\plugins\com.st.stm32cube.common.mx_6.15.0.202507011659\\db\/mcu/
2025-11-30 13:55:42,453 [INFO] ApiDb:274 - Set plugin database path to: C:\ST\STM32CubeIDE_1.19.0\STM32CubeIDE\plugins\com.st.stm32cube.common.mx_6.15.0.202507011659\\db\/plugins/boardmanager/
2025-11-30 13:55:42,453 [WARN] ApiDb:259 - Overriding images path with different value:  => C:\ST\STM32CubeIDE_1.19.0\STM32CubeIDE\plugins\com.st.stm32cube.common.mx_6.15.0.202507011659\\db\/plugins/mcufinder/images/
2025-11-30 13:55:42,462 [INFO] ApiDb:250 - Set database path to: C:\Users\user\.stmcufinder\plugins\mcufinder//mcu/
2025-11-30 13:55:42,463 [INFO] DbMcusAds:125 - Set database path to: C:\Users\user\.stmcufinder\plugins\mcufinder//mcu/
2025-11-30 13:55:42,465 [INFO] CrossReferenceDbSqlite:203 - Set database path to: C:\Users\user\.stmcufinder\plugins\mcufinder//mcu/cs/
2025-11-30 13:55:42,566 [INFO] RulesReader:64 - Compatibility file has been processed (317 Rules)
2025-11-30 13:55:42,753 [INFO] DbMcusXml:78 - Set database path to: C:\ST\STM32CubeIDE_1.19.0\STM32CubeIDE\plugins\com.st.stm32cube.common.mx_6.15.0.202507011659\\db\/mcu/
2025-11-30 13:55:42,753 [INFO] ApiDb:274 - Set plugin database path to: C:\ST\STM32CubeIDE_1.19.0\STM32CubeIDE\plugins\com.st.stm32cube.common.mx_6.15.0.202507011659\\db\/plugins/boardmanager/
2025-11-30 13:55:42,753 [INFO] ApiDb:261 - Set plugin images path to: C:\ST\STM32CubeIDE_1.19.0\STM32CubeIDE\plugins\com.st.stm32cube.common.mx_6.15.0.202507011659\\db\/plugins/mcufinder/images/
2025-11-30 13:55:42,754 [WARN] DbFile:41 - Overriding database path with different value: C:\Users\user\.stmcufinder\plugins\mcufinder/ => C:\Users\user\.stmcufinder\plugins\mcufinder
2025-11-30 13:55:42,754 [INFO] ApiDb:250 - Set database path to: C:\Users\user\.stmcufinder\plugins\mcufinder//mcu/
2025-11-30 13:55:42,754 [WARN] DbFile:41 - Overriding database path with different value: C:\Users\user\.stmcufinder\plugins\mcufinder/ => C:\Users\user\.stmcufinder\plugins\mcufinder
2025-11-30 13:55:42,754 [INFO] DbMcusAds:125 - Set database path to: C:\Users\user\.stmcufinder\plugins\mcufinder//mcu/
2025-11-30 13:55:42,754 [WARN] DbFile:41 - Overriding database path with different value: C:\Users\user\.stmcufinder\plugins\mcufinder/ => C:\Users\user\.stmcufinder\plugins\mcufinder
2025-11-30 13:55:42,754 [WARN] DbFile:41 - Overriding database path with different value: C:\Users\user\.stmcufinder\plugins\mcufinder/ => C:\Users\user\.stmcufinder\plugins\mcufinder
2025-11-30 13:55:42,754 [INFO] CrossReferenceDbSqlite:203 - Set database path to: C:\Users\user\.stmcufinder\plugins\mcufinder//mcu/cs/
2025-11-30 13:55:42,824 [INFO] MainPanel:274 - HeapMemory: 273678336
2025-11-30 13:55:42,943 [INFO] DbMcusXml:78 - Set database path to: C:\ST\STM32CubeIDE_1.19.0\STM32CubeIDE\plugins\com.st.stm32cube.common.mx_6.15.0.202507011659\\db\/mcu/
2025-11-30 13:55:42,943 [INFO] ApiDb:274 - Set plugin database path to: C:\ST\STM32CubeIDE_1.19.0\STM32CubeIDE\plugins\com.st.stm32cube.common.mx_6.15.0.202507011659\\db\/plugins/boardmanager/
2025-11-30 13:55:42,944 [INFO] ApiDb:261 - Set plugin images path to: C:\ST\STM32CubeIDE_1.19.0\STM32CubeIDE\plugins\com.st.stm32cube.common.mx_6.15.0.202507011659\\db\/plugins/mcufinder/images/
2025-11-30 13:55:42,944 [WARN] DbFile:41 - Overriding database path with different value: C:\Users\user\.stmcufinder\plugins\mcufinder/ => C:\Users\user\.stmcufinder\plugins\mcufinder
2025-11-30 13:55:42,944 [INFO] ApiDb:250 - Set database path to: C:\Users\user\.stmcufinder\plugins\mcufinder//mcu/
2025-11-30 13:55:42,944 [WARN] DbFile:41 - Overriding database path with different value: C:\Users\user\.stmcufinder\plugins\mcufinder/ => C:\Users\user\.stmcufinder\plugins\mcufinder
2025-11-30 13:55:42,944 [INFO] DbMcusAds:125 - Set database path to: C:\Users\user\.stmcufinder\plugins\mcufinder//mcu/
2025-11-30 13:55:42,944 [WARN] DbFile:41 - Overriding database path with different value: C:\Users\user\.stmcufinder\plugins\mcufinder/ => C:\Users\user\.stmcufinder\plugins\mcufinder
2025-11-30 13:55:42,944 [WARN] DbFile:41 - Overriding database path with different value: C:\Users\user\.stmcufinder\plugins\mcufinder/ => C:\Users\user\.stmcufinder\plugins\mcufinder
2025-11-30 13:55:42,944 [INFO] CrossReferenceDbSqlite:203 - Set database path to: C:\Users\user\.stmcufinder\plugins\mcufinder//mcu/cs/
2025-11-30 13:55:42,961 [INFO] ApplicationProperties:184 - Using Application install path: C:\ST\STM32CubeIDE_1.19.0\STM32CubeIDE\plugins\com.st.stm32cube.common.mx_6.15.0.202507011659
2025-11-30 13:55:42,962 [INFO] PluginManage:196 - Search for loadable plugins [exclusion list=, ]
2025-11-30 13:55:42,963 [INFO] PluginManage:310 - Check plugin analytics
2025-11-30 13:55:43,128 [INFO] AnalyticsPlugin:253 - Accepted Software Licenses: 
2025-11-30 13:55:43,128 [INFO] AnalyticsPlugin:255 - Accepted CMSIS Pack Licenses: 
2025-11-30 13:55:43,128 [INFO] AnalyticsPlugin:257 - Accepted Firmware Licenses: FW.L4.1.18.0
2025-11-30 13:55:43,133 [INFO] PluginManage:359 - Loaded plugin analytics (category:tool,tabindex:-1)
2025-11-30 13:55:43,133 [INFO] PluginManage:310 - Check plugin cadmodel
2025-11-30 13:55:43,141 [INFO] CADModel:105 - Init CAD model plugin
2025-11-30 13:55:43,141 [INFO] PluginManage:359 - Loaded plugin cadmodel (category:power,tabindex:5)
2025-11-30 13:55:43,141 [INFO] PluginManage:310 - Check plugin clock
2025-11-30 13:55:43,152 [INFO] PluginManage:359 - Loaded plugin clock (category:base,tabindex:2)
2025-11-30 13:55:43,152 [INFO] PluginManage:310 - Check plugin ddr
2025-11-30 13:55:43,154 [INFO] PluginManage:359 - Loaded plugin ddr (category:tool,tabindex:6)
2025-11-30 13:55:43,154 [INFO] PluginManage:310 - Check plugin filemanager
2025-11-30 13:55:43,279 [INFO] PluginManage:359 - Loaded plugin filemanager (category:base,tabindex:10)
2025-11-30 13:55:43,279 [INFO] PluginManage:310 - Check plugin ipmanager
2025-11-30 13:55:43,284 [INFO] PluginManage:359 - Loaded plugin ipmanager (category:base,tabindex:5)
2025-11-30 13:55:43,285 [INFO] PluginManage:310 - Check plugin lpbam
2025-11-30 13:55:43,292 [INFO] PluginManage:359 - Loaded plugin lpbam (category:base,tabindex:0)
2025-11-30 13:55:43,292 [INFO] PluginManage:310 - Check plugin memorymap
2025-11-30 13:55:43,308 [INFO] PluginManage:359 - Loaded plugin memorymap (category:base,tabindex:4)
2025-11-30 13:55:43,308 [INFO] PluginManage:310 - Check plugin pinoutandconfiguration
2025-11-30 13:55:43,317 [INFO] PluginManage:359 - Loaded plugin pinoutandconfiguration (category:base,tabindex:1)
2025-11-30 13:55:43,317 [INFO] PluginManage:310 - Check plugin pinoutconfig
2025-11-30 13:55:43,396 [WARN] SupportedApi:132 - Cannot load RTOS API schema: s4s-elt-must-match.1: The content of 'definitions' must match (annotation?, (simpleType | complexType)?, (unique | key | keyref)*)). A problem was found starting at: attribute.
2025-11-30 13:55:43,519 [INFO] PluginManage:359 - Loaded plugin pinoutconfig (category:base,tabindex:0)
2025-11-30 13:55:43,519 [INFO] PluginManage:310 - Check plugin power
2025-11-30 13:55:43,530 [INFO] PluginManage:359 - Loaded plugin power (category:power,tabindex:4)
2025-11-30 13:55:43,530 [INFO] PluginManage:310 - Check plugin projectmanager
2025-11-30 13:55:43,546 [INFO] PluginManage:359 - Loaded plugin projectmanager (category:projectmanager,tabindex:4)
2025-11-30 13:55:43,546 [INFO] PluginManage:310 - Check plugin rif
2025-11-30 13:55:43,557 [INFO] PluginManage:359 - Loaded plugin rif (category:base,tabindex:3)
2025-11-30 13:55:43,557 [INFO] PluginManage:310 - Check plugin thirdparty
2025-11-30 13:55:43,685 [WARN] IntegrityCheckThread:84 - waiting for thirdparty lock release [integrity check]
2025-11-30 13:55:43,685 [INFO] IntegrityCheckThread:86 - entering critical section [integrity check]
2025-11-30 13:55:43,685 [INFO] PluginManage:359 - Loaded plugin thirdparty (category:base,tabindex:-1)
2025-11-30 13:55:43,685 [INFO] ThirdPartyUpdaterWithRetryManager:70 - Updater plugin not ready yet. [1/15]
2025-11-30 13:55:43,689 [INFO] PluginManage:310 - Check plugin tools
2025-11-30 13:55:43,689 [INFO] PluginManage:359 - Loaded plugin tools (category:base,tabindex:7)
2025-11-30 13:55:43,689 [INFO] PluginManage:310 - Check plugin tutovideos
2025-11-30 13:55:43,878 [INFO] PluginManage:359 - Loaded plugin tutovideos (category:base,tabindex:-1)
2025-11-30 13:55:43,878 [INFO] PluginManage:310 - Check plugin updater
2025-11-30 13:55:43,910 [INFO] PluginManage:359 - Loaded plugin updater (category:base,tabindex:12)
2025-11-30 13:55:43,910 [INFO] PluginManage:310 - Check plugin userauth
2025-11-30 13:55:43,910 [INFO] UserAuth:118 - Init User Auth plugin
2025-11-30 13:55:43,910 [INFO] PluginManage:359 - Loaded plugin userauth (category:base,tabindex:14)
2025-11-30 13:55:43,910 [INFO] PluginManage:283 - PluginManage : Loaded plugins [18]
2025-11-30 13:55:44,940 [INFO] PinOutPanel:1589 - setPackage(No Configuration,No Configuration)
2025-11-30 13:55:45,009 [INFO] CADModel:165 - CPN selected for project level
2025-11-30 13:55:45,019 [INFO] CADModel:114 - Register for checkConnection events
2025-11-30 13:55:45,033 [INFO] IPUIPlugin:80 - create IPUIPlugin
2025-11-30 13:55:45,033 [INFO] PluginManager:220 - loadIPPluginJar : add adc
2025-11-30 13:55:45,035 [INFO] IPUIPlugin:80 - create IPUIPlugin
2025-11-30 13:55:45,035 [INFO] PluginManager:220 - loadIPPluginJar : add aes
2025-11-30 13:55:45,037 [INFO] IPUIPlugin:80 - create IPUIPlugin
2025-11-30 13:55:45,037 [INFO] PluginManager:220 - loadIPPluginJar : add can
2025-11-30 13:55:45,037 [INFO] IPUIPlugin:80 - create IPUIPlugin
2025-11-30 13:55:45,037 [INFO] PluginManager:220 - loadIPPluginJar : add comp
2025-11-30 13:55:45,037 [INFO] IPUIPlugin:80 - create IPUIPlugin
2025-11-30 13:55:45,037 [INFO] PluginManager:220 - loadIPPluginJar : add cryp
2025-11-30 13:55:45,037 [INFO] IPUIPlugin:80 - create IPUIPlugin
2025-11-30 13:55:45,037 [INFO] PluginManager:220 - loadIPPluginJar : add ddr_ctrl_phy
2025-11-30 13:55:45,037 [INFO] IPUIPlugin:80 - create IPUIPlugin
2025-11-30 13:55:45,037 [INFO] PluginManager:220 - loadIPPluginJar : add dfsdm
2025-11-30 13:55:45,037 [INFO] IPUIPlugin:80 - create IPUIPlugin
2025-11-30 13:55:45,037 [INFO] PluginManager:220 - loadIPPluginJar : add dma
2025-11-30 13:55:45,053 [INFO] IPUIPlugin:80 - create IPUIPlugin
2025-11-30 13:55:45,053 [INFO] PluginManager:220 - loadIPPluginJar : add dma3
2025-11-30 13:55:45,053 [INFO] IPUIPlugin:80 - create IPUIPlugin
2025-11-30 13:55:45,053 [INFO] PluginManager:220 - loadIPPluginJar : add extmemmanager
2025-11-30 13:55:45,053 [INFO] IPUIPlugin:80 - create IPUIPlugin
2025-11-30 13:55:45,053 [INFO] PluginManager:220 - loadIPPluginJar : add fatfs
2025-11-30 13:55:45,053 [INFO] IPUIPlugin:80 - create IPUIPlugin
2025-11-30 13:55:45,053 [INFO] PluginManager:220 - loadIPPluginJar : add fmc
2025-11-30 13:55:45,067 [INFO] IPUIPlugin:80 - create IPUIPlugin
2025-11-30 13:55:45,067 [INFO] PluginManager:220 - loadIPPluginJar : add freertos
2025-11-30 13:55:45,067 [INFO] IPUIPlugin:80 - create IPUIPlugin
2025-11-30 13:55:45,067 [INFO] PluginManager:220 - loadIPPluginJar : add genericplugin
2025-11-30 13:55:45,070 [INFO] IPUIPlugin:80 - create IPUIPlugin
2025-11-30 13:55:45,070 [INFO] PluginManager:220 - loadIPPluginJar : add gfxmmu
2025-11-30 13:55:45,074 [INFO] IPUIPlugin:80 - create IPUIPlugin
2025-11-30 13:55:45,074 [INFO] PluginManager:220 - loadIPPluginJar : add gic
2025-11-30 13:55:45,076 [INFO] IPUIPlugin:80 - create IPUIPlugin
2025-11-30 13:55:45,076 [INFO] PluginManager:220 - loadIPPluginJar : add gpio
2025-11-30 13:55:45,078 [INFO] IPUIPlugin:80 - create IPUIPlugin
2025-11-30 13:55:45,078 [INFO] PluginManager:220 - loadIPPluginJar : add gtzc
2025-11-30 13:55:45,081 [INFO] IPUIPlugin:80 - create IPUIPlugin
2025-11-30 13:55:45,081 [INFO] PluginManager:220 - loadIPPluginJar : add hash
2025-11-30 13:55:45,084 [INFO] IPUIPlugin:80 - create IPUIPlugin
2025-11-30 13:55:45,084 [INFO] PluginManager:220 - loadIPPluginJar : add i2c
2025-11-30 13:55:45,087 [INFO] IPUIPlugin:80 - create IPUIPlugin
2025-11-30 13:55:45,087 [INFO] PluginManager:220 - loadIPPluginJar : add i2s
2025-11-30 13:55:45,089 [INFO] IPUIPlugin:80 - create IPUIPlugin
2025-11-30 13:55:45,089 [INFO] PluginManager:220 - loadIPPluginJar : add i3c
2025-11-30 13:55:45,089 [INFO] IPUIPlugin:80 - create IPUIPlugin
2025-11-30 13:55:45,089 [INFO] PluginManager:220 - loadIPPluginJar : add ipddr
2025-11-30 13:55:45,089 [INFO] IPUIPlugin:80 - create IPUIPlugin
2025-11-30 13:55:45,089 [INFO] PluginManager:220 - loadIPPluginJar : add linkedlist
2025-11-30 13:55:45,100 [INFO] IPUIPlugin:80 - create IPUIPlugin
2025-11-30 13:55:45,100 [INFO] PluginManager:220 - loadIPPluginJar : add lorawan
2025-11-30 13:55:45,100 [INFO] IPUIPlugin:80 - create IPUIPlugin
2025-11-30 13:55:45,100 [INFO] PluginManager:220 - loadIPPluginJar : add ltdc
2025-11-30 13:55:45,100 [INFO] IPUIPlugin:80 - create IPUIPlugin
2025-11-30 13:55:45,100 [INFO] PluginManager:220 - loadIPPluginJar : add mdma
2025-11-30 13:55:45,108 [INFO] IPUIPlugin:80 - create IPUIPlugin
2025-11-30 13:55:45,108 [INFO] PluginManager:220 - loadIPPluginJar : add nvic
2025-11-30 13:55:45,112 [INFO] IPUIPlugin:80 - create IPUIPlugin
2025-11-30 13:55:45,112 [INFO] PluginManager:220 - loadIPPluginJar : add opamp
2025-11-30 13:55:45,115 [INFO] IPUIPlugin:80 - create IPUIPlugin
2025-11-30 13:55:45,115 [INFO] PluginManager:220 - loadIPPluginJar : add openamp
2025-11-30 13:55:45,116 [INFO] IPUIPlugin:80 - create IPUIPlugin
2025-11-30 13:55:45,116 [INFO] PluginManager:220 - loadIPPluginJar : add pdm2pcm
2025-11-30 13:55:45,116 [INFO] IPUIPlugin:80 - create IPUIPlugin
2025-11-30 13:55:45,116 [INFO] PluginManager:220 - loadIPPluginJar : add plateformsettings
2025-11-30 13:55:45,116 [INFO] IPUIPlugin:80 - create IPUIPlugin
2025-11-30 13:55:45,116 [INFO] PluginManager:220 - loadIPPluginJar : add quadspi
2025-11-30 13:55:45,127 [INFO] IPUIPlugin:80 - create IPUIPlugin
2025-11-30 13:55:45,127 [INFO] PluginManager:220 - loadIPPluginJar : add radio
2025-11-30 13:55:45,131 [INFO] IPUIPlugin:80 - create IPUIPlugin
2025-11-30 13:55:45,131 [INFO] PluginManager:220 - loadIPPluginJar : add resmgrutility
2025-11-30 13:55:45,132 [INFO] IPUIPlugin:80 - create IPUIPlugin
2025-11-30 13:55:45,132 [INFO] PluginManager:220 - loadIPPluginJar : add sai
2025-11-30 13:55:45,132 [INFO] IPUIPlugin:80 - create IPUIPlugin
2025-11-30 13:55:45,132 [INFO] PluginManager:220 - loadIPPluginJar : add spi
2025-11-30 13:55:45,142 [INFO] IPUIPlugin:80 - create IPUIPlugin
2025-11-30 13:55:45,142 [INFO] PluginManager:220 - loadIPPluginJar : add stm32_wpan
2025-11-30 13:55:45,142 [INFO] IPUIPlugin:80 - create IPUIPlugin
2025-11-30 13:55:45,142 [INFO] PluginManager:220 - loadIPPluginJar : add tim
2025-11-30 13:55:45,144 [INFO] IPUIPlugin:80 - create IPUIPlugin
2025-11-30 13:55:45,144 [INFO] PluginManager:220 - loadIPPluginJar : add touchsensing
2025-11-30 13:55:45,149 [INFO] IPUIPlugin:80 - create IPUIPlugin
2025-11-30 13:55:45,149 [INFO] PluginManager:220 - loadIPPluginJar : add tracer_emb
2025-11-30 13:55:45,149 [INFO] IPUIPlugin:80 - create IPUIPlugin
2025-11-30 13:55:45,149 [INFO] PluginManager:220 - loadIPPluginJar : add ts
2025-11-30 13:55:45,149 [INFO] IPUIPlugin:80 - create IPUIPlugin
2025-11-30 13:55:45,149 [INFO] PluginManager:220 - loadIPPluginJar : add tsc
2025-11-30 13:55:45,155 [INFO] IPUIPlugin:80 - create IPUIPlugin
2025-11-30 13:55:45,157 [INFO] PluginManager:220 - loadIPPluginJar : add ucpd
2025-11-30 13:55:45,157 [INFO] IPUIPlugin:80 - create IPUIPlugin
2025-11-30 13:55:45,157 [INFO] PluginManager:220 - loadIPPluginJar : add usart
2025-11-30 13:55:45,160 [INFO] IPUIPlugin:80 - create IPUIPlugin
2025-11-30 13:55:45,160 [INFO] PluginManager:220 - loadIPPluginJar : add usbx
2025-11-30 13:55:45,281 [FATAL] Updater:351 - Updater called before beeing initialized
2025-11-30 13:55:45,298 [INFO] RulesReader:64 - Compatibility file has been processed (317 Rules)
2025-11-30 13:55:45,313 [INFO] RulesReader:64 - Compatibility file has been processed (317 Rules)
2025-11-30 13:55:45,333 [INFO] CADModel:165 - CPN selected for project level
2025-11-30 13:55:45,333 [INFO] CADModel:114 - Register for checkConnection events
2025-11-30 13:55:45,333 [FATAL] Updater:351 - Updater called before beeing initialized
2025-11-30 13:55:45,333 [ERROR] CADModel:125 - Updater not yet initialized, retry later 
2025-11-30 13:55:46,371 [FATAL] Updater:351 - Updater called before beeing initialized
2025-11-30 13:55:46,376 [INFO] CADModel:165 - CPN selected for project level
2025-11-30 13:55:46,376 [INFO] CADModel:114 - Register for checkConnection events
2025-11-30 13:55:46,376 [FATAL] Updater:351 - Updater called before beeing initialized
2025-11-30 13:55:46,376 [ERROR] CADModel:125 - Updater not yet initialized, retry later 
2025-11-30 13:55:46,376 [FATAL] Updater:351 - Updater called before beeing initialized
2025-11-30 13:55:46,471 [FATAL] Updater:351 - Updater called before beeing initialized
2025-11-30 13:55:46,471 [INFO] DbMcusAds:53 - JSON generation date=Mon Nov 10 18:43:00 CST 2025 (1762771380761)
2025-11-30 13:55:46,471 [FATAL] Updater:351 - Updater called before beeing initialized
2025-11-30 13:55:46,510 [WARN] DetailPanel:346 - Failed to get advertising image, set to default
2025-11-30 13:55:46,578 [FATAL] Updater:351 - Updater called before beeing initialized
2025-11-30 13:55:46,578 [FATAL] Updater:351 - Updater called before beeing initialized
2025-11-30 13:55:46,578 [FATAL] Updater:351 - Updater called before beeing initialized
2025-11-30 13:55:46,578 [WARN] DetailPanel:346 - Failed to get advertising image, set to default
2025-11-30 13:55:46,578 [FATAL] Updater:351 - Updater called before beeing initialized
2025-11-30 13:55:46,616 [ERROR] Updater:1198 - MainUpdater not yet initialized. External WinMGr cannot be set.
2025-11-30 13:55:46,616 [INFO] Updater:1134 - Updater Version found : 6.15.0
2025-11-30 13:55:46,630 [INFO] ApplicationProperties:184 - Using Application install path: C:\ST\STM32CubeIDE_1.19.0\STM32CubeIDE\plugins\com.st.stm32cube.common.mx_6.15.0.202507011659
2025-11-30 13:55:46,694 [INFO] ThirdPartyUpdaterWithRetryManager:70 - Updater plugin not ready yet. [2/15]
2025-11-30 13:55:48,752 [ERROR] LogOutputStream:75 - [STDERR_REDIRECT] Nov 30, 2025 1:55:48 PM java.util.prefs.WindowsPreferences <init>
2025-11-30 13:55:48,759 [ERROR] LogOutputStream:75 - [STDERR_REDIRECT] WARNING: Could not open/create prefs root node Software\JavaSoft\Prefs at root 0xffffffff80000002. Windows RegCreateKeyEx(...) returned error code 5.
2025-11-30 13:55:48,759 [ERROR] LogOutputStream:75 - [STDERR_REDIRECT] 
2025-11-30 13:55:49,069 [INFO] MainUpdater:2872 - connection check result : 10
2025-11-30 13:55:49,069 [INFO] MainUpdater:289 - Updater Check For Update Now.
2025-11-30 13:55:49,069 [INFO] MicroXplorer:498 - Change Database Version : DB.6.0.150
2025-11-30 13:55:49,264 [INFO] CheckServerUpdateThread:120 - End of CheckServer Thread
2025-11-30 13:55:49,283 [INFO] MainUpdater:2872 - connection check result : 10
2025-11-30 13:55:49,283 [INFO] MainUpdater:2872 - connection check result : 10
2025-11-30 13:55:49,314 [INFO] MicroXplorer:468 - Change Database Path : 
2025-11-30 13:55:49,314 [INFO] MicroXplorer:498 - Change Database Version : DB.6.0.150
2025-11-30 13:55:49,346 [WARN] ThirdParty:871 - waiting for thirdparty lock release [close project]
2025-11-30 13:55:51,675 [WARN] PackLoader:240 - Cannot read IP mode file for STMicroelectronics.FP-SNS-MOTENVWB1.1.4.0
2025-11-30 13:55:51,681 [WARN] PackLoader:240 - Cannot read IP mode file for STMicroelectronics.FP-ATR-ASTRA1.2.0.2
2025-11-30 13:55:51,687 [WARN] PackLoader:240 - Cannot read IP mode file for STMicroelectronics.X-CUBE-SMBUS.2.1.0
2025-11-30 13:55:51,691 [WARN] PackLoader:240 - Cannot read IP mode file for STMicroelectronics.X-CUBE-ST60.1.0.0
2025-11-30 13:55:51,711 [WARN] PackLoader:240 - Cannot read IP mode file for STMicroelectronics.X-CUBE-AZRTOS-F7.1.1.0
2025-11-30 13:55:51,717 [WARN] PackLoader:240 - Cannot read IP mode file for STMicroelectronics.FP-SNS-MOTENV1.5.1.0
2025-11-30 13:55:51,724 [WARN] PackLoader:240 - Cannot read IP mode file for WES.I-CUBE-Cesium.1.4.0
2025-11-30 13:55:51,746 [WARN] PackLoader:240 - Cannot read IP mode file for Infineon.AIROC-Wi-Fi-Bluetooth-STM32.1.7.1
2025-11-30 13:55:51,764 [WARN] PackLoader:240 - Cannot read IP mode file for STMicroelectronics.X-CUBE-AZRTOS-H7.3.4.0
2025-11-30 13:55:51,765 [WARN] PackLoader:240 - Cannot read IP mode file for STMicroelectronics.X-CUBE-DISPLAY.3.0.0
2025-11-30 13:55:51,783 [WARN] PackLoader:240 - Cannot read IP mode file for STMicroelectronics.X-CUBE-NFC10.1.0.0
2025-11-30 13:55:51,787 [WARN] PackLoader:240 - Cannot read IP mode file for STMicroelectronics.X-CUBE-ST60.1.1.0
2025-11-30 13:55:51,792 [WARN] PackLoader:240 - Cannot read IP mode file for emotas.I-CUBE-CANOPEN.1.3.0
2025-11-30 13:55:51,796 [WARN] PackLoader:240 - Cannot read IP mode file for STMicroelectronics.X-CUBE-GNSS1.7.1.0
2025-11-30 13:55:51,802 [WARN] PackLoader:240 - Cannot read IP mode file for STMicroelectronics.FP-SNS-STBOX1.2.1.0
2025-11-30 13:55:51,807 [WARN] PackLoader:240 - Cannot read IP mode file for STMicroelectronics.FP-SNS-SMARTAG2.1.2.0
2025-11-30 13:55:51,810 [WARN] PackLoader:240 - Cannot read IP mode file for STMicroelectronics.FP-SNS-FLIGHT1.5.1.0
2025-11-30 13:55:51,817 [INFO] LogOutputStream:77 - [STDOUT_REDIRECT] 1 : Invalid condition id : UX_CORESTACK_Condition cause : null
2025-11-30 13:55:51,818 [INFO] LogOutputStream:77 - [STDOUT_REDIRECT] 1 : Invalid condition id : UX_CORESTACK_Condition cause : null
2025-11-30 13:55:51,819 [INFO] LogOutputStream:77 - [STDOUT_REDIRECT] 1 : Invalid condition id : UX_CORESTACK_Condition cause : null
2025-11-30 13:55:51,819 [INFO] LogOutputStream:77 - [STDOUT_REDIRECT] 1 : Invalid condition id : UX_CORESTACK_Condition cause : null
2025-11-30 13:55:51,819 [INFO] LogOutputStream:77 - [STDOUT_REDIRECT] 1 : Invalid condition id : UX_CORESTACK_Condition cause : null
2025-11-30 13:55:51,819 [WARN] PackLoader:240 - Cannot read IP mode file for STMicroelectronics.X-CUBE-AZRTOS-WL.2.0.0
2025-11-30 13:55:51,819 [WARN] PackLoader:240 - Cannot read IP mode file for STMicroelectronics.FP-SNS-MOTENV1.5.0.0
2025-11-30 13:55:51,837 [WARN] PackLoader:240 - Cannot read IP mode file for STMicroelectronics.X-CUBE-AZRTOS-H7RS.1.2.0
2025-11-30 13:55:51,843 [WARN] PackLoader:240 - Cannot read IP mode file for STMicroelectronics.X-CUBE-BLE2.3.3.0
2025-11-30 13:55:51,862 [WARN] PackLoader:240 - Cannot read IP mode file for STMicroelectronics.X-CUBE-NFC9.1.0.0
2025-11-30 13:55:51,867 [WARN] PackLoader:240 - Cannot read IP mode file for wolfSSL.I-CUBE-wolfSSL.5.8.2
2025-11-30 13:55:51,867 [WARN] PackLoader:240 - Cannot read IP mode file for STMicroelectronics.X-CUBE-BLE1.7.1.0
2025-11-30 13:55:51,873 [WARN] PackLoader:240 - Cannot read IP mode file for wolfSSL.I-CUBE-wolfMQTT.1.19.2
2025-11-30 13:55:51,873 [WARN] PackLoader:240 - Cannot read IP mode file for STMicroelectronics.X-CUBE-FREERTOS.1.4.0
2025-11-30 13:55:51,873 [WARN] PackLoader:240 - Cannot read IP mode file for STMicroelectronics.X-CUBE-EEPRMA1.5.2.0
2025-11-30 13:55:51,887 [WARN] PackLoader:240 - Cannot read IP mode file for STMicroelectronics.X-CUBE-ST67W61.1.1.0
2025-11-30 13:55:51,914 [WARN] PackLoader:240 - Cannot read IP mode file for STMicroelectronics.X-CUBE-MEMS1.12.0.0
2025-11-30 13:55:52,028 [WARN] PackLoader:240 - Cannot read IP mode file for STMicroelectronics.X-CUBE-AZRTOS-G0.1.1.0
2025-11-30 13:55:52,034 [WARN] PackLoader:240 - Cannot read IP mode file for STMicroelectronics.X-CUBE-SAFEA1.1.2.2
2025-11-30 13:55:52,039 [WARN] PackLoader:240 - Cannot read IP mode file for STMicroelectronics.X-CUBE-NFC4.3.0.0
2025-11-30 13:55:52,039 [WARN] PackLoader:240 - Cannot read IP mode file for EmbeddedOffice.I-CUBE-FS-RTOS.1.0.1
2025-11-30 13:55:52,039 [WARN] PackLoader:240 - Cannot read IP mode file for STMicroelectronics.X-CUBE-WB05N.2.0.0
2025-11-30 13:55:52,055 [WARN] PackLoader:240 - Cannot read IP mode file for wolfSSL.I-CUBE-wolfTPM.3.8.0
2025-11-30 13:55:52,055 [WARN] PackLoader:240 - Cannot read IP mode file for STMicroelectronics.X-CUBE-TCPP.4.2.0
2025-11-30 13:55:52,055 [WARN] PackLoader:240 - Cannot read IP mode file for RealThread.X-CUBE-RT-Thread_Nano.4.1.1
2025-11-30 13:55:52,071 [WARN] PackLoader:240 - Cannot read IP mode file for STMicroelectronics.FP-ATR-SIGFOX1.3.2.0
2025-11-30 13:55:52,071 [WARN] PackLoader:240 - Cannot read IP mode file for ITTIA_DB.I-CUBE-ITTIADB.8.9.0
2025-11-30 13:55:52,071 [WARN] PackLoader:240 - Cannot read IP mode file for STMicroelectronics.X-CUBE-ST67W61.1.0.0
2025-11-30 13:55:52,086 [WARN] PackLoader:240 - Cannot read IP mode file for STMicroelectronics.X-CUBE-AI.10.2.0
2025-11-30 13:55:52,102 [WARN] PackLoader:240 - Cannot read IP mode file for SEGGER.I-CUBE-embOS.1.3.1
2025-11-30 13:55:52,119 [WARN] PackLoader:240 - Cannot read IP mode file for STMicroelectronics.X-CUBE-ALGOBUILD.1.4.0
2025-11-30 13:55:52,150 [WARN] PackLoader:240 - Cannot read IP mode file for STMicroelectronics.X-CUBE-MEMS1.11.3.0
2025-11-30 13:55:53,054 [WARN] PackLoader:240 - Cannot read IP mode file for STMicroelectronics.X-CUBE-PM33A1.1.0.0
2025-11-30 13:55:53,070 [WARN] PackLoader:240 - Cannot read IP mode file for STMicroelectronics.X-CUBE-AZRTOS-F4.1.1.0
2025-11-30 13:55:53,070 [WARN] PackLoader:240 - Cannot read IP mode file for Avnet-IotConnect.X-CUBE-IoTC-DA16k-PMOD.1.0.0
2025-11-30 13:55:53,074 [WARN] PackLoader:240 - Cannot read IP mode file for STMicroelectronics.X-CUBE-ISPU.2.1.0
2025-11-30 13:55:53,083 [WARN] PackLoader:240 - Cannot read IP mode file for STMicroelectronics.X-CUBE-IPS.3.2.0
2025-11-30 13:55:53,090 [WARN] PackLoader:240 - Cannot read IP mode file for STMicroelectronics.X-CUBE-NFC12.1.0.0
2025-11-30 13:55:53,100 [WARN] PackLoader:240 - Cannot read IP mode file for STMicroelectronics.X-CUBE-AZRTOS-L5.2.0.0
2025-11-30 13:55:53,102 [WARN] PackLoader:240 - Cannot read IP mode file for STMicroelectronics.X-CUBE-NFC6.3.1.0
2025-11-30 13:55:53,102 [WARN] PackLoader:240 - Cannot read IP mode file for STMicroelectronics.X-CUBE-FREERTOS.1.3.1
2025-11-30 13:55:53,102 [WARN] PackLoader:240 - Cannot read IP mode file for STMicroelectronics.X-CUBE-TOUCHGFX.4.26.0
2025-11-30 13:55:53,117 [WARN] PackLoader:240 - Cannot read IP mode file for STMicroelectronics.FP-SNS-STAIOTCFT.1.0.0
2025-11-30 13:55:53,124 [WARN] PackLoader:240 - Cannot read IP mode file for STMicroelectronics.X-CUBE-DPower.1.3.0
2025-11-30 13:55:53,124 [WARN] ConditionMgr:438 - getConditionDescription Invalid condition id : LAN8742 Phy interface Condition cause : null
2025-11-30 13:55:53,133 [WARN] PackLoader:240 - Cannot read IP mode file for STMicroelectronics.X-CUBE-AZRTOS-L4.2.0.0
2025-11-30 13:55:53,133 [WARN] ConditionMgr:1044 - genDependencies : Invalid condition id : LAN8742 Phy interface Condition cause : null
2025-11-30 13:55:53,133 [WARN] ConditionMgr:1044 - genDependencies : Invalid condition id : LAN8742 Phy interface Condition cause : null
2025-11-30 13:55:53,133 [WARN] ConditionMgr:1044 - genDependencies : Invalid condition id : LAN8742 Phy interface Condition cause : null
2025-11-30 13:55:53,133 [WARN] PackLoader:240 - Cannot read IP mode file for STMicroelectronics.X-CUBE-SFXS2LP1.4.0.0
2025-11-30 13:55:53,145 [WARN] PackLoader:240 - Cannot read IP mode file for STMicroelectronics.X-CUBE-BLEMGR.4.1.0
2025-11-30 13:55:53,149 [WARN] ConditionMgr:438 - getConditionDescription Invalid condition id : UX DEVICE CLASS RTOS Condition cause : null
2025-11-30 13:55:53,149 [WARN] ConditionMgr:438 - getConditionDescription Invalid condition id : UX DEVICE CLASS RTOS Condition cause : null
2025-11-30 13:55:53,149 [WARN] PackLoader:240 - Cannot read IP mode file for STMicroelectronics.X-CUBE-AZRTOS-WB.2.0.0
2025-11-30 13:55:53,149 [WARN] ConditionMgr:1044 - genDependencies : Invalid condition id : UX DEVICE CLASS RTOS Condition cause : null
2025-11-30 13:55:53,149 [WARN] ConditionMgr:1044 - genDependencies : Invalid condition id : UX DEVICE CLASS RTOS Condition cause : null
2025-11-30 13:55:53,149 [WARN] ConditionMgr:1044 - genDependencies : Invalid condition id : UX DEVICE CLASS RTOS Condition cause : null
2025-11-30 13:55:53,149 [WARN] ConditionMgr:1044 - genDependencies : Invalid condition id : UX DEVICE CLASS RTOS Condition cause : null
2025-11-30 13:55:53,149 [WARN] ConditionMgr:1044 - genDependencies : Invalid condition id : UX DEVICE CLASS RTOS Condition cause : null
2025-11-30 13:55:53,149 [WARN] PackLoader:240 - Cannot read IP mode file for STMicroelectronics.X-CUBE-GNSS1.7.0.1
2025-11-30 13:55:53,149 [WARN] PackLoader:240 - Cannot read IP mode file for STMicroelectronics.X-CUBE-TOUCHGFX.4.25.0
2025-11-30 13:55:53,165 [WARN] ConditionMgr:438 - getConditionDescription Invalid condition id : Cortex-A Device cause : null
2025-11-30 13:55:53,165 [WARN] ConditionMgr:1044 - genDependencies : Invalid condition id : Cortex-A Device cause : null
2025-11-30 13:55:53,165 [WARN] ConditionMgr:1044 - genDependencies : Invalid condition id : Cortex-A Device cause : null
2025-11-30 13:55:53,165 [WARN] ConditionMgr:1044 - genDependencies : Invalid condition id : Cortex-A Device cause : null
2025-11-30 13:55:53,179 [WARN] PackLoader:240 - Cannot read IP mode file for STMicroelectronics.X-CUBE-SUBG2.5.0.0
2025-11-30 13:55:53,181 [WARN] PackLoader:240 - Cannot read IP mode file for STMicroelectronics.X-CUBE-AZRTOS-H7RS.1.1.0
2025-11-30 13:55:53,194 [WARN] PackLoader:240 - Cannot read IP mode file for Cesanta.I-CUBE-Mongoose.7.13.0
2025-11-30 13:55:53,201 [WARN] PackLoader:240 - Cannot read IP mode file for STMicroelectronics.X-CUBE-AZRTOS-G4.2.0.0
2025-11-30 13:55:53,203 [WARN] PackLoader:240 - Cannot read IP mode file for wolfSSL.I-CUBE-wolfSSH.1.4.20
2025-11-30 13:55:53,203 [WARN] PackLoader:240 - Cannot read IP mode file for STMicroelectronics.X-CUBE-NFC7.2.0.0
2025-11-30 13:55:53,214 [WARN] PackLoader:240 - Cannot read IP mode file for STMicroelectronics.X-CUBE-IPS.3.1.0
2025-11-30 13:55:53,216 [WARN] PackLoader:240 - Cannot read IP mode file for STMicroelectronics.X-CUBE-ALS.1.0.2
2025-11-30 13:55:53,221 [WARN] PackLoader:240 - Cannot read IP mode file for STMicroelectronics.X-CUBE-STSE01.1.0.0
2025-11-30 13:55:53,231 [WARN] PackLoader:240 - Cannot read IP mode file for STMicroelectronics.X-CUBE-TOF1.3.4.3
2025-11-30 13:55:53,244 [INFO] ThirdParty:978 - Integrity check success = true
2025-11-30 13:55:53,244 [INFO] IntegrityCheckThread:100 - exiting critical section [integrity check]
2025-11-30 13:55:53,244 [INFO] IntegrityCheckThread:103 - End integrity checks thread
2025-11-30 13:55:53,244 [INFO] ThirdParty:873 - entering critical section [close project]
2025-11-30 13:55:53,244 [INFO] ThirdParty:883 - exiting critical section [close project]
2025-11-30 13:55:53,244 [INFO] PinOutPanel:1589 - setPackage(No Configuration,No Configuration)
2025-11-30 13:55:53,244 [INFO] UtilMem:75 - Begin LoadConfig() Used Memory: 183531360 Bytes (346030080)
2025-11-30 13:55:53,244 [INFO] MicroXplorer:468 - Change Database Path : 
2025-11-30 13:55:53,244 [INFO] MicroXplorer:498 - Change Database Version : DB.6.0.150
2025-11-30 13:55:53,244 [INFO] OpenFileManager:355 - Change cursor
2025-11-30 13:55:53,295 [INFO] Mcu:2029 - Initializing MCU STM32L476R(C-E-G)Tx STM32L476RGTx STM32L476RGT3
2025-11-30 13:55:54,433 [INFO] McuFinderGlobals:63 - Set McuFinder mode to 2 (CubeIDE integrated)
2025-11-30 13:55:54,433 [INFO] UserAuth:171 - activating auth plugin
2025-11-30 13:55:54,436 [INFO] UserAuth:487 - Internet connection configuration mode: 1
2025-11-30 13:55:54,457 [INFO] JxBrowserEngine:152 - Initiate JxBrowser Engine with user profile folder
2025-11-30 13:55:56,307 [INFO] WebApp:169 - Instantiating new browser for Auth
2025-11-30 13:55:56,616 [INFO] Context:786 - Trying to add GPIOservice into a context  which must be forbidden
2025-11-30 13:55:57,175 [INFO] ImportTextPane:234 - (OptionalMessage_ERROR) Pin24 (VP_RIF_VS_RIF1) cannot be retrieved for this MCU
2025-11-30 13:55:57,396 [INFO] RtosManager:558 - Registered RTOS mode: class=CMSIS, group=RTOS, mode=CMSIS_V1, owner=FREERTOS
2025-11-30 13:55:57,396 [INFO] RtosManager:558 - Registered RTOS mode: class=CMSIS, group=RTOS2, mode=CMSIS_V2, owner=FREERTOS
2025-11-30 13:55:57,397 [INFO] RtosManager:558 - Registered RTOS mode: class=RTOS, group=Core, mode=CMSIS_V1, owner=FREERTOS
2025-11-30 13:55:57,397 [INFO] RtosManager:558 - Registered RTOS mode: class=RTOS, group=Core, mode=CMSIS_V2, owner=FREERTOS
2025-11-30 13:55:57,397 [WARN] ModelIntegratedComponent:184 - Missing modes for component STMicroelectronics:FreeRTOS:0.0.1:STMicroelectronics:RTOS:FreeRTOS:Core:::10.2.0:
2025-11-30 13:55:57,419 [WARN] ModelIntegratedComponent:63 - No mode defined for component null
2025-11-30 13:55:57,419 [WARN] ModelIntegratedComponent:63 - No mode defined for component null
2025-11-30 13:55:57,419 [WARN] ModelIntegratedComponent:63 - No mode defined for component null
2025-11-30 13:55:57,419 [WARN] ModelIntegratedComponent:63 - No mode defined for component null
2025-11-30 13:55:57,419 [WARN] ModelIntegratedComponent:63 - No mode defined for component null
2025-11-30 13:55:57,419 [WARN] ModelIntegratedComponent:63 - No mode defined for component null
2025-11-30 13:55:57,419 [WARN] ModelIntegratedComponent:63 - No mode defined for component null
2025-11-30 13:55:57,419 [WARN] ModelIntegratedComponent:63 - No mode defined for component null
2025-11-30 13:55:57,420 [WARN] ModelIntegratedComponent:63 - No mode defined for component null
2025-11-30 13:55:57,420 [WARN] ModelIntegratedComponent:63 - No mode defined for component null
2025-11-30 13:55:57,420 [WARN] ModelIntegratedComponent:63 - No mode defined for component null
2025-11-30 13:55:57,420 [WARN] ModelIntegratedComponent:63 - No mode defined for component null
2025-11-30 13:55:57,420 [WARN] ModelIntegratedComponent:63 - No mode defined for component null
2025-11-30 13:55:57,420 [WARN] ModelIntegratedComponent:63 - No mode defined for component null
2025-11-30 13:55:57,420 [WARN] ModelIntegratedComponent:63 - No mode defined for component null
2025-11-30 13:55:57,420 [WARN] ModelIntegratedComponent:63 - No mode defined for component null
2025-11-30 13:55:57,420 [WARN] ModelIntegratedComponent:63 - No mode defined for component null
2025-11-30 13:55:57,420 [WARN] ModelIntegratedComponent:63 - No mode defined for component null
2025-11-30 13:55:57,420 [WARN] ModelIntegratedComponent:63 - No mode defined for component null
2025-11-30 13:55:57,420 [WARN] ModelIntegratedComponent:63 - No mode defined for component null
2025-11-30 13:55:57,420 [WARN] ModelIntegratedComponent:63 - No mode defined for component null
2025-11-30 13:55:57,420 [WARN] ModelIntegratedComponent:63 - No mode defined for component null
2025-11-30 13:55:57,420 [WARN] ModelIntegratedComponent:63 - No mode defined for component null
2025-11-30 13:55:57,420 [WARN] ModelIntegratedComponent:63 - No mode defined for component null
2025-11-30 13:55:57,420 [WARN] ModelIntegratedComponent:63 - No mode defined for component null
2025-11-30 13:55:57,420 [WARN] ModelIntegratedComponent:63 - No mode defined for component null
2025-11-30 13:55:57,420 [WARN] ModelIntegratedComponent:63 - No mode defined for component null
2025-11-30 13:55:57,420 [WARN] ModelIntegratedComponent:63 - No mode defined for component null
2025-11-30 13:55:57,420 [WARN] ModelIntegratedComponent:63 - No mode defined for component null
2025-11-30 13:55:57,421 [WARN] ModelIntegratedComponent:63 - No mode defined for component null
2025-11-30 13:55:57,421 [WARN] ModelIntegratedComponent:63 - No mode defined for component null
2025-11-30 13:55:57,421 [WARN] ModelIntegratedComponent:63 - No mode defined for component null
2025-11-30 13:55:57,421 [WARN] ModelIntegratedComponent:63 - No mode defined for component null
2025-11-30 13:55:57,421 [WARN] ModelIntegratedComponent:63 - No mode defined for component null
2025-11-30 13:55:57,421 [WARN] ModelIntegratedComponent:63 - No mode defined for component null
2025-11-30 13:55:57,421 [WARN] ModelPack:524 - Component already loaded: STMicroelectronics:HAL Drivers:0.0.0:STMicroelectronics:Device:STMicro_Driver:XSPI:HAL::0.0.1:HAL_XSPI
2025-11-30 13:55:57,502 [INFO] ThirdPartyModel:298 - Start build external matchings
2025-11-30 13:55:57,932 [INFO] WebApp:463 - Apply proxy settings
2025-11-30 13:55:57,933 [INFO] WebApp:548 - Chromium requires no authentication
2025-11-30 13:55:57,970 [INFO] WebApp:491 - Direct internet connection detected
2025-11-30 13:55:58,045 [INFO] WebApp:900 - Register for checkConnection events
2025-11-30 13:55:58,045 [INFO] WebApp:463 - Apply proxy settings
2025-11-30 13:55:58,045 [INFO] WebApp:548 - Chromium requires no authentication
2025-11-30 13:55:58,045 [INFO] WebApp:491 - Direct internet connection detected
2025-11-30 13:55:58,222 [INFO] ThirdPartyModel:316 - End build external matchings
2025-11-30 13:55:58,246 [INFO] RtosManager:1018 - Current active RTOS is FREERTOS [Cortex-M4NS]
2025-11-30 13:55:58,255 [INFO] WebApp:191 - Connection restablished
2025-11-30 13:55:58,733 [INFO] ApiDb:581 - Connected to CubeFinder SQLite database (C:\Users\user\.stmcufinder\plugins\mcufinder\mcu\cube-finder-db.db)
2025-11-30 13:55:58,756 [INFO] WebApp:225 - Starting web application
2025-11-30 13:55:58,756 [INFO] WebApp:593 - Web application path used C:\ST\STM32CubeIDE_1.19.0\STM32CubeIDE\plugins\com.st.stm32cube.common.mx_6.15.0.202507011659\db\plugins\mcufinder\reactClient1\index.html
2025-11-30 13:55:58,923 [INFO] ApiDb:668 - CubeFinder database Data Model version=2.1
2025-11-30 13:55:58,923 [INFO] ApiDb:669 - CubeFinder database Configuration version=3.0.39
2025-11-30 13:55:58,924 [INFO] ApiDb:670 - CubeFinder database generation date=2025-11-05 (1762334721)
2025-11-30 13:55:58,924 [INFO] ApiDb:671 - CubeFinder database FW Pack versions=[FP-ATR-ASTRA1_V2.0.0, FP-SNS-FLIGHT1_V5.1.0, FP-SNS-MOTENV1_V5.1.0, FP-SNS-MOTENVWB1_V1.4.0, FP-SNS-SMARTAG2_V1.2.0, FP-SNS-STBOX1_V2.1.0, STM32Cube_FW_C0_V1.4.0, STM32Cube_FW_F4_V1.28.3, STM32Cube_FW_F7_V1.17.4, STM32Cube_FW_G0_V1.6.2, STM32Cube_FW_G4_V1.6.1, STM32Cube_FW_H5_V1.5.1, STM32Cube_FW_H7RS_V1.3.0, STM32Cube_FW_H7_V1.12.1, STM32Cube_FW_L0_V1.12.2, STM32Cube_FW_L4_V1.18.1, STM32Cube_FW_L5_V1.6.0, STM32Cube_FW_N6_V1.3.0, STM32Cube_FW_U0_V1.3.0, STM32Cube_FW_U3_V1.2.1, STM32Cube_FW_U5_V1.8.0, STM32Cube_FW_WB0_V1.4.0, STM32Cube_FW_WBA_V1.8.0, STM32Cube_FW_WB_V1.24.0, STM32Cube_FW_WL3_V1.3.0, STM32Cube_FW_WL_V1.4.0, X-CUBE-ALGOBUILD_V1.4.0, X-CUBE-ALS_V1.0.2, X-CUBE-AZRTOS-F4_V1.1.0, X-CUBE-AZRTOS-F7_V1.1.0, X-CUBE-AZRTOS-G0_V1.1.0, X-CUBE-AZRTOS-G4_V2.0.0, X-CUBE-AZRTOS-H7RS_V1.1.0, X-CUBE-AZRTOS-H7_V3.4.0, X-CUBE-AZRTOS-L4_V2.0.0, X-CUBE-AZRTOS-L5_V2.0.0, X-CUBE-AZRTOS-WB_V2.0.0, X-CUBE-AZRTOS-WL_V2.0.0, X-CUBE-BLE1_V7.1.0, X-CUBE-BLE2_V3.3.0, X-CUBE-BLEMGR_V4.1.0, X-CUBE-EEPRMA1_V5.2.0, X-CUBE-FREERTOS_V1.3.1, X-CUBE-GNSS1_V6.0.0, X-CUBE-MEMS1_V11.3.0, X-CUBE-NFC4_V3.0.0, X-CUBE-NFC7_V2.0.0, X-CUBE-SFXS2LP1_V4.0.0, X-CUBE-ST67W61_V1.1.0, X-CUBE-SUBG2_V5.0.0, X-CUBE-TOF1_V3.4.3]
2025-11-30 13:55:59,141 [INFO] DbBoardsSqlite:226 - include board P-NUCLEO-WB55-NUCLEO as a kit item of type 'Nucleo-64'
2025-11-30 13:55:59,142 [INFO] DbBoardsSqlite:226 - include board P-NUCLEO-WB55-USBDONGLE as a kit item of type 'Nucleo USB Dongle'
2025-11-30 13:55:59,143 [INFO] DbBoardsSqlite:226 - include board STEVAL-IDP005V1 as a kit item of type 'Evaluation Board'
2025-11-30 13:55:59,143 [INFO] DbBoardsSqlite:226 - include board STEVAL-IDP005V2 as a kit item of type 'Evaluation Board'
2025-11-30 13:56:00,142 [INFO] ApiDb:240 - Found 880 in-development CPN: [B-G473E-ZEST1S, B-WB1M-WPAN1, B-WBA5M-WPAN, B-WL5M-SUBG1, NUCLEO-C031C6, NUCLEO-C051C8, NUCLEO-C071RB, NUCLEO-C092RC, NUCLEO-H503RB, NUCLEO-H533RE, NUCLEO-H563ZI, NUCLEO-H7S3L8, NUCLEO-N657X0-Q, NUCLEO-U031R8, NUCLEO-U083RC, NUCLEO-U385RG-Q, NUCLEO-U545RE-Q, NUCLEO-U5A5ZJ-Q, NUCLEO-WB05KZ, NUCLEO-WB07CC, NUCLEO-WB09KE, NUCLEO-WBA52CG, NUCLEO-WBA55CG, NUCLEO-WL33CC1, NUCLEO-WL33CC2, STEVAL-PROTEUS1, STEVAL-SMARTAG2, STEVAL-STWINBX1, STM320518-EVAL, STM32C0116-DK, STM32C011D6Y3TR, STM32C011D6Y6TR, STM32C011F4P3, STM32C011F4P6, STM32C011F4U3, STM32C011F4U6TR, STM32C011F6P3, STM32C011F6P6, STM32C011F6U3, STM32C011F6U6TR, STM32C011J4M3, STM32C011J4M6, STM32C011J6M3, STM32C011J6M6, STM32C0316-DK, STM32C031C4T3, STM32C031C4T6, STM32C031C4U3, STM32C031C4U6, STM32C031C6T3, STM32C031C6T6, STM32C031C6U3, STM32C031C6U6, STM32C031F4P3, STM32C031F4P6, STM32C031F6P3, STM32C031F6P6, STM32C031G4U3, STM32C031G4U6, STM32C031G6U3, STM32C031G6U6, STM32C031K4T3, STM32C031K4T6, STM32C031K4U3, STM32C031K4U6, STM32C031K6T3, STM32C031K6T6, STM32C031K6U3, STM32C031K6U6, STM32C051C6T6, STM32C051C6U6, STM32C051C8T6, STM32C051C8U6, STM32C051D8Y6TR, STM32C051F6P6, STM32C051F8P6, STM32C051G6U6, STM32C051G8U6, STM32C051K6T6, STM32C051K6U6, STM32C051K8T6, STM32C071C8T6, STM32C071C8T6N, STM32C071C8U6, STM32C071C8U6N, STM32C071CBT6, STM32C071CBT6N, STM32C071CBU6, STM32C071CBU6N, STM32C071F8P6, STM32C071F8P6N, STM32C071FBP6, STM32C071FBP6N, STM32C071FBY6TR, STM32C071G8U6, STM32C071G8U6N, STM32C071GBU6, STM32C071GBU6N, STM32C071K8T6, STM32C071K8T6N, STM32C071K8U6, STM32C071K8U6N, STM32C071KBT6, STM32C071KBT6N, STM32C071KBU6, STM32C071KBU6N, STM32C071R8T6, STM32C071R8T6N, STM32C071RBI6N, STM32C071RBT6, STM32C071RBT6N, STM32C091CBT6, STM32C091CBU6, STM32C091CCT6, STM32C091CCU6, STM32C091ECY6TR, STM32C091FBP6, STM32C091FCP6, STM32C091GBU6, STM32C091GCU6, STM32C091KBT6, STM32C091KBU6, STM32C091KCT6, STM32C091KCU6, STM32C091RBT6, STM32C091RCI6, STM32C091RCT6, STM32C092CBT6, STM32C092CBU6, STM32C092CCT6, STM32C092CCU6, STM32C092ECY6TR, STM32C092FBP6, STM32C092FCP6, STM32C092GBU6, STM32C092GCU6, STM32C092KBT6, STM32C092KBU6, STM32C092KCT6, STM32C092KCU6, STM32C092RBT6, STM32C092RCI6, STM32C092RCT6, STM32G071K8TXN, STM32G071K8UXN, STM32G081GBU6N, STM32G081KBT6N, STM32G081KBUXN, STM32G0B1CCT6N, STM32G0B1KCT6, STM32G0B1NEY6TR, STM32G0B1RCT6N, STM32G0C1CCT6, STM32G0C1CCT6N, STM32G0C1CCU6N, STM32G0C1CET6N, STM32G0C1CEU6N, STM32G0C1KCT6, STM32G0C1NEY6TR, STM32G0C1RCI6N, STM32G0C1RCT6N, STM32G0C1REI6N, STM32G0C1RET6N, STM32G0C1VCI6, STM32G0C1VEI6, STM32G411C6T3, STM32G411C6T6, STM32G411C6U3, STM32G411C6U6, STM32G411C8T3, STM32G411C8T6, STM32G411C8U3, STM32G411C8U6, STM32G411CBT3, STM32G411CBT6, STM32G411CBU3, STM32G411CBU6, STM32G411K6T3, STM32G411K6T6, STM32G411K6U3, STM32G411K6U6, STM32G411K8T3, STM32G411K8T6, STM32G411K8U3, STM32G411K8U6, STM32G411KBT3, STM32G411KBT6, STM32G411KBU3, STM32G411KBU6, STM32G411M6T3, STM32G411M6T6, STM32G411M8T3, STM32G411M8T6, STM32G411MBT3, STM32G411MBT6, STM32G411R6T3, STM32G411R6T6, STM32G411R8T3, STM32G411R8T6, STM32G411RBT3, STM32G411RBT6, STM32G414CBT3, STM32G414CBT6, STM32G414CBU3, STM32G414CBU6, STM32G414CCT3, STM32G414CCT6, STM32G414CCU3, STM32G414CCU6, STM32G414MBT3, STM32G414MBT6, STM32G414MCT3, STM32G414MCT6, STM32G414RBT3, STM32G414RBT6, STM32G414RCT3, STM32G414RCT6, STM32G414VBT3, STM32G414VBT6, STM32G414VCT3, STM32G414VCT6, STM32G431CBT3Z, STM32G431RBT3Z, STM32G471CCT6, STM32G471CCU6, STM32G471CET3, STM32G471CET6, STM32G471CEU3, STM32G471CEU6, STM32G471MCT6, STM32G471MET3, STM32G471MET6, STM32G471MEY6TR, STM32G471QCT6, STM32G471QET3, STM32G471RCT6, STM32G471RET3, STM32G471RET6, STM32G471VCH6, STM32G471VCI6, STM32G471VCT6, STM32G471VEH3, STM32G471VEH6, STM32G471VEI3, STM32G471VEI6, STM32G471VET3, STM32G471VET6, STM32G473QET3Z, STM32G473RET3Z, STM32G474CCT6, STM32G491RET3Z, STM32H503CBT6, STM32H503CBU6, STM32H503EBY6TR, STM32H503KBU6, STM32H503RBT6, STM32H523CCT6, STM32H523CCU6, STM32H523CET6, STM32H523CEU6, STM32H523HEY6TR, STM32H523RCT6, STM32H523RET6, STM32H523VCI6, STM32H523VCT6, STM32H523VEI6, STM32H523VET6, STM32H523ZCJ6, STM32H523ZCT6, STM32H523ZEJ6, STM32H523ZET6, STM32H533CET6, STM32H533CEU6, STM32H533HEY6TR, STM32H533RET6, STM32H533VEI6, STM32H533VET6, STM32H533ZEJ6, STM32H533ZET6, STM32H562AGI6, STM32H562AII6, STM32H562IGK6, STM32H562IGT6, STM32H562IIK6, STM32H562IIT6, STM32H562RGT6, STM32H562RGV6, STM32H562RIT6, STM32H562RIV6, STM32H562VGT6, STM32H562VIT6, STM32H562ZGT6, STM32H562ZIT6, STM32H563AGI6, STM32H563AII3Q, STM32H563AII6, STM32H563IGK6, STM32H563IGT6, STM32H563IIK3Q, STM32H563IIK6, STM32H563IIT3Q, STM32H563IIT6, STM32H563MIY3QTR, STM32H563RGT6, STM32H563RGV6, STM32H563RIT6, STM32H563RIV6, STM32H563VGT6, STM32H563VIT3Q, STM32H563VIT6, STM32H563ZGT6, STM32H563ZIT3Q, STM32H563ZIT6, STM32H573AII3Q, STM32H573AII6, STM32H573I-DK, STM32H573IIK3Q, STM32H573IIK6, STM32H573IIT3Q, STM32H573IIT6, STM32H573MIY3QTR, STM32H573RIT6, STM32H573RIV6, STM32H573VIT3Q, STM32H573VIT6, STM32H573ZIT3Q, STM32H573ZIT6, STM32H7R3A8I6, STM32H7R3I8K6, STM32H7R3I8T6, STM32H7R3L8H6, STM32H7R3L8H6H, STM32H7R3R8V6, STM32H7R3V8H6, STM32H7R3V8T6, STM32H7R3V8Y6TR, STM32H7R3Z8J6, STM32H7R3Z8T6, STM32H7R7A8I6, STM32H7R7I8K6, STM32H7R7I8T6, STM32H7R7L8H6, STM32H7R7L8H6H, STM32H7R7Z8J6, STM32H7S3A8I6, STM32H7S3I8K6, STM32H7S3I8T6, STM32H7S3L8H6, STM32H7S3L8H6H, STM32H7S3R8V6, STM32H7S3V8H6, STM32H7S3V8T6, STM32H7S3V8Y6TR, STM32H7S3Z8J6, STM32H7S3Z8T6, STM32H7S78-DK, STM32H7S7A8I6, STM32H7S7I8K6, STM32H7S7I8T6, STM32H7S7L8H6, STM32H7S7L8H6H, STM32H7S7Z8J6, STM32L4R5QGI6STR, STM32MP131AAE3, STM32MP131AAF3, STM32MP131AAG3, STM32MP131CAE3, STM32MP131CAF3, STM32MP131CAG3, STM32MP131DAE7, STM32MP131DAF7, STM32MP131DAG7, STM32MP131FAE7, STM32MP131FAF7, STM32MP131FAG7, STM32MP133AAE3, STM32MP133AAF3, STM32MP133AAG3, STM32MP133CAE3, STM32MP133CAF3, STM32MP133CAG3, STM32MP133DAE7, STM32MP133DAF7, STM32MP133DAG7, STM32MP133FAE7, STM32MP133FAF7, STM32MP133FAG7, STM32MP135AAE3, STM32MP135AAF3, STM32MP135AAG3, STM32MP135CAE3, STM32MP135CAF3, STM32MP135CAG3, STM32MP135DAE7, STM32MP135DAF7, STM32MP135DAG7, STM32MP135F-DK, STM32MP135FAE7, STM32MP135FAF7, STM32MP135FAF7T, STM32MP135FAF7U, STM32MP135FAG7, STM32MP211AAL3, STM32MP211AAM3, STM32MP211AAN3, STM32MP211AAO3, STM32MP211CAL3, STM32MP211CAM3, STM32MP211CAN3, STM32MP211CAO3, STM32MP211DAL3, STM32MP211DAM3, STM32MP211DAN3, STM32MP211DAO3, STM32MP211FAL3, STM32MP211FAM3, STM32MP211FAN3, STM32MP211FAO3, STM32MP213AAL3, STM32MP213AAM3, STM32MP213AAN3, STM32MP213AAO3, STM32MP213CAL3, STM32MP213CAM3, STM32MP213CAN3, STM32MP213CAO3, STM32MP213DAL3, STM32MP213DAM3, STM32MP213DAN3, STM32MP213DAO3, STM32MP213FAL3, STM32MP213FAM3, STM32MP213FAN3, STM32MP213FAO3, STM32MP215AAL3, STM32MP215AAM3, STM32MP215AAN3, STM32MP215AAO3, STM32MP215CAL3, STM32MP215CAM3, STM32MP215CAN3, STM32MP215CAO3, STM32MP215DAL3, STM32MP215DAM3, STM32MP215DAN3, STM32MP215DAO3, STM32MP215F-DK, STM32MP215FAL3, STM32MP215FAM3, STM32MP215FAN3, STM32MP215FAO3, STM32MP231AAJ3, STM32MP231AAK3, STM32MP231AAL3, STM32MP231CAJ3, STM32MP231CAK3, STM32MP231CAL3, STM32MP231DAJ3, STM32MP231DAK3, STM32MP231DAL3, STM32MP231FAJ3, STM32MP231FAK3, STM32MP231FAL3, STM32MP233AAJ3, STM32MP233AAK3, STM32MP233AAL3, STM32MP233CAJ3, STM32MP233CAK3, STM32MP233CAL3, STM32MP233DAJ3, STM32MP233DAK3, STM32MP233DAL3, STM32MP233FAJ3, STM32MP233FAK3, STM32MP233FAL3, STM32MP235AAJ3, STM32MP235AAK3, STM32MP235AAL3, STM32MP235CAJ3, STM32MP235CAK3, STM32MP235CAL3, STM32MP235DAJ3, STM32MP235DAK3, STM32MP235DAL3, STM32MP235FAJ3, STM32MP235FAK3, STM32MP235FAL3, STM32MP251AAI3, STM32MP251AAK3, STM32MP251AAL3, STM32MP251CAI3, STM32MP251CAK3, STM32MP251CAL3, STM32MP251DAI3, STM32MP251DAK3, STM32MP251DAL3, STM32MP251FAI3, STM32MP251FAK3, STM32MP251FAL3, STM32MP253AAI3, STM32MP253AAK3, STM32MP253AAL3, STM32MP253CAI3, STM32MP253CAK3, STM32MP253CAL3, STM32MP253DAI3, STM32MP253DAK3, STM32MP253DAL3, STM32MP253FAI3, STM32MP253FAK3, STM32MP253FAL3, STM32MP255AAI3, STM32MP255AAK3, STM32MP255AAL3, STM32MP255CAI3, STM32MP255CAK3, STM32MP255CAL3, STM32MP255DAI3, STM32MP255DAK3, STM32MP255DAL3, STM32MP255FAI3, STM32MP255FAK3, STM32MP255FAL3, STM32MP257AAI3, STM32MP257AAK3, STM32MP257AAL3, STM32MP257CAI3, STM32MP257CAK3, STM32MP257CAL3, STM32MP257DAI3, STM32MP257DAK3, STM32MP257DAL3, STM32MP257F-DK, STM32MP257F-EV1, STM32MP257FAI3, STM32MP257FAK3, STM32MP257FAL3, STM32N645A0H3Q, STM32N645B0H3Q, STM32N645I0H3Q, STM32N645L0H3Q, STM32N645X0H3Q, STM32N645Z0H3Q, STM32N647A0H3Q, STM32N647B0H3Q, STM32N647I0H3Q, STM32N647L0H3Q, STM32N647X0H3Q, STM32N647Z0H3Q, STM32N655A0H3Q, STM32N655B0H3Q, STM32N655I0H3Q, STM32N655L0H3Q, STM32N655X0H3Q, STM32N655Z0H3Q, STM32N6570-DK, STM32N657A0H3Q, STM32N657B0H3Q, STM32N657I0H3Q, STM32N657L0H3Q, STM32N657X0H3Q, STM32N657Z0H3Q, STM32U031C6T6, STM32U031C6U6, STM32U031C8T6, STM32U031C8U6, STM32U031F4P6, STM32U031F6P6, STM32U031F8P6, STM32U031G6Y6TR, STM32U031G8Y6TR, STM32U031K4U6, STM32U031K6U6, STM32U031K8U6, STM32U031R6I6, STM32U031R6T6, STM32U031R8I6, STM32U031R8T6, STM32U073C8T6, STM32U073C8U6, STM32U073CBT6, STM32U073CBU6, STM32U073CCT6, STM32U073CCU6, STM32U073H8Y6TR, STM32U073HBY6TR, STM32U073HCY6TR, STM32U073K8U6, STM32U073KBU6, STM32U073KCU6, STM32U073M8I6, STM32U073M8T6, STM32U073MBI6, STM32U073MBT6, STM32U073MCI6, STM32U073MCT6, STM32U073R8I6, STM32U073R8T6, STM32U073RBI6, STM32U073RBT6, STM32U073RCI6, STM32U073RCT6, STM32U083C-DK, STM32U083CCT6, STM32U083CCU6, STM32U083HCY6TR, STM32U083KCU6, STM32U083MCI6, STM32U083MCT6, STM32U083RCI6, STM32U083RCT6, STM32U375CET6, STM32U375CET6Q, STM32U375CEU6, STM32U375CEU6Q, STM32U375CEY6QTR, STM32U375CGT6, STM32U375CGT6Q, STM32U375CGU6, STM32U375CGU6Q, STM32U375CGY6QTR, STM32U375KEU6, STM32U375KGU6, STM32U375REI6, STM32U375REI6Q, STM32U375RET6, STM32U375RET6Q, STM32U375REY6GTR, STM32U375REY6QTR, STM32U375RGI6, STM32U375RGI6Q, STM32U375RGT6, STM32U375RGT6Q, STM32U375RGY6GTR, STM32U375RGY6QTR, STM32U375VEI6, STM32U375VEI6Q, STM32U375VET6, STM32U375VET6Q, STM32U375VGI6, STM32U375VGI6Q, STM32U375VGT6, STM32U375VGT6Q, STM32U385CGT6, STM32U385CGT6Q, STM32U385CGU6, STM32U385CGU6Q, STM32U385CGY6QTR, STM32U385KGU6, STM32U385RGI6, STM32U385RGI6Q, STM32U385RGT6, STM32U385RGT6Q, STM32U385RGY6GTR, STM32U385RGY6QTR, STM32U385VGI6, STM32U385VGI6Q, STM32U385VGT6, STM32U385VGT6Q, STM32U535CBT6, STM32U535CBT6Q, STM32U535CBU6, STM32U535CBU6Q, STM32U535CCT6, STM32U535CCT6Q, STM32U535CCU6, STM32U535CCU6Q, STM32U535CET6, STM32U535CET6Q, STM32U535CEU6, STM32U535CEU6Q, STM32U535JEY6QTR, STM32U535NCY6QTR, STM32U535NEY6QTR, STM32U535RBI6, STM32U535RBI6Q, STM32U535RBT6, STM32U535RBT6Q, STM32U535RCI6, STM32U535RCI6Q, STM32U535RCT6, STM32U535RCT6Q, STM32U535REI6, STM32U535REI6Q, STM32U535RET6, STM32U535RET6Q, STM32U535VCI6, STM32U535VCI6Q, STM32U535VCT6, STM32U535VCT6Q, STM32U535VEI6, STM32U535VEI6Q, STM32U535VET6, STM32U535VET6Q, STM32U545CET6, STM32U545CET6Q, STM32U545CEU6, STM32U545CEU6Q, STM32U545JEY6QTR, STM32U545NEY6QTR, STM32U545REI6, STM32U545REI6Q, STM32U545RET6, STM32U545RET6Q, STM32U545VEI6, STM32U545VEI6Q, STM32U545VET6, STM32U545VET6Q, STM32U595AIH6, STM32U595AIH6Q, STM32U595AJH6, STM32U595AJH6Q, STM32U595QII6, STM32U595QII6Q, STM32U595QJI6, STM32U595QJI6Q, STM32U595RIT6, STM32U595RIT6Q, STM32U595RJT6, STM32U595RJT6Q, STM32U595VIT6, STM32U595VIT6Q, STM32U595VJT6, STM32U595VJT6Q, STM32U595ZIT6, STM32U595ZIT6Q, STM32U595ZIY6QTR, STM32U595ZJT6, STM32U595ZJT6Q, STM32U595ZJY6QTR, STM32U599BJY6QTR, STM32U599NIH6Q, STM32U599NJH6Q, STM32U599VIT6Q, STM32U599VJT6, STM32U599VJT6Q, STM32U599ZIT6Q, STM32U599ZIY6QTR, STM32U599ZJT6Q, STM32U599ZJY6QTR, STM32U5A5AJH6, STM32U5A5AJH6Q, STM32U5A5QII3Q , STM32U5A5QJI6, STM32U5A5QJI6Q, STM32U5A5RJT6, STM32U5A5RJT6Q, STM32U5A5VJT6, STM32U5A5VJT6Q, STM32U5A5ZJT6, STM32U5A5ZJT6Q, STM32U5A5ZJY6QTR, STM32U5A9BJY6QTR, STM32U5A9J-DK, STM32U5A9NJH6Q, STM32U5A9VJT6Q, STM32U5A9ZJT6Q, STM32U5A9ZJY6QTR, STM32U5F7VIT6, STM32U5F7VIT6Q, STM32U5F7VJT6, STM32U5F7VJT6Q, STM32U5F9BJY6QTR, STM32U5F9NJH6Q, STM32U5F9VIT6Q, STM32U5F9VJT6Q, STM32U5F9ZIJ6QTR, STM32U5F9ZIT6Q, STM32U5F9ZJJ6QTR, STM32U5F9ZJT6Q, STM32U5G7VJT6, STM32U5G7VJT6Q, STM32U5G9BJY6QTR, STM32U5G9J-DK1, STM32U5G9J-DK2, STM32U5G9NJH6Q, STM32U5G9VJT6Q, STM32U5G9ZJJ6QTR, STM32U5G9ZJT6Q, STM32WB05KZV6TR, STM32WB05KZV7TR, STM32WB05TZF6TR, STM32WB05TZF7TR, STM32WB06CCF6TR, STM32WB06CCF7TR, STM32WB06CCV6TR, STM32WB06CCV7TR, STM32WB06KCV6TR, STM32WB06KCV7TR, STM32WB07CCF6TR, STM32WB07CCF7TR, STM32WB07CCV6TR, STM32WB07CCV7TR, STM32WB07KCV6TR, STM32WB07KCV7TR, STM32WB09KEV6TR, STM32WB09KEV7TR, STM32WB09TEF6TR, STM32WB09TEF7TR, STM32WB1MMCH6, STM32WBA50KGU6, STM32WBA50KGU6TR, STM32WBA52CEU6, STM32WBA52CEU6TR, STM32WBA52CEU7, STM32WBA52CEU7TR, STM32WBA52CGU6, STM32WBA52CGU6TR, STM32WBA52CGU6U, STM32WBA52CGU7, STM32WBA52CGU7TR, STM32WBA52KEU6, STM32WBA52KEU6TR, STM32WBA52KGU6, STM32WBA52KGU6TR, STM32WBA54CEU6, STM32WBA54CEU6TR, STM32WBA54CEU7, STM32WBA54CEU7TR, STM32WBA54CGU6, STM32WBA54CGU6TR, STM32WBA54CGU7, STM32WBA54CGU7TR, STM32WBA54KEU6, STM32WBA54KEU6TR, STM32WBA54KEU7, STM32WBA54KEU7TR, STM32WBA54KGU6, STM32WBA54KGU6TR, STM32WBA54KGU7, STM32WBA54KGU7TR, STM32WBA55CEU6, STM32WBA55CEU6TR, STM32WBA55CEU7, STM32WBA55CEU7TR, STM32WBA55CGU6, STM32WBA55CGU6TR, STM32WBA55CGU6U, STM32WBA55CGU7, STM32WBA55CGU7TR, STM32WBA55G-DK1, STM32WBA55HEF6, STM32WBA55HEF7, STM32WBA55HGF6, STM32WBA55HGF7, STM32WBA55UEI6, STM32WBA55UEI6TR, STM32WBA55UEI7, STM32WBA55UEI7TR, STM32WBA55UGI6, STM32WBA55UGI6TR, STM32WBA55UGI7, STM32WBA55UGI7TR, STM32WBA5MMGH6TR, STM32WBA62MGF6, STM32WBA62MIF6, STM32WBA65MGF7, STM32WBA65MIF6, STM32WBA65MIF7, STM32WL30K8V6, STM32WL30KBV6, STM32WL31C8V6, STM32WL31CBV6, STM32WL31K8V6, STM32WL31KBV6, STM32WL33C8V6, STM32WL33C8V6X, STM32WL33CBV6, STM32WL33CBV6X, STM32WL33CCV6, STM32WL33CCV6A, STM32WL33CCV6X, STM32WL33K8V7, STM32WL33K8V7X, STM32WL33KBV7 , STM32WL33KBV7X, STM32WL33KCV7, STM32WL33KCV7X, STM32WL5MOCH6, STM32WL5MOCH6TR]
2025-11-30 13:56:00,145 [INFO] ApiDb:668 - CubeFinder database Data Model version=2.1
2025-11-30 13:56:00,146 [INFO] ApiDb:669 - CubeFinder database Configuration version=3.0.39
2025-11-30 13:56:00,146 [INFO] ApiDb:670 - CubeFinder database generation date=2025-11-05 (1762334721)
2025-11-30 13:56:00,146 [INFO] ApiDb:671 - CubeFinder database FW Pack versions=[FP-ATR-ASTRA1_V2.0.0, FP-SNS-FLIGHT1_V5.1.0, FP-SNS-MOTENV1_V5.1.0, FP-SNS-MOTENVWB1_V1.4.0, FP-SNS-SMARTAG2_V1.2.0, FP-SNS-STBOX1_V2.1.0, STM32Cube_FW_C0_V1.4.0, STM32Cube_FW_F4_V1.28.3, STM32Cube_FW_F7_V1.17.4, STM32Cube_FW_G0_V1.6.2, STM32Cube_FW_G4_V1.6.1, STM32Cube_FW_H5_V1.5.1, STM32Cube_FW_H7RS_V1.3.0, STM32Cube_FW_H7_V1.12.1, STM32Cube_FW_L0_V1.12.2, STM32Cube_FW_L4_V1.18.1, STM32Cube_FW_L5_V1.6.0, STM32Cube_FW_N6_V1.3.0, STM32Cube_FW_U0_V1.3.0, STM32Cube_FW_U3_V1.2.1, STM32Cube_FW_U5_V1.8.0, STM32Cube_FW_WB0_V1.4.0, STM32Cube_FW_WBA_V1.8.0, STM32Cube_FW_WB_V1.24.0, STM32Cube_FW_WL3_V1.3.0, STM32Cube_FW_WL_V1.4.0, X-CUBE-ALGOBUILD_V1.4.0, X-CUBE-ALS_V1.0.2, X-CUBE-AZRTOS-F4_V1.1.0, X-CUBE-AZRTOS-F7_V1.1.0, X-CUBE-AZRTOS-G0_V1.1.0, X-CUBE-AZRTOS-G4_V2.0.0, X-CUBE-AZRTOS-H7RS_V1.1.0, X-CUBE-AZRTOS-H7_V3.4.0, X-CUBE-AZRTOS-L4_V2.0.0, X-CUBE-AZRTOS-L5_V2.0.0, X-CUBE-AZRTOS-WB_V2.0.0, X-CUBE-AZRTOS-WL_V2.0.0, X-CUBE-BLE1_V7.1.0, X-CUBE-BLE2_V3.3.0, X-CUBE-BLEMGR_V4.1.0, X-CUBE-EEPRMA1_V5.2.0, X-CUBE-FREERTOS_V1.3.1, X-CUBE-GNSS1_V6.0.0, X-CUBE-MEMS1_V11.3.0, X-CUBE-NFC4_V3.0.0, X-CUBE-NFC7_V2.0.0, X-CUBE-SFXS2LP1_V4.0.0, X-CUBE-ST67W61_V1.1.0, X-CUBE-SUBG2_V5.0.0, X-CUBE-TOF1_V3.4.3]
2025-11-30 13:56:02,068 [INFO] ApiDb:240 - Found 880 in-development CPN: [B-G473E-ZEST1S, B-WB1M-WPAN1, B-WBA5M-WPAN, B-WL5M-SUBG1, NUCLEO-C031C6, NUCLEO-C051C8, NUCLEO-C071RB, NUCLEO-C092RC, NUCLEO-H503RB, NUCLEO-H533RE, NUCLEO-H563ZI, NUCLEO-H7S3L8, NUCLEO-N657X0-Q, NUCLEO-U031R8, NUCLEO-U083RC, NUCLEO-U385RG-Q, NUCLEO-U545RE-Q, NUCLEO-U5A5ZJ-Q, NUCLEO-WB05KZ, NUCLEO-WB07CC, NUCLEO-WB09KE, NUCLEO-WBA52CG, NUCLEO-WBA55CG, NUCLEO-WL33CC1, NUCLEO-WL33CC2, STEVAL-PROTEUS1, STEVAL-SMARTAG2, STEVAL-STWINBX1, STM320518-EVAL, STM32C0116-DK, STM32C011D6Y3TR, STM32C011D6Y6TR, STM32C011F4P3, STM32C011F4P6, STM32C011F4U3, STM32C011F4U6TR, STM32C011F6P3, STM32C011F6P6, STM32C011F6U3, STM32C011F6U6TR, STM32C011J4M3, STM32C011J4M6, STM32C011J6M3, STM32C011J6M6, STM32C0316-DK, STM32C031C4T3, STM32C031C4T6, STM32C031C4U3, STM32C031C4U6, STM32C031C6T3, STM32C031C6T6, STM32C031C6U3, STM32C031C6U6, STM32C031F4P3, STM32C031F4P6, STM32C031F6P3, STM32C031F6P6, STM32C031G4U3, STM32C031G4U6, STM32C031G6U3, STM32C031G6U6, STM32C031K4T3, STM32C031K4T6, STM32C031K4U3, STM32C031K4U6, STM32C031K6T3, STM32C031K6T6, STM32C031K6U3, STM32C031K6U6, STM32C051C6T6, STM32C051C6U6, STM32C051C8T6, STM32C051C8U6, STM32C051D8Y6TR, STM32C051F6P6, STM32C051F8P6, STM32C051G6U6, STM32C051G8U6, STM32C051K6T6, STM32C051K6U6, STM32C051K8T6, STM32C071C8T6, STM32C071C8T6N, STM32C071C8U6, STM32C071C8U6N, STM32C071CBT6, STM32C071CBT6N, STM32C071CBU6, STM32C071CBU6N, STM32C071F8P6, STM32C071F8P6N, STM32C071FBP6, STM32C071FBP6N, STM32C071FBY6TR, STM32C071G8U6, STM32C071G8U6N, STM32C071GBU6, STM32C071GBU6N, STM32C071K8T6, STM32C071K8T6N, STM32C071K8U6, STM32C071K8U6N, STM32C071KBT6, STM32C071KBT6N, STM32C071KBU6, STM32C071KBU6N, STM32C071R8T6, STM32C071R8T6N, STM32C071RBI6N, STM32C071RBT6, STM32C071RBT6N, STM32C091CBT6, STM32C091CBU6, STM32C091CCT6, STM32C091CCU6, STM32C091ECY6TR, STM32C091FBP6, STM32C091FCP6, STM32C091GBU6, STM32C091GCU6, STM32C091KBT6, STM32C091KBU6, STM32C091KCT6, STM32C091KCU6, STM32C091RBT6, STM32C091RCI6, STM32C091RCT6, STM32C092CBT6, STM32C092CBU6, STM32C092CCT6, STM32C092CCU6, STM32C092ECY6TR, STM32C092FBP6, STM32C092FCP6, STM32C092GBU6, STM32C092GCU6, STM32C092KBT6, STM32C092KBU6, STM32C092KCT6, STM32C092KCU6, STM32C092RBT6, STM32C092RCI6, STM32C092RCT6, STM32G071K8TXN, STM32G071K8UXN, STM32G081GBU6N, STM32G081KBT6N, STM32G081KBUXN, STM32G0B1CCT6N, STM32G0B1KCT6, STM32G0B1NEY6TR, STM32G0B1RCT6N, STM32G0C1CCT6, STM32G0C1CCT6N, STM32G0C1CCU6N, STM32G0C1CET6N, STM32G0C1CEU6N, STM32G0C1KCT6, STM32G0C1NEY6TR, STM32G0C1RCI6N, STM32G0C1RCT6N, STM32G0C1REI6N, STM32G0C1RET6N, STM32G0C1VCI6, STM32G0C1VEI6, STM32G411C6T3, STM32G411C6T6, STM32G411C6U3, STM32G411C6U6, STM32G411C8T3, STM32G411C8T6, STM32G411C8U3, STM32G411C8U6, STM32G411CBT3, STM32G411CBT6, STM32G411CBU3, STM32G411CBU6, STM32G411K6T3, STM32G411K6T6, STM32G411K6U3, STM32G411K6U6, STM32G411K8T3, STM32G411K8T6, STM32G411K8U3, STM32G411K8U6, STM32G411KBT3, STM32G411KBT6, STM32G411KBU3, STM32G411KBU6, STM32G411M6T3, STM32G411M6T6, STM32G411M8T3, STM32G411M8T6, STM32G411MBT3, STM32G411MBT6, STM32G411R6T3, STM32G411R6T6, STM32G411R8T3, STM32G411R8T6, STM32G411RBT3, STM32G411RBT6, STM32G414CBT3, STM32G414CBT6, STM32G414CBU3, STM32G414CBU6, STM32G414CCT3, STM32G414CCT6, STM32G414CCU3, STM32G414CCU6, STM32G414MBT3, STM32G414MBT6, STM32G414MCT3, STM32G414MCT6, STM32G414RBT3, STM32G414RBT6, STM32G414RCT3, STM32G414RCT6, STM32G414VBT3, STM32G414VBT6, STM32G414VCT3, STM32G414VCT6, STM32G431CBT3Z, STM32G431RBT3Z, STM32G471CCT6, STM32G471CCU6, STM32G471CET3, STM32G471CET6, STM32G471CEU3, STM32G471CEU6, STM32G471MCT6, STM32G471MET3, STM32G471MET6, STM32G471MEY6TR, STM32G471QCT6, STM32G471QET3, STM32G471RCT6, STM32G471RET3, STM32G471RET6, STM32G471VCH6, STM32G471VCI6, STM32G471VCT6, STM32G471VEH3, STM32G471VEH6, STM32G471VEI3, STM32G471VEI6, STM32G471VET3, STM32G471VET6, STM32G473QET3Z, STM32G473RET3Z, STM32G474CCT6, STM32G491RET3Z, STM32H503CBT6, STM32H503CBU6, STM32H503EBY6TR, STM32H503KBU6, STM32H503RBT6, STM32H523CCT6, STM32H523CCU6, STM32H523CET6, STM32H523CEU6, STM32H523HEY6TR, STM32H523RCT6, STM32H523RET6, STM32H523VCI6, STM32H523VCT6, STM32H523VEI6, STM32H523VET6, STM32H523ZCJ6, STM32H523ZCT6, STM32H523ZEJ6, STM32H523ZET6, STM32H533CET6, STM32H533CEU6, STM32H533HEY6TR, STM32H533RET6, STM32H533VEI6, STM32H533VET6, STM32H533ZEJ6, STM32H533ZET6, STM32H562AGI6, STM32H562AII6, STM32H562IGK6, STM32H562IGT6, STM32H562IIK6, STM32H562IIT6, STM32H562RGT6, STM32H562RGV6, STM32H562RIT6, STM32H562RIV6, STM32H562VGT6, STM32H562VIT6, STM32H562ZGT6, STM32H562ZIT6, STM32H563AGI6, STM32H563AII3Q, STM32H563AII6, STM32H563IGK6, STM32H563IGT6, STM32H563IIK3Q, STM32H563IIK6, STM32H563IIT3Q, STM32H563IIT6, STM32H563MIY3QTR, STM32H563RGT6, STM32H563RGV6, STM32H563RIT6, STM32H563RIV6, STM32H563VGT6, STM32H563VIT3Q, STM32H563VIT6, STM32H563ZGT6, STM32H563ZIT3Q, STM32H563ZIT6, STM32H573AII3Q, STM32H573AII6, STM32H573I-DK, STM32H573IIK3Q, STM32H573IIK6, STM32H573IIT3Q, STM32H573IIT6, STM32H573MIY3QTR, STM32H573RIT6, STM32H573RIV6, STM32H573VIT3Q, STM32H573VIT6, STM32H573ZIT3Q, STM32H573ZIT6, STM32H7R3A8I6, STM32H7R3I8K6, STM32H7R3I8T6, STM32H7R3L8H6, STM32H7R3L8H6H, STM32H7R3R8V6, STM32H7R3V8H6, STM32H7R3V8T6, STM32H7R3V8Y6TR, STM32H7R3Z8J6, STM32H7R3Z8T6, STM32H7R7A8I6, STM32H7R7I8K6, STM32H7R7I8T6, STM32H7R7L8H6, STM32H7R7L8H6H, STM32H7R7Z8J6, STM32H7S3A8I6, STM32H7S3I8K6, STM32H7S3I8T6, STM32H7S3L8H6, STM32H7S3L8H6H, STM32H7S3R8V6, STM32H7S3V8H6, STM32H7S3V8T6, STM32H7S3V8Y6TR, STM32H7S3Z8J6, STM32H7S3Z8T6, STM32H7S78-DK, STM32H7S7A8I6, STM32H7S7I8K6, STM32H7S7I8T6, STM32H7S7L8H6, STM32H7S7L8H6H, STM32H7S7Z8J6, STM32L4R5QGI6STR, STM32MP131AAE3, STM32MP131AAF3, STM32MP131AAG3, STM32MP131CAE3, STM32MP131CAF3, STM32MP131CAG3, STM32MP131DAE7, STM32MP131DAF7, STM32MP131DAG7, STM32MP131FAE7, STM32MP131FAF7, STM32MP131FAG7, STM32MP133AAE3, STM32MP133AAF3, STM32MP133AAG3, STM32MP133CAE3, STM32MP133CAF3, STM32MP133CAG3, STM32MP133DAE7, STM32MP133DAF7, STM32MP133DAG7, STM32MP133FAE7, STM32MP133FAF7, STM32MP133FAG7, STM32MP135AAE3, STM32MP135AAF3, STM32MP135AAG3, STM32MP135CAE3, STM32MP135CAF3, STM32MP135CAG3, STM32MP135DAE7, STM32MP135DAF7, STM32MP135DAG7, STM32MP135F-DK, STM32MP135FAE7, STM32MP135FAF7, STM32MP135FAF7T, STM32MP135FAF7U, STM32MP135FAG7, STM32MP211AAL3, STM32MP211AAM3, STM32MP211AAN3, STM32MP211AAO3, STM32MP211CAL3, STM32MP211CAM3, STM32MP211CAN3, STM32MP211CAO3, STM32MP211DAL3, STM32MP211DAM3, STM32MP211DAN3, STM32MP211DAO3, STM32MP211FAL3, STM32MP211FAM3, STM32MP211FAN3, STM32MP211FAO3, STM32MP213AAL3, STM32MP213AAM3, STM32MP213AAN3, STM32MP213AAO3, STM32MP213CAL3, STM32MP213CAM3, STM32MP213CAN3, STM32MP213CAO3, STM32MP213DAL3, STM32MP213DAM3, STM32MP213DAN3, STM32MP213DAO3, STM32MP213FAL3, STM32MP213FAM3, STM32MP213FAN3, STM32MP213FAO3, STM32MP215AAL3, STM32MP215AAM3, STM32MP215AAN3, STM32MP215AAO3, STM32MP215CAL3, STM32MP215CAM3, STM32MP215CAN3, STM32MP215CAO3, STM32MP215DAL3, STM32MP215DAM3, STM32MP215DAN3, STM32MP215DAO3, STM32MP215F-DK, STM32MP215FAL3, STM32MP215FAM3, STM32MP215FAN3, STM32MP215FAO3, STM32MP231AAJ3, STM32MP231AAK3, STM32MP231AAL3, STM32MP231CAJ3, STM32MP231CAK3, STM32MP231CAL3, STM32MP231DAJ3, STM32MP231DAK3, STM32MP231DAL3, STM32MP231FAJ3, STM32MP231FAK3, STM32MP231FAL3, STM32MP233AAJ3, STM32MP233AAK3, STM32MP233AAL3, STM32MP233CAJ3, STM32MP233CAK3, STM32MP233CAL3, STM32MP233DAJ3, STM32MP233DAK3, STM32MP233DAL3, STM32MP233FAJ3, STM32MP233FAK3, STM32MP233FAL3, STM32MP235AAJ3, STM32MP235AAK3, STM32MP235AAL3, STM32MP235CAJ3, STM32MP235CAK3, STM32MP235CAL3, STM32MP235DAJ3, STM32MP235DAK3, STM32MP235DAL3, STM32MP235FAJ3, STM32MP235FAK3, STM32MP235FAL3, STM32MP251AAI3, STM32MP251AAK3, STM32MP251AAL3, STM32MP251CAI3, STM32MP251CAK3, STM32MP251CAL3, STM32MP251DAI3, STM32MP251DAK3, STM32MP251DAL3, STM32MP251FAI3, STM32MP251FAK3, STM32MP251FAL3, STM32MP253AAI3, STM32MP253AAK3, STM32MP253AAL3, STM32MP253CAI3, STM32MP253CAK3, STM32MP253CAL3, STM32MP253DAI3, STM32MP253DAK3, STM32MP253DAL3, STM32MP253FAI3, STM32MP253FAK3, STM32MP253FAL3, STM32MP255AAI3, STM32MP255AAK3, STM32MP255AAL3, STM32MP255CAI3, STM32MP255CAK3, STM32MP255CAL3, STM32MP255DAI3, STM32MP255DAK3, STM32MP255DAL3, STM32MP255FAI3, STM32MP255FAK3, STM32MP255FAL3, STM32MP257AAI3, STM32MP257AAK3, STM32MP257AAL3, STM32MP257CAI3, STM32MP257CAK3, STM32MP257CAL3, STM32MP257DAI3, STM32MP257DAK3, STM32MP257DAL3, STM32MP257F-DK, STM32MP257F-EV1, STM32MP257FAI3, STM32MP257FAK3, STM32MP257FAL3, STM32N645A0H3Q, STM32N645B0H3Q, STM32N645I0H3Q, STM32N645L0H3Q, STM32N645X0H3Q, STM32N645Z0H3Q, STM32N647A0H3Q, STM32N647B0H3Q, STM32N647I0H3Q, STM32N647L0H3Q, STM32N647X0H3Q, STM32N647Z0H3Q, STM32N655A0H3Q, STM32N655B0H3Q, STM32N655I0H3Q, STM32N655L0H3Q, STM32N655X0H3Q, STM32N655Z0H3Q, STM32N6570-DK, STM32N657A0H3Q, STM32N657B0H3Q, STM32N657I0H3Q, STM32N657L0H3Q, STM32N657X0H3Q, STM32N657Z0H3Q, STM32U031C6T6, STM32U031C6U6, STM32U031C8T6, STM32U031C8U6, STM32U031F4P6, STM32U031F6P6, STM32U031F8P6, STM32U031G6Y6TR, STM32U031G8Y6TR, STM32U031K4U6, STM32U031K6U6, STM32U031K8U6, STM32U031R6I6, STM32U031R6T6, STM32U031R8I6, STM32U031R8T6, STM32U073C8T6, STM32U073C8U6, STM32U073CBT6, STM32U073CBU6, STM32U073CCT6, STM32U073CCU6, STM32U073H8Y6TR, STM32U073HBY6TR, STM32U073HCY6TR, STM32U073K8U6, STM32U073KBU6, STM32U073KCU6, STM32U073M8I6, STM32U073M8T6, STM32U073MBI6, STM32U073MBT6, STM32U073MCI6, STM32U073MCT6, STM32U073R8I6, STM32U073R8T6, STM32U073RBI6, STM32U073RBT6, STM32U073RCI6, STM32U073RCT6, STM32U083C-DK, STM32U083CCT6, STM32U083CCU6, STM32U083HCY6TR, STM32U083KCU6, STM32U083MCI6, STM32U083MCT6, STM32U083RCI6, STM32U083RCT6, STM32U375CET6, STM32U375CET6Q, STM32U375CEU6, STM32U375CEU6Q, STM32U375CEY6QTR, STM32U375CGT6, STM32U375CGT6Q, STM32U375CGU6, STM32U375CGU6Q, STM32U375CGY6QTR, STM32U375KEU6, STM32U375KGU6, STM32U375REI6, STM32U375REI6Q, STM32U375RET6, STM32U375RET6Q, STM32U375REY6GTR, STM32U375REY6QTR, STM32U375RGI6, STM32U375RGI6Q, STM32U375RGT6, STM32U375RGT6Q, STM32U375RGY6GTR, STM32U375RGY6QTR, STM32U375VEI6, STM32U375VEI6Q, STM32U375VET6, STM32U375VET6Q, STM32U375VGI6, STM32U375VGI6Q, STM32U375VGT6, STM32U375VGT6Q, STM32U385CGT6, STM32U385CGT6Q, STM32U385CGU6, STM32U385CGU6Q, STM32U385CGY6QTR, STM32U385KGU6, STM32U385RGI6, STM32U385RGI6Q, STM32U385RGT6, STM32U385RGT6Q, STM32U385RGY6GTR, STM32U385RGY6QTR, STM32U385VGI6, STM32U385VGI6Q, STM32U385VGT6, STM32U385VGT6Q, STM32U535CBT6, STM32U535CBT6Q, STM32U535CBU6, STM32U535CBU6Q, STM32U535CCT6, STM32U535CCT6Q, STM32U535CCU6, STM32U535CCU6Q, STM32U535CET6, STM32U535CET6Q, STM32U535CEU6, STM32U535CEU6Q, STM32U535JEY6QTR, STM32U535NCY6QTR, STM32U535NEY6QTR, STM32U535RBI6, STM32U535RBI6Q, STM32U535RBT6, STM32U535RBT6Q, STM32U535RCI6, STM32U535RCI6Q, STM32U535RCT6, STM32U535RCT6Q, STM32U535REI6, STM32U535REI6Q, STM32U535RET6, STM32U535RET6Q, STM32U535VCI6, STM32U535VCI6Q, STM32U535VCT6, STM32U535VCT6Q, STM32U535VEI6, STM32U535VEI6Q, STM32U535VET6, STM32U535VET6Q, STM32U545CET6, STM32U545CET6Q, STM32U545CEU6, STM32U545CEU6Q, STM32U545JEY6QTR, STM32U545NEY6QTR, STM32U545REI6, STM32U545REI6Q, STM32U545RET6, STM32U545RET6Q, STM32U545VEI6, STM32U545VEI6Q, STM32U545VET6, STM32U545VET6Q, STM32U595AIH6, STM32U595AIH6Q, STM32U595AJH6, STM32U595AJH6Q, STM32U595QII6, STM32U595QII6Q, STM32U595QJI6, STM32U595QJI6Q, STM32U595RIT6, STM32U595RIT6Q, STM32U595RJT6, STM32U595RJT6Q, STM32U595VIT6, STM32U595VIT6Q, STM32U595VJT6, STM32U595VJT6Q, STM32U595ZIT6, STM32U595ZIT6Q, STM32U595ZIY6QTR, STM32U595ZJT6, STM32U595ZJT6Q, STM32U595ZJY6QTR, STM32U599BJY6QTR, STM32U599NIH6Q, STM32U599NJH6Q, STM32U599VIT6Q, STM32U599VJT6, STM32U599VJT6Q, STM32U599ZIT6Q, STM32U599ZIY6QTR, STM32U599ZJT6Q, STM32U599ZJY6QTR, STM32U5A5AJH6, STM32U5A5AJH6Q, STM32U5A5QII3Q , STM32U5A5QJI6, STM32U5A5QJI6Q, STM32U5A5RJT6, STM32U5A5RJT6Q, STM32U5A5VJT6, STM32U5A5VJT6Q, STM32U5A5ZJT6, STM32U5A5ZJT6Q, STM32U5A5ZJY6QTR, STM32U5A9BJY6QTR, STM32U5A9J-DK, STM32U5A9NJH6Q, STM32U5A9VJT6Q, STM32U5A9ZJT6Q, STM32U5A9ZJY6QTR, STM32U5F7VIT6, STM32U5F7VIT6Q, STM32U5F7VJT6, STM32U5F7VJT6Q, STM32U5F9BJY6QTR, STM32U5F9NJH6Q, STM32U5F9VIT6Q, STM32U5F9VJT6Q, STM32U5F9ZIJ6QTR, STM32U5F9ZIT6Q, STM32U5F9ZJJ6QTR, STM32U5F9ZJT6Q, STM32U5G7VJT6, STM32U5G7VJT6Q, STM32U5G9BJY6QTR, STM32U5G9J-DK1, STM32U5G9J-DK2, STM32U5G9NJH6Q, STM32U5G9VJT6Q, STM32U5G9ZJJ6QTR, STM32U5G9ZJT6Q, STM32WB05KZV6TR, STM32WB05KZV7TR, STM32WB05TZF6TR, STM32WB05TZF7TR, STM32WB06CCF6TR, STM32WB06CCF7TR, STM32WB06CCV6TR, STM32WB06CCV7TR, STM32WB06KCV6TR, STM32WB06KCV7TR, STM32WB07CCF6TR, STM32WB07CCF7TR, STM32WB07CCV6TR, STM32WB07CCV7TR, STM32WB07KCV6TR, STM32WB07KCV7TR, STM32WB09KEV6TR, STM32WB09KEV7TR, STM32WB09TEF6TR, STM32WB09TEF7TR, STM32WB1MMCH6, STM32WBA50KGU6, STM32WBA50KGU6TR, STM32WBA52CEU6, STM32WBA52CEU6TR, STM32WBA52CEU7, STM32WBA52CEU7TR, STM32WBA52CGU6, STM32WBA52CGU6TR, STM32WBA52CGU6U, STM32WBA52CGU7, STM32WBA52CGU7TR, STM32WBA52KEU6, STM32WBA52KEU6TR, STM32WBA52KGU6, STM32WBA52KGU6TR, STM32WBA54CEU6, STM32WBA54CEU6TR, STM32WBA54CEU7, STM32WBA54CEU7TR, STM32WBA54CGU6, STM32WBA54CGU6TR, STM32WBA54CGU7, STM32WBA54CGU7TR, STM32WBA54KEU6, STM32WBA54KEU6TR, STM32WBA54KEU7, STM32WBA54KEU7TR, STM32WBA54KGU6, STM32WBA54KGU6TR, STM32WBA54KGU7, STM32WBA54KGU7TR, STM32WBA55CEU6, STM32WBA55CEU6TR, STM32WBA55CEU7, STM32WBA55CEU7TR, STM32WBA55CGU6, STM32WBA55CGU6TR, STM32WBA55CGU6U, STM32WBA55CGU7, STM32WBA55CGU7TR, STM32WBA55G-DK1, STM32WBA55HEF6, STM32WBA55HEF7, STM32WBA55HGF6, STM32WBA55HGF7, STM32WBA55UEI6, STM32WBA55UEI6TR, STM32WBA55UEI7, STM32WBA55UEI7TR, STM32WBA55UGI6, STM32WBA55UGI6TR, STM32WBA55UGI7, STM32WBA55UGI7TR, STM32WBA5MMGH6TR, STM32WBA62MGF6, STM32WBA62MIF6, STM32WBA65MGF7, STM32WBA65MIF6, STM32WBA65MIF7, STM32WL30K8V6, STM32WL30KBV6, STM32WL31C8V6, STM32WL31CBV6, STM32WL31K8V6, STM32WL31KBV6, STM32WL33C8V6, STM32WL33C8V6X, STM32WL33CBV6, STM32WL33CBV6X, STM32WL33CCV6, STM32WL33CCV6A, STM32WL33CCV6X, STM32WL33K8V7, STM32WL33K8V7X, STM32WL33KBV7 , STM32WL33KBV7X, STM32WL33KCV7, STM32WL33KCV7X, STM32WL5MOCH6, STM32WL5MOCH6TR]
2025-11-30 13:56:02,073 [INFO] DbMcus:218 - Found 4876 MCUs, 4876 are supported
2025-11-30 13:56:02,073 [INFO] ApiDb:423 - Load user favorites file C:\Users\user/.stm32cubeide/favorites.mcus.txt: 0 item(s)
2025-11-30 13:56:02,074 [INFO] ApiDb:427 - User favorites MCUs=[]
2025-11-30 13:56:02,074 [INFO] DbMcus:224 - Set 0 / 0 favorites MCUs
2025-11-30 13:56:02,626 [INFO] BoardInfo:889 - No configuration file found for board P-NUCLEO-WB55
2025-11-30 13:56:02,628 [INFO] DbBoards:161 - Kit is not supported: P-NUCLEO-WB55
2025-11-30 13:56:02,634 [INFO] BoardInfo:889 - No configuration file found for board STEVAL-BFA001V1B
2025-11-30 13:56:02,636 [INFO] DbBoards:161 - Kit is not supported: STEVAL-BFA001V1B
2025-11-30 13:56:02,636 [INFO] BoardInfo:889 - No configuration file found for board STEVAL-BFA001V2B
2025-11-30 13:56:02,638 [INFO] DbBoards:161 - Kit is not supported: STEVAL-BFA001V2B
2025-11-30 13:56:02,849 [INFO] DbBoards:168 - Found 212 boards, 209 are supported
2025-11-30 13:56:02,850 [INFO] DbBoards:169 - Found 212 boards, 43 of them is supported for  Bsp
2025-11-30 13:56:02,852 [INFO] ApiDb:423 - Load user favorites file C:\Users\user/.stm32cubeide/favorites.boards.txt: 1 item(s)
2025-11-30 13:56:02,852 [INFO] ApiDb:427 - User favorites Boards=[NUCLEO-L476RG]
2025-11-30 13:56:02,852 [INFO] DbBoards:198 - Set 1 / 1 favorites Boards
2025-11-30 13:56:02,912 [INFO] UtilMem:75 - End LoadConfig() Used Memory: 266197952 Bytes (384827392)
2025-11-30 13:56:03,049 [WARN] ThirdParty:833 - waiting for thirdparty lock release [change project]
2025-11-30 13:56:03,049 [INFO] ThirdParty:835 - entering critical section [change project]
2025-11-30 13:56:03,049 [INFO] ThirdParty:1030 - CMSIS Pack Vendor :STMicroelectronics X-CUBE-PM33A1 1.0.0
2025-11-30 13:56:03,049 [INFO] ThirdParty:1030 - CMSIS Pack Vendor :STMicroelectronics USBPD 4.1
2025-11-30 13:56:03,050 [INFO] ThirdParty:1030 - CMSIS Pack Vendor :STMicroelectronics X-CUBE-NFC9 1.0.0
2025-11-30 13:56:03,050 [INFO] ThirdParty:1030 - CMSIS Pack Vendor :STMicroelectronics USB_HOST 2.0.0
2025-11-30 13:56:03,050 [INFO] ThirdParty:1030 - CMSIS Pack Vendor :STMicroelectronics FP-SNS-MOTENVWB1 1.4.0
2025-11-30 13:56:03,050 [INFO] ThirdParty:1030 - CMSIS Pack Vendor :STMicroelectronics X-CUBE-AZRTOS-F4 1.1.0
2025-11-30 13:56:03,050 [INFO] ThirdParty:1030 - CMSIS Pack Vendor :STMicroelectronics LIBJPEG 8.0.0
2025-11-30 13:56:03,050 [INFO] ThirdParty:1030 - CMSIS Pack Vendor :STMicroelectronics FP-ATR-ASTRA1 2.0.2
2025-11-30 13:56:03,050 [INFO] ThirdParty:1030 - CMSIS Pack Vendor :wolfSSL I-CUBE-wolfSSL 5.8.2
2025-11-30 13:56:03,050 [INFO] ThirdParty:1030 - CMSIS Pack Vendor :STMicroelectronics X-CUBE-BLE1 7.1.0
2025-11-30 13:56:03,050 [INFO] ThirdParty:1030 - CMSIS Pack Vendor :Avnet-IotConnect X-CUBE-IoTC-DA16k-PMOD 1.0.0
2025-11-30 13:56:03,050 [INFO] ThirdParty:1030 - CMSIS Pack Vendor :STMicroelectronics X-CUBE-SMBUS 2.1.0
2025-11-30 13:56:03,050 [INFO] ThirdParty:1030 - CMSIS Pack Vendor :wolfSSL I-CUBE-wolfMQTT 1.19.2
2025-11-30 13:56:03,050 [INFO] ThirdParty:1030 - CMSIS Pack Vendor :STMicroelectronics USB_DEVICE 3.0.0
2025-11-30 13:56:03,050 [INFO] ThirdParty:1030 - CMSIS Pack Vendor :STMicroelectronics X-CUBE-ISPU 2.1.0
2025-11-30 13:56:03,050 [INFO] ThirdParty:1030 - CMSIS Pack Vendor :STMicroelectronics X-CUBE-FREERTOS 1.4.0
2025-11-30 13:56:03,050 [INFO] ThirdParty:1030 - CMSIS Pack Vendor :STMicroelectronics X-CUBE-EEPRMA1 5.2.0
2025-11-30 13:56:03,050 [INFO] ThirdParty:1030 - CMSIS Pack Vendor :STMicroelectronics X-CUBE-IPS 3.2.0
2025-11-30 13:56:03,050 [INFO] ThirdParty:1030 - CMSIS Pack Vendor :STMicroelectronics X-CUBE-BLEMGR 4.1.0
2025-11-30 13:56:03,050 [INFO] ThirdParty:1030 - CMSIS Pack Vendor :STMicroelectronics X-CUBE-AZRTOS-WB 2.0.0
2025-11-30 13:56:03,050 [INFO] ThirdParty:1030 - CMSIS Pack Vendor :STMicroelectronics X-CUBE-ST60 1.0.0
2025-11-30 13:56:03,050 [INFO] ThirdParty:1030 - CMSIS Pack Vendor :STMicroelectronics X-CUBE-GNSS1 7.0.1
2025-11-30 13:56:03,050 [INFO] ThirdParty:1030 - CMSIS Pack Vendor :STMicroelectronics X-CUBE-NFC12 1.0.0
2025-11-30 13:56:03,050 [INFO] ThirdParty:1030 - CMSIS Pack Vendor :STMicroelectronics X-CUBE-AZRTOS-F7 1.1.0
2025-11-30 13:56:03,050 [INFO] ThirdParty:1030 - CMSIS Pack Vendor :STMicroelectronics X-CUBE-AZRTOS-L5 2.0.0
2025-11-30 13:56:03,050 [INFO] ThirdParty:1030 - CMSIS Pack Vendor :STMicroelectronics X-CUBE-TOUCHGFX 4.25.0
2025-11-30 13:56:03,050 [INFO] ThirdParty:1030 - CMSIS Pack Vendor :STMicroelectronics USB_DEVICE 2.0.0
2025-11-30 13:56:03,050 [INFO] ThirdParty:1030 - CMSIS Pack Vendor :STMicroelectronics X-CUBE-NFC6 3.1.0
2025-11-30 13:56:03,050 [INFO] ThirdParty:1030 - CMSIS Pack Vendor :STMicroelectronics X-CUBE-ST67W61 1.1.0
2025-11-30 13:56:03,050 [INFO] ThirdParty:1030 - CMSIS Pack Vendor :quantropi X-CUBE-qispace-sdk-base 2.1.0
2025-11-30 13:56:03,050 [INFO] ThirdParty:1030 - CMSIS Pack Vendor :STMicroelectronics X-CUBE-MEMS1 12.0.0
2025-11-30 13:56:03,051 [INFO] ThirdParty:1030 - CMSIS Pack Vendor :STMicroelectronics FP-SNS-MOTENV1 5.1.0
2025-11-30 13:56:03,051 [INFO] ThirdParty:1030 - CMSIS Pack Vendor :STMicroelectronics FreeRTOS 0.0.1
2025-11-30 13:56:03,051 [INFO] ThirdParty:1030 - CMSIS Pack Vendor :STMicroelectronics X-CUBE-AZRTOS-G0 1.1.0
2025-11-30 13:56:03,051 [INFO] ThirdParty:1030 - CMSIS Pack Vendor :STMicroelectronics X-CUBE-SAFEA1 1.2.2
2025-11-30 13:56:03,051 [INFO] ThirdParty:1030 - CMSIS Pack Vendor :STMicroelectronics X-CUBE-NFC4 3.0.0
2025-11-30 13:56:03,051 [INFO] ThirdParty:1030 - CMSIS Pack Vendor :STMicroelectronics X-CUBE-SUBG2 5.0.0
2025-11-30 13:56:03,051 [INFO] ThirdParty:1030 - CMSIS Pack Vendor :STMicroelectronics X-CUBE-AZRTOS-H7RS 1.1.0
2025-11-30 13:56:03,051 [INFO] ThirdParty:1030 - CMSIS Pack Vendor :STMicroelectronics STM32_WPAN 1.0.0
2025-11-30 13:56:03,051 [INFO] ThirdParty:1030 - CMSIS Pack Vendor :EmbeddedOffice I-CUBE-FS-RTOS 1.0.1
2025-11-30 13:56:03,051 [INFO] ThirdParty:1030 - CMSIS Pack Vendor :STMicroelectronics lwIP 2.0.3
2025-11-30 13:56:03,051 [INFO] ThirdParty:1030 - CMSIS Pack Vendor :WES I-CUBE-Cesium 1.4.0
2025-11-30 13:56:03,051 [INFO] ThirdParty:1030 - CMSIS Pack Vendor :Cesanta I-CUBE-Mongoose 7.13.0
2025-11-30 13:56:03,051 [INFO] ThirdParty:1030 - CMSIS Pack Vendor :STMicroelectronics USB_HOST 1.0.0
2025-11-30 13:56:03,051 [INFO] ThirdParty:1030 - CMSIS Pack Vendor :Infineon AIROC-Wi-Fi-Bluetooth-STM32 1.7.1
2025-11-30 13:56:03,051 [INFO] ThirdParty:1030 - CMSIS Pack Vendor :STMicroelectronics X-CUBE-AZRTOS-G4 2.0.0
2025-11-30 13:56:03,051 [INFO] ThirdParty:1030 - CMSIS Pack Vendor :STMicroelectronics X-CUBE-WB05N 2.0.0
2025-11-30 13:56:03,051 [INFO] ThirdParty:1030 - CMSIS Pack Vendor :STMicroelectronics PDM2PCM 3.1.0
2025-11-30 13:56:03,051 [INFO] ThirdParty:1030 - CMSIS Pack Vendor :STMicroelectronics PDM2PCM 3.3.0
2025-11-30 13:56:03,051 [INFO] ThirdParty:1030 - CMSIS Pack Vendor :wolfSSL I-CUBE-wolfTPM 3.8.0
2025-11-30 13:56:03,051 [INFO] ThirdParty:1030 - CMSIS Pack Vendor :STMicroelectronics X-CUBE-AZRTOS-H7 3.4.0
2025-11-30 13:56:03,051 [INFO] ThirdParty:1030 - CMSIS Pack Vendor :STMicroelectronics X-CUBE-DISPLAY 3.0.0
2025-11-30 13:56:03,051 [INFO] ThirdParty:1030 - CMSIS Pack Vendor :wolfSSL I-CUBE-wolfSSH 1.4.20
2025-11-30 13:56:03,051 [INFO] ThirdParty:1030 - CMSIS Pack Vendor :STMicroelectronics X-CUBE-NFC7 2.0.0
2025-11-30 13:56:03,051 [INFO] ThirdParty:1030 - CMSIS Pack Vendor :STMicroelectronics X-CUBE-TCPP 4.2.0
2025-11-30 13:56:03,051 [INFO] ThirdParty:1030 - CMSIS Pack Vendor :RealThread X-CUBE-RT-Thread_Nano 4.1.1
2025-11-30 13:56:03,051 [INFO] ThirdParty:1030 - CMSIS Pack Vendor :STMicroelectronics FP-ATR-SIGFOX1 3.2.0
2025-11-30 13:56:03,051 [INFO] ThirdParty:1030 - CMSIS Pack Vendor :STMicroelectronics X-CUBE-NFC10 1.0.0
2025-11-30 13:56:03,051 [INFO] ThirdParty:1030 - CMSIS Pack Vendor :STMicroelectronics X-CUBE-FREERTOS 1.3.1
2025-11-30 13:56:03,051 [INFO] ThirdParty:1030 - CMSIS Pack Vendor :STMicroelectronics HAL Drivers 0.0.0
2025-11-30 13:56:03,051 [INFO] ThirdParty:1030 - CMSIS Pack Vendor :STMicroelectronics MBEDTLS 2.16.2
2025-11-30 13:56:03,051 [INFO] ThirdParty:1030 - CMSIS Pack Vendor :STMicroelectronics X-CUBE-ST60 1.1.0
2025-11-30 13:56:03,052 [INFO] ThirdParty:1030 - CMSIS Pack Vendor :STMicroelectronics X-CUBE-IPS 3.1.0
2025-11-30 13:56:03,052 [INFO] ThirdParty:1030 - CMSIS Pack Vendor :STMicroelectronics X-CUBE-ALS 1.0.2
2025-11-30 13:56:03,052 [INFO] ThirdParty:1030 - CMSIS Pack Vendor :emotas I-CUBE-CANOPEN 1.3.0
2025-11-30 13:56:03,052 [INFO] ThirdParty:1030 - CMSIS Pack Vendor :STMicroelectronics MBEDTLS 2.14.1
2025-11-30 13:56:03,052 [INFO] ThirdParty:1030 - CMSIS Pack Vendor :STMicroelectronics X-CUBE-GNSS1 7.1.0
2025-11-30 13:56:03,052 [INFO] ThirdParty:1030 - CMSIS Pack Vendor :ITTIA_DB I-CUBE-ITTIADB 8.9.0
2025-11-30 13:56:03,052 [INFO] ThirdParty:1030 - CMSIS Pack Vendor :STMicroelectronics X-CUBE-TOUCHGFX 4.26.0
2025-11-30 13:56:03,052 [INFO] ThirdParty:1030 - CMSIS Pack Vendor :STMicroelectronics X-CUBE-STSE01 1.0.0
2025-11-30 13:56:03,052 [INFO] ThirdParty:1030 - CMSIS Pack Vendor :STMicroelectronics X-CUBE-ST67W61 1.0.0
2025-11-30 13:56:03,052 [INFO] ThirdParty:1030 - CMSIS Pack Vendor :STMicroelectronics FP-SNS-STBOX1 2.1.0
2025-11-30 13:56:03,052 [INFO] ThirdParty:1030 - CMSIS Pack Vendor :STMicroelectronics X-CUBE-AI 10.2.0
2025-11-30 13:56:03,052 [INFO] ThirdParty:1030 - CMSIS Pack Vendor :STMicroelectronics FP-SNS-STAIOTCFT 1.0.0
2025-11-30 13:56:03,052 [INFO] ThirdParty:1030 - CMSIS Pack Vendor :STMicroelectronics ThreadX 1.0.0
2025-11-30 13:56:03,052 [INFO] ThirdParty:1030 - CMSIS Pack Vendor :STMicroelectronics FP-SNS-SMARTAG2 1.2.0
2025-11-30 13:56:03,052 [INFO] ThirdParty:1030 - CMSIS Pack Vendor :STMicroelectronics FP-SNS-FLIGHT1 5.1.0
2025-11-30 13:56:03,052 [INFO] ThirdParty:1030 - CMSIS Pack Vendor :STMicroelectronics X-CUBE-AZRTOS-WL 2.0.0
2025-11-30 13:56:03,052 [INFO] ThirdParty:1030 - CMSIS Pack Vendor :SEGGER I-CUBE-embOS 1.3.1
2025-11-30 13:56:03,052 [INFO] ThirdParty:1030 - CMSIS Pack Vendor :STMicroelectronics X-CUBE-ALGOBUILD 1.4.0
2025-11-30 13:56:03,052 [INFO] ThirdParty:1030 - CMSIS Pack Vendor :STMicroelectronics X-CUBE-DPower 1.3.0
2025-11-30 13:56:03,052 [INFO] ThirdParty:1030 - CMSIS Pack Vendor :STMicroelectronics X-CUBE-MEMS1 11.3.0
2025-11-30 13:56:03,052 [INFO] ThirdParty:1030 - CMSIS Pack Vendor :STMicroelectronics FP-SNS-MOTENV1 5.0.0
2025-11-30 13:56:03,052 [INFO] ThirdParty:1030 - CMSIS Pack Vendor :STMicroelectronics USB_DEVICE 1.0.0
2025-11-30 13:56:03,052 [INFO] ThirdParty:1030 - CMSIS Pack Vendor :STMicroelectronics X-CUBE-AZRTOS-H7RS 1.2.0
2025-11-30 13:56:03,052 [INFO] ThirdParty:1030 - CMSIS Pack Vendor :STMicroelectronics X-CUBE-AZRTOS-L4 2.0.0
2025-11-30 13:56:03,052 [INFO] ThirdParty:1030 - CMSIS Pack Vendor :STMicroelectronics ThreadX 0.0.2
2025-11-30 13:56:03,052 [INFO] ThirdParty:1030 - CMSIS Pack Vendor :STMicroelectronics lwIP 2.1.2
2025-11-30 13:56:03,052 [INFO] ThirdParty:1030 - CMSIS Pack Vendor :STMicroelectronics X-CUBE-SFXS2LP1 4.0.0
2025-11-30 13:56:03,052 [INFO] ThirdParty:1030 - CMSIS Pack Vendor :STMicroelectronics X-CUBE-BLE2 3.3.0
2025-11-30 13:56:03,052 [INFO] ThirdParty:1030 - CMSIS Pack Vendor :Avnet-IOTCONNECT X-CUBE-iotc-st67-sdk 1.0.0
2025-11-30 13:56:03,053 [INFO] ThirdParty:1030 - CMSIS Pack Vendor :STMicroelectronics X-CUBE-TOF1 3.4.3
2025-11-30 13:56:03,053 [INFO] ThirdParty:1030 - CMSIS Pack Vendor :STMicroelectronics PDM2PCM 3.2.0
2025-11-30 13:56:03,053 [INFO] ThirdParty:841 - exiting critical section [change project]
2025-11-30 13:56:03,482 [INFO] PinOutPanel:1589 - setPackage(No Configuration,No Configuration)
2025-11-30 13:56:03,484 [INFO] PinOutPanel:1589 - setPackage(STM32L476RGTx,LQFP64)
2025-11-30 13:56:04,112 [INFO] UtilMem:75 - Before build in PCC Used Memory: 300816736 Bytes (408944640)
2025-11-30 13:56:05,082 [INFO] UtilMem:75 - After build in PCC Used Memory: 250278944 Bytes (408944640)
2025-11-30 13:56:05,254 [INFO] ApiDbMcu:532 - Load IP Config File for FREERTOS
2025-11-30 13:56:05,285 [INFO] IPUIPlugin:80 - create IPUIPlugin
2025-11-30 13:56:05,285 [INFO] IPUIPlugin:80 - create IPUIPlugin
2025-11-30 13:56:05,285 [INFO] IPUIPlugin:80 - create IPUIPlugin
2025-11-30 13:56:05,285 [INFO] IPUIPlugin:80 - create IPUIPlugin
2025-11-30 13:56:05,285 [INFO] IPUIPlugin:80 - create IPUIPlugin
2025-11-30 13:56:05,285 [INFO] IPUIPlugin:80 - create IPUIPlugin
2025-11-30 13:56:05,285 [INFO] IPUIPlugin:80 - create IPUIPlugin
2025-11-30 13:56:05,285 [INFO] IPUIPlugin:80 - create IPUIPlugin
2025-11-30 13:56:05,286 [INFO] IPUIPlugin:80 - create IPUIPlugin
2025-11-30 13:56:05,286 [INFO] IPUIPlugin:80 - create IPUIPlugin
2025-11-30 13:56:05,286 [INFO] IPUIPlugin:80 - create IPUIPlugin
2025-11-30 13:56:05,286 [INFO] IPUIPlugin:80 - create IPUIPlugin
2025-11-30 13:56:05,286 [INFO] IPUIPlugin:80 - create IPUIPlugin
2025-11-30 13:56:05,286 [INFO] IPUIPlugin:80 - create IPUIPlugin
2025-11-30 13:56:05,286 [INFO] IPUIPlugin:80 - create IPUIPlugin
2025-11-30 13:56:05,286 [INFO] IPUIPlugin:80 - create IPUIPlugin
2025-11-30 13:56:05,286 [INFO] IPUIPlugin:80 - create IPUIPlugin
2025-11-30 13:56:05,286 [INFO] IPUIPlugin:80 - create IPUIPlugin
2025-11-30 13:56:05,287 [INFO] IPUIPlugin:80 - create IPUIPlugin
2025-11-30 13:56:05,287 [INFO] IPUIPlugin:80 - create IPUIPlugin
2025-11-30 13:56:05,287 [INFO] IPUIPlugin:80 - create IPUIPlugin
2025-11-30 13:56:05,287 [INFO] IPUIPlugin:80 - create IPUIPlugin
2025-11-30 13:56:05,287 [INFO] IPUIPlugin:80 - create IPUIPlugin
2025-11-30 13:56:05,287 [INFO] IPUIPlugin:80 - create IPUIPlugin
2025-11-30 13:56:05,287 [INFO] IPUIPlugin:80 - create IPUIPlugin
2025-11-30 13:56:05,287 [INFO] IPUIPlugin:80 - create IPUIPlugin
2025-11-30 13:56:05,288 [INFO] IPUIPlugin:80 - create IPUIPlugin
2025-11-30 13:56:05,288 [INFO] IPUIPlugin:80 - create IPUIPlugin
2025-11-30 13:56:05,288 [INFO] IPUIPlugin:80 - create IPUIPlugin
2025-11-30 13:56:05,288 [INFO] IPUIPlugin:80 - create IPUIPlugin
2025-11-30 13:56:05,288 [INFO] IPUIPlugin:80 - create IPUIPlugin
2025-11-30 13:56:05,289 [INFO] IPUIPlugin:80 - create IPUIPlugin
2025-11-30 13:56:05,289 [INFO] IPUIPlugin:80 - create IPUIPlugin
2025-11-30 13:56:05,289 [INFO] IPUIPlugin:80 - create IPUIPlugin
2025-11-30 13:56:05,289 [INFO] IPUIPlugin:80 - create IPUIPlugin
2025-11-30 13:56:05,289 [INFO] IPUIPlugin:80 - create IPUIPlugin
2025-11-30 13:56:05,289 [INFO] IPUIPlugin:80 - create IPUIPlugin
2025-11-30 13:56:05,290 [INFO] IPUIPlugin:80 - create IPUIPlugin
2025-11-30 13:56:05,290 [INFO] IPUIPlugin:80 - create IPUIPlugin
2025-11-30 13:56:05,290 [INFO] IPUIPlugin:80 - create IPUIPlugin
2025-11-30 13:56:05,290 [INFO] IPUIPlugin:80 - create IPUIPlugin
2025-11-30 13:56:05,290 [INFO] IPUIPlugin:80 - create IPUIPlugin
2025-11-30 13:56:05,291 [INFO] IPUIPlugin:80 - create IPUIPlugin
2025-11-30 13:56:05,291 [INFO] IPUIPlugin:80 - create IPUIPlugin
2025-11-30 13:56:05,291 [INFO] IPUIPlugin:80 - create IPUIPlugin
2025-11-30 13:56:05,291 [INFO] IPUIPlugin:80 - create IPUIPlugin
2025-11-30 13:56:05,291 [INFO] IPUIPlugin:80 - create IPUIPlugin
2025-11-30 13:56:05,291 [INFO] IPUIPlugin:80 - create IPUIPlugin
2025-11-30 13:56:05,292 [INFO] IPUIPlugin:80 - create IPUIPlugin
2025-11-30 13:56:05,292 [INFO] IPUIPlugin:80 - create IPUIPlugin
2025-11-30 13:56:05,292 [INFO] IPUIPlugin:80 - create IPUIPlugin
2025-11-30 13:56:05,292 [INFO] IPUIPlugin:80 - create IPUIPlugin
2025-11-30 13:56:05,293 [INFO] IPUIPlugin:80 - create IPUIPlugin
2025-11-30 13:56:05,293 [INFO] IPUIPlugin:80 - create IPUIPlugin
2025-11-30 13:56:05,293 [INFO] IPUIPlugin:80 - create IPUIPlugin
2025-11-30 13:56:05,293 [INFO] IPUIPlugin:80 - create IPUIPlugin
2025-11-30 13:56:05,294 [INFO] IPUIPlugin:80 - create IPUIPlugin
2025-11-30 13:56:05,294 [INFO] IPUIPlugin:80 - create IPUIPlugin
2025-11-30 13:56:05,294 [INFO] IPUIPlugin:80 - create IPUIPlugin
2025-11-30 13:56:05,354 [WARN] FreeRTOS:1023 - Null or empty value: should not occur! (nothing added to the table)
2025-11-30 13:56:05,575 [INFO] CADModel:165 - CPN selected for project levelSTM32L476RGT3
2025-11-30 13:56:05,575 [INFO] CADModel:114 - Register for checkConnection events
2025-11-30 13:56:05,576 [INFO] RtosManager:728 - Active RTOS found at IOC load: FREERTOS [Cortex-M4NS]
2025-11-30 13:56:05,628 [INFO] OpenFileManager:386 - Restore cursor
2025-11-30 13:56:14,268 [ERROR] LogOutputStream:75 - [STDERR_REDIRECT] 
2025-11-30 13:56:26,986 [INFO] Activator:176 - 


2025-11-30 13:56:26,988 [INFO] Activator:177 - !SESSION log4j initialized
2025-11-30 13:56:31,938 [INFO] LogOutputStream:77 - [STDOUT_REDIRECT] 
2025-11-30 13:56:34,106 [INFO] ApplicationProperties:184 - Using Application install path: C:\ST\STM32CubeIDE_1.19.0\STM32CubeIDE\plugins\com.st.stm32cube.common.mx_6.15.0.202507011659
2025-11-30 13:56:34,131 [INFO] DbMcusXml:78 - Set database path to: C:\ST\STM32CubeIDE_1.19.0\STM32CubeIDE\plugins\com.st.stm32cube.common.mx_6.15.0.202507011659\\db\/mcu/
2025-11-30 13:56:34,131 [INFO] ApiDb:274 - Set plugin database path to: C:\ST\STM32CubeIDE_1.19.0\STM32CubeIDE\plugins\com.st.stm32cube.common.mx_6.15.0.202507011659\\db\/plugins/boardmanager/
2025-11-30 13:56:34,132 [WARN] ApiDb:259 - Overriding images path with different value:  => C:\ST\STM32CubeIDE_1.19.0\STM32CubeIDE\plugins\com.st.stm32cube.common.mx_6.15.0.202507011659\\db\/plugins/mcufinder/images/
2025-11-30 13:56:34,138 [INFO] ApiDb:250 - Set database path to: C:\Users\user\.stmcufinder\plugins\mcufinder//mcu/
2025-11-30 13:56:34,139 [INFO] DbMcusAds:125 - Set database path to: C:\Users\user\.stmcufinder\plugins\mcufinder//mcu/
2025-11-30 13:56:34,140 [INFO] CrossReferenceDbSqlite:203 - Set database path to: C:\Users\user\.stmcufinder\plugins\mcufinder//mcu/cs/
2025-11-30 13:56:34,228 [INFO] RulesReader:64 - Compatibility file has been processed (317 Rules)
2025-11-30 13:56:34,301 [INFO] DbMcusXml:78 - Set database path to: C:\ST\STM32CubeIDE_1.19.0\STM32CubeIDE\plugins\com.st.stm32cube.common.mx_6.15.0.202507011659\\db\/mcu/
2025-11-30 13:56:34,301 [INFO] ApiDb:274 - Set plugin database path to: C:\ST\STM32CubeIDE_1.19.0\STM32CubeIDE\plugins\com.st.stm32cube.common.mx_6.15.0.202507011659\\db\/plugins/boardmanager/
2025-11-30 13:56:34,302 [INFO] ApiDb:261 - Set plugin images path to: C:\ST\STM32CubeIDE_1.19.0\STM32CubeIDE\plugins\com.st.stm32cube.common.mx_6.15.0.202507011659\\db\/plugins/mcufinder/images/
2025-11-30 13:56:34,302 [WARN] DbFile:41 - Overriding database path with different value: C:\Users\user\.stmcufinder\plugins\mcufinder/ => C:\Users\user\.stmcufinder\plugins\mcufinder
2025-11-30 13:56:34,302 [INFO] ApiDb:250 - Set database path to: C:\Users\user\.stmcufinder\plugins\mcufinder//mcu/
2025-11-30 13:56:34,302 [WARN] DbFile:41 - Overriding database path with different value: C:\Users\user\.stmcufinder\plugins\mcufinder/ => C:\Users\user\.stmcufinder\plugins\mcufinder
2025-11-30 13:56:34,302 [INFO] DbMcusAds:125 - Set database path to: C:\Users\user\.stmcufinder\plugins\mcufinder//mcu/
2025-11-30 13:56:34,302 [WARN] DbFile:41 - Overriding database path with different value: C:\Users\user\.stmcufinder\plugins\mcufinder/ => C:\Users\user\.stmcufinder\plugins\mcufinder
2025-11-30 13:56:34,302 [WARN] DbFile:41 - Overriding database path with different value: C:\Users\user\.stmcufinder\plugins\mcufinder/ => C:\Users\user\.stmcufinder\plugins\mcufinder
2025-11-30 13:56:34,302 [INFO] CrossReferenceDbSqlite:203 - Set database path to: C:\Users\user\.stmcufinder\plugins\mcufinder//mcu/cs/
2025-11-30 13:56:34,372 [INFO] MainPanel:274 - HeapMemory: 268435456
2025-11-30 13:56:34,432 [INFO] DbMcusXml:78 - Set database path to: C:\ST\STM32CubeIDE_1.19.0\STM32CubeIDE\plugins\com.st.stm32cube.common.mx_6.15.0.202507011659\\db\/mcu/
2025-11-30 13:56:34,432 [INFO] ApiDb:274 - Set plugin database path to: C:\ST\STM32CubeIDE_1.19.0\STM32CubeIDE\plugins\com.st.stm32cube.common.mx_6.15.0.202507011659\\db\/plugins/boardmanager/
2025-11-30 13:56:34,432 [INFO] ApiDb:261 - Set plugin images path to: C:\ST\STM32CubeIDE_1.19.0\STM32CubeIDE\plugins\com.st.stm32cube.common.mx_6.15.0.202507011659\\db\/plugins/mcufinder/images/
2025-11-30 13:56:34,432 [WARN] DbFile:41 - Overriding database path with different value: C:\Users\user\.stmcufinder\plugins\mcufinder/ => C:\Users\user\.stmcufinder\plugins\mcufinder
2025-11-30 13:56:34,432 [INFO] ApiDb:250 - Set database path to: C:\Users\user\.stmcufinder\plugins\mcufinder//mcu/
2025-11-30 13:56:34,433 [WARN] DbFile:41 - Overriding database path with different value: C:\Users\user\.stmcufinder\plugins\mcufinder/ => C:\Users\user\.stmcufinder\plugins\mcufinder
2025-11-30 13:56:34,433 [INFO] DbMcusAds:125 - Set database path to: C:\Users\user\.stmcufinder\plugins\mcufinder//mcu/
2025-11-30 13:56:34,433 [WARN] DbFile:41 - Overriding database path with different value: C:\Users\user\.stmcufinder\plugins\mcufinder/ => C:\Users\user\.stmcufinder\plugins\mcufinder
2025-11-30 13:56:34,433 [WARN] DbFile:41 - Overriding database path with different value: C:\Users\user\.stmcufinder\plugins\mcufinder/ => C:\Users\user\.stmcufinder\plugins\mcufinder
2025-11-30 13:56:34,433 [INFO] CrossReferenceDbSqlite:203 - Set database path to: C:\Users\user\.stmcufinder\plugins\mcufinder//mcu/cs/
2025-11-30 13:56:34,445 [INFO] ApplicationProperties:184 - Using Application install path: C:\ST\STM32CubeIDE_1.19.0\STM32CubeIDE\plugins\com.st.stm32cube.common.mx_6.15.0.202507011659
2025-11-30 13:56:34,446 [INFO] PluginManage:196 - Search for loadable plugins [exclusion list=, ]
2025-11-30 13:56:34,447 [INFO] PluginManage:310 - Check plugin analytics
2025-11-30 13:56:34,641 [INFO] AnalyticsPlugin:253 - Accepted Software Licenses: 
2025-11-30 13:56:34,641 [INFO] AnalyticsPlugin:255 - Accepted CMSIS Pack Licenses: 
2025-11-30 13:56:34,641 [INFO] AnalyticsPlugin:257 - Accepted Firmware Licenses: FW.L4.1.18.0
2025-11-30 13:56:34,646 [INFO] PluginManage:359 - Loaded plugin analytics (category:tool,tabindex:-1)
2025-11-30 13:56:34,647 [INFO] PluginManage:310 - Check plugin cadmodel
2025-11-30 13:56:34,653 [INFO] CADModel:105 - Init CAD model plugin
2025-11-30 13:56:34,653 [INFO] PluginManage:359 - Loaded plugin cadmodel (category:power,tabindex:5)
2025-11-30 13:56:34,653 [INFO] PluginManage:310 - Check plugin clock
2025-11-30 13:56:34,665 [INFO] PluginManage:359 - Loaded plugin clock (category:base,tabindex:2)
2025-11-30 13:56:34,665 [INFO] PluginManage:310 - Check plugin ddr
2025-11-30 13:56:34,670 [INFO] PluginManage:359 - Loaded plugin ddr (category:tool,tabindex:6)
2025-11-30 13:56:34,670 [INFO] PluginManage:310 - Check plugin filemanager
2025-11-30 13:56:34,805 [INFO] PluginManage:359 - Loaded plugin filemanager (category:base,tabindex:10)
2025-11-30 13:56:34,805 [INFO] PluginManage:310 - Check plugin ipmanager
2025-11-30 13:56:34,810 [INFO] PluginManage:359 - Loaded plugin ipmanager (category:base,tabindex:5)
2025-11-30 13:56:34,810 [INFO] PluginManage:310 - Check plugin lpbam
2025-11-30 13:56:34,815 [INFO] PluginManage:359 - Loaded plugin lpbam (category:base,tabindex:0)
2025-11-30 13:56:34,816 [INFO] PluginManage:310 - Check plugin memorymap
2025-11-30 13:56:34,823 [INFO] PluginManage:359 - Loaded plugin memorymap (category:base,tabindex:4)
2025-11-30 13:56:34,823 [INFO] PluginManage:310 - Check plugin pinoutandconfiguration
2025-11-30 13:56:34,827 [INFO] PluginManage:359 - Loaded plugin pinoutandconfiguration (category:base,tabindex:1)
2025-11-30 13:56:34,827 [INFO] PluginManage:310 - Check plugin pinoutconfig
2025-11-30 13:56:34,886 [WARN] SupportedApi:132 - Cannot load RTOS API schema: s4s-elt-must-match.1: The content of 'definitions' must match (annotation?, (simpleType | complexType)?, (unique | key | keyref)*)). A problem was found starting at: attribute.
2025-11-30 13:56:35,005 [INFO] PluginManage:359 - Loaded plugin pinoutconfig (category:base,tabindex:0)
2025-11-30 13:56:35,005 [INFO] PluginManage:310 - Check plugin power
2025-11-30 13:56:35,011 [INFO] PluginManage:359 - Loaded plugin power (category:power,tabindex:4)
2025-11-30 13:56:35,011 [INFO] PluginManage:310 - Check plugin projectmanager
2025-11-30 13:56:35,024 [INFO] PluginManage:359 - Loaded plugin projectmanager (category:projectmanager,tabindex:4)
2025-11-30 13:56:35,024 [INFO] PluginManage:310 - Check plugin rif
2025-11-30 13:56:35,033 [INFO] PluginManage:359 - Loaded plugin rif (category:base,tabindex:3)
2025-11-30 13:56:35,033 [INFO] PluginManage:310 - Check plugin thirdparty
2025-11-30 13:56:35,132 [WARN] IntegrityCheckThread:84 - waiting for thirdparty lock release [integrity check]
2025-11-30 13:56:35,132 [INFO] IntegrityCheckThread:86 - entering critical section [integrity check]
2025-11-30 13:56:35,132 [INFO] ThirdPartyUpdaterWithRetryManager:70 - Updater plugin not ready yet. [1/15]
2025-11-30 13:56:35,133 [INFO] PluginManage:359 - Loaded plugin thirdparty (category:base,tabindex:-1)
2025-11-30 13:56:35,133 [INFO] PluginManage:310 - Check plugin tools
2025-11-30 13:56:35,137 [INFO] PluginManage:359 - Loaded plugin tools (category:base,tabindex:7)
2025-11-30 13:56:35,137 [INFO] PluginManage:310 - Check plugin tutovideos
2025-11-30 13:56:35,267 [INFO] PluginManage:359 - Loaded plugin tutovideos (category:base,tabindex:-1)
2025-11-30 13:56:35,268 [INFO] PluginManage:310 - Check plugin updater
2025-11-30 13:56:35,281 [INFO] PluginManage:359 - Loaded plugin updater (category:base,tabindex:12)
2025-11-30 13:56:35,281 [INFO] PluginManage:310 - Check plugin userauth
2025-11-30 13:56:35,284 [INFO] UserAuth:118 - Init User Auth plugin
2025-11-30 13:56:35,285 [INFO] PluginManage:359 - Loaded plugin userauth (category:base,tabindex:14)
2025-11-30 13:56:35,285 [INFO] PluginManage:283 - PluginManage : Loaded plugins [18]
2025-11-30 13:56:35,437 [INFO] PinOutPanel:1589 - setPackage(No Configuration,No Configuration)
2025-11-30 13:56:35,497 [INFO] CADModel:165 - CPN selected for project level
2025-11-30 13:56:35,497 [INFO] CADModel:114 - Register for checkConnection events
2025-11-30 13:56:35,509 [INFO] IPUIPlugin:80 - create IPUIPlugin
2025-11-30 13:56:35,509 [INFO] PluginManager:220 - loadIPPluginJar : add adc
2025-11-30 13:56:35,511 [INFO] IPUIPlugin:80 - create IPUIPlugin
2025-11-30 13:56:35,512 [INFO] PluginManager:220 - loadIPPluginJar : add aes
2025-11-30 13:56:35,514 [INFO] IPUIPlugin:80 - create IPUIPlugin
2025-11-30 13:56:35,514 [INFO] PluginManager:220 - loadIPPluginJar : add can
2025-11-30 13:56:35,515 [INFO] IPUIPlugin:80 - create IPUIPlugin
2025-11-30 13:56:35,515 [INFO] PluginManager:220 - loadIPPluginJar : add comp
2025-11-30 13:56:35,516 [INFO] IPUIPlugin:80 - create IPUIPlugin
2025-11-30 13:56:35,516 [INFO] PluginManager:220 - loadIPPluginJar : add cryp
2025-11-30 13:56:35,518 [INFO] IPUIPlugin:80 - create IPUIPlugin
2025-11-30 13:56:35,518 [INFO] PluginManager:220 - loadIPPluginJar : add ddr_ctrl_phy
2025-11-30 13:56:35,519 [INFO] IPUIPlugin:80 - create IPUIPlugin
2025-11-30 13:56:35,519 [INFO] PluginManager:220 - loadIPPluginJar : add dfsdm
2025-11-30 13:56:35,522 [INFO] IPUIPlugin:80 - create IPUIPlugin
2025-11-30 13:56:35,522 [INFO] PluginManager:220 - loadIPPluginJar : add dma
2025-11-30 13:56:35,524 [INFO] IPUIPlugin:80 - create IPUIPlugin
2025-11-30 13:56:35,524 [INFO] PluginManager:220 - loadIPPluginJar : add dma3
2025-11-30 13:56:35,525 [INFO] IPUIPlugin:80 - create IPUIPlugin
2025-11-30 13:56:35,525 [INFO] PluginManager:220 - loadIPPluginJar : add extmemmanager
2025-11-30 13:56:35,526 [INFO] IPUIPlugin:80 - create IPUIPlugin
2025-11-30 13:56:35,526 [INFO] PluginManager:220 - loadIPPluginJar : add fatfs
2025-11-30 13:56:35,529 [INFO] IPUIPlugin:80 - create IPUIPlugin
2025-11-30 13:56:35,529 [INFO] PluginManager:220 - loadIPPluginJar : add fmc
2025-11-30 13:56:35,532 [INFO] IPUIPlugin:80 - create IPUIPlugin
2025-11-30 13:56:35,532 [INFO] PluginManager:220 - loadIPPluginJar : add freertos
2025-11-30 13:56:35,533 [INFO] IPUIPlugin:80 - create IPUIPlugin
2025-11-30 13:56:35,533 [INFO] PluginManager:220 - loadIPPluginJar : add genericplugin
2025-11-30 13:56:35,534 [INFO] IPUIPlugin:80 - create IPUIPlugin
2025-11-30 13:56:35,534 [INFO] PluginManager:220 - loadIPPluginJar : add gfxmmu
2025-11-30 13:56:35,536 [INFO] IPUIPlugin:80 - create IPUIPlugin
2025-11-30 13:56:35,536 [INFO] PluginManager:220 - loadIPPluginJar : add gic
2025-11-30 13:56:35,539 [INFO] IPUIPlugin:80 - create IPUIPlugin
2025-11-30 13:56:35,539 [INFO] PluginManager:220 - loadIPPluginJar : add gpio
2025-11-30 13:56:35,540 [INFO] IPUIPlugin:80 - create IPUIPlugin
2025-11-30 13:56:35,540 [INFO] PluginManager:220 - loadIPPluginJar : add gtzc
2025-11-30 13:56:35,541 [INFO] IPUIPlugin:80 - create IPUIPlugin
2025-11-30 13:56:35,542 [INFO] PluginManager:220 - loadIPPluginJar : add hash
2025-11-30 13:56:35,543 [INFO] IPUIPlugin:80 - create IPUIPlugin
2025-11-30 13:56:35,543 [INFO] PluginManager:220 - loadIPPluginJar : add i2c
2025-11-30 13:56:35,544 [INFO] IPUIPlugin:80 - create IPUIPlugin
2025-11-30 13:56:35,544 [INFO] PluginManager:220 - loadIPPluginJar : add i2s
2025-11-30 13:56:35,546 [INFO] IPUIPlugin:80 - create IPUIPlugin
2025-11-30 13:56:35,546 [INFO] PluginManager:220 - loadIPPluginJar : add i3c
2025-11-30 13:56:35,547 [INFO] IPUIPlugin:80 - create IPUIPlugin
2025-11-30 13:56:35,548 [INFO] PluginManager:220 - loadIPPluginJar : add ipddr
2025-11-30 13:56:35,552 [INFO] IPUIPlugin:80 - create IPUIPlugin
2025-11-30 13:56:35,553 [INFO] PluginManager:220 - loadIPPluginJar : add linkedlist
2025-11-30 13:56:35,556 [INFO] IPUIPlugin:80 - create IPUIPlugin
2025-11-30 13:56:35,556 [INFO] PluginManager:220 - loadIPPluginJar : add lorawan
2025-11-30 13:56:35,556 [INFO] IPUIPlugin:80 - create IPUIPlugin
2025-11-30 13:56:35,556 [INFO] PluginManager:220 - loadIPPluginJar : add ltdc
2025-11-30 13:56:35,559 [INFO] IPUIPlugin:80 - create IPUIPlugin
2025-11-30 13:56:35,559 [INFO] PluginManager:220 - loadIPPluginJar : add mdma
2025-11-30 13:56:35,561 [INFO] IPUIPlugin:80 - create IPUIPlugin
2025-11-30 13:56:35,561 [INFO] PluginManager:220 - loadIPPluginJar : add nvic
2025-11-30 13:56:35,563 [INFO] IPUIPlugin:80 - create IPUIPlugin
2025-11-30 13:56:35,563 [INFO] PluginManager:220 - loadIPPluginJar : add opamp
2025-11-30 13:56:35,564 [INFO] IPUIPlugin:80 - create IPUIPlugin
2025-11-30 13:56:35,564 [INFO] PluginManager:220 - loadIPPluginJar : add openamp
2025-11-30 13:56:35,566 [INFO] IPUIPlugin:80 - create IPUIPlugin
2025-11-30 13:56:35,566 [INFO] PluginManager:220 - loadIPPluginJar : add pdm2pcm
2025-11-30 13:56:35,569 [INFO] IPUIPlugin:80 - create IPUIPlugin
2025-11-30 13:56:35,570 [INFO] PluginManager:220 - loadIPPluginJar : add plateformsettings
2025-11-30 13:56:35,572 [INFO] IPUIPlugin:80 - create IPUIPlugin
2025-11-30 13:56:35,572 [INFO] PluginManager:220 - loadIPPluginJar : add quadspi
2025-11-30 13:56:35,573 [INFO] IPUIPlugin:80 - create IPUIPlugin
2025-11-30 13:56:35,574 [INFO] PluginManager:220 - loadIPPluginJar : add radio
2025-11-30 13:56:35,575 [INFO] IPUIPlugin:80 - create IPUIPlugin
2025-11-30 13:56:35,575 [INFO] PluginManager:220 - loadIPPluginJar : add resmgrutility
2025-11-30 13:56:35,577 [INFO] IPUIPlugin:80 - create IPUIPlugin
2025-11-30 13:56:35,577 [INFO] PluginManager:220 - loadIPPluginJar : add sai
2025-11-30 13:56:35,579 [INFO] IPUIPlugin:80 - create IPUIPlugin
2025-11-30 13:56:35,579 [INFO] PluginManager:220 - loadIPPluginJar : add spi
2025-11-30 13:56:35,582 [INFO] IPUIPlugin:80 - create IPUIPlugin
2025-11-30 13:56:35,582 [INFO] PluginManager:220 - loadIPPluginJar : add stm32_wpan
2025-11-30 13:56:35,584 [INFO] IPUIPlugin:80 - create IPUIPlugin
2025-11-30 13:56:35,584 [INFO] PluginManager:220 - loadIPPluginJar : add tim
2025-11-30 13:56:35,587 [INFO] IPUIPlugin:80 - create IPUIPlugin
2025-11-30 13:56:35,587 [INFO] PluginManager:220 - loadIPPluginJar : add touchsensing
2025-11-30 13:56:35,589 [INFO] IPUIPlugin:80 - create IPUIPlugin
2025-11-30 13:56:35,589 [INFO] PluginManager:220 - loadIPPluginJar : add tracer_emb
2025-11-30 13:56:35,591 [INFO] IPUIPlugin:80 - create IPUIPlugin
2025-11-30 13:56:35,591 [INFO] PluginManager:220 - loadIPPluginJar : add ts
2025-11-30 13:56:35,592 [INFO] IPUIPlugin:80 - create IPUIPlugin
2025-11-30 13:56:35,592 [INFO] PluginManager:220 - loadIPPluginJar : add tsc
2025-11-30 13:56:35,593 [INFO] IPUIPlugin:80 - create IPUIPlugin
2025-11-30 13:56:35,593 [INFO] PluginManager:220 - loadIPPluginJar : add ucpd
2025-11-30 13:56:35,595 [INFO] IPUIPlugin:80 - create IPUIPlugin
2025-11-30 13:56:35,595 [INFO] PluginManager:220 - loadIPPluginJar : add usart
2025-11-30 13:56:35,597 [INFO] IPUIPlugin:80 - create IPUIPlugin
2025-11-30 13:56:35,597 [INFO] PluginManager:220 - loadIPPluginJar : add usbx
2025-11-30 13:56:35,712 [FATAL] Updater:351 - Updater called before beeing initialized
2025-11-30 13:56:35,730 [INFO] RulesReader:64 - Compatibility file has been processed (317 Rules)
2025-11-30 13:56:35,740 [INFO] RulesReader:64 - Compatibility file has been processed (317 Rules)
2025-11-30 13:56:35,749 [INFO] CADModel:165 - CPN selected for project level
2025-11-30 13:56:35,749 [INFO] CADModel:114 - Register for checkConnection events
2025-11-30 13:56:35,749 [FATAL] Updater:351 - Updater called before beeing initialized
2025-11-30 13:56:35,749 [ERROR] CADModel:125 - Updater not yet initialized, retry later 
2025-11-30 13:56:35,880 [FATAL] Updater:351 - Updater called before beeing initialized
2025-11-30 13:56:35,881 [INFO] CADModel:165 - CPN selected for project level
2025-11-30 13:56:35,881 [INFO] CADModel:114 - Register for checkConnection events
2025-11-30 13:56:35,881 [FATAL] Updater:351 - Updater called before beeing initialized
2025-11-30 13:56:35,881 [ERROR] CADModel:125 - Updater not yet initialized, retry later 
2025-11-30 13:56:35,884 [FATAL] Updater:351 - Updater called before beeing initialized
2025-11-30 13:56:35,999 [FATAL] Updater:351 - Updater called before beeing initialized
2025-11-30 13:56:36,009 [INFO] DbMcusAds:53 - JSON generation date=Mon Nov 10 18:43:00 CST 2025 (1762771380761)
2025-11-30 13:56:36,009 [FATAL] Updater:351 - Updater called before beeing initialized
2025-11-30 13:56:36,044 [WARN] DetailPanel:346 - Failed to get advertising image, set to default
2025-11-30 13:56:36,113 [FATAL] Updater:351 - Updater called before beeing initialized
2025-11-30 13:56:36,114 [FATAL] Updater:351 - Updater called before beeing initialized
2025-11-30 13:56:36,114 [FATAL] Updater:351 - Updater called before beeing initialized
2025-11-30 13:56:36,115 [WARN] DetailPanel:346 - Failed to get advertising image, set to default
2025-11-30 13:56:36,115 [FATAL] Updater:351 - Updater called before beeing initialized
2025-11-30 13:56:36,150 [ERROR] Updater:1198 - MainUpdater not yet initialized. External WinMGr cannot be set.
2025-11-30 13:56:36,152 [INFO] Updater:1134 - Updater Version found : 6.15.0
2025-11-30 13:56:36,165 [INFO] ApplicationProperties:184 - Using Application install path: C:\ST\STM32CubeIDE_1.19.0\STM32CubeIDE\plugins\com.st.stm32cube.common.mx_6.15.0.202507011659
2025-11-30 13:56:37,735 [ERROR] LogOutputStream:75 - [STDERR_REDIRECT] Nov 30, 2025 1:56:37 PM java.util.prefs.WindowsPreferences <init>
2025-11-30 13:56:37,736 [ERROR] LogOutputStream:75 - [STDERR_REDIRECT] WARNING: Could not open/create prefs root node Software\JavaSoft\Prefs at root 0xffffffff80000002. Windows RegCreateKeyEx(...) returned error code 5.
2025-11-30 13:56:37,736 [ERROR] LogOutputStream:75 - [STDERR_REDIRECT] 
2025-11-30 13:56:38,084 [INFO] MainUpdater:2872 - connection check result : 10
2025-11-30 13:56:38,084 [INFO] MainUpdater:289 - Updater Check For Update Now.
2025-11-30 13:56:38,084 [INFO] MicroXplorer:498 - Change Database Version : DB.6.0.150
2025-11-30 13:56:38,099 [INFO] McuFinderGlobals:63 - Set McuFinder mode to 2 (CubeIDE integrated)
2025-11-30 13:56:38,100 [INFO] UserAuth:171 - activating auth plugin
2025-11-30 13:56:38,102 [INFO] UserAuth:487 - Internet connection configuration mode: 1
2025-11-30 13:56:38,134 [WARN] MainUpdater:1193 - Updater busy. Cannot search thirdparties
2025-11-30 13:56:38,134 [INFO] ThirdPartyUpdaterWithRetryManager:96 - Updater plugin is busy. [1/15]
2025-11-30 13:56:38,135 [INFO] JxBrowserEngine:152 - Initiate JxBrowser Engine with user profile folder
2025-11-30 13:56:38,257 [INFO] CheckServerUpdateThread:120 - End of CheckServer Thread
2025-11-30 13:56:38,596 [INFO] WebApp:169 - Instantiating new browser for Auth
2025-11-30 13:56:39,092 [INFO] WebApp:463 - Apply proxy settings
2025-11-30 13:56:39,092 [INFO] WebApp:548 - Chromium requires no authentication
2025-11-30 13:56:39,097 [INFO] WebApp:491 - Direct internet connection detected
2025-11-30 13:56:39,110 [INFO] WebApp:900 - Register for checkConnection events
2025-11-30 13:56:39,110 [INFO] WebApp:463 - Apply proxy settings
2025-11-30 13:56:39,110 [INFO] WebApp:548 - Chromium requires no authentication
2025-11-30 13:56:39,111 [INFO] WebApp:491 - Direct internet connection detected
2025-11-30 13:56:39,219 [INFO] WebApp:225 - Starting web application
2025-11-30 13:56:39,219 [INFO] WebApp:593 - Web application path used C:\ST\STM32CubeIDE_1.19.0\STM32CubeIDE\plugins\com.st.stm32cube.common.mx_6.15.0.202507011659\db\plugins\mcufinder\reactClient1\index.html
2025-11-30 13:56:39,509 [INFO] WebApp:191 - Connection restablished
2025-11-30 13:56:39,925 [INFO] McuFinderGlobals:63 - Set McuFinder mode to 2 (CubeIDE integrated)
2025-11-30 13:56:39,928 [INFO] MainUpdater:2872 - connection check result : 10
2025-11-30 13:56:39,928 [INFO] MainUpdater:2872 - connection check result : 10
2025-11-30 13:56:39,951 [INFO] MicroXplorer:468 - Change Database Path : 
2025-11-30 13:56:39,951 [INFO] MicroXplorer:498 - Change Database Version : DB.6.0.150
2025-11-30 13:56:39,961 [WARN] ThirdParty:871 - waiting for thirdparty lock release [close project]
2025-11-30 13:56:41,319 [WARN] PackLoader:240 - Cannot read IP mode file for STMicroelectronics.FP-SNS-MOTENVWB1.1.4.0
2025-11-30 13:56:41,328 [WARN] PackLoader:240 - Cannot read IP mode file for STMicroelectronics.FP-ATR-ASTRA1.2.0.2
2025-11-30 13:56:41,337 [WARN] PackLoader:240 - Cannot read IP mode file for STMicroelectronics.X-CUBE-SMBUS.2.1.0
2025-11-30 13:56:41,340 [WARN] PackLoader:240 - Cannot read IP mode file for STMicroelectronics.X-CUBE-ST60.1.0.0
2025-11-30 13:56:41,363 [WARN] PackLoader:240 - Cannot read IP mode file for STMicroelectronics.X-CUBE-AZRTOS-F7.1.1.0
2025-11-30 13:56:41,370 [WARN] PackLoader:240 - Cannot read IP mode file for STMicroelectronics.FP-SNS-MOTENV1.5.1.0
2025-11-30 13:56:41,382 [WARN] PackLoader:240 - Cannot read IP mode file for WES.I-CUBE-Cesium.1.4.0
2025-11-30 13:56:41,402 [WARN] PackLoader:240 - Cannot read IP mode file for Infineon.AIROC-Wi-Fi-Bluetooth-STM32.1.7.1
2025-11-30 13:56:41,429 [WARN] PackLoader:240 - Cannot read IP mode file for STMicroelectronics.X-CUBE-AZRTOS-H7.3.4.0
2025-11-30 13:56:41,437 [WARN] PackLoader:240 - Cannot read IP mode file for STMicroelectronics.X-CUBE-DISPLAY.3.0.0
2025-11-30 13:56:41,451 [WARN] PackLoader:240 - Cannot read IP mode file for STMicroelectronics.X-CUBE-NFC10.1.0.0
2025-11-30 13:56:41,455 [WARN] PackLoader:240 - Cannot read IP mode file for STMicroelectronics.X-CUBE-ST60.1.1.0
2025-11-30 13:56:41,459 [WARN] PackLoader:240 - Cannot read IP mode file for emotas.I-CUBE-CANOPEN.1.3.0
2025-11-30 13:56:41,464 [WARN] PackLoader:240 - Cannot read IP mode file for STMicroelectronics.X-CUBE-GNSS1.7.1.0
2025-11-30 13:56:41,470 [WARN] PackLoader:240 - Cannot read IP mode file for STMicroelectronics.FP-SNS-STBOX1.2.1.0
2025-11-30 13:56:41,475 [WARN] PackLoader:240 - Cannot read IP mode file for STMicroelectronics.FP-SNS-SMARTAG2.1.2.0
2025-11-30 13:56:41,477 [WARN] PackLoader:240 - Cannot read IP mode file for STMicroelectronics.FP-SNS-FLIGHT1.5.1.0
2025-11-30 13:56:41,485 [INFO] LogOutputStream:77 - [STDOUT_REDIRECT] 1 : Invalid condition id : UX_CORESTACK_Condition cause : null
2025-11-30 13:56:41,486 [INFO] LogOutputStream:77 - [STDOUT_REDIRECT] 1 : Invalid condition id : UX_CORESTACK_Condition cause : null
2025-11-30 13:56:41,487 [INFO] LogOutputStream:77 - [STDOUT_REDIRECT] 1 : Invalid condition id : UX_CORESTACK_Condition cause : null
2025-11-30 13:56:41,488 [INFO] LogOutputStream:77 - [STDOUT_REDIRECT] 1 : Invalid condition id : UX_CORESTACK_Condition cause : null
2025-11-30 13:56:41,490 [INFO] LogOutputStream:77 - [STDOUT_REDIRECT] 1 : Invalid condition id : UX_CORESTACK_Condition cause : null
2025-11-30 13:56:41,491 [WARN] PackLoader:240 - Cannot read IP mode file for STMicroelectronics.X-CUBE-AZRTOS-WL.2.0.0
2025-11-30 13:56:41,495 [WARN] PackLoader:240 - Cannot read IP mode file for STMicroelectronics.FP-SNS-MOTENV1.5.0.0
2025-11-30 13:56:41,507 [WARN] PackLoader:240 - Cannot read IP mode file for STMicroelectronics.X-CUBE-AZRTOS-H7RS.1.2.0
2025-11-30 13:56:41,513 [WARN] PackLoader:240 - Cannot read IP mode file for STMicroelectronics.X-CUBE-BLE2.3.3.0
2025-11-30 13:56:41,542 [WARN] PackLoader:240 - Cannot read IP mode file for STMicroelectronics.X-CUBE-NFC9.1.0.0
2025-11-30 13:56:41,546 [WARN] PackLoader:240 - Cannot read IP mode file for wolfSSL.I-CUBE-wolfSSL.5.8.2
2025-11-30 13:56:41,550 [WARN] PackLoader:240 - Cannot read IP mode file for STMicroelectronics.X-CUBE-BLE1.7.1.0
2025-11-30 13:56:41,552 [WARN] PackLoader:240 - Cannot read IP mode file for wolfSSL.I-CUBE-wolfMQTT.1.19.2
2025-11-30 13:56:41,556 [WARN] PackLoader:240 - Cannot read IP mode file for STMicroelectronics.X-CUBE-FREERTOS.1.4.0
2025-11-30 13:56:41,559 [WARN] PackLoader:240 - Cannot read IP mode file for STMicroelectronics.X-CUBE-EEPRMA1.5.2.0
2025-11-30 13:56:41,565 [WARN] PackLoader:240 - Cannot read IP mode file for STMicroelectronics.X-CUBE-ST67W61.1.1.0
2025-11-30 13:56:41,601 [WARN] PackLoader:240 - Cannot read IP mode file for STMicroelectronics.X-CUBE-MEMS1.12.0.0
2025-11-30 13:56:41,666 [WARN] PackLoader:240 - Cannot read IP mode file for STMicroelectronics.X-CUBE-AZRTOS-G0.1.1.0
2025-11-30 13:56:41,671 [WARN] PackLoader:240 - Cannot read IP mode file for STMicroelectronics.X-CUBE-SAFEA1.1.2.2
2025-11-30 13:56:41,675 [WARN] PackLoader:240 - Cannot read IP mode file for STMicroelectronics.X-CUBE-NFC4.3.0.0
2025-11-30 13:56:41,684 [WARN] PackLoader:240 - Cannot read IP mode file for EmbeddedOffice.I-CUBE-FS-RTOS.1.0.1
2025-11-30 13:56:41,688 [WARN] PackLoader:240 - Cannot read IP mode file for STMicroelectronics.X-CUBE-WB05N.2.0.0
2025-11-30 13:56:41,692 [WARN] PackLoader:240 - Cannot read IP mode file for wolfSSL.I-CUBE-wolfTPM.3.8.0
2025-11-30 13:56:41,696 [WARN] PackLoader:240 - Cannot read IP mode file for STMicroelectronics.X-CUBE-TCPP.4.2.0
2025-11-30 13:56:41,703 [WARN] PackLoader:240 - Cannot read IP mode file for RealThread.X-CUBE-RT-Thread_Nano.4.1.1
2025-11-30 13:56:41,706 [WARN] PackLoader:240 - Cannot read IP mode file for STMicroelectronics.FP-ATR-SIGFOX1.3.2.0
2025-11-30 13:56:41,713 [WARN] PackLoader:240 - Cannot read IP mode file for ITTIA_DB.I-CUBE-ITTIADB.8.9.0
2025-11-30 13:56:41,721 [WARN] PackLoader:240 - Cannot read IP mode file for STMicroelectronics.X-CUBE-ST67W61.1.0.0
2025-11-30 13:56:41,726 [WARN] PackLoader:240 - Cannot read IP mode file for STMicroelectronics.X-CUBE-AI.10.2.0
2025-11-30 13:56:41,749 [WARN] PackLoader:240 - Cannot read IP mode file for SEGGER.I-CUBE-embOS.1.3.1
2025-11-30 13:56:41,803 [WARN] PackLoader:240 - Cannot read IP mode file for STMicroelectronics.X-CUBE-ALGOBUILD.1.4.0
2025-11-30 13:56:41,834 [WARN] PackLoader:240 - Cannot read IP mode file for STMicroelectronics.X-CUBE-MEMS1.11.3.0
2025-11-30 13:56:41,931 [WARN] PackLoader:240 - Cannot read IP mode file for STMicroelectronics.X-CUBE-PM33A1.1.0.0
2025-11-30 13:56:41,943 [WARN] PackLoader:240 - Cannot read IP mode file for STMicroelectronics.X-CUBE-AZRTOS-F4.1.1.0
2025-11-30 13:56:41,947 [WARN] PackLoader:240 - Cannot read IP mode file for Avnet-IotConnect.X-CUBE-IoTC-DA16k-PMOD.1.0.0
2025-11-30 13:56:41,950 [WARN] PackLoader:240 - Cannot read IP mode file for STMicroelectronics.X-CUBE-ISPU.2.1.0
2025-11-30 13:56:41,959 [WARN] PackLoader:240 - Cannot read IP mode file for STMicroelectronics.X-CUBE-IPS.3.2.0
2025-11-30 13:56:41,968 [WARN] PackLoader:240 - Cannot read IP mode file for STMicroelectronics.X-CUBE-NFC12.1.0.0
2025-11-30 13:56:41,978 [WARN] PackLoader:240 - Cannot read IP mode file for STMicroelectronics.X-CUBE-AZRTOS-L5.2.0.0
2025-11-30 13:56:41,984 [WARN] PackLoader:240 - Cannot read IP mode file for STMicroelectronics.X-CUBE-NFC6.3.1.0
2025-11-30 13:56:41,988 [WARN] PackLoader:240 - Cannot read IP mode file for STMicroelectronics.X-CUBE-FREERTOS.1.3.1
2025-11-30 13:56:41,995 [WARN] PackLoader:240 - Cannot read IP mode file for STMicroelectronics.X-CUBE-TOUCHGFX.4.26.0
2025-11-30 13:56:41,999 [WARN] PackLoader:240 - Cannot read IP mode file for STMicroelectronics.FP-SNS-STAIOTCFT.1.0.0
2025-11-30 13:56:42,003 [WARN] PackLoader:240 - Cannot read IP mode file for STMicroelectronics.X-CUBE-DPower.1.3.0
2025-11-30 13:56:42,013 [WARN] ConditionMgr:438 - getConditionDescription Invalid condition id : LAN8742 Phy interface Condition cause : null
2025-11-30 13:56:42,014 [WARN] PackLoader:240 - Cannot read IP mode file for STMicroelectronics.X-CUBE-AZRTOS-L4.2.0.0
2025-11-30 13:56:42,015 [WARN] ConditionMgr:1044 - genDependencies : Invalid condition id : LAN8742 Phy interface Condition cause : null
2025-11-30 13:56:42,015 [WARN] ConditionMgr:1044 - genDependencies : Invalid condition id : LAN8742 Phy interface Condition cause : null
2025-11-30 13:56:42,015 [WARN] ConditionMgr:1044 - genDependencies : Invalid condition id : LAN8742 Phy interface Condition cause : null
2025-11-30 13:56:42,020 [WARN] PackLoader:240 - Cannot read IP mode file for STMicroelectronics.X-CUBE-SFXS2LP1.4.0.0
2025-11-30 13:56:42,028 [WARN] PackLoader:240 - Cannot read IP mode file for STMicroelectronics.X-CUBE-BLEMGR.4.1.0
2025-11-30 13:56:42,037 [WARN] ConditionMgr:438 - getConditionDescription Invalid condition id : UX DEVICE CLASS RTOS Condition cause : null
2025-11-30 13:56:42,037 [WARN] ConditionMgr:438 - getConditionDescription Invalid condition id : UX DEVICE CLASS RTOS Condition cause : null
2025-11-30 13:56:42,038 [WARN] PackLoader:240 - Cannot read IP mode file for STMicroelectronics.X-CUBE-AZRTOS-WB.2.0.0
2025-11-30 13:56:42,038 [WARN] ConditionMgr:1044 - genDependencies : Invalid condition id : UX DEVICE CLASS RTOS Condition cause : null
2025-11-30 13:56:42,038 [WARN] ConditionMgr:1044 - genDependencies : Invalid condition id : UX DEVICE CLASS RTOS Condition cause : null
2025-11-30 13:56:42,039 [WARN] ConditionMgr:1044 - genDependencies : Invalid condition id : UX DEVICE CLASS RTOS Condition cause : null
2025-11-30 13:56:42,039 [WARN] ConditionMgr:1044 - genDependencies : Invalid condition id : UX DEVICE CLASS RTOS Condition cause : null
2025-11-30 13:56:42,039 [WARN] ConditionMgr:1044 - genDependencies : Invalid condition id : UX DEVICE CLASS RTOS Condition cause : null
2025-11-30 13:56:42,043 [WARN] PackLoader:240 - Cannot read IP mode file for STMicroelectronics.X-CUBE-GNSS1.7.0.1
2025-11-30 13:56:42,045 [WARN] PackLoader:240 - Cannot read IP mode file for STMicroelectronics.X-CUBE-TOUCHGFX.4.25.0
2025-11-30 13:56:42,048 [WARN] ConditionMgr:438 - getConditionDescription Invalid condition id : Cortex-A Device cause : null
2025-11-30 13:56:42,056 [WARN] ConditionMgr:1044 - genDependencies : Invalid condition id : Cortex-A Device cause : null
2025-11-30 13:56:42,056 [WARN] ConditionMgr:1044 - genDependencies : Invalid condition id : Cortex-A Device cause : null
2025-11-30 13:56:42,056 [WARN] ConditionMgr:1044 - genDependencies : Invalid condition id : Cortex-A Device cause : null
2025-11-30 13:56:42,062 [WARN] PackLoader:240 - Cannot read IP mode file for STMicroelectronics.X-CUBE-SUBG2.5.0.0
2025-11-30 13:56:42,078 [WARN] PackLoader:240 - Cannot read IP mode file for STMicroelectronics.X-CUBE-AZRTOS-H7RS.1.1.0
2025-11-30 13:56:42,083 [WARN] PackLoader:240 - Cannot read IP mode file for Cesanta.I-CUBE-Mongoose.7.13.0
2025-11-30 13:56:42,091 [WARN] PackLoader:240 - Cannot read IP mode file for STMicroelectronics.X-CUBE-AZRTOS-G4.2.0.0
2025-11-30 13:56:42,094 [WARN] PackLoader:240 - Cannot read IP mode file for wolfSSL.I-CUBE-wolfSSH.1.4.20
2025-11-30 13:56:42,099 [WARN] PackLoader:240 - Cannot read IP mode file for STMicroelectronics.X-CUBE-NFC7.2.0.0
2025-11-30 13:56:42,106 [WARN] PackLoader:240 - Cannot read IP mode file for STMicroelectronics.X-CUBE-IPS.3.1.0
2025-11-30 13:56:42,113 [WARN] PackLoader:240 - Cannot read IP mode file for STMicroelectronics.X-CUBE-ALS.1.0.2
2025-11-30 13:56:42,117 [WARN] PackLoader:240 - Cannot read IP mode file for STMicroelectronics.X-CUBE-STSE01.1.0.0
2025-11-30 13:56:42,124 [WARN] PackLoader:240 - Cannot read IP mode file for STMicroelectronics.X-CUBE-TOF1.3.4.3
2025-11-30 13:56:42,130 [INFO] ThirdParty:978 - Integrity check success = true
2025-11-30 13:56:42,130 [INFO] IntegrityCheckThread:100 - exiting critical section [integrity check]
2025-11-30 13:56:42,130 [INFO] IntegrityCheckThread:103 - End integrity checks thread
2025-11-30 13:56:42,130 [INFO] ThirdParty:873 - entering critical section [close project]
2025-11-30 13:56:42,132 [INFO] ThirdParty:883 - exiting critical section [close project]
2025-11-30 13:56:42,137 [INFO] PinOutPanel:1589 - setPackage(No Configuration,No Configuration)
2025-11-30 13:56:42,139 [INFO] UtilMem:75 - Begin LoadConfig() Used Memory: 189406776 Bytes (293601280)
2025-11-30 13:56:42,141 [INFO] MicroXplorer:468 - Change Database Path : 
2025-11-30 13:56:42,141 [INFO] MicroXplorer:498 - Change Database Version : DB.6.0.150
2025-11-30 13:56:42,141 [INFO] OpenFileManager:355 - Change cursor
2025-11-30 13:56:42,201 [INFO] Mcu:2029 - Initializing MCU STM32L476R(C-E-G)Tx STM32L476RGTx STM32L476RGT3
2025-11-30 13:56:44,153 [INFO] Context:786 - Trying to add GPIOservice into a context  which must be forbidden
2025-11-30 13:56:44,658 [INFO] ImportTextPane:234 - (OptionalMessage_ERROR) Pin24 (VP_RIF_VS_RIF1) cannot be retrieved for this MCU
2025-11-30 13:56:44,909 [INFO] RtosManager:558 - Registered RTOS mode: class=CMSIS, group=RTOS, mode=CMSIS_V1, owner=FREERTOS
2025-11-30 13:56:44,909 [INFO] RtosManager:558 - Registered RTOS mode: class=CMSIS, group=RTOS2, mode=CMSIS_V2, owner=FREERTOS
2025-11-30 13:56:44,910 [INFO] RtosManager:558 - Registered RTOS mode: class=RTOS, group=Core, mode=CMSIS_V1, owner=FREERTOS
2025-11-30 13:56:44,910 [INFO] RtosManager:558 - Registered RTOS mode: class=RTOS, group=Core, mode=CMSIS_V2, owner=FREERTOS
2025-11-30 13:56:44,910 [WARN] ModelIntegratedComponent:184 - Missing modes for component STMicroelectronics:FreeRTOS:0.0.1:STMicroelectronics:RTOS:FreeRTOS:Core:::10.2.0:
2025-11-30 13:56:44,940 [WARN] ModelIntegratedComponent:63 - No mode defined for component null
2025-11-30 13:56:44,940 [WARN] ModelIntegratedComponent:63 - No mode defined for component null
2025-11-30 13:56:44,940 [WARN] ModelIntegratedComponent:63 - No mode defined for component null
2025-11-30 13:56:44,940 [WARN] ModelIntegratedComponent:63 - No mode defined for component null
2025-11-30 13:56:44,940 [WARN] ModelIntegratedComponent:63 - No mode defined for component null
2025-11-30 13:56:44,940 [WARN] ModelIntegratedComponent:63 - No mode defined for component null
2025-11-30 13:56:44,940 [WARN] ModelIntegratedComponent:63 - No mode defined for component null
2025-11-30 13:56:44,940 [WARN] ModelIntegratedComponent:63 - No mode defined for component null
2025-11-30 13:56:44,940 [WARN] ModelIntegratedComponent:63 - No mode defined for component null
2025-11-30 13:56:44,940 [WARN] ModelIntegratedComponent:63 - No mode defined for component null
2025-11-30 13:56:44,940 [WARN] ModelIntegratedComponent:63 - No mode defined for component null
2025-11-30 13:56:44,940 [WARN] ModelIntegratedComponent:63 - No mode defined for component null
2025-11-30 13:56:44,940 [WARN] ModelIntegratedComponent:63 - No mode defined for component null
2025-11-30 13:56:44,940 [WARN] ModelIntegratedComponent:63 - No mode defined for component null
2025-11-30 13:56:44,940 [WARN] ModelIntegratedComponent:63 - No mode defined for component null
2025-11-30 13:56:44,940 [WARN] ModelIntegratedComponent:63 - No mode defined for component null
2025-11-30 13:56:44,940 [WARN] ModelIntegratedComponent:63 - No mode defined for component null
2025-11-30 13:56:44,940 [WARN] ModelIntegratedComponent:63 - No mode defined for component null
2025-11-30 13:56:44,940 [WARN] ModelIntegratedComponent:63 - No mode defined for component null
2025-11-30 13:56:44,941 [WARN] ModelIntegratedComponent:63 - No mode defined for component null
2025-11-30 13:56:44,941 [WARN] ModelIntegratedComponent:63 - No mode defined for component null
2025-11-30 13:56:44,941 [WARN] ModelIntegratedComponent:63 - No mode defined for component null
2025-11-30 13:56:44,941 [WARN] ModelIntegratedComponent:63 - No mode defined for component null
2025-11-30 13:56:44,941 [WARN] ModelIntegratedComponent:63 - No mode defined for component null
2025-11-30 13:56:44,941 [WARN] ModelIntegratedComponent:63 - No mode defined for component null
2025-11-30 13:56:44,941 [WARN] ModelIntegratedComponent:63 - No mode defined for component null
2025-11-30 13:56:44,941 [WARN] ModelIntegratedComponent:63 - No mode defined for component null
2025-11-30 13:56:44,941 [WARN] ModelIntegratedComponent:63 - No mode defined for component null
2025-11-30 13:56:44,941 [WARN] ModelIntegratedComponent:63 - No mode defined for component null
2025-11-30 13:56:44,941 [WARN] ModelIntegratedComponent:63 - No mode defined for component null
2025-11-30 13:56:44,941 [WARN] ModelIntegratedComponent:63 - No mode defined for component null
2025-11-30 13:56:44,941 [WARN] ModelIntegratedComponent:63 - No mode defined for component null
2025-11-30 13:56:44,941 [WARN] ModelIntegratedComponent:63 - No mode defined for component null
2025-11-30 13:56:44,941 [WARN] ModelIntegratedComponent:63 - No mode defined for component null
2025-11-30 13:56:44,941 [WARN] ModelIntegratedComponent:63 - No mode defined for component null
2025-11-30 13:56:44,941 [WARN] ModelPack:524 - Component already loaded: STMicroelectronics:HAL Drivers:0.0.0:STMicroelectronics:Device:STMicro_Driver:XSPI:HAL::0.0.1:HAL_XSPI
2025-11-30 13:56:45,061 [INFO] ThirdPartyModel:298 - Start build external matchings
2025-11-30 13:56:45,632 [INFO] ThirdPartyModel:316 - End build external matchings
2025-11-30 13:56:45,648 [INFO] RtosManager:1018 - Current active RTOS is FREERTOS [Cortex-M4NS]
2025-11-30 13:56:46,059 [INFO] ApiDb:581 - Connected to CubeFinder SQLite database (C:\Users\user\.stmcufinder\plugins\mcufinder\mcu\cube-finder-db.db)
2025-11-30 13:56:46,118 [INFO] ApiDb:668 - CubeFinder database Data Model version=2.1
2025-11-30 13:56:46,118 [INFO] ApiDb:669 - CubeFinder database Configuration version=3.0.39
2025-11-30 13:56:46,118 [INFO] ApiDb:670 - CubeFinder database generation date=2025-11-05 (1762334721)
2025-11-30 13:56:46,118 [INFO] ApiDb:671 - CubeFinder database FW Pack versions=[FP-ATR-ASTRA1_V2.0.0, FP-SNS-FLIGHT1_V5.1.0, FP-SNS-MOTENV1_V5.1.0, FP-SNS-MOTENVWB1_V1.4.0, FP-SNS-SMARTAG2_V1.2.0, FP-SNS-STBOX1_V2.1.0, STM32Cube_FW_C0_V1.4.0, STM32Cube_FW_F4_V1.28.3, STM32Cube_FW_F7_V1.17.4, STM32Cube_FW_G0_V1.6.2, STM32Cube_FW_G4_V1.6.1, STM32Cube_FW_H5_V1.5.1, STM32Cube_FW_H7RS_V1.3.0, STM32Cube_FW_H7_V1.12.1, STM32Cube_FW_L0_V1.12.2, STM32Cube_FW_L4_V1.18.1, STM32Cube_FW_L5_V1.6.0, STM32Cube_FW_N6_V1.3.0, STM32Cube_FW_U0_V1.3.0, STM32Cube_FW_U3_V1.2.1, STM32Cube_FW_U5_V1.8.0, STM32Cube_FW_WB0_V1.4.0, STM32Cube_FW_WBA_V1.8.0, STM32Cube_FW_WB_V1.24.0, STM32Cube_FW_WL3_V1.3.0, STM32Cube_FW_WL_V1.4.0, X-CUBE-ALGOBUILD_V1.4.0, X-CUBE-ALS_V1.0.2, X-CUBE-AZRTOS-F4_V1.1.0, X-CUBE-AZRTOS-F7_V1.1.0, X-CUBE-AZRTOS-G0_V1.1.0, X-CUBE-AZRTOS-G4_V2.0.0, X-CUBE-AZRTOS-H7RS_V1.1.0, X-CUBE-AZRTOS-H7_V3.4.0, X-CUBE-AZRTOS-L4_V2.0.0, X-CUBE-AZRTOS-L5_V2.0.0, X-CUBE-AZRTOS-WB_V2.0.0, X-CUBE-AZRTOS-WL_V2.0.0, X-CUBE-BLE1_V7.1.0, X-CUBE-BLE2_V3.3.0, X-CUBE-BLEMGR_V4.1.0, X-CUBE-EEPRMA1_V5.2.0, X-CUBE-FREERTOS_V1.3.1, X-CUBE-GNSS1_V6.0.0, X-CUBE-MEMS1_V11.3.0, X-CUBE-NFC4_V3.0.0, X-CUBE-NFC7_V2.0.0, X-CUBE-SFXS2LP1_V4.0.0, X-CUBE-ST67W61_V1.1.0, X-CUBE-SUBG2_V5.0.0, X-CUBE-TOF1_V3.4.3]
2025-11-30 13:56:46,170 [INFO] DbBoardsSqlite:226 - include board P-NUCLEO-WB55-NUCLEO as a kit item of type 'Nucleo-64'
2025-11-30 13:56:46,171 [INFO] DbBoardsSqlite:226 - include board P-NUCLEO-WB55-USBDONGLE as a kit item of type 'Nucleo USB Dongle'
2025-11-30 13:56:46,171 [INFO] DbBoardsSqlite:226 - include board STEVAL-IDP005V1 as a kit item of type 'Evaluation Board'
2025-11-30 13:56:46,171 [INFO] DbBoardsSqlite:226 - include board STEVAL-IDP005V2 as a kit item of type 'Evaluation Board'
2025-11-30 13:56:46,226 [INFO] ApiDb:240 - Found 880 in-development CPN: [B-G473E-ZEST1S, B-WB1M-WPAN1, B-WBA5M-WPAN, B-WL5M-SUBG1, NUCLEO-C031C6, NUCLEO-C051C8, NUCLEO-C071RB, NUCLEO-C092RC, NUCLEO-H503RB, NUCLEO-H533RE, NUCLEO-H563ZI, NUCLEO-H7S3L8, NUCLEO-N657X0-Q, NUCLEO-U031R8, NUCLEO-U083RC, NUCLEO-U385RG-Q, NUCLEO-U545RE-Q, NUCLEO-U5A5ZJ-Q, NUCLEO-WB05KZ, NUCLEO-WB07CC, NUCLEO-WB09KE, NUCLEO-WBA52CG, NUCLEO-WBA55CG, NUCLEO-WL33CC1, NUCLEO-WL33CC2, STEVAL-PROTEUS1, STEVAL-SMARTAG2, STEVAL-STWINBX1, STM320518-EVAL, STM32C0116-DK, STM32C011D6Y3TR, STM32C011D6Y6TR, STM32C011F4P3, STM32C011F4P6, STM32C011F4U3, STM32C011F4U6TR, STM32C011F6P3, STM32C011F6P6, STM32C011F6U3, STM32C011F6U6TR, STM32C011J4M3, STM32C011J4M6, STM32C011J6M3, STM32C011J6M6, STM32C0316-DK, STM32C031C4T3, STM32C031C4T6, STM32C031C4U3, STM32C031C4U6, STM32C031C6T3, STM32C031C6T6, STM32C031C6U3, STM32C031C6U6, STM32C031F4P3, STM32C031F4P6, STM32C031F6P3, STM32C031F6P6, STM32C031G4U3, STM32C031G4U6, STM32C031G6U3, STM32C031G6U6, STM32C031K4T3, STM32C031K4T6, STM32C031K4U3, STM32C031K4U6, STM32C031K6T3, STM32C031K6T6, STM32C031K6U3, STM32C031K6U6, STM32C051C6T6, STM32C051C6U6, STM32C051C8T6, STM32C051C8U6, STM32C051D8Y6TR, STM32C051F6P6, STM32C051F8P6, STM32C051G6U6, STM32C051G8U6, STM32C051K6T6, STM32C051K6U6, STM32C051K8T6, STM32C071C8T6, STM32C071C8T6N, STM32C071C8U6, STM32C071C8U6N, STM32C071CBT6, STM32C071CBT6N, STM32C071CBU6, STM32C071CBU6N, STM32C071F8P6, STM32C071F8P6N, STM32C071FBP6, STM32C071FBP6N, STM32C071FBY6TR, STM32C071G8U6, STM32C071G8U6N, STM32C071GBU6, STM32C071GBU6N, STM32C071K8T6, STM32C071K8T6N, STM32C071K8U6, STM32C071K8U6N, STM32C071KBT6, STM32C071KBT6N, STM32C071KBU6, STM32C071KBU6N, STM32C071R8T6, STM32C071R8T6N, STM32C071RBI6N, STM32C071RBT6, STM32C071RBT6N, STM32C091CBT6, STM32C091CBU6, STM32C091CCT6, STM32C091CCU6, STM32C091ECY6TR, STM32C091FBP6, STM32C091FCP6, STM32C091GBU6, STM32C091GCU6, STM32C091KBT6, STM32C091KBU6, STM32C091KCT6, STM32C091KCU6, STM32C091RBT6, STM32C091RCI6, STM32C091RCT6, STM32C092CBT6, STM32C092CBU6, STM32C092CCT6, STM32C092CCU6, STM32C092ECY6TR, STM32C092FBP6, STM32C092FCP6, STM32C092GBU6, STM32C092GCU6, STM32C092KBT6, STM32C092KBU6, STM32C092KCT6, STM32C092KCU6, STM32C092RBT6, STM32C092RCI6, STM32C092RCT6, STM32G071K8TXN, STM32G071K8UXN, STM32G081GBU6N, STM32G081KBT6N, STM32G081KBUXN, STM32G0B1CCT6N, STM32G0B1KCT6, STM32G0B1NEY6TR, STM32G0B1RCT6N, STM32G0C1CCT6, STM32G0C1CCT6N, STM32G0C1CCU6N, STM32G0C1CET6N, STM32G0C1CEU6N, STM32G0C1KCT6, STM32G0C1NEY6TR, STM32G0C1RCI6N, STM32G0C1RCT6N, STM32G0C1REI6N, STM32G0C1RET6N, STM32G0C1VCI6, STM32G0C1VEI6, STM32G411C6T3, STM32G411C6T6, STM32G411C6U3, STM32G411C6U6, STM32G411C8T3, STM32G411C8T6, STM32G411C8U3, STM32G411C8U6, STM32G411CBT3, STM32G411CBT6, STM32G411CBU3, STM32G411CBU6, STM32G411K6T3, STM32G411K6T6, STM32G411K6U3, STM32G411K6U6, STM32G411K8T3, STM32G411K8T6, STM32G411K8U3, STM32G411K8U6, STM32G411KBT3, STM32G411KBT6, STM32G411KBU3, STM32G411KBU6, STM32G411M6T3, STM32G411M6T6, STM32G411M8T3, STM32G411M8T6, STM32G411MBT3, STM32G411MBT6, STM32G411R6T3, STM32G411R6T6, STM32G411R8T3, STM32G411R8T6, STM32G411RBT3, STM32G411RBT6, STM32G414CBT3, STM32G414CBT6, STM32G414CBU3, STM32G414CBU6, STM32G414CCT3, STM32G414CCT6, STM32G414CCU3, STM32G414CCU6, STM32G414MBT3, STM32G414MBT6, STM32G414MCT3, STM32G414MCT6, STM32G414RBT3, STM32G414RBT6, STM32G414RCT3, STM32G414RCT6, STM32G414VBT3, STM32G414VBT6, STM32G414VCT3, STM32G414VCT6, STM32G431CBT3Z, STM32G431RBT3Z, STM32G471CCT6, STM32G471CCU6, STM32G471CET3, STM32G471CET6, STM32G471CEU3, STM32G471CEU6, STM32G471MCT6, STM32G471MET3, STM32G471MET6, STM32G471MEY6TR, STM32G471QCT6, STM32G471QET3, STM32G471RCT6, STM32G471RET3, STM32G471RET6, STM32G471VCH6, STM32G471VCI6, STM32G471VCT6, STM32G471VEH3, STM32G471VEH6, STM32G471VEI3, STM32G471VEI6, STM32G471VET3, STM32G471VET6, STM32G473QET3Z, STM32G473RET3Z, STM32G474CCT6, STM32G491RET3Z, STM32H503CBT6, STM32H503CBU6, STM32H503EBY6TR, STM32H503KBU6, STM32H503RBT6, STM32H523CCT6, STM32H523CCU6, STM32H523CET6, STM32H523CEU6, STM32H523HEY6TR, STM32H523RCT6, STM32H523RET6, STM32H523VCI6, STM32H523VCT6, STM32H523VEI6, STM32H523VET6, STM32H523ZCJ6, STM32H523ZCT6, STM32H523ZEJ6, STM32H523ZET6, STM32H533CET6, STM32H533CEU6, STM32H533HEY6TR, STM32H533RET6, STM32H533VEI6, STM32H533VET6, STM32H533ZEJ6, STM32H533ZET6, STM32H562AGI6, STM32H562AII6, STM32H562IGK6, STM32H562IGT6, STM32H562IIK6, STM32H562IIT6, STM32H562RGT6, STM32H562RGV6, STM32H562RIT6, STM32H562RIV6, STM32H562VGT6, STM32H562VIT6, STM32H562ZGT6, STM32H562ZIT6, STM32H563AGI6, STM32H563AII3Q, STM32H563AII6, STM32H563IGK6, STM32H563IGT6, STM32H563IIK3Q, STM32H563IIK6, STM32H563IIT3Q, STM32H563IIT6, STM32H563MIY3QTR, STM32H563RGT6, STM32H563RGV6, STM32H563RIT6, STM32H563RIV6, STM32H563VGT6, STM32H563VIT3Q, STM32H563VIT6, STM32H563ZGT6, STM32H563ZIT3Q, STM32H563ZIT6, STM32H573AII3Q, STM32H573AII6, STM32H573I-DK, STM32H573IIK3Q, STM32H573IIK6, STM32H573IIT3Q, STM32H573IIT6, STM32H573MIY3QTR, STM32H573RIT6, STM32H573RIV6, STM32H573VIT3Q, STM32H573VIT6, STM32H573ZIT3Q, STM32H573ZIT6, STM32H7R3A8I6, STM32H7R3I8K6, STM32H7R3I8T6, STM32H7R3L8H6, STM32H7R3L8H6H, STM32H7R3R8V6, STM32H7R3V8H6, STM32H7R3V8T6, STM32H7R3V8Y6TR, STM32H7R3Z8J6, STM32H7R3Z8T6, STM32H7R7A8I6, STM32H7R7I8K6, STM32H7R7I8T6, STM32H7R7L8H6, STM32H7R7L8H6H, STM32H7R7Z8J6, STM32H7S3A8I6, STM32H7S3I8K6, STM32H7S3I8T6, STM32H7S3L8H6, STM32H7S3L8H6H, STM32H7S3R8V6, STM32H7S3V8H6, STM32H7S3V8T6, STM32H7S3V8Y6TR, STM32H7S3Z8J6, STM32H7S3Z8T6, STM32H7S78-DK, STM32H7S7A8I6, STM32H7S7I8K6, STM32H7S7I8T6, STM32H7S7L8H6, STM32H7S7L8H6H, STM32H7S7Z8J6, STM32L4R5QGI6STR, STM32MP131AAE3, STM32MP131AAF3, STM32MP131AAG3, STM32MP131CAE3, STM32MP131CAF3, STM32MP131CAG3, STM32MP131DAE7, STM32MP131DAF7, STM32MP131DAG7, STM32MP131FAE7, STM32MP131FAF7, STM32MP131FAG7, STM32MP133AAE3, STM32MP133AAF3, STM32MP133AAG3, STM32MP133CAE3, STM32MP133CAF3, STM32MP133CAG3, STM32MP133DAE7, STM32MP133DAF7, STM32MP133DAG7, STM32MP133FAE7, STM32MP133FAF7, STM32MP133FAG7, STM32MP135AAE3, STM32MP135AAF3, STM32MP135AAG3, STM32MP135CAE3, STM32MP135CAF3, STM32MP135CAG3, STM32MP135DAE7, STM32MP135DAF7, STM32MP135DAG7, STM32MP135F-DK, STM32MP135FAE7, STM32MP135FAF7, STM32MP135FAF7T, STM32MP135FAF7U, STM32MP135FAG7, STM32MP211AAL3, STM32MP211AAM3, STM32MP211AAN3, STM32MP211AAO3, STM32MP211CAL3, STM32MP211CAM3, STM32MP211CAN3, STM32MP211CAO3, STM32MP211DAL3, STM32MP211DAM3, STM32MP211DAN3, STM32MP211DAO3, STM32MP211FAL3, STM32MP211FAM3, STM32MP211FAN3, STM32MP211FAO3, STM32MP213AAL3, STM32MP213AAM3, STM32MP213AAN3, STM32MP213AAO3, STM32MP213CAL3, STM32MP213CAM3, STM32MP213CAN3, STM32MP213CAO3, STM32MP213DAL3, STM32MP213DAM3, STM32MP213DAN3, STM32MP213DAO3, STM32MP213FAL3, STM32MP213FAM3, STM32MP213FAN3, STM32MP213FAO3, STM32MP215AAL3, STM32MP215AAM3, STM32MP215AAN3, STM32MP215AAO3, STM32MP215CAL3, STM32MP215CAM3, STM32MP215CAN3, STM32MP215CAO3, STM32MP215DAL3, STM32MP215DAM3, STM32MP215DAN3, STM32MP215DAO3, STM32MP215F-DK, STM32MP215FAL3, STM32MP215FAM3, STM32MP215FAN3, STM32MP215FAO3, STM32MP231AAJ3, STM32MP231AAK3, STM32MP231AAL3, STM32MP231CAJ3, STM32MP231CAK3, STM32MP231CAL3, STM32MP231DAJ3, STM32MP231DAK3, STM32MP231DAL3, STM32MP231FAJ3, STM32MP231FAK3, STM32MP231FAL3, STM32MP233AAJ3, STM32MP233AAK3, STM32MP233AAL3, STM32MP233CAJ3, STM32MP233CAK3, STM32MP233CAL3, STM32MP233DAJ3, STM32MP233DAK3, STM32MP233DAL3, STM32MP233FAJ3, STM32MP233FAK3, STM32MP233FAL3, STM32MP235AAJ3, STM32MP235AAK3, STM32MP235AAL3, STM32MP235CAJ3, STM32MP235CAK3, STM32MP235CAL3, STM32MP235DAJ3, STM32MP235DAK3, STM32MP235DAL3, STM32MP235FAJ3, STM32MP235FAK3, STM32MP235FAL3, STM32MP251AAI3, STM32MP251AAK3, STM32MP251AAL3, STM32MP251CAI3, STM32MP251CAK3, STM32MP251CAL3, STM32MP251DAI3, STM32MP251DAK3, STM32MP251DAL3, STM32MP251FAI3, STM32MP251FAK3, STM32MP251FAL3, STM32MP253AAI3, STM32MP253AAK3, STM32MP253AAL3, STM32MP253CAI3, STM32MP253CAK3, STM32MP253CAL3, STM32MP253DAI3, STM32MP253DAK3, STM32MP253DAL3, STM32MP253FAI3, STM32MP253FAK3, STM32MP253FAL3, STM32MP255AAI3, STM32MP255AAK3, STM32MP255AAL3, STM32MP255CAI3, STM32MP255CAK3, STM32MP255CAL3, STM32MP255DAI3, STM32MP255DAK3, STM32MP255DAL3, STM32MP255FAI3, STM32MP255FAK3, STM32MP255FAL3, STM32MP257AAI3, STM32MP257AAK3, STM32MP257AAL3, STM32MP257CAI3, STM32MP257CAK3, STM32MP257CAL3, STM32MP257DAI3, STM32MP257DAK3, STM32MP257DAL3, STM32MP257F-DK, STM32MP257F-EV1, STM32MP257FAI3, STM32MP257FAK3, STM32MP257FAL3, STM32N645A0H3Q, STM32N645B0H3Q, STM32N645I0H3Q, STM32N645L0H3Q, STM32N645X0H3Q, STM32N645Z0H3Q, STM32N647A0H3Q, STM32N647B0H3Q, STM32N647I0H3Q, STM32N647L0H3Q, STM32N647X0H3Q, STM32N647Z0H3Q, STM32N655A0H3Q, STM32N655B0H3Q, STM32N655I0H3Q, STM32N655L0H3Q, STM32N655X0H3Q, STM32N655Z0H3Q, STM32N6570-DK, STM32N657A0H3Q, STM32N657B0H3Q, STM32N657I0H3Q, STM32N657L0H3Q, STM32N657X0H3Q, STM32N657Z0H3Q, STM32U031C6T6, STM32U031C6U6, STM32U031C8T6, STM32U031C8U6, STM32U031F4P6, STM32U031F6P6, STM32U031F8P6, STM32U031G6Y6TR, STM32U031G8Y6TR, STM32U031K4U6, STM32U031K6U6, STM32U031K8U6, STM32U031R6I6, STM32U031R6T6, STM32U031R8I6, STM32U031R8T6, STM32U073C8T6, STM32U073C8U6, STM32U073CBT6, STM32U073CBU6, STM32U073CCT6, STM32U073CCU6, STM32U073H8Y6TR, STM32U073HBY6TR, STM32U073HCY6TR, STM32U073K8U6, STM32U073KBU6, STM32U073KCU6, STM32U073M8I6, STM32U073M8T6, STM32U073MBI6, STM32U073MBT6, STM32U073MCI6, STM32U073MCT6, STM32U073R8I6, STM32U073R8T6, STM32U073RBI6, STM32U073RBT6, STM32U073RCI6, STM32U073RCT6, STM32U083C-DK, STM32U083CCT6, STM32U083CCU6, STM32U083HCY6TR, STM32U083KCU6, STM32U083MCI6, STM32U083MCT6, STM32U083RCI6, STM32U083RCT6, STM32U375CET6, STM32U375CET6Q, STM32U375CEU6, STM32U375CEU6Q, STM32U375CEY6QTR, STM32U375CGT6, STM32U375CGT6Q, STM32U375CGU6, STM32U375CGU6Q, STM32U375CGY6QTR, STM32U375KEU6, STM32U375KGU6, STM32U375REI6, STM32U375REI6Q, STM32U375RET6, STM32U375RET6Q, STM32U375REY6GTR, STM32U375REY6QTR, STM32U375RGI6, STM32U375RGI6Q, STM32U375RGT6, STM32U375RGT6Q, STM32U375RGY6GTR, STM32U375RGY6QTR, STM32U375VEI6, STM32U375VEI6Q, STM32U375VET6, STM32U375VET6Q, STM32U375VGI6, STM32U375VGI6Q, STM32U375VGT6, STM32U375VGT6Q, STM32U385CGT6, STM32U385CGT6Q, STM32U385CGU6, STM32U385CGU6Q, STM32U385CGY6QTR, STM32U385KGU6, STM32U385RGI6, STM32U385RGI6Q, STM32U385RGT6, STM32U385RGT6Q, STM32U385RGY6GTR, STM32U385RGY6QTR, STM32U385VGI6, STM32U385VGI6Q, STM32U385VGT6, STM32U385VGT6Q, STM32U535CBT6, STM32U535CBT6Q, STM32U535CBU6, STM32U535CBU6Q, STM32U535CCT6, STM32U535CCT6Q, STM32U535CCU6, STM32U535CCU6Q, STM32U535CET6, STM32U535CET6Q, STM32U535CEU6, STM32U535CEU6Q, STM32U535JEY6QTR, STM32U535NCY6QTR, STM32U535NEY6QTR, STM32U535RBI6, STM32U535RBI6Q, STM32U535RBT6, STM32U535RBT6Q, STM32U535RCI6, STM32U535RCI6Q, STM32U535RCT6, STM32U535RCT6Q, STM32U535REI6, STM32U535REI6Q, STM32U535RET6, STM32U535RET6Q, STM32U535VCI6, STM32U535VCI6Q, STM32U535VCT6, STM32U535VCT6Q, STM32U535VEI6, STM32U535VEI6Q, STM32U535VET6, STM32U535VET6Q, STM32U545CET6, STM32U545CET6Q, STM32U545CEU6, STM32U545CEU6Q, STM32U545JEY6QTR, STM32U545NEY6QTR, STM32U545REI6, STM32U545REI6Q, STM32U545RET6, STM32U545RET6Q, STM32U545VEI6, STM32U545VEI6Q, STM32U545VET6, STM32U545VET6Q, STM32U595AIH6, STM32U595AIH6Q, STM32U595AJH6, STM32U595AJH6Q, STM32U595QII6, STM32U595QII6Q, STM32U595QJI6, STM32U595QJI6Q, STM32U595RIT6, STM32U595RIT6Q, STM32U595RJT6, STM32U595RJT6Q, STM32U595VIT6, STM32U595VIT6Q, STM32U595VJT6, STM32U595VJT6Q, STM32U595ZIT6, STM32U595ZIT6Q, STM32U595ZIY6QTR, STM32U595ZJT6, STM32U595ZJT6Q, STM32U595ZJY6QTR, STM32U599BJY6QTR, STM32U599NIH6Q, STM32U599NJH6Q, STM32U599VIT6Q, STM32U599VJT6, STM32U599VJT6Q, STM32U599ZIT6Q, STM32U599ZIY6QTR, STM32U599ZJT6Q, STM32U599ZJY6QTR, STM32U5A5AJH6, STM32U5A5AJH6Q, STM32U5A5QII3Q , STM32U5A5QJI6, STM32U5A5QJI6Q, STM32U5A5RJT6, STM32U5A5RJT6Q, STM32U5A5VJT6, STM32U5A5VJT6Q, STM32U5A5ZJT6, STM32U5A5ZJT6Q, STM32U5A5ZJY6QTR, STM32U5A9BJY6QTR, STM32U5A9J-DK, STM32U5A9NJH6Q, STM32U5A9VJT6Q, STM32U5A9ZJT6Q, STM32U5A9ZJY6QTR, STM32U5F7VIT6, STM32U5F7VIT6Q, STM32U5F7VJT6, STM32U5F7VJT6Q, STM32U5F9BJY6QTR, STM32U5F9NJH6Q, STM32U5F9VIT6Q, STM32U5F9VJT6Q, STM32U5F9ZIJ6QTR, STM32U5F9ZIT6Q, STM32U5F9ZJJ6QTR, STM32U5F9ZJT6Q, STM32U5G7VJT6, STM32U5G7VJT6Q, STM32U5G9BJY6QTR, STM32U5G9J-DK1, STM32U5G9J-DK2, STM32U5G9NJH6Q, STM32U5G9VJT6Q, STM32U5G9ZJJ6QTR, STM32U5G9ZJT6Q, STM32WB05KZV6TR, STM32WB05KZV7TR, STM32WB05TZF6TR, STM32WB05TZF7TR, STM32WB06CCF6TR, STM32WB06CCF7TR, STM32WB06CCV6TR, STM32WB06CCV7TR, STM32WB06KCV6TR, STM32WB06KCV7TR, STM32WB07CCF6TR, STM32WB07CCF7TR, STM32WB07CCV6TR, STM32WB07CCV7TR, STM32WB07KCV6TR, STM32WB07KCV7TR, STM32WB09KEV6TR, STM32WB09KEV7TR, STM32WB09TEF6TR, STM32WB09TEF7TR, STM32WB1MMCH6, STM32WBA50KGU6, STM32WBA50KGU6TR, STM32WBA52CEU6, STM32WBA52CEU6TR, STM32WBA52CEU7, STM32WBA52CEU7TR, STM32WBA52CGU6, STM32WBA52CGU6TR, STM32WBA52CGU6U, STM32WBA52CGU7, STM32WBA52CGU7TR, STM32WBA52KEU6, STM32WBA52KEU6TR, STM32WBA52KGU6, STM32WBA52KGU6TR, STM32WBA54CEU6, STM32WBA54CEU6TR, STM32WBA54CEU7, STM32WBA54CEU7TR, STM32WBA54CGU6, STM32WBA54CGU6TR, STM32WBA54CGU7, STM32WBA54CGU7TR, STM32WBA54KEU6, STM32WBA54KEU6TR, STM32WBA54KEU7, STM32WBA54KEU7TR, STM32WBA54KGU6, STM32WBA54KGU6TR, STM32WBA54KGU7, STM32WBA54KGU7TR, STM32WBA55CEU6, STM32WBA55CEU6TR, STM32WBA55CEU7, STM32WBA55CEU7TR, STM32WBA55CGU6, STM32WBA55CGU6TR, STM32WBA55CGU6U, STM32WBA55CGU7, STM32WBA55CGU7TR, STM32WBA55G-DK1, STM32WBA55HEF6, STM32WBA55HEF7, STM32WBA55HGF6, STM32WBA55HGF7, STM32WBA55UEI6, STM32WBA55UEI6TR, STM32WBA55UEI7, STM32WBA55UEI7TR, STM32WBA55UGI6, STM32WBA55UGI6TR, STM32WBA55UGI7, STM32WBA55UGI7TR, STM32WBA5MMGH6TR, STM32WBA62MGF6, STM32WBA62MIF6, STM32WBA65MGF7, STM32WBA65MIF6, STM32WBA65MIF7, STM32WL30K8V6, STM32WL30KBV6, STM32WL31C8V6, STM32WL31CBV6, STM32WL31K8V6, STM32WL31KBV6, STM32WL33C8V6, STM32WL33C8V6X, STM32WL33CBV6, STM32WL33CBV6X, STM32WL33CCV6, STM32WL33CCV6A, STM32WL33CCV6X, STM32WL33K8V7, STM32WL33K8V7X, STM32WL33KBV7 , STM32WL33KBV7X, STM32WL33KCV7, STM32WL33KCV7X, STM32WL5MOCH6, STM32WL5MOCH6TR]
2025-11-30 13:56:46,230 [INFO] ApiDb:668 - CubeFinder database Data Model version=2.1
2025-11-30 13:56:46,231 [INFO] ApiDb:669 - CubeFinder database Configuration version=3.0.39
2025-11-30 13:56:46,231 [INFO] ApiDb:670 - CubeFinder database generation date=2025-11-05 (1762334721)
2025-11-30 13:56:46,231 [INFO] ApiDb:671 - CubeFinder database FW Pack versions=[FP-ATR-ASTRA1_V2.0.0, FP-SNS-FLIGHT1_V5.1.0, FP-SNS-MOTENV1_V5.1.0, FP-SNS-MOTENVWB1_V1.4.0, FP-SNS-SMARTAG2_V1.2.0, FP-SNS-STBOX1_V2.1.0, STM32Cube_FW_C0_V1.4.0, STM32Cube_FW_F4_V1.28.3, STM32Cube_FW_F7_V1.17.4, STM32Cube_FW_G0_V1.6.2, STM32Cube_FW_G4_V1.6.1, STM32Cube_FW_H5_V1.5.1, STM32Cube_FW_H7RS_V1.3.0, STM32Cube_FW_H7_V1.12.1, STM32Cube_FW_L0_V1.12.2, STM32Cube_FW_L4_V1.18.1, STM32Cube_FW_L5_V1.6.0, STM32Cube_FW_N6_V1.3.0, STM32Cube_FW_U0_V1.3.0, STM32Cube_FW_U3_V1.2.1, STM32Cube_FW_U5_V1.8.0, STM32Cube_FW_WB0_V1.4.0, STM32Cube_FW_WBA_V1.8.0, STM32Cube_FW_WB_V1.24.0, STM32Cube_FW_WL3_V1.3.0, STM32Cube_FW_WL_V1.4.0, X-CUBE-ALGOBUILD_V1.4.0, X-CUBE-ALS_V1.0.2, X-CUBE-AZRTOS-F4_V1.1.0, X-CUBE-AZRTOS-F7_V1.1.0, X-CUBE-AZRTOS-G0_V1.1.0, X-CUBE-AZRTOS-G4_V2.0.0, X-CUBE-AZRTOS-H7RS_V1.1.0, X-CUBE-AZRTOS-H7_V3.4.0, X-CUBE-AZRTOS-L4_V2.0.0, X-CUBE-AZRTOS-L5_V2.0.0, X-CUBE-AZRTOS-WB_V2.0.0, X-CUBE-AZRTOS-WL_V2.0.0, X-CUBE-BLE1_V7.1.0, X-CUBE-BLE2_V3.3.0, X-CUBE-BLEMGR_V4.1.0, X-CUBE-EEPRMA1_V5.2.0, X-CUBE-FREERTOS_V1.3.1, X-CUBE-GNSS1_V6.0.0, X-CUBE-MEMS1_V11.3.0, X-CUBE-NFC4_V3.0.0, X-CUBE-NFC7_V2.0.0, X-CUBE-SFXS2LP1_V4.0.0, X-CUBE-ST67W61_V1.1.0, X-CUBE-SUBG2_V5.0.0, X-CUBE-TOF1_V3.4.3]
2025-11-30 13:56:47,988 [INFO] ApiDb:240 - Found 880 in-development CPN: [B-G473E-ZEST1S, B-WB1M-WPAN1, B-WBA5M-WPAN, B-WL5M-SUBG1, NUCLEO-C031C6, NUCLEO-C051C8, NUCLEO-C071RB, NUCLEO-C092RC, NUCLEO-H503RB, NUCLEO-H533RE, NUCLEO-H563ZI, NUCLEO-H7S3L8, NUCLEO-N657X0-Q, NUCLEO-U031R8, NUCLEO-U083RC, NUCLEO-U385RG-Q, NUCLEO-U545RE-Q, NUCLEO-U5A5ZJ-Q, NUCLEO-WB05KZ, NUCLEO-WB07CC, NUCLEO-WB09KE, NUCLEO-WBA52CG, NUCLEO-WBA55CG, NUCLEO-WL33CC1, NUCLEO-WL33CC2, STEVAL-PROTEUS1, STEVAL-SMARTAG2, STEVAL-STWINBX1, STM320518-EVAL, STM32C0116-DK, STM32C011D6Y3TR, STM32C011D6Y6TR, STM32C011F4P3, STM32C011F4P6, STM32C011F4U3, STM32C011F4U6TR, STM32C011F6P3, STM32C011F6P6, STM32C011F6U3, STM32C011F6U6TR, STM32C011J4M3, STM32C011J4M6, STM32C011J6M3, STM32C011J6M6, STM32C0316-DK, STM32C031C4T3, STM32C031C4T6, STM32C031C4U3, STM32C031C4U6, STM32C031C6T3, STM32C031C6T6, STM32C031C6U3, STM32C031C6U6, STM32C031F4P3, STM32C031F4P6, STM32C031F6P3, STM32C031F6P6, STM32C031G4U3, STM32C031G4U6, STM32C031G6U3, STM32C031G6U6, STM32C031K4T3, STM32C031K4T6, STM32C031K4U3, STM32C031K4U6, STM32C031K6T3, STM32C031K6T6, STM32C031K6U3, STM32C031K6U6, STM32C051C6T6, STM32C051C6U6, STM32C051C8T6, STM32C051C8U6, STM32C051D8Y6TR, STM32C051F6P6, STM32C051F8P6, STM32C051G6U6, STM32C051G8U6, STM32C051K6T6, STM32C051K6U6, STM32C051K8T6, STM32C071C8T6, STM32C071C8T6N, STM32C071C8U6, STM32C071C8U6N, STM32C071CBT6, STM32C071CBT6N, STM32C071CBU6, STM32C071CBU6N, STM32C071F8P6, STM32C071F8P6N, STM32C071FBP6, STM32C071FBP6N, STM32C071FBY6TR, STM32C071G8U6, STM32C071G8U6N, STM32C071GBU6, STM32C071GBU6N, STM32C071K8T6, STM32C071K8T6N, STM32C071K8U6, STM32C071K8U6N, STM32C071KBT6, STM32C071KBT6N, STM32C071KBU6, STM32C071KBU6N, STM32C071R8T6, STM32C071R8T6N, STM32C071RBI6N, STM32C071RBT6, STM32C071RBT6N, STM32C091CBT6, STM32C091CBU6, STM32C091CCT6, STM32C091CCU6, STM32C091ECY6TR, STM32C091FBP6, STM32C091FCP6, STM32C091GBU6, STM32C091GCU6, STM32C091KBT6, STM32C091KBU6, STM32C091KCT6, STM32C091KCU6, STM32C091RBT6, STM32C091RCI6, STM32C091RCT6, STM32C092CBT6, STM32C092CBU6, STM32C092CCT6, STM32C092CCU6, STM32C092ECY6TR, STM32C092FBP6, STM32C092FCP6, STM32C092GBU6, STM32C092GCU6, STM32C092KBT6, STM32C092KBU6, STM32C092KCT6, STM32C092KCU6, STM32C092RBT6, STM32C092RCI6, STM32C092RCT6, STM32G071K8TXN, STM32G071K8UXN, STM32G081GBU6N, STM32G081KBT6N, STM32G081KBUXN, STM32G0B1CCT6N, STM32G0B1KCT6, STM32G0B1NEY6TR, STM32G0B1RCT6N, STM32G0C1CCT6, STM32G0C1CCT6N, STM32G0C1CCU6N, STM32G0C1CET6N, STM32G0C1CEU6N, STM32G0C1KCT6, STM32G0C1NEY6TR, STM32G0C1RCI6N, STM32G0C1RCT6N, STM32G0C1REI6N, STM32G0C1RET6N, STM32G0C1VCI6, STM32G0C1VEI6, STM32G411C6T3, STM32G411C6T6, STM32G411C6U3, STM32G411C6U6, STM32G411C8T3, STM32G411C8T6, STM32G411C8U3, STM32G411C8U6, STM32G411CBT3, STM32G411CBT6, STM32G411CBU3, STM32G411CBU6, STM32G411K6T3, STM32G411K6T6, STM32G411K6U3, STM32G411K6U6, STM32G411K8T3, STM32G411K8T6, STM32G411K8U3, STM32G411K8U6, STM32G411KBT3, STM32G411KBT6, STM32G411KBU3, STM32G411KBU6, STM32G411M6T3, STM32G411M6T6, STM32G411M8T3, STM32G411M8T6, STM32G411MBT3, STM32G411MBT6, STM32G411R6T3, STM32G411R6T6, STM32G411R8T3, STM32G411R8T6, STM32G411RBT3, STM32G411RBT6, STM32G414CBT3, STM32G414CBT6, STM32G414CBU3, STM32G414CBU6, STM32G414CCT3, STM32G414CCT6, STM32G414CCU3, STM32G414CCU6, STM32G414MBT3, STM32G414MBT6, STM32G414MCT3, STM32G414MCT6, STM32G414RBT3, STM32G414RBT6, STM32G414RCT3, STM32G414RCT6, STM32G414VBT3, STM32G414VBT6, STM32G414VCT3, STM32G414VCT6, STM32G431CBT3Z, STM32G431RBT3Z, STM32G471CCT6, STM32G471CCU6, STM32G471CET3, STM32G471CET6, STM32G471CEU3, STM32G471CEU6, STM32G471MCT6, STM32G471MET3, STM32G471MET6, STM32G471MEY6TR, STM32G471QCT6, STM32G471QET3, STM32G471RCT6, STM32G471RET3, STM32G471RET6, STM32G471VCH6, STM32G471VCI6, STM32G471VCT6, STM32G471VEH3, STM32G471VEH6, STM32G471VEI3, STM32G471VEI6, STM32G471VET3, STM32G471VET6, STM32G473QET3Z, STM32G473RET3Z, STM32G474CCT6, STM32G491RET3Z, STM32H503CBT6, STM32H503CBU6, STM32H503EBY6TR, STM32H503KBU6, STM32H503RBT6, STM32H523CCT6, STM32H523CCU6, STM32H523CET6, STM32H523CEU6, STM32H523HEY6TR, STM32H523RCT6, STM32H523RET6, STM32H523VCI6, STM32H523VCT6, STM32H523VEI6, STM32H523VET6, STM32H523ZCJ6, STM32H523ZCT6, STM32H523ZEJ6, STM32H523ZET6, STM32H533CET6, STM32H533CEU6, STM32H533HEY6TR, STM32H533RET6, STM32H533VEI6, STM32H533VET6, STM32H533ZEJ6, STM32H533ZET6, STM32H562AGI6, STM32H562AII6, STM32H562IGK6, STM32H562IGT6, STM32H562IIK6, STM32H562IIT6, STM32H562RGT6, STM32H562RGV6, STM32H562RIT6, STM32H562RIV6, STM32H562VGT6, STM32H562VIT6, STM32H562ZGT6, STM32H562ZIT6, STM32H563AGI6, STM32H563AII3Q, STM32H563AII6, STM32H563IGK6, STM32H563IGT6, STM32H563IIK3Q, STM32H563IIK6, STM32H563IIT3Q, STM32H563IIT6, STM32H563MIY3QTR, STM32H563RGT6, STM32H563RGV6, STM32H563RIT6, STM32H563RIV6, STM32H563VGT6, STM32H563VIT3Q, STM32H563VIT6, STM32H563ZGT6, STM32H563ZIT3Q, STM32H563ZIT6, STM32H573AII3Q, STM32H573AII6, STM32H573I-DK, STM32H573IIK3Q, STM32H573IIK6, STM32H573IIT3Q, STM32H573IIT6, STM32H573MIY3QTR, STM32H573RIT6, STM32H573RIV6, STM32H573VIT3Q, STM32H573VIT6, STM32H573ZIT3Q, STM32H573ZIT6, STM32H7R3A8I6, STM32H7R3I8K6, STM32H7R3I8T6, STM32H7R3L8H6, STM32H7R3L8H6H, STM32H7R3R8V6, STM32H7R3V8H6, STM32H7R3V8T6, STM32H7R3V8Y6TR, STM32H7R3Z8J6, STM32H7R3Z8T6, STM32H7R7A8I6, STM32H7R7I8K6, STM32H7R7I8T6, STM32H7R7L8H6, STM32H7R7L8H6H, STM32H7R7Z8J6, STM32H7S3A8I6, STM32H7S3I8K6, STM32H7S3I8T6, STM32H7S3L8H6, STM32H7S3L8H6H, STM32H7S3R8V6, STM32H7S3V8H6, STM32H7S3V8T6, STM32H7S3V8Y6TR, STM32H7S3Z8J6, STM32H7S3Z8T6, STM32H7S78-DK, STM32H7S7A8I6, STM32H7S7I8K6, STM32H7S7I8T6, STM32H7S7L8H6, STM32H7S7L8H6H, STM32H7S7Z8J6, STM32L4R5QGI6STR, STM32MP131AAE3, STM32MP131AAF3, STM32MP131AAG3, STM32MP131CAE3, STM32MP131CAF3, STM32MP131CAG3, STM32MP131DAE7, STM32MP131DAF7, STM32MP131DAG7, STM32MP131FAE7, STM32MP131FAF7, STM32MP131FAG7, STM32MP133AAE3, STM32MP133AAF3, STM32MP133AAG3, STM32MP133CAE3, STM32MP133CAF3, STM32MP133CAG3, STM32MP133DAE7, STM32MP133DAF7, STM32MP133DAG7, STM32MP133FAE7, STM32MP133FAF7, STM32MP133FAG7, STM32MP135AAE3, STM32MP135AAF3, STM32MP135AAG3, STM32MP135CAE3, STM32MP135CAF3, STM32MP135CAG3, STM32MP135DAE7, STM32MP135DAF7, STM32MP135DAG7, STM32MP135F-DK, STM32MP135FAE7, STM32MP135FAF7, STM32MP135FAF7T, STM32MP135FAF7U, STM32MP135FAG7, STM32MP211AAL3, STM32MP211AAM3, STM32MP211AAN3, STM32MP211AAO3, STM32MP211CAL3, STM32MP211CAM3, STM32MP211CAN3, STM32MP211CAO3, STM32MP211DAL3, STM32MP211DAM3, STM32MP211DAN3, STM32MP211DAO3, STM32MP211FAL3, STM32MP211FAM3, STM32MP211FAN3, STM32MP211FAO3, STM32MP213AAL3, STM32MP213AAM3, STM32MP213AAN3, STM32MP213AAO3, STM32MP213CAL3, STM32MP213CAM3, STM32MP213CAN3, STM32MP213CAO3, STM32MP213DAL3, STM32MP213DAM3, STM32MP213DAN3, STM32MP213DAO3, STM32MP213FAL3, STM32MP213FAM3, STM32MP213FAN3, STM32MP213FAO3, STM32MP215AAL3, STM32MP215AAM3, STM32MP215AAN3, STM32MP215AAO3, STM32MP215CAL3, STM32MP215CAM3, STM32MP215CAN3, STM32MP215CAO3, STM32MP215DAL3, STM32MP215DAM3, STM32MP215DAN3, STM32MP215DAO3, STM32MP215F-DK, STM32MP215FAL3, STM32MP215FAM3, STM32MP215FAN3, STM32MP215FAO3, STM32MP231AAJ3, STM32MP231AAK3, STM32MP231AAL3, STM32MP231CAJ3, STM32MP231CAK3, STM32MP231CAL3, STM32MP231DAJ3, STM32MP231DAK3, STM32MP231DAL3, STM32MP231FAJ3, STM32MP231FAK3, STM32MP231FAL3, STM32MP233AAJ3, STM32MP233AAK3, STM32MP233AAL3, STM32MP233CAJ3, STM32MP233CAK3, STM32MP233CAL3, STM32MP233DAJ3, STM32MP233DAK3, STM32MP233DAL3, STM32MP233FAJ3, STM32MP233FAK3, STM32MP233FAL3, STM32MP235AAJ3, STM32MP235AAK3, STM32MP235AAL3, STM32MP235CAJ3, STM32MP235CAK3, STM32MP235CAL3, STM32MP235DAJ3, STM32MP235DAK3, STM32MP235DAL3, STM32MP235FAJ3, STM32MP235FAK3, STM32MP235FAL3, STM32MP251AAI3, STM32MP251AAK3, STM32MP251AAL3, STM32MP251CAI3, STM32MP251CAK3, STM32MP251CAL3, STM32MP251DAI3, STM32MP251DAK3, STM32MP251DAL3, STM32MP251FAI3, STM32MP251FAK3, STM32MP251FAL3, STM32MP253AAI3, STM32MP253AAK3, STM32MP253AAL3, STM32MP253CAI3, STM32MP253CAK3, STM32MP253CAL3, STM32MP253DAI3, STM32MP253DAK3, STM32MP253DAL3, STM32MP253FAI3, STM32MP253FAK3, STM32MP253FAL3, STM32MP255AAI3, STM32MP255AAK3, STM32MP255AAL3, STM32MP255CAI3, STM32MP255CAK3, STM32MP255CAL3, STM32MP255DAI3, STM32MP255DAK3, STM32MP255DAL3, STM32MP255FAI3, STM32MP255FAK3, STM32MP255FAL3, STM32MP257AAI3, STM32MP257AAK3, STM32MP257AAL3, STM32MP257CAI3, STM32MP257CAK3, STM32MP257CAL3, STM32MP257DAI3, STM32MP257DAK3, STM32MP257DAL3, STM32MP257F-DK, STM32MP257F-EV1, STM32MP257FAI3, STM32MP257FAK3, STM32MP257FAL3, STM32N645A0H3Q, STM32N645B0H3Q, STM32N645I0H3Q, STM32N645L0H3Q, STM32N645X0H3Q, STM32N645Z0H3Q, STM32N647A0H3Q, STM32N647B0H3Q, STM32N647I0H3Q, STM32N647L0H3Q, STM32N647X0H3Q, STM32N647Z0H3Q, STM32N655A0H3Q, STM32N655B0H3Q, STM32N655I0H3Q, STM32N655L0H3Q, STM32N655X0H3Q, STM32N655Z0H3Q, STM32N6570-DK, STM32N657A0H3Q, STM32N657B0H3Q, STM32N657I0H3Q, STM32N657L0H3Q, STM32N657X0H3Q, STM32N657Z0H3Q, STM32U031C6T6, STM32U031C6U6, STM32U031C8T6, STM32U031C8U6, STM32U031F4P6, STM32U031F6P6, STM32U031F8P6, STM32U031G6Y6TR, STM32U031G8Y6TR, STM32U031K4U6, STM32U031K6U6, STM32U031K8U6, STM32U031R6I6, STM32U031R6T6, STM32U031R8I6, STM32U031R8T6, STM32U073C8T6, STM32U073C8U6, STM32U073CBT6, STM32U073CBU6, STM32U073CCT6, STM32U073CCU6, STM32U073H8Y6TR, STM32U073HBY6TR, STM32U073HCY6TR, STM32U073K8U6, STM32U073KBU6, STM32U073KCU6, STM32U073M8I6, STM32U073M8T6, STM32U073MBI6, STM32U073MBT6, STM32U073MCI6, STM32U073MCT6, STM32U073R8I6, STM32U073R8T6, STM32U073RBI6, STM32U073RBT6, STM32U073RCI6, STM32U073RCT6, STM32U083C-DK, STM32U083CCT6, STM32U083CCU6, STM32U083HCY6TR, STM32U083KCU6, STM32U083MCI6, STM32U083MCT6, STM32U083RCI6, STM32U083RCT6, STM32U375CET6, STM32U375CET6Q, STM32U375CEU6, STM32U375CEU6Q, STM32U375CEY6QTR, STM32U375CGT6, STM32U375CGT6Q, STM32U375CGU6, STM32U375CGU6Q, STM32U375CGY6QTR, STM32U375KEU6, STM32U375KGU6, STM32U375REI6, STM32U375REI6Q, STM32U375RET6, STM32U375RET6Q, STM32U375REY6GTR, STM32U375REY6QTR, STM32U375RGI6, STM32U375RGI6Q, STM32U375RGT6, STM32U375RGT6Q, STM32U375RGY6GTR, STM32U375RGY6QTR, STM32U375VEI6, STM32U375VEI6Q, STM32U375VET6, STM32U375VET6Q, STM32U375VGI6, STM32U375VGI6Q, STM32U375VGT6, STM32U375VGT6Q, STM32U385CGT6, STM32U385CGT6Q, STM32U385CGU6, STM32U385CGU6Q, STM32U385CGY6QTR, STM32U385KGU6, STM32U385RGI6, STM32U385RGI6Q, STM32U385RGT6, STM32U385RGT6Q, STM32U385RGY6GTR, STM32U385RGY6QTR, STM32U385VGI6, STM32U385VGI6Q, STM32U385VGT6, STM32U385VGT6Q, STM32U535CBT6, STM32U535CBT6Q, STM32U535CBU6, STM32U535CBU6Q, STM32U535CCT6, STM32U535CCT6Q, STM32U535CCU6, STM32U535CCU6Q, STM32U535CET6, STM32U535CET6Q, STM32U535CEU6, STM32U535CEU6Q, STM32U535JEY6QTR, STM32U535NCY6QTR, STM32U535NEY6QTR, STM32U535RBI6, STM32U535RBI6Q, STM32U535RBT6, STM32U535RBT6Q, STM32U535RCI6, STM32U535RCI6Q, STM32U535RCT6, STM32U535RCT6Q, STM32U535REI6, STM32U535REI6Q, STM32U535RET6, STM32U535RET6Q, STM32U535VCI6, STM32U535VCI6Q, STM32U535VCT6, STM32U535VCT6Q, STM32U535VEI6, STM32U535VEI6Q, STM32U535VET6, STM32U535VET6Q, STM32U545CET6, STM32U545CET6Q, STM32U545CEU6, STM32U545CEU6Q, STM32U545JEY6QTR, STM32U545NEY6QTR, STM32U545REI6, STM32U545REI6Q, STM32U545RET6, STM32U545RET6Q, STM32U545VEI6, STM32U545VEI6Q, STM32U545VET6, STM32U545VET6Q, STM32U595AIH6, STM32U595AIH6Q, STM32U595AJH6, STM32U595AJH6Q, STM32U595QII6, STM32U595QII6Q, STM32U595QJI6, STM32U595QJI6Q, STM32U595RIT6, STM32U595RIT6Q, STM32U595RJT6, STM32U595RJT6Q, STM32U595VIT6, STM32U595VIT6Q, STM32U595VJT6, STM32U595VJT6Q, STM32U595ZIT6, STM32U595ZIT6Q, STM32U595ZIY6QTR, STM32U595ZJT6, STM32U595ZJT6Q, STM32U595ZJY6QTR, STM32U599BJY6QTR, STM32U599NIH6Q, STM32U599NJH6Q, STM32U599VIT6Q, STM32U599VJT6, STM32U599VJT6Q, STM32U599ZIT6Q, STM32U599ZIY6QTR, STM32U599ZJT6Q, STM32U599ZJY6QTR, STM32U5A5AJH6, STM32U5A5AJH6Q, STM32U5A5QII3Q , STM32U5A5QJI6, STM32U5A5QJI6Q, STM32U5A5RJT6, STM32U5A5RJT6Q, STM32U5A5VJT6, STM32U5A5VJT6Q, STM32U5A5ZJT6, STM32U5A5ZJT6Q, STM32U5A5ZJY6QTR, STM32U5A9BJY6QTR, STM32U5A9J-DK, STM32U5A9NJH6Q, STM32U5A9VJT6Q, STM32U5A9ZJT6Q, STM32U5A9ZJY6QTR, STM32U5F7VIT6, STM32U5F7VIT6Q, STM32U5F7VJT6, STM32U5F7VJT6Q, STM32U5F9BJY6QTR, STM32U5F9NJH6Q, STM32U5F9VIT6Q, STM32U5F9VJT6Q, STM32U5F9ZIJ6QTR, STM32U5F9ZIT6Q, STM32U5F9ZJJ6QTR, STM32U5F9ZJT6Q, STM32U5G7VJT6, STM32U5G7VJT6Q, STM32U5G9BJY6QTR, STM32U5G9J-DK1, STM32U5G9J-DK2, STM32U5G9NJH6Q, STM32U5G9VJT6Q, STM32U5G9ZJJ6QTR, STM32U5G9ZJT6Q, STM32WB05KZV6TR, STM32WB05KZV7TR, STM32WB05TZF6TR, STM32WB05TZF7TR, STM32WB06CCF6TR, STM32WB06CCF7TR, STM32WB06CCV6TR, STM32WB06CCV7TR, STM32WB06KCV6TR, STM32WB06KCV7TR, STM32WB07CCF6TR, STM32WB07CCF7TR, STM32WB07CCV6TR, STM32WB07CCV7TR, STM32WB07KCV6TR, STM32WB07KCV7TR, STM32WB09KEV6TR, STM32WB09KEV7TR, STM32WB09TEF6TR, STM32WB09TEF7TR, STM32WB1MMCH6, STM32WBA50KGU6, STM32WBA50KGU6TR, STM32WBA52CEU6, STM32WBA52CEU6TR, STM32WBA52CEU7, STM32WBA52CEU7TR, STM32WBA52CGU6, STM32WBA52CGU6TR, STM32WBA52CGU6U, STM32WBA52CGU7, STM32WBA52CGU7TR, STM32WBA52KEU6, STM32WBA52KEU6TR, STM32WBA52KGU6, STM32WBA52KGU6TR, STM32WBA54CEU6, STM32WBA54CEU6TR, STM32WBA54CEU7, STM32WBA54CEU7TR, STM32WBA54CGU6, STM32WBA54CGU6TR, STM32WBA54CGU7, STM32WBA54CGU7TR, STM32WBA54KEU6, STM32WBA54KEU6TR, STM32WBA54KEU7, STM32WBA54KEU7TR, STM32WBA54KGU6, STM32WBA54KGU6TR, STM32WBA54KGU7, STM32WBA54KGU7TR, STM32WBA55CEU6, STM32WBA55CEU6TR, STM32WBA55CEU7, STM32WBA55CEU7TR, STM32WBA55CGU6, STM32WBA55CGU6TR, STM32WBA55CGU6U, STM32WBA55CGU7, STM32WBA55CGU7TR, STM32WBA55G-DK1, STM32WBA55HEF6, STM32WBA55HEF7, STM32WBA55HGF6, STM32WBA55HGF7, STM32WBA55UEI6, STM32WBA55UEI6TR, STM32WBA55UEI7, STM32WBA55UEI7TR, STM32WBA55UGI6, STM32WBA55UGI6TR, STM32WBA55UGI7, STM32WBA55UGI7TR, STM32WBA5MMGH6TR, STM32WBA62MGF6, STM32WBA62MIF6, STM32WBA65MGF7, STM32WBA65MIF6, STM32WBA65MIF7, STM32WL30K8V6, STM32WL30KBV6, STM32WL31C8V6, STM32WL31CBV6, STM32WL31K8V6, STM32WL31KBV6, STM32WL33C8V6, STM32WL33C8V6X, STM32WL33CBV6, STM32WL33CBV6X, STM32WL33CCV6, STM32WL33CCV6A, STM32WL33CCV6X, STM32WL33K8V7, STM32WL33K8V7X, STM32WL33KBV7 , STM32WL33KBV7X, STM32WL33KCV7, STM32WL33KCV7X, STM32WL5MOCH6, STM32WL5MOCH6TR]
2025-11-30 13:56:47,993 [INFO] DbMcus:218 - Found 4876 MCUs, 4876 are supported
2025-11-30 13:56:47,994 [INFO] ApiDb:423 - Load user favorites file C:\Users\user/.stm32cubeide/favorites.mcus.txt: 0 item(s)
2025-11-30 13:56:47,994 [INFO] ApiDb:427 - User favorites MCUs=[]
2025-11-30 13:56:47,994 [INFO] DbMcus:224 - Set 0 / 0 favorites MCUs
2025-11-30 13:56:48,596 [INFO] BoardInfo:889 - No configuration file found for board P-NUCLEO-WB55
2025-11-30 13:56:48,597 [INFO] DbBoards:161 - Kit is not supported: P-NUCLEO-WB55
2025-11-30 13:56:48,604 [INFO] BoardInfo:889 - No configuration file found for board STEVAL-BFA001V1B
2025-11-30 13:56:48,605 [INFO] DbBoards:161 - Kit is not supported: STEVAL-BFA001V1B
2025-11-30 13:56:48,606 [INFO] BoardInfo:889 - No configuration file found for board STEVAL-BFA001V2B
2025-11-30 13:56:48,608 [INFO] DbBoards:161 - Kit is not supported: STEVAL-BFA001V2B
2025-11-30 13:56:48,823 [INFO] DbBoards:168 - Found 212 boards, 209 are supported
2025-11-30 13:56:48,823 [INFO] DbBoards:169 - Found 212 boards, 43 of them is supported for  Bsp
2025-11-30 13:56:48,826 [INFO] ApiDb:423 - Load user favorites file C:\Users\user/.stm32cubeide/favorites.boards.txt: 1 item(s)
2025-11-30 13:56:48,826 [INFO] ApiDb:427 - User favorites Boards=[NUCLEO-L476RG]
2025-11-30 13:56:48,826 [INFO] DbBoards:198 - Set 1 / 1 favorites Boards
2025-11-30 13:56:48,884 [INFO] UtilMem:75 - End LoadConfig() Used Memory: 261378912 Bytes (357564416)
2025-11-30 13:56:48,982 [WARN] ThirdParty:833 - waiting for thirdparty lock release [change project]
2025-11-30 13:56:48,983 [INFO] ThirdParty:835 - entering critical section [change project]
2025-11-30 13:56:48,983 [INFO] ThirdParty:1030 - CMSIS Pack Vendor :STMicroelectronics X-CUBE-PM33A1 1.0.0
2025-11-30 13:56:48,983 [INFO] ThirdParty:1030 - CMSIS Pack Vendor :STMicroelectronics USBPD 4.1
2025-11-30 13:56:48,983 [INFO] ThirdParty:1030 - CMSIS Pack Vendor :STMicroelectronics X-CUBE-NFC9 1.0.0
2025-11-30 13:56:48,983 [INFO] ThirdParty:1030 - CMSIS Pack Vendor :STMicroelectronics USB_HOST 2.0.0
2025-11-30 13:56:48,983 [INFO] ThirdParty:1030 - CMSIS Pack Vendor :STMicroelectronics FP-SNS-MOTENVWB1 1.4.0
2025-11-30 13:56:48,983 [INFO] ThirdParty:1030 - CMSIS Pack Vendor :STMicroelectronics X-CUBE-AZRTOS-F4 1.1.0
2025-11-30 13:56:48,983 [INFO] ThirdParty:1030 - CMSIS Pack Vendor :STMicroelectronics LIBJPEG 8.0.0
2025-11-30 13:56:48,983 [INFO] ThirdParty:1030 - CMSIS Pack Vendor :STMicroelectronics FP-ATR-ASTRA1 2.0.2
2025-11-30 13:56:48,983 [INFO] ThirdParty:1030 - CMSIS Pack Vendor :wolfSSL I-CUBE-wolfSSL 5.8.2
2025-11-30 13:56:48,983 [INFO] ThirdParty:1030 - CMSIS Pack Vendor :STMicroelectronics X-CUBE-BLE1 7.1.0
2025-11-30 13:56:48,983 [INFO] ThirdParty:1030 - CMSIS Pack Vendor :Avnet-IotConnect X-CUBE-IoTC-DA16k-PMOD 1.0.0
2025-11-30 13:56:48,983 [INFO] ThirdParty:1030 - CMSIS Pack Vendor :STMicroelectronics X-CUBE-SMBUS 2.1.0
2025-11-30 13:56:48,983 [INFO] ThirdParty:1030 - CMSIS Pack Vendor :wolfSSL I-CUBE-wolfMQTT 1.19.2
2025-11-30 13:56:48,983 [INFO] ThirdParty:1030 - CMSIS Pack Vendor :STMicroelectronics USB_DEVICE 3.0.0
2025-11-30 13:56:48,983 [INFO] ThirdParty:1030 - CMSIS Pack Vendor :STMicroelectronics X-CUBE-ISPU 2.1.0
2025-11-30 13:56:48,983 [INFO] ThirdParty:1030 - CMSIS Pack Vendor :STMicroelectronics X-CUBE-FREERTOS 1.4.0
2025-11-30 13:56:48,983 [INFO] ThirdParty:1030 - CMSIS Pack Vendor :STMicroelectronics X-CUBE-EEPRMA1 5.2.0
2025-11-30 13:56:48,983 [INFO] ThirdParty:1030 - CMSIS Pack Vendor :STMicroelectronics X-CUBE-IPS 3.2.0
2025-11-30 13:56:48,983 [INFO] ThirdParty:1030 - CMSIS Pack Vendor :STMicroelectronics X-CUBE-BLEMGR 4.1.0
2025-11-30 13:56:48,984 [INFO] ThirdParty:1030 - CMSIS Pack Vendor :STMicroelectronics X-CUBE-AZRTOS-WB 2.0.0
2025-11-30 13:56:48,984 [INFO] ThirdParty:1030 - CMSIS Pack Vendor :STMicroelectronics X-CUBE-ST60 1.0.0
2025-11-30 13:56:48,984 [INFO] ThirdParty:1030 - CMSIS Pack Vendor :STMicroelectronics X-CUBE-GNSS1 7.0.1
2025-11-30 13:56:48,984 [INFO] ThirdParty:1030 - CMSIS Pack Vendor :STMicroelectronics X-CUBE-NFC12 1.0.0
2025-11-30 13:56:48,984 [INFO] ThirdParty:1030 - CMSIS Pack Vendor :STMicroelectronics X-CUBE-AZRTOS-F7 1.1.0
2025-11-30 13:56:48,984 [INFO] ThirdParty:1030 - CMSIS Pack Vendor :STMicroelectronics X-CUBE-AZRTOS-L5 2.0.0
2025-11-30 13:56:48,984 [INFO] ThirdParty:1030 - CMSIS Pack Vendor :STMicroelectronics X-CUBE-TOUCHGFX 4.25.0
2025-11-30 13:56:48,984 [INFO] ThirdParty:1030 - CMSIS Pack Vendor :STMicroelectronics USB_DEVICE 2.0.0
2025-11-30 13:56:48,984 [INFO] ThirdParty:1030 - CMSIS Pack Vendor :STMicroelectronics X-CUBE-NFC6 3.1.0
2025-11-30 13:56:48,984 [INFO] ThirdParty:1030 - CMSIS Pack Vendor :STMicroelectronics X-CUBE-ST67W61 1.1.0
2025-11-30 13:56:48,984 [INFO] ThirdParty:1030 - CMSIS Pack Vendor :quantropi X-CUBE-qispace-sdk-base 2.1.0
2025-11-30 13:56:48,984 [INFO] ThirdParty:1030 - CMSIS Pack Vendor :STMicroelectronics X-CUBE-MEMS1 12.0.0
2025-11-30 13:56:48,984 [INFO] ThirdParty:1030 - CMSIS Pack Vendor :STMicroelectronics FP-SNS-MOTENV1 5.1.0
2025-11-30 13:56:48,984 [INFO] ThirdParty:1030 - CMSIS Pack Vendor :STMicroelectronics FreeRTOS 0.0.1
2025-11-30 13:56:48,984 [INFO] ThirdParty:1030 - CMSIS Pack Vendor :STMicroelectronics X-CUBE-AZRTOS-G0 1.1.0
2025-11-30 13:56:48,984 [INFO] ThirdParty:1030 - CMSIS Pack Vendor :STMicroelectronics X-CUBE-SAFEA1 1.2.2
2025-11-30 13:56:48,984 [INFO] ThirdParty:1030 - CMSIS Pack Vendor :STMicroelectronics X-CUBE-NFC4 3.0.0
2025-11-30 13:56:48,984 [INFO] ThirdParty:1030 - CMSIS Pack Vendor :STMicroelectronics X-CUBE-SUBG2 5.0.0
2025-11-30 13:56:48,984 [INFO] ThirdParty:1030 - CMSIS Pack Vendor :STMicroelectronics X-CUBE-AZRTOS-H7RS 1.1.0
2025-11-30 13:56:48,984 [INFO] ThirdParty:1030 - CMSIS Pack Vendor :STMicroelectronics STM32_WPAN 1.0.0
2025-11-30 13:56:48,984 [INFO] ThirdParty:1030 - CMSIS Pack Vendor :EmbeddedOffice I-CUBE-FS-RTOS 1.0.1
2025-11-30 13:56:48,984 [INFO] ThirdParty:1030 - CMSIS Pack Vendor :STMicroelectronics lwIP 2.0.3
2025-11-30 13:56:48,984 [INFO] ThirdParty:1030 - CMSIS Pack Vendor :WES I-CUBE-Cesium 1.4.0
2025-11-30 13:56:48,984 [INFO] ThirdParty:1030 - CMSIS Pack Vendor :Cesanta I-CUBE-Mongoose 7.13.0
2025-11-30 13:56:48,984 [INFO] ThirdParty:1030 - CMSIS Pack Vendor :STMicroelectronics USB_HOST 1.0.0
2025-11-30 13:56:48,984 [INFO] ThirdParty:1030 - CMSIS Pack Vendor :Infineon AIROC-Wi-Fi-Bluetooth-STM32 1.7.1
2025-11-30 13:56:48,984 [INFO] ThirdParty:1030 - CMSIS Pack Vendor :STMicroelectronics X-CUBE-AZRTOS-G4 2.0.0
2025-11-30 13:56:48,984 [INFO] ThirdParty:1030 - CMSIS Pack Vendor :STMicroelectronics X-CUBE-WB05N 2.0.0
2025-11-30 13:56:48,984 [INFO] ThirdParty:1030 - CMSIS Pack Vendor :STMicroelectronics PDM2PCM 3.1.0
2025-11-30 13:56:48,984 [INFO] ThirdParty:1030 - CMSIS Pack Vendor :STMicroelectronics PDM2PCM 3.3.0
2025-11-30 13:56:48,984 [INFO] ThirdParty:1030 - CMSIS Pack Vendor :wolfSSL I-CUBE-wolfTPM 3.8.0
2025-11-30 13:56:48,985 [INFO] ThirdParty:1030 - CMSIS Pack Vendor :STMicroelectronics X-CUBE-AZRTOS-H7 3.4.0
2025-11-30 13:56:48,985 [INFO] ThirdParty:1030 - CMSIS Pack Vendor :STMicroelectronics X-CUBE-DISPLAY 3.0.0
2025-11-30 13:56:48,985 [INFO] ThirdParty:1030 - CMSIS Pack Vendor :wolfSSL I-CUBE-wolfSSH 1.4.20
2025-11-30 13:56:48,985 [INFO] ThirdParty:1030 - CMSIS Pack Vendor :STMicroelectronics X-CUBE-NFC7 2.0.0
2025-11-30 13:56:48,985 [INFO] ThirdParty:1030 - CMSIS Pack Vendor :STMicroelectronics X-CUBE-TCPP 4.2.0
2025-11-30 13:56:48,985 [INFO] ThirdParty:1030 - CMSIS Pack Vendor :RealThread X-CUBE-RT-Thread_Nano 4.1.1
2025-11-30 13:56:48,985 [INFO] ThirdParty:1030 - CMSIS Pack Vendor :STMicroelectronics FP-ATR-SIGFOX1 3.2.0
2025-11-30 13:56:48,985 [INFO] ThirdParty:1030 - CMSIS Pack Vendor :STMicroelectronics X-CUBE-NFC10 1.0.0
2025-11-30 13:56:48,985 [INFO] ThirdParty:1030 - CMSIS Pack Vendor :STMicroelectronics X-CUBE-FREERTOS 1.3.1
2025-11-30 13:56:48,985 [INFO] ThirdParty:1030 - CMSIS Pack Vendor :STMicroelectronics HAL Drivers 0.0.0
2025-11-30 13:56:48,985 [INFO] ThirdParty:1030 - CMSIS Pack Vendor :STMicroelectronics MBEDTLS 2.16.2
2025-11-30 13:56:48,985 [INFO] ThirdParty:1030 - CMSIS Pack Vendor :STMicroelectronics X-CUBE-ST60 1.1.0
2025-11-30 13:56:48,985 [INFO] ThirdParty:1030 - CMSIS Pack Vendor :STMicroelectronics X-CUBE-IPS 3.1.0
2025-11-30 13:56:48,985 [INFO] ThirdParty:1030 - CMSIS Pack Vendor :STMicroelectronics X-CUBE-ALS 1.0.2
2025-11-30 13:56:48,985 [INFO] ThirdParty:1030 - CMSIS Pack Vendor :emotas I-CUBE-CANOPEN 1.3.0
2025-11-30 13:56:48,985 [INFO] ThirdParty:1030 - CMSIS Pack Vendor :STMicroelectronics MBEDTLS 2.14.1
2025-11-30 13:56:48,985 [INFO] ThirdParty:1030 - CMSIS Pack Vendor :STMicroelectronics X-CUBE-GNSS1 7.1.0
2025-11-30 13:56:48,985 [INFO] ThirdParty:1030 - CMSIS Pack Vendor :ITTIA_DB I-CUBE-ITTIADB 8.9.0
2025-11-30 13:56:48,985 [INFO] ThirdParty:1030 - CMSIS Pack Vendor :STMicroelectronics X-CUBE-TOUCHGFX 4.26.0
2025-11-30 13:56:48,985 [INFO] ThirdParty:1030 - CMSIS Pack Vendor :STMicroelectronics X-CUBE-STSE01 1.0.0
2025-11-30 13:56:48,985 [INFO] ThirdParty:1030 - CMSIS Pack Vendor :STMicroelectronics X-CUBE-ST67W61 1.0.0
2025-11-30 13:56:48,985 [INFO] ThirdParty:1030 - CMSIS Pack Vendor :STMicroelectronics FP-SNS-STBOX1 2.1.0
2025-11-30 13:56:48,985 [INFO] ThirdParty:1030 - CMSIS Pack Vendor :STMicroelectronics X-CUBE-AI 10.2.0
2025-11-30 13:56:48,985 [INFO] ThirdParty:1030 - CMSIS Pack Vendor :STMicroelectronics FP-SNS-STAIOTCFT 1.0.0
2025-11-30 13:56:48,985 [INFO] ThirdParty:1030 - CMSIS Pack Vendor :STMicroelectronics ThreadX 1.0.0
2025-11-30 13:56:48,985 [INFO] ThirdParty:1030 - CMSIS Pack Vendor :STMicroelectronics FP-SNS-SMARTAG2 1.2.0
2025-11-30 13:56:48,985 [INFO] ThirdParty:1030 - CMSIS Pack Vendor :STMicroelectronics FP-SNS-FLIGHT1 5.1.0
2025-11-30 13:56:48,985 [INFO] ThirdParty:1030 - CMSIS Pack Vendor :STMicroelectronics X-CUBE-AZRTOS-WL 2.0.0
2025-11-30 13:56:48,985 [INFO] ThirdParty:1030 - CMSIS Pack Vendor :SEGGER I-CUBE-embOS 1.3.1
2025-11-30 13:56:48,986 [INFO] ThirdParty:1030 - CMSIS Pack Vendor :STMicroelectronics X-CUBE-ALGOBUILD 1.4.0
2025-11-30 13:56:48,986 [INFO] ThirdParty:1030 - CMSIS Pack Vendor :STMicroelectronics X-CUBE-DPower 1.3.0
2025-11-30 13:56:48,986 [INFO] ThirdParty:1030 - CMSIS Pack Vendor :STMicroelectronics X-CUBE-MEMS1 11.3.0
2025-11-30 13:56:48,986 [INFO] ThirdParty:1030 - CMSIS Pack Vendor :STMicroelectronics FP-SNS-MOTENV1 5.0.0
2025-11-30 13:56:48,986 [INFO] ThirdParty:1030 - CMSIS Pack Vendor :STMicroelectronics USB_DEVICE 1.0.0
2025-11-30 13:56:48,986 [INFO] ThirdParty:1030 - CMSIS Pack Vendor :STMicroelectronics X-CUBE-AZRTOS-H7RS 1.2.0
2025-11-30 13:56:48,986 [INFO] ThirdParty:1030 - CMSIS Pack Vendor :STMicroelectronics X-CUBE-AZRTOS-L4 2.0.0
2025-11-30 13:56:48,986 [INFO] ThirdParty:1030 - CMSIS Pack Vendor :STMicroelectronics ThreadX 0.0.2
2025-11-30 13:56:48,986 [INFO] ThirdParty:1030 - CMSIS Pack Vendor :STMicroelectronics lwIP 2.1.2
2025-11-30 13:56:48,986 [INFO] ThirdParty:1030 - CMSIS Pack Vendor :STMicroelectronics X-CUBE-SFXS2LP1 4.0.0
2025-11-30 13:56:48,986 [INFO] ThirdParty:1030 - CMSIS Pack Vendor :STMicroelectronics X-CUBE-BLE2 3.3.0
2025-11-30 13:56:48,986 [INFO] ThirdParty:1030 - CMSIS Pack Vendor :Avnet-IOTCONNECT X-CUBE-iotc-st67-sdk 1.0.0
2025-11-30 13:56:48,986 [INFO] ThirdParty:1030 - CMSIS Pack Vendor :STMicroelectronics X-CUBE-TOF1 3.4.3
2025-11-30 13:56:48,986 [INFO] ThirdParty:1030 - CMSIS Pack Vendor :STMicroelectronics PDM2PCM 3.2.0
2025-11-30 13:56:48,986 [INFO] ThirdParty:841 - exiting critical section [change project]
2025-11-30 13:56:49,397 [INFO] PinOutPanel:1589 - setPackage(No Configuration,No Configuration)
2025-11-30 13:56:49,399 [INFO] PinOutPanel:1589 - setPackage(STM32L476RGTx,LQFP64)
2025-11-30 13:56:50,069 [INFO] UtilMem:75 - Before build in PCC Used Memory: 304164376 Bytes (357564416)
2025-11-30 13:56:51,091 [INFO] UtilMem:75 - After build in PCC Used Memory: 276297048 Bytes (357564416)
2025-11-30 13:56:51,257 [INFO] ApiDbMcu:532 - Load IP Config File for FREERTOS
2025-11-30 13:56:51,287 [INFO] IPUIPlugin:80 - create IPUIPlugin
2025-11-30 13:56:51,287 [INFO] IPUIPlugin:80 - create IPUIPlugin
2025-11-30 13:56:51,287 [INFO] IPUIPlugin:80 - create IPUIPlugin
2025-11-30 13:56:51,287 [INFO] IPUIPlugin:80 - create IPUIPlugin
2025-11-30 13:56:51,287 [INFO] IPUIPlugin:80 - create IPUIPlugin
2025-11-30 13:56:51,287 [INFO] IPUIPlugin:80 - create IPUIPlugin
2025-11-30 13:56:51,287 [INFO] IPUIPlugin:80 - create IPUIPlugin
2025-11-30 13:56:51,287 [INFO] IPUIPlugin:80 - create IPUIPlugin
2025-11-30 13:56:51,287 [INFO] IPUIPlugin:80 - create IPUIPlugin
2025-11-30 13:56:51,287 [INFO] IPUIPlugin:80 - create IPUIPlugin
2025-11-30 13:56:51,287 [INFO] IPUIPlugin:80 - create IPUIPlugin
2025-11-30 13:56:51,288 [INFO] IPUIPlugin:80 - create IPUIPlugin
2025-11-30 13:56:51,288 [INFO] IPUIPlugin:80 - create IPUIPlugin
2025-11-30 13:56:51,288 [INFO] IPUIPlugin:80 - create IPUIPlugin
2025-11-30 13:56:51,288 [INFO] IPUIPlugin:80 - create IPUIPlugin
2025-11-30 13:56:51,288 [INFO] IPUIPlugin:80 - create IPUIPlugin
2025-11-30 13:56:51,288 [INFO] IPUIPlugin:80 - create IPUIPlugin
2025-11-30 13:56:51,288 [INFO] IPUIPlugin:80 - create IPUIPlugin
2025-11-30 13:56:51,288 [INFO] IPUIPlugin:80 - create IPUIPlugin
2025-11-30 13:56:51,289 [INFO] IPUIPlugin:80 - create IPUIPlugin
2025-11-30 13:56:51,289 [INFO] IPUIPlugin:80 - create IPUIPlugin
2025-11-30 13:56:51,289 [INFO] IPUIPlugin:80 - create IPUIPlugin
2025-11-30 13:56:51,289 [INFO] IPUIPlugin:80 - create IPUIPlugin
2025-11-30 13:56:51,289 [INFO] IPUIPlugin:80 - create IPUIPlugin
2025-11-30 13:56:51,289 [INFO] IPUIPlugin:80 - create IPUIPlugin
2025-11-30 13:56:51,289 [INFO] IPUIPlugin:80 - create IPUIPlugin
2025-11-30 13:56:51,290 [INFO] IPUIPlugin:80 - create IPUIPlugin
2025-11-30 13:56:51,290 [INFO] IPUIPlugin:80 - create IPUIPlugin
2025-11-30 13:56:51,290 [INFO] IPUIPlugin:80 - create IPUIPlugin
2025-11-30 13:56:51,290 [INFO] IPUIPlugin:80 - create IPUIPlugin
2025-11-30 13:56:51,290 [INFO] IPUIPlugin:80 - create IPUIPlugin
2025-11-30 13:56:51,290 [INFO] IPUIPlugin:80 - create IPUIPlugin
2025-11-30 13:56:51,291 [INFO] IPUIPlugin:80 - create IPUIPlugin
2025-11-30 13:56:51,291 [INFO] IPUIPlugin:80 - create IPUIPlugin
2025-11-30 13:56:51,291 [INFO] IPUIPlugin:80 - create IPUIPlugin
2025-11-30 13:56:51,291 [INFO] IPUIPlugin:80 - create IPUIPlugin
2025-11-30 13:56:51,292 [INFO] IPUIPlugin:80 - create IPUIPlugin
2025-11-30 13:56:51,292 [INFO] IPUIPlugin:80 - create IPUIPlugin
2025-11-30 13:56:51,292 [INFO] IPUIPlugin:80 - create IPUIPlugin
2025-11-30 13:56:51,292 [INFO] IPUIPlugin:80 - create IPUIPlugin
2025-11-30 13:56:51,292 [INFO] IPUIPlugin:80 - create IPUIPlugin
2025-11-30 13:56:51,293 [INFO] IPUIPlugin:80 - create IPUIPlugin
2025-11-30 13:56:51,293 [INFO] IPUIPlugin:80 - create IPUIPlugin
2025-11-30 13:56:51,293 [INFO] IPUIPlugin:80 - create IPUIPlugin
2025-11-30 13:56:51,293 [INFO] IPUIPlugin:80 - create IPUIPlugin
2025-11-30 13:56:51,293 [INFO] IPUIPlugin:80 - create IPUIPlugin
2025-11-30 13:56:51,294 [INFO] IPUIPlugin:80 - create IPUIPlugin
2025-11-30 13:56:51,294 [INFO] IPUIPlugin:80 - create IPUIPlugin
2025-11-30 13:56:51,294 [INFO] IPUIPlugin:80 - create IPUIPlugin
2025-11-30 13:56:51,294 [INFO] IPUIPlugin:80 - create IPUIPlugin
2025-11-30 13:56:51,295 [INFO] IPUIPlugin:80 - create IPUIPlugin
2025-11-30 13:56:51,295 [INFO] IPUIPlugin:80 - create IPUIPlugin
2025-11-30 13:56:51,295 [INFO] IPUIPlugin:80 - create IPUIPlugin
2025-11-30 13:56:51,295 [INFO] IPUIPlugin:80 - create IPUIPlugin
2025-11-30 13:56:51,295 [INFO] IPUIPlugin:80 - create IPUIPlugin
2025-11-30 13:56:51,296 [INFO] IPUIPlugin:80 - create IPUIPlugin
2025-11-30 13:56:51,296 [INFO] IPUIPlugin:80 - create IPUIPlugin
2025-11-30 13:56:51,296 [INFO] IPUIPlugin:80 - create IPUIPlugin
2025-11-30 13:56:51,296 [INFO] IPUIPlugin:80 - create IPUIPlugin
2025-11-30 13:56:51,346 [WARN] FreeRTOS:1023 - Null or empty value: should not occur! (nothing added to the table)
2025-11-30 13:56:51,542 [INFO] CADModel:165 - CPN selected for project levelSTM32L476RGT3
2025-11-30 13:56:51,543 [INFO] CADModel:114 - Register for checkConnection events
2025-11-30 13:56:51,544 [INFO] RtosManager:728 - Active RTOS found at IOC load: FREERTOS [Cortex-M4NS]
2025-11-30 13:56:51,593 [INFO] OpenFileManager:386 - Restore cursor
2025-11-30 19:39:08,259 [INFO] Activator:176 - 


2025-11-30 19:39:08,272 [INFO] Activator:177 - !SESSION log4j initialized
2025-11-30 19:39:15,254 [INFO] LogOutputStream:77 - [STDOUT_REDIRECT] 
2025-11-30 19:39:31,433 [INFO] ApplicationProperties:184 - Using Application install path: C:\ST\STM32CubeIDE_1.19.0\STM32CubeIDE\plugins\com.st.stm32cube.common.mx_6.15.0.202507011659
2025-11-30 19:39:31,455 [INFO] DbMcusXml:78 - Set database path to: C:\ST\STM32CubeIDE_1.19.0\STM32CubeIDE\plugins\com.st.stm32cube.common.mx_6.15.0.202507011659\\db\/mcu/
2025-11-30 19:39:31,456 [INFO] ApiDb:274 - Set plugin database path to: C:\ST\STM32CubeIDE_1.19.0\STM32CubeIDE\plugins\com.st.stm32cube.common.mx_6.15.0.202507011659\\db\/plugins/boardmanager/
2025-11-30 19:39:31,456 [WARN] ApiDb:259 - Overriding images path with different value:  => C:\ST\STM32CubeIDE_1.19.0\STM32CubeIDE\plugins\com.st.stm32cube.common.mx_6.15.0.202507011659\\db\/plugins/mcufinder/images/
2025-11-30 19:39:31,467 [INFO] ApiDb:250 - Set database path to: C:\Users\user\.stmcufinder\plugins\mcufinder//mcu/
2025-11-30 19:39:31,468 [INFO] DbMcusAds:125 - Set database path to: C:\Users\user\.stmcufinder\plugins\mcufinder//mcu/
2025-11-30 19:39:31,477 [INFO] CrossReferenceDbSqlite:203 - Set database path to: C:\Users\user\.stmcufinder\plugins\mcufinder//mcu/cs/
2025-11-30 19:39:31,596 [INFO] RulesReader:64 - Compatibility file has been processed (317 Rules)
2025-11-30 19:39:31,707 [INFO] DbMcusXml:78 - Set database path to: C:\ST\STM32CubeIDE_1.19.0\STM32CubeIDE\plugins\com.st.stm32cube.common.mx_6.15.0.202507011659\\db\/mcu/
2025-11-30 19:39:31,707 [INFO] ApiDb:274 - Set plugin database path to: C:\ST\STM32CubeIDE_1.19.0\STM32CubeIDE\plugins\com.st.stm32cube.common.mx_6.15.0.202507011659\\db\/plugins/boardmanager/
2025-11-30 19:39:31,707 [INFO] ApiDb:261 - Set plugin images path to: C:\ST\STM32CubeIDE_1.19.0\STM32CubeIDE\plugins\com.st.stm32cube.common.mx_6.15.0.202507011659\\db\/plugins/mcufinder/images/
2025-11-30 19:39:31,707 [WARN] DbFile:41 - Overriding database path with different value: C:\Users\user\.stmcufinder\plugins\mcufinder/ => C:\Users\user\.stmcufinder\plugins\mcufinder
2025-11-30 19:39:31,707 [INFO] ApiDb:250 - Set database path to: C:\Users\user\.stmcufinder\plugins\mcufinder//mcu/
2025-11-30 19:39:31,707 [WARN] DbFile:41 - Overriding database path with different value: C:\Users\user\.stmcufinder\plugins\mcufinder/ => C:\Users\user\.stmcufinder\plugins\mcufinder
2025-11-30 19:39:31,707 [INFO] DbMcusAds:125 - Set database path to: C:\Users\user\.stmcufinder\plugins\mcufinder//mcu/
2025-11-30 19:39:31,708 [WARN] DbFile:41 - Overriding database path with different value: C:\Users\user\.stmcufinder\plugins\mcufinder/ => C:\Users\user\.stmcufinder\plugins\mcufinder
2025-11-30 19:39:31,708 [WARN] DbFile:41 - Overriding database path with different value: C:\Users\user\.stmcufinder\plugins\mcufinder/ => C:\Users\user\.stmcufinder\plugins\mcufinder
2025-11-30 19:39:31,708 [INFO] CrossReferenceDbSqlite:203 - Set database path to: C:\Users\user\.stmcufinder\plugins\mcufinder//mcu/cs/
2025-11-30 19:39:31,778 [INFO] MainPanel:274 - HeapMemory: 268435456
2025-11-30 19:39:31,903 [INFO] DbMcusXml:78 - Set database path to: C:\ST\STM32CubeIDE_1.19.0\STM32CubeIDE\plugins\com.st.stm32cube.common.mx_6.15.0.202507011659\\db\/mcu/
2025-11-30 19:39:31,903 [INFO] ApiDb:274 - Set plugin database path to: C:\ST\STM32CubeIDE_1.19.0\STM32CubeIDE\plugins\com.st.stm32cube.common.mx_6.15.0.202507011659\\db\/plugins/boardmanager/
2025-11-30 19:39:31,903 [INFO] ApiDb:261 - Set plugin images path to: C:\ST\STM32CubeIDE_1.19.0\STM32CubeIDE\plugins\com.st.stm32cube.common.mx_6.15.0.202507011659\\db\/plugins/mcufinder/images/
2025-11-30 19:39:31,904 [WARN] DbFile:41 - Overriding database path with different value: C:\Users\user\.stmcufinder\plugins\mcufinder/ => C:\Users\user\.stmcufinder\plugins\mcufinder
2025-11-30 19:39:31,904 [INFO] ApiDb:250 - Set database path to: C:\Users\user\.stmcufinder\plugins\mcufinder//mcu/
2025-11-30 19:39:31,904 [WARN] DbFile:41 - Overriding database path with different value: C:\Users\user\.stmcufinder\plugins\mcufinder/ => C:\Users\user\.stmcufinder\plugins\mcufinder
2025-11-30 19:39:31,904 [INFO] DbMcusAds:125 - Set database path to: C:\Users\user\.stmcufinder\plugins\mcufinder//mcu/
2025-11-30 19:39:31,904 [WARN] DbFile:41 - Overriding database path with different value: C:\Users\user\.stmcufinder\plugins\mcufinder/ => C:\Users\user\.stmcufinder\plugins\mcufinder
2025-11-30 19:39:31,904 [WARN] DbFile:41 - Overriding database path with different value: C:\Users\user\.stmcufinder\plugins\mcufinder/ => C:\Users\user\.stmcufinder\plugins\mcufinder
2025-11-30 19:39:31,904 [INFO] CrossReferenceDbSqlite:203 - Set database path to: C:\Users\user\.stmcufinder\plugins\mcufinder//mcu/cs/
2025-11-30 19:39:31,920 [INFO] ApplicationProperties:184 - Using Application install path: C:\ST\STM32CubeIDE_1.19.0\STM32CubeIDE\plugins\com.st.stm32cube.common.mx_6.15.0.202507011659
2025-11-30 19:39:31,921 [INFO] PluginManage:196 - Search for loadable plugins [exclusion list=, ]
2025-11-30 19:39:31,922 [INFO] PluginManage:310 - Check plugin analytics
2025-11-30 19:39:32,153 [INFO] AnalyticsPlugin:253 - Accepted Software Licenses: 
2025-11-30 19:39:32,153 [INFO] AnalyticsPlugin:255 - Accepted CMSIS Pack Licenses: 
2025-11-30 19:39:32,153 [INFO] AnalyticsPlugin:257 - Accepted Firmware Licenses: FW.L4.1.18.0
2025-11-30 19:39:32,158 [INFO] PluginManage:359 - Loaded plugin analytics (category:tool,tabindex:-1)
2025-11-30 19:39:32,159 [INFO] PluginManage:310 - Check plugin cadmodel
2025-11-30 19:39:32,170 [INFO] CADModel:105 - Init CAD model plugin
2025-11-30 19:39:32,170 [INFO] PluginManage:359 - Loaded plugin cadmodel (category:power,tabindex:5)
2025-11-30 19:39:32,171 [INFO] PluginManage:310 - Check plugin clock
2025-11-30 19:39:32,186 [INFO] PluginManage:359 - Loaded plugin clock (category:base,tabindex:2)
2025-11-30 19:39:32,186 [INFO] PluginManage:310 - Check plugin ddr
2025-11-30 19:39:32,190 [INFO] PluginManage:359 - Loaded plugin ddr (category:tool,tabindex:6)
2025-11-30 19:39:32,190 [INFO] PluginManage:310 - Check plugin filemanager
2025-11-30 19:39:32,339 [INFO] PluginManage:359 - Loaded plugin filemanager (category:base,tabindex:10)
2025-11-30 19:39:32,339 [INFO] PluginManage:310 - Check plugin ipmanager
2025-11-30 19:39:32,345 [INFO] PluginManage:359 - Loaded plugin ipmanager (category:base,tabindex:5)
2025-11-30 19:39:32,346 [INFO] PluginManage:310 - Check plugin lpbam
2025-11-30 19:39:32,364 [INFO] PluginManage:359 - Loaded plugin lpbam (category:base,tabindex:0)
2025-11-30 19:39:32,364 [INFO] PluginManage:310 - Check plugin memorymap
2025-11-30 19:39:32,385 [INFO] PluginManage:359 - Loaded plugin memorymap (category:base,tabindex:4)
2025-11-30 19:39:32,385 [INFO] PluginManage:310 - Check plugin pinoutandconfiguration
2025-11-30 19:39:32,397 [INFO] PluginManage:359 - Loaded plugin pinoutandconfiguration (category:base,tabindex:1)
2025-11-30 19:39:32,397 [INFO] PluginManage:310 - Check plugin pinoutconfig
2025-11-30 19:39:32,479 [WARN] SupportedApi:132 - Cannot load RTOS API schema: s4s-elt-must-match.1: The content of 'definitions' must match (annotation?, (simpleType | complexType)?, (unique | key | keyref)*)). A problem was found starting at: attribute.
2025-11-30 19:39:32,607 [INFO] PluginManage:359 - Loaded plugin pinoutconfig (category:base,tabindex:0)
2025-11-30 19:39:32,607 [INFO] PluginManage:310 - Check plugin power
2025-11-30 19:39:32,619 [INFO] PluginManage:359 - Loaded plugin power (category:power,tabindex:4)
2025-11-30 19:39:32,620 [INFO] PluginManage:310 - Check plugin projectmanager
2025-11-30 19:39:32,638 [INFO] PluginManage:359 - Loaded plugin projectmanager (category:projectmanager,tabindex:4)
2025-11-30 19:39:32,639 [INFO] PluginManage:310 - Check plugin rif
2025-11-30 19:39:32,651 [INFO] PluginManage:359 - Loaded plugin rif (category:base,tabindex:3)
2025-11-30 19:39:32,652 [INFO] PluginManage:310 - Check plugin thirdparty
2025-11-30 19:39:32,796 [WARN] IntegrityCheckThread:84 - waiting for thirdparty lock release [integrity check]
2025-11-30 19:39:32,796 [INFO] IntegrityCheckThread:86 - entering critical section [integrity check]
2025-11-30 19:39:32,797 [INFO] ThirdPartyUpdaterWithRetryManager:70 - Updater plugin not ready yet. [1/15]
2025-11-30 19:39:32,797 [INFO] PluginManage:359 - Loaded plugin thirdparty (category:base,tabindex:-1)
2025-11-30 19:39:32,797 [INFO] PluginManage:310 - Check plugin tools
2025-11-30 19:39:32,802 [INFO] PluginManage:359 - Loaded plugin tools (category:base,tabindex:7)
2025-11-30 19:39:32,802 [INFO] PluginManage:310 - Check plugin tutovideos
2025-11-30 19:39:33,011 [INFO] PluginManage:359 - Loaded plugin tutovideos (category:base,tabindex:-1)
2025-11-30 19:39:33,011 [INFO] PluginManage:310 - Check plugin updater
2025-11-30 19:39:33,035 [INFO] PluginManage:359 - Loaded plugin updater (category:base,tabindex:12)
2025-11-30 19:39:33,035 [INFO] PluginManage:310 - Check plugin userauth
2025-11-30 19:39:33,040 [INFO] UserAuth:118 - Init User Auth plugin
2025-11-30 19:39:33,041 [INFO] PluginManage:359 - Loaded plugin userauth (category:base,tabindex:14)
2025-11-30 19:39:33,041 [INFO] PluginManage:283 - PluginManage : Loaded plugins [18]
2025-11-30 19:39:33,277 [INFO] PinOutPanel:1589 - setPackage(No Configuration,No Configuration)
2025-11-30 19:39:33,357 [INFO] CADModel:165 - CPN selected for project level
2025-11-30 19:39:33,357 [INFO] CADModel:114 - Register for checkConnection events
2025-11-30 19:39:33,373 [INFO] IPUIPlugin:80 - create IPUIPlugin
2025-11-30 19:39:33,373 [INFO] PluginManager:220 - loadIPPluginJar : add adc
2025-11-30 19:39:33,376 [INFO] IPUIPlugin:80 - create IPUIPlugin
2025-11-30 19:39:33,376 [INFO] PluginManager:220 - loadIPPluginJar : add aes
2025-11-30 19:39:33,378 [INFO] IPUIPlugin:80 - create IPUIPlugin
2025-11-30 19:39:33,378 [INFO] PluginManager:220 - loadIPPluginJar : add can
2025-11-30 19:39:33,380 [INFO] IPUIPlugin:80 - create IPUIPlugin
2025-11-30 19:39:33,380 [INFO] PluginManager:220 - loadIPPluginJar : add comp
2025-11-30 19:39:33,383 [INFO] IPUIPlugin:80 - create IPUIPlugin
2025-11-30 19:39:33,383 [INFO] PluginManager:220 - loadIPPluginJar : add cryp
2025-11-30 19:39:33,386 [INFO] IPUIPlugin:80 - create IPUIPlugin
2025-11-30 19:39:33,386 [INFO] PluginManager:220 - loadIPPluginJar : add ddr_ctrl_phy
2025-11-30 19:39:33,388 [INFO] IPUIPlugin:80 - create IPUIPlugin
2025-11-30 19:39:33,388 [INFO] PluginManager:220 - loadIPPluginJar : add dfsdm
2025-11-30 19:39:33,393 [INFO] IPUIPlugin:80 - create IPUIPlugin
2025-11-30 19:39:33,393 [INFO] PluginManager:220 - loadIPPluginJar : add dma
2025-11-30 19:39:33,395 [INFO] IPUIPlugin:80 - create IPUIPlugin
2025-11-30 19:39:33,396 [INFO] PluginManager:220 - loadIPPluginJar : add dma3
2025-11-30 19:39:33,398 [INFO] IPUIPlugin:80 - create IPUIPlugin
2025-11-30 19:39:33,398 [INFO] PluginManager:220 - loadIPPluginJar : add extmemmanager
2025-11-30 19:39:33,399 [INFO] IPUIPlugin:80 - create IPUIPlugin
2025-11-30 19:39:33,399 [INFO] PluginManager:220 - loadIPPluginJar : add fatfs
2025-11-30 19:39:33,403 [INFO] IPUIPlugin:80 - create IPUIPlugin
2025-11-30 19:39:33,403 [INFO] PluginManager:220 - loadIPPluginJar : add fmc
2025-11-30 19:39:33,409 [INFO] IPUIPlugin:80 - create IPUIPlugin
2025-11-30 19:39:33,409 [INFO] PluginManager:220 - loadIPPluginJar : add freertos
2025-11-30 19:39:33,411 [INFO] IPUIPlugin:80 - create IPUIPlugin
2025-11-30 19:39:33,411 [INFO] PluginManager:220 - loadIPPluginJar : add genericplugin
2025-11-30 19:39:33,413 [INFO] IPUIPlugin:80 - create IPUIPlugin
2025-11-30 19:39:33,413 [INFO] PluginManager:220 - loadIPPluginJar : add gfxmmu
2025-11-30 19:39:33,418 [INFO] IPUIPlugin:80 - create IPUIPlugin
2025-11-30 19:39:33,418 [INFO] PluginManager:220 - loadIPPluginJar : add gic
2025-11-30 19:39:33,423 [INFO] IPUIPlugin:80 - create IPUIPlugin
2025-11-30 19:39:33,424 [INFO] PluginManager:220 - loadIPPluginJar : add gpio
2025-11-30 19:39:33,427 [INFO] IPUIPlugin:80 - create IPUIPlugin
2025-11-30 19:39:33,428 [INFO] PluginManager:220 - loadIPPluginJar : add gtzc
2025-11-30 19:39:33,430 [INFO] IPUIPlugin:80 - create IPUIPlugin
2025-11-30 19:39:33,430 [INFO] PluginManager:220 - loadIPPluginJar : add hash
2025-11-30 19:39:33,433 [INFO] IPUIPlugin:80 - create IPUIPlugin
2025-11-30 19:39:33,434 [INFO] PluginManager:220 - loadIPPluginJar : add i2c
2025-11-30 19:39:33,437 [INFO] IPUIPlugin:80 - create IPUIPlugin
2025-11-30 19:39:33,437 [INFO] PluginManager:220 - loadIPPluginJar : add i2s
2025-11-30 19:39:33,440 [INFO] IPUIPlugin:80 - create IPUIPlugin
2025-11-30 19:39:33,441 [INFO] PluginManager:220 - loadIPPluginJar : add i3c
2025-11-30 19:39:33,444 [INFO] IPUIPlugin:80 - create IPUIPlugin
2025-11-30 19:39:33,445 [INFO] PluginManager:220 - loadIPPluginJar : add ipddr
2025-11-30 19:39:33,451 [INFO] IPUIPlugin:80 - create IPUIPlugin
2025-11-30 19:39:33,451 [INFO] PluginManager:220 - loadIPPluginJar : add linkedlist
2025-11-30 19:39:33,456 [INFO] IPUIPlugin:80 - create IPUIPlugin
2025-11-30 19:39:33,456 [INFO] PluginManager:220 - loadIPPluginJar : add lorawan
2025-11-30 19:39:33,459 [INFO] IPUIPlugin:80 - create IPUIPlugin
2025-11-30 19:39:33,459 [INFO] PluginManager:220 - loadIPPluginJar : add ltdc
2025-11-30 19:39:33,465 [INFO] IPUIPlugin:80 - create IPUIPlugin
2025-11-30 19:39:33,465 [INFO] PluginManager:220 - loadIPPluginJar : add mdma
2025-11-30 19:39:33,469 [INFO] IPUIPlugin:80 - create IPUIPlugin
2025-11-30 19:39:33,469 [INFO] PluginManager:220 - loadIPPluginJar : add nvic
2025-11-30 19:39:33,472 [INFO] IPUIPlugin:80 - create IPUIPlugin
2025-11-30 19:39:33,473 [INFO] PluginManager:220 - loadIPPluginJar : add opamp
2025-11-30 19:39:33,476 [INFO] IPUIPlugin:80 - create IPUIPlugin
2025-11-30 19:39:33,476 [INFO] PluginManager:220 - loadIPPluginJar : add openamp
2025-11-30 19:39:33,480 [INFO] IPUIPlugin:80 - create IPUIPlugin
2025-11-30 19:39:33,480 [INFO] PluginManager:220 - loadIPPluginJar : add pdm2pcm
2025-11-30 19:39:33,486 [INFO] IPUIPlugin:80 - create IPUIPlugin
2025-11-30 19:39:33,487 [INFO] PluginManager:220 - loadIPPluginJar : add plateformsettings
2025-11-30 19:39:33,489 [INFO] IPUIPlugin:80 - create IPUIPlugin
2025-11-30 19:39:33,489 [INFO] PluginManager:220 - loadIPPluginJar : add quadspi
2025-11-30 19:39:33,491 [INFO] IPUIPlugin:80 - create IPUIPlugin
2025-11-30 19:39:33,492 [INFO] PluginManager:220 - loadIPPluginJar : add radio
2025-11-30 19:39:33,497 [INFO] IPUIPlugin:80 - create IPUIPlugin
2025-11-30 19:39:33,497 [INFO] PluginManager:220 - loadIPPluginJar : add resmgrutility
2025-11-30 19:39:33,500 [INFO] IPUIPlugin:80 - create IPUIPlugin
2025-11-30 19:39:33,500 [INFO] PluginManager:220 - loadIPPluginJar : add sai
2025-11-30 19:39:33,503 [INFO] IPUIPlugin:80 - create IPUIPlugin
2025-11-30 19:39:33,503 [INFO] PluginManager:220 - loadIPPluginJar : add spi
2025-11-30 19:39:33,509 [INFO] IPUIPlugin:80 - create IPUIPlugin
2025-11-30 19:39:33,509 [INFO] PluginManager:220 - loadIPPluginJar : add stm32_wpan
2025-11-30 19:39:33,511 [INFO] IPUIPlugin:80 - create IPUIPlugin
2025-11-30 19:39:33,511 [INFO] PluginManager:220 - loadIPPluginJar : add tim
2025-11-30 19:39:33,515 [INFO] IPUIPlugin:80 - create IPUIPlugin
2025-11-30 19:39:33,515 [INFO] PluginManager:220 - loadIPPluginJar : add touchsensing
2025-11-30 19:39:33,517 [INFO] IPUIPlugin:80 - create IPUIPlugin
2025-11-30 19:39:33,518 [INFO] PluginManager:220 - loadIPPluginJar : add tracer_emb
2025-11-30 19:39:33,520 [INFO] IPUIPlugin:80 - create IPUIPlugin
2025-11-30 19:39:33,520 [INFO] PluginManager:220 - loadIPPluginJar : add ts
2025-11-30 19:39:33,522 [INFO] IPUIPlugin:80 - create IPUIPlugin
2025-11-30 19:39:33,522 [INFO] PluginManager:220 - loadIPPluginJar : add tsc
2025-11-30 19:39:33,524 [INFO] IPUIPlugin:80 - create IPUIPlugin
2025-11-30 19:39:33,524 [INFO] PluginManager:220 - loadIPPluginJar : add ucpd
2025-11-30 19:39:33,528 [INFO] IPUIPlugin:80 - create IPUIPlugin
2025-11-30 19:39:33,528 [INFO] PluginManager:220 - loadIPPluginJar : add usart
2025-11-30 19:39:33,532 [INFO] IPUIPlugin:80 - create IPUIPlugin
2025-11-30 19:39:33,532 [INFO] PluginManager:220 - loadIPPluginJar : add usbx
2025-11-30 19:39:33,653 [FATAL] Updater:351 - Updater called before beeing initialized
2025-11-30 19:39:33,706 [INFO] RulesReader:64 - Compatibility file has been processed (317 Rules)
2025-11-30 19:39:33,725 [INFO] RulesReader:64 - Compatibility file has been processed (317 Rules)
2025-11-30 19:39:33,738 [INFO] CADModel:165 - CPN selected for project level
2025-11-30 19:39:33,739 [INFO] CADModel:114 - Register for checkConnection events
2025-11-30 19:39:33,739 [FATAL] Updater:351 - Updater called before beeing initialized
2025-11-30 19:39:33,739 [ERROR] CADModel:125 - Updater not yet initialized, retry later 
2025-11-30 19:39:33,925 [FATAL] Updater:351 - Updater called before beeing initialized
2025-11-30 19:39:33,928 [INFO] CADModel:165 - CPN selected for project level
2025-11-30 19:39:33,928 [INFO] CADModel:114 - Register for checkConnection events
2025-11-30 19:39:33,928 [FATAL] Updater:351 - Updater called before beeing initialized
2025-11-30 19:39:33,928 [ERROR] CADModel:125 - Updater not yet initialized, retry later 
2025-11-30 19:39:33,931 [FATAL] Updater:351 - Updater called before beeing initialized
2025-11-30 19:39:34,087 [FATAL] Updater:351 - Updater called before beeing initialized
2025-11-30 19:39:34,101 [INFO] DbMcusAds:53 - JSON generation date=Mon Nov 10 18:43:00 CST 2025 (1762771380761)
2025-11-30 19:39:34,101 [FATAL] Updater:351 - Updater called before beeing initialized
2025-11-30 19:39:34,162 [WARN] DetailPanel:346 - Failed to get advertising image, set to default
2025-11-30 19:39:34,238 [FATAL] Updater:351 - Updater called before beeing initialized
2025-11-30 19:39:34,239 [FATAL] Updater:351 - Updater called before beeing initialized
2025-11-30 19:39:34,239 [FATAL] Updater:351 - Updater called before beeing initialized
2025-11-30 19:39:34,239 [WARN] DetailPanel:346 - Failed to get advertising image, set to default
2025-11-30 19:39:34,240 [FATAL] Updater:351 - Updater called before beeing initialized
2025-11-30 19:39:34,289 [ERROR] Updater:1198 - MainUpdater not yet initialized. External WinMGr cannot be set.
2025-11-30 19:39:34,292 [INFO] Updater:1134 - Updater Version found : 6.15.0
2025-11-30 19:39:34,308 [INFO] ApplicationProperties:184 - Using Application install path: C:\ST\STM32CubeIDE_1.19.0\STM32CubeIDE\plugins\com.st.stm32cube.common.mx_6.15.0.202507011659
2025-11-30 19:39:35,798 [INFO] ThirdPartyUpdaterWithRetryManager:70 - Updater plugin not ready yet. [2/15]
2025-11-30 19:39:35,889 [ERROR] LogOutputStream:75 - [STDERR_REDIRECT] Nov 30, 2025 7:39:35 PM java.util.prefs.WindowsPreferences <init>
2025-11-30 19:39:35,891 [ERROR] LogOutputStream:75 - [STDERR_REDIRECT] WARNING: Could not open/create prefs root node Software\JavaSoft\Prefs at root 0xffffffff80000002. Windows RegCreateKeyEx(...) returned error code 5.
2025-11-30 19:39:35,891 [ERROR] LogOutputStream:75 - [STDERR_REDIRECT] 
2025-11-30 19:39:36,344 [INFO] MainUpdater:2872 - connection check result : 10
2025-11-30 19:39:36,344 [INFO] MainUpdater:289 - Updater Check For Update Now.
2025-11-30 19:39:36,344 [INFO] MicroXplorer:498 - Change Database Version : DB.6.0.150
2025-11-30 19:39:36,369 [INFO] McuFinderGlobals:63 - Set McuFinder mode to 2 (CubeIDE integrated)
2025-11-30 19:39:36,369 [INFO] UserAuth:171 - activating auth plugin
2025-11-30 19:39:36,371 [INFO] UserAuth:487 - Internet connection configuration mode: 1
2025-11-30 19:39:36,425 [INFO] JxBrowserEngine:152 - Initiate JxBrowser Engine with user profile folder
2025-11-30 19:39:36,568 [INFO] CheckServerUpdateThread:120 - End of CheckServer Thread
2025-11-30 19:39:38,624 [INFO] WebApp:169 - Instantiating new browser for Auth
2025-11-30 19:39:39,311 [WARN] PackLoader:240 - Cannot read IP mode file for STMicroelectronics.FP-SNS-MOTENVWB1.1.4.0
2025-11-30 19:39:39,319 [WARN] PackLoader:240 - Cannot read IP mode file for STMicroelectronics.FP-ATR-ASTRA1.2.0.2
2025-11-30 19:39:39,327 [WARN] PackLoader:240 - Cannot read IP mode file for STMicroelectronics.X-CUBE-SMBUS.2.1.0
2025-11-30 19:39:39,332 [WARN] PackLoader:240 - Cannot read IP mode file for STMicroelectronics.X-CUBE-ST60.1.0.0
2025-11-30 19:39:39,369 [WARN] PackLoader:240 - Cannot read IP mode file for STMicroelectronics.X-CUBE-AZRTOS-F7.1.1.0
2025-11-30 19:39:39,379 [WARN] PackLoader:240 - Cannot read IP mode file for STMicroelectronics.FP-SNS-MOTENV1.5.1.0
2025-11-30 19:39:39,393 [WARN] PackLoader:240 - Cannot read IP mode file for WES.I-CUBE-Cesium.1.4.0
2025-11-30 19:39:39,427 [WARN] PackLoader:240 - Cannot read IP mode file for Infineon.AIROC-Wi-Fi-Bluetooth-STM32.1.7.1
2025-11-30 19:39:39,454 [WARN] PackLoader:240 - Cannot read IP mode file for STMicroelectronics.X-CUBE-AZRTOS-H7.3.4.0
2025-11-30 19:39:39,466 [WARN] PackLoader:240 - Cannot read IP mode file for STMicroelectronics.X-CUBE-DISPLAY.3.0.0
2025-11-30 19:39:39,483 [WARN] PackLoader:240 - Cannot read IP mode file for STMicroelectronics.X-CUBE-NFC10.1.0.0
2025-11-30 19:39:39,491 [WARN] PackLoader:240 - Cannot read IP mode file for STMicroelectronics.X-CUBE-ST60.1.1.0
2025-11-30 19:39:39,499 [WARN] PackLoader:240 - Cannot read IP mode file for emotas.I-CUBE-CANOPEN.1.3.0
2025-11-30 19:39:39,505 [WARN] PackLoader:240 - Cannot read IP mode file for STMicroelectronics.X-CUBE-GNSS1.7.1.0
2025-11-30 19:39:39,516 [WARN] PackLoader:240 - Cannot read IP mode file for STMicroelectronics.FP-SNS-STBOX1.2.1.0
2025-11-30 19:39:39,523 [WARN] PackLoader:240 - Cannot read IP mode file for STMicroelectronics.FP-SNS-SMARTAG2.1.2.0
2025-11-30 19:39:39,528 [WARN] PackLoader:240 - Cannot read IP mode file for STMicroelectronics.FP-SNS-FLIGHT1.5.1.0
2025-11-30 19:39:39,541 [INFO] LogOutputStream:77 - [STDOUT_REDIRECT] 1 : Invalid condition id : UX_CORESTACK_Condition cause : null
2025-11-30 19:39:39,542 [INFO] LogOutputStream:77 - [STDOUT_REDIRECT] 1 : Invalid condition id : UX_CORESTACK_Condition cause : null
2025-11-30 19:39:39,544 [INFO] LogOutputStream:77 - [STDOUT_REDIRECT] 1 : Invalid condition id : UX_CORESTACK_Condition cause : null
2025-11-30 19:39:39,547 [INFO] LogOutputStream:77 - [STDOUT_REDIRECT] 1 : Invalid condition id : UX_CORESTACK_Condition cause : null
2025-11-30 19:39:39,548 [INFO] LogOutputStream:77 - [STDOUT_REDIRECT] 1 : Invalid condition id : UX_CORESTACK_Condition cause : null
2025-11-30 19:39:39,552 [WARN] PackLoader:240 - Cannot read IP mode file for STMicroelectronics.X-CUBE-AZRTOS-WL.2.0.0
2025-11-30 19:39:39,560 [WARN] PackLoader:240 - Cannot read IP mode file for STMicroelectronics.FP-SNS-MOTENV1.5.0.0
2025-11-30 19:39:39,583 [WARN] PackLoader:240 - Cannot read IP mode file for STMicroelectronics.X-CUBE-AZRTOS-H7RS.1.2.0
2025-11-30 19:39:39,595 [WARN] PackLoader:240 - Cannot read IP mode file for STMicroelectronics.X-CUBE-BLE2.3.3.0
2025-11-30 19:39:39,665 [WARN] PackLoader:240 - Cannot read IP mode file for STMicroelectronics.X-CUBE-NFC9.1.0.0
2025-11-30 19:39:39,674 [WARN] PackLoader:240 - Cannot read IP mode file for wolfSSL.I-CUBE-wolfSSL.5.8.2
2025-11-30 19:39:39,680 [WARN] PackLoader:240 - Cannot read IP mode file for STMicroelectronics.X-CUBE-BLE1.7.1.0
2025-11-30 19:39:39,685 [WARN] PackLoader:240 - Cannot read IP mode file for wolfSSL.I-CUBE-wolfMQTT.1.19.2
2025-11-30 19:39:39,692 [WARN] PackLoader:240 - Cannot read IP mode file for STMicroelectronics.X-CUBE-FREERTOS.1.4.0
2025-11-30 19:39:39,699 [WARN] PackLoader:240 - Cannot read IP mode file for STMicroelectronics.X-CUBE-EEPRMA1.5.2.0
2025-11-30 19:39:39,707 [WARN] PackLoader:240 - Cannot read IP mode file for STMicroelectronics.X-CUBE-ST67W61.1.1.0
2025-11-30 19:39:39,747 [WARN] PackLoader:240 - Cannot read IP mode file for STMicroelectronics.X-CUBE-MEMS1.12.0.0
2025-11-30 19:39:39,837 [WARN] PackLoader:240 - Cannot read IP mode file for STMicroelectronics.X-CUBE-AZRTOS-G0.1.1.0
2025-11-30 19:39:39,846 [WARN] PackLoader:240 - Cannot read IP mode file for STMicroelectronics.X-CUBE-SAFEA1.1.2.2
2025-11-30 19:39:39,853 [WARN] PackLoader:240 - Cannot read IP mode file for STMicroelectronics.X-CUBE-NFC4.3.0.0
2025-11-30 19:39:39,863 [WARN] PackLoader:240 - Cannot read IP mode file for EmbeddedOffice.I-CUBE-FS-RTOS.1.0.1
2025-11-30 19:39:39,868 [WARN] PackLoader:240 - Cannot read IP mode file for STMicroelectronics.X-CUBE-WB05N.2.0.0
2025-11-30 19:39:39,873 [WARN] PackLoader:240 - Cannot read IP mode file for wolfSSL.I-CUBE-wolfTPM.3.8.0
2025-11-30 19:39:39,879 [WARN] PackLoader:240 - Cannot read IP mode file for STMicroelectronics.X-CUBE-TCPP.4.2.0
2025-11-30 19:39:39,886 [WARN] PackLoader:240 - Cannot read IP mode file for RealThread.X-CUBE-RT-Thread_Nano.4.1.1
2025-11-30 19:39:39,891 [WARN] PackLoader:240 - Cannot read IP mode file for STMicroelectronics.FP-ATR-SIGFOX1.3.2.0
2025-11-30 19:39:39,898 [WARN] PackLoader:240 - Cannot read IP mode file for ITTIA_DB.I-CUBE-ITTIADB.8.9.0
2025-11-30 19:39:39,909 [WARN] PackLoader:240 - Cannot read IP mode file for STMicroelectronics.X-CUBE-ST67W61.1.0.0
2025-11-30 19:39:39,914 [WARN] PackLoader:240 - Cannot read IP mode file for STMicroelectronics.X-CUBE-AI.10.2.0
2025-11-30 19:39:39,941 [WARN] PackLoader:240 - Cannot read IP mode file for SEGGER.I-CUBE-embOS.1.3.1
2025-11-30 19:39:40,001 [WARN] PackLoader:240 - Cannot read IP mode file for STMicroelectronics.X-CUBE-ALGOBUILD.1.4.0
2025-11-30 19:39:40,078 [WARN] PackLoader:240 - Cannot read IP mode file for STMicroelectronics.X-CUBE-MEMS1.11.3.0
2025-11-30 19:39:40,222 [WARN] PackLoader:240 - Cannot read IP mode file for STMicroelectronics.X-CUBE-PM33A1.1.0.0
2025-11-30 19:39:40,238 [WARN] PackLoader:240 - Cannot read IP mode file for STMicroelectronics.X-CUBE-AZRTOS-F4.1.1.0
2025-11-30 19:39:40,244 [WARN] PackLoader:240 - Cannot read IP mode file for Avnet-IotConnect.X-CUBE-IoTC-DA16k-PMOD.1.0.0
2025-11-30 19:39:40,249 [WARN] PackLoader:240 - Cannot read IP mode file for STMicroelectronics.X-CUBE-ISPU.2.1.0
2025-11-30 19:39:40,264 [WARN] PackLoader:240 - Cannot read IP mode file for STMicroelectronics.X-CUBE-IPS.3.2.0
2025-11-30 19:39:40,280 [WARN] PackLoader:240 - Cannot read IP mode file for STMicroelectronics.X-CUBE-NFC12.1.0.0
2025-11-30 19:39:40,296 [WARN] PackLoader:240 - Cannot read IP mode file for STMicroelectronics.X-CUBE-AZRTOS-L5.2.0.0
2025-11-30 19:39:40,307 [WARN] PackLoader:240 - Cannot read IP mode file for STMicroelectronics.X-CUBE-NFC6.3.1.0
2025-11-30 19:39:40,315 [WARN] PackLoader:240 - Cannot read IP mode file for STMicroelectronics.X-CUBE-FREERTOS.1.3.1
2025-11-30 19:39:40,329 [WARN] PackLoader:240 - Cannot read IP mode file for STMicroelectronics.X-CUBE-TOUCHGFX.4.26.0
2025-11-30 19:39:40,337 [WARN] PackLoader:240 - Cannot read IP mode file for STMicroelectronics.FP-SNS-STAIOTCFT.1.0.0
2025-11-30 19:39:40,345 [WARN] PackLoader:240 - Cannot read IP mode file for STMicroelectronics.X-CUBE-DPower.1.3.0
2025-11-30 19:39:40,362 [WARN] ConditionMgr:438 - getConditionDescription Invalid condition id : LAN8742 Phy interface Condition cause : null
2025-11-30 19:39:40,363 [WARN] PackLoader:240 - Cannot read IP mode file for STMicroelectronics.X-CUBE-AZRTOS-L4.2.0.0
2025-11-30 19:39:40,364 [WARN] ConditionMgr:1044 - genDependencies : Invalid condition id : LAN8742 Phy interface Condition cause : null
2025-11-30 19:39:40,364 [WARN] ConditionMgr:1044 - genDependencies : Invalid condition id : LAN8742 Phy interface Condition cause : null
2025-11-30 19:39:40,365 [WARN] ConditionMgr:1044 - genDependencies : Invalid condition id : LAN8742 Phy interface Condition cause : null
2025-11-30 19:39:40,373 [WARN] PackLoader:240 - Cannot read IP mode file for STMicroelectronics.X-CUBE-SFXS2LP1.4.0.0
2025-11-30 19:39:40,387 [WARN] PackLoader:240 - Cannot read IP mode file for STMicroelectronics.X-CUBE-BLEMGR.4.1.0
2025-11-30 19:39:40,401 [WARN] ConditionMgr:438 - getConditionDescription Invalid condition id : UX DEVICE CLASS RTOS Condition cause : null
2025-11-30 19:39:40,401 [WARN] ConditionMgr:438 - getConditionDescription Invalid condition id : UX DEVICE CLASS RTOS Condition cause : null
2025-11-30 19:39:40,403 [WARN] PackLoader:240 - Cannot read IP mode file for STMicroelectronics.X-CUBE-AZRTOS-WB.2.0.0
2025-11-30 19:39:40,403 [WARN] ConditionMgr:1044 - genDependencies : Invalid condition id : UX DEVICE CLASS RTOS Condition cause : null
2025-11-30 19:39:40,403 [WARN] ConditionMgr:1044 - genDependencies : Invalid condition id : UX DEVICE CLASS RTOS Condition cause : null
2025-11-30 19:39:40,404 [WARN] ConditionMgr:1044 - genDependencies : Invalid condition id : UX DEVICE CLASS RTOS Condition cause : null
2025-11-30 19:39:40,404 [WARN] ConditionMgr:1044 - genDependencies : Invalid condition id : UX DEVICE CLASS RTOS Condition cause : null
2025-11-30 19:39:40,404 [WARN] ConditionMgr:1044 - genDependencies : Invalid condition id : UX DEVICE CLASS RTOS Condition cause : null
2025-11-30 19:39:40,411 [WARN] PackLoader:240 - Cannot read IP mode file for STMicroelectronics.X-CUBE-GNSS1.7.0.1
2025-11-30 19:39:40,417 [WARN] PackLoader:240 - Cannot read IP mode file for STMicroelectronics.X-CUBE-TOUCHGFX.4.25.0
2025-11-30 19:39:40,425 [WARN] ConditionMgr:438 - getConditionDescription Invalid condition id : Cortex-A Device cause : null
2025-11-30 19:39:40,435 [WARN] ConditionMgr:1044 - genDependencies : Invalid condition id : Cortex-A Device cause : null
2025-11-30 19:39:40,435 [WARN] ConditionMgr:1044 - genDependencies : Invalid condition id : Cortex-A Device cause : null
2025-11-30 19:39:40,435 [WARN] ConditionMgr:1044 - genDependencies : Invalid condition id : Cortex-A Device cause : null
2025-11-30 19:39:40,449 [WARN] PackLoader:240 - Cannot read IP mode file for STMicroelectronics.X-CUBE-SUBG2.5.0.0
2025-11-30 19:39:40,475 [WARN] PackLoader:240 - Cannot read IP mode file for STMicroelectronics.X-CUBE-AZRTOS-H7RS.1.1.0
2025-11-30 19:39:40,482 [WARN] PackLoader:240 - Cannot read IP mode file for Cesanta.I-CUBE-Mongoose.7.13.0
2025-11-30 19:39:40,496 [WARN] PackLoader:240 - Cannot read IP mode file for STMicroelectronics.X-CUBE-AZRTOS-G4.2.0.0
2025-11-30 19:39:40,519 [WARN] PackLoader:240 - Cannot read IP mode file for wolfSSL.I-CUBE-wolfSSH.1.4.20
2025-11-30 19:39:40,530 [WARN] PackLoader:240 - Cannot read IP mode file for STMicroelectronics.X-CUBE-NFC7.2.0.0
2025-11-30 19:39:40,547 [WARN] PackLoader:240 - Cannot read IP mode file for STMicroelectronics.X-CUBE-IPS.3.1.0
2025-11-30 19:39:40,563 [WARN] PackLoader:240 - Cannot read IP mode file for STMicroelectronics.X-CUBE-ALS.1.0.2
2025-11-30 19:39:40,572 [WARN] PackLoader:240 - Cannot read IP mode file for STMicroelectronics.X-CUBE-STSE01.1.0.0
2025-11-30 19:39:40,590 [WARN] PackLoader:240 - Cannot read IP mode file for STMicroelectronics.X-CUBE-TOF1.3.4.3
2025-11-30 19:39:40,600 [INFO] ThirdParty:978 - Integrity check success = true
2025-11-30 19:39:40,600 [INFO] IntegrityCheckThread:100 - exiting critical section [integrity check]
2025-11-30 19:39:40,600 [INFO] IntegrityCheckThread:103 - End integrity checks thread
2025-11-30 19:39:40,734 [INFO] WebApp:463 - Apply proxy settings
2025-11-30 19:39:40,735 [INFO] WebApp:548 - Chromium requires no authentication
2025-11-30 19:39:40,818 [INFO] WebApp:491 - Direct internet connection detected
2025-11-30 19:39:40,985 [INFO] WebApp:900 - Register for checkConnection events
2025-11-30 19:39:40,985 [INFO] WebApp:463 - Apply proxy settings
2025-11-30 19:39:40,985 [INFO] WebApp:548 - Chromium requires no authentication
2025-11-30 19:39:40,985 [INFO] WebApp:491 - Direct internet connection detected
2025-11-30 19:39:41,260 [INFO] WebApp:191 - Connection restablished
2025-11-30 19:39:41,605 [INFO] WebApp:225 - Starting web application
2025-11-30 19:39:41,605 [INFO] WebApp:593 - Web application path used C:\ST\STM32CubeIDE_1.19.0\STM32CubeIDE\plugins\com.st.stm32cube.common.mx_6.15.0.202507011659\db\plugins\mcufinder\reactClient1\index.html
2025-11-30 19:58:39,714 [INFO] McuFinderGlobals:63 - Set McuFinder mode to 2 (CubeIDE integrated)
2025-11-30 19:58:39,725 [INFO] MainUpdater:2872 - connection check result : 10
2025-11-30 19:58:39,727 [INFO] MainUpdater:2872 - connection check result : 10
2025-11-30 19:58:39,782 [INFO] MicroXplorer:468 - Change Database Path : 
2025-11-30 19:58:39,783 [INFO] MicroXplorer:498 - Change Database Version : DB.6.0.150
2025-11-30 19:58:39,814 [WARN] ThirdParty:871 - waiting for thirdparty lock release [close project]
2025-11-30 19:58:39,814 [INFO] ThirdParty:873 - entering critical section [close project]
2025-11-30 19:58:39,816 [INFO] ThirdParty:883 - exiting critical section [close project]
2025-11-30 19:58:39,823 [INFO] PinOutPanel:1589 - setPackage(No Configuration,No Configuration)
2025-11-30 19:58:39,825 [INFO] UtilMem:75 - Begin LoadConfig() Used Memory: 931521288 Bytes (1064304640)
2025-11-30 19:58:39,828 [INFO] MicroXplorer:468 - Change Database Path : 
2025-11-30 19:58:39,828 [INFO] MicroXplorer:498 - Change Database Version : DB.6.0.150
2025-11-30 19:58:39,828 [INFO] OpenFileManager:355 - Change cursor
2025-11-30 19:58:39,938 [INFO] Mcu:2029 - Initializing MCU STM32L476R(C-E-G)Tx STM32L476RGTx STM32L476RGT3
2025-11-30 19:58:42,222 [INFO] Context:786 - Trying to add GPIOservice into a context  which must be forbidden
2025-11-30 19:58:42,777 [INFO] ImportTextPane:234 - (OptionalMessage_ERROR) Pin24 (VP_RIF_VS_RIF1) cannot be retrieved for this MCU
2025-11-30 19:58:43,012 [INFO] RtosManager:558 - Registered RTOS mode: class=CMSIS, group=RTOS, mode=CMSIS_V1, owner=FREERTOS
2025-11-30 19:58:43,012 [INFO] RtosManager:558 - Registered RTOS mode: class=CMSIS, group=RTOS2, mode=CMSIS_V2, owner=FREERTOS
2025-11-30 19:58:43,012 [INFO] RtosManager:558 - Registered RTOS mode: class=RTOS, group=Core, mode=CMSIS_V1, owner=FREERTOS
2025-11-30 19:58:43,012 [INFO] RtosManager:558 - Registered RTOS mode: class=RTOS, group=Core, mode=CMSIS_V2, owner=FREERTOS
2025-11-30 19:58:43,012 [WARN] ModelIntegratedComponent:184 - Missing modes for component STMicroelectronics:FreeRTOS:0.0.1:STMicroelectronics:RTOS:FreeRTOS:Core:::10.2.0:
2025-11-30 19:58:43,030 [WARN] ModelIntegratedComponent:63 - No mode defined for component null
2025-11-30 19:58:43,031 [WARN] ModelIntegratedComponent:63 - No mode defined for component null
2025-11-30 19:58:43,031 [WARN] ModelIntegratedComponent:63 - No mode defined for component null
2025-11-30 19:58:43,031 [WARN] ModelIntegratedComponent:63 - No mode defined for component null
2025-11-30 19:58:43,031 [WARN] ModelIntegratedComponent:63 - No mode defined for component null
2025-11-30 19:58:43,031 [WARN] ModelIntegratedComponent:63 - No mode defined for component null
2025-11-30 19:58:43,031 [WARN] ModelIntegratedComponent:63 - No mode defined for component null
2025-11-30 19:58:43,031 [WARN] ModelIntegratedComponent:63 - No mode defined for component null
2025-11-30 19:58:43,031 [WARN] ModelIntegratedComponent:63 - No mode defined for component null
2025-11-30 19:58:43,031 [WARN] ModelIntegratedComponent:63 - No mode defined for component null
2025-11-30 19:58:43,031 [WARN] ModelIntegratedComponent:63 - No mode defined for component null
2025-11-30 19:58:43,031 [WARN] ModelIntegratedComponent:63 - No mode defined for component null
2025-11-30 19:58:43,031 [WARN] ModelIntegratedComponent:63 - No mode defined for component null
2025-11-30 19:58:43,031 [WARN] ModelIntegratedComponent:63 - No mode defined for component null
2025-11-30 19:58:43,031 [WARN] ModelIntegratedComponent:63 - No mode defined for component null
2025-11-30 19:58:43,031 [WARN] ModelIntegratedComponent:63 - No mode defined for component null
2025-11-30 19:58:43,031 [WARN] ModelIntegratedComponent:63 - No mode defined for component null
2025-11-30 19:58:43,032 [WARN] ModelIntegratedComponent:63 - No mode defined for component null
2025-11-30 19:58:43,032 [WARN] ModelIntegratedComponent:63 - No mode defined for component null
2025-11-30 19:58:43,032 [WARN] ModelIntegratedComponent:63 - No mode defined for component null
2025-11-30 19:58:43,032 [WARN] ModelIntegratedComponent:63 - No mode defined for component null
2025-11-30 19:58:43,032 [WARN] ModelIntegratedComponent:63 - No mode defined for component null
2025-11-30 19:58:43,032 [WARN] ModelIntegratedComponent:63 - No mode defined for component null
2025-11-30 19:58:43,032 [WARN] ModelIntegratedComponent:63 - No mode defined for component null
2025-11-30 19:58:43,032 [WARN] ModelIntegratedComponent:63 - No mode defined for component null
2025-11-30 19:58:43,032 [WARN] ModelIntegratedComponent:63 - No mode defined for component null
2025-11-30 19:58:43,032 [WARN] ModelIntegratedComponent:63 - No mode defined for component null
2025-11-30 19:58:43,032 [WARN] ModelIntegratedComponent:63 - No mode defined for component null
2025-11-30 19:58:43,032 [WARN] ModelIntegratedComponent:63 - No mode defined for component null
2025-11-30 19:58:43,032 [WARN] ModelIntegratedComponent:63 - No mode defined for component null
2025-11-30 19:58:43,032 [WARN] ModelIntegratedComponent:63 - No mode defined for component null
2025-11-30 19:58:43,032 [WARN] ModelIntegratedComponent:63 - No mode defined for component null
2025-11-30 19:58:43,032 [WARN] ModelIntegratedComponent:63 - No mode defined for component null
2025-11-30 19:58:43,032 [WARN] ModelIntegratedComponent:63 - No mode defined for component null
2025-11-30 19:58:43,032 [WARN] ModelIntegratedComponent:63 - No mode defined for component null
2025-11-30 19:58:43,032 [WARN] ModelPack:524 - Component already loaded: STMicroelectronics:HAL Drivers:0.0.0:STMicroelectronics:Device:STMicro_Driver:XSPI:HAL::0.0.1:HAL_XSPI
2025-11-30 19:58:43,115 [INFO] ThirdPartyModel:298 - Start build external matchings
2025-11-30 19:58:43,797 [INFO] ThirdPartyModel:316 - End build external matchings
2025-11-30 19:58:43,813 [INFO] RtosManager:1018 - Current active RTOS is FREERTOS [Cortex-M4NS]
2025-11-30 19:58:44,198 [INFO] ApiDb:581 - Connected to CubeFinder SQLite database (C:\Users\user\.stmcufinder\plugins\mcufinder\mcu\cube-finder-db.db)
2025-11-30 19:58:44,319 [INFO] ApiDb:668 - CubeFinder database Data Model version=2.1
2025-11-30 19:58:44,319 [INFO] ApiDb:669 - CubeFinder database Configuration version=3.0.39
2025-11-30 19:58:44,320 [INFO] ApiDb:670 - CubeFinder database generation date=2025-11-05 (1762334721)
2025-11-30 19:58:44,320 [INFO] ApiDb:671 - CubeFinder database FW Pack versions=[FP-ATR-ASTRA1_V2.0.0, FP-SNS-FLIGHT1_V5.1.0, FP-SNS-MOTENV1_V5.1.0, FP-SNS-MOTENVWB1_V1.4.0, FP-SNS-SMARTAG2_V1.2.0, FP-SNS-STBOX1_V2.1.0, STM32Cube_FW_C0_V1.4.0, STM32Cube_FW_F4_V1.28.3, STM32Cube_FW_F7_V1.17.4, STM32Cube_FW_G0_V1.6.2, STM32Cube_FW_G4_V1.6.1, STM32Cube_FW_H5_V1.5.1, STM32Cube_FW_H7RS_V1.3.0, STM32Cube_FW_H7_V1.12.1, STM32Cube_FW_L0_V1.12.2, STM32Cube_FW_L4_V1.18.1, STM32Cube_FW_L5_V1.6.0, STM32Cube_FW_N6_V1.3.0, STM32Cube_FW_U0_V1.3.0, STM32Cube_FW_U3_V1.2.1, STM32Cube_FW_U5_V1.8.0, STM32Cube_FW_WB0_V1.4.0, STM32Cube_FW_WBA_V1.8.0, STM32Cube_FW_WB_V1.24.0, STM32Cube_FW_WL3_V1.3.0, STM32Cube_FW_WL_V1.4.0, X-CUBE-ALGOBUILD_V1.4.0, X-CUBE-ALS_V1.0.2, X-CUBE-AZRTOS-F4_V1.1.0, X-CUBE-AZRTOS-F7_V1.1.0, X-CUBE-AZRTOS-G0_V1.1.0, X-CUBE-AZRTOS-G4_V2.0.0, X-CUBE-AZRTOS-H7RS_V1.1.0, X-CUBE-AZRTOS-H7_V3.4.0, X-CUBE-AZRTOS-L4_V2.0.0, X-CUBE-AZRTOS-L5_V2.0.0, X-CUBE-AZRTOS-WB_V2.0.0, X-CUBE-AZRTOS-WL_V2.0.0, X-CUBE-BLE1_V7.1.0, X-CUBE-BLE2_V3.3.0, X-CUBE-BLEMGR_V4.1.0, X-CUBE-EEPRMA1_V5.2.0, X-CUBE-FREERTOS_V1.3.1, X-CUBE-GNSS1_V6.0.0, X-CUBE-MEMS1_V11.3.0, X-CUBE-NFC4_V3.0.0, X-CUBE-NFC7_V2.0.0, X-CUBE-SFXS2LP1_V4.0.0, X-CUBE-ST67W61_V1.1.0, X-CUBE-SUBG2_V5.0.0, X-CUBE-TOF1_V3.4.3]
2025-11-30 19:58:44,486 [INFO] DbBoardsSqlite:226 - include board P-NUCLEO-WB55-NUCLEO as a kit item of type 'Nucleo-64'
2025-11-30 19:58:44,486 [INFO] DbBoardsSqlite:226 - include board P-NUCLEO-WB55-USBDONGLE as a kit item of type 'Nucleo USB Dongle'
2025-11-30 19:58:44,488 [INFO] DbBoardsSqlite:226 - include board STEVAL-IDP005V1 as a kit item of type 'Evaluation Board'
2025-11-30 19:58:44,488 [INFO] DbBoardsSqlite:226 - include board STEVAL-IDP005V2 as a kit item of type 'Evaluation Board'
2025-11-30 19:58:45,512 [INFO] ApiDb:240 - Found 880 in-development CPN: [B-G473E-ZEST1S, B-WB1M-WPAN1, B-WBA5M-WPAN, B-WL5M-SUBG1, NUCLEO-C031C6, NUCLEO-C051C8, NUCLEO-C071RB, NUCLEO-C092RC, NUCLEO-H503RB, NUCLEO-H533RE, NUCLEO-H563ZI, NUCLEO-H7S3L8, NUCLEO-N657X0-Q, NUCLEO-U031R8, NUCLEO-U083RC, NUCLEO-U385RG-Q, NUCLEO-U545RE-Q, NUCLEO-U5A5ZJ-Q, NUCLEO-WB05KZ, NUCLEO-WB07CC, NUCLEO-WB09KE, NUCLEO-WBA52CG, NUCLEO-WBA55CG, NUCLEO-WL33CC1, NUCLEO-WL33CC2, STEVAL-PROTEUS1, STEVAL-SMARTAG2, STEVAL-STWINBX1, STM320518-EVAL, STM32C0116-DK, STM32C011D6Y3TR, STM32C011D6Y6TR, STM32C011F4P3, STM32C011F4P6, STM32C011F4U3, STM32C011F4U6TR, STM32C011F6P3, STM32C011F6P6, STM32C011F6U3, STM32C011F6U6TR, STM32C011J4M3, STM32C011J4M6, STM32C011J6M3, STM32C011J6M6, STM32C0316-DK, STM32C031C4T3, STM32C031C4T6, STM32C031C4U3, STM32C031C4U6, STM32C031C6T3, STM32C031C6T6, STM32C031C6U3, STM32C031C6U6, STM32C031F4P3, STM32C031F4P6, STM32C031F6P3, STM32C031F6P6, STM32C031G4U3, STM32C031G4U6, STM32C031G6U3, STM32C031G6U6, STM32C031K4T3, STM32C031K4T6, STM32C031K4U3, STM32C031K4U6, STM32C031K6T3, STM32C031K6T6, STM32C031K6U3, STM32C031K6U6, STM32C051C6T6, STM32C051C6U6, STM32C051C8T6, STM32C051C8U6, STM32C051D8Y6TR, STM32C051F6P6, STM32C051F8P6, STM32C051G6U6, STM32C051G8U6, STM32C051K6T6, STM32C051K6U6, STM32C051K8T6, STM32C071C8T6, STM32C071C8T6N, STM32C071C8U6, STM32C071C8U6N, STM32C071CBT6, STM32C071CBT6N, STM32C071CBU6, STM32C071CBU6N, STM32C071F8P6, STM32C071F8P6N, STM32C071FBP6, STM32C071FBP6N, STM32C071FBY6TR, STM32C071G8U6, STM32C071G8U6N, STM32C071GBU6, STM32C071GBU6N, STM32C071K8T6, STM32C071K8T6N, STM32C071K8U6, STM32C071K8U6N, STM32C071KBT6, STM32C071KBT6N, STM32C071KBU6, STM32C071KBU6N, STM32C071R8T6, STM32C071R8T6N, STM32C071RBI6N, STM32C071RBT6, STM32C071RBT6N, STM32C091CBT6, STM32C091CBU6, STM32C091CCT6, STM32C091CCU6, STM32C091ECY6TR, STM32C091FBP6, STM32C091FCP6, STM32C091GBU6, STM32C091GCU6, STM32C091KBT6, STM32C091KBU6, STM32C091KCT6, STM32C091KCU6, STM32C091RBT6, STM32C091RCI6, STM32C091RCT6, STM32C092CBT6, STM32C092CBU6, STM32C092CCT6, STM32C092CCU6, STM32C092ECY6TR, STM32C092FBP6, STM32C092FCP6, STM32C092GBU6, STM32C092GCU6, STM32C092KBT6, STM32C092KBU6, STM32C092KCT6, STM32C092KCU6, STM32C092RBT6, STM32C092RCI6, STM32C092RCT6, STM32G071K8TXN, STM32G071K8UXN, STM32G081GBU6N, STM32G081KBT6N, STM32G081KBUXN, STM32G0B1CCT6N, STM32G0B1KCT6, STM32G0B1NEY6TR, STM32G0B1RCT6N, STM32G0C1CCT6, STM32G0C1CCT6N, STM32G0C1CCU6N, STM32G0C1CET6N, STM32G0C1CEU6N, STM32G0C1KCT6, STM32G0C1NEY6TR, STM32G0C1RCI6N, STM32G0C1RCT6N, STM32G0C1REI6N, STM32G0C1RET6N, STM32G0C1VCI6, STM32G0C1VEI6, STM32G411C6T3, STM32G411C6T6, STM32G411C6U3, STM32G411C6U6, STM32G411C8T3, STM32G411C8T6, STM32G411C8U3, STM32G411C8U6, STM32G411CBT3, STM32G411CBT6, STM32G411CBU3, STM32G411CBU6, STM32G411K6T3, STM32G411K6T6, STM32G411K6U3, STM32G411K6U6, STM32G411K8T3, STM32G411K8T6, STM32G411K8U3, STM32G411K8U6, STM32G411KBT3, STM32G411KBT6, STM32G411KBU3, STM32G411KBU6, STM32G411M6T3, STM32G411M6T6, STM32G411M8T3, STM32G411M8T6, STM32G411MBT3, STM32G411MBT6, STM32G411R6T3, STM32G411R6T6, STM32G411R8T3, STM32G411R8T6, STM32G411RBT3, STM32G411RBT6, STM32G414CBT3, STM32G414CBT6, STM32G414CBU3, STM32G414CBU6, STM32G414CCT3, STM32G414CCT6, STM32G414CCU3, STM32G414CCU6, STM32G414MBT3, STM32G414MBT6, STM32G414MCT3, STM32G414MCT6, STM32G414RBT3, STM32G414RBT6, STM32G414RCT3, STM32G414RCT6, STM32G414VBT3, STM32G414VBT6, STM32G414VCT3, STM32G414VCT6, STM32G431CBT3Z, STM32G431RBT3Z, STM32G471CCT6, STM32G471CCU6, STM32G471CET3, STM32G471CET6, STM32G471CEU3, STM32G471CEU6, STM32G471MCT6, STM32G471MET3, STM32G471MET6, STM32G471MEY6TR, STM32G471QCT6, STM32G471QET3, STM32G471RCT6, STM32G471RET3, STM32G471RET6, STM32G471VCH6, STM32G471VCI6, STM32G471VCT6, STM32G471VEH3, STM32G471VEH6, STM32G471VEI3, STM32G471VEI6, STM32G471VET3, STM32G471VET6, STM32G473QET3Z, STM32G473RET3Z, STM32G474CCT6, STM32G491RET3Z, STM32H503CBT6, STM32H503CBU6, STM32H503EBY6TR, STM32H503KBU6, STM32H503RBT6, STM32H523CCT6, STM32H523CCU6, STM32H523CET6, STM32H523CEU6, STM32H523HEY6TR, STM32H523RCT6, STM32H523RET6, STM32H523VCI6, STM32H523VCT6, STM32H523VEI6, STM32H523VET6, STM32H523ZCJ6, STM32H523ZCT6, STM32H523ZEJ6, STM32H523ZET6, STM32H533CET6, STM32H533CEU6, STM32H533HEY6TR, STM32H533RET6, STM32H533VEI6, STM32H533VET6, STM32H533ZEJ6, STM32H533ZET6, STM32H562AGI6, STM32H562AII6, STM32H562IGK6, STM32H562IGT6, STM32H562IIK6, STM32H562IIT6, STM32H562RGT6, STM32H562RGV6, STM32H562RIT6, STM32H562RIV6, STM32H562VGT6, STM32H562VIT6, STM32H562ZGT6, STM32H562ZIT6, STM32H563AGI6, STM32H563AII3Q, STM32H563AII6, STM32H563IGK6, STM32H563IGT6, STM32H563IIK3Q, STM32H563IIK6, STM32H563IIT3Q, STM32H563IIT6, STM32H563MIY3QTR, STM32H563RGT6, STM32H563RGV6, STM32H563RIT6, STM32H563RIV6, STM32H563VGT6, STM32H563VIT3Q, STM32H563VIT6, STM32H563ZGT6, STM32H563ZIT3Q, STM32H563ZIT6, STM32H573AII3Q, STM32H573AII6, STM32H573I-DK, STM32H573IIK3Q, STM32H573IIK6, STM32H573IIT3Q, STM32H573IIT6, STM32H573MIY3QTR, STM32H573RIT6, STM32H573RIV6, STM32H573VIT3Q, STM32H573VIT6, STM32H573ZIT3Q, STM32H573ZIT6, STM32H7R3A8I6, STM32H7R3I8K6, STM32H7R3I8T6, STM32H7R3L8H6, STM32H7R3L8H6H, STM32H7R3R8V6, STM32H7R3V8H6, STM32H7R3V8T6, STM32H7R3V8Y6TR, STM32H7R3Z8J6, STM32H7R3Z8T6, STM32H7R7A8I6, STM32H7R7I8K6, STM32H7R7I8T6, STM32H7R7L8H6, STM32H7R7L8H6H, STM32H7R7Z8J6, STM32H7S3A8I6, STM32H7S3I8K6, STM32H7S3I8T6, STM32H7S3L8H6, STM32H7S3L8H6H, STM32H7S3R8V6, STM32H7S3V8H6, STM32H7S3V8T6, STM32H7S3V8Y6TR, STM32H7S3Z8J6, STM32H7S3Z8T6, STM32H7S78-DK, STM32H7S7A8I6, STM32H7S7I8K6, STM32H7S7I8T6, STM32H7S7L8H6, STM32H7S7L8H6H, STM32H7S7Z8J6, STM32L4R5QGI6STR, STM32MP131AAE3, STM32MP131AAF3, STM32MP131AAG3, STM32MP131CAE3, STM32MP131CAF3, STM32MP131CAG3, STM32MP131DAE7, STM32MP131DAF7, STM32MP131DAG7, STM32MP131FAE7, STM32MP131FAF7, STM32MP131FAG7, STM32MP133AAE3, STM32MP133AAF3, STM32MP133AAG3, STM32MP133CAE3, STM32MP133CAF3, STM32MP133CAG3, STM32MP133DAE7, STM32MP133DAF7, STM32MP133DAG7, STM32MP133FAE7, STM32MP133FAF7, STM32MP133FAG7, STM32MP135AAE3, STM32MP135AAF3, STM32MP135AAG3, STM32MP135CAE3, STM32MP135CAF3, STM32MP135CAG3, STM32MP135DAE7, STM32MP135DAF7, STM32MP135DAG7, STM32MP135F-DK, STM32MP135FAE7, STM32MP135FAF7, STM32MP135FAF7T, STM32MP135FAF7U, STM32MP135FAG7, STM32MP211AAL3, STM32MP211AAM3, STM32MP211AAN3, STM32MP211AAO3, STM32MP211CAL3, STM32MP211CAM3, STM32MP211CAN3, STM32MP211CAO3, STM32MP211DAL3, STM32MP211DAM3, STM32MP211DAN3, STM32MP211DAO3, STM32MP211FAL3, STM32MP211FAM3, STM32MP211FAN3, STM32MP211FAO3, STM32MP213AAL3, STM32MP213AAM3, STM32MP213AAN3, STM32MP213AAO3, STM32MP213CAL3, STM32MP213CAM3, STM32MP213CAN3, STM32MP213CAO3, STM32MP213DAL3, STM32MP213DAM3, STM32MP213DAN3, STM32MP213DAO3, STM32MP213FAL3, STM32MP213FAM3, STM32MP213FAN3, STM32MP213FAO3, STM32MP215AAL3, STM32MP215AAM3, STM32MP215AAN3, STM32MP215AAO3, STM32MP215CAL3, STM32MP215CAM3, STM32MP215CAN3, STM32MP215CAO3, STM32MP215DAL3, STM32MP215DAM3, STM32MP215DAN3, STM32MP215DAO3, STM32MP215F-DK, STM32MP215FAL3, STM32MP215FAM3, STM32MP215FAN3, STM32MP215FAO3, STM32MP231AAJ3, STM32MP231AAK3, STM32MP231AAL3, STM32MP231CAJ3, STM32MP231CAK3, STM32MP231CAL3, STM32MP231DAJ3, STM32MP231DAK3, STM32MP231DAL3, STM32MP231FAJ3, STM32MP231FAK3, STM32MP231FAL3, STM32MP233AAJ3, STM32MP233AAK3, STM32MP233AAL3, STM32MP233CAJ3, STM32MP233CAK3, STM32MP233CAL3, STM32MP233DAJ3, STM32MP233DAK3, STM32MP233DAL3, STM32MP233FAJ3, STM32MP233FAK3, STM32MP233FAL3, STM32MP235AAJ3, STM32MP235AAK3, STM32MP235AAL3, STM32MP235CAJ3, STM32MP235CAK3, STM32MP235CAL3, STM32MP235DAJ3, STM32MP235DAK3, STM32MP235DAL3, STM32MP235FAJ3, STM32MP235FAK3, STM32MP235FAL3, STM32MP251AAI3, STM32MP251AAK3, STM32MP251AAL3, STM32MP251CAI3, STM32MP251CAK3, STM32MP251CAL3, STM32MP251DAI3, STM32MP251DAK3, STM32MP251DAL3, STM32MP251FAI3, STM32MP251FAK3, STM32MP251FAL3, STM32MP253AAI3, STM32MP253AAK3, STM32MP253AAL3, STM32MP253CAI3, STM32MP253CAK3, STM32MP253CAL3, STM32MP253DAI3, STM32MP253DAK3, STM32MP253DAL3, STM32MP253FAI3, STM32MP253FAK3, STM32MP253FAL3, STM32MP255AAI3, STM32MP255AAK3, STM32MP255AAL3, STM32MP255CAI3, STM32MP255CAK3, STM32MP255CAL3, STM32MP255DAI3, STM32MP255DAK3, STM32MP255DAL3, STM32MP255FAI3, STM32MP255FAK3, STM32MP255FAL3, STM32MP257AAI3, STM32MP257AAK3, STM32MP257AAL3, STM32MP257CAI3, STM32MP257CAK3, STM32MP257CAL3, STM32MP257DAI3, STM32MP257DAK3, STM32MP257DAL3, STM32MP257F-DK, STM32MP257F-EV1, STM32MP257FAI3, STM32MP257FAK3, STM32MP257FAL3, STM32N645A0H3Q, STM32N645B0H3Q, STM32N645I0H3Q, STM32N645L0H3Q, STM32N645X0H3Q, STM32N645Z0H3Q, STM32N647A0H3Q, STM32N647B0H3Q, STM32N647I0H3Q, STM32N647L0H3Q, STM32N647X0H3Q, STM32N647Z0H3Q, STM32N655A0H3Q, STM32N655B0H3Q, STM32N655I0H3Q, STM32N655L0H3Q, STM32N655X0H3Q, STM32N655Z0H3Q, STM32N6570-DK, STM32N657A0H3Q, STM32N657B0H3Q, STM32N657I0H3Q, STM32N657L0H3Q, STM32N657X0H3Q, STM32N657Z0H3Q, STM32U031C6T6, STM32U031C6U6, STM32U031C8T6, STM32U031C8U6, STM32U031F4P6, STM32U031F6P6, STM32U031F8P6, STM32U031G6Y6TR, STM32U031G8Y6TR, STM32U031K4U6, STM32U031K6U6, STM32U031K8U6, STM32U031R6I6, STM32U031R6T6, STM32U031R8I6, STM32U031R8T6, STM32U073C8T6, STM32U073C8U6, STM32U073CBT6, STM32U073CBU6, STM32U073CCT6, STM32U073CCU6, STM32U073H8Y6TR, STM32U073HBY6TR, STM32U073HCY6TR, STM32U073K8U6, STM32U073KBU6, STM32U073KCU6, STM32U073M8I6, STM32U073M8T6, STM32U073MBI6, STM32U073MBT6, STM32U073MCI6, STM32U073MCT6, STM32U073R8I6, STM32U073R8T6, STM32U073RBI6, STM32U073RBT6, STM32U073RCI6, STM32U073RCT6, STM32U083C-DK, STM32U083CCT6, STM32U083CCU6, STM32U083HCY6TR, STM32U083KCU6, STM32U083MCI6, STM32U083MCT6, STM32U083RCI6, STM32U083RCT6, STM32U375CET6, STM32U375CET6Q, STM32U375CEU6, STM32U375CEU6Q, STM32U375CEY6QTR, STM32U375CGT6, STM32U375CGT6Q, STM32U375CGU6, STM32U375CGU6Q, STM32U375CGY6QTR, STM32U375KEU6, STM32U375KGU6, STM32U375REI6, STM32U375REI6Q, STM32U375RET6, STM32U375RET6Q, STM32U375REY6GTR, STM32U375REY6QTR, STM32U375RGI6, STM32U375RGI6Q, STM32U375RGT6, STM32U375RGT6Q, STM32U375RGY6GTR, STM32U375RGY6QTR, STM32U375VEI6, STM32U375VEI6Q, STM32U375VET6, STM32U375VET6Q, STM32U375VGI6, STM32U375VGI6Q, STM32U375VGT6, STM32U375VGT6Q, STM32U385CGT6, STM32U385CGT6Q, STM32U385CGU6, STM32U385CGU6Q, STM32U385CGY6QTR, STM32U385KGU6, STM32U385RGI6, STM32U385RGI6Q, STM32U385RGT6, STM32U385RGT6Q, STM32U385RGY6GTR, STM32U385RGY6QTR, STM32U385VGI6, STM32U385VGI6Q, STM32U385VGT6, STM32U385VGT6Q, STM32U535CBT6, STM32U535CBT6Q, STM32U535CBU6, STM32U535CBU6Q, STM32U535CCT6, STM32U535CCT6Q, STM32U535CCU6, STM32U535CCU6Q, STM32U535CET6, STM32U535CET6Q, STM32U535CEU6, STM32U535CEU6Q, STM32U535JEY6QTR, STM32U535NCY6QTR, STM32U535NEY6QTR, STM32U535RBI6, STM32U535RBI6Q, STM32U535RBT6, STM32U535RBT6Q, STM32U535RCI6, STM32U535RCI6Q, STM32U535RCT6, STM32U535RCT6Q, STM32U535REI6, STM32U535REI6Q, STM32U535RET6, STM32U535RET6Q, STM32U535VCI6, STM32U535VCI6Q, STM32U535VCT6, STM32U535VCT6Q, STM32U535VEI6, STM32U535VEI6Q, STM32U535VET6, STM32U535VET6Q, STM32U545CET6, STM32U545CET6Q, STM32U545CEU6, STM32U545CEU6Q, STM32U545JEY6QTR, STM32U545NEY6QTR, STM32U545REI6, STM32U545REI6Q, STM32U545RET6, STM32U545RET6Q, STM32U545VEI6, STM32U545VEI6Q, STM32U545VET6, STM32U545VET6Q, STM32U595AIH6, STM32U595AIH6Q, STM32U595AJH6, STM32U595AJH6Q, STM32U595QII6, STM32U595QII6Q, STM32U595QJI6, STM32U595QJI6Q, STM32U595RIT6, STM32U595RIT6Q, STM32U595RJT6, STM32U595RJT6Q, STM32U595VIT6, STM32U595VIT6Q, STM32U595VJT6, STM32U595VJT6Q, STM32U595ZIT6, STM32U595ZIT6Q, STM32U595ZIY6QTR, STM32U595ZJT6, STM32U595ZJT6Q, STM32U595ZJY6QTR, STM32U599BJY6QTR, STM32U599NIH6Q, STM32U599NJH6Q, STM32U599VIT6Q, STM32U599VJT6, STM32U599VJT6Q, STM32U599ZIT6Q, STM32U599ZIY6QTR, STM32U599ZJT6Q, STM32U599ZJY6QTR, STM32U5A5AJH6, STM32U5A5AJH6Q, STM32U5A5QII3Q , STM32U5A5QJI6, STM32U5A5QJI6Q, STM32U5A5RJT6, STM32U5A5RJT6Q, STM32U5A5VJT6, STM32U5A5VJT6Q, STM32U5A5ZJT6, STM32U5A5ZJT6Q, STM32U5A5ZJY6QTR, STM32U5A9BJY6QTR, STM32U5A9J-DK, STM32U5A9NJH6Q, STM32U5A9VJT6Q, STM32U5A9ZJT6Q, STM32U5A9ZJY6QTR, STM32U5F7VIT6, STM32U5F7VIT6Q, STM32U5F7VJT6, STM32U5F7VJT6Q, STM32U5F9BJY6QTR, STM32U5F9NJH6Q, STM32U5F9VIT6Q, STM32U5F9VJT6Q, STM32U5F9ZIJ6QTR, STM32U5F9ZIT6Q, STM32U5F9ZJJ6QTR, STM32U5F9ZJT6Q, STM32U5G7VJT6, STM32U5G7VJT6Q, STM32U5G9BJY6QTR, STM32U5G9J-DK1, STM32U5G9J-DK2, STM32U5G9NJH6Q, STM32U5G9VJT6Q, STM32U5G9ZJJ6QTR, STM32U5G9ZJT6Q, STM32WB05KZV6TR, STM32WB05KZV7TR, STM32WB05TZF6TR, STM32WB05TZF7TR, STM32WB06CCF6TR, STM32WB06CCF7TR, STM32WB06CCV6TR, STM32WB06CCV7TR, STM32WB06KCV6TR, STM32WB06KCV7TR, STM32WB07CCF6TR, STM32WB07CCF7TR, STM32WB07CCV6TR, STM32WB07CCV7TR, STM32WB07KCV6TR, STM32WB07KCV7TR, STM32WB09KEV6TR, STM32WB09KEV7TR, STM32WB09TEF6TR, STM32WB09TEF7TR, STM32WB1MMCH6, STM32WBA50KGU6, STM32WBA50KGU6TR, STM32WBA52CEU6, STM32WBA52CEU6TR, STM32WBA52CEU7, STM32WBA52CEU7TR, STM32WBA52CGU6, STM32WBA52CGU6TR, STM32WBA52CGU6U, STM32WBA52CGU7, STM32WBA52CGU7TR, STM32WBA52KEU6, STM32WBA52KEU6TR, STM32WBA52KGU6, STM32WBA52KGU6TR, STM32WBA54CEU6, STM32WBA54CEU6TR, STM32WBA54CEU7, STM32WBA54CEU7TR, STM32WBA54CGU6, STM32WBA54CGU6TR, STM32WBA54CGU7, STM32WBA54CGU7TR, STM32WBA54KEU6, STM32WBA54KEU6TR, STM32WBA54KEU7, STM32WBA54KEU7TR, STM32WBA54KGU6, STM32WBA54KGU6TR, STM32WBA54KGU7, STM32WBA54KGU7TR, STM32WBA55CEU6, STM32WBA55CEU6TR, STM32WBA55CEU7, STM32WBA55CEU7TR, STM32WBA55CGU6, STM32WBA55CGU6TR, STM32WBA55CGU6U, STM32WBA55CGU7, STM32WBA55CGU7TR, STM32WBA55G-DK1, STM32WBA55HEF6, STM32WBA55HEF7, STM32WBA55HGF6, STM32WBA55HGF7, STM32WBA55UEI6, STM32WBA55UEI6TR, STM32WBA55UEI7, STM32WBA55UEI7TR, STM32WBA55UGI6, STM32WBA55UGI6TR, STM32WBA55UGI7, STM32WBA55UGI7TR, STM32WBA5MMGH6TR, STM32WBA62MGF6, STM32WBA62MIF6, STM32WBA65MGF7, STM32WBA65MIF6, STM32WBA65MIF7, STM32WL30K8V6, STM32WL30KBV6, STM32WL31C8V6, STM32WL31CBV6, STM32WL31K8V6, STM32WL31KBV6, STM32WL33C8V6, STM32WL33C8V6X, STM32WL33CBV6, STM32WL33CBV6X, STM32WL33CCV6, STM32WL33CCV6A, STM32WL33CCV6X, STM32WL33K8V7, STM32WL33K8V7X, STM32WL33KBV7 , STM32WL33KBV7X, STM32WL33KCV7, STM32WL33KCV7X, STM32WL5MOCH6, STM32WL5MOCH6TR]
2025-11-30 19:58:45,516 [INFO] ApiDb:668 - CubeFinder database Data Model version=2.1
2025-11-30 19:58:45,516 [INFO] ApiDb:669 - CubeFinder database Configuration version=3.0.39
2025-11-30 19:58:45,516 [INFO] ApiDb:670 - CubeFinder database generation date=2025-11-05 (1762334721)
2025-11-30 19:58:45,516 [INFO] ApiDb:671 - CubeFinder database FW Pack versions=[FP-ATR-ASTRA1_V2.0.0, FP-SNS-FLIGHT1_V5.1.0, FP-SNS-MOTENV1_V5.1.0, FP-SNS-MOTENVWB1_V1.4.0, FP-SNS-SMARTAG2_V1.2.0, FP-SNS-STBOX1_V2.1.0, STM32Cube_FW_C0_V1.4.0, STM32Cube_FW_F4_V1.28.3, STM32Cube_FW_F7_V1.17.4, STM32Cube_FW_G0_V1.6.2, STM32Cube_FW_G4_V1.6.1, STM32Cube_FW_H5_V1.5.1, STM32Cube_FW_H7RS_V1.3.0, STM32Cube_FW_H7_V1.12.1, STM32Cube_FW_L0_V1.12.2, STM32Cube_FW_L4_V1.18.1, STM32Cube_FW_L5_V1.6.0, STM32Cube_FW_N6_V1.3.0, STM32Cube_FW_U0_V1.3.0, STM32Cube_FW_U3_V1.2.1, STM32Cube_FW_U5_V1.8.0, STM32Cube_FW_WB0_V1.4.0, STM32Cube_FW_WBA_V1.8.0, STM32Cube_FW_WB_V1.24.0, STM32Cube_FW_WL3_V1.3.0, STM32Cube_FW_WL_V1.4.0, X-CUBE-ALGOBUILD_V1.4.0, X-CUBE-ALS_V1.0.2, X-CUBE-AZRTOS-F4_V1.1.0, X-CUBE-AZRTOS-F7_V1.1.0, X-CUBE-AZRTOS-G0_V1.1.0, X-CUBE-AZRTOS-G4_V2.0.0, X-CUBE-AZRTOS-H7RS_V1.1.0, X-CUBE-AZRTOS-H7_V3.4.0, X-CUBE-AZRTOS-L4_V2.0.0, X-CUBE-AZRTOS-L5_V2.0.0, X-CUBE-AZRTOS-WB_V2.0.0, X-CUBE-AZRTOS-WL_V2.0.0, X-CUBE-BLE1_V7.1.0, X-CUBE-BLE2_V3.3.0, X-CUBE-BLEMGR_V4.1.0, X-CUBE-EEPRMA1_V5.2.0, X-CUBE-FREERTOS_V1.3.1, X-CUBE-GNSS1_V6.0.0, X-CUBE-MEMS1_V11.3.0, X-CUBE-NFC4_V3.0.0, X-CUBE-NFC7_V2.0.0, X-CUBE-SFXS2LP1_V4.0.0, X-CUBE-ST67W61_V1.1.0, X-CUBE-SUBG2_V5.0.0, X-CUBE-TOF1_V3.4.3]
2025-11-30 19:58:47,212 [INFO] ApiDb:240 - Found 880 in-development CPN: [B-G473E-ZEST1S, B-WB1M-WPAN1, B-WBA5M-WPAN, B-WL5M-SUBG1, NUCLEO-C031C6, NUCLEO-C051C8, NUCLEO-C071RB, NUCLEO-C092RC, NUCLEO-H503RB, NUCLEO-H533RE, NUCLEO-H563ZI, NUCLEO-H7S3L8, NUCLEO-N657X0-Q, NUCLEO-U031R8, NUCLEO-U083RC, NUCLEO-U385RG-Q, NUCLEO-U545RE-Q, NUCLEO-U5A5ZJ-Q, NUCLEO-WB05KZ, NUCLEO-WB07CC, NUCLEO-WB09KE, NUCLEO-WBA52CG, NUCLEO-WBA55CG, NUCLEO-WL33CC1, NUCLEO-WL33CC2, STEVAL-PROTEUS1, STEVAL-SMARTAG2, STEVAL-STWINBX1, STM320518-EVAL, STM32C0116-DK, STM32C011D6Y3TR, STM32C011D6Y6TR, STM32C011F4P3, STM32C011F4P6, STM32C011F4U3, STM32C011F4U6TR, STM32C011F6P3, STM32C011F6P6, STM32C011F6U3, STM32C011F6U6TR, STM32C011J4M3, STM32C011J4M6, STM32C011J6M3, STM32C011J6M6, STM32C0316-DK, STM32C031C4T3, STM32C031C4T6, STM32C031C4U3, STM32C031C4U6, STM32C031C6T3, STM32C031C6T6, STM32C031C6U3, STM32C031C6U6, STM32C031F4P3, STM32C031F4P6, STM32C031F6P3, STM32C031F6P6, STM32C031G4U3, STM32C031G4U6, STM32C031G6U3, STM32C031G6U6, STM32C031K4T3, STM32C031K4T6, STM32C031K4U3, STM32C031K4U6, STM32C031K6T3, STM32C031K6T6, STM32C031K6U3, STM32C031K6U6, STM32C051C6T6, STM32C051C6U6, STM32C051C8T6, STM32C051C8U6, STM32C051D8Y6TR, STM32C051F6P6, STM32C051F8P6, STM32C051G6U6, STM32C051G8U6, STM32C051K6T6, STM32C051K6U6, STM32C051K8T6, STM32C071C8T6, STM32C071C8T6N, STM32C071C8U6, STM32C071C8U6N, STM32C071CBT6, STM32C071CBT6N, STM32C071CBU6, STM32C071CBU6N, STM32C071F8P6, STM32C071F8P6N, STM32C071FBP6, STM32C071FBP6N, STM32C071FBY6TR, STM32C071G8U6, STM32C071G8U6N, STM32C071GBU6, STM32C071GBU6N, STM32C071K8T6, STM32C071K8T6N, STM32C071K8U6, STM32C071K8U6N, STM32C071KBT6, STM32C071KBT6N, STM32C071KBU6, STM32C071KBU6N, STM32C071R8T6, STM32C071R8T6N, STM32C071RBI6N, STM32C071RBT6, STM32C071RBT6N, STM32C091CBT6, STM32C091CBU6, STM32C091CCT6, STM32C091CCU6, STM32C091ECY6TR, STM32C091FBP6, STM32C091FCP6, STM32C091GBU6, STM32C091GCU6, STM32C091KBT6, STM32C091KBU6, STM32C091KCT6, STM32C091KCU6, STM32C091RBT6, STM32C091RCI6, STM32C091RCT6, STM32C092CBT6, STM32C092CBU6, STM32C092CCT6, STM32C092CCU6, STM32C092ECY6TR, STM32C092FBP6, STM32C092FCP6, STM32C092GBU6, STM32C092GCU6, STM32C092KBT6, STM32C092KBU6, STM32C092KCT6, STM32C092KCU6, STM32C092RBT6, STM32C092RCI6, STM32C092RCT6, STM32G071K8TXN, STM32G071K8UXN, STM32G081GBU6N, STM32G081KBT6N, STM32G081KBUXN, STM32G0B1CCT6N, STM32G0B1KCT6, STM32G0B1NEY6TR, STM32G0B1RCT6N, STM32G0C1CCT6, STM32G0C1CCT6N, STM32G0C1CCU6N, STM32G0C1CET6N, STM32G0C1CEU6N, STM32G0C1KCT6, STM32G0C1NEY6TR, STM32G0C1RCI6N, STM32G0C1RCT6N, STM32G0C1REI6N, STM32G0C1RET6N, STM32G0C1VCI6, STM32G0C1VEI6, STM32G411C6T3, STM32G411C6T6, STM32G411C6U3, STM32G411C6U6, STM32G411C8T3, STM32G411C8T6, STM32G411C8U3, STM32G411C8U6, STM32G411CBT3, STM32G411CBT6, STM32G411CBU3, STM32G411CBU6, STM32G411K6T3, STM32G411K6T6, STM32G411K6U3, STM32G411K6U6, STM32G411K8T3, STM32G411K8T6, STM32G411K8U3, STM32G411K8U6, STM32G411KBT3, STM32G411KBT6, STM32G411KBU3, STM32G411KBU6, STM32G411M6T3, STM32G411M6T6, STM32G411M8T3, STM32G411M8T6, STM32G411MBT3, STM32G411MBT6, STM32G411R6T3, STM32G411R6T6, STM32G411R8T3, STM32G411R8T6, STM32G411RBT3, STM32G411RBT6, STM32G414CBT3, STM32G414CBT6, STM32G414CBU3, STM32G414CBU6, STM32G414CCT3, STM32G414CCT6, STM32G414CCU3, STM32G414CCU6, STM32G414MBT3, STM32G414MBT6, STM32G414MCT3, STM32G414MCT6, STM32G414RBT3, STM32G414RBT6, STM32G414RCT3, STM32G414RCT6, STM32G414VBT3, STM32G414VBT6, STM32G414VCT3, STM32G414VCT6, STM32G431CBT3Z, STM32G431RBT3Z, STM32G471CCT6, STM32G471CCU6, STM32G471CET3, STM32G471CET6, STM32G471CEU3, STM32G471CEU6, STM32G471MCT6, STM32G471MET3, STM32G471MET6, STM32G471MEY6TR, STM32G471QCT6, STM32G471QET3, STM32G471RCT6, STM32G471RET3, STM32G471RET6, STM32G471VCH6, STM32G471VCI6, STM32G471VCT6, STM32G471VEH3, STM32G471VEH6, STM32G471VEI3, STM32G471VEI6, STM32G471VET3, STM32G471VET6, STM32G473QET3Z, STM32G473RET3Z, STM32G474CCT6, STM32G491RET3Z, STM32H503CBT6, STM32H503CBU6, STM32H503EBY6TR, STM32H503KBU6, STM32H503RBT6, STM32H523CCT6, STM32H523CCU6, STM32H523CET6, STM32H523CEU6, STM32H523HEY6TR, STM32H523RCT6, STM32H523RET6, STM32H523VCI6, STM32H523VCT6, STM32H523VEI6, STM32H523VET6, STM32H523ZCJ6, STM32H523ZCT6, STM32H523ZEJ6, STM32H523ZET6, STM32H533CET6, STM32H533CEU6, STM32H533HEY6TR, STM32H533RET6, STM32H533VEI6, STM32H533VET6, STM32H533ZEJ6, STM32H533ZET6, STM32H562AGI6, STM32H562AII6, STM32H562IGK6, STM32H562IGT6, STM32H562IIK6, STM32H562IIT6, STM32H562RGT6, STM32H562RGV6, STM32H562RIT6, STM32H562RIV6, STM32H562VGT6, STM32H562VIT6, STM32H562ZGT6, STM32H562ZIT6, STM32H563AGI6, STM32H563AII3Q, STM32H563AII6, STM32H563IGK6, STM32H563IGT6, STM32H563IIK3Q, STM32H563IIK6, STM32H563IIT3Q, STM32H563IIT6, STM32H563MIY3QTR, STM32H563RGT6, STM32H563RGV6, STM32H563RIT6, STM32H563RIV6, STM32H563VGT6, STM32H563VIT3Q, STM32H563VIT6, STM32H563ZGT6, STM32H563ZIT3Q, STM32H563ZIT6, STM32H573AII3Q, STM32H573AII6, STM32H573I-DK, STM32H573IIK3Q, STM32H573IIK6, STM32H573IIT3Q, STM32H573IIT6, STM32H573MIY3QTR, STM32H573RIT6, STM32H573RIV6, STM32H573VIT3Q, STM32H573VIT6, STM32H573ZIT3Q, STM32H573ZIT6, STM32H7R3A8I6, STM32H7R3I8K6, STM32H7R3I8T6, STM32H7R3L8H6, STM32H7R3L8H6H, STM32H7R3R8V6, STM32H7R3V8H6, STM32H7R3V8T6, STM32H7R3V8Y6TR, STM32H7R3Z8J6, STM32H7R3Z8T6, STM32H7R7A8I6, STM32H7R7I8K6, STM32H7R7I8T6, STM32H7R7L8H6, STM32H7R7L8H6H, STM32H7R7Z8J6, STM32H7S3A8I6, STM32H7S3I8K6, STM32H7S3I8T6, STM32H7S3L8H6, STM32H7S3L8H6H, STM32H7S3R8V6, STM32H7S3V8H6, STM32H7S3V8T6, STM32H7S3V8Y6TR, STM32H7S3Z8J6, STM32H7S3Z8T6, STM32H7S78-DK, STM32H7S7A8I6, STM32H7S7I8K6, STM32H7S7I8T6, STM32H7S7L8H6, STM32H7S7L8H6H, STM32H7S7Z8J6, STM32L4R5QGI6STR, STM32MP131AAE3, STM32MP131AAF3, STM32MP131AAG3, STM32MP131CAE3, STM32MP131CAF3, STM32MP131CAG3, STM32MP131DAE7, STM32MP131DAF7, STM32MP131DAG7, STM32MP131FAE7, STM32MP131FAF7, STM32MP131FAG7, STM32MP133AAE3, STM32MP133AAF3, STM32MP133AAG3, STM32MP133CAE3, STM32MP133CAF3, STM32MP133CAG3, STM32MP133DAE7, STM32MP133DAF7, STM32MP133DAG7, STM32MP133FAE7, STM32MP133FAF7, STM32MP133FAG7, STM32MP135AAE3, STM32MP135AAF3, STM32MP135AAG3, STM32MP135CAE3, STM32MP135CAF3, STM32MP135CAG3, STM32MP135DAE7, STM32MP135DAF7, STM32MP135DAG7, STM32MP135F-DK, STM32MP135FAE7, STM32MP135FAF7, STM32MP135FAF7T, STM32MP135FAF7U, STM32MP135FAG7, STM32MP211AAL3, STM32MP211AAM3, STM32MP211AAN3, STM32MP211AAO3, STM32MP211CAL3, STM32MP211CAM3, STM32MP211CAN3, STM32MP211CAO3, STM32MP211DAL3, STM32MP211DAM3, STM32MP211DAN3, STM32MP211DAO3, STM32MP211FAL3, STM32MP211FAM3, STM32MP211FAN3, STM32MP211FAO3, STM32MP213AAL3, STM32MP213AAM3, STM32MP213AAN3, STM32MP213AAO3, STM32MP213CAL3, STM32MP213CAM3, STM32MP213CAN3, STM32MP213CAO3, STM32MP213DAL3, STM32MP213DAM3, STM32MP213DAN3, STM32MP213DAO3, STM32MP213FAL3, STM32MP213FAM3, STM32MP213FAN3, STM32MP213FAO3, STM32MP215AAL3, STM32MP215AAM3, STM32MP215AAN3, STM32MP215AAO3, STM32MP215CAL3, STM32MP215CAM3, STM32MP215CAN3, STM32MP215CAO3, STM32MP215DAL3, STM32MP215DAM3, STM32MP215DAN3, STM32MP215DAO3, STM32MP215F-DK, STM32MP215FAL3, STM32MP215FAM3, STM32MP215FAN3, STM32MP215FAO3, STM32MP231AAJ3, STM32MP231AAK3, STM32MP231AAL3, STM32MP231CAJ3, STM32MP231CAK3, STM32MP231CAL3, STM32MP231DAJ3, STM32MP231DAK3, STM32MP231DAL3, STM32MP231FAJ3, STM32MP231FAK3, STM32MP231FAL3, STM32MP233AAJ3, STM32MP233AAK3, STM32MP233AAL3, STM32MP233CAJ3, STM32MP233CAK3, STM32MP233CAL3, STM32MP233DAJ3, STM32MP233DAK3, STM32MP233DAL3, STM32MP233FAJ3, STM32MP233FAK3, STM32MP233FAL3, STM32MP235AAJ3, STM32MP235AAK3, STM32MP235AAL3, STM32MP235CAJ3, STM32MP235CAK3, STM32MP235CAL3, STM32MP235DAJ3, STM32MP235DAK3, STM32MP235DAL3, STM32MP235FAJ3, STM32MP235FAK3, STM32MP235FAL3, STM32MP251AAI3, STM32MP251AAK3, STM32MP251AAL3, STM32MP251CAI3, STM32MP251CAK3, STM32MP251CAL3, STM32MP251DAI3, STM32MP251DAK3, STM32MP251DAL3, STM32MP251FAI3, STM32MP251FAK3, STM32MP251FAL3, STM32MP253AAI3, STM32MP253AAK3, STM32MP253AAL3, STM32MP253CAI3, STM32MP253CAK3, STM32MP253CAL3, STM32MP253DAI3, STM32MP253DAK3, STM32MP253DAL3, STM32MP253FAI3, STM32MP253FAK3, STM32MP253FAL3, STM32MP255AAI3, STM32MP255AAK3, STM32MP255AAL3, STM32MP255CAI3, STM32MP255CAK3, STM32MP255CAL3, STM32MP255DAI3, STM32MP255DAK3, STM32MP255DAL3, STM32MP255FAI3, STM32MP255FAK3, STM32MP255FAL3, STM32MP257AAI3, STM32MP257AAK3, STM32MP257AAL3, STM32MP257CAI3, STM32MP257CAK3, STM32MP257CAL3, STM32MP257DAI3, STM32MP257DAK3, STM32MP257DAL3, STM32MP257F-DK, STM32MP257F-EV1, STM32MP257FAI3, STM32MP257FAK3, STM32MP257FAL3, STM32N645A0H3Q, STM32N645B0H3Q, STM32N645I0H3Q, STM32N645L0H3Q, STM32N645X0H3Q, STM32N645Z0H3Q, STM32N647A0H3Q, STM32N647B0H3Q, STM32N647I0H3Q, STM32N647L0H3Q, STM32N647X0H3Q, STM32N647Z0H3Q, STM32N655A0H3Q, STM32N655B0H3Q, STM32N655I0H3Q, STM32N655L0H3Q, STM32N655X0H3Q, STM32N655Z0H3Q, STM32N6570-DK, STM32N657A0H3Q, STM32N657B0H3Q, STM32N657I0H3Q, STM32N657L0H3Q, STM32N657X0H3Q, STM32N657Z0H3Q, STM32U031C6T6, STM32U031C6U6, STM32U031C8T6, STM32U031C8U6, STM32U031F4P6, STM32U031F6P6, STM32U031F8P6, STM32U031G6Y6TR, STM32U031G8Y6TR, STM32U031K4U6, STM32U031K6U6, STM32U031K8U6, STM32U031R6I6, STM32U031R6T6, STM32U031R8I6, STM32U031R8T6, STM32U073C8T6, STM32U073C8U6, STM32U073CBT6, STM32U073CBU6, STM32U073CCT6, STM32U073CCU6, STM32U073H8Y6TR, STM32U073HBY6TR, STM32U073HCY6TR, STM32U073K8U6, STM32U073KBU6, STM32U073KCU6, STM32U073M8I6, STM32U073M8T6, STM32U073MBI6, STM32U073MBT6, STM32U073MCI6, STM32U073MCT6, STM32U073R8I6, STM32U073R8T6, STM32U073RBI6, STM32U073RBT6, STM32U073RCI6, STM32U073RCT6, STM32U083C-DK, STM32U083CCT6, STM32U083CCU6, STM32U083HCY6TR, STM32U083KCU6, STM32U083MCI6, STM32U083MCT6, STM32U083RCI6, STM32U083RCT6, STM32U375CET6, STM32U375CET6Q, STM32U375CEU6, STM32U375CEU6Q, STM32U375CEY6QTR, STM32U375CGT6, STM32U375CGT6Q, STM32U375CGU6, STM32U375CGU6Q, STM32U375CGY6QTR, STM32U375KEU6, STM32U375KGU6, STM32U375REI6, STM32U375REI6Q, STM32U375RET6, STM32U375RET6Q, STM32U375REY6GTR, STM32U375REY6QTR, STM32U375RGI6, STM32U375RGI6Q, STM32U375RGT6, STM32U375RGT6Q, STM32U375RGY6GTR, STM32U375RGY6QTR, STM32U375VEI6, STM32U375VEI6Q, STM32U375VET6, STM32U375VET6Q, STM32U375VGI6, STM32U375VGI6Q, STM32U375VGT6, STM32U375VGT6Q, STM32U385CGT6, STM32U385CGT6Q, STM32U385CGU6, STM32U385CGU6Q, STM32U385CGY6QTR, STM32U385KGU6, STM32U385RGI6, STM32U385RGI6Q, STM32U385RGT6, STM32U385RGT6Q, STM32U385RGY6GTR, STM32U385RGY6QTR, STM32U385VGI6, STM32U385VGI6Q, STM32U385VGT6, STM32U385VGT6Q, STM32U535CBT6, STM32U535CBT6Q, STM32U535CBU6, STM32U535CBU6Q, STM32U535CCT6, STM32U535CCT6Q, STM32U535CCU6, STM32U535CCU6Q, STM32U535CET6, STM32U535CET6Q, STM32U535CEU6, STM32U535CEU6Q, STM32U535JEY6QTR, STM32U535NCY6QTR, STM32U535NEY6QTR, STM32U535RBI6, STM32U535RBI6Q, STM32U535RBT6, STM32U535RBT6Q, STM32U535RCI6, STM32U535RCI6Q, STM32U535RCT6, STM32U535RCT6Q, STM32U535REI6, STM32U535REI6Q, STM32U535RET6, STM32U535RET6Q, STM32U535VCI6, STM32U535VCI6Q, STM32U535VCT6, STM32U535VCT6Q, STM32U535VEI6, STM32U535VEI6Q, STM32U535VET6, STM32U535VET6Q, STM32U545CET6, STM32U545CET6Q, STM32U545CEU6, STM32U545CEU6Q, STM32U545JEY6QTR, STM32U545NEY6QTR, STM32U545REI6, STM32U545REI6Q, STM32U545RET6, STM32U545RET6Q, STM32U545VEI6, STM32U545VEI6Q, STM32U545VET6, STM32U545VET6Q, STM32U595AIH6, STM32U595AIH6Q, STM32U595AJH6, STM32U595AJH6Q, STM32U595QII6, STM32U595QII6Q, STM32U595QJI6, STM32U595QJI6Q, STM32U595RIT6, STM32U595RIT6Q, STM32U595RJT6, STM32U595RJT6Q, STM32U595VIT6, STM32U595VIT6Q, STM32U595VJT6, STM32U595VJT6Q, STM32U595ZIT6, STM32U595ZIT6Q, STM32U595ZIY6QTR, STM32U595ZJT6, STM32U595ZJT6Q, STM32U595ZJY6QTR, STM32U599BJY6QTR, STM32U599NIH6Q, STM32U599NJH6Q, STM32U599VIT6Q, STM32U599VJT6, STM32U599VJT6Q, STM32U599ZIT6Q, STM32U599ZIY6QTR, STM32U599ZJT6Q, STM32U599ZJY6QTR, STM32U5A5AJH6, STM32U5A5AJH6Q, STM32U5A5QII3Q , STM32U5A5QJI6, STM32U5A5QJI6Q, STM32U5A5RJT6, STM32U5A5RJT6Q, STM32U5A5VJT6, STM32U5A5VJT6Q, STM32U5A5ZJT6, STM32U5A5ZJT6Q, STM32U5A5ZJY6QTR, STM32U5A9BJY6QTR, STM32U5A9J-DK, STM32U5A9NJH6Q, STM32U5A9VJT6Q, STM32U5A9ZJT6Q, STM32U5A9ZJY6QTR, STM32U5F7VIT6, STM32U5F7VIT6Q, STM32U5F7VJT6, STM32U5F7VJT6Q, STM32U5F9BJY6QTR, STM32U5F9NJH6Q, STM32U5F9VIT6Q, STM32U5F9VJT6Q, STM32U5F9ZIJ6QTR, STM32U5F9ZIT6Q, STM32U5F9ZJJ6QTR, STM32U5F9ZJT6Q, STM32U5G7VJT6, STM32U5G7VJT6Q, STM32U5G9BJY6QTR, STM32U5G9J-DK1, STM32U5G9J-DK2, STM32U5G9NJH6Q, STM32U5G9VJT6Q, STM32U5G9ZJJ6QTR, STM32U5G9ZJT6Q, STM32WB05KZV6TR, STM32WB05KZV7TR, STM32WB05TZF6TR, STM32WB05TZF7TR, STM32WB06CCF6TR, STM32WB06CCF7TR, STM32WB06CCV6TR, STM32WB06CCV7TR, STM32WB06KCV6TR, STM32WB06KCV7TR, STM32WB07CCF6TR, STM32WB07CCF7TR, STM32WB07CCV6TR, STM32WB07CCV7TR, STM32WB07KCV6TR, STM32WB07KCV7TR, STM32WB09KEV6TR, STM32WB09KEV7TR, STM32WB09TEF6TR, STM32WB09TEF7TR, STM32WB1MMCH6, STM32WBA50KGU6, STM32WBA50KGU6TR, STM32WBA52CEU6, STM32WBA52CEU6TR, STM32WBA52CEU7, STM32WBA52CEU7TR, STM32WBA52CGU6, STM32WBA52CGU6TR, STM32WBA52CGU6U, STM32WBA52CGU7, STM32WBA52CGU7TR, STM32WBA52KEU6, STM32WBA52KEU6TR, STM32WBA52KGU6, STM32WBA52KGU6TR, STM32WBA54CEU6, STM32WBA54CEU6TR, STM32WBA54CEU7, STM32WBA54CEU7TR, STM32WBA54CGU6, STM32WBA54CGU6TR, STM32WBA54CGU7, STM32WBA54CGU7TR, STM32WBA54KEU6, STM32WBA54KEU6TR, STM32WBA54KEU7, STM32WBA54KEU7TR, STM32WBA54KGU6, STM32WBA54KGU6TR, STM32WBA54KGU7, STM32WBA54KGU7TR, STM32WBA55CEU6, STM32WBA55CEU6TR, STM32WBA55CEU7, STM32WBA55CEU7TR, STM32WBA55CGU6, STM32WBA55CGU6TR, STM32WBA55CGU6U, STM32WBA55CGU7, STM32WBA55CGU7TR, STM32WBA55G-DK1, STM32WBA55HEF6, STM32WBA55HEF7, STM32WBA55HGF6, STM32WBA55HGF7, STM32WBA55UEI6, STM32WBA55UEI6TR, STM32WBA55UEI7, STM32WBA55UEI7TR, STM32WBA55UGI6, STM32WBA55UGI6TR, STM32WBA55UGI7, STM32WBA55UGI7TR, STM32WBA5MMGH6TR, STM32WBA62MGF6, STM32WBA62MIF6, STM32WBA65MGF7, STM32WBA65MIF6, STM32WBA65MIF7, STM32WL30K8V6, STM32WL30KBV6, STM32WL31C8V6, STM32WL31CBV6, STM32WL31K8V6, STM32WL31KBV6, STM32WL33C8V6, STM32WL33C8V6X, STM32WL33CBV6, STM32WL33CBV6X, STM32WL33CCV6, STM32WL33CCV6A, STM32WL33CCV6X, STM32WL33K8V7, STM32WL33K8V7X, STM32WL33KBV7 , STM32WL33KBV7X, STM32WL33KCV7, STM32WL33KCV7X, STM32WL5MOCH6, STM32WL5MOCH6TR]
2025-11-30 19:58:47,219 [INFO] DbMcus:218 - Found 4876 MCUs, 4876 are supported
2025-11-30 19:58:47,220 [INFO] ApiDb:423 - Load user favorites file C:\Users\user/.stm32cubeide/favorites.mcus.txt: 0 item(s)
2025-11-30 19:58:47,220 [INFO] ApiDb:427 - User favorites MCUs=[]
2025-11-30 19:58:47,221 [INFO] DbMcus:224 - Set 0 / 0 favorites MCUs
2025-11-30 19:58:47,836 [INFO] BoardInfo:889 - No configuration file found for board P-NUCLEO-WB55
2025-11-30 19:58:47,838 [INFO] DbBoards:161 - Kit is not supported: P-NUCLEO-WB55
2025-11-30 19:58:47,846 [INFO] BoardInfo:889 - No configuration file found for board STEVAL-BFA001V1B
2025-11-30 19:58:47,847 [INFO] DbBoards:161 - Kit is not supported: STEVAL-BFA001V1B
2025-11-30 19:58:47,848 [INFO] BoardInfo:889 - No configuration file found for board STEVAL-BFA001V2B
2025-11-30 19:58:47,849 [INFO] DbBoards:161 - Kit is not supported: STEVAL-BFA001V2B
2025-11-30 19:58:48,076 [INFO] DbBoards:168 - Found 212 boards, 209 are supported
2025-11-30 19:58:48,077 [INFO] DbBoards:169 - Found 212 boards, 43 of them is supported for  Bsp
2025-11-30 19:58:48,079 [INFO] ApiDb:423 - Load user favorites file C:\Users\user/.stm32cubeide/favorites.boards.txt: 1 item(s)
2025-11-30 19:58:48,079 [INFO] ApiDb:427 - User favorites Boards=[NUCLEO-L476RG]
2025-11-30 19:58:48,079 [INFO] DbBoards:198 - Set 1 / 1 favorites Boards
2025-11-30 19:58:48,139 [INFO] UtilMem:75 - End LoadConfig() Used Memory: 767385664 Bytes (1073741824)
2025-11-30 19:58:48,280 [WARN] ThirdParty:833 - waiting for thirdparty lock release [change project]
2025-11-30 19:58:48,281 [INFO] ThirdParty:835 - entering critical section [change project]
2025-11-30 19:58:48,281 [INFO] ThirdParty:1030 - CMSIS Pack Vendor :STMicroelectronics X-CUBE-PM33A1 1.0.0
2025-11-30 19:58:48,281 [INFO] ThirdParty:1030 - CMSIS Pack Vendor :STMicroelectronics USBPD 4.1
2025-11-30 19:58:48,281 [INFO] ThirdParty:1030 - CMSIS Pack Vendor :STMicroelectronics X-CUBE-NFC9 1.0.0
2025-11-30 19:58:48,281 [INFO] ThirdParty:1030 - CMSIS Pack Vendor :STMicroelectronics USB_HOST 2.0.0
2025-11-30 19:58:48,281 [INFO] ThirdParty:1030 - CMSIS Pack Vendor :STMicroelectronics FP-SNS-MOTENVWB1 1.4.0
2025-11-30 19:58:48,281 [INFO] ThirdParty:1030 - CMSIS Pack Vendor :STMicroelectronics X-CUBE-AZRTOS-F4 1.1.0
2025-11-30 19:58:48,281 [INFO] ThirdParty:1030 - CMSIS Pack Vendor :STMicroelectronics LIBJPEG 8.0.0
2025-11-30 19:58:48,281 [INFO] ThirdParty:1030 - CMSIS Pack Vendor :STMicroelectronics FP-ATR-ASTRA1 2.0.2
2025-11-30 19:58:48,281 [INFO] ThirdParty:1030 - CMSIS Pack Vendor :wolfSSL I-CUBE-wolfSSL 5.8.2
2025-11-30 19:58:48,281 [INFO] ThirdParty:1030 - CMSIS Pack Vendor :STMicroelectronics X-CUBE-BLE1 7.1.0
2025-11-30 19:58:48,281 [INFO] ThirdParty:1030 - CMSIS Pack Vendor :Avnet-IotConnect X-CUBE-IoTC-DA16k-PMOD 1.0.0
2025-11-30 19:58:48,281 [INFO] ThirdParty:1030 - CMSIS Pack Vendor :STMicroelectronics X-CUBE-SMBUS 2.1.0
2025-11-30 19:58:48,281 [INFO] ThirdParty:1030 - CMSIS Pack Vendor :wolfSSL I-CUBE-wolfMQTT 1.19.2
2025-11-30 19:58:48,281 [INFO] ThirdParty:1030 - CMSIS Pack Vendor :STMicroelectronics USB_DEVICE 3.0.0
2025-11-30 19:58:48,281 [INFO] ThirdParty:1030 - CMSIS Pack Vendor :STMicroelectronics X-CUBE-ISPU 2.1.0
2025-11-30 19:58:48,281 [INFO] ThirdParty:1030 - CMSIS Pack Vendor :STMicroelectronics X-CUBE-FREERTOS 1.4.0
2025-11-30 19:58:48,281 [INFO] ThirdParty:1030 - CMSIS Pack Vendor :STMicroelectronics X-CUBE-EEPRMA1 5.2.0
2025-11-30 19:58:48,281 [INFO] ThirdParty:1030 - CMSIS Pack Vendor :STMicroelectronics X-CUBE-IPS 3.2.0
2025-11-30 19:58:48,281 [INFO] ThirdParty:1030 - CMSIS Pack Vendor :STMicroelectronics X-CUBE-BLEMGR 4.1.0
2025-11-30 19:58:48,282 [INFO] ThirdParty:1030 - CMSIS Pack Vendor :STMicroelectronics X-CUBE-AZRTOS-WB 2.0.0
2025-11-30 19:58:48,282 [INFO] ThirdParty:1030 - CMSIS Pack Vendor :STMicroelectronics X-CUBE-ST60 1.0.0
2025-11-30 19:58:48,282 [INFO] ThirdParty:1030 - CMSIS Pack Vendor :STMicroelectronics X-CUBE-GNSS1 7.0.1
2025-11-30 19:58:48,282 [INFO] ThirdParty:1030 - CMSIS Pack Vendor :STMicroelectronics X-CUBE-NFC12 1.0.0
2025-11-30 19:58:48,282 [INFO] ThirdParty:1030 - CMSIS Pack Vendor :STMicroelectronics X-CUBE-AZRTOS-F7 1.1.0
2025-11-30 19:58:48,282 [INFO] ThirdParty:1030 - CMSIS Pack Vendor :STMicroelectronics X-CUBE-AZRTOS-L5 2.0.0
2025-11-30 19:58:48,282 [INFO] ThirdParty:1030 - CMSIS Pack Vendor :STMicroelectronics X-CUBE-TOUCHGFX 4.25.0
2025-11-30 19:58:48,282 [INFO] ThirdParty:1030 - CMSIS Pack Vendor :STMicroelectronics USB_DEVICE 2.0.0
2025-11-30 19:58:48,282 [INFO] ThirdParty:1030 - CMSIS Pack Vendor :STMicroelectronics X-CUBE-NFC6 3.1.0
2025-11-30 19:58:48,282 [INFO] ThirdParty:1030 - CMSIS Pack Vendor :STMicroelectronics X-CUBE-ST67W61 1.1.0
2025-11-30 19:58:48,282 [INFO] ThirdParty:1030 - CMSIS Pack Vendor :quantropi X-CUBE-qispace-sdk-base 2.1.0
2025-11-30 19:58:48,282 [INFO] ThirdParty:1030 - CMSIS Pack Vendor :STMicroelectronics X-CUBE-MEMS1 12.0.0
2025-11-30 19:58:48,282 [INFO] ThirdParty:1030 - CMSIS Pack Vendor :STMicroelectronics FP-SNS-MOTENV1 5.1.0
2025-11-30 19:58:48,282 [INFO] ThirdParty:1030 - CMSIS Pack Vendor :STMicroelectronics FreeRTOS 0.0.1
2025-11-30 19:58:48,282 [INFO] ThirdParty:1030 - CMSIS Pack Vendor :STMicroelectronics X-CUBE-AZRTOS-G0 1.1.0
2025-11-30 19:58:48,282 [INFO] ThirdParty:1030 - CMSIS Pack Vendor :STMicroelectronics X-CUBE-SAFEA1 1.2.2
2025-11-30 19:58:48,282 [INFO] ThirdParty:1030 - CMSIS Pack Vendor :STMicroelectronics X-CUBE-NFC4 3.0.0
2025-11-30 19:58:48,282 [INFO] ThirdParty:1030 - CMSIS Pack Vendor :STMicroelectronics X-CUBE-SUBG2 5.0.0
2025-11-30 19:58:48,282 [INFO] ThirdParty:1030 - CMSIS Pack Vendor :STMicroelectronics X-CUBE-AZRTOS-H7RS 1.1.0
2025-11-30 19:58:48,282 [INFO] ThirdParty:1030 - CMSIS Pack Vendor :STMicroelectronics STM32_WPAN 1.0.0
2025-11-30 19:58:48,282 [INFO] ThirdParty:1030 - CMSIS Pack Vendor :EmbeddedOffice I-CUBE-FS-RTOS 1.0.1
2025-11-30 19:58:48,282 [INFO] ThirdParty:1030 - CMSIS Pack Vendor :STMicroelectronics lwIP 2.0.3
2025-11-30 19:58:48,283 [INFO] ThirdParty:1030 - CMSIS Pack Vendor :WES I-CUBE-Cesium 1.4.0
2025-11-30 19:58:48,283 [INFO] ThirdParty:1030 - CMSIS Pack Vendor :Cesanta I-CUBE-Mongoose 7.13.0
2025-11-30 19:58:48,283 [INFO] ThirdParty:1030 - CMSIS Pack Vendor :STMicroelectronics USB_HOST 1.0.0
2025-11-30 19:58:48,283 [INFO] ThirdParty:1030 - CMSIS Pack Vendor :Infineon AIROC-Wi-Fi-Bluetooth-STM32 1.7.1
2025-11-30 19:58:48,283 [INFO] ThirdParty:1030 - CMSIS Pack Vendor :STMicroelectronics X-CUBE-AZRTOS-G4 2.0.0
2025-11-30 19:58:48,283 [INFO] ThirdParty:1030 - CMSIS Pack Vendor :STMicroelectronics X-CUBE-WB05N 2.0.0
2025-11-30 19:58:48,283 [INFO] ThirdParty:1030 - CMSIS Pack Vendor :STMicroelectronics PDM2PCM 3.1.0
2025-11-30 19:58:48,283 [INFO] ThirdParty:1030 - CMSIS Pack Vendor :STMicroelectronics PDM2PCM 3.3.0
2025-11-30 19:58:48,283 [INFO] ThirdParty:1030 - CMSIS Pack Vendor :wolfSSL I-CUBE-wolfTPM 3.8.0
2025-11-30 19:58:48,283 [INFO] ThirdParty:1030 - CMSIS Pack Vendor :STMicroelectronics X-CUBE-AZRTOS-H7 3.4.0
2025-11-30 19:58:48,283 [INFO] ThirdParty:1030 - CMSIS Pack Vendor :STMicroelectronics X-CUBE-DISPLAY 3.0.0
2025-11-30 19:58:48,283 [INFO] ThirdParty:1030 - CMSIS Pack Vendor :wolfSSL I-CUBE-wolfSSH 1.4.20
2025-11-30 19:58:48,283 [INFO] ThirdParty:1030 - CMSIS Pack Vendor :STMicroelectronics X-CUBE-NFC7 2.0.0
2025-11-30 19:58:48,283 [INFO] ThirdParty:1030 - CMSIS Pack Vendor :STMicroelectronics X-CUBE-TCPP 4.2.0
2025-11-30 19:58:48,283 [INFO] ThirdParty:1030 - CMSIS Pack Vendor :RealThread X-CUBE-RT-Thread_Nano 4.1.1
2025-11-30 19:58:48,283 [INFO] ThirdParty:1030 - CMSIS Pack Vendor :STMicroelectronics FP-ATR-SIGFOX1 3.2.0
2025-11-30 19:58:48,283 [INFO] ThirdParty:1030 - CMSIS Pack Vendor :STMicroelectronics X-CUBE-NFC10 1.0.0
2025-11-30 19:58:48,283 [INFO] ThirdParty:1030 - CMSIS Pack Vendor :STMicroelectronics X-CUBE-FREERTOS 1.3.1
2025-11-30 19:58:48,283 [INFO] ThirdParty:1030 - CMSIS Pack Vendor :STMicroelectronics HAL Drivers 0.0.0
2025-11-30 19:58:48,283 [INFO] ThirdParty:1030 - CMSIS Pack Vendor :STMicroelectronics MBEDTLS 2.16.2
2025-11-30 19:58:48,283 [INFO] ThirdParty:1030 - CMSIS Pack Vendor :STMicroelectronics X-CUBE-ST60 1.1.0
2025-11-30 19:58:48,283 [INFO] ThirdParty:1030 - CMSIS Pack Vendor :STMicroelectronics X-CUBE-IPS 3.1.0
2025-11-30 19:58:48,283 [INFO] ThirdParty:1030 - CMSIS Pack Vendor :STMicroelectronics X-CUBE-ALS 1.0.2
2025-11-30 19:58:48,283 [INFO] ThirdParty:1030 - CMSIS Pack Vendor :emotas I-CUBE-CANOPEN 1.3.0
2025-11-30 19:58:48,283 [INFO] ThirdParty:1030 - CMSIS Pack Vendor :STMicroelectronics MBEDTLS 2.14.1
2025-11-30 19:58:48,284 [INFO] ThirdParty:1030 - CMSIS Pack Vendor :STMicroelectronics X-CUBE-GNSS1 7.1.0
2025-11-30 19:58:48,284 [INFO] ThirdParty:1030 - CMSIS Pack Vendor :ITTIA_DB I-CUBE-ITTIADB 8.9.0
2025-11-30 19:58:48,284 [INFO] ThirdParty:1030 - CMSIS Pack Vendor :STMicroelectronics X-CUBE-TOUCHGFX 4.26.0
2025-11-30 19:58:48,284 [INFO] ThirdParty:1030 - CMSIS Pack Vendor :STMicroelectronics X-CUBE-STSE01 1.0.0
2025-11-30 19:58:48,284 [INFO] ThirdParty:1030 - CMSIS Pack Vendor :STMicroelectronics X-CUBE-ST67W61 1.0.0
2025-11-30 19:58:48,284 [INFO] ThirdParty:1030 - CMSIS Pack Vendor :STMicroelectronics FP-SNS-STBOX1 2.1.0
2025-11-30 19:58:48,284 [INFO] ThirdParty:1030 - CMSIS Pack Vendor :STMicroelectronics X-CUBE-AI 10.2.0
2025-11-30 19:58:48,284 [INFO] ThirdParty:1030 - CMSIS Pack Vendor :STMicroelectronics FP-SNS-STAIOTCFT 1.0.0
2025-11-30 19:58:48,284 [INFO] ThirdParty:1030 - CMSIS Pack Vendor :STMicroelectronics ThreadX 1.0.0
2025-11-30 19:58:48,284 [INFO] ThirdParty:1030 - CMSIS Pack Vendor :STMicroelectronics FP-SNS-SMARTAG2 1.2.0
2025-11-30 19:58:48,284 [INFO] ThirdParty:1030 - CMSIS Pack Vendor :STMicroelectronics FP-SNS-FLIGHT1 5.1.0
2025-11-30 19:58:48,284 [INFO] ThirdParty:1030 - CMSIS Pack Vendor :STMicroelectronics X-CUBE-AZRTOS-WL 2.0.0
2025-11-30 19:58:48,284 [INFO] ThirdParty:1030 - CMSIS Pack Vendor :SEGGER I-CUBE-embOS 1.3.1
2025-11-30 19:58:48,284 [INFO] ThirdParty:1030 - CMSIS Pack Vendor :STMicroelectronics X-CUBE-ALGOBUILD 1.4.0
2025-11-30 19:58:48,284 [INFO] ThirdParty:1030 - CMSIS Pack Vendor :STMicroelectronics X-CUBE-DPower 1.3.0
2025-11-30 19:58:48,284 [INFO] ThirdParty:1030 - CMSIS Pack Vendor :STMicroelectronics X-CUBE-MEMS1 11.3.0
2025-11-30 19:58:48,284 [INFO] ThirdParty:1030 - CMSIS Pack Vendor :STMicroelectronics FP-SNS-MOTENV1 5.0.0
2025-11-30 19:58:48,284 [INFO] ThirdParty:1030 - CMSIS Pack Vendor :STMicroelectronics USB_DEVICE 1.0.0
2025-11-30 19:58:48,284 [INFO] ThirdParty:1030 - CMSIS Pack Vendor :STMicroelectronics X-CUBE-AZRTOS-H7RS 1.2.0
2025-11-30 19:58:48,284 [INFO] ThirdParty:1030 - CMSIS Pack Vendor :STMicroelectronics X-CUBE-AZRTOS-L4 2.0.0
2025-11-30 19:58:48,284 [INFO] ThirdParty:1030 - CMSIS Pack Vendor :STMicroelectronics ThreadX 0.0.2
2025-11-30 19:58:48,284 [INFO] ThirdParty:1030 - CMSIS Pack Vendor :STMicroelectronics lwIP 2.1.2
2025-11-30 19:58:48,284 [INFO] ThirdParty:1030 - CMSIS Pack Vendor :STMicroelectronics X-CUBE-SFXS2LP1 4.0.0
2025-11-30 19:58:48,285 [INFO] ThirdParty:1030 - CMSIS Pack Vendor :STMicroelectronics X-CUBE-BLE2 3.3.0
2025-11-30 19:58:48,285 [INFO] ThirdParty:1030 - CMSIS Pack Vendor :Avnet-IOTCONNECT X-CUBE-iotc-st67-sdk 1.0.0
2025-11-30 19:58:48,285 [INFO] ThirdParty:1030 - CMSIS Pack Vendor :STMicroelectronics X-CUBE-TOF1 3.4.3
2025-11-30 19:58:48,285 [INFO] ThirdParty:1030 - CMSIS Pack Vendor :STMicroelectronics PDM2PCM 3.2.0
2025-11-30 19:58:48,285 [INFO] ThirdParty:841 - exiting critical section [change project]
2025-11-30 19:58:48,761 [INFO] PinOutPanel:1589 - setPackage(No Configuration,No Configuration)
2025-11-30 19:58:48,762 [INFO] PinOutPanel:1589 - setPackage(STM32L476RGTx,LQFP64)
2025-11-30 19:58:49,531 [INFO] UtilMem:75 - Before build in PCC Used Memory: 708659232 Bytes (1073741824)
2025-11-30 19:58:50,611 [INFO] UtilMem:75 - After build in PCC Used Memory: 805157064 Bytes (1073741824)
2025-11-30 19:58:50,760 [INFO] ApiDbMcu:532 - Load IP Config File for FREERTOS
2025-11-30 19:58:50,792 [INFO] IPUIPlugin:80 - create IPUIPlugin
2025-11-30 19:58:50,792 [INFO] IPUIPlugin:80 - create IPUIPlugin
2025-11-30 19:58:50,792 [INFO] IPUIPlugin:80 - create IPUIPlugin
2025-11-30 19:58:50,792 [INFO] IPUIPlugin:80 - create IPUIPlugin
2025-11-30 19:58:50,792 [INFO] IPUIPlugin:80 - create IPUIPlugin
2025-11-30 19:58:50,792 [INFO] IPUIPlugin:80 - create IPUIPlugin
2025-11-30 19:58:50,792 [INFO] IPUIPlugin:80 - create IPUIPlugin
2025-11-30 19:58:50,793 [INFO] IPUIPlugin:80 - create IPUIPlugin
2025-11-30 19:58:50,793 [INFO] IPUIPlugin:80 - create IPUIPlugin
2025-11-30 19:58:50,793 [INFO] IPUIPlugin:80 - create IPUIPlugin
2025-11-30 19:58:50,793 [INFO] IPUIPlugin:80 - create IPUIPlugin
2025-11-30 19:58:50,793 [INFO] IPUIPlugin:80 - create IPUIPlugin
2025-11-30 19:58:50,793 [INFO] IPUIPlugin:80 - create IPUIPlugin
2025-11-30 19:58:50,793 [INFO] IPUIPlugin:80 - create IPUIPlugin
2025-11-30 19:58:50,793 [INFO] IPUIPlugin:80 - create IPUIPlugin
2025-11-30 19:58:50,793 [INFO] IPUIPlugin:80 - create IPUIPlugin
2025-11-30 19:58:50,794 [INFO] IPUIPlugin:80 - create IPUIPlugin
2025-11-30 19:58:50,794 [INFO] IPUIPlugin:80 - create IPUIPlugin
2025-11-30 19:58:50,794 [INFO] IPUIPlugin:80 - create IPUIPlugin
2025-11-30 19:58:50,794 [INFO] IPUIPlugin:80 - create IPUIPlugin
2025-11-30 19:58:50,794 [INFO] IPUIPlugin:80 - create IPUIPlugin
2025-11-30 19:58:50,794 [INFO] IPUIPlugin:80 - create IPUIPlugin
2025-11-30 19:58:50,794 [INFO] IPUIPlugin:80 - create IPUIPlugin
2025-11-30 19:58:50,795 [INFO] IPUIPlugin:80 - create IPUIPlugin
2025-11-30 19:58:50,795 [INFO] IPUIPlugin:80 - create IPUIPlugin
2025-11-30 19:58:50,795 [INFO] IPUIPlugin:80 - create IPUIPlugin
2025-11-30 19:58:50,795 [INFO] IPUIPlugin:80 - create IPUIPlugin
2025-11-30 19:58:50,795 [INFO] IPUIPlugin:80 - create IPUIPlugin
2025-11-30 19:58:50,795 [INFO] IPUIPlugin:80 - create IPUIPlugin
2025-11-30 19:58:50,796 [INFO] IPUIPlugin:80 - create IPUIPlugin
2025-11-30 19:58:50,796 [INFO] IPUIPlugin:80 - create IPUIPlugin
2025-11-30 19:58:50,796 [INFO] IPUIPlugin:80 - create IPUIPlugin
2025-11-30 19:58:50,796 [INFO] IPUIPlugin:80 - create IPUIPlugin
2025-11-30 19:58:50,796 [INFO] IPUIPlugin:80 - create IPUIPlugin
2025-11-30 19:58:50,796 [INFO] IPUIPlugin:80 - create IPUIPlugin
2025-11-30 19:58:50,796 [INFO] IPUIPlugin:80 - create IPUIPlugin
2025-11-30 19:58:50,797 [INFO] IPUIPlugin:80 - create IPUIPlugin
2025-11-30 19:58:50,797 [INFO] IPUIPlugin:80 - create IPUIPlugin
2025-11-30 19:58:50,797 [INFO] IPUIPlugin:80 - create IPUIPlugin
2025-11-30 19:58:50,797 [INFO] IPUIPlugin:80 - create IPUIPlugin
2025-11-30 19:58:50,797 [INFO] IPUIPlugin:80 - create IPUIPlugin
2025-11-30 19:58:50,798 [INFO] IPUIPlugin:80 - create IPUIPlugin
2025-11-30 19:58:50,798 [INFO] IPUIPlugin:80 - create IPUIPlugin
2025-11-30 19:58:50,798 [INFO] IPUIPlugin:80 - create IPUIPlugin
2025-11-30 19:58:50,798 [INFO] IPUIPlugin:80 - create IPUIPlugin
2025-11-30 19:58:50,798 [INFO] IPUIPlugin:80 - create IPUIPlugin
2025-11-30 19:58:50,798 [INFO] IPUIPlugin:80 - create IPUIPlugin
2025-11-30 19:58:50,799 [INFO] IPUIPlugin:80 - create IPUIPlugin
2025-11-30 19:58:50,799 [INFO] IPUIPlugin:80 - create IPUIPlugin
2025-11-30 19:58:50,799 [INFO] IPUIPlugin:80 - create IPUIPlugin
2025-11-30 19:58:50,799 [INFO] IPUIPlugin:80 - create IPUIPlugin
2025-11-30 19:58:50,800 [INFO] IPUIPlugin:80 - create IPUIPlugin
2025-11-30 19:58:50,800 [INFO] IPUIPlugin:80 - create IPUIPlugin
2025-11-30 19:58:50,800 [INFO] IPUIPlugin:80 - create IPUIPlugin
2025-11-30 19:58:50,800 [INFO] IPUIPlugin:80 - create IPUIPlugin
2025-11-30 19:58:50,801 [INFO] IPUIPlugin:80 - create IPUIPlugin
2025-11-30 19:58:50,801 [INFO] IPUIPlugin:80 - create IPUIPlugin
2025-11-30 19:58:50,801 [INFO] IPUIPlugin:80 - create IPUIPlugin
2025-11-30 19:58:50,802 [INFO] IPUIPlugin:80 - create IPUIPlugin
2025-11-30 19:58:50,871 [WARN] FreeRTOS:1023 - Null or empty value: should not occur! (nothing added to the table)
2025-11-30 19:58:51,110 [INFO] CADModel:165 - CPN selected for project levelSTM32L476RGT3
2025-11-30 19:58:51,110 [INFO] CADModel:114 - Register for checkConnection events
2025-11-30 19:58:51,112 [INFO] RtosManager:728 - Active RTOS found at IOC load: FREERTOS [Cortex-M4NS]
2025-11-30 19:58:51,163 [INFO] OpenFileManager:386 - Restore cursor
2025-11-30 20:28:41,666 [INFO] UtilMem:75 - End SaveConfig() Used Memory: 642258584 Bytes (1073741824)
2025-11-30 20:28:42,713 [INFO] UtilMem:75 - End SaveConfig() Used Memory: 625158040 Bytes (1073741824)
2025-11-30 20:28:44,479 [INFO] UtilMem:75 - End SaveConfig() Used Memory: 673866656 Bytes (1073741824)
2025-11-30 20:28:46,739 [INFO] BlockDiagram:2775 - set Specific Code input for plugin: FREERTOS
2025-11-30 20:28:46,739 [INFO] BlockDiagram:2775 - set Specific Code input for plugin: TIM1_8L4
2025-11-30 20:28:46,740 [INFO] BlockDiagram:2775 - set Specific Code input for plugin: SYS
2025-11-30 20:28:46,740 [INFO] BlockDiagram:2775 - set Specific Code input for plugin: RCC
2025-11-30 20:28:46,740 [INFO] BlockDiagram:2775 - set Specific Code input for plugin: I2C
2025-11-30 20:28:46,740 [INFO] BlockDiagram:2775 - set Specific Code input for plugin: NVIC
2025-11-30 20:28:46,740 [INFO] BlockDiagram:2775 - set Specific Code input for plugin: GPIO
2025-11-30 20:28:46,741 [INFO] CodeGenerator:892 - code generatio: config db path: C:\ST\STM32CubeIDE_1.19.0\STM32CubeIDE\plugins\com.st.stm32cube.common.mx_6.15.0.202507011659\\db\
2025-11-30 20:28:46,857 [INFO] CodeEngine:265 - oldGeneratedFile, D:\STM32\Lab\Practice3-i2c-eeprom-random-number\MXTmpFiles\license.tmp_save
2025-11-30 20:28:47,237 [INFO] CodeEngine:289 - Generated code: D:\STM32\Lab\Practice3-i2c-eeprom-random-number\MXTmpFiles\license.tmp
2025-11-30 20:28:47,417 [INFO] CodeEngine:265 - oldGeneratedFile, D:\STM32\Lab\Practice3-i2c-eeprom-random-number\MXTmpFiles\gpio.tmp_save
2025-11-30 20:28:47,564 [INFO] CodeEngine:289 - Generated code: D:\STM32\Lab\Practice3-i2c-eeprom-random-number\MXTmpFiles\gpio.tmp
2025-11-30 20:28:47,966 [INFO] Middleware:1452 - No code input for Bsp Dependency
2025-11-30 20:28:47,973 [INFO] CodeEngine:265 - oldGeneratedFile, D:\STM32\Lab\Practice3-i2c-eeprom-random-number\MXTmpFiles\rtos_inc.tmp_save
2025-11-30 20:28:48,040 [INFO] CodeEngine:289 - Generated code: D:\STM32\Lab\Practice3-i2c-eeprom-random-number\MXTmpFiles\rtos_inc.tmp
2025-11-30 20:28:48,044 [INFO] CodeEngine:265 - oldGeneratedFile, D:\STM32\Lab\Practice3-i2c-eeprom-random-number\MXTmpFiles\rtos_kernelInit.tmp_save
2025-11-30 20:28:48,113 [INFO] CodeEngine:289 - Generated code: D:\STM32\Lab\Practice3-i2c-eeprom-random-number\MXTmpFiles\rtos_kernelInit.tmp
2025-11-30 20:28:48,116 [INFO] CodeEngine:265 - oldGeneratedFile, D:\STM32\Lab\Practice3-i2c-eeprom-random-number\MXTmpFiles\rtos_kernelStart.tmp_save
2025-11-30 20:28:48,179 [INFO] CodeEngine:289 - Generated code: D:\STM32\Lab\Practice3-i2c-eeprom-random-number\MXTmpFiles\rtos_kernelStart.tmp
2025-11-30 20:28:48,183 [INFO] CodeEngine:265 - oldGeneratedFile, D:\STM32\Lab\Practice3-i2c-eeprom-random-number\MXTmpFiles\rtos_typedefs.tmp_save
2025-11-30 20:28:48,240 [INFO] CodeEngine:289 - Generated code: D:\STM32\Lab\Practice3-i2c-eeprom-random-number\MXTmpFiles\rtos_typedefs.tmp
2025-11-30 20:28:48,244 [INFO] CodeEngine:265 - oldGeneratedFile, D:\STM32\Lab\Practice3-i2c-eeprom-random-number\MXTmpFiles\rtos_vars.tmp_save
2025-11-30 20:28:48,303 [INFO] CodeEngine:289 - Generated code: D:\STM32\Lab\Practice3-i2c-eeprom-random-number\MXTmpFiles\rtos_vars.tmp
2025-11-30 20:28:48,307 [INFO] CodeEngine:265 - oldGeneratedFile, D:\STM32\Lab\Practice3-i2c-eeprom-random-number\MXTmpFiles\rtos_pfp.tmp_save
2025-11-30 20:28:48,358 [INFO] CodeEngine:289 - Generated code: D:\STM32\Lab\Practice3-i2c-eeprom-random-number\MXTmpFiles\rtos_pfp.tmp
2025-11-30 20:28:48,363 [INFO] CodeEngine:265 - oldGeneratedFile, D:\STM32\Lab\Practice3-i2c-eeprom-random-number\MXTmpFiles\rtos_obj_creat.tmp_save
2025-11-30 20:28:48,416 [INFO] CodeEngine:289 - Generated code: D:\STM32\Lab\Practice3-i2c-eeprom-random-number\MXTmpFiles\rtos_obj_creat.tmp
2025-11-30 20:28:48,421 [INFO] CodeEngine:265 - oldGeneratedFile, D:\STM32\Lab\Practice3-i2c-eeprom-random-number\MXTmpFiles\rtos_default_thread.tmp_save
2025-11-30 20:28:48,471 [INFO] CodeEngine:289 - Generated code: D:\STM32\Lab\Practice3-i2c-eeprom-random-number\MXTmpFiles\rtos_default_thread.tmp
2025-11-30 20:28:48,475 [INFO] CodeEngine:265 - oldGeneratedFile, D:\STM32\Lab\Practice3-i2c-eeprom-random-number\MXTmpFiles\rtos_threads.tmp_save
2025-11-30 20:28:48,524 [INFO] CodeEngine:289 - Generated code: D:\STM32\Lab\Practice3-i2c-eeprom-random-number\MXTmpFiles\rtos_threads.tmp
2025-11-30 20:28:48,538 [INFO] Middleware:1452 - No code input for Bsp Dependency
2025-11-30 20:28:48,545 [INFO] CodeEngine:265 - oldGeneratedFile, D:\STM32\Lab\Practice3-i2c-eeprom-random-number\MXTmpFiles\rtos_inc.tmp_save
2025-11-30 20:28:48,594 [INFO] CodeEngine:289 - Generated code: D:\STM32\Lab\Practice3-i2c-eeprom-random-number\MXTmpFiles\rtos_inc.tmp
2025-11-30 20:28:48,598 [INFO] CodeEngine:265 - oldGeneratedFile, D:\STM32\Lab\Practice3-i2c-eeprom-random-number\MXTmpFiles\rtos_kernelInit.tmp_save
2025-11-30 20:28:48,645 [INFO] CodeEngine:289 - Generated code: D:\STM32\Lab\Practice3-i2c-eeprom-random-number\MXTmpFiles\rtos_kernelInit.tmp
2025-11-30 20:28:48,650 [INFO] CodeEngine:265 - oldGeneratedFile, D:\STM32\Lab\Practice3-i2c-eeprom-random-number\MXTmpFiles\rtos_kernelStart.tmp_save
2025-11-30 20:28:48,696 [INFO] CodeEngine:289 - Generated code: D:\STM32\Lab\Practice3-i2c-eeprom-random-number\MXTmpFiles\rtos_kernelStart.tmp
2025-11-30 20:28:48,701 [INFO] CodeEngine:265 - oldGeneratedFile, D:\STM32\Lab\Practice3-i2c-eeprom-random-number\MXTmpFiles\rtos_typedefs.tmp_save
2025-11-30 20:28:48,747 [INFO] CodeEngine:289 - Generated code: D:\STM32\Lab\Practice3-i2c-eeprom-random-number\MXTmpFiles\rtos_typedefs.tmp
2025-11-30 20:28:48,752 [INFO] CodeEngine:265 - oldGeneratedFile, D:\STM32\Lab\Practice3-i2c-eeprom-random-number\MXTmpFiles\rtos_vars.tmp_save
2025-11-30 20:28:48,801 [INFO] CodeEngine:289 - Generated code: D:\STM32\Lab\Practice3-i2c-eeprom-random-number\MXTmpFiles\rtos_vars.tmp
2025-11-30 20:28:48,806 [INFO] CodeEngine:265 - oldGeneratedFile, D:\STM32\Lab\Practice3-i2c-eeprom-random-number\MXTmpFiles\rtos_pfp.tmp_save
2025-11-30 20:28:48,851 [INFO] CodeEngine:289 - Generated code: D:\STM32\Lab\Practice3-i2c-eeprom-random-number\MXTmpFiles\rtos_pfp.tmp
2025-11-30 20:28:48,856 [INFO] CodeEngine:265 - oldGeneratedFile, D:\STM32\Lab\Practice3-i2c-eeprom-random-number\MXTmpFiles\rtos_obj_creat.tmp_save
2025-11-30 20:28:48,903 [INFO] CodeEngine:289 - Generated code: D:\STM32\Lab\Practice3-i2c-eeprom-random-number\MXTmpFiles\rtos_obj_creat.tmp
2025-11-30 20:28:48,908 [INFO] CodeEngine:265 - oldGeneratedFile, D:\STM32\Lab\Practice3-i2c-eeprom-random-number\MXTmpFiles\rtos_default_thread.tmp_save
2025-11-30 20:28:48,953 [INFO] CodeEngine:289 - Generated code: D:\STM32\Lab\Practice3-i2c-eeprom-random-number\MXTmpFiles\rtos_default_thread.tmp
2025-11-30 20:28:48,958 [INFO] CodeEngine:265 - oldGeneratedFile, D:\STM32\Lab\Practice3-i2c-eeprom-random-number\MXTmpFiles\rtos_threads.tmp_save
2025-11-30 20:28:48,998 [INFO] CodeEngine:289 - Generated code: D:\STM32\Lab\Practice3-i2c-eeprom-random-number\MXTmpFiles\rtos_threads.tmp
2025-11-30 20:28:49,004 [INFO] CodeEngine:265 - oldGeneratedFile, D:\STM32\Lab\Practice3-i2c-eeprom-random-number\Core\Inc\FreeRTOSConfig.h_save
2025-11-30 20:28:49,090 [INFO] CodeEngine:289 - Generated code: D:\STM32\Lab\Practice3-i2c-eeprom-random-number\Core\Inc\FreeRTOSConfig.h
2025-11-30 20:28:49,096 [INFO] CodeEngine:265 - oldGeneratedFile, D:\STM32\Lab\Practice3-i2c-eeprom-random-number\Core\Src\freertos.c_save
2025-11-30 20:28:49,145 [INFO] CodeEngine:289 - Generated code: D:\STM32\Lab\Practice3-i2c-eeprom-random-number\Core\Src\freertos.c
2025-11-30 20:28:49,159 [INFO] CodeEngine:265 - oldGeneratedFile, D:\STM32\Lab\Practice3-i2c-eeprom-random-number\Core\Src\stm32l4xx_it.c_save
2025-11-30 20:28:49,245 [INFO] CodeEngine:289 - Generated code: D:\STM32\Lab\Practice3-i2c-eeprom-random-number\Core\Src\stm32l4xx_it.c
2025-11-30 20:28:49,249 [INFO] CodeEngine:265 - oldGeneratedFile, D:\STM32\Lab\Practice3-i2c-eeprom-random-number\Core\Inc\stm32l4xx_it.h_save
2025-11-30 20:28:49,297 [INFO] CodeEngine:289 - Generated code: D:\STM32\Lab\Practice3-i2c-eeprom-random-number\Core\Inc\stm32l4xx_it.h
2025-11-30 20:28:49,312 [INFO] CodeEngine:265 - oldGeneratedFile, D:\STM32\Lab\Practice3-i2c-eeprom-random-number\Core\Src\stm32l4xx_hal_msp.c_save
2025-11-30 20:28:49,418 [INFO] CodeEngine:289 - Generated code: D:\STM32\Lab\Practice3-i2c-eeprom-random-number\Core\Src\stm32l4xx_hal_msp.c
2025-11-30 20:28:49,422 [INFO] CodeEngine:265 - oldGeneratedFile, D:\STM32\Lab\Practice3-i2c-eeprom-random-number\MXTmpFiles\system.tmp_save
2025-11-30 20:28:49,466 [INFO] CodeEngine:289 - Generated code: D:\STM32\Lab\Practice3-i2c-eeprom-random-number\MXTmpFiles\system.tmp
2025-11-30 20:28:49,476 [INFO] CodeEngine:321 - oldGeneratedFile, D:\STM32\Lab\Practice3-i2c-eeprom-random-number\Core\Inc\stm32l4xx_hal_conf.h_save
2025-11-30 20:28:49,526 [INFO] CodeEngine:345 - Generated code: D:\STM32\Lab\Practice3-i2c-eeprom-random-number\Core\Inc\stm32l4xx_hal_conf.h
2025-11-30 20:28:49,554 [INFO] ApiDbMcu:532 - Load IP Config File for I2C1
2025-11-30 20:28:49,565 [INFO] ApiDbMcu:532 - Load IP Config File for TIM2
2025-11-30 20:28:49,569 [INFO] ApiDbMcu:532 - Load IP Config File for RCC
2025-11-30 20:28:49,572 [WARN] IPConfigManager:3811 - IP not found : TIM
2025-11-30 20:28:49,574 [WARN] CodeGenerator:4259 - IP not found : null
2025-11-30 20:28:49,580 [INFO] CodeEngine:265 - oldGeneratedFile, D:\STM32\Lab\Practice3-i2c-eeprom-random-number\Core\Inc\main.h_save
2025-11-30 20:28:49,654 [INFO] CodeEngine:289 - Generated code: D:\STM32\Lab\Practice3-i2c-eeprom-random-number\Core\Inc\main.h
2025-11-30 20:28:49,660 [INFO] CodeEngine:265 - oldGeneratedFile, D:\STM32\Lab\Practice3-i2c-eeprom-random-number\Core\Src\main.c_save
2025-11-30 20:28:49,793 [INFO] CodeEngine:289 - Generated code: D:\STM32\Lab\Practice3-i2c-eeprom-random-number\Core\Src\main.c
2025-11-30 20:28:50,348 [INFO] ProjectBuilder:3606 - Time for Copy HAL[1] : 331mS.
2025-11-30 20:28:50,359 [INFO] ProjectBuilder:5216 - Project Generator version: 4.7.0-B52
2025-11-30 20:28:50,431 [INFO] ConfigFileManager:1595 - The Die is : DIE415
2025-11-30 20:28:50,436 [INFO] ApiDbMcu:532 - Load IP Config File for FATFS
2025-11-30 20:28:50,446 [INFO] ApiDbMcu:532 - Load IP Config File for TOUCHSENSING
2025-11-30 20:28:50,451 [INFO] ApiDbMcu:532 - Load IP Config File for USB_DEVICE
2025-11-30 20:28:50,456 [INFO] ApiDbMcu:532 - Load IP Config File for USB_HOST
2025-11-30 20:28:50,856 [INFO] LogOutputStream:77 - [STDOUT_REDIRECT] 
2025-11-30 20:28:52,574 [INFO] ProjectBuilder:5496 - Time for Generating toolchain IDE Files: 2214mS.
2025-11-30 20:28:52,574 [INFO] ProjectBuilder:3463 - Time for Copy CMSIS : 0mS.
2025-11-30 20:28:52,580 [INFO] ProjectBuilder:3463 - Time for Copy CMSIS : 0mS.
2025-11-30 21:31:07,897 [INFO] Gpio:278 - dependency for GPIO [I2C1]
2025-11-30 21:31:37,489 [INFO] NvicIntPanel:101 - NVIC parent = com.st.microxplorer.plugins.ip.nvic.MultiNvicIntPanel[,2,27,654x495,layout=javax.swing.BoxLayout,alignmentX=0.0,alignmentY=0.0,border=,flags=9,maximumSize=,minimumSize=,preferredSize=]
2025-11-30 21:36:16,389 [INFO] NvicIntPanel:101 - NVIC parent = com.st.microxplorer.plugins.ip.nvic.MultiNvicIntPanel[,0,0,575x380,layout=javax.swing.BoxLayout,alignmentX=0.0,alignmentY=0.0,border=,flags=9,maximumSize=,minimumSize=,preferredSize=]
2025-11-30 21:38:14,066 [INFO] I2cTimingTraitement:330 - 0x10D19CE4
2025-11-30 21:38:30,306 [INFO] NvicIntPanel:101 - NVIC parent = com.st.microxplorer.plugins.ip.nvic.MultiNvicIntPanel[,0,0,575x361,layout=javax.swing.BoxLayout,alignmentX=0.0,alignmentY=0.0,border=,flags=9,maximumSize=,minimumSize=,preferredSize=]
2025-11-30 21:39:55,341 [INFO] NvicIntPanel:101 - NVIC parent = com.st.microxplorer.plugins.ip.nvic.MultiNvicIntPanel[,0,0,0x0,invalid,layout=javax.swing.BoxLayout,alignmentX=0.0,alignmentY=0.0,border=,flags=9,maximumSize=,minimumSize=,preferredSize=]
2025-11-30 21:39:55,393 [INFO] I2cTimingTraitement:330 - 0x10D09CE8
2025-11-30 21:39:55,472 [INFO] NvicIntPanel:101 - NVIC parent = com.st.microxplorer.plugins.ip.nvic.MultiNvicIntPanel[,0,0,0x0,invalid,layout=javax.swing.BoxLayout,alignmentX=0.0,alignmentY=0.0,border=,flags=9,maximumSize=,minimumSize=,preferredSize=]
2025-11-30 21:39:56,952 [INFO] NvicIntPanel:101 - NVIC parent = com.st.microxplorer.plugins.ip.nvic.MultiNvicIntPanel[,0,0,0x0,invalid,layout=javax.swing.BoxLayout,alignmentX=0.0,alignmentY=0.0,border=,flags=9,maximumSize=,minimumSize=,preferredSize=]
2025-11-30 21:39:56,998 [INFO] I2cTimingTraitement:330 - 0x10909CEC
2025-11-30 21:39:57,051 [INFO] NvicIntPanel:101 - NVIC parent = com.st.microxplorer.plugins.ip.nvic.MultiNvicIntPanel[,0,0,0x0,invalid,layout=javax.swing.BoxLayout,alignmentX=0.0,alignmentY=0.0,border=,flags=9,maximumSize=,minimumSize=,preferredSize=]
2025-11-30 21:40:08,537 [INFO] UtilMem:75 - End SaveConfig() Used Memory: 907471520 Bytes (1073741824)
2025-11-30 21:40:09,761 [INFO] UtilMem:75 - End SaveConfig() Used Memory: 930540248 Bytes (1073741824)
2025-11-30 21:40:11,196 [INFO] UtilMem:75 - End SaveConfig() Used Memory: 975310656 Bytes (1073741824)
2025-11-30 21:40:12,619 [INFO] BlockDiagram:2775 - set Specific Code input for plugin: FREERTOS
2025-11-30 21:40:12,619 [INFO] BlockDiagram:2775 - set Specific Code input for plugin: TIM1_8L4
2025-11-30 21:40:12,619 [INFO] BlockDiagram:2775 - set Specific Code input for plugin: SYS
2025-11-30 21:40:12,619 [INFO] BlockDiagram:2775 - set Specific Code input for plugin: RCC
2025-11-30 21:40:12,619 [INFO] BlockDiagram:2775 - set Specific Code input for plugin: I2C
2025-11-30 21:40:12,619 [INFO] BlockDiagram:2775 - set Specific Code input for plugin: NVIC
2025-11-30 21:40:12,620 [INFO] BlockDiagram:2775 - set Specific Code input for plugin: GPIO
2025-11-30 21:40:12,620 [INFO] CodeGenerator:892 - code generatio: config db path: C:\ST\STM32CubeIDE_1.19.0\STM32CubeIDE\plugins\com.st.stm32cube.common.mx_6.15.0.202507011659\\db\
2025-11-30 21:40:12,699 [INFO] CodeEngine:265 - oldGeneratedFile, D:\STM32\Lab\Practice3-i2c-eeprom-random-number\MXTmpFiles\license.tmp_save
2025-11-30 21:40:12,947 [INFO] CodeEngine:289 - Generated code: D:\STM32\Lab\Practice3-i2c-eeprom-random-number\MXTmpFiles\license.tmp
2025-11-30 21:40:13,014 [INFO] CodeEngine:265 - oldGeneratedFile, D:\STM32\Lab\Practice3-i2c-eeprom-random-number\MXTmpFiles\gpio.tmp_save
2025-11-30 21:40:13,147 [INFO] CodeEngine:289 - Generated code: D:\STM32\Lab\Practice3-i2c-eeprom-random-number\MXTmpFiles\gpio.tmp
2025-11-30 21:40:13,481 [INFO] Middleware:1452 - No code input for Bsp Dependency
2025-11-30 21:40:13,481 [INFO] CodeEngine:265 - oldGeneratedFile, D:\STM32\Lab\Practice3-i2c-eeprom-random-number\MXTmpFiles\rtos_inc.tmp_save
2025-11-30 21:40:13,565 [INFO] CodeEngine:289 - Generated code: D:\STM32\Lab\Practice3-i2c-eeprom-random-number\MXTmpFiles\rtos_inc.tmp
2025-11-30 21:40:13,565 [INFO] CodeEngine:265 - oldGeneratedFile, D:\STM32\Lab\Practice3-i2c-eeprom-random-number\MXTmpFiles\rtos_kernelInit.tmp_save
2025-11-30 21:40:13,648 [INFO] CodeEngine:289 - Generated code: D:\STM32\Lab\Practice3-i2c-eeprom-random-number\MXTmpFiles\rtos_kernelInit.tmp
2025-11-30 21:40:13,648 [INFO] CodeEngine:265 - oldGeneratedFile, D:\STM32\Lab\Practice3-i2c-eeprom-random-number\MXTmpFiles\rtos_kernelStart.tmp_save
2025-11-30 21:40:13,715 [INFO] CodeEngine:289 - Generated code: D:\STM32\Lab\Practice3-i2c-eeprom-random-number\MXTmpFiles\rtos_kernelStart.tmp
2025-11-30 21:40:13,715 [INFO] CodeEngine:265 - oldGeneratedFile, D:\STM32\Lab\Practice3-i2c-eeprom-random-number\MXTmpFiles\rtos_typedefs.tmp_save
2025-11-30 21:40:13,764 [INFO] CodeEngine:289 - Generated code: D:\STM32\Lab\Practice3-i2c-eeprom-random-number\MXTmpFiles\rtos_typedefs.tmp
2025-11-30 21:40:13,781 [INFO] CodeEngine:265 - oldGeneratedFile, D:\STM32\Lab\Practice3-i2c-eeprom-random-number\MXTmpFiles\rtos_vars.tmp_save
2025-11-30 21:40:13,831 [INFO] CodeEngine:289 - Generated code: D:\STM32\Lab\Practice3-i2c-eeprom-random-number\MXTmpFiles\rtos_vars.tmp
2025-11-30 21:40:13,831 [INFO] CodeEngine:265 - oldGeneratedFile, D:\STM32\Lab\Practice3-i2c-eeprom-random-number\MXTmpFiles\rtos_pfp.tmp_save
2025-11-30 21:40:13,881 [INFO] CodeEngine:289 - Generated code: D:\STM32\Lab\Practice3-i2c-eeprom-random-number\MXTmpFiles\rtos_pfp.tmp
2025-11-30 21:40:13,898 [INFO] CodeEngine:265 - oldGeneratedFile, D:\STM32\Lab\Practice3-i2c-eeprom-random-number\MXTmpFiles\rtos_obj_creat.tmp_save
2025-11-30 21:40:13,948 [INFO] CodeEngine:289 - Generated code: D:\STM32\Lab\Practice3-i2c-eeprom-random-number\MXTmpFiles\rtos_obj_creat.tmp
2025-11-30 21:40:13,948 [INFO] CodeEngine:265 - oldGeneratedFile, D:\STM32\Lab\Practice3-i2c-eeprom-random-number\MXTmpFiles\rtos_default_thread.tmp_save
2025-11-30 21:40:14,001 [INFO] CodeEngine:289 - Generated code: D:\STM32\Lab\Practice3-i2c-eeprom-random-number\MXTmpFiles\rtos_default_thread.tmp
2025-11-30 21:40:14,004 [INFO] CodeEngine:265 - oldGeneratedFile, D:\STM32\Lab\Practice3-i2c-eeprom-random-number\MXTmpFiles\rtos_threads.tmp_save
2025-11-30 21:40:14,050 [INFO] CodeEngine:289 - Generated code: D:\STM32\Lab\Practice3-i2c-eeprom-random-number\MXTmpFiles\rtos_threads.tmp
2025-11-30 21:40:14,062 [INFO] Middleware:1452 - No code input for Bsp Dependency
2025-11-30 21:40:14,069 [INFO] CodeEngine:265 - oldGeneratedFile, D:\STM32\Lab\Practice3-i2c-eeprom-random-number\MXTmpFiles\rtos_inc.tmp_save
2025-11-30 21:40:14,115 [INFO] CodeEngine:289 - Generated code: D:\STM32\Lab\Practice3-i2c-eeprom-random-number\MXTmpFiles\rtos_inc.tmp
2025-11-30 21:40:14,119 [INFO] CodeEngine:265 - oldGeneratedFile, D:\STM32\Lab\Practice3-i2c-eeprom-random-number\MXTmpFiles\rtos_kernelInit.tmp_save
2025-11-30 21:40:14,164 [INFO] CodeEngine:289 - Generated code: D:\STM32\Lab\Practice3-i2c-eeprom-random-number\MXTmpFiles\rtos_kernelInit.tmp
2025-11-30 21:40:14,169 [INFO] CodeEngine:265 - oldGeneratedFile, D:\STM32\Lab\Practice3-i2c-eeprom-random-number\MXTmpFiles\rtos_kernelStart.tmp_save
2025-11-30 21:40:14,213 [INFO] CodeEngine:289 - Generated code: D:\STM32\Lab\Practice3-i2c-eeprom-random-number\MXTmpFiles\rtos_kernelStart.tmp
2025-11-30 21:40:14,218 [INFO] CodeEngine:265 - oldGeneratedFile, D:\STM32\Lab\Practice3-i2c-eeprom-random-number\MXTmpFiles\rtos_typedefs.tmp_save
2025-11-30 21:40:14,263 [INFO] CodeEngine:289 - Generated code: D:\STM32\Lab\Practice3-i2c-eeprom-random-number\MXTmpFiles\rtos_typedefs.tmp
2025-11-30 21:40:14,268 [INFO] CodeEngine:265 - oldGeneratedFile, D:\STM32\Lab\Practice3-i2c-eeprom-random-number\MXTmpFiles\rtos_vars.tmp_save
2025-11-30 21:40:14,314 [INFO] CodeEngine:289 - Generated code: D:\STM32\Lab\Practice3-i2c-eeprom-random-number\MXTmpFiles\rtos_vars.tmp
2025-11-30 21:40:14,319 [INFO] CodeEngine:265 - oldGeneratedFile, D:\STM32\Lab\Practice3-i2c-eeprom-random-number\MXTmpFiles\rtos_pfp.tmp_save
2025-11-30 21:40:14,362 [INFO] CodeEngine:289 - Generated code: D:\STM32\Lab\Practice3-i2c-eeprom-random-number\MXTmpFiles\rtos_pfp.tmp
2025-11-30 21:40:14,367 [INFO] CodeEngine:265 - oldGeneratedFile, D:\STM32\Lab\Practice3-i2c-eeprom-random-number\MXTmpFiles\rtos_obj_creat.tmp_save
2025-11-30 21:40:14,415 [INFO] CodeEngine:289 - Generated code: D:\STM32\Lab\Practice3-i2c-eeprom-random-number\MXTmpFiles\rtos_obj_creat.tmp
2025-11-30 21:40:14,420 [INFO] CodeEngine:265 - oldGeneratedFile, D:\STM32\Lab\Practice3-i2c-eeprom-random-number\MXTmpFiles\rtos_default_thread.tmp_save
2025-11-30 21:40:14,466 [INFO] CodeEngine:289 - Generated code: D:\STM32\Lab\Practice3-i2c-eeprom-random-number\MXTmpFiles\rtos_default_thread.tmp
2025-11-30 21:40:14,471 [INFO] CodeEngine:265 - oldGeneratedFile, D:\STM32\Lab\Practice3-i2c-eeprom-random-number\MXTmpFiles\rtos_threads.tmp_save
2025-11-30 21:40:14,515 [INFO] CodeEngine:289 - Generated code: D:\STM32\Lab\Practice3-i2c-eeprom-random-number\MXTmpFiles\rtos_threads.tmp
2025-11-30 21:40:14,519 [INFO] CodeEngine:265 - oldGeneratedFile, D:\STM32\Lab\Practice3-i2c-eeprom-random-number\Core\Inc\FreeRTOSConfig.h_save
2025-11-30 21:40:14,591 [INFO] CodeEngine:289 - Generated code: D:\STM32\Lab\Practice3-i2c-eeprom-random-number\Core\Inc\FreeRTOSConfig.h
2025-11-30 21:40:14,595 [INFO] CodeEngine:265 - oldGeneratedFile, D:\STM32\Lab\Practice3-i2c-eeprom-random-number\Core\Src\freertos.c_save
2025-11-30 21:40:14,644 [INFO] CodeEngine:289 - Generated code: D:\STM32\Lab\Practice3-i2c-eeprom-random-number\Core\Src\freertos.c
2025-11-30 21:40:14,657 [INFO] CodeEngine:265 - oldGeneratedFile, D:\STM32\Lab\Practice3-i2c-eeprom-random-number\Core\Src\stm32l4xx_it.c_save
2025-11-30 21:40:14,848 [INFO] CodeEngine:289 - Generated code: D:\STM32\Lab\Practice3-i2c-eeprom-random-number\Core\Src\stm32l4xx_it.c
2025-11-30 21:40:14,855 [INFO] CodeEngine:265 - oldGeneratedFile, D:\STM32\Lab\Practice3-i2c-eeprom-random-number\Core\Inc\stm32l4xx_it.h_save
2025-11-30 21:40:14,906 [INFO] CodeEngine:289 - Generated code: D:\STM32\Lab\Practice3-i2c-eeprom-random-number\Core\Inc\stm32l4xx_it.h
2025-11-30 21:40:14,920 [INFO] CodeEngine:265 - oldGeneratedFile, D:\STM32\Lab\Practice3-i2c-eeprom-random-number\Core\Src\stm32l4xx_hal_msp.c_save
2025-11-30 21:40:15,049 [INFO] CodeEngine:289 - Generated code: D:\STM32\Lab\Practice3-i2c-eeprom-random-number\Core\Src\stm32l4xx_hal_msp.c
2025-11-30 21:40:15,049 [INFO] CodeEngine:265 - oldGeneratedFile, D:\STM32\Lab\Practice3-i2c-eeprom-random-number\MXTmpFiles\system.tmp_save
2025-11-30 21:40:15,099 [INFO] CodeEngine:289 - Generated code: D:\STM32\Lab\Practice3-i2c-eeprom-random-number\MXTmpFiles\system.tmp
2025-11-30 21:40:15,113 [INFO] CodeEngine:321 - oldGeneratedFile, D:\STM32\Lab\Practice3-i2c-eeprom-random-number\Core\Inc\stm32l4xx_hal_conf.h_save
2025-11-30 21:40:15,166 [INFO] CodeEngine:345 - Generated code: D:\STM32\Lab\Practice3-i2c-eeprom-random-number\Core\Inc\stm32l4xx_hal_conf.h
2025-11-30 21:40:15,182 [WARN] IPConfigManager:3811 - IP not found : TIM
2025-11-30 21:40:15,182 [WARN] CodeGenerator:4259 - IP not found : null
2025-11-30 21:40:15,200 [INFO] CodeEngine:265 - oldGeneratedFile, D:\STM32\Lab\Practice3-i2c-eeprom-random-number\Core\Inc\main.h_save
2025-11-30 21:40:15,266 [INFO] CodeEngine:289 - Generated code: D:\STM32\Lab\Practice3-i2c-eeprom-random-number\Core\Inc\main.h
2025-11-30 21:40:15,266 [INFO] CodeEngine:265 - oldGeneratedFile, D:\STM32\Lab\Practice3-i2c-eeprom-random-number\Core\Src\main.c_save
2025-11-30 21:40:15,366 [INFO] CodeEngine:289 - Generated code: D:\STM32\Lab\Practice3-i2c-eeprom-random-number\Core\Src\main.c
2025-11-30 21:40:15,733 [INFO] ProjectBuilder:3606 - Time for Copy HAL[1] : 233mS.
2025-11-30 21:40:15,737 [INFO] ProjectBuilder:5216 - Project Generator version: 4.7.0-B52
2025-11-30 21:40:15,784 [INFO] ConfigFileManager:1595 - The Die is : DIE415
2025-11-30 21:40:16,643 [INFO] ProjectBuilder:5496 - Time for Generating toolchain IDE Files: 905mS.
2025-11-30 21:40:16,643 [INFO] ProjectBuilder:3463 - Time for Copy CMSIS : 0mS.
2025-11-30 21:40:16,649 [INFO] ProjectBuilder:3463 - Time for Copy CMSIS : 0mS.
2025-11-30 21:40:26,562 [ERROR] AdobePublisher:162 - Exception while opening the connection: java.net.SocketTimeoutException: Connect timed out
2025-11-30 21:46:01,879 [ERROR] RtosPanel:558 - Can not restore the selected Tab for FREERTOS(A reason can be that the tab is no more available.)
2025-11-30 23:16:52,436 [ERROR] LogOutputStream:75 - [STDERR_REDIRECT] 
2025-11-30 23:17:22,119 [INFO] Activator:176 - 


2025-11-30 23:17:22,120 [INFO] Activator:177 - !SESSION log4j initialized
2025-11-30 23:17:26,867 [INFO] LogOutputStream:77 - [STDOUT_REDIRECT] 
2025-11-30 23:17:29,079 [INFO] ApplicationProperties:184 - Using Application install path: C:\ST\STM32CubeIDE_1.19.0\STM32CubeIDE\plugins\com.st.stm32cube.common.mx_6.15.0.202507011659
2025-11-30 23:17:29,097 [INFO] DbMcusXml:78 - Set database path to: C:\ST\STM32CubeIDE_1.19.0\STM32CubeIDE\plugins\com.st.stm32cube.common.mx_6.15.0.202507011659\\db\/mcu/
2025-11-30 23:17:29,097 [INFO] ApiDb:274 - Set plugin database path to: C:\ST\STM32CubeIDE_1.19.0\STM32CubeIDE\plugins\com.st.stm32cube.common.mx_6.15.0.202507011659\\db\/plugins/boardmanager/
2025-11-30 23:17:29,097 [WARN] ApiDb:259 - Overriding images path with different value:  => C:\ST\STM32CubeIDE_1.19.0\STM32CubeIDE\plugins\com.st.stm32cube.common.mx_6.15.0.202507011659\\db\/plugins/mcufinder/images/
2025-11-30 23:17:29,102 [INFO] ApiDb:250 - Set database path to: C:\Users\user\.stmcufinder\plugins\mcufinder//mcu/
2025-11-30 23:17:29,103 [INFO] DbMcusAds:125 - Set database path to: C:\Users\user\.stmcufinder\plugins\mcufinder//mcu/
2025-11-30 23:17:29,104 [INFO] CrossReferenceDbSqlite:203 - Set database path to: C:\Users\user\.stmcufinder\plugins\mcufinder//mcu/cs/
2025-11-30 23:17:29,186 [INFO] RulesReader:64 - Compatibility file has been processed (317 Rules)
2025-11-30 23:17:29,260 [INFO] DbMcusXml:78 - Set database path to: C:\ST\STM32CubeIDE_1.19.0\STM32CubeIDE\plugins\com.st.stm32cube.common.mx_6.15.0.202507011659\\db\/mcu/
2025-11-30 23:17:29,260 [INFO] ApiDb:274 - Set plugin database path to: C:\ST\STM32CubeIDE_1.19.0\STM32CubeIDE\plugins\com.st.stm32cube.common.mx_6.15.0.202507011659\\db\/plugins/boardmanager/
2025-11-30 23:17:29,260 [INFO] ApiDb:261 - Set plugin images path to: C:\ST\STM32CubeIDE_1.19.0\STM32CubeIDE\plugins\com.st.stm32cube.common.mx_6.15.0.202507011659\\db\/plugins/mcufinder/images/
2025-11-30 23:17:29,261 [WARN] DbFile:41 - Overriding database path with different value: C:\Users\user\.stmcufinder\plugins\mcufinder/ => C:\Users\user\.stmcufinder\plugins\mcufinder
2025-11-30 23:17:29,261 [INFO] ApiDb:250 - Set database path to: C:\Users\user\.stmcufinder\plugins\mcufinder//mcu/
2025-11-30 23:17:29,261 [WARN] DbFile:41 - Overriding database path with different value: C:\Users\user\.stmcufinder\plugins\mcufinder/ => C:\Users\user\.stmcufinder\plugins\mcufinder
2025-11-30 23:17:29,261 [INFO] DbMcusAds:125 - Set database path to: C:\Users\user\.stmcufinder\plugins\mcufinder//mcu/
2025-11-30 23:17:29,261 [WARN] DbFile:41 - Overriding database path with different value: C:\Users\user\.stmcufinder\plugins\mcufinder/ => C:\Users\user\.stmcufinder\plugins\mcufinder
2025-11-30 23:17:29,261 [WARN] DbFile:41 - Overriding database path with different value: C:\Users\user\.stmcufinder\plugins\mcufinder/ => C:\Users\user\.stmcufinder\plugins\mcufinder
2025-11-30 23:17:29,261 [INFO] CrossReferenceDbSqlite:203 - Set database path to: C:\Users\user\.stmcufinder\plugins\mcufinder//mcu/cs/
2025-11-30 23:17:29,321 [INFO] MainPanel:274 - HeapMemory: 268435456
2025-11-30 23:17:29,384 [INFO] DbMcusXml:78 - Set database path to: C:\ST\STM32CubeIDE_1.19.0\STM32CubeIDE\plugins\com.st.stm32cube.common.mx_6.15.0.202507011659\\db\/mcu/
2025-11-30 23:17:29,384 [INFO] ApiDb:274 - Set plugin database path to: C:\ST\STM32CubeIDE_1.19.0\STM32CubeIDE\plugins\com.st.stm32cube.common.mx_6.15.0.202507011659\\db\/plugins/boardmanager/
2025-11-30 23:17:29,384 [INFO] ApiDb:261 - Set plugin images path to: C:\ST\STM32CubeIDE_1.19.0\STM32CubeIDE\plugins\com.st.stm32cube.common.mx_6.15.0.202507011659\\db\/plugins/mcufinder/images/
2025-11-30 23:17:29,385 [WARN] DbFile:41 - Overriding database path with different value: C:\Users\user\.stmcufinder\plugins\mcufinder/ => C:\Users\user\.stmcufinder\plugins\mcufinder
2025-11-30 23:17:29,385 [INFO] ApiDb:250 - Set database path to: C:\Users\user\.stmcufinder\plugins\mcufinder//mcu/
2025-11-30 23:17:29,385 [WARN] DbFile:41 - Overriding database path with different value: C:\Users\user\.stmcufinder\plugins\mcufinder/ => C:\Users\user\.stmcufinder\plugins\mcufinder
2025-11-30 23:17:29,385 [INFO] DbMcusAds:125 - Set database path to: C:\Users\user\.stmcufinder\plugins\mcufinder//mcu/
2025-11-30 23:17:29,385 [WARN] DbFile:41 - Overriding database path with different value: C:\Users\user\.stmcufinder\plugins\mcufinder/ => C:\Users\user\.stmcufinder\plugins\mcufinder
2025-11-30 23:17:29,385 [WARN] DbFile:41 - Overriding database path with different value: C:\Users\user\.stmcufinder\plugins\mcufinder/ => C:\Users\user\.stmcufinder\plugins\mcufinder
2025-11-30 23:17:29,385 [INFO] CrossReferenceDbSqlite:203 - Set database path to: C:\Users\user\.stmcufinder\plugins\mcufinder//mcu/cs/
2025-11-30 23:17:29,400 [INFO] ApplicationProperties:184 - Using Application install path: C:\ST\STM32CubeIDE_1.19.0\STM32CubeIDE\plugins\com.st.stm32cube.common.mx_6.15.0.202507011659
2025-11-30 23:17:29,401 [INFO] PluginManage:196 - Search for loadable plugins [exclusion list=, ]
2025-11-30 23:17:29,402 [INFO] PluginManage:310 - Check plugin analytics
2025-11-30 23:17:29,582 [INFO] AnalyticsPlugin:253 - Accepted Software Licenses: 
2025-11-30 23:17:29,583 [INFO] AnalyticsPlugin:255 - Accepted CMSIS Pack Licenses: 
2025-11-30 23:17:29,583 [INFO] AnalyticsPlugin:257 - Accepted Firmware Licenses: FW.L4.1.18.0
2025-11-30 23:17:29,588 [INFO] PluginManage:359 - Loaded plugin analytics (category:tool,tabindex:-1)
2025-11-30 23:17:29,588 [INFO] PluginManage:310 - Check plugin cadmodel
2025-11-30 23:17:29,593 [INFO] CADModel:105 - Init CAD model plugin
2025-11-30 23:17:29,593 [INFO] PluginManage:359 - Loaded plugin cadmodel (category:power,tabindex:5)
2025-11-30 23:17:29,593 [INFO] PluginManage:310 - Check plugin clock
2025-11-30 23:17:29,600 [INFO] PluginManage:359 - Loaded plugin clock (category:base,tabindex:2)
2025-11-30 23:17:29,600 [INFO] PluginManage:310 - Check plugin ddr
2025-11-30 23:17:29,604 [INFO] PluginManage:359 - Loaded plugin ddr (category:tool,tabindex:6)
2025-11-30 23:17:29,605 [INFO] PluginManage:310 - Check plugin filemanager
2025-11-30 23:17:29,718 [INFO] PluginManage:359 - Loaded plugin filemanager (category:base,tabindex:10)
2025-11-30 23:17:29,718 [INFO] PluginManage:310 - Check plugin ipmanager
2025-11-30 23:17:29,724 [INFO] PluginManage:359 - Loaded plugin ipmanager (category:base,tabindex:5)
2025-11-30 23:17:29,724 [INFO] PluginManage:310 - Check plugin lpbam
2025-11-30 23:17:29,731 [INFO] PluginManage:359 - Loaded plugin lpbam (category:base,tabindex:0)
2025-11-30 23:17:29,732 [INFO] PluginManage:310 - Check plugin memorymap
2025-11-30 23:17:29,741 [INFO] PluginManage:359 - Loaded plugin memorymap (category:base,tabindex:4)
2025-11-30 23:17:29,741 [INFO] PluginManage:310 - Check plugin pinoutandconfiguration
2025-11-30 23:17:29,748 [INFO] PluginManage:359 - Loaded plugin pinoutandconfiguration (category:base,tabindex:1)
2025-11-30 23:17:29,749 [INFO] PluginManage:310 - Check plugin pinoutconfig
2025-11-30 23:17:29,832 [WARN] SupportedApi:132 - Cannot load RTOS API schema: s4s-elt-must-match.1: The content of 'definitions' must match (annotation?, (simpleType | complexType)?, (unique | key | keyref)*)). A problem was found starting at: attribute.
2025-11-30 23:17:29,929 [INFO] PluginManage:359 - Loaded plugin pinoutconfig (category:base,tabindex:0)
2025-11-30 23:17:29,929 [INFO] PluginManage:310 - Check plugin power
2025-11-30 23:17:29,935 [INFO] PluginManage:359 - Loaded plugin power (category:power,tabindex:4)
2025-11-30 23:17:29,935 [INFO] PluginManage:310 - Check plugin projectmanager
2025-11-30 23:17:29,949 [INFO] PluginManage:359 - Loaded plugin projectmanager (category:projectmanager,tabindex:4)
2025-11-30 23:17:29,950 [INFO] PluginManage:310 - Check plugin rif
2025-11-30 23:17:29,955 [INFO] PluginManage:359 - Loaded plugin rif (category:base,tabindex:3)
2025-11-30 23:17:29,955 [INFO] PluginManage:310 - Check plugin thirdparty
2025-11-30 23:17:30,065 [WARN] IntegrityCheckThread:84 - waiting for thirdparty lock release [integrity check]
2025-11-30 23:17:30,065 [INFO] IntegrityCheckThread:86 - entering critical section [integrity check]
2025-11-30 23:17:30,065 [INFO] ThirdPartyUpdaterWithRetryManager:70 - Updater plugin not ready yet. [1/15]
2025-11-30 23:17:30,066 [INFO] PluginManage:359 - Loaded plugin thirdparty (category:base,tabindex:-1)
2025-11-30 23:17:30,066 [INFO] PluginManage:310 - Check plugin tools
2025-11-30 23:17:30,070 [INFO] PluginManage:359 - Loaded plugin tools (category:base,tabindex:7)
2025-11-30 23:17:30,070 [INFO] PluginManage:310 - Check plugin tutovideos
2025-11-30 23:17:30,224 [INFO] PluginManage:359 - Loaded plugin tutovideos (category:base,tabindex:-1)
2025-11-30 23:17:30,224 [INFO] PluginManage:310 - Check plugin updater
2025-11-30 23:17:30,242 [INFO] PluginManage:359 - Loaded plugin updater (category:base,tabindex:12)
2025-11-30 23:17:30,243 [INFO] PluginManage:310 - Check plugin userauth
2025-11-30 23:17:30,248 [INFO] UserAuth:118 - Init User Auth plugin
2025-11-30 23:17:30,249 [INFO] PluginManage:359 - Loaded plugin userauth (category:base,tabindex:14)
2025-11-30 23:17:30,249 [INFO] PluginManage:283 - PluginManage : Loaded plugins [18]
2025-11-30 23:17:30,442 [INFO] PinOutPanel:1589 - setPackage(No Configuration,No Configuration)
2025-11-30 23:17:30,522 [INFO] CADModel:165 - CPN selected for project level
2025-11-30 23:17:30,522 [INFO] CADModel:114 - Register for checkConnection events
2025-11-30 23:17:30,533 [INFO] IPUIPlugin:80 - create IPUIPlugin
2025-11-30 23:17:30,534 [INFO] PluginManager:220 - loadIPPluginJar : add adc
2025-11-30 23:17:30,537 [INFO] IPUIPlugin:80 - create IPUIPlugin
2025-11-30 23:17:30,537 [INFO] PluginManager:220 - loadIPPluginJar : add aes
2025-11-30 23:17:30,539 [INFO] IPUIPlugin:80 - create IPUIPlugin
2025-11-30 23:17:30,539 [INFO] PluginManager:220 - loadIPPluginJar : add can
2025-11-30 23:17:30,540 [INFO] IPUIPlugin:80 - create IPUIPlugin
2025-11-30 23:17:30,540 [INFO] PluginManager:220 - loadIPPluginJar : add comp
2025-11-30 23:17:30,542 [INFO] IPUIPlugin:80 - create IPUIPlugin
2025-11-30 23:17:30,542 [INFO] PluginManager:220 - loadIPPluginJar : add cryp
2025-11-30 23:17:30,543 [INFO] IPUIPlugin:80 - create IPUIPlugin
2025-11-30 23:17:30,544 [INFO] PluginManager:220 - loadIPPluginJar : add ddr_ctrl_phy
2025-11-30 23:17:30,545 [INFO] IPUIPlugin:80 - create IPUIPlugin
2025-11-30 23:17:30,545 [INFO] PluginManager:220 - loadIPPluginJar : add dfsdm
2025-11-30 23:17:30,548 [INFO] IPUIPlugin:80 - create IPUIPlugin
2025-11-30 23:17:30,549 [INFO] PluginManager:220 - loadIPPluginJar : add dma
2025-11-30 23:17:30,550 [INFO] IPUIPlugin:80 - create IPUIPlugin
2025-11-30 23:17:30,550 [INFO] PluginManager:220 - loadIPPluginJar : add dma3
2025-11-30 23:17:30,552 [INFO] IPUIPlugin:80 - create IPUIPlugin
2025-11-30 23:17:30,552 [INFO] PluginManager:220 - loadIPPluginJar : add extmemmanager
2025-11-30 23:17:30,553 [INFO] IPUIPlugin:80 - create IPUIPlugin
2025-11-30 23:17:30,553 [INFO] PluginManager:220 - loadIPPluginJar : add fatfs
2025-11-30 23:17:30,556 [INFO] IPUIPlugin:80 - create IPUIPlugin
2025-11-30 23:17:30,556 [INFO] PluginManager:220 - loadIPPluginJar : add fmc
2025-11-30 23:17:30,562 [INFO] IPUIPlugin:80 - create IPUIPlugin
2025-11-30 23:17:30,563 [INFO] PluginManager:220 - loadIPPluginJar : add freertos
2025-11-30 23:17:30,564 [INFO] IPUIPlugin:80 - create IPUIPlugin
2025-11-30 23:17:30,564 [INFO] PluginManager:220 - loadIPPluginJar : add genericplugin
2025-11-30 23:17:30,567 [INFO] IPUIPlugin:80 - create IPUIPlugin
2025-11-30 23:17:30,567 [INFO] PluginManager:220 - loadIPPluginJar : add gfxmmu
2025-11-30 23:17:30,571 [INFO] IPUIPlugin:80 - create IPUIPlugin
2025-11-30 23:17:30,571 [INFO] PluginManager:220 - loadIPPluginJar : add gic
2025-11-30 23:17:30,575 [INFO] IPUIPlugin:80 - create IPUIPlugin
2025-11-30 23:17:30,575 [INFO] PluginManager:220 - loadIPPluginJar : add gpio
2025-11-30 23:17:30,578 [INFO] IPUIPlugin:80 - create IPUIPlugin
2025-11-30 23:17:30,578 [INFO] PluginManager:220 - loadIPPluginJar : add gtzc
2025-11-30 23:17:30,580 [INFO] IPUIPlugin:80 - create IPUIPlugin
2025-11-30 23:17:30,580 [INFO] PluginManager:220 - loadIPPluginJar : add hash
2025-11-30 23:17:30,582 [INFO] IPUIPlugin:80 - create IPUIPlugin
2025-11-30 23:17:30,582 [INFO] PluginManager:220 - loadIPPluginJar : add i2c
2025-11-30 23:17:30,584 [INFO] IPUIPlugin:80 - create IPUIPlugin
2025-11-30 23:17:30,584 [INFO] PluginManager:220 - loadIPPluginJar : add i2s
2025-11-30 23:17:30,587 [INFO] IPUIPlugin:80 - create IPUIPlugin
2025-11-30 23:17:30,587 [INFO] PluginManager:220 - loadIPPluginJar : add i3c
2025-11-30 23:17:30,590 [INFO] IPUIPlugin:80 - create IPUIPlugin
2025-11-30 23:17:30,590 [INFO] PluginManager:220 - loadIPPluginJar : add ipddr
2025-11-30 23:17:30,595 [INFO] IPUIPlugin:80 - create IPUIPlugin
2025-11-30 23:17:30,595 [INFO] PluginManager:220 - loadIPPluginJar : add linkedlist
2025-11-30 23:17:30,599 [INFO] IPUIPlugin:80 - create IPUIPlugin
2025-11-30 23:17:30,600 [INFO] PluginManager:220 - loadIPPluginJar : add lorawan
2025-11-30 23:17:30,601 [INFO] IPUIPlugin:80 - create IPUIPlugin
2025-11-30 23:17:30,601 [INFO] PluginManager:220 - loadIPPluginJar : add ltdc
2025-11-30 23:17:30,604 [INFO] IPUIPlugin:80 - create IPUIPlugin
2025-11-30 23:17:30,604 [INFO] PluginManager:220 - loadIPPluginJar : add mdma
2025-11-30 23:17:30,606 [INFO] IPUIPlugin:80 - create IPUIPlugin
2025-11-30 23:17:30,606 [INFO] PluginManager:220 - loadIPPluginJar : add nvic
2025-11-30 23:17:30,608 [INFO] IPUIPlugin:80 - create IPUIPlugin
2025-11-30 23:17:30,608 [INFO] PluginManager:220 - loadIPPluginJar : add opamp
2025-11-30 23:17:30,610 [INFO] IPUIPlugin:80 - create IPUIPlugin
2025-11-30 23:17:30,610 [INFO] PluginManager:220 - loadIPPluginJar : add openamp
2025-11-30 23:17:30,612 [INFO] IPUIPlugin:80 - create IPUIPlugin
2025-11-30 23:17:30,612 [INFO] PluginManager:220 - loadIPPluginJar : add pdm2pcm
2025-11-30 23:17:30,616 [INFO] IPUIPlugin:80 - create IPUIPlugin
2025-11-30 23:17:30,617 [INFO] PluginManager:220 - loadIPPluginJar : add plateformsettings
2025-11-30 23:17:30,619 [INFO] IPUIPlugin:80 - create IPUIPlugin
2025-11-30 23:17:30,619 [INFO] PluginManager:220 - loadIPPluginJar : add quadspi
2025-11-30 23:17:30,622 [INFO] IPUIPlugin:80 - create IPUIPlugin
2025-11-30 23:17:30,622 [INFO] PluginManager:220 - loadIPPluginJar : add radio
2025-11-30 23:17:30,625 [INFO] IPUIPlugin:80 - create IPUIPlugin
2025-11-30 23:17:30,625 [INFO] PluginManager:220 - loadIPPluginJar : add resmgrutility
2025-11-30 23:17:30,627 [INFO] IPUIPlugin:80 - create IPUIPlugin
2025-11-30 23:17:30,627 [INFO] PluginManager:220 - loadIPPluginJar : add sai
2025-11-30 23:17:30,628 [INFO] IPUIPlugin:80 - create IPUIPlugin
2025-11-30 23:17:30,628 [INFO] PluginManager:220 - loadIPPluginJar : add spi
2025-11-30 23:17:30,632 [INFO] IPUIPlugin:80 - create IPUIPlugin
2025-11-30 23:17:30,632 [INFO] PluginManager:220 - loadIPPluginJar : add stm32_wpan
2025-11-30 23:17:30,633 [INFO] IPUIPlugin:80 - create IPUIPlugin
2025-11-30 23:17:30,633 [INFO] PluginManager:220 - loadIPPluginJar : add tim
2025-11-30 23:17:30,635 [INFO] IPUIPlugin:80 - create IPUIPlugin
2025-11-30 23:17:30,635 [INFO] PluginManager:220 - loadIPPluginJar : add touchsensing
2025-11-30 23:17:30,636 [INFO] IPUIPlugin:80 - create IPUIPlugin
2025-11-30 23:17:30,636 [INFO] PluginManager:220 - loadIPPluginJar : add tracer_emb
2025-11-30 23:17:30,637 [INFO] IPUIPlugin:80 - create IPUIPlugin
2025-11-30 23:17:30,637 [INFO] PluginManager:220 - loadIPPluginJar : add ts
2025-11-30 23:17:30,638 [INFO] IPUIPlugin:80 - create IPUIPlugin
2025-11-30 23:17:30,638 [INFO] PluginManager:220 - loadIPPluginJar : add tsc
2025-11-30 23:17:30,641 [INFO] IPUIPlugin:80 - create IPUIPlugin
2025-11-30 23:17:30,641 [INFO] PluginManager:220 - loadIPPluginJar : add ucpd
2025-11-30 23:17:30,642 [INFO] IPUIPlugin:80 - create IPUIPlugin
2025-11-30 23:17:30,642 [INFO] PluginManager:220 - loadIPPluginJar : add usart
2025-11-30 23:17:30,644 [INFO] IPUIPlugin:80 - create IPUIPlugin
2025-11-30 23:17:30,644 [INFO] PluginManager:220 - loadIPPluginJar : add usbx
2025-11-30 23:17:30,765 [FATAL] Updater:351 - Updater called before beeing initialized
2025-11-30 23:17:30,789 [INFO] RulesReader:64 - Compatibility file has been processed (317 Rules)
2025-11-30 23:17:30,800 [INFO] RulesReader:64 - Compatibility file has been processed (317 Rules)
2025-11-30 23:17:30,811 [INFO] CADModel:165 - CPN selected for project level
2025-11-30 23:17:30,811 [INFO] CADModel:114 - Register for checkConnection events
2025-11-30 23:17:30,811 [FATAL] Updater:351 - Updater called before beeing initialized
2025-11-30 23:17:30,811 [ERROR] CADModel:125 - Updater not yet initialized, retry later 
2025-11-30 23:17:30,945 [FATAL] Updater:351 - Updater called before beeing initialized
2025-11-30 23:17:30,947 [INFO] CADModel:165 - CPN selected for project level
2025-11-30 23:17:30,947 [INFO] CADModel:114 - Register for checkConnection events
2025-11-30 23:17:30,947 [FATAL] Updater:351 - Updater called before beeing initialized
2025-11-30 23:17:30,947 [ERROR] CADModel:125 - Updater not yet initialized, retry later 
2025-11-30 23:17:30,949 [FATAL] Updater:351 - Updater called before beeing initialized
2025-11-30 23:17:31,082 [FATAL] Updater:351 - Updater called before beeing initialized
2025-11-30 23:17:31,098 [INFO] DbMcusAds:53 - JSON generation date=Mon Nov 10 18:43:00 CST 2025 (1762771380761)
2025-11-30 23:17:31,098 [FATAL] Updater:351 - Updater called before beeing initialized
2025-11-30 23:17:31,137 [WARN] DetailPanel:346 - Failed to get advertising image, set to default
2025-11-30 23:17:31,211 [FATAL] Updater:351 - Updater called before beeing initialized
2025-11-30 23:17:31,213 [FATAL] Updater:351 - Updater called before beeing initialized
2025-11-30 23:17:31,213 [FATAL] Updater:351 - Updater called before beeing initialized
2025-11-30 23:17:31,213 [WARN] DetailPanel:346 - Failed to get advertising image, set to default
2025-11-30 23:17:31,214 [FATAL] Updater:351 - Updater called before beeing initialized
2025-11-30 23:17:31,252 [ERROR] Updater:1198 - MainUpdater not yet initialized. External WinMGr cannot be set.
2025-11-30 23:17:31,253 [INFO] Updater:1134 - Updater Version found : 6.15.0
2025-11-30 23:17:31,263 [INFO] ApplicationProperties:184 - Using Application install path: C:\ST\STM32CubeIDE_1.19.0\STM32CubeIDE\plugins\com.st.stm32cube.common.mx_6.15.0.202507011659
2025-11-30 23:17:32,830 [ERROR] LogOutputStream:75 - [STDERR_REDIRECT] Nov 30, 2025 11:17:32 PM java.util.prefs.WindowsPreferences <init>
2025-11-30 23:17:32,832 [ERROR] LogOutputStream:75 - [STDERR_REDIRECT] WARNING: Could not open/create prefs root node Software\JavaSoft\Prefs at root 0xffffffff80000002. Windows RegCreateKeyEx(...) returned error code 5.
2025-11-30 23:17:32,832 [ERROR] LogOutputStream:75 - [STDERR_REDIRECT] 
2025-11-30 23:17:33,067 [INFO] ThirdPartyUpdaterWithRetryManager:70 - Updater plugin not ready yet. [2/15]
2025-11-30 23:17:33,178 [INFO] MainUpdater:2872 - connection check result : 10
2025-11-30 23:17:33,179 [INFO] MainUpdater:3604 - Updater definition file requires update
2025-11-30 23:17:33,179 [INFO] MainUpdater:289 - Updater Check For Update Now.
2025-11-30 23:17:33,179 [INFO] MicroXplorer:498 - Change Database Version : DB.6.0.150
2025-11-30 23:17:33,188 [INFO] McuFinderGlobals:63 - Set McuFinder mode to 2 (CubeIDE integrated)
2025-11-30 23:17:33,188 [INFO] UserAuth:171 - activating auth plugin
2025-11-30 23:17:33,190 [INFO] UserAuth:487 - Internet connection configuration mode: 1
2025-11-30 23:17:33,192 [INFO] ServerAccessManage:452 - Complete download http(s) 200
2025-11-30 23:17:33,193 [INFO] ServerAccessManage:509 - Download File updaters.zip
2025-11-30 23:17:33,236 [INFO] JxBrowserEngine:152 - Initiate JxBrowser Engine with user profile folder
2025-11-30 23:17:33,287 [INFO] FileExtend:248 - Unzip File : updaters.zip
2025-11-30 23:17:33,287 [INFO] FileExtend:263 - Standard Zip Deflate
2025-11-30 23:17:33,661 [INFO] ServerAccessManage:452 - Complete download http(s) 200
2025-11-30 23:17:33,661 [INFO] ServerAccessManage:509 - Download File PacksControlFlags.xml
2025-11-30 23:17:33,712 [INFO] ServerAccessManage:452 - Complete download http(s) 200
2025-11-30 23:17:33,712 [INFO] ServerAccessManage:509 - Download File cubemx.pidx
2025-11-30 23:17:33,853 [INFO] LoadServerUpdatesThread:375 - End of LoadServerUpdate Thread
2025-11-30 23:17:34,036 [INFO] CheckServerUpdateThread:120 - End of CheckServer Thread
2025-11-30 23:17:34,359 [INFO] WebApp:169 - Instantiating new browser for Auth
2025-11-30 23:17:34,878 [INFO] WebApp:463 - Apply proxy settings
2025-11-30 23:17:34,878 [INFO] WebApp:548 - Chromium requires no authentication
2025-11-30 23:17:34,884 [INFO] WebApp:491 - Direct internet connection detected
2025-11-30 23:17:34,900 [INFO] WebApp:900 - Register for checkConnection events
2025-11-30 23:17:34,900 [INFO] WebApp:463 - Apply proxy settings
2025-11-30 23:17:34,900 [INFO] WebApp:548 - Chromium requires no authentication
2025-11-30 23:17:34,900 [INFO] WebApp:491 - Direct internet connection detected
2025-11-30 23:17:35,008 [INFO] WebApp:225 - Starting web application
2025-11-30 23:17:35,008 [INFO] WebApp:593 - Web application path used C:\ST\STM32CubeIDE_1.19.0\STM32CubeIDE\plugins\com.st.stm32cube.common.mx_6.15.0.202507011659\db\plugins\mcufinder\reactClient1\index.html
2025-11-30 23:17:35,344 [INFO] WebApp:191 - Connection restablished
2025-11-30 23:17:36,412 [WARN] PackLoader:240 - Cannot read IP mode file for STMicroelectronics.FP-SNS-MOTENVWB1.1.4.0
2025-11-30 23:17:36,420 [WARN] PackLoader:240 - Cannot read IP mode file for STMicroelectronics.FP-ATR-ASTRA1.2.0.2
2025-11-30 23:17:36,426 [WARN] PackLoader:240 - Cannot read IP mode file for STMicroelectronics.X-CUBE-SMBUS.2.1.0
2025-11-30 23:17:36,429 [WARN] PackLoader:240 - Cannot read IP mode file for STMicroelectronics.X-CUBE-ST60.1.0.0
2025-11-30 23:17:36,451 [WARN] PackLoader:240 - Cannot read IP mode file for STMicroelectronics.X-CUBE-AZRTOS-F7.1.1.0
2025-11-30 23:17:36,457 [WARN] PackLoader:240 - Cannot read IP mode file for STMicroelectronics.FP-SNS-MOTENV1.5.1.0
2025-11-30 23:17:36,467 [WARN] PackLoader:240 - Cannot read IP mode file for WES.I-CUBE-Cesium.1.4.0
2025-11-30 23:17:36,484 [WARN] PackLoader:240 - Cannot read IP mode file for Infineon.AIROC-Wi-Fi-Bluetooth-STM32.1.7.1
2025-11-30 23:17:36,509 [WARN] PackLoader:240 - Cannot read IP mode file for STMicroelectronics.X-CUBE-AZRTOS-H7.3.4.0
2025-11-30 23:17:36,518 [WARN] PackLoader:240 - Cannot read IP mode file for STMicroelectronics.X-CUBE-DISPLAY.3.0.0
2025-11-30 23:17:36,529 [WARN] PackLoader:240 - Cannot read IP mode file for STMicroelectronics.X-CUBE-NFC10.1.0.0
2025-11-30 23:17:36,532 [WARN] PackLoader:240 - Cannot read IP mode file for STMicroelectronics.X-CUBE-ST60.1.1.0
2025-11-30 23:17:36,537 [WARN] PackLoader:240 - Cannot read IP mode file for emotas.I-CUBE-CANOPEN.1.3.0
2025-11-30 23:17:36,541 [WARN] PackLoader:240 - Cannot read IP mode file for STMicroelectronics.X-CUBE-GNSS1.7.1.0
2025-11-30 23:17:36,546 [WARN] PackLoader:240 - Cannot read IP mode file for STMicroelectronics.FP-SNS-STBOX1.2.1.0
2025-11-30 23:17:36,551 [WARN] PackLoader:240 - Cannot read IP mode file for STMicroelectronics.FP-SNS-SMARTAG2.1.2.0
2025-11-30 23:17:36,554 [WARN] PackLoader:240 - Cannot read IP mode file for STMicroelectronics.FP-SNS-FLIGHT1.5.1.0
2025-11-30 23:17:36,560 [INFO] LogOutputStream:77 - [STDOUT_REDIRECT] 1 : Invalid condition id : UX_CORESTACK_Condition cause : null
2025-11-30 23:17:36,561 [INFO] LogOutputStream:77 - [STDOUT_REDIRECT] 1 : Invalid condition id : UX_CORESTACK_Condition cause : null
2025-11-30 23:17:36,563 [INFO] LogOutputStream:77 - [STDOUT_REDIRECT] 1 : Invalid condition id : UX_CORESTACK_Condition cause : null
2025-11-30 23:17:36,564 [INFO] LogOutputStream:77 - [STDOUT_REDIRECT] 1 : Invalid condition id : UX_CORESTACK_Condition cause : null
2025-11-30 23:17:36,565 [INFO] LogOutputStream:77 - [STDOUT_REDIRECT] 1 : Invalid condition id : UX_CORESTACK_Condition cause : null
2025-11-30 23:17:36,567 [WARN] PackLoader:240 - Cannot read IP mode file for STMicroelectronics.X-CUBE-AZRTOS-WL.2.0.0
2025-11-30 23:17:36,571 [WARN] PackLoader:240 - Cannot read IP mode file for STMicroelectronics.FP-SNS-MOTENV1.5.0.0
2025-11-30 23:17:36,584 [WARN] PackLoader:240 - Cannot read IP mode file for STMicroelectronics.X-CUBE-AZRTOS-H7RS.1.2.0
2025-11-30 23:17:36,590 [WARN] PackLoader:240 - Cannot read IP mode file for STMicroelectronics.X-CUBE-BLE2.3.3.0
2025-11-30 23:17:36,610 [WARN] PackLoader:240 - Cannot read IP mode file for STMicroelectronics.X-CUBE-NFC9.1.0.0
2025-11-30 23:17:36,615 [WARN] PackLoader:240 - Cannot read IP mode file for wolfSSL.I-CUBE-wolfSSL.5.8.2
2025-11-30 23:17:36,619 [WARN] PackLoader:240 - Cannot read IP mode file for STMicroelectronics.X-CUBE-BLE1.7.1.0
2025-11-30 23:17:36,622 [WARN] PackLoader:240 - Cannot read IP mode file for wolfSSL.I-CUBE-wolfMQTT.1.19.2
2025-11-30 23:17:36,626 [WARN] PackLoader:240 - Cannot read IP mode file for STMicroelectronics.X-CUBE-FREERTOS.1.4.0
2025-11-30 23:17:36,631 [WARN] PackLoader:240 - Cannot read IP mode file for STMicroelectronics.X-CUBE-EEPRMA1.5.2.0
2025-11-30 23:17:36,638 [WARN] PackLoader:240 - Cannot read IP mode file for STMicroelectronics.X-CUBE-ST67W61.1.1.0
2025-11-30 23:17:36,666 [WARN] PackLoader:240 - Cannot read IP mode file for STMicroelectronics.X-CUBE-MEMS1.12.0.0
2025-11-30 23:17:36,738 [WARN] PackLoader:240 - Cannot read IP mode file for STMicroelectronics.X-CUBE-AZRTOS-G0.1.1.0
2025-11-30 23:17:36,744 [WARN] PackLoader:240 - Cannot read IP mode file for STMicroelectronics.X-CUBE-SAFEA1.1.2.2
2025-11-30 23:17:36,750 [WARN] PackLoader:240 - Cannot read IP mode file for STMicroelectronics.X-CUBE-NFC4.3.0.0
2025-11-30 23:17:36,761 [WARN] PackLoader:240 - Cannot read IP mode file for EmbeddedOffice.I-CUBE-FS-RTOS.1.0.1
2025-11-30 23:17:36,765 [WARN] PackLoader:240 - Cannot read IP mode file for STMicroelectronics.X-CUBE-WB05N.2.0.0
2025-11-30 23:17:36,770 [WARN] PackLoader:240 - Cannot read IP mode file for wolfSSL.I-CUBE-wolfTPM.3.8.0
2025-11-30 23:17:36,775 [WARN] PackLoader:240 - Cannot read IP mode file for STMicroelectronics.X-CUBE-TCPP.4.2.0
2025-11-30 23:17:36,779 [WARN] PackLoader:240 - Cannot read IP mode file for RealThread.X-CUBE-RT-Thread_Nano.4.1.1
2025-11-30 23:17:36,782 [WARN] PackLoader:240 - Cannot read IP mode file for STMicroelectronics.FP-ATR-SIGFOX1.3.2.0
2025-11-30 23:17:36,789 [WARN] PackLoader:240 - Cannot read IP mode file for ITTIA_DB.I-CUBE-ITTIADB.8.9.0
2025-11-30 23:17:36,796 [WARN] PackLoader:240 - Cannot read IP mode file for STMicroelectronics.X-CUBE-ST67W61.1.0.0
2025-11-30 23:17:36,800 [WARN] PackLoader:240 - Cannot read IP mode file for STMicroelectronics.X-CUBE-AI.10.2.0
2025-11-30 23:17:36,819 [WARN] PackLoader:240 - Cannot read IP mode file for SEGGER.I-CUBE-embOS.1.3.1
2025-11-30 23:17:36,857 [WARN] PackLoader:240 - Cannot read IP mode file for STMicroelectronics.X-CUBE-ALGOBUILD.1.4.0
2025-11-30 23:17:36,910 [WARN] PackLoader:240 - Cannot read IP mode file for STMicroelectronics.X-CUBE-MEMS1.11.3.0
2025-11-30 23:17:36,997 [WARN] PackLoader:240 - Cannot read IP mode file for STMicroelectronics.X-CUBE-PM33A1.1.0.0
2025-11-30 23:17:37,007 [WARN] PackLoader:240 - Cannot read IP mode file for STMicroelectronics.X-CUBE-AZRTOS-F4.1.1.0
2025-11-30 23:17:37,011 [WARN] PackLoader:240 - Cannot read IP mode file for Avnet-IotConnect.X-CUBE-IoTC-DA16k-PMOD.1.0.0
2025-11-30 23:17:37,014 [WARN] PackLoader:240 - Cannot read IP mode file for STMicroelectronics.X-CUBE-ISPU.2.1.0
2025-11-30 23:17:37,022 [WARN] PackLoader:240 - Cannot read IP mode file for STMicroelectronics.X-CUBE-IPS.3.2.0
2025-11-30 23:17:37,029 [WARN] PackLoader:240 - Cannot read IP mode file for STMicroelectronics.X-CUBE-NFC12.1.0.0
2025-11-30 23:17:37,041 [WARN] PackLoader:240 - Cannot read IP mode file for STMicroelectronics.X-CUBE-AZRTOS-L5.2.0.0
2025-11-30 23:17:37,046 [WARN] PackLoader:240 - Cannot read IP mode file for STMicroelectronics.X-CUBE-NFC6.3.1.0
2025-11-30 23:17:37,050 [WARN] PackLoader:240 - Cannot read IP mode file for STMicroelectronics.X-CUBE-FREERTOS.1.3.1
2025-11-30 23:17:37,070 [WARN] PackLoader:240 - Cannot read IP mode file for STMicroelectronics.X-CUBE-TOUCHGFX.4.26.0
2025-11-30 23:17:37,074 [WARN] PackLoader:240 - Cannot read IP mode file for STMicroelectronics.FP-SNS-STAIOTCFT.1.0.0
2025-11-30 23:17:37,077 [WARN] PackLoader:240 - Cannot read IP mode file for STMicroelectronics.X-CUBE-DPower.1.3.0
2025-11-30 23:17:37,088 [WARN] ConditionMgr:438 - getConditionDescription Invalid condition id : LAN8742 Phy interface Condition cause : null
2025-11-30 23:17:37,088 [WARN] PackLoader:240 - Cannot read IP mode file for STMicroelectronics.X-CUBE-AZRTOS-L4.2.0.0
2025-11-30 23:17:37,089 [WARN] ConditionMgr:1044 - genDependencies : Invalid condition id : LAN8742 Phy interface Condition cause : null
2025-11-30 23:17:37,089 [WARN] ConditionMgr:1044 - genDependencies : Invalid condition id : LAN8742 Phy interface Condition cause : null
2025-11-30 23:17:37,089 [WARN] ConditionMgr:1044 - genDependencies : Invalid condition id : LAN8742 Phy interface Condition cause : null
2025-11-30 23:17:37,096 [WARN] PackLoader:240 - Cannot read IP mode file for STMicroelectronics.X-CUBE-SFXS2LP1.4.0.0
2025-11-30 23:17:37,104 [WARN] PackLoader:240 - Cannot read IP mode file for STMicroelectronics.X-CUBE-BLEMGR.4.1.0
2025-11-30 23:17:37,113 [WARN] ConditionMgr:438 - getConditionDescription Invalid condition id : UX DEVICE CLASS RTOS Condition cause : null
2025-11-30 23:17:37,114 [WARN] ConditionMgr:438 - getConditionDescription Invalid condition id : UX DEVICE CLASS RTOS Condition cause : null
2025-11-30 23:17:37,116 [WARN] PackLoader:240 - Cannot read IP mode file for STMicroelectronics.X-CUBE-AZRTOS-WB.2.0.0
2025-11-30 23:17:37,116 [WARN] ConditionMgr:1044 - genDependencies : Invalid condition id : UX DEVICE CLASS RTOS Condition cause : null
2025-11-30 23:17:37,117 [WARN] ConditionMgr:1044 - genDependencies : Invalid condition id : UX DEVICE CLASS RTOS Condition cause : null
2025-11-30 23:17:37,117 [WARN] ConditionMgr:1044 - genDependencies : Invalid condition id : UX DEVICE CLASS RTOS Condition cause : null
2025-11-30 23:17:37,118 [WARN] ConditionMgr:1044 - genDependencies : Invalid condition id : UX DEVICE CLASS RTOS Condition cause : null
2025-11-30 23:17:37,118 [WARN] ConditionMgr:1044 - genDependencies : Invalid condition id : UX DEVICE CLASS RTOS Condition cause : null
2025-11-30 23:17:37,122 [WARN] PackLoader:240 - Cannot read IP mode file for STMicroelectronics.X-CUBE-GNSS1.7.0.1
2025-11-30 23:17:37,125 [WARN] PackLoader:240 - Cannot read IP mode file for STMicroelectronics.X-CUBE-TOUCHGFX.4.25.0
2025-11-30 23:17:37,128 [WARN] ConditionMgr:438 - getConditionDescription Invalid condition id : Cortex-A Device cause : null
2025-11-30 23:17:37,138 [WARN] ConditionMgr:1044 - genDependencies : Invalid condition id : Cortex-A Device cause : null
2025-11-30 23:17:37,138 [WARN] ConditionMgr:1044 - genDependencies : Invalid condition id : Cortex-A Device cause : null
2025-11-30 23:17:37,138 [WARN] ConditionMgr:1044 - genDependencies : Invalid condition id : Cortex-A Device cause : null
2025-11-30 23:17:37,144 [WARN] PackLoader:240 - Cannot read IP mode file for STMicroelectronics.X-CUBE-SUBG2.5.0.0
2025-11-30 23:17:37,158 [WARN] PackLoader:240 - Cannot read IP mode file for STMicroelectronics.X-CUBE-AZRTOS-H7RS.1.1.0
2025-11-30 23:17:37,163 [WARN] PackLoader:240 - Cannot read IP mode file for Cesanta.I-CUBE-Mongoose.7.13.0
2025-11-30 23:17:37,172 [WARN] PackLoader:240 - Cannot read IP mode file for STMicroelectronics.X-CUBE-AZRTOS-G4.2.0.0
2025-11-30 23:17:37,175 [WARN] PackLoader:240 - Cannot read IP mode file for wolfSSL.I-CUBE-wolfSSH.1.4.20
2025-11-30 23:17:37,179 [WARN] PackLoader:240 - Cannot read IP mode file for STMicroelectronics.X-CUBE-NFC7.2.0.0
2025-11-30 23:17:37,187 [WARN] PackLoader:240 - Cannot read IP mode file for STMicroelectronics.X-CUBE-IPS.3.1.0
2025-11-30 23:17:37,195 [WARN] PackLoader:240 - Cannot read IP mode file for STMicroelectronics.X-CUBE-ALS.1.0.2
2025-11-30 23:17:37,201 [WARN] PackLoader:240 - Cannot read IP mode file for STMicroelectronics.X-CUBE-STSE01.1.0.0
2025-11-30 23:17:37,209 [WARN] PackLoader:240 - Cannot read IP mode file for STMicroelectronics.X-CUBE-TOF1.3.4.3
2025-11-30 23:17:37,221 [INFO] ThirdParty:978 - Integrity check success = true
2025-11-30 23:17:37,221 [INFO] IntegrityCheckThread:100 - exiting critical section [integrity check]
2025-11-30 23:17:37,221 [INFO] IntegrityCheckThread:103 - End integrity checks thread
2025-11-30 23:19:55,560 [ERROR] LogOutputStream:75 - [STDERR_REDIRECT] 
2025-11-30 23:53:03,513 [INFO] Activator:176 - 


2025-11-30 23:53:03,514 [INFO] Activator:177 - !SESSION log4j initialized
2025-11-30 23:53:09,277 [INFO] LogOutputStream:77 - [STDOUT_REDIRECT] 
2025-11-30 23:53:11,782 [INFO] ApplicationProperties:184 - Using Application install path: C:\ST\STM32CubeIDE_1.19.0\STM32CubeIDE\plugins\com.st.stm32cube.common.mx_6.15.0.202507011659
2025-11-30 23:53:11,806 [INFO] DbMcusXml:78 - Set database path to: C:\ST\STM32CubeIDE_1.19.0\STM32CubeIDE\plugins\com.st.stm32cube.common.mx_6.15.0.202507011659\\db\/mcu/
2025-11-30 23:53:11,806 [INFO] ApiDb:274 - Set plugin database path to: C:\ST\STM32CubeIDE_1.19.0\STM32CubeIDE\plugins\com.st.stm32cube.common.mx_6.15.0.202507011659\\db\/plugins/boardmanager/
2025-11-30 23:53:11,807 [WARN] ApiDb:259 - Overriding images path with different value:  => C:\ST\STM32CubeIDE_1.19.0\STM32CubeIDE\plugins\com.st.stm32cube.common.mx_6.15.0.202507011659\\db\/plugins/mcufinder/images/
2025-11-30 23:53:11,811 [INFO] ApiDb:250 - Set database path to: C:\Users\user\.stmcufinder\plugins\mcufinder//mcu/
2025-11-30 23:53:11,813 [INFO] DbMcusAds:125 - Set database path to: C:\Users\user\.stmcufinder\plugins\mcufinder//mcu/
2025-11-30 23:53:11,816 [INFO] CrossReferenceDbSqlite:203 - Set database path to: C:\Users\user\.stmcufinder\plugins\mcufinder//mcu/cs/
2025-11-30 23:53:11,907 [INFO] RulesReader:64 - Compatibility file has been processed (317 Rules)
2025-11-30 23:53:11,987 [INFO] DbMcusXml:78 - Set database path to: C:\ST\STM32CubeIDE_1.19.0\STM32CubeIDE\plugins\com.st.stm32cube.common.mx_6.15.0.202507011659\\db\/mcu/
2025-11-30 23:53:11,987 [INFO] ApiDb:274 - Set plugin database path to: C:\ST\STM32CubeIDE_1.19.0\STM32CubeIDE\plugins\com.st.stm32cube.common.mx_6.15.0.202507011659\\db\/plugins/boardmanager/
2025-11-30 23:53:11,987 [INFO] ApiDb:261 - Set plugin images path to: C:\ST\STM32CubeIDE_1.19.0\STM32CubeIDE\plugins\com.st.stm32cube.common.mx_6.15.0.202507011659\\db\/plugins/mcufinder/images/
2025-11-30 23:53:11,987 [WARN] DbFile:41 - Overriding database path with different value: C:\Users\user\.stmcufinder\plugins\mcufinder/ => C:\Users\user\.stmcufinder\plugins\mcufinder
2025-11-30 23:53:11,987 [INFO] ApiDb:250 - Set database path to: C:\Users\user\.stmcufinder\plugins\mcufinder//mcu/
2025-11-30 23:53:11,987 [WARN] DbFile:41 - Overriding database path with different value: C:\Users\user\.stmcufinder\plugins\mcufinder/ => C:\Users\user\.stmcufinder\plugins\mcufinder
2025-11-30 23:53:11,987 [INFO] DbMcusAds:125 - Set database path to: C:\Users\user\.stmcufinder\plugins\mcufinder//mcu/
2025-11-30 23:53:11,987 [WARN] DbFile:41 - Overriding database path with different value: C:\Users\user\.stmcufinder\plugins\mcufinder/ => C:\Users\user\.stmcufinder\plugins\mcufinder
2025-11-30 23:53:11,988 [WARN] DbFile:41 - Overriding database path with different value: C:\Users\user\.stmcufinder\plugins\mcufinder/ => C:\Users\user\.stmcufinder\plugins\mcufinder
2025-11-30 23:53:11,988 [INFO] CrossReferenceDbSqlite:203 - Set database path to: C:\Users\user\.stmcufinder\plugins\mcufinder//mcu/cs/
2025-11-30 23:53:12,037 [INFO] MainPanel:274 - HeapMemory: 268435456
2025-11-30 23:53:12,094 [INFO] DbMcusXml:78 - Set database path to: C:\ST\STM32CubeIDE_1.19.0\STM32CubeIDE\plugins\com.st.stm32cube.common.mx_6.15.0.202507011659\\db\/mcu/
2025-11-30 23:53:12,095 [INFO] ApiDb:274 - Set plugin database path to: C:\ST\STM32CubeIDE_1.19.0\STM32CubeIDE\plugins\com.st.stm32cube.common.mx_6.15.0.202507011659\\db\/plugins/boardmanager/
2025-11-30 23:53:12,095 [INFO] ApiDb:261 - Set plugin images path to: C:\ST\STM32CubeIDE_1.19.0\STM32CubeIDE\plugins\com.st.stm32cube.common.mx_6.15.0.202507011659\\db\/plugins/mcufinder/images/
2025-11-30 23:53:12,095 [WARN] DbFile:41 - Overriding database path with different value: C:\Users\user\.stmcufinder\plugins\mcufinder/ => C:\Users\user\.stmcufinder\plugins\mcufinder
2025-11-30 23:53:12,095 [INFO] ApiDb:250 - Set database path to: C:\Users\user\.stmcufinder\plugins\mcufinder//mcu/
2025-11-30 23:53:12,095 [WARN] DbFile:41 - Overriding database path with different value: C:\Users\user\.stmcufinder\plugins\mcufinder/ => C:\Users\user\.stmcufinder\plugins\mcufinder
2025-11-30 23:53:12,095 [INFO] DbMcusAds:125 - Set database path to: C:\Users\user\.stmcufinder\plugins\mcufinder//mcu/
2025-11-30 23:53:12,095 [WARN] DbFile:41 - Overriding database path with different value: C:\Users\user\.stmcufinder\plugins\mcufinder/ => C:\Users\user\.stmcufinder\plugins\mcufinder
2025-11-30 23:53:12,095 [WARN] DbFile:41 - Overriding database path with different value: C:\Users\user\.stmcufinder\plugins\mcufinder/ => C:\Users\user\.stmcufinder\plugins\mcufinder
2025-11-30 23:53:12,095 [INFO] CrossReferenceDbSqlite:203 - Set database path to: C:\Users\user\.stmcufinder\plugins\mcufinder//mcu/cs/
2025-11-30 23:53:12,106 [INFO] ApplicationProperties:184 - Using Application install path: C:\ST\STM32CubeIDE_1.19.0\STM32CubeIDE\plugins\com.st.stm32cube.common.mx_6.15.0.202507011659
2025-11-30 23:53:12,107 [INFO] PluginManage:196 - Search for loadable plugins [exclusion list=, ]
2025-11-30 23:53:12,108 [INFO] PluginManage:310 - Check plugin analytics
2025-11-30 23:53:12,281 [INFO] AnalyticsPlugin:253 - Accepted Software Licenses: 
2025-11-30 23:53:12,281 [INFO] AnalyticsPlugin:255 - Accepted CMSIS Pack Licenses: 
2025-11-30 23:53:12,282 [INFO] AnalyticsPlugin:257 - Accepted Firmware Licenses: FW.L4.1.18.0
2025-11-30 23:53:12,286 [INFO] PluginManage:359 - Loaded plugin analytics (category:tool,tabindex:-1)
2025-11-30 23:53:12,287 [INFO] PluginManage:310 - Check plugin cadmodel
2025-11-30 23:53:12,291 [INFO] CADModel:105 - Init CAD model plugin
2025-11-30 23:53:12,291 [INFO] PluginManage:359 - Loaded plugin cadmodel (category:power,tabindex:5)
2025-11-30 23:53:12,291 [INFO] PluginManage:310 - Check plugin clock
2025-11-30 23:53:12,302 [INFO] PluginManage:359 - Loaded plugin clock (category:base,tabindex:2)
2025-11-30 23:53:12,302 [INFO] PluginManage:310 - Check plugin ddr
2025-11-30 23:53:12,305 [INFO] PluginManage:359 - Loaded plugin ddr (category:tool,tabindex:6)
2025-11-30 23:53:12,306 [INFO] PluginManage:310 - Check plugin filemanager
2025-11-30 23:53:12,413 [INFO] PluginManage:359 - Loaded plugin filemanager (category:base,tabindex:10)
2025-11-30 23:53:12,413 [INFO] PluginManage:310 - Check plugin ipmanager
2025-11-30 23:53:12,418 [INFO] PluginManage:359 - Loaded plugin ipmanager (category:base,tabindex:5)
2025-11-30 23:53:12,418 [INFO] PluginManage:310 - Check plugin lpbam
2025-11-30 23:53:12,423 [INFO] PluginManage:359 - Loaded plugin lpbam (category:base,tabindex:0)
2025-11-30 23:53:12,423 [INFO] PluginManage:310 - Check plugin memorymap
2025-11-30 23:53:12,431 [INFO] PluginManage:359 - Loaded plugin memorymap (category:base,tabindex:4)
2025-11-30 23:53:12,431 [INFO] PluginManage:310 - Check plugin pinoutandconfiguration
2025-11-30 23:53:12,438 [INFO] PluginManage:359 - Loaded plugin pinoutandconfiguration (category:base,tabindex:1)
2025-11-30 23:53:12,438 [INFO] PluginManage:310 - Check plugin pinoutconfig
2025-11-30 23:53:12,508 [WARN] SupportedApi:132 - Cannot load RTOS API schema: s4s-elt-must-match.1: The content of 'definitions' must match (annotation?, (simpleType | complexType)?, (unique | key | keyref)*)). A problem was found starting at: attribute.
2025-11-30 23:53:12,604 [INFO] PluginManage:359 - Loaded plugin pinoutconfig (category:base,tabindex:0)
2025-11-30 23:53:12,604 [INFO] PluginManage:310 - Check plugin power
2025-11-30 23:53:12,610 [INFO] PluginManage:359 - Loaded plugin power (category:power,tabindex:4)
2025-11-30 23:53:12,610 [INFO] PluginManage:310 - Check plugin projectmanager
2025-11-30 23:53:12,624 [INFO] PluginManage:359 - Loaded plugin projectmanager (category:projectmanager,tabindex:4)
2025-11-30 23:53:12,624 [INFO] PluginManage:310 - Check plugin rif
2025-11-30 23:53:12,634 [INFO] PluginManage:359 - Loaded plugin rif (category:base,tabindex:3)
2025-11-30 23:53:12,634 [INFO] PluginManage:310 - Check plugin thirdparty
2025-11-30 23:53:12,746 [WARN] IntegrityCheckThread:84 - waiting for thirdparty lock release [integrity check]
2025-11-30 23:53:12,746 [INFO] IntegrityCheckThread:86 - entering critical section [integrity check]
2025-11-30 23:53:12,746 [INFO] ThirdPartyUpdaterWithRetryManager:70 - Updater plugin not ready yet. [1/15]
2025-11-30 23:53:12,747 [INFO] PluginManage:359 - Loaded plugin thirdparty (category:base,tabindex:-1)
2025-11-30 23:53:12,747 [INFO] PluginManage:310 - Check plugin tools
2025-11-30 23:53:12,749 [INFO] PluginManage:359 - Loaded plugin tools (category:base,tabindex:7)
2025-11-30 23:53:12,749 [INFO] PluginManage:310 - Check plugin tutovideos
2025-11-30 23:53:12,884 [INFO] PluginManage:359 - Loaded plugin tutovideos (category:base,tabindex:-1)
2025-11-30 23:53:12,884 [INFO] PluginManage:310 - Check plugin updater
2025-11-30 23:53:12,899 [INFO] PluginManage:359 - Loaded plugin updater (category:base,tabindex:12)
2025-11-30 23:53:12,899 [INFO] PluginManage:310 - Check plugin userauth
2025-11-30 23:53:12,903 [INFO] UserAuth:118 - Init User Auth plugin
2025-11-30 23:53:12,904 [INFO] PluginManage:359 - Loaded plugin userauth (category:base,tabindex:14)
2025-11-30 23:53:12,905 [INFO] PluginManage:283 - PluginManage : Loaded plugins [18]
2025-11-30 23:53:13,048 [INFO] PinOutPanel:1589 - setPackage(No Configuration,No Configuration)
2025-11-30 23:53:13,109 [INFO] CADModel:165 - CPN selected for project level
2025-11-30 23:53:13,110 [INFO] CADModel:114 - Register for checkConnection events
2025-11-30 23:53:13,119 [INFO] IPUIPlugin:80 - create IPUIPlugin
2025-11-30 23:53:13,119 [INFO] PluginManager:220 - loadIPPluginJar : add adc
2025-11-30 23:53:13,121 [INFO] IPUIPlugin:80 - create IPUIPlugin
2025-11-30 23:53:13,121 [INFO] PluginManager:220 - loadIPPluginJar : add aes
2025-11-30 23:53:13,122 [INFO] IPUIPlugin:80 - create IPUIPlugin
2025-11-30 23:53:13,122 [INFO] PluginManager:220 - loadIPPluginJar : add can
2025-11-30 23:53:13,124 [INFO] IPUIPlugin:80 - create IPUIPlugin
2025-11-30 23:53:13,124 [INFO] PluginManager:220 - loadIPPluginJar : add comp
2025-11-30 23:53:13,126 [INFO] IPUIPlugin:80 - create IPUIPlugin
2025-11-30 23:53:13,126 [INFO] PluginManager:220 - loadIPPluginJar : add cryp
2025-11-30 23:53:13,128 [INFO] IPUIPlugin:80 - create IPUIPlugin
2025-11-30 23:53:13,128 [INFO] PluginManager:220 - loadIPPluginJar : add ddr_ctrl_phy
2025-11-30 23:53:13,129 [INFO] IPUIPlugin:80 - create IPUIPlugin
2025-11-30 23:53:13,130 [INFO] PluginManager:220 - loadIPPluginJar : add dfsdm
2025-11-30 23:53:13,133 [INFO] IPUIPlugin:80 - create IPUIPlugin
2025-11-30 23:53:13,133 [INFO] PluginManager:220 - loadIPPluginJar : add dma
2025-11-30 23:53:13,135 [INFO] IPUIPlugin:80 - create IPUIPlugin
2025-11-30 23:53:13,135 [INFO] PluginManager:220 - loadIPPluginJar : add dma3
2025-11-30 23:53:13,136 [INFO] IPUIPlugin:80 - create IPUIPlugin
2025-11-30 23:53:13,136 [INFO] PluginManager:220 - loadIPPluginJar : add extmemmanager
2025-11-30 23:53:13,137 [INFO] IPUIPlugin:80 - create IPUIPlugin
2025-11-30 23:53:13,137 [INFO] PluginManager:220 - loadIPPluginJar : add fatfs
2025-11-30 23:53:13,139 [INFO] IPUIPlugin:80 - create IPUIPlugin
2025-11-30 23:53:13,140 [INFO] PluginManager:220 - loadIPPluginJar : add fmc
2025-11-30 23:53:13,144 [INFO] IPUIPlugin:80 - create IPUIPlugin
2025-11-30 23:53:13,145 [INFO] PluginManager:220 - loadIPPluginJar : add freertos
2025-11-30 23:53:13,145 [INFO] IPUIPlugin:80 - create IPUIPlugin
2025-11-30 23:53:13,145 [INFO] PluginManager:220 - loadIPPluginJar : add genericplugin
2025-11-30 23:53:13,146 [INFO] IPUIPlugin:80 - create IPUIPlugin
2025-11-30 23:53:13,147 [INFO] PluginManager:220 - loadIPPluginJar : add gfxmmu
2025-11-30 23:53:13,149 [INFO] IPUIPlugin:80 - create IPUIPlugin
2025-11-30 23:53:13,149 [INFO] PluginManager:220 - loadIPPluginJar : add gic
2025-11-30 23:53:13,152 [INFO] IPUIPlugin:80 - create IPUIPlugin
2025-11-30 23:53:13,152 [INFO] PluginManager:220 - loadIPPluginJar : add gpio
2025-11-30 23:53:13,154 [INFO] IPUIPlugin:80 - create IPUIPlugin
2025-11-30 23:53:13,154 [INFO] PluginManager:220 - loadIPPluginJar : add gtzc
2025-11-30 23:53:13,156 [INFO] IPUIPlugin:80 - create IPUIPlugin
2025-11-30 23:53:13,156 [INFO] PluginManager:220 - loadIPPluginJar : add hash
2025-11-30 23:53:13,157 [INFO] IPUIPlugin:80 - create IPUIPlugin
2025-11-30 23:53:13,157 [INFO] PluginManager:220 - loadIPPluginJar : add i2c
2025-11-30 23:53:13,159 [INFO] IPUIPlugin:80 - create IPUIPlugin
2025-11-30 23:53:13,159 [INFO] PluginManager:220 - loadIPPluginJar : add i2s
2025-11-30 23:53:13,162 [INFO] IPUIPlugin:80 - create IPUIPlugin
2025-11-30 23:53:13,162 [INFO] PluginManager:220 - loadIPPluginJar : add i3c
2025-11-30 23:53:13,164 [INFO] IPUIPlugin:80 - create IPUIPlugin
2025-11-30 23:53:13,164 [INFO] PluginManager:220 - loadIPPluginJar : add ipddr
2025-11-30 23:53:13,168 [INFO] IPUIPlugin:80 - create IPUIPlugin
2025-11-30 23:53:13,168 [INFO] PluginManager:220 - loadIPPluginJar : add linkedlist
2025-11-30 23:53:13,171 [INFO] IPUIPlugin:80 - create IPUIPlugin
2025-11-30 23:53:13,171 [INFO] PluginManager:220 - loadIPPluginJar : add lorawan
2025-11-30 23:53:13,172 [INFO] IPUIPlugin:80 - create IPUIPlugin
2025-11-30 23:53:13,172 [INFO] PluginManager:220 - loadIPPluginJar : add ltdc
2025-11-30 23:53:13,176 [INFO] IPUIPlugin:80 - create IPUIPlugin
2025-11-30 23:53:13,176 [INFO] PluginManager:220 - loadIPPluginJar : add mdma
2025-11-30 23:53:13,177 [INFO] IPUIPlugin:80 - create IPUIPlugin
2025-11-30 23:53:13,178 [INFO] PluginManager:220 - loadIPPluginJar : add nvic
2025-11-30 23:53:13,179 [INFO] IPUIPlugin:80 - create IPUIPlugin
2025-11-30 23:53:13,179 [INFO] PluginManager:220 - loadIPPluginJar : add opamp
2025-11-30 23:53:13,181 [INFO] IPUIPlugin:80 - create IPUIPlugin
2025-11-30 23:53:13,181 [INFO] PluginManager:220 - loadIPPluginJar : add openamp
2025-11-30 23:53:13,184 [INFO] IPUIPlugin:80 - create IPUIPlugin
2025-11-30 23:53:13,184 [INFO] PluginManager:220 - loadIPPluginJar : add pdm2pcm
2025-11-30 23:53:13,188 [INFO] IPUIPlugin:80 - create IPUIPlugin
2025-11-30 23:53:13,191 [INFO] PluginManager:220 - loadIPPluginJar : add plateformsettings
2025-11-30 23:53:13,192 [INFO] IPUIPlugin:80 - create IPUIPlugin
2025-11-30 23:53:13,192 [INFO] PluginManager:220 - loadIPPluginJar : add quadspi
2025-11-30 23:53:13,194 [INFO] IPUIPlugin:80 - create IPUIPlugin
2025-11-30 23:53:13,194 [INFO] PluginManager:220 - loadIPPluginJar : add radio
2025-11-30 23:53:13,196 [INFO] IPUIPlugin:80 - create IPUIPlugin
2025-11-30 23:53:13,196 [INFO] PluginManager:220 - loadIPPluginJar : add resmgrutility
2025-11-30 23:53:13,198 [INFO] IPUIPlugin:80 - create IPUIPlugin
2025-11-30 23:53:13,198 [INFO] PluginManager:220 - loadIPPluginJar : add sai
2025-11-30 23:53:13,199 [INFO] IPUIPlugin:80 - create IPUIPlugin
2025-11-30 23:53:13,200 [INFO] PluginManager:220 - loadIPPluginJar : add spi
2025-11-30 23:53:13,203 [INFO] IPUIPlugin:80 - create IPUIPlugin
2025-11-30 23:53:13,203 [INFO] PluginManager:220 - loadIPPluginJar : add stm32_wpan
2025-11-30 23:53:13,204 [INFO] IPUIPlugin:80 - create IPUIPlugin
2025-11-30 23:53:13,204 [INFO] PluginManager:220 - loadIPPluginJar : add tim
2025-11-30 23:53:13,206 [INFO] IPUIPlugin:80 - create IPUIPlugin
2025-11-30 23:53:13,206 [INFO] PluginManager:220 - loadIPPluginJar : add touchsensing
2025-11-30 23:53:13,207 [INFO] IPUIPlugin:80 - create IPUIPlugin
2025-11-30 23:53:13,207 [INFO] PluginManager:220 - loadIPPluginJar : add tracer_emb
2025-11-30 23:53:13,209 [INFO] IPUIPlugin:80 - create IPUIPlugin
2025-11-30 23:53:13,209 [INFO] PluginManager:220 - loadIPPluginJar : add ts
2025-11-30 23:53:13,210 [INFO] IPUIPlugin:80 - create IPUIPlugin
2025-11-30 23:53:13,210 [INFO] PluginManager:220 - loadIPPluginJar : add tsc
2025-11-30 23:53:13,211 [INFO] IPUIPlugin:80 - create IPUIPlugin
2025-11-30 23:53:13,211 [INFO] PluginManager:220 - loadIPPluginJar : add ucpd
2025-11-30 23:53:13,212 [INFO] IPUIPlugin:80 - create IPUIPlugin
2025-11-30 23:53:13,213 [INFO] PluginManager:220 - loadIPPluginJar : add usart
2025-11-30 23:53:13,214 [INFO] IPUIPlugin:80 - create IPUIPlugin
2025-11-30 23:53:13,214 [INFO] PluginManager:220 - loadIPPluginJar : add usbx
2025-11-30 23:53:13,330 [FATAL] Updater:351 - Updater called before beeing initialized
2025-11-30 23:53:13,352 [INFO] RulesReader:64 - Compatibility file has been processed (317 Rules)
2025-11-30 23:53:13,361 [INFO] RulesReader:64 - Compatibility file has been processed (317 Rules)
2025-11-30 23:53:13,371 [INFO] CADModel:165 - CPN selected for project level
2025-11-30 23:53:13,371 [INFO] CADModel:114 - Register for checkConnection events
2025-11-30 23:53:13,371 [FATAL] Updater:351 - Updater called before beeing initialized
2025-11-30 23:53:13,371 [ERROR] CADModel:125 - Updater not yet initialized, retry later 
2025-11-30 23:53:13,501 [FATAL] Updater:351 - Updater called before beeing initialized
2025-11-30 23:53:13,502 [INFO] CADModel:165 - CPN selected for project level
2025-11-30 23:53:13,502 [INFO] CADModel:114 - Register for checkConnection events
2025-11-30 23:53:13,502 [FATAL] Updater:351 - Updater called before beeing initialized
2025-11-30 23:53:13,502 [ERROR] CADModel:125 - Updater not yet initialized, retry later 
2025-11-30 23:53:13,505 [FATAL] Updater:351 - Updater called before beeing initialized
2025-11-30 23:53:13,623 [FATAL] Updater:351 - Updater called before beeing initialized
2025-11-30 23:53:13,633 [INFO] DbMcusAds:53 - JSON generation date=Mon Nov 10 18:43:00 CST 2025 (1762771380761)
2025-11-30 23:53:13,633 [FATAL] Updater:351 - Updater called before beeing initialized
2025-11-30 23:53:13,666 [WARN] DetailPanel:346 - Failed to get advertising image, set to default
2025-11-30 23:53:13,733 [FATAL] Updater:351 - Updater called before beeing initialized
2025-11-30 23:53:13,736 [FATAL] Updater:351 - Updater called before beeing initialized
2025-11-30 23:53:13,737 [FATAL] Updater:351 - Updater called before beeing initialized
2025-11-30 23:53:13,737 [WARN] DetailPanel:346 - Failed to get advertising image, set to default
2025-11-30 23:53:13,738 [FATAL] Updater:351 - Updater called before beeing initialized
2025-11-30 23:53:13,770 [ERROR] Updater:1198 - MainUpdater not yet initialized. External WinMGr cannot be set.
2025-11-30 23:53:13,772 [INFO] Updater:1134 - Updater Version found : 6.15.0
2025-11-30 23:53:13,781 [INFO] ApplicationProperties:184 - Using Application install path: C:\ST\STM32CubeIDE_1.19.0\STM32CubeIDE\plugins\com.st.stm32cube.common.mx_6.15.0.202507011659
2025-11-30 23:53:15,351 [ERROR] LogOutputStream:75 - [STDERR_REDIRECT] Nov 30, 2025 11:53:15 PM java.util.prefs.WindowsPreferences <init>
2025-11-30 23:53:15,352 [ERROR] LogOutputStream:75 - [STDERR_REDIRECT] WARNING: Could not open/create prefs root node Software\JavaSoft\Prefs at root 0xffffffff80000002. Windows RegCreateKeyEx(...) returned error code 5.
2025-11-30 23:53:15,352 [ERROR] LogOutputStream:75 - [STDERR_REDIRECT] 
2025-11-30 23:53:15,667 [INFO] MainUpdater:2872 - connection check result : 10
2025-11-30 23:53:15,668 [INFO] MainUpdater:289 - Updater Check For Update Now.
2025-11-30 23:53:15,669 [INFO] MicroXplorer:498 - Change Database Version : DB.6.0.150
2025-11-30 23:53:15,679 [INFO] McuFinderGlobals:63 - Set McuFinder mode to 2 (CubeIDE integrated)
2025-11-30 23:53:15,680 [INFO] UserAuth:171 - activating auth plugin
2025-11-30 23:53:15,682 [INFO] UserAuth:487 - Internet connection configuration mode: 1
2025-11-30 23:53:15,718 [INFO] JxBrowserEngine:152 - Initiate JxBrowser Engine with user profile folder
2025-11-30 23:53:15,747 [WARN] MainUpdater:1193 - Updater busy. Cannot search thirdparties
2025-11-30 23:53:15,747 [INFO] ThirdPartyUpdaterWithRetryManager:96 - Updater plugin is busy. [1/15]
2025-11-30 23:53:15,850 [INFO] CheckServerUpdateThread:120 - End of CheckServer Thread
2025-11-30 23:53:16,281 [INFO] WebApp:169 - Instantiating new browser for Auth
2025-11-30 23:53:16,765 [INFO] WebApp:463 - Apply proxy settings
2025-11-30 23:53:16,765 [INFO] WebApp:548 - Chromium requires no authentication
2025-11-30 23:53:16,771 [INFO] WebApp:491 - Direct internet connection detected
2025-11-30 23:53:16,784 [INFO] WebApp:900 - Register for checkConnection events
2025-11-30 23:53:16,784 [INFO] WebApp:463 - Apply proxy settings
2025-11-30 23:53:16,784 [INFO] WebApp:548 - Chromium requires no authentication
2025-11-30 23:53:16,784 [INFO] WebApp:491 - Direct internet connection detected
2025-11-30 23:53:16,889 [INFO] WebApp:225 - Starting web application
2025-11-30 23:53:16,890 [INFO] WebApp:593 - Web application path used C:\ST\STM32CubeIDE_1.19.0\STM32CubeIDE\plugins\com.st.stm32cube.common.mx_6.15.0.202507011659\db\plugins\mcufinder\reactClient1\index.html
2025-11-30 23:53:17,142 [INFO] WebApp:191 - Connection restablished
2025-11-30 23:53:18,953 [WARN] PackLoader:240 - Cannot read IP mode file for STMicroelectronics.FP-SNS-MOTENVWB1.1.4.0
2025-11-30 23:53:18,963 [WARN] PackLoader:240 - Cannot read IP mode file for STMicroelectronics.FP-ATR-ASTRA1.2.0.2
2025-11-30 23:53:19,841 [WARN] PackLoader:240 - Cannot read IP mode file for STMicroelectronics.X-CUBE-SMBUS.2.1.0
2025-11-30 23:53:19,846 [WARN] PackLoader:240 - Cannot read IP mode file for STMicroelectronics.X-CUBE-ST60.1.0.0
2025-11-30 23:53:19,871 [WARN] PackLoader:240 - Cannot read IP mode file for STMicroelectronics.X-CUBE-AZRTOS-F7.1.1.0
2025-11-30 23:53:19,879 [WARN] PackLoader:240 - Cannot read IP mode file for STMicroelectronics.FP-SNS-MOTENV1.5.1.0
2025-11-30 23:53:19,889 [WARN] PackLoader:240 - Cannot read IP mode file for WES.I-CUBE-Cesium.1.4.0
2025-11-30 23:53:19,908 [WARN] PackLoader:240 - Cannot read IP mode file for Infineon.AIROC-Wi-Fi-Bluetooth-STM32.1.7.1
2025-11-30 23:53:19,928 [WARN] PackLoader:240 - Cannot read IP mode file for STMicroelectronics.X-CUBE-AZRTOS-H7.3.4.0
2025-11-30 23:53:19,937 [WARN] PackLoader:240 - Cannot read IP mode file for STMicroelectronics.X-CUBE-DISPLAY.3.0.0
2025-11-30 23:53:19,948 [WARN] PackLoader:240 - Cannot read IP mode file for STMicroelectronics.X-CUBE-NFC10.1.0.0
2025-11-30 23:53:19,952 [WARN] PackLoader:240 - Cannot read IP mode file for STMicroelectronics.X-CUBE-ST60.1.1.0
2025-11-30 23:53:19,957 [WARN] PackLoader:240 - Cannot read IP mode file for emotas.I-CUBE-CANOPEN.1.3.0
2025-11-30 23:53:19,961 [WARN] PackLoader:240 - Cannot read IP mode file for STMicroelectronics.X-CUBE-GNSS1.7.1.0
2025-11-30 23:53:19,966 [WARN] PackLoader:240 - Cannot read IP mode file for STMicroelectronics.FP-SNS-STBOX1.2.1.0
2025-11-30 23:53:19,970 [WARN] PackLoader:240 - Cannot read IP mode file for STMicroelectronics.FP-SNS-SMARTAG2.1.2.0
2025-11-30 23:53:19,974 [WARN] PackLoader:240 - Cannot read IP mode file for STMicroelectronics.FP-SNS-FLIGHT1.5.1.0
2025-11-30 23:53:19,981 [INFO] LogOutputStream:77 - [STDOUT_REDIRECT] 1 : Invalid condition id : UX_CORESTACK_Condition cause : null
2025-11-30 23:53:19,982 [INFO] LogOutputStream:77 - [STDOUT_REDIRECT] 1 : Invalid condition id : UX_CORESTACK_Condition cause : null
2025-11-30 23:53:19,983 [INFO] LogOutputStream:77 - [STDOUT_REDIRECT] 1 : Invalid condition id : UX_CORESTACK_Condition cause : null
2025-11-30 23:53:19,984 [INFO] LogOutputStream:77 - [STDOUT_REDIRECT] 1 : Invalid condition id : UX_CORESTACK_Condition cause : null
2025-11-30 23:53:19,985 [INFO] LogOutputStream:77 - [STDOUT_REDIRECT] 1 : Invalid condition id : UX_CORESTACK_Condition cause : null
2025-11-30 23:53:19,987 [WARN] PackLoader:240 - Cannot read IP mode file for STMicroelectronics.X-CUBE-AZRTOS-WL.2.0.0
2025-11-30 23:53:19,991 [WARN] PackLoader:240 - Cannot read IP mode file for STMicroelectronics.FP-SNS-MOTENV1.5.0.0
2025-11-30 23:53:20,003 [WARN] PackLoader:240 - Cannot read IP mode file for STMicroelectronics.X-CUBE-AZRTOS-H7RS.1.2.0
2025-11-30 23:53:20,009 [WARN] PackLoader:240 - Cannot read IP mode file for STMicroelectronics.X-CUBE-BLE2.3.3.0
2025-11-30 23:53:20,770 [WARN] PackLoader:240 - Cannot read IP mode file for STMicroelectronics.X-CUBE-NFC9.1.0.0
2025-11-30 23:53:20,777 [WARN] PackLoader:240 - Cannot read IP mode file for wolfSSL.I-CUBE-wolfSSL.5.8.2
2025-11-30 23:53:20,780 [WARN] PackLoader:240 - Cannot read IP mode file for STMicroelectronics.X-CUBE-BLE1.7.1.0
2025-11-30 23:53:20,782 [WARN] PackLoader:240 - Cannot read IP mode file for wolfSSL.I-CUBE-wolfMQTT.1.19.2
2025-11-30 23:53:20,805 [WARN] PackLoader:240 - Cannot read IP mode file for STMicroelectronics.X-CUBE-FREERTOS.1.4.0
2025-11-30 23:53:20,810 [WARN] PackLoader:240 - Cannot read IP mode file for STMicroelectronics.X-CUBE-EEPRMA1.5.2.0
2025-11-30 23:53:20,815 [WARN] PackLoader:240 - Cannot read IP mode file for STMicroelectronics.X-CUBE-ST67W61.1.1.0
2025-11-30 23:53:20,848 [WARN] PackLoader:240 - Cannot read IP mode file for STMicroelectronics.X-CUBE-MEMS1.12.0.0
2025-11-30 23:53:20,907 [WARN] PackLoader:240 - Cannot read IP mode file for STMicroelectronics.X-CUBE-AZRTOS-G0.1.1.0
2025-11-30 23:53:20,912 [WARN] PackLoader:240 - Cannot read IP mode file for STMicroelectronics.X-CUBE-SAFEA1.1.2.2
2025-11-30 23:53:20,917 [WARN] PackLoader:240 - Cannot read IP mode file for STMicroelectronics.X-CUBE-NFC4.3.0.0
2025-11-30 23:53:20,924 [WARN] PackLoader:240 - Cannot read IP mode file for EmbeddedOffice.I-CUBE-FS-RTOS.1.0.1
2025-11-30 23:53:20,928 [WARN] PackLoader:240 - Cannot read IP mode file for STMicroelectronics.X-CUBE-WB05N.2.0.0
2025-11-30 23:53:20,932 [WARN] PackLoader:240 - Cannot read IP mode file for wolfSSL.I-CUBE-wolfTPM.3.8.0
2025-11-30 23:53:20,935 [WARN] PackLoader:240 - Cannot read IP mode file for STMicroelectronics.X-CUBE-TCPP.4.2.0
2025-11-30 23:53:20,939 [WARN] PackLoader:240 - Cannot read IP mode file for RealThread.X-CUBE-RT-Thread_Nano.4.1.1
2025-11-30 23:53:20,943 [WARN] PackLoader:240 - Cannot read IP mode file for STMicroelectronics.FP-ATR-SIGFOX1.3.2.0
2025-11-30 23:53:20,947 [WARN] PackLoader:240 - Cannot read IP mode file for ITTIA_DB.I-CUBE-ITTIADB.8.9.0
2025-11-30 23:53:20,952 [WARN] PackLoader:240 - Cannot read IP mode file for STMicroelectronics.X-CUBE-ST67W61.1.0.0
2025-11-30 23:53:20,955 [WARN] PackLoader:240 - Cannot read IP mode file for STMicroelectronics.X-CUBE-AI.10.2.0
2025-11-30 23:53:20,970 [WARN] PackLoader:240 - Cannot read IP mode file for SEGGER.I-CUBE-embOS.1.3.1
2025-11-30 23:53:20,999 [WARN] PackLoader:240 - Cannot read IP mode file for STMicroelectronics.X-CUBE-ALGOBUILD.1.4.0
2025-11-30 23:53:21,063 [WARN] PackLoader:240 - Cannot read IP mode file for STMicroelectronics.X-CUBE-MEMS1.11.3.0
2025-11-30 23:53:21,140 [WARN] PackLoader:240 - Cannot read IP mode file for STMicroelectronics.X-CUBE-PM33A1.1.0.0
2025-11-30 23:53:21,150 [WARN] PackLoader:240 - Cannot read IP mode file for STMicroelectronics.X-CUBE-AZRTOS-F4.1.1.0
2025-11-30 23:53:21,153 [WARN] PackLoader:240 - Cannot read IP mode file for Avnet-IotConnect.X-CUBE-IoTC-DA16k-PMOD.1.0.0
2025-11-30 23:53:21,156 [WARN] PackLoader:240 - Cannot read IP mode file for STMicroelectronics.X-CUBE-ISPU.2.1.0
2025-11-30 23:53:21,164 [WARN] PackLoader:240 - Cannot read IP mode file for STMicroelectronics.X-CUBE-IPS.3.2.0
2025-11-30 23:53:21,171 [WARN] PackLoader:240 - Cannot read IP mode file for STMicroelectronics.X-CUBE-NFC12.1.0.0
2025-11-30 23:53:21,181 [WARN] PackLoader:240 - Cannot read IP mode file for STMicroelectronics.X-CUBE-AZRTOS-L5.2.0.0
2025-11-30 23:53:21,187 [WARN] PackLoader:240 - Cannot read IP mode file for STMicroelectronics.X-CUBE-NFC6.3.1.0
2025-11-30 23:53:21,190 [WARN] PackLoader:240 - Cannot read IP mode file for STMicroelectronics.X-CUBE-FREERTOS.1.3.1
2025-11-30 23:53:22,582 [WARN] PackLoader:240 - Cannot read IP mode file for STMicroelectronics.X-CUBE-TOUCHGFX.4.26.0
2025-11-30 23:53:22,588 [WARN] PackLoader:240 - Cannot read IP mode file for STMicroelectronics.FP-SNS-STAIOTCFT.1.0.0
2025-11-30 23:53:22,591 [WARN] PackLoader:240 - Cannot read IP mode file for STMicroelectronics.X-CUBE-DPower.1.3.0
2025-11-30 23:53:22,601 [WARN] ConditionMgr:438 - getConditionDescription Invalid condition id : LAN8742 Phy interface Condition cause : null
2025-11-30 23:53:22,602 [WARN] PackLoader:240 - Cannot read IP mode file for STMicroelectronics.X-CUBE-AZRTOS-L4.2.0.0
2025-11-30 23:53:22,602 [WARN] ConditionMgr:1044 - genDependencies : Invalid condition id : LAN8742 Phy interface Condition cause : null
2025-11-30 23:53:22,602 [WARN] ConditionMgr:1044 - genDependencies : Invalid condition id : LAN8742 Phy interface Condition cause : null
2025-11-30 23:53:22,602 [WARN] ConditionMgr:1044 - genDependencies : Invalid condition id : LAN8742 Phy interface Condition cause : null
2025-11-30 23:53:22,607 [WARN] PackLoader:240 - Cannot read IP mode file for STMicroelectronics.X-CUBE-SFXS2LP1.4.0.0
2025-11-30 23:53:22,614 [WARN] PackLoader:240 - Cannot read IP mode file for STMicroelectronics.X-CUBE-BLEMGR.4.1.0
2025-11-30 23:53:22,623 [WARN] ConditionMgr:438 - getConditionDescription Invalid condition id : UX DEVICE CLASS RTOS Condition cause : null
2025-11-30 23:53:22,623 [WARN] ConditionMgr:438 - getConditionDescription Invalid condition id : UX DEVICE CLASS RTOS Condition cause : null
2025-11-30 23:53:22,624 [WARN] PackLoader:240 - Cannot read IP mode file for STMicroelectronics.X-CUBE-AZRTOS-WB.2.0.0
2025-11-30 23:53:22,624 [WARN] ConditionMgr:1044 - genDependencies : Invalid condition id : UX DEVICE CLASS RTOS Condition cause : null
2025-11-30 23:53:22,624 [WARN] ConditionMgr:1044 - genDependencies : Invalid condition id : UX DEVICE CLASS RTOS Condition cause : null
2025-11-30 23:53:22,625 [WARN] ConditionMgr:1044 - genDependencies : Invalid condition id : UX DEVICE CLASS RTOS Condition cause : null
2025-11-30 23:53:22,625 [WARN] ConditionMgr:1044 - genDependencies : Invalid condition id : UX DEVICE CLASS RTOS Condition cause : null
2025-11-30 23:53:22,625 [WARN] ConditionMgr:1044 - genDependencies : Invalid condition id : UX DEVICE CLASS RTOS Condition cause : null
2025-11-30 23:53:22,628 [WARN] PackLoader:240 - Cannot read IP mode file for STMicroelectronics.X-CUBE-GNSS1.7.0.1
2025-11-30 23:53:22,630 [WARN] PackLoader:240 - Cannot read IP mode file for STMicroelectronics.X-CUBE-TOUCHGFX.4.25.0
2025-11-30 23:53:22,633 [WARN] ConditionMgr:438 - getConditionDescription Invalid condition id : Cortex-A Device cause : null
2025-11-30 23:53:29,917 [WARN] ConditionMgr:1044 - genDependencies : Invalid condition id : Cortex-A Device cause : null
2025-11-30 23:53:29,917 [WARN] ConditionMgr:1044 - genDependencies : Invalid condition id : Cortex-A Device cause : null
2025-11-30 23:53:29,917 [WARN] ConditionMgr:1044 - genDependencies : Invalid condition id : Cortex-A Device cause : null
2025-11-30 23:53:29,924 [WARN] PackLoader:240 - Cannot read IP mode file for STMicroelectronics.X-CUBE-SUBG2.5.0.0
2025-11-30 23:53:29,940 [WARN] PackLoader:240 - Cannot read IP mode file for STMicroelectronics.X-CUBE-AZRTOS-H7RS.1.1.0
2025-11-30 23:53:29,945 [WARN] PackLoader:240 - Cannot read IP mode file for Cesanta.I-CUBE-Mongoose.7.13.0
2025-11-30 23:53:29,960 [WARN] PackLoader:240 - Cannot read IP mode file for STMicroelectronics.X-CUBE-AZRTOS-G4.2.0.0
2025-11-30 23:53:30,819 [WARN] PackLoader:240 - Cannot read IP mode file for wolfSSL.I-CUBE-wolfSSH.1.4.20
2025-11-30 23:53:30,823 [WARN] PackLoader:240 - Cannot read IP mode file for STMicroelectronics.X-CUBE-NFC7.2.0.0
2025-11-30 23:53:30,828 [WARN] PackLoader:240 - Cannot read IP mode file for STMicroelectronics.X-CUBE-IPS.3.1.0
2025-11-30 23:53:30,835 [WARN] PackLoader:240 - Cannot read IP mode file for STMicroelectronics.X-CUBE-ALS.1.0.2
2025-11-30 23:53:30,840 [WARN] PackLoader:240 - Cannot read IP mode file for STMicroelectronics.X-CUBE-STSE01.1.0.0
2025-11-30 23:53:30,848 [WARN] PackLoader:240 - Cannot read IP mode file for STMicroelectronics.X-CUBE-TOF1.3.4.3
2025-11-30 23:53:30,856 [INFO] ThirdParty:978 - Integrity check success = true
2025-11-30 23:53:30,856 [INFO] IntegrityCheckThread:100 - exiting critical section [integrity check]
2025-11-30 23:53:30,856 [INFO] IntegrityCheckThread:103 - End integrity checks thread
