2025-09-29 09:08:54,190 [INFO] Activator:176 - 


2025-09-29 09:08:54,206 [INFO] Activator:177 - !SESSION log4j initialized
2025-09-29 09:08:58,686 [INFO] LogOutputStream:77 - [STDOUT_REDIRECT] 
2025-09-29 09:09:05,358 [INFO] ApplicationProperties:184 - Using Application install path: C:\ST\STM32CubeIDE_1.19.0\STM32CubeIDE\plugins\com.st.stm32cube.common.mx_6.15.0.202507011659
2025-09-29 09:09:05,373 [INFO] DbMcusXml:78 - Set database path to: C:\ST\STM32CubeIDE_1.19.0\STM32CubeIDE\plugins\com.st.stm32cube.common.mx_6.15.0.202507011659\\db\/mcu/
2025-09-29 09:09:05,373 [INFO] ApiDb:274 - Set plugin database path to: C:\ST\STM32CubeIDE_1.19.0\STM32CubeIDE\plugins\com.st.stm32cube.common.mx_6.15.0.202507011659\\db\/plugins/boardmanager/
2025-09-29 09:09:05,373 [WARN] ApiDb:259 - Overriding images path with different value:  => C:\ST\STM32CubeIDE_1.19.0\STM32CubeIDE\plugins\com.st.stm32cube.common.mx_6.15.0.202507011659\\db\/plugins/mcufinder/images/
2025-09-29 09:09:05,382 [INFO] ApiDb:250 - Set database path to: C:\Users\user\.stmcufinder\plugins\mcufinder//mcu/
2025-09-29 09:09:05,383 [INFO] DbMcusAds:125 - Set database path to: C:\Users\user\.stmcufinder\plugins\mcufinder//mcu/
2025-09-29 09:09:05,385 [INFO] CrossReferenceDbSqlite:203 - Set database path to: C:\Users\user\.stmcufinder\plugins\mcufinder//mcu/cs/
2025-09-29 09:09:05,483 [INFO] RulesReader:64 - Compatibility file has been processed (317 Rules)
2025-09-29 09:09:05,561 [INFO] DbMcusXml:78 - Set database path to: C:\ST\STM32CubeIDE_1.19.0\STM32CubeIDE\plugins\com.st.stm32cube.common.mx_6.15.0.202507011659\\db\/mcu/
2025-09-29 09:09:05,561 [INFO] ApiDb:274 - Set plugin database path to: C:\ST\STM32CubeIDE_1.19.0\STM32CubeIDE\plugins\com.st.stm32cube.common.mx_6.15.0.202507011659\\db\/plugins/boardmanager/
2025-09-29 09:09:05,562 [INFO] ApiDb:261 - Set plugin images path to: C:\ST\STM32CubeIDE_1.19.0\STM32CubeIDE\plugins\com.st.stm32cube.common.mx_6.15.0.202507011659\\db\/plugins/mcufinder/images/
2025-09-29 09:09:05,562 [WARN] DbFile:41 - Overriding database path with different value: C:\Users\user\.stmcufinder\plugins\mcufinder/ => C:\Users\user\.stmcufinder\plugins\mcufinder
2025-09-29 09:09:05,562 [INFO] ApiDb:250 - Set database path to: C:\Users\user\.stmcufinder\plugins\mcufinder//mcu/
2025-09-29 09:09:05,562 [WARN] DbFile:41 - Overriding database path with different value: C:\Users\user\.stmcufinder\plugins\mcufinder/ => C:\Users\user\.stmcufinder\plugins\mcufinder
2025-09-29 09:09:05,562 [INFO] DbMcusAds:125 - Set database path to: C:\Users\user\.stmcufinder\plugins\mcufinder//mcu/
2025-09-29 09:09:05,562 [WARN] DbFile:41 - Overriding database path with different value: C:\Users\user\.stmcufinder\plugins\mcufinder/ => C:\Users\user\.stmcufinder\plugins\mcufinder
2025-09-29 09:09:05,562 [WARN] DbFile:41 - Overriding database path with different value: C:\Users\user\.stmcufinder\plugins\mcufinder/ => C:\Users\user\.stmcufinder\plugins\mcufinder
2025-09-29 09:09:05,562 [INFO] CrossReferenceDbSqlite:203 - Set database path to: C:\Users\user\.stmcufinder\plugins\mcufinder//mcu/cs/
2025-09-29 09:09:05,641 [INFO] MainPanel:274 - HeapMemory: 268435456
2025-09-29 09:09:05,752 [INFO] DbMcusXml:78 - Set database path to: C:\ST\STM32CubeIDE_1.19.0\STM32CubeIDE\plugins\com.st.stm32cube.common.mx_6.15.0.202507011659\\db\/mcu/
2025-09-29 09:09:05,752 [INFO] ApiDb:274 - Set plugin database path to: C:\ST\STM32CubeIDE_1.19.0\STM32CubeIDE\plugins\com.st.stm32cube.common.mx_6.15.0.202507011659\\db\/plugins/boardmanager/
2025-09-29 09:09:05,752 [INFO] ApiDb:261 - Set plugin images path to: C:\ST\STM32CubeIDE_1.19.0\STM32CubeIDE\plugins\com.st.stm32cube.common.mx_6.15.0.202507011659\\db\/plugins/mcufinder/images/
2025-09-29 09:09:05,752 [WARN] DbFile:41 - Overriding database path with different value: C:\Users\user\.stmcufinder\plugins\mcufinder/ => C:\Users\user\.stmcufinder\plugins\mcufinder
2025-09-29 09:09:05,752 [INFO] ApiDb:250 - Set database path to: C:\Users\user\.stmcufinder\plugins\mcufinder//mcu/
2025-09-29 09:09:05,752 [WARN] DbFile:41 - Overriding database path with different value: C:\Users\user\.stmcufinder\plugins\mcufinder/ => C:\Users\user\.stmcufinder\plugins\mcufinder
2025-09-29 09:09:05,752 [INFO] DbMcusAds:125 - Set database path to: C:\Users\user\.stmcufinder\plugins\mcufinder//mcu/
2025-09-29 09:09:05,752 [WARN] DbFile:41 - Overriding database path with different value: C:\Users\user\.stmcufinder\plugins\mcufinder/ => C:\Users\user\.stmcufinder\plugins\mcufinder
2025-09-29 09:09:05,752 [WARN] DbFile:41 - Overriding database path with different value: C:\Users\user\.stmcufinder\plugins\mcufinder/ => C:\Users\user\.stmcufinder\plugins\mcufinder
2025-09-29 09:09:05,752 [INFO] CrossReferenceDbSqlite:203 - Set database path to: C:\Users\user\.stmcufinder\plugins\mcufinder//mcu/cs/
2025-09-29 09:09:05,769 [INFO] ApplicationProperties:184 - Using Application install path: C:\ST\STM32CubeIDE_1.19.0\STM32CubeIDE\plugins\com.st.stm32cube.common.mx_6.15.0.202507011659
2025-09-29 09:09:05,770 [INFO] PluginManage:196 - Search for loadable plugins [exclusion list=, ]
2025-09-29 09:09:05,772 [INFO] PluginManage:310 - Check plugin analytics
2025-09-29 09:09:05,918 [INFO] AnalyticsPlugin:253 - Accepted Software Licenses: 
2025-09-29 09:09:05,918 [INFO] AnalyticsPlugin:255 - Accepted CMSIS Pack Licenses: 
2025-09-29 09:09:05,918 [INFO] AnalyticsPlugin:257 - Accepted Firmware Licenses: FW.L4.1.18.0
2025-09-29 09:09:05,920 [INFO] PluginManage:359 - Loaded plugin analytics (category:tool,tabindex:-1)
2025-09-29 09:09:05,920 [INFO] PluginManage:310 - Check plugin cadmodel
2025-09-29 09:09:05,928 [INFO] CADModel:105 - Init CAD model plugin
2025-09-29 09:09:05,928 [INFO] PluginManage:359 - Loaded plugin cadmodel (category:power,tabindex:5)
2025-09-29 09:09:05,928 [INFO] PluginManage:310 - Check plugin clock
2025-09-29 09:09:05,938 [INFO] PluginManage:359 - Loaded plugin clock (category:base,tabindex:2)
2025-09-29 09:09:05,938 [INFO] PluginManage:310 - Check plugin ddr
2025-09-29 09:09:05,941 [INFO] PluginManage:359 - Loaded plugin ddr (category:tool,tabindex:6)
2025-09-29 09:09:05,941 [INFO] PluginManage:310 - Check plugin filemanager
2025-09-29 09:09:06,064 [INFO] PluginManage:359 - Loaded plugin filemanager (category:base,tabindex:10)
2025-09-29 09:09:06,064 [INFO] PluginManage:310 - Check plugin ipmanager
2025-09-29 09:09:06,070 [INFO] PluginManage:359 - Loaded plugin ipmanager (category:base,tabindex:5)
2025-09-29 09:09:06,070 [INFO] PluginManage:310 - Check plugin lpbam
2025-09-29 09:09:06,077 [INFO] PluginManage:359 - Loaded plugin lpbam (category:base,tabindex:0)
2025-09-29 09:09:06,077 [INFO] PluginManage:310 - Check plugin memorymap
2025-09-29 09:09:06,094 [INFO] PluginManage:359 - Loaded plugin memorymap (category:base,tabindex:4)
2025-09-29 09:09:06,094 [INFO] PluginManage:310 - Check plugin pinoutandconfiguration
2025-09-29 09:09:06,102 [INFO] PluginManage:359 - Loaded plugin pinoutandconfiguration (category:base,tabindex:1)
2025-09-29 09:09:06,102 [INFO] PluginManage:310 - Check plugin pinoutconfig
2025-09-29 09:09:06,174 [WARN] SupportedApi:132 - Cannot load RTOS API schema: s4s-elt-must-match.1: The content of 'definitions' must match (annotation?, (simpleType | complexType)?, (unique | key | keyref)*)). A problem was found starting at: attribute.
2025-09-29 09:09:06,280 [INFO] PluginManage:359 - Loaded plugin pinoutconfig (category:base,tabindex:0)
2025-09-29 09:09:06,280 [INFO] PluginManage:310 - Check plugin power
2025-09-29 09:09:06,291 [INFO] PluginManage:359 - Loaded plugin power (category:power,tabindex:4)
2025-09-29 09:09:06,291 [INFO] PluginManage:310 - Check plugin projectmanager
2025-09-29 09:09:06,301 [INFO] PluginManage:359 - Loaded plugin projectmanager (category:projectmanager,tabindex:4)
2025-09-29 09:09:06,301 [INFO] PluginManage:310 - Check plugin rif
2025-09-29 09:09:06,311 [INFO] PluginManage:359 - Loaded plugin rif (category:base,tabindex:3)
2025-09-29 09:09:06,312 [INFO] PluginManage:310 - Check plugin thirdparty
2025-09-29 09:09:06,421 [INFO] PluginManage:359 - Loaded plugin thirdparty (category:base,tabindex:-1)
2025-09-29 09:09:06,421 [WARN] IntegrityCheckThread:84 - waiting for thirdparty lock release [integrity check]
2025-09-29 09:09:06,421 [INFO] PluginManage:310 - Check plugin tools
2025-09-29 09:09:06,421 [INFO] IntegrityCheckThread:86 - entering critical section [integrity check]
2025-09-29 09:09:06,421 [INFO] ThirdPartyUpdaterWithRetryManager:70 - Updater plugin not ready yet. [1/15]
2025-09-29 09:09:06,424 [INFO] PluginManage:359 - Loaded plugin tools (category:base,tabindex:7)
2025-09-29 09:09:06,424 [INFO] PluginManage:310 - Check plugin tutovideos
2025-09-29 09:09:06,632 [INFO] PluginManage:359 - Loaded plugin tutovideos (category:base,tabindex:-1)
2025-09-29 09:09:06,632 [INFO] PluginManage:310 - Check plugin updater
2025-09-29 09:09:06,650 [INFO] PluginManage:359 - Loaded plugin updater (category:base,tabindex:12)
2025-09-29 09:09:06,650 [INFO] PluginManage:310 - Check plugin userauth
2025-09-29 09:09:06,653 [INFO] UserAuth:118 - Init User Auth plugin
2025-09-29 09:09:06,653 [INFO] PluginManage:359 - Loaded plugin userauth (category:base,tabindex:14)
2025-09-29 09:09:06,654 [INFO] PluginManage:283 - PluginManage : Loaded plugins [18]
2025-09-29 09:09:06,841 [INFO] PinOutPanel:1589 - setPackage(No Configuration,No Configuration)
2025-09-29 09:09:06,903 [INFO] CADModel:165 - CPN selected for project level
2025-09-29 09:09:06,903 [INFO] CADModel:114 - Register for checkConnection events
2025-09-29 09:09:06,920 [INFO] IPUIPlugin:80 - create IPUIPlugin
2025-09-29 09:09:06,920 [INFO] PluginManager:220 - loadIPPluginJar : add adc
2025-09-29 09:09:06,921 [INFO] IPUIPlugin:80 - create IPUIPlugin
2025-09-29 09:09:06,922 [INFO] PluginManager:220 - loadIPPluginJar : add aes
2025-09-29 09:09:06,924 [INFO] IPUIPlugin:80 - create IPUIPlugin
2025-09-29 09:09:06,925 [INFO] PluginManager:220 - loadIPPluginJar : add can
2025-09-29 09:09:06,926 [INFO] IPUIPlugin:80 - create IPUIPlugin
2025-09-29 09:09:06,926 [INFO] PluginManager:220 - loadIPPluginJar : add comp
2025-09-29 09:09:06,928 [INFO] IPUIPlugin:80 - create IPUIPlugin
2025-09-29 09:09:06,928 [INFO] PluginManager:220 - loadIPPluginJar : add cryp
2025-09-29 09:09:06,932 [INFO] IPUIPlugin:80 - create IPUIPlugin
2025-09-29 09:09:06,932 [INFO] PluginManager:220 - loadIPPluginJar : add ddr_ctrl_phy
2025-09-29 09:09:06,934 [INFO] IPUIPlugin:80 - create IPUIPlugin
2025-09-29 09:09:06,934 [INFO] PluginManager:220 - loadIPPluginJar : add dfsdm
2025-09-29 09:09:06,938 [INFO] IPUIPlugin:80 - create IPUIPlugin
2025-09-29 09:09:06,938 [INFO] PluginManager:220 - loadIPPluginJar : add dma
2025-09-29 09:09:06,941 [INFO] IPUIPlugin:80 - create IPUIPlugin
2025-09-29 09:09:06,941 [INFO] PluginManager:220 - loadIPPluginJar : add dma3
2025-09-29 09:09:06,944 [INFO] IPUIPlugin:80 - create IPUIPlugin
2025-09-29 09:09:06,944 [INFO] PluginManager:220 - loadIPPluginJar : add extmemmanager
2025-09-29 09:09:06,944 [INFO] IPUIPlugin:80 - create IPUIPlugin
2025-09-29 09:09:06,944 [INFO] PluginManager:220 - loadIPPluginJar : add fatfs
2025-09-29 09:09:06,948 [INFO] IPUIPlugin:80 - create IPUIPlugin
2025-09-29 09:09:06,948 [INFO] PluginManager:220 - loadIPPluginJar : add fmc
2025-09-29 09:09:06,954 [INFO] IPUIPlugin:80 - create IPUIPlugin
2025-09-29 09:09:06,954 [INFO] PluginManager:220 - loadIPPluginJar : add freertos
2025-09-29 09:09:06,955 [INFO] IPUIPlugin:80 - create IPUIPlugin
2025-09-29 09:09:06,955 [INFO] PluginManager:220 - loadIPPluginJar : add genericplugin
2025-09-29 09:09:06,958 [INFO] IPUIPlugin:80 - create IPUIPlugin
2025-09-29 09:09:06,958 [INFO] PluginManager:220 - loadIPPluginJar : add gfxmmu
2025-09-29 09:09:06,963 [INFO] IPUIPlugin:80 - create IPUIPlugin
2025-09-29 09:09:06,963 [INFO] PluginManager:220 - loadIPPluginJar : add gic
2025-09-29 09:09:06,966 [INFO] IPUIPlugin:80 - create IPUIPlugin
2025-09-29 09:09:06,966 [INFO] PluginManager:220 - loadIPPluginJar : add gpio
2025-09-29 09:09:06,969 [INFO] IPUIPlugin:80 - create IPUIPlugin
2025-09-29 09:09:06,969 [INFO] PluginManager:220 - loadIPPluginJar : add gtzc
2025-09-29 09:09:06,971 [INFO] IPUIPlugin:80 - create IPUIPlugin
2025-09-29 09:09:06,971 [INFO] PluginManager:220 - loadIPPluginJar : add hash
2025-09-29 09:09:06,975 [INFO] IPUIPlugin:80 - create IPUIPlugin
2025-09-29 09:09:06,975 [INFO] PluginManager:220 - loadIPPluginJar : add i2c
2025-09-29 09:09:06,977 [INFO] IPUIPlugin:80 - create IPUIPlugin
2025-09-29 09:09:06,977 [INFO] PluginManager:220 - loadIPPluginJar : add i2s
2025-09-29 09:09:06,980 [INFO] IPUIPlugin:80 - create IPUIPlugin
2025-09-29 09:09:06,980 [INFO] PluginManager:220 - loadIPPluginJar : add i3c
2025-09-29 09:09:06,983 [INFO] IPUIPlugin:80 - create IPUIPlugin
2025-09-29 09:09:06,983 [INFO] PluginManager:220 - loadIPPluginJar : add ipddr
2025-09-29 09:09:06,988 [INFO] IPUIPlugin:80 - create IPUIPlugin
2025-09-29 09:09:06,988 [INFO] PluginManager:220 - loadIPPluginJar : add linkedlist
2025-09-29 09:09:06,992 [INFO] IPUIPlugin:80 - create IPUIPlugin
2025-09-29 09:09:06,992 [INFO] PluginManager:220 - loadIPPluginJar : add lorawan
2025-09-29 09:09:06,993 [INFO] IPUIPlugin:80 - create IPUIPlugin
2025-09-29 09:09:06,993 [INFO] PluginManager:220 - loadIPPluginJar : add ltdc
2025-09-29 09:09:07,001 [INFO] IPUIPlugin:80 - create IPUIPlugin
2025-09-29 09:09:07,002 [INFO] PluginManager:220 - loadIPPluginJar : add mdma
2025-09-29 09:09:07,012 [INFO] IPUIPlugin:80 - create IPUIPlugin
2025-09-29 09:09:07,012 [INFO] PluginManager:220 - loadIPPluginJar : add nvic
2025-09-29 09:09:07,014 [INFO] IPUIPlugin:80 - create IPUIPlugin
2025-09-29 09:09:07,014 [INFO] PluginManager:220 - loadIPPluginJar : add opamp
2025-09-29 09:09:07,017 [INFO] IPUIPlugin:80 - create IPUIPlugin
2025-09-29 09:09:07,017 [INFO] PluginManager:220 - loadIPPluginJar : add openamp
2025-09-29 09:09:07,020 [INFO] IPUIPlugin:80 - create IPUIPlugin
2025-09-29 09:09:07,020 [INFO] PluginManager:220 - loadIPPluginJar : add pdm2pcm
2025-09-29 09:09:07,026 [INFO] IPUIPlugin:80 - create IPUIPlugin
2025-09-29 09:09:07,027 [INFO] PluginManager:220 - loadIPPluginJar : add plateformsettings
2025-09-29 09:09:07,029 [INFO] IPUIPlugin:80 - create IPUIPlugin
2025-09-29 09:09:07,030 [INFO] PluginManager:220 - loadIPPluginJar : add quadspi
2025-09-29 09:09:07,031 [INFO] IPUIPlugin:80 - create IPUIPlugin
2025-09-29 09:09:07,032 [INFO] PluginManager:220 - loadIPPluginJar : add radio
2025-09-29 09:09:07,036 [INFO] IPUIPlugin:80 - create IPUIPlugin
2025-09-29 09:09:07,036 [INFO] PluginManager:220 - loadIPPluginJar : add resmgrutility
2025-09-29 09:09:07,039 [INFO] IPUIPlugin:80 - create IPUIPlugin
2025-09-29 09:09:07,039 [INFO] PluginManager:220 - loadIPPluginJar : add sai
2025-09-29 09:09:07,041 [INFO] IPUIPlugin:80 - create IPUIPlugin
2025-09-29 09:09:07,041 [INFO] PluginManager:220 - loadIPPluginJar : add spi
2025-09-29 09:09:07,045 [INFO] IPUIPlugin:80 - create IPUIPlugin
2025-09-29 09:09:07,045 [INFO] PluginManager:220 - loadIPPluginJar : add stm32_wpan
2025-09-29 09:09:07,048 [INFO] IPUIPlugin:80 - create IPUIPlugin
2025-09-29 09:09:07,048 [INFO] PluginManager:220 - loadIPPluginJar : add tim
2025-09-29 09:09:07,051 [INFO] IPUIPlugin:80 - create IPUIPlugin
2025-09-29 09:09:07,051 [INFO] PluginManager:220 - loadIPPluginJar : add touchsensing
2025-09-29 09:09:07,052 [INFO] IPUIPlugin:80 - create IPUIPlugin
2025-09-29 09:09:07,052 [INFO] PluginManager:220 - loadIPPluginJar : add tracer_emb
2025-09-29 09:09:07,054 [INFO] IPUIPlugin:80 - create IPUIPlugin
2025-09-29 09:09:07,054 [INFO] PluginManager:220 - loadIPPluginJar : add ts
2025-09-29 09:09:07,055 [INFO] IPUIPlugin:80 - create IPUIPlugin
2025-09-29 09:09:07,057 [INFO] PluginManager:220 - loadIPPluginJar : add tsc
2025-09-29 09:09:07,058 [INFO] IPUIPlugin:80 - create IPUIPlugin
2025-09-29 09:09:07,058 [INFO] PluginManager:220 - loadIPPluginJar : add ucpd
2025-09-29 09:09:07,060 [INFO] IPUIPlugin:80 - create IPUIPlugin
2025-09-29 09:09:07,061 [INFO] PluginManager:220 - loadIPPluginJar : add usart
2025-09-29 09:09:07,064 [INFO] IPUIPlugin:80 - create IPUIPlugin
2025-09-29 09:09:07,064 [INFO] PluginManager:220 - loadIPPluginJar : add usbx
2025-09-29 09:09:07,196 [FATAL] Updater:351 - Updater called before beeing initialized
2025-09-29 09:09:07,221 [INFO] RulesReader:64 - Compatibility file has been processed (317 Rules)
2025-09-29 09:09:07,231 [INFO] RulesReader:64 - Compatibility file has been processed (317 Rules)
2025-09-29 09:09:07,237 [INFO] CADModel:165 - CPN selected for project level
2025-09-29 09:09:07,237 [INFO] CADModel:114 - Register for checkConnection events
2025-09-29 09:09:07,237 [FATAL] Updater:351 - Updater called before beeing initialized
2025-09-29 09:09:07,237 [ERROR] CADModel:125 - Updater not yet initialized, retry later 
2025-09-29 09:09:07,353 [FATAL] Updater:351 - Updater called before beeing initialized
2025-09-29 09:09:07,354 [INFO] CADModel:165 - CPN selected for project level
2025-09-29 09:09:07,354 [INFO] CADModel:114 - Register for checkConnection events
2025-09-29 09:09:07,354 [FATAL] Updater:351 - Updater called before beeing initialized
2025-09-29 09:09:07,354 [ERROR] CADModel:125 - Updater not yet initialized, retry later 
2025-09-29 09:09:07,357 [FATAL] Updater:351 - Updater called before beeing initialized
2025-09-29 09:09:07,445 [FATAL] Updater:351 - Updater called before beeing initialized
2025-09-29 09:09:07,449 [INFO] DbMcusAds:53 - JSON generation date=Tue Jul 08 16:14:23 CST 2025 (1751962463524)
2025-09-29 09:09:07,450 [FATAL] Updater:351 - Updater called before beeing initialized
2025-09-29 09:09:07,491 [WARN] DetailPanel:346 - Failed to get advertising image, set to default
2025-09-29 09:09:07,557 [FATAL] Updater:351 - Updater called before beeing initialized
2025-09-29 09:09:07,558 [FATAL] Updater:351 - Updater called before beeing initialized
2025-09-29 09:09:07,558 [FATAL] Updater:351 - Updater called before beeing initialized
2025-09-29 09:09:07,558 [WARN] DetailPanel:346 - Failed to get advertising image, set to default
2025-09-29 09:09:07,559 [FATAL] Updater:351 - Updater called before beeing initialized
2025-09-29 09:09:07,601 [ERROR] Updater:1198 - MainUpdater not yet initialized. External WinMGr cannot be set.
2025-09-29 09:09:07,603 [INFO] Updater:1134 - Updater Version found : 6.15.0
2025-09-29 09:09:07,617 [INFO] ApplicationProperties:184 - Using Application install path: C:\ST\STM32CubeIDE_1.19.0\STM32CubeIDE\plugins\com.st.stm32cube.common.mx_6.15.0.202507011659
2025-09-29 09:09:09,187 [ERROR] LogOutputStream:75 - [STDERR_REDIRECT] Sep 29, 2025 9:09:09 AM java.util.prefs.WindowsPreferences <init>
2025-09-29 09:09:09,187 [ERROR] LogOutputStream:75 - [STDERR_REDIRECT] WARNING: Could not open/create prefs root node Software\JavaSoft\Prefs at root 0xffffffff80000002. Windows RegCreateKeyEx(...) returned error code 5.
2025-09-29 09:09:09,187 [ERROR] LogOutputStream:75 - [STDERR_REDIRECT] 
2025-09-29 09:09:09,422 [INFO] ThirdPartyUpdaterWithRetryManager:70 - Updater plugin not ready yet. [2/15]
2025-09-29 09:09:09,423 [INFO] MainUpdater:2872 - connection check result : 10
2025-09-29 09:09:09,424 [INFO] MainUpdater:289 - Updater Check For Update Now.
2025-09-29 09:09:09,424 [INFO] MicroXplorer:498 - Change Database Version : DB.6.0.150
2025-09-29 09:09:09,430 [INFO] McuFinderGlobals:63 - Set McuFinder mode to 2 (CubeIDE integrated)
2025-09-29 09:09:09,430 [INFO] UserAuth:171 - activating auth plugin
2025-09-29 09:09:09,431 [INFO] UserAuth:487 - Internet connection configuration mode: 1
2025-09-29 09:09:09,460 [INFO] JxBrowserEngine:152 - Initiate JxBrowser Engine with user profile folder
2025-09-29 09:09:09,596 [INFO] CheckServerUpdateThread:120 - End of CheckServer Thread
2025-09-29 09:09:11,386 [INFO] WebApp:169 - Instantiating new browser for Auth
2025-09-29 09:09:12,551 [INFO] WebApp:463 - Apply proxy settings
2025-09-29 09:09:12,551 [INFO] WebApp:548 - Chromium requires no authentication
2025-09-29 09:09:12,589 [INFO] WebApp:491 - Direct internet connection detected
2025-09-29 09:09:12,686 [INFO] WebApp:900 - Register for checkConnection events
2025-09-29 09:09:12,687 [INFO] WebApp:463 - Apply proxy settings
2025-09-29 09:09:12,687 [INFO] WebApp:548 - Chromium requires no authentication
2025-09-29 09:09:12,687 [INFO] WebApp:491 - Direct internet connection detected
2025-09-29 09:09:12,946 [INFO] WebApp:191 - Connection restablished
2025-09-29 09:09:13,074 [WARN] PackLoader:240 - Cannot read IP mode file for STMicroelectronics.FP-SNS-MOTENVWB1.1.4.0
2025-09-29 09:09:13,083 [WARN] PackLoader:240 - Cannot read IP mode file for STMicroelectronics.FP-ATR-ASTRA1.2.0.2
2025-09-29 09:09:13,095 [WARN] PackLoader:240 - Cannot read IP mode file for STMicroelectronics.X-CUBE-SMBUS.2.1.0
2025-09-29 09:09:13,100 [WARN] PackLoader:240 - Cannot read IP mode file for STMicroelectronics.X-CUBE-ST60.1.0.0
2025-09-29 09:09:13,143 [WARN] PackLoader:240 - Cannot read IP mode file for STMicroelectronics.X-CUBE-AZRTOS-F7.1.1.0
2025-09-29 09:09:13,161 [WARN] PackLoader:240 - Cannot read IP mode file for WES.I-CUBE-Cesium.1.4.0
2025-09-29 09:09:13,187 [WARN] PackLoader:240 - Cannot read IP mode file for Infineon.AIROC-Wi-Fi-Bluetooth-STM32.1.7.1
2025-09-29 09:09:13,219 [WARN] PackLoader:240 - Cannot read IP mode file for STMicroelectronics.X-CUBE-AZRTOS-H7.3.4.0
2025-09-29 09:09:13,231 [WARN] PackLoader:240 - Cannot read IP mode file for STMicroelectronics.X-CUBE-DISPLAY.3.0.0
2025-09-29 09:09:13,237 [INFO] WebApp:225 - Starting web application
2025-09-29 09:09:13,237 [INFO] WebApp:593 - Web application path used C:\ST\STM32CubeIDE_1.19.0\STM32CubeIDE\plugins\com.st.stm32cube.common.mx_6.15.0.202507011659\db\plugins\mcufinder\reactClient1\index.html
2025-09-29 09:09:13,254 [WARN] PackLoader:240 - Cannot read IP mode file for STMicroelectronics.X-CUBE-NFC10.1.0.0
2025-09-29 09:09:13,265 [WARN] PackLoader:240 - Cannot read IP mode file for emotas.I-CUBE-CANOPEN.1.3.0
2025-09-29 09:09:13,275 [WARN] PackLoader:240 - Cannot read IP mode file for STMicroelectronics.FP-SNS-STBOX1.2.1.0
2025-09-29 09:09:13,297 [WARN] PackLoader:240 - Cannot read IP mode file for STMicroelectronics.FP-SNS-SMARTAG2.1.2.0
2025-09-29 09:09:13,308 [WARN] PackLoader:240 - Cannot read IP mode file for STMicroelectronics.FP-SNS-FLIGHT1.5.1.0
2025-09-29 09:09:13,323 [INFO] LogOutputStream:77 - [STDOUT_REDIRECT] 1 : Invalid condition id : UX_CORESTACK_Condition cause : null
2025-09-29 09:09:13,324 [INFO] LogOutputStream:77 - [STDOUT_REDIRECT] 1 : Invalid condition id : UX_CORESTACK_Condition cause : null
2025-09-29 09:09:13,326 [INFO] LogOutputStream:77 - [STDOUT_REDIRECT] 1 : Invalid condition id : UX_CORESTACK_Condition cause : null
2025-09-29 09:09:13,327 [INFO] LogOutputStream:77 - [STDOUT_REDIRECT] 1 : Invalid condition id : UX_CORESTACK_Condition cause : null
2025-09-29 09:09:13,329 [INFO] LogOutputStream:77 - [STDOUT_REDIRECT] 1 : Invalid condition id : UX_CORESTACK_Condition cause : null
2025-09-29 09:09:13,333 [WARN] PackLoader:240 - Cannot read IP mode file for STMicroelectronics.X-CUBE-AZRTOS-WL.2.0.0
2025-09-29 09:09:13,356 [WARN] PackLoader:240 - Cannot read IP mode file for STMicroelectronics.FP-SNS-MOTENV1.5.0.0
2025-09-29 09:09:13,368 [WARN] PackLoader:240 - Cannot read IP mode file for STMicroelectronics.X-CUBE-BLE2.3.3.0
2025-09-29 09:09:13,376 [WARN] PackLoader:240 - Cannot read IP mode file for STMicroelectronics.X-CUBE-NFC9.1.0.0
2025-09-29 09:09:13,386 [WARN] PackLoader:240 - Cannot read IP mode file for wolfSSL.I-CUBE-wolfSSL.5.8.2
2025-09-29 09:09:13,408 [WARN] PackLoader:240 - Cannot read IP mode file for STMicroelectronics.X-CUBE-BLE1.7.1.0
2025-09-29 09:09:13,419 [WARN] PackLoader:240 - Cannot read IP mode file for wolfSSL.I-CUBE-wolfMQTT.1.19.2
2025-09-29 09:09:13,451 [WARN] PackLoader:240 - Cannot read IP mode file for STMicroelectronics.X-CUBE-EEPRMA1.5.2.0
2025-09-29 09:09:13,487 [WARN] PackLoader:240 - Cannot read IP mode file for STMicroelectronics.X-CUBE-AZRTOS-G0.1.1.0
2025-09-29 09:09:13,498 [WARN] PackLoader:240 - Cannot read IP mode file for STMicroelectronics.X-CUBE-SAFEA1.1.2.2
2025-09-29 09:09:13,504 [WARN] PackLoader:240 - Cannot read IP mode file for STMicroelectronics.X-CUBE-NFC4.3.0.0
2025-09-29 09:09:13,516 [WARN] PackLoader:240 - Cannot read IP mode file for EmbeddedOffice.I-CUBE-FS-RTOS.1.0.1
2025-09-29 09:09:13,524 [WARN] PackLoader:240 - Cannot read IP mode file for STMicroelectronics.X-CUBE-WB05N.2.0.0
2025-09-29 09:09:13,531 [WARN] PackLoader:240 - Cannot read IP mode file for wolfSSL.I-CUBE-wolfTPM.3.8.0
2025-09-29 09:09:13,536 [WARN] PackLoader:240 - Cannot read IP mode file for STMicroelectronics.X-CUBE-TCPP.4.2.0
2025-09-29 09:09:13,543 [WARN] PackLoader:240 - Cannot read IP mode file for RealThread.X-CUBE-RT-Thread_Nano.4.1.1
2025-09-29 09:09:13,548 [WARN] PackLoader:240 - Cannot read IP mode file for STMicroelectronics.FP-ATR-SIGFOX1.3.2.0
2025-09-29 09:09:13,555 [WARN] PackLoader:240 - Cannot read IP mode file for ITTIA_DB.I-CUBE-ITTIADB.8.9.0
2025-09-29 09:09:13,564 [WARN] PackLoader:240 - Cannot read IP mode file for STMicroelectronics.X-CUBE-ST67W61.1.0.0
2025-09-29 09:09:13,568 [WARN] PackLoader:240 - Cannot read IP mode file for STMicroelectronics.X-CUBE-AI.10.2.0
2025-09-29 09:09:13,599 [WARN] PackLoader:240 - Cannot read IP mode file for SEGGER.I-CUBE-embOS.1.3.1
2025-09-29 09:09:13,681 [WARN] PackLoader:240 - Cannot read IP mode file for STMicroelectronics.X-CUBE-ALGOBUILD.1.4.0
2025-09-29 09:09:13,729 [WARN] PackLoader:240 - Cannot read IP mode file for STMicroelectronics.X-CUBE-MEMS1.11.3.0
2025-09-29 09:09:13,833 [WARN] PackLoader:240 - Cannot read IP mode file for STMicroelectronics.X-CUBE-PM33A1.1.0.0
2025-09-29 09:09:13,850 [WARN] PackLoader:240 - Cannot read IP mode file for STMicroelectronics.X-CUBE-AZRTOS-F4.1.1.0
2025-09-29 09:09:13,857 [WARN] PackLoader:240 - Cannot read IP mode file for Avnet-IotConnect.X-CUBE-IoTC-DA16k-PMOD.1.0.0
2025-09-29 09:09:13,862 [WARN] PackLoader:240 - Cannot read IP mode file for STMicroelectronics.X-CUBE-ISPU.2.1.0
2025-09-29 09:09:13,869 [WARN] PackLoader:240 - Cannot read IP mode file for STMicroelectronics.X-CUBE-NFC12.1.0.0
2025-09-29 09:09:13,886 [WARN] PackLoader:240 - Cannot read IP mode file for STMicroelectronics.X-CUBE-AZRTOS-L5.2.0.0
2025-09-29 09:09:13,894 [WARN] PackLoader:240 - Cannot read IP mode file for STMicroelectronics.X-CUBE-NFC6.3.1.0
2025-09-29 09:09:13,903 [WARN] PackLoader:240 - Cannot read IP mode file for STMicroelectronics.X-CUBE-FREERTOS.1.3.1
2025-09-29 09:09:13,907 [WARN] PackLoader:240 - Cannot read IP mode file for STMicroelectronics.FP-SNS-STAIOTCFT.1.0.0
2025-09-29 09:09:13,914 [WARN] PackLoader:240 - Cannot read IP mode file for STMicroelectronics.X-CUBE-DPower.1.3.0
2025-09-29 09:09:13,928 [WARN] ConditionMgr:438 - getConditionDescription Invalid condition id : LAN8742 Phy interface Condition cause : null
2025-09-29 09:09:13,929 [WARN] PackLoader:240 - Cannot read IP mode file for STMicroelectronics.X-CUBE-AZRTOS-L4.2.0.0
2025-09-29 09:09:13,930 [WARN] ConditionMgr:1044 - genDependencies : Invalid condition id : LAN8742 Phy interface Condition cause : null
2025-09-29 09:09:13,930 [WARN] ConditionMgr:1044 - genDependencies : Invalid condition id : LAN8742 Phy interface Condition cause : null
2025-09-29 09:09:13,930 [WARN] ConditionMgr:1044 - genDependencies : Invalid condition id : LAN8742 Phy interface Condition cause : null
2025-09-29 09:09:13,934 [WARN] PackLoader:240 - Cannot read IP mode file for STMicroelectronics.X-CUBE-SFXS2LP1.4.0.0
2025-09-29 09:09:13,946 [WARN] PackLoader:240 - Cannot read IP mode file for STMicroelectronics.X-CUBE-BLEMGR.4.1.0
2025-09-29 09:09:13,962 [WARN] ConditionMgr:438 - getConditionDescription Invalid condition id : UX DEVICE CLASS RTOS Condition cause : null
2025-09-29 09:09:13,962 [WARN] ConditionMgr:438 - getConditionDescription Invalid condition id : UX DEVICE CLASS RTOS Condition cause : null
2025-09-29 09:09:13,964 [WARN] PackLoader:240 - Cannot read IP mode file for STMicroelectronics.X-CUBE-AZRTOS-WB.2.0.0
2025-09-29 09:09:13,965 [WARN] ConditionMgr:1044 - genDependencies : Invalid condition id : UX DEVICE CLASS RTOS Condition cause : null
2025-09-29 09:09:13,965 [WARN] ConditionMgr:1044 - genDependencies : Invalid condition id : UX DEVICE CLASS RTOS Condition cause : null
2025-09-29 09:09:13,965 [WARN] ConditionMgr:1044 - genDependencies : Invalid condition id : UX DEVICE CLASS RTOS Condition cause : null
2025-09-29 09:09:13,965 [WARN] ConditionMgr:1044 - genDependencies : Invalid condition id : UX DEVICE CLASS RTOS Condition cause : null
2025-09-29 09:09:13,965 [WARN] ConditionMgr:1044 - genDependencies : Invalid condition id : UX DEVICE CLASS RTOS Condition cause : null
2025-09-29 09:09:13,974 [WARN] PackLoader:240 - Cannot read IP mode file for STMicroelectronics.X-CUBE-GNSS1.7.0.1
2025-09-29 09:09:13,979 [WARN] PackLoader:240 - Cannot read IP mode file for STMicroelectronics.X-CUBE-TOUCHGFX.4.25.0
2025-09-29 09:09:13,985 [WARN] ConditionMgr:438 - getConditionDescription Invalid condition id : Cortex-A Device cause : null
2025-09-29 09:09:13,996 [WARN] ConditionMgr:1044 - genDependencies : Invalid condition id : Cortex-A Device cause : null
2025-09-29 09:09:13,996 [WARN] ConditionMgr:1044 - genDependencies : Invalid condition id : Cortex-A Device cause : null
2025-09-29 09:09:13,996 [WARN] ConditionMgr:1044 - genDependencies : Invalid condition id : Cortex-A Device cause : null
2025-09-29 09:09:13,996 [WARN] PackLoader:240 - Cannot read IP mode file for STMicroelectronics.X-CUBE-SUBG2.5.0.0
2025-09-29 09:09:14,030 [WARN] PackLoader:240 - Cannot read IP mode file for STMicroelectronics.X-CUBE-AZRTOS-H7RS.1.1.0
2025-09-29 09:09:14,030 [WARN] PackLoader:240 - Cannot read IP mode file for Cesanta.I-CUBE-Mongoose.7.13.0
2025-09-29 09:09:14,047 [WARN] PackLoader:240 - Cannot read IP mode file for STMicroelectronics.X-CUBE-AZRTOS-G4.2.0.0
2025-09-29 09:09:14,047 [WARN] PackLoader:240 - Cannot read IP mode file for wolfSSL.I-CUBE-wolfSSH.1.4.20
2025-09-29 09:09:14,047 [WARN] PackLoader:240 - Cannot read IP mode file for STMicroelectronics.X-CUBE-NFC7.2.0.0
2025-09-29 09:09:14,064 [WARN] PackLoader:240 - Cannot read IP mode file for STMicroelectronics.X-CUBE-IPS.3.1.0
2025-09-29 09:09:14,064 [WARN] PackLoader:240 - Cannot read IP mode file for STMicroelectronics.X-CUBE-ALS.1.0.2
2025-09-29 09:09:14,080 [WARN] PackLoader:240 - Cannot read IP mode file for STMicroelectronics.X-CUBE-STSE01.1.0.0
2025-09-29 09:09:14,080 [WARN] PackLoader:240 - Cannot read IP mode file for STMicroelectronics.X-CUBE-TOF1.3.4.3
2025-09-29 09:09:14,097 [INFO] ThirdParty:978 - Integrity check success = true
2025-09-29 09:09:14,097 [INFO] IntegrityCheckThread:100 - exiting critical section [integrity check]
2025-09-29 09:09:14,097 [INFO] IntegrityCheckThread:103 - End integrity checks thread
2025-09-29 09:46:52,763 [INFO] McuFinderGlobals:63 - Set McuFinder mode to 2 (CubeIDE integrated)
2025-09-29 09:46:52,768 [INFO] MainUpdater:2872 - connection check result : 10
2025-09-29 09:46:53,021 [INFO] ApiDb:581 - Connected to CubeFinder SQLite database (C:\Users\user\.stmcufinder\plugins\mcufinder\mcu\cube-finder-db.db)
2025-09-29 09:46:53,150 [INFO] ApiDb:668 - CubeFinder database Data Model version=2.1
2025-09-29 09:46:53,150 [INFO] ApiDb:669 - CubeFinder database Configuration version=3.0.39
2025-09-29 09:46:53,150 [INFO] ApiDb:670 - CubeFinder database generation date=2025-08-25 (1756130511)
2025-09-29 09:46:53,152 [INFO] ApiDb:671 - CubeFinder database FW Pack versions=[FP-ATR-ASTRA1_V2.0.0, FP-SNS-FLIGHT1_V5.1.0, FP-SNS-MOTENV1_V5.0.0, FP-SNS-MOTENVWB1_V1.4.0, FP-SNS-SMARTAG2_V1.2.0, FP-SNS-STBOX1_V2.1.0, STM32Cube_FW_C0_V1.4.0, STM32Cube_FW_F4_V1.28.3, STM32Cube_FW_F7_V1.17.4, STM32Cube_FW_G0_V1.6.2, STM32Cube_FW_G4_V1.6.1, STM32Cube_FW_H5_V1.5.0, STM32Cube_FW_H7RS_V1.2.0, STM32Cube_FW_H7_V1.12.1, STM32Cube_FW_L0_V1.12.2, STM32Cube_FW_L4_V1.18.1, STM32Cube_FW_L5_V1.5.1, STM32Cube_FW_N6_V1.2.0, STM32Cube_FW_U0_V1.3.0, STM32Cube_FW_U3_V1.2.0, STM32Cube_FW_U5_V1.8.0, STM32Cube_FW_WB0_V1.3.0, STM32Cube_FW_WBA_V1.7.0, STM32Cube_FW_WB_V1.23.0, STM32Cube_FW_WL3_V1.2.0, STM32Cube_FW_WL_V1.3.1, X-CUBE-ALGOBUILD_V1.4.0, X-CUBE-ALS_V1.0.2, X-CUBE-AZRTOS-F4_V1.1.0, X-CUBE-AZRTOS-F7_V1.1.0, X-CUBE-AZRTOS-G0_V1.1.0, X-CUBE-AZRTOS-G4_V2.0.0, X-CUBE-AZRTOS-H7RS_V1.1.0, X-CUBE-AZRTOS-H7_V3.4.0, X-CUBE-AZRTOS-L4_V2.0.0, X-CUBE-AZRTOS-L5_V2.0.0, X-CUBE-AZRTOS-WB_V2.0.0, X-CUBE-AZRTOS-WL_V2.0.0, X-CUBE-BLE1_V7.1.0, X-CUBE-BLE2_V3.3.0, X-CUBE-BLEMGR_V4.1.0, X-CUBE-EEPRMA1_V5.2.0, X-CUBE-FREERTOS_V1.3.1, X-CUBE-GNSS1_V6.0.0, X-CUBE-MEMS1_V11.3.0, X-CUBE-NFC4_V3.0.0, X-CUBE-NFC7_V2.0.0, X-CUBE-SFXS2LP1_V4.0.0, X-CUBE-ST67W61_V1.0.0, X-CUBE-SUBG2_V5.0.0, X-CUBE-TOF1_V3.4.3]
2025-09-29 09:46:56,112 [INFO] ApiDb:240 - Found 880 in-development CPN: [B-G473E-ZEST1S, B-WB1M-WPAN1, B-WBA5M-WPAN, B-WL5M-SUBG1, NUCLEO-C031C6, NUCLEO-C051C8, NUCLEO-C071RB, NUCLEO-C092RC, NUCLEO-H503RB, NUCLEO-H533RE, NUCLEO-H563ZI, NUCLEO-H7S3L8, NUCLEO-N657X0-Q, NUCLEO-U031R8, NUCLEO-U083RC, NUCLEO-U385RG-Q, NUCLEO-U545RE-Q, NUCLEO-U5A5ZJ-Q, NUCLEO-WB05KZ, NUCLEO-WB07CC, NUCLEO-WB09KE, NUCLEO-WBA52CG, NUCLEO-WBA55CG, NUCLEO-WL33CC1, NUCLEO-WL33CC2, STEVAL-PROTEUS1, STEVAL-SMARTAG2, STEVAL-STWINBX1, STM320518-EVAL, STM32C0116-DK, STM32C011D6Y3TR, STM32C011D6Y6TR, STM32C011F4P3, STM32C011F4P6, STM32C011F4U3, STM32C011F4U6TR, STM32C011F6P3, STM32C011F6P6, STM32C011F6U3, STM32C011F6U6TR, STM32C011J4M3, STM32C011J4M6, STM32C011J6M3, STM32C011J6M6, STM32C0316-DK, STM32C031C4T3, STM32C031C4T6, STM32C031C4U3, STM32C031C4U6, STM32C031C6T3, STM32C031C6T6, STM32C031C6U3, STM32C031C6U6, STM32C031F4P3, STM32C031F4P6, STM32C031F6P3, STM32C031F6P6, STM32C031G4U3, STM32C031G4U6, STM32C031G6U3, STM32C031G6U6, STM32C031K4T3, STM32C031K4T6, STM32C031K4U3, STM32C031K4U6, STM32C031K6T3, STM32C031K6T6, STM32C031K6U3, STM32C031K6U6, STM32C051C6T6, STM32C051C6U6, STM32C051C8T6, STM32C051C8U6, STM32C051D8Y6TR, STM32C051F6P6, STM32C051F8P6, STM32C051G6U6, STM32C051G8U6, STM32C051K6T6, STM32C051K6U6, STM32C051K8T6, STM32C071C8T6, STM32C071C8T6N, STM32C071C8U6, STM32C071C8U6N, STM32C071CBT6, STM32C071CBT6N, STM32C071CBU6, STM32C071CBU6N, STM32C071F8P6, STM32C071F8P6N, STM32C071FBP6, STM32C071FBP6N, STM32C071FBY6TR, STM32C071G8U6, STM32C071G8U6N, STM32C071GBU6, STM32C071GBU6N, STM32C071K8T6, STM32C071K8T6N, STM32C071K8U6, STM32C071K8U6N, STM32C071KBT6, STM32C071KBT6N, STM32C071KBU6, STM32C071KBU6N, STM32C071R8T6, STM32C071R8T6N, STM32C071RBI6N, STM32C071RBT6, STM32C071RBT6N, STM32C091CBT6, STM32C091CBU6, STM32C091CCT6, STM32C091CCU6, STM32C091ECY6TR, STM32C091FBP6, STM32C091FCP6, STM32C091GBU6, STM32C091GCU6, STM32C091KBT6, STM32C091KBU6, STM32C091KCT6, STM32C091KCU6, STM32C091RBT6, STM32C091RCI6, STM32C091RCT6, STM32C092CBT6, STM32C092CBU6, STM32C092CCT6, STM32C092CCU6, STM32C092ECY6TR, STM32C092FBP6, STM32C092FCP6, STM32C092GBU6, STM32C092GCU6, STM32C092KBT6, STM32C092KBU6, STM32C092KCT6, STM32C092KCU6, STM32C092RBT6, STM32C092RCI6, STM32C092RCT6, STM32G071K8TXN, STM32G071K8UXN, STM32G081GBU6N, STM32G081KBT6N, STM32G081KBUXN, STM32G0B1CCT6N, STM32G0B1KCT6, STM32G0B1NEY6TR, STM32G0B1RCT6N, STM32G0C1CCT6, STM32G0C1CCT6N, STM32G0C1CCU6N, STM32G0C1CET6N, STM32G0C1CEU6N, STM32G0C1KCT6, STM32G0C1NEY6TR, STM32G0C1RCI6N, STM32G0C1RCT6N, STM32G0C1REI6N, STM32G0C1RET6N, STM32G0C1VCI6, STM32G0C1VEI6, STM32G411C6T3, STM32G411C6T6, STM32G411C6U3, STM32G411C6U6, STM32G411C8T3, STM32G411C8T6, STM32G411C8U3, STM32G411C8U6, STM32G411CBT3, STM32G411CBT6, STM32G411CBU3, STM32G411CBU6, STM32G411K6T3, STM32G411K6T6, STM32G411K6U3, STM32G411K6U6, STM32G411K8T3, STM32G411K8T6, STM32G411K8U3, STM32G411K8U6, STM32G411KBT3, STM32G411KBT6, STM32G411KBU3, STM32G411KBU6, STM32G411M6T3, STM32G411M6T6, STM32G411M8T3, STM32G411M8T6, STM32G411MBT3, STM32G411MBT6, STM32G411R6T3, STM32G411R6T6, STM32G411R8T3, STM32G411R8T6, STM32G411RBT3, STM32G411RBT6, STM32G414CBT3, STM32G414CBT6, STM32G414CBU3, STM32G414CBU6, STM32G414CCT3, STM32G414CCT6, STM32G414CCU3, STM32G414CCU6, STM32G414MBT3, STM32G414MBT6, STM32G414MCT3, STM32G414MCT6, STM32G414RBT3, STM32G414RBT6, STM32G414RCT3, STM32G414RCT6, STM32G414VBT3, STM32G414VBT6, STM32G414VCT3, STM32G414VCT6, STM32G431CBT3Z, STM32G431RBT3Z, STM32G471CCT6, STM32G471CCU6, STM32G471CET3, STM32G471CET6, STM32G471CEU3, STM32G471CEU6, STM32G471MCT6, STM32G471MET3, STM32G471MET6, STM32G471MEY6TR, STM32G471QCT6, STM32G471QET3, STM32G471RCT6, STM32G471RET3, STM32G471RET6, STM32G471VCH6, STM32G471VCI6, STM32G471VCT6, STM32G471VEH3, STM32G471VEH6, STM32G471VEI3, STM32G471VEI6, STM32G471VET3, STM32G471VET6, STM32G473QET3Z, STM32G473RET3Z, STM32G474CCT6, STM32G491RET3Z, STM32H503CBT6, STM32H503CBU6, STM32H503EBY6TR, STM32H503KBU6, STM32H503RBT6, STM32H523CCT6, STM32H523CCU6, STM32H523CET6, STM32H523CEU6, STM32H523HEY6TR, STM32H523RCT6, STM32H523RET6, STM32H523VCI6, STM32H523VCT6, STM32H523VEI6, STM32H523VET6, STM32H523ZCJ6, STM32H523ZCT6, STM32H523ZEJ6, STM32H523ZET6, STM32H533CET6, STM32H533CEU6, STM32H533HEY6TR, STM32H533RET6, STM32H533VEI6, STM32H533VET6, STM32H533ZEJ6, STM32H533ZET6, STM32H562AGI6, STM32H562AII6, STM32H562IGK6, STM32H562IGT6, STM32H562IIK6, STM32H562IIT6, STM32H562RGT6, STM32H562RGV6, STM32H562RIT6, STM32H562RIV6, STM32H562VGT6, STM32H562VIT6, STM32H562ZGT6, STM32H562ZIT6, STM32H563AGI6, STM32H563AII3Q, STM32H563AII6, STM32H563IGK6, STM32H563IGT6, STM32H563IIK3Q, STM32H563IIK6, STM32H563IIT3Q, STM32H563IIT6, STM32H563MIY3QTR, STM32H563RGT6, STM32H563RGV6, STM32H563RIT6, STM32H563RIV6, STM32H563VGT6, STM32H563VIT3Q, STM32H563VIT6, STM32H563ZGT6, STM32H563ZIT3Q, STM32H563ZIT6, STM32H573AII3Q, STM32H573AII6, STM32H573I-DK, STM32H573IIK3Q, STM32H573IIK6, STM32H573IIT3Q, STM32H573IIT6, STM32H573MIY3QTR, STM32H573RIT6, STM32H573RIV6, STM32H573VIT3Q, STM32H573VIT6, STM32H573ZIT3Q, STM32H573ZIT6, STM32H7R3A8I6, STM32H7R3I8K6, STM32H7R3I8T6, STM32H7R3L8H6, STM32H7R3L8H6H, STM32H7R3R8V6, STM32H7R3V8H6, STM32H7R3V8T6, STM32H7R3V8Y6TR, STM32H7R3Z8J6, STM32H7R3Z8T6, STM32H7R7A8I6, STM32H7R7I8K6, STM32H7R7I8T6, STM32H7R7L8H6, STM32H7R7L8H6H, STM32H7R7Z8J6, STM32H7S3A8I6, STM32H7S3I8K6, STM32H7S3I8T6, STM32H7S3L8H6, STM32H7S3L8H6H, STM32H7S3R8V6, STM32H7S3V8H6, STM32H7S3V8T6, STM32H7S3V8Y6TR, STM32H7S3Z8J6, STM32H7S3Z8T6, STM32H7S78-DK, STM32H7S7A8I6, STM32H7S7I8K6, STM32H7S7I8T6, STM32H7S7L8H6, STM32H7S7L8H6H, STM32H7S7Z8J6, STM32L4R5QGI6STR, STM32MP131AAE3, STM32MP131AAF3, STM32MP131AAG3, STM32MP131CAE3, STM32MP131CAF3, STM32MP131CAG3, STM32MP131DAE7, STM32MP131DAF7, STM32MP131DAG7, STM32MP131FAE7, STM32MP131FAF7, STM32MP131FAG7, STM32MP133AAE3, STM32MP133AAF3, STM32MP133AAG3, STM32MP133CAE3, STM32MP133CAF3, STM32MP133CAG3, STM32MP133DAE7, STM32MP133DAF7, STM32MP133DAG7, STM32MP133FAE7, STM32MP133FAF7, STM32MP133FAG7, STM32MP135AAE3, STM32MP135AAF3, STM32MP135AAG3, STM32MP135CAE3, STM32MP135CAF3, STM32MP135CAG3, STM32MP135DAE7, STM32MP135DAF7, STM32MP135DAG7, STM32MP135F-DK, STM32MP135FAE7, STM32MP135FAF7, STM32MP135FAF7T, STM32MP135FAF7U, STM32MP135FAG7, STM32MP211AAL3, STM32MP211AAM3, STM32MP211AAN3, STM32MP211AAO3, STM32MP211CAL3, STM32MP211CAM3, STM32MP211CAN3, STM32MP211CAO3, STM32MP211DAL3, STM32MP211DAM3, STM32MP211DAN3, STM32MP211DAO3, STM32MP211FAL3, STM32MP211FAM3, STM32MP211FAN3, STM32MP211FAO3, STM32MP213AAL3, STM32MP213AAM3, STM32MP213AAN3, STM32MP213AAO3, STM32MP213CAL3, STM32MP213CAM3, STM32MP213CAN3, STM32MP213CAO3, STM32MP213DAL3, STM32MP213DAM3, STM32MP213DAN3, STM32MP213DAO3, STM32MP213FAL3, STM32MP213FAM3, STM32MP213FAN3, STM32MP213FAO3, STM32MP215AAL3, STM32MP215AAM3, STM32MP215AAN3, STM32MP215AAO3, STM32MP215CAL3, STM32MP215CAM3, STM32MP215CAN3, STM32MP215CAO3, STM32MP215DAL3, STM32MP215DAM3, STM32MP215DAN3, STM32MP215DAO3, STM32MP215F-DK, STM32MP215FAL3, STM32MP215FAM3, STM32MP215FAN3, STM32MP215FAO3, STM32MP231AAJ3, STM32MP231AAK3, STM32MP231AAL3, STM32MP231CAJ3, STM32MP231CAK3, STM32MP231CAL3, STM32MP231DAJ3, STM32MP231DAK3, STM32MP231DAL3, STM32MP231FAJ3, STM32MP231FAK3, STM32MP231FAL3, STM32MP233AAJ3, STM32MP233AAK3, STM32MP233AAL3, STM32MP233CAJ3, STM32MP233CAK3, STM32MP233CAL3, STM32MP233DAJ3, STM32MP233DAK3, STM32MP233DAL3, STM32MP233FAJ3, STM32MP233FAK3, STM32MP233FAL3, STM32MP235AAJ3, STM32MP235AAK3, STM32MP235AAL3, STM32MP235CAJ3, STM32MP235CAK3, STM32MP235CAL3, STM32MP235DAJ3, STM32MP235DAK3, STM32MP235DAL3, STM32MP235FAJ3, STM32MP235FAK3, STM32MP235FAL3, STM32MP251AAI3, STM32MP251AAK3, STM32MP251AAL3, STM32MP251CAI3, STM32MP251CAK3, STM32MP251CAL3, STM32MP251DAI3, STM32MP251DAK3, STM32MP251DAL3, STM32MP251FAI3, STM32MP251FAK3, STM32MP251FAL3, STM32MP253AAI3, STM32MP253AAK3, STM32MP253AAL3, STM32MP253CAI3, STM32MP253CAK3, STM32MP253CAL3, STM32MP253DAI3, STM32MP253DAK3, STM32MP253DAL3, STM32MP253FAI3, STM32MP253FAK3, STM32MP253FAL3, STM32MP255AAI3, STM32MP255AAK3, STM32MP255AAL3, STM32MP255CAI3, STM32MP255CAK3, STM32MP255CAL3, STM32MP255DAI3, STM32MP255DAK3, STM32MP255DAL3, STM32MP255FAI3, STM32MP255FAK3, STM32MP255FAL3, STM32MP257AAI3, STM32MP257AAK3, STM32MP257AAL3, STM32MP257CAI3, STM32MP257CAK3, STM32MP257CAL3, STM32MP257DAI3, STM32MP257DAK3, STM32MP257DAL3, STM32MP257F-DK, STM32MP257F-EV1, STM32MP257FAI3, STM32MP257FAK3, STM32MP257FAL3, STM32N645A0H3Q, STM32N645B0H3Q, STM32N645I0H3Q, STM32N645L0H3Q, STM32N645X0H3Q, STM32N645Z0H3Q, STM32N647A0H3Q, STM32N647B0H3Q, STM32N647I0H3Q, STM32N647L0H3Q, STM32N647X0H3Q, STM32N647Z0H3Q, STM32N655A0H3Q, STM32N655B0H3Q, STM32N655I0H3Q, STM32N655L0H3Q, STM32N655X0H3Q, STM32N655Z0H3Q, STM32N6570-DK, STM32N657A0H3Q, STM32N657B0H3Q, STM32N657I0H3Q, STM32N657L0H3Q, STM32N657X0H3Q, STM32N657Z0H3Q, STM32U031C6T6, STM32U031C6U6, STM32U031C8T6, STM32U031C8U6, STM32U031F4P6, STM32U031F6P6, STM32U031F8P6, STM32U031G6Y6TR, STM32U031G8Y6TR, STM32U031K4U6, STM32U031K6U6, STM32U031K8U6, STM32U031R6I6, STM32U031R6T6, STM32U031R8I6, STM32U031R8T6, STM32U073C8T6, STM32U073C8U6, STM32U073CBT6, STM32U073CBU6, STM32U073CCT6, STM32U073CCU6, STM32U073H8Y6TR, STM32U073HBY6TR, STM32U073HCY6TR, STM32U073K8U6, STM32U073KBU6, STM32U073KCU6, STM32U073M8I6, STM32U073M8T6, STM32U073MBI6, STM32U073MBT6, STM32U073MCI6, STM32U073MCT6, STM32U073R8I6, STM32U073R8T6, STM32U073RBI6, STM32U073RBT6, STM32U073RCI6, STM32U073RCT6, STM32U083C-DK, STM32U083CCT6, STM32U083CCU6, STM32U083HCY6TR, STM32U083KCU6, STM32U083MCI6, STM32U083MCT6, STM32U083RCI6, STM32U083RCT6, STM32U375CET6, STM32U375CET6Q, STM32U375CEU6, STM32U375CEU6Q, STM32U375CEY6QTR, STM32U375CGT6, STM32U375CGT6Q, STM32U375CGU6, STM32U375CGU6Q, STM32U375CGY6QTR, STM32U375KEU6, STM32U375KGU6, STM32U375REI6, STM32U375REI6Q, STM32U375RET6, STM32U375RET6Q, STM32U375REY6GTR, STM32U375REY6QTR, STM32U375RGI6, STM32U375RGI6Q, STM32U375RGT6, STM32U375RGT6Q, STM32U375RGY6GTR, STM32U375RGY6QTR, STM32U375VEI6, STM32U375VEI6Q, STM32U375VET6, STM32U375VET6Q, STM32U375VGI6, STM32U375VGI6Q, STM32U375VGT6, STM32U375VGT6Q, STM32U385CGT6, STM32U385CGT6Q, STM32U385CGU6, STM32U385CGU6Q, STM32U385CGY6QTR, STM32U385KGU6, STM32U385RGI6, STM32U385RGI6Q, STM32U385RGT6, STM32U385RGT6Q, STM32U385RGY6GTR, STM32U385RGY6QTR, STM32U385VGI6, STM32U385VGI6Q, STM32U385VGT6, STM32U385VGT6Q, STM32U535CBT6, STM32U535CBT6Q, STM32U535CBU6, STM32U535CBU6Q, STM32U535CCT6, STM32U535CCT6Q, STM32U535CCU6, STM32U535CCU6Q, STM32U535CET6, STM32U535CET6Q, STM32U535CEU6, STM32U535CEU6Q, STM32U535JEY6QTR, STM32U535NCY6QTR, STM32U535NEY6QTR, STM32U535RBI6, STM32U535RBI6Q, STM32U535RBT6, STM32U535RBT6Q, STM32U535RCI6, STM32U535RCI6Q, STM32U535RCT6, STM32U535RCT6Q, STM32U535REI6, STM32U535REI6Q, STM32U535RET6, STM32U535RET6Q, STM32U535VCI6, STM32U535VCI6Q, STM32U535VCT6, STM32U535VCT6Q, STM32U535VEI6, STM32U535VEI6Q, STM32U535VET6, STM32U535VET6Q, STM32U545CET6, STM32U545CET6Q, STM32U545CEU6, STM32U545CEU6Q, STM32U545JEY6QTR, STM32U545NEY6QTR, STM32U545REI6, STM32U545REI6Q, STM32U545RET6, STM32U545RET6Q, STM32U545VEI6, STM32U545VEI6Q, STM32U545VET6, STM32U545VET6Q, STM32U595AIH6, STM32U595AIH6Q, STM32U595AJH6, STM32U595AJH6Q, STM32U595QII6, STM32U595QII6Q, STM32U595QJI6, STM32U595QJI6Q, STM32U595RIT6, STM32U595RIT6Q, STM32U595RJT6, STM32U595RJT6Q, STM32U595VIT6, STM32U595VIT6Q, STM32U595VJT6, STM32U595VJT6Q, STM32U595ZIT6, STM32U595ZIT6Q, STM32U595ZIY6QTR, STM32U595ZJT6, STM32U595ZJT6Q, STM32U595ZJY6QTR, STM32U599BJY6QTR, STM32U599NIH6Q, STM32U599NJH6Q, STM32U599VIT6Q, STM32U599VJT6, STM32U599VJT6Q, STM32U599ZIT6Q, STM32U599ZIY6QTR, STM32U599ZJT6Q, STM32U599ZJY6QTR, STM32U5A5AJH6, STM32U5A5AJH6Q, STM32U5A5QII3Q , STM32U5A5QJI6, STM32U5A5QJI6Q, STM32U5A5RJT6, STM32U5A5RJT6Q, STM32U5A5VJT6, STM32U5A5VJT6Q, STM32U5A5ZJT6, STM32U5A5ZJT6Q, STM32U5A5ZJY6QTR, STM32U5A9BJY6QTR, STM32U5A9J-DK, STM32U5A9NJH6Q, STM32U5A9VJT6Q, STM32U5A9ZJT6Q, STM32U5A9ZJY6QTR, STM32U5F7VIT6, STM32U5F7VIT6Q, STM32U5F7VJT6, STM32U5F7VJT6Q, STM32U5F9BJY6QTR, STM32U5F9NJH6Q, STM32U5F9VIT6Q, STM32U5F9VJT6Q, STM32U5F9ZIJ6QTR, STM32U5F9ZIT6Q, STM32U5F9ZJJ6QTR, STM32U5F9ZJT6Q, STM32U5G7VJT6, STM32U5G7VJT6Q, STM32U5G9BJY6QTR, STM32U5G9J-DK1, STM32U5G9J-DK2, STM32U5G9NJH6Q, STM32U5G9VJT6Q, STM32U5G9ZJJ6QTR, STM32U5G9ZJT6Q, STM32WB05KZV6TR, STM32WB05KZV7TR, STM32WB05TZF6TR, STM32WB05TZF7TR, STM32WB06CCF6TR, STM32WB06CCF7TR, STM32WB06CCV6TR, STM32WB06CCV7TR, STM32WB06KCV6TR, STM32WB06KCV7TR, STM32WB07CCF6TR, STM32WB07CCF7TR, STM32WB07CCV6TR, STM32WB07CCV7TR, STM32WB07KCV6TR, STM32WB07KCV7TR, STM32WB09KEV6TR, STM32WB09KEV7TR, STM32WB09TEF6TR, STM32WB09TEF7TR, STM32WB1MMCH6, STM32WBA50KGU6, STM32WBA50KGU6TR, STM32WBA52CEU6, STM32WBA52CEU6TR, STM32WBA52CEU7, STM32WBA52CEU7TR, STM32WBA52CGU6, STM32WBA52CGU6TR, STM32WBA52CGU6U, STM32WBA52CGU7, STM32WBA52CGU7TR, STM32WBA52KEU6, STM32WBA52KEU6TR, STM32WBA52KGU6, STM32WBA52KGU6TR, STM32WBA54CEU6, STM32WBA54CEU6TR, STM32WBA54CEU7, STM32WBA54CEU7TR, STM32WBA54CGU6, STM32WBA54CGU6TR, STM32WBA54CGU7, STM32WBA54CGU7TR, STM32WBA54KEU6, STM32WBA54KEU6TR, STM32WBA54KEU7, STM32WBA54KEU7TR, STM32WBA54KGU6, STM32WBA54KGU6TR, STM32WBA54KGU7, STM32WBA54KGU7TR, STM32WBA55CEU6, STM32WBA55CEU6TR, STM32WBA55CEU7, STM32WBA55CEU7TR, STM32WBA55CGU6, STM32WBA55CGU6TR, STM32WBA55CGU6U, STM32WBA55CGU7, STM32WBA55CGU7TR, STM32WBA55G-DK1, STM32WBA55HEF6, STM32WBA55HEF7, STM32WBA55HGF6, STM32WBA55HGF7, STM32WBA55UEI6, STM32WBA55UEI6TR, STM32WBA55UEI7, STM32WBA55UEI7TR, STM32WBA55UGI6, STM32WBA55UGI6TR, STM32WBA55UGI7, STM32WBA55UGI7TR, STM32WBA5MMGH6TR, STM32WBA62MGF6, STM32WBA62MIF6, STM32WBA65MGF7, STM32WBA65MIF6, STM32WBA65MIF7, STM32WL30K8V6, STM32WL30KBV6, STM32WL31C8V6, STM32WL31CBV6, STM32WL31K8V6, STM32WL31KBV6, STM32WL33C8V6, STM32WL33C8V6X, STM32WL33CBV6, STM32WL33CBV6X, STM32WL33CCV6, STM32WL33CCV6A, STM32WL33CCV6X, STM32WL33K8V7, STM32WL33K8V7X, STM32WL33KBV7 , STM32WL33KBV7X, STM32WL33KCV7, STM32WL33KCV7X, STM32WL5MOCH6, STM32WL5MOCH6TR]
2025-09-29 09:46:56,118 [INFO] DbMcus:218 - Found 4801 MCUs, 4801 are supported
2025-09-29 09:46:56,120 [INFO] ApiDb:423 - Load user favorites file C:\Users\user/.stm32cubeide/favorites.mcus.txt: 0 item(s)
2025-09-29 09:46:56,120 [INFO] ApiDb:427 - User favorites MCUs=[]
2025-09-29 09:46:56,120 [INFO] DbMcus:224 - Set 0 / 0 favorites MCUs
2025-09-29 09:46:56,438 [INFO] ApiDb:668 - CubeFinder database Data Model version=2.1
2025-09-29 09:46:56,438 [INFO] ApiDb:669 - CubeFinder database Configuration version=3.0.39
2025-09-29 09:46:56,438 [INFO] ApiDb:670 - CubeFinder database generation date=2025-08-25 (1756130511)
2025-09-29 09:46:56,438 [INFO] ApiDb:671 - CubeFinder database FW Pack versions=[FP-ATR-ASTRA1_V2.0.0, FP-SNS-FLIGHT1_V5.1.0, FP-SNS-MOTENV1_V5.0.0, FP-SNS-MOTENVWB1_V1.4.0, FP-SNS-SMARTAG2_V1.2.0, FP-SNS-STBOX1_V2.1.0, STM32Cube_FW_C0_V1.4.0, STM32Cube_FW_F4_V1.28.3, STM32Cube_FW_F7_V1.17.4, STM32Cube_FW_G0_V1.6.2, STM32Cube_FW_G4_V1.6.1, STM32Cube_FW_H5_V1.5.0, STM32Cube_FW_H7RS_V1.2.0, STM32Cube_FW_H7_V1.12.1, STM32Cube_FW_L0_V1.12.2, STM32Cube_FW_L4_V1.18.1, STM32Cube_FW_L5_V1.5.1, STM32Cube_FW_N6_V1.2.0, STM32Cube_FW_U0_V1.3.0, STM32Cube_FW_U3_V1.2.0, STM32Cube_FW_U5_V1.8.0, STM32Cube_FW_WB0_V1.3.0, STM32Cube_FW_WBA_V1.7.0, STM32Cube_FW_WB_V1.23.0, STM32Cube_FW_WL3_V1.2.0, STM32Cube_FW_WL_V1.3.1, X-CUBE-ALGOBUILD_V1.4.0, X-CUBE-ALS_V1.0.2, X-CUBE-AZRTOS-F4_V1.1.0, X-CUBE-AZRTOS-F7_V1.1.0, X-CUBE-AZRTOS-G0_V1.1.0, X-CUBE-AZRTOS-G4_V2.0.0, X-CUBE-AZRTOS-H7RS_V1.1.0, X-CUBE-AZRTOS-H7_V3.4.0, X-CUBE-AZRTOS-L4_V2.0.0, X-CUBE-AZRTOS-L5_V2.0.0, X-CUBE-AZRTOS-WB_V2.0.0, X-CUBE-AZRTOS-WL_V2.0.0, X-CUBE-BLE1_V7.1.0, X-CUBE-BLE2_V3.3.0, X-CUBE-BLEMGR_V4.1.0, X-CUBE-EEPRMA1_V5.2.0, X-CUBE-FREERTOS_V1.3.1, X-CUBE-GNSS1_V6.0.0, X-CUBE-MEMS1_V11.3.0, X-CUBE-NFC4_V3.0.0, X-CUBE-NFC7_V2.0.0, X-CUBE-SFXS2LP1_V4.0.0, X-CUBE-ST67W61_V1.0.0, X-CUBE-SUBG2_V5.0.0, X-CUBE-TOF1_V3.4.3]
2025-09-29 09:46:56,502 [INFO] DbBoardsSqlite:226 - include board P-NUCLEO-WB55-NUCLEO as a kit item of type 'Nucleo-64'
2025-09-29 09:46:56,502 [INFO] DbBoardsSqlite:226 - include board P-NUCLEO-WB55-USBDONGLE as a kit item of type 'Nucleo USB Dongle'
2025-09-29 09:46:56,504 [INFO] DbBoardsSqlite:226 - include board STEVAL-IDP005V1 as a kit item of type 'Evaluation Board'
2025-09-29 09:46:56,504 [INFO] DbBoardsSqlite:226 - include board STEVAL-IDP005V2 as a kit item of type 'Evaluation Board'
2025-09-29 09:46:56,577 [INFO] ApiDb:240 - Found 880 in-development CPN: [B-G473E-ZEST1S, B-WB1M-WPAN1, B-WBA5M-WPAN, B-WL5M-SUBG1, NUCLEO-C031C6, NUCLEO-C051C8, NUCLEO-C071RB, NUCLEO-C092RC, NUCLEO-H503RB, NUCLEO-H533RE, NUCLEO-H563ZI, NUCLEO-H7S3L8, NUCLEO-N657X0-Q, NUCLEO-U031R8, NUCLEO-U083RC, NUCLEO-U385RG-Q, NUCLEO-U545RE-Q, NUCLEO-U5A5ZJ-Q, NUCLEO-WB05KZ, NUCLEO-WB07CC, NUCLEO-WB09KE, NUCLEO-WBA52CG, NUCLEO-WBA55CG, NUCLEO-WL33CC1, NUCLEO-WL33CC2, STEVAL-PROTEUS1, STEVAL-SMARTAG2, STEVAL-STWINBX1, STM320518-EVAL, STM32C0116-DK, STM32C011D6Y3TR, STM32C011D6Y6TR, STM32C011F4P3, STM32C011F4P6, STM32C011F4U3, STM32C011F4U6TR, STM32C011F6P3, STM32C011F6P6, STM32C011F6U3, STM32C011F6U6TR, STM32C011J4M3, STM32C011J4M6, STM32C011J6M3, STM32C011J6M6, STM32C0316-DK, STM32C031C4T3, STM32C031C4T6, STM32C031C4U3, STM32C031C4U6, STM32C031C6T3, STM32C031C6T6, STM32C031C6U3, STM32C031C6U6, STM32C031F4P3, STM32C031F4P6, STM32C031F6P3, STM32C031F6P6, STM32C031G4U3, STM32C031G4U6, STM32C031G6U3, STM32C031G6U6, STM32C031K4T3, STM32C031K4T6, STM32C031K4U3, STM32C031K4U6, STM32C031K6T3, STM32C031K6T6, STM32C031K6U3, STM32C031K6U6, STM32C051C6T6, STM32C051C6U6, STM32C051C8T6, STM32C051C8U6, STM32C051D8Y6TR, STM32C051F6P6, STM32C051F8P6, STM32C051G6U6, STM32C051G8U6, STM32C051K6T6, STM32C051K6U6, STM32C051K8T6, STM32C071C8T6, STM32C071C8T6N, STM32C071C8U6, STM32C071C8U6N, STM32C071CBT6, STM32C071CBT6N, STM32C071CBU6, STM32C071CBU6N, STM32C071F8P6, STM32C071F8P6N, STM32C071FBP6, STM32C071FBP6N, STM32C071FBY6TR, STM32C071G8U6, STM32C071G8U6N, STM32C071GBU6, STM32C071GBU6N, STM32C071K8T6, STM32C071K8T6N, STM32C071K8U6, STM32C071K8U6N, STM32C071KBT6, STM32C071KBT6N, STM32C071KBU6, STM32C071KBU6N, STM32C071R8T6, STM32C071R8T6N, STM32C071RBI6N, STM32C071RBT6, STM32C071RBT6N, STM32C091CBT6, STM32C091CBU6, STM32C091CCT6, STM32C091CCU6, STM32C091ECY6TR, STM32C091FBP6, STM32C091FCP6, STM32C091GBU6, STM32C091GCU6, STM32C091KBT6, STM32C091KBU6, STM32C091KCT6, STM32C091KCU6, STM32C091RBT6, STM32C091RCI6, STM32C091RCT6, STM32C092CBT6, STM32C092CBU6, STM32C092CCT6, STM32C092CCU6, STM32C092ECY6TR, STM32C092FBP6, STM32C092FCP6, STM32C092GBU6, STM32C092GCU6, STM32C092KBT6, STM32C092KBU6, STM32C092KCT6, STM32C092KCU6, STM32C092RBT6, STM32C092RCI6, STM32C092RCT6, STM32G071K8TXN, STM32G071K8UXN, STM32G081GBU6N, STM32G081KBT6N, STM32G081KBUXN, STM32G0B1CCT6N, STM32G0B1KCT6, STM32G0B1NEY6TR, STM32G0B1RCT6N, STM32G0C1CCT6, STM32G0C1CCT6N, STM32G0C1CCU6N, STM32G0C1CET6N, STM32G0C1CEU6N, STM32G0C1KCT6, STM32G0C1NEY6TR, STM32G0C1RCI6N, STM32G0C1RCT6N, STM32G0C1REI6N, STM32G0C1RET6N, STM32G0C1VCI6, STM32G0C1VEI6, STM32G411C6T3, STM32G411C6T6, STM32G411C6U3, STM32G411C6U6, STM32G411C8T3, STM32G411C8T6, STM32G411C8U3, STM32G411C8U6, STM32G411CBT3, STM32G411CBT6, STM32G411CBU3, STM32G411CBU6, STM32G411K6T3, STM32G411K6T6, STM32G411K6U3, STM32G411K6U6, STM32G411K8T3, STM32G411K8T6, STM32G411K8U3, STM32G411K8U6, STM32G411KBT3, STM32G411KBT6, STM32G411KBU3, STM32G411KBU6, STM32G411M6T3, STM32G411M6T6, STM32G411M8T3, STM32G411M8T6, STM32G411MBT3, STM32G411MBT6, STM32G411R6T3, STM32G411R6T6, STM32G411R8T3, STM32G411R8T6, STM32G411RBT3, STM32G411RBT6, STM32G414CBT3, STM32G414CBT6, STM32G414CBU3, STM32G414CBU6, STM32G414CCT3, STM32G414CCT6, STM32G414CCU3, STM32G414CCU6, STM32G414MBT3, STM32G414MBT6, STM32G414MCT3, STM32G414MCT6, STM32G414RBT3, STM32G414RBT6, STM32G414RCT3, STM32G414RCT6, STM32G414VBT3, STM32G414VBT6, STM32G414VCT3, STM32G414VCT6, STM32G431CBT3Z, STM32G431RBT3Z, STM32G471CCT6, STM32G471CCU6, STM32G471CET3, STM32G471CET6, STM32G471CEU3, STM32G471CEU6, STM32G471MCT6, STM32G471MET3, STM32G471MET6, STM32G471MEY6TR, STM32G471QCT6, STM32G471QET3, STM32G471RCT6, STM32G471RET3, STM32G471RET6, STM32G471VCH6, STM32G471VCI6, STM32G471VCT6, STM32G471VEH3, STM32G471VEH6, STM32G471VEI3, STM32G471VEI6, STM32G471VET3, STM32G471VET6, STM32G473QET3Z, STM32G473RET3Z, STM32G474CCT6, STM32G491RET3Z, STM32H503CBT6, STM32H503CBU6, STM32H503EBY6TR, STM32H503KBU6, STM32H503RBT6, STM32H523CCT6, STM32H523CCU6, STM32H523CET6, STM32H523CEU6, STM32H523HEY6TR, STM32H523RCT6, STM32H523RET6, STM32H523VCI6, STM32H523VCT6, STM32H523VEI6, STM32H523VET6, STM32H523ZCJ6, STM32H523ZCT6, STM32H523ZEJ6, STM32H523ZET6, STM32H533CET6, STM32H533CEU6, STM32H533HEY6TR, STM32H533RET6, STM32H533VEI6, STM32H533VET6, STM32H533ZEJ6, STM32H533ZET6, STM32H562AGI6, STM32H562AII6, STM32H562IGK6, STM32H562IGT6, STM32H562IIK6, STM32H562IIT6, STM32H562RGT6, STM32H562RGV6, STM32H562RIT6, STM32H562RIV6, STM32H562VGT6, STM32H562VIT6, STM32H562ZGT6, STM32H562ZIT6, STM32H563AGI6, STM32H563AII3Q, STM32H563AII6, STM32H563IGK6, STM32H563IGT6, STM32H563IIK3Q, STM32H563IIK6, STM32H563IIT3Q, STM32H563IIT6, STM32H563MIY3QTR, STM32H563RGT6, STM32H563RGV6, STM32H563RIT6, STM32H563RIV6, STM32H563VGT6, STM32H563VIT3Q, STM32H563VIT6, STM32H563ZGT6, STM32H563ZIT3Q, STM32H563ZIT6, STM32H573AII3Q, STM32H573AII6, STM32H573I-DK, STM32H573IIK3Q, STM32H573IIK6, STM32H573IIT3Q, STM32H573IIT6, STM32H573MIY3QTR, STM32H573RIT6, STM32H573RIV6, STM32H573VIT3Q, STM32H573VIT6, STM32H573ZIT3Q, STM32H573ZIT6, STM32H7R3A8I6, STM32H7R3I8K6, STM32H7R3I8T6, STM32H7R3L8H6, STM32H7R3L8H6H, STM32H7R3R8V6, STM32H7R3V8H6, STM32H7R3V8T6, STM32H7R3V8Y6TR, STM32H7R3Z8J6, STM32H7R3Z8T6, STM32H7R7A8I6, STM32H7R7I8K6, STM32H7R7I8T6, STM32H7R7L8H6, STM32H7R7L8H6H, STM32H7R7Z8J6, STM32H7S3A8I6, STM32H7S3I8K6, STM32H7S3I8T6, STM32H7S3L8H6, STM32H7S3L8H6H, STM32H7S3R8V6, STM32H7S3V8H6, STM32H7S3V8T6, STM32H7S3V8Y6TR, STM32H7S3Z8J6, STM32H7S3Z8T6, STM32H7S78-DK, STM32H7S7A8I6, STM32H7S7I8K6, STM32H7S7I8T6, STM32H7S7L8H6, STM32H7S7L8H6H, STM32H7S7Z8J6, STM32L4R5QGI6STR, STM32MP131AAE3, STM32MP131AAF3, STM32MP131AAG3, STM32MP131CAE3, STM32MP131CAF3, STM32MP131CAG3, STM32MP131DAE7, STM32MP131DAF7, STM32MP131DAG7, STM32MP131FAE7, STM32MP131FAF7, STM32MP131FAG7, STM32MP133AAE3, STM32MP133AAF3, STM32MP133AAG3, STM32MP133CAE3, STM32MP133CAF3, STM32MP133CAG3, STM32MP133DAE7, STM32MP133DAF7, STM32MP133DAG7, STM32MP133FAE7, STM32MP133FAF7, STM32MP133FAG7, STM32MP135AAE3, STM32MP135AAF3, STM32MP135AAG3, STM32MP135CAE3, STM32MP135CAF3, STM32MP135CAG3, STM32MP135DAE7, STM32MP135DAF7, STM32MP135DAG7, STM32MP135F-DK, STM32MP135FAE7, STM32MP135FAF7, STM32MP135FAF7T, STM32MP135FAF7U, STM32MP135FAG7, STM32MP211AAL3, STM32MP211AAM3, STM32MP211AAN3, STM32MP211AAO3, STM32MP211CAL3, STM32MP211CAM3, STM32MP211CAN3, STM32MP211CAO3, STM32MP211DAL3, STM32MP211DAM3, STM32MP211DAN3, STM32MP211DAO3, STM32MP211FAL3, STM32MP211FAM3, STM32MP211FAN3, STM32MP211FAO3, STM32MP213AAL3, STM32MP213AAM3, STM32MP213AAN3, STM32MP213AAO3, STM32MP213CAL3, STM32MP213CAM3, STM32MP213CAN3, STM32MP213CAO3, STM32MP213DAL3, STM32MP213DAM3, STM32MP213DAN3, STM32MP213DAO3, STM32MP213FAL3, STM32MP213FAM3, STM32MP213FAN3, STM32MP213FAO3, STM32MP215AAL3, STM32MP215AAM3, STM32MP215AAN3, STM32MP215AAO3, STM32MP215CAL3, STM32MP215CAM3, STM32MP215CAN3, STM32MP215CAO3, STM32MP215DAL3, STM32MP215DAM3, STM32MP215DAN3, STM32MP215DAO3, STM32MP215F-DK, STM32MP215FAL3, STM32MP215FAM3, STM32MP215FAN3, STM32MP215FAO3, STM32MP231AAJ3, STM32MP231AAK3, STM32MP231AAL3, STM32MP231CAJ3, STM32MP231CAK3, STM32MP231CAL3, STM32MP231DAJ3, STM32MP231DAK3, STM32MP231DAL3, STM32MP231FAJ3, STM32MP231FAK3, STM32MP231FAL3, STM32MP233AAJ3, STM32MP233AAK3, STM32MP233AAL3, STM32MP233CAJ3, STM32MP233CAK3, STM32MP233CAL3, STM32MP233DAJ3, STM32MP233DAK3, STM32MP233DAL3, STM32MP233FAJ3, STM32MP233FAK3, STM32MP233FAL3, STM32MP235AAJ3, STM32MP235AAK3, STM32MP235AAL3, STM32MP235CAJ3, STM32MP235CAK3, STM32MP235CAL3, STM32MP235DAJ3, STM32MP235DAK3, STM32MP235DAL3, STM32MP235FAJ3, STM32MP235FAK3, STM32MP235FAL3, STM32MP251AAI3, STM32MP251AAK3, STM32MP251AAL3, STM32MP251CAI3, STM32MP251CAK3, STM32MP251CAL3, STM32MP251DAI3, STM32MP251DAK3, STM32MP251DAL3, STM32MP251FAI3, STM32MP251FAK3, STM32MP251FAL3, STM32MP253AAI3, STM32MP253AAK3, STM32MP253AAL3, STM32MP253CAI3, STM32MP253CAK3, STM32MP253CAL3, STM32MP253DAI3, STM32MP253DAK3, STM32MP253DAL3, STM32MP253FAI3, STM32MP253FAK3, STM32MP253FAL3, STM32MP255AAI3, STM32MP255AAK3, STM32MP255AAL3, STM32MP255CAI3, STM32MP255CAK3, STM32MP255CAL3, STM32MP255DAI3, STM32MP255DAK3, STM32MP255DAL3, STM32MP255FAI3, STM32MP255FAK3, STM32MP255FAL3, STM32MP257AAI3, STM32MP257AAK3, STM32MP257AAL3, STM32MP257CAI3, STM32MP257CAK3, STM32MP257CAL3, STM32MP257DAI3, STM32MP257DAK3, STM32MP257DAL3, STM32MP257F-DK, STM32MP257F-EV1, STM32MP257FAI3, STM32MP257FAK3, STM32MP257FAL3, STM32N645A0H3Q, STM32N645B0H3Q, STM32N645I0H3Q, STM32N645L0H3Q, STM32N645X0H3Q, STM32N645Z0H3Q, STM32N647A0H3Q, STM32N647B0H3Q, STM32N647I0H3Q, STM32N647L0H3Q, STM32N647X0H3Q, STM32N647Z0H3Q, STM32N655A0H3Q, STM32N655B0H3Q, STM32N655I0H3Q, STM32N655L0H3Q, STM32N655X0H3Q, STM32N655Z0H3Q, STM32N6570-DK, STM32N657A0H3Q, STM32N657B0H3Q, STM32N657I0H3Q, STM32N657L0H3Q, STM32N657X0H3Q, STM32N657Z0H3Q, STM32U031C6T6, STM32U031C6U6, STM32U031C8T6, STM32U031C8U6, STM32U031F4P6, STM32U031F6P6, STM32U031F8P6, STM32U031G6Y6TR, STM32U031G8Y6TR, STM32U031K4U6, STM32U031K6U6, STM32U031K8U6, STM32U031R6I6, STM32U031R6T6, STM32U031R8I6, STM32U031R8T6, STM32U073C8T6, STM32U073C8U6, STM32U073CBT6, STM32U073CBU6, STM32U073CCT6, STM32U073CCU6, STM32U073H8Y6TR, STM32U073HBY6TR, STM32U073HCY6TR, STM32U073K8U6, STM32U073KBU6, STM32U073KCU6, STM32U073M8I6, STM32U073M8T6, STM32U073MBI6, STM32U073MBT6, STM32U073MCI6, STM32U073MCT6, STM32U073R8I6, STM32U073R8T6, STM32U073RBI6, STM32U073RBT6, STM32U073RCI6, STM32U073RCT6, STM32U083C-DK, STM32U083CCT6, STM32U083CCU6, STM32U083HCY6TR, STM32U083KCU6, STM32U083MCI6, STM32U083MCT6, STM32U083RCI6, STM32U083RCT6, STM32U375CET6, STM32U375CET6Q, STM32U375CEU6, STM32U375CEU6Q, STM32U375CEY6QTR, STM32U375CGT6, STM32U375CGT6Q, STM32U375CGU6, STM32U375CGU6Q, STM32U375CGY6QTR, STM32U375KEU6, STM32U375KGU6, STM32U375REI6, STM32U375REI6Q, STM32U375RET6, STM32U375RET6Q, STM32U375REY6GTR, STM32U375REY6QTR, STM32U375RGI6, STM32U375RGI6Q, STM32U375RGT6, STM32U375RGT6Q, STM32U375RGY6GTR, STM32U375RGY6QTR, STM32U375VEI6, STM32U375VEI6Q, STM32U375VET6, STM32U375VET6Q, STM32U375VGI6, STM32U375VGI6Q, STM32U375VGT6, STM32U375VGT6Q, STM32U385CGT6, STM32U385CGT6Q, STM32U385CGU6, STM32U385CGU6Q, STM32U385CGY6QTR, STM32U385KGU6, STM32U385RGI6, STM32U385RGI6Q, STM32U385RGT6, STM32U385RGT6Q, STM32U385RGY6GTR, STM32U385RGY6QTR, STM32U385VGI6, STM32U385VGI6Q, STM32U385VGT6, STM32U385VGT6Q, STM32U535CBT6, STM32U535CBT6Q, STM32U535CBU6, STM32U535CBU6Q, STM32U535CCT6, STM32U535CCT6Q, STM32U535CCU6, STM32U535CCU6Q, STM32U535CET6, STM32U535CET6Q, STM32U535CEU6, STM32U535CEU6Q, STM32U535JEY6QTR, STM32U535NCY6QTR, STM32U535NEY6QTR, STM32U535RBI6, STM32U535RBI6Q, STM32U535RBT6, STM32U535RBT6Q, STM32U535RCI6, STM32U535RCI6Q, STM32U535RCT6, STM32U535RCT6Q, STM32U535REI6, STM32U535REI6Q, STM32U535RET6, STM32U535RET6Q, STM32U535VCI6, STM32U535VCI6Q, STM32U535VCT6, STM32U535VCT6Q, STM32U535VEI6, STM32U535VEI6Q, STM32U535VET6, STM32U535VET6Q, STM32U545CET6, STM32U545CET6Q, STM32U545CEU6, STM32U545CEU6Q, STM32U545JEY6QTR, STM32U545NEY6QTR, STM32U545REI6, STM32U545REI6Q, STM32U545RET6, STM32U545RET6Q, STM32U545VEI6, STM32U545VEI6Q, STM32U545VET6, STM32U545VET6Q, STM32U595AIH6, STM32U595AIH6Q, STM32U595AJH6, STM32U595AJH6Q, STM32U595QII6, STM32U595QII6Q, STM32U595QJI6, STM32U595QJI6Q, STM32U595RIT6, STM32U595RIT6Q, STM32U595RJT6, STM32U595RJT6Q, STM32U595VIT6, STM32U595VIT6Q, STM32U595VJT6, STM32U595VJT6Q, STM32U595ZIT6, STM32U595ZIT6Q, STM32U595ZIY6QTR, STM32U595ZJT6, STM32U595ZJT6Q, STM32U595ZJY6QTR, STM32U599BJY6QTR, STM32U599NIH6Q, STM32U599NJH6Q, STM32U599VIT6Q, STM32U599VJT6, STM32U599VJT6Q, STM32U599ZIT6Q, STM32U599ZIY6QTR, STM32U599ZJT6Q, STM32U599ZJY6QTR, STM32U5A5AJH6, STM32U5A5AJH6Q, STM32U5A5QII3Q , STM32U5A5QJI6, STM32U5A5QJI6Q, STM32U5A5RJT6, STM32U5A5RJT6Q, STM32U5A5VJT6, STM32U5A5VJT6Q, STM32U5A5ZJT6, STM32U5A5ZJT6Q, STM32U5A5ZJY6QTR, STM32U5A9BJY6QTR, STM32U5A9J-DK, STM32U5A9NJH6Q, STM32U5A9VJT6Q, STM32U5A9ZJT6Q, STM32U5A9ZJY6QTR, STM32U5F7VIT6, STM32U5F7VIT6Q, STM32U5F7VJT6, STM32U5F7VJT6Q, STM32U5F9BJY6QTR, STM32U5F9NJH6Q, STM32U5F9VIT6Q, STM32U5F9VJT6Q, STM32U5F9ZIJ6QTR, STM32U5F9ZIT6Q, STM32U5F9ZJJ6QTR, STM32U5F9ZJT6Q, STM32U5G7VJT6, STM32U5G7VJT6Q, STM32U5G9BJY6QTR, STM32U5G9J-DK1, STM32U5G9J-DK2, STM32U5G9NJH6Q, STM32U5G9VJT6Q, STM32U5G9ZJJ6QTR, STM32U5G9ZJT6Q, STM32WB05KZV6TR, STM32WB05KZV7TR, STM32WB05TZF6TR, STM32WB05TZF7TR, STM32WB06CCF6TR, STM32WB06CCF7TR, STM32WB06CCV6TR, STM32WB06CCV7TR, STM32WB06KCV6TR, STM32WB06KCV7TR, STM32WB07CCF6TR, STM32WB07CCF7TR, STM32WB07CCV6TR, STM32WB07CCV7TR, STM32WB07KCV6TR, STM32WB07KCV7TR, STM32WB09KEV6TR, STM32WB09KEV7TR, STM32WB09TEF6TR, STM32WB09TEF7TR, STM32WB1MMCH6, STM32WBA50KGU6, STM32WBA50KGU6TR, STM32WBA52CEU6, STM32WBA52CEU6TR, STM32WBA52CEU7, STM32WBA52CEU7TR, STM32WBA52CGU6, STM32WBA52CGU6TR, STM32WBA52CGU6U, STM32WBA52CGU7, STM32WBA52CGU7TR, STM32WBA52KEU6, STM32WBA52KEU6TR, STM32WBA52KGU6, STM32WBA52KGU6TR, STM32WBA54CEU6, STM32WBA54CEU6TR, STM32WBA54CEU7, STM32WBA54CEU7TR, STM32WBA54CGU6, STM32WBA54CGU6TR, STM32WBA54CGU7, STM32WBA54CGU7TR, STM32WBA54KEU6, STM32WBA54KEU6TR, STM32WBA54KEU7, STM32WBA54KEU7TR, STM32WBA54KGU6, STM32WBA54KGU6TR, STM32WBA54KGU7, STM32WBA54KGU7TR, STM32WBA55CEU6, STM32WBA55CEU6TR, STM32WBA55CEU7, STM32WBA55CEU7TR, STM32WBA55CGU6, STM32WBA55CGU6TR, STM32WBA55CGU6U, STM32WBA55CGU7, STM32WBA55CGU7TR, STM32WBA55G-DK1, STM32WBA55HEF6, STM32WBA55HEF7, STM32WBA55HGF6, STM32WBA55HGF7, STM32WBA55UEI6, STM32WBA55UEI6TR, STM32WBA55UEI7, STM32WBA55UEI7TR, STM32WBA55UGI6, STM32WBA55UGI6TR, STM32WBA55UGI7, STM32WBA55UGI7TR, STM32WBA5MMGH6TR, STM32WBA62MGF6, STM32WBA62MIF6, STM32WBA65MGF7, STM32WBA65MIF6, STM32WBA65MIF7, STM32WL30K8V6, STM32WL30KBV6, STM32WL31C8V6, STM32WL31CBV6, STM32WL31K8V6, STM32WL31KBV6, STM32WL33C8V6, STM32WL33C8V6X, STM32WL33CBV6, STM32WL33CBV6X, STM32WL33CCV6, STM32WL33CCV6A, STM32WL33CCV6X, STM32WL33K8V7, STM32WL33K8V7X, STM32WL33KBV7 , STM32WL33KBV7X, STM32WL33KCV7, STM32WL33KCV7X, STM32WL5MOCH6, STM32WL5MOCH6TR]
2025-09-29 09:46:56,810 [INFO] BoardInfo:889 - No configuration file found for board P-NUCLEO-WB55
2025-09-29 09:46:56,812 [INFO] DbBoards:161 - Kit is not supported: P-NUCLEO-WB55
2025-09-29 09:46:56,819 [INFO] BoardInfo:889 - No configuration file found for board STEVAL-BFA001V1B
2025-09-29 09:46:56,820 [INFO] DbBoards:161 - Kit is not supported: STEVAL-BFA001V1B
2025-09-29 09:46:56,821 [INFO] BoardInfo:889 - No configuration file found for board STEVAL-BFA001V2B
2025-09-29 09:46:56,822 [INFO] DbBoards:161 - Kit is not supported: STEVAL-BFA001V2B
2025-09-29 09:46:57,028 [INFO] DbBoards:168 - Found 212 boards, 209 are supported
2025-09-29 09:46:57,028 [INFO] DbBoards:169 - Found 212 boards, 43 of them is supported for  Bsp
2025-09-29 09:46:57,030 [INFO] ApiDb:423 - Load user favorites file C:\Users\user/.stm32cubeide/favorites.boards.txt: 1 item(s)
2025-09-29 09:46:57,030 [INFO] ApiDb:427 - User favorites Boards=[NUCLEO-L476RG]
2025-09-29 09:46:57,030 [INFO] DbBoards:198 - Set 1 / 1 favorites Boards
2025-09-29 09:46:57,031 [INFO] McuFinderGlobals:76 - Set McuFinderConnectedMode to true
2025-09-29 09:46:57,037 [INFO] MultiScanPanel:200 - Auto-refresh data requested => check proxy status ongoing
2025-09-29 09:46:57,039 [INFO] FinderPluginLoader:96 - Searching for filters in installed packs
2025-09-29 09:46:58,053 [INFO] LoadUrlFilesThread:185 - End of LoadServerUrlFiles without Thread
2025-09-29 09:46:58,143 [INFO] DetailPanel:341 - Set advertising image to C:/Users/user/STM32Cube/Repository/\en.2400x1350px.jpeg
2025-09-29 09:47:01,549 [INFO] MultiScanPanel:200 - Auto-refresh data requested => check proxy status ongoing
2025-09-29 09:47:01,631 [INFO] LoadUrlFilesThread:185 - End of LoadServerUrlFiles without Thread
2025-09-29 09:47:01,631 [INFO] DetailPanel:341 - Set advertising image to C:/Users/user/STM32Cube/Repository/\en.2400x1350px.jpeg
2025-09-29 09:47:01,642 [INFO] DbBoards:642 - Loading board mini-images...
2025-09-29 09:47:03,856 [ERROR] DbBoards:659 - Image file not found for board STM32MP215F-DK: C:\Users\user\.stmcufinder\plugins\mcufinder//mcu//boards_images/STM32MP215F-DK.jpg
2025-09-29 09:47:03,981 [INFO] DbBoards:665 - Loaded 211 board mini-images
2025-09-29 09:49:49,551 [INFO] MainUpdater:2872 - connection check result : 10
2025-09-29 09:49:49,551 [INFO] MainUpdater:2872 - connection check result : 10
2025-09-29 09:49:49,565 [INFO] MicroXplorer:468 - Change Database Path : 
2025-09-29 09:49:49,565 [INFO] MicroXplorer:498 - Change Database Version : DB.6.0.150
2025-09-29 09:49:49,569 [WARN] ThirdParty:871 - waiting for thirdparty lock release [close project]
2025-09-29 09:49:49,569 [INFO] ThirdParty:873 - entering critical section [close project]
2025-09-29 09:49:49,569 [INFO] ThirdParty:883 - exiting critical section [close project]
2025-09-29 09:49:49,570 [INFO] PinOutPanel:1589 - setPackage(No Configuration,No Configuration)
2025-09-29 09:49:49,571 [INFO] UtilMem:75 - Begin LoadConfig() Used Memory: 680003224 Bytes (912261120)
2025-09-29 09:49:49,575 [INFO] OpenFileManager:355 - Change cursor
2025-09-29 09:49:49,611 [INFO] ProjectFactory:514 - No CPN specified for board NUCLEO-L476RG => set CPN to STM32L476RGT3
2025-09-29 09:49:49,612 [INFO] Mcu:2029 - Initializing MCU STM32L476R(C-E-G)Tx STM32L476RGTx STM32L476RGT3
2025-09-29 09:49:51,077 [INFO] Context:786 - Trying to add GPIOservice into a context  which must be forbidden
2025-09-29 09:49:51,487 [INFO] Rule:233 - rule 117617 - U5Cobra4M][GTZC] default value MPCBB3 and MPCBB5 - Not Secured memory - MPCBB1 is applicable
2025-09-29 09:49:51,487 [INFO] Rule:233 - rule 117617 - U5Cobra4M][GTZC] default value MPCBB3 and MPCBB5 - Not Secured memory - MPCBB1 is applicable
2025-09-29 09:49:51,487 [INFO] Rule:233 - rule 117617 - U5Cobra4M][GTZC] default value MPCBB3 and MPCBB5 - Not Secured memory - MPCBB2 is applicable
2025-09-29 09:49:51,488 [INFO] Rule:233 - rule 117617 - U5Cobra4M][GTZC] default value MPCBB3 and MPCBB5 - Not Secured memory - MPCBB2 is applicable
2025-09-29 09:49:51,488 [INFO] Rule:233 - rule 117617 - U5Cobra4M][GTZC] default value MPCBB3 and MPCBB5 - Not Secured memory - MPCBB3 is applicable
2025-09-29 09:49:51,488 [INFO] Rule:233 - rule 117617 - U5Cobra4M][GTZC] default value MPCBB3 and MPCBB5 - Not Secured memory - MPCBB3 is applicable
2025-09-29 09:49:51,488 [INFO] Rule:233 - rule 117617 - U5Cobra4M][GTZC] default value MPCBB3 and MPCBB5 - Not Secured memory - MPCBB4 is applicable
2025-09-29 09:49:51,488 [INFO] Rule:233 - rule 117617 - U5Cobra4M][GTZC] default value MPCBB3 and MPCBB5 - Not Secured memory - MPCBB4 is applicable
2025-09-29 09:49:51,488 [INFO] Rule:233 - rule 117617 - U5Cobra4M][GTZC] default value MPCBB3 and MPCBB5 - Secured memory - MPCBB1 is applicable
2025-09-29 09:49:51,488 [INFO] Rule:233 - rule 117617 - U5Cobra4M][GTZC] default value MPCBB3 and MPCBB5 - Secured memory - MPCBB2 is applicable
2025-09-29 09:49:51,488 [INFO] Rule:233 - rule 117617 - U5Cobra4M][GTZC] default value MPCBB3 and MPCBB5 - Secured memory - MPCBB3 is applicable
2025-09-29 09:49:51,488 [INFO] Rule:233 - rule 117617 - U5Cobra4M][GTZC] default value MPCBB3 and MPCBB5 - Secured memory - MPCBB4 is applicable
2025-09-29 09:49:51,488 [INFO] Rule:233 - rule 117617 - U5Cobra4M][GTZC] default value MPCBB3 and MPCBB5 - Privileged memory - MPCBB1 is applicable
2025-09-29 09:49:51,488 [INFO] Rule:233 - rule 117617 - U5Cobra4M][GTZC] default value MPCBB3 and MPCBB5 - Privileged memory - MPCBB2 is applicable
2025-09-29 09:49:51,488 [INFO] Rule:233 - rule 117617 - U5Cobra4M][GTZC] default value MPCBB3 and MPCBB5 - Privileged memory - MPCBB3 is applicable
2025-09-29 09:49:51,488 [INFO] Rule:233 - rule 117617 - U5Cobra4M][GTZC] default value MPCBB3 and MPCBB5 - Privileged memory - MPCBB4 is applicable
2025-09-29 09:49:51,488 [INFO] Rule:233 - rule 117617 - U5Cobra4M][GTZC] default value MPCBB3 and MPCBB5 - Not Privileged memory - MPCBB1 is applicable
2025-09-29 09:49:51,488 [INFO] Rule:233 - rule 117617 - U5Cobra4M][GTZC] default value MPCBB3 and MPCBB5 - Not Privileged memory - MPCBB2 is applicable
2025-09-29 09:49:51,488 [INFO] Rule:233 - rule 117617 - U5Cobra4M][GTZC] default value MPCBB3 and MPCBB5 - Not Privileged memory - MPCBB3 is applicable
2025-09-29 09:49:51,488 [INFO] Rule:233 - rule 117617 - U5Cobra4M][GTZC] default value MPCBB3 and MPCBB5 - Not Privileged memory - MPCBB4 is applicable
2025-09-29 09:49:51,488 [INFO] Rule:233 - rule 117617 - U5Cobra4M][GTZC] default value MPCBB3 and MPCBB5 - Privileged memory - MPCBB1 is applicable
2025-09-29 09:49:51,488 [INFO] Rule:233 - rule 117617 - U5Cobra4M][GTZC] default value MPCBB3 and MPCBB5 - Privileged memory - MPCBB2 is applicable
2025-09-29 09:49:51,488 [INFO] Rule:233 - rule 117617 - U5Cobra4M][GTZC] default value MPCBB3 and MPCBB5 - Privileged memory - MPCBB3 is applicable
2025-09-29 09:49:51,488 [INFO] Rule:233 - rule 117617 - U5Cobra4M][GTZC] default value MPCBB3 and MPCBB5 - Privileged memory - MPCBB4 is applicable
2025-09-29 09:49:51,488 [INFO] Rule:233 - rule 117617 - U5Cobra4M][GTZC] default value MPCBB3 and MPCBB5 - Privileged memory - MPCBB1 is applicable
2025-09-29 09:49:51,488 [INFO] Rule:233 - rule 117617 - U5Cobra4M][GTZC] default value MPCBB3 and MPCBB5 - Privileged memory - MPCBB2 is applicable
2025-09-29 09:49:51,489 [INFO] Rule:233 - rule 117617 - U5Cobra4M][GTZC] default value MPCBB3 and MPCBB5 - Privileged memory - MPCBB3 is applicable
2025-09-29 09:49:51,489 [INFO] Rule:233 - rule 117617 - U5Cobra4M][GTZC] default value MPCBB3 and MPCBB5 - Privileged memory - MPCBB4 is applicable
2025-09-29 09:49:51,489 [INFO] Rule:233 - rule 117617 - U5Cobra4M][GTZC] default value MPCBB3 and MPCBB5 - Not Privileged memory - MPCBB1 is applicable
2025-09-29 09:49:51,489 [INFO] Rule:233 - rule 117617 - U5Cobra4M][GTZC] default value MPCBB3 and MPCBB5 - Not Privileged memory - MPCBB2 is applicable
2025-09-29 09:49:51,489 [INFO] Rule:233 - rule 117617 - U5Cobra4M][GTZC] default value MPCBB3 and MPCBB5 - Not Privileged memory - MPCBB3 is applicable
2025-09-29 09:49:51,489 [INFO] Rule:233 - rule 117617 - U5Cobra4M][GTZC] default value MPCBB3 and MPCBB5 - Not Privileged memory - MPCBB4 is applicable
2025-09-29 09:49:51,489 [INFO] Rule:233 - rule 117617 - U5Cobra4M][GTZC] default value MPCBB3 and MPCBB5 - Privileged memory - MPCBB1 is applicable
2025-09-29 09:49:51,489 [INFO] Rule:233 - rule 117617 - U5Cobra4M][GTZC] default value MPCBB3 and MPCBB5 - Privileged memory - MPCBB2 is applicable
2025-09-29 09:49:51,489 [INFO] Rule:233 - rule 117617 - U5Cobra4M][GTZC] default value MPCBB3 and MPCBB5 - Privileged memory - MPCBB3 is applicable
2025-09-29 09:49:51,489 [INFO] Rule:233 - rule 117617 - U5Cobra4M][GTZC] default value MPCBB3 and MPCBB5 - Privileged memory - MPCBB4 is applicable
2025-09-29 09:49:51,489 [INFO] Rule:233 - rule Rename SubGHz_Phy SUBGHZ_APPLICATION SUBGHZ_PINGPONG to SUBGHZ_ADV_APPLICATION is applicable
2025-09-29 09:49:51,489 [INFO] Rule:233 - rule Rename Enabled to IBEACON is applicable
2025-09-29 09:49:51,489 [INFO] Rule:233 - rule GTZC_S instance for project manager is applicable
2025-09-29 09:49:51,489 [INFO] Rule:233 - rule GTZC_S instance for context M33S is applicable
2025-09-29 09:49:51,489 [INFO] Rule:233 - rule GTZC_S instance value for IP GTZC is applicable
2025-09-29 09:49:51,491 [INFO] Rule:233 - rule GTZC_S instance for mcu.IP is applicable
2025-09-29 09:49:51,491 [INFO] Rule:233 - rule GTZC_S instance for VP is applicable
2025-09-29 09:49:51,491 [INFO] Rule:233 - rule GTZC_S instance for signal is applicable
2025-09-29 09:49:51,491 [INFO] Rule:233 - rule GTZC_S instance for mcu.Pin is applicable
2025-09-29 09:49:51,491 [INFO] Rule:233 - rule GTZC_S instance for VP is applicable
2025-09-29 09:49:51,491 [INFO] Rule:233 - rule GTZC_S instance for signal is applicable
2025-09-29 09:49:51,491 [INFO] Rule:233 - rule GTZC_S instance for mcu is applicable
2025-09-29 09:49:51,491 [INFO] Rule:233 - rule GTZC_S instance for mcu.Pin is applicable
2025-09-29 09:49:51,491 [INFO] Rule:233 - rule GTZC_S instance value for IP GTZC is applicable
2025-09-29 09:49:51,491 [INFO] Rule:233 - rule GTZC_S instance for project manager is applicable
2025-09-29 09:49:51,491 [INFO] Rule:233 - rule GTZC_S instance for context M33S is applicable
2025-09-29 09:49:51,491 [INFO] Rule:233 - rule GTZC_S instance for VP is applicable
2025-09-29 09:49:51,491 [INFO] Rule:233 - rule GTZC_S instance for signal is applicable
2025-09-29 09:49:51,491 [INFO] Rule:233 - rule SPDIFRX instance for mcu is applicable
2025-09-29 09:49:51,491 [INFO] Rule:233 - rule Rename Tracer Mode is applicable
2025-09-29 09:49:51,491 [INFO] Rule:233 - rule SPDIFRX instance value for IP SPDIFRX is applicable
2025-09-29 09:49:51,491 [INFO] Rule:233 - rule SPDIFRX instance for signal is applicable
2025-09-29 09:49:51,491 [INFO] Rule:233 - rule SPDIFRX instance for project manager is applicable
2025-09-29 09:49:51,491 [INFO] Rule:233 - rule SPDIFRX instance for project manager is applicable
2025-09-29 09:49:51,491 [INFO] Rule:233 - rule ADC Scan  fix with FW F7 is applicable
2025-09-29 09:49:51,492 [INFO] Rule:233 - rule ADC Scan  fix with FW F7 is applicable
2025-09-29 09:49:51,492 [INFO] Rule:233 - rule WakeUp0 Mode is applicable
2025-09-29 09:49:51,492 [INFO] Rule:233 - rule WakeUp0 SIGNAL is applicable
2025-09-29 09:49:51,492 [INFO] Rule:233 - rule WakeUp1 Mode is applicable
2025-09-29 09:49:51,492 [INFO] Rule:233 - rule WakeUp1 SIGNAL is applicable
2025-09-29 09:49:51,492 [INFO] Rule:233 - rule WakeUp2 Mode is applicable
2025-09-29 09:49:51,492 [INFO] Rule:233 - rule WakeUp2 SIGNAL is applicable
2025-09-29 09:49:51,492 [INFO] Rule:233 - rule WakeUp4 Mode is applicable
2025-09-29 09:49:51,492 [INFO] Rule:233 - rule WakeUp4 SIGNAL is applicable
2025-09-29 09:49:51,492 [INFO] Rule:233 - rule WakeUp5 Mode is applicable
2025-09-29 09:49:51,492 [INFO] Rule:233 - rule WakeUp5 SIGNAL is applicable
2025-09-29 09:49:51,492 [INFO] Rule:233 - rule Add RTC Activate Clock Source is applicable
2025-09-29 09:49:51,492 [INFO] Rule:233 - rule Add RTC Activate Calendar 1 is applicable
2025-09-29 09:49:51,492 [INFO] Rule:233 - rule Add RTC Activate Calendar 2 is applicable
2025-09-29 09:49:51,492 [INFO] Rule:233 - rule Add RTC Activate Calendar 3 is applicable
2025-09-29 09:49:51,492 [INFO] Rule:233 - rule UART/USART TX Mode is applicable
2025-09-29 09:49:51,492 [INFO] Rule:233 - rule UART/USART RX Mode is applicable
2025-09-29 09:49:51,492 [INFO] Rule:233 - rule UART/USART RX TX Mode is applicable
2025-09-29 09:49:51,492 [INFO] Rule:233 - rule UART/USART PARITY NONE is applicable
2025-09-29 09:49:51,492 [INFO] Rule:233 - rule UART/USART PARITY EVEN is applicable
2025-09-29 09:49:51,492 [INFO] Rule:233 - rule UART/USART PARITY ODD is applicable
2025-09-29 09:49:51,492 [INFO] Rule:233 - rule USART StopBits 1 is applicable
2025-09-29 09:49:51,493 [INFO] Rule:233 - rule USART StopBits 2 is applicable
2025-09-29 09:49:51,493 [INFO] Rule:233 - rule USART StopBits 1.5 is applicable
2025-09-29 09:49:51,493 [INFO] Rule:233 - rule USART StopBits 0.5 is applicable
2025-09-29 09:49:51,493 [INFO] Rule:233 - rule UART/USART WORD LENGTH 7 is applicable
2025-09-29 09:49:51,493 [INFO] Rule:233 - rule UART/USART WORD LENGTH 8 is applicable
2025-09-29 09:49:51,493 [INFO] Rule:233 - rule UART/USART WORD LENGTH 9 is applicable
2025-09-29 09:49:51,493 [INFO] Rule:233 - rule Rename FMC NAND NCE signal is applicable
2025-09-29 09:49:51,493 [INFO] Rule:233 - rule Rename FMC NAND INT signal is applicable
2025-09-29 09:49:51,493 [INFO] Rule:233 - rule Change Default Value for LSE Drive Capability for WB family is applicable
2025-09-29 09:49:51,493 [INFO] Rule:233 - rule Change Default Value for ADC Clock Prescaler G0 family is applicable
2025-09-29 09:49:51,493 [INFO] Rule:233 - rule Change Default Value for ADC ExternalTrigConv L4 family is applicable
2025-09-29 09:49:51,493 [INFO] Rule:233 - rule Change Default Value for ADC ExternalTrigInjecConv L4 family is applicable
2025-09-29 09:49:51,493 [INFO] Rule:233 - rule Change Default Value for ADC ExternalTrigConv F3 family is applicable
2025-09-29 09:49:51,493 [INFO] Rule:233 - rule Change Default Value for ADC ExternalTrigInjecConv F3 family is applicable
2025-09-29 09:49:51,493 [INFO] Rule:233 - rule Change Default Value for ADC ExternalTrigConv Goldfish serie is applicable
2025-09-29 09:49:51,493 [INFO] Rule:233 - rule Change Default Value for ADC ExternalTrigInjecConv Goldfish serie is applicable
2025-09-29 09:49:51,493 [INFO] Rule:233 - rule Change Default Value for ADC ExternalTrigConv L0 family is applicable
2025-09-29 09:49:51,493 [INFO] Rule:233 - rule Change Default Value for ADC ExternalTrigConv F0 family is applicable
2025-09-29 09:49:51,493 [INFO] Rule:233 - rule Change Default Value for ADC ExternalTrigConvn L1 family is applicable
2025-09-29 09:49:51,493 [INFO] Rule:233 - rule Change Default Value for ADC ExternalTrigInjecConv L1 family is applicable
2025-09-29 09:49:51,493 [INFO] Rule:233 - rule Change Default Value for ADC ExternalTrigConv F1 family is applicable
2025-09-29 09:49:51,493 [INFO] Rule:233 - rule Change Default Value for ADC ExternalTrigInjecConv F1 family is applicable
2025-09-29 09:49:51,493 [INFO] Rule:233 - rule Change Default Value for ADC ExternalTrigConv F7 family is applicable
2025-09-29 09:49:51,493 [INFO] Rule:233 - rule Change Default Value for ADC ExternalTrigInjecConv F7 family is applicable
2025-09-29 09:49:51,493 [INFO] Rule:233 - rule Change Default Value for ADC ExternalTrigConv F4 and F2 family is applicable
2025-09-29 09:49:51,493 [INFO] Rule:233 - rule Change Default Value for ADC ExternalTrigInjecConv F4 and F2 family is applicable
2025-09-29 09:49:51,493 [INFO] Rule:233 - rule ADC SamplingTime fix with FW L0  is applicable
2025-09-29 09:49:51,493 [INFO] Rule:233 - rule ADC SamplingTime fix with FW L0  is applicable
2025-09-29 09:49:51,494 [INFO] Rule:233 - rule ADC SamplingTime fix with FW L0 is applicable
2025-09-29 09:49:51,494 [INFO] Rule:233 - rule ADC SamplingTime fix with FW L0 is applicable
2025-09-29 09:49:51,494 [INFO] Rule:233 - rule ADC SamplingTime fix with FW L0  is applicable
2025-09-29 09:49:51,494 [INFO] Rule:233 - rule ADC SamplingTime fix with FW L0 is applicable
2025-09-29 09:49:51,494 [INFO] Rule:233 - rule Rename USB_OE Signal is applicable
2025-09-29 09:49:51,494 [INFO] Rule:233 - rule Rename Activate_OE Mode is applicable
2025-09-29 09:49:51,494 [INFO] Rule:233 - rule Rename DIE462/DIE415 pin PC14/OSC32_IN -> PC14-OSC32_IN (PC14) is applicable
2025-09-29 09:49:51,494 [INFO] Rule:233 - rule Rename DIE462/DIE415 pin PC15/OSC32_OUT -> PC15-OSC32_OUT (PC15) is applicable
2025-09-29 09:49:51,494 [INFO] Rule:233 - rule Rename DIE462/DIE415 pin PH0/OSC_IN -> PH0-OSC_IN (PH0) is applicable
2025-09-29 09:49:51,494 [INFO] Rule:233 - rule Rename DIE462/DIE415 pin PH1/OSC_OUT -> PH1-OSC_OUT (PH1) is applicable
2025-09-29 09:49:51,494 [INFO] Rule:233 - rule Rename DIE462 pin PA13 -> PA13 (JTMS/SWDIO) is applicable
2025-09-29 09:49:51,494 [INFO] Rule:233 - rule Rename DIE415 pin PA13 -> PA13 (JTMS/SWDIO) is applicable
2025-09-29 09:49:51,494 [INFO] Rule:233 - rule Rename DIE462 pin PA14 -> PA14 (JTCK/SWCLK) is applicable
2025-09-29 09:49:51,494 [INFO] Rule:233 - rule Rename DIE415 pin PA14 -> PA14 (JTCK/SWCLK) is applicable
2025-09-29 09:49:51,494 [INFO] Rule:233 - rule Rename DIE462/DIE415 pin PA15 -> PA15 (JTDI) is applicable
2025-09-29 09:49:51,494 [INFO] Rule:233 - rule Rename DIE462 pin PB3 -> PB3 (JTD0/TRACESWO) is applicable
2025-09-29 09:49:51,494 [INFO] Rule:233 - rule Rename DIE415 pin PB3 -> PB3 (JTD0-TRACESWO) is applicable
2025-09-29 09:49:51,494 [INFO] Rule:233 - rule Rename DIE462/DIE415 pin PB4 -> PB4 (NJTRST) is applicable
2025-09-29 09:49:51,494 [INFO] Rule:233 - rule Rename DIE462 pin PH3/BOOT0 -> PH3-BOOT0 (BOOT0) is applicable
2025-09-29 09:49:51,494 [INFO] Rule:233 - rule Rename CRYP DataEncryptionTypesList to Algorithm is applicable
2025-09-29 09:49:51,494 [INFO] Rule:233 - rule Rename AES DataEncryptionTypesList to Algorithm is applicable
2025-09-29 09:49:51,494 [INFO] Rule:233 - rule Rename TDESECB to CRYP_TDES_ECB is applicable
2025-09-29 09:49:51,494 [INFO] Rule:233 - rule Rename TDESCBC to CRYP_TDES_CBC is applicable
2025-09-29 09:49:51,494 [INFO] Rule:233 - rule Rename DESECB to CRYP_DES_ECB is applicable
2025-09-29 09:49:51,494 [INFO] Rule:233 - rule Rename DESCBC to CRYP_DES_CBC is applicable
2025-09-29 09:49:51,494 [INFO] Rule:233 - rule Rename AESECB to CRYP_AES_ECB is applicable
2025-09-29 09:49:51,494 [INFO] Rule:233 - rule Rename AESCBC to CRYP_AES_CBC is applicable
2025-09-29 09:49:51,494 [INFO] Rule:233 - rule Rename AESCTR to CRYP_AES_CTR is applicable
2025-09-29 09:49:51,494 [INFO] Rule:233 - rule Rename AESGCM to CRYP_AES_GCM is applicable
2025-09-29 09:49:51,494 [INFO] Rule:233 - rule Rename AESCCM to CRYP_AES_CCM is applicable
2025-09-29 09:49:51,494 [INFO] Rule:233 - rule Rename CAN TimeSeg1 to BS1 is applicable
2025-09-29 09:49:51,494 [INFO] Rule:233 - rule Rename CAN TimeSeg2 to BS2 is applicable
2025-09-29 09:49:51,494 [INFO] Rule:233 - rule Rename CAN SyncJumpWidth to SJW is applicable
2025-09-29 09:49:51,494 [INFO] Rule:233 - rule TimeTriggeredMode to TTCM is applicable
2025-09-29 09:49:51,494 [INFO] Rule:233 - rule Rename CAN AutoBusOff to ABOM is applicable
2025-09-29 09:49:51,494 [INFO] Rule:233 - rule Rename CAN AutoWakeUp to AWUM is applicable
2025-09-29 09:49:51,494 [INFO] Rule:233 - rule Rename CAN AutoRetransmission to NART is applicable
2025-09-29 09:49:51,494 [INFO] Rule:233 - rule Rename CAN ReceiveFifoLocked to RFLM is applicable
2025-09-29 09:49:51,494 [INFO] Rule:233 - rule Rename CAN TransmitFifoPriority to TXFP is applicable
2025-09-29 09:49:51,494 [INFO] Rule:233 - rule Rename HRTIMER HRTIM_OUTPUTFAULTLEVEL_HIGH in HRTIMER HRTIM_OUTPUTFAULTLEVEL_HIGHZ is applicable
2025-09-29 09:49:51,494 [INFO] Rule:233 - rule Rename TIMER TIM_CLEARINPUTSOURCE_OCREFCLR in  TIMER TIM_CLEARINPUTSOURCE_NONE for F7 family is applicable
2025-09-29 09:49:51,494 [INFO] Rule:233 - rule FDCAN_R1 - Rename FDCAN mode Master into Classic is applicable
2025-09-29 09:49:51,494 [INFO] Rule:233 - rule FDCAN_R2 - Rename FDCAN mode Slave into Classic is applicable
2025-09-29 09:49:51,495 [INFO] Rule:233 - rule FDCAN1_R3 - if PA10.Mode=FullDuplex, add Pin PA12 is applicable
2025-09-29 09:49:51,495 [INFO] Rule:233 - rule FDCAN1_R3 - if PA9.Mode=FullDuplex, add Pin PA11 is applicable
2025-09-29 09:49:51,495 [INFO] Rule:233 - rule FDCAN1_R3 - Alternatepin_1 - if PE1.Mode=FullDuplex, add Pin PB9 is applicable
2025-09-29 09:49:51,495 [INFO] Rule:233 - rule FDCAN1_R3 - Alternatepin_1 - if PE0.Mode=FullDuplex, add Pin PB8 is applicable
2025-09-29 09:49:51,495 [INFO] Rule:233 - rule FDCAN1_R3 - Alternatepin_2 - if PD5.Mode=FullDuplex, add Pin PD1 is applicable
2025-09-29 09:49:51,495 [INFO] Rule:233 - rule FDCAN1_R3 - Alternatepin_2 - if PD4.Mode=FullDuplex, add Pin PD0 is applicable
2025-09-29 09:49:51,495 [INFO] Rule:233 - rule FDCAN1_R4 - Rename Mode FullDuplex into Enable FDCAN_TXFD for pin PA10 is applicable
2025-09-29 09:49:51,495 [INFO] Rule:233 - rule FDCAN1_R4 - Rename Mode FullDuplex into Enable FDCAN_TXFD for pin PA9 is applicable
2025-09-29 09:49:51,495 [INFO] Rule:233 - rule FDCAN1_R4 - Alternatepin_1 - Rename Mode FullDuplex into Enable FDCAN_TXFD for pin PE1 is applicable
2025-09-29 09:49:51,495 [INFO] Rule:233 - rule FDCAN1_R4 - Alternatepin_1 - Rename Mode FullDuplex into Enable FDCAN_TXFD for pin PE0 is applicable
2025-09-29 09:49:51,495 [INFO] Rule:233 - rule FDCAN1_R4 - Alternatepin_2 - Rename Mode FullDuplex into Enable FDCAN_TXFD for pin PD5 is applicable
2025-09-29 09:49:51,495 [INFO] Rule:233 - rule FDCAN1_R4 - Alternatepin_2 - Rename Mode FullDuplex into Enable FDCAN_TXFD for pin PD4 is applicable
2025-09-29 09:49:51,495 [INFO] Rule:233 - rule FDCAN2_R3 - if PD10.Mode=FullDuplex, add Pin PB13 is applicable
2025-09-29 09:49:51,495 [INFO] Rule:233 - rule FDCAN2_R3 - if PD9.Mode=FullDuplex, add Pin PB12 is applicable
2025-09-29 09:49:51,495 [INFO] Rule:233 - rule FDCAN2_R3 - Alternatepin_1 - if PB7.Mode=FullDuplex, add Pin PB6 is applicable
2025-09-29 09:49:51,495 [INFO] Rule:233 - rule FDCAN2_R3 - Alternatepin_1 - if PD9.Mode=FullDuplex, add Pin PB12 is applicable
2025-09-29 09:49:51,495 [INFO] Rule:233 - rule FDCAN2_R4 - Rename Mode FullDuplex into Enable FDCAN_TXFD for pin PD10 is applicable
2025-09-29 09:49:51,495 [INFO] Rule:233 - rule FDCAN2_R4 - Rename Mode FullDuplex into Enable FDCAN_TXFD for pin PD9 is applicable
2025-09-29 09:49:51,495 [INFO] Rule:233 - rule FDCAN2_R4 - Alternatepin_1 - Rename Mode FullDuplex into Enable FDCAN_TXFD for pin PB7 is applicable
2025-09-29 09:49:51,495 [INFO] Rule:233 - rule FDCAN2_R4 - Alternatepin_1 - Rename Mode FullDuplex into Enable FDCAN_TXFD for pin PD6 is applicable
2025-09-29 09:49:51,495 [INFO] Rule:233 - rule USART TxPinLevelInvertParam Mode is applicable
2025-09-29 09:49:51,495 [INFO] Rule:233 - rule USART RxPinLevelInvertParam Mode is applicable
2025-09-29 09:49:51,495 [INFO] Rule:233 - rule USART DataInvertParam Mode is applicable
2025-09-29 09:49:51,495 [INFO] Rule:233 - rule USART SwapParam Mode is applicable
2025-09-29 09:49:51,495 [INFO] Rule:233 - rule USART OverrunDisableParam Mode is applicable
2025-09-29 09:49:51,495 [INFO] Rule:233 - rule USART DMADisableonRxErrorParam Mode is applicable
2025-09-29 09:49:51,496 [INFO] Rule:233 - rule USART MSBFirstParam Mode is applicable
2025-09-29 09:49:51,496 [INFO] Rule:233 - rule Update MwName for USB_DEVICE is applicable
2025-09-29 09:49:51,496 [INFO] Rule:233 - rule Change PWR_Regulator_Voltage_Scale Default Value for RCC  H7 family is applicable
2025-09-29 09:49:51,496 [INFO] Rule:233 - rule UART/USART IPParameter rename Prescaler parameter to ClockPrescaler is applicable
2025-09-29 09:49:51,496 [INFO] Rule:233 - rule UART/USART Prescaler rename Prescaler parameter to ClockPrescaler is applicable
2025-09-29 09:49:51,496 [INFO] Rule:233 - rule TIM1CLockSelection is applicable
2025-09-29 09:49:51,496 [INFO] Rule:233 - rule TIM15CLockSelection is applicable
2025-09-29 09:49:51,496 [INFO] Rule:233 - rule align RCC SDMMC3CLockSelection default value on MP1 is applicable
2025-09-29 09:49:51,496 [INFO] Rule:233 - rule align RCC SDMMC12CLockSelection default value on MP1 is applicable
2025-09-29 09:49:51,496 [INFO] Rule:233 - rule align RCC QSPICLockSelection default value on MP1 is applicable
2025-09-29 09:49:51,496 [INFO] Rule:233 - rule align RCC QSPICLockSelection default value on MP1 is applicable
2025-09-29 09:49:51,496 [INFO] Rule:233 - rule align RCC SPI6CLockSelection default value on MP1 is applicable
2025-09-29 09:49:51,496 [INFO] Rule:233 - rule align RCC LPTIM23CLockSelection default value on MP1 is applicable
2025-09-29 09:49:51,496 [INFO] Rule:233 - rule align RCC LPTIM1CLockSelection default value on MP1 is applicable
2025-09-29 09:49:51,496 [INFO] Rule:233 - rule align RCC USART1CLockSelection default value on MP1 is applicable
2025-09-29 09:49:51,496 [INFO] Rule:233 - rule align RCC USART24CLockSelection default value on MP1 is applicable
2025-09-29 09:49:51,496 [INFO] Rule:233 - rule align RCC USART6CLockSelection default value on MP1 is applicable
2025-09-29 09:49:51,496 [INFO] Rule:233 - rule align RCC UART78CLockSelection default value on MP1 is applicable
2025-09-29 09:49:51,496 [INFO] Rule:233 - rule align RCC USART35CLockSelection default value on MP1 is applicable
2025-09-29 09:49:51,496 [INFO] Rule:233 - rule align RCC SPI45CLockSelection default value on MP1 is applicable
2025-09-29 09:49:51,496 [INFO] Rule:233 - rule align RCC I2C46CLockSelection BCLK value on MP1 is applicable
2025-09-29 09:49:51,496 [INFO] Rule:233 - rule align RCC SPI45CLockSelection default value on MP1 is applicable
2025-09-29 09:49:51,496 [INFO] Rule:233 - rule align RCC I2C12CLockSelection default value on MP1 is applicable
2025-09-29 09:49:51,496 [INFO] Rule:233 - rule align RCC I2C35CLockSelection default value on MP1 is applicable
2025-09-29 09:49:51,497 [INFO] Rule:233 - rule align RCC LPTIM45CLockSelection default value on MP1 is applicable
2025-09-29 09:49:51,497 [INFO] Rule:233 - rule Rename DCMI PIXCK signal is applicable
2025-09-29 09:49:51,497 [INFO] Rule:233 - rule Change Default Value for I2C46CLockSelection MP1 family is applicable
2025-09-29 09:49:51,497 [INFO] Rule:233 - rule Change Default Value for UART for G4, G0 and WB families is applicable
2025-09-29 09:49:51,497 [INFO] Rule:233 - rule Change Default Value for USART for G4, G0 and WB families is applicable
2025-09-29 09:49:51,497 [INFO] Rule:233 - rule Change Default Value for USART for G4 family is applicable
2025-09-29 09:49:51,497 [INFO] Rule:233 - rule Change USART1CLockSelection refparam name for MP1 is applicable
2025-09-29 09:49:51,497 [INFO] Rule:233 - rule Change USART2CLockSelection refparam name for MP1 is applicable
2025-09-29 09:49:51,497 [INFO] Rule:233 - rule Change USART3CLockSelection refparam name for MP1 is applicable
2025-09-29 09:49:51,497 [INFO] Rule:233 - rule Change UART4CLockSelection refparam name for MP1 is applicable
2025-09-29 09:49:51,497 [INFO] Rule:233 - rule Change UART5CLockSelection refparam name for MP1 is applicable
2025-09-29 09:49:51,497 [INFO] Rule:233 - rule Change LPUART1CLockSelection refparam name for MP1 is applicable
2025-09-29 09:49:51,497 [INFO] Rule:233 - rule Change LPTIM1CLockSelection refparam name for MP1 is applicable
2025-09-29 09:49:51,497 [INFO] Rule:233 - rule Change LPTIM2CLockSelection refparam name for MP1 is applicable
2025-09-29 09:49:51,497 [INFO] Rule:233 - rule Change RCC_MCO1Source refparam name for MP1 is applicable
2025-09-29 09:49:51,497 [INFO] Rule:233 - rule Change LSCOSource1 refparam name for MP1 is applicable
2025-09-29 09:49:51,497 [INFO] Rule:233 - rule Change SMPSCLockSelection refparam name for MP1 is applicable
2025-09-29 09:49:51,497 [INFO] Rule:233 - rule Change LPTIM3CLockSelection refparam name for MP1 is applicable
2025-09-29 09:49:51,497 [INFO] Rule:233 - rule Change MPCBB* Default Template Mode to Parameters is applicable
2025-09-29 09:49:51,497 [INFO] Rule:233 - rule Change MPCWM* or MPCBB* Secure Mode to Parameters is applicable
2025-09-29 09:49:51,497 [INFO] Rule:233 - rule Change MPCWM* or MPCBB* No Secure Mode to Parameters is applicable
2025-09-29 09:49:51,497 [INFO] Rule:233 - rule Change TZSC IP Secure Mode to Parameters is applicable
2025-09-29 09:49:51,497 [INFO] Rule:233 - rule Change TZSC IP No Secure Mode to Parameters is applicable
2025-09-29 09:49:51,497 [INFO] Rule:233 - rule Change TZSC IP Privilege Mode to Parameters is applicable
2025-09-29 09:49:51,497 [INFO] Rule:233 - rule Change TZSC IP No Privilege Mode to Parameters is applicable
2025-09-29 09:49:51,497 [INFO] Rule:233 - rule Change TZIC IT Secure Mode to Parameters is applicable
2025-09-29 09:49:51,497 [INFO] Rule:233 - rule Change TZIC IT No Secure Mode to Parameters is applicable
2025-09-29 09:49:51,497 [INFO] Rule:233 - rule Add MPCBB1_NonSecureArea_Start_Address value with referenced to MPCBB1_NonSecureArea_Start value is applicable
2025-09-29 09:49:51,498 [INFO] Rule:233 - rule Add MPCBB2_NonSecureArea_Start_Address value with referenced to MPCBB2_NonSecureArea_Start value is applicable
2025-09-29 09:49:51,498 [INFO] Rule:233 - rule Add MPCWM1_NonSecureArea*_Start_Address value with referenced to MPCWM1_NonSecureArea*_Start value is applicable
2025-09-29 09:49:51,498 [INFO] Rule:233 - rule Add MPCWM2_NonSecureArea*_Start_Address value with referenced to MPCWM2_NonSecureArea*_Start value is applicable
2025-09-29 09:49:51,498 [INFO] Rule:233 - rule Add MPCWM3_NonSecureArea_Start_Address value with referenced to MPCWM3_NonSecureArea_Start value is applicable
2025-09-29 09:49:51,498 [INFO] Rule:233 - rule Change Default Value for PLL1UserDefinedConfig is applicable
2025-09-29 09:49:51,498 [INFO] Rule:233 - rule Change GPIO_PuPd Default Value for USART in async mode is applicable
2025-09-29 09:49:51,498 [INFO] Rule:233 - rule Change SMPSDivider Default Value is applicable
2025-09-29 09:49:51,498 [INFO] Rule:233 - rule OPAMP is applicable
2025-09-29 09:49:51,498 [INFO] Rule:233 - rule LPUART IPParameter rename Prescaler parameter to ClockPrescaler for STM32H7 is applicable
2025-09-29 09:49:51,498 [INFO] Rule:233 - rule LPUART IPParameter rename Prescaler parameter to ClockPrescaler for STM32H7 is applicable
2025-09-29 09:49:51,498 [INFO] Rule:233 - rule LPUART IPParameter rename Prescaler parameter to ClockPrescaler for STM32WB is applicable
2025-09-29 09:49:51,498 [INFO] Rule:233 - rule LPUART IPParameter rename Prescaler parameter to ClockPrescaler for STM32WB is applicable
2025-09-29 09:49:51,498 [INFO] Rule:233 - rule LPUART IPParameter rename Prescaler parameter to ClockPrescaler for STM32G4 is applicable
2025-09-29 09:49:51,498 [INFO] Rule:233 - rule LPUART IPParameter rename Prescaler parameter to ClockPrescaler for STM32G4 is applicable
2025-09-29 09:49:51,498 [INFO] Rule:233 - rule LPUART IPParameter rename Prescaler parameter to ClockPrescaler for STM32L5 is applicable
2025-09-29 09:49:51,498 [INFO] Rule:233 - rule LPUART IPParameter rename Prescaler parameter to ClockPrescaler for STM32L5 is applicable
2025-09-29 09:49:51,498 [INFO] Rule:233 - rule LPUART IPParameter rename Prescaler parameter to ClockPrescaler for STM32G4 is applicable
2025-09-29 09:49:51,498 [INFO] Rule:233 - rule LPUART IPParameter rename Prescaler parameter to ClockPrescaler for STM32G4 is applicable
2025-09-29 09:49:51,498 [INFO] Rule:233 - rule USB device lib V2.5.3 for L0 rename USBD_SUPPORT_USER_STRING parameter to USBD_SUPPORT_USER_STRING_DESC4 is applicable
2025-09-29 09:49:51,498 [INFO] Rule:233 - rule I2SCLockSelection clock entry align is applicable
2025-09-29 09:49:51,498 [INFO] Rule:233 - rule Assign TIMx context if used as SYS timebase is applicable
2025-09-29 09:49:51,498 [INFO] Rule:233 - rule Change GPIO_Pu Default Value for I2C is applicable
2025-09-29 09:49:51,498 [INFO] Rule:233 - rule Change GPIO_Pu Default Value for SMBus is applicable
2025-09-29 09:49:51,498 [INFO] Rule:233 - rule change FDCAN default value is applicable
2025-09-29 09:49:51,498 [INFO] Rule:233 - rule Change mode sai is applicable
2025-09-29 09:49:51,498 [INFO] Rule:233 - rule **Change sai mode is applicable
2025-09-29 09:49:51,498 [INFO] Rule:233 - rule Rename STM32WPAN CFG_BLE_IRK to CFG_BLE_IR is applicable
2025-09-29 09:49:51,498 [INFO] Rule:233 - rule Rename STM32WPAN CFG_BLE_ERK to CFG_BLE_ER is applicable
2025-09-29 09:49:51,498 [INFO] Rule:233 - rule Rename STM32WPAN CFG_BLE_IRK_HEX to CFG_BLE_IR_HEX is applicable
2025-09-29 09:49:51,498 [INFO] Rule:233 - rule Rename STM32WPAN CFG_BLE_ERK_HEX to CFG_BLE_ER_HEX is applicable
2025-09-29 09:49:51,498 [INFO] Rule:233 - rule Adapt Old IOC before rework replace old CORTEX_M33/CORTEX_M55 attributes by the new one. is applicable
2025-09-29 09:49:51,498 [INFO] Rule:233 - rule Rename parametre of RCC RCC_APBDBG_DIV2 to RCC_TIMPRES_DIV2 is applicable
2025-09-29 09:49:51,499 [INFO] Rule:233 - rule Rename DIE493 pin PA10 [PA12] -> PA10 is applicable
2025-09-29 09:49:51,499 [INFO] Rule:233 - rule Rename DIE493 pin PA9 [PA11] -> PA9 is applicable
2025-09-29 09:49:51,499 [INFO] Rule:233 - rule Rename DIE492 PartNumber CPN STM32WBA5MJGHx -> STM32WBA5MMGHx is applicable
2025-09-29 09:49:51,499 [INFO] Rule:233 - rule Rename DIE492 PartNumber  Name STM32WBA5MJGHx -> STM32WBA5MMGHx is applicable
2025-09-29 09:49:51,499 [INFO] Rule:233 - rule Rename DIE492 PartNumber UserName STM32WBA5MJGHx -> STM32WBA5MMGHx is applicable
2025-09-29 09:49:51,499 [INFO] Rule:233 - rule Rename DIE492 PartNumber DeviceId STM32WBA5MJGHx -> STM32WBA5MMGHx is applicable
2025-09-29 09:49:51,499 [INFO] Rule:233 - rule Adapt Old IOC CSI. is applicable
2025-09-29 09:49:51,499 [INFO] Rule:233 - rule Adapt Old IOC DCMIPP. is applicable
2025-09-29 09:49:51,499 [INFO] Rule:233 - rule Adapt Old IOC DCMIPP Mode Parallel. is applicable
2025-09-29 09:49:51,499 [INFO] Rule:233 - rule Adapt Old IOC LTDC. is applicable
2025-09-29 09:49:51,499 [INFO] Rule:233 - rule Rename STM32MP2 RIF Peripheral LTDC RIF.RISUP.LTDC_L0L1.Privilege -> RIF.RISUP.LTDC_L1L2.Privilege is applicable
2025-09-29 09:49:51,499 [INFO] Rule:233 - rule Rename STM32MP2 RIF Peripheral LTDC RIF.RISUP.LTDC_L0L1.Privilege -> RIF.RISUP.LTDC_L1L2.Privilege is applicable
2025-09-29 09:49:51,499 [INFO] Rule:233 - rule Rename STM32MP2 RIF Peripheral LTDC RIF.RISUP.LTDC_L0L1.Lock -> RIF.RISUP.LTDC_L1L2.Lock is applicable
2025-09-29 09:49:51,499 [INFO] Rule:233 - rule Rename STM32MP2 RIF Peripheral LTDC RIF.RISUP.LTDC_L2.Lock -> RIF.RISUP.LTDC_L3.Lock is applicable
2025-09-29 09:49:51,499 [INFO] Rule:233 - rule Adapt the old IOC example for updating the SYS when it is misconfigured. is applicable
2025-09-29 09:49:51,499 [INFO] Rule:233 - rule Rename STM32C09 Mcu.Package LQFP64 -> LQFP48 is applicable
2025-09-29 09:49:51,499 [INFO] Rule:233 - rule Adapt the old IOC example for updating the SYS when it is misconfigured. is applicable
2025-09-29 09:49:51,499 [INFO] Rule:233 - rule Adapt the old IOC example for updating the SYS when it is misconfigured. is applicable
2025-09-29 09:49:51,512 [INFO] DbConfProperties:307 - Apply Compatibility (53/282 Rules)
2025-09-29 09:49:51,526 [INFO] ImportTextPane:234 - (OptionalMessage_ERROR) Unable to find key (Mcu.ThirdPartyNb) in loaded IOC file
2025-09-29 09:49:51,529 [INFO] ImportTextPane:234 - (OptionalMessage_ERROR) Pin12 (VP_RIF_VS_RIF1) cannot be retrieved for this MCU
2025-09-29 09:49:51,608 [INFO] RtosManager:558 - Registered RTOS mode: class=CMSIS, group=RTOS, mode=CMSIS_V1, owner=FREERTOS
2025-09-29 09:49:51,608 [INFO] RtosManager:558 - Registered RTOS mode: class=CMSIS, group=RTOS2, mode=CMSIS_V2, owner=FREERTOS
2025-09-29 09:49:51,608 [INFO] RtosManager:558 - Registered RTOS mode: class=RTOS, group=Core, mode=CMSIS_V1, owner=FREERTOS
2025-09-29 09:49:51,608 [INFO] RtosManager:558 - Registered RTOS mode: class=RTOS, group=Core, mode=CMSIS_V2, owner=FREERTOS
2025-09-29 09:49:51,608 [WARN] ModelIntegratedComponent:184 - Missing modes for component STMicroelectronics:FreeRTOS:0.0.1:STMicroelectronics:RTOS:FreeRTOS:Core:::10.2.0:
2025-09-29 09:49:51,622 [WARN] ModelIntegratedComponent:63 - No mode defined for component null
2025-09-29 09:49:51,622 [WARN] ModelIntegratedComponent:63 - No mode defined for component null
2025-09-29 09:49:51,622 [WARN] ModelIntegratedComponent:63 - No mode defined for component null
2025-09-29 09:49:51,622 [WARN] ModelIntegratedComponent:63 - No mode defined for component null
2025-09-29 09:49:51,622 [WARN] ModelIntegratedComponent:63 - No mode defined for component null
2025-09-29 09:49:51,622 [WARN] ModelIntegratedComponent:63 - No mode defined for component null
2025-09-29 09:49:51,622 [WARN] ModelIntegratedComponent:63 - No mode defined for component null
2025-09-29 09:49:51,622 [WARN] ModelIntegratedComponent:63 - No mode defined for component null
2025-09-29 09:49:51,622 [WARN] ModelIntegratedComponent:63 - No mode defined for component null
2025-09-29 09:49:51,622 [WARN] ModelIntegratedComponent:63 - No mode defined for component null
2025-09-29 09:49:51,622 [WARN] ModelIntegratedComponent:63 - No mode defined for component null
2025-09-29 09:49:51,622 [WARN] ModelIntegratedComponent:63 - No mode defined for component null
2025-09-29 09:49:51,623 [WARN] ModelIntegratedComponent:63 - No mode defined for component null
2025-09-29 09:49:51,623 [WARN] ModelIntegratedComponent:63 - No mode defined for component null
2025-09-29 09:49:51,623 [WARN] ModelIntegratedComponent:63 - No mode defined for component null
2025-09-29 09:49:51,623 [WARN] ModelIntegratedComponent:63 - No mode defined for component null
2025-09-29 09:49:51,623 [WARN] ModelIntegratedComponent:63 - No mode defined for component null
2025-09-29 09:49:51,623 [WARN] ModelIntegratedComponent:63 - No mode defined for component null
2025-09-29 09:49:51,623 [WARN] ModelIntegratedComponent:63 - No mode defined for component null
2025-09-29 09:49:51,623 [WARN] ModelIntegratedComponent:63 - No mode defined for component null
2025-09-29 09:49:51,623 [WARN] ModelIntegratedComponent:63 - No mode defined for component null
2025-09-29 09:49:51,623 [WARN] ModelIntegratedComponent:63 - No mode defined for component null
2025-09-29 09:49:51,623 [WARN] ModelIntegratedComponent:63 - No mode defined for component null
2025-09-29 09:49:51,623 [WARN] ModelIntegratedComponent:63 - No mode defined for component null
2025-09-29 09:49:51,623 [WARN] ModelIntegratedComponent:63 - No mode defined for component null
2025-09-29 09:49:51,623 [WARN] ModelIntegratedComponent:63 - No mode defined for component null
2025-09-29 09:49:51,623 [WARN] ModelIntegratedComponent:63 - No mode defined for component null
2025-09-29 09:49:51,623 [WARN] ModelIntegratedComponent:63 - No mode defined for component null
2025-09-29 09:49:51,623 [WARN] ModelIntegratedComponent:63 - No mode defined for component null
2025-09-29 09:49:51,623 [WARN] ModelIntegratedComponent:63 - No mode defined for component null
2025-09-29 09:49:51,623 [WARN] ModelIntegratedComponent:63 - No mode defined for component null
2025-09-29 09:49:51,623 [WARN] ModelIntegratedComponent:63 - No mode defined for component null
2025-09-29 09:49:51,623 [WARN] ModelIntegratedComponent:63 - No mode defined for component null
2025-09-29 09:49:51,623 [WARN] ModelIntegratedComponent:63 - No mode defined for component null
2025-09-29 09:49:51,623 [WARN] ModelIntegratedComponent:63 - No mode defined for component null
2025-09-29 09:49:51,623 [WARN] ModelPack:524 - Component already loaded: STMicroelectronics:HAL Drivers:0.0.0:STMicroelectronics:Device:STMicro_Driver:XSPI:HAL::0.0.1:HAL_XSPI
2025-09-29 09:49:51,697 [INFO] ThirdPartyModel:298 - Start build external matchings
2025-09-29 09:49:52,131 [INFO] ThirdPartyModel:316 - End build external matchings
2025-09-29 09:49:52,141 [INFO] ImportTextPane:234 - (OptionalMessage_ERROR) IP (RCC) : Invalid parameter (FamilyName)
2025-09-29 09:49:52,144 [INFO] ImportTextPane:234 - (OptionalMessage_ERROR) IP (RCC) : Parameter (RNGFreq_Value) has invalid value (64000000)
2025-09-29 09:49:52,144 [INFO] ImportTextPane:234 - (OptionalMessage_ERROR) IP (RCC) : Parameter (SDMMCFreq_Value) has invalid value (64000000)
2025-09-29 09:49:52,144 [INFO] ImportTextPane:234 - (OptionalMessage_ERROR) IP (RCC) : Parameter (USBFreq_Value) has invalid value (64000000)
2025-09-29 09:49:52,388 [INFO] UtilMem:75 - End LoadConfig() Used Memory: 554620904 Bytes (943718400)
2025-09-29 09:49:52,501 [WARN] ThirdParty:833 - waiting for thirdparty lock release [change project]
2025-09-29 09:49:52,501 [INFO] ThirdParty:835 - entering critical section [change project]
2025-09-29 09:49:52,501 [INFO] ThirdParty:1030 - CMSIS Pack Vendor :STMicroelectronics X-CUBE-PM33A1 1.0.0
2025-09-29 09:49:52,501 [INFO] ThirdParty:1030 - CMSIS Pack Vendor :STMicroelectronics USBPD 4.1
2025-09-29 09:49:52,501 [INFO] ThirdParty:1030 - CMSIS Pack Vendor :STMicroelectronics X-CUBE-NFC9 1.0.0
2025-09-29 09:49:52,501 [INFO] ThirdParty:1030 - CMSIS Pack Vendor :STMicroelectronics USB_HOST 2.0.0
2025-09-29 09:49:52,501 [INFO] ThirdParty:1030 - CMSIS Pack Vendor :STMicroelectronics FP-SNS-MOTENVWB1 1.4.0
2025-09-29 09:49:52,501 [INFO] ThirdParty:1030 - CMSIS Pack Vendor :STMicroelectronics X-CUBE-AZRTOS-F4 1.1.0
2025-09-29 09:49:52,501 [INFO] ThirdParty:1030 - CMSIS Pack Vendor :STMicroelectronics LIBJPEG 8.0.0
2025-09-29 09:49:52,501 [INFO] ThirdParty:1030 - CMSIS Pack Vendor :STMicroelectronics FP-ATR-ASTRA1 2.0.2
2025-09-29 09:49:52,502 [INFO] ThirdParty:1030 - CMSIS Pack Vendor :wolfSSL I-CUBE-wolfSSL 5.8.2
2025-09-29 09:49:52,502 [INFO] ThirdParty:1030 - CMSIS Pack Vendor :STMicroelectronics X-CUBE-BLE1 7.1.0
2025-09-29 09:49:52,502 [INFO] ThirdParty:1030 - CMSIS Pack Vendor :Avnet-IotConnect X-CUBE-IoTC-DA16k-PMOD 1.0.0
2025-09-29 09:49:52,502 [INFO] ThirdParty:1030 - CMSIS Pack Vendor :STMicroelectronics X-CUBE-SMBUS 2.1.0
2025-09-29 09:49:52,502 [INFO] ThirdParty:1030 - CMSIS Pack Vendor :wolfSSL I-CUBE-wolfMQTT 1.19.2
2025-09-29 09:49:52,502 [INFO] ThirdParty:1030 - CMSIS Pack Vendor :STMicroelectronics USB_DEVICE 3.0.0
2025-09-29 09:49:52,502 [INFO] ThirdParty:1030 - CMSIS Pack Vendor :STMicroelectronics X-CUBE-ISPU 2.1.0
2025-09-29 09:49:52,502 [INFO] ThirdParty:1030 - CMSIS Pack Vendor :STMicroelectronics X-CUBE-EEPRMA1 5.2.0
2025-09-29 09:49:52,502 [INFO] ThirdParty:1030 - CMSIS Pack Vendor :STMicroelectronics X-CUBE-BLEMGR 4.1.0
2025-09-29 09:49:52,502 [INFO] ThirdParty:1030 - CMSIS Pack Vendor :STMicroelectronics X-CUBE-AZRTOS-WB 2.0.0
2025-09-29 09:49:52,502 [INFO] ThirdParty:1030 - CMSIS Pack Vendor :STMicroelectronics X-CUBE-ST60 1.0.0
2025-09-29 09:49:52,502 [INFO] ThirdParty:1030 - CMSIS Pack Vendor :STMicroelectronics X-CUBE-GNSS1 7.0.1
2025-09-29 09:49:52,502 [INFO] ThirdParty:1030 - CMSIS Pack Vendor :STMicroelectronics X-CUBE-NFC12 1.0.0
2025-09-29 09:49:52,502 [INFO] ThirdParty:1030 - CMSIS Pack Vendor :STMicroelectronics X-CUBE-AZRTOS-F7 1.1.0
2025-09-29 09:49:52,502 [INFO] ThirdParty:1030 - CMSIS Pack Vendor :STMicroelectronics X-CUBE-AZRTOS-L5 2.0.0
2025-09-29 09:49:52,502 [INFO] ThirdParty:1030 - CMSIS Pack Vendor :STMicroelectronics X-CUBE-TOUCHGFX 4.25.0
2025-09-29 09:49:52,502 [INFO] ThirdParty:1030 - CMSIS Pack Vendor :STMicroelectronics USB_DEVICE 2.0.0
2025-09-29 09:49:52,502 [INFO] ThirdParty:1030 - CMSIS Pack Vendor :STMicroelectronics X-CUBE-NFC6 3.1.0
2025-09-29 09:49:52,502 [INFO] ThirdParty:1030 - CMSIS Pack Vendor :quantropi X-CUBE-qispace-sdk-base 2.1.0
2025-09-29 09:49:52,502 [INFO] ThirdParty:1030 - CMSIS Pack Vendor :STMicroelectronics FreeRTOS 0.0.1
2025-09-29 09:49:52,502 [INFO] ThirdParty:1030 - CMSIS Pack Vendor :STMicroelectronics X-CUBE-AZRTOS-G0 1.1.0
2025-09-29 09:49:52,502 [INFO] ThirdParty:1030 - CMSIS Pack Vendor :STMicroelectronics X-CUBE-SAFEA1 1.2.2
2025-09-29 09:49:52,502 [INFO] ThirdParty:1030 - CMSIS Pack Vendor :STMicroelectronics X-CUBE-NFC4 3.0.0
2025-09-29 09:49:52,502 [INFO] ThirdParty:1030 - CMSIS Pack Vendor :STMicroelectronics X-CUBE-SUBG2 5.0.0
2025-09-29 09:49:52,502 [INFO] ThirdParty:1030 - CMSIS Pack Vendor :STMicroelectronics X-CUBE-AZRTOS-H7RS 1.1.0
2025-09-29 09:49:52,502 [INFO] ThirdParty:1030 - CMSIS Pack Vendor :STMicroelectronics STM32_WPAN 1.0.0
2025-09-29 09:49:52,502 [INFO] ThirdParty:1030 - CMSIS Pack Vendor :EmbeddedOffice I-CUBE-FS-RTOS 1.0.1
2025-09-29 09:49:52,502 [INFO] ThirdParty:1030 - CMSIS Pack Vendor :STMicroelectronics lwIP 2.0.3
2025-09-29 09:49:52,502 [INFO] ThirdParty:1030 - CMSIS Pack Vendor :WES I-CUBE-Cesium 1.4.0
2025-09-29 09:49:52,502 [INFO] ThirdParty:1030 - CMSIS Pack Vendor :Cesanta I-CUBE-Mongoose 7.13.0
2025-09-29 09:49:52,502 [INFO] ThirdParty:1030 - CMSIS Pack Vendor :STMicroelectronics USB_HOST 1.0.0
2025-09-29 09:49:52,502 [INFO] ThirdParty:1030 - CMSIS Pack Vendor :Infineon AIROC-Wi-Fi-Bluetooth-STM32 1.7.1
2025-09-29 09:49:52,502 [INFO] ThirdParty:1030 - CMSIS Pack Vendor :STMicroelectronics X-CUBE-AZRTOS-G4 2.0.0
2025-09-29 09:49:52,502 [INFO] ThirdParty:1030 - CMSIS Pack Vendor :STMicroelectronics X-CUBE-WB05N 2.0.0
2025-09-29 09:49:52,502 [INFO] ThirdParty:1030 - CMSIS Pack Vendor :STMicroelectronics PDM2PCM 3.1.0
2025-09-29 09:49:52,502 [INFO] ThirdParty:1030 - CMSIS Pack Vendor :STMicroelectronics PDM2PCM 3.3.0
2025-09-29 09:49:52,502 [INFO] ThirdParty:1030 - CMSIS Pack Vendor :wolfSSL I-CUBE-wolfTPM 3.8.0
2025-09-29 09:49:52,502 [INFO] ThirdParty:1030 - CMSIS Pack Vendor :STMicroelectronics X-CUBE-AZRTOS-H7 3.4.0
2025-09-29 09:49:52,502 [INFO] ThirdParty:1030 - CMSIS Pack Vendor :STMicroelectronics X-CUBE-DISPLAY 3.0.0
2025-09-29 09:49:52,502 [INFO] ThirdParty:1030 - CMSIS Pack Vendor :wolfSSL I-CUBE-wolfSSH 1.4.20
2025-09-29 09:49:52,502 [INFO] ThirdParty:1030 - CMSIS Pack Vendor :STMicroelectronics X-CUBE-NFC7 2.0.0
2025-09-29 09:49:52,502 [INFO] ThirdParty:1030 - CMSIS Pack Vendor :STMicroelectronics X-CUBE-TCPP 4.2.0
2025-09-29 09:49:52,502 [INFO] ThirdParty:1030 - CMSIS Pack Vendor :RealThread X-CUBE-RT-Thread_Nano 4.1.1
2025-09-29 09:49:52,502 [INFO] ThirdParty:1030 - CMSIS Pack Vendor :STMicroelectronics FP-ATR-SIGFOX1 3.2.0
2025-09-29 09:49:52,502 [INFO] ThirdParty:1030 - CMSIS Pack Vendor :STMicroelectronics X-CUBE-NFC10 1.0.0
2025-09-29 09:49:52,502 [INFO] ThirdParty:1030 - CMSIS Pack Vendor :STMicroelectronics X-CUBE-FREERTOS 1.3.1
2025-09-29 09:49:52,502 [INFO] ThirdParty:1030 - CMSIS Pack Vendor :STMicroelectronics HAL Drivers 0.0.0
2025-09-29 09:49:52,503 [INFO] ThirdParty:1030 - CMSIS Pack Vendor :STMicroelectronics MBEDTLS 2.16.2
2025-09-29 09:49:52,503 [INFO] ThirdParty:1030 - CMSIS Pack Vendor :STMicroelectronics X-CUBE-IPS 3.1.0
2025-09-29 09:49:52,503 [INFO] ThirdParty:1030 - CMSIS Pack Vendor :STMicroelectronics X-CUBE-ALS 1.0.2
2025-09-29 09:49:52,503 [INFO] ThirdParty:1030 - CMSIS Pack Vendor :emotas I-CUBE-CANOPEN 1.3.0
2025-09-29 09:49:52,503 [INFO] ThirdParty:1030 - CMSIS Pack Vendor :STMicroelectronics MBEDTLS 2.14.1
2025-09-29 09:49:52,503 [INFO] ThirdParty:1030 - CMSIS Pack Vendor :ITTIA_DB I-CUBE-ITTIADB 8.9.0
2025-09-29 09:49:52,503 [INFO] ThirdParty:1030 - CMSIS Pack Vendor :STMicroelectronics X-CUBE-STSE01 1.0.0
2025-09-29 09:49:52,503 [INFO] ThirdParty:1030 - CMSIS Pack Vendor :STMicroelectronics X-CUBE-ST67W61 1.0.0
2025-09-29 09:49:52,503 [INFO] ThirdParty:1030 - CMSIS Pack Vendor :STMicroelectronics FP-SNS-STBOX1 2.1.0
2025-09-29 09:49:52,503 [INFO] ThirdParty:1030 - CMSIS Pack Vendor :STMicroelectronics X-CUBE-AI 10.2.0
2025-09-29 09:49:52,503 [INFO] ThirdParty:1030 - CMSIS Pack Vendor :STMicroelectronics FP-SNS-STAIOTCFT 1.0.0
2025-09-29 09:49:52,503 [INFO] ThirdParty:1030 - CMSIS Pack Vendor :STMicroelectronics ThreadX 1.0.0
2025-09-29 09:49:52,503 [INFO] ThirdParty:1030 - CMSIS Pack Vendor :STMicroelectronics FP-SNS-SMARTAG2 1.2.0
2025-09-29 09:49:52,503 [INFO] ThirdParty:1030 - CMSIS Pack Vendor :STMicroelectronics FP-SNS-FLIGHT1 5.1.0
2025-09-29 09:49:52,503 [INFO] ThirdParty:1030 - CMSIS Pack Vendor :STMicroelectronics X-CUBE-AZRTOS-WL 2.0.0
2025-09-29 09:49:52,503 [INFO] ThirdParty:1030 - CMSIS Pack Vendor :SEGGER I-CUBE-embOS 1.3.1
2025-09-29 09:49:52,503 [INFO] ThirdParty:1030 - CMSIS Pack Vendor :STMicroelectronics X-CUBE-ALGOBUILD 1.4.0
2025-09-29 09:49:52,503 [INFO] ThirdParty:1030 - CMSIS Pack Vendor :STMicroelectronics X-CUBE-DPower 1.3.0
2025-09-29 09:49:52,503 [INFO] ThirdParty:1030 - CMSIS Pack Vendor :STMicroelectronics X-CUBE-MEMS1 11.3.0
2025-09-29 09:49:52,503 [INFO] ThirdParty:1030 - CMSIS Pack Vendor :STMicroelectronics FP-SNS-MOTENV1 5.0.0
2025-09-29 09:49:52,503 [INFO] ThirdParty:1030 - CMSIS Pack Vendor :STMicroelectronics USB_DEVICE 1.0.0
2025-09-29 09:49:52,503 [INFO] ThirdParty:1030 - CMSIS Pack Vendor :STMicroelectronics X-CUBE-AZRTOS-L4 2.0.0
2025-09-29 09:49:52,503 [INFO] ThirdParty:1030 - CMSIS Pack Vendor :STMicroelectronics ThreadX 0.0.2
2025-09-29 09:49:52,503 [INFO] ThirdParty:1030 - CMSIS Pack Vendor :STMicroelectronics lwIP 2.1.2
2025-09-29 09:49:52,503 [INFO] ThirdParty:1030 - CMSIS Pack Vendor :STMicroelectronics X-CUBE-SFXS2LP1 4.0.0
2025-09-29 09:49:52,503 [INFO] ThirdParty:1030 - CMSIS Pack Vendor :STMicroelectronics X-CUBE-BLE2 3.3.0
2025-09-29 09:49:52,503 [INFO] ThirdParty:1030 - CMSIS Pack Vendor :STMicroelectronics X-CUBE-TOF1 3.4.3
2025-09-29 09:49:52,503 [INFO] ThirdParty:1030 - CMSIS Pack Vendor :STMicroelectronics PDM2PCM 3.2.0
2025-09-29 09:49:52,503 [INFO] ThirdParty:841 - exiting critical section [change project]
2025-09-29 09:49:52,825 [INFO] PinOutPanel:1589 - setPackage(No Configuration,No Configuration)
2025-09-29 09:49:52,826 [INFO] PinOutPanel:1589 - setPackage(STM32L476RGTx,LQFP64)
2025-09-29 09:49:53,312 [INFO] UtilMem:75 - Before build in PCC Used Memory: 678793360 Bytes (943718400)
2025-09-29 09:49:53,886 [INFO] UtilMem:75 - After build in PCC Used Memory: 781878776 Bytes (943718400)
2025-09-29 09:49:53,911 [INFO] IPUIPlugin:80 - create IPUIPlugin
2025-09-29 09:49:53,911 [INFO] IPUIPlugin:80 - create IPUIPlugin
2025-09-29 09:49:53,911 [INFO] IPUIPlugin:80 - create IPUIPlugin
2025-09-29 09:49:53,911 [INFO] IPUIPlugin:80 - create IPUIPlugin
2025-09-29 09:49:53,911 [INFO] IPUIPlugin:80 - create IPUIPlugin
2025-09-29 09:49:53,911 [INFO] IPUIPlugin:80 - create IPUIPlugin
2025-09-29 09:49:53,911 [INFO] IPUIPlugin:80 - create IPUIPlugin
2025-09-29 09:49:53,911 [INFO] IPUIPlugin:80 - create IPUIPlugin
2025-09-29 09:49:53,911 [INFO] IPUIPlugin:80 - create IPUIPlugin
2025-09-29 09:49:53,911 [INFO] IPUIPlugin:80 - create IPUIPlugin
2025-09-29 09:49:53,911 [INFO] IPUIPlugin:80 - create IPUIPlugin
2025-09-29 09:49:53,911 [INFO] IPUIPlugin:80 - create IPUIPlugin
2025-09-29 09:49:53,911 [INFO] IPUIPlugin:80 - create IPUIPlugin
2025-09-29 09:49:53,911 [INFO] IPUIPlugin:80 - create IPUIPlugin
2025-09-29 09:49:53,911 [INFO] IPUIPlugin:80 - create IPUIPlugin
2025-09-29 09:49:53,912 [INFO] IPUIPlugin:80 - create IPUIPlugin
2025-09-29 09:49:53,912 [INFO] IPUIPlugin:80 - create IPUIPlugin
2025-09-29 09:49:53,912 [INFO] IPUIPlugin:80 - create IPUIPlugin
2025-09-29 09:49:53,912 [INFO] IPUIPlugin:80 - create IPUIPlugin
2025-09-29 09:49:53,912 [INFO] IPUIPlugin:80 - create IPUIPlugin
2025-09-29 09:49:53,912 [INFO] IPUIPlugin:80 - create IPUIPlugin
2025-09-29 09:49:53,912 [INFO] IPUIPlugin:80 - create IPUIPlugin
2025-09-29 09:49:53,912 [INFO] IPUIPlugin:80 - create IPUIPlugin
2025-09-29 09:49:53,912 [INFO] IPUIPlugin:80 - create IPUIPlugin
2025-09-29 09:49:53,913 [INFO] IPUIPlugin:80 - create IPUIPlugin
2025-09-29 09:49:53,913 [INFO] IPUIPlugin:80 - create IPUIPlugin
2025-09-29 09:49:53,913 [INFO] IPUIPlugin:80 - create IPUIPlugin
2025-09-29 09:49:53,913 [INFO] IPUIPlugin:80 - create IPUIPlugin
2025-09-29 09:49:53,913 [INFO] IPUIPlugin:80 - create IPUIPlugin
2025-09-29 09:49:53,913 [INFO] IPUIPlugin:80 - create IPUIPlugin
2025-09-29 09:49:53,913 [INFO] IPUIPlugin:80 - create IPUIPlugin
2025-09-29 09:49:53,914 [INFO] IPUIPlugin:80 - create IPUIPlugin
2025-09-29 09:49:53,914 [INFO] IPUIPlugin:80 - create IPUIPlugin
2025-09-29 09:49:53,914 [INFO] IPUIPlugin:80 - create IPUIPlugin
2025-09-29 09:49:53,914 [INFO] IPUIPlugin:80 - create IPUIPlugin
2025-09-29 09:49:53,914 [INFO] IPUIPlugin:80 - create IPUIPlugin
2025-09-29 09:49:53,914 [INFO] IPUIPlugin:80 - create IPUIPlugin
2025-09-29 09:49:53,914 [INFO] IPUIPlugin:80 - create IPUIPlugin
2025-09-29 09:49:53,914 [INFO] IPUIPlugin:80 - create IPUIPlugin
2025-09-29 09:49:53,915 [INFO] IPUIPlugin:80 - create IPUIPlugin
2025-09-29 09:49:53,915 [INFO] IPUIPlugin:80 - create IPUIPlugin
2025-09-29 09:49:53,915 [INFO] IPUIPlugin:80 - create IPUIPlugin
2025-09-29 09:49:53,915 [INFO] IPUIPlugin:80 - create IPUIPlugin
2025-09-29 09:49:53,915 [INFO] IPUIPlugin:80 - create IPUIPlugin
2025-09-29 09:49:53,915 [INFO] IPUIPlugin:80 - create IPUIPlugin
2025-09-29 09:49:53,915 [INFO] IPUIPlugin:80 - create IPUIPlugin
2025-09-29 09:49:53,916 [INFO] IPUIPlugin:80 - create IPUIPlugin
2025-09-29 09:49:53,916 [INFO] IPUIPlugin:80 - create IPUIPlugin
2025-09-29 09:49:53,916 [INFO] IPUIPlugin:80 - create IPUIPlugin
2025-09-29 09:49:53,916 [INFO] IPUIPlugin:80 - create IPUIPlugin
2025-09-29 09:49:53,916 [INFO] IPUIPlugin:80 - create IPUIPlugin
2025-09-29 09:49:53,917 [INFO] IPUIPlugin:80 - create IPUIPlugin
2025-09-29 09:49:53,917 [INFO] IPUIPlugin:80 - create IPUIPlugin
2025-09-29 09:49:53,917 [INFO] IPUIPlugin:80 - create IPUIPlugin
2025-09-29 09:49:53,917 [INFO] IPUIPlugin:80 - create IPUIPlugin
2025-09-29 09:49:53,917 [INFO] IPUIPlugin:80 - create IPUIPlugin
2025-09-29 09:49:53,919 [INFO] IPUIPlugin:80 - create IPUIPlugin
2025-09-29 09:49:53,919 [INFO] IPUIPlugin:80 - create IPUIPlugin
2025-09-29 09:49:53,919 [INFO] IPUIPlugin:80 - create IPUIPlugin
2025-09-29 09:49:54,073 [INFO] CADModel:165 - CPN selected for project levelSTM32L476RGT3
2025-09-29 09:49:54,073 [INFO] CADModel:114 - Register for checkConnection events
2025-09-29 09:49:54,110 [INFO] OpenFileManager:386 - Restore cursor
2025-09-29 09:49:54,655 [INFO] UtilMem:75 - End SaveConfig() Used Memory: 588144728 Bytes (943718400)
2025-09-29 09:49:54,702 [INFO] UtilMem:75 - End SaveConfig() Used Memory: 611965296 Bytes (943718400)
2025-09-29 09:49:54,973 [INFO] BlockDiagram:2775 - set Specific Code input for plugin: SYS
2025-09-29 09:49:54,973 [INFO] BlockDiagram:2775 - set Specific Code input for plugin: RCC
2025-09-29 09:49:54,973 [INFO] BlockDiagram:2775 - set Specific Code input for plugin: NVIC
2025-09-29 09:49:54,973 [INFO] BlockDiagram:2775 - set Specific Code input for plugin: USART
2025-09-29 09:49:54,974 [INFO] BlockDiagram:2775 - set Specific Code input for plugin: GPIO
2025-09-29 09:49:54,974 [INFO] CodeGenerator:892 - code generatio: config db path: C:\ST\STM32CubeIDE_1.19.0\STM32CubeIDE\plugins\com.st.stm32cube.common.mx_6.15.0.202507011659\\db\
2025-09-29 09:49:55,119 [INFO] CodeEngine:265 - oldGeneratedFile, D:\STM32\Lab\13-multiple-external-interrupts\MXTmpFiles\license.tmp_save
2025-09-29 09:49:55,393 [INFO] CodeEngine:289 - Generated code: D:\STM32\Lab\13-multiple-external-interrupts\MXTmpFiles\license.tmp
2025-09-29 09:49:55,476 [INFO] CodeEngine:265 - oldGeneratedFile, D:\STM32\Lab\13-multiple-external-interrupts\MXTmpFiles\gpio.tmp_save
2025-09-29 09:49:55,590 [INFO] CodeEngine:289 - Generated code: D:\STM32\Lab\13-multiple-external-interrupts\MXTmpFiles\gpio.tmp
2025-09-29 09:49:55,757 [INFO] CodeEngine:265 - oldGeneratedFile, D:\STM32\Lab\13-multiple-external-interrupts\Core\Src\stm32l4xx_it.c_save
2025-09-29 09:49:55,895 [INFO] CodeEngine:289 - Generated code: D:\STM32\Lab\13-multiple-external-interrupts\Core\Src\stm32l4xx_it.c
2025-09-29 09:49:55,901 [INFO] CodeEngine:265 - oldGeneratedFile, D:\STM32\Lab\13-multiple-external-interrupts\Core\Inc\stm32l4xx_it.h_save
2025-09-29 09:49:55,971 [INFO] CodeEngine:289 - Generated code: D:\STM32\Lab\13-multiple-external-interrupts\Core\Inc\stm32l4xx_it.h
2025-09-29 09:49:55,987 [INFO] CodeEngine:265 - oldGeneratedFile, D:\STM32\Lab\13-multiple-external-interrupts\Core\Src\stm32l4xx_hal_msp.c_save
2025-09-29 09:49:56,105 [INFO] CodeEngine:289 - Generated code: D:\STM32\Lab\13-multiple-external-interrupts\Core\Src\stm32l4xx_hal_msp.c
2025-09-29 09:49:56,109 [INFO] CodeEngine:265 - oldGeneratedFile, D:\STM32\Lab\13-multiple-external-interrupts\MXTmpFiles\system.tmp_save
2025-09-29 09:49:56,162 [INFO] CodeEngine:289 - Generated code: D:\STM32\Lab\13-multiple-external-interrupts\MXTmpFiles\system.tmp
2025-09-29 09:49:56,170 [INFO] CodeEngine:321 - oldGeneratedFile, D:\STM32\Lab\13-multiple-external-interrupts\Core\Inc\stm32l4xx_hal_conf.h_save
2025-09-29 09:49:56,222 [INFO] CodeEngine:345 - Generated code: D:\STM32\Lab\13-multiple-external-interrupts\Core\Inc\stm32l4xx_hal_conf.h
2025-09-29 09:49:56,292 [INFO] ApiDbMcu:532 - Load IP Config File for USART2
2025-09-29 09:49:56,296 [INFO] ApiDbMcu:532 - Load IP Config File for RCC
2025-09-29 09:49:56,306 [INFO] CodeEngine:265 - oldGeneratedFile, D:\STM32\Lab\13-multiple-external-interrupts\Core\Inc\main.h_save
2025-09-29 09:49:56,383 [INFO] CodeEngine:289 - Generated code: D:\STM32\Lab\13-multiple-external-interrupts\Core\Inc\main.h
2025-09-29 09:49:56,388 [INFO] CodeEngine:265 - oldGeneratedFile, D:\STM32\Lab\13-multiple-external-interrupts\Core\Src\main.c_save
2025-09-29 09:49:56,499 [INFO] CodeEngine:289 - Generated code: D:\STM32\Lab\13-multiple-external-interrupts\Core\Src\main.c
2025-09-29 09:49:57,218 [INFO] ProjectBuilder:3606 - Time for Copy HAL[1] : 423mS.
2025-09-29 09:49:57,223 [INFO] ProjectBuilder:5216 - Project Generator version: 4.7.0-B52
2025-09-29 09:49:57,292 [INFO] ConfigFileManager:1595 - The Die is : DIE415
2025-09-29 09:49:57,303 [INFO] ApiDbMcu:532 - Load IP Config File for FATFS
2025-09-29 09:49:57,307 [INFO] ApiDbMcu:532 - Load IP Config File for FREERTOS
2025-09-29 09:49:57,318 [INFO] ApiDbMcu:532 - Load IP Config File for TOUCHSENSING
2025-09-29 09:49:57,327 [INFO] ApiDbMcu:532 - Load IP Config File for USB_DEVICE
2025-09-29 09:49:57,331 [INFO] ApiDbMcu:532 - Load IP Config File for USB_HOST
2025-09-29 09:49:57,685 [INFO] LogOutputStream:77 - [STDOUT_REDIRECT] 
2025-09-29 09:49:59,898 [INFO] ProjectBuilder:5496 - Time for Generating toolchain IDE Files: 2675mS.
2025-09-29 09:49:59,899 [INFO] ProjectBuilder:3463 - Time for Copy CMSIS : 1mS.
2025-09-29 09:49:59,902 [INFO] ProjectBuilder:3463 - Time for Copy CMSIS : 0mS.
2025-09-29 09:50:00,600 [INFO] McuFinderGlobals:76 - Set McuFinderConnectedMode to true
2025-09-29 09:50:00,604 [INFO] ApiDb:448 - Save user favorites file C:\Users\user/.stm32cubeide/favorites.mcus.txt: 0 item(s)
2025-09-29 09:50:00,604 [INFO] ApiDb:452 - User favorites MCUs=[]
2025-09-29 09:50:00,607 [INFO] ApiDb:448 - Save user favorites file C:\Users\user/.stm32cubeide/favorites.boards.txt: 1 item(s)
2025-09-29 09:50:00,607 [INFO] ApiDb:452 - User favorites Boards=[NUCLEO-L476RG]
2025-09-29 10:24:29,249 [INFO] Gpio:278 - dependency for GPIO [RCC, USART2]
2025-09-29 10:25:50,683 [INFO] Gpio:278 - dependency for GPIO [RCC, USART2]
2025-09-29 10:26:15,341 [INFO] Gpio:278 - dependency for GPIO [RCC, USART2]
2025-09-29 10:29:57,376 [INFO] UtilMem:75 - End SaveConfig() Used Memory: 546530640 Bytes (856686592)
2025-09-29 10:29:59,684 [INFO] UtilMem:75 - End SaveConfig() Used Memory: 663904392 Bytes (856686592)
2025-09-29 10:30:00,071 [INFO] BlockDiagram:2775 - set Specific Code input for plugin: SYS
2025-09-29 10:30:00,071 [INFO] BlockDiagram:2775 - set Specific Code input for plugin: RCC
2025-09-29 10:30:00,071 [INFO] BlockDiagram:2775 - set Specific Code input for plugin: NVIC
2025-09-29 10:30:00,071 [INFO] BlockDiagram:2775 - set Specific Code input for plugin: USART
2025-09-29 10:30:00,071 [INFO] BlockDiagram:2775 - set Specific Code input for plugin: GPIO
2025-09-29 10:30:00,072 [INFO] CodeGenerator:892 - code generatio: config db path: C:\ST\STM32CubeIDE_1.19.0\STM32CubeIDE\plugins\com.st.stm32cube.common.mx_6.15.0.202507011659\\db\
2025-09-29 10:30:00,164 [INFO] CodeEngine:265 - oldGeneratedFile, D:\STM32\Lab\13-multiple-external-interrupts\MXTmpFiles\license.tmp_save
2025-09-29 10:30:00,318 [INFO] CodeEngine:289 - Generated code: D:\STM32\Lab\13-multiple-external-interrupts\MXTmpFiles\license.tmp
2025-09-29 10:30:00,364 [INFO] CodeEngine:265 - oldGeneratedFile, D:\STM32\Lab\13-multiple-external-interrupts\MXTmpFiles\gpio.tmp_save
2025-09-29 10:30:00,449 [INFO] CodeEngine:289 - Generated code: D:\STM32\Lab\13-multiple-external-interrupts\MXTmpFiles\gpio.tmp
2025-09-29 10:30:00,537 [INFO] CodeEngine:265 - oldGeneratedFile, D:\STM32\Lab\13-multiple-external-interrupts\Core\Src\stm32l4xx_it.c_save
2025-09-29 10:30:00,697 [INFO] CodeEngine:289 - Generated code: D:\STM32\Lab\13-multiple-external-interrupts\Core\Src\stm32l4xx_it.c
2025-09-29 10:30:00,701 [INFO] CodeEngine:265 - oldGeneratedFile, D:\STM32\Lab\13-multiple-external-interrupts\Core\Inc\stm32l4xx_it.h_save
2025-09-29 10:30:00,755 [INFO] CodeEngine:289 - Generated code: D:\STM32\Lab\13-multiple-external-interrupts\Core\Inc\stm32l4xx_it.h
2025-09-29 10:30:00,766 [INFO] CodeEngine:265 - oldGeneratedFile, D:\STM32\Lab\13-multiple-external-interrupts\Core\Src\stm32l4xx_hal_msp.c_save
2025-09-29 10:30:00,855 [INFO] CodeEngine:289 - Generated code: D:\STM32\Lab\13-multiple-external-interrupts\Core\Src\stm32l4xx_hal_msp.c
2025-09-29 10:30:00,860 [INFO] CodeEngine:265 - oldGeneratedFile, D:\STM32\Lab\13-multiple-external-interrupts\MXTmpFiles\system.tmp_save
2025-09-29 10:30:00,906 [INFO] CodeEngine:289 - Generated code: D:\STM32\Lab\13-multiple-external-interrupts\MXTmpFiles\system.tmp
2025-09-29 10:30:00,915 [INFO] CodeEngine:321 - oldGeneratedFile, D:\STM32\Lab\13-multiple-external-interrupts\Core\Inc\stm32l4xx_hal_conf.h_save
2025-09-29 10:30:00,966 [INFO] CodeEngine:345 - Generated code: D:\STM32\Lab\13-multiple-external-interrupts\Core\Inc\stm32l4xx_hal_conf.h
2025-09-29 10:30:00,991 [INFO] CodeEngine:265 - oldGeneratedFile, D:\STM32\Lab\13-multiple-external-interrupts\Core\Inc\main.h_save
2025-09-29 10:30:01,072 [INFO] CodeEngine:289 - Generated code: D:\STM32\Lab\13-multiple-external-interrupts\Core\Inc\main.h
2025-09-29 10:30:01,076 [INFO] CodeEngine:265 - oldGeneratedFile, D:\STM32\Lab\13-multiple-external-interrupts\Core\Src\main.c_save
2025-09-29 10:30:01,161 [INFO] CodeEngine:289 - Generated code: D:\STM32\Lab\13-multiple-external-interrupts\Core\Src\main.c
2025-09-29 10:30:01,439 [INFO] ProjectBuilder:3606 - Time for Copy HAL[1] : 129mS.
2025-09-29 10:30:01,442 [INFO] ProjectBuilder:5216 - Project Generator version: 4.7.0-B52
2025-09-29 10:30:01,510 [INFO] ConfigFileManager:1595 - The Die is : DIE415
2025-09-29 10:30:02,204 [INFO] ProjectBuilder:5496 - Time for Generating toolchain IDE Files: 762mS.
2025-09-29 10:30:02,204 [INFO] ProjectBuilder:3463 - Time for Copy CMSIS : 0mS.
2025-09-29 10:30:02,206 [INFO] ProjectBuilder:3463 - Time for Copy CMSIS : 0mS.
2025-09-29 10:50:25,966 [INFO] Gpio:278 - dependency for GPIO [RCC, USART2]
2025-09-29 11:15:24,610 [INFO] MainUpdater:2872 - connection check result : 10
2025-09-29 11:15:24,610 [INFO] MainUpdater:2872 - connection check result : 10
2025-09-29 11:15:24,671 [INFO] MicroXplorer:468 - Change Database Path : 
2025-09-29 11:15:24,671 [INFO] MicroXplorer:498 - Change Database Version : DB.6.0.150
2025-09-29 11:15:24,707 [ERROR] ProjectManagerView:395 - 
java.lang.NullPointerException: Cannot invoke "javax.swing.JTextField.getText()" because the return value of "java.util.List.get(int)" is null
	at com.st.microxplorer.plugins.projectmanager.gui.ProjectChoiceTab$9.caretUpdate(ProjectChoiceTab.java:2706) ~[filemanager.jar:?]
	at javax.swing.text.JTextComponent.fireCaretUpdate(JTextComponent.java:408) ~[?:?]
	at javax.swing.text.JTextComponent$MutableCaretEvent.fire(JTextComponent.java:4484) ~[?:?]
	at javax.swing.text.JTextComponent$MutableCaretEvent.stateChanged(JTextComponent.java:4506) ~[?:?]
	at javax.swing.text.DefaultCaret.fireStateChanged(DefaultCaret.java:857) ~[?:?]
	at javax.swing.text.DefaultCaret.changeCaretPosition(DefaultCaret.java:1343) ~[?:?]
	at javax.swing.text.DefaultCaret.handleSetDot(DefaultCaret.java:1242) ~[?:?]
	at javax.swing.text.DefaultCaret.setDot(DefaultCaret.java:1223) ~[?:?]
	at javax.swing.text.DefaultCaret$Handler.insertUpdate(DefaultCaret.java:1819) ~[?:?]
	at javax.swing.text.AbstractDocument.fireInsertUpdate(AbstractDocument.java:227) ~[?:?]
	at javax.swing.text.AbstractDocument.handleInsertString(AbstractDocument.java:781) ~[?:?]
	at javax.swing.text.AbstractDocument.insertString(AbstractDocument.java:740) ~[?:?]
	at javax.swing.text.PlainDocument.insertString(PlainDocument.java:131) ~[?:?]
	at javax.swing.text.AbstractDocument.replace(AbstractDocument.java:699) ~[?:?]
	at javax.swing.text.JTextComponent.setText(JTextComponent.java:1725) ~[?:?]
	at com.st.microxplorer.plugins.projectmanager.gui.ProjectChoiceTab.createHeapStackFields(ProjectChoiceTab.java:993) ~[filemanager.jar:?]
	at com.st.microxplorer.plugins.projectmanager.gui.ProjectChoiceTab.buildLinkSettingsPanel(ProjectChoiceTab.java:3813) ~[filemanager.jar:?]
	at com.st.microxplorer.plugins.projectmanager.gui.ProjectChoiceTab.defineWindowsFields(ProjectChoiceTab.java:1987) ~[filemanager.jar:?]
	at com.st.microxplorer.plugins.projectmanager.gui.ProjectChoiceTab.updateSettings(ProjectChoiceTab.java:558) ~[filemanager.jar:?]
	at com.st.microxplorer.plugins.projectmanager.gui.ProjectSettingsPanel.UpdateDialog(ProjectSettingsPanel.java:247) ~[filemanager.jar:?]
	at com.st.microxplorer.plugins.projectmanager.ProjectManagerView.propertyChange(ProjectManagerView.java:392) ~[filemanager.jar:?]
	at java.beans.PropertyChangeSupport.fire(PropertyChangeSupport.java:343) ~[?:?]
	at java.beans.PropertyChangeSupport.firePropertyChange(PropertyChangeSupport.java:335) ~[?:?]
	at java.beans.PropertyChangeSupport.firePropertyChange(PropertyChangeSupport.java:268) ~[?:?]
	at com.st.microxplorer.util.MXPropertyChangeSupport.firePropertyChange(MXPropertyChangeSupport.java:54) ~[STM32CubeMX.jar:?]
	at com.st.microxplorer.mxsystem.MxSystem.closeConfig(MxSystem.java:899) ~[STM32CubeMX.jar:?]
	at com.st.microxplorer.maingui.MainPanel.closeConfig(MainPanel.java:792) ~[STM32CubeMX.jar:?]
	at com.st.microxplorer.plugins.filemanager.engine.OpenFileManager.loadConfigurationFile(OpenFileManager.java:288) ~[filemanager.jar:?]
	at com.st.microxplorer.plugins.filemanager.engine.MainFileManager.userLoadConfig(MainFileManager.java:364) ~[filemanager.jar:?]
	at com.st.microxplorer.plugins.filemanager.engine.MainFileManager.userLoadConfig(MainFileManager.java:342) ~[filemanager.jar:?]
	at com.st.microxplorer.plugins.filemanager.FileManagerView.getSpecificTask(FileManagerView.java:264) ~[filemanager.jar:?]
	at com.st.stm32cube.common.mx.editor.CubeMxEditor.getMxTabbedPaneInstance(CubeMxEditor.java:1198) ~[com.st.stm32cube.common.mx_6.15.0.202507011659/:?]
	at com.st.stm32cube.common.mx.editor.CubeMxEditor$12$1.createSwingComponent(CubeMxEditor.java:1068) ~[com.st.stm32cube.common.mx_6.15.0.202507011659/:?]
	at com.st.stm32cube.common.mx.oss.core.awtswtbridge.EmbeddedSwingComposite.doComponentCreation(EmbeddedSwingComposite.java:492) ~[com.st.stm32cube.common.mx.oss_6.15.0.202507011659/:?]
	at com.st.stm32cube.common.mx.oss.core.awtswtbridge.EmbeddedSwingComposite$4.run(EmbeddedSwingComposite.java:291) ~[com.st.stm32cube.common.mx.oss_6.15.0.202507011659/:?]
	at com.st.stm32cube.common.mx.oss.core.awtswtbridge.AwtEnvironment$2.run(AwtEnvironment.java:166) ~[com.st.stm32cube.common.mx.oss_6.15.0.202507011659/:?]
	at java.awt.event.InvocationEvent.dispatch(InvocationEvent.java:318) ~[?:?]
	at java.awt.EventQueue.dispatchEventImpl(EventQueue.java:773) ~[?:?]
	at java.awt.EventQueue$4.run(EventQueue.java:720) ~[?:?]
	at java.awt.EventQueue$4.run(EventQueue.java:714) ~[?:?]
	at java.security.AccessController.doPrivileged(AccessController.java:400) ~[?:?]
	at java.security.ProtectionDomain$JavaSecurityAccessImpl.doIntersectionPrivilege(ProtectionDomain.java:87) ~[?:?]
	at java.awt.EventQueue.dispatchEvent(EventQueue.java:742) ~[?:?]
	at java.awt.EventDispatchThread.pumpOneEventForFilters(EventDispatchThread.java:203) ~[?:?]
	at java.awt.EventDispatchThread.pumpEventsForFilter(EventDispatchThread.java:124) ~[?:?]
	at java.awt.EventDispatchThread.pumpEventsForHierarchy(EventDispatchThread.java:113) ~[?:?]
	at java.awt.EventDispatchThread.pumpEvents(EventDispatchThread.java:109) ~[?:?]
	at java.awt.EventDispatchThread.pumpEvents(EventDispatchThread.java:101) ~[?:?]
	at java.awt.EventDispatchThread.run(EventDispatchThread.java:90) ~[?:?]
2025-09-29 11:15:24,718 [WARN] ThirdParty:871 - waiting for thirdparty lock release [close project]
2025-09-29 11:15:24,718 [INFO] ThirdParty:873 - entering critical section [close project]
2025-09-29 11:15:24,718 [INFO] ThirdParty:883 - exiting critical section [close project]
2025-09-29 11:15:24,720 [INFO] PinOutPanel:1589 - setPackage(No Configuration,No Configuration)
2025-09-29 11:15:24,728 [INFO] UtilMem:75 - Begin LoadConfig() Used Memory: 779827016 Bytes (856686592)
2025-09-29 11:15:24,729 [INFO] MicroXplorer:468 - Change Database Path : 
2025-09-29 11:15:24,730 [INFO] MicroXplorer:498 - Change Database Version : DB.6.0.150
2025-09-29 11:15:24,730 [INFO] OpenFileManager:355 - Change cursor
2025-09-29 11:15:24,763 [INFO] RulesReader:64 - Compatibility file has been processed (317 Rules)
2025-09-29 11:15:24,769 [INFO] Mcu:2029 - Initializing MCU STM32L476R(C-E-G)Tx STM32L476RGTx STM32L476RGT3
2025-09-29 11:15:26,038 [INFO] Context:786 - Trying to add GPIOservice into a context  which must be forbidden
2025-09-29 11:15:26,654 [INFO] ImportTextPane:234 - (OptionalMessage_ERROR) Pin13 (VP_RIF_VS_RIF1) cannot be retrieved for this MCU
2025-09-29 11:15:26,694 [INFO] RtosManager:558 - Registered RTOS mode: class=CMSIS, group=RTOS, mode=CMSIS_V1, owner=FREERTOS
2025-09-29 11:15:26,694 [INFO] RtosManager:558 - Registered RTOS mode: class=CMSIS, group=RTOS2, mode=CMSIS_V2, owner=FREERTOS
2025-09-29 11:15:26,694 [INFO] RtosManager:558 - Registered RTOS mode: class=RTOS, group=Core, mode=CMSIS_V1, owner=FREERTOS
2025-09-29 11:15:26,694 [INFO] RtosManager:558 - Registered RTOS mode: class=RTOS, group=Core, mode=CMSIS_V2, owner=FREERTOS
2025-09-29 11:15:26,694 [WARN] ModelIntegratedComponent:184 - Missing modes for component STMicroelectronics:FreeRTOS:0.0.1:STMicroelectronics:RTOS:FreeRTOS:Core:::10.2.0:
2025-09-29 11:15:26,718 [WARN] ModelIntegratedComponent:63 - No mode defined for component null
2025-09-29 11:15:26,718 [WARN] ModelIntegratedComponent:63 - No mode defined for component null
2025-09-29 11:15:26,718 [WARN] ModelIntegratedComponent:63 - No mode defined for component null
2025-09-29 11:15:26,718 [WARN] ModelIntegratedComponent:63 - No mode defined for component null
2025-09-29 11:15:26,718 [WARN] ModelIntegratedComponent:63 - No mode defined for component null
2025-09-29 11:15:26,718 [WARN] ModelIntegratedComponent:63 - No mode defined for component null
2025-09-29 11:15:26,718 [WARN] ModelIntegratedComponent:63 - No mode defined for component null
2025-09-29 11:15:26,718 [WARN] ModelIntegratedComponent:63 - No mode defined for component null
2025-09-29 11:15:26,720 [WARN] ModelIntegratedComponent:63 - No mode defined for component null
2025-09-29 11:15:26,720 [WARN] ModelIntegratedComponent:63 - No mode defined for component null
2025-09-29 11:15:26,720 [WARN] ModelIntegratedComponent:63 - No mode defined for component null
2025-09-29 11:15:26,720 [WARN] ModelIntegratedComponent:63 - No mode defined for component null
2025-09-29 11:15:26,720 [WARN] ModelIntegratedComponent:63 - No mode defined for component null
2025-09-29 11:15:26,720 [WARN] ModelIntegratedComponent:63 - No mode defined for component null
2025-09-29 11:15:26,720 [WARN] ModelIntegratedComponent:63 - No mode defined for component null
2025-09-29 11:15:26,720 [WARN] ModelIntegratedComponent:63 - No mode defined for component null
2025-09-29 11:15:26,720 [WARN] ModelIntegratedComponent:63 - No mode defined for component null
2025-09-29 11:15:26,720 [WARN] ModelIntegratedComponent:63 - No mode defined for component null
2025-09-29 11:15:26,720 [WARN] ModelIntegratedComponent:63 - No mode defined for component null
2025-09-29 11:15:26,720 [WARN] ModelIntegratedComponent:63 - No mode defined for component null
2025-09-29 11:15:26,720 [WARN] ModelIntegratedComponent:63 - No mode defined for component null
2025-09-29 11:15:26,720 [WARN] ModelIntegratedComponent:63 - No mode defined for component null
2025-09-29 11:15:26,720 [WARN] ModelIntegratedComponent:63 - No mode defined for component null
2025-09-29 11:15:26,720 [WARN] ModelIntegratedComponent:63 - No mode defined for component null
2025-09-29 11:15:26,720 [WARN] ModelIntegratedComponent:63 - No mode defined for component null
2025-09-29 11:15:26,721 [WARN] ModelIntegratedComponent:63 - No mode defined for component null
2025-09-29 11:15:26,721 [WARN] ModelIntegratedComponent:63 - No mode defined for component null
2025-09-29 11:15:26,721 [WARN] ModelIntegratedComponent:63 - No mode defined for component null
2025-09-29 11:15:26,721 [WARN] ModelIntegratedComponent:63 - No mode defined for component null
2025-09-29 11:15:26,721 [WARN] ModelIntegratedComponent:63 - No mode defined for component null
2025-09-29 11:15:26,721 [WARN] ModelIntegratedComponent:63 - No mode defined for component null
2025-09-29 11:15:26,721 [WARN] ModelIntegratedComponent:63 - No mode defined for component null
2025-09-29 11:15:26,721 [WARN] ModelIntegratedComponent:63 - No mode defined for component null
2025-09-29 11:15:26,721 [WARN] ModelIntegratedComponent:63 - No mode defined for component null
2025-09-29 11:15:26,721 [WARN] ModelIntegratedComponent:63 - No mode defined for component null
2025-09-29 11:15:26,721 [WARN] ModelPack:524 - Component already loaded: STMicroelectronics:HAL Drivers:0.0.0:STMicroelectronics:Device:STMicro_Driver:XSPI:HAL::0.0.1:HAL_XSPI
2025-09-29 11:15:26,798 [INFO] ThirdPartyModel:298 - Start build external matchings
2025-09-29 11:15:27,204 [INFO] ThirdPartyModel:316 - End build external matchings
2025-09-29 11:15:27,216 [INFO] ImportTextPane:234 - (OptionalMessage_ERROR) IP (RCC) : Invalid parameter (FamilyName)
2025-09-29 11:15:27,218 [INFO] ImportTextPane:234 - (OptionalMessage_ERROR) IP (RCC) : Parameter (RNGFreq_Value) has invalid value (64000000)
2025-09-29 11:15:27,219 [INFO] ImportTextPane:234 - (OptionalMessage_ERROR) IP (RCC) : Parameter (SDMMCFreq_Value) has invalid value (64000000)
2025-09-29 11:15:27,219 [INFO] ImportTextPane:234 - (OptionalMessage_ERROR) IP (RCC) : Parameter (USBFreq_Value) has invalid value (64000000)
2025-09-29 11:15:27,476 [INFO] UtilMem:75 - End LoadConfig() Used Memory: 693628968 Bytes (856686592)
2025-09-29 11:15:27,497 [WARN] ThirdParty:833 - waiting for thirdparty lock release [change project]
2025-09-29 11:15:27,497 [INFO] ThirdParty:835 - entering critical section [change project]
2025-09-29 11:15:27,497 [INFO] ThirdParty:1030 - CMSIS Pack Vendor :STMicroelectronics X-CUBE-PM33A1 1.0.0
2025-09-29 11:15:27,497 [INFO] ThirdParty:1030 - CMSIS Pack Vendor :STMicroelectronics USBPD 4.1
2025-09-29 11:15:27,497 [INFO] ThirdParty:1030 - CMSIS Pack Vendor :STMicroelectronics X-CUBE-NFC9 1.0.0
2025-09-29 11:15:27,497 [INFO] ThirdParty:1030 - CMSIS Pack Vendor :STMicroelectronics USB_HOST 2.0.0
2025-09-29 11:15:27,497 [INFO] ThirdParty:1030 - CMSIS Pack Vendor :STMicroelectronics FP-SNS-MOTENVWB1 1.4.0
2025-09-29 11:15:27,497 [INFO] ThirdParty:1030 - CMSIS Pack Vendor :STMicroelectronics X-CUBE-AZRTOS-F4 1.1.0
2025-09-29 11:15:27,497 [INFO] ThirdParty:1030 - CMSIS Pack Vendor :STMicroelectronics LIBJPEG 8.0.0
2025-09-29 11:15:27,497 [INFO] ThirdParty:1030 - CMSIS Pack Vendor :STMicroelectronics FP-ATR-ASTRA1 2.0.2
2025-09-29 11:15:27,497 [INFO] ThirdParty:1030 - CMSIS Pack Vendor :wolfSSL I-CUBE-wolfSSL 5.8.2
2025-09-29 11:15:27,497 [INFO] ThirdParty:1030 - CMSIS Pack Vendor :STMicroelectronics X-CUBE-BLE1 7.1.0
2025-09-29 11:15:27,497 [INFO] ThirdParty:1030 - CMSIS Pack Vendor :Avnet-IotConnect X-CUBE-IoTC-DA16k-PMOD 1.0.0
2025-09-29 11:15:27,498 [INFO] ThirdParty:1030 - CMSIS Pack Vendor :STMicroelectronics X-CUBE-SMBUS 2.1.0
2025-09-29 11:15:27,498 [INFO] ThirdParty:1030 - CMSIS Pack Vendor :wolfSSL I-CUBE-wolfMQTT 1.19.2
2025-09-29 11:15:27,498 [INFO] ThirdParty:1030 - CMSIS Pack Vendor :STMicroelectronics USB_DEVICE 3.0.0
2025-09-29 11:15:27,498 [INFO] ThirdParty:1030 - CMSIS Pack Vendor :STMicroelectronics X-CUBE-ISPU 2.1.0
2025-09-29 11:15:27,498 [INFO] ThirdParty:1030 - CMSIS Pack Vendor :STMicroelectronics X-CUBE-EEPRMA1 5.2.0
2025-09-29 11:15:27,498 [INFO] ThirdParty:1030 - CMSIS Pack Vendor :STMicroelectronics X-CUBE-BLEMGR 4.1.0
2025-09-29 11:15:27,498 [INFO] ThirdParty:1030 - CMSIS Pack Vendor :STMicroelectronics X-CUBE-AZRTOS-WB 2.0.0
2025-09-29 11:15:27,498 [INFO] ThirdParty:1030 - CMSIS Pack Vendor :STMicroelectronics X-CUBE-ST60 1.0.0
2025-09-29 11:15:27,498 [INFO] ThirdParty:1030 - CMSIS Pack Vendor :STMicroelectronics X-CUBE-GNSS1 7.0.1
2025-09-29 11:15:27,498 [INFO] ThirdParty:1030 - CMSIS Pack Vendor :STMicroelectronics X-CUBE-NFC12 1.0.0
2025-09-29 11:15:27,498 [INFO] ThirdParty:1030 - CMSIS Pack Vendor :STMicroelectronics X-CUBE-AZRTOS-F7 1.1.0
2025-09-29 11:15:27,498 [INFO] ThirdParty:1030 - CMSIS Pack Vendor :STMicroelectronics X-CUBE-AZRTOS-L5 2.0.0
2025-09-29 11:15:27,498 [INFO] ThirdParty:1030 - CMSIS Pack Vendor :STMicroelectronics X-CUBE-TOUCHGFX 4.25.0
2025-09-29 11:15:27,498 [INFO] ThirdParty:1030 - CMSIS Pack Vendor :STMicroelectronics USB_DEVICE 2.0.0
2025-09-29 11:15:27,498 [INFO] ThirdParty:1030 - CMSIS Pack Vendor :STMicroelectronics X-CUBE-NFC6 3.1.0
2025-09-29 11:15:27,498 [INFO] ThirdParty:1030 - CMSIS Pack Vendor :quantropi X-CUBE-qispace-sdk-base 2.1.0
2025-09-29 11:15:27,498 [INFO] ThirdParty:1030 - CMSIS Pack Vendor :STMicroelectronics FreeRTOS 0.0.1
2025-09-29 11:15:27,498 [INFO] ThirdParty:1030 - CMSIS Pack Vendor :STMicroelectronics X-CUBE-AZRTOS-G0 1.1.0
2025-09-29 11:15:27,498 [INFO] ThirdParty:1030 - CMSIS Pack Vendor :STMicroelectronics X-CUBE-SAFEA1 1.2.2
2025-09-29 11:15:27,499 [INFO] ThirdParty:1030 - CMSIS Pack Vendor :STMicroelectronics X-CUBE-NFC4 3.0.0
2025-09-29 11:15:27,499 [INFO] ThirdParty:1030 - CMSIS Pack Vendor :STMicroelectronics X-CUBE-SUBG2 5.0.0
2025-09-29 11:15:27,499 [INFO] ThirdParty:1030 - CMSIS Pack Vendor :STMicroelectronics X-CUBE-AZRTOS-H7RS 1.1.0
2025-09-29 11:15:27,499 [INFO] ThirdParty:1030 - CMSIS Pack Vendor :STMicroelectronics STM32_WPAN 1.0.0
2025-09-29 11:15:27,499 [INFO] ThirdParty:1030 - CMSIS Pack Vendor :EmbeddedOffice I-CUBE-FS-RTOS 1.0.1
2025-09-29 11:15:27,499 [INFO] ThirdParty:1030 - CMSIS Pack Vendor :STMicroelectronics lwIP 2.0.3
2025-09-29 11:15:27,499 [INFO] ThirdParty:1030 - CMSIS Pack Vendor :WES I-CUBE-Cesium 1.4.0
2025-09-29 11:15:27,499 [INFO] ThirdParty:1030 - CMSIS Pack Vendor :Cesanta I-CUBE-Mongoose 7.13.0
2025-09-29 11:15:27,499 [INFO] ThirdParty:1030 - CMSIS Pack Vendor :STMicroelectronics USB_HOST 1.0.0
2025-09-29 11:15:27,499 [INFO] ThirdParty:1030 - CMSIS Pack Vendor :Infineon AIROC-Wi-Fi-Bluetooth-STM32 1.7.1
2025-09-29 11:15:27,499 [INFO] ThirdParty:1030 - CMSIS Pack Vendor :STMicroelectronics X-CUBE-AZRTOS-G4 2.0.0
2025-09-29 11:15:27,499 [INFO] ThirdParty:1030 - CMSIS Pack Vendor :STMicroelectronics X-CUBE-WB05N 2.0.0
2025-09-29 11:15:27,499 [INFO] ThirdParty:1030 - CMSIS Pack Vendor :STMicroelectronics PDM2PCM 3.1.0
2025-09-29 11:15:27,499 [INFO] ThirdParty:1030 - CMSIS Pack Vendor :STMicroelectronics PDM2PCM 3.3.0
2025-09-29 11:15:27,499 [INFO] ThirdParty:1030 - CMSIS Pack Vendor :wolfSSL I-CUBE-wolfTPM 3.8.0
2025-09-29 11:15:27,499 [INFO] ThirdParty:1030 - CMSIS Pack Vendor :STMicroelectronics X-CUBE-AZRTOS-H7 3.4.0
2025-09-29 11:15:27,499 [INFO] ThirdParty:1030 - CMSIS Pack Vendor :STMicroelectronics X-CUBE-DISPLAY 3.0.0
2025-09-29 11:15:27,500 [INFO] ThirdParty:1030 - CMSIS Pack Vendor :wolfSSL I-CUBE-wolfSSH 1.4.20
2025-09-29 11:15:27,500 [INFO] ThirdParty:1030 - CMSIS Pack Vendor :STMicroelectronics X-CUBE-NFC7 2.0.0
2025-09-29 11:15:27,500 [INFO] ThirdParty:1030 - CMSIS Pack Vendor :STMicroelectronics X-CUBE-TCPP 4.2.0
2025-09-29 11:15:27,500 [INFO] ThirdParty:1030 - CMSIS Pack Vendor :RealThread X-CUBE-RT-Thread_Nano 4.1.1
2025-09-29 11:15:27,500 [INFO] ThirdParty:1030 - CMSIS Pack Vendor :STMicroelectronics FP-ATR-SIGFOX1 3.2.0
2025-09-29 11:15:27,500 [INFO] ThirdParty:1030 - CMSIS Pack Vendor :STMicroelectronics X-CUBE-NFC10 1.0.0
2025-09-29 11:15:27,500 [INFO] ThirdParty:1030 - CMSIS Pack Vendor :STMicroelectronics X-CUBE-FREERTOS 1.3.1
2025-09-29 11:15:27,500 [INFO] ThirdParty:1030 - CMSIS Pack Vendor :STMicroelectronics HAL Drivers 0.0.0
2025-09-29 11:15:27,500 [INFO] ThirdParty:1030 - CMSIS Pack Vendor :STMicroelectronics MBEDTLS 2.16.2
2025-09-29 11:15:27,500 [INFO] ThirdParty:1030 - CMSIS Pack Vendor :STMicroelectronics X-CUBE-IPS 3.1.0
2025-09-29 11:15:27,500 [INFO] ThirdParty:1030 - CMSIS Pack Vendor :STMicroelectronics X-CUBE-ALS 1.0.2
2025-09-29 11:15:27,500 [INFO] ThirdParty:1030 - CMSIS Pack Vendor :emotas I-CUBE-CANOPEN 1.3.0
2025-09-29 11:15:27,500 [INFO] ThirdParty:1030 - CMSIS Pack Vendor :STMicroelectronics MBEDTLS 2.14.1
2025-09-29 11:15:27,500 [INFO] ThirdParty:1030 - CMSIS Pack Vendor :ITTIA_DB I-CUBE-ITTIADB 8.9.0
2025-09-29 11:15:27,501 [INFO] ThirdParty:1030 - CMSIS Pack Vendor :STMicroelectronics X-CUBE-STSE01 1.0.0
2025-09-29 11:15:27,501 [INFO] ThirdParty:1030 - CMSIS Pack Vendor :STMicroelectronics X-CUBE-ST67W61 1.0.0
2025-09-29 11:15:27,501 [INFO] ThirdParty:1030 - CMSIS Pack Vendor :STMicroelectronics FP-SNS-STBOX1 2.1.0
2025-09-29 11:15:27,501 [INFO] ThirdParty:1030 - CMSIS Pack Vendor :STMicroelectronics X-CUBE-AI 10.2.0
2025-09-29 11:15:27,501 [INFO] ThirdParty:1030 - CMSIS Pack Vendor :STMicroelectronics FP-SNS-STAIOTCFT 1.0.0
2025-09-29 11:15:27,501 [INFO] ThirdParty:1030 - CMSIS Pack Vendor :STMicroelectronics ThreadX 1.0.0
2025-09-29 11:15:27,501 [INFO] ThirdParty:1030 - CMSIS Pack Vendor :STMicroelectronics FP-SNS-SMARTAG2 1.2.0
2025-09-29 11:15:27,501 [INFO] ThirdParty:1030 - CMSIS Pack Vendor :STMicroelectronics FP-SNS-FLIGHT1 5.1.0
2025-09-29 11:15:27,501 [INFO] ThirdParty:1030 - CMSIS Pack Vendor :STMicroelectronics X-CUBE-AZRTOS-WL 2.0.0
2025-09-29 11:15:27,501 [INFO] ThirdParty:1030 - CMSIS Pack Vendor :SEGGER I-CUBE-embOS 1.3.1
2025-09-29 11:15:27,501 [INFO] ThirdParty:1030 - CMSIS Pack Vendor :STMicroelectronics X-CUBE-ALGOBUILD 1.4.0
2025-09-29 11:15:27,501 [INFO] ThirdParty:1030 - CMSIS Pack Vendor :STMicroelectronics X-CUBE-DPower 1.3.0
2025-09-29 11:15:27,501 [INFO] ThirdParty:1030 - CMSIS Pack Vendor :STMicroelectronics X-CUBE-MEMS1 11.3.0
2025-09-29 11:15:27,501 [INFO] ThirdParty:1030 - CMSIS Pack Vendor :STMicroelectronics FP-SNS-MOTENV1 5.0.0
2025-09-29 11:15:27,501 [INFO] ThirdParty:1030 - CMSIS Pack Vendor :STMicroelectronics USB_DEVICE 1.0.0
2025-09-29 11:15:27,501 [INFO] ThirdParty:1030 - CMSIS Pack Vendor :STMicroelectronics X-CUBE-AZRTOS-L4 2.0.0
2025-09-29 11:15:27,501 [INFO] ThirdParty:1030 - CMSIS Pack Vendor :STMicroelectronics ThreadX 0.0.2
2025-09-29 11:15:27,501 [INFO] ThirdParty:1030 - CMSIS Pack Vendor :STMicroelectronics lwIP 2.1.2
2025-09-29 11:15:27,501 [INFO] ThirdParty:1030 - CMSIS Pack Vendor :STMicroelectronics X-CUBE-SFXS2LP1 4.0.0
2025-09-29 11:15:27,501 [INFO] ThirdParty:1030 - CMSIS Pack Vendor :STMicroelectronics X-CUBE-BLE2 3.3.0
2025-09-29 11:15:27,501 [INFO] ThirdParty:1030 - CMSIS Pack Vendor :STMicroelectronics X-CUBE-TOF1 3.4.3
2025-09-29 11:15:27,501 [INFO] ThirdParty:1030 - CMSIS Pack Vendor :STMicroelectronics PDM2PCM 3.2.0
2025-09-29 11:15:27,501 [INFO] ThirdParty:841 - exiting critical section [change project]
2025-09-29 11:15:27,725 [INFO] PinOutPanel:1589 - setPackage(No Configuration,No Configuration)
2025-09-29 11:15:27,725 [INFO] PinOutPanel:1589 - setPackage(STM32L476RGTx,LQFP64)
2025-09-29 11:15:28,145 [INFO] UtilMem:75 - Before build in PCC Used Memory: 651009744 Bytes (856686592)
2025-09-29 11:15:28,391 [INFO] UtilMem:75 - After build in PCC Used Memory: 731750096 Bytes (856686592)
2025-09-29 11:15:28,409 [INFO] IPUIPlugin:80 - create IPUIPlugin
2025-09-29 11:15:28,409 [INFO] IPUIPlugin:80 - create IPUIPlugin
2025-09-29 11:15:28,409 [INFO] IPUIPlugin:80 - create IPUIPlugin
2025-09-29 11:15:28,409 [INFO] IPUIPlugin:80 - create IPUIPlugin
2025-09-29 11:15:28,409 [INFO] IPUIPlugin:80 - create IPUIPlugin
2025-09-29 11:15:28,409 [INFO] IPUIPlugin:80 - create IPUIPlugin
2025-09-29 11:15:28,409 [INFO] IPUIPlugin:80 - create IPUIPlugin
2025-09-29 11:15:28,409 [INFO] IPUIPlugin:80 - create IPUIPlugin
2025-09-29 11:15:28,409 [INFO] IPUIPlugin:80 - create IPUIPlugin
2025-09-29 11:15:28,409 [INFO] IPUIPlugin:80 - create IPUIPlugin
2025-09-29 11:15:28,409 [INFO] IPUIPlugin:80 - create IPUIPlugin
2025-09-29 11:15:28,409 [INFO] IPUIPlugin:80 - create IPUIPlugin
2025-09-29 11:15:28,410 [INFO] IPUIPlugin:80 - create IPUIPlugin
2025-09-29 11:15:28,410 [INFO] IPUIPlugin:80 - create IPUIPlugin
2025-09-29 11:15:28,410 [INFO] IPUIPlugin:80 - create IPUIPlugin
2025-09-29 11:15:28,410 [INFO] IPUIPlugin:80 - create IPUIPlugin
2025-09-29 11:15:28,410 [INFO] IPUIPlugin:80 - create IPUIPlugin
2025-09-29 11:15:28,410 [INFO] IPUIPlugin:80 - create IPUIPlugin
2025-09-29 11:15:28,410 [INFO] IPUIPlugin:80 - create IPUIPlugin
2025-09-29 11:15:28,410 [INFO] IPUIPlugin:80 - create IPUIPlugin
2025-09-29 11:15:28,410 [INFO] IPUIPlugin:80 - create IPUIPlugin
2025-09-29 11:15:28,411 [INFO] IPUIPlugin:80 - create IPUIPlugin
2025-09-29 11:15:28,411 [INFO] IPUIPlugin:80 - create IPUIPlugin
2025-09-29 11:15:28,411 [INFO] IPUIPlugin:80 - create IPUIPlugin
2025-09-29 11:15:28,411 [INFO] IPUIPlugin:80 - create IPUIPlugin
2025-09-29 11:15:28,411 [INFO] IPUIPlugin:80 - create IPUIPlugin
2025-09-29 11:15:28,411 [INFO] IPUIPlugin:80 - create IPUIPlugin
2025-09-29 11:15:28,411 [INFO] IPUIPlugin:80 - create IPUIPlugin
2025-09-29 11:15:28,411 [INFO] IPUIPlugin:80 - create IPUIPlugin
2025-09-29 11:15:28,412 [INFO] IPUIPlugin:80 - create IPUIPlugin
2025-09-29 11:15:28,412 [INFO] IPUIPlugin:80 - create IPUIPlugin
2025-09-29 11:15:28,412 [INFO] IPUIPlugin:80 - create IPUIPlugin
2025-09-29 11:15:28,412 [INFO] IPUIPlugin:80 - create IPUIPlugin
2025-09-29 11:15:28,412 [INFO] IPUIPlugin:80 - create IPUIPlugin
2025-09-29 11:15:28,412 [INFO] IPUIPlugin:80 - create IPUIPlugin
2025-09-29 11:15:28,412 [INFO] IPUIPlugin:80 - create IPUIPlugin
2025-09-29 11:15:28,413 [INFO] IPUIPlugin:80 - create IPUIPlugin
2025-09-29 11:15:28,413 [INFO] IPUIPlugin:80 - create IPUIPlugin
2025-09-29 11:15:28,413 [INFO] IPUIPlugin:80 - create IPUIPlugin
2025-09-29 11:15:28,413 [INFO] IPUIPlugin:80 - create IPUIPlugin
2025-09-29 11:15:28,413 [INFO] IPUIPlugin:80 - create IPUIPlugin
2025-09-29 11:15:28,414 [INFO] IPUIPlugin:80 - create IPUIPlugin
2025-09-29 11:15:28,414 [INFO] IPUIPlugin:80 - create IPUIPlugin
2025-09-29 11:15:28,414 [INFO] IPUIPlugin:80 - create IPUIPlugin
2025-09-29 11:15:28,414 [INFO] IPUIPlugin:80 - create IPUIPlugin
2025-09-29 11:15:28,414 [INFO] IPUIPlugin:80 - create IPUIPlugin
2025-09-29 11:15:28,414 [INFO] IPUIPlugin:80 - create IPUIPlugin
2025-09-29 11:15:28,415 [INFO] IPUIPlugin:80 - create IPUIPlugin
2025-09-29 11:15:28,415 [INFO] IPUIPlugin:80 - create IPUIPlugin
2025-09-29 11:15:28,415 [INFO] IPUIPlugin:80 - create IPUIPlugin
2025-09-29 11:15:28,415 [INFO] IPUIPlugin:80 - create IPUIPlugin
2025-09-29 11:15:28,416 [INFO] IPUIPlugin:80 - create IPUIPlugin
2025-09-29 11:15:28,416 [INFO] IPUIPlugin:80 - create IPUIPlugin
2025-09-29 11:15:28,416 [INFO] IPUIPlugin:80 - create IPUIPlugin
2025-09-29 11:15:28,416 [INFO] IPUIPlugin:80 - create IPUIPlugin
2025-09-29 11:15:28,417 [INFO] IPUIPlugin:80 - create IPUIPlugin
2025-09-29 11:15:28,417 [INFO] IPUIPlugin:80 - create IPUIPlugin
2025-09-29 11:15:28,417 [INFO] IPUIPlugin:80 - create IPUIPlugin
2025-09-29 11:15:28,417 [INFO] IPUIPlugin:80 - create IPUIPlugin
2025-09-29 11:15:28,470 [INFO] CADModel:165 - CPN selected for project levelSTM32L476RGT3
2025-09-29 11:15:28,470 [INFO] CADModel:114 - Register for checkConnection events
2025-09-29 11:15:28,516 [INFO] OpenFileManager:386 - Restore cursor
2025-09-29 11:15:38,945 [INFO] Gpio:278 - dependency for GPIO [RCC, USART2]
2025-09-29 11:16:10,251 [INFO] UtilMem:75 - End SaveConfig() Used Memory: 618820480 Bytes (856686592)
2025-09-29 11:16:10,435 [INFO] BlockDiagram:2775 - set Specific Code input for plugin: SYS
2025-09-29 11:16:10,435 [INFO] BlockDiagram:2775 - set Specific Code input for plugin: RCC
2025-09-29 11:16:10,435 [INFO] BlockDiagram:2775 - set Specific Code input for plugin: NVIC
2025-09-29 11:16:10,435 [INFO] BlockDiagram:2775 - set Specific Code input for plugin: USART
2025-09-29 11:16:10,435 [INFO] BlockDiagram:2775 - set Specific Code input for plugin: GPIO
2025-09-29 11:16:10,436 [INFO] CodeGenerator:892 - code generatio: config db path: C:\ST\STM32CubeIDE_1.19.0\STM32CubeIDE\plugins\com.st.stm32cube.common.mx_6.15.0.202507011659\\db\
2025-09-29 11:16:10,511 [INFO] CodeEngine:265 - oldGeneratedFile, D:\STM32\Lab\13-multiple-external-interrupts\MXTmpFiles\license.tmp_save
2025-09-29 11:16:10,703 [INFO] CodeEngine:289 - Generated code: D:\STM32\Lab\13-multiple-external-interrupts\MXTmpFiles\license.tmp
2025-09-29 11:16:10,741 [INFO] CodeEngine:265 - oldGeneratedFile, D:\STM32\Lab\13-multiple-external-interrupts\MXTmpFiles\gpio.tmp_save
2025-09-29 11:16:10,829 [INFO] CodeEngine:289 - Generated code: D:\STM32\Lab\13-multiple-external-interrupts\MXTmpFiles\gpio.tmp
2025-09-29 11:16:10,911 [INFO] CodeEngine:265 - oldGeneratedFile, D:\STM32\Lab\13-multiple-external-interrupts\Core\Src\stm32l4xx_it.c_save
2025-09-29 11:16:11,076 [INFO] CodeEngine:289 - Generated code: D:\STM32\Lab\13-multiple-external-interrupts\Core\Src\stm32l4xx_it.c
2025-09-29 11:16:11,081 [INFO] CodeEngine:265 - oldGeneratedFile, D:\STM32\Lab\13-multiple-external-interrupts\Core\Inc\stm32l4xx_it.h_save
2025-09-29 11:16:11,132 [INFO] CodeEngine:289 - Generated code: D:\STM32\Lab\13-multiple-external-interrupts\Core\Inc\stm32l4xx_it.h
2025-09-29 11:16:11,142 [INFO] CodeEngine:265 - oldGeneratedFile, D:\STM32\Lab\13-multiple-external-interrupts\Core\Src\stm32l4xx_hal_msp.c_save
2025-09-29 11:16:11,229 [INFO] CodeEngine:289 - Generated code: D:\STM32\Lab\13-multiple-external-interrupts\Core\Src\stm32l4xx_hal_msp.c
2025-09-29 11:16:11,233 [INFO] CodeEngine:265 - oldGeneratedFile, D:\STM32\Lab\13-multiple-external-interrupts\MXTmpFiles\system.tmp_save
2025-09-29 11:16:11,279 [INFO] CodeEngine:289 - Generated code: D:\STM32\Lab\13-multiple-external-interrupts\MXTmpFiles\system.tmp
2025-09-29 11:16:11,289 [INFO] CodeEngine:321 - oldGeneratedFile, D:\STM32\Lab\13-multiple-external-interrupts\Core\Inc\stm32l4xx_hal_conf.h_save
2025-09-29 11:16:11,339 [INFO] CodeEngine:345 - Generated code: D:\STM32\Lab\13-multiple-external-interrupts\Core\Inc\stm32l4xx_hal_conf.h
2025-09-29 11:16:11,363 [INFO] ApiDbMcu:532 - Load IP Config File for USART2
2025-09-29 11:16:11,364 [INFO] ApiDbMcu:532 - Load IP Config File for RCC
2025-09-29 11:16:11,372 [INFO] CodeEngine:265 - oldGeneratedFile, D:\STM32\Lab\13-multiple-external-interrupts\Core\Inc\main.h_save
2025-09-29 11:16:11,445 [INFO] CodeEngine:289 - Generated code: D:\STM32\Lab\13-multiple-external-interrupts\Core\Inc\main.h
2025-09-29 11:16:11,450 [INFO] CodeEngine:265 - oldGeneratedFile, D:\STM32\Lab\13-multiple-external-interrupts\Core\Src\main.c_save
2025-09-29 11:16:11,527 [INFO] CodeEngine:289 - Generated code: D:\STM32\Lab\13-multiple-external-interrupts\Core\Src\main.c
2025-09-29 11:16:11,810 [INFO] ProjectBuilder:3606 - Time for Copy HAL[1] : 124mS.
2025-09-29 11:16:11,813 [INFO] ProjectBuilder:5216 - Project Generator version: 4.7.0-B52
2025-09-29 11:16:11,870 [INFO] ConfigFileManager:1595 - The Die is : DIE415
2025-09-29 11:16:11,872 [INFO] ApiDbMcu:532 - Load IP Config File for FATFS
2025-09-29 11:16:11,876 [INFO] ApiDbMcu:532 - Load IP Config File for FREERTOS
2025-09-29 11:16:11,884 [INFO] ApiDbMcu:532 - Load IP Config File for TOUCHSENSING
2025-09-29 11:16:11,888 [INFO] ApiDbMcu:532 - Load IP Config File for USB_DEVICE
2025-09-29 11:16:11,890 [INFO] ApiDbMcu:532 - Load IP Config File for USB_HOST
2025-09-29 11:16:12,515 [INFO] ProjectBuilder:5496 - Time for Generating toolchain IDE Files: 702mS.
2025-09-29 11:16:12,515 [INFO] ProjectBuilder:3463 - Time for Copy CMSIS : 0mS.
2025-09-29 11:16:12,517 [INFO] ProjectBuilder:3463 - Time for Copy CMSIS : 0mS.
2025-09-29 11:35:08,033 [INFO] Gpio:278 - dependency for GPIO [RCC, USART2]
2025-09-29 11:35:18,273 [INFO] Gpio:278 - dependency for GPIO [RCC, USART2]
2025-09-29 11:35:18,317 [INFO] NvicIntPanel:101 - NVIC parent = com.st.microxplorer.plugins.ip.nvic.MultiNvicIntPanel[,0,0,0x0,invalid,layout=javax.swing.BoxLayout,alignmentX=0.0,alignmentY=0.0,border=,flags=9,maximumSize=,minimumSize=,preferredSize=]
2025-09-29 11:35:20,295 [INFO] Gpio:278 - dependency for GPIO [RCC, USART2]
2025-09-29 11:35:20,326 [INFO] NvicIntPanel:101 - NVIC parent = com.st.microxplorer.plugins.ip.nvic.MultiNvicIntPanel[,0,0,0x0,invalid,layout=javax.swing.BoxLayout,alignmentX=0.0,alignmentY=0.0,border=,flags=9,maximumSize=,minimumSize=,preferredSize=]
2025-09-29 11:35:25,198 [INFO] Gpio:278 - dependency for GPIO [RCC, USART2]
2025-09-29 11:35:25,281 [INFO] NvicIntPanel:101 - NVIC parent = com.st.microxplorer.plugins.ip.nvic.MultiNvicIntPanel[,0,0,0x0,invalid,layout=javax.swing.BoxLayout,alignmentX=0.0,alignmentY=0.0,border=,flags=9,maximumSize=,minimumSize=,preferredSize=]
2025-09-29 11:35:28,057 [INFO] Gpio:278 - dependency for GPIO [RCC, USART2]
2025-09-29 11:35:28,112 [INFO] NvicIntPanel:101 - NVIC parent = com.st.microxplorer.plugins.ip.nvic.MultiNvicIntPanel[,0,0,0x0,invalid,layout=javax.swing.BoxLayout,alignmentX=0.0,alignmentY=0.0,border=,flags=9,maximumSize=,minimumSize=,preferredSize=]
2025-09-29 11:35:41,417 [INFO] UtilMem:75 - End SaveConfig() Used Memory: 776124736 Bytes (856686592)
2025-09-29 11:35:42,852 [INFO] UtilMem:75 - End SaveConfig() Used Memory: 335945248 Bytes (856686592)
2025-09-29 11:35:43,123 [INFO] BlockDiagram:2775 - set Specific Code input for plugin: SYS
2025-09-29 11:35:43,123 [INFO] BlockDiagram:2775 - set Specific Code input for plugin: RCC
2025-09-29 11:35:43,123 [INFO] BlockDiagram:2775 - set Specific Code input for plugin: NVIC
2025-09-29 11:35:43,123 [INFO] BlockDiagram:2775 - set Specific Code input for plugin: USART
2025-09-29 11:35:43,123 [INFO] BlockDiagram:2775 - set Specific Code input for plugin: GPIO
2025-09-29 11:35:43,124 [INFO] CodeGenerator:892 - code generatio: config db path: C:\ST\STM32CubeIDE_1.19.0\STM32CubeIDE\plugins\com.st.stm32cube.common.mx_6.15.0.202507011659\\db\
2025-09-29 11:35:43,191 [INFO] CodeEngine:265 - oldGeneratedFile, D:\STM32\Lab\13-multiple-external-interrupts\MXTmpFiles\license.tmp_save
2025-09-29 11:35:43,411 [INFO] CodeEngine:289 - Generated code: D:\STM32\Lab\13-multiple-external-interrupts\MXTmpFiles\license.tmp
2025-09-29 11:35:43,454 [INFO] CodeEngine:265 - oldGeneratedFile, D:\STM32\Lab\13-multiple-external-interrupts\MXTmpFiles\gpio.tmp_save
2025-09-29 11:35:43,571 [INFO] CodeEngine:289 - Generated code: D:\STM32\Lab\13-multiple-external-interrupts\MXTmpFiles\gpio.tmp
2025-09-29 11:35:43,758 [INFO] CodeEngine:265 - oldGeneratedFile, D:\STM32\Lab\13-multiple-external-interrupts\Core\Src\stm32l4xx_it.c_save
2025-09-29 11:35:43,979 [INFO] CodeEngine:289 - Generated code: D:\STM32\Lab\13-multiple-external-interrupts\Core\Src\stm32l4xx_it.c
2025-09-29 11:35:43,984 [INFO] CodeEngine:265 - oldGeneratedFile, D:\STM32\Lab\13-multiple-external-interrupts\Core\Inc\stm32l4xx_it.h_save
2025-09-29 11:35:44,042 [INFO] CodeEngine:289 - Generated code: D:\STM32\Lab\13-multiple-external-interrupts\Core\Inc\stm32l4xx_it.h
2025-09-29 11:35:44,053 [INFO] CodeEngine:265 - oldGeneratedFile, D:\STM32\Lab\13-multiple-external-interrupts\Core\Src\stm32l4xx_hal_msp.c_save
2025-09-29 11:35:44,147 [INFO] CodeEngine:289 - Generated code: D:\STM32\Lab\13-multiple-external-interrupts\Core\Src\stm32l4xx_hal_msp.c
2025-09-29 11:35:44,151 [INFO] CodeEngine:265 - oldGeneratedFile, D:\STM32\Lab\13-multiple-external-interrupts\MXTmpFiles\system.tmp_save
2025-09-29 11:35:44,197 [INFO] CodeEngine:289 - Generated code: D:\STM32\Lab\13-multiple-external-interrupts\MXTmpFiles\system.tmp
2025-09-29 11:35:44,206 [INFO] CodeEngine:321 - oldGeneratedFile, D:\STM32\Lab\13-multiple-external-interrupts\Core\Inc\stm32l4xx_hal_conf.h_save
2025-09-29 11:35:44,259 [INFO] CodeEngine:345 - Generated code: D:\STM32\Lab\13-multiple-external-interrupts\Core\Inc\stm32l4xx_hal_conf.h
2025-09-29 11:35:44,290 [INFO] CodeEngine:265 - oldGeneratedFile, D:\STM32\Lab\13-multiple-external-interrupts\Core\Inc\main.h_save
2025-09-29 11:35:44,367 [INFO] CodeEngine:289 - Generated code: D:\STM32\Lab\13-multiple-external-interrupts\Core\Inc\main.h
2025-09-29 11:35:44,371 [INFO] CodeEngine:265 - oldGeneratedFile, D:\STM32\Lab\13-multiple-external-interrupts\Core\Src\main.c_save
2025-09-29 11:35:44,451 [INFO] CodeEngine:289 - Generated code: D:\STM32\Lab\13-multiple-external-interrupts\Core\Src\main.c
2025-09-29 11:35:44,765 [INFO] ProjectBuilder:3606 - Time for Copy HAL[1] : 124mS.
2025-09-29 11:35:44,767 [INFO] ProjectBuilder:5216 - Project Generator version: 4.7.0-B52
2025-09-29 11:35:44,832 [INFO] ConfigFileManager:1595 - The Die is : DIE415
2025-09-29 11:35:45,563 [INFO] ProjectBuilder:5496 - Time for Generating toolchain IDE Files: 796mS.
2025-09-29 11:35:45,563 [INFO] ProjectBuilder:3463 - Time for Copy CMSIS : 0mS.
2025-09-29 11:35:45,566 [INFO] ProjectBuilder:3463 - Time for Copy CMSIS : 0mS.
2025-09-29 12:32:52,141 [INFO] Gpio:278 - dependency for GPIO [RCC, USART2]
2025-09-29 12:32:52,201 [INFO] NvicIntPanel:101 - NVIC parent = com.st.microxplorer.plugins.ip.nvic.MultiNvicIntPanel[,0,0,0x0,invalid,layout=javax.swing.BoxLayout,alignmentX=0.0,alignmentY=0.0,border=,flags=9,maximumSize=,minimumSize=,preferredSize=]
2025-09-29 12:32:54,502 [INFO] Gpio:278 - dependency for GPIO [RCC, USART2]
2025-09-29 12:32:54,553 [INFO] NvicIntPanel:101 - NVIC parent = com.st.microxplorer.plugins.ip.nvic.MultiNvicIntPanel[,0,0,0x0,invalid,layout=javax.swing.BoxLayout,alignmentX=0.0,alignmentY=0.0,border=,flags=9,maximumSize=,minimumSize=,preferredSize=]
2025-09-29 12:33:00,998 [INFO] Gpio:278 - dependency for GPIO [RCC, USART2]
2025-09-29 12:33:05,531 [INFO] Gpio:278 - dependency for GPIO [RCC, USART2]
2025-09-29 12:33:08,001 [INFO] Gpio:278 - dependency for GPIO [RCC, USART2]
2025-09-29 12:41:25,276 [INFO] Gpio:278 - dependency for GPIO [RCC, USART2]
2025-09-29 12:41:25,303 [INFO] NvicIntPanel:101 - NVIC parent = com.st.microxplorer.plugins.ip.nvic.MultiNvicIntPanel[,0,0,0x0,invalid,layout=javax.swing.BoxLayout,alignmentX=0.0,alignmentY=0.0,border=,flags=9,maximumSize=,minimumSize=,preferredSize=]
2025-09-29 12:41:27,689 [INFO] Gpio:278 - dependency for GPIO [RCC, USART2]
2025-09-29 12:41:27,714 [INFO] NvicIntPanel:101 - NVIC parent = com.st.microxplorer.plugins.ip.nvic.MultiNvicIntPanel[,0,0,0x0,invalid,layout=javax.swing.BoxLayout,alignmentX=0.0,alignmentY=0.0,border=,flags=9,maximumSize=,minimumSize=,preferredSize=]
2025-09-29 12:41:43,378 [INFO] Gpio:278 - dependency for GPIO [RCC, USART2]
2025-09-29 12:41:43,472 [INFO] NvicIntPanel:101 - NVIC parent = com.st.microxplorer.plugins.ip.nvic.MultiNvicIntPanel[,0,0,0x0,invalid,layout=javax.swing.BoxLayout,alignmentX=0.0,alignmentY=0.0,border=,flags=9,maximumSize=,minimumSize=,preferredSize=]
2025-09-29 12:41:47,348 [INFO] Gpio:278 - dependency for GPIO [RCC, USART2]
2025-09-29 12:41:47,422 [INFO] NvicIntPanel:101 - NVIC parent = com.st.microxplorer.plugins.ip.nvic.MultiNvicIntPanel[,0,0,0x0,invalid,layout=javax.swing.BoxLayout,alignmentX=0.0,alignmentY=0.0,border=,flags=9,maximumSize=,minimumSize=,preferredSize=]
2025-09-29 12:42:15,044 [INFO] Gpio:278 - dependency for GPIO [RCC, USART2]
2025-09-29 12:42:25,182 [INFO] UtilMem:75 - End SaveConfig() Used Memory: 505708984 Bytes (856686592)
2025-09-29 12:42:26,648 [INFO] UtilMem:75 - End SaveConfig() Used Memory: 571802568 Bytes (856686592)
2025-09-29 12:42:26,901 [INFO] BlockDiagram:2775 - set Specific Code input for plugin: SYS
2025-09-29 12:42:26,901 [INFO] BlockDiagram:2775 - set Specific Code input for plugin: RCC
2025-09-29 12:42:26,901 [INFO] BlockDiagram:2775 - set Specific Code input for plugin: NVIC
2025-09-29 12:42:26,901 [INFO] BlockDiagram:2775 - set Specific Code input for plugin: USART
2025-09-29 12:42:26,901 [INFO] BlockDiagram:2775 - set Specific Code input for plugin: GPIO
2025-09-29 12:42:26,902 [INFO] CodeGenerator:892 - code generatio: config db path: C:\ST\STM32CubeIDE_1.19.0\STM32CubeIDE\plugins\com.st.stm32cube.common.mx_6.15.0.202507011659\\db\
2025-09-29 12:42:26,969 [INFO] CodeEngine:265 - oldGeneratedFile, D:\STM32\Lab\13-multiple-external-interrupts\MXTmpFiles\license.tmp_save
2025-09-29 12:42:27,189 [INFO] CodeEngine:289 - Generated code: D:\STM32\Lab\13-multiple-external-interrupts\MXTmpFiles\license.tmp
2025-09-29 12:42:27,233 [INFO] CodeEngine:265 - oldGeneratedFile, D:\STM32\Lab\13-multiple-external-interrupts\MXTmpFiles\gpio.tmp_save
2025-09-29 12:42:27,351 [INFO] CodeEngine:289 - Generated code: D:\STM32\Lab\13-multiple-external-interrupts\MXTmpFiles\gpio.tmp
2025-09-29 12:42:27,545 [INFO] CodeEngine:265 - oldGeneratedFile, D:\STM32\Lab\13-multiple-external-interrupts\Core\Src\stm32l4xx_it.c_save
2025-09-29 12:42:27,823 [INFO] CodeEngine:289 - Generated code: D:\STM32\Lab\13-multiple-external-interrupts\Core\Src\stm32l4xx_it.c
2025-09-29 12:42:27,829 [INFO] CodeEngine:265 - oldGeneratedFile, D:\STM32\Lab\13-multiple-external-interrupts\Core\Inc\stm32l4xx_it.h_save
2025-09-29 12:42:27,897 [INFO] CodeEngine:289 - Generated code: D:\STM32\Lab\13-multiple-external-interrupts\Core\Inc\stm32l4xx_it.h
2025-09-29 12:42:27,909 [INFO] CodeEngine:265 - oldGeneratedFile, D:\STM32\Lab\13-multiple-external-interrupts\Core\Src\stm32l4xx_hal_msp.c_save
2025-09-29 12:42:28,036 [INFO] CodeEngine:289 - Generated code: D:\STM32\Lab\13-multiple-external-interrupts\Core\Src\stm32l4xx_hal_msp.c
2025-09-29 12:42:28,040 [INFO] CodeEngine:265 - oldGeneratedFile, D:\STM32\Lab\13-multiple-external-interrupts\MXTmpFiles\system.tmp_save
2025-09-29 12:42:28,096 [INFO] CodeEngine:289 - Generated code: D:\STM32\Lab\13-multiple-external-interrupts\MXTmpFiles\system.tmp
2025-09-29 12:42:28,104 [INFO] CodeEngine:321 - oldGeneratedFile, D:\STM32\Lab\13-multiple-external-interrupts\Core\Inc\stm32l4xx_hal_conf.h_save
2025-09-29 12:42:28,167 [INFO] CodeEngine:345 - Generated code: D:\STM32\Lab\13-multiple-external-interrupts\Core\Inc\stm32l4xx_hal_conf.h
2025-09-29 12:42:28,197 [INFO] CodeEngine:265 - oldGeneratedFile, D:\STM32\Lab\13-multiple-external-interrupts\Core\Inc\main.h_save
2025-09-29 12:42:28,295 [INFO] CodeEngine:289 - Generated code: D:\STM32\Lab\13-multiple-external-interrupts\Core\Inc\main.h
2025-09-29 12:42:28,300 [INFO] CodeEngine:265 - oldGeneratedFile, D:\STM32\Lab\13-multiple-external-interrupts\Core\Src\main.c_save
2025-09-29 12:42:28,380 [INFO] CodeEngine:289 - Generated code: D:\STM32\Lab\13-multiple-external-interrupts\Core\Src\main.c
2025-09-29 12:42:28,706 [INFO] ProjectBuilder:3606 - Time for Copy HAL[1] : 139mS.
2025-09-29 12:42:28,709 [INFO] ProjectBuilder:5216 - Project Generator version: 4.7.0-B52
2025-09-29 12:42:28,776 [INFO] ConfigFileManager:1595 - The Die is : DIE415
2025-09-29 12:42:29,557 [INFO] ProjectBuilder:5496 - Time for Generating toolchain IDE Files: 846mS.
2025-09-29 12:42:29,557 [INFO] ProjectBuilder:3463 - Time for Copy CMSIS : 0mS.
2025-09-29 12:42:29,559 [INFO] ProjectBuilder:3463 - Time for Copy CMSIS : 0mS.
2025-09-29 12:48:45,191 [INFO] UtilMem:75 - End SaveConfig() Used Memory: 333007328 Bytes (856686592)
2025-09-29 12:48:47,779 [INFO] UtilMem:75 - End SaveConfig() Used Memory: 388581856 Bytes (856686592)
2025-09-29 12:48:49,299 [INFO] UtilMem:75 - End SaveConfig() Used Memory: 451496416 Bytes (856686592)
2025-09-29 12:48:49,595 [INFO] BlockDiagram:2775 - set Specific Code input for plugin: SYS
2025-09-29 12:48:49,596 [INFO] BlockDiagram:2775 - set Specific Code input for plugin: RCC
2025-09-29 12:48:49,596 [INFO] BlockDiagram:2775 - set Specific Code input for plugin: NVIC
2025-09-29 12:48:49,596 [INFO] BlockDiagram:2775 - set Specific Code input for plugin: USART
2025-09-29 12:48:49,596 [INFO] BlockDiagram:2775 - set Specific Code input for plugin: GPIO
2025-09-29 12:48:49,597 [INFO] CodeGenerator:892 - code generatio: config db path: C:\ST\STM32CubeIDE_1.19.0\STM32CubeIDE\plugins\com.st.stm32cube.common.mx_6.15.0.202507011659\\db\
2025-09-29 12:48:49,663 [INFO] CodeEngine:265 - oldGeneratedFile, D:\STM32\Lab\13-multiple-external-interrupts\MXTmpFiles\license.tmp_save
2025-09-29 12:48:49,796 [INFO] CodeEngine:289 - Generated code: D:\STM32\Lab\13-multiple-external-interrupts\MXTmpFiles\license.tmp
2025-09-29 12:48:49,838 [INFO] CodeEngine:265 - oldGeneratedFile, D:\STM32\Lab\13-multiple-external-interrupts\MXTmpFiles\gpio.tmp_save
2025-09-29 12:48:49,904 [INFO] CodeEngine:289 - Generated code: D:\STM32\Lab\13-multiple-external-interrupts\MXTmpFiles\gpio.tmp
2025-09-29 12:48:49,995 [INFO] CodeEngine:265 - oldGeneratedFile, D:\STM32\Lab\13-multiple-external-interrupts\Core\Src\stm32l4xx_it.c_save
2025-09-29 12:48:50,059 [INFO] CodeEngine:289 - Generated code: D:\STM32\Lab\13-multiple-external-interrupts\Core\Src\stm32l4xx_it.c
2025-09-29 12:48:50,065 [INFO] CodeEngine:265 - oldGeneratedFile, D:\STM32\Lab\13-multiple-external-interrupts\Core\Inc\stm32l4xx_it.h_save
2025-09-29 12:48:50,119 [INFO] CodeEngine:289 - Generated code: D:\STM32\Lab\13-multiple-external-interrupts\Core\Inc\stm32l4xx_it.h
2025-09-29 12:48:50,129 [INFO] CodeEngine:265 - oldGeneratedFile, D:\STM32\Lab\13-multiple-external-interrupts\Core\Src\stm32l4xx_hal_msp.c_save
2025-09-29 12:48:50,214 [INFO] CodeEngine:289 - Generated code: D:\STM32\Lab\13-multiple-external-interrupts\Core\Src\stm32l4xx_hal_msp.c
2025-09-29 12:48:50,217 [INFO] CodeEngine:265 - oldGeneratedFile, D:\STM32\Lab\13-multiple-external-interrupts\MXTmpFiles\system.tmp_save
2025-09-29 12:48:50,263 [INFO] CodeEngine:289 - Generated code: D:\STM32\Lab\13-multiple-external-interrupts\MXTmpFiles\system.tmp
2025-09-29 12:48:50,272 [INFO] CodeEngine:321 - oldGeneratedFile, D:\STM32\Lab\13-multiple-external-interrupts\Core\Inc\stm32l4xx_hal_conf.h_save
2025-09-29 12:48:50,325 [INFO] CodeEngine:345 - Generated code: D:\STM32\Lab\13-multiple-external-interrupts\Core\Inc\stm32l4xx_hal_conf.h
2025-09-29 12:48:50,351 [INFO] CodeEngine:265 - oldGeneratedFile, D:\STM32\Lab\13-multiple-external-interrupts\Core\Inc\main.h_save
2025-09-29 12:48:50,407 [INFO] CodeEngine:289 - Generated code: D:\STM32\Lab\13-multiple-external-interrupts\Core\Inc\main.h
2025-09-29 12:48:50,411 [INFO] CodeEngine:265 - oldGeneratedFile, D:\STM32\Lab\13-multiple-external-interrupts\Core\Src\main.c_save
2025-09-29 12:48:50,490 [INFO] CodeEngine:289 - Generated code: D:\STM32\Lab\13-multiple-external-interrupts\Core\Src\main.c
2025-09-29 12:48:50,755 [INFO] ProjectBuilder:3606 - Time for Copy HAL[1] : 125mS.
2025-09-29 12:48:50,758 [INFO] ProjectBuilder:5216 - Project Generator version: 4.7.0-B52
2025-09-29 12:48:50,822 [INFO] ConfigFileManager:1595 - The Die is : DIE415
2025-09-29 12:48:51,388 [INFO] ProjectBuilder:5496 - Time for Generating toolchain IDE Files: 630mS.
2025-09-29 12:48:51,388 [INFO] ProjectBuilder:3463 - Time for Copy CMSIS : 0mS.
2025-09-29 12:48:51,391 [INFO] ProjectBuilder:3463 - Time for Copy CMSIS : 0mS.
2025-09-29 14:30:11,544 [INFO] Activator:176 - 


2025-09-29 14:30:11,547 [INFO] Activator:177 - !SESSION log4j initialized
2025-09-29 14:30:15,827 [INFO] LogOutputStream:77 - [STDOUT_REDIRECT] 
2025-09-29 14:30:17,140 [INFO] ApplicationProperties:184 - Using Application install path: C:\ST\STM32CubeIDE_1.19.0\STM32CubeIDE\plugins\com.st.stm32cube.common.mx_6.15.0.202507011659
2025-09-29 14:30:17,154 [INFO] DbMcusXml:78 - Set database path to: C:\ST\STM32CubeIDE_1.19.0\STM32CubeIDE\plugins\com.st.stm32cube.common.mx_6.15.0.202507011659\\db\/mcu/
2025-09-29 14:30:17,154 [INFO] ApiDb:274 - Set plugin database path to: C:\ST\STM32CubeIDE_1.19.0\STM32CubeIDE\plugins\com.st.stm32cube.common.mx_6.15.0.202507011659\\db\/plugins/boardmanager/
2025-09-29 14:30:17,155 [WARN] ApiDb:259 - Overriding images path with different value:  => C:\ST\STM32CubeIDE_1.19.0\STM32CubeIDE\plugins\com.st.stm32cube.common.mx_6.15.0.202507011659\\db\/plugins/mcufinder/images/
2025-09-29 14:30:17,159 [INFO] ApiDb:250 - Set database path to: C:\Users\user\.stmcufinder\plugins\mcufinder//mcu/
2025-09-29 14:30:17,161 [INFO] DbMcusAds:125 - Set database path to: C:\Users\user\.stmcufinder\plugins\mcufinder//mcu/
2025-09-29 14:30:17,163 [INFO] CrossReferenceDbSqlite:203 - Set database path to: C:\Users\user\.stmcufinder\plugins\mcufinder//mcu/cs/
2025-09-29 14:30:17,260 [INFO] RulesReader:64 - Compatibility file has been processed (317 Rules)
2025-09-29 14:30:17,346 [INFO] DbMcusXml:78 - Set database path to: C:\ST\STM32CubeIDE_1.19.0\STM32CubeIDE\plugins\com.st.stm32cube.common.mx_6.15.0.202507011659\\db\/mcu/
2025-09-29 14:30:17,346 [INFO] ApiDb:274 - Set plugin database path to: C:\ST\STM32CubeIDE_1.19.0\STM32CubeIDE\plugins\com.st.stm32cube.common.mx_6.15.0.202507011659\\db\/plugins/boardmanager/
2025-09-29 14:30:17,346 [INFO] ApiDb:261 - Set plugin images path to: C:\ST\STM32CubeIDE_1.19.0\STM32CubeIDE\plugins\com.st.stm32cube.common.mx_6.15.0.202507011659\\db\/plugins/mcufinder/images/
2025-09-29 14:30:17,346 [WARN] DbFile:41 - Overriding database path with different value: C:\Users\user\.stmcufinder\plugins\mcufinder/ => C:\Users\user\.stmcufinder\plugins\mcufinder
2025-09-29 14:30:17,347 [INFO] ApiDb:250 - Set database path to: C:\Users\user\.stmcufinder\plugins\mcufinder//mcu/
2025-09-29 14:30:17,347 [WARN] DbFile:41 - Overriding database path with different value: C:\Users\user\.stmcufinder\plugins\mcufinder/ => C:\Users\user\.stmcufinder\plugins\mcufinder
2025-09-29 14:30:17,347 [INFO] DbMcusAds:125 - Set database path to: C:\Users\user\.stmcufinder\plugins\mcufinder//mcu/
2025-09-29 14:30:17,347 [WARN] DbFile:41 - Overriding database path with different value: C:\Users\user\.stmcufinder\plugins\mcufinder/ => C:\Users\user\.stmcufinder\plugins\mcufinder
2025-09-29 14:30:17,347 [WARN] DbFile:41 - Overriding database path with different value: C:\Users\user\.stmcufinder\plugins\mcufinder/ => C:\Users\user\.stmcufinder\plugins\mcufinder
2025-09-29 14:30:17,347 [INFO] CrossReferenceDbSqlite:203 - Set database path to: C:\Users\user\.stmcufinder\plugins\mcufinder//mcu/cs/
2025-09-29 14:30:17,404 [INFO] MainPanel:274 - HeapMemory: 268435456
2025-09-29 14:30:17,476 [INFO] DbMcusXml:78 - Set database path to: C:\ST\STM32CubeIDE_1.19.0\STM32CubeIDE\plugins\com.st.stm32cube.common.mx_6.15.0.202507011659\\db\/mcu/
2025-09-29 14:30:17,476 [INFO] ApiDb:274 - Set plugin database path to: C:\ST\STM32CubeIDE_1.19.0\STM32CubeIDE\plugins\com.st.stm32cube.common.mx_6.15.0.202507011659\\db\/plugins/boardmanager/
2025-09-29 14:30:17,476 [INFO] ApiDb:261 - Set plugin images path to: C:\ST\STM32CubeIDE_1.19.0\STM32CubeIDE\plugins\com.st.stm32cube.common.mx_6.15.0.202507011659\\db\/plugins/mcufinder/images/
2025-09-29 14:30:17,476 [WARN] DbFile:41 - Overriding database path with different value: C:\Users\user\.stmcufinder\plugins\mcufinder/ => C:\Users\user\.stmcufinder\plugins\mcufinder
2025-09-29 14:30:17,476 [INFO] ApiDb:250 - Set database path to: C:\Users\user\.stmcufinder\plugins\mcufinder//mcu/
2025-09-29 14:30:17,476 [WARN] DbFile:41 - Overriding database path with different value: C:\Users\user\.stmcufinder\plugins\mcufinder/ => C:\Users\user\.stmcufinder\plugins\mcufinder
2025-09-29 14:30:17,476 [INFO] DbMcusAds:125 - Set database path to: C:\Users\user\.stmcufinder\plugins\mcufinder//mcu/
2025-09-29 14:30:17,476 [WARN] DbFile:41 - Overriding database path with different value: C:\Users\user\.stmcufinder\plugins\mcufinder/ => C:\Users\user\.stmcufinder\plugins\mcufinder
2025-09-29 14:30:17,477 [WARN] DbFile:41 - Overriding database path with different value: C:\Users\user\.stmcufinder\plugins\mcufinder/ => C:\Users\user\.stmcufinder\plugins\mcufinder
2025-09-29 14:30:17,477 [INFO] CrossReferenceDbSqlite:203 - Set database path to: C:\Users\user\.stmcufinder\plugins\mcufinder//mcu/cs/
2025-09-29 14:30:17,490 [INFO] ApplicationProperties:184 - Using Application install path: C:\ST\STM32CubeIDE_1.19.0\STM32CubeIDE\plugins\com.st.stm32cube.common.mx_6.15.0.202507011659
2025-09-29 14:30:17,492 [INFO] PluginManage:196 - Search for loadable plugins [exclusion list=, ]
2025-09-29 14:30:17,492 [INFO] PluginManage:310 - Check plugin analytics
2025-09-29 14:30:17,630 [INFO] AnalyticsPlugin:253 - Accepted Software Licenses: 
2025-09-29 14:30:17,632 [INFO] AnalyticsPlugin:255 - Accepted CMSIS Pack Licenses: 
2025-09-29 14:30:17,632 [INFO] AnalyticsPlugin:257 - Accepted Firmware Licenses: FW.L4.1.18.0
2025-09-29 14:30:17,634 [INFO] PluginManage:359 - Loaded plugin analytics (category:tool,tabindex:-1)
2025-09-29 14:30:17,634 [INFO] PluginManage:310 - Check plugin cadmodel
2025-09-29 14:30:17,636 [INFO] CADModel:105 - Init CAD model plugin
2025-09-29 14:30:17,636 [INFO] PluginManage:359 - Loaded plugin cadmodel (category:power,tabindex:5)
2025-09-29 14:30:17,636 [INFO] PluginManage:310 - Check plugin clock
2025-09-29 14:30:17,642 [INFO] PluginManage:359 - Loaded plugin clock (category:base,tabindex:2)
2025-09-29 14:30:17,642 [INFO] PluginManage:310 - Check plugin ddr
2025-09-29 14:30:17,643 [INFO] PluginManage:359 - Loaded plugin ddr (category:tool,tabindex:6)
2025-09-29 14:30:17,643 [INFO] PluginManage:310 - Check plugin filemanager
2025-09-29 14:30:17,742 [INFO] PluginManage:359 - Loaded plugin filemanager (category:base,tabindex:10)
2025-09-29 14:30:17,742 [INFO] PluginManage:310 - Check plugin ipmanager
2025-09-29 14:30:17,746 [INFO] PluginManage:359 - Loaded plugin ipmanager (category:base,tabindex:5)
2025-09-29 14:30:17,746 [INFO] PluginManage:310 - Check plugin lpbam
2025-09-29 14:30:17,752 [INFO] PluginManage:359 - Loaded plugin lpbam (category:base,tabindex:0)
2025-09-29 14:30:17,752 [INFO] PluginManage:310 - Check plugin memorymap
2025-09-29 14:30:17,759 [INFO] PluginManage:359 - Loaded plugin memorymap (category:base,tabindex:4)
2025-09-29 14:30:17,759 [INFO] PluginManage:310 - Check plugin pinoutandconfiguration
2025-09-29 14:30:17,765 [INFO] PluginManage:359 - Loaded plugin pinoutandconfiguration (category:base,tabindex:1)
2025-09-29 14:30:17,765 [INFO] PluginManage:310 - Check plugin pinoutconfig
2025-09-29 14:30:17,829 [WARN] SupportedApi:132 - Cannot load RTOS API schema: s4s-elt-must-match.1: The content of 'definitions' must match (annotation?, (simpleType | complexType)?, (unique | key | keyref)*)). A problem was found starting at: attribute.
2025-09-29 14:30:17,914 [INFO] PluginManage:359 - Loaded plugin pinoutconfig (category:base,tabindex:0)
2025-09-29 14:30:17,914 [INFO] PluginManage:310 - Check plugin power
2025-09-29 14:30:17,919 [INFO] PluginManage:359 - Loaded plugin power (category:power,tabindex:4)
2025-09-29 14:30:17,919 [INFO] PluginManage:310 - Check plugin projectmanager
2025-09-29 14:30:17,930 [INFO] PluginManage:359 - Loaded plugin projectmanager (category:projectmanager,tabindex:4)
2025-09-29 14:30:17,930 [INFO] PluginManage:310 - Check plugin rif
2025-09-29 14:30:17,935 [INFO] PluginManage:359 - Loaded plugin rif (category:base,tabindex:3)
2025-09-29 14:30:17,935 [INFO] PluginManage:310 - Check plugin thirdparty
2025-09-29 14:30:18,022 [WARN] IntegrityCheckThread:84 - waiting for thirdparty lock release [integrity check]
2025-09-29 14:30:18,022 [INFO] PluginManage:359 - Loaded plugin thirdparty (category:base,tabindex:-1)
2025-09-29 14:30:18,022 [INFO] IntegrityCheckThread:86 - entering critical section [integrity check]
2025-09-29 14:30:18,022 [INFO] PluginManage:310 - Check plugin tools
2025-09-29 14:30:18,022 [INFO] ThirdPartyUpdaterWithRetryManager:70 - Updater plugin not ready yet. [1/15]
2025-09-29 14:30:18,024 [INFO] PluginManage:359 - Loaded plugin tools (category:base,tabindex:7)
2025-09-29 14:30:18,024 [INFO] PluginManage:310 - Check plugin tutovideos
2025-09-29 14:30:18,155 [INFO] PluginManage:359 - Loaded plugin tutovideos (category:base,tabindex:-1)
2025-09-29 14:30:18,155 [INFO] PluginManage:310 - Check plugin updater
2025-09-29 14:30:18,168 [INFO] PluginManage:359 - Loaded plugin updater (category:base,tabindex:12)
2025-09-29 14:30:18,168 [INFO] PluginManage:310 - Check plugin userauth
2025-09-29 14:30:18,170 [INFO] UserAuth:118 - Init User Auth plugin
2025-09-29 14:30:18,170 [INFO] PluginManage:359 - Loaded plugin userauth (category:base,tabindex:14)
2025-09-29 14:30:18,172 [INFO] PluginManage:283 - PluginManage : Loaded plugins [18]
2025-09-29 14:30:18,328 [INFO] PinOutPanel:1589 - setPackage(No Configuration,No Configuration)
2025-09-29 14:30:18,386 [INFO] CADModel:165 - CPN selected for project level
2025-09-29 14:30:18,386 [INFO] CADModel:114 - Register for checkConnection events
2025-09-29 14:30:18,396 [INFO] IPUIPlugin:80 - create IPUIPlugin
2025-09-29 14:30:18,396 [INFO] PluginManager:220 - loadIPPluginJar : add adc
2025-09-29 14:30:18,397 [INFO] IPUIPlugin:80 - create IPUIPlugin
2025-09-29 14:30:18,398 [INFO] PluginManager:220 - loadIPPluginJar : add aes
2025-09-29 14:30:18,399 [INFO] IPUIPlugin:80 - create IPUIPlugin
2025-09-29 14:30:18,399 [INFO] PluginManager:220 - loadIPPluginJar : add can
2025-09-29 14:30:18,400 [INFO] IPUIPlugin:80 - create IPUIPlugin
2025-09-29 14:30:18,400 [INFO] PluginManager:220 - loadIPPluginJar : add comp
2025-09-29 14:30:18,401 [INFO] IPUIPlugin:80 - create IPUIPlugin
2025-09-29 14:30:18,401 [INFO] PluginManager:220 - loadIPPluginJar : add cryp
2025-09-29 14:30:18,402 [INFO] IPUIPlugin:80 - create IPUIPlugin
2025-09-29 14:30:18,402 [INFO] PluginManager:220 - loadIPPluginJar : add ddr_ctrl_phy
2025-09-29 14:30:18,405 [INFO] IPUIPlugin:80 - create IPUIPlugin
2025-09-29 14:30:18,405 [INFO] PluginManager:220 - loadIPPluginJar : add dfsdm
2025-09-29 14:30:18,408 [INFO] IPUIPlugin:80 - create IPUIPlugin
2025-09-29 14:30:18,408 [INFO] PluginManager:220 - loadIPPluginJar : add dma
2025-09-29 14:30:18,409 [INFO] IPUIPlugin:80 - create IPUIPlugin
2025-09-29 14:30:18,409 [INFO] PluginManager:220 - loadIPPluginJar : add dma3
2025-09-29 14:30:18,410 [INFO] IPUIPlugin:80 - create IPUIPlugin
2025-09-29 14:30:18,410 [INFO] PluginManager:220 - loadIPPluginJar : add extmemmanager
2025-09-29 14:30:18,411 [INFO] IPUIPlugin:80 - create IPUIPlugin
2025-09-29 14:30:18,411 [INFO] PluginManager:220 - loadIPPluginJar : add fatfs
2025-09-29 14:30:18,414 [INFO] IPUIPlugin:80 - create IPUIPlugin
2025-09-29 14:30:18,414 [INFO] PluginManager:220 - loadIPPluginJar : add fmc
2025-09-29 14:30:18,417 [INFO] IPUIPlugin:80 - create IPUIPlugin
2025-09-29 14:30:18,417 [INFO] PluginManager:220 - loadIPPluginJar : add freertos
2025-09-29 14:30:18,418 [INFO] IPUIPlugin:80 - create IPUIPlugin
2025-09-29 14:30:18,418 [INFO] PluginManager:220 - loadIPPluginJar : add genericplugin
2025-09-29 14:30:18,419 [INFO] IPUIPlugin:80 - create IPUIPlugin
2025-09-29 14:30:18,419 [INFO] PluginManager:220 - loadIPPluginJar : add gfxmmu
2025-09-29 14:30:18,421 [INFO] IPUIPlugin:80 - create IPUIPlugin
2025-09-29 14:30:18,422 [INFO] PluginManager:220 - loadIPPluginJar : add gic
2025-09-29 14:30:18,423 [INFO] IPUIPlugin:80 - create IPUIPlugin
2025-09-29 14:30:18,423 [INFO] PluginManager:220 - loadIPPluginJar : add gpio
2025-09-29 14:30:18,425 [INFO] IPUIPlugin:80 - create IPUIPlugin
2025-09-29 14:30:18,425 [INFO] PluginManager:220 - loadIPPluginJar : add gtzc
2025-09-29 14:30:18,426 [INFO] IPUIPlugin:80 - create IPUIPlugin
2025-09-29 14:30:18,426 [INFO] PluginManager:220 - loadIPPluginJar : add hash
2025-09-29 14:30:18,427 [INFO] IPUIPlugin:80 - create IPUIPlugin
2025-09-29 14:30:18,427 [INFO] PluginManager:220 - loadIPPluginJar : add i2c
2025-09-29 14:30:18,429 [INFO] IPUIPlugin:80 - create IPUIPlugin
2025-09-29 14:30:18,429 [INFO] PluginManager:220 - loadIPPluginJar : add i2s
2025-09-29 14:30:18,431 [INFO] IPUIPlugin:80 - create IPUIPlugin
2025-09-29 14:30:18,431 [INFO] PluginManager:220 - loadIPPluginJar : add i3c
2025-09-29 14:30:18,434 [INFO] IPUIPlugin:80 - create IPUIPlugin
2025-09-29 14:30:18,434 [INFO] PluginManager:220 - loadIPPluginJar : add ipddr
2025-09-29 14:30:18,438 [INFO] IPUIPlugin:80 - create IPUIPlugin
2025-09-29 14:30:18,438 [INFO] PluginManager:220 - loadIPPluginJar : add linkedlist
2025-09-29 14:30:18,439 [INFO] IPUIPlugin:80 - create IPUIPlugin
2025-09-29 14:30:18,439 [INFO] PluginManager:220 - loadIPPluginJar : add lorawan
2025-09-29 14:30:18,440 [INFO] IPUIPlugin:80 - create IPUIPlugin
2025-09-29 14:30:18,440 [INFO] PluginManager:220 - loadIPPluginJar : add ltdc
2025-09-29 14:30:18,444 [INFO] IPUIPlugin:80 - create IPUIPlugin
2025-09-29 14:30:18,444 [INFO] PluginManager:220 - loadIPPluginJar : add mdma
2025-09-29 14:30:18,446 [INFO] IPUIPlugin:80 - create IPUIPlugin
2025-09-29 14:30:18,446 [INFO] PluginManager:220 - loadIPPluginJar : add nvic
2025-09-29 14:30:18,448 [INFO] IPUIPlugin:80 - create IPUIPlugin
2025-09-29 14:30:18,448 [INFO] PluginManager:220 - loadIPPluginJar : add opamp
2025-09-29 14:30:18,449 [INFO] IPUIPlugin:80 - create IPUIPlugin
2025-09-29 14:30:18,449 [INFO] PluginManager:220 - loadIPPluginJar : add openamp
2025-09-29 14:30:18,451 [INFO] IPUIPlugin:80 - create IPUIPlugin
2025-09-29 14:30:18,451 [INFO] PluginManager:220 - loadIPPluginJar : add pdm2pcm
2025-09-29 14:30:18,456 [INFO] IPUIPlugin:80 - create IPUIPlugin
2025-09-29 14:30:18,457 [INFO] PluginManager:220 - loadIPPluginJar : add plateformsettings
2025-09-29 14:30:18,459 [INFO] IPUIPlugin:80 - create IPUIPlugin
2025-09-29 14:30:18,459 [INFO] PluginManager:220 - loadIPPluginJar : add quadspi
2025-09-29 14:30:18,460 [INFO] IPUIPlugin:80 - create IPUIPlugin
2025-09-29 14:30:18,460 [INFO] PluginManager:220 - loadIPPluginJar : add radio
2025-09-29 14:30:18,461 [INFO] IPUIPlugin:80 - create IPUIPlugin
2025-09-29 14:30:18,463 [INFO] PluginManager:220 - loadIPPluginJar : add resmgrutility
2025-09-29 14:30:18,464 [INFO] IPUIPlugin:80 - create IPUIPlugin
2025-09-29 14:30:18,464 [INFO] PluginManager:220 - loadIPPluginJar : add sai
2025-09-29 14:30:18,466 [INFO] IPUIPlugin:80 - create IPUIPlugin
2025-09-29 14:30:18,466 [INFO] PluginManager:220 - loadIPPluginJar : add spi
2025-09-29 14:30:18,469 [INFO] IPUIPlugin:80 - create IPUIPlugin
2025-09-29 14:30:18,469 [INFO] PluginManager:220 - loadIPPluginJar : add stm32_wpan
2025-09-29 14:30:18,470 [INFO] IPUIPlugin:80 - create IPUIPlugin
2025-09-29 14:30:18,470 [INFO] PluginManager:220 - loadIPPluginJar : add tim
2025-09-29 14:30:18,473 [INFO] IPUIPlugin:80 - create IPUIPlugin
2025-09-29 14:30:18,473 [INFO] PluginManager:220 - loadIPPluginJar : add touchsensing
2025-09-29 14:30:18,474 [INFO] IPUIPlugin:80 - create IPUIPlugin
2025-09-29 14:30:18,474 [INFO] PluginManager:220 - loadIPPluginJar : add tracer_emb
2025-09-29 14:30:18,474 [INFO] IPUIPlugin:80 - create IPUIPlugin
2025-09-29 14:30:18,474 [INFO] PluginManager:220 - loadIPPluginJar : add ts
2025-09-29 14:30:18,475 [INFO] IPUIPlugin:80 - create IPUIPlugin
2025-09-29 14:30:18,475 [INFO] PluginManager:220 - loadIPPluginJar : add tsc
2025-09-29 14:30:18,476 [INFO] IPUIPlugin:80 - create IPUIPlugin
2025-09-29 14:30:18,476 [INFO] PluginManager:220 - loadIPPluginJar : add ucpd
2025-09-29 14:30:18,478 [INFO] IPUIPlugin:80 - create IPUIPlugin
2025-09-29 14:30:18,478 [INFO] PluginManager:220 - loadIPPluginJar : add usart
2025-09-29 14:30:18,480 [INFO] IPUIPlugin:80 - create IPUIPlugin
2025-09-29 14:30:18,480 [INFO] PluginManager:220 - loadIPPluginJar : add usbx
2025-09-29 14:30:18,593 [FATAL] Updater:351 - Updater called before beeing initialized
2025-09-29 14:30:18,633 [INFO] RulesReader:64 - Compatibility file has been processed (317 Rules)
2025-09-29 14:30:18,640 [INFO] RulesReader:64 - Compatibility file has been processed (317 Rules)
2025-09-29 14:30:18,646 [INFO] CADModel:165 - CPN selected for project level
2025-09-29 14:30:18,646 [INFO] CADModel:114 - Register for checkConnection events
2025-09-29 14:30:18,646 [FATAL] Updater:351 - Updater called before beeing initialized
2025-09-29 14:30:18,646 [ERROR] CADModel:125 - Updater not yet initialized, retry later 
2025-09-29 14:30:18,743 [FATAL] Updater:351 - Updater called before beeing initialized
2025-09-29 14:30:18,744 [INFO] CADModel:165 - CPN selected for project level
2025-09-29 14:30:18,745 [INFO] CADModel:114 - Register for checkConnection events
2025-09-29 14:30:18,745 [FATAL] Updater:351 - Updater called before beeing initialized
2025-09-29 14:30:18,745 [ERROR] CADModel:125 - Updater not yet initialized, retry later 
2025-09-29 14:30:18,747 [FATAL] Updater:351 - Updater called before beeing initialized
2025-09-29 14:30:18,849 [FATAL] Updater:351 - Updater called before beeing initialized
2025-09-29 14:30:18,851 [INFO] DbMcusAds:53 - JSON generation date=Tue Jul 08 16:14:23 CST 2025 (1751962463524)
2025-09-29 14:30:18,852 [FATAL] Updater:351 - Updater called before beeing initialized
2025-09-29 14:30:18,877 [WARN] DetailPanel:346 - Failed to get advertising image, set to default
2025-09-29 14:30:18,944 [FATAL] Updater:351 - Updater called before beeing initialized
2025-09-29 14:30:18,945 [FATAL] Updater:351 - Updater called before beeing initialized
2025-09-29 14:30:18,945 [FATAL] Updater:351 - Updater called before beeing initialized
2025-09-29 14:30:18,945 [WARN] DetailPanel:346 - Failed to get advertising image, set to default
2025-09-29 14:30:18,945 [FATAL] Updater:351 - Updater called before beeing initialized
2025-09-29 14:30:18,980 [ERROR] Updater:1198 - MainUpdater not yet initialized. External WinMGr cannot be set.
2025-09-29 14:30:18,982 [INFO] Updater:1134 - Updater Version found : 6.15.0
2025-09-29 14:30:18,992 [INFO] ApplicationProperties:184 - Using Application install path: C:\ST\STM32CubeIDE_1.19.0\STM32CubeIDE\plugins\com.st.stm32cube.common.mx_6.15.0.202507011659
2025-09-29 14:30:20,558 [ERROR] LogOutputStream:75 - [STDERR_REDIRECT] Sep 29, 2025 2:30:20 PM java.util.prefs.WindowsPreferences <init>
2025-09-29 14:30:20,559 [ERROR] LogOutputStream:75 - [STDERR_REDIRECT] WARNING: Could not open/create prefs root node Software\JavaSoft\Prefs at root 0xffffffff80000002. Windows RegCreateKeyEx(...) returned error code 5.
2025-09-29 14:30:20,559 [ERROR] LogOutputStream:75 - [STDERR_REDIRECT] 
2025-09-29 14:30:20,782 [INFO] MainUpdater:2872 - connection check result : 10
2025-09-29 14:30:20,783 [INFO] MainUpdater:289 - Updater Check For Update Now.
2025-09-29 14:30:20,783 [INFO] MicroXplorer:498 - Change Database Version : DB.6.0.150
2025-09-29 14:30:20,790 [INFO] McuFinderGlobals:63 - Set McuFinder mode to 2 (CubeIDE integrated)
2025-09-29 14:30:20,790 [INFO] UserAuth:171 - activating auth plugin
2025-09-29 14:30:20,792 [INFO] UserAuth:487 - Internet connection configuration mode: 1
2025-09-29 14:30:20,805 [INFO] JxBrowserEngine:152 - Initiate JxBrowser Engine with user profile folder
2025-09-29 14:30:20,938 [INFO] CheckServerUpdateThread:120 - End of CheckServer Thread
2025-09-29 14:30:21,180 [WARN] PackLoader:240 - Cannot read IP mode file for STMicroelectronics.FP-SNS-MOTENVWB1.1.4.0
2025-09-29 14:30:21,186 [WARN] PackLoader:240 - Cannot read IP mode file for STMicroelectronics.FP-ATR-ASTRA1.2.0.2
2025-09-29 14:30:21,351 [WARN] PackLoader:240 - Cannot read IP mode file for STMicroelectronics.X-CUBE-SMBUS.2.1.0
2025-09-29 14:30:21,354 [WARN] PackLoader:240 - Cannot read IP mode file for STMicroelectronics.X-CUBE-ST60.1.0.0
2025-09-29 14:30:21,375 [WARN] PackLoader:240 - Cannot read IP mode file for STMicroelectronics.X-CUBE-AZRTOS-F7.1.1.0
2025-09-29 14:30:21,386 [WARN] PackLoader:240 - Cannot read IP mode file for WES.I-CUBE-Cesium.1.4.0
2025-09-29 14:30:21,408 [WARN] PackLoader:240 - Cannot read IP mode file for Infineon.AIROC-Wi-Fi-Bluetooth-STM32.1.7.1
2025-09-29 14:30:21,430 [WARN] PackLoader:240 - Cannot read IP mode file for STMicroelectronics.X-CUBE-AZRTOS-H7.3.4.0
2025-09-29 14:30:21,438 [WARN] PackLoader:240 - Cannot read IP mode file for STMicroelectronics.X-CUBE-DISPLAY.3.0.0
2025-09-29 14:30:21,446 [WARN] PackLoader:240 - Cannot read IP mode file for STMicroelectronics.X-CUBE-NFC10.1.0.0
2025-09-29 14:30:21,450 [WARN] PackLoader:240 - Cannot read IP mode file for emotas.I-CUBE-CANOPEN.1.3.0
2025-09-29 14:30:21,455 [WARN] PackLoader:240 - Cannot read IP mode file for STMicroelectronics.FP-SNS-STBOX1.2.1.0
2025-09-29 14:30:21,460 [WARN] PackLoader:240 - Cannot read IP mode file for STMicroelectronics.FP-SNS-SMARTAG2.1.2.0
2025-09-29 14:30:21,462 [WARN] PackLoader:240 - Cannot read IP mode file for STMicroelectronics.FP-SNS-FLIGHT1.5.1.0
2025-09-29 14:30:21,468 [INFO] LogOutputStream:77 - [STDOUT_REDIRECT] 1 : Invalid condition id : UX_CORESTACK_Condition cause : null
2025-09-29 14:30:21,468 [INFO] LogOutputStream:77 - [STDOUT_REDIRECT] 1 : Invalid condition id : UX_CORESTACK_Condition cause : null
2025-09-29 14:30:21,470 [INFO] LogOutputStream:77 - [STDOUT_REDIRECT] 1 : Invalid condition id : UX_CORESTACK_Condition cause : null
2025-09-29 14:30:21,471 [INFO] LogOutputStream:77 - [STDOUT_REDIRECT] 1 : Invalid condition id : UX_CORESTACK_Condition cause : null
2025-09-29 14:30:21,471 [INFO] LogOutputStream:77 - [STDOUT_REDIRECT] 1 : Invalid condition id : UX_CORESTACK_Condition cause : null
2025-09-29 14:30:21,473 [WARN] PackLoader:240 - Cannot read IP mode file for STMicroelectronics.X-CUBE-AZRTOS-WL.2.0.0
2025-09-29 14:30:21,477 [WARN] PackLoader:240 - Cannot read IP mode file for STMicroelectronics.FP-SNS-MOTENV1.5.0.0
2025-09-29 14:30:21,482 [WARN] PackLoader:240 - Cannot read IP mode file for STMicroelectronics.X-CUBE-BLE2.3.3.0
2025-09-29 14:30:21,486 [WARN] PackLoader:240 - Cannot read IP mode file for STMicroelectronics.X-CUBE-NFC9.1.0.0
2025-09-29 14:30:21,490 [WARN] PackLoader:240 - Cannot read IP mode file for wolfSSL.I-CUBE-wolfSSL.5.8.2
2025-09-29 14:30:21,493 [WARN] PackLoader:240 - Cannot read IP mode file for STMicroelectronics.X-CUBE-BLE1.7.1.0
2025-09-29 14:30:21,495 [WARN] PackLoader:240 - Cannot read IP mode file for wolfSSL.I-CUBE-wolfMQTT.1.19.2
2025-09-29 14:30:21,499 [WARN] PackLoader:240 - Cannot read IP mode file for STMicroelectronics.X-CUBE-EEPRMA1.5.2.0
2025-09-29 14:30:21,509 [WARN] PackLoader:240 - Cannot read IP mode file for STMicroelectronics.X-CUBE-AZRTOS-G0.1.1.0
2025-09-29 14:30:22,282 [WARN] PackLoader:240 - Cannot read IP mode file for STMicroelectronics.X-CUBE-SAFEA1.1.2.2
2025-09-29 14:30:22,287 [WARN] PackLoader:240 - Cannot read IP mode file for STMicroelectronics.X-CUBE-NFC4.3.0.0
2025-09-29 14:30:22,294 [WARN] PackLoader:240 - Cannot read IP mode file for EmbeddedOffice.I-CUBE-FS-RTOS.1.0.1
2025-09-29 14:30:22,300 [WARN] PackLoader:240 - Cannot read IP mode file for STMicroelectronics.X-CUBE-WB05N.2.0.0
2025-09-29 14:30:22,304 [WARN] PackLoader:240 - Cannot read IP mode file for wolfSSL.I-CUBE-wolfTPM.3.8.0
2025-09-29 14:30:22,307 [WARN] PackLoader:240 - Cannot read IP mode file for STMicroelectronics.X-CUBE-TCPP.4.2.0
2025-09-29 14:30:22,311 [WARN] PackLoader:240 - Cannot read IP mode file for RealThread.X-CUBE-RT-Thread_Nano.4.1.1
2025-09-29 14:30:22,314 [WARN] PackLoader:240 - Cannot read IP mode file for STMicroelectronics.FP-ATR-SIGFOX1.3.2.0
2025-09-29 14:30:22,317 [WARN] PackLoader:240 - Cannot read IP mode file for ITTIA_DB.I-CUBE-ITTIADB.8.9.0
2025-09-29 14:30:22,321 [WARN] PackLoader:240 - Cannot read IP mode file for STMicroelectronics.X-CUBE-ST67W61.1.0.0
2025-09-29 14:30:22,323 [WARN] PackLoader:240 - Cannot read IP mode file for STMicroelectronics.X-CUBE-AI.10.2.0
2025-09-29 14:30:22,344 [WARN] PackLoader:240 - Cannot read IP mode file for SEGGER.I-CUBE-embOS.1.3.1
2025-09-29 14:30:22,368 [WARN] PackLoader:240 - Cannot read IP mode file for STMicroelectronics.X-CUBE-ALGOBUILD.1.4.0
2025-09-29 14:30:22,396 [WARN] PackLoader:240 - Cannot read IP mode file for STMicroelectronics.X-CUBE-MEMS1.11.3.0
2025-09-29 14:30:22,507 [WARN] PackLoader:240 - Cannot read IP mode file for STMicroelectronics.X-CUBE-PM33A1.1.0.0
2025-09-29 14:30:22,521 [WARN] PackLoader:240 - Cannot read IP mode file for STMicroelectronics.X-CUBE-AZRTOS-F4.1.1.0
2025-09-29 14:30:22,525 [WARN] PackLoader:240 - Cannot read IP mode file for Avnet-IotConnect.X-CUBE-IoTC-DA16k-PMOD.1.0.0
2025-09-29 14:30:22,528 [WARN] PackLoader:240 - Cannot read IP mode file for STMicroelectronics.X-CUBE-ISPU.2.1.0
2025-09-29 14:30:22,532 [WARN] PackLoader:240 - Cannot read IP mode file for STMicroelectronics.X-CUBE-NFC12.1.0.0
2025-09-29 14:30:22,542 [WARN] PackLoader:240 - Cannot read IP mode file for STMicroelectronics.X-CUBE-AZRTOS-L5.2.0.0
2025-09-29 14:30:22,551 [WARN] PackLoader:240 - Cannot read IP mode file for STMicroelectronics.X-CUBE-NFC6.3.1.0
2025-09-29 14:30:22,557 [WARN] PackLoader:240 - Cannot read IP mode file for STMicroelectronics.X-CUBE-FREERTOS.1.3.1
2025-09-29 14:30:22,560 [WARN] PackLoader:240 - Cannot read IP mode file for STMicroelectronics.FP-SNS-STAIOTCFT.1.0.0
2025-09-29 14:30:22,564 [WARN] PackLoader:240 - Cannot read IP mode file for STMicroelectronics.X-CUBE-DPower.1.3.0
2025-09-29 14:30:23,238 [WARN] ConditionMgr:438 - getConditionDescription Invalid condition id : LAN8742 Phy interface Condition cause : null
2025-09-29 14:30:23,238 [WARN] PackLoader:240 - Cannot read IP mode file for STMicroelectronics.X-CUBE-AZRTOS-L4.2.0.0
2025-09-29 14:30:23,240 [WARN] ConditionMgr:1044 - genDependencies : Invalid condition id : LAN8742 Phy interface Condition cause : null
2025-09-29 14:30:23,240 [WARN] ConditionMgr:1044 - genDependencies : Invalid condition id : LAN8742 Phy interface Condition cause : null
2025-09-29 14:30:23,240 [WARN] ConditionMgr:1044 - genDependencies : Invalid condition id : LAN8742 Phy interface Condition cause : null
2025-09-29 14:30:23,244 [WARN] PackLoader:240 - Cannot read IP mode file for STMicroelectronics.X-CUBE-SFXS2LP1.4.0.0
2025-09-29 14:30:24,170 [WARN] PackLoader:240 - Cannot read IP mode file for STMicroelectronics.X-CUBE-BLEMGR.4.1.0
2025-09-29 14:30:24,180 [WARN] ConditionMgr:438 - getConditionDescription Invalid condition id : UX DEVICE CLASS RTOS Condition cause : null
2025-09-29 14:30:24,181 [WARN] ConditionMgr:438 - getConditionDescription Invalid condition id : UX DEVICE CLASS RTOS Condition cause : null
2025-09-29 14:30:24,182 [WARN] PackLoader:240 - Cannot read IP mode file for STMicroelectronics.X-CUBE-AZRTOS-WB.2.0.0
2025-09-29 14:30:24,182 [WARN] ConditionMgr:1044 - genDependencies : Invalid condition id : UX DEVICE CLASS RTOS Condition cause : null
2025-09-29 14:30:24,184 [WARN] ConditionMgr:1044 - genDependencies : Invalid condition id : UX DEVICE CLASS RTOS Condition cause : null
2025-09-29 14:30:24,184 [WARN] ConditionMgr:1044 - genDependencies : Invalid condition id : UX DEVICE CLASS RTOS Condition cause : null
2025-09-29 14:30:24,184 [WARN] ConditionMgr:1044 - genDependencies : Invalid condition id : UX DEVICE CLASS RTOS Condition cause : null
2025-09-29 14:30:24,184 [WARN] ConditionMgr:1044 - genDependencies : Invalid condition id : UX DEVICE CLASS RTOS Condition cause : null
2025-09-29 14:30:24,190 [WARN] PackLoader:240 - Cannot read IP mode file for STMicroelectronics.X-CUBE-GNSS1.7.0.1
2025-09-29 14:30:24,195 [WARN] PackLoader:240 - Cannot read IP mode file for STMicroelectronics.X-CUBE-TOUCHGFX.4.25.0
2025-09-29 14:30:24,201 [WARN] ConditionMgr:438 - getConditionDescription Invalid condition id : Cortex-A Device cause : null
2025-09-29 14:30:24,219 [WARN] ConditionMgr:1044 - genDependencies : Invalid condition id : Cortex-A Device cause : null
2025-09-29 14:30:24,219 [WARN] ConditionMgr:1044 - genDependencies : Invalid condition id : Cortex-A Device cause : null
2025-09-29 14:30:24,219 [WARN] ConditionMgr:1044 - genDependencies : Invalid condition id : Cortex-A Device cause : null
2025-09-29 14:30:24,224 [WARN] PackLoader:240 - Cannot read IP mode file for STMicroelectronics.X-CUBE-SUBG2.5.0.0
2025-09-29 14:30:24,244 [WARN] PackLoader:240 - Cannot read IP mode file for STMicroelectronics.X-CUBE-AZRTOS-H7RS.1.1.0
2025-09-29 14:30:24,248 [WARN] PackLoader:240 - Cannot read IP mode file for Cesanta.I-CUBE-Mongoose.7.13.0
2025-09-29 14:30:24,256 [WARN] PackLoader:240 - Cannot read IP mode file for STMicroelectronics.X-CUBE-AZRTOS-G4.2.0.0
2025-09-29 14:30:24,271 [WARN] PackLoader:240 - Cannot read IP mode file for wolfSSL.I-CUBE-wolfSSH.1.4.20
2025-09-29 14:30:24,274 [WARN] PackLoader:240 - Cannot read IP mode file for STMicroelectronics.X-CUBE-NFC7.2.0.0
2025-09-29 14:30:24,281 [WARN] PackLoader:240 - Cannot read IP mode file for STMicroelectronics.X-CUBE-IPS.3.1.0
2025-09-29 14:30:24,286 [WARN] PackLoader:240 - Cannot read IP mode file for STMicroelectronics.X-CUBE-ALS.1.0.2
2025-09-29 14:30:24,293 [WARN] PackLoader:240 - Cannot read IP mode file for STMicroelectronics.X-CUBE-STSE01.1.0.0
2025-09-29 14:30:24,300 [WARN] PackLoader:240 - Cannot read IP mode file for STMicroelectronics.X-CUBE-TOF1.3.4.3
2025-09-29 14:30:24,306 [INFO] ThirdParty:978 - Integrity check success = true
2025-09-29 14:30:24,306 [INFO] IntegrityCheckThread:100 - exiting critical section [integrity check]
2025-09-29 14:30:24,306 [INFO] IntegrityCheckThread:103 - End integrity checks thread
2025-09-29 14:30:24,362 [INFO] WebApp:169 - Instantiating new browser for Auth
2025-09-29 14:30:24,879 [INFO] WebApp:463 - Apply proxy settings
2025-09-29 14:30:24,879 [INFO] WebApp:548 - Chromium requires no authentication
2025-09-29 14:30:24,884 [INFO] WebApp:491 - Direct internet connection detected
2025-09-29 14:30:24,898 [INFO] WebApp:900 - Register for checkConnection events
2025-09-29 14:30:24,898 [INFO] WebApp:463 - Apply proxy settings
2025-09-29 14:30:24,898 [INFO] WebApp:548 - Chromium requires no authentication
2025-09-29 14:30:24,900 [INFO] WebApp:491 - Direct internet connection detected
2025-09-29 14:30:25,011 [INFO] WebApp:225 - Starting web application
2025-09-29 14:30:25,011 [INFO] WebApp:593 - Web application path used C:\ST\STM32CubeIDE_1.19.0\STM32CubeIDE\plugins\com.st.stm32cube.common.mx_6.15.0.202507011659\db\plugins\mcufinder\reactClient1\index.html
2025-09-29 14:30:25,294 [INFO] WebApp:191 - Connection restablished
