2025-10-25 00:41:02,212 [ERROR] LogOutputStream:75 - [STDERR_REDIRECT] 
2025-10-25 07:55:21,760 [INFO] Activator:176 - 


2025-10-25 07:55:21,774 [INFO] Activator:177 - !SESSION log4j initialized
2025-10-25 07:55:29,052 [INFO] LogOutputStream:77 - [STDOUT_REDIRECT] 
2025-10-25 07:55:39,348 [INFO] ApplicationProperties:184 - Using Application install path: C:\ST\STM32CubeIDE_1.19.0\STM32CubeIDE\plugins\com.st.stm32cube.common.mx_6.15.0.202507011659
2025-10-25 07:55:39,364 [INFO] DbMcusXml:78 - Set database path to: C:\ST\STM32CubeIDE_1.19.0\STM32CubeIDE\plugins\com.st.stm32cube.common.mx_6.15.0.202507011659\\db\/mcu/
2025-10-25 07:55:39,364 [INFO] ApiDb:274 - Set plugin database path to: C:\ST\STM32CubeIDE_1.19.0\STM32CubeIDE\plugins\com.st.stm32cube.common.mx_6.15.0.202507011659\\db\/plugins/boardmanager/
2025-10-25 07:55:39,364 [WARN] ApiDb:259 - Overriding images path with different value:  => C:\ST\STM32CubeIDE_1.19.0\STM32CubeIDE\plugins\com.st.stm32cube.common.mx_6.15.0.202507011659\\db\/plugins/mcufinder/images/
2025-10-25 07:55:39,371 [INFO] ApiDb:250 - Set database path to: C:\Users\user\.stmcufinder\plugins\mcufinder//mcu/
2025-10-25 07:55:39,372 [INFO] DbMcusAds:125 - Set database path to: C:\Users\user\.stmcufinder\plugins\mcufinder//mcu/
2025-10-25 07:55:39,380 [INFO] CrossReferenceDbSqlite:203 - Set database path to: C:\Users\user\.stmcufinder\plugins\mcufinder//mcu/cs/
2025-10-25 07:55:39,481 [INFO] RulesReader:64 - Compatibility file has been processed (317 Rules)
2025-10-25 07:55:39,584 [INFO] DbMcusXml:78 - Set database path to: C:\ST\STM32CubeIDE_1.19.0\STM32CubeIDE\plugins\com.st.stm32cube.common.mx_6.15.0.202507011659\\db\/mcu/
2025-10-25 07:55:39,584 [INFO] ApiDb:274 - Set plugin database path to: C:\ST\STM32CubeIDE_1.19.0\STM32CubeIDE\plugins\com.st.stm32cube.common.mx_6.15.0.202507011659\\db\/plugins/boardmanager/
2025-10-25 07:55:39,584 [INFO] ApiDb:261 - Set plugin images path to: C:\ST\STM32CubeIDE_1.19.0\STM32CubeIDE\plugins\com.st.stm32cube.common.mx_6.15.0.202507011659\\db\/plugins/mcufinder/images/
2025-10-25 07:55:39,584 [WARN] DbFile:41 - Overriding database path with different value: C:\Users\user\.stmcufinder\plugins\mcufinder/ => C:\Users\user\.stmcufinder\plugins\mcufinder
2025-10-25 07:55:39,584 [INFO] ApiDb:250 - Set database path to: C:\Users\user\.stmcufinder\plugins\mcufinder//mcu/
2025-10-25 07:55:39,584 [WARN] DbFile:41 - Overriding database path with different value: C:\Users\user\.stmcufinder\plugins\mcufinder/ => C:\Users\user\.stmcufinder\plugins\mcufinder
2025-10-25 07:55:39,585 [INFO] DbMcusAds:125 - Set database path to: C:\Users\user\.stmcufinder\plugins\mcufinder//mcu/
2025-10-25 07:55:39,585 [WARN] DbFile:41 - Overriding database path with different value: C:\Users\user\.stmcufinder\plugins\mcufinder/ => C:\Users\user\.stmcufinder\plugins\mcufinder
2025-10-25 07:55:39,585 [WARN] DbFile:41 - Overriding database path with different value: C:\Users\user\.stmcufinder\plugins\mcufinder/ => C:\Users\user\.stmcufinder\plugins\mcufinder
2025-10-25 07:55:39,585 [INFO] CrossReferenceDbSqlite:203 - Set database path to: C:\Users\user\.stmcufinder\plugins\mcufinder//mcu/cs/
2025-10-25 07:55:39,653 [INFO] MainPanel:274 - HeapMemory: 311427072
2025-10-25 07:55:39,764 [INFO] DbMcusXml:78 - Set database path to: C:\ST\STM32CubeIDE_1.19.0\STM32CubeIDE\plugins\com.st.stm32cube.common.mx_6.15.0.202507011659\\db\/mcu/
2025-10-25 07:55:39,765 [INFO] ApiDb:274 - Set plugin database path to: C:\ST\STM32CubeIDE_1.19.0\STM32CubeIDE\plugins\com.st.stm32cube.common.mx_6.15.0.202507011659\\db\/plugins/boardmanager/
2025-10-25 07:55:39,765 [INFO] ApiDb:261 - Set plugin images path to: C:\ST\STM32CubeIDE_1.19.0\STM32CubeIDE\plugins\com.st.stm32cube.common.mx_6.15.0.202507011659\\db\/plugins/mcufinder/images/
2025-10-25 07:55:39,765 [WARN] DbFile:41 - Overriding database path with different value: C:\Users\user\.stmcufinder\plugins\mcufinder/ => C:\Users\user\.stmcufinder\plugins\mcufinder
2025-10-25 07:55:39,765 [INFO] ApiDb:250 - Set database path to: C:\Users\user\.stmcufinder\plugins\mcufinder//mcu/
2025-10-25 07:55:39,765 [WARN] DbFile:41 - Overriding database path with different value: C:\Users\user\.stmcufinder\plugins\mcufinder/ => C:\Users\user\.stmcufinder\plugins\mcufinder
2025-10-25 07:55:39,765 [INFO] DbMcusAds:125 - Set database path to: C:\Users\user\.stmcufinder\plugins\mcufinder//mcu/
2025-10-25 07:55:39,765 [WARN] DbFile:41 - Overriding database path with different value: C:\Users\user\.stmcufinder\plugins\mcufinder/ => C:\Users\user\.stmcufinder\plugins\mcufinder
2025-10-25 07:55:39,765 [WARN] DbFile:41 - Overriding database path with different value: C:\Users\user\.stmcufinder\plugins\mcufinder/ => C:\Users\user\.stmcufinder\plugins\mcufinder
2025-10-25 07:55:39,765 [INFO] CrossReferenceDbSqlite:203 - Set database path to: C:\Users\user\.stmcufinder\plugins\mcufinder//mcu/cs/
2025-10-25 07:55:39,781 [INFO] ApplicationProperties:184 - Using Application install path: C:\ST\STM32CubeIDE_1.19.0\STM32CubeIDE\plugins\com.st.stm32cube.common.mx_6.15.0.202507011659
2025-10-25 07:55:39,782 [INFO] PluginManage:196 - Search for loadable plugins [exclusion list=, ]
2025-10-25 07:55:39,783 [INFO] PluginManage:310 - Check plugin analytics
2025-10-25 07:55:39,954 [INFO] AnalyticsPlugin:253 - Accepted Software Licenses: 
2025-10-25 07:55:39,954 [INFO] AnalyticsPlugin:255 - Accepted CMSIS Pack Licenses: 
2025-10-25 07:55:39,954 [INFO] AnalyticsPlugin:257 - Accepted Firmware Licenses: FW.L4.1.18.0
2025-10-25 07:55:39,958 [INFO] PluginManage:359 - Loaded plugin analytics (category:tool,tabindex:-1)
2025-10-25 07:55:39,958 [INFO] PluginManage:310 - Check plugin cadmodel
2025-10-25 07:55:39,967 [INFO] CADModel:105 - Init CAD model plugin
2025-10-25 07:55:39,967 [INFO] PluginManage:359 - Loaded plugin cadmodel (category:power,tabindex:5)
2025-10-25 07:55:39,967 [INFO] PluginManage:310 - Check plugin clock
2025-10-25 07:55:39,977 [INFO] PluginManage:359 - Loaded plugin clock (category:base,tabindex:2)
2025-10-25 07:55:39,977 [INFO] PluginManage:310 - Check plugin ddr
2025-10-25 07:55:39,979 [INFO] PluginManage:359 - Loaded plugin ddr (category:tool,tabindex:6)
2025-10-25 07:55:39,979 [INFO] PluginManage:310 - Check plugin filemanager
2025-10-25 07:55:40,102 [INFO] PluginManage:359 - Loaded plugin filemanager (category:base,tabindex:10)
2025-10-25 07:55:40,102 [INFO] PluginManage:310 - Check plugin ipmanager
2025-10-25 07:55:40,110 [INFO] PluginManage:359 - Loaded plugin ipmanager (category:base,tabindex:5)
2025-10-25 07:55:40,110 [INFO] PluginManage:310 - Check plugin lpbam
2025-10-25 07:55:40,117 [INFO] PluginManage:359 - Loaded plugin lpbam (category:base,tabindex:0)
2025-10-25 07:55:40,117 [INFO] PluginManage:310 - Check plugin memorymap
2025-10-25 07:55:40,132 [INFO] PluginManage:359 - Loaded plugin memorymap (category:base,tabindex:4)
2025-10-25 07:55:40,132 [INFO] PluginManage:310 - Check plugin pinoutandconfiguration
2025-10-25 07:55:40,140 [INFO] PluginManage:359 - Loaded plugin pinoutandconfiguration (category:base,tabindex:1)
2025-10-25 07:55:40,140 [INFO] PluginManage:310 - Check plugin pinoutconfig
2025-10-25 07:55:40,228 [WARN] SupportedApi:132 - Cannot load RTOS API schema: s4s-elt-must-match.1: The content of 'definitions' must match (annotation?, (simpleType | complexType)?, (unique | key | keyref)*)). A problem was found starting at: attribute.
2025-10-25 07:55:40,353 [INFO] PluginManage:359 - Loaded plugin pinoutconfig (category:base,tabindex:0)
2025-10-25 07:55:40,353 [INFO] PluginManage:310 - Check plugin power
2025-10-25 07:55:40,363 [INFO] PluginManage:359 - Loaded plugin power (category:power,tabindex:4)
2025-10-25 07:55:40,363 [INFO] PluginManage:310 - Check plugin projectmanager
2025-10-25 07:55:40,376 [INFO] PluginManage:359 - Loaded plugin projectmanager (category:projectmanager,tabindex:4)
2025-10-25 07:55:40,376 [INFO] PluginManage:310 - Check plugin rif
2025-10-25 07:55:40,385 [INFO] PluginManage:359 - Loaded plugin rif (category:base,tabindex:3)
2025-10-25 07:55:40,385 [INFO] PluginManage:310 - Check plugin thirdparty
2025-10-25 07:55:40,513 [WARN] IntegrityCheckThread:84 - waiting for thirdparty lock release [integrity check]
2025-10-25 07:55:40,514 [INFO] IntegrityCheckThread:86 - entering critical section [integrity check]
2025-10-25 07:55:40,514 [INFO] ThirdPartyUpdaterWithRetryManager:70 - Updater plugin not ready yet. [1/15]
2025-10-25 07:55:40,514 [INFO] PluginManage:359 - Loaded plugin thirdparty (category:base,tabindex:-1)
2025-10-25 07:55:40,514 [INFO] PluginManage:310 - Check plugin tools
2025-10-25 07:55:40,517 [INFO] PluginManage:359 - Loaded plugin tools (category:base,tabindex:7)
2025-10-25 07:55:40,517 [INFO] PluginManage:310 - Check plugin tutovideos
2025-10-25 07:55:40,704 [INFO] PluginManage:359 - Loaded plugin tutovideos (category:base,tabindex:-1)
2025-10-25 07:55:40,704 [INFO] PluginManage:310 - Check plugin updater
2025-10-25 07:55:40,720 [INFO] PluginManage:359 - Loaded plugin updater (category:base,tabindex:12)
2025-10-25 07:55:40,721 [INFO] PluginManage:310 - Check plugin userauth
2025-10-25 07:55:40,724 [INFO] UserAuth:118 - Init User Auth plugin
2025-10-25 07:55:40,725 [INFO] PluginManage:359 - Loaded plugin userauth (category:base,tabindex:14)
2025-10-25 07:55:40,725 [INFO] PluginManage:283 - PluginManage : Loaded plugins [18]
2025-10-25 07:55:40,907 [INFO] PinOutPanel:1589 - setPackage(No Configuration,No Configuration)
2025-10-25 07:55:40,977 [INFO] CADModel:165 - CPN selected for project level
2025-10-25 07:55:40,977 [INFO] CADModel:114 - Register for checkConnection events
2025-10-25 07:55:40,993 [INFO] IPUIPlugin:80 - create IPUIPlugin
2025-10-25 07:55:40,993 [INFO] PluginManager:220 - loadIPPluginJar : add adc
2025-10-25 07:55:40,996 [INFO] IPUIPlugin:80 - create IPUIPlugin
2025-10-25 07:55:40,996 [INFO] PluginManager:220 - loadIPPluginJar : add aes
2025-10-25 07:55:40,998 [INFO] IPUIPlugin:80 - create IPUIPlugin
2025-10-25 07:55:40,998 [INFO] PluginManager:220 - loadIPPluginJar : add can
2025-10-25 07:55:40,999 [INFO] IPUIPlugin:80 - create IPUIPlugin
2025-10-25 07:55:40,999 [INFO] PluginManager:220 - loadIPPluginJar : add comp
2025-10-25 07:55:41,002 [INFO] IPUIPlugin:80 - create IPUIPlugin
2025-10-25 07:55:41,002 [INFO] PluginManager:220 - loadIPPluginJar : add cryp
2025-10-25 07:55:41,005 [INFO] IPUIPlugin:80 - create IPUIPlugin
2025-10-25 07:55:41,005 [INFO] PluginManager:220 - loadIPPluginJar : add ddr_ctrl_phy
2025-10-25 07:55:41,007 [INFO] IPUIPlugin:80 - create IPUIPlugin
2025-10-25 07:55:41,007 [INFO] PluginManager:220 - loadIPPluginJar : add dfsdm
2025-10-25 07:55:41,011 [INFO] IPUIPlugin:80 - create IPUIPlugin
2025-10-25 07:55:41,012 [INFO] PluginManager:220 - loadIPPluginJar : add dma
2025-10-25 07:55:41,014 [INFO] IPUIPlugin:80 - create IPUIPlugin
2025-10-25 07:55:41,014 [INFO] PluginManager:220 - loadIPPluginJar : add dma3
2025-10-25 07:55:41,017 [INFO] IPUIPlugin:80 - create IPUIPlugin
2025-10-25 07:55:41,017 [INFO] PluginManager:220 - loadIPPluginJar : add extmemmanager
2025-10-25 07:55:41,019 [INFO] IPUIPlugin:80 - create IPUIPlugin
2025-10-25 07:55:41,019 [INFO] PluginManager:220 - loadIPPluginJar : add fatfs
2025-10-25 07:55:41,022 [INFO] IPUIPlugin:80 - create IPUIPlugin
2025-10-25 07:55:41,023 [INFO] PluginManager:220 - loadIPPluginJar : add fmc
2025-10-25 07:55:41,028 [INFO] IPUIPlugin:80 - create IPUIPlugin
2025-10-25 07:55:41,029 [INFO] PluginManager:220 - loadIPPluginJar : add freertos
2025-10-25 07:55:41,030 [INFO] IPUIPlugin:80 - create IPUIPlugin
2025-10-25 07:55:41,030 [INFO] PluginManager:220 - loadIPPluginJar : add genericplugin
2025-10-25 07:55:41,032 [INFO] IPUIPlugin:80 - create IPUIPlugin
2025-10-25 07:55:41,032 [INFO] PluginManager:220 - loadIPPluginJar : add gfxmmu
2025-10-25 07:55:41,036 [INFO] IPUIPlugin:80 - create IPUIPlugin
2025-10-25 07:55:41,036 [INFO] PluginManager:220 - loadIPPluginJar : add gic
2025-10-25 07:55:41,040 [INFO] IPUIPlugin:80 - create IPUIPlugin
2025-10-25 07:55:41,040 [INFO] PluginManager:220 - loadIPPluginJar : add gpio
2025-10-25 07:55:41,043 [INFO] IPUIPlugin:80 - create IPUIPlugin
2025-10-25 07:55:41,043 [INFO] PluginManager:220 - loadIPPluginJar : add gtzc
2025-10-25 07:55:41,045 [INFO] IPUIPlugin:80 - create IPUIPlugin
2025-10-25 07:55:41,045 [INFO] PluginManager:220 - loadIPPluginJar : add hash
2025-10-25 07:55:41,047 [INFO] IPUIPlugin:80 - create IPUIPlugin
2025-10-25 07:55:41,048 [INFO] PluginManager:220 - loadIPPluginJar : add i2c
2025-10-25 07:55:41,050 [INFO] IPUIPlugin:80 - create IPUIPlugin
2025-10-25 07:55:41,050 [INFO] PluginManager:220 - loadIPPluginJar : add i2s
2025-10-25 07:55:41,053 [INFO] IPUIPlugin:80 - create IPUIPlugin
2025-10-25 07:55:41,054 [INFO] PluginManager:220 - loadIPPluginJar : add i3c
2025-10-25 07:55:41,057 [INFO] IPUIPlugin:80 - create IPUIPlugin
2025-10-25 07:55:41,057 [INFO] PluginManager:220 - loadIPPluginJar : add ipddr
2025-10-25 07:55:41,062 [INFO] IPUIPlugin:80 - create IPUIPlugin
2025-10-25 07:55:41,062 [INFO] PluginManager:220 - loadIPPluginJar : add linkedlist
2025-10-25 07:55:41,067 [INFO] IPUIPlugin:80 - create IPUIPlugin
2025-10-25 07:55:41,067 [INFO] PluginManager:220 - loadIPPluginJar : add lorawan
2025-10-25 07:55:41,070 [INFO] IPUIPlugin:80 - create IPUIPlugin
2025-10-25 07:55:41,070 [INFO] PluginManager:220 - loadIPPluginJar : add ltdc
2025-10-25 07:55:41,075 [INFO] IPUIPlugin:80 - create IPUIPlugin
2025-10-25 07:55:41,075 [INFO] PluginManager:220 - loadIPPluginJar : add mdma
2025-10-25 07:55:41,080 [INFO] IPUIPlugin:80 - create IPUIPlugin
2025-10-25 07:55:41,080 [INFO] PluginManager:220 - loadIPPluginJar : add nvic
2025-10-25 07:55:41,083 [INFO] IPUIPlugin:80 - create IPUIPlugin
2025-10-25 07:55:41,083 [INFO] PluginManager:220 - loadIPPluginJar : add opamp
2025-10-25 07:55:41,086 [INFO] IPUIPlugin:80 - create IPUIPlugin
2025-10-25 07:55:41,086 [INFO] PluginManager:220 - loadIPPluginJar : add openamp
2025-10-25 07:55:41,089 [INFO] IPUIPlugin:80 - create IPUIPlugin
2025-10-25 07:55:41,089 [INFO] PluginManager:220 - loadIPPluginJar : add pdm2pcm
2025-10-25 07:55:41,094 [INFO] IPUIPlugin:80 - create IPUIPlugin
2025-10-25 07:55:41,095 [INFO] PluginManager:220 - loadIPPluginJar : add plateformsettings
2025-10-25 07:55:41,097 [INFO] IPUIPlugin:80 - create IPUIPlugin
2025-10-25 07:55:41,097 [INFO] PluginManager:220 - loadIPPluginJar : add quadspi
2025-10-25 07:55:41,099 [INFO] IPUIPlugin:80 - create IPUIPlugin
2025-10-25 07:55:41,100 [INFO] PluginManager:220 - loadIPPluginJar : add radio
2025-10-25 07:55:41,104 [INFO] IPUIPlugin:80 - create IPUIPlugin
2025-10-25 07:55:41,104 [INFO] PluginManager:220 - loadIPPluginJar : add resmgrutility
2025-10-25 07:55:41,107 [INFO] IPUIPlugin:80 - create IPUIPlugin
2025-10-25 07:55:41,107 [INFO] PluginManager:220 - loadIPPluginJar : add sai
2025-10-25 07:55:41,110 [INFO] IPUIPlugin:80 - create IPUIPlugin
2025-10-25 07:55:41,111 [INFO] PluginManager:220 - loadIPPluginJar : add spi
2025-10-25 07:55:41,116 [INFO] IPUIPlugin:80 - create IPUIPlugin
2025-10-25 07:55:41,116 [INFO] PluginManager:220 - loadIPPluginJar : add stm32_wpan
2025-10-25 07:55:41,119 [INFO] IPUIPlugin:80 - create IPUIPlugin
2025-10-25 07:55:41,119 [INFO] PluginManager:220 - loadIPPluginJar : add tim
2025-10-25 07:55:41,122 [INFO] IPUIPlugin:80 - create IPUIPlugin
2025-10-25 07:55:41,122 [INFO] PluginManager:220 - loadIPPluginJar : add touchsensing
2025-10-25 07:55:41,124 [INFO] IPUIPlugin:80 - create IPUIPlugin
2025-10-25 07:55:41,124 [INFO] PluginManager:220 - loadIPPluginJar : add tracer_emb
2025-10-25 07:55:41,126 [INFO] IPUIPlugin:80 - create IPUIPlugin
2025-10-25 07:55:41,126 [INFO] PluginManager:220 - loadIPPluginJar : add ts
2025-10-25 07:55:41,128 [INFO] IPUIPlugin:80 - create IPUIPlugin
2025-10-25 07:55:41,128 [INFO] PluginManager:220 - loadIPPluginJar : add tsc
2025-10-25 07:55:41,130 [INFO] IPUIPlugin:80 - create IPUIPlugin
2025-10-25 07:55:41,130 [INFO] PluginManager:220 - loadIPPluginJar : add ucpd
2025-10-25 07:55:41,133 [INFO] IPUIPlugin:80 - create IPUIPlugin
2025-10-25 07:55:41,133 [INFO] PluginManager:220 - loadIPPluginJar : add usart
2025-10-25 07:55:41,136 [INFO] IPUIPlugin:80 - create IPUIPlugin
2025-10-25 07:55:41,136 [INFO] PluginManager:220 - loadIPPluginJar : add usbx
2025-10-25 07:55:41,184 [INFO] McuFinderGlobals:63 - Set McuFinder mode to 2 (CubeIDE integrated)
2025-10-25 07:55:41,259 [FATAL] Updater:351 - Updater called before beeing initialized
2025-10-25 07:55:41,286 [INFO] RulesReader:64 - Compatibility file has been processed (317 Rules)
2025-10-25 07:55:41,295 [INFO] RulesReader:64 - Compatibility file has been processed (317 Rules)
2025-10-25 07:55:41,304 [INFO] CADModel:165 - CPN selected for project level
2025-10-25 07:55:41,305 [INFO] CADModel:114 - Register for checkConnection events
2025-10-25 07:55:41,305 [FATAL] Updater:351 - Updater called before beeing initialized
2025-10-25 07:55:41,305 [ERROR] CADModel:125 - Updater not yet initialized, retry later 
2025-10-25 07:55:41,436 [FATAL] Updater:351 - Updater called before beeing initialized
2025-10-25 07:55:41,437 [INFO] CADModel:165 - CPN selected for project level
2025-10-25 07:55:41,437 [INFO] CADModel:114 - Register for checkConnection events
2025-10-25 07:55:41,437 [FATAL] Updater:351 - Updater called before beeing initialized
2025-10-25 07:55:41,437 [ERROR] CADModel:125 - Updater not yet initialized, retry later 
2025-10-25 07:55:41,440 [FATAL] Updater:351 - Updater called before beeing initialized
2025-10-25 07:55:41,544 [FATAL] Updater:351 - Updater called before beeing initialized
2025-10-25 07:55:41,556 [INFO] DbMcusAds:53 - JSON generation date=Thu Oct 02 17:36:05 CST 2025 (1759397765645)
2025-10-25 07:55:41,556 [FATAL] Updater:351 - Updater called before beeing initialized
2025-10-25 07:55:41,606 [WARN] DetailPanel:346 - Failed to get advertising image, set to default
2025-10-25 07:55:41,678 [FATAL] Updater:351 - Updater called before beeing initialized
2025-10-25 07:55:41,680 [FATAL] Updater:351 - Updater called before beeing initialized
2025-10-25 07:55:41,680 [FATAL] Updater:351 - Updater called before beeing initialized
2025-10-25 07:55:41,680 [WARN] DetailPanel:346 - Failed to get advertising image, set to default
2025-10-25 07:55:41,681 [FATAL] Updater:351 - Updater called before beeing initialized
2025-10-25 07:55:41,721 [ERROR] Updater:1198 - MainUpdater not yet initialized. External WinMGr cannot be set.
2025-10-25 07:55:41,723 [INFO] Updater:1134 - Updater Version found : 6.15.0
2025-10-25 07:55:41,736 [INFO] ApplicationProperties:184 - Using Application install path: C:\ST\STM32CubeIDE_1.19.0\STM32CubeIDE\plugins\com.st.stm32cube.common.mx_6.15.0.202507011659
2025-10-25 07:55:43,316 [ERROR] LogOutputStream:75 - [STDERR_REDIRECT] Oct 25, 2025 7:55:43 AM java.util.prefs.WindowsPreferences <init>
2025-10-25 07:55:43,317 [ERROR] LogOutputStream:75 - [STDERR_REDIRECT] WARNING: Could not open/create prefs root node Software\JavaSoft\Prefs at root 0xffffffff80000002. Windows RegCreateKeyEx(...) returned error code 5.
2025-10-25 07:55:43,317 [ERROR] LogOutputStream:75 - [STDERR_REDIRECT] 
2025-10-25 07:55:43,515 [INFO] ThirdPartyUpdaterWithRetryManager:70 - Updater plugin not ready yet. [2/15]
2025-10-25 07:55:43,614 [INFO] MainUpdater:2872 - connection check result : 10
2025-10-25 07:55:43,614 [INFO] MainUpdater:289 - Updater Check For Update Now.
2025-10-25 07:55:43,614 [INFO] MicroXplorer:498 - Change Database Version : DB.6.0.150
2025-10-25 07:55:43,632 [INFO] McuFinderGlobals:63 - Set McuFinder mode to 2 (CubeIDE integrated)
2025-10-25 07:55:43,632 [INFO] UserAuth:171 - activating auth plugin
2025-10-25 07:55:43,635 [INFO] UserAuth:487 - Internet connection configuration mode: 1
2025-10-25 07:55:43,676 [INFO] JxBrowserEngine:152 - Initiate JxBrowser Engine with user profile folder
2025-10-25 07:55:43,799 [INFO] CheckServerUpdateThread:120 - End of CheckServer Thread
2025-10-25 07:55:43,836 [INFO] MainUpdater:2872 - connection check result : 10
2025-10-25 07:55:43,837 [INFO] MainUpdater:2872 - connection check result : 10
2025-10-25 07:55:43,881 [INFO] MicroXplorer:468 - Change Database Path : 
2025-10-25 07:55:43,881 [INFO] MicroXplorer:498 - Change Database Version : DB.6.0.150
2025-10-25 07:55:43,895 [WARN] ThirdParty:871 - waiting for thirdparty lock release [close project]
2025-10-25 07:55:45,592 [INFO] WebApp:169 - Instantiating new browser for Auth
2025-10-25 07:55:46,463 [INFO] WebApp:463 - Apply proxy settings
2025-10-25 07:55:46,463 [INFO] WebApp:548 - Chromium requires no authentication
2025-10-25 07:55:46,512 [INFO] WebApp:491 - Direct internet connection detected
2025-10-25 07:55:46,595 [INFO] WebApp:900 - Register for checkConnection events
2025-10-25 07:55:46,595 [INFO] WebApp:463 - Apply proxy settings
2025-10-25 07:55:46,595 [INFO] WebApp:548 - Chromium requires no authentication
2025-10-25 07:55:46,595 [INFO] WebApp:491 - Direct internet connection detected
2025-10-25 07:55:46,766 [INFO] WebApp:191 - Connection restablished
2025-10-25 07:55:46,907 [WARN] PackLoader:240 - Cannot read IP mode file for STMicroelectronics.FP-SNS-MOTENVWB1.1.4.0
2025-10-25 07:55:46,915 [WARN] PackLoader:240 - Cannot read IP mode file for STMicroelectronics.FP-ATR-ASTRA1.2.0.2
2025-10-25 07:55:46,923 [WARN] PackLoader:240 - Cannot read IP mode file for STMicroelectronics.X-CUBE-SMBUS.2.1.0
2025-10-25 07:55:46,929 [WARN] PackLoader:240 - Cannot read IP mode file for STMicroelectronics.X-CUBE-ST60.1.0.0
2025-10-25 07:55:46,968 [WARN] PackLoader:240 - Cannot read IP mode file for STMicroelectronics.X-CUBE-AZRTOS-F7.1.1.0
2025-10-25 07:55:46,988 [WARN] PackLoader:240 - Cannot read IP mode file for WES.I-CUBE-Cesium.1.4.0
2025-10-25 07:55:47,033 [WARN] PackLoader:240 - Cannot read IP mode file for Infineon.AIROC-Wi-Fi-Bluetooth-STM32.1.7.1
2025-10-25 07:55:47,064 [WARN] PackLoader:240 - Cannot read IP mode file for STMicroelectronics.X-CUBE-AZRTOS-H7.3.4.0
2025-10-25 07:55:47,074 [WARN] PackLoader:240 - Cannot read IP mode file for STMicroelectronics.X-CUBE-DISPLAY.3.0.0
2025-10-25 07:55:47,089 [WARN] PackLoader:240 - Cannot read IP mode file for STMicroelectronics.X-CUBE-NFC10.1.0.0
2025-10-25 07:55:47,094 [WARN] PackLoader:240 - Cannot read IP mode file for STMicroelectronics.X-CUBE-ST60.1.1.0
2025-10-25 07:55:47,099 [WARN] PackLoader:240 - Cannot read IP mode file for emotas.I-CUBE-CANOPEN.1.3.0
2025-10-25 07:55:47,105 [WARN] PackLoader:240 - Cannot read IP mode file for STMicroelectronics.FP-SNS-STBOX1.2.1.0
2025-10-25 07:55:47,110 [WARN] PackLoader:240 - Cannot read IP mode file for STMicroelectronics.FP-SNS-SMARTAG2.1.2.0
2025-10-25 07:55:47,114 [WARN] PackLoader:240 - Cannot read IP mode file for STMicroelectronics.FP-SNS-FLIGHT1.5.1.0
2025-10-25 07:55:47,122 [INFO] LogOutputStream:77 - [STDOUT_REDIRECT] 1 : Invalid condition id : UX_CORESTACK_Condition cause : null
2025-10-25 07:55:47,124 [INFO] LogOutputStream:77 - [STDOUT_REDIRECT] 1 : Invalid condition id : UX_CORESTACK_Condition cause : null
2025-10-25 07:55:47,125 [INFO] LogOutputStream:77 - [STDOUT_REDIRECT] 1 : Invalid condition id : UX_CORESTACK_Condition cause : null
2025-10-25 07:55:47,126 [INFO] LogOutputStream:77 - [STDOUT_REDIRECT] 1 : Invalid condition id : UX_CORESTACK_Condition cause : null
2025-10-25 07:55:47,128 [INFO] LogOutputStream:77 - [STDOUT_REDIRECT] 1 : Invalid condition id : UX_CORESTACK_Condition cause : null
2025-10-25 07:55:47,130 [WARN] PackLoader:240 - Cannot read IP mode file for STMicroelectronics.X-CUBE-AZRTOS-WL.2.0.0
2025-10-25 07:55:47,134 [WARN] PackLoader:240 - Cannot read IP mode file for STMicroelectronics.FP-SNS-MOTENV1.5.0.0
2025-10-25 07:55:47,140 [WARN] PackLoader:240 - Cannot read IP mode file for STMicroelectronics.X-CUBE-BLE2.3.3.0
2025-10-25 07:55:47,146 [WARN] PackLoader:240 - Cannot read IP mode file for STMicroelectronics.X-CUBE-NFC9.1.0.0
2025-10-25 07:55:47,151 [WARN] PackLoader:240 - Cannot read IP mode file for wolfSSL.I-CUBE-wolfSSL.5.8.2
2025-10-25 07:55:47,155 [WARN] PackLoader:240 - Cannot read IP mode file for STMicroelectronics.X-CUBE-BLE1.7.1.0
2025-10-25 07:55:47,158 [WARN] PackLoader:240 - Cannot read IP mode file for wolfSSL.I-CUBE-wolfMQTT.1.19.2
2025-10-25 07:55:47,163 [WARN] PackLoader:240 - Cannot read IP mode file for STMicroelectronics.X-CUBE-EEPRMA1.5.2.0
2025-10-25 07:55:47,168 [WARN] PackLoader:240 - Cannot read IP mode file for STMicroelectronics.X-CUBE-ST67W61.1.1.0
2025-10-25 07:55:47,180 [WARN] PackLoader:240 - Cannot read IP mode file for STMicroelectronics.X-CUBE-AZRTOS-G0.1.1.0
2025-10-25 07:55:47,186 [WARN] PackLoader:240 - Cannot read IP mode file for STMicroelectronics.X-CUBE-SAFEA1.1.2.2
2025-10-25 07:55:47,279 [WARN] PackLoader:240 - Cannot read IP mode file for STMicroelectronics.X-CUBE-NFC4.3.0.0
2025-10-25 07:55:47,286 [WARN] PackLoader:240 - Cannot read IP mode file for EmbeddedOffice.I-CUBE-FS-RTOS.1.0.1
2025-10-25 07:55:47,291 [WARN] PackLoader:240 - Cannot read IP mode file for STMicroelectronics.X-CUBE-WB05N.2.0.0
2025-10-25 07:55:47,294 [WARN] PackLoader:240 - Cannot read IP mode file for wolfSSL.I-CUBE-wolfTPM.3.8.0
2025-10-25 07:55:47,298 [WARN] PackLoader:240 - Cannot read IP mode file for STMicroelectronics.X-CUBE-TCPP.4.2.0
2025-10-25 07:55:47,303 [WARN] PackLoader:240 - Cannot read IP mode file for RealThread.X-CUBE-RT-Thread_Nano.4.1.1
2025-10-25 07:55:47,306 [WARN] PackLoader:240 - Cannot read IP mode file for STMicroelectronics.FP-ATR-SIGFOX1.3.2.0
2025-10-25 07:55:47,312 [WARN] PackLoader:240 - Cannot read IP mode file for ITTIA_DB.I-CUBE-ITTIADB.8.9.0
2025-10-25 07:55:47,323 [WARN] PackLoader:240 - Cannot read IP mode file for STMicroelectronics.X-CUBE-ST67W61.1.0.0
2025-10-25 07:55:47,328 [WARN] PackLoader:240 - Cannot read IP mode file for STMicroelectronics.X-CUBE-AI.10.2.0
2025-10-25 07:55:47,349 [WARN] PackLoader:240 - Cannot read IP mode file for SEGGER.I-CUBE-embOS.1.3.1
2025-10-25 07:55:47,374 [WARN] PackLoader:240 - Cannot read IP mode file for STMicroelectronics.X-CUBE-ALGOBUILD.1.4.0
2025-10-25 07:55:47,375 [INFO] WebApp:225 - Starting web application
2025-10-25 07:55:47,375 [INFO] WebApp:593 - Web application path used C:\ST\STM32CubeIDE_1.19.0\STM32CubeIDE\plugins\com.st.stm32cube.common.mx_6.15.0.202507011659\db\plugins\mcufinder\reactClient1\index.html
2025-10-25 07:55:47,407 [WARN] PackLoader:240 - Cannot read IP mode file for STMicroelectronics.X-CUBE-MEMS1.11.3.0
2025-10-25 07:55:47,490 [WARN] PackLoader:240 - Cannot read IP mode file for STMicroelectronics.X-CUBE-PM33A1.1.0.0
2025-10-25 07:55:47,500 [WARN] PackLoader:240 - Cannot read IP mode file for STMicroelectronics.X-CUBE-AZRTOS-F4.1.1.0
2025-10-25 07:55:47,504 [WARN] PackLoader:240 - Cannot read IP mode file for Avnet-IotConnect.X-CUBE-IoTC-DA16k-PMOD.1.0.0
2025-10-25 07:55:47,508 [WARN] PackLoader:240 - Cannot read IP mode file for STMicroelectronics.X-CUBE-ISPU.2.1.0
2025-10-25 07:55:47,516 [WARN] PackLoader:240 - Cannot read IP mode file for STMicroelectronics.X-CUBE-IPS.3.2.0
2025-10-25 07:55:47,525 [WARN] PackLoader:240 - Cannot read IP mode file for STMicroelectronics.X-CUBE-NFC12.1.0.0
2025-10-25 07:55:47,535 [WARN] PackLoader:240 - Cannot read IP mode file for STMicroelectronics.X-CUBE-AZRTOS-L5.2.0.0
2025-10-25 07:55:47,542 [WARN] PackLoader:240 - Cannot read IP mode file for STMicroelectronics.X-CUBE-NFC6.3.1.0
2025-10-25 07:55:47,547 [WARN] PackLoader:240 - Cannot read IP mode file for STMicroelectronics.X-CUBE-FREERTOS.1.3.1
2025-10-25 07:55:47,553 [WARN] PackLoader:240 - Cannot read IP mode file for STMicroelectronics.X-CUBE-TOUCHGFX.4.26.0
2025-10-25 07:55:47,557 [WARN] PackLoader:240 - Cannot read IP mode file for STMicroelectronics.FP-SNS-STAIOTCFT.1.0.0
2025-10-25 07:55:47,562 [WARN] PackLoader:240 - Cannot read IP mode file for STMicroelectronics.X-CUBE-DPower.1.3.0
2025-10-25 07:55:47,573 [WARN] ConditionMgr:438 - getConditionDescription Invalid condition id : LAN8742 Phy interface Condition cause : null
2025-10-25 07:55:47,573 [WARN] PackLoader:240 - Cannot read IP mode file for STMicroelectronics.X-CUBE-AZRTOS-L4.2.0.0
2025-10-25 07:55:47,574 [WARN] ConditionMgr:1044 - genDependencies : Invalid condition id : LAN8742 Phy interface Condition cause : null
2025-10-25 07:55:47,574 [WARN] ConditionMgr:1044 - genDependencies : Invalid condition id : LAN8742 Phy interface Condition cause : null
2025-10-25 07:55:47,574 [WARN] ConditionMgr:1044 - genDependencies : Invalid condition id : LAN8742 Phy interface Condition cause : null
2025-10-25 07:55:47,580 [WARN] PackLoader:240 - Cannot read IP mode file for STMicroelectronics.X-CUBE-SFXS2LP1.4.0.0
2025-10-25 07:55:47,588 [WARN] PackLoader:240 - Cannot read IP mode file for STMicroelectronics.X-CUBE-BLEMGR.4.1.0
2025-10-25 07:55:47,598 [WARN] ConditionMgr:438 - getConditionDescription Invalid condition id : UX DEVICE CLASS RTOS Condition cause : null
2025-10-25 07:55:47,598 [WARN] ConditionMgr:438 - getConditionDescription Invalid condition id : UX DEVICE CLASS RTOS Condition cause : null
2025-10-25 07:55:47,599 [WARN] PackLoader:240 - Cannot read IP mode file for STMicroelectronics.X-CUBE-AZRTOS-WB.2.0.0
2025-10-25 07:55:47,600 [WARN] ConditionMgr:1044 - genDependencies : Invalid condition id : UX DEVICE CLASS RTOS Condition cause : null
2025-10-25 07:55:47,600 [WARN] ConditionMgr:1044 - genDependencies : Invalid condition id : UX DEVICE CLASS RTOS Condition cause : null
2025-10-25 07:55:47,600 [WARN] ConditionMgr:1044 - genDependencies : Invalid condition id : UX DEVICE CLASS RTOS Condition cause : null
2025-10-25 07:55:47,600 [WARN] ConditionMgr:1044 - genDependencies : Invalid condition id : UX DEVICE CLASS RTOS Condition cause : null
2025-10-25 07:55:47,600 [WARN] ConditionMgr:1044 - genDependencies : Invalid condition id : UX DEVICE CLASS RTOS Condition cause : null
2025-10-25 07:55:47,604 [WARN] PackLoader:240 - Cannot read IP mode file for STMicroelectronics.X-CUBE-GNSS1.7.0.1
2025-10-25 07:55:47,607 [WARN] PackLoader:240 - Cannot read IP mode file for STMicroelectronics.X-CUBE-TOUCHGFX.4.25.0
2025-10-25 07:55:47,611 [WARN] ConditionMgr:438 - getConditionDescription Invalid condition id : Cortex-A Device cause : null
2025-10-25 07:55:47,623 [WARN] ConditionMgr:1044 - genDependencies : Invalid condition id : Cortex-A Device cause : null
2025-10-25 07:55:47,623 [WARN] ConditionMgr:1044 - genDependencies : Invalid condition id : Cortex-A Device cause : null
2025-10-25 07:55:47,623 [WARN] ConditionMgr:1044 - genDependencies : Invalid condition id : Cortex-A Device cause : null
2025-10-25 07:55:47,630 [WARN] PackLoader:240 - Cannot read IP mode file for STMicroelectronics.X-CUBE-SUBG2.5.0.0
2025-10-25 07:55:47,652 [WARN] PackLoader:240 - Cannot read IP mode file for STMicroelectronics.X-CUBE-AZRTOS-H7RS.1.1.0
2025-10-25 07:55:47,661 [WARN] PackLoader:240 - Cannot read IP mode file for Cesanta.I-CUBE-Mongoose.7.13.0
2025-10-25 07:55:47,674 [WARN] PackLoader:240 - Cannot read IP mode file for STMicroelectronics.X-CUBE-AZRTOS-G4.2.0.0
2025-10-25 07:55:47,678 [WARN] PackLoader:240 - Cannot read IP mode file for wolfSSL.I-CUBE-wolfSSH.1.4.20
2025-10-25 07:55:47,710 [WARN] PackLoader:240 - Cannot read IP mode file for STMicroelectronics.X-CUBE-NFC7.2.0.0
2025-10-25 07:55:47,721 [WARN] PackLoader:240 - Cannot read IP mode file for STMicroelectronics.X-CUBE-IPS.3.1.0
2025-10-25 07:55:47,729 [WARN] PackLoader:240 - Cannot read IP mode file for STMicroelectronics.X-CUBE-ALS.1.0.2
2025-10-25 07:55:47,736 [WARN] PackLoader:240 - Cannot read IP mode file for STMicroelectronics.X-CUBE-STSE01.1.0.0
2025-10-25 07:55:47,747 [WARN] PackLoader:240 - Cannot read IP mode file for STMicroelectronics.X-CUBE-TOF1.3.4.3
2025-10-25 07:55:47,756 [INFO] ThirdParty:978 - Integrity check success = true
2025-10-25 07:55:47,756 [INFO] IntegrityCheckThread:100 - exiting critical section [integrity check]
2025-10-25 07:55:47,756 [INFO] IntegrityCheckThread:103 - End integrity checks thread
2025-10-25 07:55:47,756 [INFO] ThirdParty:873 - entering critical section [close project]
2025-10-25 07:55:47,758 [INFO] ThirdParty:883 - exiting critical section [close project]
2025-10-25 07:55:47,763 [INFO] PinOutPanel:1589 - setPackage(No Configuration,No Configuration)
2025-10-25 07:55:47,765 [INFO] UtilMem:75 - Begin LoadConfig() Used Memory: 257616872 Bytes (387973120)
2025-10-25 07:55:47,766 [INFO] MicroXplorer:468 - Change Database Path : 
2025-10-25 07:55:47,767 [INFO] MicroXplorer:498 - Change Database Version : DB.6.0.150
2025-10-25 07:55:47,767 [INFO] OpenFileManager:355 - Change cursor
2025-10-25 07:55:47,828 [INFO] Mcu:2029 - Initializing MCU STM32L476R(C-E-G)Tx STM32L476RGTx STM32L476RGT3
2025-10-25 07:55:49,800 [INFO] Context:786 - Trying to add GPIOservice into a context  which must be forbidden
2025-10-25 07:55:50,321 [INFO] ImportTextPane:234 - (OptionalMessage_ERROR) Pin9 (VP_RIF_VS_RIF1) cannot be retrieved for this MCU
2025-10-25 07:55:50,463 [INFO] RtosManager:558 - Registered RTOS mode: class=CMSIS, group=RTOS, mode=CMSIS_V1, owner=FREERTOS
2025-10-25 07:55:50,463 [INFO] RtosManager:558 - Registered RTOS mode: class=CMSIS, group=RTOS2, mode=CMSIS_V2, owner=FREERTOS
2025-10-25 07:55:50,463 [INFO] RtosManager:558 - Registered RTOS mode: class=RTOS, group=Core, mode=CMSIS_V1, owner=FREERTOS
2025-10-25 07:55:50,463 [INFO] RtosManager:558 - Registered RTOS mode: class=RTOS, group=Core, mode=CMSIS_V2, owner=FREERTOS
2025-10-25 07:55:50,463 [WARN] ModelIntegratedComponent:184 - Missing modes for component STMicroelectronics:FreeRTOS:0.0.1:STMicroelectronics:RTOS:FreeRTOS:Core:::10.2.0:
2025-10-25 07:55:50,481 [WARN] ModelIntegratedComponent:63 - No mode defined for component null
2025-10-25 07:55:50,481 [WARN] ModelIntegratedComponent:63 - No mode defined for component null
2025-10-25 07:55:50,481 [WARN] ModelIntegratedComponent:63 - No mode defined for component null
2025-10-25 07:55:50,481 [WARN] ModelIntegratedComponent:63 - No mode defined for component null
2025-10-25 07:55:50,481 [WARN] ModelIntegratedComponent:63 - No mode defined for component null
2025-10-25 07:55:50,481 [WARN] ModelIntegratedComponent:63 - No mode defined for component null
2025-10-25 07:55:50,481 [WARN] ModelIntegratedComponent:63 - No mode defined for component null
2025-10-25 07:55:50,481 [WARN] ModelIntegratedComponent:63 - No mode defined for component null
2025-10-25 07:55:50,481 [WARN] ModelIntegratedComponent:63 - No mode defined for component null
2025-10-25 07:55:50,481 [WARN] ModelIntegratedComponent:63 - No mode defined for component null
2025-10-25 07:55:50,481 [WARN] ModelIntegratedComponent:63 - No mode defined for component null
2025-10-25 07:55:50,481 [WARN] ModelIntegratedComponent:63 - No mode defined for component null
2025-10-25 07:55:50,481 [WARN] ModelIntegratedComponent:63 - No mode defined for component null
2025-10-25 07:55:50,481 [WARN] ModelIntegratedComponent:63 - No mode defined for component null
2025-10-25 07:55:50,481 [WARN] ModelIntegratedComponent:63 - No mode defined for component null
2025-10-25 07:55:50,481 [WARN] ModelIntegratedComponent:63 - No mode defined for component null
2025-10-25 07:55:50,481 [WARN] ModelIntegratedComponent:63 - No mode defined for component null
2025-10-25 07:55:50,481 [WARN] ModelIntegratedComponent:63 - No mode defined for component null
2025-10-25 07:55:50,481 [WARN] ModelIntegratedComponent:63 - No mode defined for component null
2025-10-25 07:55:50,482 [WARN] ModelIntegratedComponent:63 - No mode defined for component null
2025-10-25 07:55:50,482 [WARN] ModelIntegratedComponent:63 - No mode defined for component null
2025-10-25 07:55:50,482 [WARN] ModelIntegratedComponent:63 - No mode defined for component null
2025-10-25 07:55:50,482 [WARN] ModelIntegratedComponent:63 - No mode defined for component null
2025-10-25 07:55:50,482 [WARN] ModelIntegratedComponent:63 - No mode defined for component null
2025-10-25 07:55:50,482 [WARN] ModelIntegratedComponent:63 - No mode defined for component null
2025-10-25 07:55:50,482 [WARN] ModelIntegratedComponent:63 - No mode defined for component null
2025-10-25 07:55:50,482 [WARN] ModelIntegratedComponent:63 - No mode defined for component null
2025-10-25 07:55:50,482 [WARN] ModelIntegratedComponent:63 - No mode defined for component null
2025-10-25 07:55:50,482 [WARN] ModelIntegratedComponent:63 - No mode defined for component null
2025-10-25 07:55:50,482 [WARN] ModelIntegratedComponent:63 - No mode defined for component null
2025-10-25 07:55:50,482 [WARN] ModelIntegratedComponent:63 - No mode defined for component null
2025-10-25 07:55:50,482 [WARN] ModelIntegratedComponent:63 - No mode defined for component null
2025-10-25 07:55:50,482 [WARN] ModelIntegratedComponent:63 - No mode defined for component null
2025-10-25 07:55:50,482 [WARN] ModelIntegratedComponent:63 - No mode defined for component null
2025-10-25 07:55:50,482 [WARN] ModelIntegratedComponent:63 - No mode defined for component null
2025-10-25 07:55:50,482 [WARN] ModelPack:524 - Component already loaded: STMicroelectronics:HAL Drivers:0.0.0:STMicroelectronics:Device:STMicro_Driver:XSPI:HAL::0.0.1:HAL_XSPI
2025-10-25 07:55:50,609 [INFO] ThirdPartyModel:298 - Start build external matchings
2025-10-25 07:55:51,028 [INFO] ThirdPartyModel:316 - End build external matchings
2025-10-25 07:55:51,040 [INFO] ImportTextPane:234 - (OptionalMessage_ERROR) IP (ADC1) : Parameter (CommonPathInternal) has invalid value (null|null|null|null)
2025-10-25 07:55:51,385 [INFO] ApiDb:581 - Connected to CubeFinder SQLite database (C:\Users\user\.stmcufinder\plugins\mcufinder\mcu\cube-finder-db.db)
2025-10-25 07:55:51,498 [INFO] ApiDb:668 - CubeFinder database Data Model version=2.1
2025-10-25 07:55:51,498 [INFO] ApiDb:669 - CubeFinder database Configuration version=3.0.39
2025-10-25 07:55:51,498 [INFO] ApiDb:670 - CubeFinder database generation date=2025-08-25 (1756130511)
2025-10-25 07:55:51,499 [INFO] ApiDb:671 - CubeFinder database FW Pack versions=[FP-ATR-ASTRA1_V2.0.0, FP-SNS-FLIGHT1_V5.1.0, FP-SNS-MOTENV1_V5.0.0, FP-SNS-MOTENVWB1_V1.4.0, FP-SNS-SMARTAG2_V1.2.0, FP-SNS-STBOX1_V2.1.0, STM32Cube_FW_C0_V1.4.0, STM32Cube_FW_F4_V1.28.3, STM32Cube_FW_F7_V1.17.4, STM32Cube_FW_G0_V1.6.2, STM32Cube_FW_G4_V1.6.1, STM32Cube_FW_H5_V1.5.0, STM32Cube_FW_H7RS_V1.2.0, STM32Cube_FW_H7_V1.12.1, STM32Cube_FW_L0_V1.12.2, STM32Cube_FW_L4_V1.18.1, STM32Cube_FW_L5_V1.5.1, STM32Cube_FW_N6_V1.2.0, STM32Cube_FW_U0_V1.3.0, STM32Cube_FW_U3_V1.2.0, STM32Cube_FW_U5_V1.8.0, STM32Cube_FW_WB0_V1.3.0, STM32Cube_FW_WBA_V1.7.0, STM32Cube_FW_WB_V1.23.0, STM32Cube_FW_WL3_V1.2.0, STM32Cube_FW_WL_V1.3.1, X-CUBE-ALGOBUILD_V1.4.0, X-CUBE-ALS_V1.0.2, X-CUBE-AZRTOS-F4_V1.1.0, X-CUBE-AZRTOS-F7_V1.1.0, X-CUBE-AZRTOS-G0_V1.1.0, X-CUBE-AZRTOS-G4_V2.0.0, X-CUBE-AZRTOS-H7RS_V1.1.0, X-CUBE-AZRTOS-H7_V3.4.0, X-CUBE-AZRTOS-L4_V2.0.0, X-CUBE-AZRTOS-L5_V2.0.0, X-CUBE-AZRTOS-WB_V2.0.0, X-CUBE-AZRTOS-WL_V2.0.0, X-CUBE-BLE1_V7.1.0, X-CUBE-BLE2_V3.3.0, X-CUBE-BLEMGR_V4.1.0, X-CUBE-EEPRMA1_V5.2.0, X-CUBE-FREERTOS_V1.3.1, X-CUBE-GNSS1_V6.0.0, X-CUBE-MEMS1_V11.3.0, X-CUBE-NFC4_V3.0.0, X-CUBE-NFC7_V2.0.0, X-CUBE-SFXS2LP1_V4.0.0, X-CUBE-ST67W61_V1.0.0, X-CUBE-SUBG2_V5.0.0, X-CUBE-TOF1_V3.4.3]
2025-10-25 07:55:51,662 [INFO] DbBoardsSqlite:226 - include board P-NUCLEO-WB55-NUCLEO as a kit item of type 'Nucleo-64'
2025-10-25 07:55:51,662 [INFO] DbBoardsSqlite:226 - include board P-NUCLEO-WB55-USBDONGLE as a kit item of type 'Nucleo USB Dongle'
2025-10-25 07:55:51,663 [INFO] DbBoardsSqlite:226 - include board STEVAL-IDP005V1 as a kit item of type 'Evaluation Board'
2025-10-25 07:55:51,664 [INFO] DbBoardsSqlite:226 - include board STEVAL-IDP005V2 as a kit item of type 'Evaluation Board'
2025-10-25 07:55:52,788 [INFO] ApiDb:240 - Found 880 in-development CPN: [B-G473E-ZEST1S, B-WB1M-WPAN1, B-WBA5M-WPAN, B-WL5M-SUBG1, NUCLEO-C031C6, NUCLEO-C051C8, NUCLEO-C071RB, NUCLEO-C092RC, NUCLEO-H503RB, NUCLEO-H533RE, NUCLEO-H563ZI, NUCLEO-H7S3L8, NUCLEO-N657X0-Q, NUCLEO-U031R8, NUCLEO-U083RC, NUCLEO-U385RG-Q, NUCLEO-U545RE-Q, NUCLEO-U5A5ZJ-Q, NUCLEO-WB05KZ, NUCLEO-WB07CC, NUCLEO-WB09KE, NUCLEO-WBA52CG, NUCLEO-WBA55CG, NUCLEO-WL33CC1, NUCLEO-WL33CC2, STEVAL-PROTEUS1, STEVAL-SMARTAG2, STEVAL-STWINBX1, STM320518-EVAL, STM32C0116-DK, STM32C011D6Y3TR, STM32C011D6Y6TR, STM32C011F4P3, STM32C011F4P6, STM32C011F4U3, STM32C011F4U6TR, STM32C011F6P3, STM32C011F6P6, STM32C011F6U3, STM32C011F6U6TR, STM32C011J4M3, STM32C011J4M6, STM32C011J6M3, STM32C011J6M6, STM32C0316-DK, STM32C031C4T3, STM32C031C4T6, STM32C031C4U3, STM32C031C4U6, STM32C031C6T3, STM32C031C6T6, STM32C031C6U3, STM32C031C6U6, STM32C031F4P3, STM32C031F4P6, STM32C031F6P3, STM32C031F6P6, STM32C031G4U3, STM32C031G4U6, STM32C031G6U3, STM32C031G6U6, STM32C031K4T3, STM32C031K4T6, STM32C031K4U3, STM32C031K4U6, STM32C031K6T3, STM32C031K6T6, STM32C031K6U3, STM32C031K6U6, STM32C051C6T6, STM32C051C6U6, STM32C051C8T6, STM32C051C8U6, STM32C051D8Y6TR, STM32C051F6P6, STM32C051F8P6, STM32C051G6U6, STM32C051G8U6, STM32C051K6T6, STM32C051K6U6, STM32C051K8T6, STM32C071C8T6, STM32C071C8T6N, STM32C071C8U6, STM32C071C8U6N, STM32C071CBT6, STM32C071CBT6N, STM32C071CBU6, STM32C071CBU6N, STM32C071F8P6, STM32C071F8P6N, STM32C071FBP6, STM32C071FBP6N, STM32C071FBY6TR, STM32C071G8U6, STM32C071G8U6N, STM32C071GBU6, STM32C071GBU6N, STM32C071K8T6, STM32C071K8T6N, STM32C071K8U6, STM32C071K8U6N, STM32C071KBT6, STM32C071KBT6N, STM32C071KBU6, STM32C071KBU6N, STM32C071R8T6, STM32C071R8T6N, STM32C071RBI6N, STM32C071RBT6, STM32C071RBT6N, STM32C091CBT6, STM32C091CBU6, STM32C091CCT6, STM32C091CCU6, STM32C091ECY6TR, STM32C091FBP6, STM32C091FCP6, STM32C091GBU6, STM32C091GCU6, STM32C091KBT6, STM32C091KBU6, STM32C091KCT6, STM32C091KCU6, STM32C091RBT6, STM32C091RCI6, STM32C091RCT6, STM32C092CBT6, STM32C092CBU6, STM32C092CCT6, STM32C092CCU6, STM32C092ECY6TR, STM32C092FBP6, STM32C092FCP6, STM32C092GBU6, STM32C092GCU6, STM32C092KBT6, STM32C092KBU6, STM32C092KCT6, STM32C092KCU6, STM32C092RBT6, STM32C092RCI6, STM32C092RCT6, STM32G071K8TXN, STM32G071K8UXN, STM32G081GBU6N, STM32G081KBT6N, STM32G081KBUXN, STM32G0B1CCT6N, STM32G0B1KCT6, STM32G0B1NEY6TR, STM32G0B1RCT6N, STM32G0C1CCT6, STM32G0C1CCT6N, STM32G0C1CCU6N, STM32G0C1CET6N, STM32G0C1CEU6N, STM32G0C1KCT6, STM32G0C1NEY6TR, STM32G0C1RCI6N, STM32G0C1RCT6N, STM32G0C1REI6N, STM32G0C1RET6N, STM32G0C1VCI6, STM32G0C1VEI6, STM32G411C6T3, STM32G411C6T6, STM32G411C6U3, STM32G411C6U6, STM32G411C8T3, STM32G411C8T6, STM32G411C8U3, STM32G411C8U6, STM32G411CBT3, STM32G411CBT6, STM32G411CBU3, STM32G411CBU6, STM32G411K6T3, STM32G411K6T6, STM32G411K6U3, STM32G411K6U6, STM32G411K8T3, STM32G411K8T6, STM32G411K8U3, STM32G411K8U6, STM32G411KBT3, STM32G411KBT6, STM32G411KBU3, STM32G411KBU6, STM32G411M6T3, STM32G411M6T6, STM32G411M8T3, STM32G411M8T6, STM32G411MBT3, STM32G411MBT6, STM32G411R6T3, STM32G411R6T6, STM32G411R8T3, STM32G411R8T6, STM32G411RBT3, STM32G411RBT6, STM32G414CBT3, STM32G414CBT6, STM32G414CBU3, STM32G414CBU6, STM32G414CCT3, STM32G414CCT6, STM32G414CCU3, STM32G414CCU6, STM32G414MBT3, STM32G414MBT6, STM32G414MCT3, STM32G414MCT6, STM32G414RBT3, STM32G414RBT6, STM32G414RCT3, STM32G414RCT6, STM32G414VBT3, STM32G414VBT6, STM32G414VCT3, STM32G414VCT6, STM32G431CBT3Z, STM32G431RBT3Z, STM32G471CCT6, STM32G471CCU6, STM32G471CET3, STM32G471CET6, STM32G471CEU3, STM32G471CEU6, STM32G471MCT6, STM32G471MET3, STM32G471MET6, STM32G471MEY6TR, STM32G471QCT6, STM32G471QET3, STM32G471RCT6, STM32G471RET3, STM32G471RET6, STM32G471VCH6, STM32G471VCI6, STM32G471VCT6, STM32G471VEH3, STM32G471VEH6, STM32G471VEI3, STM32G471VEI6, STM32G471VET3, STM32G471VET6, STM32G473QET3Z, STM32G473RET3Z, STM32G474CCT6, STM32G491RET3Z, STM32H503CBT6, STM32H503CBU6, STM32H503EBY6TR, STM32H503KBU6, STM32H503RBT6, STM32H523CCT6, STM32H523CCU6, STM32H523CET6, STM32H523CEU6, STM32H523HEY6TR, STM32H523RCT6, STM32H523RET6, STM32H523VCI6, STM32H523VCT6, STM32H523VEI6, STM32H523VET6, STM32H523ZCJ6, STM32H523ZCT6, STM32H523ZEJ6, STM32H523ZET6, STM32H533CET6, STM32H533CEU6, STM32H533HEY6TR, STM32H533RET6, STM32H533VEI6, STM32H533VET6, STM32H533ZEJ6, STM32H533ZET6, STM32H562AGI6, STM32H562AII6, STM32H562IGK6, STM32H562IGT6, STM32H562IIK6, STM32H562IIT6, STM32H562RGT6, STM32H562RGV6, STM32H562RIT6, STM32H562RIV6, STM32H562VGT6, STM32H562VIT6, STM32H562ZGT6, STM32H562ZIT6, STM32H563AGI6, STM32H563AII3Q, STM32H563AII6, STM32H563IGK6, STM32H563IGT6, STM32H563IIK3Q, STM32H563IIK6, STM32H563IIT3Q, STM32H563IIT6, STM32H563MIY3QTR, STM32H563RGT6, STM32H563RGV6, STM32H563RIT6, STM32H563RIV6, STM32H563VGT6, STM32H563VIT3Q, STM32H563VIT6, STM32H563ZGT6, STM32H563ZIT3Q, STM32H563ZIT6, STM32H573AII3Q, STM32H573AII6, STM32H573I-DK, STM32H573IIK3Q, STM32H573IIK6, STM32H573IIT3Q, STM32H573IIT6, STM32H573MIY3QTR, STM32H573RIT6, STM32H573RIV6, STM32H573VIT3Q, STM32H573VIT6, STM32H573ZIT3Q, STM32H573ZIT6, STM32H7R3A8I6, STM32H7R3I8K6, STM32H7R3I8T6, STM32H7R3L8H6, STM32H7R3L8H6H, STM32H7R3R8V6, STM32H7R3V8H6, STM32H7R3V8T6, STM32H7R3V8Y6TR, STM32H7R3Z8J6, STM32H7R3Z8T6, STM32H7R7A8I6, STM32H7R7I8K6, STM32H7R7I8T6, STM32H7R7L8H6, STM32H7R7L8H6H, STM32H7R7Z8J6, STM32H7S3A8I6, STM32H7S3I8K6, STM32H7S3I8T6, STM32H7S3L8H6, STM32H7S3L8H6H, STM32H7S3R8V6, STM32H7S3V8H6, STM32H7S3V8T6, STM32H7S3V8Y6TR, STM32H7S3Z8J6, STM32H7S3Z8T6, STM32H7S78-DK, STM32H7S7A8I6, STM32H7S7I8K6, STM32H7S7I8T6, STM32H7S7L8H6, STM32H7S7L8H6H, STM32H7S7Z8J6, STM32L4R5QGI6STR, STM32MP131AAE3, STM32MP131AAF3, STM32MP131AAG3, STM32MP131CAE3, STM32MP131CAF3, STM32MP131CAG3, STM32MP131DAE7, STM32MP131DAF7, STM32MP131DAG7, STM32MP131FAE7, STM32MP131FAF7, STM32MP131FAG7, STM32MP133AAE3, STM32MP133AAF3, STM32MP133AAG3, STM32MP133CAE3, STM32MP133CAF3, STM32MP133CAG3, STM32MP133DAE7, STM32MP133DAF7, STM32MP133DAG7, STM32MP133FAE7, STM32MP133FAF7, STM32MP133FAG7, STM32MP135AAE3, STM32MP135AAF3, STM32MP135AAG3, STM32MP135CAE3, STM32MP135CAF3, STM32MP135CAG3, STM32MP135DAE7, STM32MP135DAF7, STM32MP135DAG7, STM32MP135F-DK, STM32MP135FAE7, STM32MP135FAF7, STM32MP135FAF7T, STM32MP135FAF7U, STM32MP135FAG7, STM32MP211AAL3, STM32MP211AAM3, STM32MP211AAN3, STM32MP211AAO3, STM32MP211CAL3, STM32MP211CAM3, STM32MP211CAN3, STM32MP211CAO3, STM32MP211DAL3, STM32MP211DAM3, STM32MP211DAN3, STM32MP211DAO3, STM32MP211FAL3, STM32MP211FAM3, STM32MP211FAN3, STM32MP211FAO3, STM32MP213AAL3, STM32MP213AAM3, STM32MP213AAN3, STM32MP213AAO3, STM32MP213CAL3, STM32MP213CAM3, STM32MP213CAN3, STM32MP213CAO3, STM32MP213DAL3, STM32MP213DAM3, STM32MP213DAN3, STM32MP213DAO3, STM32MP213FAL3, STM32MP213FAM3, STM32MP213FAN3, STM32MP213FAO3, STM32MP215AAL3, STM32MP215AAM3, STM32MP215AAN3, STM32MP215AAO3, STM32MP215CAL3, STM32MP215CAM3, STM32MP215CAN3, STM32MP215CAO3, STM32MP215DAL3, STM32MP215DAM3, STM32MP215DAN3, STM32MP215DAO3, STM32MP215F-DK, STM32MP215FAL3, STM32MP215FAM3, STM32MP215FAN3, STM32MP215FAO3, STM32MP231AAJ3, STM32MP231AAK3, STM32MP231AAL3, STM32MP231CAJ3, STM32MP231CAK3, STM32MP231CAL3, STM32MP231DAJ3, STM32MP231DAK3, STM32MP231DAL3, STM32MP231FAJ3, STM32MP231FAK3, STM32MP231FAL3, STM32MP233AAJ3, STM32MP233AAK3, STM32MP233AAL3, STM32MP233CAJ3, STM32MP233CAK3, STM32MP233CAL3, STM32MP233DAJ3, STM32MP233DAK3, STM32MP233DAL3, STM32MP233FAJ3, STM32MP233FAK3, STM32MP233FAL3, STM32MP235AAJ3, STM32MP235AAK3, STM32MP235AAL3, STM32MP235CAJ3, STM32MP235CAK3, STM32MP235CAL3, STM32MP235DAJ3, STM32MP235DAK3, STM32MP235DAL3, STM32MP235FAJ3, STM32MP235FAK3, STM32MP235FAL3, STM32MP251AAI3, STM32MP251AAK3, STM32MP251AAL3, STM32MP251CAI3, STM32MP251CAK3, STM32MP251CAL3, STM32MP251DAI3, STM32MP251DAK3, STM32MP251DAL3, STM32MP251FAI3, STM32MP251FAK3, STM32MP251FAL3, STM32MP253AAI3, STM32MP253AAK3, STM32MP253AAL3, STM32MP253CAI3, STM32MP253CAK3, STM32MP253CAL3, STM32MP253DAI3, STM32MP253DAK3, STM32MP253DAL3, STM32MP253FAI3, STM32MP253FAK3, STM32MP253FAL3, STM32MP255AAI3, STM32MP255AAK3, STM32MP255AAL3, STM32MP255CAI3, STM32MP255CAK3, STM32MP255CAL3, STM32MP255DAI3, STM32MP255DAK3, STM32MP255DAL3, STM32MP255FAI3, STM32MP255FAK3, STM32MP255FAL3, STM32MP257AAI3, STM32MP257AAK3, STM32MP257AAL3, STM32MP257CAI3, STM32MP257CAK3, STM32MP257CAL3, STM32MP257DAI3, STM32MP257DAK3, STM32MP257DAL3, STM32MP257F-DK, STM32MP257F-EV1, STM32MP257FAI3, STM32MP257FAK3, STM32MP257FAL3, STM32N645A0H3Q, STM32N645B0H3Q, STM32N645I0H3Q, STM32N645L0H3Q, STM32N645X0H3Q, STM32N645Z0H3Q, STM32N647A0H3Q, STM32N647B0H3Q, STM32N647I0H3Q, STM32N647L0H3Q, STM32N647X0H3Q, STM32N647Z0H3Q, STM32N655A0H3Q, STM32N655B0H3Q, STM32N655I0H3Q, STM32N655L0H3Q, STM32N655X0H3Q, STM32N655Z0H3Q, STM32N6570-DK, STM32N657A0H3Q, STM32N657B0H3Q, STM32N657I0H3Q, STM32N657L0H3Q, STM32N657X0H3Q, STM32N657Z0H3Q, STM32U031C6T6, STM32U031C6U6, STM32U031C8T6, STM32U031C8U6, STM32U031F4P6, STM32U031F6P6, STM32U031F8P6, STM32U031G6Y6TR, STM32U031G8Y6TR, STM32U031K4U6, STM32U031K6U6, STM32U031K8U6, STM32U031R6I6, STM32U031R6T6, STM32U031R8I6, STM32U031R8T6, STM32U073C8T6, STM32U073C8U6, STM32U073CBT6, STM32U073CBU6, STM32U073CCT6, STM32U073CCU6, STM32U073H8Y6TR, STM32U073HBY6TR, STM32U073HCY6TR, STM32U073K8U6, STM32U073KBU6, STM32U073KCU6, STM32U073M8I6, STM32U073M8T6, STM32U073MBI6, STM32U073MBT6, STM32U073MCI6, STM32U073MCT6, STM32U073R8I6, STM32U073R8T6, STM32U073RBI6, STM32U073RBT6, STM32U073RCI6, STM32U073RCT6, STM32U083C-DK, STM32U083CCT6, STM32U083CCU6, STM32U083HCY6TR, STM32U083KCU6, STM32U083MCI6, STM32U083MCT6, STM32U083RCI6, STM32U083RCT6, STM32U375CET6, STM32U375CET6Q, STM32U375CEU6, STM32U375CEU6Q, STM32U375CEY6QTR, STM32U375CGT6, STM32U375CGT6Q, STM32U375CGU6, STM32U375CGU6Q, STM32U375CGY6QTR, STM32U375KEU6, STM32U375KGU6, STM32U375REI6, STM32U375REI6Q, STM32U375RET6, STM32U375RET6Q, STM32U375REY6GTR, STM32U375REY6QTR, STM32U375RGI6, STM32U375RGI6Q, STM32U375RGT6, STM32U375RGT6Q, STM32U375RGY6GTR, STM32U375RGY6QTR, STM32U375VEI6, STM32U375VEI6Q, STM32U375VET6, STM32U375VET6Q, STM32U375VGI6, STM32U375VGI6Q, STM32U375VGT6, STM32U375VGT6Q, STM32U385CGT6, STM32U385CGT6Q, STM32U385CGU6, STM32U385CGU6Q, STM32U385CGY6QTR, STM32U385KGU6, STM32U385RGI6, STM32U385RGI6Q, STM32U385RGT6, STM32U385RGT6Q, STM32U385RGY6GTR, STM32U385RGY6QTR, STM32U385VGI6, STM32U385VGI6Q, STM32U385VGT6, STM32U385VGT6Q, STM32U535CBT6, STM32U535CBT6Q, STM32U535CBU6, STM32U535CBU6Q, STM32U535CCT6, STM32U535CCT6Q, STM32U535CCU6, STM32U535CCU6Q, STM32U535CET6, STM32U535CET6Q, STM32U535CEU6, STM32U535CEU6Q, STM32U535JEY6QTR, STM32U535NCY6QTR, STM32U535NEY6QTR, STM32U535RBI6, STM32U535RBI6Q, STM32U535RBT6, STM32U535RBT6Q, STM32U535RCI6, STM32U535RCI6Q, STM32U535RCT6, STM32U535RCT6Q, STM32U535REI6, STM32U535REI6Q, STM32U535RET6, STM32U535RET6Q, STM32U535VCI6, STM32U535VCI6Q, STM32U535VCT6, STM32U535VCT6Q, STM32U535VEI6, STM32U535VEI6Q, STM32U535VET6, STM32U535VET6Q, STM32U545CET6, STM32U545CET6Q, STM32U545CEU6, STM32U545CEU6Q, STM32U545JEY6QTR, STM32U545NEY6QTR, STM32U545REI6, STM32U545REI6Q, STM32U545RET6, STM32U545RET6Q, STM32U545VEI6, STM32U545VEI6Q, STM32U545VET6, STM32U545VET6Q, STM32U595AIH6, STM32U595AIH6Q, STM32U595AJH6, STM32U595AJH6Q, STM32U595QII6, STM32U595QII6Q, STM32U595QJI6, STM32U595QJI6Q, STM32U595RIT6, STM32U595RIT6Q, STM32U595RJT6, STM32U595RJT6Q, STM32U595VIT6, STM32U595VIT6Q, STM32U595VJT6, STM32U595VJT6Q, STM32U595ZIT6, STM32U595ZIT6Q, STM32U595ZIY6QTR, STM32U595ZJT6, STM32U595ZJT6Q, STM32U595ZJY6QTR, STM32U599BJY6QTR, STM32U599NIH6Q, STM32U599NJH6Q, STM32U599VIT6Q, STM32U599VJT6, STM32U599VJT6Q, STM32U599ZIT6Q, STM32U599ZIY6QTR, STM32U599ZJT6Q, STM32U599ZJY6QTR, STM32U5A5AJH6, STM32U5A5AJH6Q, STM32U5A5QII3Q , STM32U5A5QJI6, STM32U5A5QJI6Q, STM32U5A5RJT6, STM32U5A5RJT6Q, STM32U5A5VJT6, STM32U5A5VJT6Q, STM32U5A5ZJT6, STM32U5A5ZJT6Q, STM32U5A5ZJY6QTR, STM32U5A9BJY6QTR, STM32U5A9J-DK, STM32U5A9NJH6Q, STM32U5A9VJT6Q, STM32U5A9ZJT6Q, STM32U5A9ZJY6QTR, STM32U5F7VIT6, STM32U5F7VIT6Q, STM32U5F7VJT6, STM32U5F7VJT6Q, STM32U5F9BJY6QTR, STM32U5F9NJH6Q, STM32U5F9VIT6Q, STM32U5F9VJT6Q, STM32U5F9ZIJ6QTR, STM32U5F9ZIT6Q, STM32U5F9ZJJ6QTR, STM32U5F9ZJT6Q, STM32U5G7VJT6, STM32U5G7VJT6Q, STM32U5G9BJY6QTR, STM32U5G9J-DK1, STM32U5G9J-DK2, STM32U5G9NJH6Q, STM32U5G9VJT6Q, STM32U5G9ZJJ6QTR, STM32U5G9ZJT6Q, STM32WB05KZV6TR, STM32WB05KZV7TR, STM32WB05TZF6TR, STM32WB05TZF7TR, STM32WB06CCF6TR, STM32WB06CCF7TR, STM32WB06CCV6TR, STM32WB06CCV7TR, STM32WB06KCV6TR, STM32WB06KCV7TR, STM32WB07CCF6TR, STM32WB07CCF7TR, STM32WB07CCV6TR, STM32WB07CCV7TR, STM32WB07KCV6TR, STM32WB07KCV7TR, STM32WB09KEV6TR, STM32WB09KEV7TR, STM32WB09TEF6TR, STM32WB09TEF7TR, STM32WB1MMCH6, STM32WBA50KGU6, STM32WBA50KGU6TR, STM32WBA52CEU6, STM32WBA52CEU6TR, STM32WBA52CEU7, STM32WBA52CEU7TR, STM32WBA52CGU6, STM32WBA52CGU6TR, STM32WBA52CGU6U, STM32WBA52CGU7, STM32WBA52CGU7TR, STM32WBA52KEU6, STM32WBA52KEU6TR, STM32WBA52KGU6, STM32WBA52KGU6TR, STM32WBA54CEU6, STM32WBA54CEU6TR, STM32WBA54CEU7, STM32WBA54CEU7TR, STM32WBA54CGU6, STM32WBA54CGU6TR, STM32WBA54CGU7, STM32WBA54CGU7TR, STM32WBA54KEU6, STM32WBA54KEU6TR, STM32WBA54KEU7, STM32WBA54KEU7TR, STM32WBA54KGU6, STM32WBA54KGU6TR, STM32WBA54KGU7, STM32WBA54KGU7TR, STM32WBA55CEU6, STM32WBA55CEU6TR, STM32WBA55CEU7, STM32WBA55CEU7TR, STM32WBA55CGU6, STM32WBA55CGU6TR, STM32WBA55CGU6U, STM32WBA55CGU7, STM32WBA55CGU7TR, STM32WBA55G-DK1, STM32WBA55HEF6, STM32WBA55HEF7, STM32WBA55HGF6, STM32WBA55HGF7, STM32WBA55UEI6, STM32WBA55UEI6TR, STM32WBA55UEI7, STM32WBA55UEI7TR, STM32WBA55UGI6, STM32WBA55UGI6TR, STM32WBA55UGI7, STM32WBA55UGI7TR, STM32WBA5MMGH6TR, STM32WBA62MGF6, STM32WBA62MIF6, STM32WBA65MGF7, STM32WBA65MIF6, STM32WBA65MIF7, STM32WL30K8V6, STM32WL30KBV6, STM32WL31C8V6, STM32WL31CBV6, STM32WL31K8V6, STM32WL31KBV6, STM32WL33C8V6, STM32WL33C8V6X, STM32WL33CBV6, STM32WL33CBV6X, STM32WL33CCV6, STM32WL33CCV6A, STM32WL33CCV6X, STM32WL33K8V7, STM32WL33K8V7X, STM32WL33KBV7 , STM32WL33KBV7X, STM32WL33KCV7, STM32WL33KCV7X, STM32WL5MOCH6, STM32WL5MOCH6TR]
2025-10-25 07:55:53,055 [INFO] BoardInfo:889 - No configuration file found for board P-NUCLEO-WB55
2025-10-25 07:55:53,056 [INFO] DbBoards:161 - Kit is not supported: P-NUCLEO-WB55
2025-10-25 07:55:53,063 [INFO] BoardInfo:889 - No configuration file found for board STEVAL-BFA001V1B
2025-10-25 07:55:53,064 [INFO] DbBoards:161 - Kit is not supported: STEVAL-BFA001V1B
2025-10-25 07:55:53,065 [INFO] BoardInfo:889 - No configuration file found for board STEVAL-BFA001V2B
2025-10-25 07:55:53,066 [INFO] DbBoards:161 - Kit is not supported: STEVAL-BFA001V2B
2025-10-25 07:55:53,275 [INFO] DbBoards:168 - Found 212 boards, 209 are supported
2025-10-25 07:55:53,275 [INFO] DbBoards:169 - Found 212 boards, 43 of them is supported for  Bsp
2025-10-25 07:55:53,278 [INFO] ApiDb:668 - CubeFinder database Data Model version=2.1
2025-10-25 07:55:53,278 [INFO] ApiDb:669 - CubeFinder database Configuration version=3.0.39
2025-10-25 07:55:53,278 [INFO] ApiDb:670 - CubeFinder database generation date=2025-08-25 (1756130511)
2025-10-25 07:55:53,278 [INFO] ApiDb:671 - CubeFinder database FW Pack versions=[FP-ATR-ASTRA1_V2.0.0, FP-SNS-FLIGHT1_V5.1.0, FP-SNS-MOTENV1_V5.0.0, FP-SNS-MOTENVWB1_V1.4.0, FP-SNS-SMARTAG2_V1.2.0, FP-SNS-STBOX1_V2.1.0, STM32Cube_FW_C0_V1.4.0, STM32Cube_FW_F4_V1.28.3, STM32Cube_FW_F7_V1.17.4, STM32Cube_FW_G0_V1.6.2, STM32Cube_FW_G4_V1.6.1, STM32Cube_FW_H5_V1.5.0, STM32Cube_FW_H7RS_V1.2.0, STM32Cube_FW_H7_V1.12.1, STM32Cube_FW_L0_V1.12.2, STM32Cube_FW_L4_V1.18.1, STM32Cube_FW_L5_V1.5.1, STM32Cube_FW_N6_V1.2.0, STM32Cube_FW_U0_V1.3.0, STM32Cube_FW_U3_V1.2.0, STM32Cube_FW_U5_V1.8.0, STM32Cube_FW_WB0_V1.3.0, STM32Cube_FW_WBA_V1.7.0, STM32Cube_FW_WB_V1.23.0, STM32Cube_FW_WL3_V1.2.0, STM32Cube_FW_WL_V1.3.1, X-CUBE-ALGOBUILD_V1.4.0, X-CUBE-ALS_V1.0.2, X-CUBE-AZRTOS-F4_V1.1.0, X-CUBE-AZRTOS-F7_V1.1.0, X-CUBE-AZRTOS-G0_V1.1.0, X-CUBE-AZRTOS-G4_V2.0.0, X-CUBE-AZRTOS-H7RS_V1.1.0, X-CUBE-AZRTOS-H7_V3.4.0, X-CUBE-AZRTOS-L4_V2.0.0, X-CUBE-AZRTOS-L5_V2.0.0, X-CUBE-AZRTOS-WB_V2.0.0, X-CUBE-AZRTOS-WL_V2.0.0, X-CUBE-BLE1_V7.1.0, X-CUBE-BLE2_V3.3.0, X-CUBE-BLEMGR_V4.1.0, X-CUBE-EEPRMA1_V5.2.0, X-CUBE-FREERTOS_V1.3.1, X-CUBE-GNSS1_V6.0.0, X-CUBE-MEMS1_V11.3.0, X-CUBE-NFC4_V3.0.0, X-CUBE-NFC7_V2.0.0, X-CUBE-SFXS2LP1_V4.0.0, X-CUBE-ST67W61_V1.0.0, X-CUBE-SUBG2_V5.0.0, X-CUBE-TOF1_V3.4.3]
2025-10-25 07:55:55,188 [INFO] ApiDb:240 - Found 880 in-development CPN: [B-G473E-ZEST1S, B-WB1M-WPAN1, B-WBA5M-WPAN, B-WL5M-SUBG1, NUCLEO-C031C6, NUCLEO-C051C8, NUCLEO-C071RB, NUCLEO-C092RC, NUCLEO-H503RB, NUCLEO-H533RE, NUCLEO-H563ZI, NUCLEO-H7S3L8, NUCLEO-N657X0-Q, NUCLEO-U031R8, NUCLEO-U083RC, NUCLEO-U385RG-Q, NUCLEO-U545RE-Q, NUCLEO-U5A5ZJ-Q, NUCLEO-WB05KZ, NUCLEO-WB07CC, NUCLEO-WB09KE, NUCLEO-WBA52CG, NUCLEO-WBA55CG, NUCLEO-WL33CC1, NUCLEO-WL33CC2, STEVAL-PROTEUS1, STEVAL-SMARTAG2, STEVAL-STWINBX1, STM320518-EVAL, STM32C0116-DK, STM32C011D6Y3TR, STM32C011D6Y6TR, STM32C011F4P3, STM32C011F4P6, STM32C011F4U3, STM32C011F4U6TR, STM32C011F6P3, STM32C011F6P6, STM32C011F6U3, STM32C011F6U6TR, STM32C011J4M3, STM32C011J4M6, STM32C011J6M3, STM32C011J6M6, STM32C0316-DK, STM32C031C4T3, STM32C031C4T6, STM32C031C4U3, STM32C031C4U6, STM32C031C6T3, STM32C031C6T6, STM32C031C6U3, STM32C031C6U6, STM32C031F4P3, STM32C031F4P6, STM32C031F6P3, STM32C031F6P6, STM32C031G4U3, STM32C031G4U6, STM32C031G6U3, STM32C031G6U6, STM32C031K4T3, STM32C031K4T6, STM32C031K4U3, STM32C031K4U6, STM32C031K6T3, STM32C031K6T6, STM32C031K6U3, STM32C031K6U6, STM32C051C6T6, STM32C051C6U6, STM32C051C8T6, STM32C051C8U6, STM32C051D8Y6TR, STM32C051F6P6, STM32C051F8P6, STM32C051G6U6, STM32C051G8U6, STM32C051K6T6, STM32C051K6U6, STM32C051K8T6, STM32C071C8T6, STM32C071C8T6N, STM32C071C8U6, STM32C071C8U6N, STM32C071CBT6, STM32C071CBT6N, STM32C071CBU6, STM32C071CBU6N, STM32C071F8P6, STM32C071F8P6N, STM32C071FBP6, STM32C071FBP6N, STM32C071FBY6TR, STM32C071G8U6, STM32C071G8U6N, STM32C071GBU6, STM32C071GBU6N, STM32C071K8T6, STM32C071K8T6N, STM32C071K8U6, STM32C071K8U6N, STM32C071KBT6, STM32C071KBT6N, STM32C071KBU6, STM32C071KBU6N, STM32C071R8T6, STM32C071R8T6N, STM32C071RBI6N, STM32C071RBT6, STM32C071RBT6N, STM32C091CBT6, STM32C091CBU6, STM32C091CCT6, STM32C091CCU6, STM32C091ECY6TR, STM32C091FBP6, STM32C091FCP6, STM32C091GBU6, STM32C091GCU6, STM32C091KBT6, STM32C091KBU6, STM32C091KCT6, STM32C091KCU6, STM32C091RBT6, STM32C091RCI6, STM32C091RCT6, STM32C092CBT6, STM32C092CBU6, STM32C092CCT6, STM32C092CCU6, STM32C092ECY6TR, STM32C092FBP6, STM32C092FCP6, STM32C092GBU6, STM32C092GCU6, STM32C092KBT6, STM32C092KBU6, STM32C092KCT6, STM32C092KCU6, STM32C092RBT6, STM32C092RCI6, STM32C092RCT6, STM32G071K8TXN, STM32G071K8UXN, STM32G081GBU6N, STM32G081KBT6N, STM32G081KBUXN, STM32G0B1CCT6N, STM32G0B1KCT6, STM32G0B1NEY6TR, STM32G0B1RCT6N, STM32G0C1CCT6, STM32G0C1CCT6N, STM32G0C1CCU6N, STM32G0C1CET6N, STM32G0C1CEU6N, STM32G0C1KCT6, STM32G0C1NEY6TR, STM32G0C1RCI6N, STM32G0C1RCT6N, STM32G0C1REI6N, STM32G0C1RET6N, STM32G0C1VCI6, STM32G0C1VEI6, STM32G411C6T3, STM32G411C6T6, STM32G411C6U3, STM32G411C6U6, STM32G411C8T3, STM32G411C8T6, STM32G411C8U3, STM32G411C8U6, STM32G411CBT3, STM32G411CBT6, STM32G411CBU3, STM32G411CBU6, STM32G411K6T3, STM32G411K6T6, STM32G411K6U3, STM32G411K6U6, STM32G411K8T3, STM32G411K8T6, STM32G411K8U3, STM32G411K8U6, STM32G411KBT3, STM32G411KBT6, STM32G411KBU3, STM32G411KBU6, STM32G411M6T3, STM32G411M6T6, STM32G411M8T3, STM32G411M8T6, STM32G411MBT3, STM32G411MBT6, STM32G411R6T3, STM32G411R6T6, STM32G411R8T3, STM32G411R8T6, STM32G411RBT3, STM32G411RBT6, STM32G414CBT3, STM32G414CBT6, STM32G414CBU3, STM32G414CBU6, STM32G414CCT3, STM32G414CCT6, STM32G414CCU3, STM32G414CCU6, STM32G414MBT3, STM32G414MBT6, STM32G414MCT3, STM32G414MCT6, STM32G414RBT3, STM32G414RBT6, STM32G414RCT3, STM32G414RCT6, STM32G414VBT3, STM32G414VBT6, STM32G414VCT3, STM32G414VCT6, STM32G431CBT3Z, STM32G431RBT3Z, STM32G471CCT6, STM32G471CCU6, STM32G471CET3, STM32G471CET6, STM32G471CEU3, STM32G471CEU6, STM32G471MCT6, STM32G471MET3, STM32G471MET6, STM32G471MEY6TR, STM32G471QCT6, STM32G471QET3, STM32G471RCT6, STM32G471RET3, STM32G471RET6, STM32G471VCH6, STM32G471VCI6, STM32G471VCT6, STM32G471VEH3, STM32G471VEH6, STM32G471VEI3, STM32G471VEI6, STM32G471VET3, STM32G471VET6, STM32G473QET3Z, STM32G473RET3Z, STM32G474CCT6, STM32G491RET3Z, STM32H503CBT6, STM32H503CBU6, STM32H503EBY6TR, STM32H503KBU6, STM32H503RBT6, STM32H523CCT6, STM32H523CCU6, STM32H523CET6, STM32H523CEU6, STM32H523HEY6TR, STM32H523RCT6, STM32H523RET6, STM32H523VCI6, STM32H523VCT6, STM32H523VEI6, STM32H523VET6, STM32H523ZCJ6, STM32H523ZCT6, STM32H523ZEJ6, STM32H523ZET6, STM32H533CET6, STM32H533CEU6, STM32H533HEY6TR, STM32H533RET6, STM32H533VEI6, STM32H533VET6, STM32H533ZEJ6, STM32H533ZET6, STM32H562AGI6, STM32H562AII6, STM32H562IGK6, STM32H562IGT6, STM32H562IIK6, STM32H562IIT6, STM32H562RGT6, STM32H562RGV6, STM32H562RIT6, STM32H562RIV6, STM32H562VGT6, STM32H562VIT6, STM32H562ZGT6, STM32H562ZIT6, STM32H563AGI6, STM32H563AII3Q, STM32H563AII6, STM32H563IGK6, STM32H563IGT6, STM32H563IIK3Q, STM32H563IIK6, STM32H563IIT3Q, STM32H563IIT6, STM32H563MIY3QTR, STM32H563RGT6, STM32H563RGV6, STM32H563RIT6, STM32H563RIV6, STM32H563VGT6, STM32H563VIT3Q, STM32H563VIT6, STM32H563ZGT6, STM32H563ZIT3Q, STM32H563ZIT6, STM32H573AII3Q, STM32H573AII6, STM32H573I-DK, STM32H573IIK3Q, STM32H573IIK6, STM32H573IIT3Q, STM32H573IIT6, STM32H573MIY3QTR, STM32H573RIT6, STM32H573RIV6, STM32H573VIT3Q, STM32H573VIT6, STM32H573ZIT3Q, STM32H573ZIT6, STM32H7R3A8I6, STM32H7R3I8K6, STM32H7R3I8T6, STM32H7R3L8H6, STM32H7R3L8H6H, STM32H7R3R8V6, STM32H7R3V8H6, STM32H7R3V8T6, STM32H7R3V8Y6TR, STM32H7R3Z8J6, STM32H7R3Z8T6, STM32H7R7A8I6, STM32H7R7I8K6, STM32H7R7I8T6, STM32H7R7L8H6, STM32H7R7L8H6H, STM32H7R7Z8J6, STM32H7S3A8I6, STM32H7S3I8K6, STM32H7S3I8T6, STM32H7S3L8H6, STM32H7S3L8H6H, STM32H7S3R8V6, STM32H7S3V8H6, STM32H7S3V8T6, STM32H7S3V8Y6TR, STM32H7S3Z8J6, STM32H7S3Z8T6, STM32H7S78-DK, STM32H7S7A8I6, STM32H7S7I8K6, STM32H7S7I8T6, STM32H7S7L8H6, STM32H7S7L8H6H, STM32H7S7Z8J6, STM32L4R5QGI6STR, STM32MP131AAE3, STM32MP131AAF3, STM32MP131AAG3, STM32MP131CAE3, STM32MP131CAF3, STM32MP131CAG3, STM32MP131DAE7, STM32MP131DAF7, STM32MP131DAG7, STM32MP131FAE7, STM32MP131FAF7, STM32MP131FAG7, STM32MP133AAE3, STM32MP133AAF3, STM32MP133AAG3, STM32MP133CAE3, STM32MP133CAF3, STM32MP133CAG3, STM32MP133DAE7, STM32MP133DAF7, STM32MP133DAG7, STM32MP133FAE7, STM32MP133FAF7, STM32MP133FAG7, STM32MP135AAE3, STM32MP135AAF3, STM32MP135AAG3, STM32MP135CAE3, STM32MP135CAF3, STM32MP135CAG3, STM32MP135DAE7, STM32MP135DAF7, STM32MP135DAG7, STM32MP135F-DK, STM32MP135FAE7, STM32MP135FAF7, STM32MP135FAF7T, STM32MP135FAF7U, STM32MP135FAG7, STM32MP211AAL3, STM32MP211AAM3, STM32MP211AAN3, STM32MP211AAO3, STM32MP211CAL3, STM32MP211CAM3, STM32MP211CAN3, STM32MP211CAO3, STM32MP211DAL3, STM32MP211DAM3, STM32MP211DAN3, STM32MP211DAO3, STM32MP211FAL3, STM32MP211FAM3, STM32MP211FAN3, STM32MP211FAO3, STM32MP213AAL3, STM32MP213AAM3, STM32MP213AAN3, STM32MP213AAO3, STM32MP213CAL3, STM32MP213CAM3, STM32MP213CAN3, STM32MP213CAO3, STM32MP213DAL3, STM32MP213DAM3, STM32MP213DAN3, STM32MP213DAO3, STM32MP213FAL3, STM32MP213FAM3, STM32MP213FAN3, STM32MP213FAO3, STM32MP215AAL3, STM32MP215AAM3, STM32MP215AAN3, STM32MP215AAO3, STM32MP215CAL3, STM32MP215CAM3, STM32MP215CAN3, STM32MP215CAO3, STM32MP215DAL3, STM32MP215DAM3, STM32MP215DAN3, STM32MP215DAO3, STM32MP215F-DK, STM32MP215FAL3, STM32MP215FAM3, STM32MP215FAN3, STM32MP215FAO3, STM32MP231AAJ3, STM32MP231AAK3, STM32MP231AAL3, STM32MP231CAJ3, STM32MP231CAK3, STM32MP231CAL3, STM32MP231DAJ3, STM32MP231DAK3, STM32MP231DAL3, STM32MP231FAJ3, STM32MP231FAK3, STM32MP231FAL3, STM32MP233AAJ3, STM32MP233AAK3, STM32MP233AAL3, STM32MP233CAJ3, STM32MP233CAK3, STM32MP233CAL3, STM32MP233DAJ3, STM32MP233DAK3, STM32MP233DAL3, STM32MP233FAJ3, STM32MP233FAK3, STM32MP233FAL3, STM32MP235AAJ3, STM32MP235AAK3, STM32MP235AAL3, STM32MP235CAJ3, STM32MP235CAK3, STM32MP235CAL3, STM32MP235DAJ3, STM32MP235DAK3, STM32MP235DAL3, STM32MP235FAJ3, STM32MP235FAK3, STM32MP235FAL3, STM32MP251AAI3, STM32MP251AAK3, STM32MP251AAL3, STM32MP251CAI3, STM32MP251CAK3, STM32MP251CAL3, STM32MP251DAI3, STM32MP251DAK3, STM32MP251DAL3, STM32MP251FAI3, STM32MP251FAK3, STM32MP251FAL3, STM32MP253AAI3, STM32MP253AAK3, STM32MP253AAL3, STM32MP253CAI3, STM32MP253CAK3, STM32MP253CAL3, STM32MP253DAI3, STM32MP253DAK3, STM32MP253DAL3, STM32MP253FAI3, STM32MP253FAK3, STM32MP253FAL3, STM32MP255AAI3, STM32MP255AAK3, STM32MP255AAL3, STM32MP255CAI3, STM32MP255CAK3, STM32MP255CAL3, STM32MP255DAI3, STM32MP255DAK3, STM32MP255DAL3, STM32MP255FAI3, STM32MP255FAK3, STM32MP255FAL3, STM32MP257AAI3, STM32MP257AAK3, STM32MP257AAL3, STM32MP257CAI3, STM32MP257CAK3, STM32MP257CAL3, STM32MP257DAI3, STM32MP257DAK3, STM32MP257DAL3, STM32MP257F-DK, STM32MP257F-EV1, STM32MP257FAI3, STM32MP257FAK3, STM32MP257FAL3, STM32N645A0H3Q, STM32N645B0H3Q, STM32N645I0H3Q, STM32N645L0H3Q, STM32N645X0H3Q, STM32N645Z0H3Q, STM32N647A0H3Q, STM32N647B0H3Q, STM32N647I0H3Q, STM32N647L0H3Q, STM32N647X0H3Q, STM32N647Z0H3Q, STM32N655A0H3Q, STM32N655B0H3Q, STM32N655I0H3Q, STM32N655L0H3Q, STM32N655X0H3Q, STM32N655Z0H3Q, STM32N6570-DK, STM32N657A0H3Q, STM32N657B0H3Q, STM32N657I0H3Q, STM32N657L0H3Q, STM32N657X0H3Q, STM32N657Z0H3Q, STM32U031C6T6, STM32U031C6U6, STM32U031C8T6, STM32U031C8U6, STM32U031F4P6, STM32U031F6P6, STM32U031F8P6, STM32U031G6Y6TR, STM32U031G8Y6TR, STM32U031K4U6, STM32U031K6U6, STM32U031K8U6, STM32U031R6I6, STM32U031R6T6, STM32U031R8I6, STM32U031R8T6, STM32U073C8T6, STM32U073C8U6, STM32U073CBT6, STM32U073CBU6, STM32U073CCT6, STM32U073CCU6, STM32U073H8Y6TR, STM32U073HBY6TR, STM32U073HCY6TR, STM32U073K8U6, STM32U073KBU6, STM32U073KCU6, STM32U073M8I6, STM32U073M8T6, STM32U073MBI6, STM32U073MBT6, STM32U073MCI6, STM32U073MCT6, STM32U073R8I6, STM32U073R8T6, STM32U073RBI6, STM32U073RBT6, STM32U073RCI6, STM32U073RCT6, STM32U083C-DK, STM32U083CCT6, STM32U083CCU6, STM32U083HCY6TR, STM32U083KCU6, STM32U083MCI6, STM32U083MCT6, STM32U083RCI6, STM32U083RCT6, STM32U375CET6, STM32U375CET6Q, STM32U375CEU6, STM32U375CEU6Q, STM32U375CEY6QTR, STM32U375CGT6, STM32U375CGT6Q, STM32U375CGU6, STM32U375CGU6Q, STM32U375CGY6QTR, STM32U375KEU6, STM32U375KGU6, STM32U375REI6, STM32U375REI6Q, STM32U375RET6, STM32U375RET6Q, STM32U375REY6GTR, STM32U375REY6QTR, STM32U375RGI6, STM32U375RGI6Q, STM32U375RGT6, STM32U375RGT6Q, STM32U375RGY6GTR, STM32U375RGY6QTR, STM32U375VEI6, STM32U375VEI6Q, STM32U375VET6, STM32U375VET6Q, STM32U375VGI6, STM32U375VGI6Q, STM32U375VGT6, STM32U375VGT6Q, STM32U385CGT6, STM32U385CGT6Q, STM32U385CGU6, STM32U385CGU6Q, STM32U385CGY6QTR, STM32U385KGU6, STM32U385RGI6, STM32U385RGI6Q, STM32U385RGT6, STM32U385RGT6Q, STM32U385RGY6GTR, STM32U385RGY6QTR, STM32U385VGI6, STM32U385VGI6Q, STM32U385VGT6, STM32U385VGT6Q, STM32U535CBT6, STM32U535CBT6Q, STM32U535CBU6, STM32U535CBU6Q, STM32U535CCT6, STM32U535CCT6Q, STM32U535CCU6, STM32U535CCU6Q, STM32U535CET6, STM32U535CET6Q, STM32U535CEU6, STM32U535CEU6Q, STM32U535JEY6QTR, STM32U535NCY6QTR, STM32U535NEY6QTR, STM32U535RBI6, STM32U535RBI6Q, STM32U535RBT6, STM32U535RBT6Q, STM32U535RCI6, STM32U535RCI6Q, STM32U535RCT6, STM32U535RCT6Q, STM32U535REI6, STM32U535REI6Q, STM32U535RET6, STM32U535RET6Q, STM32U535VCI6, STM32U535VCI6Q, STM32U535VCT6, STM32U535VCT6Q, STM32U535VEI6, STM32U535VEI6Q, STM32U535VET6, STM32U535VET6Q, STM32U545CET6, STM32U545CET6Q, STM32U545CEU6, STM32U545CEU6Q, STM32U545JEY6QTR, STM32U545NEY6QTR, STM32U545REI6, STM32U545REI6Q, STM32U545RET6, STM32U545RET6Q, STM32U545VEI6, STM32U545VEI6Q, STM32U545VET6, STM32U545VET6Q, STM32U595AIH6, STM32U595AIH6Q, STM32U595AJH6, STM32U595AJH6Q, STM32U595QII6, STM32U595QII6Q, STM32U595QJI6, STM32U595QJI6Q, STM32U595RIT6, STM32U595RIT6Q, STM32U595RJT6, STM32U595RJT6Q, STM32U595VIT6, STM32U595VIT6Q, STM32U595VJT6, STM32U595VJT6Q, STM32U595ZIT6, STM32U595ZIT6Q, STM32U595ZIY6QTR, STM32U595ZJT6, STM32U595ZJT6Q, STM32U595ZJY6QTR, STM32U599BJY6QTR, STM32U599NIH6Q, STM32U599NJH6Q, STM32U599VIT6Q, STM32U599VJT6, STM32U599VJT6Q, STM32U599ZIT6Q, STM32U599ZIY6QTR, STM32U599ZJT6Q, STM32U599ZJY6QTR, STM32U5A5AJH6, STM32U5A5AJH6Q, STM32U5A5QII3Q , STM32U5A5QJI6, STM32U5A5QJI6Q, STM32U5A5RJT6, STM32U5A5RJT6Q, STM32U5A5VJT6, STM32U5A5VJT6Q, STM32U5A5ZJT6, STM32U5A5ZJT6Q, STM32U5A5ZJY6QTR, STM32U5A9BJY6QTR, STM32U5A9J-DK, STM32U5A9NJH6Q, STM32U5A9VJT6Q, STM32U5A9ZJT6Q, STM32U5A9ZJY6QTR, STM32U5F7VIT6, STM32U5F7VIT6Q, STM32U5F7VJT6, STM32U5F7VJT6Q, STM32U5F9BJY6QTR, STM32U5F9NJH6Q, STM32U5F9VIT6Q, STM32U5F9VJT6Q, STM32U5F9ZIJ6QTR, STM32U5F9ZIT6Q, STM32U5F9ZJJ6QTR, STM32U5F9ZJT6Q, STM32U5G7VJT6, STM32U5G7VJT6Q, STM32U5G9BJY6QTR, STM32U5G9J-DK1, STM32U5G9J-DK2, STM32U5G9NJH6Q, STM32U5G9VJT6Q, STM32U5G9ZJJ6QTR, STM32U5G9ZJT6Q, STM32WB05KZV6TR, STM32WB05KZV7TR, STM32WB05TZF6TR, STM32WB05TZF7TR, STM32WB06CCF6TR, STM32WB06CCF7TR, STM32WB06CCV6TR, STM32WB06CCV7TR, STM32WB06KCV6TR, STM32WB06KCV7TR, STM32WB07CCF6TR, STM32WB07CCF7TR, STM32WB07CCV6TR, STM32WB07CCV7TR, STM32WB07KCV6TR, STM32WB07KCV7TR, STM32WB09KEV6TR, STM32WB09KEV7TR, STM32WB09TEF6TR, STM32WB09TEF7TR, STM32WB1MMCH6, STM32WBA50KGU6, STM32WBA50KGU6TR, STM32WBA52CEU6, STM32WBA52CEU6TR, STM32WBA52CEU7, STM32WBA52CEU7TR, STM32WBA52CGU6, STM32WBA52CGU6TR, STM32WBA52CGU6U, STM32WBA52CGU7, STM32WBA52CGU7TR, STM32WBA52KEU6, STM32WBA52KEU6TR, STM32WBA52KGU6, STM32WBA52KGU6TR, STM32WBA54CEU6, STM32WBA54CEU6TR, STM32WBA54CEU7, STM32WBA54CEU7TR, STM32WBA54CGU6, STM32WBA54CGU6TR, STM32WBA54CGU7, STM32WBA54CGU7TR, STM32WBA54KEU6, STM32WBA54KEU6TR, STM32WBA54KEU7, STM32WBA54KEU7TR, STM32WBA54KGU6, STM32WBA54KGU6TR, STM32WBA54KGU7, STM32WBA54KGU7TR, STM32WBA55CEU6, STM32WBA55CEU6TR, STM32WBA55CEU7, STM32WBA55CEU7TR, STM32WBA55CGU6, STM32WBA55CGU6TR, STM32WBA55CGU6U, STM32WBA55CGU7, STM32WBA55CGU7TR, STM32WBA55G-DK1, STM32WBA55HEF6, STM32WBA55HEF7, STM32WBA55HGF6, STM32WBA55HGF7, STM32WBA55UEI6, STM32WBA55UEI6TR, STM32WBA55UEI7, STM32WBA55UEI7TR, STM32WBA55UGI6, STM32WBA55UGI6TR, STM32WBA55UGI7, STM32WBA55UGI7TR, STM32WBA5MMGH6TR, STM32WBA62MGF6, STM32WBA62MIF6, STM32WBA65MGF7, STM32WBA65MIF6, STM32WBA65MIF7, STM32WL30K8V6, STM32WL30KBV6, STM32WL31C8V6, STM32WL31CBV6, STM32WL31K8V6, STM32WL31KBV6, STM32WL33C8V6, STM32WL33C8V6X, STM32WL33CBV6, STM32WL33CBV6X, STM32WL33CCV6, STM32WL33CCV6A, STM32WL33CCV6X, STM32WL33K8V7, STM32WL33K8V7X, STM32WL33KBV7 , STM32WL33KBV7X, STM32WL33KCV7, STM32WL33KCV7X, STM32WL5MOCH6, STM32WL5MOCH6TR]
2025-10-25 07:55:55,192 [INFO] DbMcus:218 - Found 4801 MCUs, 4801 are supported
2025-10-25 07:55:55,193 [INFO] ApiDb:423 - Load user favorites file C:\Users\user/.stm32cubeide/favorites.mcus.txt: 0 item(s)
2025-10-25 07:55:55,193 [INFO] ApiDb:427 - User favorites MCUs=[]
2025-10-25 07:55:55,193 [INFO] DbMcus:224 - Set 0 / 0 favorites MCUs
2025-10-25 07:55:55,516 [INFO] ApiDb:423 - Load user favorites file C:\Users\user/.stm32cubeide/favorites.boards.txt: 1 item(s)
2025-10-25 07:55:55,516 [INFO] ApiDb:427 - User favorites Boards=[NUCLEO-L476RG]
2025-10-25 07:55:55,516 [INFO] DbBoards:198 - Set 1 / 1 favorites Boards
2025-10-25 07:55:55,575 [INFO] UtilMem:75 - End LoadConfig() Used Memory: 340377776 Bytes (463470592)
2025-10-25 07:55:55,717 [WARN] ThirdParty:833 - waiting for thirdparty lock release [change project]
2025-10-25 07:55:55,717 [INFO] ThirdParty:835 - entering critical section [change project]
2025-10-25 07:55:55,717 [INFO] ThirdParty:1030 - CMSIS Pack Vendor :STMicroelectronics X-CUBE-PM33A1 1.0.0
2025-10-25 07:55:55,717 [INFO] ThirdParty:1030 - CMSIS Pack Vendor :STMicroelectronics USBPD 4.1
2025-10-25 07:55:55,717 [INFO] ThirdParty:1030 - CMSIS Pack Vendor :STMicroelectronics X-CUBE-NFC9 1.0.0
2025-10-25 07:55:55,717 [INFO] ThirdParty:1030 - CMSIS Pack Vendor :STMicroelectronics USB_HOST 2.0.0
2025-10-25 07:55:55,717 [INFO] ThirdParty:1030 - CMSIS Pack Vendor :STMicroelectronics FP-SNS-MOTENVWB1 1.4.0
2025-10-25 07:55:55,717 [INFO] ThirdParty:1030 - CMSIS Pack Vendor :STMicroelectronics X-CUBE-AZRTOS-F4 1.1.0
2025-10-25 07:55:55,717 [INFO] ThirdParty:1030 - CMSIS Pack Vendor :STMicroelectronics LIBJPEG 8.0.0
2025-10-25 07:55:55,717 [INFO] ThirdParty:1030 - CMSIS Pack Vendor :STMicroelectronics FP-ATR-ASTRA1 2.0.2
2025-10-25 07:55:55,717 [INFO] ThirdParty:1030 - CMSIS Pack Vendor :wolfSSL I-CUBE-wolfSSL 5.8.2
2025-10-25 07:55:55,718 [INFO] ThirdParty:1030 - CMSIS Pack Vendor :STMicroelectronics X-CUBE-BLE1 7.1.0
2025-10-25 07:55:55,718 [INFO] ThirdParty:1030 - CMSIS Pack Vendor :Avnet-IotConnect X-CUBE-IoTC-DA16k-PMOD 1.0.0
2025-10-25 07:55:55,718 [INFO] ThirdParty:1030 - CMSIS Pack Vendor :STMicroelectronics X-CUBE-SMBUS 2.1.0
2025-10-25 07:55:55,718 [INFO] ThirdParty:1030 - CMSIS Pack Vendor :wolfSSL I-CUBE-wolfMQTT 1.19.2
2025-10-25 07:55:55,718 [INFO] ThirdParty:1030 - CMSIS Pack Vendor :STMicroelectronics USB_DEVICE 3.0.0
2025-10-25 07:55:55,718 [INFO] ThirdParty:1030 - CMSIS Pack Vendor :STMicroelectronics X-CUBE-ISPU 2.1.0
2025-10-25 07:55:55,718 [INFO] ThirdParty:1030 - CMSIS Pack Vendor :STMicroelectronics X-CUBE-EEPRMA1 5.2.0
2025-10-25 07:55:55,718 [INFO] ThirdParty:1030 - CMSIS Pack Vendor :STMicroelectronics X-CUBE-IPS 3.2.0
2025-10-25 07:55:55,718 [INFO] ThirdParty:1030 - CMSIS Pack Vendor :STMicroelectronics X-CUBE-BLEMGR 4.1.0
2025-10-25 07:55:55,718 [INFO] ThirdParty:1030 - CMSIS Pack Vendor :STMicroelectronics X-CUBE-AZRTOS-WB 2.0.0
2025-10-25 07:55:55,718 [INFO] ThirdParty:1030 - CMSIS Pack Vendor :STMicroelectronics X-CUBE-ST60 1.0.0
2025-10-25 07:55:55,718 [INFO] ThirdParty:1030 - CMSIS Pack Vendor :STMicroelectronics X-CUBE-GNSS1 7.0.1
2025-10-25 07:55:55,718 [INFO] ThirdParty:1030 - CMSIS Pack Vendor :STMicroelectronics X-CUBE-NFC12 1.0.0
2025-10-25 07:55:55,718 [INFO] ThirdParty:1030 - CMSIS Pack Vendor :STMicroelectronics X-CUBE-AZRTOS-F7 1.1.0
2025-10-25 07:55:55,718 [INFO] ThirdParty:1030 - CMSIS Pack Vendor :STMicroelectronics X-CUBE-AZRTOS-L5 2.0.0
2025-10-25 07:55:55,718 [INFO] ThirdParty:1030 - CMSIS Pack Vendor :STMicroelectronics X-CUBE-TOUCHGFX 4.25.0
2025-10-25 07:55:55,718 [INFO] ThirdParty:1030 - CMSIS Pack Vendor :STMicroelectronics USB_DEVICE 2.0.0
2025-10-25 07:55:55,718 [INFO] ThirdParty:1030 - CMSIS Pack Vendor :STMicroelectronics X-CUBE-NFC6 3.1.0
2025-10-25 07:55:55,718 [INFO] ThirdParty:1030 - CMSIS Pack Vendor :STMicroelectronics X-CUBE-ST67W61 1.1.0
2025-10-25 07:55:55,718 [INFO] ThirdParty:1030 - CMSIS Pack Vendor :quantropi X-CUBE-qispace-sdk-base 2.1.0
2025-10-25 07:55:55,718 [INFO] ThirdParty:1030 - CMSIS Pack Vendor :STMicroelectronics FreeRTOS 0.0.1
2025-10-25 07:55:55,718 [INFO] ThirdParty:1030 - CMSIS Pack Vendor :STMicroelectronics X-CUBE-AZRTOS-G0 1.1.0
2025-10-25 07:55:55,718 [INFO] ThirdParty:1030 - CMSIS Pack Vendor :STMicroelectronics X-CUBE-SAFEA1 1.2.2
2025-10-25 07:55:55,718 [INFO] ThirdParty:1030 - CMSIS Pack Vendor :STMicroelectronics X-CUBE-NFC4 3.0.0
2025-10-25 07:55:55,718 [INFO] ThirdParty:1030 - CMSIS Pack Vendor :STMicroelectronics X-CUBE-SUBG2 5.0.0
2025-10-25 07:55:55,718 [INFO] ThirdParty:1030 - CMSIS Pack Vendor :STMicroelectronics X-CUBE-AZRTOS-H7RS 1.1.0
2025-10-25 07:55:55,718 [INFO] ThirdParty:1030 - CMSIS Pack Vendor :STMicroelectronics STM32_WPAN 1.0.0
2025-10-25 07:55:55,718 [INFO] ThirdParty:1030 - CMSIS Pack Vendor :EmbeddedOffice I-CUBE-FS-RTOS 1.0.1
2025-10-25 07:55:55,718 [INFO] ThirdParty:1030 - CMSIS Pack Vendor :STMicroelectronics lwIP 2.0.3
2025-10-25 07:55:55,718 [INFO] ThirdParty:1030 - CMSIS Pack Vendor :WES I-CUBE-Cesium 1.4.0
2025-10-25 07:55:55,718 [INFO] ThirdParty:1030 - CMSIS Pack Vendor :Cesanta I-CUBE-Mongoose 7.13.0
2025-10-25 07:55:55,718 [INFO] ThirdParty:1030 - CMSIS Pack Vendor :STMicroelectronics USB_HOST 1.0.0
2025-10-25 07:55:55,719 [INFO] ThirdParty:1030 - CMSIS Pack Vendor :Infineon AIROC-Wi-Fi-Bluetooth-STM32 1.7.1
2025-10-25 07:55:55,719 [INFO] ThirdParty:1030 - CMSIS Pack Vendor :STMicroelectronics X-CUBE-AZRTOS-G4 2.0.0
2025-10-25 07:55:55,719 [INFO] ThirdParty:1030 - CMSIS Pack Vendor :STMicroelectronics X-CUBE-WB05N 2.0.0
2025-10-25 07:55:55,719 [INFO] ThirdParty:1030 - CMSIS Pack Vendor :STMicroelectronics PDM2PCM 3.1.0
2025-10-25 07:55:55,719 [INFO] ThirdParty:1030 - CMSIS Pack Vendor :STMicroelectronics PDM2PCM 3.3.0
2025-10-25 07:55:55,719 [INFO] ThirdParty:1030 - CMSIS Pack Vendor :wolfSSL I-CUBE-wolfTPM 3.8.0
2025-10-25 07:55:55,719 [INFO] ThirdParty:1030 - CMSIS Pack Vendor :STMicroelectronics X-CUBE-AZRTOS-H7 3.4.0
2025-10-25 07:55:55,719 [INFO] ThirdParty:1030 - CMSIS Pack Vendor :STMicroelectronics X-CUBE-DISPLAY 3.0.0
2025-10-25 07:55:55,719 [INFO] ThirdParty:1030 - CMSIS Pack Vendor :wolfSSL I-CUBE-wolfSSH 1.4.20
2025-10-25 07:55:55,719 [INFO] ThirdParty:1030 - CMSIS Pack Vendor :STMicroelectronics X-CUBE-NFC7 2.0.0
2025-10-25 07:55:55,719 [INFO] ThirdParty:1030 - CMSIS Pack Vendor :STMicroelectronics X-CUBE-TCPP 4.2.0
2025-10-25 07:55:55,719 [INFO] ThirdParty:1030 - CMSIS Pack Vendor :RealThread X-CUBE-RT-Thread_Nano 4.1.1
2025-10-25 07:55:55,719 [INFO] ThirdParty:1030 - CMSIS Pack Vendor :STMicroelectronics FP-ATR-SIGFOX1 3.2.0
2025-10-25 07:55:55,719 [INFO] ThirdParty:1030 - CMSIS Pack Vendor :STMicroelectronics X-CUBE-NFC10 1.0.0
2025-10-25 07:55:55,719 [INFO] ThirdParty:1030 - CMSIS Pack Vendor :STMicroelectronics X-CUBE-FREERTOS 1.3.1
2025-10-25 07:55:55,719 [INFO] ThirdParty:1030 - CMSIS Pack Vendor :STMicroelectronics HAL Drivers 0.0.0
2025-10-25 07:55:55,719 [INFO] ThirdParty:1030 - CMSIS Pack Vendor :STMicroelectronics MBEDTLS 2.16.2
2025-10-25 07:55:55,719 [INFO] ThirdParty:1030 - CMSIS Pack Vendor :STMicroelectronics X-CUBE-ST60 1.1.0
2025-10-25 07:55:55,719 [INFO] ThirdParty:1030 - CMSIS Pack Vendor :STMicroelectronics X-CUBE-IPS 3.1.0
2025-10-25 07:55:55,719 [INFO] ThirdParty:1030 - CMSIS Pack Vendor :STMicroelectronics X-CUBE-ALS 1.0.2
2025-10-25 07:55:55,719 [INFO] ThirdParty:1030 - CMSIS Pack Vendor :emotas I-CUBE-CANOPEN 1.3.0
2025-10-25 07:55:55,719 [INFO] ThirdParty:1030 - CMSIS Pack Vendor :STMicroelectronics MBEDTLS 2.14.1
2025-10-25 07:55:55,719 [INFO] ThirdParty:1030 - CMSIS Pack Vendor :ITTIA_DB I-CUBE-ITTIADB 8.9.0
2025-10-25 07:55:55,719 [INFO] ThirdParty:1030 - CMSIS Pack Vendor :STMicroelectronics X-CUBE-TOUCHGFX 4.26.0
2025-10-25 07:55:55,719 [INFO] ThirdParty:1030 - CMSIS Pack Vendor :STMicroelectronics X-CUBE-STSE01 1.0.0
2025-10-25 07:55:55,719 [INFO] ThirdParty:1030 - CMSIS Pack Vendor :STMicroelectronics X-CUBE-ST67W61 1.0.0
2025-10-25 07:55:55,719 [INFO] ThirdParty:1030 - CMSIS Pack Vendor :STMicroelectronics FP-SNS-STBOX1 2.1.0
2025-10-25 07:55:55,719 [INFO] ThirdParty:1030 - CMSIS Pack Vendor :STMicroelectronics X-CUBE-AI 10.2.0
2025-10-25 07:55:55,719 [INFO] ThirdParty:1030 - CMSIS Pack Vendor :STMicroelectronics FP-SNS-STAIOTCFT 1.0.0
2025-10-25 07:55:55,719 [INFO] ThirdParty:1030 - CMSIS Pack Vendor :STMicroelectronics ThreadX 1.0.0
2025-10-25 07:55:55,720 [INFO] ThirdParty:1030 - CMSIS Pack Vendor :STMicroelectronics FP-SNS-SMARTAG2 1.2.0
2025-10-25 07:55:55,720 [INFO] ThirdParty:1030 - CMSIS Pack Vendor :STMicroelectronics FP-SNS-FLIGHT1 5.1.0
2025-10-25 07:55:55,720 [INFO] ThirdParty:1030 - CMSIS Pack Vendor :STMicroelectronics X-CUBE-AZRTOS-WL 2.0.0
2025-10-25 07:55:55,720 [INFO] ThirdParty:1030 - CMSIS Pack Vendor :SEGGER I-CUBE-embOS 1.3.1
2025-10-25 07:55:55,720 [INFO] ThirdParty:1030 - CMSIS Pack Vendor :STMicroelectronics X-CUBE-ALGOBUILD 1.4.0
2025-10-25 07:55:55,720 [INFO] ThirdParty:1030 - CMSIS Pack Vendor :STMicroelectronics X-CUBE-DPower 1.3.0
2025-10-25 07:55:55,720 [INFO] ThirdParty:1030 - CMSIS Pack Vendor :STMicroelectronics X-CUBE-MEMS1 11.3.0
2025-10-25 07:55:55,720 [INFO] ThirdParty:1030 - CMSIS Pack Vendor :STMicroelectronics FP-SNS-MOTENV1 5.0.0
2025-10-25 07:55:55,720 [INFO] ThirdParty:1030 - CMSIS Pack Vendor :STMicroelectronics USB_DEVICE 1.0.0
2025-10-25 07:55:55,720 [INFO] ThirdParty:1030 - CMSIS Pack Vendor :STMicroelectronics X-CUBE-AZRTOS-L4 2.0.0
2025-10-25 07:55:55,720 [INFO] ThirdParty:1030 - CMSIS Pack Vendor :STMicroelectronics ThreadX 0.0.2
2025-10-25 07:55:55,720 [INFO] ThirdParty:1030 - CMSIS Pack Vendor :STMicroelectronics lwIP 2.1.2
2025-10-25 07:55:55,720 [INFO] ThirdParty:1030 - CMSIS Pack Vendor :STMicroelectronics X-CUBE-SFXS2LP1 4.0.0
2025-10-25 07:55:55,720 [INFO] ThirdParty:1030 - CMSIS Pack Vendor :STMicroelectronics X-CUBE-BLE2 3.3.0
2025-10-25 07:55:55,720 [INFO] ThirdParty:1030 - CMSIS Pack Vendor :STMicroelectronics X-CUBE-TOF1 3.4.3
2025-10-25 07:55:55,720 [INFO] ThirdParty:1030 - CMSIS Pack Vendor :STMicroelectronics PDM2PCM 3.2.0
2025-10-25 07:55:55,720 [INFO] ThirdParty:841 - exiting critical section [change project]
2025-10-25 07:55:56,149 [INFO] PinOutPanel:1589 - setPackage(No Configuration,No Configuration)
2025-10-25 07:55:56,151 [INFO] PinOutPanel:1589 - setPackage(STM32L476RGTx,LQFP64)
2025-10-25 07:55:56,827 [INFO] UtilMem:75 - Before build in PCC Used Memory: 383747232 Bytes (463470592)
2025-10-25 07:55:57,815 [INFO] UtilMem:75 - After build in PCC Used Memory: 308130600 Bytes (463470592)
2025-10-25 07:55:57,845 [INFO] IPUIPlugin:80 - create IPUIPlugin
2025-10-25 07:55:57,846 [INFO] IPUIPlugin:80 - create IPUIPlugin
2025-10-25 07:55:57,846 [INFO] IPUIPlugin:80 - create IPUIPlugin
2025-10-25 07:55:57,846 [INFO] IPUIPlugin:80 - create IPUIPlugin
2025-10-25 07:55:57,846 [INFO] IPUIPlugin:80 - create IPUIPlugin
2025-10-25 07:55:57,846 [INFO] IPUIPlugin:80 - create IPUIPlugin
2025-10-25 07:55:57,846 [INFO] IPUIPlugin:80 - create IPUIPlugin
2025-10-25 07:55:57,846 [INFO] IPUIPlugin:80 - create IPUIPlugin
2025-10-25 07:55:57,846 [INFO] IPUIPlugin:80 - create IPUIPlugin
2025-10-25 07:55:57,846 [INFO] IPUIPlugin:80 - create IPUIPlugin
2025-10-25 07:55:57,846 [INFO] IPUIPlugin:80 - create IPUIPlugin
2025-10-25 07:55:57,846 [INFO] IPUIPlugin:80 - create IPUIPlugin
2025-10-25 07:55:57,846 [INFO] IPUIPlugin:80 - create IPUIPlugin
2025-10-25 07:55:57,846 [INFO] IPUIPlugin:80 - create IPUIPlugin
2025-10-25 07:55:57,847 [INFO] IPUIPlugin:80 - create IPUIPlugin
2025-10-25 07:55:57,847 [INFO] IPUIPlugin:80 - create IPUIPlugin
2025-10-25 07:55:57,847 [INFO] IPUIPlugin:80 - create IPUIPlugin
2025-10-25 07:55:57,847 [INFO] IPUIPlugin:80 - create IPUIPlugin
2025-10-25 07:55:57,847 [INFO] IPUIPlugin:80 - create IPUIPlugin
2025-10-25 07:55:57,847 [INFO] IPUIPlugin:80 - create IPUIPlugin
2025-10-25 07:55:57,847 [INFO] IPUIPlugin:80 - create IPUIPlugin
2025-10-25 07:55:57,847 [INFO] IPUIPlugin:80 - create IPUIPlugin
2025-10-25 07:55:57,848 [INFO] IPUIPlugin:80 - create IPUIPlugin
2025-10-25 07:55:57,848 [INFO] IPUIPlugin:80 - create IPUIPlugin
2025-10-25 07:55:57,848 [INFO] IPUIPlugin:80 - create IPUIPlugin
2025-10-25 07:55:57,848 [INFO] IPUIPlugin:80 - create IPUIPlugin
2025-10-25 07:55:57,848 [INFO] IPUIPlugin:80 - create IPUIPlugin
2025-10-25 07:55:57,848 [INFO] IPUIPlugin:80 - create IPUIPlugin
2025-10-25 07:55:57,849 [INFO] IPUIPlugin:80 - create IPUIPlugin
2025-10-25 07:55:57,849 [INFO] IPUIPlugin:80 - create IPUIPlugin
2025-10-25 07:55:57,849 [INFO] IPUIPlugin:80 - create IPUIPlugin
2025-10-25 07:55:57,849 [INFO] IPUIPlugin:80 - create IPUIPlugin
2025-10-25 07:55:57,849 [INFO] IPUIPlugin:80 - create IPUIPlugin
2025-10-25 07:55:57,850 [INFO] IPUIPlugin:80 - create IPUIPlugin
2025-10-25 07:55:57,850 [INFO] IPUIPlugin:80 - create IPUIPlugin
2025-10-25 07:55:57,850 [INFO] IPUIPlugin:80 - create IPUIPlugin
2025-10-25 07:55:57,850 [INFO] IPUIPlugin:80 - create IPUIPlugin
2025-10-25 07:55:57,850 [INFO] IPUIPlugin:80 - create IPUIPlugin
2025-10-25 07:55:57,850 [INFO] IPUIPlugin:80 - create IPUIPlugin
2025-10-25 07:55:57,851 [INFO] IPUIPlugin:80 - create IPUIPlugin
2025-10-25 07:55:57,851 [INFO] IPUIPlugin:80 - create IPUIPlugin
2025-10-25 07:55:57,851 [INFO] IPUIPlugin:80 - create IPUIPlugin
2025-10-25 07:55:57,851 [INFO] IPUIPlugin:80 - create IPUIPlugin
2025-10-25 07:55:57,851 [INFO] IPUIPlugin:80 - create IPUIPlugin
2025-10-25 07:55:57,851 [INFO] IPUIPlugin:80 - create IPUIPlugin
2025-10-25 07:55:57,852 [INFO] IPUIPlugin:80 - create IPUIPlugin
2025-10-25 07:55:57,852 [INFO] IPUIPlugin:80 - create IPUIPlugin
2025-10-25 07:55:57,852 [INFO] IPUIPlugin:80 - create IPUIPlugin
2025-10-25 07:55:57,852 [INFO] IPUIPlugin:80 - create IPUIPlugin
2025-10-25 07:55:57,852 [INFO] IPUIPlugin:80 - create IPUIPlugin
2025-10-25 07:55:57,853 [INFO] IPUIPlugin:80 - create IPUIPlugin
2025-10-25 07:55:57,853 [INFO] IPUIPlugin:80 - create IPUIPlugin
2025-10-25 07:55:57,853 [INFO] IPUIPlugin:80 - create IPUIPlugin
2025-10-25 07:55:57,853 [INFO] IPUIPlugin:80 - create IPUIPlugin
2025-10-25 07:55:57,854 [INFO] IPUIPlugin:80 - create IPUIPlugin
2025-10-25 07:55:57,854 [INFO] IPUIPlugin:80 - create IPUIPlugin
2025-10-25 07:55:57,854 [INFO] IPUIPlugin:80 - create IPUIPlugin
2025-10-25 07:55:57,854 [INFO] IPUIPlugin:80 - create IPUIPlugin
2025-10-25 07:55:57,855 [INFO] IPUIPlugin:80 - create IPUIPlugin
2025-10-25 07:55:58,065 [INFO] CADModel:165 - CPN selected for project levelSTM32L476RGT3
2025-10-25 07:55:58,065 [INFO] CADModel:114 - Register for checkConnection events
2025-10-25 07:55:58,115 [INFO] OpenFileManager:386 - Restore cursor
2025-10-25 07:56:43,796 [INFO] ADCParametersView:116 -                Rank 1 : false
2025-10-25 07:56:43,858 [INFO] ADCParametersView:116 -                Rank 1 : false
2025-10-25 07:56:43,858 [INFO] ADCParametersView:116 -                Rank 1 : false
2025-10-25 07:56:43,858 [INFO] ADCParametersView:116 -                Rank 1 : false
2025-10-25 07:56:43,858 [INFO] ADCParametersView:116 -                Rank 1 : false
2025-10-25 07:56:43,858 [INFO] ADCParametersView:116 -                Rank 1 : false
2025-10-25 07:56:43,859 [INFO] ADCParametersView:116 -                Rank 1 : false
2025-10-25 07:56:43,859 [INFO] ADCParametersView:116 -                Rank 1 : false
2025-10-25 07:56:43,859 [INFO] ADCParametersView:116 -                Rank 1 : false
2025-10-25 07:56:43,859 [INFO] ADCParametersView:116 -                Rank 1 : false
2025-10-25 07:56:43,859 [INFO] ADCParametersView:116 -                Rank 1 : false
2025-10-25 07:56:43,859 [INFO] ADCParametersView:116 -                Rank 1 : false
2025-10-25 07:56:43,859 [INFO] ADCParametersView:116 -                Rank 1 : false
2025-10-25 07:56:43,859 [INFO] ADCParametersView:116 -                Rank 1 : false
2025-10-25 07:56:43,859 [INFO] ADCParametersView:116 -                Rank 1 : false
2025-10-25 07:56:43,859 [INFO] ADCParametersView:116 -                Rank 1 : false
2025-10-25 07:56:43,859 [INFO] ADCParametersView:116 -                Rank 1 : false
2025-10-25 07:56:43,860 [INFO] ADCParametersView:116 -                Rank 1 : false
2025-10-25 07:56:43,860 [INFO] ADCParametersView:116 -                Rank 1 : false
2025-10-25 07:56:43,860 [INFO] ADCParametersView:116 -                Rank 1 : false
2025-10-25 07:56:43,860 [INFO] ADCParametersView:116 -                Rank 1 : false
2025-10-25 07:56:43,869 [INFO] ADCParametersView:116 -                Rank 1 : false
2025-10-25 07:56:43,903 [INFO] NvicIntPanel:101 - NVIC parent = com.st.microxplorer.plugins.ip.nvic.MultiNvicIntPanel[,0,0,0x0,invalid,layout=javax.swing.BoxLayout,alignmentX=0.0,alignmentY=0.0,border=,flags=9,maximumSize=,minimumSize=,preferredSize=]
2025-10-25 07:56:43,990 [INFO] NvicIntPanel:101 - NVIC parent = com.st.microxplorer.plugins.ip.nvic.MultiNvicIntPanel[,0,0,0x0,invalid,layout=javax.swing.BoxLayout,alignmentX=0.0,alignmentY=0.0,border=,flags=9,maximumSize=,minimumSize=,preferredSize=]
2025-10-25 07:56:44,113 [INFO] NvicIntPanel:101 - NVIC parent = com.st.microxplorer.plugins.ip.nvic.MultiNvicIntPanel[,0,0,0x0,invalid,layout=javax.swing.BoxLayout,alignmentX=0.0,alignmentY=0.0,border=,flags=9,maximumSize=,minimumSize=,preferredSize=]
2025-10-25 07:56:44,236 [INFO] NvicIntPanel:101 - NVIC parent = com.st.microxplorer.plugins.ip.nvic.MultiNvicIntPanel[,0,0,0x0,invalid,layout=javax.swing.BoxLayout,alignmentX=0.0,alignmentY=0.0,border=,flags=9,maximumSize=,minimumSize=,preferredSize=]
2025-10-25 07:56:44,361 [INFO] NvicIntPanel:101 - NVIC parent = com.st.microxplorer.plugins.ip.nvic.MultiNvicIntPanel[,0,0,0x0,invalid,layout=javax.swing.BoxLayout,alignmentX=0.0,alignmentY=0.0,border=,flags=9,maximumSize=,minimumSize=,preferredSize=]
2025-10-25 07:56:44,420 [INFO] ADCParametersView:116 -                Rank 1 : false
2025-10-25 07:56:44,421 [INFO] ADCParametersView:116 -                Rank 1 : false
2025-10-25 07:56:44,421 [INFO] ADCParametersView:116 -                Rank 1 : false
2025-10-25 07:56:44,421 [INFO] ADCParametersView:116 -                Rank 1 : false
2025-10-25 07:56:44,421 [INFO] ADCParametersView:116 -                Rank 1 : false
2025-10-25 07:56:44,421 [INFO] ADCParametersView:116 -                Rank 1 : false
2025-10-25 07:56:44,421 [INFO] ADCParametersView:116 -                Rank 1 : false
2025-10-25 07:56:44,421 [INFO] ADCParametersView:116 -                Rank 1 : false
2025-10-25 07:56:44,421 [INFO] ADCParametersView:116 -                Rank 1 : false
2025-10-25 07:56:44,421 [INFO] ADCParametersView:116 -                Rank 1 : false
2025-10-25 07:56:44,421 [INFO] ADCParametersView:116 -                Rank 1 : false
2025-10-25 07:56:44,422 [INFO] ADCParametersView:116 -                Rank 1 : false
2025-10-25 07:56:44,422 [INFO] ADCParametersView:116 -                Rank 1 : false
2025-10-25 07:56:44,422 [INFO] ADCParametersView:116 -                Rank 1 : false
2025-10-25 07:56:44,422 [INFO] ADCParametersView:116 -                Rank 1 : false
2025-10-25 07:56:44,422 [INFO] ADCParametersView:116 -                Rank 1 : false
2025-10-25 07:56:44,422 [INFO] ADCParametersView:116 -                Rank 1 : false
2025-10-25 07:56:44,422 [INFO] ADCParametersView:116 -                Rank 1 : false
2025-10-25 07:56:44,422 [INFO] ADCParametersView:116 -                Rank 1 : false
2025-10-25 07:56:44,422 [INFO] ADCParametersView:116 -                Rank 1 : false
2025-10-25 07:56:44,453 [INFO] ADCParametersView:116 -                Rank 1 : false
2025-10-25 07:56:44,491 [INFO] ADCParametersView:116 -                Rank 1 : false
2025-10-25 07:56:44,491 [INFO] ADCParametersView:116 -                Rank 1 : false
2025-10-25 07:56:44,491 [INFO] ADCParametersView:116 -                Rank 1 : false
2025-10-25 07:56:44,491 [INFO] ADCParametersView:116 -                Rank 1 : false
2025-10-25 07:56:44,491 [INFO] ADCParametersView:116 -                Rank 1 : false
2025-10-25 07:56:44,492 [INFO] ADCParametersView:116 -                Rank 1 : false
2025-10-25 07:56:44,492 [INFO] ADCParametersView:116 -                Rank 1 : false
2025-10-25 07:56:44,492 [INFO] ADCParametersView:116 -                Rank 1 : false
2025-10-25 07:56:44,492 [INFO] ADCParametersView:116 -                Rank 1 : false
2025-10-25 07:56:44,492 [INFO] ADCParametersView:116 -                Rank 1 : false
2025-10-25 07:56:44,492 [INFO] ADCParametersView:116 -                Rank 1 : false
2025-10-25 07:56:44,492 [INFO] ADCParametersView:116 -                Rank 1 : false
2025-10-25 07:56:44,492 [INFO] ADCParametersView:116 -                Rank 1 : false
2025-10-25 07:56:44,492 [INFO] ADCParametersView:116 -                Rank 1 : false
2025-10-25 07:56:44,492 [INFO] ADCParametersView:116 -                Rank 1 : false
2025-10-25 07:56:44,492 [INFO] ADCParametersView:116 -                Rank 1 : false
2025-10-25 07:56:44,493 [INFO] ADCParametersView:116 -                Rank 1 : false
2025-10-25 07:56:44,493 [INFO] ADCParametersView:116 -                Rank 1 : false
2025-10-25 07:56:44,493 [INFO] ADCParametersView:116 -                Rank 1 : false
2025-10-25 07:56:44,493 [INFO] ADCParametersView:116 -                Rank 1 : false
2025-10-25 07:56:44,524 [INFO] ADCParametersView:116 -                Rank 1 : false
2025-10-25 07:56:44,534 [INFO] NvicIntPanel:101 - NVIC parent = com.st.microxplorer.plugins.ip.nvic.MultiNvicIntPanel[,0,0,0x0,invalid,layout=javax.swing.BoxLayout,alignmentX=0.0,alignmentY=0.0,border=,flags=9,maximumSize=,minimumSize=,preferredSize=]
2025-10-25 07:56:47,360 [INFO] ADCParametersView:116 -                Rank 1 : false
2025-10-25 07:56:47,360 [INFO] ADCParametersView:116 -                Rank 1 : false
2025-10-25 07:56:47,360 [INFO] ADCParametersView:116 -                Rank 1 : false
2025-10-25 07:56:47,361 [INFO] ADCParametersView:116 -                Rank 1 : false
2025-10-25 07:56:47,361 [INFO] ADCParametersView:116 -                Rank 1 : false
2025-10-25 07:56:47,361 [INFO] ADCParametersView:116 -                Rank 1 : false
2025-10-25 07:56:47,361 [INFO] ADCParametersView:116 -                Rank 1 : false
2025-10-25 07:56:47,361 [INFO] ADCParametersView:116 -                Rank 1 : false
2025-10-25 07:56:47,361 [INFO] ADCParametersView:116 -                Rank 1 : false
2025-10-25 07:56:47,361 [INFO] ADCParametersView:116 -                Rank 1 : false
2025-10-25 07:56:47,361 [INFO] ADCParametersView:116 -                Rank 1 : false
2025-10-25 07:56:47,361 [INFO] ADCParametersView:116 -                Rank 1 : false
2025-10-25 07:56:47,361 [INFO] ADCParametersView:116 -                Rank 1 : false
2025-10-25 07:56:47,361 [INFO] ADCParametersView:116 -                Rank 1 : false
2025-10-25 07:56:47,361 [INFO] ADCParametersView:116 -                Rank 1 : false
2025-10-25 07:56:47,361 [INFO] ADCParametersView:116 -                Rank 1 : false
2025-10-25 07:56:47,361 [INFO] ADCParametersView:116 -                Rank 1 : false
2025-10-25 07:56:47,361 [INFO] ADCParametersView:116 -                Rank 1 : false
2025-10-25 07:56:47,361 [INFO] ADCParametersView:116 -                Rank 1 : false
2025-10-25 07:56:47,362 [INFO] ADCParametersView:116 -                Rank 1 : false
2025-10-25 07:56:47,390 [INFO] ADCParametersView:116 -                Rank 1 : false
2025-10-25 07:57:22,114 [INFO] ADCParametersView:116 -                Rank 1 : false
2025-10-25 07:57:22,118 [INFO] ADCParametersView:116 -                Rank 1 : false
2025-10-25 07:57:22,119 [INFO] ADCParametersView:116 -                Rank 1 : false
2025-10-25 07:57:22,119 [INFO] ADCParametersView:116 -                Rank 1 : false
2025-10-25 07:57:22,119 [INFO] ADCParametersView:116 -                Rank 1 : false
2025-10-25 07:57:22,119 [INFO] ADCParametersView:116 -                Rank 1 : false
2025-10-25 07:57:22,119 [INFO] ADCParametersView:116 -                Rank 1 : false
2025-10-25 07:57:22,119 [INFO] ADCParametersView:116 -                Rank 1 : false
2025-10-25 07:57:22,119 [INFO] ADCParametersView:116 -                Rank 1 : false
2025-10-25 07:57:22,119 [INFO] ADCParametersView:116 -                Rank 1 : false
2025-10-25 07:57:22,119 [INFO] ADCParametersView:116 -                Rank 1 : false
2025-10-25 07:57:22,119 [INFO] ADCParametersView:116 -                Rank 1 : false
2025-10-25 07:57:22,119 [INFO] ADCParametersView:116 -                Rank 1 : false
2025-10-25 07:57:22,119 [INFO] ADCParametersView:116 -                Rank 1 : false
2025-10-25 07:57:22,119 [INFO] ADCParametersView:116 -                Rank 1 : false
2025-10-25 07:57:22,119 [INFO] ADCParametersView:116 -                Rank 1 : false
2025-10-25 07:57:22,119 [INFO] ADCParametersView:116 -                Rank 1 : false
2025-10-25 07:57:22,119 [INFO] ADCParametersView:116 -                Rank 1 : false
2025-10-25 07:57:22,119 [INFO] ADCParametersView:116 -                Rank 1 : false
2025-10-25 07:57:22,119 [INFO] ADCParametersView:116 -                Rank 1 : false
2025-10-25 07:57:22,128 [INFO] ADCParametersView:116 -                Rank 1 : false
2025-10-25 07:57:22,146 [INFO] ADCParametersView:116 -                Rank 1 : false
2025-10-25 07:57:22,148 [INFO] ADCParametersView:116 -                Rank 1 : false
2025-10-25 07:57:22,148 [INFO] ADCParametersView:116 -                Rank 1 : false
2025-10-25 07:57:22,148 [INFO] ADCParametersView:116 -                Rank 1 : false
2025-10-25 07:57:22,148 [INFO] ADCParametersView:116 -                Rank 1 : false
2025-10-25 07:57:22,148 [INFO] ADCParametersView:116 -                Rank 1 : false
2025-10-25 07:57:22,148 [INFO] ADCParametersView:116 -                Rank 1 : false
2025-10-25 07:57:22,148 [INFO] ADCParametersView:116 -                Rank 1 : false
2025-10-25 07:57:22,148 [INFO] ADCParametersView:116 -                Rank 1 : false
2025-10-25 07:57:22,148 [INFO] ADCParametersView:116 -                Rank 1 : false
2025-10-25 07:57:22,148 [INFO] ADCParametersView:116 -                Rank 1 : false
2025-10-25 07:57:22,148 [INFO] ADCParametersView:116 -                Rank 1 : false
2025-10-25 07:57:22,148 [INFO] ADCParametersView:116 -                Rank 1 : false
2025-10-25 07:57:22,148 [INFO] ADCParametersView:116 -                Rank 1 : false
2025-10-25 07:57:22,148 [INFO] ADCParametersView:116 -                Rank 1 : false
2025-10-25 07:57:22,148 [INFO] ADCParametersView:116 -                Rank 1 : false
2025-10-25 07:57:22,148 [INFO] ADCParametersView:116 -                Rank 1 : false
2025-10-25 07:57:22,148 [INFO] ADCParametersView:116 -                Rank 1 : false
2025-10-25 07:57:22,149 [INFO] ADCParametersView:116 -                Rank 1 : false
2025-10-25 07:57:22,149 [INFO] ADCParametersView:116 -                Rank 1 : false
2025-10-25 07:57:22,158 [INFO] ADCParametersView:116 -                Rank 1 : false
2025-10-25 07:57:22,196 [INFO] ADCParametersView:116 -                Rank 1 : false
2025-10-25 07:57:22,197 [INFO] ADCParametersView:116 -                Rank 1 : false
2025-10-25 07:57:22,198 [INFO] ADCParametersView:116 -                Rank 1 : false
2025-10-25 07:57:22,198 [INFO] ADCParametersView:116 -                Rank 1 : false
2025-10-25 07:57:22,198 [INFO] ADCParametersView:116 -                Rank 1 : false
2025-10-25 07:57:22,198 [INFO] ADCParametersView:116 -                Rank 1 : false
2025-10-25 07:57:22,198 [INFO] ADCParametersView:116 -                Rank 1 : false
2025-10-25 07:57:22,198 [INFO] ADCParametersView:116 -                Rank 1 : false
2025-10-25 07:57:22,198 [INFO] ADCParametersView:116 -                Rank 1 : false
2025-10-25 07:57:22,198 [INFO] ADCParametersView:116 -                Rank 1 : false
2025-10-25 07:57:22,198 [INFO] ADCParametersView:116 -                Rank 1 : false
2025-10-25 07:57:22,198 [INFO] ADCParametersView:116 -                Rank 1 : false
2025-10-25 07:57:22,198 [INFO] ADCParametersView:116 -                Rank 1 : false
2025-10-25 07:57:22,198 [INFO] ADCParametersView:116 -                Rank 1 : false
2025-10-25 07:57:22,198 [INFO] ADCParametersView:116 -                Rank 1 : false
2025-10-25 07:57:22,198 [INFO] ADCParametersView:116 -                Rank 1 : false
2025-10-25 07:57:22,198 [INFO] ADCParametersView:116 -                Rank 1 : false
2025-10-25 07:57:22,198 [INFO] ADCParametersView:116 -                Rank 1 : false
2025-10-25 07:57:22,198 [INFO] ADCParametersView:116 -                Rank 1 : false
2025-10-25 07:57:22,199 [INFO] ADCParametersView:116 -                Rank 1 : false
2025-10-25 07:57:22,227 [INFO] ADCParametersView:116 -                Rank 1 : false
2025-10-25 07:57:28,338 [INFO] NvicIntPanel:101 - NVIC parent = com.st.microxplorer.plugins.ip.nvic.MultiNvicIntPanel[,0,0,664x420,layout=javax.swing.BoxLayout,alignmentX=0.0,alignmentY=0.0,border=,flags=9,maximumSize=,minimumSize=,preferredSize=]
2025-10-25 07:57:29,484 [INFO] NvicIntPanel:101 - NVIC parent = com.st.microxplorer.plugins.ip.nvic.MultiNvicIntPanel[,0,0,0x0,invalid,layout=javax.swing.BoxLayout,alignmentX=0.0,alignmentY=0.0,border=,flags=9,maximumSize=,minimumSize=,preferredSize=]
2025-10-25 07:57:40,584 [INFO] ADCParametersView:116 -                Rank 1 : false
2025-10-25 07:57:40,586 [INFO] ADCParametersView:116 -                Rank 1 : false
2025-10-25 07:57:40,586 [INFO] ADCParametersView:116 -                Rank 1 : false
2025-10-25 07:57:40,586 [INFO] ADCParametersView:116 -                Rank 1 : false
2025-10-25 07:57:40,586 [INFO] ADCParametersView:116 -                Rank 1 : false
2025-10-25 07:57:40,586 [INFO] ADCParametersView:116 -                Rank 1 : false
2025-10-25 07:57:40,586 [INFO] ADCParametersView:116 -                Rank 1 : false
2025-10-25 07:57:40,586 [INFO] ADCParametersView:116 -                Rank 1 : false
2025-10-25 07:57:40,586 [INFO] ADCParametersView:116 -                Rank 1 : false
2025-10-25 07:57:40,586 [INFO] ADCParametersView:116 -                Rank 1 : false
2025-10-25 07:57:40,586 [INFO] ADCParametersView:116 -                Rank 1 : false
2025-10-25 07:57:40,586 [INFO] ADCParametersView:116 -                Rank 1 : false
2025-10-25 07:57:40,586 [INFO] ADCParametersView:116 -                Rank 1 : false
2025-10-25 07:57:40,586 [INFO] ADCParametersView:116 -                Rank 1 : false
2025-10-25 07:57:40,586 [INFO] ADCParametersView:116 -                Rank 1 : false
2025-10-25 07:57:40,586 [INFO] ADCParametersView:116 -                Rank 1 : false
2025-10-25 07:57:40,586 [INFO] ADCParametersView:116 -                Rank 1 : false
2025-10-25 07:57:40,586 [INFO] ADCParametersView:116 -                Rank 1 : false
2025-10-25 07:57:40,586 [INFO] ADCParametersView:116 -                Rank 1 : false
2025-10-25 07:57:40,586 [INFO] ADCParametersView:116 -                Rank 1 : false
2025-10-25 07:57:40,616 [INFO] ADCParametersView:116 -                Rank 1 : false
2025-10-25 07:57:40,653 [INFO] ADCParametersView:116 -                Rank 1 : false
2025-10-25 07:57:40,654 [INFO] ADCParametersView:116 -                Rank 1 : false
2025-10-25 07:57:40,654 [INFO] ADCParametersView:116 -                Rank 1 : false
2025-10-25 07:57:40,654 [INFO] ADCParametersView:116 -                Rank 1 : false
2025-10-25 07:57:40,654 [INFO] ADCParametersView:116 -                Rank 1 : false
2025-10-25 07:57:40,654 [INFO] ADCParametersView:116 -                Rank 1 : false
2025-10-25 07:57:40,654 [INFO] ADCParametersView:116 -                Rank 1 : false
2025-10-25 07:57:40,654 [INFO] ADCParametersView:116 -                Rank 1 : false
2025-10-25 07:57:40,654 [INFO] ADCParametersView:116 -                Rank 1 : false
2025-10-25 07:57:40,654 [INFO] ADCParametersView:116 -                Rank 1 : false
2025-10-25 07:57:40,654 [INFO] ADCParametersView:116 -                Rank 1 : false
2025-10-25 07:57:40,655 [INFO] ADCParametersView:116 -                Rank 1 : false
2025-10-25 07:57:40,655 [INFO] ADCParametersView:116 -                Rank 1 : false
2025-10-25 07:57:40,655 [INFO] ADCParametersView:116 -                Rank 1 : false
2025-10-25 07:57:40,655 [INFO] ADCParametersView:116 -                Rank 1 : false
2025-10-25 07:57:40,655 [INFO] ADCParametersView:116 -                Rank 1 : false
2025-10-25 07:57:40,655 [INFO] ADCParametersView:116 -                Rank 1 : false
2025-10-25 07:57:40,655 [INFO] ADCParametersView:116 -                Rank 1 : false
2025-10-25 07:57:40,655 [INFO] ADCParametersView:116 -                Rank 1 : false
2025-10-25 07:57:40,655 [INFO] ADCParametersView:116 -                Rank 1 : false
2025-10-25 07:57:40,695 [INFO] ADCParametersView:116 -                Rank 1 : false
2025-10-25 07:57:48,317 [INFO] ADCParametersView:116 -                Rank 1 : false
2025-10-25 07:57:48,319 [INFO] ADCParametersView:116 -                Rank 1 : false
2025-10-25 07:57:48,319 [INFO] ADCParametersView:116 -                Rank 1 : false
2025-10-25 07:57:48,319 [INFO] ADCParametersView:116 -                Rank 1 : false
2025-10-25 07:57:48,319 [INFO] ADCParametersView:116 -                Rank 1 : false
2025-10-25 07:57:48,319 [INFO] ADCParametersView:116 -                Rank 1 : false
2025-10-25 07:57:48,319 [INFO] ADCParametersView:116 -                Rank 1 : false
2025-10-25 07:57:48,319 [INFO] ADCParametersView:116 -                Rank 1 : false
2025-10-25 07:57:48,319 [INFO] ADCParametersView:116 -                Rank 1 : false
2025-10-25 07:57:48,319 [INFO] ADCParametersView:116 -                Rank 1 : false
2025-10-25 07:57:48,319 [INFO] ADCParametersView:116 -                Rank 1 : false
2025-10-25 07:57:48,319 [INFO] ADCParametersView:116 -                Rank 1 : false
2025-10-25 07:57:48,319 [INFO] ADCParametersView:116 -                Rank 1 : false
2025-10-25 07:57:48,319 [INFO] ADCParametersView:116 -                Rank 1 : false
2025-10-25 07:57:48,319 [INFO] ADCParametersView:116 -                Rank 1 : false
2025-10-25 07:57:48,319 [INFO] ADCParametersView:116 -                Rank 1 : false
2025-10-25 07:57:48,319 [INFO] ADCParametersView:116 -                Rank 1 : false
2025-10-25 07:57:48,319 [INFO] ADCParametersView:116 -                Rank 1 : false
2025-10-25 07:57:48,319 [INFO] ADCParametersView:116 -                Rank 1 : false
2025-10-25 07:57:48,319 [INFO] ADCParametersView:116 -                Rank 1 : false
2025-10-25 07:57:48,348 [INFO] ADCParametersView:116 -                Rank 1 : false
2025-10-25 07:57:48,387 [INFO] ADCParametersView:116 -                Rank 1 : false
2025-10-25 07:57:48,388 [INFO] ADCParametersView:116 -                Rank 1 : false
2025-10-25 07:57:48,388 [INFO] ADCParametersView:116 -                Rank 1 : false
2025-10-25 07:57:48,388 [INFO] ADCParametersView:116 -                Rank 1 : false
2025-10-25 07:57:48,388 [INFO] ADCParametersView:116 -                Rank 1 : false
2025-10-25 07:57:48,388 [INFO] ADCParametersView:116 -                Rank 1 : false
2025-10-25 07:57:48,388 [INFO] ADCParametersView:116 -                Rank 1 : false
2025-10-25 07:57:48,388 [INFO] ADCParametersView:116 -                Rank 1 : false
2025-10-25 07:57:48,389 [INFO] ADCParametersView:116 -                Rank 1 : false
2025-10-25 07:57:48,389 [INFO] ADCParametersView:116 -                Rank 1 : false
2025-10-25 07:57:48,389 [INFO] ADCParametersView:116 -                Rank 1 : false
2025-10-25 07:57:48,389 [INFO] ADCParametersView:116 -                Rank 1 : false
2025-10-25 07:57:48,389 [INFO] ADCParametersView:116 -                Rank 1 : false
2025-10-25 07:57:48,389 [INFO] ADCParametersView:116 -                Rank 1 : false
2025-10-25 07:57:48,389 [INFO] ADCParametersView:116 -                Rank 1 : false
2025-10-25 07:57:48,389 [INFO] ADCParametersView:116 -                Rank 1 : false
2025-10-25 07:57:48,389 [INFO] ADCParametersView:116 -                Rank 1 : false
2025-10-25 07:57:48,389 [INFO] ADCParametersView:116 -                Rank 1 : false
2025-10-25 07:57:48,389 [INFO] ADCParametersView:116 -                Rank 1 : false
2025-10-25 07:57:48,389 [INFO] ADCParametersView:116 -                Rank 1 : false
2025-10-25 07:57:48,416 [INFO] ADCParametersView:116 -                Rank 1 : false
2025-10-25 07:57:59,943 [INFO] UtilMem:75 - End SaveConfig() Used Memory: 931689960 Bytes (1062207488)
2025-10-25 07:58:03,288 [INFO] UtilMem:75 - End SaveConfig() Used Memory: 985553680 Bytes (1062207488)
2025-10-25 07:58:03,716 [INFO] BlockDiagram:2775 - set Specific Code input for plugin: SYS
2025-10-25 07:58:03,716 [INFO] BlockDiagram:2775 - set Specific Code input for plugin: ADC
2025-10-25 07:58:03,716 [INFO] BlockDiagram:2775 - set Specific Code input for plugin: RCC
2025-10-25 07:58:03,716 [INFO] BlockDiagram:2775 - set Specific Code input for plugin: NVIC
2025-10-25 07:58:03,717 [INFO] BlockDiagram:2775 - set Specific Code input for plugin: GPIO
2025-10-25 07:58:03,729 [INFO] CodeGenerator:892 - code generatio: config db path: C:\ST\STM32CubeIDE_1.19.0\STM32CubeIDE\plugins\com.st.stm32cube.common.mx_6.15.0.202507011659\\db\
2025-10-25 07:58:03,938 [INFO] CodeEngine:265 - oldGeneratedFile, D:\STM32\Lab\23-interrupt-input-adc\MXTmpFiles\license.tmp_save
2025-10-25 07:58:04,461 [INFO] CodeEngine:289 - Generated code: D:\STM32\Lab\23-interrupt-input-adc\MXTmpFiles\license.tmp
2025-10-25 07:58:04,696 [INFO] CodeEngine:265 - oldGeneratedFile, D:\STM32\Lab\23-interrupt-input-adc\MXTmpFiles\gpio.tmp_save
2025-10-25 07:58:04,829 [INFO] CodeEngine:289 - Generated code: D:\STM32\Lab\23-interrupt-input-adc\MXTmpFiles\gpio.tmp
2025-10-25 07:58:05,023 [INFO] CodeEngine:265 - oldGeneratedFile, D:\STM32\Lab\23-interrupt-input-adc\Core\Src\stm32l4xx_it.c_save
2025-10-25 07:58:05,143 [INFO] CodeEngine:289 - Generated code: D:\STM32\Lab\23-interrupt-input-adc\Core\Src\stm32l4xx_it.c
2025-10-25 07:58:05,147 [INFO] CodeEngine:265 - oldGeneratedFile, D:\STM32\Lab\23-interrupt-input-adc\Core\Inc\stm32l4xx_it.h_save
2025-10-25 07:58:05,207 [INFO] CodeEngine:289 - Generated code: D:\STM32\Lab\23-interrupt-input-adc\Core\Inc\stm32l4xx_it.h
2025-10-25 07:58:05,221 [INFO] CodeEngine:265 - oldGeneratedFile, D:\STM32\Lab\23-interrupt-input-adc\Core\Src\stm32l4xx_hal_msp.c_save
2025-10-25 07:58:05,339 [INFO] CodeEngine:289 - Generated code: D:\STM32\Lab\23-interrupt-input-adc\Core\Src\stm32l4xx_hal_msp.c
2025-10-25 07:58:05,344 [INFO] CodeEngine:265 - oldGeneratedFile, D:\STM32\Lab\23-interrupt-input-adc\MXTmpFiles\system.tmp_save
2025-10-25 07:58:05,394 [INFO] CodeEngine:289 - Generated code: D:\STM32\Lab\23-interrupt-input-adc\MXTmpFiles\system.tmp
2025-10-25 07:58:05,404 [INFO] CodeEngine:321 - oldGeneratedFile, D:\STM32\Lab\23-interrupt-input-adc\Core\Inc\stm32l4xx_hal_conf.h_save
2025-10-25 07:58:05,461 [INFO] CodeEngine:345 - Generated code: D:\STM32\Lab\23-interrupt-input-adc\Core\Inc\stm32l4xx_hal_conf.h
2025-10-25 07:58:05,497 [INFO] ApiDbMcu:532 - Load IP Config File for ADC1
2025-10-25 07:58:05,502 [INFO] ApiDbMcu:532 - Load IP Config File for RCC
2025-10-25 07:58:05,512 [INFO] CodeEngine:265 - oldGeneratedFile, D:\STM32\Lab\23-interrupt-input-adc\Core\Inc\main.h_save
2025-10-25 07:58:05,589 [INFO] CodeEngine:289 - Generated code: D:\STM32\Lab\23-interrupt-input-adc\Core\Inc\main.h
2025-10-25 07:58:05,594 [INFO] CodeEngine:265 - oldGeneratedFile, D:\STM32\Lab\23-interrupt-input-adc\Core\Src\main.c_save
2025-10-25 07:58:05,707 [INFO] CodeEngine:289 - Generated code: D:\STM32\Lab\23-interrupt-input-adc\Core\Src\main.c
2025-10-25 07:58:06,130 [INFO] ProjectBuilder:3606 - Time for Copy HAL[1] : 203mS.
2025-10-25 07:58:06,136 [INFO] ProjectBuilder:5216 - Project Generator version: 4.7.0-B52
2025-10-25 07:58:06,202 [INFO] ConfigFileManager:1595 - The Die is : DIE415
2025-10-25 07:58:06,213 [INFO] ApiDbMcu:532 - Load IP Config File for FATFS
2025-10-25 07:58:06,218 [INFO] ApiDbMcu:532 - Load IP Config File for FREERTOS
2025-10-25 07:58:06,225 [INFO] ApiDbMcu:532 - Load IP Config File for TOUCHSENSING
2025-10-25 07:58:06,231 [INFO] ApiDbMcu:532 - Load IP Config File for USB_DEVICE
2025-10-25 07:58:06,235 [INFO] ApiDbMcu:532 - Load IP Config File for USB_HOST
2025-10-25 07:58:06,582 [INFO] LogOutputStream:77 - [STDOUT_REDIRECT] 
2025-10-25 07:58:07,576 [INFO] ProjectBuilder:5496 - Time for Generating toolchain IDE Files: 1440mS.
2025-10-25 07:58:07,577 [INFO] ProjectBuilder:3463 - Time for Copy CMSIS : 1mS.
2025-10-25 07:58:07,579 [INFO] ProjectBuilder:3463 - Time for Copy CMSIS : 0mS.
2025-10-25 08:05:52,708 [INFO] MainUpdater:2872 - connection check result : 10
2025-10-25 08:05:52,708 [INFO] MainUpdater:2872 - connection check result : 10
2025-10-25 08:05:52,770 [INFO] MicroXplorer:468 - Change Database Path : 
2025-10-25 08:05:52,771 [INFO] MicroXplorer:498 - Change Database Version : DB.6.0.150
2025-10-25 08:05:52,804 [ERROR] ProjectManagerView:395 - 
java.lang.NullPointerException: Cannot invoke "javax.swing.JTextField.getText()" because the return value of "java.util.List.get(int)" is null
	at com.st.microxplorer.plugins.projectmanager.gui.ProjectChoiceTab$9.caretUpdate(ProjectChoiceTab.java:2706) ~[filemanager.jar:?]
	at javax.swing.text.JTextComponent.fireCaretUpdate(JTextComponent.java:408) ~[?:?]
	at javax.swing.text.JTextComponent$MutableCaretEvent.fire(JTextComponent.java:4484) ~[?:?]
	at javax.swing.text.JTextComponent$MutableCaretEvent.stateChanged(JTextComponent.java:4506) ~[?:?]
	at javax.swing.text.DefaultCaret.fireStateChanged(DefaultCaret.java:857) ~[?:?]
	at javax.swing.text.DefaultCaret.changeCaretPosition(DefaultCaret.java:1343) ~[?:?]
	at javax.swing.text.DefaultCaret.handleSetDot(DefaultCaret.java:1242) ~[?:?]
	at javax.swing.text.DefaultCaret.setDot(DefaultCaret.java:1223) ~[?:?]
	at javax.swing.text.DefaultCaret$Handler.insertUpdate(DefaultCaret.java:1819) ~[?:?]
	at javax.swing.text.AbstractDocument.fireInsertUpdate(AbstractDocument.java:227) ~[?:?]
	at javax.swing.text.AbstractDocument.handleInsertString(AbstractDocument.java:781) ~[?:?]
	at javax.swing.text.AbstractDocument.insertString(AbstractDocument.java:740) ~[?:?]
	at javax.swing.text.PlainDocument.insertString(PlainDocument.java:131) ~[?:?]
	at javax.swing.text.AbstractDocument.replace(AbstractDocument.java:699) ~[?:?]
	at javax.swing.text.JTextComponent.setText(JTextComponent.java:1725) ~[?:?]
	at com.st.microxplorer.plugins.projectmanager.gui.ProjectChoiceTab.createHeapStackFields(ProjectChoiceTab.java:993) ~[filemanager.jar:?]
	at com.st.microxplorer.plugins.projectmanager.gui.ProjectChoiceTab.buildLinkSettingsPanel(ProjectChoiceTab.java:3813) ~[filemanager.jar:?]
	at com.st.microxplorer.plugins.projectmanager.gui.ProjectChoiceTab.defineWindowsFields(ProjectChoiceTab.java:1987) ~[filemanager.jar:?]
	at com.st.microxplorer.plugins.projectmanager.gui.ProjectChoiceTab.updateSettings(ProjectChoiceTab.java:558) ~[filemanager.jar:?]
	at com.st.microxplorer.plugins.projectmanager.gui.ProjectSettingsPanel.UpdateDialog(ProjectSettingsPanel.java:247) ~[filemanager.jar:?]
	at com.st.microxplorer.plugins.projectmanager.ProjectManagerView.propertyChange(ProjectManagerView.java:392) ~[filemanager.jar:?]
	at java.beans.PropertyChangeSupport.fire(PropertyChangeSupport.java:343) ~[?:?]
	at java.beans.PropertyChangeSupport.firePropertyChange(PropertyChangeSupport.java:335) ~[?:?]
	at java.beans.PropertyChangeSupport.firePropertyChange(PropertyChangeSupport.java:268) ~[?:?]
	at com.st.microxplorer.util.MXPropertyChangeSupport.firePropertyChange(MXPropertyChangeSupport.java:54) ~[STM32CubeMX.jar:?]
	at com.st.microxplorer.mxsystem.MxSystem.closeConfig(MxSystem.java:899) ~[STM32CubeMX.jar:?]
	at com.st.microxplorer.maingui.MainPanel.closeConfig(MainPanel.java:792) ~[STM32CubeMX.jar:?]
	at com.st.microxplorer.plugins.filemanager.engine.OpenFileManager.loadConfigurationFile(OpenFileManager.java:288) ~[filemanager.jar:?]
	at com.st.microxplorer.plugins.filemanager.engine.MainFileManager.userLoadConfig(MainFileManager.java:364) ~[filemanager.jar:?]
	at com.st.microxplorer.plugins.filemanager.engine.MainFileManager.userLoadConfig(MainFileManager.java:342) ~[filemanager.jar:?]
	at com.st.microxplorer.plugins.filemanager.FileManagerView.getSpecificTask(FileManagerView.java:264) ~[filemanager.jar:?]
	at com.st.stm32cube.common.mx.editor.CubeMxEditor.getMxTabbedPaneInstance(CubeMxEditor.java:1198) ~[com.st.stm32cube.common.mx_6.15.0.202507011659/:?]
	at com.st.stm32cube.common.mx.editor.CubeMxEditor$12$1.createSwingComponent(CubeMxEditor.java:1068) ~[com.st.stm32cube.common.mx_6.15.0.202507011659/:?]
	at com.st.stm32cube.common.mx.oss.core.awtswtbridge.EmbeddedSwingComposite.doComponentCreation(EmbeddedSwingComposite.java:492) ~[com.st.stm32cube.common.mx.oss_6.15.0.202507011659/:?]
	at com.st.stm32cube.common.mx.oss.core.awtswtbridge.EmbeddedSwingComposite$4.run(EmbeddedSwingComposite.java:291) ~[com.st.stm32cube.common.mx.oss_6.15.0.202507011659/:?]
	at com.st.stm32cube.common.mx.oss.core.awtswtbridge.AwtEnvironment$2.run(AwtEnvironment.java:166) ~[com.st.stm32cube.common.mx.oss_6.15.0.202507011659/:?]
	at java.awt.event.InvocationEvent.dispatch(InvocationEvent.java:318) ~[?:?]
	at java.awt.EventQueue.dispatchEventImpl(EventQueue.java:773) ~[?:?]
	at java.awt.EventQueue$4.run(EventQueue.java:720) ~[?:?]
	at java.awt.EventQueue$4.run(EventQueue.java:714) ~[?:?]
	at java.security.AccessController.doPrivileged(AccessController.java:400) ~[?:?]
	at java.security.ProtectionDomain$JavaSecurityAccessImpl.doIntersectionPrivilege(ProtectionDomain.java:87) ~[?:?]
	at java.awt.EventQueue.dispatchEvent(EventQueue.java:742) ~[?:?]
	at java.awt.EventDispatchThread.pumpOneEventForFilters(EventDispatchThread.java:203) ~[?:?]
	at java.awt.EventDispatchThread.pumpEventsForFilter(EventDispatchThread.java:124) ~[?:?]
	at java.awt.EventDispatchThread.pumpEventsForHierarchy(EventDispatchThread.java:113) ~[?:?]
	at java.awt.EventDispatchThread.pumpEvents(EventDispatchThread.java:109) ~[?:?]
	at java.awt.EventDispatchThread.pumpEvents(EventDispatchThread.java:101) ~[?:?]
	at java.awt.EventDispatchThread.run(EventDispatchThread.java:90) ~[?:?]
2025-10-25 08:05:52,828 [WARN] ThirdParty:871 - waiting for thirdparty lock release [close project]
2025-10-25 08:05:52,828 [INFO] ThirdParty:873 - entering critical section [close project]
2025-10-25 08:05:52,828 [INFO] ThirdParty:883 - exiting critical section [close project]
2025-10-25 08:05:52,831 [INFO] PinOutPanel:1589 - setPackage(No Configuration,No Configuration)
2025-10-25 08:05:52,846 [INFO] UtilMem:75 - Begin LoadConfig() Used Memory: 717009136 Bytes (1073741824)
2025-10-25 08:05:59,272 [INFO] ServerAccessManage:452 - Complete download http(s) 200
2025-10-25 08:05:59,273 [INFO] ServerAccessManage:509 - Download File stm32cube_db_v5060.zip
2025-10-25 08:06:01,906 [INFO] FileExtend:248 - Unzip File : stm32cube_db_v5060.zip
2025-10-25 08:06:01,906 [INFO] FileExtend:263 - Standard Zip Deflate
2025-10-25 08:06:01,908 [ERROR] LogOutputStream:75 - [STDERR_REDIRECT] Exception in thread "AWT-EventQueue-0" java.lang.NullPointerException: Cannot read field "width" because "this.componentInnards" is null
2025-10-25 08:06:01,910 [ERROR] LogOutputStream:75 - [STDERR_REDIRECT] 	at java.desktop/javax.swing.plaf.basic.BasicProgressBarUI.updateSizes(BasicProgressBarUI.java:542)
2025-10-25 08:06:01,911 [ERROR] LogOutputStream:75 - [STDERR_REDIRECT] 	at java.desktop/javax.swing.plaf.basic.BasicProgressBarUI.getBox(BasicProgressBarUI.java:499)
2025-10-25 08:06:01,912 [ERROR] LogOutputStream:75 - [STDERR_REDIRECT] 	at java.desktop/javax.swing.plaf.metal.MetalProgressBarUI.paintIndeterminate(MetalProgressBarUI.java:168)
2025-10-25 08:06:01,920 [ERROR] LogOutputStream:75 - [STDERR_REDIRECT] 	at java.desktop/javax.swing.plaf.basic.BasicProgressBarUI.paint(BasicProgressBarUI.java:464)
2025-10-25 08:06:01,921 [ERROR] LogOutputStream:75 - [STDERR_REDIRECT] 	at java.desktop/javax.swing.plaf.ComponentUI.update(ComponentUI.java:161)
2025-10-25 08:06:01,922 [ERROR] LogOutputStream:75 - [STDERR_REDIRECT] 	at java.desktop/javax.swing.JComponent.paintComponent(JComponent.java:852)
2025-10-25 08:06:01,923 [ERROR] LogOutputStream:75 - [STDERR_REDIRECT] 	at java.desktop/javax.swing.JComponent.paint(JComponent.java:1128)
2025-10-25 08:06:01,925 [ERROR] LogOutputStream:75 - [STDERR_REDIRECT] 	at java.desktop/javax.swing.JComponent.paintToOffscreen(JComponent.java:5318)
2025-10-25 08:06:01,926 [ERROR] LogOutputStream:75 - [STDERR_REDIRECT] 	at java.desktop/javax.swing.RepaintManager$PaintManager.paintDoubleBufferedImpl(RepaintManager.java:1656)
2025-10-25 08:06:01,928 [ERROR] LogOutputStream:75 - [STDERR_REDIRECT] 	at java.desktop/javax.swing.RepaintManager$PaintManager.paintDoubleBuffered(RepaintManager.java:1631)
2025-10-25 08:06:01,929 [ERROR] LogOutputStream:75 - [STDERR_REDIRECT] 	at java.desktop/javax.swing.RepaintManager$PaintManager.paint(RepaintManager.java:1569)
2025-10-25 08:06:01,930 [ERROR] LogOutputStream:75 - [STDERR_REDIRECT] 	at java.desktop/javax.swing.RepaintManager.paint(RepaintManager.java:1336)
2025-10-25 08:06:01,931 [ERROR] LogOutputStream:75 - [STDERR_REDIRECT] 	at java.desktop/javax.swing.JComponent._paintImmediately(JComponent.java:5266)
2025-10-25 08:06:01,933 [ERROR] LogOutputStream:75 - [STDERR_REDIRECT] 	at java.desktop/javax.swing.JComponent.paintImmediately(JComponent.java:5076)
2025-10-25 08:06:01,934 [ERROR] LogOutputStream:75 - [STDERR_REDIRECT] 	at java.desktop/javax.swing.RepaintManager$4.run(RepaintManager.java:878)
2025-10-25 08:06:01,935 [ERROR] LogOutputStream:75 - [STDERR_REDIRECT] 	at java.desktop/javax.swing.RepaintManager$4.run(RepaintManager.java:861)
2025-10-25 08:06:01,936 [ERROR] LogOutputStream:75 - [STDERR_REDIRECT] 	at java.base/java.security.AccessController.doPrivileged(AccessController.java:400)
2025-10-25 08:06:01,938 [ERROR] LogOutputStream:75 - [STDERR_REDIRECT] 	at java.base/java.security.ProtectionDomain$JavaSecurityAccessImpl.doIntersectionPrivilege(ProtectionDomain.java:87)
2025-10-25 08:06:01,939 [ERROR] LogOutputStream:75 - [STDERR_REDIRECT] 	at java.desktop/javax.swing.RepaintManager.paintDirtyRegions(RepaintManager.java:861)
2025-10-25 08:06:01,940 [ERROR] LogOutputStream:75 - [STDERR_REDIRECT] 	at java.desktop/javax.swing.RepaintManager.paintDirtyRegions(RepaintManager.java:834)
2025-10-25 08:06:01,941 [ERROR] LogOutputStream:75 - [STDERR_REDIRECT] 	at java.desktop/javax.swing.RepaintManager.prePaintDirtyRegions(RepaintManager.java:784)
2025-10-25 08:06:01,942 [ERROR] LogOutputStream:75 - [STDERR_REDIRECT] 	at java.desktop/javax.swing.RepaintManager$ProcessingRunnable.run(RepaintManager.java:1897)
2025-10-25 08:06:01,944 [ERROR] LogOutputStream:75 - [STDERR_REDIRECT] 	at java.desktop/java.awt.event.InvocationEvent.dispatch(InvocationEvent.java:318)
2025-10-25 08:06:01,945 [ERROR] LogOutputStream:75 - [STDERR_REDIRECT] 	at java.desktop/java.awt.EventQueue.dispatchEventImpl(EventQueue.java:773)
2025-10-25 08:06:01,946 [ERROR] LogOutputStream:75 - [STDERR_REDIRECT] 	at java.desktop/java.awt.EventQueue$4.run(EventQueue.java:720)
2025-10-25 08:06:01,947 [ERROR] LogOutputStream:75 - [STDERR_REDIRECT] 	at java.desktop/java.awt.EventQueue$4.run(EventQueue.java:714)
2025-10-25 08:06:01,948 [ERROR] LogOutputStream:75 - [STDERR_REDIRECT] 	at java.base/java.security.AccessController.doPrivileged(AccessController.java:400)
2025-10-25 08:06:01,950 [ERROR] LogOutputStream:75 - [STDERR_REDIRECT] 	at java.base/java.security.ProtectionDomain$JavaSecurityAccessImpl.doIntersectionPrivilege(ProtectionDomain.java:87)
2025-10-25 08:06:01,951 [ERROR] LogOutputStream:75 - [STDERR_REDIRECT] 	at java.desktop/java.awt.EventQueue.dispatchEvent(EventQueue.java:742)
2025-10-25 08:06:01,952 [ERROR] LogOutputStream:75 - [STDERR_REDIRECT] 	at java.desktop/java.awt.EventDispatchThread.pumpOneEventForFilters(EventDispatchThread.java:203)
2025-10-25 08:06:01,953 [ERROR] LogOutputStream:75 - [STDERR_REDIRECT] 	at java.desktop/java.awt.EventDispatchThread.pumpEventsForFilter(EventDispatchThread.java:124)
2025-10-25 08:06:01,955 [ERROR] LogOutputStream:75 - [STDERR_REDIRECT] 	at java.desktop/java.awt.EventDispatchThread.pumpEventsForFilter(EventDispatchThread.java:117)
2025-10-25 08:06:01,956 [ERROR] LogOutputStream:75 - [STDERR_REDIRECT] 	at java.desktop/java.awt.WaitDispatchSupport$2.run(WaitDispatchSupport.java:191)
2025-10-25 08:06:01,957 [ERROR] LogOutputStream:75 - [STDERR_REDIRECT] 	at java.desktop/java.awt.WaitDispatchSupport$4.run(WaitDispatchSupport.java:236)
2025-10-25 08:06:01,958 [ERROR] LogOutputStream:75 - [STDERR_REDIRECT] 	at java.desktop/java.awt.WaitDispatchSupport$4.run(WaitDispatchSupport.java:234)
2025-10-25 08:06:01,959 [ERROR] LogOutputStream:75 - [STDERR_REDIRECT] 	at java.base/java.security.AccessController.doPrivileged(AccessController.java:319)
2025-10-25 08:06:01,960 [ERROR] LogOutputStream:75 - [STDERR_REDIRECT] 	at java.desktop/java.awt.WaitDispatchSupport.enter(WaitDispatchSupport.java:234)
2025-10-25 08:06:01,961 [ERROR] LogOutputStream:75 - [STDERR_REDIRECT] 	at java.desktop/java.awt.Dialog.show(Dialog.java:1079)
2025-10-25 08:06:01,962 [ERROR] LogOutputStream:75 - [STDERR_REDIRECT] 	at com.st.microxplorer.plugins.updater.gui.ProgressBarDialog.startProgressBar(ProgressBarDialog.java:161)
2025-10-25 08:06:01,964 [ERROR] LogOutputStream:75 - [STDERR_REDIRECT] 	at com.st.microxplorer.plugins.updater.engine.MainUpdater.loadDatabaseName(MainUpdater.java:2124)
2025-10-25 08:06:01,965 [ERROR] LogOutputStream:75 - [STDERR_REDIRECT] 	at com.st.microxplorer.plugins.updater.Updater.getSpecificTask(Updater.java:389)
2025-10-25 08:06:01,966 [ERROR] LogOutputStream:75 - [STDERR_REDIRECT] 	at com.st.microxplorer.plugins.projectmanager.engine.MainProjectManager.getLoadedFileDbVersion(MainProjectManager.java:1144)
2025-10-25 08:06:01,968 [ERROR] LogOutputStream:75 - [STDERR_REDIRECT] 	at com.st.microxplorer.plugins.projectmanager.ProjectManagerView.getSpecificTask(ProjectManagerView.java:697)
2025-10-25 08:06:01,970 [ERROR] LogOutputStream:75 - [STDERR_REDIRECT] 	at com.st.microxplorer.plugins.filemanager.engine.OpenFileManager.LoadConfig(OpenFileManager.java:352)
2025-10-25 08:06:01,971 [ERROR] LogOutputStream:75 - [STDERR_REDIRECT] 	at com.st.microxplorer.plugins.filemanager.engine.OpenFileManager.loadConfigurationFile(OpenFileManager.java:292)
2025-10-25 08:06:01,973 [ERROR] LogOutputStream:75 - [STDERR_REDIRECT] 	at com.st.microxplorer.plugins.filemanager.engine.MainFileManager.userLoadConfig(MainFileManager.java:364)
2025-10-25 08:06:01,974 [ERROR] LogOutputStream:75 - [STDERR_REDIRECT] 	at com.st.microxplorer.plugins.filemanager.engine.MainFileManager.userLoadConfig(MainFileManager.java:342)
2025-10-25 08:06:01,976 [ERROR] LogOutputStream:75 - [STDERR_REDIRECT] 	at com.st.microxplorer.plugins.filemanager.FileManagerView.getSpecificTask(FileManagerView.java:264)
2025-10-25 08:06:01,977 [ERROR] LogOutputStream:75 - [STDERR_REDIRECT] 	at com.st.stm32cube.common.mx.editor.CubeMxEditor.getMxTabbedPaneInstance(CubeMxEditor.java:1198)
2025-10-25 08:06:01,978 [ERROR] LogOutputStream:75 - [STDERR_REDIRECT] 	at com.st.stm32cube.common.mx.editor.CubeMxEditor$12$1.createSwingComponent(CubeMxEditor.java:1068)
2025-10-25 08:06:01,980 [ERROR] LogOutputStream:75 - [STDERR_REDIRECT] 	at com.st.stm32cube.common.mx.oss.core.awtswtbridge.EmbeddedSwingComposite.doComponentCreation(EmbeddedSwingComposite.java:492)
2025-10-25 08:06:01,982 [ERROR] LogOutputStream:75 - [STDERR_REDIRECT] 	at com.st.stm32cube.common.mx.oss.core.awtswtbridge.EmbeddedSwingComposite$4.run(EmbeddedSwingComposite.java:291)
2025-10-25 08:06:01,983 [ERROR] LogOutputStream:75 - [STDERR_REDIRECT] 	at com.st.stm32cube.common.mx.oss.core.awtswtbridge.AwtEnvironment$2.run(AwtEnvironment.java:166)
2025-10-25 08:06:01,985 [ERROR] LogOutputStream:75 - [STDERR_REDIRECT] 	at java.desktop/java.awt.event.InvocationEvent.dispatch(InvocationEvent.java:318)
2025-10-25 08:06:01,986 [ERROR] LogOutputStream:75 - [STDERR_REDIRECT] 	at java.desktop/java.awt.EventQueue.dispatchEventImpl(EventQueue.java:773)
2025-10-25 08:06:01,987 [ERROR] LogOutputStream:75 - [STDERR_REDIRECT] 	at java.desktop/java.awt.EventQueue$4.run(EventQueue.java:720)
2025-10-25 08:06:01,988 [ERROR] LogOutputStream:75 - [STDERR_REDIRECT] 	at java.desktop/java.awt.EventQueue$4.run(EventQueue.java:714)
2025-10-25 08:06:01,990 [ERROR] LogOutputStream:75 - [STDERR_REDIRECT] 	at java.base/java.security.AccessController.doPrivileged(AccessController.java:400)
2025-10-25 08:06:01,991 [ERROR] LogOutputStream:75 - [STDERR_REDIRECT] 	at java.base/java.security.ProtectionDomain$JavaSecurityAccessImpl.doIntersectionPrivilege(ProtectionDomain.java:87)
2025-10-25 08:06:01,993 [ERROR] LogOutputStream:75 - [STDERR_REDIRECT] 	at java.desktop/java.awt.EventQueue.dispatchEvent(EventQueue.java:742)
2025-10-25 08:06:02,011 [ERROR] LogOutputStream:75 - [STDERR_REDIRECT] 	at java.desktop/java.awt.EventDispatchThread.pumpOneEventForFilters(EventDispatchThread.java:203)
2025-10-25 08:06:02,012 [ERROR] LogOutputStream:75 - [STDERR_REDIRECT] 	at java.desktop/java.awt.EventDispatchThread.pumpEventsForFilter(EventDispatchThread.java:124)
2025-10-25 08:06:02,013 [ERROR] LogOutputStream:75 - [STDERR_REDIRECT] 	at java.desktop/java.awt.EventDispatchThread.pumpEventsForHierarchy(EventDispatchThread.java:113)
2025-10-25 08:06:02,014 [ERROR] LogOutputStream:75 - [STDERR_REDIRECT] 	at java.desktop/java.awt.EventDispatchThread.pumpEvents(EventDispatchThread.java:109)
2025-10-25 08:06:02,015 [ERROR] LogOutputStream:75 - [STDERR_REDIRECT] 	at java.desktop/java.awt.EventDispatchThread.pumpEvents(EventDispatchThread.java:101)
2025-10-25 08:06:02,016 [ERROR] LogOutputStream:75 - [STDERR_REDIRECT] 	at java.desktop/java.awt.EventDispatchThread.run(EventDispatchThread.java:90)
2025-10-25 08:06:05,366 [INFO] LoadServerPackagesThread:196 - End of LoadServerPackages Thread
2025-10-25 08:06:05,537 [INFO] CheckServerUpdateThread:120 - End of CheckServer Thread
2025-10-25 08:06:29,685 [INFO] MainUpdater:2872 - connection check result : 10
2025-10-25 08:06:29,685 [INFO] MainUpdater:2872 - connection check result : 10
2025-10-25 08:06:29,694 [INFO] MicroXplorer:468 - Change Database Path : 
2025-10-25 08:06:29,694 [INFO] MicroXplorer:498 - Change Database Version : DB.6.0.150
2025-10-25 08:06:29,704 [ERROR] ProjectManagerView:395 - 
java.lang.NullPointerException: Cannot invoke "javax.swing.JTextField.getText()" because the return value of "java.util.List.get(int)" is null
	at com.st.microxplorer.plugins.projectmanager.gui.ProjectChoiceTab$9.caretUpdate(ProjectChoiceTab.java:2706) ~[filemanager.jar:?]
	at javax.swing.text.JTextComponent.fireCaretUpdate(JTextComponent.java:408) ~[?:?]
	at javax.swing.text.JTextComponent$MutableCaretEvent.fire(JTextComponent.java:4484) ~[?:?]
	at javax.swing.text.JTextComponent$MutableCaretEvent.stateChanged(JTextComponent.java:4506) ~[?:?]
	at javax.swing.text.DefaultCaret.fireStateChanged(DefaultCaret.java:857) ~[?:?]
	at javax.swing.text.DefaultCaret.changeCaretPosition(DefaultCaret.java:1343) ~[?:?]
	at javax.swing.text.DefaultCaret.handleSetDot(DefaultCaret.java:1242) ~[?:?]
	at javax.swing.text.DefaultCaret.setDot(DefaultCaret.java:1223) ~[?:?]
	at javax.swing.text.DefaultCaret$Handler.insertUpdate(DefaultCaret.java:1819) ~[?:?]
	at javax.swing.text.AbstractDocument.fireInsertUpdate(AbstractDocument.java:227) ~[?:?]
	at javax.swing.text.AbstractDocument.handleInsertString(AbstractDocument.java:781) ~[?:?]
	at javax.swing.text.AbstractDocument.insertString(AbstractDocument.java:740) ~[?:?]
	at javax.swing.text.PlainDocument.insertString(PlainDocument.java:131) ~[?:?]
	at javax.swing.text.AbstractDocument.replace(AbstractDocument.java:699) ~[?:?]
	at javax.swing.text.JTextComponent.setText(JTextComponent.java:1725) ~[?:?]
	at com.st.microxplorer.plugins.projectmanager.gui.ProjectChoiceTab.createHeapStackFields(ProjectChoiceTab.java:993) ~[filemanager.jar:?]
	at com.st.microxplorer.plugins.projectmanager.gui.ProjectChoiceTab.buildLinkSettingsPanel(ProjectChoiceTab.java:3813) ~[filemanager.jar:?]
	at com.st.microxplorer.plugins.projectmanager.gui.ProjectChoiceTab.defineWindowsFields(ProjectChoiceTab.java:1987) ~[filemanager.jar:?]
	at com.st.microxplorer.plugins.projectmanager.gui.ProjectChoiceTab.updateSettings(ProjectChoiceTab.java:558) ~[filemanager.jar:?]
	at com.st.microxplorer.plugins.projectmanager.gui.ProjectSettingsPanel.UpdateDialog(ProjectSettingsPanel.java:247) ~[filemanager.jar:?]
	at com.st.microxplorer.plugins.projectmanager.ProjectManagerView.propertyChange(ProjectManagerView.java:392) ~[filemanager.jar:?]
	at java.beans.PropertyChangeSupport.fire(PropertyChangeSupport.java:343) ~[?:?]
	at java.beans.PropertyChangeSupport.firePropertyChange(PropertyChangeSupport.java:335) ~[?:?]
	at java.beans.PropertyChangeSupport.firePropertyChange(PropertyChangeSupport.java:268) ~[?:?]
	at com.st.microxplorer.util.MXPropertyChangeSupport.firePropertyChange(MXPropertyChangeSupport.java:54) ~[STM32CubeMX.jar:?]
	at com.st.microxplorer.mxsystem.MxSystem.closeConfig(MxSystem.java:899) ~[STM32CubeMX.jar:?]
	at com.st.microxplorer.maingui.MainPanel.closeConfig(MainPanel.java:792) ~[STM32CubeMX.jar:?]
	at com.st.microxplorer.plugins.filemanager.engine.OpenFileManager.loadConfigurationFile(OpenFileManager.java:288) ~[filemanager.jar:?]
	at com.st.microxplorer.plugins.filemanager.engine.MainFileManager.userLoadConfig(MainFileManager.java:364) ~[filemanager.jar:?]
	at com.st.microxplorer.plugins.filemanager.engine.MainFileManager.userLoadConfig(MainFileManager.java:342) ~[filemanager.jar:?]
	at com.st.microxplorer.plugins.filemanager.FileManagerView.getSpecificTask(FileManagerView.java:264) ~[filemanager.jar:?]
	at com.st.stm32cube.common.mx.editor.CubeMxEditor.getMxTabbedPaneInstance(CubeMxEditor.java:1198) ~[com.st.stm32cube.common.mx_6.15.0.202507011659/:?]
	at com.st.stm32cube.common.mx.editor.CubeMxEditor$12$1.createSwingComponent(CubeMxEditor.java:1068) ~[com.st.stm32cube.common.mx_6.15.0.202507011659/:?]
	at com.st.stm32cube.common.mx.oss.core.awtswtbridge.EmbeddedSwingComposite.doComponentCreation(EmbeddedSwingComposite.java:492) ~[com.st.stm32cube.common.mx.oss_6.15.0.202507011659/:?]
	at com.st.stm32cube.common.mx.oss.core.awtswtbridge.EmbeddedSwingComposite$4.run(EmbeddedSwingComposite.java:291) ~[com.st.stm32cube.common.mx.oss_6.15.0.202507011659/:?]
	at com.st.stm32cube.common.mx.oss.core.awtswtbridge.AwtEnvironment$2.run(AwtEnvironment.java:166) ~[com.st.stm32cube.common.mx.oss_6.15.0.202507011659/:?]
	at java.awt.event.InvocationEvent.dispatch(InvocationEvent.java:318) ~[?:?]
	at java.awt.EventQueue.dispatchEventImpl(EventQueue.java:773) ~[?:?]
	at java.awt.EventQueue$4.run(EventQueue.java:720) ~[?:?]
	at java.awt.EventQueue$4.run(EventQueue.java:714) ~[?:?]
	at java.security.AccessController.doPrivileged(AccessController.java:400) ~[?:?]
	at java.security.ProtectionDomain$JavaSecurityAccessImpl.doIntersectionPrivilege(ProtectionDomain.java:87) ~[?:?]
	at java.awt.EventQueue.dispatchEvent(EventQueue.java:742) ~[?:?]
	at java.awt.EventDispatchThread.pumpOneEventForFilters(EventDispatchThread.java:203) ~[?:?]
	at java.awt.EventDispatchThread.pumpEventsForFilter(EventDispatchThread.java:124) ~[?:?]
	at java.awt.EventDispatchThread.pumpEventsForHierarchy(EventDispatchThread.java:113) ~[?:?]
	at java.awt.EventDispatchThread.pumpEvents(EventDispatchThread.java:109) ~[?:?]
	at java.awt.EventDispatchThread.pumpEvents(EventDispatchThread.java:101) ~[?:?]
	at java.awt.EventDispatchThread.run(EventDispatchThread.java:90) ~[?:?]
2025-10-25 08:06:29,705 [WARN] ThirdParty:871 - waiting for thirdparty lock release [close project]
2025-10-25 08:06:29,705 [INFO] ThirdParty:873 - entering critical section [close project]
2025-10-25 08:06:29,705 [INFO] ThirdParty:883 - exiting critical section [close project]
2025-10-25 08:06:29,706 [INFO] PinOutPanel:1589 - setPackage(No Configuration,No Configuration)
2025-10-25 08:06:29,706 [INFO] UtilMem:75 - Begin LoadConfig() Used Memory: 1049271920 Bytes (1073741824)
2025-10-25 08:06:29,710 [INFO] MicroXplorer:468 - Change Database Path : C:/Users/user/.stm32cubemx/databases/DB.5.0.60/db/
2025-10-25 08:06:29,710 [INFO] MicroXplorer:498 - Change Database Version : DB.5.0.60
2025-10-25 08:06:34,897 [INFO] OpenFileManager:355 - Change cursor
2025-10-25 08:06:34,912 [INFO] RulesReader:64 - Compatibility file has been processed (208 Rules)
2025-10-25 08:06:34,918 [INFO] Mcu:2029 - Initializing MCU STM32L476R(C-E-G)Tx STM32L476RGTx 
2025-10-25 08:06:34,919 [INFO] Mcu:2044 - No CPN specified => set CPN to STM32L476RGT3
2025-10-25 08:06:36,490 [INFO] Context:786 - Trying to add GPIOservice into a context  which must be forbidden
2025-10-25 08:06:37,058 [INFO] ImportTextPane:234 - (OptionalMessage_ERROR) Pin8 (VP_RIF_VS_RIF1) cannot be retrieved for this MCU
2025-10-25 08:06:37,122 [INFO] RtosManager:558 - Registered RTOS mode: class=CMSIS, group=RTOS, mode=CMSIS_V1, owner=FREERTOS
2025-10-25 08:06:37,122 [INFO] RtosManager:558 - Registered RTOS mode: class=CMSIS, group=RTOS2, mode=CMSIS_V2, owner=FREERTOS
2025-10-25 08:06:37,122 [INFO] RtosManager:558 - Registered RTOS mode: class=RTOS, group=Core, mode=CMSIS_V1, owner=FREERTOS
2025-10-25 08:06:37,122 [INFO] RtosManager:558 - Registered RTOS mode: class=RTOS, group=Core, mode=CMSIS_V2, owner=FREERTOS
2025-10-25 08:06:37,122 [WARN] ModelIntegratedComponent:184 - Missing modes for component STMicroelectronics:FreeRTOS:0.0.1:STMicroelectronics:RTOS:FreeRTOS:Core:::10.2.0:
2025-10-25 08:06:37,149 [WARN] ModelIntegratedComponent:63 - No mode defined for component null
2025-10-25 08:06:37,149 [WARN] ModelIntegratedComponent:63 - No mode defined for component null
2025-10-25 08:06:37,149 [WARN] ModelIntegratedComponent:63 - No mode defined for component null
2025-10-25 08:06:37,149 [WARN] ModelIntegratedComponent:63 - No mode defined for component null
2025-10-25 08:06:37,149 [WARN] ModelIntegratedComponent:63 - No mode defined for component null
2025-10-25 08:06:37,149 [WARN] ModelIntegratedComponent:63 - No mode defined for component null
2025-10-25 08:06:37,149 [WARN] ModelIntegratedComponent:63 - No mode defined for component null
2025-10-25 08:06:37,149 [WARN] ModelIntegratedComponent:63 - No mode defined for component null
2025-10-25 08:06:37,149 [WARN] ModelIntegratedComponent:63 - No mode defined for component null
2025-10-25 08:06:37,150 [WARN] ModelIntegratedComponent:63 - No mode defined for component null
2025-10-25 08:06:37,150 [WARN] ModelIntegratedComponent:63 - No mode defined for component null
2025-10-25 08:06:37,150 [WARN] ModelIntegratedComponent:63 - No mode defined for component null
2025-10-25 08:06:37,150 [WARN] ModelIntegratedComponent:63 - No mode defined for component null
2025-10-25 08:06:37,150 [WARN] ModelIntegratedComponent:63 - No mode defined for component null
2025-10-25 08:06:37,150 [WARN] ModelIntegratedComponent:63 - No mode defined for component null
2025-10-25 08:06:37,150 [WARN] ModelIntegratedComponent:63 - No mode defined for component null
2025-10-25 08:06:37,150 [WARN] ModelIntegratedComponent:63 - No mode defined for component null
2025-10-25 08:06:37,150 [WARN] ModelIntegratedComponent:63 - No mode defined for component null
2025-10-25 08:06:37,150 [WARN] ModelIntegratedComponent:63 - No mode defined for component null
2025-10-25 08:06:37,150 [WARN] ModelIntegratedComponent:63 - No mode defined for component null
2025-10-25 08:06:37,150 [WARN] ModelIntegratedComponent:63 - No mode defined for component null
2025-10-25 08:06:37,150 [WARN] ModelIntegratedComponent:63 - No mode defined for component null
2025-10-25 08:06:37,150 [WARN] ModelIntegratedComponent:63 - No mode defined for component null
2025-10-25 08:06:37,150 [WARN] ModelIntegratedComponent:63 - No mode defined for component null
2025-10-25 08:06:37,150 [WARN] ModelIntegratedComponent:63 - No mode defined for component null
2025-10-25 08:06:37,150 [WARN] ModelIntegratedComponent:63 - No mode defined for component null
2025-10-25 08:06:37,150 [WARN] ModelIntegratedComponent:63 - No mode defined for component null
2025-10-25 08:06:37,150 [WARN] ModelIntegratedComponent:63 - No mode defined for component null
2025-10-25 08:06:37,150 [WARN] ModelIntegratedComponent:63 - No mode defined for component null
2025-10-25 08:06:37,150 [WARN] ModelIntegratedComponent:63 - No mode defined for component null
2025-10-25 08:06:37,150 [WARN] ModelIntegratedComponent:63 - No mode defined for component null
2025-10-25 08:06:37,150 [WARN] ModelIntegratedComponent:63 - No mode defined for component null
2025-10-25 08:06:37,150 [WARN] ModelIntegratedComponent:63 - No mode defined for component null
2025-10-25 08:06:37,150 [WARN] ModelIntegratedComponent:63 - No mode defined for component null
2025-10-25 08:06:37,150 [WARN] ModelIntegratedComponent:63 - No mode defined for component null
2025-10-25 08:06:37,150 [WARN] ModelPack:524 - Component already loaded: STMicroelectronics:HAL Drivers:0.0.0:STMicroelectronics:Device:STMicro_Driver:XSPI:HAL::0.0.1:HAL_XSPI
2025-10-25 08:06:37,250 [INFO] ThirdPartyModel:298 - Start build external matchings
2025-10-25 08:06:37,618 [INFO] ThirdPartyModel:316 - End build external matchings
2025-10-25 08:06:37,907 [INFO] UtilMem:75 - End LoadConfig() Used Memory: 787519672 Bytes (1073741824)
2025-10-25 08:06:37,936 [WARN] ThirdParty:833 - waiting for thirdparty lock release [change project]
2025-10-25 08:06:37,937 [INFO] ThirdParty:835 - entering critical section [change project]
2025-10-25 08:06:37,937 [INFO] ThirdParty:1030 - CMSIS Pack Vendor :STMicroelectronics X-CUBE-PM33A1 1.0.0
2025-10-25 08:06:37,937 [INFO] ThirdParty:1030 - CMSIS Pack Vendor :STMicroelectronics USBPD 4.1
2025-10-25 08:06:37,937 [INFO] ThirdParty:1030 - CMSIS Pack Vendor :STMicroelectronics X-CUBE-NFC9 1.0.0
2025-10-25 08:06:37,937 [INFO] ThirdParty:1030 - CMSIS Pack Vendor :STMicroelectronics USB_HOST 2.0.0
2025-10-25 08:06:37,937 [INFO] ThirdParty:1030 - CMSIS Pack Vendor :STMicroelectronics FP-SNS-MOTENVWB1 1.4.0
2025-10-25 08:06:37,937 [INFO] ThirdParty:1030 - CMSIS Pack Vendor :STMicroelectronics X-CUBE-AZRTOS-F4 1.1.0
2025-10-25 08:06:37,937 [INFO] ThirdParty:1030 - CMSIS Pack Vendor :STMicroelectronics LIBJPEG 8.0.0
2025-10-25 08:06:37,937 [INFO] ThirdParty:1030 - CMSIS Pack Vendor :STMicroelectronics FP-ATR-ASTRA1 2.0.2
2025-10-25 08:06:37,937 [INFO] ThirdParty:1030 - CMSIS Pack Vendor :wolfSSL I-CUBE-wolfSSL 5.8.2
2025-10-25 08:06:37,937 [INFO] ThirdParty:1030 - CMSIS Pack Vendor :STMicroelectronics X-CUBE-BLE1 7.1.0
2025-10-25 08:06:37,937 [INFO] ThirdParty:1030 - CMSIS Pack Vendor :Avnet-IotConnect X-CUBE-IoTC-DA16k-PMOD 1.0.0
2025-10-25 08:06:37,937 [INFO] ThirdParty:1030 - CMSIS Pack Vendor :STMicroelectronics X-CUBE-SMBUS 2.1.0
2025-10-25 08:06:37,937 [INFO] ThirdParty:1030 - CMSIS Pack Vendor :wolfSSL I-CUBE-wolfMQTT 1.19.2
2025-10-25 08:06:37,937 [INFO] ThirdParty:1030 - CMSIS Pack Vendor :STMicroelectronics USB_DEVICE 3.0.0
2025-10-25 08:06:37,937 [INFO] ThirdParty:1030 - CMSIS Pack Vendor :STMicroelectronics X-CUBE-ISPU 2.1.0
2025-10-25 08:06:37,937 [INFO] ThirdParty:1030 - CMSIS Pack Vendor :STMicroelectronics X-CUBE-EEPRMA1 5.2.0
2025-10-25 08:06:37,937 [INFO] ThirdParty:1030 - CMSIS Pack Vendor :STMicroelectronics X-CUBE-IPS 3.2.0
2025-10-25 08:06:37,937 [INFO] ThirdParty:1030 - CMSIS Pack Vendor :STMicroelectronics X-CUBE-BLEMGR 4.1.0
2025-10-25 08:06:37,937 [INFO] ThirdParty:1030 - CMSIS Pack Vendor :STMicroelectronics X-CUBE-AZRTOS-WB 2.0.0
2025-10-25 08:06:37,937 [INFO] ThirdParty:1030 - CMSIS Pack Vendor :STMicroelectronics X-CUBE-ST60 1.0.0
2025-10-25 08:06:37,937 [INFO] ThirdParty:1030 - CMSIS Pack Vendor :STMicroelectronics X-CUBE-GNSS1 7.0.1
2025-10-25 08:06:37,937 [INFO] ThirdParty:1030 - CMSIS Pack Vendor :STMicroelectronics X-CUBE-NFC12 1.0.0
2025-10-25 08:06:37,937 [INFO] ThirdParty:1030 - CMSIS Pack Vendor :STMicroelectronics X-CUBE-AZRTOS-F7 1.1.0
2025-10-25 08:06:37,937 [INFO] ThirdParty:1030 - CMSIS Pack Vendor :STMicroelectronics X-CUBE-AZRTOS-L5 2.0.0
2025-10-25 08:06:37,937 [INFO] ThirdParty:1030 - CMSIS Pack Vendor :STMicroelectronics X-CUBE-TOUCHGFX 4.25.0
2025-10-25 08:06:37,937 [INFO] ThirdParty:1030 - CMSIS Pack Vendor :STMicroelectronics USB_DEVICE 2.0.0
2025-10-25 08:06:37,937 [INFO] ThirdParty:1030 - CMSIS Pack Vendor :STMicroelectronics X-CUBE-NFC6 3.1.0
2025-10-25 08:06:37,937 [INFO] ThirdParty:1030 - CMSIS Pack Vendor :STMicroelectronics X-CUBE-ST67W61 1.1.0
2025-10-25 08:06:37,937 [INFO] ThirdParty:1030 - CMSIS Pack Vendor :quantropi X-CUBE-qispace-sdk-base 2.1.0
2025-10-25 08:06:37,937 [INFO] ThirdParty:1030 - CMSIS Pack Vendor :STMicroelectronics FreeRTOS 0.0.1
2025-10-25 08:06:37,937 [INFO] ThirdParty:1030 - CMSIS Pack Vendor :STMicroelectronics X-CUBE-AZRTOS-G0 1.1.0
2025-10-25 08:06:37,937 [INFO] ThirdParty:1030 - CMSIS Pack Vendor :STMicroelectronics X-CUBE-SAFEA1 1.2.2
2025-10-25 08:06:37,937 [INFO] ThirdParty:1030 - CMSIS Pack Vendor :STMicroelectronics X-CUBE-NFC4 3.0.0
2025-10-25 08:06:37,937 [INFO] ThirdParty:1030 - CMSIS Pack Vendor :STMicroelectronics X-CUBE-SUBG2 5.0.0
2025-10-25 08:06:37,937 [INFO] ThirdParty:1030 - CMSIS Pack Vendor :STMicroelectronics X-CUBE-AZRTOS-H7RS 1.1.0
2025-10-25 08:06:37,937 [INFO] ThirdParty:1030 - CMSIS Pack Vendor :STMicroelectronics STM32_WPAN 1.0.0
2025-10-25 08:06:37,938 [INFO] ThirdParty:1030 - CMSIS Pack Vendor :EmbeddedOffice I-CUBE-FS-RTOS 1.0.1
2025-10-25 08:06:37,938 [INFO] ThirdParty:1030 - CMSIS Pack Vendor :STMicroelectronics lwIP 2.0.3
2025-10-25 08:06:37,938 [INFO] ThirdParty:1030 - CMSIS Pack Vendor :WES I-CUBE-Cesium 1.4.0
2025-10-25 08:06:37,938 [INFO] ThirdParty:1030 - CMSIS Pack Vendor :Cesanta I-CUBE-Mongoose 7.13.0
2025-10-25 08:06:37,938 [INFO] ThirdParty:1030 - CMSIS Pack Vendor :STMicroelectronics USB_HOST 1.0.0
2025-10-25 08:06:37,938 [INFO] ThirdParty:1030 - CMSIS Pack Vendor :Infineon AIROC-Wi-Fi-Bluetooth-STM32 1.7.1
2025-10-25 08:06:37,938 [INFO] ThirdParty:1030 - CMSIS Pack Vendor :STMicroelectronics X-CUBE-AZRTOS-G4 2.0.0
2025-10-25 08:06:37,938 [INFO] ThirdParty:1030 - CMSIS Pack Vendor :STMicroelectronics X-CUBE-WB05N 2.0.0
2025-10-25 08:06:37,938 [INFO] ThirdParty:1030 - CMSIS Pack Vendor :STMicroelectronics PDM2PCM 3.1.0
2025-10-25 08:06:37,938 [INFO] ThirdParty:1030 - CMSIS Pack Vendor :STMicroelectronics PDM2PCM 3.3.0
2025-10-25 08:06:37,938 [INFO] ThirdParty:1030 - CMSIS Pack Vendor :wolfSSL I-CUBE-wolfTPM 3.8.0
2025-10-25 08:06:37,938 [INFO] ThirdParty:1030 - CMSIS Pack Vendor :STMicroelectronics X-CUBE-AZRTOS-H7 3.4.0
2025-10-25 08:06:37,938 [INFO] ThirdParty:1030 - CMSIS Pack Vendor :STMicroelectronics X-CUBE-DISPLAY 3.0.0
2025-10-25 08:06:37,938 [INFO] ThirdParty:1030 - CMSIS Pack Vendor :wolfSSL I-CUBE-wolfSSH 1.4.20
2025-10-25 08:06:37,938 [INFO] ThirdParty:1030 - CMSIS Pack Vendor :STMicroelectronics X-CUBE-NFC7 2.0.0
2025-10-25 08:06:37,938 [INFO] ThirdParty:1030 - CMSIS Pack Vendor :STMicroelectronics X-CUBE-TCPP 4.2.0
2025-10-25 08:06:37,938 [INFO] ThirdParty:1030 - CMSIS Pack Vendor :RealThread X-CUBE-RT-Thread_Nano 4.1.1
2025-10-25 08:06:37,938 [INFO] ThirdParty:1030 - CMSIS Pack Vendor :STMicroelectronics FP-ATR-SIGFOX1 3.2.0
2025-10-25 08:06:37,938 [INFO] ThirdParty:1030 - CMSIS Pack Vendor :STMicroelectronics X-CUBE-NFC10 1.0.0
2025-10-25 08:06:37,938 [INFO] ThirdParty:1030 - CMSIS Pack Vendor :STMicroelectronics X-CUBE-FREERTOS 1.3.1
2025-10-25 08:06:37,938 [INFO] ThirdParty:1030 - CMSIS Pack Vendor :STMicroelectronics HAL Drivers 0.0.0
2025-10-25 08:06:37,938 [INFO] ThirdParty:1030 - CMSIS Pack Vendor :STMicroelectronics MBEDTLS 2.16.2
2025-10-25 08:06:37,938 [INFO] ThirdParty:1030 - CMSIS Pack Vendor :STMicroelectronics X-CUBE-ST60 1.1.0
2025-10-25 08:06:37,938 [INFO] ThirdParty:1030 - CMSIS Pack Vendor :STMicroelectronics X-CUBE-IPS 3.1.0
2025-10-25 08:06:37,938 [INFO] ThirdParty:1030 - CMSIS Pack Vendor :STMicroelectronics X-CUBE-ALS 1.0.2
2025-10-25 08:06:37,938 [INFO] ThirdParty:1030 - CMSIS Pack Vendor :emotas I-CUBE-CANOPEN 1.3.0
2025-10-25 08:06:37,938 [INFO] ThirdParty:1030 - CMSIS Pack Vendor :STMicroelectronics MBEDTLS 2.14.1
2025-10-25 08:06:37,938 [INFO] ThirdParty:1030 - CMSIS Pack Vendor :ITTIA_DB I-CUBE-ITTIADB 8.9.0
2025-10-25 08:06:37,939 [INFO] ThirdParty:1030 - CMSIS Pack Vendor :STMicroelectronics X-CUBE-TOUCHGFX 4.26.0
2025-10-25 08:06:37,939 [INFO] ThirdParty:1030 - CMSIS Pack Vendor :STMicroelectronics X-CUBE-STSE01 1.0.0
2025-10-25 08:06:37,939 [INFO] ThirdParty:1030 - CMSIS Pack Vendor :STMicroelectronics X-CUBE-ST67W61 1.0.0
2025-10-25 08:06:37,939 [INFO] ThirdParty:1030 - CMSIS Pack Vendor :STMicroelectronics FP-SNS-STBOX1 2.1.0
2025-10-25 08:06:37,939 [INFO] ThirdParty:1030 - CMSIS Pack Vendor :STMicroelectronics X-CUBE-AI 10.2.0
2025-10-25 08:06:37,939 [INFO] ThirdParty:1030 - CMSIS Pack Vendor :STMicroelectronics FP-SNS-STAIOTCFT 1.0.0
2025-10-25 08:06:37,939 [INFO] ThirdParty:1030 - CMSIS Pack Vendor :STMicroelectronics ThreadX 1.0.0
2025-10-25 08:06:37,939 [INFO] ThirdParty:1030 - CMSIS Pack Vendor :STMicroelectronics FP-SNS-SMARTAG2 1.2.0
2025-10-25 08:06:37,939 [INFO] ThirdParty:1030 - CMSIS Pack Vendor :STMicroelectronics FP-SNS-FLIGHT1 5.1.0
2025-10-25 08:06:37,939 [INFO] ThirdParty:1030 - CMSIS Pack Vendor :STMicroelectronics X-CUBE-AZRTOS-WL 2.0.0
2025-10-25 08:06:37,939 [INFO] ThirdParty:1030 - CMSIS Pack Vendor :SEGGER I-CUBE-embOS 1.3.1
2025-10-25 08:06:37,939 [INFO] ThirdParty:1030 - CMSIS Pack Vendor :STMicroelectronics X-CUBE-ALGOBUILD 1.4.0
2025-10-25 08:06:37,939 [INFO] ThirdParty:1030 - CMSIS Pack Vendor :STMicroelectronics X-CUBE-DPower 1.3.0
2025-10-25 08:06:37,939 [INFO] ThirdParty:1030 - CMSIS Pack Vendor :STMicroelectronics X-CUBE-MEMS1 11.3.0
2025-10-25 08:06:37,939 [INFO] ThirdParty:1030 - CMSIS Pack Vendor :STMicroelectronics FP-SNS-MOTENV1 5.0.0
2025-10-25 08:06:37,939 [INFO] ThirdParty:1030 - CMSIS Pack Vendor :STMicroelectronics USB_DEVICE 1.0.0
2025-10-25 08:06:37,939 [INFO] ThirdParty:1030 - CMSIS Pack Vendor :STMicroelectronics X-CUBE-AZRTOS-L4 2.0.0
2025-10-25 08:06:37,939 [INFO] ThirdParty:1030 - CMSIS Pack Vendor :STMicroelectronics ThreadX 0.0.2
2025-10-25 08:06:37,939 [INFO] ThirdParty:1030 - CMSIS Pack Vendor :STMicroelectronics lwIP 2.1.2
2025-10-25 08:06:37,939 [INFO] ThirdParty:1030 - CMSIS Pack Vendor :STMicroelectronics X-CUBE-SFXS2LP1 4.0.0
2025-10-25 08:06:37,939 [INFO] ThirdParty:1030 - CMSIS Pack Vendor :STMicroelectronics X-CUBE-BLE2 3.3.0
2025-10-25 08:06:37,939 [INFO] ThirdParty:1030 - CMSIS Pack Vendor :STMicroelectronics X-CUBE-TOF1 3.4.3
2025-10-25 08:06:37,939 [INFO] ThirdParty:1030 - CMSIS Pack Vendor :STMicroelectronics PDM2PCM 3.2.0
2025-10-25 08:06:37,939 [INFO] ThirdParty:841 - exiting critical section [change project]
2025-10-25 08:06:38,197 [INFO] PinOutPanel:1589 - setPackage(No Configuration,No Configuration)
2025-10-25 08:06:38,197 [INFO] PinOutPanel:1589 - setPackage(STM32L476RGTx,LQFP64)
2025-10-25 08:06:38,580 [INFO] UtilMem:75 - Before build in PCC Used Memory: 492725872 Bytes (1073741824)
2025-10-25 08:06:38,888 [INFO] UtilMem:75 - After build in PCC Used Memory: 573988464 Bytes (1073741824)
2025-10-25 08:06:38,908 [INFO] IPUIPlugin:80 - create IPUIPlugin
2025-10-25 08:06:38,908 [INFO] IPUIPlugin:80 - create IPUIPlugin
2025-10-25 08:06:38,908 [INFO] IPUIPlugin:80 - create IPUIPlugin
2025-10-25 08:06:38,908 [INFO] IPUIPlugin:80 - create IPUIPlugin
2025-10-25 08:06:38,909 [INFO] IPUIPlugin:80 - create IPUIPlugin
2025-10-25 08:06:38,909 [INFO] IPUIPlugin:80 - create IPUIPlugin
2025-10-25 08:06:38,909 [INFO] IPUIPlugin:80 - create IPUIPlugin
2025-10-25 08:06:38,909 [INFO] IPUIPlugin:80 - create IPUIPlugin
2025-10-25 08:06:38,909 [INFO] IPUIPlugin:80 - create IPUIPlugin
2025-10-25 08:06:38,909 [INFO] IPUIPlugin:80 - create IPUIPlugin
2025-10-25 08:06:38,909 [INFO] IPUIPlugin:80 - create IPUIPlugin
2025-10-25 08:06:38,909 [INFO] IPUIPlugin:80 - create IPUIPlugin
2025-10-25 08:06:38,909 [INFO] IPUIPlugin:80 - create IPUIPlugin
2025-10-25 08:06:38,909 [INFO] IPUIPlugin:80 - create IPUIPlugin
2025-10-25 08:06:38,909 [INFO] IPUIPlugin:80 - create IPUIPlugin
2025-10-25 08:06:38,909 [INFO] IPUIPlugin:80 - create IPUIPlugin
2025-10-25 08:06:38,909 [INFO] IPUIPlugin:80 - create IPUIPlugin
2025-10-25 08:06:38,910 [INFO] IPUIPlugin:80 - create IPUIPlugin
2025-10-25 08:06:38,910 [INFO] IPUIPlugin:80 - create IPUIPlugin
2025-10-25 08:06:38,910 [INFO] IPUIPlugin:80 - create IPUIPlugin
2025-10-25 08:06:38,910 [INFO] IPUIPlugin:80 - create IPUIPlugin
2025-10-25 08:06:38,910 [INFO] IPUIPlugin:80 - create IPUIPlugin
2025-10-25 08:06:38,910 [INFO] IPUIPlugin:80 - create IPUIPlugin
2025-10-25 08:06:38,910 [INFO] IPUIPlugin:80 - create IPUIPlugin
2025-10-25 08:06:38,910 [INFO] IPUIPlugin:80 - create IPUIPlugin
2025-10-25 08:06:38,911 [INFO] IPUIPlugin:80 - create IPUIPlugin
2025-10-25 08:06:38,911 [INFO] IPUIPlugin:80 - create IPUIPlugin
2025-10-25 08:06:38,911 [INFO] IPUIPlugin:80 - create IPUIPlugin
2025-10-25 08:06:38,911 [INFO] IPUIPlugin:80 - create IPUIPlugin
2025-10-25 08:06:38,911 [INFO] IPUIPlugin:80 - create IPUIPlugin
2025-10-25 08:06:38,911 [INFO] IPUIPlugin:80 - create IPUIPlugin
2025-10-25 08:06:38,911 [INFO] IPUIPlugin:80 - create IPUIPlugin
2025-10-25 08:06:38,912 [INFO] IPUIPlugin:80 - create IPUIPlugin
2025-10-25 08:06:38,912 [INFO] IPUIPlugin:80 - create IPUIPlugin
2025-10-25 08:06:38,912 [INFO] IPUIPlugin:80 - create IPUIPlugin
2025-10-25 08:06:38,912 [INFO] IPUIPlugin:80 - create IPUIPlugin
2025-10-25 08:06:38,912 [INFO] IPUIPlugin:80 - create IPUIPlugin
2025-10-25 08:06:38,912 [INFO] IPUIPlugin:80 - create IPUIPlugin
2025-10-25 08:06:38,912 [INFO] IPUIPlugin:80 - create IPUIPlugin
2025-10-25 08:06:38,913 [INFO] IPUIPlugin:80 - create IPUIPlugin
2025-10-25 08:06:38,913 [INFO] IPUIPlugin:80 - create IPUIPlugin
2025-10-25 08:06:38,913 [INFO] IPUIPlugin:80 - create IPUIPlugin
2025-10-25 08:06:38,913 [INFO] IPUIPlugin:80 - create IPUIPlugin
2025-10-25 08:06:38,913 [INFO] IPUIPlugin:80 - create IPUIPlugin
2025-10-25 08:06:38,913 [INFO] IPUIPlugin:80 - create IPUIPlugin
2025-10-25 08:06:38,913 [INFO] IPUIPlugin:80 - create IPUIPlugin
2025-10-25 08:06:38,914 [INFO] IPUIPlugin:80 - create IPUIPlugin
2025-10-25 08:06:38,914 [INFO] IPUIPlugin:80 - create IPUIPlugin
2025-10-25 08:06:38,914 [INFO] IPUIPlugin:80 - create IPUIPlugin
2025-10-25 08:06:38,914 [INFO] IPUIPlugin:80 - create IPUIPlugin
2025-10-25 08:06:38,914 [INFO] IPUIPlugin:80 - create IPUIPlugin
2025-10-25 08:06:38,915 [INFO] IPUIPlugin:80 - create IPUIPlugin
2025-10-25 08:06:38,915 [INFO] IPUIPlugin:80 - create IPUIPlugin
2025-10-25 08:06:38,915 [INFO] IPUIPlugin:80 - create IPUIPlugin
2025-10-25 08:06:38,915 [INFO] IPUIPlugin:80 - create IPUIPlugin
2025-10-25 08:06:38,915 [INFO] IPUIPlugin:80 - create IPUIPlugin
2025-10-25 08:06:38,916 [INFO] IPUIPlugin:80 - create IPUIPlugin
2025-10-25 08:06:38,916 [INFO] IPUIPlugin:80 - create IPUIPlugin
2025-10-25 08:06:38,916 [INFO] IPUIPlugin:80 - create IPUIPlugin
2025-10-25 08:06:38,960 [INFO] CADModel:165 - CPN selected for project levelSTM32L476RGT3
2025-10-25 08:06:38,960 [INFO] CADModel:114 - Register for checkConnection events
2025-10-25 08:06:39,030 [INFO] OpenFileManager:386 - Restore cursor
2025-10-25 08:06:50,580 [INFO] ADCParametersView:116 -                Rank 1 : false
2025-10-25 08:06:50,672 [INFO] ADCParametersView:116 -                Rank 1 : false
2025-10-25 08:06:50,672 [INFO] ADCParametersView:116 -                Rank 1 : false
2025-10-25 08:06:50,672 [INFO] ADCParametersView:116 -                Rank 1 : false
2025-10-25 08:06:50,672 [INFO] ADCParametersView:116 -                Rank 1 : false
2025-10-25 08:06:50,672 [INFO] ADCParametersView:116 -                Rank 1 : false
2025-10-25 08:06:50,672 [INFO] ADCParametersView:116 -                Rank 1 : false
2025-10-25 08:06:50,672 [INFO] ADCParametersView:116 -                Rank 1 : false
2025-10-25 08:06:50,673 [INFO] ADCParametersView:116 -                Rank 1 : false
2025-10-25 08:06:50,673 [INFO] ADCParametersView:116 -                Rank 1 : false
2025-10-25 08:06:50,673 [INFO] ADCParametersView:116 -                Rank 1 : false
2025-10-25 08:06:50,673 [INFO] ADCParametersView:116 -                Rank 1 : false
2025-10-25 08:06:50,673 [INFO] ADCParametersView:116 -                Rank 1 : false
2025-10-25 08:06:50,673 [INFO] ADCParametersView:116 -                Rank 1 : false
2025-10-25 08:06:50,673 [INFO] ADCParametersView:116 -                Rank 1 : false
2025-10-25 08:06:50,673 [INFO] ADCParametersView:116 -                Rank 1 : false
2025-10-25 08:06:50,673 [INFO] ADCParametersView:116 -                Rank 1 : false
2025-10-25 08:06:50,673 [INFO] ADCParametersView:116 -                Rank 1 : false
2025-10-25 08:06:50,673 [INFO] ADCParametersView:116 -                Rank 1 : false
2025-10-25 08:06:50,673 [INFO] ADCParametersView:116 -                Rank 1 : false
2025-10-25 08:06:50,673 [INFO] ADCParametersView:116 -                Rank 1 : false
2025-10-25 08:06:50,704 [INFO] ADCParametersView:116 -                Rank 1 : false
2025-10-25 08:06:50,713 [INFO] NvicIntPanel:101 - NVIC parent = com.st.microxplorer.plugins.ip.nvic.MultiNvicIntPanel[,0,0,0x0,invalid,layout=javax.swing.BoxLayout,alignmentX=0.0,alignmentY=0.0,border=,flags=9,maximumSize=,minimumSize=,preferredSize=]
2025-10-25 08:06:57,450 [INFO] ADCParametersView:116 -                Rank 1 : false
2025-10-25 08:06:57,450 [INFO] ADCParametersView:116 -                Rank 1 : false
2025-10-25 08:06:57,450 [INFO] ADCParametersView:116 -                Rank 1 : false
2025-10-25 08:06:57,450 [INFO] ADCParametersView:116 -                Rank 1 : false
2025-10-25 08:06:57,450 [INFO] ADCParametersView:116 -                Rank 1 : false
2025-10-25 08:06:57,450 [INFO] ADCParametersView:116 -                Rank 1 : false
2025-10-25 08:06:57,450 [INFO] ADCParametersView:116 -                Rank 1 : false
2025-10-25 08:06:57,450 [INFO] ADCParametersView:116 -                Rank 1 : false
2025-10-25 08:06:57,450 [INFO] ADCParametersView:116 -                Rank 1 : false
2025-10-25 08:06:57,450 [INFO] ADCParametersView:116 -                Rank 1 : false
2025-10-25 08:06:57,450 [INFO] ADCParametersView:116 -                Rank 1 : false
2025-10-25 08:06:57,450 [INFO] ADCParametersView:116 -                Rank 1 : false
2025-10-25 08:06:57,450 [INFO] ADCParametersView:116 -                Rank 1 : false
2025-10-25 08:06:57,450 [INFO] ADCParametersView:116 -                Rank 1 : false
2025-10-25 08:06:57,451 [INFO] ADCParametersView:116 -                Rank 1 : false
2025-10-25 08:06:57,451 [INFO] ADCParametersView:116 -                Rank 1 : false
2025-10-25 08:06:57,451 [INFO] ADCParametersView:116 -                Rank 1 : false
2025-10-25 08:06:57,451 [INFO] ADCParametersView:116 -                Rank 1 : false
2025-10-25 08:06:57,451 [INFO] ADCParametersView:116 -                Rank 1 : false
2025-10-25 08:06:57,451 [INFO] ADCParametersView:116 -                Rank 1 : false
2025-10-25 08:06:57,476 [INFO] ADCParametersView:116 -                Rank 1 : false
2025-10-25 08:14:08,126 [INFO] MainUpdater:2872 - connection check result : 10
2025-10-25 08:14:08,126 [INFO] MainUpdater:2872 - connection check result : 10
2025-10-25 08:14:08,675 [INFO] MicroXplorer:468 - Change Database Path : 
2025-10-25 08:14:08,675 [INFO] MicroXplorer:498 - Change Database Version : DB.6.0.150
2025-10-25 08:14:08,727 [ERROR] ProjectManagerView:395 - 
java.lang.NullPointerException: Cannot invoke "javax.swing.JTextField.getText()" because the return value of "java.util.List.get(int)" is null
	at com.st.microxplorer.plugins.projectmanager.gui.ProjectChoiceTab$9.caretUpdate(ProjectChoiceTab.java:2706) ~[filemanager.jar:?]
	at javax.swing.text.JTextComponent.fireCaretUpdate(JTextComponent.java:408) ~[?:?]
	at javax.swing.text.JTextComponent$MutableCaretEvent.fire(JTextComponent.java:4484) ~[?:?]
	at javax.swing.text.JTextComponent$MutableCaretEvent.stateChanged(JTextComponent.java:4506) ~[?:?]
	at javax.swing.text.DefaultCaret.fireStateChanged(DefaultCaret.java:857) ~[?:?]
	at javax.swing.text.DefaultCaret.changeCaretPosition(DefaultCaret.java:1343) ~[?:?]
	at javax.swing.text.DefaultCaret.handleSetDot(DefaultCaret.java:1242) ~[?:?]
	at javax.swing.text.DefaultCaret.setDot(DefaultCaret.java:1223) ~[?:?]
	at javax.swing.text.DefaultCaret$Handler.insertUpdate(DefaultCaret.java:1819) ~[?:?]
	at javax.swing.text.AbstractDocument.fireInsertUpdate(AbstractDocument.java:227) ~[?:?]
	at javax.swing.text.AbstractDocument.handleInsertString(AbstractDocument.java:781) ~[?:?]
	at javax.swing.text.AbstractDocument.insertString(AbstractDocument.java:740) ~[?:?]
	at javax.swing.text.PlainDocument.insertString(PlainDocument.java:131) ~[?:?]
	at javax.swing.text.AbstractDocument.replace(AbstractDocument.java:699) ~[?:?]
	at javax.swing.text.JTextComponent.setText(JTextComponent.java:1725) ~[?:?]
	at com.st.microxplorer.plugins.projectmanager.gui.ProjectChoiceTab.createHeapStackFields(ProjectChoiceTab.java:993) ~[filemanager.jar:?]
	at com.st.microxplorer.plugins.projectmanager.gui.ProjectChoiceTab.buildLinkSettingsPanel(ProjectChoiceTab.java:3813) ~[filemanager.jar:?]
	at com.st.microxplorer.plugins.projectmanager.gui.ProjectChoiceTab.defineWindowsFields(ProjectChoiceTab.java:1987) ~[filemanager.jar:?]
	at com.st.microxplorer.plugins.projectmanager.gui.ProjectChoiceTab.updateSettings(ProjectChoiceTab.java:558) ~[filemanager.jar:?]
	at com.st.microxplorer.plugins.projectmanager.gui.ProjectSettingsPanel.UpdateDialog(ProjectSettingsPanel.java:247) ~[filemanager.jar:?]
	at com.st.microxplorer.plugins.projectmanager.ProjectManagerView.propertyChange(ProjectManagerView.java:392) ~[filemanager.jar:?]
	at java.beans.PropertyChangeSupport.fire(PropertyChangeSupport.java:343) ~[?:?]
	at java.beans.PropertyChangeSupport.firePropertyChange(PropertyChangeSupport.java:335) ~[?:?]
	at java.beans.PropertyChangeSupport.firePropertyChange(PropertyChangeSupport.java:268) ~[?:?]
	at com.st.microxplorer.util.MXPropertyChangeSupport.firePropertyChange(MXPropertyChangeSupport.java:54) ~[STM32CubeMX.jar:?]
	at com.st.microxplorer.mxsystem.MxSystem.closeConfig(MxSystem.java:899) ~[STM32CubeMX.jar:?]
	at com.st.microxplorer.maingui.MainPanel.closeConfig(MainPanel.java:792) ~[STM32CubeMX.jar:?]
	at com.st.microxplorer.plugins.filemanager.engine.OpenFileManager.loadConfigurationFile(OpenFileManager.java:288) ~[filemanager.jar:?]
	at com.st.microxplorer.plugins.filemanager.engine.MainFileManager.userLoadConfig(MainFileManager.java:364) ~[filemanager.jar:?]
	at com.st.microxplorer.plugins.filemanager.engine.MainFileManager.userLoadConfig(MainFileManager.java:342) ~[filemanager.jar:?]
	at com.st.microxplorer.plugins.filemanager.FileManagerView.getSpecificTask(FileManagerView.java:264) ~[filemanager.jar:?]
	at com.st.stm32cube.common.mx.editor.CubeMxEditor.getMxTabbedPaneInstance(CubeMxEditor.java:1198) ~[com.st.stm32cube.common.mx_6.15.0.202507011659/:?]
	at com.st.stm32cube.common.mx.editor.CubeMxEditor$12$1.createSwingComponent(CubeMxEditor.java:1068) ~[com.st.stm32cube.common.mx_6.15.0.202507011659/:?]
	at com.st.stm32cube.common.mx.oss.core.awtswtbridge.EmbeddedSwingComposite.doComponentCreation(EmbeddedSwingComposite.java:492) ~[com.st.stm32cube.common.mx.oss_6.15.0.202507011659/:?]
	at com.st.stm32cube.common.mx.oss.core.awtswtbridge.EmbeddedSwingComposite$4.run(EmbeddedSwingComposite.java:291) ~[com.st.stm32cube.common.mx.oss_6.15.0.202507011659/:?]
	at com.st.stm32cube.common.mx.oss.core.awtswtbridge.AwtEnvironment$2.run(AwtEnvironment.java:166) ~[com.st.stm32cube.common.mx.oss_6.15.0.202507011659/:?]
	at java.awt.event.InvocationEvent.dispatch(InvocationEvent.java:318) ~[?:?]
	at java.awt.EventQueue.dispatchEventImpl(EventQueue.java:773) ~[?:?]
	at java.awt.EventQueue$4.run(EventQueue.java:720) ~[?:?]
	at java.awt.EventQueue$4.run(EventQueue.java:714) ~[?:?]
	at java.security.AccessController.doPrivileged(AccessController.java:400) ~[?:?]
	at java.security.ProtectionDomain$JavaSecurityAccessImpl.doIntersectionPrivilege(ProtectionDomain.java:87) ~[?:?]
	at java.awt.EventQueue.dispatchEvent(EventQueue.java:742) ~[?:?]
	at java.awt.EventDispatchThread.pumpOneEventForFilters(EventDispatchThread.java:203) ~[?:?]
	at java.awt.EventDispatchThread.pumpEventsForFilter(EventDispatchThread.java:124) ~[?:?]
	at java.awt.EventDispatchThread.pumpEventsForHierarchy(EventDispatchThread.java:113) ~[?:?]
	at java.awt.EventDispatchThread.pumpEvents(EventDispatchThread.java:109) ~[?:?]
	at java.awt.EventDispatchThread.pumpEvents(EventDispatchThread.java:101) ~[?:?]
	at java.awt.EventDispatchThread.run(EventDispatchThread.java:90) ~[?:?]
2025-10-25 08:14:08,730 [WARN] ThirdParty:871 - waiting for thirdparty lock release [close project]
2025-10-25 08:14:08,731 [INFO] ThirdParty:873 - entering critical section [close project]
2025-10-25 08:14:08,731 [INFO] ThirdParty:883 - exiting critical section [close project]
2025-10-25 08:14:08,735 [INFO] PinOutPanel:1589 - setPackage(No Configuration,No Configuration)
2025-10-25 08:14:08,753 [INFO] UtilMem:75 - Begin LoadConfig() Used Memory: 600297600 Bytes (1073741824)
2025-10-25 08:14:08,754 [INFO] MicroXplorer:468 - Change Database Path : 
2025-10-25 08:14:08,754 [INFO] MicroXplorer:498 - Change Database Version : DB.6.0.150
2025-10-25 08:14:08,754 [INFO] OpenFileManager:355 - Change cursor
2025-10-25 08:14:08,771 [INFO] Mcu:2029 - Initializing MCU STM32L476R(C-E-G)Tx STM32L476RGTx STM32L476RGT3
2025-10-25 08:14:10,685 [INFO] Context:786 - Trying to add GPIOservice into a context  which must be forbidden
2025-10-25 08:14:11,435 [INFO] ImportTextPane:234 - (OptionalMessage_ERROR) Pin9 (VP_RIF_VS_RIF1) cannot be retrieved for this MCU
2025-10-25 08:14:11,494 [INFO] RtosManager:558 - Registered RTOS mode: class=CMSIS, group=RTOS, mode=CMSIS_V1, owner=FREERTOS
2025-10-25 08:14:11,494 [INFO] RtosManager:558 - Registered RTOS mode: class=CMSIS, group=RTOS2, mode=CMSIS_V2, owner=FREERTOS
2025-10-25 08:14:11,495 [INFO] RtosManager:558 - Registered RTOS mode: class=RTOS, group=Core, mode=CMSIS_V1, owner=FREERTOS
2025-10-25 08:14:11,495 [INFO] RtosManager:558 - Registered RTOS mode: class=RTOS, group=Core, mode=CMSIS_V2, owner=FREERTOS
2025-10-25 08:14:11,495 [WARN] ModelIntegratedComponent:184 - Missing modes for component STMicroelectronics:FreeRTOS:0.0.1:STMicroelectronics:RTOS:FreeRTOS:Core:::10.2.0:
2025-10-25 08:14:11,522 [WARN] ModelIntegratedComponent:63 - No mode defined for component null
2025-10-25 08:14:11,523 [WARN] ModelIntegratedComponent:63 - No mode defined for component null
2025-10-25 08:14:11,523 [WARN] ModelIntegratedComponent:63 - No mode defined for component null
2025-10-25 08:14:11,523 [WARN] ModelIntegratedComponent:63 - No mode defined for component null
2025-10-25 08:14:11,523 [WARN] ModelIntegratedComponent:63 - No mode defined for component null
2025-10-25 08:14:11,523 [WARN] ModelIntegratedComponent:63 - No mode defined for component null
2025-10-25 08:14:11,523 [WARN] ModelIntegratedComponent:63 - No mode defined for component null
2025-10-25 08:14:11,523 [WARN] ModelIntegratedComponent:63 - No mode defined for component null
2025-10-25 08:14:11,523 [WARN] ModelIntegratedComponent:63 - No mode defined for component null
2025-10-25 08:14:11,523 [WARN] ModelIntegratedComponent:63 - No mode defined for component null
2025-10-25 08:14:11,523 [WARN] ModelIntegratedComponent:63 - No mode defined for component null
2025-10-25 08:14:11,523 [WARN] ModelIntegratedComponent:63 - No mode defined for component null
2025-10-25 08:14:11,523 [WARN] ModelIntegratedComponent:63 - No mode defined for component null
2025-10-25 08:14:11,523 [WARN] ModelIntegratedComponent:63 - No mode defined for component null
2025-10-25 08:14:11,523 [WARN] ModelIntegratedComponent:63 - No mode defined for component null
2025-10-25 08:14:11,523 [WARN] ModelIntegratedComponent:63 - No mode defined for component null
2025-10-25 08:14:11,524 [WARN] ModelIntegratedComponent:63 - No mode defined for component null
2025-10-25 08:14:11,524 [WARN] ModelIntegratedComponent:63 - No mode defined for component null
2025-10-25 08:14:11,524 [WARN] ModelIntegratedComponent:63 - No mode defined for component null
2025-10-25 08:14:11,524 [WARN] ModelIntegratedComponent:63 - No mode defined for component null
2025-10-25 08:14:11,524 [WARN] ModelIntegratedComponent:63 - No mode defined for component null
2025-10-25 08:14:11,524 [WARN] ModelIntegratedComponent:63 - No mode defined for component null
2025-10-25 08:14:11,525 [WARN] ModelIntegratedComponent:63 - No mode defined for component null
2025-10-25 08:14:11,525 [WARN] ModelIntegratedComponent:63 - No mode defined for component null
2025-10-25 08:14:11,525 [WARN] ModelIntegratedComponent:63 - No mode defined for component null
2025-10-25 08:14:11,525 [WARN] ModelIntegratedComponent:63 - No mode defined for component null
2025-10-25 08:14:11,525 [WARN] ModelIntegratedComponent:63 - No mode defined for component null
2025-10-25 08:14:11,525 [WARN] ModelIntegratedComponent:63 - No mode defined for component null
2025-10-25 08:14:11,525 [WARN] ModelIntegratedComponent:63 - No mode defined for component null
2025-10-25 08:14:11,525 [WARN] ModelIntegratedComponent:63 - No mode defined for component null
2025-10-25 08:14:11,525 [WARN] ModelIntegratedComponent:63 - No mode defined for component null
2025-10-25 08:14:11,526 [WARN] ModelIntegratedComponent:63 - No mode defined for component null
2025-10-25 08:14:11,526 [WARN] ModelIntegratedComponent:63 - No mode defined for component null
2025-10-25 08:14:11,526 [WARN] ModelIntegratedComponent:63 - No mode defined for component null
2025-10-25 08:14:11,526 [WARN] ModelIntegratedComponent:63 - No mode defined for component null
2025-10-25 08:14:11,526 [WARN] ModelPack:524 - Component already loaded: STMicroelectronics:HAL Drivers:0.0.0:STMicroelectronics:Device:STMicro_Driver:XSPI:HAL::0.0.1:HAL_XSPI
2025-10-25 08:14:11,683 [INFO] ThirdPartyModel:298 - Start build external matchings
2025-10-25 08:14:12,090 [INFO] ThirdPartyModel:316 - End build external matchings
2025-10-25 08:14:12,104 [INFO] ImportTextPane:234 - (OptionalMessage_ERROR) IP (ADC1) : Parameter (CommonPathInternal) has invalid value (null|null|null|null)
2025-10-25 08:14:12,391 [INFO] UtilMem:75 - End LoadConfig() Used Memory: 826424656 Bytes (1073741824)
2025-10-25 08:14:12,420 [WARN] ThirdParty:833 - waiting for thirdparty lock release [change project]
2025-10-25 08:14:12,420 [INFO] ThirdParty:835 - entering critical section [change project]
2025-10-25 08:14:12,420 [INFO] ThirdParty:1030 - CMSIS Pack Vendor :STMicroelectronics X-CUBE-PM33A1 1.0.0
2025-10-25 08:14:12,420 [INFO] ThirdParty:1030 - CMSIS Pack Vendor :STMicroelectronics USBPD 4.1
2025-10-25 08:14:12,420 [INFO] ThirdParty:1030 - CMSIS Pack Vendor :STMicroelectronics X-CUBE-NFC9 1.0.0
2025-10-25 08:14:12,420 [INFO] ThirdParty:1030 - CMSIS Pack Vendor :STMicroelectronics USB_HOST 2.0.0
2025-10-25 08:14:12,420 [INFO] ThirdParty:1030 - CMSIS Pack Vendor :STMicroelectronics FP-SNS-MOTENVWB1 1.4.0
2025-10-25 08:14:12,420 [INFO] ThirdParty:1030 - CMSIS Pack Vendor :STMicroelectronics X-CUBE-AZRTOS-F4 1.1.0
2025-10-25 08:14:12,420 [INFO] ThirdParty:1030 - CMSIS Pack Vendor :STMicroelectronics LIBJPEG 8.0.0
2025-10-25 08:14:12,420 [INFO] ThirdParty:1030 - CMSIS Pack Vendor :STMicroelectronics FP-ATR-ASTRA1 2.0.2
2025-10-25 08:14:12,420 [INFO] ThirdParty:1030 - CMSIS Pack Vendor :wolfSSL I-CUBE-wolfSSL 5.8.2
2025-10-25 08:14:12,420 [INFO] ThirdParty:1030 - CMSIS Pack Vendor :STMicroelectronics X-CUBE-BLE1 7.1.0
2025-10-25 08:14:12,420 [INFO] ThirdParty:1030 - CMSIS Pack Vendor :Avnet-IotConnect X-CUBE-IoTC-DA16k-PMOD 1.0.0
2025-10-25 08:14:12,420 [INFO] ThirdParty:1030 - CMSIS Pack Vendor :STMicroelectronics X-CUBE-SMBUS 2.1.0
2025-10-25 08:14:12,420 [INFO] ThirdParty:1030 - CMSIS Pack Vendor :wolfSSL I-CUBE-wolfMQTT 1.19.2
2025-10-25 08:14:12,420 [INFO] ThirdParty:1030 - CMSIS Pack Vendor :STMicroelectronics USB_DEVICE 3.0.0
2025-10-25 08:14:12,420 [INFO] ThirdParty:1030 - CMSIS Pack Vendor :STMicroelectronics X-CUBE-ISPU 2.1.0
2025-10-25 08:14:12,421 [INFO] ThirdParty:1030 - CMSIS Pack Vendor :STMicroelectronics X-CUBE-EEPRMA1 5.2.0
2025-10-25 08:14:12,421 [INFO] ThirdParty:1030 - CMSIS Pack Vendor :STMicroelectronics X-CUBE-IPS 3.2.0
2025-10-25 08:14:12,421 [INFO] ThirdParty:1030 - CMSIS Pack Vendor :STMicroelectronics X-CUBE-BLEMGR 4.1.0
2025-10-25 08:14:12,421 [INFO] ThirdParty:1030 - CMSIS Pack Vendor :STMicroelectronics X-CUBE-AZRTOS-WB 2.0.0
2025-10-25 08:14:12,421 [INFO] ThirdParty:1030 - CMSIS Pack Vendor :STMicroelectronics X-CUBE-ST60 1.0.0
2025-10-25 08:14:12,421 [INFO] ThirdParty:1030 - CMSIS Pack Vendor :STMicroelectronics X-CUBE-GNSS1 7.0.1
2025-10-25 08:14:12,421 [INFO] ThirdParty:1030 - CMSIS Pack Vendor :STMicroelectronics X-CUBE-NFC12 1.0.0
2025-10-25 08:14:12,421 [INFO] ThirdParty:1030 - CMSIS Pack Vendor :STMicroelectronics X-CUBE-AZRTOS-F7 1.1.0
2025-10-25 08:14:12,421 [INFO] ThirdParty:1030 - CMSIS Pack Vendor :STMicroelectronics X-CUBE-AZRTOS-L5 2.0.0
2025-10-25 08:14:12,421 [INFO] ThirdParty:1030 - CMSIS Pack Vendor :STMicroelectronics X-CUBE-TOUCHGFX 4.25.0
2025-10-25 08:14:12,421 [INFO] ThirdParty:1030 - CMSIS Pack Vendor :STMicroelectronics USB_DEVICE 2.0.0
2025-10-25 08:14:12,421 [INFO] ThirdParty:1030 - CMSIS Pack Vendor :STMicroelectronics X-CUBE-NFC6 3.1.0
2025-10-25 08:14:12,421 [INFO] ThirdParty:1030 - CMSIS Pack Vendor :STMicroelectronics X-CUBE-ST67W61 1.1.0
2025-10-25 08:14:12,421 [INFO] ThirdParty:1030 - CMSIS Pack Vendor :quantropi X-CUBE-qispace-sdk-base 2.1.0
2025-10-25 08:14:12,421 [INFO] ThirdParty:1030 - CMSIS Pack Vendor :STMicroelectronics FreeRTOS 0.0.1
2025-10-25 08:14:12,421 [INFO] ThirdParty:1030 - CMSIS Pack Vendor :STMicroelectronics X-CUBE-AZRTOS-G0 1.1.0
2025-10-25 08:14:12,421 [INFO] ThirdParty:1030 - CMSIS Pack Vendor :STMicroelectronics X-CUBE-SAFEA1 1.2.2
2025-10-25 08:14:12,421 [INFO] ThirdParty:1030 - CMSIS Pack Vendor :STMicroelectronics X-CUBE-NFC4 3.0.0
2025-10-25 08:14:12,421 [INFO] ThirdParty:1030 - CMSIS Pack Vendor :STMicroelectronics X-CUBE-SUBG2 5.0.0
2025-10-25 08:14:12,421 [INFO] ThirdParty:1030 - CMSIS Pack Vendor :STMicroelectronics X-CUBE-AZRTOS-H7RS 1.1.0
2025-10-25 08:14:12,421 [INFO] ThirdParty:1030 - CMSIS Pack Vendor :STMicroelectronics STM32_WPAN 1.0.0
2025-10-25 08:14:12,421 [INFO] ThirdParty:1030 - CMSIS Pack Vendor :EmbeddedOffice I-CUBE-FS-RTOS 1.0.1
2025-10-25 08:14:12,421 [INFO] ThirdParty:1030 - CMSIS Pack Vendor :STMicroelectronics lwIP 2.0.3
2025-10-25 08:14:12,421 [INFO] ThirdParty:1030 - CMSIS Pack Vendor :WES I-CUBE-Cesium 1.4.0
2025-10-25 08:14:12,422 [INFO] ThirdParty:1030 - CMSIS Pack Vendor :Cesanta I-CUBE-Mongoose 7.13.0
2025-10-25 08:14:12,422 [INFO] ThirdParty:1030 - CMSIS Pack Vendor :STMicroelectronics USB_HOST 1.0.0
2025-10-25 08:14:12,422 [INFO] ThirdParty:1030 - CMSIS Pack Vendor :Infineon AIROC-Wi-Fi-Bluetooth-STM32 1.7.1
2025-10-25 08:14:12,422 [INFO] ThirdParty:1030 - CMSIS Pack Vendor :STMicroelectronics X-CUBE-AZRTOS-G4 2.0.0
2025-10-25 08:14:12,422 [INFO] ThirdParty:1030 - CMSIS Pack Vendor :STMicroelectronics X-CUBE-WB05N 2.0.0
2025-10-25 08:14:12,422 [INFO] ThirdParty:1030 - CMSIS Pack Vendor :STMicroelectronics PDM2PCM 3.1.0
2025-10-25 08:14:12,422 [INFO] ThirdParty:1030 - CMSIS Pack Vendor :STMicroelectronics PDM2PCM 3.3.0
2025-10-25 08:14:12,422 [INFO] ThirdParty:1030 - CMSIS Pack Vendor :wolfSSL I-CUBE-wolfTPM 3.8.0
2025-10-25 08:14:12,422 [INFO] ThirdParty:1030 - CMSIS Pack Vendor :STMicroelectronics X-CUBE-AZRTOS-H7 3.4.0
2025-10-25 08:14:12,422 [INFO] ThirdParty:1030 - CMSIS Pack Vendor :STMicroelectronics X-CUBE-DISPLAY 3.0.0
2025-10-25 08:14:12,422 [INFO] ThirdParty:1030 - CMSIS Pack Vendor :wolfSSL I-CUBE-wolfSSH 1.4.20
2025-10-25 08:14:12,422 [INFO] ThirdParty:1030 - CMSIS Pack Vendor :STMicroelectronics X-CUBE-NFC7 2.0.0
2025-10-25 08:14:12,422 [INFO] ThirdParty:1030 - CMSIS Pack Vendor :STMicroelectronics X-CUBE-TCPP 4.2.0
2025-10-25 08:14:12,422 [INFO] ThirdParty:1030 - CMSIS Pack Vendor :RealThread X-CUBE-RT-Thread_Nano 4.1.1
2025-10-25 08:14:12,422 [INFO] ThirdParty:1030 - CMSIS Pack Vendor :STMicroelectronics FP-ATR-SIGFOX1 3.2.0
2025-10-25 08:14:12,422 [INFO] ThirdParty:1030 - CMSIS Pack Vendor :STMicroelectronics X-CUBE-NFC10 1.0.0
2025-10-25 08:14:12,422 [INFO] ThirdParty:1030 - CMSIS Pack Vendor :STMicroelectronics X-CUBE-FREERTOS 1.3.1
2025-10-25 08:14:12,422 [INFO] ThirdParty:1030 - CMSIS Pack Vendor :STMicroelectronics HAL Drivers 0.0.0
2025-10-25 08:14:12,422 [INFO] ThirdParty:1030 - CMSIS Pack Vendor :STMicroelectronics MBEDTLS 2.16.2
2025-10-25 08:14:12,422 [INFO] ThirdParty:1030 - CMSIS Pack Vendor :STMicroelectronics X-CUBE-ST60 1.1.0
2025-10-25 08:14:12,422 [INFO] ThirdParty:1030 - CMSIS Pack Vendor :STMicroelectronics X-CUBE-IPS 3.1.0
2025-10-25 08:14:12,422 [INFO] ThirdParty:1030 - CMSIS Pack Vendor :STMicroelectronics X-CUBE-ALS 1.0.2
2025-10-25 08:14:12,422 [INFO] ThirdParty:1030 - CMSIS Pack Vendor :emotas I-CUBE-CANOPEN 1.3.0
2025-10-25 08:14:12,422 [INFO] ThirdParty:1030 - CMSIS Pack Vendor :STMicroelectronics MBEDTLS 2.14.1
2025-10-25 08:14:12,422 [INFO] ThirdParty:1030 - CMSIS Pack Vendor :ITTIA_DB I-CUBE-ITTIADB 8.9.0
2025-10-25 08:14:12,423 [INFO] ThirdParty:1030 - CMSIS Pack Vendor :STMicroelectronics X-CUBE-TOUCHGFX 4.26.0
2025-10-25 08:14:12,423 [INFO] ThirdParty:1030 - CMSIS Pack Vendor :STMicroelectronics X-CUBE-STSE01 1.0.0
2025-10-25 08:14:12,423 [INFO] ThirdParty:1030 - CMSIS Pack Vendor :STMicroelectronics X-CUBE-ST67W61 1.0.0
2025-10-25 08:14:12,423 [INFO] ThirdParty:1030 - CMSIS Pack Vendor :STMicroelectronics FP-SNS-STBOX1 2.1.0
2025-10-25 08:14:12,423 [INFO] ThirdParty:1030 - CMSIS Pack Vendor :STMicroelectronics X-CUBE-AI 10.2.0
2025-10-25 08:14:12,423 [INFO] ThirdParty:1030 - CMSIS Pack Vendor :STMicroelectronics FP-SNS-STAIOTCFT 1.0.0
2025-10-25 08:14:12,423 [INFO] ThirdParty:1030 - CMSIS Pack Vendor :STMicroelectronics ThreadX 1.0.0
2025-10-25 08:14:12,423 [INFO] ThirdParty:1030 - CMSIS Pack Vendor :STMicroelectronics FP-SNS-SMARTAG2 1.2.0
2025-10-25 08:14:12,423 [INFO] ThirdParty:1030 - CMSIS Pack Vendor :STMicroelectronics FP-SNS-FLIGHT1 5.1.0
2025-10-25 08:14:12,423 [INFO] ThirdParty:1030 - CMSIS Pack Vendor :STMicroelectronics X-CUBE-AZRTOS-WL 2.0.0
2025-10-25 08:14:12,423 [INFO] ThirdParty:1030 - CMSIS Pack Vendor :SEGGER I-CUBE-embOS 1.3.1
2025-10-25 08:14:12,423 [INFO] ThirdParty:1030 - CMSIS Pack Vendor :STMicroelectronics X-CUBE-ALGOBUILD 1.4.0
2025-10-25 08:14:12,423 [INFO] ThirdParty:1030 - CMSIS Pack Vendor :STMicroelectronics X-CUBE-DPower 1.3.0
2025-10-25 08:14:12,423 [INFO] ThirdParty:1030 - CMSIS Pack Vendor :STMicroelectronics X-CUBE-MEMS1 11.3.0
2025-10-25 08:14:12,423 [INFO] ThirdParty:1030 - CMSIS Pack Vendor :STMicroelectronics FP-SNS-MOTENV1 5.0.0
2025-10-25 08:14:12,423 [INFO] ThirdParty:1030 - CMSIS Pack Vendor :STMicroelectronics USB_DEVICE 1.0.0
2025-10-25 08:14:12,423 [INFO] ThirdParty:1030 - CMSIS Pack Vendor :STMicroelectronics X-CUBE-AZRTOS-L4 2.0.0
2025-10-25 08:14:12,423 [INFO] ThirdParty:1030 - CMSIS Pack Vendor :STMicroelectronics ThreadX 0.0.2
2025-10-25 08:14:12,423 [INFO] ThirdParty:1030 - CMSIS Pack Vendor :STMicroelectronics lwIP 2.1.2
2025-10-25 08:14:12,423 [INFO] ThirdParty:1030 - CMSIS Pack Vendor :STMicroelectronics X-CUBE-SFXS2LP1 4.0.0
2025-10-25 08:14:12,423 [INFO] ThirdParty:1030 - CMSIS Pack Vendor :STMicroelectronics X-CUBE-BLE2 3.3.0
2025-10-25 08:14:12,423 [INFO] ThirdParty:1030 - CMSIS Pack Vendor :STMicroelectronics X-CUBE-TOF1 3.4.3
2025-10-25 08:14:12,423 [INFO] ThirdParty:1030 - CMSIS Pack Vendor :STMicroelectronics PDM2PCM 3.2.0
2025-10-25 08:14:12,423 [INFO] ThirdParty:841 - exiting critical section [change project]
2025-10-25 08:14:12,711 [INFO] PinOutPanel:1589 - setPackage(No Configuration,No Configuration)
2025-10-25 08:14:12,711 [INFO] PinOutPanel:1589 - setPackage(STM32L476RGTx,LQFP64)
2025-10-25 08:14:13,220 [INFO] UtilMem:75 - Before build in PCC Used Memory: 521631200 Bytes (1073741824)
2025-10-25 08:14:14,042 [INFO] UtilMem:75 - After build in PCC Used Memory: 603942368 Bytes (1073741824)
2025-10-25 08:14:14,071 [INFO] IPUIPlugin:80 - create IPUIPlugin
2025-10-25 08:14:14,071 [INFO] IPUIPlugin:80 - create IPUIPlugin
2025-10-25 08:14:14,071 [INFO] IPUIPlugin:80 - create IPUIPlugin
2025-10-25 08:14:14,071 [INFO] IPUIPlugin:80 - create IPUIPlugin
2025-10-25 08:14:14,071 [INFO] IPUIPlugin:80 - create IPUIPlugin
2025-10-25 08:14:14,071 [INFO] IPUIPlugin:80 - create IPUIPlugin
2025-10-25 08:14:14,071 [INFO] IPUIPlugin:80 - create IPUIPlugin
2025-10-25 08:14:14,071 [INFO] IPUIPlugin:80 - create IPUIPlugin
2025-10-25 08:14:14,071 [INFO] IPUIPlugin:80 - create IPUIPlugin
2025-10-25 08:14:14,071 [INFO] IPUIPlugin:80 - create IPUIPlugin
2025-10-25 08:14:14,071 [INFO] IPUIPlugin:80 - create IPUIPlugin
2025-10-25 08:14:14,071 [INFO] IPUIPlugin:80 - create IPUIPlugin
2025-10-25 08:14:14,072 [INFO] IPUIPlugin:80 - create IPUIPlugin
2025-10-25 08:14:14,072 [INFO] IPUIPlugin:80 - create IPUIPlugin
2025-10-25 08:14:14,072 [INFO] IPUIPlugin:80 - create IPUIPlugin
2025-10-25 08:14:14,072 [INFO] IPUIPlugin:80 - create IPUIPlugin
2025-10-25 08:14:14,072 [INFO] IPUIPlugin:80 - create IPUIPlugin
2025-10-25 08:14:14,072 [INFO] IPUIPlugin:80 - create IPUIPlugin
2025-10-25 08:14:14,072 [INFO] IPUIPlugin:80 - create IPUIPlugin
2025-10-25 08:14:14,072 [INFO] IPUIPlugin:80 - create IPUIPlugin
2025-10-25 08:14:14,072 [INFO] IPUIPlugin:80 - create IPUIPlugin
2025-10-25 08:14:14,073 [INFO] IPUIPlugin:80 - create IPUIPlugin
2025-10-25 08:14:14,073 [INFO] IPUIPlugin:80 - create IPUIPlugin
2025-10-25 08:14:14,073 [INFO] IPUIPlugin:80 - create IPUIPlugin
2025-10-25 08:14:14,073 [INFO] IPUIPlugin:80 - create IPUIPlugin
2025-10-25 08:14:14,073 [INFO] IPUIPlugin:80 - create IPUIPlugin
2025-10-25 08:14:14,073 [INFO] IPUIPlugin:80 - create IPUIPlugin
2025-10-25 08:14:14,073 [INFO] IPUIPlugin:80 - create IPUIPlugin
2025-10-25 08:14:14,073 [INFO] IPUIPlugin:80 - create IPUIPlugin
2025-10-25 08:14:14,074 [INFO] IPUIPlugin:80 - create IPUIPlugin
2025-10-25 08:14:14,074 [INFO] IPUIPlugin:80 - create IPUIPlugin
2025-10-25 08:14:14,074 [INFO] IPUIPlugin:80 - create IPUIPlugin
2025-10-25 08:14:14,074 [INFO] IPUIPlugin:80 - create IPUIPlugin
2025-10-25 08:14:14,074 [INFO] IPUIPlugin:80 - create IPUIPlugin
2025-10-25 08:14:14,074 [INFO] IPUIPlugin:80 - create IPUIPlugin
2025-10-25 08:14:14,074 [INFO] IPUIPlugin:80 - create IPUIPlugin
2025-10-25 08:14:14,075 [INFO] IPUIPlugin:80 - create IPUIPlugin
2025-10-25 08:14:14,075 [INFO] IPUIPlugin:80 - create IPUIPlugin
2025-10-25 08:14:14,075 [INFO] IPUIPlugin:80 - create IPUIPlugin
2025-10-25 08:14:14,075 [INFO] IPUIPlugin:80 - create IPUIPlugin
2025-10-25 08:14:14,075 [INFO] IPUIPlugin:80 - create IPUIPlugin
2025-10-25 08:14:14,075 [INFO] IPUIPlugin:80 - create IPUIPlugin
2025-10-25 08:14:14,076 [INFO] IPUIPlugin:80 - create IPUIPlugin
2025-10-25 08:14:14,076 [INFO] IPUIPlugin:80 - create IPUIPlugin
2025-10-25 08:14:14,076 [INFO] IPUIPlugin:80 - create IPUIPlugin
2025-10-25 08:14:14,076 [INFO] IPUIPlugin:80 - create IPUIPlugin
2025-10-25 08:14:14,076 [INFO] IPUIPlugin:80 - create IPUIPlugin
2025-10-25 08:14:14,076 [INFO] IPUIPlugin:80 - create IPUIPlugin
2025-10-25 08:14:14,077 [INFO] IPUIPlugin:80 - create IPUIPlugin
2025-10-25 08:14:14,077 [INFO] IPUIPlugin:80 - create IPUIPlugin
2025-10-25 08:14:14,077 [INFO] IPUIPlugin:80 - create IPUIPlugin
2025-10-25 08:14:14,077 [INFO] IPUIPlugin:80 - create IPUIPlugin
2025-10-25 08:14:14,077 [INFO] IPUIPlugin:80 - create IPUIPlugin
2025-10-25 08:14:14,078 [INFO] IPUIPlugin:80 - create IPUIPlugin
2025-10-25 08:14:14,078 [INFO] IPUIPlugin:80 - create IPUIPlugin
2025-10-25 08:14:14,078 [INFO] IPUIPlugin:80 - create IPUIPlugin
2025-10-25 08:14:14,078 [INFO] IPUIPlugin:80 - create IPUIPlugin
2025-10-25 08:14:14,079 [INFO] IPUIPlugin:80 - create IPUIPlugin
2025-10-25 08:14:14,079 [INFO] IPUIPlugin:80 - create IPUIPlugin
2025-10-25 08:14:14,128 [INFO] CADModel:165 - CPN selected for project levelSTM32L476RGT3
2025-10-25 08:14:14,128 [INFO] CADModel:114 - Register for checkConnection events
2025-10-25 08:14:14,216 [INFO] OpenFileManager:386 - Restore cursor
2025-10-25 08:14:24,500 [INFO] ADCParametersView:116 -                Rank 1 : false
2025-10-25 08:14:24,596 [INFO] ADCParametersView:116 -                Rank 1 : false
2025-10-25 08:14:24,596 [INFO] ADCParametersView:116 -                Rank 1 : false
2025-10-25 08:14:24,596 [INFO] ADCParametersView:116 -                Rank 1 : false
2025-10-25 08:14:24,596 [INFO] ADCParametersView:116 -                Rank 1 : false
2025-10-25 08:14:24,596 [INFO] ADCParametersView:116 -                Rank 1 : false
2025-10-25 08:14:24,597 [INFO] ADCParametersView:116 -                Rank 1 : false
2025-10-25 08:14:24,597 [INFO] ADCParametersView:116 -                Rank 1 : false
2025-10-25 08:14:24,597 [INFO] ADCParametersView:116 -                Rank 1 : false
2025-10-25 08:14:24,597 [INFO] ADCParametersView:116 -                Rank 1 : false
2025-10-25 08:14:24,597 [INFO] ADCParametersView:116 -                Rank 1 : false
2025-10-25 08:14:24,597 [INFO] ADCParametersView:116 -                Rank 1 : false
2025-10-25 08:14:24,597 [INFO] ADCParametersView:116 -                Rank 1 : false
2025-10-25 08:14:24,597 [INFO] ADCParametersView:116 -                Rank 1 : false
2025-10-25 08:14:24,597 [INFO] ADCParametersView:116 -                Rank 1 : false
2025-10-25 08:14:24,597 [INFO] ADCParametersView:116 -                Rank 1 : false
2025-10-25 08:14:24,597 [INFO] ADCParametersView:116 -                Rank 1 : false
2025-10-25 08:14:24,597 [INFO] ADCParametersView:116 -                Rank 1 : false
2025-10-25 08:14:24,597 [INFO] ADCParametersView:116 -                Rank 1 : false
2025-10-25 08:14:24,597 [INFO] ADCParametersView:116 -                Rank 1 : false
2025-10-25 08:14:24,597 [INFO] ADCParametersView:116 -                Rank 1 : false
2025-10-25 08:14:24,631 [INFO] ADCParametersView:116 -                Rank 1 : false
2025-10-25 08:14:37,687 [INFO] NvicIntPanel:101 - NVIC parent = com.st.microxplorer.plugins.ip.nvic.MultiNvicIntPanel[,0,0,751x413,layout=javax.swing.BoxLayout,alignmentX=0.0,alignmentY=0.0,border=,flags=9,maximumSize=,minimumSize=,preferredSize=]
2025-10-25 08:16:54,744 [INFO] MainUpdater:2872 - connection check result : 10
2025-10-25 08:16:54,744 [INFO] MainUpdater:2872 - connection check result : 10
2025-10-25 08:16:54,821 [INFO] MicroXplorer:468 - Change Database Path : 
2025-10-25 08:16:54,821 [INFO] MicroXplorer:498 - Change Database Version : DB.6.0.150
2025-10-25 08:16:54,849 [ERROR] ProjectManagerView:395 - 
java.lang.NullPointerException: Cannot invoke "javax.swing.JTextField.getText()" because the return value of "java.util.List.get(int)" is null
	at com.st.microxplorer.plugins.projectmanager.gui.ProjectChoiceTab$9.caretUpdate(ProjectChoiceTab.java:2706) ~[filemanager.jar:?]
	at javax.swing.text.JTextComponent.fireCaretUpdate(JTextComponent.java:408) ~[?:?]
	at javax.swing.text.JTextComponent$MutableCaretEvent.fire(JTextComponent.java:4484) ~[?:?]
	at javax.swing.text.JTextComponent$MutableCaretEvent.stateChanged(JTextComponent.java:4506) ~[?:?]
	at javax.swing.text.DefaultCaret.fireStateChanged(DefaultCaret.java:857) ~[?:?]
	at javax.swing.text.DefaultCaret.changeCaretPosition(DefaultCaret.java:1343) ~[?:?]
	at javax.swing.text.DefaultCaret.handleSetDot(DefaultCaret.java:1242) ~[?:?]
	at javax.swing.text.DefaultCaret.setDot(DefaultCaret.java:1223) ~[?:?]
	at javax.swing.text.DefaultCaret$Handler.insertUpdate(DefaultCaret.java:1819) ~[?:?]
	at javax.swing.text.AbstractDocument.fireInsertUpdate(AbstractDocument.java:227) ~[?:?]
	at javax.swing.text.AbstractDocument.handleInsertString(AbstractDocument.java:781) ~[?:?]
	at javax.swing.text.AbstractDocument.insertString(AbstractDocument.java:740) ~[?:?]
	at javax.swing.text.PlainDocument.insertString(PlainDocument.java:131) ~[?:?]
	at javax.swing.text.AbstractDocument.replace(AbstractDocument.java:699) ~[?:?]
	at javax.swing.text.JTextComponent.setText(JTextComponent.java:1725) ~[?:?]
	at com.st.microxplorer.plugins.projectmanager.gui.ProjectChoiceTab.createHeapStackFields(ProjectChoiceTab.java:993) ~[filemanager.jar:?]
	at com.st.microxplorer.plugins.projectmanager.gui.ProjectChoiceTab.buildLinkSettingsPanel(ProjectChoiceTab.java:3813) ~[filemanager.jar:?]
	at com.st.microxplorer.plugins.projectmanager.gui.ProjectChoiceTab.defineWindowsFields(ProjectChoiceTab.java:1987) ~[filemanager.jar:?]
	at com.st.microxplorer.plugins.projectmanager.gui.ProjectChoiceTab.updateSettings(ProjectChoiceTab.java:558) ~[filemanager.jar:?]
	at com.st.microxplorer.plugins.projectmanager.gui.ProjectSettingsPanel.UpdateDialog(ProjectSettingsPanel.java:247) ~[filemanager.jar:?]
	at com.st.microxplorer.plugins.projectmanager.ProjectManagerView.propertyChange(ProjectManagerView.java:392) ~[filemanager.jar:?]
	at java.beans.PropertyChangeSupport.fire(PropertyChangeSupport.java:343) ~[?:?]
	at java.beans.PropertyChangeSupport.firePropertyChange(PropertyChangeSupport.java:335) ~[?:?]
	at java.beans.PropertyChangeSupport.firePropertyChange(PropertyChangeSupport.java:268) ~[?:?]
	at com.st.microxplorer.util.MXPropertyChangeSupport.firePropertyChange(MXPropertyChangeSupport.java:54) ~[STM32CubeMX.jar:?]
	at com.st.microxplorer.mxsystem.MxSystem.closeConfig(MxSystem.java:899) ~[STM32CubeMX.jar:?]
	at com.st.microxplorer.maingui.MainPanel.closeConfig(MainPanel.java:792) ~[STM32CubeMX.jar:?]
	at com.st.microxplorer.plugins.filemanager.engine.OpenFileManager.loadConfigurationFile(OpenFileManager.java:288) ~[filemanager.jar:?]
	at com.st.microxplorer.plugins.filemanager.engine.MainFileManager.userLoadConfig(MainFileManager.java:364) ~[filemanager.jar:?]
	at com.st.microxplorer.plugins.filemanager.engine.MainFileManager.userLoadConfig(MainFileManager.java:342) ~[filemanager.jar:?]
	at com.st.microxplorer.plugins.filemanager.FileManagerView.getSpecificTask(FileManagerView.java:264) ~[filemanager.jar:?]
	at com.st.stm32cube.common.mx.editor.CubeMxEditor.getMxTabbedPaneInstance(CubeMxEditor.java:1198) ~[com.st.stm32cube.common.mx_6.15.0.202507011659/:?]
	at com.st.stm32cube.common.mx.editor.CubeMxEditor$12$1.createSwingComponent(CubeMxEditor.java:1068) ~[com.st.stm32cube.common.mx_6.15.0.202507011659/:?]
	at com.st.stm32cube.common.mx.oss.core.awtswtbridge.EmbeddedSwingComposite.doComponentCreation(EmbeddedSwingComposite.java:492) ~[com.st.stm32cube.common.mx.oss_6.15.0.202507011659/:?]
	at com.st.stm32cube.common.mx.oss.core.awtswtbridge.EmbeddedSwingComposite$4.run(EmbeddedSwingComposite.java:291) ~[com.st.stm32cube.common.mx.oss_6.15.0.202507011659/:?]
	at com.st.stm32cube.common.mx.oss.core.awtswtbridge.AwtEnvironment$2.run(AwtEnvironment.java:166) ~[com.st.stm32cube.common.mx.oss_6.15.0.202507011659/:?]
	at java.awt.event.InvocationEvent.dispatch(InvocationEvent.java:318) ~[?:?]
	at java.awt.EventQueue.dispatchEventImpl(EventQueue.java:773) ~[?:?]
	at java.awt.EventQueue$4.run(EventQueue.java:720) ~[?:?]
	at java.awt.EventQueue$4.run(EventQueue.java:714) ~[?:?]
	at java.security.AccessController.doPrivileged(AccessController.java:400) ~[?:?]
	at java.security.ProtectionDomain$JavaSecurityAccessImpl.doIntersectionPrivilege(ProtectionDomain.java:87) ~[?:?]
	at java.awt.EventQueue.dispatchEvent(EventQueue.java:742) ~[?:?]
	at java.awt.EventDispatchThread.pumpOneEventForFilters(EventDispatchThread.java:203) ~[?:?]
	at java.awt.EventDispatchThread.pumpEventsForFilter(EventDispatchThread.java:124) ~[?:?]
	at java.awt.EventDispatchThread.pumpEventsForHierarchy(EventDispatchThread.java:113) ~[?:?]
	at java.awt.EventDispatchThread.pumpEvents(EventDispatchThread.java:109) ~[?:?]
	at java.awt.EventDispatchThread.pumpEvents(EventDispatchThread.java:101) ~[?:?]
	at java.awt.EventDispatchThread.run(EventDispatchThread.java:90) ~[?:?]
2025-10-25 08:16:54,852 [WARN] ThirdParty:871 - waiting for thirdparty lock release [close project]
2025-10-25 08:16:54,852 [INFO] ThirdParty:873 - entering critical section [close project]
2025-10-25 08:16:54,852 [INFO] ThirdParty:883 - exiting critical section [close project]
2025-10-25 08:16:54,855 [INFO] PinOutPanel:1589 - setPackage(No Configuration,No Configuration)
2025-10-25 08:16:54,868 [INFO] UtilMem:75 - Begin LoadConfig() Used Memory: 682833672 Bytes (1073741824)
2025-10-25 08:16:54,869 [INFO] MicroXplorer:468 - Change Database Path : 
2025-10-25 08:16:54,869 [INFO] MicroXplorer:498 - Change Database Version : DB.6.0.150
2025-10-25 08:16:54,869 [INFO] OpenFileManager:355 - Change cursor
2025-10-25 08:16:54,875 [INFO] Mcu:2029 - Initializing MCU STM32L476R(C-E-G)Tx STM32L476RGTx STM32L476RGT3
2025-10-25 08:16:56,072 [INFO] Context:786 - Trying to add GPIOservice into a context  which must be forbidden
2025-10-25 08:16:56,310 [INFO] ImportTextPane:234 - (OptionalMessage_ERROR) Pin9 (VP_RIF_VS_RIF1) cannot be retrieved for this MCU
2025-10-25 08:16:56,340 [INFO] RtosManager:558 - Registered RTOS mode: class=CMSIS, group=RTOS, mode=CMSIS_V1, owner=FREERTOS
2025-10-25 08:16:56,340 [INFO] RtosManager:558 - Registered RTOS mode: class=CMSIS, group=RTOS2, mode=CMSIS_V2, owner=FREERTOS
2025-10-25 08:16:56,340 [INFO] RtosManager:558 - Registered RTOS mode: class=RTOS, group=Core, mode=CMSIS_V1, owner=FREERTOS
2025-10-25 08:16:56,340 [INFO] RtosManager:558 - Registered RTOS mode: class=RTOS, group=Core, mode=CMSIS_V2, owner=FREERTOS
2025-10-25 08:16:56,340 [WARN] ModelIntegratedComponent:184 - Missing modes for component STMicroelectronics:FreeRTOS:0.0.1:STMicroelectronics:RTOS:FreeRTOS:Core:::10.2.0:
2025-10-25 08:16:56,345 [WARN] ModelIntegratedComponent:63 - No mode defined for component null
2025-10-25 08:16:56,345 [WARN] ModelIntegratedComponent:63 - No mode defined for component null
2025-10-25 08:16:56,345 [WARN] ModelIntegratedComponent:63 - No mode defined for component null
2025-10-25 08:16:56,345 [WARN] ModelIntegratedComponent:63 - No mode defined for component null
2025-10-25 08:16:56,345 [WARN] ModelIntegratedComponent:63 - No mode defined for component null
2025-10-25 08:16:56,345 [WARN] ModelIntegratedComponent:63 - No mode defined for component null
2025-10-25 08:16:56,345 [WARN] ModelIntegratedComponent:63 - No mode defined for component null
2025-10-25 08:16:56,345 [WARN] ModelIntegratedComponent:63 - No mode defined for component null
2025-10-25 08:16:56,345 [WARN] ModelIntegratedComponent:63 - No mode defined for component null
2025-10-25 08:16:56,345 [WARN] ModelIntegratedComponent:63 - No mode defined for component null
2025-10-25 08:16:56,345 [WARN] ModelIntegratedComponent:63 - No mode defined for component null
2025-10-25 08:16:56,345 [WARN] ModelIntegratedComponent:63 - No mode defined for component null
2025-10-25 08:16:56,345 [WARN] ModelIntegratedComponent:63 - No mode defined for component null
2025-10-25 08:16:56,345 [WARN] ModelIntegratedComponent:63 - No mode defined for component null
2025-10-25 08:16:56,346 [WARN] ModelIntegratedComponent:63 - No mode defined for component null
2025-10-25 08:16:56,346 [WARN] ModelIntegratedComponent:63 - No mode defined for component null
2025-10-25 08:16:56,346 [WARN] ModelIntegratedComponent:63 - No mode defined for component null
2025-10-25 08:16:56,346 [WARN] ModelIntegratedComponent:63 - No mode defined for component null
2025-10-25 08:16:56,346 [WARN] ModelIntegratedComponent:63 - No mode defined for component null
2025-10-25 08:16:56,346 [WARN] ModelIntegratedComponent:63 - No mode defined for component null
2025-10-25 08:16:56,346 [WARN] ModelIntegratedComponent:63 - No mode defined for component null
2025-10-25 08:16:56,346 [WARN] ModelIntegratedComponent:63 - No mode defined for component null
2025-10-25 08:16:56,346 [WARN] ModelIntegratedComponent:63 - No mode defined for component null
2025-10-25 08:16:56,346 [WARN] ModelIntegratedComponent:63 - No mode defined for component null
2025-10-25 08:16:56,346 [WARN] ModelIntegratedComponent:63 - No mode defined for component null
2025-10-25 08:16:56,346 [WARN] ModelIntegratedComponent:63 - No mode defined for component null
2025-10-25 08:16:56,346 [WARN] ModelIntegratedComponent:63 - No mode defined for component null
2025-10-25 08:16:56,346 [WARN] ModelIntegratedComponent:63 - No mode defined for component null
2025-10-25 08:16:56,346 [WARN] ModelIntegratedComponent:63 - No mode defined for component null
2025-10-25 08:16:56,346 [WARN] ModelIntegratedComponent:63 - No mode defined for component null
2025-10-25 08:16:56,346 [WARN] ModelIntegratedComponent:63 - No mode defined for component null
2025-10-25 08:16:56,346 [WARN] ModelIntegratedComponent:63 - No mode defined for component null
2025-10-25 08:16:56,346 [WARN] ModelIntegratedComponent:63 - No mode defined for component null
2025-10-25 08:16:56,346 [WARN] ModelIntegratedComponent:63 - No mode defined for component null
2025-10-25 08:16:56,346 [WARN] ModelIntegratedComponent:63 - No mode defined for component null
2025-10-25 08:16:56,346 [WARN] ModelPack:524 - Component already loaded: STMicroelectronics:HAL Drivers:0.0.0:STMicroelectronics:Device:STMicro_Driver:XSPI:HAL::0.0.1:HAL_XSPI
2025-10-25 08:16:56,398 [INFO] ThirdPartyModel:298 - Start build external matchings
2025-10-25 08:16:56,759 [INFO] ThirdPartyModel:316 - End build external matchings
2025-10-25 08:16:56,765 [INFO] ImportTextPane:234 - (OptionalMessage_ERROR) IP (ADC1) : Parameter (CommonPathInternal) has invalid value (null|null|null|null)
2025-10-25 08:16:57,043 [INFO] UtilMem:75 - End LoadConfig() Used Memory: 474225832 Bytes (1073741824)
2025-10-25 08:16:57,071 [WARN] ThirdParty:833 - waiting for thirdparty lock release [change project]
2025-10-25 08:16:57,072 [INFO] ThirdParty:835 - entering critical section [change project]
2025-10-25 08:16:57,072 [INFO] ThirdParty:1030 - CMSIS Pack Vendor :STMicroelectronics X-CUBE-PM33A1 1.0.0
2025-10-25 08:16:57,072 [INFO] ThirdParty:1030 - CMSIS Pack Vendor :STMicroelectronics USBPD 4.1
2025-10-25 08:16:57,072 [INFO] ThirdParty:1030 - CMSIS Pack Vendor :STMicroelectronics X-CUBE-NFC9 1.0.0
2025-10-25 08:16:57,072 [INFO] ThirdParty:1030 - CMSIS Pack Vendor :STMicroelectronics USB_HOST 2.0.0
2025-10-25 08:16:57,072 [INFO] ThirdParty:1030 - CMSIS Pack Vendor :STMicroelectronics FP-SNS-MOTENVWB1 1.4.0
2025-10-25 08:16:57,072 [INFO] ThirdParty:1030 - CMSIS Pack Vendor :STMicroelectronics X-CUBE-AZRTOS-F4 1.1.0
2025-10-25 08:16:57,072 [INFO] ThirdParty:1030 - CMSIS Pack Vendor :STMicroelectronics LIBJPEG 8.0.0
2025-10-25 08:16:57,072 [INFO] ThirdParty:1030 - CMSIS Pack Vendor :STMicroelectronics FP-ATR-ASTRA1 2.0.2
2025-10-25 08:16:57,072 [INFO] ThirdParty:1030 - CMSIS Pack Vendor :wolfSSL I-CUBE-wolfSSL 5.8.2
2025-10-25 08:16:57,072 [INFO] ThirdParty:1030 - CMSIS Pack Vendor :STMicroelectronics X-CUBE-BLE1 7.1.0
2025-10-25 08:16:57,072 [INFO] ThirdParty:1030 - CMSIS Pack Vendor :Avnet-IotConnect X-CUBE-IoTC-DA16k-PMOD 1.0.0
2025-10-25 08:16:57,072 [INFO] ThirdParty:1030 - CMSIS Pack Vendor :STMicroelectronics X-CUBE-SMBUS 2.1.0
2025-10-25 08:16:57,072 [INFO] ThirdParty:1030 - CMSIS Pack Vendor :wolfSSL I-CUBE-wolfMQTT 1.19.2
2025-10-25 08:16:57,072 [INFO] ThirdParty:1030 - CMSIS Pack Vendor :STMicroelectronics USB_DEVICE 3.0.0
2025-10-25 08:16:57,072 [INFO] ThirdParty:1030 - CMSIS Pack Vendor :STMicroelectronics X-CUBE-ISPU 2.1.0
2025-10-25 08:16:57,072 [INFO] ThirdParty:1030 - CMSIS Pack Vendor :STMicroelectronics X-CUBE-EEPRMA1 5.2.0
2025-10-25 08:16:57,072 [INFO] ThirdParty:1030 - CMSIS Pack Vendor :STMicroelectronics X-CUBE-IPS 3.2.0
2025-10-25 08:16:57,072 [INFO] ThirdParty:1030 - CMSIS Pack Vendor :STMicroelectronics X-CUBE-BLEMGR 4.1.0
2025-10-25 08:16:57,072 [INFO] ThirdParty:1030 - CMSIS Pack Vendor :STMicroelectronics X-CUBE-AZRTOS-WB 2.0.0
2025-10-25 08:16:57,072 [INFO] ThirdParty:1030 - CMSIS Pack Vendor :STMicroelectronics X-CUBE-ST60 1.0.0
2025-10-25 08:16:57,072 [INFO] ThirdParty:1030 - CMSIS Pack Vendor :STMicroelectronics X-CUBE-GNSS1 7.0.1
2025-10-25 08:16:57,072 [INFO] ThirdParty:1030 - CMSIS Pack Vendor :STMicroelectronics X-CUBE-NFC12 1.0.0
2025-10-25 08:16:57,072 [INFO] ThirdParty:1030 - CMSIS Pack Vendor :STMicroelectronics X-CUBE-AZRTOS-F7 1.1.0
2025-10-25 08:16:57,072 [INFO] ThirdParty:1030 - CMSIS Pack Vendor :STMicroelectronics X-CUBE-AZRTOS-L5 2.0.0
2025-10-25 08:16:57,072 [INFO] ThirdParty:1030 - CMSIS Pack Vendor :STMicroelectronics X-CUBE-TOUCHGFX 4.25.0
2025-10-25 08:16:57,072 [INFO] ThirdParty:1030 - CMSIS Pack Vendor :STMicroelectronics USB_DEVICE 2.0.0
2025-10-25 08:16:57,072 [INFO] ThirdParty:1030 - CMSIS Pack Vendor :STMicroelectronics X-CUBE-NFC6 3.1.0
2025-10-25 08:16:57,072 [INFO] ThirdParty:1030 - CMSIS Pack Vendor :STMicroelectronics X-CUBE-ST67W61 1.1.0
2025-10-25 08:16:57,072 [INFO] ThirdParty:1030 - CMSIS Pack Vendor :quantropi X-CUBE-qispace-sdk-base 2.1.0
2025-10-25 08:16:57,072 [INFO] ThirdParty:1030 - CMSIS Pack Vendor :STMicroelectronics FreeRTOS 0.0.1
2025-10-25 08:16:57,072 [INFO] ThirdParty:1030 - CMSIS Pack Vendor :STMicroelectronics X-CUBE-AZRTOS-G0 1.1.0
2025-10-25 08:16:57,072 [INFO] ThirdParty:1030 - CMSIS Pack Vendor :STMicroelectronics X-CUBE-SAFEA1 1.2.2
2025-10-25 08:16:57,072 [INFO] ThirdParty:1030 - CMSIS Pack Vendor :STMicroelectronics X-CUBE-NFC4 3.0.0
2025-10-25 08:16:57,072 [INFO] ThirdParty:1030 - CMSIS Pack Vendor :STMicroelectronics X-CUBE-SUBG2 5.0.0
2025-10-25 08:16:57,072 [INFO] ThirdParty:1030 - CMSIS Pack Vendor :STMicroelectronics X-CUBE-AZRTOS-H7RS 1.1.0
2025-10-25 08:16:57,072 [INFO] ThirdParty:1030 - CMSIS Pack Vendor :STMicroelectronics STM32_WPAN 1.0.0
2025-10-25 08:16:57,072 [INFO] ThirdParty:1030 - CMSIS Pack Vendor :EmbeddedOffice I-CUBE-FS-RTOS 1.0.1
2025-10-25 08:16:57,072 [INFO] ThirdParty:1030 - CMSIS Pack Vendor :STMicroelectronics lwIP 2.0.3
2025-10-25 08:16:57,072 [INFO] ThirdParty:1030 - CMSIS Pack Vendor :WES I-CUBE-Cesium 1.4.0
2025-10-25 08:16:57,072 [INFO] ThirdParty:1030 - CMSIS Pack Vendor :Cesanta I-CUBE-Mongoose 7.13.0
2025-10-25 08:16:57,072 [INFO] ThirdParty:1030 - CMSIS Pack Vendor :STMicroelectronics USB_HOST 1.0.0
2025-10-25 08:16:57,072 [INFO] ThirdParty:1030 - CMSIS Pack Vendor :Infineon AIROC-Wi-Fi-Bluetooth-STM32 1.7.1
2025-10-25 08:16:57,072 [INFO] ThirdParty:1030 - CMSIS Pack Vendor :STMicroelectronics X-CUBE-AZRTOS-G4 2.0.0
2025-10-25 08:16:57,073 [INFO] ThirdParty:1030 - CMSIS Pack Vendor :STMicroelectronics X-CUBE-WB05N 2.0.0
2025-10-25 08:16:57,073 [INFO] ThirdParty:1030 - CMSIS Pack Vendor :STMicroelectronics PDM2PCM 3.1.0
2025-10-25 08:16:57,073 [INFO] ThirdParty:1030 - CMSIS Pack Vendor :STMicroelectronics PDM2PCM 3.3.0
2025-10-25 08:16:57,073 [INFO] ThirdParty:1030 - CMSIS Pack Vendor :wolfSSL I-CUBE-wolfTPM 3.8.0
2025-10-25 08:16:57,073 [INFO] ThirdParty:1030 - CMSIS Pack Vendor :STMicroelectronics X-CUBE-AZRTOS-H7 3.4.0
2025-10-25 08:16:57,073 [INFO] ThirdParty:1030 - CMSIS Pack Vendor :STMicroelectronics X-CUBE-DISPLAY 3.0.0
2025-10-25 08:16:57,073 [INFO] ThirdParty:1030 - CMSIS Pack Vendor :wolfSSL I-CUBE-wolfSSH 1.4.20
2025-10-25 08:16:57,073 [INFO] ThirdParty:1030 - CMSIS Pack Vendor :STMicroelectronics X-CUBE-NFC7 2.0.0
2025-10-25 08:16:57,073 [INFO] ThirdParty:1030 - CMSIS Pack Vendor :STMicroelectronics X-CUBE-TCPP 4.2.0
2025-10-25 08:16:57,073 [INFO] ThirdParty:1030 - CMSIS Pack Vendor :RealThread X-CUBE-RT-Thread_Nano 4.1.1
2025-10-25 08:16:57,073 [INFO] ThirdParty:1030 - CMSIS Pack Vendor :STMicroelectronics FP-ATR-SIGFOX1 3.2.0
2025-10-25 08:16:57,073 [INFO] ThirdParty:1030 - CMSIS Pack Vendor :STMicroelectronics X-CUBE-NFC10 1.0.0
2025-10-25 08:16:57,073 [INFO] ThirdParty:1030 - CMSIS Pack Vendor :STMicroelectronics X-CUBE-FREERTOS 1.3.1
2025-10-25 08:16:57,073 [INFO] ThirdParty:1030 - CMSIS Pack Vendor :STMicroelectronics HAL Drivers 0.0.0
2025-10-25 08:16:57,073 [INFO] ThirdParty:1030 - CMSIS Pack Vendor :STMicroelectronics MBEDTLS 2.16.2
2025-10-25 08:16:57,073 [INFO] ThirdParty:1030 - CMSIS Pack Vendor :STMicroelectronics X-CUBE-ST60 1.1.0
2025-10-25 08:16:57,073 [INFO] ThirdParty:1030 - CMSIS Pack Vendor :STMicroelectronics X-CUBE-IPS 3.1.0
2025-10-25 08:16:57,073 [INFO] ThirdParty:1030 - CMSIS Pack Vendor :STMicroelectronics X-CUBE-ALS 1.0.2
2025-10-25 08:16:57,073 [INFO] ThirdParty:1030 - CMSIS Pack Vendor :emotas I-CUBE-CANOPEN 1.3.0
2025-10-25 08:16:57,073 [INFO] ThirdParty:1030 - CMSIS Pack Vendor :STMicroelectronics MBEDTLS 2.14.1
2025-10-25 08:16:57,073 [INFO] ThirdParty:1030 - CMSIS Pack Vendor :ITTIA_DB I-CUBE-ITTIADB 8.9.0
2025-10-25 08:16:57,073 [INFO] ThirdParty:1030 - CMSIS Pack Vendor :STMicroelectronics X-CUBE-TOUCHGFX 4.26.0
2025-10-25 08:16:57,073 [INFO] ThirdParty:1030 - CMSIS Pack Vendor :STMicroelectronics X-CUBE-STSE01 1.0.0
2025-10-25 08:16:57,073 [INFO] ThirdParty:1030 - CMSIS Pack Vendor :STMicroelectronics X-CUBE-ST67W61 1.0.0
2025-10-25 08:16:57,073 [INFO] ThirdParty:1030 - CMSIS Pack Vendor :STMicroelectronics FP-SNS-STBOX1 2.1.0
2025-10-25 08:16:57,073 [INFO] ThirdParty:1030 - CMSIS Pack Vendor :STMicroelectronics X-CUBE-AI 10.2.0
2025-10-25 08:16:57,073 [INFO] ThirdParty:1030 - CMSIS Pack Vendor :STMicroelectronics FP-SNS-STAIOTCFT 1.0.0
2025-10-25 08:16:57,073 [INFO] ThirdParty:1030 - CMSIS Pack Vendor :STMicroelectronics ThreadX 1.0.0
2025-10-25 08:16:57,073 [INFO] ThirdParty:1030 - CMSIS Pack Vendor :STMicroelectronics FP-SNS-SMARTAG2 1.2.0
2025-10-25 08:16:57,073 [INFO] ThirdParty:1030 - CMSIS Pack Vendor :STMicroelectronics FP-SNS-FLIGHT1 5.1.0
2025-10-25 08:16:57,073 [INFO] ThirdParty:1030 - CMSIS Pack Vendor :STMicroelectronics X-CUBE-AZRTOS-WL 2.0.0
2025-10-25 08:16:57,073 [INFO] ThirdParty:1030 - CMSIS Pack Vendor :SEGGER I-CUBE-embOS 1.3.1
2025-10-25 08:16:57,073 [INFO] ThirdParty:1030 - CMSIS Pack Vendor :STMicroelectronics X-CUBE-ALGOBUILD 1.4.0
2025-10-25 08:16:57,073 [INFO] ThirdParty:1030 - CMSIS Pack Vendor :STMicroelectronics X-CUBE-DPower 1.3.0
2025-10-25 08:16:57,073 [INFO] ThirdParty:1030 - CMSIS Pack Vendor :STMicroelectronics X-CUBE-MEMS1 11.3.0
2025-10-25 08:16:57,073 [INFO] ThirdParty:1030 - CMSIS Pack Vendor :STMicroelectronics FP-SNS-MOTENV1 5.0.0
2025-10-25 08:16:57,073 [INFO] ThirdParty:1030 - CMSIS Pack Vendor :STMicroelectronics USB_DEVICE 1.0.0
2025-10-25 08:16:57,073 [INFO] ThirdParty:1030 - CMSIS Pack Vendor :STMicroelectronics X-CUBE-AZRTOS-L4 2.0.0
2025-10-25 08:16:57,073 [INFO] ThirdParty:1030 - CMSIS Pack Vendor :STMicroelectronics ThreadX 0.0.2
2025-10-25 08:16:57,073 [INFO] ThirdParty:1030 - CMSIS Pack Vendor :STMicroelectronics lwIP 2.1.2
2025-10-25 08:16:57,073 [INFO] ThirdParty:1030 - CMSIS Pack Vendor :STMicroelectronics X-CUBE-SFXS2LP1 4.0.0
2025-10-25 08:16:57,073 [INFO] ThirdParty:1030 - CMSIS Pack Vendor :STMicroelectronics X-CUBE-BLE2 3.3.0
2025-10-25 08:16:57,073 [INFO] ThirdParty:1030 - CMSIS Pack Vendor :STMicroelectronics X-CUBE-TOF1 3.4.3
2025-10-25 08:16:57,073 [INFO] ThirdParty:1030 - CMSIS Pack Vendor :STMicroelectronics PDM2PCM 3.2.0
2025-10-25 08:16:57,073 [INFO] ThirdParty:841 - exiting critical section [change project]
2025-10-25 08:16:57,214 [INFO] PinOutPanel:1589 - setPackage(No Configuration,No Configuration)
2025-10-25 08:16:57,215 [INFO] PinOutPanel:1589 - setPackage(STM32L476RGTx,LQFP64)
2025-10-25 08:16:57,442 [INFO] UtilMem:75 - Before build in PCC Used Memory: 812722456 Bytes (1073741824)
2025-10-25 08:16:57,592 [INFO] UtilMem:75 - After build in PCC Used Memory: 892414232 Bytes (1073741824)
2025-10-25 08:16:57,613 [INFO] IPUIPlugin:80 - create IPUIPlugin
2025-10-25 08:16:57,613 [INFO] IPUIPlugin:80 - create IPUIPlugin
2025-10-25 08:16:57,613 [INFO] IPUIPlugin:80 - create IPUIPlugin
2025-10-25 08:16:57,613 [INFO] IPUIPlugin:80 - create IPUIPlugin
2025-10-25 08:16:57,613 [INFO] IPUIPlugin:80 - create IPUIPlugin
2025-10-25 08:16:57,613 [INFO] IPUIPlugin:80 - create IPUIPlugin
2025-10-25 08:16:57,613 [INFO] IPUIPlugin:80 - create IPUIPlugin
2025-10-25 08:16:57,613 [INFO] IPUIPlugin:80 - create IPUIPlugin
2025-10-25 08:16:57,613 [INFO] IPUIPlugin:80 - create IPUIPlugin
2025-10-25 08:16:57,613 [INFO] IPUIPlugin:80 - create IPUIPlugin
2025-10-25 08:16:57,613 [INFO] IPUIPlugin:80 - create IPUIPlugin
2025-10-25 08:16:57,613 [INFO] IPUIPlugin:80 - create IPUIPlugin
2025-10-25 08:16:57,613 [INFO] IPUIPlugin:80 - create IPUIPlugin
2025-10-25 08:16:57,613 [INFO] IPUIPlugin:80 - create IPUIPlugin
2025-10-25 08:16:57,613 [INFO] IPUIPlugin:80 - create IPUIPlugin
2025-10-25 08:16:57,614 [INFO] IPUIPlugin:80 - create IPUIPlugin
2025-10-25 08:16:57,614 [INFO] IPUIPlugin:80 - create IPUIPlugin
2025-10-25 08:16:57,614 [INFO] IPUIPlugin:80 - create IPUIPlugin
2025-10-25 08:16:57,614 [INFO] IPUIPlugin:80 - create IPUIPlugin
2025-10-25 08:16:57,614 [INFO] IPUIPlugin:80 - create IPUIPlugin
2025-10-25 08:16:57,614 [INFO] IPUIPlugin:80 - create IPUIPlugin
2025-10-25 08:16:57,614 [INFO] IPUIPlugin:80 - create IPUIPlugin
2025-10-25 08:16:57,614 [INFO] IPUIPlugin:80 - create IPUIPlugin
2025-10-25 08:16:57,615 [INFO] IPUIPlugin:80 - create IPUIPlugin
2025-10-25 08:16:57,615 [INFO] IPUIPlugin:80 - create IPUIPlugin
2025-10-25 08:16:57,615 [INFO] IPUIPlugin:80 - create IPUIPlugin
2025-10-25 08:16:57,615 [INFO] IPUIPlugin:80 - create IPUIPlugin
2025-10-25 08:16:57,615 [INFO] IPUIPlugin:80 - create IPUIPlugin
2025-10-25 08:16:57,615 [INFO] IPUIPlugin:80 - create IPUIPlugin
2025-10-25 08:16:57,615 [INFO] IPUIPlugin:80 - create IPUIPlugin
2025-10-25 08:16:57,615 [INFO] IPUIPlugin:80 - create IPUIPlugin
2025-10-25 08:16:57,616 [INFO] IPUIPlugin:80 - create IPUIPlugin
2025-10-25 08:16:57,616 [INFO] IPUIPlugin:80 - create IPUIPlugin
2025-10-25 08:16:57,616 [INFO] IPUIPlugin:80 - create IPUIPlugin
2025-10-25 08:16:57,616 [INFO] IPUIPlugin:80 - create IPUIPlugin
2025-10-25 08:16:57,616 [INFO] IPUIPlugin:80 - create IPUIPlugin
2025-10-25 08:16:57,616 [INFO] IPUIPlugin:80 - create IPUIPlugin
2025-10-25 08:16:57,617 [INFO] IPUIPlugin:80 - create IPUIPlugin
2025-10-25 08:16:57,617 [INFO] IPUIPlugin:80 - create IPUIPlugin
2025-10-25 08:16:57,617 [INFO] IPUIPlugin:80 - create IPUIPlugin
2025-10-25 08:16:57,617 [INFO] IPUIPlugin:80 - create IPUIPlugin
2025-10-25 08:16:57,617 [INFO] IPUIPlugin:80 - create IPUIPlugin
2025-10-25 08:16:57,617 [INFO] IPUIPlugin:80 - create IPUIPlugin
2025-10-25 08:16:57,618 [INFO] IPUIPlugin:80 - create IPUIPlugin
2025-10-25 08:16:57,618 [INFO] IPUIPlugin:80 - create IPUIPlugin
2025-10-25 08:16:57,618 [INFO] IPUIPlugin:80 - create IPUIPlugin
2025-10-25 08:16:57,618 [INFO] IPUIPlugin:80 - create IPUIPlugin
2025-10-25 08:16:57,618 [INFO] IPUIPlugin:80 - create IPUIPlugin
2025-10-25 08:16:57,619 [INFO] IPUIPlugin:80 - create IPUIPlugin
2025-10-25 08:16:57,619 [INFO] IPUIPlugin:80 - create IPUIPlugin
2025-10-25 08:16:57,619 [INFO] IPUIPlugin:80 - create IPUIPlugin
2025-10-25 08:16:57,619 [INFO] IPUIPlugin:80 - create IPUIPlugin
2025-10-25 08:16:57,620 [INFO] IPUIPlugin:80 - create IPUIPlugin
2025-10-25 08:16:57,620 [INFO] IPUIPlugin:80 - create IPUIPlugin
2025-10-25 08:16:57,620 [INFO] IPUIPlugin:80 - create IPUIPlugin
2025-10-25 08:16:57,620 [INFO] IPUIPlugin:80 - create IPUIPlugin
2025-10-25 08:16:57,621 [INFO] IPUIPlugin:80 - create IPUIPlugin
2025-10-25 08:16:57,621 [INFO] IPUIPlugin:80 - create IPUIPlugin
2025-10-25 08:16:57,621 [INFO] IPUIPlugin:80 - create IPUIPlugin
2025-10-25 08:16:57,661 [INFO] CADModel:165 - CPN selected for project levelSTM32L476RGT3
2025-10-25 08:16:57,661 [INFO] CADModel:114 - Register for checkConnection events
2025-10-25 08:16:57,720 [INFO] OpenFileManager:386 - Restore cursor
2025-10-25 13:29:58,096 [INFO] MainUpdater:2872 - connection check result : 10
2025-10-25 13:29:58,096 [INFO] MainUpdater:2872 - connection check result : 10
2025-10-25 13:29:58,197 [INFO] MicroXplorer:468 - Change Database Path : 
2025-10-25 13:29:58,197 [INFO] MicroXplorer:498 - Change Database Version : DB.6.0.150
2025-10-25 13:29:58,260 [ERROR] ProjectManagerView:395 - 
java.lang.NullPointerException: Cannot invoke "javax.swing.JTextField.getText()" because the return value of "java.util.List.get(int)" is null
	at com.st.microxplorer.plugins.projectmanager.gui.ProjectChoiceTab$9.caretUpdate(ProjectChoiceTab.java:2706) ~[filemanager.jar:?]
	at javax.swing.text.JTextComponent.fireCaretUpdate(JTextComponent.java:408) ~[?:?]
	at javax.swing.text.JTextComponent$MutableCaretEvent.fire(JTextComponent.java:4484) ~[?:?]
	at javax.swing.text.JTextComponent$MutableCaretEvent.stateChanged(JTextComponent.java:4506) ~[?:?]
	at javax.swing.text.DefaultCaret.fireStateChanged(DefaultCaret.java:857) ~[?:?]
	at javax.swing.text.DefaultCaret.changeCaretPosition(DefaultCaret.java:1343) ~[?:?]
	at javax.swing.text.DefaultCaret.handleSetDot(DefaultCaret.java:1242) ~[?:?]
	at javax.swing.text.DefaultCaret.setDot(DefaultCaret.java:1223) ~[?:?]
	at javax.swing.text.DefaultCaret$Handler.insertUpdate(DefaultCaret.java:1819) ~[?:?]
	at javax.swing.text.AbstractDocument.fireInsertUpdate(AbstractDocument.java:227) ~[?:?]
	at javax.swing.text.AbstractDocument.handleInsertString(AbstractDocument.java:781) ~[?:?]
	at javax.swing.text.AbstractDocument.insertString(AbstractDocument.java:740) ~[?:?]
	at javax.swing.text.PlainDocument.insertString(PlainDocument.java:131) ~[?:?]
	at javax.swing.text.AbstractDocument.replace(AbstractDocument.java:699) ~[?:?]
	at javax.swing.text.JTextComponent.setText(JTextComponent.java:1725) ~[?:?]
	at com.st.microxplorer.plugins.projectmanager.gui.ProjectChoiceTab.createHeapStackFields(ProjectChoiceTab.java:993) ~[filemanager.jar:?]
	at com.st.microxplorer.plugins.projectmanager.gui.ProjectChoiceTab.buildLinkSettingsPanel(ProjectChoiceTab.java:3813) ~[filemanager.jar:?]
	at com.st.microxplorer.plugins.projectmanager.gui.ProjectChoiceTab.defineWindowsFields(ProjectChoiceTab.java:1987) ~[filemanager.jar:?]
	at com.st.microxplorer.plugins.projectmanager.gui.ProjectChoiceTab.updateSettings(ProjectChoiceTab.java:558) ~[filemanager.jar:?]
	at com.st.microxplorer.plugins.projectmanager.gui.ProjectSettingsPanel.UpdateDialog(ProjectSettingsPanel.java:247) ~[filemanager.jar:?]
	at com.st.microxplorer.plugins.projectmanager.ProjectManagerView.propertyChange(ProjectManagerView.java:392) ~[filemanager.jar:?]
	at java.beans.PropertyChangeSupport.fire(PropertyChangeSupport.java:343) ~[?:?]
	at java.beans.PropertyChangeSupport.firePropertyChange(PropertyChangeSupport.java:335) ~[?:?]
	at java.beans.PropertyChangeSupport.firePropertyChange(PropertyChangeSupport.java:268) ~[?:?]
	at com.st.microxplorer.util.MXPropertyChangeSupport.firePropertyChange(MXPropertyChangeSupport.java:54) ~[STM32CubeMX.jar:?]
	at com.st.microxplorer.mxsystem.MxSystem.closeConfig(MxSystem.java:899) ~[STM32CubeMX.jar:?]
	at com.st.microxplorer.maingui.MainPanel.closeConfig(MainPanel.java:792) ~[STM32CubeMX.jar:?]
	at com.st.microxplorer.plugins.filemanager.engine.OpenFileManager.loadConfigurationFile(OpenFileManager.java:288) ~[filemanager.jar:?]
	at com.st.microxplorer.plugins.filemanager.engine.MainFileManager.userLoadConfig(MainFileManager.java:364) ~[filemanager.jar:?]
	at com.st.microxplorer.plugins.filemanager.engine.MainFileManager.userLoadConfig(MainFileManager.java:342) ~[filemanager.jar:?]
	at com.st.microxplorer.plugins.filemanager.FileManagerView.getSpecificTask(FileManagerView.java:264) ~[filemanager.jar:?]
	at com.st.stm32cube.common.mx.editor.CubeMxEditor.getMxTabbedPaneInstance(CubeMxEditor.java:1198) ~[com.st.stm32cube.common.mx_6.15.0.202507011659/:?]
	at com.st.stm32cube.common.mx.editor.CubeMxEditor$12$1.createSwingComponent(CubeMxEditor.java:1068) ~[com.st.stm32cube.common.mx_6.15.0.202507011659/:?]
	at com.st.stm32cube.common.mx.oss.core.awtswtbridge.EmbeddedSwingComposite.doComponentCreation(EmbeddedSwingComposite.java:492) ~[com.st.stm32cube.common.mx.oss_6.15.0.202507011659/:?]
	at com.st.stm32cube.common.mx.oss.core.awtswtbridge.EmbeddedSwingComposite$4.run(EmbeddedSwingComposite.java:291) ~[com.st.stm32cube.common.mx.oss_6.15.0.202507011659/:?]
	at com.st.stm32cube.common.mx.oss.core.awtswtbridge.AwtEnvironment$2.run(AwtEnvironment.java:166) ~[com.st.stm32cube.common.mx.oss_6.15.0.202507011659/:?]
	at java.awt.event.InvocationEvent.dispatch(InvocationEvent.java:318) ~[?:?]
	at java.awt.EventQueue.dispatchEventImpl(EventQueue.java:773) ~[?:?]
	at java.awt.EventQueue$4.run(EventQueue.java:720) ~[?:?]
	at java.awt.EventQueue$4.run(EventQueue.java:714) ~[?:?]
	at java.security.AccessController.doPrivileged(AccessController.java:400) ~[?:?]
	at java.security.ProtectionDomain$JavaSecurityAccessImpl.doIntersectionPrivilege(ProtectionDomain.java:87) ~[?:?]
	at java.awt.EventQueue.dispatchEvent(EventQueue.java:742) ~[?:?]
	at java.awt.EventDispatchThread.pumpOneEventForFilters(EventDispatchThread.java:203) ~[?:?]
	at java.awt.EventDispatchThread.pumpEventsForFilter(EventDispatchThread.java:124) ~[?:?]
	at java.awt.EventDispatchThread.pumpEventsForHierarchy(EventDispatchThread.java:113) ~[?:?]
	at java.awt.EventDispatchThread.pumpEvents(EventDispatchThread.java:109) ~[?:?]
	at java.awt.EventDispatchThread.pumpEvents(EventDispatchThread.java:101) ~[?:?]
	at java.awt.EventDispatchThread.run(EventDispatchThread.java:90) ~[?:?]
2025-10-25 13:29:58,264 [WARN] ThirdParty:871 - waiting for thirdparty lock release [close project]
2025-10-25 13:29:58,264 [INFO] ThirdParty:873 - entering critical section [close project]
2025-10-25 13:29:58,264 [INFO] ThirdParty:883 - exiting critical section [close project]
2025-10-25 13:29:58,268 [INFO] PinOutPanel:1589 - setPackage(No Configuration,No Configuration)
2025-10-25 13:29:58,284 [INFO] UtilMem:75 - Begin LoadConfig() Used Memory: 362155336 Bytes (1003487232)
2025-10-25 13:29:58,285 [INFO] MicroXplorer:468 - Change Database Path : 
2025-10-25 13:29:58,285 [INFO] MicroXplorer:498 - Change Database Version : DB.6.0.150
2025-10-25 13:29:58,285 [INFO] OpenFileManager:355 - Change cursor
2025-10-25 13:29:58,307 [INFO] Mcu:2029 - Initializing MCU STM32L476R(C-E-G)Tx STM32L476RGTx STM32L476RGT3
2025-10-25 13:30:00,337 [INFO] Context:786 - Trying to add GPIOservice into a context  which must be forbidden
2025-10-25 13:30:01,086 [INFO] ImportTextPane:234 - (OptionalMessage_ERROR) Pin9 (VP_RIF_VS_RIF1) cannot be retrieved for this MCU
2025-10-25 13:30:01,149 [INFO] RtosManager:558 - Registered RTOS mode: class=CMSIS, group=RTOS, mode=CMSIS_V1, owner=FREERTOS
2025-10-25 13:30:01,149 [INFO] RtosManager:558 - Registered RTOS mode: class=CMSIS, group=RTOS2, mode=CMSIS_V2, owner=FREERTOS
2025-10-25 13:30:01,149 [INFO] RtosManager:558 - Registered RTOS mode: class=RTOS, group=Core, mode=CMSIS_V1, owner=FREERTOS
2025-10-25 13:30:01,150 [INFO] RtosManager:558 - Registered RTOS mode: class=RTOS, group=Core, mode=CMSIS_V2, owner=FREERTOS
2025-10-25 13:30:01,150 [WARN] ModelIntegratedComponent:184 - Missing modes for component STMicroelectronics:FreeRTOS:0.0.1:STMicroelectronics:RTOS:FreeRTOS:Core:::10.2.0:
2025-10-25 13:30:01,176 [WARN] ModelIntegratedComponent:63 - No mode defined for component null
2025-10-25 13:30:01,176 [WARN] ModelIntegratedComponent:63 - No mode defined for component null
2025-10-25 13:30:01,176 [WARN] ModelIntegratedComponent:63 - No mode defined for component null
2025-10-25 13:30:01,177 [WARN] ModelIntegratedComponent:63 - No mode defined for component null
2025-10-25 13:30:01,177 [WARN] ModelIntegratedComponent:63 - No mode defined for component null
2025-10-25 13:30:01,177 [WARN] ModelIntegratedComponent:63 - No mode defined for component null
2025-10-25 13:30:01,177 [WARN] ModelIntegratedComponent:63 - No mode defined for component null
2025-10-25 13:30:01,177 [WARN] ModelIntegratedComponent:63 - No mode defined for component null
2025-10-25 13:30:01,177 [WARN] ModelIntegratedComponent:63 - No mode defined for component null
2025-10-25 13:30:01,177 [WARN] ModelIntegratedComponent:63 - No mode defined for component null
2025-10-25 13:30:01,177 [WARN] ModelIntegratedComponent:63 - No mode defined for component null
2025-10-25 13:30:01,177 [WARN] ModelIntegratedComponent:63 - No mode defined for component null
2025-10-25 13:30:01,178 [WARN] ModelIntegratedComponent:63 - No mode defined for component null
2025-10-25 13:30:01,178 [WARN] ModelIntegratedComponent:63 - No mode defined for component null
2025-10-25 13:30:01,178 [WARN] ModelIntegratedComponent:63 - No mode defined for component null
2025-10-25 13:30:01,178 [WARN] ModelIntegratedComponent:63 - No mode defined for component null
2025-10-25 13:30:01,178 [WARN] ModelIntegratedComponent:63 - No mode defined for component null
2025-10-25 13:30:01,178 [WARN] ModelIntegratedComponent:63 - No mode defined for component null
2025-10-25 13:30:01,178 [WARN] ModelIntegratedComponent:63 - No mode defined for component null
2025-10-25 13:30:01,178 [WARN] ModelIntegratedComponent:63 - No mode defined for component null
2025-10-25 13:30:01,178 [WARN] ModelIntegratedComponent:63 - No mode defined for component null
2025-10-25 13:30:01,178 [WARN] ModelIntegratedComponent:63 - No mode defined for component null
2025-10-25 13:30:01,178 [WARN] ModelIntegratedComponent:63 - No mode defined for component null
2025-10-25 13:30:01,179 [WARN] ModelIntegratedComponent:63 - No mode defined for component null
2025-10-25 13:30:01,179 [WARN] ModelIntegratedComponent:63 - No mode defined for component null
2025-10-25 13:30:01,179 [WARN] ModelIntegratedComponent:63 - No mode defined for component null
2025-10-25 13:30:01,179 [WARN] ModelIntegratedComponent:63 - No mode defined for component null
2025-10-25 13:30:01,179 [WARN] ModelIntegratedComponent:63 - No mode defined for component null
2025-10-25 13:30:01,179 [WARN] ModelIntegratedComponent:63 - No mode defined for component null
2025-10-25 13:30:01,179 [WARN] ModelIntegratedComponent:63 - No mode defined for component null
2025-10-25 13:30:01,179 [WARN] ModelIntegratedComponent:63 - No mode defined for component null
2025-10-25 13:30:01,179 [WARN] ModelIntegratedComponent:63 - No mode defined for component null
2025-10-25 13:30:01,179 [WARN] ModelIntegratedComponent:63 - No mode defined for component null
2025-10-25 13:30:01,179 [WARN] ModelIntegratedComponent:63 - No mode defined for component null
2025-10-25 13:30:01,179 [WARN] ModelIntegratedComponent:63 - No mode defined for component null
2025-10-25 13:30:01,179 [WARN] ModelPack:524 - Component already loaded: STMicroelectronics:HAL Drivers:0.0.0:STMicroelectronics:Device:STMicro_Driver:XSPI:HAL::0.0.1:HAL_XSPI
2025-10-25 13:30:01,426 [INFO] ThirdPartyModel:298 - Start build external matchings
2025-10-25 13:30:01,829 [INFO] ThirdPartyModel:316 - End build external matchings
2025-10-25 13:30:01,840 [INFO] ImportTextPane:234 - (OptionalMessage_ERROR) IP (ADC1) : Parameter (CommonPathInternal) has invalid value (null|null|null|null)
2025-10-25 13:30:02,202 [INFO] UtilMem:75 - End LoadConfig() Used Memory: 791528824 Bytes (1003487232)
2025-10-25 13:30:02,231 [WARN] ThirdParty:833 - waiting for thirdparty lock release [change project]
2025-10-25 13:30:02,231 [INFO] ThirdParty:835 - entering critical section [change project]
2025-10-25 13:30:02,231 [INFO] ThirdParty:1030 - CMSIS Pack Vendor :STMicroelectronics X-CUBE-PM33A1 1.0.0
2025-10-25 13:30:02,231 [INFO] ThirdParty:1030 - CMSIS Pack Vendor :STMicroelectronics USBPD 4.1
2025-10-25 13:30:02,231 [INFO] ThirdParty:1030 - CMSIS Pack Vendor :STMicroelectronics X-CUBE-NFC9 1.0.0
2025-10-25 13:30:02,231 [INFO] ThirdParty:1030 - CMSIS Pack Vendor :STMicroelectronics USB_HOST 2.0.0
2025-10-25 13:30:02,232 [INFO] ThirdParty:1030 - CMSIS Pack Vendor :STMicroelectronics FP-SNS-MOTENVWB1 1.4.0
2025-10-25 13:30:02,232 [INFO] ThirdParty:1030 - CMSIS Pack Vendor :STMicroelectronics X-CUBE-AZRTOS-F4 1.1.0
2025-10-25 13:30:02,232 [INFO] ThirdParty:1030 - CMSIS Pack Vendor :STMicroelectronics LIBJPEG 8.0.0
2025-10-25 13:30:02,232 [INFO] ThirdParty:1030 - CMSIS Pack Vendor :STMicroelectronics FP-ATR-ASTRA1 2.0.2
2025-10-25 13:30:02,232 [INFO] ThirdParty:1030 - CMSIS Pack Vendor :wolfSSL I-CUBE-wolfSSL 5.8.2
2025-10-25 13:30:02,232 [INFO] ThirdParty:1030 - CMSIS Pack Vendor :STMicroelectronics X-CUBE-BLE1 7.1.0
2025-10-25 13:30:02,232 [INFO] ThirdParty:1030 - CMSIS Pack Vendor :Avnet-IotConnect X-CUBE-IoTC-DA16k-PMOD 1.0.0
2025-10-25 13:30:02,232 [INFO] ThirdParty:1030 - CMSIS Pack Vendor :STMicroelectronics X-CUBE-SMBUS 2.1.0
2025-10-25 13:30:02,232 [INFO] ThirdParty:1030 - CMSIS Pack Vendor :wolfSSL I-CUBE-wolfMQTT 1.19.2
2025-10-25 13:30:02,232 [INFO] ThirdParty:1030 - CMSIS Pack Vendor :STMicroelectronics USB_DEVICE 3.0.0
2025-10-25 13:30:02,232 [INFO] ThirdParty:1030 - CMSIS Pack Vendor :STMicroelectronics X-CUBE-ISPU 2.1.0
2025-10-25 13:30:02,232 [INFO] ThirdParty:1030 - CMSIS Pack Vendor :STMicroelectronics X-CUBE-EEPRMA1 5.2.0
2025-10-25 13:30:02,232 [INFO] ThirdParty:1030 - CMSIS Pack Vendor :STMicroelectronics X-CUBE-IPS 3.2.0
2025-10-25 13:30:02,232 [INFO] ThirdParty:1030 - CMSIS Pack Vendor :STMicroelectronics X-CUBE-BLEMGR 4.1.0
2025-10-25 13:30:02,232 [INFO] ThirdParty:1030 - CMSIS Pack Vendor :STMicroelectronics X-CUBE-AZRTOS-WB 2.0.0
2025-10-25 13:30:02,232 [INFO] ThirdParty:1030 - CMSIS Pack Vendor :STMicroelectronics X-CUBE-ST60 1.0.0
2025-10-25 13:30:02,233 [INFO] ThirdParty:1030 - CMSIS Pack Vendor :STMicroelectronics X-CUBE-GNSS1 7.0.1
2025-10-25 13:30:02,233 [INFO] ThirdParty:1030 - CMSIS Pack Vendor :STMicroelectronics X-CUBE-NFC12 1.0.0
2025-10-25 13:30:02,233 [INFO] ThirdParty:1030 - CMSIS Pack Vendor :STMicroelectronics X-CUBE-AZRTOS-F7 1.1.0
2025-10-25 13:30:02,233 [INFO] ThirdParty:1030 - CMSIS Pack Vendor :STMicroelectronics X-CUBE-AZRTOS-L5 2.0.0
2025-10-25 13:30:02,233 [INFO] ThirdParty:1030 - CMSIS Pack Vendor :STMicroelectronics X-CUBE-TOUCHGFX 4.25.0
2025-10-25 13:30:02,233 [INFO] ThirdParty:1030 - CMSIS Pack Vendor :STMicroelectronics USB_DEVICE 2.0.0
2025-10-25 13:30:02,233 [INFO] ThirdParty:1030 - CMSIS Pack Vendor :STMicroelectronics X-CUBE-NFC6 3.1.0
2025-10-25 13:30:02,233 [INFO] ThirdParty:1030 - CMSIS Pack Vendor :STMicroelectronics X-CUBE-ST67W61 1.1.0
2025-10-25 13:30:02,233 [INFO] ThirdParty:1030 - CMSIS Pack Vendor :quantropi X-CUBE-qispace-sdk-base 2.1.0
2025-10-25 13:30:02,233 [INFO] ThirdParty:1030 - CMSIS Pack Vendor :STMicroelectronics FreeRTOS 0.0.1
2025-10-25 13:30:02,233 [INFO] ThirdParty:1030 - CMSIS Pack Vendor :STMicroelectronics X-CUBE-AZRTOS-G0 1.1.0
2025-10-25 13:30:02,233 [INFO] ThirdParty:1030 - CMSIS Pack Vendor :STMicroelectronics X-CUBE-SAFEA1 1.2.2
2025-10-25 13:30:02,233 [INFO] ThirdParty:1030 - CMSIS Pack Vendor :STMicroelectronics X-CUBE-NFC4 3.0.0
2025-10-25 13:30:02,233 [INFO] ThirdParty:1030 - CMSIS Pack Vendor :STMicroelectronics X-CUBE-SUBG2 5.0.0
2025-10-25 13:30:02,233 [INFO] ThirdParty:1030 - CMSIS Pack Vendor :STMicroelectronics X-CUBE-AZRTOS-H7RS 1.1.0
2025-10-25 13:30:02,233 [INFO] ThirdParty:1030 - CMSIS Pack Vendor :STMicroelectronics STM32_WPAN 1.0.0
2025-10-25 13:30:02,233 [INFO] ThirdParty:1030 - CMSIS Pack Vendor :EmbeddedOffice I-CUBE-FS-RTOS 1.0.1
2025-10-25 13:30:02,234 [INFO] ThirdParty:1030 - CMSIS Pack Vendor :STMicroelectronics lwIP 2.0.3
2025-10-25 13:30:02,234 [INFO] ThirdParty:1030 - CMSIS Pack Vendor :WES I-CUBE-Cesium 1.4.0
2025-10-25 13:30:02,234 [INFO] ThirdParty:1030 - CMSIS Pack Vendor :Cesanta I-CUBE-Mongoose 7.13.0
2025-10-25 13:30:02,234 [INFO] ThirdParty:1030 - CMSIS Pack Vendor :STMicroelectronics USB_HOST 1.0.0
2025-10-25 13:30:02,234 [INFO] ThirdParty:1030 - CMSIS Pack Vendor :Infineon AIROC-Wi-Fi-Bluetooth-STM32 1.7.1
2025-10-25 13:30:02,234 [INFO] ThirdParty:1030 - CMSIS Pack Vendor :STMicroelectronics X-CUBE-AZRTOS-G4 2.0.0
2025-10-25 13:30:02,234 [INFO] ThirdParty:1030 - CMSIS Pack Vendor :STMicroelectronics X-CUBE-WB05N 2.0.0
2025-10-25 13:30:02,234 [INFO] ThirdParty:1030 - CMSIS Pack Vendor :STMicroelectronics PDM2PCM 3.1.0
2025-10-25 13:30:02,234 [INFO] ThirdParty:1030 - CMSIS Pack Vendor :STMicroelectronics PDM2PCM 3.3.0
2025-10-25 13:30:02,234 [INFO] ThirdParty:1030 - CMSIS Pack Vendor :wolfSSL I-CUBE-wolfTPM 3.8.0
2025-10-25 13:30:02,234 [INFO] ThirdParty:1030 - CMSIS Pack Vendor :STMicroelectronics X-CUBE-AZRTOS-H7 3.4.0
2025-10-25 13:30:02,234 [INFO] ThirdParty:1030 - CMSIS Pack Vendor :STMicroelectronics X-CUBE-DISPLAY 3.0.0
2025-10-25 13:30:02,235 [INFO] ThirdParty:1030 - CMSIS Pack Vendor :wolfSSL I-CUBE-wolfSSH 1.4.20
2025-10-25 13:30:02,235 [INFO] ThirdParty:1030 - CMSIS Pack Vendor :STMicroelectronics X-CUBE-NFC7 2.0.0
2025-10-25 13:30:02,235 [INFO] ThirdParty:1030 - CMSIS Pack Vendor :STMicroelectronics X-CUBE-TCPP 4.2.0
2025-10-25 13:30:02,235 [INFO] ThirdParty:1030 - CMSIS Pack Vendor :RealThread X-CUBE-RT-Thread_Nano 4.1.1
2025-10-25 13:30:02,235 [INFO] ThirdParty:1030 - CMSIS Pack Vendor :STMicroelectronics FP-ATR-SIGFOX1 3.2.0
2025-10-25 13:30:02,235 [INFO] ThirdParty:1030 - CMSIS Pack Vendor :STMicroelectronics X-CUBE-NFC10 1.0.0
2025-10-25 13:30:02,235 [INFO] ThirdParty:1030 - CMSIS Pack Vendor :STMicroelectronics X-CUBE-FREERTOS 1.3.1
2025-10-25 13:30:02,235 [INFO] ThirdParty:1030 - CMSIS Pack Vendor :STMicroelectronics HAL Drivers 0.0.0
2025-10-25 13:30:02,235 [INFO] ThirdParty:1030 - CMSIS Pack Vendor :STMicroelectronics MBEDTLS 2.16.2
2025-10-25 13:30:02,235 [INFO] ThirdParty:1030 - CMSIS Pack Vendor :STMicroelectronics X-CUBE-ST60 1.1.0
2025-10-25 13:30:02,235 [INFO] ThirdParty:1030 - CMSIS Pack Vendor :STMicroelectronics X-CUBE-IPS 3.1.0
2025-10-25 13:30:02,235 [INFO] ThirdParty:1030 - CMSIS Pack Vendor :STMicroelectronics X-CUBE-ALS 1.0.2
2025-10-25 13:30:02,235 [INFO] ThirdParty:1030 - CMSIS Pack Vendor :emotas I-CUBE-CANOPEN 1.3.0
2025-10-25 13:30:02,235 [INFO] ThirdParty:1030 - CMSIS Pack Vendor :STMicroelectronics MBEDTLS 2.14.1
2025-10-25 13:30:02,236 [INFO] ThirdParty:1030 - CMSIS Pack Vendor :ITTIA_DB I-CUBE-ITTIADB 8.9.0
2025-10-25 13:30:02,236 [INFO] ThirdParty:1030 - CMSIS Pack Vendor :STMicroelectronics X-CUBE-TOUCHGFX 4.26.0
2025-10-25 13:30:02,236 [INFO] ThirdParty:1030 - CMSIS Pack Vendor :STMicroelectronics X-CUBE-STSE01 1.0.0
2025-10-25 13:30:02,236 [INFO] ThirdParty:1030 - CMSIS Pack Vendor :STMicroelectronics X-CUBE-ST67W61 1.0.0
2025-10-25 13:30:02,236 [INFO] ThirdParty:1030 - CMSIS Pack Vendor :STMicroelectronics FP-SNS-STBOX1 2.1.0
2025-10-25 13:30:02,236 [INFO] ThirdParty:1030 - CMSIS Pack Vendor :STMicroelectronics X-CUBE-AI 10.2.0
2025-10-25 13:30:02,236 [INFO] ThirdParty:1030 - CMSIS Pack Vendor :STMicroelectronics FP-SNS-STAIOTCFT 1.0.0
2025-10-25 13:30:02,236 [INFO] ThirdParty:1030 - CMSIS Pack Vendor :STMicroelectronics ThreadX 1.0.0
2025-10-25 13:30:02,236 [INFO] ThirdParty:1030 - CMSIS Pack Vendor :STMicroelectronics FP-SNS-SMARTAG2 1.2.0
2025-10-25 13:30:02,236 [INFO] ThirdParty:1030 - CMSIS Pack Vendor :STMicroelectronics FP-SNS-FLIGHT1 5.1.0
2025-10-25 13:30:02,236 [INFO] ThirdParty:1030 - CMSIS Pack Vendor :STMicroelectronics X-CUBE-AZRTOS-WL 2.0.0
2025-10-25 13:30:02,236 [INFO] ThirdParty:1030 - CMSIS Pack Vendor :SEGGER I-CUBE-embOS 1.3.1
2025-10-25 13:30:02,236 [INFO] ThirdParty:1030 - CMSIS Pack Vendor :STMicroelectronics X-CUBE-ALGOBUILD 1.4.0
2025-10-25 13:30:02,236 [INFO] ThirdParty:1030 - CMSIS Pack Vendor :STMicroelectronics X-CUBE-DPower 1.3.0
2025-10-25 13:30:02,236 [INFO] ThirdParty:1030 - CMSIS Pack Vendor :STMicroelectronics X-CUBE-MEMS1 11.3.0
2025-10-25 13:30:02,237 [INFO] ThirdParty:1030 - CMSIS Pack Vendor :STMicroelectronics FP-SNS-MOTENV1 5.0.0
2025-10-25 13:30:02,237 [INFO] ThirdParty:1030 - CMSIS Pack Vendor :STMicroelectronics USB_DEVICE 1.0.0
2025-10-25 13:30:02,237 [INFO] ThirdParty:1030 - CMSIS Pack Vendor :STMicroelectronics X-CUBE-AZRTOS-L4 2.0.0
2025-10-25 13:30:02,237 [INFO] ThirdParty:1030 - CMSIS Pack Vendor :STMicroelectronics ThreadX 0.0.2
2025-10-25 13:30:02,237 [INFO] ThirdParty:1030 - CMSIS Pack Vendor :STMicroelectronics lwIP 2.1.2
2025-10-25 13:30:02,237 [INFO] ThirdParty:1030 - CMSIS Pack Vendor :STMicroelectronics X-CUBE-SFXS2LP1 4.0.0
2025-10-25 13:30:02,237 [INFO] ThirdParty:1030 - CMSIS Pack Vendor :STMicroelectronics X-CUBE-BLE2 3.3.0
2025-10-25 13:30:02,237 [INFO] ThirdParty:1030 - CMSIS Pack Vendor :STMicroelectronics X-CUBE-TOF1 3.4.3
2025-10-25 13:30:02,237 [INFO] ThirdParty:1030 - CMSIS Pack Vendor :STMicroelectronics PDM2PCM 3.2.0
2025-10-25 13:30:02,237 [INFO] ThirdParty:841 - exiting critical section [change project]
2025-10-25 13:30:02,521 [INFO] PinOutPanel:1589 - setPackage(No Configuration,No Configuration)
2025-10-25 13:30:02,522 [INFO] PinOutPanel:1589 - setPackage(STM32L476RGTx,LQFP64)
2025-10-25 13:30:03,026 [INFO] UtilMem:75 - Before build in PCC Used Memory: 574150360 Bytes (1003487232)
2025-10-25 13:30:03,456 [INFO] UtilMem:75 - After build in PCC Used Memory: 661182168 Bytes (1003487232)
2025-10-25 13:30:03,481 [INFO] IPUIPlugin:80 - create IPUIPlugin
2025-10-25 13:30:03,482 [INFO] IPUIPlugin:80 - create IPUIPlugin
2025-10-25 13:30:03,482 [INFO] IPUIPlugin:80 - create IPUIPlugin
2025-10-25 13:30:03,482 [INFO] IPUIPlugin:80 - create IPUIPlugin
2025-10-25 13:30:03,482 [INFO] IPUIPlugin:80 - create IPUIPlugin
2025-10-25 13:30:03,482 [INFO] IPUIPlugin:80 - create IPUIPlugin
2025-10-25 13:30:03,482 [INFO] IPUIPlugin:80 - create IPUIPlugin
2025-10-25 13:30:03,482 [INFO] IPUIPlugin:80 - create IPUIPlugin
2025-10-25 13:30:03,482 [INFO] IPUIPlugin:80 - create IPUIPlugin
2025-10-25 13:30:03,483 [INFO] IPUIPlugin:80 - create IPUIPlugin
2025-10-25 13:30:03,483 [INFO] IPUIPlugin:80 - create IPUIPlugin
2025-10-25 13:30:03,483 [INFO] IPUIPlugin:80 - create IPUIPlugin
2025-10-25 13:30:03,483 [INFO] IPUIPlugin:80 - create IPUIPlugin
2025-10-25 13:30:03,483 [INFO] IPUIPlugin:80 - create IPUIPlugin
2025-10-25 13:30:03,483 [INFO] IPUIPlugin:80 - create IPUIPlugin
2025-10-25 13:30:03,483 [INFO] IPUIPlugin:80 - create IPUIPlugin
2025-10-25 13:30:03,483 [INFO] IPUIPlugin:80 - create IPUIPlugin
2025-10-25 13:30:03,484 [INFO] IPUIPlugin:80 - create IPUIPlugin
2025-10-25 13:30:03,484 [INFO] IPUIPlugin:80 - create IPUIPlugin
2025-10-25 13:30:03,484 [INFO] IPUIPlugin:80 - create IPUIPlugin
2025-10-25 13:30:03,484 [INFO] IPUIPlugin:80 - create IPUIPlugin
2025-10-25 13:30:03,484 [INFO] IPUIPlugin:80 - create IPUIPlugin
2025-10-25 13:30:03,484 [INFO] IPUIPlugin:80 - create IPUIPlugin
2025-10-25 13:30:03,485 [INFO] IPUIPlugin:80 - create IPUIPlugin
2025-10-25 13:30:03,485 [INFO] IPUIPlugin:80 - create IPUIPlugin
2025-10-25 13:30:03,485 [INFO] IPUIPlugin:80 - create IPUIPlugin
2025-10-25 13:30:03,485 [INFO] IPUIPlugin:80 - create IPUIPlugin
2025-10-25 13:30:03,485 [INFO] IPUIPlugin:80 - create IPUIPlugin
2025-10-25 13:30:03,485 [INFO] IPUIPlugin:80 - create IPUIPlugin
2025-10-25 13:30:03,485 [INFO] IPUIPlugin:80 - create IPUIPlugin
2025-10-25 13:30:03,486 [INFO] IPUIPlugin:80 - create IPUIPlugin
2025-10-25 13:30:03,486 [INFO] IPUIPlugin:80 - create IPUIPlugin
2025-10-25 13:30:03,486 [INFO] IPUIPlugin:80 - create IPUIPlugin
2025-10-25 13:30:03,486 [INFO] IPUIPlugin:80 - create IPUIPlugin
2025-10-25 13:30:03,486 [INFO] IPUIPlugin:80 - create IPUIPlugin
2025-10-25 13:30:03,486 [INFO] IPUIPlugin:80 - create IPUIPlugin
2025-10-25 13:30:03,487 [INFO] IPUIPlugin:80 - create IPUIPlugin
2025-10-25 13:30:03,487 [INFO] IPUIPlugin:80 - create IPUIPlugin
2025-10-25 13:30:03,487 [INFO] IPUIPlugin:80 - create IPUIPlugin
2025-10-25 13:30:03,487 [INFO] IPUIPlugin:80 - create IPUIPlugin
2025-10-25 13:30:03,487 [INFO] IPUIPlugin:80 - create IPUIPlugin
2025-10-25 13:30:03,488 [INFO] IPUIPlugin:80 - create IPUIPlugin
2025-10-25 13:30:03,488 [INFO] IPUIPlugin:80 - create IPUIPlugin
2025-10-25 13:30:03,488 [INFO] IPUIPlugin:80 - create IPUIPlugin
2025-10-25 13:30:03,488 [INFO] IPUIPlugin:80 - create IPUIPlugin
2025-10-25 13:30:03,488 [INFO] IPUIPlugin:80 - create IPUIPlugin
2025-10-25 13:30:03,488 [INFO] IPUIPlugin:80 - create IPUIPlugin
2025-10-25 13:30:03,489 [INFO] IPUIPlugin:80 - create IPUIPlugin
2025-10-25 13:30:03,489 [INFO] IPUIPlugin:80 - create IPUIPlugin
2025-10-25 13:30:03,489 [INFO] IPUIPlugin:80 - create IPUIPlugin
2025-10-25 13:30:03,490 [INFO] IPUIPlugin:80 - create IPUIPlugin
2025-10-25 13:30:03,490 [INFO] IPUIPlugin:80 - create IPUIPlugin
2025-10-25 13:30:03,490 [INFO] IPUIPlugin:80 - create IPUIPlugin
2025-10-25 13:30:03,490 [INFO] IPUIPlugin:80 - create IPUIPlugin
2025-10-25 13:30:03,490 [INFO] IPUIPlugin:80 - create IPUIPlugin
2025-10-25 13:30:03,491 [INFO] IPUIPlugin:80 - create IPUIPlugin
2025-10-25 13:30:03,491 [INFO] IPUIPlugin:80 - create IPUIPlugin
2025-10-25 13:30:03,491 [INFO] IPUIPlugin:80 - create IPUIPlugin
2025-10-25 13:30:03,492 [INFO] IPUIPlugin:80 - create IPUIPlugin
2025-10-25 13:30:03,547 [INFO] CADModel:165 - CPN selected for project levelSTM32L476RGT3
2025-10-25 13:30:03,547 [INFO] CADModel:114 - Register for checkConnection events
2025-10-25 13:30:03,619 [INFO] OpenFileManager:386 - Restore cursor
2025-10-25 13:30:15,356 [INFO] ADCParametersView:116 -                Rank 1 : false
2025-10-25 13:30:15,357 [INFO] ADCParametersView:116 -                Rank 1 : false
2025-10-25 13:30:15,357 [INFO] ADCParametersView:116 -                Rank 2 : false
2025-10-25 13:30:15,454 [INFO] ADCParametersView:116 -                Rank 1 : false
2025-10-25 13:30:15,454 [INFO] ADCParametersView:116 -                Rank 2 : false
2025-10-25 13:30:15,454 [INFO] ADCParametersView:116 -                Rank 1 : false
2025-10-25 13:30:15,454 [INFO] ADCParametersView:116 -                Rank 2 : false
2025-10-25 13:30:15,454 [INFO] ADCParametersView:116 -                Rank 1 : false
2025-10-25 13:30:15,454 [INFO] ADCParametersView:116 -                Rank 2 : false
2025-10-25 13:30:15,455 [INFO] ADCParametersView:116 -                Rank 1 : false
2025-10-25 13:30:15,455 [INFO] ADCParametersView:116 -                Rank 2 : false
2025-10-25 13:30:15,455 [INFO] ADCParametersView:116 -                Rank 1 : false
2025-10-25 13:30:15,455 [INFO] ADCParametersView:116 -                Rank 2 : false
2025-10-25 13:30:15,455 [INFO] ADCParametersView:116 -                Rank 1 : false
2025-10-25 13:30:15,455 [INFO] ADCParametersView:116 -                Rank 2 : false
2025-10-25 13:30:15,455 [INFO] ADCParametersView:116 -                Rank 1 : false
2025-10-25 13:30:15,455 [INFO] ADCParametersView:116 -                Rank 2 : false
2025-10-25 13:30:15,455 [INFO] ADCParametersView:116 -                Rank 1 : false
2025-10-25 13:30:15,455 [INFO] ADCParametersView:116 -                Rank 2 : false
2025-10-25 13:30:15,455 [INFO] ADCParametersView:116 -                Rank 1 : false
2025-10-25 13:30:15,456 [INFO] ADCParametersView:116 -                Rank 2 : false
2025-10-25 13:30:15,456 [INFO] ADCParametersView:116 -                Rank 1 : false
2025-10-25 13:30:15,456 [INFO] ADCParametersView:116 -                Rank 2 : false
2025-10-25 13:30:15,456 [INFO] ADCParametersView:116 -                Rank 1 : false
2025-10-25 13:30:15,456 [INFO] ADCParametersView:116 -                Rank 2 : false
2025-10-25 13:30:15,456 [INFO] ADCParametersView:116 -                Rank 1 : false
2025-10-25 13:30:15,456 [INFO] ADCParametersView:116 -                Rank 2 : false
2025-10-25 13:30:15,456 [INFO] ADCParametersView:116 -                Rank 1 : false
2025-10-25 13:30:15,456 [INFO] ADCParametersView:116 -                Rank 2 : false
2025-10-25 13:30:15,456 [INFO] ADCParametersView:116 -                Rank 1 : false
2025-10-25 13:30:15,456 [INFO] ADCParametersView:116 -                Rank 2 : false
2025-10-25 13:30:15,456 [INFO] ADCParametersView:116 -                Rank 1 : false
2025-10-25 13:30:15,457 [INFO] ADCParametersView:116 -                Rank 2 : false
2025-10-25 13:30:15,457 [INFO] ADCParametersView:116 -                Rank 1 : false
2025-10-25 13:30:15,457 [INFO] ADCParametersView:116 -                Rank 2 : false
2025-10-25 13:30:15,457 [INFO] ADCParametersView:116 -                Rank 1 : false
2025-10-25 13:30:15,457 [INFO] ADCParametersView:116 -                Rank 2 : false
2025-10-25 13:30:15,457 [INFO] ADCParametersView:116 -                Rank 1 : false
2025-10-25 13:30:15,457 [INFO] ADCParametersView:116 -                Rank 2 : false
2025-10-25 13:30:15,457 [INFO] ADCParametersView:116 -                Rank 1 : false
2025-10-25 13:30:15,457 [INFO] ADCParametersView:116 -                Rank 2 : false
2025-10-25 13:30:15,457 [INFO] ADCParametersView:116 -                Rank 1 : false
2025-10-25 13:30:15,457 [INFO] ADCParametersView:116 -                Rank 2 : false
2025-10-25 13:30:15,457 [INFO] ADCParametersView:116 -                Rank 2 : false
2025-10-25 13:30:15,496 [INFO] ADCParametersView:116 -                Rank 1 : false
2025-10-25 13:30:15,497 [INFO] ADCParametersView:116 -                Rank 1 : false
2025-10-25 13:30:15,497 [INFO] ADCParametersView:116 -                Rank 2 : false
2025-10-25 13:30:15,511 [INFO] NvicIntPanel:101 - NVIC parent = com.st.microxplorer.plugins.ip.nvic.MultiNvicIntPanel[,0,0,0x0,invalid,layout=javax.swing.BoxLayout,alignmentX=0.0,alignmentY=0.0,border=,flags=9,maximumSize=,minimumSize=,preferredSize=]
2025-10-25 13:30:21,320 [INFO] ADCParametersView:116 -                Rank 1 : false
2025-10-25 13:30:21,320 [INFO] ADCParametersView:116 -                Rank 2 : false
2025-10-25 13:30:21,321 [INFO] ADCParametersView:116 -                Rank 1 : false
2025-10-25 13:30:21,321 [INFO] ADCParametersView:116 -                Rank 2 : false
2025-10-25 13:30:21,321 [INFO] ADCParametersView:116 -                Rank 1 : false
2025-10-25 13:30:21,321 [INFO] ADCParametersView:116 -                Rank 2 : false
2025-10-25 13:30:21,321 [INFO] ADCParametersView:116 -                Rank 1 : false
2025-10-25 13:30:21,321 [INFO] ADCParametersView:116 -                Rank 2 : false
2025-10-25 13:30:21,321 [INFO] ADCParametersView:116 -                Rank 1 : false
2025-10-25 13:30:21,321 [INFO] ADCParametersView:116 -                Rank 2 : false
2025-10-25 13:30:21,321 [INFO] ADCParametersView:116 -                Rank 1 : false
2025-10-25 13:30:21,321 [INFO] ADCParametersView:116 -                Rank 2 : false
2025-10-25 13:30:21,321 [INFO] ADCParametersView:116 -                Rank 1 : false
2025-10-25 13:30:21,321 [INFO] ADCParametersView:116 -                Rank 2 : false
2025-10-25 13:30:21,321 [INFO] ADCParametersView:116 -                Rank 1 : false
2025-10-25 13:30:21,321 [INFO] ADCParametersView:116 -                Rank 2 : false
2025-10-25 13:30:21,321 [INFO] ADCParametersView:116 -                Rank 1 : false
2025-10-25 13:30:21,321 [INFO] ADCParametersView:116 -                Rank 2 : false
2025-10-25 13:30:21,321 [INFO] ADCParametersView:116 -                Rank 1 : false
2025-10-25 13:30:21,321 [INFO] ADCParametersView:116 -                Rank 2 : false
2025-10-25 13:30:21,321 [INFO] ADCParametersView:116 -                Rank 1 : false
2025-10-25 13:30:21,321 [INFO] ADCParametersView:116 -                Rank 2 : false
2025-10-25 13:30:21,322 [INFO] ADCParametersView:116 -                Rank 1 : false
2025-10-25 13:30:21,322 [INFO] ADCParametersView:116 -                Rank 2 : false
2025-10-25 13:30:21,322 [INFO] ADCParametersView:116 -                Rank 1 : false
2025-10-25 13:30:21,322 [INFO] ADCParametersView:116 -                Rank 2 : false
2025-10-25 13:30:21,322 [INFO] ADCParametersView:116 -                Rank 1 : false
2025-10-25 13:30:21,322 [INFO] ADCParametersView:116 -                Rank 2 : false
2025-10-25 13:30:21,322 [INFO] ADCParametersView:116 -                Rank 1 : false
2025-10-25 13:30:21,322 [INFO] ADCParametersView:116 -                Rank 2 : false
2025-10-25 13:30:21,322 [INFO] ADCParametersView:116 -                Rank 1 : false
2025-10-25 13:30:21,322 [INFO] ADCParametersView:116 -                Rank 2 : false
2025-10-25 13:30:21,322 [INFO] ADCParametersView:116 -                Rank 1 : false
2025-10-25 13:30:21,322 [INFO] ADCParametersView:116 -                Rank 2 : false
2025-10-25 13:30:21,322 [INFO] ADCParametersView:116 -                Rank 1 : false
2025-10-25 13:30:21,322 [INFO] ADCParametersView:116 -                Rank 2 : false
2025-10-25 13:30:21,322 [INFO] ADCParametersView:116 -                Rank 1 : false
2025-10-25 13:30:21,322 [INFO] ADCParametersView:116 -                Rank 2 : false
2025-10-25 13:30:21,322 [INFO] ADCParametersView:116 -                Rank 1 : false
2025-10-25 13:30:21,322 [INFO] ADCParametersView:116 -                Rank 2 : false
2025-10-25 13:30:21,322 [INFO] ADCParametersView:116 -                Rank 2 : false
2025-10-25 13:30:21,361 [INFO] ADCParametersView:116 -                Rank 1 : false
2025-10-25 13:30:21,362 [INFO] ADCParametersView:116 -                Rank 1 : false
2025-10-25 13:30:21,362 [INFO] ADCParametersView:116 -                Rank 2 : false
2025-10-25 13:30:31,648 [INFO] ADCParametersView:116 -                Rank 1 : true
2025-10-25 13:30:31,648 [INFO] ADCParametersView:116 -                Rank 2 : false
2025-10-25 13:30:33,034 [INFO] ADCParametersView:116 -                Rank 1 : true
2025-10-25 13:30:33,034 [INFO] ADCParametersView:116 -                Rank 2 : true
2025-10-25 13:35:00,611 [INFO] MainUpdater:2872 - connection check result : 10
2025-10-25 13:35:00,611 [INFO] MainUpdater:2872 - connection check result : 10
2025-10-25 13:35:00,688 [INFO] MicroXplorer:468 - Change Database Path : 
2025-10-25 13:35:00,688 [INFO] MicroXplorer:498 - Change Database Version : DB.6.0.150
2025-10-25 13:35:00,703 [ERROR] ProjectManagerView:395 - 
java.lang.NullPointerException: Cannot invoke "javax.swing.JTextField.getText()" because the return value of "java.util.List.get(int)" is null
	at com.st.microxplorer.plugins.projectmanager.gui.ProjectChoiceTab$9.caretUpdate(ProjectChoiceTab.java:2706) ~[filemanager.jar:?]
	at javax.swing.text.JTextComponent.fireCaretUpdate(JTextComponent.java:408) ~[?:?]
	at javax.swing.text.JTextComponent$MutableCaretEvent.fire(JTextComponent.java:4484) ~[?:?]
	at javax.swing.text.JTextComponent$MutableCaretEvent.stateChanged(JTextComponent.java:4506) ~[?:?]
	at javax.swing.text.DefaultCaret.fireStateChanged(DefaultCaret.java:857) ~[?:?]
	at javax.swing.text.DefaultCaret.changeCaretPosition(DefaultCaret.java:1343) ~[?:?]
	at javax.swing.text.DefaultCaret.handleSetDot(DefaultCaret.java:1242) ~[?:?]
	at javax.swing.text.DefaultCaret.setDot(DefaultCaret.java:1223) ~[?:?]
	at javax.swing.text.DefaultCaret$Handler.insertUpdate(DefaultCaret.java:1819) ~[?:?]
	at javax.swing.text.AbstractDocument.fireInsertUpdate(AbstractDocument.java:227) ~[?:?]
	at javax.swing.text.AbstractDocument.handleInsertString(AbstractDocument.java:781) ~[?:?]
	at javax.swing.text.AbstractDocument.insertString(AbstractDocument.java:740) ~[?:?]
	at javax.swing.text.PlainDocument.insertString(PlainDocument.java:131) ~[?:?]
	at javax.swing.text.AbstractDocument.replace(AbstractDocument.java:699) ~[?:?]
	at javax.swing.text.JTextComponent.setText(JTextComponent.java:1725) ~[?:?]
	at com.st.microxplorer.plugins.projectmanager.gui.ProjectChoiceTab.createHeapStackFields(ProjectChoiceTab.java:993) ~[filemanager.jar:?]
	at com.st.microxplorer.plugins.projectmanager.gui.ProjectChoiceTab.buildLinkSettingsPanel(ProjectChoiceTab.java:3813) ~[filemanager.jar:?]
	at com.st.microxplorer.plugins.projectmanager.gui.ProjectChoiceTab.defineWindowsFields(ProjectChoiceTab.java:1987) ~[filemanager.jar:?]
	at com.st.microxplorer.plugins.projectmanager.gui.ProjectChoiceTab.updateSettings(ProjectChoiceTab.java:558) ~[filemanager.jar:?]
	at com.st.microxplorer.plugins.projectmanager.gui.ProjectSettingsPanel.UpdateDialog(ProjectSettingsPanel.java:247) ~[filemanager.jar:?]
	at com.st.microxplorer.plugins.projectmanager.ProjectManagerView.propertyChange(ProjectManagerView.java:392) ~[filemanager.jar:?]
	at java.beans.PropertyChangeSupport.fire(PropertyChangeSupport.java:343) ~[?:?]
	at java.beans.PropertyChangeSupport.firePropertyChange(PropertyChangeSupport.java:335) ~[?:?]
	at java.beans.PropertyChangeSupport.firePropertyChange(PropertyChangeSupport.java:268) ~[?:?]
	at com.st.microxplorer.util.MXPropertyChangeSupport.firePropertyChange(MXPropertyChangeSupport.java:54) ~[STM32CubeMX.jar:?]
	at com.st.microxplorer.mxsystem.MxSystem.closeConfig(MxSystem.java:899) ~[STM32CubeMX.jar:?]
	at com.st.microxplorer.maingui.MainPanel.closeConfig(MainPanel.java:792) ~[STM32CubeMX.jar:?]
	at com.st.microxplorer.plugins.filemanager.engine.OpenFileManager.loadConfigurationFile(OpenFileManager.java:288) ~[filemanager.jar:?]
	at com.st.microxplorer.plugins.filemanager.engine.MainFileManager.userLoadConfig(MainFileManager.java:364) ~[filemanager.jar:?]
	at com.st.microxplorer.plugins.filemanager.engine.MainFileManager.userLoadConfig(MainFileManager.java:342) ~[filemanager.jar:?]
	at com.st.microxplorer.plugins.filemanager.FileManagerView.getSpecificTask(FileManagerView.java:264) ~[filemanager.jar:?]
	at com.st.stm32cube.common.mx.editor.CubeMxEditor.getMxTabbedPaneInstance(CubeMxEditor.java:1198) ~[com.st.stm32cube.common.mx_6.15.0.202507011659/:?]
	at com.st.stm32cube.common.mx.editor.CubeMxEditor$12$1.createSwingComponent(CubeMxEditor.java:1068) ~[com.st.stm32cube.common.mx_6.15.0.202507011659/:?]
	at com.st.stm32cube.common.mx.oss.core.awtswtbridge.EmbeddedSwingComposite.doComponentCreation(EmbeddedSwingComposite.java:492) ~[com.st.stm32cube.common.mx.oss_6.15.0.202507011659/:?]
	at com.st.stm32cube.common.mx.oss.core.awtswtbridge.EmbeddedSwingComposite$4.run(EmbeddedSwingComposite.java:291) ~[com.st.stm32cube.common.mx.oss_6.15.0.202507011659/:?]
	at com.st.stm32cube.common.mx.oss.core.awtswtbridge.AwtEnvironment$2.run(AwtEnvironment.java:166) ~[com.st.stm32cube.common.mx.oss_6.15.0.202507011659/:?]
	at java.awt.event.InvocationEvent.dispatch(InvocationEvent.java:318) ~[?:?]
	at java.awt.EventQueue.dispatchEventImpl(EventQueue.java:773) ~[?:?]
	at java.awt.EventQueue$4.run(EventQueue.java:720) ~[?:?]
	at java.awt.EventQueue$4.run(EventQueue.java:714) ~[?:?]
	at java.security.AccessController.doPrivileged(AccessController.java:400) ~[?:?]
	at java.security.ProtectionDomain$JavaSecurityAccessImpl.doIntersectionPrivilege(ProtectionDomain.java:87) ~[?:?]
	at java.awt.EventQueue.dispatchEvent(EventQueue.java:742) ~[?:?]
	at java.awt.EventDispatchThread.pumpOneEventForFilters(EventDispatchThread.java:203) ~[?:?]
	at java.awt.EventDispatchThread.pumpEventsForFilter(EventDispatchThread.java:124) ~[?:?]
	at java.awt.EventDispatchThread.pumpEventsForHierarchy(EventDispatchThread.java:113) ~[?:?]
	at java.awt.EventDispatchThread.pumpEvents(EventDispatchThread.java:109) ~[?:?]
	at java.awt.EventDispatchThread.pumpEvents(EventDispatchThread.java:101) ~[?:?]
	at java.awt.EventDispatchThread.run(EventDispatchThread.java:90) ~[?:?]
2025-10-25 13:35:00,705 [WARN] ThirdParty:871 - waiting for thirdparty lock release [close project]
2025-10-25 13:35:00,705 [INFO] ThirdParty:873 - entering critical section [close project]
2025-10-25 13:35:00,705 [INFO] ThirdParty:883 - exiting critical section [close project]
2025-10-25 13:35:00,708 [INFO] PinOutPanel:1589 - setPackage(No Configuration,No Configuration)
2025-10-25 13:35:00,718 [INFO] UtilMem:75 - Begin LoadConfig() Used Memory: 500302424 Bytes (1003487232)
2025-10-25 13:35:00,719 [INFO] MicroXplorer:468 - Change Database Path : 
2025-10-25 13:35:00,719 [INFO] MicroXplorer:498 - Change Database Version : DB.6.0.150
2025-10-25 13:35:00,719 [INFO] OpenFileManager:355 - Change cursor
2025-10-25 13:35:00,729 [INFO] Mcu:2029 - Initializing MCU STM32L476R(C-E-G)Tx STM32L476RGTx STM32L476RGT3
2025-10-25 13:35:01,990 [INFO] Context:786 - Trying to add GPIOservice into a context  which must be forbidden
2025-10-25 13:35:02,630 [INFO] ImportTextPane:234 - (OptionalMessage_ERROR) Pin9 (VP_RIF_VS_RIF1) cannot be retrieved for this MCU
2025-10-25 13:35:02,688 [INFO] RtosManager:558 - Registered RTOS mode: class=CMSIS, group=RTOS, mode=CMSIS_V1, owner=FREERTOS
2025-10-25 13:35:02,688 [INFO] RtosManager:558 - Registered RTOS mode: class=CMSIS, group=RTOS2, mode=CMSIS_V2, owner=FREERTOS
2025-10-25 13:35:02,688 [INFO] RtosManager:558 - Registered RTOS mode: class=RTOS, group=Core, mode=CMSIS_V1, owner=FREERTOS
2025-10-25 13:35:02,688 [INFO] RtosManager:558 - Registered RTOS mode: class=RTOS, group=Core, mode=CMSIS_V2, owner=FREERTOS
2025-10-25 13:35:02,688 [WARN] ModelIntegratedComponent:184 - Missing modes for component STMicroelectronics:FreeRTOS:0.0.1:STMicroelectronics:RTOS:FreeRTOS:Core:::10.2.0:
2025-10-25 13:35:02,713 [WARN] ModelIntegratedComponent:63 - No mode defined for component null
2025-10-25 13:35:02,713 [WARN] ModelIntegratedComponent:63 - No mode defined for component null
2025-10-25 13:35:02,713 [WARN] ModelIntegratedComponent:63 - No mode defined for component null
2025-10-25 13:35:02,713 [WARN] ModelIntegratedComponent:63 - No mode defined for component null
2025-10-25 13:35:02,713 [WARN] ModelIntegratedComponent:63 - No mode defined for component null
2025-10-25 13:35:02,713 [WARN] ModelIntegratedComponent:63 - No mode defined for component null
2025-10-25 13:35:02,713 [WARN] ModelIntegratedComponent:63 - No mode defined for component null
2025-10-25 13:35:02,713 [WARN] ModelIntegratedComponent:63 - No mode defined for component null
2025-10-25 13:35:02,713 [WARN] ModelIntegratedComponent:63 - No mode defined for component null
2025-10-25 13:35:02,713 [WARN] ModelIntegratedComponent:63 - No mode defined for component null
2025-10-25 13:35:02,713 [WARN] ModelIntegratedComponent:63 - No mode defined for component null
2025-10-25 13:35:02,713 [WARN] ModelIntegratedComponent:63 - No mode defined for component null
2025-10-25 13:35:02,713 [WARN] ModelIntegratedComponent:63 - No mode defined for component null
2025-10-25 13:35:02,713 [WARN] ModelIntegratedComponent:63 - No mode defined for component null
2025-10-25 13:35:02,713 [WARN] ModelIntegratedComponent:63 - No mode defined for component null
2025-10-25 13:35:02,713 [WARN] ModelIntegratedComponent:63 - No mode defined for component null
2025-10-25 13:35:02,713 [WARN] ModelIntegratedComponent:63 - No mode defined for component null
2025-10-25 13:35:02,713 [WARN] ModelIntegratedComponent:63 - No mode defined for component null
2025-10-25 13:35:02,713 [WARN] ModelIntegratedComponent:63 - No mode defined for component null
2025-10-25 13:35:02,713 [WARN] ModelIntegratedComponent:63 - No mode defined for component null
2025-10-25 13:35:02,713 [WARN] ModelIntegratedComponent:63 - No mode defined for component null
2025-10-25 13:35:02,713 [WARN] ModelIntegratedComponent:63 - No mode defined for component null
2025-10-25 13:35:02,713 [WARN] ModelIntegratedComponent:63 - No mode defined for component null
2025-10-25 13:35:02,713 [WARN] ModelIntegratedComponent:63 - No mode defined for component null
2025-10-25 13:35:02,713 [WARN] ModelIntegratedComponent:63 - No mode defined for component null
2025-10-25 13:35:02,713 [WARN] ModelIntegratedComponent:63 - No mode defined for component null
2025-10-25 13:35:02,713 [WARN] ModelIntegratedComponent:63 - No mode defined for component null
2025-10-25 13:35:02,714 [WARN] ModelIntegratedComponent:63 - No mode defined for component null
2025-10-25 13:35:02,714 [WARN] ModelIntegratedComponent:63 - No mode defined for component null
2025-10-25 13:35:02,714 [WARN] ModelIntegratedComponent:63 - No mode defined for component null
2025-10-25 13:35:02,714 [WARN] ModelIntegratedComponent:63 - No mode defined for component null
2025-10-25 13:35:02,714 [WARN] ModelIntegratedComponent:63 - No mode defined for component null
2025-10-25 13:35:02,714 [WARN] ModelIntegratedComponent:63 - No mode defined for component null
2025-10-25 13:35:02,714 [WARN] ModelIntegratedComponent:63 - No mode defined for component null
2025-10-25 13:35:02,714 [WARN] ModelIntegratedComponent:63 - No mode defined for component null
2025-10-25 13:35:02,714 [WARN] ModelPack:524 - Component already loaded: STMicroelectronics:HAL Drivers:0.0.0:STMicroelectronics:Device:STMicro_Driver:XSPI:HAL::0.0.1:HAL_XSPI
2025-10-25 13:35:02,797 [INFO] ThirdPartyModel:298 - Start build external matchings
2025-10-25 13:35:03,203 [INFO] ThirdPartyModel:316 - End build external matchings
2025-10-25 13:35:03,216 [INFO] ImportTextPane:234 - (OptionalMessage_ERROR) IP (ADC1) : Parameter (CommonPathInternal) has invalid value (null|null|null|null)
2025-10-25 13:35:03,521 [INFO] UtilMem:75 - End LoadConfig() Used Memory: 606098776 Bytes (1003487232)
2025-10-25 13:35:03,551 [WARN] ThirdParty:833 - waiting for thirdparty lock release [change project]
2025-10-25 13:35:03,551 [INFO] ThirdParty:835 - entering critical section [change project]
2025-10-25 13:35:03,551 [INFO] ThirdParty:1030 - CMSIS Pack Vendor :STMicroelectronics X-CUBE-PM33A1 1.0.0
2025-10-25 13:35:03,551 [INFO] ThirdParty:1030 - CMSIS Pack Vendor :STMicroelectronics USBPD 4.1
2025-10-25 13:35:03,551 [INFO] ThirdParty:1030 - CMSIS Pack Vendor :STMicroelectronics X-CUBE-NFC9 1.0.0
2025-10-25 13:35:03,551 [INFO] ThirdParty:1030 - CMSIS Pack Vendor :STMicroelectronics USB_HOST 2.0.0
2025-10-25 13:35:03,551 [INFO] ThirdParty:1030 - CMSIS Pack Vendor :STMicroelectronics FP-SNS-MOTENVWB1 1.4.0
2025-10-25 13:35:03,551 [INFO] ThirdParty:1030 - CMSIS Pack Vendor :STMicroelectronics X-CUBE-AZRTOS-F4 1.1.0
2025-10-25 13:35:03,551 [INFO] ThirdParty:1030 - CMSIS Pack Vendor :STMicroelectronics LIBJPEG 8.0.0
2025-10-25 13:35:03,551 [INFO] ThirdParty:1030 - CMSIS Pack Vendor :STMicroelectronics FP-ATR-ASTRA1 2.0.2
2025-10-25 13:35:03,551 [INFO] ThirdParty:1030 - CMSIS Pack Vendor :wolfSSL I-CUBE-wolfSSL 5.8.2
2025-10-25 13:35:03,551 [INFO] ThirdParty:1030 - CMSIS Pack Vendor :STMicroelectronics X-CUBE-BLE1 7.1.0
2025-10-25 13:35:03,551 [INFO] ThirdParty:1030 - CMSIS Pack Vendor :Avnet-IotConnect X-CUBE-IoTC-DA16k-PMOD 1.0.0
2025-10-25 13:35:03,551 [INFO] ThirdParty:1030 - CMSIS Pack Vendor :STMicroelectronics X-CUBE-SMBUS 2.1.0
2025-10-25 13:35:03,551 [INFO] ThirdParty:1030 - CMSIS Pack Vendor :wolfSSL I-CUBE-wolfMQTT 1.19.2
2025-10-25 13:35:03,551 [INFO] ThirdParty:1030 - CMSIS Pack Vendor :STMicroelectronics USB_DEVICE 3.0.0
2025-10-25 13:35:03,551 [INFO] ThirdParty:1030 - CMSIS Pack Vendor :STMicroelectronics X-CUBE-ISPU 2.1.0
2025-10-25 13:35:03,551 [INFO] ThirdParty:1030 - CMSIS Pack Vendor :STMicroelectronics X-CUBE-EEPRMA1 5.2.0
2025-10-25 13:35:03,551 [INFO] ThirdParty:1030 - CMSIS Pack Vendor :STMicroelectronics X-CUBE-IPS 3.2.0
2025-10-25 13:35:03,552 [INFO] ThirdParty:1030 - CMSIS Pack Vendor :STMicroelectronics X-CUBE-BLEMGR 4.1.0
2025-10-25 13:35:03,552 [INFO] ThirdParty:1030 - CMSIS Pack Vendor :STMicroelectronics X-CUBE-AZRTOS-WB 2.0.0
2025-10-25 13:35:03,552 [INFO] ThirdParty:1030 - CMSIS Pack Vendor :STMicroelectronics X-CUBE-ST60 1.0.0
2025-10-25 13:35:03,552 [INFO] ThirdParty:1030 - CMSIS Pack Vendor :STMicroelectronics X-CUBE-GNSS1 7.0.1
2025-10-25 13:35:03,552 [INFO] ThirdParty:1030 - CMSIS Pack Vendor :STMicroelectronics X-CUBE-NFC12 1.0.0
2025-10-25 13:35:03,552 [INFO] ThirdParty:1030 - CMSIS Pack Vendor :STMicroelectronics X-CUBE-AZRTOS-F7 1.1.0
2025-10-25 13:35:03,552 [INFO] ThirdParty:1030 - CMSIS Pack Vendor :STMicroelectronics X-CUBE-AZRTOS-L5 2.0.0
2025-10-25 13:35:03,552 [INFO] ThirdParty:1030 - CMSIS Pack Vendor :STMicroelectronics X-CUBE-TOUCHGFX 4.25.0
2025-10-25 13:35:03,552 [INFO] ThirdParty:1030 - CMSIS Pack Vendor :STMicroelectronics USB_DEVICE 2.0.0
2025-10-25 13:35:03,552 [INFO] ThirdParty:1030 - CMSIS Pack Vendor :STMicroelectronics X-CUBE-NFC6 3.1.0
2025-10-25 13:35:03,552 [INFO] ThirdParty:1030 - CMSIS Pack Vendor :STMicroelectronics X-CUBE-ST67W61 1.1.0
2025-10-25 13:35:03,552 [INFO] ThirdParty:1030 - CMSIS Pack Vendor :quantropi X-CUBE-qispace-sdk-base 2.1.0
2025-10-25 13:35:03,552 [INFO] ThirdParty:1030 - CMSIS Pack Vendor :STMicroelectronics FreeRTOS 0.0.1
2025-10-25 13:35:03,552 [INFO] ThirdParty:1030 - CMSIS Pack Vendor :STMicroelectronics X-CUBE-AZRTOS-G0 1.1.0
2025-10-25 13:35:03,552 [INFO] ThirdParty:1030 - CMSIS Pack Vendor :STMicroelectronics X-CUBE-SAFEA1 1.2.2
2025-10-25 13:35:03,552 [INFO] ThirdParty:1030 - CMSIS Pack Vendor :STMicroelectronics X-CUBE-NFC4 3.0.0
2025-10-25 13:35:03,552 [INFO] ThirdParty:1030 - CMSIS Pack Vendor :STMicroelectronics X-CUBE-SUBG2 5.0.0
2025-10-25 13:35:03,552 [INFO] ThirdParty:1030 - CMSIS Pack Vendor :STMicroelectronics X-CUBE-AZRTOS-H7RS 1.1.0
2025-10-25 13:35:03,552 [INFO] ThirdParty:1030 - CMSIS Pack Vendor :STMicroelectronics STM32_WPAN 1.0.0
2025-10-25 13:35:03,552 [INFO] ThirdParty:1030 - CMSIS Pack Vendor :EmbeddedOffice I-CUBE-FS-RTOS 1.0.1
2025-10-25 13:35:03,552 [INFO] ThirdParty:1030 - CMSIS Pack Vendor :STMicroelectronics lwIP 2.0.3
2025-10-25 13:35:03,552 [INFO] ThirdParty:1030 - CMSIS Pack Vendor :WES I-CUBE-Cesium 1.4.0
2025-10-25 13:35:03,552 [INFO] ThirdParty:1030 - CMSIS Pack Vendor :Cesanta I-CUBE-Mongoose 7.13.0
2025-10-25 13:35:03,552 [INFO] ThirdParty:1030 - CMSIS Pack Vendor :STMicroelectronics USB_HOST 1.0.0
2025-10-25 13:35:03,552 [INFO] ThirdParty:1030 - CMSIS Pack Vendor :Infineon AIROC-Wi-Fi-Bluetooth-STM32 1.7.1
2025-10-25 13:35:03,552 [INFO] ThirdParty:1030 - CMSIS Pack Vendor :STMicroelectronics X-CUBE-AZRTOS-G4 2.0.0
2025-10-25 13:35:03,552 [INFO] ThirdParty:1030 - CMSIS Pack Vendor :STMicroelectronics X-CUBE-WB05N 2.0.0
2025-10-25 13:35:03,552 [INFO] ThirdParty:1030 - CMSIS Pack Vendor :STMicroelectronics PDM2PCM 3.1.0
2025-10-25 13:35:03,552 [INFO] ThirdParty:1030 - CMSIS Pack Vendor :STMicroelectronics PDM2PCM 3.3.0
2025-10-25 13:35:03,552 [INFO] ThirdParty:1030 - CMSIS Pack Vendor :wolfSSL I-CUBE-wolfTPM 3.8.0
2025-10-25 13:35:03,552 [INFO] ThirdParty:1030 - CMSIS Pack Vendor :STMicroelectronics X-CUBE-AZRTOS-H7 3.4.0
2025-10-25 13:35:03,552 [INFO] ThirdParty:1030 - CMSIS Pack Vendor :STMicroelectronics X-CUBE-DISPLAY 3.0.0
2025-10-25 13:35:03,552 [INFO] ThirdParty:1030 - CMSIS Pack Vendor :wolfSSL I-CUBE-wolfSSH 1.4.20
2025-10-25 13:35:03,552 [INFO] ThirdParty:1030 - CMSIS Pack Vendor :STMicroelectronics X-CUBE-NFC7 2.0.0
2025-10-25 13:35:03,552 [INFO] ThirdParty:1030 - CMSIS Pack Vendor :STMicroelectronics X-CUBE-TCPP 4.2.0
2025-10-25 13:35:03,552 [INFO] ThirdParty:1030 - CMSIS Pack Vendor :RealThread X-CUBE-RT-Thread_Nano 4.1.1
2025-10-25 13:35:03,552 [INFO] ThirdParty:1030 - CMSIS Pack Vendor :STMicroelectronics FP-ATR-SIGFOX1 3.2.0
2025-10-25 13:35:03,552 [INFO] ThirdParty:1030 - CMSIS Pack Vendor :STMicroelectronics X-CUBE-NFC10 1.0.0
2025-10-25 13:35:03,552 [INFO] ThirdParty:1030 - CMSIS Pack Vendor :STMicroelectronics X-CUBE-FREERTOS 1.3.1
2025-10-25 13:35:03,553 [INFO] ThirdParty:1030 - CMSIS Pack Vendor :STMicroelectronics HAL Drivers 0.0.0
2025-10-25 13:35:03,553 [INFO] ThirdParty:1030 - CMSIS Pack Vendor :STMicroelectronics MBEDTLS 2.16.2
2025-10-25 13:35:03,553 [INFO] ThirdParty:1030 - CMSIS Pack Vendor :STMicroelectronics X-CUBE-ST60 1.1.0
2025-10-25 13:35:03,553 [INFO] ThirdParty:1030 - CMSIS Pack Vendor :STMicroelectronics X-CUBE-IPS 3.1.0
2025-10-25 13:35:03,553 [INFO] ThirdParty:1030 - CMSIS Pack Vendor :STMicroelectronics X-CUBE-ALS 1.0.2
2025-10-25 13:35:03,553 [INFO] ThirdParty:1030 - CMSIS Pack Vendor :emotas I-CUBE-CANOPEN 1.3.0
2025-10-25 13:35:03,553 [INFO] ThirdParty:1030 - CMSIS Pack Vendor :STMicroelectronics MBEDTLS 2.14.1
2025-10-25 13:35:03,553 [INFO] ThirdParty:1030 - CMSIS Pack Vendor :ITTIA_DB I-CUBE-ITTIADB 8.9.0
2025-10-25 13:35:03,553 [INFO] ThirdParty:1030 - CMSIS Pack Vendor :STMicroelectronics X-CUBE-TOUCHGFX 4.26.0
2025-10-25 13:35:03,553 [INFO] ThirdParty:1030 - CMSIS Pack Vendor :STMicroelectronics X-CUBE-STSE01 1.0.0
2025-10-25 13:35:03,553 [INFO] ThirdParty:1030 - CMSIS Pack Vendor :STMicroelectronics X-CUBE-ST67W61 1.0.0
2025-10-25 13:35:03,553 [INFO] ThirdParty:1030 - CMSIS Pack Vendor :STMicroelectronics FP-SNS-STBOX1 2.1.0
2025-10-25 13:35:03,553 [INFO] ThirdParty:1030 - CMSIS Pack Vendor :STMicroelectronics X-CUBE-AI 10.2.0
2025-10-25 13:35:03,553 [INFO] ThirdParty:1030 - CMSIS Pack Vendor :STMicroelectronics FP-SNS-STAIOTCFT 1.0.0
2025-10-25 13:35:03,553 [INFO] ThirdParty:1030 - CMSIS Pack Vendor :STMicroelectronics ThreadX 1.0.0
2025-10-25 13:35:03,553 [INFO] ThirdParty:1030 - CMSIS Pack Vendor :STMicroelectronics FP-SNS-SMARTAG2 1.2.0
2025-10-25 13:35:03,553 [INFO] ThirdParty:1030 - CMSIS Pack Vendor :STMicroelectronics FP-SNS-FLIGHT1 5.1.0
2025-10-25 13:35:03,553 [INFO] ThirdParty:1030 - CMSIS Pack Vendor :STMicroelectronics X-CUBE-AZRTOS-WL 2.0.0
2025-10-25 13:35:03,553 [INFO] ThirdParty:1030 - CMSIS Pack Vendor :SEGGER I-CUBE-embOS 1.3.1
2025-10-25 13:35:03,553 [INFO] ThirdParty:1030 - CMSIS Pack Vendor :STMicroelectronics X-CUBE-ALGOBUILD 1.4.0
2025-10-25 13:35:03,553 [INFO] ThirdParty:1030 - CMSIS Pack Vendor :STMicroelectronics X-CUBE-DPower 1.3.0
2025-10-25 13:35:03,553 [INFO] ThirdParty:1030 - CMSIS Pack Vendor :STMicroelectronics X-CUBE-MEMS1 11.3.0
2025-10-25 13:35:03,553 [INFO] ThirdParty:1030 - CMSIS Pack Vendor :STMicroelectronics FP-SNS-MOTENV1 5.0.0
2025-10-25 13:35:03,553 [INFO] ThirdParty:1030 - CMSIS Pack Vendor :STMicroelectronics USB_DEVICE 1.0.0
2025-10-25 13:35:03,553 [INFO] ThirdParty:1030 - CMSIS Pack Vendor :STMicroelectronics X-CUBE-AZRTOS-L4 2.0.0
2025-10-25 13:35:03,553 [INFO] ThirdParty:1030 - CMSIS Pack Vendor :STMicroelectronics ThreadX 0.0.2
2025-10-25 13:35:03,553 [INFO] ThirdParty:1030 - CMSIS Pack Vendor :STMicroelectronics lwIP 2.1.2
2025-10-25 13:35:03,553 [INFO] ThirdParty:1030 - CMSIS Pack Vendor :STMicroelectronics X-CUBE-SFXS2LP1 4.0.0
2025-10-25 13:35:03,553 [INFO] ThirdParty:1030 - CMSIS Pack Vendor :STMicroelectronics X-CUBE-BLE2 3.3.0
2025-10-25 13:35:03,553 [INFO] ThirdParty:1030 - CMSIS Pack Vendor :STMicroelectronics X-CUBE-TOF1 3.4.3
2025-10-25 13:35:03,553 [INFO] ThirdParty:1030 - CMSIS Pack Vendor :STMicroelectronics PDM2PCM 3.2.0
2025-10-25 13:35:03,554 [INFO] ThirdParty:841 - exiting critical section [change project]
2025-10-25 13:35:03,701 [INFO] PinOutPanel:1589 - setPackage(No Configuration,No Configuration)
2025-10-25 13:35:03,702 [INFO] PinOutPanel:1589 - setPackage(STM32L476RGTx,LQFP64)
2025-10-25 13:35:04,085 [INFO] UtilMem:75 - Before build in PCC Used Memory: 431476712 Bytes (1003487232)
2025-10-25 13:35:04,340 [INFO] UtilMem:75 - After build in PCC Used Memory: 512743400 Bytes (1003487232)
2025-10-25 13:35:04,359 [INFO] IPUIPlugin:80 - create IPUIPlugin
2025-10-25 13:35:04,360 [INFO] IPUIPlugin:80 - create IPUIPlugin
2025-10-25 13:35:04,360 [INFO] IPUIPlugin:80 - create IPUIPlugin
2025-10-25 13:35:04,360 [INFO] IPUIPlugin:80 - create IPUIPlugin
2025-10-25 13:35:04,360 [INFO] IPUIPlugin:80 - create IPUIPlugin
2025-10-25 13:35:04,360 [INFO] IPUIPlugin:80 - create IPUIPlugin
2025-10-25 13:35:04,360 [INFO] IPUIPlugin:80 - create IPUIPlugin
2025-10-25 13:35:04,360 [INFO] IPUIPlugin:80 - create IPUIPlugin
2025-10-25 13:35:04,360 [INFO] IPUIPlugin:80 - create IPUIPlugin
2025-10-25 13:35:04,360 [INFO] IPUIPlugin:80 - create IPUIPlugin
2025-10-25 13:35:04,360 [INFO] IPUIPlugin:80 - create IPUIPlugin
2025-10-25 13:35:04,360 [INFO] IPUIPlugin:80 - create IPUIPlugin
2025-10-25 13:35:04,360 [INFO] IPUIPlugin:80 - create IPUIPlugin
2025-10-25 13:35:04,360 [INFO] IPUIPlugin:80 - create IPUIPlugin
2025-10-25 13:35:04,360 [INFO] IPUIPlugin:80 - create IPUIPlugin
2025-10-25 13:35:04,360 [INFO] IPUIPlugin:80 - create IPUIPlugin
2025-10-25 13:35:04,361 [INFO] IPUIPlugin:80 - create IPUIPlugin
2025-10-25 13:35:04,361 [INFO] IPUIPlugin:80 - create IPUIPlugin
2025-10-25 13:35:04,361 [INFO] IPUIPlugin:80 - create IPUIPlugin
2025-10-25 13:35:04,361 [INFO] IPUIPlugin:80 - create IPUIPlugin
2025-10-25 13:35:04,361 [INFO] IPUIPlugin:80 - create IPUIPlugin
2025-10-25 13:35:04,361 [INFO] IPUIPlugin:80 - create IPUIPlugin
2025-10-25 13:35:04,361 [INFO] IPUIPlugin:80 - create IPUIPlugin
2025-10-25 13:35:04,361 [INFO] IPUIPlugin:80 - create IPUIPlugin
2025-10-25 13:35:04,362 [INFO] IPUIPlugin:80 - create IPUIPlugin
2025-10-25 13:35:04,362 [INFO] IPUIPlugin:80 - create IPUIPlugin
2025-10-25 13:35:04,362 [INFO] IPUIPlugin:80 - create IPUIPlugin
2025-10-25 13:35:04,362 [INFO] IPUIPlugin:80 - create IPUIPlugin
2025-10-25 13:35:04,362 [INFO] IPUIPlugin:80 - create IPUIPlugin
2025-10-25 13:35:04,362 [INFO] IPUIPlugin:80 - create IPUIPlugin
2025-10-25 13:35:04,363 [INFO] IPUIPlugin:80 - create IPUIPlugin
2025-10-25 13:35:04,363 [INFO] IPUIPlugin:80 - create IPUIPlugin
2025-10-25 13:35:04,363 [INFO] IPUIPlugin:80 - create IPUIPlugin
2025-10-25 13:35:04,363 [INFO] IPUIPlugin:80 - create IPUIPlugin
2025-10-25 13:35:04,363 [INFO] IPUIPlugin:80 - create IPUIPlugin
2025-10-25 13:35:04,363 [INFO] IPUIPlugin:80 - create IPUIPlugin
2025-10-25 13:35:04,364 [INFO] IPUIPlugin:80 - create IPUIPlugin
2025-10-25 13:35:04,364 [INFO] IPUIPlugin:80 - create IPUIPlugin
2025-10-25 13:35:04,364 [INFO] IPUIPlugin:80 - create IPUIPlugin
2025-10-25 13:35:04,364 [INFO] IPUIPlugin:80 - create IPUIPlugin
2025-10-25 13:35:04,364 [INFO] IPUIPlugin:80 - create IPUIPlugin
2025-10-25 13:35:04,364 [INFO] IPUIPlugin:80 - create IPUIPlugin
2025-10-25 13:35:04,364 [INFO] IPUIPlugin:80 - create IPUIPlugin
2025-10-25 13:35:04,364 [INFO] IPUIPlugin:80 - create IPUIPlugin
2025-10-25 13:35:04,365 [INFO] IPUIPlugin:80 - create IPUIPlugin
2025-10-25 13:35:04,365 [INFO] IPUIPlugin:80 - create IPUIPlugin
2025-10-25 13:35:04,365 [INFO] IPUIPlugin:80 - create IPUIPlugin
2025-10-25 13:35:04,365 [INFO] IPUIPlugin:80 - create IPUIPlugin
2025-10-25 13:35:04,365 [INFO] IPUIPlugin:80 - create IPUIPlugin
2025-10-25 13:35:04,365 [INFO] IPUIPlugin:80 - create IPUIPlugin
2025-10-25 13:35:04,366 [INFO] IPUIPlugin:80 - create IPUIPlugin
2025-10-25 13:35:04,366 [INFO] IPUIPlugin:80 - create IPUIPlugin
2025-10-25 13:35:04,366 [INFO] IPUIPlugin:80 - create IPUIPlugin
2025-10-25 13:35:04,366 [INFO] IPUIPlugin:80 - create IPUIPlugin
2025-10-25 13:35:04,366 [INFO] IPUIPlugin:80 - create IPUIPlugin
2025-10-25 13:35:04,367 [INFO] IPUIPlugin:80 - create IPUIPlugin
2025-10-25 13:35:04,367 [INFO] IPUIPlugin:80 - create IPUIPlugin
2025-10-25 13:35:04,367 [INFO] IPUIPlugin:80 - create IPUIPlugin
2025-10-25 13:35:04,367 [INFO] IPUIPlugin:80 - create IPUIPlugin
2025-10-25 13:35:04,410 [INFO] CADModel:165 - CPN selected for project levelSTM32L476RGT3
2025-10-25 13:35:04,410 [INFO] CADModel:114 - Register for checkConnection events
2025-10-25 13:35:04,502 [INFO] OpenFileManager:386 - Restore cursor
2025-10-25 13:37:10,156 [INFO] MainUpdater:2872 - connection check result : 10
2025-10-25 13:37:10,156 [INFO] MainUpdater:2872 - connection check result : 10
2025-10-25 13:37:10,226 [INFO] MicroXplorer:468 - Change Database Path : 
2025-10-25 13:37:10,226 [INFO] MicroXplorer:498 - Change Database Version : DB.6.0.150
2025-10-25 13:37:10,232 [ERROR] ProjectManagerView:395 - 
java.lang.NullPointerException: Cannot invoke "javax.swing.JTextField.getText()" because the return value of "java.util.List.get(int)" is null
	at com.st.microxplorer.plugins.projectmanager.gui.ProjectChoiceTab$9.caretUpdate(ProjectChoiceTab.java:2706) ~[filemanager.jar:?]
	at javax.swing.text.JTextComponent.fireCaretUpdate(JTextComponent.java:408) ~[?:?]
	at javax.swing.text.JTextComponent$MutableCaretEvent.fire(JTextComponent.java:4484) ~[?:?]
	at javax.swing.text.JTextComponent$MutableCaretEvent.stateChanged(JTextComponent.java:4506) ~[?:?]
	at javax.swing.text.DefaultCaret.fireStateChanged(DefaultCaret.java:857) ~[?:?]
	at javax.swing.text.DefaultCaret.changeCaretPosition(DefaultCaret.java:1343) ~[?:?]
	at javax.swing.text.DefaultCaret.handleSetDot(DefaultCaret.java:1242) ~[?:?]
	at javax.swing.text.DefaultCaret.setDot(DefaultCaret.java:1223) ~[?:?]
	at javax.swing.text.DefaultCaret$Handler.insertUpdate(DefaultCaret.java:1819) ~[?:?]
	at javax.swing.text.AbstractDocument.fireInsertUpdate(AbstractDocument.java:227) ~[?:?]
	at javax.swing.text.AbstractDocument.handleInsertString(AbstractDocument.java:781) ~[?:?]
	at javax.swing.text.AbstractDocument.insertString(AbstractDocument.java:740) ~[?:?]
	at javax.swing.text.PlainDocument.insertString(PlainDocument.java:131) ~[?:?]
	at javax.swing.text.AbstractDocument.replace(AbstractDocument.java:699) ~[?:?]
	at javax.swing.text.JTextComponent.setText(JTextComponent.java:1725) ~[?:?]
	at com.st.microxplorer.plugins.projectmanager.gui.ProjectChoiceTab.createHeapStackFields(ProjectChoiceTab.java:993) ~[filemanager.jar:?]
	at com.st.microxplorer.plugins.projectmanager.gui.ProjectChoiceTab.buildLinkSettingsPanel(ProjectChoiceTab.java:3813) ~[filemanager.jar:?]
	at com.st.microxplorer.plugins.projectmanager.gui.ProjectChoiceTab.defineWindowsFields(ProjectChoiceTab.java:1987) ~[filemanager.jar:?]
	at com.st.microxplorer.plugins.projectmanager.gui.ProjectChoiceTab.updateSettings(ProjectChoiceTab.java:558) ~[filemanager.jar:?]
	at com.st.microxplorer.plugins.projectmanager.gui.ProjectSettingsPanel.UpdateDialog(ProjectSettingsPanel.java:247) ~[filemanager.jar:?]
	at com.st.microxplorer.plugins.projectmanager.ProjectManagerView.propertyChange(ProjectManagerView.java:392) ~[filemanager.jar:?]
	at java.beans.PropertyChangeSupport.fire(PropertyChangeSupport.java:343) ~[?:?]
	at java.beans.PropertyChangeSupport.firePropertyChange(PropertyChangeSupport.java:335) ~[?:?]
	at java.beans.PropertyChangeSupport.firePropertyChange(PropertyChangeSupport.java:268) ~[?:?]
	at com.st.microxplorer.util.MXPropertyChangeSupport.firePropertyChange(MXPropertyChangeSupport.java:54) ~[STM32CubeMX.jar:?]
	at com.st.microxplorer.mxsystem.MxSystem.closeConfig(MxSystem.java:899) ~[STM32CubeMX.jar:?]
	at com.st.microxplorer.maingui.MainPanel.closeConfig(MainPanel.java:792) ~[STM32CubeMX.jar:?]
	at com.st.microxplorer.plugins.filemanager.engine.OpenFileManager.loadConfigurationFile(OpenFileManager.java:288) ~[filemanager.jar:?]
	at com.st.microxplorer.plugins.filemanager.engine.MainFileManager.userLoadConfig(MainFileManager.java:364) ~[filemanager.jar:?]
	at com.st.microxplorer.plugins.filemanager.engine.MainFileManager.userLoadConfig(MainFileManager.java:342) ~[filemanager.jar:?]
	at com.st.microxplorer.plugins.filemanager.FileManagerView.getSpecificTask(FileManagerView.java:264) ~[filemanager.jar:?]
	at com.st.stm32cube.common.mx.editor.CubeMxEditor.getMxTabbedPaneInstance(CubeMxEditor.java:1198) ~[com.st.stm32cube.common.mx_6.15.0.202507011659/:?]
	at com.st.stm32cube.common.mx.editor.CubeMxEditor$12$1.createSwingComponent(CubeMxEditor.java:1068) ~[com.st.stm32cube.common.mx_6.15.0.202507011659/:?]
	at com.st.stm32cube.common.mx.oss.core.awtswtbridge.EmbeddedSwingComposite.doComponentCreation(EmbeddedSwingComposite.java:492) ~[com.st.stm32cube.common.mx.oss_6.15.0.202507011659/:?]
	at com.st.stm32cube.common.mx.oss.core.awtswtbridge.EmbeddedSwingComposite$4.run(EmbeddedSwingComposite.java:291) ~[com.st.stm32cube.common.mx.oss_6.15.0.202507011659/:?]
	at com.st.stm32cube.common.mx.oss.core.awtswtbridge.AwtEnvironment$2.run(AwtEnvironment.java:166) ~[com.st.stm32cube.common.mx.oss_6.15.0.202507011659/:?]
	at java.awt.event.InvocationEvent.dispatch(InvocationEvent.java:318) ~[?:?]
	at java.awt.EventQueue.dispatchEventImpl(EventQueue.java:773) ~[?:?]
	at java.awt.EventQueue$4.run(EventQueue.java:720) ~[?:?]
	at java.awt.EventQueue$4.run(EventQueue.java:714) ~[?:?]
	at java.security.AccessController.doPrivileged(AccessController.java:400) ~[?:?]
	at java.security.ProtectionDomain$JavaSecurityAccessImpl.doIntersectionPrivilege(ProtectionDomain.java:87) ~[?:?]
	at java.awt.EventQueue.dispatchEvent(EventQueue.java:742) ~[?:?]
	at java.awt.EventDispatchThread.pumpOneEventForFilters(EventDispatchThread.java:203) ~[?:?]
	at java.awt.EventDispatchThread.pumpEventsForFilter(EventDispatchThread.java:124) ~[?:?]
	at java.awt.EventDispatchThread.pumpEventsForHierarchy(EventDispatchThread.java:113) ~[?:?]
	at java.awt.EventDispatchThread.pumpEvents(EventDispatchThread.java:109) ~[?:?]
	at java.awt.EventDispatchThread.pumpEvents(EventDispatchThread.java:101) ~[?:?]
	at java.awt.EventDispatchThread.run(EventDispatchThread.java:90) ~[?:?]
2025-10-25 13:37:10,233 [WARN] ThirdParty:871 - waiting for thirdparty lock release [close project]
2025-10-25 13:37:10,234 [INFO] ThirdParty:873 - entering critical section [close project]
2025-10-25 13:37:10,234 [INFO] ThirdParty:883 - exiting critical section [close project]
2025-10-25 13:37:10,234 [INFO] PinOutPanel:1589 - setPackage(No Configuration,No Configuration)
2025-10-25 13:37:10,237 [INFO] UtilMem:75 - Begin LoadConfig() Used Memory: 786871672 Bytes (1003487232)
2025-10-25 13:37:10,237 [INFO] MicroXplorer:468 - Change Database Path : 
2025-10-25 13:37:10,237 [INFO] MicroXplorer:498 - Change Database Version : DB.6.0.150
2025-10-25 13:37:10,237 [INFO] OpenFileManager:355 - Change cursor
2025-10-25 13:37:10,242 [INFO] Mcu:2029 - Initializing MCU STM32L476R(C-E-G)Tx STM32L476RGTx STM32L476RGT3
2025-10-25 13:37:11,455 [INFO] Context:786 - Trying to add GPIOservice into a context  which must be forbidden
2025-10-25 13:37:11,655 [INFO] ImportTextPane:234 - (OptionalMessage_ERROR) Pin9 (VP_RIF_VS_RIF1) cannot be retrieved for this MCU
2025-10-25 13:37:11,680 [INFO] RtosManager:558 - Registered RTOS mode: class=CMSIS, group=RTOS, mode=CMSIS_V1, owner=FREERTOS
2025-10-25 13:37:11,680 [INFO] RtosManager:558 - Registered RTOS mode: class=CMSIS, group=RTOS2, mode=CMSIS_V2, owner=FREERTOS
2025-10-25 13:37:11,680 [INFO] RtosManager:558 - Registered RTOS mode: class=RTOS, group=Core, mode=CMSIS_V1, owner=FREERTOS
2025-10-25 13:37:11,680 [INFO] RtosManager:558 - Registered RTOS mode: class=RTOS, group=Core, mode=CMSIS_V2, owner=FREERTOS
2025-10-25 13:37:11,680 [WARN] ModelIntegratedComponent:184 - Missing modes for component STMicroelectronics:FreeRTOS:0.0.1:STMicroelectronics:RTOS:FreeRTOS:Core:::10.2.0:
2025-10-25 13:37:11,684 [WARN] ModelIntegratedComponent:63 - No mode defined for component null
2025-10-25 13:37:11,684 [WARN] ModelIntegratedComponent:63 - No mode defined for component null
2025-10-25 13:37:11,684 [WARN] ModelIntegratedComponent:63 - No mode defined for component null
2025-10-25 13:37:11,684 [WARN] ModelIntegratedComponent:63 - No mode defined for component null
2025-10-25 13:37:11,684 [WARN] ModelIntegratedComponent:63 - No mode defined for component null
2025-10-25 13:37:11,684 [WARN] ModelIntegratedComponent:63 - No mode defined for component null
2025-10-25 13:37:11,684 [WARN] ModelIntegratedComponent:63 - No mode defined for component null
2025-10-25 13:37:11,684 [WARN] ModelIntegratedComponent:63 - No mode defined for component null
2025-10-25 13:37:11,684 [WARN] ModelIntegratedComponent:63 - No mode defined for component null
2025-10-25 13:37:11,684 [WARN] ModelIntegratedComponent:63 - No mode defined for component null
2025-10-25 13:37:11,684 [WARN] ModelIntegratedComponent:63 - No mode defined for component null
2025-10-25 13:37:11,684 [WARN] ModelIntegratedComponent:63 - No mode defined for component null
2025-10-25 13:37:11,684 [WARN] ModelIntegratedComponent:63 - No mode defined for component null
2025-10-25 13:37:11,684 [WARN] ModelIntegratedComponent:63 - No mode defined for component null
2025-10-25 13:37:11,684 [WARN] ModelIntegratedComponent:63 - No mode defined for component null
2025-10-25 13:37:11,684 [WARN] ModelIntegratedComponent:63 - No mode defined for component null
2025-10-25 13:37:11,684 [WARN] ModelIntegratedComponent:63 - No mode defined for component null
2025-10-25 13:37:11,684 [WARN] ModelIntegratedComponent:63 - No mode defined for component null
2025-10-25 13:37:11,684 [WARN] ModelIntegratedComponent:63 - No mode defined for component null
2025-10-25 13:37:11,684 [WARN] ModelIntegratedComponent:63 - No mode defined for component null
2025-10-25 13:37:11,684 [WARN] ModelIntegratedComponent:63 - No mode defined for component null
2025-10-25 13:37:11,684 [WARN] ModelIntegratedComponent:63 - No mode defined for component null
2025-10-25 13:37:11,684 [WARN] ModelIntegratedComponent:63 - No mode defined for component null
2025-10-25 13:37:11,684 [WARN] ModelIntegratedComponent:63 - No mode defined for component null
2025-10-25 13:37:11,684 [WARN] ModelIntegratedComponent:63 - No mode defined for component null
2025-10-25 13:37:11,684 [WARN] ModelIntegratedComponent:63 - No mode defined for component null
2025-10-25 13:37:11,684 [WARN] ModelIntegratedComponent:63 - No mode defined for component null
2025-10-25 13:37:11,684 [WARN] ModelIntegratedComponent:63 - No mode defined for component null
2025-10-25 13:37:11,684 [WARN] ModelIntegratedComponent:63 - No mode defined for component null
2025-10-25 13:37:11,684 [WARN] ModelIntegratedComponent:63 - No mode defined for component null
2025-10-25 13:37:11,684 [WARN] ModelIntegratedComponent:63 - No mode defined for component null
2025-10-25 13:37:11,684 [WARN] ModelIntegratedComponent:63 - No mode defined for component null
2025-10-25 13:37:11,684 [WARN] ModelIntegratedComponent:63 - No mode defined for component null
2025-10-25 13:37:11,685 [WARN] ModelIntegratedComponent:63 - No mode defined for component null
2025-10-25 13:37:11,685 [WARN] ModelIntegratedComponent:63 - No mode defined for component null
2025-10-25 13:37:11,685 [WARN] ModelPack:524 - Component already loaded: STMicroelectronics:HAL Drivers:0.0.0:STMicroelectronics:Device:STMicro_Driver:XSPI:HAL::0.0.1:HAL_XSPI
2025-10-25 13:37:11,733 [INFO] ThirdPartyModel:298 - Start build external matchings
2025-10-25 13:37:12,075 [INFO] ThirdPartyModel:316 - End build external matchings
2025-10-25 13:37:12,081 [INFO] ImportTextPane:234 - (OptionalMessage_ERROR) IP (ADC1) : Parameter (CommonPathInternal) has invalid value (null|null|null|null)
2025-10-25 13:37:12,339 [INFO] UtilMem:75 - End LoadConfig() Used Memory: 765474128 Bytes (1003487232)
2025-10-25 13:37:12,371 [WARN] ThirdParty:833 - waiting for thirdparty lock release [change project]
2025-10-25 13:37:12,371 [INFO] ThirdParty:835 - entering critical section [change project]
2025-10-25 13:37:12,371 [INFO] ThirdParty:1030 - CMSIS Pack Vendor :STMicroelectronics X-CUBE-PM33A1 1.0.0
2025-10-25 13:37:12,371 [INFO] ThirdParty:1030 - CMSIS Pack Vendor :STMicroelectronics USBPD 4.1
2025-10-25 13:37:12,371 [INFO] ThirdParty:1030 - CMSIS Pack Vendor :STMicroelectronics X-CUBE-NFC9 1.0.0
2025-10-25 13:37:12,371 [INFO] ThirdParty:1030 - CMSIS Pack Vendor :STMicroelectronics USB_HOST 2.0.0
2025-10-25 13:37:12,371 [INFO] ThirdParty:1030 - CMSIS Pack Vendor :STMicroelectronics FP-SNS-MOTENVWB1 1.4.0
2025-10-25 13:37:12,371 [INFO] ThirdParty:1030 - CMSIS Pack Vendor :STMicroelectronics X-CUBE-AZRTOS-F4 1.1.0
2025-10-25 13:37:12,371 [INFO] ThirdParty:1030 - CMSIS Pack Vendor :STMicroelectronics LIBJPEG 8.0.0
2025-10-25 13:37:12,371 [INFO] ThirdParty:1030 - CMSIS Pack Vendor :STMicroelectronics FP-ATR-ASTRA1 2.0.2
2025-10-25 13:37:12,372 [INFO] ThirdParty:1030 - CMSIS Pack Vendor :wolfSSL I-CUBE-wolfSSL 5.8.2
2025-10-25 13:37:12,372 [INFO] ThirdParty:1030 - CMSIS Pack Vendor :STMicroelectronics X-CUBE-BLE1 7.1.0
2025-10-25 13:37:12,372 [INFO] ThirdParty:1030 - CMSIS Pack Vendor :Avnet-IotConnect X-CUBE-IoTC-DA16k-PMOD 1.0.0
2025-10-25 13:37:12,372 [INFO] ThirdParty:1030 - CMSIS Pack Vendor :STMicroelectronics X-CUBE-SMBUS 2.1.0
2025-10-25 13:37:12,372 [INFO] ThirdParty:1030 - CMSIS Pack Vendor :wolfSSL I-CUBE-wolfMQTT 1.19.2
2025-10-25 13:37:12,372 [INFO] ThirdParty:1030 - CMSIS Pack Vendor :STMicroelectronics USB_DEVICE 3.0.0
2025-10-25 13:37:12,372 [INFO] ThirdParty:1030 - CMSIS Pack Vendor :STMicroelectronics X-CUBE-ISPU 2.1.0
2025-10-25 13:37:12,372 [INFO] ThirdParty:1030 - CMSIS Pack Vendor :STMicroelectronics X-CUBE-EEPRMA1 5.2.0
2025-10-25 13:37:12,372 [INFO] ThirdParty:1030 - CMSIS Pack Vendor :STMicroelectronics X-CUBE-IPS 3.2.0
2025-10-25 13:37:12,372 [INFO] ThirdParty:1030 - CMSIS Pack Vendor :STMicroelectronics X-CUBE-BLEMGR 4.1.0
2025-10-25 13:37:12,372 [INFO] ThirdParty:1030 - CMSIS Pack Vendor :STMicroelectronics X-CUBE-AZRTOS-WB 2.0.0
2025-10-25 13:37:12,372 [INFO] ThirdParty:1030 - CMSIS Pack Vendor :STMicroelectronics X-CUBE-ST60 1.0.0
2025-10-25 13:37:12,372 [INFO] ThirdParty:1030 - CMSIS Pack Vendor :STMicroelectronics X-CUBE-GNSS1 7.0.1
2025-10-25 13:37:12,372 [INFO] ThirdParty:1030 - CMSIS Pack Vendor :STMicroelectronics X-CUBE-NFC12 1.0.0
2025-10-25 13:37:12,372 [INFO] ThirdParty:1030 - CMSIS Pack Vendor :STMicroelectronics X-CUBE-AZRTOS-F7 1.1.0
2025-10-25 13:37:12,372 [INFO] ThirdParty:1030 - CMSIS Pack Vendor :STMicroelectronics X-CUBE-AZRTOS-L5 2.0.0
2025-10-25 13:37:12,372 [INFO] ThirdParty:1030 - CMSIS Pack Vendor :STMicroelectronics X-CUBE-TOUCHGFX 4.25.0
2025-10-25 13:37:12,372 [INFO] ThirdParty:1030 - CMSIS Pack Vendor :STMicroelectronics USB_DEVICE 2.0.0
2025-10-25 13:37:12,372 [INFO] ThirdParty:1030 - CMSIS Pack Vendor :STMicroelectronics X-CUBE-NFC6 3.1.0
2025-10-25 13:37:12,372 [INFO] ThirdParty:1030 - CMSIS Pack Vendor :STMicroelectronics X-CUBE-ST67W61 1.1.0
2025-10-25 13:37:12,372 [INFO] ThirdParty:1030 - CMSIS Pack Vendor :quantropi X-CUBE-qispace-sdk-base 2.1.0
2025-10-25 13:37:12,372 [INFO] ThirdParty:1030 - CMSIS Pack Vendor :STMicroelectronics FreeRTOS 0.0.1
2025-10-25 13:37:12,372 [INFO] ThirdParty:1030 - CMSIS Pack Vendor :STMicroelectronics X-CUBE-AZRTOS-G0 1.1.0
2025-10-25 13:37:12,372 [INFO] ThirdParty:1030 - CMSIS Pack Vendor :STMicroelectronics X-CUBE-SAFEA1 1.2.2
2025-10-25 13:37:12,372 [INFO] ThirdParty:1030 - CMSIS Pack Vendor :STMicroelectronics X-CUBE-NFC4 3.0.0
2025-10-25 13:37:12,372 [INFO] ThirdParty:1030 - CMSIS Pack Vendor :STMicroelectronics X-CUBE-SUBG2 5.0.0
2025-10-25 13:37:12,372 [INFO] ThirdParty:1030 - CMSIS Pack Vendor :STMicroelectronics X-CUBE-AZRTOS-H7RS 1.1.0
2025-10-25 13:37:12,372 [INFO] ThirdParty:1030 - CMSIS Pack Vendor :STMicroelectronics STM32_WPAN 1.0.0
2025-10-25 13:37:12,372 [INFO] ThirdParty:1030 - CMSIS Pack Vendor :EmbeddedOffice I-CUBE-FS-RTOS 1.0.1
2025-10-25 13:37:12,372 [INFO] ThirdParty:1030 - CMSIS Pack Vendor :STMicroelectronics lwIP 2.0.3
2025-10-25 13:37:12,372 [INFO] ThirdParty:1030 - CMSIS Pack Vendor :WES I-CUBE-Cesium 1.4.0
2025-10-25 13:37:12,372 [INFO] ThirdParty:1030 - CMSIS Pack Vendor :Cesanta I-CUBE-Mongoose 7.13.0
2025-10-25 13:37:12,372 [INFO] ThirdParty:1030 - CMSIS Pack Vendor :STMicroelectronics USB_HOST 1.0.0
2025-10-25 13:37:12,372 [INFO] ThirdParty:1030 - CMSIS Pack Vendor :Infineon AIROC-Wi-Fi-Bluetooth-STM32 1.7.1
2025-10-25 13:37:12,372 [INFO] ThirdParty:1030 - CMSIS Pack Vendor :STMicroelectronics X-CUBE-AZRTOS-G4 2.0.0
2025-10-25 13:37:12,372 [INFO] ThirdParty:1030 - CMSIS Pack Vendor :STMicroelectronics X-CUBE-WB05N 2.0.0
2025-10-25 13:37:12,372 [INFO] ThirdParty:1030 - CMSIS Pack Vendor :STMicroelectronics PDM2PCM 3.1.0
2025-10-25 13:37:12,372 [INFO] ThirdParty:1030 - CMSIS Pack Vendor :STMicroelectronics PDM2PCM 3.3.0
2025-10-25 13:37:12,372 [INFO] ThirdParty:1030 - CMSIS Pack Vendor :wolfSSL I-CUBE-wolfTPM 3.8.0
2025-10-25 13:37:12,372 [INFO] ThirdParty:1030 - CMSIS Pack Vendor :STMicroelectronics X-CUBE-AZRTOS-H7 3.4.0
2025-10-25 13:37:12,372 [INFO] ThirdParty:1030 - CMSIS Pack Vendor :STMicroelectronics X-CUBE-DISPLAY 3.0.0
2025-10-25 13:37:12,372 [INFO] ThirdParty:1030 - CMSIS Pack Vendor :wolfSSL I-CUBE-wolfSSH 1.4.20
2025-10-25 13:37:12,372 [INFO] ThirdParty:1030 - CMSIS Pack Vendor :STMicroelectronics X-CUBE-NFC7 2.0.0
2025-10-25 13:37:12,372 [INFO] ThirdParty:1030 - CMSIS Pack Vendor :STMicroelectronics X-CUBE-TCPP 4.2.0
2025-10-25 13:37:12,372 [INFO] ThirdParty:1030 - CMSIS Pack Vendor :RealThread X-CUBE-RT-Thread_Nano 4.1.1
2025-10-25 13:37:12,372 [INFO] ThirdParty:1030 - CMSIS Pack Vendor :STMicroelectronics FP-ATR-SIGFOX1 3.2.0
2025-10-25 13:37:12,372 [INFO] ThirdParty:1030 - CMSIS Pack Vendor :STMicroelectronics X-CUBE-NFC10 1.0.0
2025-10-25 13:37:12,372 [INFO] ThirdParty:1030 - CMSIS Pack Vendor :STMicroelectronics X-CUBE-FREERTOS 1.3.1
2025-10-25 13:37:12,372 [INFO] ThirdParty:1030 - CMSIS Pack Vendor :STMicroelectronics HAL Drivers 0.0.0
2025-10-25 13:37:12,373 [INFO] ThirdParty:1030 - CMSIS Pack Vendor :STMicroelectronics MBEDTLS 2.16.2
2025-10-25 13:37:12,373 [INFO] ThirdParty:1030 - CMSIS Pack Vendor :STMicroelectronics X-CUBE-ST60 1.1.0
2025-10-25 13:37:12,373 [INFO] ThirdParty:1030 - CMSIS Pack Vendor :STMicroelectronics X-CUBE-IPS 3.1.0
2025-10-25 13:37:12,373 [INFO] ThirdParty:1030 - CMSIS Pack Vendor :STMicroelectronics X-CUBE-ALS 1.0.2
2025-10-25 13:37:12,373 [INFO] ThirdParty:1030 - CMSIS Pack Vendor :emotas I-CUBE-CANOPEN 1.3.0
2025-10-25 13:37:12,373 [INFO] ThirdParty:1030 - CMSIS Pack Vendor :STMicroelectronics MBEDTLS 2.14.1
2025-10-25 13:37:12,373 [INFO] ThirdParty:1030 - CMSIS Pack Vendor :ITTIA_DB I-CUBE-ITTIADB 8.9.0
2025-10-25 13:37:12,373 [INFO] ThirdParty:1030 - CMSIS Pack Vendor :STMicroelectronics X-CUBE-TOUCHGFX 4.26.0
2025-10-25 13:37:12,373 [INFO] ThirdParty:1030 - CMSIS Pack Vendor :STMicroelectronics X-CUBE-STSE01 1.0.0
2025-10-25 13:37:12,373 [INFO] ThirdParty:1030 - CMSIS Pack Vendor :STMicroelectronics X-CUBE-ST67W61 1.0.0
2025-10-25 13:37:12,373 [INFO] ThirdParty:1030 - CMSIS Pack Vendor :STMicroelectronics FP-SNS-STBOX1 2.1.0
2025-10-25 13:37:12,373 [INFO] ThirdParty:1030 - CMSIS Pack Vendor :STMicroelectronics X-CUBE-AI 10.2.0
2025-10-25 13:37:12,373 [INFO] ThirdParty:1030 - CMSIS Pack Vendor :STMicroelectronics FP-SNS-STAIOTCFT 1.0.0
2025-10-25 13:37:12,373 [INFO] ThirdParty:1030 - CMSIS Pack Vendor :STMicroelectronics ThreadX 1.0.0
2025-10-25 13:37:12,373 [INFO] ThirdParty:1030 - CMSIS Pack Vendor :STMicroelectronics FP-SNS-SMARTAG2 1.2.0
2025-10-25 13:37:12,373 [INFO] ThirdParty:1030 - CMSIS Pack Vendor :STMicroelectronics FP-SNS-FLIGHT1 5.1.0
2025-10-25 13:37:12,373 [INFO] ThirdParty:1030 - CMSIS Pack Vendor :STMicroelectronics X-CUBE-AZRTOS-WL 2.0.0
2025-10-25 13:37:12,373 [INFO] ThirdParty:1030 - CMSIS Pack Vendor :SEGGER I-CUBE-embOS 1.3.1
2025-10-25 13:37:12,373 [INFO] ThirdParty:1030 - CMSIS Pack Vendor :STMicroelectronics X-CUBE-ALGOBUILD 1.4.0
2025-10-25 13:37:12,373 [INFO] ThirdParty:1030 - CMSIS Pack Vendor :STMicroelectronics X-CUBE-DPower 1.3.0
2025-10-25 13:37:12,373 [INFO] ThirdParty:1030 - CMSIS Pack Vendor :STMicroelectronics X-CUBE-MEMS1 11.3.0
2025-10-25 13:37:12,373 [INFO] ThirdParty:1030 - CMSIS Pack Vendor :STMicroelectronics FP-SNS-MOTENV1 5.0.0
2025-10-25 13:37:12,373 [INFO] ThirdParty:1030 - CMSIS Pack Vendor :STMicroelectronics USB_DEVICE 1.0.0
2025-10-25 13:37:12,373 [INFO] ThirdParty:1030 - CMSIS Pack Vendor :STMicroelectronics X-CUBE-AZRTOS-L4 2.0.0
2025-10-25 13:37:12,373 [INFO] ThirdParty:1030 - CMSIS Pack Vendor :STMicroelectronics ThreadX 0.0.2
2025-10-25 13:37:12,373 [INFO] ThirdParty:1030 - CMSIS Pack Vendor :STMicroelectronics lwIP 2.1.2
2025-10-25 13:37:12,373 [INFO] ThirdParty:1030 - CMSIS Pack Vendor :STMicroelectronics X-CUBE-SFXS2LP1 4.0.0
2025-10-25 13:37:12,373 [INFO] ThirdParty:1030 - CMSIS Pack Vendor :STMicroelectronics X-CUBE-BLE2 3.3.0
2025-10-25 13:37:12,373 [INFO] ThirdParty:1030 - CMSIS Pack Vendor :STMicroelectronics X-CUBE-TOF1 3.4.3
2025-10-25 13:37:12,373 [INFO] ThirdParty:1030 - CMSIS Pack Vendor :STMicroelectronics PDM2PCM 3.2.0
2025-10-25 13:37:12,373 [INFO] ThirdParty:841 - exiting critical section [change project]
2025-10-25 13:37:12,504 [INFO] PinOutPanel:1589 - setPackage(No Configuration,No Configuration)
2025-10-25 13:37:12,505 [INFO] PinOutPanel:1589 - setPackage(STM32L476RGTx,LQFP64)
2025-10-25 13:37:12,777 [INFO] UtilMem:75 - Before build in PCC Used Memory: 565194616 Bytes (1003487232)
2025-10-25 13:37:12,904 [INFO] UtilMem:75 - After build in PCC Used Memory: 644886392 Bytes (1003487232)
2025-10-25 13:37:12,921 [INFO] IPUIPlugin:80 - create IPUIPlugin
2025-10-25 13:37:12,921 [INFO] IPUIPlugin:80 - create IPUIPlugin
2025-10-25 13:37:12,921 [INFO] IPUIPlugin:80 - create IPUIPlugin
2025-10-25 13:37:12,921 [INFO] IPUIPlugin:80 - create IPUIPlugin
2025-10-25 13:37:12,921 [INFO] IPUIPlugin:80 - create IPUIPlugin
2025-10-25 13:37:12,921 [INFO] IPUIPlugin:80 - create IPUIPlugin
2025-10-25 13:37:12,921 [INFO] IPUIPlugin:80 - create IPUIPlugin
2025-10-25 13:37:12,921 [INFO] IPUIPlugin:80 - create IPUIPlugin
2025-10-25 13:37:12,921 [INFO] IPUIPlugin:80 - create IPUIPlugin
2025-10-25 13:37:12,921 [INFO] IPUIPlugin:80 - create IPUIPlugin
2025-10-25 13:37:12,922 [INFO] IPUIPlugin:80 - create IPUIPlugin
2025-10-25 13:37:12,922 [INFO] IPUIPlugin:80 - create IPUIPlugin
2025-10-25 13:37:12,922 [INFO] IPUIPlugin:80 - create IPUIPlugin
2025-10-25 13:37:12,922 [INFO] IPUIPlugin:80 - create IPUIPlugin
2025-10-25 13:37:12,922 [INFO] IPUIPlugin:80 - create IPUIPlugin
2025-10-25 13:37:12,922 [INFO] IPUIPlugin:80 - create IPUIPlugin
2025-10-25 13:37:12,922 [INFO] IPUIPlugin:80 - create IPUIPlugin
2025-10-25 13:37:12,922 [INFO] IPUIPlugin:80 - create IPUIPlugin
2025-10-25 13:37:12,922 [INFO] IPUIPlugin:80 - create IPUIPlugin
2025-10-25 13:37:12,922 [INFO] IPUIPlugin:80 - create IPUIPlugin
2025-10-25 13:37:12,922 [INFO] IPUIPlugin:80 - create IPUIPlugin
2025-10-25 13:37:12,922 [INFO] IPUIPlugin:80 - create IPUIPlugin
2025-10-25 13:37:12,923 [INFO] IPUIPlugin:80 - create IPUIPlugin
2025-10-25 13:37:12,923 [INFO] IPUIPlugin:80 - create IPUIPlugin
2025-10-25 13:37:12,923 [INFO] IPUIPlugin:80 - create IPUIPlugin
2025-10-25 13:37:12,923 [INFO] IPUIPlugin:80 - create IPUIPlugin
2025-10-25 13:37:12,923 [INFO] IPUIPlugin:80 - create IPUIPlugin
2025-10-25 13:37:12,923 [INFO] IPUIPlugin:80 - create IPUIPlugin
2025-10-25 13:37:12,923 [INFO] IPUIPlugin:80 - create IPUIPlugin
2025-10-25 13:37:12,923 [INFO] IPUIPlugin:80 - create IPUIPlugin
2025-10-25 13:37:12,923 [INFO] IPUIPlugin:80 - create IPUIPlugin
2025-10-25 13:37:12,923 [INFO] IPUIPlugin:80 - create IPUIPlugin
2025-10-25 13:37:12,924 [INFO] IPUIPlugin:80 - create IPUIPlugin
2025-10-25 13:37:12,924 [INFO] IPUIPlugin:80 - create IPUIPlugin
2025-10-25 13:37:12,924 [INFO] IPUIPlugin:80 - create IPUIPlugin
2025-10-25 13:37:12,924 [INFO] IPUIPlugin:80 - create IPUIPlugin
2025-10-25 13:37:12,924 [INFO] IPUIPlugin:80 - create IPUIPlugin
2025-10-25 13:37:12,924 [INFO] IPUIPlugin:80 - create IPUIPlugin
2025-10-25 13:37:12,924 [INFO] IPUIPlugin:80 - create IPUIPlugin
2025-10-25 13:37:12,925 [INFO] IPUIPlugin:80 - create IPUIPlugin
2025-10-25 13:37:12,925 [INFO] IPUIPlugin:80 - create IPUIPlugin
2025-10-25 13:37:12,925 [INFO] IPUIPlugin:80 - create IPUIPlugin
2025-10-25 13:37:12,925 [INFO] IPUIPlugin:80 - create IPUIPlugin
2025-10-25 13:37:12,925 [INFO] IPUIPlugin:80 - create IPUIPlugin
2025-10-25 13:37:12,925 [INFO] IPUIPlugin:80 - create IPUIPlugin
2025-10-25 13:37:12,925 [INFO] IPUIPlugin:80 - create IPUIPlugin
2025-10-25 13:37:12,926 [INFO] IPUIPlugin:80 - create IPUIPlugin
2025-10-25 13:37:12,926 [INFO] IPUIPlugin:80 - create IPUIPlugin
2025-10-25 13:37:12,926 [INFO] IPUIPlugin:80 - create IPUIPlugin
2025-10-25 13:37:12,926 [INFO] IPUIPlugin:80 - create IPUIPlugin
2025-10-25 13:37:12,926 [INFO] IPUIPlugin:80 - create IPUIPlugin
2025-10-25 13:37:12,926 [INFO] IPUIPlugin:80 - create IPUIPlugin
2025-10-25 13:37:12,927 [INFO] IPUIPlugin:80 - create IPUIPlugin
2025-10-25 13:37:12,927 [INFO] IPUIPlugin:80 - create IPUIPlugin
2025-10-25 13:37:12,927 [INFO] IPUIPlugin:80 - create IPUIPlugin
2025-10-25 13:37:12,927 [INFO] IPUIPlugin:80 - create IPUIPlugin
2025-10-25 13:37:12,927 [INFO] IPUIPlugin:80 - create IPUIPlugin
2025-10-25 13:37:12,928 [INFO] IPUIPlugin:80 - create IPUIPlugin
2025-10-25 13:37:12,928 [INFO] IPUIPlugin:80 - create IPUIPlugin
2025-10-25 13:37:12,967 [INFO] CADModel:165 - CPN selected for project levelSTM32L476RGT3
2025-10-25 13:37:12,967 [INFO] CADModel:114 - Register for checkConnection events
2025-10-25 13:37:13,059 [INFO] OpenFileManager:386 - Restore cursor
2025-10-25 13:38:36,349 [INFO] ADCParametersView:116 -                Rank 1 : false
2025-10-25 13:38:36,431 [INFO] ADCParametersView:116 -                Rank 1 : false
2025-10-25 13:38:36,432 [INFO] ADCParametersView:116 -                Rank 1 : false
2025-10-25 13:38:36,432 [INFO] ADCParametersView:116 -                Rank 1 : false
2025-10-25 13:38:36,432 [INFO] ADCParametersView:116 -                Rank 1 : false
2025-10-25 13:38:36,432 [INFO] ADCParametersView:116 -                Rank 1 : false
2025-10-25 13:38:36,432 [INFO] ADCParametersView:116 -                Rank 1 : false
2025-10-25 13:38:36,432 [INFO] ADCParametersView:116 -                Rank 1 : false
2025-10-25 13:38:36,432 [INFO] ADCParametersView:116 -                Rank 1 : false
2025-10-25 13:38:36,433 [INFO] ADCParametersView:116 -                Rank 1 : false
2025-10-25 13:38:36,433 [INFO] ADCParametersView:116 -                Rank 1 : false
2025-10-25 13:38:36,433 [INFO] ADCParametersView:116 -                Rank 1 : false
2025-10-25 13:38:36,433 [INFO] ADCParametersView:116 -                Rank 1 : false
2025-10-25 13:38:36,433 [INFO] ADCParametersView:116 -                Rank 1 : false
2025-10-25 13:38:36,433 [INFO] ADCParametersView:116 -                Rank 1 : false
2025-10-25 13:38:36,433 [INFO] ADCParametersView:116 -                Rank 1 : false
2025-10-25 13:38:36,433 [INFO] ADCParametersView:116 -                Rank 1 : false
2025-10-25 13:38:36,433 [INFO] ADCParametersView:116 -                Rank 1 : false
2025-10-25 13:38:36,433 [INFO] ADCParametersView:116 -                Rank 1 : false
2025-10-25 13:38:36,434 [INFO] ADCParametersView:116 -                Rank 1 : false
2025-10-25 13:38:36,434 [INFO] ADCParametersView:116 -                Rank 1 : false
2025-10-25 13:38:36,444 [INFO] ADCParametersView:116 -                Rank 1 : false
2025-10-25 13:38:36,603 [INFO] NvicIntPanel:101 - NVIC parent = com.st.microxplorer.plugins.ip.nvic.MultiNvicIntPanel[,0,0,0x0,invalid,layout=javax.swing.BoxLayout,alignmentX=0.0,alignmentY=0.0,border=,flags=9,maximumSize=,minimumSize=,preferredSize=]
2025-10-25 13:38:36,737 [INFO] NvicIntPanel:101 - NVIC parent = com.st.microxplorer.plugins.ip.nvic.MultiNvicIntPanel[,0,0,0x0,invalid,layout=javax.swing.BoxLayout,alignmentX=0.0,alignmentY=0.0,border=,flags=9,maximumSize=,minimumSize=,preferredSize=]
2025-10-25 13:38:36,863 [INFO] NvicIntPanel:101 - NVIC parent = com.st.microxplorer.plugins.ip.nvic.MultiNvicIntPanel[,0,0,0x0,invalid,layout=javax.swing.BoxLayout,alignmentX=0.0,alignmentY=0.0,border=,flags=9,maximumSize=,minimumSize=,preferredSize=]
2025-10-25 13:38:36,993 [INFO] NvicIntPanel:101 - NVIC parent = com.st.microxplorer.plugins.ip.nvic.MultiNvicIntPanel[,0,0,0x0,invalid,layout=javax.swing.BoxLayout,alignmentX=0.0,alignmentY=0.0,border=,flags=9,maximumSize=,minimumSize=,preferredSize=]
2025-10-25 13:38:37,056 [INFO] ADCParametersView:116 -                Rank 1 : false
2025-10-25 13:38:37,056 [INFO] ADCParametersView:116 -                Rank 1 : false
2025-10-25 13:38:37,056 [INFO] ADCParametersView:116 -                Rank 1 : false
2025-10-25 13:38:37,056 [INFO] ADCParametersView:116 -                Rank 1 : false
2025-10-25 13:38:37,056 [INFO] ADCParametersView:116 -                Rank 1 : false
2025-10-25 13:38:37,056 [INFO] ADCParametersView:116 -                Rank 1 : false
2025-10-25 13:38:37,057 [INFO] ADCParametersView:116 -                Rank 1 : false
2025-10-25 13:38:37,057 [INFO] ADCParametersView:116 -                Rank 1 : false
2025-10-25 13:38:37,057 [INFO] ADCParametersView:116 -                Rank 1 : false
2025-10-25 13:38:37,057 [INFO] ADCParametersView:116 -                Rank 1 : false
2025-10-25 13:38:37,057 [INFO] ADCParametersView:116 -                Rank 1 : false
2025-10-25 13:38:37,057 [INFO] ADCParametersView:116 -                Rank 1 : false
2025-10-25 13:38:37,057 [INFO] ADCParametersView:116 -                Rank 1 : false
2025-10-25 13:38:37,057 [INFO] ADCParametersView:116 -                Rank 1 : false
2025-10-25 13:38:37,057 [INFO] ADCParametersView:116 -                Rank 1 : false
2025-10-25 13:38:37,057 [INFO] ADCParametersView:116 -                Rank 1 : false
2025-10-25 13:38:37,057 [INFO] ADCParametersView:116 -                Rank 1 : false
2025-10-25 13:38:37,057 [INFO] ADCParametersView:116 -                Rank 1 : false
2025-10-25 13:38:37,057 [INFO] ADCParametersView:116 -                Rank 1 : false
2025-10-25 13:38:37,057 [INFO] ADCParametersView:116 -                Rank 1 : false
2025-10-25 13:38:37,087 [INFO] ADCParametersView:116 -                Rank 1 : false
2025-10-25 13:38:37,124 [INFO] ADCParametersView:116 -                Rank 1 : false
2025-10-25 13:38:37,124 [INFO] ADCParametersView:116 -                Rank 1 : false
2025-10-25 13:38:37,124 [INFO] ADCParametersView:116 -                Rank 1 : false
2025-10-25 13:38:37,124 [INFO] ADCParametersView:116 -                Rank 1 : false
2025-10-25 13:38:37,124 [INFO] ADCParametersView:116 -                Rank 1 : false
2025-10-25 13:38:37,124 [INFO] ADCParametersView:116 -                Rank 1 : false
2025-10-25 13:38:37,124 [INFO] ADCParametersView:116 -                Rank 1 : false
2025-10-25 13:38:37,124 [INFO] ADCParametersView:116 -                Rank 1 : false
2025-10-25 13:38:37,124 [INFO] ADCParametersView:116 -                Rank 1 : false
2025-10-25 13:38:37,125 [INFO] ADCParametersView:116 -                Rank 1 : false
2025-10-25 13:38:37,125 [INFO] ADCParametersView:116 -                Rank 1 : false
2025-10-25 13:38:37,125 [INFO] ADCParametersView:116 -                Rank 1 : false
2025-10-25 13:38:37,125 [INFO] ADCParametersView:116 -                Rank 1 : false
2025-10-25 13:38:37,125 [INFO] ADCParametersView:116 -                Rank 1 : false
2025-10-25 13:38:37,125 [INFO] ADCParametersView:116 -                Rank 1 : false
2025-10-25 13:38:37,125 [INFO] ADCParametersView:116 -                Rank 1 : false
2025-10-25 13:38:37,125 [INFO] ADCParametersView:116 -                Rank 1 : false
2025-10-25 13:38:37,125 [INFO] ADCParametersView:116 -                Rank 1 : false
2025-10-25 13:38:37,125 [INFO] ADCParametersView:116 -                Rank 1 : false
2025-10-25 13:38:37,125 [INFO] ADCParametersView:116 -                Rank 1 : false
2025-10-25 13:38:37,155 [INFO] ADCParametersView:116 -                Rank 1 : false
2025-10-25 13:39:11,677 [INFO] ADCParametersView:116 -                Rank 1 : false
2025-10-25 13:39:11,681 [INFO] ADCParametersView:116 -                Rank 1 : false
2025-10-25 13:39:11,681 [INFO] ADCParametersView:116 -                Rank 1 : false
2025-10-25 13:39:11,681 [INFO] ADCParametersView:116 -                Rank 1 : false
2025-10-25 13:39:11,681 [INFO] ADCParametersView:116 -                Rank 1 : false
2025-10-25 13:39:11,681 [INFO] ADCParametersView:116 -                Rank 1 : false
2025-10-25 13:39:11,681 [INFO] ADCParametersView:116 -                Rank 1 : false
2025-10-25 13:39:11,681 [INFO] ADCParametersView:116 -                Rank 1 : false
2025-10-25 13:39:11,681 [INFO] ADCParametersView:116 -                Rank 1 : false
2025-10-25 13:39:11,681 [INFO] ADCParametersView:116 -                Rank 1 : false
2025-10-25 13:39:11,682 [INFO] ADCParametersView:116 -                Rank 1 : false
2025-10-25 13:39:11,682 [INFO] ADCParametersView:116 -                Rank 1 : false
2025-10-25 13:39:11,682 [INFO] ADCParametersView:116 -                Rank 1 : false
2025-10-25 13:39:11,682 [INFO] ADCParametersView:116 -                Rank 1 : false
2025-10-25 13:39:11,682 [INFO] ADCParametersView:116 -                Rank 1 : false
2025-10-25 13:39:11,682 [INFO] ADCParametersView:116 -                Rank 1 : false
2025-10-25 13:39:11,682 [INFO] ADCParametersView:116 -                Rank 1 : false
2025-10-25 13:39:11,682 [INFO] ADCParametersView:116 -                Rank 1 : false
2025-10-25 13:39:11,682 [INFO] ADCParametersView:116 -                Rank 1 : false
2025-10-25 13:39:11,682 [INFO] ADCParametersView:116 -                Rank 1 : false
2025-10-25 13:39:11,691 [INFO] ADCParametersView:116 -                Rank 1 : false
2025-10-25 13:39:11,710 [INFO] ADCParametersView:116 -                Rank 1 : false
2025-10-25 13:39:11,711 [INFO] ADCParametersView:116 -                Rank 1 : false
2025-10-25 13:39:11,711 [INFO] ADCParametersView:116 -                Rank 1 : false
2025-10-25 13:39:11,711 [INFO] ADCParametersView:116 -                Rank 1 : false
2025-10-25 13:39:11,712 [INFO] ADCParametersView:116 -                Rank 1 : false
2025-10-25 13:39:11,712 [INFO] ADCParametersView:116 -                Rank 1 : false
2025-10-25 13:39:11,712 [INFO] ADCParametersView:116 -                Rank 1 : false
2025-10-25 13:39:11,712 [INFO] ADCParametersView:116 -                Rank 1 : false
2025-10-25 13:39:11,712 [INFO] ADCParametersView:116 -                Rank 1 : false
2025-10-25 13:39:11,712 [INFO] ADCParametersView:116 -                Rank 1 : false
2025-10-25 13:39:11,712 [INFO] ADCParametersView:116 -                Rank 1 : false
2025-10-25 13:39:11,712 [INFO] ADCParametersView:116 -                Rank 1 : false
2025-10-25 13:39:11,712 [INFO] ADCParametersView:116 -                Rank 1 : false
2025-10-25 13:39:11,712 [INFO] ADCParametersView:116 -                Rank 1 : false
2025-10-25 13:39:11,712 [INFO] ADCParametersView:116 -                Rank 1 : false
2025-10-25 13:39:11,712 [INFO] ADCParametersView:116 -                Rank 1 : false
2025-10-25 13:39:11,712 [INFO] ADCParametersView:116 -                Rank 1 : false
2025-10-25 13:39:11,712 [INFO] ADCParametersView:116 -                Rank 1 : false
2025-10-25 13:39:11,712 [INFO] ADCParametersView:116 -                Rank 1 : false
2025-10-25 13:39:11,712 [INFO] ADCParametersView:116 -                Rank 1 : false
2025-10-25 13:39:11,721 [INFO] ADCParametersView:116 -                Rank 1 : false
2025-10-25 13:39:11,767 [INFO] ADCParametersView:116 -                Rank 1 : false
2025-10-25 13:39:11,768 [INFO] ADCParametersView:116 -                Rank 1 : false
2025-10-25 13:39:11,769 [INFO] ADCParametersView:116 -                Rank 1 : false
2025-10-25 13:39:11,769 [INFO] ADCParametersView:116 -                Rank 1 : false
2025-10-25 13:39:11,769 [INFO] ADCParametersView:116 -                Rank 1 : false
2025-10-25 13:39:11,769 [INFO] ADCParametersView:116 -                Rank 1 : false
2025-10-25 13:39:11,770 [INFO] ADCParametersView:116 -                Rank 1 : false
2025-10-25 13:39:11,770 [INFO] ADCParametersView:116 -                Rank 1 : false
2025-10-25 13:39:11,770 [INFO] ADCParametersView:116 -                Rank 1 : false
2025-10-25 13:39:11,770 [INFO] ADCParametersView:116 -                Rank 1 : false
2025-10-25 13:39:11,770 [INFO] ADCParametersView:116 -                Rank 1 : false
2025-10-25 13:39:11,770 [INFO] ADCParametersView:116 -                Rank 1 : false
2025-10-25 13:39:11,770 [INFO] ADCParametersView:116 -                Rank 1 : false
2025-10-25 13:39:11,770 [INFO] ADCParametersView:116 -                Rank 1 : false
2025-10-25 13:39:11,770 [INFO] ADCParametersView:116 -                Rank 1 : false
2025-10-25 13:39:11,770 [INFO] ADCParametersView:116 -                Rank 1 : false
2025-10-25 13:39:11,770 [INFO] ADCParametersView:116 -                Rank 1 : false
2025-10-25 13:39:11,771 [INFO] ADCParametersView:116 -                Rank 1 : false
2025-10-25 13:39:11,771 [INFO] ADCParametersView:116 -                Rank 1 : false
2025-10-25 13:39:11,771 [INFO] ADCParametersView:116 -                Rank 1 : false
2025-10-25 13:39:11,800 [INFO] ADCParametersView:116 -                Rank 1 : false
2025-10-25 13:39:18,589 [INFO] NvicIntPanel:101 - NVIC parent = com.st.microxplorer.plugins.ip.nvic.MultiNvicIntPanel[,0,0,696x413,layout=javax.swing.BoxLayout,alignmentX=0.0,alignmentY=0.0,border=,flags=9,maximumSize=,minimumSize=,preferredSize=]
2025-10-25 13:39:21,717 [INFO] NvicIntPanel:101 - NVIC parent = com.st.microxplorer.plugins.ip.nvic.MultiNvicIntPanel[,0,0,0x0,invalid,layout=javax.swing.BoxLayout,alignmentX=0.0,alignmentY=0.0,border=,flags=9,maximumSize=,minimumSize=,preferredSize=]
2025-10-25 13:39:45,105 [INFO] UtilMem:75 - End SaveConfig() Used Memory: 749740840 Bytes (1019215872)
2025-10-25 13:39:47,336 [INFO] UtilMem:75 - End SaveConfig() Used Memory: 802688232 Bytes (1019215872)
2025-10-25 13:39:47,870 [INFO] BlockDiagram:2775 - set Specific Code input for plugin: SYS
2025-10-25 13:39:47,870 [INFO] BlockDiagram:2775 - set Specific Code input for plugin: ADC
2025-10-25 13:39:47,870 [INFO] BlockDiagram:2775 - set Specific Code input for plugin: RCC
2025-10-25 13:39:47,870 [INFO] BlockDiagram:2775 - set Specific Code input for plugin: NVIC
2025-10-25 13:39:47,870 [INFO] BlockDiagram:2775 - set Specific Code input for plugin: GPIO
2025-10-25 13:39:47,871 [INFO] CodeGenerator:892 - code generatio: config db path: C:\ST\STM32CubeIDE_1.19.0\STM32CubeIDE\plugins\com.st.stm32cube.common.mx_6.15.0.202507011659\\db\
2025-10-25 13:39:48,170 [INFO] CodeEngine:265 - oldGeneratedFile, D:\STM32\Lab\23-interrupt-input-adc\MXTmpFiles\license.tmp_save
2025-10-25 13:39:48,367 [INFO] CodeEngine:289 - Generated code: D:\STM32\Lab\23-interrupt-input-adc\MXTmpFiles\license.tmp
2025-10-25 13:39:48,427 [INFO] CodeEngine:265 - oldGeneratedFile, D:\STM32\Lab\23-interrupt-input-adc\MXTmpFiles\gpio.tmp_save
2025-10-25 13:39:48,514 [INFO] CodeEngine:289 - Generated code: D:\STM32\Lab\23-interrupt-input-adc\MXTmpFiles\gpio.tmp
2025-10-25 13:39:48,631 [INFO] CodeEngine:265 - oldGeneratedFile, D:\STM32\Lab\23-interrupt-input-adc\Core\Src\stm32l4xx_it.c_save
2025-10-25 13:39:48,832 [INFO] CodeEngine:289 - Generated code: D:\STM32\Lab\23-interrupt-input-adc\Core\Src\stm32l4xx_it.c
2025-10-25 13:39:48,836 [INFO] CodeEngine:265 - oldGeneratedFile, D:\STM32\Lab\23-interrupt-input-adc\Core\Inc\stm32l4xx_it.h_save
2025-10-25 13:39:48,889 [INFO] CodeEngine:289 - Generated code: D:\STM32\Lab\23-interrupt-input-adc\Core\Inc\stm32l4xx_it.h
2025-10-25 13:39:48,899 [INFO] CodeEngine:265 - oldGeneratedFile, D:\STM32\Lab\23-interrupt-input-adc\Core\Src\stm32l4xx_hal_msp.c_save
2025-10-25 13:39:49,003 [INFO] CodeEngine:289 - Generated code: D:\STM32\Lab\23-interrupt-input-adc\Core\Src\stm32l4xx_hal_msp.c
2025-10-25 13:39:49,006 [INFO] CodeEngine:265 - oldGeneratedFile, D:\STM32\Lab\23-interrupt-input-adc\MXTmpFiles\system.tmp_save
2025-10-25 13:39:49,053 [INFO] CodeEngine:289 - Generated code: D:\STM32\Lab\23-interrupt-input-adc\MXTmpFiles\system.tmp
2025-10-25 13:39:49,062 [INFO] CodeEngine:321 - oldGeneratedFile, D:\STM32\Lab\23-interrupt-input-adc\Core\Inc\stm32l4xx_hal_conf.h_save
2025-10-25 13:39:49,116 [INFO] CodeEngine:345 - Generated code: D:\STM32\Lab\23-interrupt-input-adc\Core\Inc\stm32l4xx_hal_conf.h
2025-10-25 13:39:49,139 [INFO] ApiDbMcu:532 - Load IP Config File for ADC1
2025-10-25 13:39:49,144 [INFO] ApiDbMcu:532 - Load IP Config File for RCC
2025-10-25 13:39:49,151 [INFO] CodeEngine:265 - oldGeneratedFile, D:\STM32\Lab\23-interrupt-input-adc\Core\Inc\main.h_save
2025-10-25 13:39:49,242 [INFO] CodeEngine:289 - Generated code: D:\STM32\Lab\23-interrupt-input-adc\Core\Inc\main.h
2025-10-25 13:39:49,247 [INFO] CodeEngine:265 - oldGeneratedFile, D:\STM32\Lab\23-interrupt-input-adc\Core\Src\main.c_save
2025-10-25 13:39:49,335 [INFO] CodeEngine:289 - Generated code: D:\STM32\Lab\23-interrupt-input-adc\Core\Src\main.c
2025-10-25 13:39:49,657 [INFO] ProjectBuilder:3606 - Time for Copy HAL[1] : 130mS.
2025-10-25 13:39:49,659 [INFO] ProjectBuilder:5216 - Project Generator version: 4.7.0-B52
2025-10-25 13:39:49,727 [INFO] ConfigFileManager:1595 - The Die is : DIE415
2025-10-25 13:39:49,732 [INFO] ApiDbMcu:532 - Load IP Config File for FATFS
2025-10-25 13:39:49,736 [INFO] ApiDbMcu:532 - Load IP Config File for FREERTOS
2025-10-25 13:39:49,747 [INFO] ApiDbMcu:532 - Load IP Config File for TOUCHSENSING
2025-10-25 13:39:49,752 [INFO] ApiDbMcu:532 - Load IP Config File for USB_DEVICE
2025-10-25 13:39:49,756 [INFO] ApiDbMcu:532 - Load IP Config File for USB_HOST
2025-10-25 13:39:50,524 [INFO] ProjectBuilder:5496 - Time for Generating toolchain IDE Files: 864mS.
2025-10-25 13:39:50,525 [INFO] ProjectBuilder:3463 - Time for Copy CMSIS : 0mS.
2025-10-25 13:39:50,527 [INFO] ProjectBuilder:3463 - Time for Copy CMSIS : 0mS.
2025-10-25 13:40:49,283 [INFO] ADCParametersView:116 -                Rank 1 : false
2025-10-25 13:40:49,285 [INFO] ADCParametersView:116 -                Rank 1 : false
2025-10-25 13:40:49,285 [INFO] ADCParametersView:116 -                Rank 1 : false
2025-10-25 13:40:49,285 [INFO] ADCParametersView:116 -                Rank 1 : false
2025-10-25 13:40:49,285 [INFO] ADCParametersView:116 -                Rank 1 : false
2025-10-25 13:40:49,285 [INFO] ADCParametersView:116 -                Rank 1 : false
2025-10-25 13:40:49,285 [INFO] ADCParametersView:116 -                Rank 1 : false
2025-10-25 13:40:49,285 [INFO] ADCParametersView:116 -                Rank 1 : false
2025-10-25 13:40:49,285 [INFO] ADCParametersView:116 -                Rank 1 : false
2025-10-25 13:40:49,285 [INFO] ADCParametersView:116 -                Rank 1 : false
2025-10-25 13:40:49,285 [INFO] ADCParametersView:116 -                Rank 1 : false
2025-10-25 13:40:49,285 [INFO] ADCParametersView:116 -                Rank 1 : false
2025-10-25 13:40:49,285 [INFO] ADCParametersView:116 -                Rank 1 : false
2025-10-25 13:40:49,285 [INFO] ADCParametersView:116 -                Rank 1 : false
2025-10-25 13:40:49,285 [INFO] ADCParametersView:116 -                Rank 1 : false
2025-10-25 13:40:49,285 [INFO] ADCParametersView:116 -                Rank 1 : false
2025-10-25 13:40:49,285 [INFO] ADCParametersView:116 -                Rank 1 : false
2025-10-25 13:40:49,285 [INFO] ADCParametersView:116 -                Rank 1 : false
2025-10-25 13:40:49,285 [INFO] ADCParametersView:116 -                Rank 1 : false
2025-10-25 13:40:49,285 [INFO] ADCParametersView:116 -                Rank 1 : false
2025-10-25 13:40:49,313 [INFO] ADCParametersView:116 -                Rank 1 : false
2025-10-25 13:40:49,314 [INFO] ADCParametersView:116 -                Rank 1 : false
2025-10-25 13:40:49,314 [INFO] ADCParametersView:116 -                Rank 1 : false
2025-10-25 13:40:49,315 [INFO] ADCParametersView:116 -                Rank 1 : false
2025-10-25 13:40:49,315 [INFO] ADCParametersView:116 -                Rank 1 : false
2025-10-25 13:40:49,315 [INFO] ADCParametersView:116 -                Rank 1 : false
2025-10-25 13:40:49,315 [INFO] ADCParametersView:116 -                Rank 1 : false
2025-10-25 13:40:49,315 [INFO] ADCParametersView:116 -                Rank 1 : false
2025-10-25 13:40:49,315 [INFO] ADCParametersView:116 -                Rank 1 : false
2025-10-25 13:40:49,315 [INFO] ADCParametersView:116 -                Rank 1 : false
2025-10-25 13:40:49,315 [INFO] ADCParametersView:116 -                Rank 1 : false
2025-10-25 13:40:49,315 [INFO] ADCParametersView:116 -                Rank 1 : false
2025-10-25 13:40:49,315 [INFO] ADCParametersView:116 -                Rank 1 : false
2025-10-25 13:40:49,315 [INFO] ADCParametersView:116 -                Rank 1 : false
2025-10-25 13:40:49,315 [INFO] ADCParametersView:116 -                Rank 1 : false
2025-10-25 13:40:49,315 [INFO] ADCParametersView:116 -                Rank 1 : false
2025-10-25 13:40:49,315 [INFO] ADCParametersView:116 -                Rank 1 : false
2025-10-25 13:40:49,315 [INFO] ADCParametersView:116 -                Rank 1 : false
2025-10-25 13:40:49,315 [INFO] ADCParametersView:116 -                Rank 1 : false
2025-10-25 13:40:49,315 [INFO] ADCParametersView:116 -                Rank 1 : false
2025-10-25 13:40:49,315 [INFO] ADCParametersView:116 -                Rank 1 : false
2025-10-25 13:40:49,345 [INFO] ADCParametersView:116 -                Rank 1 : false
2025-10-25 13:52:50,223 [INFO] ADCParametersView:116 -                Rank 1 : false
2025-10-25 13:52:50,224 [INFO] ADCParametersView:116 -                Rank 1 : false
2025-10-25 13:52:50,224 [INFO] ADCParametersView:116 -                Rank 1 : false
2025-10-25 13:52:50,224 [INFO] ADCParametersView:116 -                Rank 1 : false
2025-10-25 13:52:50,224 [INFO] ADCParametersView:116 -                Rank 1 : false
2025-10-25 13:52:50,224 [INFO] ADCParametersView:116 -                Rank 1 : false
2025-10-25 13:52:50,224 [INFO] ADCParametersView:116 -                Rank 1 : false
2025-10-25 13:52:50,224 [INFO] ADCParametersView:116 -                Rank 1 : false
2025-10-25 13:52:50,224 [INFO] ADCParametersView:116 -                Rank 1 : false
2025-10-25 13:52:50,224 [INFO] ADCParametersView:116 -                Rank 1 : false
2025-10-25 13:52:50,224 [INFO] ADCParametersView:116 -                Rank 1 : false
2025-10-25 13:52:50,224 [INFO] ADCParametersView:116 -                Rank 1 : false
2025-10-25 13:52:50,224 [INFO] ADCParametersView:116 -                Rank 1 : false
2025-10-25 13:52:50,224 [INFO] ADCParametersView:116 -                Rank 1 : false
2025-10-25 13:52:50,224 [INFO] ADCParametersView:116 -                Rank 1 : false
2025-10-25 13:52:50,225 [INFO] ADCParametersView:116 -                Rank 1 : false
2025-10-25 13:52:50,225 [INFO] ADCParametersView:116 -                Rank 1 : false
2025-10-25 13:52:50,225 [INFO] ADCParametersView:116 -                Rank 1 : false
2025-10-25 13:52:50,225 [INFO] ADCParametersView:116 -                Rank 1 : false
2025-10-25 13:52:50,225 [INFO] ADCParametersView:116 -                Rank 1 : false
2025-10-25 13:52:50,253 [INFO] ADCParametersView:116 -                Rank 1 : false
2025-10-25 13:52:50,254 [INFO] ADCParametersView:116 -                Rank 1 : false
2025-10-25 13:52:50,255 [INFO] ADCParametersView:116 -                Rank 1 : false
2025-10-25 13:52:50,255 [INFO] ADCParametersView:116 -                Rank 1 : false
2025-10-25 13:52:50,255 [INFO] ADCParametersView:116 -                Rank 1 : false
2025-10-25 13:52:50,255 [INFO] ADCParametersView:116 -                Rank 1 : false
2025-10-25 13:52:50,255 [INFO] ADCParametersView:116 -                Rank 1 : false
2025-10-25 13:52:50,255 [INFO] ADCParametersView:116 -                Rank 1 : false
2025-10-25 13:52:50,255 [INFO] ADCParametersView:116 -                Rank 1 : false
2025-10-25 13:52:50,255 [INFO] ADCParametersView:116 -                Rank 1 : false
2025-10-25 13:52:50,255 [INFO] ADCParametersView:116 -                Rank 1 : false
2025-10-25 13:52:50,255 [INFO] ADCParametersView:116 -                Rank 1 : false
2025-10-25 13:52:50,255 [INFO] ADCParametersView:116 -                Rank 1 : false
2025-10-25 13:52:50,255 [INFO] ADCParametersView:116 -                Rank 1 : false
2025-10-25 13:52:50,255 [INFO] ADCParametersView:116 -                Rank 1 : false
2025-10-25 13:52:50,255 [INFO] ADCParametersView:116 -                Rank 1 : false
2025-10-25 13:52:50,255 [INFO] ADCParametersView:116 -                Rank 1 : false
2025-10-25 13:52:50,255 [INFO] ADCParametersView:116 -                Rank 1 : false
2025-10-25 13:52:50,255 [INFO] ADCParametersView:116 -                Rank 1 : false
2025-10-25 13:52:50,255 [INFO] ADCParametersView:116 -                Rank 1 : false
2025-10-25 13:52:50,255 [INFO] ADCParametersView:116 -                Rank 1 : false
2025-10-25 13:52:50,283 [INFO] ADCParametersView:116 -                Rank 1 : false
2025-10-25 15:25:10,545 [INFO] MainUpdater:2872 - connection check result : 10
2025-10-25 15:25:10,685 [INFO] McuFinderGlobals:76 - Set McuFinderConnectedMode to true
2025-10-25 15:25:10,694 [INFO] MultiScanPanel:200 - Auto-refresh data requested => check proxy status ongoing
2025-10-25 15:25:10,699 [INFO] FinderPluginLoader:96 - Searching for filters in installed packs
2025-10-25 15:25:11,910 [INFO] LoadUrlFilesThread:185 - End of LoadServerUrlFiles without Thread
2025-10-25 15:25:11,939 [INFO] DetailPanel:341 - Set advertising image to C:/Users/user/STM32Cube/Repository/\en.mcu-finder-stm32n6dk.jpg
2025-10-25 15:25:16,631 [INFO] MultiScanPanel:200 - Auto-refresh data requested => check proxy status ongoing
2025-10-25 15:25:16,723 [INFO] LoadUrlFilesThread:185 - End of LoadServerUrlFiles without Thread
2025-10-25 15:25:16,723 [INFO] DetailPanel:341 - Set advertising image to C:/Users/user/STM32Cube/Repository/\en.mcu-finder-stm32n6dk.jpg
2025-10-25 15:25:16,732 [INFO] DbBoards:642 - Loading board mini-images...
2025-10-25 15:25:18,893 [ERROR] DbBoards:659 - Image file not found for board STM32MP215F-DK: C:\Users\user\.stmcufinder\plugins\mcufinder//mcu//boards_images/STM32MP215F-DK.jpg
2025-10-25 15:25:19,017 [INFO] DbBoards:665 - Loaded 211 board mini-images
2025-10-25 15:26:19,969 [INFO] MainUpdater:2872 - connection check result : 10
2025-10-25 15:26:19,969 [INFO] MainUpdater:2872 - connection check result : 10
2025-10-25 15:26:20,074 [INFO] MicroXplorer:468 - Change Database Path : 
2025-10-25 15:26:20,074 [INFO] MicroXplorer:498 - Change Database Version : DB.6.0.150
2025-10-25 15:26:20,130 [ERROR] ProjectManagerView:395 - 
java.lang.NullPointerException: Cannot invoke "javax.swing.JTextField.getText()" because the return value of "java.util.List.get(int)" is null
	at com.st.microxplorer.plugins.projectmanager.gui.ProjectChoiceTab$9.caretUpdate(ProjectChoiceTab.java:2706) ~[filemanager.jar:?]
	at javax.swing.text.JTextComponent.fireCaretUpdate(JTextComponent.java:408) ~[?:?]
	at javax.swing.text.JTextComponent$MutableCaretEvent.fire(JTextComponent.java:4484) ~[?:?]
	at javax.swing.text.JTextComponent$MutableCaretEvent.stateChanged(JTextComponent.java:4506) ~[?:?]
	at javax.swing.text.DefaultCaret.fireStateChanged(DefaultCaret.java:857) ~[?:?]
	at javax.swing.text.DefaultCaret.changeCaretPosition(DefaultCaret.java:1343) ~[?:?]
	at javax.swing.text.DefaultCaret.handleSetDot(DefaultCaret.java:1242) ~[?:?]
	at javax.swing.text.DefaultCaret.setDot(DefaultCaret.java:1223) ~[?:?]
	at javax.swing.text.DefaultCaret$Handler.insertUpdate(DefaultCaret.java:1819) ~[?:?]
	at javax.swing.text.AbstractDocument.fireInsertUpdate(AbstractDocument.java:227) ~[?:?]
	at javax.swing.text.AbstractDocument.handleInsertString(AbstractDocument.java:781) ~[?:?]
	at javax.swing.text.AbstractDocument.insertString(AbstractDocument.java:740) ~[?:?]
	at javax.swing.text.PlainDocument.insertString(PlainDocument.java:131) ~[?:?]
	at javax.swing.text.AbstractDocument.replace(AbstractDocument.java:699) ~[?:?]
	at javax.swing.text.JTextComponent.setText(JTextComponent.java:1725) ~[?:?]
	at com.st.microxplorer.plugins.projectmanager.gui.ProjectChoiceTab.createHeapStackFields(ProjectChoiceTab.java:993) ~[filemanager.jar:?]
	at com.st.microxplorer.plugins.projectmanager.gui.ProjectChoiceTab.buildLinkSettingsPanel(ProjectChoiceTab.java:3813) ~[filemanager.jar:?]
	at com.st.microxplorer.plugins.projectmanager.gui.ProjectChoiceTab.defineWindowsFields(ProjectChoiceTab.java:1987) ~[filemanager.jar:?]
	at com.st.microxplorer.plugins.projectmanager.gui.ProjectChoiceTab.updateSettings(ProjectChoiceTab.java:558) ~[filemanager.jar:?]
	at com.st.microxplorer.plugins.projectmanager.gui.ProjectSettingsPanel.UpdateDialog(ProjectSettingsPanel.java:247) ~[filemanager.jar:?]
	at com.st.microxplorer.plugins.projectmanager.ProjectManagerView.propertyChange(ProjectManagerView.java:392) ~[filemanager.jar:?]
	at java.beans.PropertyChangeSupport.fire(PropertyChangeSupport.java:343) ~[?:?]
	at java.beans.PropertyChangeSupport.firePropertyChange(PropertyChangeSupport.java:335) ~[?:?]
	at java.beans.PropertyChangeSupport.firePropertyChange(PropertyChangeSupport.java:268) ~[?:?]
	at com.st.microxplorer.util.MXPropertyChangeSupport.firePropertyChange(MXPropertyChangeSupport.java:54) ~[STM32CubeMX.jar:?]
	at com.st.microxplorer.mxsystem.MxSystem.closeConfig(MxSystem.java:899) ~[STM32CubeMX.jar:?]
	at com.st.microxplorer.maingui.MainPanel.closeConfig(MainPanel.java:792) ~[STM32CubeMX.jar:?]
	at com.st.microxplorer.plugins.filemanager.engine.OpenFileManager.loadConfigurationFile(OpenFileManager.java:288) ~[filemanager.jar:?]
	at com.st.microxplorer.plugins.filemanager.engine.MainFileManager.userLoadConfig(MainFileManager.java:364) ~[filemanager.jar:?]
	at com.st.microxplorer.plugins.filemanager.FileManagerView.getSpecificTask(FileManagerView.java:268) ~[filemanager.jar:?]
	at com.st.stm32cube.common.mx.editor.CubeMxEditor.getMxTabbedPaneInstance(CubeMxEditor.java:1191) ~[com.st.stm32cube.common.mx_6.15.0.202507011659/:?]
	at com.st.stm32cube.common.mx.editor.CubeMxEditor$12$1.createSwingComponent(CubeMxEditor.java:1068) ~[com.st.stm32cube.common.mx_6.15.0.202507011659/:?]
	at com.st.stm32cube.common.mx.oss.core.awtswtbridge.EmbeddedSwingComposite.doComponentCreation(EmbeddedSwingComposite.java:492) ~[com.st.stm32cube.common.mx.oss_6.15.0.202507011659/:?]
	at com.st.stm32cube.common.mx.oss.core.awtswtbridge.EmbeddedSwingComposite$4.run(EmbeddedSwingComposite.java:291) ~[com.st.stm32cube.common.mx.oss_6.15.0.202507011659/:?]
	at com.st.stm32cube.common.mx.oss.core.awtswtbridge.AwtEnvironment$2.run(AwtEnvironment.java:166) ~[com.st.stm32cube.common.mx.oss_6.15.0.202507011659/:?]
	at java.awt.event.InvocationEvent.dispatch(InvocationEvent.java:318) ~[?:?]
	at java.awt.EventQueue.dispatchEventImpl(EventQueue.java:773) ~[?:?]
	at java.awt.EventQueue$4.run(EventQueue.java:720) ~[?:?]
	at java.awt.EventQueue$4.run(EventQueue.java:714) ~[?:?]
	at java.security.AccessController.doPrivileged(AccessController.java:400) ~[?:?]
	at java.security.ProtectionDomain$JavaSecurityAccessImpl.doIntersectionPrivilege(ProtectionDomain.java:87) ~[?:?]
	at java.awt.EventQueue.dispatchEvent(EventQueue.java:742) ~[?:?]
	at java.awt.EventDispatchThread.pumpOneEventForFilters(EventDispatchThread.java:203) ~[?:?]
	at java.awt.EventDispatchThread.pumpEventsForFilter(EventDispatchThread.java:124) ~[?:?]
	at java.awt.EventDispatchThread.pumpEventsForHierarchy(EventDispatchThread.java:113) ~[?:?]
	at java.awt.EventDispatchThread.pumpEvents(EventDispatchThread.java:109) ~[?:?]
	at java.awt.EventDispatchThread.pumpEvents(EventDispatchThread.java:101) ~[?:?]
	at java.awt.EventDispatchThread.run(EventDispatchThread.java:90) ~[?:?]
2025-10-25 15:26:20,133 [WARN] ThirdParty:871 - waiting for thirdparty lock release [close project]
2025-10-25 15:26:20,133 [INFO] ThirdParty:873 - entering critical section [close project]
2025-10-25 15:26:20,133 [INFO] ThirdParty:883 - exiting critical section [close project]
2025-10-25 15:26:20,136 [INFO] PinOutPanel:1589 - setPackage(No Configuration,No Configuration)
2025-10-25 15:26:20,150 [INFO] UtilMem:75 - Begin LoadConfig() Used Memory: 723575200 Bytes (1073741824)
2025-10-25 15:26:20,151 [INFO] OpenFileManager:355 - Change cursor
2025-10-25 15:26:20,184 [INFO] RulesReader:64 - Compatibility file has been processed (317 Rules)
2025-10-25 15:26:20,201 [INFO] ProjectFactory:514 - No CPN specified for board NUCLEO-L476RG => set CPN to STM32L476RGT3
2025-10-25 15:26:20,201 [INFO] Mcu:2029 - Initializing MCU STM32L476R(C-E-G)Tx STM32L476RGTx STM32L476RGT3
2025-10-25 15:26:22,070 [INFO] Context:786 - Trying to add GPIOservice into a context  which must be forbidden
2025-10-25 15:26:22,774 [INFO] Rule:233 - rule 117617 - U5Cobra4M][GTZC] default value MPCBB3 and MPCBB5 - Not Secured memory - MPCBB1 is applicable
2025-10-25 15:26:22,774 [INFO] Rule:233 - rule 117617 - U5Cobra4M][GTZC] default value MPCBB3 and MPCBB5 - Not Secured memory - MPCBB1 is applicable
2025-10-25 15:26:22,774 [INFO] Rule:233 - rule 117617 - U5Cobra4M][GTZC] default value MPCBB3 and MPCBB5 - Not Secured memory - MPCBB2 is applicable
2025-10-25 15:26:22,774 [INFO] Rule:233 - rule 117617 - U5Cobra4M][GTZC] default value MPCBB3 and MPCBB5 - Not Secured memory - MPCBB2 is applicable
2025-10-25 15:26:22,774 [INFO] Rule:233 - rule 117617 - U5Cobra4M][GTZC] default value MPCBB3 and MPCBB5 - Not Secured memory - MPCBB3 is applicable
2025-10-25 15:26:22,774 [INFO] Rule:233 - rule 117617 - U5Cobra4M][GTZC] default value MPCBB3 and MPCBB5 - Not Secured memory - MPCBB3 is applicable
2025-10-25 15:26:22,774 [INFO] Rule:233 - rule 117617 - U5Cobra4M][GTZC] default value MPCBB3 and MPCBB5 - Not Secured memory - MPCBB4 is applicable
2025-10-25 15:26:22,774 [INFO] Rule:233 - rule 117617 - U5Cobra4M][GTZC] default value MPCBB3 and MPCBB5 - Not Secured memory - MPCBB4 is applicable
2025-10-25 15:26:22,774 [INFO] Rule:233 - rule 117617 - U5Cobra4M][GTZC] default value MPCBB3 and MPCBB5 - Secured memory - MPCBB1 is applicable
2025-10-25 15:26:22,774 [INFO] Rule:233 - rule 117617 - U5Cobra4M][GTZC] default value MPCBB3 and MPCBB5 - Secured memory - MPCBB2 is applicable
2025-10-25 15:26:22,774 [INFO] Rule:233 - rule 117617 - U5Cobra4M][GTZC] default value MPCBB3 and MPCBB5 - Secured memory - MPCBB3 is applicable
2025-10-25 15:26:22,774 [INFO] Rule:233 - rule 117617 - U5Cobra4M][GTZC] default value MPCBB3 and MPCBB5 - Secured memory - MPCBB4 is applicable
2025-10-25 15:26:22,774 [INFO] Rule:233 - rule 117617 - U5Cobra4M][GTZC] default value MPCBB3 and MPCBB5 - Privileged memory - MPCBB1 is applicable
2025-10-25 15:26:22,774 [INFO] Rule:233 - rule 117617 - U5Cobra4M][GTZC] default value MPCBB3 and MPCBB5 - Privileged memory - MPCBB2 is applicable
2025-10-25 15:26:22,774 [INFO] Rule:233 - rule 117617 - U5Cobra4M][GTZC] default value MPCBB3 and MPCBB5 - Privileged memory - MPCBB3 is applicable
2025-10-25 15:26:22,774 [INFO] Rule:233 - rule 117617 - U5Cobra4M][GTZC] default value MPCBB3 and MPCBB5 - Privileged memory - MPCBB4 is applicable
2025-10-25 15:26:22,774 [INFO] Rule:233 - rule 117617 - U5Cobra4M][GTZC] default value MPCBB3 and MPCBB5 - Not Privileged memory - MPCBB1 is applicable
2025-10-25 15:26:22,774 [INFO] Rule:233 - rule 117617 - U5Cobra4M][GTZC] default value MPCBB3 and MPCBB5 - Not Privileged memory - MPCBB2 is applicable
2025-10-25 15:26:22,774 [INFO] Rule:233 - rule 117617 - U5Cobra4M][GTZC] default value MPCBB3 and MPCBB5 - Not Privileged memory - MPCBB3 is applicable
2025-10-25 15:26:22,774 [INFO] Rule:233 - rule 117617 - U5Cobra4M][GTZC] default value MPCBB3 and MPCBB5 - Not Privileged memory - MPCBB4 is applicable
2025-10-25 15:26:22,774 [INFO] Rule:233 - rule 117617 - U5Cobra4M][GTZC] default value MPCBB3 and MPCBB5 - Privileged memory - MPCBB1 is applicable
2025-10-25 15:26:22,774 [INFO] Rule:233 - rule 117617 - U5Cobra4M][GTZC] default value MPCBB3 and MPCBB5 - Privileged memory - MPCBB2 is applicable
2025-10-25 15:26:22,774 [INFO] Rule:233 - rule 117617 - U5Cobra4M][GTZC] default value MPCBB3 and MPCBB5 - Privileged memory - MPCBB3 is applicable
2025-10-25 15:26:22,774 [INFO] Rule:233 - rule 117617 - U5Cobra4M][GTZC] default value MPCBB3 and MPCBB5 - Privileged memory - MPCBB4 is applicable
2025-10-25 15:26:22,774 [INFO] Rule:233 - rule 117617 - U5Cobra4M][GTZC] default value MPCBB3 and MPCBB5 - Privileged memory - MPCBB1 is applicable
2025-10-25 15:26:22,774 [INFO] Rule:233 - rule 117617 - U5Cobra4M][GTZC] default value MPCBB3 and MPCBB5 - Privileged memory - MPCBB2 is applicable
2025-10-25 15:26:22,774 [INFO] Rule:233 - rule 117617 - U5Cobra4M][GTZC] default value MPCBB3 and MPCBB5 - Privileged memory - MPCBB3 is applicable
2025-10-25 15:26:22,774 [INFO] Rule:233 - rule 117617 - U5Cobra4M][GTZC] default value MPCBB3 and MPCBB5 - Privileged memory - MPCBB4 is applicable
2025-10-25 15:26:22,774 [INFO] Rule:233 - rule 117617 - U5Cobra4M][GTZC] default value MPCBB3 and MPCBB5 - Not Privileged memory - MPCBB1 is applicable
2025-10-25 15:26:22,774 [INFO] Rule:233 - rule 117617 - U5Cobra4M][GTZC] default value MPCBB3 and MPCBB5 - Not Privileged memory - MPCBB2 is applicable
2025-10-25 15:26:22,774 [INFO] Rule:233 - rule 117617 - U5Cobra4M][GTZC] default value MPCBB3 and MPCBB5 - Not Privileged memory - MPCBB3 is applicable
2025-10-25 15:26:22,775 [INFO] Rule:233 - rule 117617 - U5Cobra4M][GTZC] default value MPCBB3 and MPCBB5 - Not Privileged memory - MPCBB4 is applicable
2025-10-25 15:26:22,775 [INFO] Rule:233 - rule 117617 - U5Cobra4M][GTZC] default value MPCBB3 and MPCBB5 - Privileged memory - MPCBB1 is applicable
2025-10-25 15:26:22,775 [INFO] Rule:233 - rule 117617 - U5Cobra4M][GTZC] default value MPCBB3 and MPCBB5 - Privileged memory - MPCBB2 is applicable
2025-10-25 15:26:22,775 [INFO] Rule:233 - rule 117617 - U5Cobra4M][GTZC] default value MPCBB3 and MPCBB5 - Privileged memory - MPCBB3 is applicable
2025-10-25 15:26:22,775 [INFO] Rule:233 - rule 117617 - U5Cobra4M][GTZC] default value MPCBB3 and MPCBB5 - Privileged memory - MPCBB4 is applicable
2025-10-25 15:26:22,775 [INFO] Rule:233 - rule Rename SubGHz_Phy SUBGHZ_APPLICATION SUBGHZ_PINGPONG to SUBGHZ_ADV_APPLICATION is applicable
2025-10-25 15:26:22,775 [INFO] Rule:233 - rule Rename Enabled to IBEACON is applicable
2025-10-25 15:26:22,775 [INFO] Rule:233 - rule GTZC_S instance for project manager is applicable
2025-10-25 15:26:22,775 [INFO] Rule:233 - rule GTZC_S instance for context M33S is applicable
2025-10-25 15:26:22,775 [INFO] Rule:233 - rule GTZC_S instance value for IP GTZC is applicable
2025-10-25 15:26:22,775 [INFO] Rule:233 - rule GTZC_S instance for mcu.IP is applicable
2025-10-25 15:26:22,775 [INFO] Rule:233 - rule GTZC_S instance for VP is applicable
2025-10-25 15:26:22,775 [INFO] Rule:233 - rule GTZC_S instance for signal is applicable
2025-10-25 15:26:22,775 [INFO] Rule:233 - rule GTZC_S instance for mcu.Pin is applicable
2025-10-25 15:26:22,775 [INFO] Rule:233 - rule GTZC_S instance for VP is applicable
2025-10-25 15:26:22,775 [INFO] Rule:233 - rule GTZC_S instance for signal is applicable
2025-10-25 15:26:22,775 [INFO] Rule:233 - rule GTZC_S instance for mcu is applicable
2025-10-25 15:26:22,775 [INFO] Rule:233 - rule GTZC_S instance for mcu.Pin is applicable
2025-10-25 15:26:22,775 [INFO] Rule:233 - rule GTZC_S instance value for IP GTZC is applicable
2025-10-25 15:26:22,775 [INFO] Rule:233 - rule GTZC_S instance for project manager is applicable
2025-10-25 15:26:22,775 [INFO] Rule:233 - rule GTZC_S instance for context M33S is applicable
2025-10-25 15:26:22,775 [INFO] Rule:233 - rule GTZC_S instance for VP is applicable
2025-10-25 15:26:22,775 [INFO] Rule:233 - rule GTZC_S instance for signal is applicable
2025-10-25 15:26:22,775 [INFO] Rule:233 - rule SPDIFRX instance for mcu is applicable
2025-10-25 15:26:22,775 [INFO] Rule:233 - rule Rename Tracer Mode is applicable
2025-10-25 15:26:22,775 [INFO] Rule:233 - rule SPDIFRX instance value for IP SPDIFRX is applicable
2025-10-25 15:26:22,775 [INFO] Rule:233 - rule SPDIFRX instance for signal is applicable
2025-10-25 15:26:22,775 [INFO] Rule:233 - rule SPDIFRX instance for project manager is applicable
2025-10-25 15:26:22,775 [INFO] Rule:233 - rule SPDIFRX instance for project manager is applicable
2025-10-25 15:26:22,775 [INFO] Rule:233 - rule ADC Scan  fix with FW F7 is applicable
2025-10-25 15:26:22,775 [INFO] Rule:233 - rule ADC Scan  fix with FW F7 is applicable
2025-10-25 15:26:22,775 [INFO] Rule:233 - rule WakeUp0 Mode is applicable
2025-10-25 15:26:22,775 [INFO] Rule:233 - rule WakeUp0 SIGNAL is applicable
2025-10-25 15:26:22,776 [INFO] Rule:233 - rule WakeUp1 Mode is applicable
2025-10-25 15:26:22,776 [INFO] Rule:233 - rule WakeUp1 SIGNAL is applicable
2025-10-25 15:26:22,776 [INFO] Rule:233 - rule WakeUp2 Mode is applicable
2025-10-25 15:26:22,776 [INFO] Rule:233 - rule WakeUp2 SIGNAL is applicable
2025-10-25 15:26:22,776 [INFO] Rule:233 - rule WakeUp4 Mode is applicable
2025-10-25 15:26:22,776 [INFO] Rule:233 - rule WakeUp4 SIGNAL is applicable
2025-10-25 15:26:22,776 [INFO] Rule:233 - rule WakeUp5 Mode is applicable
2025-10-25 15:26:22,776 [INFO] Rule:233 - rule WakeUp5 SIGNAL is applicable
2025-10-25 15:26:22,776 [INFO] Rule:233 - rule Add RTC Activate Clock Source is applicable
2025-10-25 15:26:22,776 [INFO] Rule:233 - rule Add RTC Activate Calendar 1 is applicable
2025-10-25 15:26:22,776 [INFO] Rule:233 - rule Add RTC Activate Calendar 2 is applicable
2025-10-25 15:26:22,776 [INFO] Rule:233 - rule Add RTC Activate Calendar 3 is applicable
2025-10-25 15:26:22,776 [INFO] Rule:233 - rule UART/USART TX Mode is applicable
2025-10-25 15:26:22,776 [INFO] Rule:233 - rule UART/USART RX Mode is applicable
2025-10-25 15:26:22,776 [INFO] Rule:233 - rule UART/USART RX TX Mode is applicable
2025-10-25 15:26:22,776 [INFO] Rule:233 - rule UART/USART PARITY NONE is applicable
2025-10-25 15:26:22,776 [INFO] Rule:233 - rule UART/USART PARITY EVEN is applicable
2025-10-25 15:26:22,776 [INFO] Rule:233 - rule UART/USART PARITY ODD is applicable
2025-10-25 15:26:22,776 [INFO] Rule:233 - rule USART StopBits 1 is applicable
2025-10-25 15:26:22,776 [INFO] Rule:233 - rule USART StopBits 2 is applicable
2025-10-25 15:26:22,776 [INFO] Rule:233 - rule USART StopBits 1.5 is applicable
2025-10-25 15:26:22,776 [INFO] Rule:233 - rule USART StopBits 0.5 is applicable
2025-10-25 15:26:22,776 [INFO] Rule:233 - rule UART/USART WORD LENGTH 7 is applicable
2025-10-25 15:26:22,776 [INFO] Rule:233 - rule UART/USART WORD LENGTH 8 is applicable
2025-10-25 15:26:22,776 [INFO] Rule:233 - rule UART/USART WORD LENGTH 9 is applicable
2025-10-25 15:26:22,776 [INFO] Rule:233 - rule Rename FMC NAND NCE signal is applicable
2025-10-25 15:26:22,776 [INFO] Rule:233 - rule Rename FMC NAND INT signal is applicable
2025-10-25 15:26:22,776 [INFO] Rule:233 - rule Change Default Value for LSE Drive Capability for WB family is applicable
2025-10-25 15:26:22,776 [INFO] Rule:233 - rule Change Default Value for ADC Clock Prescaler G0 family is applicable
2025-10-25 15:26:22,776 [INFO] Rule:233 - rule Change Default Value for ADC ExternalTrigConv L4 family is applicable
2025-10-25 15:26:22,776 [INFO] Rule:233 - rule Change Default Value for ADC ExternalTrigInjecConv L4 family is applicable
2025-10-25 15:26:22,776 [INFO] Rule:233 - rule Change Default Value for ADC ExternalTrigConv F3 family is applicable
2025-10-25 15:26:22,776 [INFO] Rule:233 - rule Change Default Value for ADC ExternalTrigInjecConv F3 family is applicable
2025-10-25 15:26:22,776 [INFO] Rule:233 - rule Change Default Value for ADC ExternalTrigConv Goldfish serie is applicable
2025-10-25 15:26:22,776 [INFO] Rule:233 - rule Change Default Value for ADC ExternalTrigInjecConv Goldfish serie is applicable
2025-10-25 15:26:22,776 [INFO] Rule:233 - rule Change Default Value for ADC ExternalTrigConv L0 family is applicable
2025-10-25 15:26:22,776 [INFO] Rule:233 - rule Change Default Value for ADC ExternalTrigConv F0 family is applicable
2025-10-25 15:26:22,777 [INFO] Rule:233 - rule Change Default Value for ADC ExternalTrigConvn L1 family is applicable
2025-10-25 15:26:22,777 [INFO] Rule:233 - rule Change Default Value for ADC ExternalTrigInjecConv L1 family is applicable
2025-10-25 15:26:22,777 [INFO] Rule:233 - rule Change Default Value for ADC ExternalTrigConv F1 family is applicable
2025-10-25 15:26:22,777 [INFO] Rule:233 - rule Change Default Value for ADC ExternalTrigInjecConv F1 family is applicable
2025-10-25 15:26:22,777 [INFO] Rule:233 - rule Change Default Value for ADC ExternalTrigConv F7 family is applicable
2025-10-25 15:26:22,777 [INFO] Rule:233 - rule Change Default Value for ADC ExternalTrigInjecConv F7 family is applicable
2025-10-25 15:26:22,777 [INFO] Rule:233 - rule Change Default Value for ADC ExternalTrigConv F4 and F2 family is applicable
2025-10-25 15:26:22,777 [INFO] Rule:233 - rule Change Default Value for ADC ExternalTrigInjecConv F4 and F2 family is applicable
2025-10-25 15:26:22,777 [INFO] Rule:233 - rule ADC SamplingTime fix with FW L0  is applicable
2025-10-25 15:26:22,777 [INFO] Rule:233 - rule ADC SamplingTime fix with FW L0  is applicable
2025-10-25 15:26:22,777 [INFO] Rule:233 - rule ADC SamplingTime fix with FW L0 is applicable
2025-10-25 15:26:22,777 [INFO] Rule:233 - rule ADC SamplingTime fix with FW L0 is applicable
2025-10-25 15:26:22,777 [INFO] Rule:233 - rule ADC SamplingTime fix with FW L0  is applicable
2025-10-25 15:26:22,777 [INFO] Rule:233 - rule ADC SamplingTime fix with FW L0 is applicable
2025-10-25 15:26:22,777 [INFO] Rule:233 - rule Rename USB_OE Signal is applicable
2025-10-25 15:26:22,777 [INFO] Rule:233 - rule Rename Activate_OE Mode is applicable
2025-10-25 15:26:22,777 [INFO] Rule:233 - rule Rename DIE462/DIE415 pin PC14/OSC32_IN -> PC14-OSC32_IN (PC14) is applicable
2025-10-25 15:26:22,777 [INFO] Rule:233 - rule Rename DIE462/DIE415 pin PC15/OSC32_OUT -> PC15-OSC32_OUT (PC15) is applicable
2025-10-25 15:26:22,777 [INFO] Rule:233 - rule Rename DIE462/DIE415 pin PH0/OSC_IN -> PH0-OSC_IN (PH0) is applicable
2025-10-25 15:26:22,777 [INFO] Rule:233 - rule Rename DIE462/DIE415 pin PH1/OSC_OUT -> PH1-OSC_OUT (PH1) is applicable
2025-10-25 15:26:22,777 [INFO] Rule:233 - rule Rename DIE462 pin PA13 -> PA13 (JTMS/SWDIO) is applicable
2025-10-25 15:26:22,777 [INFO] Rule:233 - rule Rename DIE415 pin PA13 -> PA13 (JTMS/SWDIO) is applicable
2025-10-25 15:26:22,777 [INFO] Rule:233 - rule Rename DIE462 pin PA14 -> PA14 (JTCK/SWCLK) is applicable
2025-10-25 15:26:22,777 [INFO] Rule:233 - rule Rename DIE415 pin PA14 -> PA14 (JTCK/SWCLK) is applicable
2025-10-25 15:26:22,777 [INFO] Rule:233 - rule Rename DIE462/DIE415 pin PA15 -> PA15 (JTDI) is applicable
2025-10-25 15:26:22,777 [INFO] Rule:233 - rule Rename DIE462 pin PB3 -> PB3 (JTD0/TRACESWO) is applicable
2025-10-25 15:26:22,777 [INFO] Rule:233 - rule Rename DIE415 pin PB3 -> PB3 (JTD0-TRACESWO) is applicable
2025-10-25 15:26:22,777 [INFO] Rule:233 - rule Rename DIE462/DIE415 pin PB4 -> PB4 (NJTRST) is applicable
2025-10-25 15:26:22,777 [INFO] Rule:233 - rule Rename DIE462 pin PH3/BOOT0 -> PH3-BOOT0 (BOOT0) is applicable
2025-10-25 15:26:22,777 [INFO] Rule:233 - rule Rename CRYP DataEncryptionTypesList to Algorithm is applicable
2025-10-25 15:26:22,777 [INFO] Rule:233 - rule Rename AES DataEncryptionTypesList to Algorithm is applicable
2025-10-25 15:26:22,777 [INFO] Rule:233 - rule Rename TDESECB to CRYP_TDES_ECB is applicable
2025-10-25 15:26:22,777 [INFO] Rule:233 - rule Rename TDESCBC to CRYP_TDES_CBC is applicable
2025-10-25 15:26:22,777 [INFO] Rule:233 - rule Rename DESECB to CRYP_DES_ECB is applicable
2025-10-25 15:26:22,777 [INFO] Rule:233 - rule Rename DESCBC to CRYP_DES_CBC is applicable
2025-10-25 15:26:22,777 [INFO] Rule:233 - rule Rename AESECB to CRYP_AES_ECB is applicable
2025-10-25 15:26:22,777 [INFO] Rule:233 - rule Rename AESCBC to CRYP_AES_CBC is applicable
2025-10-25 15:26:22,778 [INFO] Rule:233 - rule Rename AESCTR to CRYP_AES_CTR is applicable
2025-10-25 15:26:22,778 [INFO] Rule:233 - rule Rename AESGCM to CRYP_AES_GCM is applicable
2025-10-25 15:26:22,778 [INFO] Rule:233 - rule Rename AESCCM to CRYP_AES_CCM is applicable
2025-10-25 15:26:22,778 [INFO] Rule:233 - rule Rename CAN TimeSeg1 to BS1 is applicable
2025-10-25 15:26:22,778 [INFO] Rule:233 - rule Rename CAN TimeSeg2 to BS2 is applicable
2025-10-25 15:26:22,778 [INFO] Rule:233 - rule Rename CAN SyncJumpWidth to SJW is applicable
2025-10-25 15:26:22,778 [INFO] Rule:233 - rule TimeTriggeredMode to TTCM is applicable
2025-10-25 15:26:22,778 [INFO] Rule:233 - rule Rename CAN AutoBusOff to ABOM is applicable
2025-10-25 15:26:22,778 [INFO] Rule:233 - rule Rename CAN AutoWakeUp to AWUM is applicable
2025-10-25 15:26:22,778 [INFO] Rule:233 - rule Rename CAN AutoRetransmission to NART is applicable
2025-10-25 15:26:22,778 [INFO] Rule:233 - rule Rename CAN ReceiveFifoLocked to RFLM is applicable
2025-10-25 15:26:22,778 [INFO] Rule:233 - rule Rename CAN TransmitFifoPriority to TXFP is applicable
2025-10-25 15:26:22,778 [INFO] Rule:233 - rule Rename HRTIMER HRTIM_OUTPUTFAULTLEVEL_HIGH in HRTIMER HRTIM_OUTPUTFAULTLEVEL_HIGHZ is applicable
2025-10-25 15:26:22,778 [INFO] Rule:233 - rule Rename TIMER TIM_CLEARINPUTSOURCE_OCREFCLR in  TIMER TIM_CLEARINPUTSOURCE_NONE for F7 family is applicable
2025-10-25 15:26:22,778 [INFO] Rule:233 - rule FDCAN_R1 - Rename FDCAN mode Master into Classic is applicable
2025-10-25 15:26:22,778 [INFO] Rule:233 - rule FDCAN_R2 - Rename FDCAN mode Slave into Classic is applicable
2025-10-25 15:26:22,778 [INFO] Rule:233 - rule FDCAN1_R3 - if PA10.Mode=FullDuplex, add Pin PA12 is applicable
2025-10-25 15:26:22,778 [INFO] Rule:233 - rule FDCAN1_R3 - if PA9.Mode=FullDuplex, add Pin PA11 is applicable
2025-10-25 15:26:22,778 [INFO] Rule:233 - rule FDCAN1_R3 - Alternatepin_1 - if PE1.Mode=FullDuplex, add Pin PB9 is applicable
2025-10-25 15:26:22,778 [INFO] Rule:233 - rule FDCAN1_R3 - Alternatepin_1 - if PE0.Mode=FullDuplex, add Pin PB8 is applicable
2025-10-25 15:26:22,778 [INFO] Rule:233 - rule FDCAN1_R3 - Alternatepin_2 - if PD5.Mode=FullDuplex, add Pin PD1 is applicable
2025-10-25 15:26:22,778 [INFO] Rule:233 - rule FDCAN1_R3 - Alternatepin_2 - if PD4.Mode=FullDuplex, add Pin PD0 is applicable
2025-10-25 15:26:22,778 [INFO] Rule:233 - rule FDCAN1_R4 - Rename Mode FullDuplex into Enable FDCAN_TXFD for pin PA10 is applicable
2025-10-25 15:26:22,778 [INFO] Rule:233 - rule FDCAN1_R4 - Rename Mode FullDuplex into Enable FDCAN_TXFD for pin PA9 is applicable
2025-10-25 15:26:22,778 [INFO] Rule:233 - rule FDCAN1_R4 - Alternatepin_1 - Rename Mode FullDuplex into Enable FDCAN_TXFD for pin PE1 is applicable
2025-10-25 15:26:22,778 [INFO] Rule:233 - rule FDCAN1_R4 - Alternatepin_1 - Rename Mode FullDuplex into Enable FDCAN_TXFD for pin PE0 is applicable
2025-10-25 15:26:22,778 [INFO] Rule:233 - rule FDCAN1_R4 - Alternatepin_2 - Rename Mode FullDuplex into Enable FDCAN_TXFD for pin PD5 is applicable
2025-10-25 15:26:22,778 [INFO] Rule:233 - rule FDCAN1_R4 - Alternatepin_2 - Rename Mode FullDuplex into Enable FDCAN_TXFD for pin PD4 is applicable
2025-10-25 15:26:22,778 [INFO] Rule:233 - rule FDCAN2_R3 - if PD10.Mode=FullDuplex, add Pin PB13 is applicable
2025-10-25 15:26:22,778 [INFO] Rule:233 - rule FDCAN2_R3 - if PD9.Mode=FullDuplex, add Pin PB12 is applicable
2025-10-25 15:26:22,778 [INFO] Rule:233 - rule FDCAN2_R3 - Alternatepin_1 - if PB7.Mode=FullDuplex, add Pin PB6 is applicable
2025-10-25 15:26:22,778 [INFO] Rule:233 - rule FDCAN2_R3 - Alternatepin_1 - if PD9.Mode=FullDuplex, add Pin PB12 is applicable
2025-10-25 15:26:22,778 [INFO] Rule:233 - rule FDCAN2_R4 - Rename Mode FullDuplex into Enable FDCAN_TXFD for pin PD10 is applicable
2025-10-25 15:26:22,778 [INFO] Rule:233 - rule FDCAN2_R4 - Rename Mode FullDuplex into Enable FDCAN_TXFD for pin PD9 is applicable
2025-10-25 15:26:22,778 [INFO] Rule:233 - rule FDCAN2_R4 - Alternatepin_1 - Rename Mode FullDuplex into Enable FDCAN_TXFD for pin PB7 is applicable
2025-10-25 15:26:22,778 [INFO] Rule:233 - rule FDCAN2_R4 - Alternatepin_1 - Rename Mode FullDuplex into Enable FDCAN_TXFD for pin PD6 is applicable
2025-10-25 15:26:22,778 [INFO] Rule:233 - rule USART TxPinLevelInvertParam Mode is applicable
2025-10-25 15:26:22,779 [INFO] Rule:233 - rule USART RxPinLevelInvertParam Mode is applicable
2025-10-25 15:26:22,779 [INFO] Rule:233 - rule USART DataInvertParam Mode is applicable
2025-10-25 15:26:22,779 [INFO] Rule:233 - rule USART SwapParam Mode is applicable
2025-10-25 15:26:22,779 [INFO] Rule:233 - rule USART OverrunDisableParam Mode is applicable
2025-10-25 15:26:22,779 [INFO] Rule:233 - rule USART DMADisableonRxErrorParam Mode is applicable
2025-10-25 15:26:22,779 [INFO] Rule:233 - rule USART MSBFirstParam Mode is applicable
2025-10-25 15:26:22,779 [INFO] Rule:233 - rule Update MwName for USB_DEVICE is applicable
2025-10-25 15:26:22,779 [INFO] Rule:233 - rule Change PWR_Regulator_Voltage_Scale Default Value for RCC  H7 family is applicable
2025-10-25 15:26:22,779 [INFO] Rule:233 - rule UART/USART IPParameter rename Prescaler parameter to ClockPrescaler is applicable
2025-10-25 15:26:22,779 [INFO] Rule:233 - rule UART/USART Prescaler rename Prescaler parameter to ClockPrescaler is applicable
2025-10-25 15:26:22,779 [INFO] Rule:233 - rule TIM1CLockSelection is applicable
2025-10-25 15:26:22,779 [INFO] Rule:233 - rule TIM15CLockSelection is applicable
2025-10-25 15:26:22,779 [INFO] Rule:233 - rule align RCC SDMMC3CLockSelection default value on MP1 is applicable
2025-10-25 15:26:22,779 [INFO] Rule:233 - rule align RCC SDMMC12CLockSelection default value on MP1 is applicable
2025-10-25 15:26:22,779 [INFO] Rule:233 - rule align RCC QSPICLockSelection default value on MP1 is applicable
2025-10-25 15:26:22,779 [INFO] Rule:233 - rule align RCC QSPICLockSelection default value on MP1 is applicable
2025-10-25 15:26:22,779 [INFO] Rule:233 - rule align RCC SPI6CLockSelection default value on MP1 is applicable
2025-10-25 15:26:22,779 [INFO] Rule:233 - rule align RCC LPTIM23CLockSelection default value on MP1 is applicable
2025-10-25 15:26:22,779 [INFO] Rule:233 - rule align RCC LPTIM1CLockSelection default value on MP1 is applicable
2025-10-25 15:26:22,779 [INFO] Rule:233 - rule align RCC USART1CLockSelection default value on MP1 is applicable
2025-10-25 15:26:22,779 [INFO] Rule:233 - rule align RCC USART24CLockSelection default value on MP1 is applicable
2025-10-25 15:26:22,779 [INFO] Rule:233 - rule align RCC USART6CLockSelection default value on MP1 is applicable
2025-10-25 15:26:22,779 [INFO] Rule:233 - rule align RCC UART78CLockSelection default value on MP1 is applicable
2025-10-25 15:26:22,779 [INFO] Rule:233 - rule align RCC USART35CLockSelection default value on MP1 is applicable
2025-10-25 15:26:22,779 [INFO] Rule:233 - rule align RCC SPI45CLockSelection default value on MP1 is applicable
2025-10-25 15:26:22,779 [INFO] Rule:233 - rule align RCC I2C46CLockSelection BCLK value on MP1 is applicable
2025-10-25 15:26:22,779 [INFO] Rule:233 - rule align RCC SPI45CLockSelection default value on MP1 is applicable
2025-10-25 15:26:22,779 [INFO] Rule:233 - rule align RCC I2C12CLockSelection default value on MP1 is applicable
2025-10-25 15:26:22,779 [INFO] Rule:233 - rule align RCC I2C35CLockSelection default value on MP1 is applicable
2025-10-25 15:26:22,779 [INFO] Rule:233 - rule align RCC LPTIM45CLockSelection default value on MP1 is applicable
2025-10-25 15:26:22,779 [INFO] Rule:233 - rule Rename DCMI PIXCK signal is applicable
2025-10-25 15:26:22,779 [INFO] Rule:233 - rule Change Default Value for I2C46CLockSelection MP1 family is applicable
2025-10-25 15:26:22,779 [INFO] Rule:233 - rule Change Default Value for UART for G4, G0 and WB families is applicable
2025-10-25 15:26:22,779 [INFO] Rule:233 - rule Change Default Value for USART for G4, G0 and WB families is applicable
2025-10-25 15:26:22,779 [INFO] Rule:233 - rule Change Default Value for USART for G4 family is applicable
2025-10-25 15:26:22,779 [INFO] Rule:233 - rule Change USART1CLockSelection refparam name for MP1 is applicable
2025-10-25 15:26:22,780 [INFO] Rule:233 - rule Change USART2CLockSelection refparam name for MP1 is applicable
2025-10-25 15:26:22,780 [INFO] Rule:233 - rule Change USART3CLockSelection refparam name for MP1 is applicable
2025-10-25 15:26:22,780 [INFO] Rule:233 - rule Change UART4CLockSelection refparam name for MP1 is applicable
2025-10-25 15:26:22,780 [INFO] Rule:233 - rule Change UART5CLockSelection refparam name for MP1 is applicable
2025-10-25 15:26:22,780 [INFO] Rule:233 - rule Change LPUART1CLockSelection refparam name for MP1 is applicable
2025-10-25 15:26:22,780 [INFO] Rule:233 - rule Change LPTIM1CLockSelection refparam name for MP1 is applicable
2025-10-25 15:26:22,780 [INFO] Rule:233 - rule Change LPTIM2CLockSelection refparam name for MP1 is applicable
2025-10-25 15:26:22,780 [INFO] Rule:233 - rule Change RCC_MCO1Source refparam name for MP1 is applicable
2025-10-25 15:26:22,780 [INFO] Rule:233 - rule Change LSCOSource1 refparam name for MP1 is applicable
2025-10-25 15:26:22,780 [INFO] Rule:233 - rule Change SMPSCLockSelection refparam name for MP1 is applicable
2025-10-25 15:26:22,780 [INFO] Rule:233 - rule Change LPTIM3CLockSelection refparam name for MP1 is applicable
2025-10-25 15:26:22,780 [INFO] Rule:233 - rule Change MPCBB* Default Template Mode to Parameters is applicable
2025-10-25 15:26:22,780 [INFO] Rule:233 - rule Change MPCWM* or MPCBB* Secure Mode to Parameters is applicable
2025-10-25 15:26:22,780 [INFO] Rule:233 - rule Change MPCWM* or MPCBB* No Secure Mode to Parameters is applicable
2025-10-25 15:26:22,780 [INFO] Rule:233 - rule Change TZSC IP Secure Mode to Parameters is applicable
2025-10-25 15:26:22,780 [INFO] Rule:233 - rule Change TZSC IP No Secure Mode to Parameters is applicable
2025-10-25 15:26:22,780 [INFO] Rule:233 - rule Change TZSC IP Privilege Mode to Parameters is applicable
2025-10-25 15:26:22,780 [INFO] Rule:233 - rule Change TZSC IP No Privilege Mode to Parameters is applicable
2025-10-25 15:26:22,780 [INFO] Rule:233 - rule Change TZIC IT Secure Mode to Parameters is applicable
2025-10-25 15:26:22,780 [INFO] Rule:233 - rule Change TZIC IT No Secure Mode to Parameters is applicable
2025-10-25 15:26:22,780 [INFO] Rule:233 - rule Add MPCBB1_NonSecureArea_Start_Address value with referenced to MPCBB1_NonSecureArea_Start value is applicable
2025-10-25 15:26:22,780 [INFO] Rule:233 - rule Add MPCBB2_NonSecureArea_Start_Address value with referenced to MPCBB2_NonSecureArea_Start value is applicable
2025-10-25 15:26:22,780 [INFO] Rule:233 - rule Add MPCWM1_NonSecureArea*_Start_Address value with referenced to MPCWM1_NonSecureArea*_Start value is applicable
2025-10-25 15:26:22,780 [INFO] Rule:233 - rule Add MPCWM2_NonSecureArea*_Start_Address value with referenced to MPCWM2_NonSecureArea*_Start value is applicable
2025-10-25 15:26:22,780 [INFO] Rule:233 - rule Add MPCWM3_NonSecureArea_Start_Address value with referenced to MPCWM3_NonSecureArea_Start value is applicable
2025-10-25 15:26:22,780 [INFO] Rule:233 - rule Change Default Value for PLL1UserDefinedConfig is applicable
2025-10-25 15:26:22,780 [INFO] Rule:233 - rule Change GPIO_PuPd Default Value for USART in async mode is applicable
2025-10-25 15:26:22,780 [INFO] Rule:233 - rule Change SMPSDivider Default Value is applicable
2025-10-25 15:26:22,780 [INFO] Rule:233 - rule OPAMP is applicable
2025-10-25 15:26:22,780 [INFO] Rule:233 - rule LPUART IPParameter rename Prescaler parameter to ClockPrescaler for STM32H7 is applicable
2025-10-25 15:26:22,780 [INFO] Rule:233 - rule LPUART IPParameter rename Prescaler parameter to ClockPrescaler for STM32H7 is applicable
2025-10-25 15:26:22,780 [INFO] Rule:233 - rule LPUART IPParameter rename Prescaler parameter to ClockPrescaler for STM32WB is applicable
2025-10-25 15:26:22,780 [INFO] Rule:233 - rule LPUART IPParameter rename Prescaler parameter to ClockPrescaler for STM32WB is applicable
2025-10-25 15:26:22,780 [INFO] Rule:233 - rule LPUART IPParameter rename Prescaler parameter to ClockPrescaler for STM32G4 is applicable
2025-10-25 15:26:22,780 [INFO] Rule:233 - rule LPUART IPParameter rename Prescaler parameter to ClockPrescaler for STM32G4 is applicable
2025-10-25 15:26:22,780 [INFO] Rule:233 - rule LPUART IPParameter rename Prescaler parameter to ClockPrescaler for STM32L5 is applicable
2025-10-25 15:26:22,780 [INFO] Rule:233 - rule LPUART IPParameter rename Prescaler parameter to ClockPrescaler for STM32L5 is applicable
2025-10-25 15:26:22,781 [INFO] Rule:233 - rule LPUART IPParameter rename Prescaler parameter to ClockPrescaler for STM32G4 is applicable
2025-10-25 15:26:22,781 [INFO] Rule:233 - rule LPUART IPParameter rename Prescaler parameter to ClockPrescaler for STM32G4 is applicable
2025-10-25 15:26:22,781 [INFO] Rule:233 - rule USB device lib V2.5.3 for L0 rename USBD_SUPPORT_USER_STRING parameter to USBD_SUPPORT_USER_STRING_DESC4 is applicable
2025-10-25 15:26:22,781 [INFO] Rule:233 - rule I2SCLockSelection clock entry align is applicable
2025-10-25 15:26:22,781 [INFO] Rule:233 - rule Assign TIMx context if used as SYS timebase is applicable
2025-10-25 15:26:22,781 [INFO] Rule:233 - rule Change GPIO_Pu Default Value for I2C is applicable
2025-10-25 15:26:22,781 [INFO] Rule:233 - rule Change GPIO_Pu Default Value for SMBus is applicable
2025-10-25 15:26:22,781 [INFO] Rule:233 - rule change FDCAN default value is applicable
2025-10-25 15:26:22,781 [INFO] Rule:233 - rule Change mode sai is applicable
2025-10-25 15:26:22,781 [INFO] Rule:233 - rule **Change sai mode is applicable
2025-10-25 15:26:22,781 [INFO] Rule:233 - rule Rename STM32WPAN CFG_BLE_IRK to CFG_BLE_IR is applicable
2025-10-25 15:26:22,781 [INFO] Rule:233 - rule Rename STM32WPAN CFG_BLE_ERK to CFG_BLE_ER is applicable
2025-10-25 15:26:22,781 [INFO] Rule:233 - rule Rename STM32WPAN CFG_BLE_IRK_HEX to CFG_BLE_IR_HEX is applicable
2025-10-25 15:26:22,781 [INFO] Rule:233 - rule Rename STM32WPAN CFG_BLE_ERK_HEX to CFG_BLE_ER_HEX is applicable
2025-10-25 15:26:22,781 [INFO] Rule:233 - rule Adapt Old IOC before rework replace old CORTEX_M33/CORTEX_M55 attributes by the new one. is applicable
2025-10-25 15:26:22,781 [INFO] Rule:233 - rule Rename parametre of RCC RCC_APBDBG_DIV2 to RCC_TIMPRES_DIV2 is applicable
2025-10-25 15:26:22,781 [INFO] Rule:233 - rule Rename DIE493 pin PA10 [PA12] -> PA10 is applicable
2025-10-25 15:26:22,781 [INFO] Rule:233 - rule Rename DIE493 pin PA9 [PA11] -> PA9 is applicable
2025-10-25 15:26:22,781 [INFO] Rule:233 - rule Rename DIE492 PartNumber CPN STM32WBA5MJGHx -> STM32WBA5MMGHx is applicable
2025-10-25 15:26:22,781 [INFO] Rule:233 - rule Rename DIE492 PartNumber  Name STM32WBA5MJGHx -> STM32WBA5MMGHx is applicable
2025-10-25 15:26:22,781 [INFO] Rule:233 - rule Rename DIE492 PartNumber UserName STM32WBA5MJGHx -> STM32WBA5MMGHx is applicable
2025-10-25 15:26:22,781 [INFO] Rule:233 - rule Rename DIE492 PartNumber DeviceId STM32WBA5MJGHx -> STM32WBA5MMGHx is applicable
2025-10-25 15:26:22,781 [INFO] Rule:233 - rule Adapt Old IOC CSI. is applicable
2025-10-25 15:26:22,781 [INFO] Rule:233 - rule Adapt Old IOC DCMIPP. is applicable
2025-10-25 15:26:22,781 [INFO] Rule:233 - rule Adapt Old IOC DCMIPP Mode Parallel. is applicable
2025-10-25 15:26:22,781 [INFO] Rule:233 - rule Adapt Old IOC LTDC. is applicable
2025-10-25 15:26:22,781 [INFO] Rule:233 - rule Rename STM32MP2 RIF Peripheral LTDC RIF.RISUP.LTDC_L0L1.Privilege -> RIF.RISUP.LTDC_L1L2.Privilege is applicable
2025-10-25 15:26:22,781 [INFO] Rule:233 - rule Rename STM32MP2 RIF Peripheral LTDC RIF.RISUP.LTDC_L0L1.Privilege -> RIF.RISUP.LTDC_L1L2.Privilege is applicable
2025-10-25 15:26:22,781 [INFO] Rule:233 - rule Rename STM32MP2 RIF Peripheral LTDC RIF.RISUP.LTDC_L0L1.Lock -> RIF.RISUP.LTDC_L1L2.Lock is applicable
2025-10-25 15:26:22,781 [INFO] Rule:233 - rule Rename STM32MP2 RIF Peripheral LTDC RIF.RISUP.LTDC_L2.Lock -> RIF.RISUP.LTDC_L3.Lock is applicable
2025-10-25 15:26:22,781 [INFO] Rule:233 - rule Adapt the old IOC example for updating the SYS when it is misconfigured. is applicable
2025-10-25 15:26:22,781 [INFO] Rule:233 - rule Rename STM32C09 Mcu.Package LQFP64 -> LQFP48 is applicable
2025-10-25 15:26:22,781 [INFO] Rule:233 - rule Adapt the old IOC example for updating the SYS when it is misconfigured. is applicable
2025-10-25 15:26:22,781 [INFO] Rule:233 - rule Adapt the old IOC example for updating the SYS when it is misconfigured. is applicable
2025-10-25 15:26:22,793 [INFO] DbConfProperties:307 - Apply Compatibility (53/282 Rules)
2025-10-25 15:26:22,805 [INFO] ImportTextPane:234 - (OptionalMessage_ERROR) Unable to find key (Mcu.ThirdPartyNb) in loaded IOC file
2025-10-25 15:26:22,806 [INFO] ImportTextPane:234 - (OptionalMessage_ERROR) Pin12 (VP_RIF_VS_RIF1) cannot be retrieved for this MCU
2025-10-25 15:26:22,866 [INFO] RtosManager:558 - Registered RTOS mode: class=CMSIS, group=RTOS, mode=CMSIS_V1, owner=FREERTOS
2025-10-25 15:26:22,866 [INFO] RtosManager:558 - Registered RTOS mode: class=CMSIS, group=RTOS2, mode=CMSIS_V2, owner=FREERTOS
2025-10-25 15:26:22,866 [INFO] RtosManager:558 - Registered RTOS mode: class=RTOS, group=Core, mode=CMSIS_V1, owner=FREERTOS
2025-10-25 15:26:22,866 [INFO] RtosManager:558 - Registered RTOS mode: class=RTOS, group=Core, mode=CMSIS_V2, owner=FREERTOS
2025-10-25 15:26:22,866 [WARN] ModelIntegratedComponent:184 - Missing modes for component STMicroelectronics:FreeRTOS:0.0.1:STMicroelectronics:RTOS:FreeRTOS:Core:::10.2.0:
2025-10-25 15:26:22,896 [WARN] ModelIntegratedComponent:63 - No mode defined for component null
2025-10-25 15:26:22,896 [WARN] ModelIntegratedComponent:63 - No mode defined for component null
2025-10-25 15:26:22,896 [WARN] ModelIntegratedComponent:63 - No mode defined for component null
2025-10-25 15:26:22,896 [WARN] ModelIntegratedComponent:63 - No mode defined for component null
2025-10-25 15:26:22,896 [WARN] ModelIntegratedComponent:63 - No mode defined for component null
2025-10-25 15:26:22,896 [WARN] ModelIntegratedComponent:63 - No mode defined for component null
2025-10-25 15:26:22,896 [WARN] ModelIntegratedComponent:63 - No mode defined for component null
2025-10-25 15:26:22,896 [WARN] ModelIntegratedComponent:63 - No mode defined for component null
2025-10-25 15:26:22,896 [WARN] ModelIntegratedComponent:63 - No mode defined for component null
2025-10-25 15:26:22,896 [WARN] ModelIntegratedComponent:63 - No mode defined for component null
2025-10-25 15:26:22,896 [WARN] ModelIntegratedComponent:63 - No mode defined for component null
2025-10-25 15:26:22,896 [WARN] ModelIntegratedComponent:63 - No mode defined for component null
2025-10-25 15:26:22,896 [WARN] ModelIntegratedComponent:63 - No mode defined for component null
2025-10-25 15:26:22,896 [WARN] ModelIntegratedComponent:63 - No mode defined for component null
2025-10-25 15:26:22,896 [WARN] ModelIntegratedComponent:63 - No mode defined for component null
2025-10-25 15:26:22,896 [WARN] ModelIntegratedComponent:63 - No mode defined for component null
2025-10-25 15:26:22,896 [WARN] ModelIntegratedComponent:63 - No mode defined for component null
2025-10-25 15:26:22,896 [WARN] ModelIntegratedComponent:63 - No mode defined for component null
2025-10-25 15:26:22,896 [WARN] ModelIntegratedComponent:63 - No mode defined for component null
2025-10-25 15:26:22,896 [WARN] ModelIntegratedComponent:63 - No mode defined for component null
2025-10-25 15:26:22,896 [WARN] ModelIntegratedComponent:63 - No mode defined for component null
2025-10-25 15:26:22,897 [WARN] ModelIntegratedComponent:63 - No mode defined for component null
2025-10-25 15:26:22,897 [WARN] ModelIntegratedComponent:63 - No mode defined for component null
2025-10-25 15:26:22,897 [WARN] ModelIntegratedComponent:63 - No mode defined for component null
2025-10-25 15:26:22,897 [WARN] ModelIntegratedComponent:63 - No mode defined for component null
2025-10-25 15:26:22,897 [WARN] ModelIntegratedComponent:63 - No mode defined for component null
2025-10-25 15:26:22,897 [WARN] ModelIntegratedComponent:63 - No mode defined for component null
2025-10-25 15:26:22,897 [WARN] ModelIntegratedComponent:63 - No mode defined for component null
2025-10-25 15:26:22,897 [WARN] ModelIntegratedComponent:63 - No mode defined for component null
2025-10-25 15:26:22,897 [WARN] ModelIntegratedComponent:63 - No mode defined for component null
2025-10-25 15:26:22,897 [WARN] ModelIntegratedComponent:63 - No mode defined for component null
2025-10-25 15:26:22,897 [WARN] ModelIntegratedComponent:63 - No mode defined for component null
2025-10-25 15:26:22,897 [WARN] ModelIntegratedComponent:63 - No mode defined for component null
2025-10-25 15:26:22,897 [WARN] ModelIntegratedComponent:63 - No mode defined for component null
2025-10-25 15:26:22,897 [WARN] ModelIntegratedComponent:63 - No mode defined for component null
2025-10-25 15:26:22,897 [WARN] ModelPack:524 - Component already loaded: STMicroelectronics:HAL Drivers:0.0.0:STMicroelectronics:Device:STMicro_Driver:XSPI:HAL::0.0.1:HAL_XSPI
2025-10-25 15:26:23,028 [INFO] ThirdPartyModel:298 - Start build external matchings
2025-10-25 15:26:23,569 [INFO] ThirdPartyModel:316 - End build external matchings
2025-10-25 15:26:23,585 [INFO] ImportTextPane:234 - (OptionalMessage_ERROR) IP (RCC) : Invalid parameter (FamilyName)
2025-10-25 15:26:23,586 [INFO] ImportTextPane:234 - (OptionalMessage_ERROR) IP (RCC) : Parameter (RNGFreq_Value) has invalid value (64000000)
2025-10-25 15:26:23,586 [INFO] ImportTextPane:234 - (OptionalMessage_ERROR) IP (RCC) : Parameter (SDMMCFreq_Value) has invalid value (64000000)
2025-10-25 15:26:23,586 [INFO] ImportTextPane:234 - (OptionalMessage_ERROR) IP (RCC) : Parameter (USBFreq_Value) has invalid value (64000000)
2025-10-25 15:26:23,937 [INFO] UtilMem:75 - End LoadConfig() Used Memory: 761942928 Bytes (1073741824)
2025-10-25 15:26:24,027 [WARN] ThirdParty:833 - waiting for thirdparty lock release [change project]
2025-10-25 15:26:24,027 [INFO] ThirdParty:835 - entering critical section [change project]
2025-10-25 15:26:24,027 [INFO] ThirdParty:1030 - CMSIS Pack Vendor :STMicroelectronics X-CUBE-PM33A1 1.0.0
2025-10-25 15:26:24,027 [INFO] ThirdParty:1030 - CMSIS Pack Vendor :STMicroelectronics USBPD 4.1
2025-10-25 15:26:24,027 [INFO] ThirdParty:1030 - CMSIS Pack Vendor :STMicroelectronics X-CUBE-NFC9 1.0.0
2025-10-25 15:26:24,027 [INFO] ThirdParty:1030 - CMSIS Pack Vendor :STMicroelectronics USB_HOST 2.0.0
2025-10-25 15:26:24,027 [INFO] ThirdParty:1030 - CMSIS Pack Vendor :STMicroelectronics FP-SNS-MOTENVWB1 1.4.0
2025-10-25 15:26:24,027 [INFO] ThirdParty:1030 - CMSIS Pack Vendor :STMicroelectronics X-CUBE-AZRTOS-F4 1.1.0
2025-10-25 15:26:24,027 [INFO] ThirdParty:1030 - CMSIS Pack Vendor :STMicroelectronics LIBJPEG 8.0.0
2025-10-25 15:26:24,027 [INFO] ThirdParty:1030 - CMSIS Pack Vendor :STMicroelectronics FP-ATR-ASTRA1 2.0.2
2025-10-25 15:26:24,027 [INFO] ThirdParty:1030 - CMSIS Pack Vendor :wolfSSL I-CUBE-wolfSSL 5.8.2
2025-10-25 15:26:24,027 [INFO] ThirdParty:1030 - CMSIS Pack Vendor :STMicroelectronics X-CUBE-BLE1 7.1.0
2025-10-25 15:26:24,027 [INFO] ThirdParty:1030 - CMSIS Pack Vendor :Avnet-IotConnect X-CUBE-IoTC-DA16k-PMOD 1.0.0
2025-10-25 15:26:24,027 [INFO] ThirdParty:1030 - CMSIS Pack Vendor :STMicroelectronics X-CUBE-SMBUS 2.1.0
2025-10-25 15:26:24,027 [INFO] ThirdParty:1030 - CMSIS Pack Vendor :wolfSSL I-CUBE-wolfMQTT 1.19.2
2025-10-25 15:26:24,027 [INFO] ThirdParty:1030 - CMSIS Pack Vendor :STMicroelectronics USB_DEVICE 3.0.0
2025-10-25 15:26:24,027 [INFO] ThirdParty:1030 - CMSIS Pack Vendor :STMicroelectronics X-CUBE-ISPU 2.1.0
2025-10-25 15:26:24,027 [INFO] ThirdParty:1030 - CMSIS Pack Vendor :STMicroelectronics X-CUBE-EEPRMA1 5.2.0
2025-10-25 15:26:24,027 [INFO] ThirdParty:1030 - CMSIS Pack Vendor :STMicroelectronics X-CUBE-IPS 3.2.0
2025-10-25 15:26:24,027 [INFO] ThirdParty:1030 - CMSIS Pack Vendor :STMicroelectronics X-CUBE-BLEMGR 4.1.0
2025-10-25 15:26:24,027 [INFO] ThirdParty:1030 - CMSIS Pack Vendor :STMicroelectronics X-CUBE-AZRTOS-WB 2.0.0
2025-10-25 15:26:24,027 [INFO] ThirdParty:1030 - CMSIS Pack Vendor :STMicroelectronics X-CUBE-ST60 1.0.0
2025-10-25 15:26:24,027 [INFO] ThirdParty:1030 - CMSIS Pack Vendor :STMicroelectronics X-CUBE-GNSS1 7.0.1
2025-10-25 15:26:24,027 [INFO] ThirdParty:1030 - CMSIS Pack Vendor :STMicroelectronics X-CUBE-NFC12 1.0.0
2025-10-25 15:26:24,027 [INFO] ThirdParty:1030 - CMSIS Pack Vendor :STMicroelectronics X-CUBE-AZRTOS-F7 1.1.0
2025-10-25 15:26:24,027 [INFO] ThirdParty:1030 - CMSIS Pack Vendor :STMicroelectronics X-CUBE-AZRTOS-L5 2.0.0
2025-10-25 15:26:24,027 [INFO] ThirdParty:1030 - CMSIS Pack Vendor :STMicroelectronics X-CUBE-TOUCHGFX 4.25.0
2025-10-25 15:26:24,027 [INFO] ThirdParty:1030 - CMSIS Pack Vendor :STMicroelectronics USB_DEVICE 2.0.0
2025-10-25 15:26:24,027 [INFO] ThirdParty:1030 - CMSIS Pack Vendor :STMicroelectronics X-CUBE-NFC6 3.1.0
2025-10-25 15:26:24,027 [INFO] ThirdParty:1030 - CMSIS Pack Vendor :STMicroelectronics X-CUBE-ST67W61 1.1.0
2025-10-25 15:26:24,027 [INFO] ThirdParty:1030 - CMSIS Pack Vendor :quantropi X-CUBE-qispace-sdk-base 2.1.0
2025-10-25 15:26:24,027 [INFO] ThirdParty:1030 - CMSIS Pack Vendor :STMicroelectronics FreeRTOS 0.0.1
2025-10-25 15:26:24,027 [INFO] ThirdParty:1030 - CMSIS Pack Vendor :STMicroelectronics X-CUBE-AZRTOS-G0 1.1.0
2025-10-25 15:26:24,027 [INFO] ThirdParty:1030 - CMSIS Pack Vendor :STMicroelectronics X-CUBE-SAFEA1 1.2.2
2025-10-25 15:26:24,027 [INFO] ThirdParty:1030 - CMSIS Pack Vendor :STMicroelectronics X-CUBE-NFC4 3.0.0
2025-10-25 15:26:24,027 [INFO] ThirdParty:1030 - CMSIS Pack Vendor :STMicroelectronics X-CUBE-SUBG2 5.0.0
2025-10-25 15:26:24,027 [INFO] ThirdParty:1030 - CMSIS Pack Vendor :STMicroelectronics X-CUBE-AZRTOS-H7RS 1.1.0
2025-10-25 15:26:24,027 [INFO] ThirdParty:1030 - CMSIS Pack Vendor :STMicroelectronics STM32_WPAN 1.0.0
2025-10-25 15:26:24,027 [INFO] ThirdParty:1030 - CMSIS Pack Vendor :EmbeddedOffice I-CUBE-FS-RTOS 1.0.1
2025-10-25 15:26:24,027 [INFO] ThirdParty:1030 - CMSIS Pack Vendor :STMicroelectronics lwIP 2.0.3
2025-10-25 15:26:24,027 [INFO] ThirdParty:1030 - CMSIS Pack Vendor :WES I-CUBE-Cesium 1.4.0
2025-10-25 15:26:24,027 [INFO] ThirdParty:1030 - CMSIS Pack Vendor :Cesanta I-CUBE-Mongoose 7.13.0
2025-10-25 15:26:24,027 [INFO] ThirdParty:1030 - CMSIS Pack Vendor :STMicroelectronics USB_HOST 1.0.0
2025-10-25 15:26:24,027 [INFO] ThirdParty:1030 - CMSIS Pack Vendor :Infineon AIROC-Wi-Fi-Bluetooth-STM32 1.7.1
2025-10-25 15:26:24,027 [INFO] ThirdParty:1030 - CMSIS Pack Vendor :STMicroelectronics X-CUBE-AZRTOS-G4 2.0.0
2025-10-25 15:26:24,027 [INFO] ThirdParty:1030 - CMSIS Pack Vendor :STMicroelectronics X-CUBE-WB05N 2.0.0
2025-10-25 15:26:24,027 [INFO] ThirdParty:1030 - CMSIS Pack Vendor :STMicroelectronics PDM2PCM 3.1.0
2025-10-25 15:26:24,027 [INFO] ThirdParty:1030 - CMSIS Pack Vendor :STMicroelectronics PDM2PCM 3.3.0
2025-10-25 15:26:24,027 [INFO] ThirdParty:1030 - CMSIS Pack Vendor :wolfSSL I-CUBE-wolfTPM 3.8.0
2025-10-25 15:26:24,027 [INFO] ThirdParty:1030 - CMSIS Pack Vendor :STMicroelectronics X-CUBE-AZRTOS-H7 3.4.0
2025-10-25 15:26:24,027 [INFO] ThirdParty:1030 - CMSIS Pack Vendor :STMicroelectronics X-CUBE-DISPLAY 3.0.0
2025-10-25 15:26:24,027 [INFO] ThirdParty:1030 - CMSIS Pack Vendor :wolfSSL I-CUBE-wolfSSH 1.4.20
2025-10-25 15:26:24,027 [INFO] ThirdParty:1030 - CMSIS Pack Vendor :STMicroelectronics X-CUBE-NFC7 2.0.0
2025-10-25 15:26:24,027 [INFO] ThirdParty:1030 - CMSIS Pack Vendor :STMicroelectronics X-CUBE-TCPP 4.2.0
2025-10-25 15:26:24,027 [INFO] ThirdParty:1030 - CMSIS Pack Vendor :RealThread X-CUBE-RT-Thread_Nano 4.1.1
2025-10-25 15:26:24,027 [INFO] ThirdParty:1030 - CMSIS Pack Vendor :STMicroelectronics FP-ATR-SIGFOX1 3.2.0
2025-10-25 15:26:24,027 [INFO] ThirdParty:1030 - CMSIS Pack Vendor :STMicroelectronics X-CUBE-NFC10 1.0.0
2025-10-25 15:26:24,027 [INFO] ThirdParty:1030 - CMSIS Pack Vendor :STMicroelectronics X-CUBE-FREERTOS 1.3.1
2025-10-25 15:26:24,027 [INFO] ThirdParty:1030 - CMSIS Pack Vendor :STMicroelectronics HAL Drivers 0.0.0
2025-10-25 15:26:24,027 [INFO] ThirdParty:1030 - CMSIS Pack Vendor :STMicroelectronics MBEDTLS 2.16.2
2025-10-25 15:26:24,027 [INFO] ThirdParty:1030 - CMSIS Pack Vendor :STMicroelectronics X-CUBE-ST60 1.1.0
2025-10-25 15:26:24,027 [INFO] ThirdParty:1030 - CMSIS Pack Vendor :STMicroelectronics X-CUBE-IPS 3.1.0
2025-10-25 15:26:24,027 [INFO] ThirdParty:1030 - CMSIS Pack Vendor :STMicroelectronics X-CUBE-ALS 1.0.2
2025-10-25 15:26:24,027 [INFO] ThirdParty:1030 - CMSIS Pack Vendor :emotas I-CUBE-CANOPEN 1.3.0
2025-10-25 15:26:24,027 [INFO] ThirdParty:1030 - CMSIS Pack Vendor :STMicroelectronics MBEDTLS 2.14.1
2025-10-25 15:26:24,027 [INFO] ThirdParty:1030 - CMSIS Pack Vendor :ITTIA_DB I-CUBE-ITTIADB 8.9.0
2025-10-25 15:26:24,027 [INFO] ThirdParty:1030 - CMSIS Pack Vendor :STMicroelectronics X-CUBE-TOUCHGFX 4.26.0
2025-10-25 15:26:24,027 [INFO] ThirdParty:1030 - CMSIS Pack Vendor :STMicroelectronics X-CUBE-STSE01 1.0.0
2025-10-25 15:26:24,027 [INFO] ThirdParty:1030 - CMSIS Pack Vendor :STMicroelectronics X-CUBE-ST67W61 1.0.0
2025-10-25 15:26:24,027 [INFO] ThirdParty:1030 - CMSIS Pack Vendor :STMicroelectronics FP-SNS-STBOX1 2.1.0
2025-10-25 15:26:24,027 [INFO] ThirdParty:1030 - CMSIS Pack Vendor :STMicroelectronics X-CUBE-AI 10.2.0
2025-10-25 15:26:24,027 [INFO] ThirdParty:1030 - CMSIS Pack Vendor :STMicroelectronics FP-SNS-STAIOTCFT 1.0.0
2025-10-25 15:26:24,027 [INFO] ThirdParty:1030 - CMSIS Pack Vendor :STMicroelectronics ThreadX 1.0.0
2025-10-25 15:26:24,027 [INFO] ThirdParty:1030 - CMSIS Pack Vendor :STMicroelectronics FP-SNS-SMARTAG2 1.2.0
2025-10-25 15:26:24,027 [INFO] ThirdParty:1030 - CMSIS Pack Vendor :STMicroelectronics FP-SNS-FLIGHT1 5.1.0
2025-10-25 15:26:24,029 [INFO] ThirdParty:1030 - CMSIS Pack Vendor :STMicroelectronics X-CUBE-AZRTOS-WL 2.0.0
2025-10-25 15:26:24,029 [INFO] ThirdParty:1030 - CMSIS Pack Vendor :SEGGER I-CUBE-embOS 1.3.1
2025-10-25 15:26:24,029 [INFO] ThirdParty:1030 - CMSIS Pack Vendor :STMicroelectronics X-CUBE-ALGOBUILD 1.4.0
2025-10-25 15:26:24,029 [INFO] ThirdParty:1030 - CMSIS Pack Vendor :STMicroelectronics X-CUBE-DPower 1.3.0
2025-10-25 15:26:24,029 [INFO] ThirdParty:1030 - CMSIS Pack Vendor :STMicroelectronics X-CUBE-MEMS1 11.3.0
2025-10-25 15:26:24,029 [INFO] ThirdParty:1030 - CMSIS Pack Vendor :STMicroelectronics FP-SNS-MOTENV1 5.0.0
2025-10-25 15:26:24,029 [INFO] ThirdParty:1030 - CMSIS Pack Vendor :STMicroelectronics USB_DEVICE 1.0.0
2025-10-25 15:26:24,029 [INFO] ThirdParty:1030 - CMSIS Pack Vendor :STMicroelectronics X-CUBE-AZRTOS-L4 2.0.0
2025-10-25 15:26:24,029 [INFO] ThirdParty:1030 - CMSIS Pack Vendor :STMicroelectronics ThreadX 0.0.2
2025-10-25 15:26:24,029 [INFO] ThirdParty:1030 - CMSIS Pack Vendor :STMicroelectronics lwIP 2.1.2
2025-10-25 15:26:24,029 [INFO] ThirdParty:1030 - CMSIS Pack Vendor :STMicroelectronics X-CUBE-SFXS2LP1 4.0.0
2025-10-25 15:26:24,029 [INFO] ThirdParty:1030 - CMSIS Pack Vendor :STMicroelectronics X-CUBE-BLE2 3.3.0
2025-10-25 15:26:24,029 [INFO] ThirdParty:1030 - CMSIS Pack Vendor :STMicroelectronics X-CUBE-TOF1 3.4.3
2025-10-25 15:26:24,029 [INFO] ThirdParty:1030 - CMSIS Pack Vendor :STMicroelectronics PDM2PCM 3.2.0
2025-10-25 15:26:24,029 [INFO] ThirdParty:841 - exiting critical section [change project]
2025-10-25 15:26:24,269 [INFO] PinOutPanel:1589 - setPackage(No Configuration,No Configuration)
2025-10-25 15:26:24,269 [INFO] PinOutPanel:1589 - setPackage(STM32L476RGTx,LQFP64)
2025-10-25 15:26:24,808 [INFO] UtilMem:75 - Before build in PCC Used Memory: 783438736 Bytes (1073741824)
2025-10-25 15:26:25,164 [INFO] UtilMem:75 - After build in PCC Used Memory: 865760160 Bytes (1073741824)
2025-10-25 15:26:25,187 [INFO] IPUIPlugin:80 - create IPUIPlugin
2025-10-25 15:26:25,187 [INFO] IPUIPlugin:80 - create IPUIPlugin
2025-10-25 15:26:25,187 [INFO] IPUIPlugin:80 - create IPUIPlugin
2025-10-25 15:26:25,187 [INFO] IPUIPlugin:80 - create IPUIPlugin
2025-10-25 15:26:25,187 [INFO] IPUIPlugin:80 - create IPUIPlugin
2025-10-25 15:26:25,187 [INFO] IPUIPlugin:80 - create IPUIPlugin
2025-10-25 15:26:25,188 [INFO] IPUIPlugin:80 - create IPUIPlugin
2025-10-25 15:26:25,188 [INFO] IPUIPlugin:80 - create IPUIPlugin
2025-10-25 15:26:25,188 [INFO] IPUIPlugin:80 - create IPUIPlugin
2025-10-25 15:26:25,188 [INFO] IPUIPlugin:80 - create IPUIPlugin
2025-10-25 15:26:25,188 [INFO] IPUIPlugin:80 - create IPUIPlugin
2025-10-25 15:26:25,188 [INFO] IPUIPlugin:80 - create IPUIPlugin
2025-10-25 15:26:25,188 [INFO] IPUIPlugin:80 - create IPUIPlugin
2025-10-25 15:26:25,188 [INFO] IPUIPlugin:80 - create IPUIPlugin
2025-10-25 15:26:25,188 [INFO] IPUIPlugin:80 - create IPUIPlugin
2025-10-25 15:26:25,188 [INFO] IPUIPlugin:80 - create IPUIPlugin
2025-10-25 15:26:25,189 [INFO] IPUIPlugin:80 - create IPUIPlugin
2025-10-25 15:26:25,189 [INFO] IPUIPlugin:80 - create IPUIPlugin
2025-10-25 15:26:25,189 [INFO] IPUIPlugin:80 - create IPUIPlugin
2025-10-25 15:26:25,189 [INFO] IPUIPlugin:80 - create IPUIPlugin
2025-10-25 15:26:25,189 [INFO] IPUIPlugin:80 - create IPUIPlugin
2025-10-25 15:26:25,189 [INFO] IPUIPlugin:80 - create IPUIPlugin
2025-10-25 15:26:25,189 [INFO] IPUIPlugin:80 - create IPUIPlugin
2025-10-25 15:26:25,189 [INFO] IPUIPlugin:80 - create IPUIPlugin
2025-10-25 15:26:25,190 [INFO] IPUIPlugin:80 - create IPUIPlugin
2025-10-25 15:26:25,190 [INFO] IPUIPlugin:80 - create IPUIPlugin
2025-10-25 15:26:25,190 [INFO] IPUIPlugin:80 - create IPUIPlugin
2025-10-25 15:26:25,190 [INFO] IPUIPlugin:80 - create IPUIPlugin
2025-10-25 15:26:25,190 [INFO] IPUIPlugin:80 - create IPUIPlugin
2025-10-25 15:26:25,190 [INFO] IPUIPlugin:80 - create IPUIPlugin
2025-10-25 15:26:25,191 [INFO] IPUIPlugin:80 - create IPUIPlugin
2025-10-25 15:26:25,191 [INFO] IPUIPlugin:80 - create IPUIPlugin
2025-10-25 15:26:25,191 [INFO] IPUIPlugin:80 - create IPUIPlugin
2025-10-25 15:26:25,191 [INFO] IPUIPlugin:80 - create IPUIPlugin
2025-10-25 15:26:25,191 [INFO] IPUIPlugin:80 - create IPUIPlugin
2025-10-25 15:26:25,191 [INFO] IPUIPlugin:80 - create IPUIPlugin
2025-10-25 15:26:25,191 [INFO] IPUIPlugin:80 - create IPUIPlugin
2025-10-25 15:26:25,192 [INFO] IPUIPlugin:80 - create IPUIPlugin
2025-10-25 15:26:25,192 [INFO] IPUIPlugin:80 - create IPUIPlugin
2025-10-25 15:26:25,192 [INFO] IPUIPlugin:80 - create IPUIPlugin
2025-10-25 15:26:25,192 [INFO] IPUIPlugin:80 - create IPUIPlugin
2025-10-25 15:26:25,192 [INFO] IPUIPlugin:80 - create IPUIPlugin
2025-10-25 15:26:25,192 [INFO] IPUIPlugin:80 - create IPUIPlugin
2025-10-25 15:26:25,192 [INFO] IPUIPlugin:80 - create IPUIPlugin
2025-10-25 15:26:25,193 [INFO] IPUIPlugin:80 - create IPUIPlugin
2025-10-25 15:26:25,193 [INFO] IPUIPlugin:80 - create IPUIPlugin
2025-10-25 15:26:25,193 [INFO] IPUIPlugin:80 - create IPUIPlugin
2025-10-25 15:26:25,193 [INFO] IPUIPlugin:80 - create IPUIPlugin
2025-10-25 15:26:25,193 [INFO] IPUIPlugin:80 - create IPUIPlugin
2025-10-25 15:26:25,193 [INFO] IPUIPlugin:80 - create IPUIPlugin
2025-10-25 15:26:25,194 [INFO] IPUIPlugin:80 - create IPUIPlugin
2025-10-25 15:26:25,194 [INFO] IPUIPlugin:80 - create IPUIPlugin
2025-10-25 15:26:25,194 [INFO] IPUIPlugin:80 - create IPUIPlugin
2025-10-25 15:26:25,194 [INFO] IPUIPlugin:80 - create IPUIPlugin
2025-10-25 15:26:25,194 [INFO] IPUIPlugin:80 - create IPUIPlugin
2025-10-25 15:26:25,195 [INFO] IPUIPlugin:80 - create IPUIPlugin
2025-10-25 15:26:25,195 [INFO] IPUIPlugin:80 - create IPUIPlugin
2025-10-25 15:26:25,195 [INFO] IPUIPlugin:80 - create IPUIPlugin
2025-10-25 15:26:25,195 [INFO] IPUIPlugin:80 - create IPUIPlugin
2025-10-25 15:26:25,250 [INFO] CADModel:165 - CPN selected for project levelSTM32L476RGT3
2025-10-25 15:26:25,250 [INFO] CADModel:114 - Register for checkConnection events
2025-10-25 15:26:25,334 [INFO] OpenFileManager:386 - Restore cursor
2025-10-25 15:26:25,977 [INFO] UtilMem:75 - End SaveConfig() Used Memory: 653460696 Bytes (1073741824)
2025-10-25 15:26:26,041 [INFO] UtilMem:75 - End SaveConfig() Used Memory: 678146424 Bytes (1073741824)
2025-10-25 15:26:26,164 [INFO] BlockDiagram:2775 - set Specific Code input for plugin: SYS
2025-10-25 15:26:26,164 [INFO] BlockDiagram:2775 - set Specific Code input for plugin: RCC
2025-10-25 15:26:26,164 [INFO] BlockDiagram:2775 - set Specific Code input for plugin: NVIC
2025-10-25 15:26:26,164 [INFO] BlockDiagram:2775 - set Specific Code input for plugin: USART
2025-10-25 15:26:26,164 [INFO] BlockDiagram:2775 - set Specific Code input for plugin: GPIO
2025-10-25 15:26:26,164 [INFO] CodeGenerator:892 - code generatio: config db path: C:\ST\STM32CubeIDE_1.19.0\STM32CubeIDE\plugins\com.st.stm32cube.common.mx_6.15.0.202507011659\\db\
2025-10-25 15:26:26,241 [INFO] CodeEngine:265 - oldGeneratedFile, D:\STM32\Lab\Practice2-arbitrary-waveform-generator\MXTmpFiles\license.tmp_save
2025-10-25 15:26:26,489 [INFO] CodeEngine:289 - Generated code: D:\STM32\Lab\Practice2-arbitrary-waveform-generator\MXTmpFiles\license.tmp
2025-10-25 15:26:26,522 [INFO] CodeEngine:265 - oldGeneratedFile, D:\STM32\Lab\Practice2-arbitrary-waveform-generator\MXTmpFiles\gpio.tmp_save
2025-10-25 15:26:26,636 [INFO] CodeEngine:289 - Generated code: D:\STM32\Lab\Practice2-arbitrary-waveform-generator\MXTmpFiles\gpio.tmp
2025-10-25 15:26:27,275 [INFO] CodeEngine:265 - oldGeneratedFile, D:\STM32\Lab\Practice2-arbitrary-waveform-generator\Core\Src\stm32l4xx_it.c_save
2025-10-25 15:26:27,474 [INFO] CodeEngine:289 - Generated code: D:\STM32\Lab\Practice2-arbitrary-waveform-generator\Core\Src\stm32l4xx_it.c
2025-10-25 15:26:27,478 [INFO] CodeEngine:265 - oldGeneratedFile, D:\STM32\Lab\Practice2-arbitrary-waveform-generator\Core\Inc\stm32l4xx_it.h_save
2025-10-25 15:26:27,540 [INFO] CodeEngine:289 - Generated code: D:\STM32\Lab\Practice2-arbitrary-waveform-generator\Core\Inc\stm32l4xx_it.h
2025-10-25 15:26:27,549 [INFO] CodeEngine:265 - oldGeneratedFile, D:\STM32\Lab\Practice2-arbitrary-waveform-generator\Core\Src\stm32l4xx_hal_msp.c_save
2025-10-25 15:26:27,656 [INFO] CodeEngine:289 - Generated code: D:\STM32\Lab\Practice2-arbitrary-waveform-generator\Core\Src\stm32l4xx_hal_msp.c
2025-10-25 15:26:27,660 [INFO] CodeEngine:265 - oldGeneratedFile, D:\STM32\Lab\Practice2-arbitrary-waveform-generator\MXTmpFiles\system.tmp_save
2025-10-25 15:26:27,706 [INFO] CodeEngine:289 - Generated code: D:\STM32\Lab\Practice2-arbitrary-waveform-generator\MXTmpFiles\system.tmp
2025-10-25 15:26:27,714 [INFO] CodeEngine:321 - oldGeneratedFile, D:\STM32\Lab\Practice2-arbitrary-waveform-generator\Core\Inc\stm32l4xx_hal_conf.h_save
2025-10-25 15:26:27,759 [INFO] CodeEngine:345 - Generated code: D:\STM32\Lab\Practice2-arbitrary-waveform-generator\Core\Inc\stm32l4xx_hal_conf.h
2025-10-25 15:26:27,775 [INFO] ApiDbMcu:532 - Load IP Config File for USART2
2025-10-25 15:26:27,790 [INFO] ApiDbMcu:532 - Load IP Config File for RCC
2025-10-25 15:26:27,790 [INFO] CodeEngine:265 - oldGeneratedFile, D:\STM32\Lab\Practice2-arbitrary-waveform-generator\Core\Inc\main.h_save
2025-10-25 15:26:27,870 [INFO] CodeEngine:289 - Generated code: D:\STM32\Lab\Practice2-arbitrary-waveform-generator\Core\Inc\main.h
2025-10-25 15:26:27,885 [INFO] CodeEngine:265 - oldGeneratedFile, D:\STM32\Lab\Practice2-arbitrary-waveform-generator\Core\Src\main.c_save
2025-10-25 15:26:27,949 [INFO] CodeEngine:289 - Generated code: D:\STM32\Lab\Practice2-arbitrary-waveform-generator\Core\Src\main.c
2025-10-25 15:26:28,457 [INFO] ProjectBuilder:3606 - Time for Copy HAL[1] : 301mS.
2025-10-25 15:26:28,457 [INFO] ProjectBuilder:5216 - Project Generator version: 4.7.0-B52
2025-10-25 15:26:28,521 [INFO] ConfigFileManager:1595 - The Die is : DIE415
2025-10-25 15:26:28,521 [INFO] ApiDbMcu:532 - Load IP Config File for FATFS
2025-10-25 15:26:28,521 [INFO] ApiDbMcu:532 - Load IP Config File for FREERTOS
2025-10-25 15:26:28,521 [INFO] ApiDbMcu:532 - Load IP Config File for TOUCHSENSING
2025-10-25 15:26:28,540 [INFO] ApiDbMcu:532 - Load IP Config File for USB_DEVICE
2025-10-25 15:26:28,543 [INFO] ApiDbMcu:532 - Load IP Config File for USB_HOST
2025-10-25 15:26:30,349 [INFO] ProjectBuilder:5496 - Time for Generating toolchain IDE Files: 1892mS.
2025-10-25 15:26:30,349 [INFO] ProjectBuilder:3463 - Time for Copy CMSIS : 0mS.
2025-10-25 15:26:30,351 [INFO] ProjectBuilder:3463 - Time for Copy CMSIS : 0mS.
2025-10-25 15:26:31,019 [INFO] McuFinderGlobals:76 - Set McuFinderConnectedMode to true
2025-10-25 15:26:31,019 [INFO] ApiDb:448 - Save user favorites file C:\Users\user/.stm32cubeide/favorites.mcus.txt: 0 item(s)
2025-10-25 15:26:31,019 [INFO] ApiDb:452 - User favorites MCUs=[]
2025-10-25 15:26:31,019 [INFO] ApiDb:448 - Save user favorites file C:\Users\user/.stm32cubeide/favorites.boards.txt: 1 item(s)
2025-10-25 15:26:31,019 [INFO] ApiDb:452 - User favorites Boards=[NUCLEO-L476RG]
2025-10-25 15:32:53,361 [ERROR] LogOutputStream:75 - [STDERR_REDIRECT] Exception in thread "AWT-EventQueue-0" java.awt.IllegalComponentStateException: component must be showing on the screen to determine its location
2025-10-25 15:32:53,364 [ERROR] LogOutputStream:75 - [STDERR_REDIRECT] 	at java.desktop/java.awt.Component.getLocationOnScreen_NoTreeLock(Component.java:2113)
2025-10-25 15:32:53,365 [ERROR] LogOutputStream:75 - [STDERR_REDIRECT] 	at java.desktop/java.awt.Component.getLocationOnScreen(Component.java:2087)
2025-10-25 15:32:53,366 [ERROR] LogOutputStream:75 - [STDERR_REDIRECT] 	at java.desktop/javax.swing.JPopupMenu.show(JPopupMenu.java:982)
2025-10-25 15:32:53,368 [ERROR] LogOutputStream:75 - [STDERR_REDIRECT] 	at java.desktop/javax.swing.plaf.basic.BasicComboPopup.show(BasicComboPopup.java:235)
2025-10-25 15:32:53,369 [ERROR] LogOutputStream:75 - [STDERR_REDIRECT] 	at java.desktop/javax.swing.plaf.basic.BasicComboPopup.togglePopup(BasicComboPopup.java:1265)
2025-10-25 15:32:53,371 [ERROR] LogOutputStream:75 - [STDERR_REDIRECT] 	at java.desktop/javax.swing.plaf.basic.BasicComboPopup$Handler.mousePressed(BasicComboPopup.java:936)
2025-10-25 15:32:53,372 [ERROR] LogOutputStream:75 - [STDERR_REDIRECT] 	at java.desktop/java.awt.Component.processMouseEvent(Component.java:6618)
2025-10-25 15:32:53,374 [ERROR] LogOutputStream:75 - [STDERR_REDIRECT] 	at java.desktop/javax.swing.JComponent.processMouseEvent(JComponent.java:3398)
2025-10-25 15:32:53,375 [ERROR] LogOutputStream:75 - [STDERR_REDIRECT] 	at java.desktop/java.awt.Component.processEvent(Component.java:6386)
2025-10-25 15:32:53,376 [ERROR] LogOutputStream:75 - [STDERR_REDIRECT] 	at java.desktop/java.awt.Container.processEvent(Container.java:2266)
2025-10-25 15:32:53,377 [ERROR] LogOutputStream:75 - [STDERR_REDIRECT] 	at java.desktop/java.awt.Component.dispatchEventImpl(Component.java:4996)
2025-10-25 15:32:53,379 [ERROR] LogOutputStream:75 - [STDERR_REDIRECT] 	at java.desktop/java.awt.Container.dispatchEventImpl(Container.java:2324)
2025-10-25 15:32:53,380 [ERROR] LogOutputStream:75 - [STDERR_REDIRECT] 	at java.desktop/java.awt.Component.dispatchEvent(Component.java:4828)
2025-10-25 15:32:53,381 [ERROR] LogOutputStream:75 - [STDERR_REDIRECT] 	at java.desktop/javax.swing.plaf.basic.BasicTableUI$Handler.repostEvent(BasicTableUI.java:978)
2025-10-25 15:32:53,383 [ERROR] LogOutputStream:75 - [STDERR_REDIRECT] 	at java.desktop/javax.swing.plaf.basic.BasicTableUI$Handler.adjustSelection(BasicTableUI.java:1140)
2025-10-25 15:32:53,384 [ERROR] LogOutputStream:75 - [STDERR_REDIRECT] 	at java.desktop/javax.swing.plaf.basic.BasicTableUI$Handler.mousePressed(BasicTableUI.java:1068)
2025-10-25 15:32:53,386 [ERROR] LogOutputStream:75 - [STDERR_REDIRECT] 	at java.desktop/java.awt.AWTEventMulticaster.mousePressed(AWTEventMulticaster.java:288)
2025-10-25 15:32:53,387 [ERROR] LogOutputStream:75 - [STDERR_REDIRECT] 	at java.desktop/java.awt.AWTEventMulticaster.mousePressed(AWTEventMulticaster.java:287)
2025-10-25 15:32:53,389 [ERROR] LogOutputStream:75 - [STDERR_REDIRECT] 	at java.desktop/java.awt.AWTEventMulticaster.mousePressed(AWTEventMulticaster.java:287)
2025-10-25 15:32:53,390 [ERROR] LogOutputStream:75 - [STDERR_REDIRECT] 	at java.desktop/java.awt.AWTEventMulticaster.mousePressed(AWTEventMulticaster.java:287)
2025-10-25 15:32:53,392 [ERROR] LogOutputStream:75 - [STDERR_REDIRECT] 	at java.desktop/java.awt.Component.processMouseEvent(Component.java:6618)
2025-10-25 15:32:53,393 [ERROR] LogOutputStream:75 - [STDERR_REDIRECT] 	at java.desktop/javax.swing.JComponent.processMouseEvent(JComponent.java:3398)
2025-10-25 15:32:53,395 [ERROR] LogOutputStream:75 - [STDERR_REDIRECT] 	at java.desktop/java.awt.Component.processEvent(Component.java:6386)
2025-10-25 15:32:53,396 [ERROR] LogOutputStream:75 - [STDERR_REDIRECT] 	at java.desktop/java.awt.Container.processEvent(Container.java:2266)
2025-10-25 15:32:53,397 [ERROR] LogOutputStream:75 - [STDERR_REDIRECT] 	at java.desktop/java.awt.Component.dispatchEventImpl(Component.java:4996)
2025-10-25 15:32:53,398 [ERROR] LogOutputStream:75 - [STDERR_REDIRECT] 	at java.desktop/java.awt.Container.dispatchEventImpl(Container.java:2324)
2025-10-25 15:32:53,399 [ERROR] LogOutputStream:75 - [STDERR_REDIRECT] 	at java.desktop/java.awt.Component.dispatchEvent(Component.java:4828)
2025-10-25 15:32:53,401 [ERROR] LogOutputStream:75 - [STDERR_REDIRECT] 	at java.desktop/java.awt.LightweightDispatcher.retargetMouseEvent(Container.java:4948)
2025-10-25 15:32:53,402 [ERROR] LogOutputStream:75 - [STDERR_REDIRECT] 	at java.desktop/java.awt.LightweightDispatcher.processMouseEvent(Container.java:4572)
2025-10-25 15:32:53,403 [ERROR] LogOutputStream:75 - [STDERR_REDIRECT] 	at java.desktop/java.awt.LightweightDispatcher.dispatchEvent(Container.java:4516)
2025-10-25 15:32:53,405 [ERROR] LogOutputStream:75 - [STDERR_REDIRECT] 	at java.desktop/java.awt.Container.dispatchEventImpl(Container.java:2310)
2025-10-25 15:32:53,406 [ERROR] LogOutputStream:75 - [STDERR_REDIRECT] 	at java.desktop/java.awt.Component.dispatchEvent(Component.java:4828)
2025-10-25 15:32:53,407 [ERROR] LogOutputStream:75 - [STDERR_REDIRECT] 	at java.desktop/java.awt.EventQueue.dispatchEventImpl(EventQueue.java:775)
2025-10-25 15:32:53,408 [ERROR] LogOutputStream:75 - [STDERR_REDIRECT] 	at java.desktop/java.awt.EventQueue$4.run(EventQueue.java:720)
2025-10-25 15:32:53,409 [ERROR] LogOutputStream:75 - [STDERR_REDIRECT] 	at java.desktop/java.awt.EventQueue$4.run(EventQueue.java:714)
2025-10-25 15:32:53,411 [ERROR] LogOutputStream:75 - [STDERR_REDIRECT] 	at java.base/java.security.AccessController.doPrivileged(AccessController.java:400)
2025-10-25 15:32:53,412 [ERROR] LogOutputStream:75 - [STDERR_REDIRECT] 	at java.base/java.security.ProtectionDomain$JavaSecurityAccessImpl.doIntersectionPrivilege(ProtectionDomain.java:87)
2025-10-25 15:32:53,414 [ERROR] LogOutputStream:75 - [STDERR_REDIRECT] 	at java.base/java.security.ProtectionDomain$JavaSecurityAccessImpl.doIntersectionPrivilege(ProtectionDomain.java:98)
2025-10-25 15:32:53,415 [ERROR] LogOutputStream:75 - [STDERR_REDIRECT] 	at java.desktop/java.awt.EventQueue$5.run(EventQueue.java:747)
2025-10-25 15:32:53,416 [ERROR] LogOutputStream:75 - [STDERR_REDIRECT] 	at java.desktop/java.awt.EventQueue$5.run(EventQueue.java:745)
2025-10-25 15:32:53,418 [ERROR] LogOutputStream:75 - [STDERR_REDIRECT] 	at java.base/java.security.AccessController.doPrivileged(AccessController.java:400)
2025-10-25 15:32:53,419 [ERROR] LogOutputStream:75 - [STDERR_REDIRECT] 	at java.base/java.security.ProtectionDomain$JavaSecurityAccessImpl.doIntersectionPrivilege(ProtectionDomain.java:87)
2025-10-25 15:32:53,420 [ERROR] LogOutputStream:75 - [STDERR_REDIRECT] 	at java.desktop/java.awt.EventQueue.dispatchEvent(EventQueue.java:744)
2025-10-25 15:32:53,422 [ERROR] LogOutputStream:75 - [STDERR_REDIRECT] 	at java.desktop/java.awt.EventDispatchThread.pumpOneEventForFilters(EventDispatchThread.java:203)
2025-10-25 15:32:53,423 [ERROR] LogOutputStream:75 - [STDERR_REDIRECT] 	at java.desktop/java.awt.EventDispatchThread.pumpEventsForFilter(EventDispatchThread.java:124)
2025-10-25 15:32:53,425 [ERROR] LogOutputStream:75 - [STDERR_REDIRECT] 	at java.desktop/java.awt.EventDispatchThread.pumpEventsForHierarchy(EventDispatchThread.java:113)
2025-10-25 15:32:53,426 [ERROR] LogOutputStream:75 - [STDERR_REDIRECT] 	at java.desktop/java.awt.EventDispatchThread.pumpEvents(EventDispatchThread.java:109)
2025-10-25 15:32:53,428 [ERROR] LogOutputStream:75 - [STDERR_REDIRECT] 	at java.desktop/java.awt.EventDispatchThread.pumpEvents(EventDispatchThread.java:101)
2025-10-25 15:32:53,429 [ERROR] LogOutputStream:75 - [STDERR_REDIRECT] 	at java.desktop/java.awt.EventDispatchThread.run(EventDispatchThread.java:90)
2025-10-25 15:32:54,838 [INFO] NvicIntPanel:101 - NVIC parent = com.st.microxplorer.plugins.ip.nvic.MultiNvicIntPanel[,0,0,0x0,invalid,layout=javax.swing.BoxLayout,alignmentX=0.0,alignmentY=0.0,border=,flags=9,maximumSize=,minimumSize=,preferredSize=]
2025-10-25 15:32:59,511 [INFO] NvicIntPanel:101 - NVIC parent = com.st.microxplorer.plugins.ip.nvic.MultiNvicIntPanel[,0,0,0x0,invalid,layout=javax.swing.BoxLayout,alignmentX=0.0,alignmentY=0.0,border=,flags=9,maximumSize=,minimumSize=,preferredSize=]
2025-10-25 15:33:02,687 [INFO] NvicIntPanel:101 - NVIC parent = com.st.microxplorer.plugins.ip.nvic.MultiNvicIntPanel[,0,0,0x0,invalid,layout=javax.swing.BoxLayout,alignmentX=0.0,alignmentY=0.0,border=,flags=9,maximumSize=,minimumSize=,preferredSize=]
2025-10-25 15:33:05,742 [INFO] NvicIntPanel:101 - NVIC parent = com.st.microxplorer.plugins.ip.nvic.MultiNvicIntPanel[,0,0,0x0,invalid,layout=javax.swing.BoxLayout,alignmentX=0.0,alignmentY=0.0,border=,flags=9,maximumSize=,minimumSize=,preferredSize=]
2025-10-25 15:44:36,722 [INFO] UtilMem:75 - End SaveConfig() Used Memory: 430797832 Bytes (1073741824)
2025-10-25 15:44:39,026 [INFO] UtilMem:75 - End SaveConfig() Used Memory: 550467504 Bytes (1073741824)
2025-10-25 15:44:39,612 [INFO] BlockDiagram:2775 - set Specific Code input for plugin: DAC
2025-10-25 15:44:39,612 [INFO] BlockDiagram:2775 - set Specific Code input for plugin: TIM1_8L4
2025-10-25 15:44:39,612 [INFO] BlockDiagram:2775 - set Specific Code input for plugin: SYS
2025-10-25 15:44:39,612 [INFO] BlockDiagram:2775 - set Specific Code input for plugin: RCC
2025-10-25 15:44:39,612 [INFO] BlockDiagram:2775 - set Specific Code input for plugin: NVIC
2025-10-25 15:44:39,613 [INFO] BlockDiagram:2775 - set Specific Code input for plugin: GPIO
2025-10-25 15:44:39,613 [INFO] CodeGenerator:892 - code generatio: config db path: C:\ST\STM32CubeIDE_1.19.0\STM32CubeIDE\plugins\com.st.stm32cube.common.mx_6.15.0.202507011659\\db\
2025-10-25 15:44:39,808 [INFO] CodeEngine:265 - oldGeneratedFile, D:\STM32\Lab\Practice2-arbitrary-waveform-generator\MXTmpFiles\license.tmp_save
2025-10-25 15:44:40,024 [INFO] CodeEngine:289 - Generated code: D:\STM32\Lab\Practice2-arbitrary-waveform-generator\MXTmpFiles\license.tmp
2025-10-25 15:44:40,054 [INFO] CodeEngine:265 - oldGeneratedFile, D:\STM32\Lab\Practice2-arbitrary-waveform-generator\MXTmpFiles\gpio.tmp_save
2025-10-25 15:44:40,177 [INFO] CodeEngine:289 - Generated code: D:\STM32\Lab\Practice2-arbitrary-waveform-generator\MXTmpFiles\gpio.tmp
2025-10-25 15:44:40,356 [INFO] CodeEngine:265 - oldGeneratedFile, D:\STM32\Lab\Practice2-arbitrary-waveform-generator\Core\Src\stm32l4xx_it.c_save
2025-10-25 15:44:40,562 [INFO] CodeEngine:289 - Generated code: D:\STM32\Lab\Practice2-arbitrary-waveform-generator\Core\Src\stm32l4xx_it.c
2025-10-25 15:44:40,567 [INFO] CodeEngine:265 - oldGeneratedFile, D:\STM32\Lab\Practice2-arbitrary-waveform-generator\Core\Inc\stm32l4xx_it.h_save
2025-10-25 15:44:40,643 [INFO] CodeEngine:289 - Generated code: D:\STM32\Lab\Practice2-arbitrary-waveform-generator\Core\Inc\stm32l4xx_it.h
2025-10-25 15:44:40,655 [INFO] CodeEngine:265 - oldGeneratedFile, D:\STM32\Lab\Practice2-arbitrary-waveform-generator\Core\Src\stm32l4xx_hal_msp.c_save
2025-10-25 15:44:40,795 [INFO] CodeEngine:289 - Generated code: D:\STM32\Lab\Practice2-arbitrary-waveform-generator\Core\Src\stm32l4xx_hal_msp.c
2025-10-25 15:44:40,799 [INFO] CodeEngine:265 - oldGeneratedFile, D:\STM32\Lab\Practice2-arbitrary-waveform-generator\MXTmpFiles\system.tmp_save
2025-10-25 15:44:40,866 [INFO] CodeEngine:289 - Generated code: D:\STM32\Lab\Practice2-arbitrary-waveform-generator\MXTmpFiles\system.tmp
2025-10-25 15:44:40,875 [INFO] CodeEngine:321 - oldGeneratedFile, D:\STM32\Lab\Practice2-arbitrary-waveform-generator\Core\Inc\stm32l4xx_hal_conf.h_save
2025-10-25 15:44:40,953 [INFO] CodeEngine:345 - Generated code: D:\STM32\Lab\Practice2-arbitrary-waveform-generator\Core\Inc\stm32l4xx_hal_conf.h
2025-10-25 15:44:40,977 [INFO] ApiDbMcu:532 - Load IP Config File for DAC1
2025-10-25 15:44:40,995 [INFO] ApiDbMcu:532 - Load IP Config File for TIM2
2025-10-25 15:44:40,997 [WARN] IPConfigManager:3811 - IP not found : TIM
2025-10-25 15:44:40,997 [WARN] CodeGenerator:4259 - IP not found : null
2025-10-25 15:44:41,004 [INFO] CodeEngine:265 - oldGeneratedFile, D:\STM32\Lab\Practice2-arbitrary-waveform-generator\Core\Inc\main.h_save
2025-10-25 15:44:41,123 [INFO] CodeEngine:289 - Generated code: D:\STM32\Lab\Practice2-arbitrary-waveform-generator\Core\Inc\main.h
2025-10-25 15:44:41,128 [INFO] CodeEngine:265 - oldGeneratedFile, D:\STM32\Lab\Practice2-arbitrary-waveform-generator\Core\Src\main.c_save
2025-10-25 15:44:41,233 [INFO] CodeEngine:289 - Generated code: D:\STM32\Lab\Practice2-arbitrary-waveform-generator\Core\Src\main.c
2025-10-25 15:44:41,597 [INFO] ProjectBuilder:3606 - Time for Copy HAL[1] : 160mS.
2025-10-25 15:44:41,600 [INFO] ProjectBuilder:5216 - Project Generator version: 4.7.0-B52
2025-10-25 15:44:41,669 [INFO] ConfigFileManager:1595 - The Die is : DIE415
2025-10-25 15:44:42,401 [INFO] ProjectBuilder:5496 - Time for Generating toolchain IDE Files: 800mS.
2025-10-25 15:44:42,401 [INFO] ProjectBuilder:3463 - Time for Copy CMSIS : 0mS.
2025-10-25 15:44:42,403 [INFO] ProjectBuilder:3463 - Time for Copy CMSIS : 0mS.
2025-10-25 16:03:23,077 [INFO] NvicIntPanel:101 - NVIC parent = com.st.microxplorer.plugins.ip.nvic.MultiNvicIntPanel[,0,0,0x0,invalid,layout=javax.swing.BoxLayout,alignmentX=0.0,alignmentY=0.0,border=,flags=9,maximumSize=,minimumSize=,preferredSize=]
2025-10-25 16:04:43,026 [INFO] UtilMem:75 - End SaveConfig() Used Memory: 598194672 Bytes (1073741824)
2025-10-25 16:04:44,565 [INFO] UtilMem:75 - End SaveConfig() Used Memory: 679461360 Bytes (1073741824)
2025-10-25 16:04:44,735 [INFO] BlockDiagram:2775 - set Specific Code input for plugin: DAC
2025-10-25 16:04:44,735 [INFO] BlockDiagram:2775 - set Specific Code input for plugin: TIM1_8L4
2025-10-25 16:04:44,735 [INFO] BlockDiagram:2775 - set Specific Code input for plugin: SYS
2025-10-25 16:04:44,735 [INFO] BlockDiagram:2775 - set Specific Code input for plugin: RCC
2025-10-25 16:04:44,735 [INFO] BlockDiagram:2775 - set Specific Code input for plugin: NVIC
2025-10-25 16:04:44,736 [INFO] BlockDiagram:2775 - set Specific Code input for plugin: GPIO
2025-10-25 16:04:44,736 [INFO] CodeGenerator:892 - code generatio: config db path: C:\ST\STM32CubeIDE_1.19.0\STM32CubeIDE\plugins\com.st.stm32cube.common.mx_6.15.0.202507011659\\db\
2025-10-25 16:04:44,818 [INFO] CodeEngine:265 - oldGeneratedFile, D:\STM32\Lab\Practice2-arbitrary-waveform-generator\MXTmpFiles\license.tmp_save
2025-10-25 16:04:45,057 [INFO] CodeEngine:289 - Generated code: D:\STM32\Lab\Practice2-arbitrary-waveform-generator\MXTmpFiles\license.tmp
2025-10-25 16:04:45,090 [INFO] CodeEngine:265 - oldGeneratedFile, D:\STM32\Lab\Practice2-arbitrary-waveform-generator\MXTmpFiles\gpio.tmp_save
2025-10-25 16:04:45,196 [INFO] CodeEngine:289 - Generated code: D:\STM32\Lab\Practice2-arbitrary-waveform-generator\MXTmpFiles\gpio.tmp
2025-10-25 16:04:45,381 [INFO] CodeEngine:265 - oldGeneratedFile, D:\STM32\Lab\Practice2-arbitrary-waveform-generator\Core\Src\stm32l4xx_it.c_save
2025-10-25 16:04:45,631 [INFO] CodeEngine:289 - Generated code: D:\STM32\Lab\Practice2-arbitrary-waveform-generator\Core\Src\stm32l4xx_it.c
2025-10-25 16:04:45,637 [INFO] CodeEngine:265 - oldGeneratedFile, D:\STM32\Lab\Practice2-arbitrary-waveform-generator\Core\Inc\stm32l4xx_it.h_save
2025-10-25 16:04:45,712 [INFO] CodeEngine:289 - Generated code: D:\STM32\Lab\Practice2-arbitrary-waveform-generator\Core\Inc\stm32l4xx_it.h
2025-10-25 16:04:45,724 [INFO] CodeEngine:265 - oldGeneratedFile, D:\STM32\Lab\Practice2-arbitrary-waveform-generator\Core\Src\stm32l4xx_hal_msp.c_save
2025-10-25 16:04:45,865 [INFO] CodeEngine:289 - Generated code: D:\STM32\Lab\Practice2-arbitrary-waveform-generator\Core\Src\stm32l4xx_hal_msp.c
2025-10-25 16:04:45,870 [INFO] CodeEngine:265 - oldGeneratedFile, D:\STM32\Lab\Practice2-arbitrary-waveform-generator\MXTmpFiles\system.tmp_save
2025-10-25 16:04:45,935 [INFO] CodeEngine:289 - Generated code: D:\STM32\Lab\Practice2-arbitrary-waveform-generator\MXTmpFiles\system.tmp
2025-10-25 16:04:45,944 [INFO] CodeEngine:321 - oldGeneratedFile, D:\STM32\Lab\Practice2-arbitrary-waveform-generator\Core\Inc\stm32l4xx_hal_conf.h_save
2025-10-25 16:04:46,012 [INFO] CodeEngine:345 - Generated code: D:\STM32\Lab\Practice2-arbitrary-waveform-generator\Core\Inc\stm32l4xx_hal_conf.h
2025-10-25 16:04:46,037 [WARN] IPConfigManager:3811 - IP not found : TIM
2025-10-25 16:04:46,038 [WARN] CodeGenerator:4259 - IP not found : null
2025-10-25 16:04:46,045 [INFO] CodeEngine:265 - oldGeneratedFile, D:\STM32\Lab\Practice2-arbitrary-waveform-generator\Core\Inc\main.h_save
2025-10-25 16:04:46,162 [INFO] CodeEngine:289 - Generated code: D:\STM32\Lab\Practice2-arbitrary-waveform-generator\Core\Inc\main.h
2025-10-25 16:04:46,168 [INFO] CodeEngine:265 - oldGeneratedFile, D:\STM32\Lab\Practice2-arbitrary-waveform-generator\Core\Src\main.c_save
2025-10-25 16:04:46,279 [INFO] CodeEngine:289 - Generated code: D:\STM32\Lab\Practice2-arbitrary-waveform-generator\Core\Src\main.c
2025-10-25 16:04:46,583 [INFO] ProjectBuilder:3606 - Time for Copy HAL[1] : 152mS.
2025-10-25 16:04:46,586 [INFO] ProjectBuilder:5216 - Project Generator version: 4.7.0-B52
2025-10-25 16:04:46,654 [INFO] ConfigFileManager:1595 - The Die is : DIE415
2025-10-25 16:04:47,266 [INFO] ProjectBuilder:5496 - Time for Generating toolchain IDE Files: 680mS.
2025-10-25 16:04:47,267 [INFO] ProjectBuilder:3463 - Time for Copy CMSIS : 0mS.
2025-10-25 16:04:47,270 [INFO] ProjectBuilder:3463 - Time for Copy CMSIS : 0mS.
2025-10-25 16:06:44,561 [INFO] UtilMem:75 - End SaveConfig() Used Memory: 574674136 Bytes (1073741824)
2025-10-25 16:06:44,664 [INFO] BlockDiagram:2775 - set Specific Code input for plugin: DAC
2025-10-25 16:06:44,664 [INFO] BlockDiagram:2775 - set Specific Code input for plugin: TIM1_8L4
2025-10-25 16:06:44,664 [INFO] BlockDiagram:2775 - set Specific Code input for plugin: SYS
2025-10-25 16:06:44,664 [INFO] BlockDiagram:2775 - set Specific Code input for plugin: RCC
2025-10-25 16:06:44,664 [INFO] BlockDiagram:2775 - set Specific Code input for plugin: NVIC
2025-10-25 16:06:44,664 [INFO] BlockDiagram:2775 - set Specific Code input for plugin: GPIO
2025-10-25 16:06:44,665 [INFO] CodeGenerator:892 - code generatio: config db path: C:\ST\STM32CubeIDE_1.19.0\STM32CubeIDE\plugins\com.st.stm32cube.common.mx_6.15.0.202507011659\\db\
2025-10-25 16:06:44,732 [INFO] CodeEngine:265 - oldGeneratedFile, D:\STM32\Lab\Practice2-arbitrary-waveform-generator\MXTmpFiles\license.tmp_save
2025-10-25 16:06:44,806 [INFO] CodeEngine:289 - Generated code: D:\STM32\Lab\Practice2-arbitrary-waveform-generator\MXTmpFiles\license.tmp
2025-10-25 16:06:44,822 [INFO] CodeEngine:265 - oldGeneratedFile, D:\STM32\Lab\Practice2-arbitrary-waveform-generator\MXTmpFiles\gpio.tmp_save
2025-10-25 16:06:44,870 [INFO] CodeEngine:289 - Generated code: D:\STM32\Lab\Practice2-arbitrary-waveform-generator\MXTmpFiles\gpio.tmp
2025-10-25 16:06:44,928 [INFO] CodeEngine:265 - oldGeneratedFile, D:\STM32\Lab\Practice2-arbitrary-waveform-generator\Core\Src\stm32l4xx_it.c_save
2025-10-25 16:06:44,980 [INFO] CodeEngine:289 - Generated code: D:\STM32\Lab\Practice2-arbitrary-waveform-generator\Core\Src\stm32l4xx_it.c
2025-10-25 16:06:44,985 [INFO] CodeEngine:265 - oldGeneratedFile, D:\STM32\Lab\Practice2-arbitrary-waveform-generator\Core\Inc\stm32l4xx_it.h_save
2025-10-25 16:06:45,032 [INFO] CodeEngine:289 - Generated code: D:\STM32\Lab\Practice2-arbitrary-waveform-generator\Core\Inc\stm32l4xx_it.h
2025-10-25 16:06:45,043 [INFO] CodeEngine:265 - oldGeneratedFile, D:\STM32\Lab\Practice2-arbitrary-waveform-generator\Core\Src\stm32l4xx_hal_msp.c_save
2025-10-25 16:06:45,115 [INFO] CodeEngine:289 - Generated code: D:\STM32\Lab\Practice2-arbitrary-waveform-generator\Core\Src\stm32l4xx_hal_msp.c
2025-10-25 16:06:45,120 [INFO] CodeEngine:265 - oldGeneratedFile, D:\STM32\Lab\Practice2-arbitrary-waveform-generator\MXTmpFiles\system.tmp_save
2025-10-25 16:06:45,163 [INFO] CodeEngine:289 - Generated code: D:\STM32\Lab\Practice2-arbitrary-waveform-generator\MXTmpFiles\system.tmp
2025-10-25 16:06:45,174 [INFO] CodeEngine:321 - oldGeneratedFile, D:\STM32\Lab\Practice2-arbitrary-waveform-generator\Core\Inc\stm32l4xx_hal_conf.h_save
2025-10-25 16:06:45,222 [INFO] CodeEngine:345 - Generated code: D:\STM32\Lab\Practice2-arbitrary-waveform-generator\Core\Inc\stm32l4xx_hal_conf.h
2025-10-25 16:06:45,240 [WARN] IPConfigManager:3811 - IP not found : TIM
2025-10-25 16:06:45,241 [WARN] CodeGenerator:4259 - IP not found : null
2025-10-25 16:06:45,247 [INFO] CodeEngine:265 - oldGeneratedFile, D:\STM32\Lab\Practice2-arbitrary-waveform-generator\Core\Inc\main.h_save
2025-10-25 16:06:45,297 [INFO] CodeEngine:289 - Generated code: D:\STM32\Lab\Practice2-arbitrary-waveform-generator\Core\Inc\main.h
2025-10-25 16:06:45,302 [INFO] CodeEngine:265 - oldGeneratedFile, D:\STM32\Lab\Practice2-arbitrary-waveform-generator\Core\Src\main.c_save
2025-10-25 16:06:45,384 [INFO] CodeEngine:289 - Generated code: D:\STM32\Lab\Practice2-arbitrary-waveform-generator\Core\Src\main.c
2025-10-25 16:06:45,662 [INFO] ProjectBuilder:3606 - Time for Copy HAL[1] : 142mS.
2025-10-25 16:06:45,664 [INFO] ProjectBuilder:5216 - Project Generator version: 4.7.0-B52
2025-10-25 16:06:45,726 [INFO] ConfigFileManager:1595 - The Die is : DIE415
2025-10-25 16:06:46,250 [INFO] ProjectBuilder:5496 - Time for Generating toolchain IDE Files: 586mS.
2025-10-25 16:06:46,251 [INFO] ProjectBuilder:3463 - Time for Copy CMSIS : 1mS.
2025-10-25 16:06:46,253 [INFO] ProjectBuilder:3463 - Time for Copy CMSIS : 0mS.
2025-10-25 16:08:38,616 [INFO] UtilMem:75 - End SaveConfig() Used Memory: 551305992 Bytes (1073741824)
2025-10-25 16:08:38,715 [INFO] BlockDiagram:2775 - set Specific Code input for plugin: DAC
2025-10-25 16:08:38,715 [INFO] BlockDiagram:2775 - set Specific Code input for plugin: TIM1_8L4
2025-10-25 16:08:38,715 [INFO] BlockDiagram:2775 - set Specific Code input for plugin: SYS
2025-10-25 16:08:38,715 [INFO] BlockDiagram:2775 - set Specific Code input for plugin: RCC
2025-10-25 16:08:38,715 [INFO] BlockDiagram:2775 - set Specific Code input for plugin: NVIC
2025-10-25 16:08:38,715 [INFO] BlockDiagram:2775 - set Specific Code input for plugin: GPIO
2025-10-25 16:08:38,716 [INFO] CodeGenerator:892 - code generatio: config db path: C:\ST\STM32CubeIDE_1.19.0\STM32CubeIDE\plugins\com.st.stm32cube.common.mx_6.15.0.202507011659\\db\
2025-10-25 16:08:38,780 [INFO] CodeEngine:265 - oldGeneratedFile, D:\STM32\Lab\Practice2-arbitrary-waveform-generator\MXTmpFiles\license.tmp_save
2025-10-25 16:08:38,849 [INFO] CodeEngine:289 - Generated code: D:\STM32\Lab\Practice2-arbitrary-waveform-generator\MXTmpFiles\license.tmp
2025-10-25 16:08:38,862 [INFO] CodeEngine:265 - oldGeneratedFile, D:\STM32\Lab\Practice2-arbitrary-waveform-generator\MXTmpFiles\gpio.tmp_save
2025-10-25 16:08:38,906 [INFO] CodeEngine:289 - Generated code: D:\STM32\Lab\Practice2-arbitrary-waveform-generator\MXTmpFiles\gpio.tmp
2025-10-25 16:08:38,952 [INFO] CodeEngine:265 - oldGeneratedFile, D:\STM32\Lab\Practice2-arbitrary-waveform-generator\Core\Src\stm32l4xx_it.c_save
2025-10-25 16:08:39,001 [INFO] CodeEngine:289 - Generated code: D:\STM32\Lab\Practice2-arbitrary-waveform-generator\Core\Src\stm32l4xx_it.c
2025-10-25 16:08:39,006 [INFO] CodeEngine:265 - oldGeneratedFile, D:\STM32\Lab\Practice2-arbitrary-waveform-generator\Core\Inc\stm32l4xx_it.h_save
2025-10-25 16:08:39,048 [INFO] CodeEngine:289 - Generated code: D:\STM32\Lab\Practice2-arbitrary-waveform-generator\Core\Inc\stm32l4xx_it.h
2025-10-25 16:08:39,059 [INFO] CodeEngine:265 - oldGeneratedFile, D:\STM32\Lab\Practice2-arbitrary-waveform-generator\Core\Src\stm32l4xx_hal_msp.c_save
2025-10-25 16:08:39,122 [INFO] CodeEngine:289 - Generated code: D:\STM32\Lab\Practice2-arbitrary-waveform-generator\Core\Src\stm32l4xx_hal_msp.c
2025-10-25 16:08:39,126 [INFO] CodeEngine:265 - oldGeneratedFile, D:\STM32\Lab\Practice2-arbitrary-waveform-generator\MXTmpFiles\system.tmp_save
2025-10-25 16:08:39,166 [INFO] CodeEngine:289 - Generated code: D:\STM32\Lab\Practice2-arbitrary-waveform-generator\MXTmpFiles\system.tmp
2025-10-25 16:08:39,174 [INFO] CodeEngine:321 - oldGeneratedFile, D:\STM32\Lab\Practice2-arbitrary-waveform-generator\Core\Inc\stm32l4xx_hal_conf.h_save
2025-10-25 16:08:39,220 [INFO] CodeEngine:345 - Generated code: D:\STM32\Lab\Practice2-arbitrary-waveform-generator\Core\Inc\stm32l4xx_hal_conf.h
2025-10-25 16:08:39,235 [WARN] IPConfigManager:3811 - IP not found : TIM
2025-10-25 16:08:39,235 [WARN] CodeGenerator:4259 - IP not found : null
2025-10-25 16:08:39,241 [INFO] CodeEngine:265 - oldGeneratedFile, D:\STM32\Lab\Practice2-arbitrary-waveform-generator\Core\Inc\main.h_save
2025-10-25 16:08:39,287 [INFO] CodeEngine:289 - Generated code: D:\STM32\Lab\Practice2-arbitrary-waveform-generator\Core\Inc\main.h
2025-10-25 16:08:39,291 [INFO] CodeEngine:265 - oldGeneratedFile, D:\STM32\Lab\Practice2-arbitrary-waveform-generator\Core\Src\main.c_save
2025-10-25 16:08:39,363 [INFO] CodeEngine:289 - Generated code: D:\STM32\Lab\Practice2-arbitrary-waveform-generator\Core\Src\main.c
2025-10-25 16:08:39,641 [INFO] ProjectBuilder:3606 - Time for Copy HAL[1] : 148mS.
2025-10-25 16:08:39,643 [INFO] ProjectBuilder:5216 - Project Generator version: 4.7.0-B52
2025-10-25 16:08:39,702 [INFO] ConfigFileManager:1595 - The Die is : DIE415
2025-10-25 16:08:40,179 [INFO] ProjectBuilder:5496 - Time for Generating toolchain IDE Files: 536mS.
2025-10-25 16:08:40,179 [INFO] ProjectBuilder:3463 - Time for Copy CMSIS : 0mS.
2025-10-25 16:08:40,183 [INFO] ProjectBuilder:3463 - Time for Copy CMSIS : 1mS.
2025-10-25 16:09:07,386 [INFO] NvicIntPanel:101 - NVIC parent = com.st.microxplorer.plugins.ip.nvic.MultiNvicIntPanel[,0,0,0x0,invalid,layout=javax.swing.BoxLayout,alignmentX=0.0,alignmentY=0.0,border=,flags=9,maximumSize=,minimumSize=,preferredSize=]
2025-10-25 16:09:32,982 [INFO] UtilMem:75 - End SaveConfig() Used Memory: 582404880 Bytes (1073741824)
2025-10-25 16:09:33,096 [INFO] BlockDiagram:2775 - set Specific Code input for plugin: DAC
2025-10-25 16:09:33,097 [INFO] BlockDiagram:2775 - set Specific Code input for plugin: TIM1_8L4
2025-10-25 16:09:33,097 [INFO] BlockDiagram:2775 - set Specific Code input for plugin: SYS
2025-10-25 16:09:33,097 [INFO] BlockDiagram:2775 - set Specific Code input for plugin: RCC
2025-10-25 16:09:33,097 [INFO] BlockDiagram:2775 - set Specific Code input for plugin: NVIC
2025-10-25 16:09:33,097 [INFO] BlockDiagram:2775 - set Specific Code input for plugin: GPIO
2025-10-25 16:09:33,098 [INFO] CodeGenerator:892 - code generatio: config db path: C:\ST\STM32CubeIDE_1.19.0\STM32CubeIDE\plugins\com.st.stm32cube.common.mx_6.15.0.202507011659\\db\
2025-10-25 16:09:33,211 [INFO] CodeEngine:265 - oldGeneratedFile, D:\STM32\Lab\Practice2-arbitrary-waveform-generator\MXTmpFiles\license.tmp_save
2025-10-25 16:09:33,273 [INFO] CodeEngine:289 - Generated code: D:\STM32\Lab\Practice2-arbitrary-waveform-generator\MXTmpFiles\license.tmp
2025-10-25 16:09:33,284 [INFO] CodeEngine:265 - oldGeneratedFile, D:\STM32\Lab\Practice2-arbitrary-waveform-generator\MXTmpFiles\gpio.tmp_save
2025-10-25 16:09:33,326 [INFO] CodeEngine:289 - Generated code: D:\STM32\Lab\Practice2-arbitrary-waveform-generator\MXTmpFiles\gpio.tmp
2025-10-25 16:09:33,369 [INFO] CodeEngine:265 - oldGeneratedFile, D:\STM32\Lab\Practice2-arbitrary-waveform-generator\Core\Src\stm32l4xx_it.c_save
2025-10-25 16:09:33,416 [INFO] CodeEngine:289 - Generated code: D:\STM32\Lab\Practice2-arbitrary-waveform-generator\Core\Src\stm32l4xx_it.c
2025-10-25 16:09:33,420 [INFO] CodeEngine:265 - oldGeneratedFile, D:\STM32\Lab\Practice2-arbitrary-waveform-generator\Core\Inc\stm32l4xx_it.h_save
2025-10-25 16:09:33,463 [INFO] CodeEngine:289 - Generated code: D:\STM32\Lab\Practice2-arbitrary-waveform-generator\Core\Inc\stm32l4xx_it.h
2025-10-25 16:09:33,473 [INFO] CodeEngine:265 - oldGeneratedFile, D:\STM32\Lab\Practice2-arbitrary-waveform-generator\Core\Src\stm32l4xx_hal_msp.c_save
2025-10-25 16:09:33,535 [INFO] CodeEngine:289 - Generated code: D:\STM32\Lab\Practice2-arbitrary-waveform-generator\Core\Src\stm32l4xx_hal_msp.c
2025-10-25 16:09:33,539 [INFO] CodeEngine:265 - oldGeneratedFile, D:\STM32\Lab\Practice2-arbitrary-waveform-generator\MXTmpFiles\system.tmp_save
2025-10-25 16:09:33,582 [INFO] CodeEngine:289 - Generated code: D:\STM32\Lab\Practice2-arbitrary-waveform-generator\MXTmpFiles\system.tmp
2025-10-25 16:09:33,592 [INFO] CodeEngine:321 - oldGeneratedFile, D:\STM32\Lab\Practice2-arbitrary-waveform-generator\Core\Inc\stm32l4xx_hal_conf.h_save
2025-10-25 16:09:33,639 [INFO] CodeEngine:345 - Generated code: D:\STM32\Lab\Practice2-arbitrary-waveform-generator\Core\Inc\stm32l4xx_hal_conf.h
2025-10-25 16:09:33,650 [WARN] IPConfigManager:3811 - IP not found : TIM
2025-10-25 16:09:33,651 [WARN] CodeGenerator:4259 - IP not found : null
2025-10-25 16:09:33,657 [INFO] CodeEngine:265 - oldGeneratedFile, D:\STM32\Lab\Practice2-arbitrary-waveform-generator\Core\Inc\main.h_save
2025-10-25 16:09:33,703 [INFO] CodeEngine:289 - Generated code: D:\STM32\Lab\Practice2-arbitrary-waveform-generator\Core\Inc\main.h
2025-10-25 16:09:33,707 [INFO] CodeEngine:265 - oldGeneratedFile, D:\STM32\Lab\Practice2-arbitrary-waveform-generator\Core\Src\main.c_save
2025-10-25 16:09:33,775 [INFO] CodeEngine:289 - Generated code: D:\STM32\Lab\Practice2-arbitrary-waveform-generator\Core\Src\main.c
2025-10-25 16:09:34,044 [INFO] ProjectBuilder:3606 - Time for Copy HAL[1] : 141mS.
2025-10-25 16:09:34,046 [INFO] ProjectBuilder:5216 - Project Generator version: 4.7.0-B52
2025-10-25 16:09:34,103 [INFO] ConfigFileManager:1595 - The Die is : DIE415
2025-10-25 16:09:34,534 [INFO] ProjectBuilder:5496 - Time for Generating toolchain IDE Files: 488mS.
2025-10-25 16:09:34,534 [INFO] ProjectBuilder:3463 - Time for Copy CMSIS : 0mS.
2025-10-25 16:09:34,536 [INFO] ProjectBuilder:3463 - Time for Copy CMSIS : 0mS.
2025-10-25 16:13:55,410 [INFO] NvicIntPanel:101 - NVIC parent = com.st.microxplorer.plugins.ip.nvic.MultiNvicIntPanel[,0,0,0x0,invalid,layout=javax.swing.BoxLayout,alignmentX=0.0,alignmentY=0.0,border=,flags=9,maximumSize=,minimumSize=,preferredSize=]
2025-10-25 16:14:52,462 [INFO] UtilMem:75 - End SaveConfig() Used Memory: 976400264 Bytes (1073741824)
2025-10-25 16:14:52,550 [INFO] BlockDiagram:2775 - set Specific Code input for plugin: DAC
2025-10-25 16:14:52,550 [INFO] BlockDiagram:2775 - set Specific Code input for plugin: TIM1_8L4
2025-10-25 16:14:52,550 [INFO] BlockDiagram:2775 - set Specific Code input for plugin: SYS
2025-10-25 16:14:52,550 [INFO] BlockDiagram:2775 - set Specific Code input for plugin: RCC
2025-10-25 16:14:52,550 [INFO] BlockDiagram:2775 - set Specific Code input for plugin: NVIC
2025-10-25 16:14:52,550 [INFO] BlockDiagram:2775 - set Specific Code input for plugin: GPIO
2025-10-25 16:14:52,551 [INFO] CodeGenerator:892 - code generatio: config db path: C:\ST\STM32CubeIDE_1.19.0\STM32CubeIDE\plugins\com.st.stm32cube.common.mx_6.15.0.202507011659\\db\
2025-10-25 16:14:52,613 [INFO] CodeEngine:265 - oldGeneratedFile, D:\STM32\Lab\Practice2-arbitrary-waveform-generator\MXTmpFiles\license.tmp_save
2025-10-25 16:14:52,661 [INFO] CodeEngine:289 - Generated code: D:\STM32\Lab\Practice2-arbitrary-waveform-generator\MXTmpFiles\license.tmp
2025-10-25 16:14:52,672 [INFO] CodeEngine:265 - oldGeneratedFile, D:\STM32\Lab\Practice2-arbitrary-waveform-generator\MXTmpFiles\gpio.tmp_save
2025-10-25 16:14:52,727 [INFO] CodeEngine:289 - Generated code: D:\STM32\Lab\Practice2-arbitrary-waveform-generator\MXTmpFiles\gpio.tmp
2025-10-25 16:14:52,769 [INFO] CodeEngine:265 - oldGeneratedFile, D:\STM32\Lab\Practice2-arbitrary-waveform-generator\Core\Src\stm32l4xx_it.c_save
2025-10-25 16:14:52,816 [INFO] CodeEngine:289 - Generated code: D:\STM32\Lab\Practice2-arbitrary-waveform-generator\Core\Src\stm32l4xx_it.c
2025-10-25 16:14:52,821 [INFO] CodeEngine:265 - oldGeneratedFile, D:\STM32\Lab\Practice2-arbitrary-waveform-generator\Core\Inc\stm32l4xx_it.h_save
2025-10-25 16:14:52,864 [INFO] CodeEngine:289 - Generated code: D:\STM32\Lab\Practice2-arbitrary-waveform-generator\Core\Inc\stm32l4xx_it.h
2025-10-25 16:14:52,874 [INFO] CodeEngine:265 - oldGeneratedFile, D:\STM32\Lab\Practice2-arbitrary-waveform-generator\Core\Src\stm32l4xx_hal_msp.c_save
2025-10-25 16:14:52,939 [INFO] CodeEngine:289 - Generated code: D:\STM32\Lab\Practice2-arbitrary-waveform-generator\Core\Src\stm32l4xx_hal_msp.c
2025-10-25 16:14:52,943 [INFO] CodeEngine:265 - oldGeneratedFile, D:\STM32\Lab\Practice2-arbitrary-waveform-generator\MXTmpFiles\system.tmp_save
2025-10-25 16:14:52,983 [INFO] CodeEngine:289 - Generated code: D:\STM32\Lab\Practice2-arbitrary-waveform-generator\MXTmpFiles\system.tmp
2025-10-25 16:14:52,991 [INFO] CodeEngine:321 - oldGeneratedFile, D:\STM32\Lab\Practice2-arbitrary-waveform-generator\Core\Inc\stm32l4xx_hal_conf.h_save
2025-10-25 16:14:53,036 [INFO] CodeEngine:345 - Generated code: D:\STM32\Lab\Practice2-arbitrary-waveform-generator\Core\Inc\stm32l4xx_hal_conf.h
2025-10-25 16:14:53,049 [WARN] IPConfigManager:3811 - IP not found : TIM
2025-10-25 16:14:53,049 [WARN] CodeGenerator:4259 - IP not found : null
2025-10-25 16:14:53,055 [INFO] CodeEngine:265 - oldGeneratedFile, D:\STM32\Lab\Practice2-arbitrary-waveform-generator\Core\Inc\main.h_save
2025-10-25 16:14:53,102 [INFO] CodeEngine:289 - Generated code: D:\STM32\Lab\Practice2-arbitrary-waveform-generator\Core\Inc\main.h
2025-10-25 16:14:53,107 [INFO] CodeEngine:265 - oldGeneratedFile, D:\STM32\Lab\Practice2-arbitrary-waveform-generator\Core\Src\main.c_save
2025-10-25 16:14:53,176 [INFO] CodeEngine:289 - Generated code: D:\STM32\Lab\Practice2-arbitrary-waveform-generator\Core\Src\main.c
2025-10-25 16:14:53,499 [INFO] ProjectBuilder:3606 - Time for Copy HAL[1] : 139mS.
2025-10-25 16:14:53,501 [INFO] ProjectBuilder:5216 - Project Generator version: 4.7.0-B52
2025-10-25 16:14:53,558 [INFO] ConfigFileManager:1595 - The Die is : DIE415
2025-10-25 16:14:54,031 [INFO] ProjectBuilder:5496 - Time for Generating toolchain IDE Files: 529mS.
2025-10-25 16:14:54,031 [INFO] ProjectBuilder:3463 - Time for Copy CMSIS : 0mS.
2025-10-25 16:14:54,033 [INFO] ProjectBuilder:3463 - Time for Copy CMSIS : 0mS.
2025-10-25 16:16:27,010 [INFO] UtilMem:75 - End SaveConfig() Used Memory: 928971192 Bytes (1073741824)
2025-10-25 16:16:27,094 [INFO] BlockDiagram:2775 - set Specific Code input for plugin: DAC
2025-10-25 16:16:27,094 [INFO] BlockDiagram:2775 - set Specific Code input for plugin: TIM1_8L4
2025-10-25 16:16:27,094 [INFO] BlockDiagram:2775 - set Specific Code input for plugin: SYS
2025-10-25 16:16:27,094 [INFO] BlockDiagram:2775 - set Specific Code input for plugin: RCC
2025-10-25 16:16:27,094 [INFO] BlockDiagram:2775 - set Specific Code input for plugin: NVIC
2025-10-25 16:16:27,094 [INFO] BlockDiagram:2775 - set Specific Code input for plugin: GPIO
2025-10-25 16:16:27,095 [INFO] CodeGenerator:892 - code generatio: config db path: C:\ST\STM32CubeIDE_1.19.0\STM32CubeIDE\plugins\com.st.stm32cube.common.mx_6.15.0.202507011659\\db\
2025-10-25 16:16:27,155 [INFO] CodeEngine:265 - oldGeneratedFile, D:\STM32\Lab\Practice2-arbitrary-waveform-generator\MXTmpFiles\license.tmp_save
2025-10-25 16:16:27,229 [INFO] CodeEngine:289 - Generated code: D:\STM32\Lab\Practice2-arbitrary-waveform-generator\MXTmpFiles\license.tmp
2025-10-25 16:16:27,239 [INFO] CodeEngine:265 - oldGeneratedFile, D:\STM32\Lab\Practice2-arbitrary-waveform-generator\MXTmpFiles\gpio.tmp_save
2025-10-25 16:16:27,281 [INFO] CodeEngine:289 - Generated code: D:\STM32\Lab\Practice2-arbitrary-waveform-generator\MXTmpFiles\gpio.tmp
2025-10-25 16:16:27,325 [INFO] CodeEngine:265 - oldGeneratedFile, D:\STM32\Lab\Practice2-arbitrary-waveform-generator\Core\Src\stm32l4xx_it.c_save
2025-10-25 16:16:27,372 [INFO] CodeEngine:289 - Generated code: D:\STM32\Lab\Practice2-arbitrary-waveform-generator\Core\Src\stm32l4xx_it.c
2025-10-25 16:16:27,376 [INFO] CodeEngine:265 - oldGeneratedFile, D:\STM32\Lab\Practice2-arbitrary-waveform-generator\Core\Inc\stm32l4xx_it.h_save
2025-10-25 16:16:27,419 [INFO] CodeEngine:289 - Generated code: D:\STM32\Lab\Practice2-arbitrary-waveform-generator\Core\Inc\stm32l4xx_it.h
2025-10-25 16:16:27,428 [INFO] CodeEngine:265 - oldGeneratedFile, D:\STM32\Lab\Practice2-arbitrary-waveform-generator\Core\Src\stm32l4xx_hal_msp.c_save
2025-10-25 16:16:27,490 [INFO] CodeEngine:289 - Generated code: D:\STM32\Lab\Practice2-arbitrary-waveform-generator\Core\Src\stm32l4xx_hal_msp.c
2025-10-25 16:16:27,494 [INFO] CodeEngine:265 - oldGeneratedFile, D:\STM32\Lab\Practice2-arbitrary-waveform-generator\MXTmpFiles\system.tmp_save
2025-10-25 16:16:27,533 [INFO] CodeEngine:289 - Generated code: D:\STM32\Lab\Practice2-arbitrary-waveform-generator\MXTmpFiles\system.tmp
2025-10-25 16:16:27,540 [INFO] CodeEngine:321 - oldGeneratedFile, D:\STM32\Lab\Practice2-arbitrary-waveform-generator\Core\Inc\stm32l4xx_hal_conf.h_save
2025-10-25 16:16:27,584 [INFO] CodeEngine:345 - Generated code: D:\STM32\Lab\Practice2-arbitrary-waveform-generator\Core\Inc\stm32l4xx_hal_conf.h
2025-10-25 16:16:27,596 [WARN] IPConfigManager:3811 - IP not found : TIM
2025-10-25 16:16:27,597 [WARN] CodeGenerator:4259 - IP not found : null
2025-10-25 16:16:27,603 [INFO] CodeEngine:265 - oldGeneratedFile, D:\STM32\Lab\Practice2-arbitrary-waveform-generator\Core\Inc\main.h_save
2025-10-25 16:16:27,649 [INFO] CodeEngine:289 - Generated code: D:\STM32\Lab\Practice2-arbitrary-waveform-generator\Core\Inc\main.h
2025-10-25 16:16:27,654 [INFO] CodeEngine:265 - oldGeneratedFile, D:\STM32\Lab\Practice2-arbitrary-waveform-generator\Core\Src\main.c_save
2025-10-25 16:16:27,720 [INFO] CodeEngine:289 - Generated code: D:\STM32\Lab\Practice2-arbitrary-waveform-generator\Core\Src\main.c
2025-10-25 16:16:28,041 [INFO] ProjectBuilder:3606 - Time for Copy HAL[1] : 142mS.
2025-10-25 16:16:28,043 [INFO] ProjectBuilder:5216 - Project Generator version: 4.7.0-B52
2025-10-25 16:16:28,103 [INFO] ConfigFileManager:1595 - The Die is : DIE415
2025-10-25 16:16:28,547 [INFO] ProjectBuilder:5496 - Time for Generating toolchain IDE Files: 504mS.
2025-10-25 16:16:28,547 [INFO] ProjectBuilder:3463 - Time for Copy CMSIS : 0mS.
2025-10-25 16:16:28,550 [INFO] ProjectBuilder:3463 - Time for Copy CMSIS : 1mS.
2025-10-25 18:41:49,185 [INFO] MainUpdater:2872 - connection check result : 10
2025-10-25 18:41:49,263 [INFO] McuFinderGlobals:76 - Set McuFinderConnectedMode to true
2025-10-25 18:41:49,264 [INFO] MultiScanPanel:200 - Auto-refresh data requested => check proxy status ongoing
2025-10-25 18:41:49,264 [INFO] FinderPluginLoader:96 - Searching for filters in installed packs
2025-10-25 18:41:50,773 [INFO] LoadUrlFilesThread:185 - End of LoadServerUrlFiles without Thread
2025-10-25 18:41:50,773 [INFO] DetailPanel:341 - Set advertising image to C:/Users/user/STM32Cube/Repository/\en.mcu-finder-stm32n6dk.jpg
2025-10-25 18:41:53,824 [INFO] MultiScanPanel:200 - Auto-refresh data requested => check proxy status ongoing
2025-10-25 18:41:53,870 [INFO] LoadUrlFilesThread:185 - End of LoadServerUrlFiles without Thread
2025-10-25 18:41:53,870 [INFO] DetailPanel:341 - Set advertising image to C:/Users/user/STM32Cube/Repository/\en.mcu-finder-stm32n6dk.jpg
2025-10-25 18:43:05,742 [INFO] MainUpdater:2872 - connection check result : 10
2025-10-25 18:43:05,742 [INFO] MainUpdater:2872 - connection check result : 10
2025-10-25 18:43:05,809 [INFO] MicroXplorer:468 - Change Database Path : 
2025-10-25 18:43:05,809 [INFO] MicroXplorer:498 - Change Database Version : DB.6.0.150
2025-10-25 18:43:05,831 [ERROR] ProjectManagerView:395 - 
java.lang.NullPointerException: Cannot invoke "javax.swing.JTextField.getText()" because the return value of "java.util.List.get(int)" is null
	at com.st.microxplorer.plugins.projectmanager.gui.ProjectChoiceTab$9.caretUpdate(ProjectChoiceTab.java:2706) ~[filemanager.jar:?]
	at javax.swing.text.JTextComponent.fireCaretUpdate(JTextComponent.java:408) ~[?:?]
	at javax.swing.text.JTextComponent$MutableCaretEvent.fire(JTextComponent.java:4484) ~[?:?]
	at javax.swing.text.JTextComponent$MutableCaretEvent.stateChanged(JTextComponent.java:4506) ~[?:?]
	at javax.swing.text.DefaultCaret.fireStateChanged(DefaultCaret.java:857) ~[?:?]
	at javax.swing.text.DefaultCaret.changeCaretPosition(DefaultCaret.java:1343) ~[?:?]
	at javax.swing.text.DefaultCaret.handleSetDot(DefaultCaret.java:1242) ~[?:?]
	at javax.swing.text.DefaultCaret.setDot(DefaultCaret.java:1223) ~[?:?]
	at javax.swing.text.DefaultCaret$Handler.insertUpdate(DefaultCaret.java:1819) ~[?:?]
	at javax.swing.text.AbstractDocument.fireInsertUpdate(AbstractDocument.java:227) ~[?:?]
	at javax.swing.text.AbstractDocument.handleInsertString(AbstractDocument.java:781) ~[?:?]
	at javax.swing.text.AbstractDocument.insertString(AbstractDocument.java:740) ~[?:?]
	at javax.swing.text.PlainDocument.insertString(PlainDocument.java:131) ~[?:?]
	at javax.swing.text.AbstractDocument.replace(AbstractDocument.java:699) ~[?:?]
	at javax.swing.text.JTextComponent.setText(JTextComponent.java:1725) ~[?:?]
	at com.st.microxplorer.plugins.projectmanager.gui.ProjectChoiceTab.createHeapStackFields(ProjectChoiceTab.java:993) ~[filemanager.jar:?]
	at com.st.microxplorer.plugins.projectmanager.gui.ProjectChoiceTab.buildLinkSettingsPanel(ProjectChoiceTab.java:3813) ~[filemanager.jar:?]
	at com.st.microxplorer.plugins.projectmanager.gui.ProjectChoiceTab.defineWindowsFields(ProjectChoiceTab.java:1987) ~[filemanager.jar:?]
	at com.st.microxplorer.plugins.projectmanager.gui.ProjectChoiceTab.updateSettings(ProjectChoiceTab.java:558) ~[filemanager.jar:?]
	at com.st.microxplorer.plugins.projectmanager.gui.ProjectSettingsPanel.UpdateDialog(ProjectSettingsPanel.java:247) ~[filemanager.jar:?]
	at com.st.microxplorer.plugins.projectmanager.ProjectManagerView.propertyChange(ProjectManagerView.java:392) ~[filemanager.jar:?]
	at java.beans.PropertyChangeSupport.fire(PropertyChangeSupport.java:343) ~[?:?]
	at java.beans.PropertyChangeSupport.firePropertyChange(PropertyChangeSupport.java:335) ~[?:?]
	at java.beans.PropertyChangeSupport.firePropertyChange(PropertyChangeSupport.java:268) ~[?:?]
	at com.st.microxplorer.util.MXPropertyChangeSupport.firePropertyChange(MXPropertyChangeSupport.java:54) ~[STM32CubeMX.jar:?]
	at com.st.microxplorer.mxsystem.MxSystem.closeConfig(MxSystem.java:899) ~[STM32CubeMX.jar:?]
	at com.st.microxplorer.maingui.MainPanel.closeConfig(MainPanel.java:792) ~[STM32CubeMX.jar:?]
	at com.st.microxplorer.plugins.filemanager.engine.OpenFileManager.loadConfigurationFile(OpenFileManager.java:288) ~[filemanager.jar:?]
	at com.st.microxplorer.plugins.filemanager.engine.MainFileManager.userLoadConfig(MainFileManager.java:364) ~[filemanager.jar:?]
	at com.st.microxplorer.plugins.filemanager.FileManagerView.getSpecificTask(FileManagerView.java:268) ~[filemanager.jar:?]
	at com.st.stm32cube.common.mx.editor.CubeMxEditor.getMxTabbedPaneInstance(CubeMxEditor.java:1191) ~[com.st.stm32cube.common.mx_6.15.0.202507011659/:?]
	at com.st.stm32cube.common.mx.editor.CubeMxEditor$12$1.createSwingComponent(CubeMxEditor.java:1068) ~[com.st.stm32cube.common.mx_6.15.0.202507011659/:?]
	at com.st.stm32cube.common.mx.oss.core.awtswtbridge.EmbeddedSwingComposite.doComponentCreation(EmbeddedSwingComposite.java:492) ~[com.st.stm32cube.common.mx.oss_6.15.0.202507011659/:?]
	at com.st.stm32cube.common.mx.oss.core.awtswtbridge.EmbeddedSwingComposite$4.run(EmbeddedSwingComposite.java:291) ~[com.st.stm32cube.common.mx.oss_6.15.0.202507011659/:?]
	at com.st.stm32cube.common.mx.oss.core.awtswtbridge.AwtEnvironment$2.run(AwtEnvironment.java:166) ~[com.st.stm32cube.common.mx.oss_6.15.0.202507011659/:?]
	at java.awt.event.InvocationEvent.dispatch(InvocationEvent.java:318) ~[?:?]
	at java.awt.EventQueue.dispatchEventImpl(EventQueue.java:773) ~[?:?]
	at java.awt.EventQueue$4.run(EventQueue.java:720) ~[?:?]
	at java.awt.EventQueue$4.run(EventQueue.java:714) ~[?:?]
	at java.security.AccessController.doPrivileged(AccessController.java:400) ~[?:?]
	at java.security.ProtectionDomain$JavaSecurityAccessImpl.doIntersectionPrivilege(ProtectionDomain.java:87) ~[?:?]
	at java.awt.EventQueue.dispatchEvent(EventQueue.java:742) ~[?:?]
	at java.awt.EventDispatchThread.pumpOneEventForFilters(EventDispatchThread.java:203) ~[?:?]
	at java.awt.EventDispatchThread.pumpEventsForFilter(EventDispatchThread.java:124) ~[?:?]
	at java.awt.EventDispatchThread.pumpEventsForHierarchy(EventDispatchThread.java:113) ~[?:?]
	at java.awt.EventDispatchThread.pumpEvents(EventDispatchThread.java:109) ~[?:?]
	at java.awt.EventDispatchThread.pumpEvents(EventDispatchThread.java:101) ~[?:?]
	at java.awt.EventDispatchThread.run(EventDispatchThread.java:90) ~[?:?]
2025-10-25 18:43:05,833 [WARN] ThirdParty:871 - waiting for thirdparty lock release [close project]
2025-10-25 18:43:05,833 [INFO] ThirdParty:873 - entering critical section [close project]
2025-10-25 18:43:05,833 [INFO] ThirdParty:883 - exiting critical section [close project]
2025-10-25 18:43:05,836 [INFO] PinOutPanel:1589 - setPackage(No Configuration,No Configuration)
2025-10-25 18:43:05,851 [INFO] UtilMem:75 - Begin LoadConfig() Used Memory: 587530208 Bytes (1073741824)
2025-10-25 18:43:05,852 [INFO] OpenFileManager:355 - Change cursor
2025-10-25 18:43:05,864 [INFO] RulesReader:64 - Compatibility file has been processed (317 Rules)
2025-10-25 18:43:05,866 [INFO] ProjectFactory:514 - No CPN specified for board NUCLEO-L476RG => set CPN to STM32L476RGT3
2025-10-25 18:43:05,866 [INFO] Mcu:2029 - Initializing MCU STM32L476R(C-E-G)Tx STM32L476RGTx STM32L476RGT3
2025-10-25 18:43:07,417 [INFO] Context:786 - Trying to add GPIOservice into a context  which must be forbidden
2025-10-25 18:43:08,185 [INFO] Rule:233 - rule 117617 - U5Cobra4M][GTZC] default value MPCBB3 and MPCBB5 - Not Secured memory - MPCBB1 is applicable
2025-10-25 18:43:08,185 [INFO] Rule:233 - rule 117617 - U5Cobra4M][GTZC] default value MPCBB3 and MPCBB5 - Not Secured memory - MPCBB1 is applicable
2025-10-25 18:43:08,185 [INFO] Rule:233 - rule 117617 - U5Cobra4M][GTZC] default value MPCBB3 and MPCBB5 - Not Secured memory - MPCBB2 is applicable
2025-10-25 18:43:08,185 [INFO] Rule:233 - rule 117617 - U5Cobra4M][GTZC] default value MPCBB3 and MPCBB5 - Not Secured memory - MPCBB2 is applicable
2025-10-25 18:43:08,185 [INFO] Rule:233 - rule 117617 - U5Cobra4M][GTZC] default value MPCBB3 and MPCBB5 - Not Secured memory - MPCBB3 is applicable
2025-10-25 18:43:08,186 [INFO] Rule:233 - rule 117617 - U5Cobra4M][GTZC] default value MPCBB3 and MPCBB5 - Not Secured memory - MPCBB3 is applicable
2025-10-25 18:43:08,186 [INFO] Rule:233 - rule 117617 - U5Cobra4M][GTZC] default value MPCBB3 and MPCBB5 - Not Secured memory - MPCBB4 is applicable
2025-10-25 18:43:08,186 [INFO] Rule:233 - rule 117617 - U5Cobra4M][GTZC] default value MPCBB3 and MPCBB5 - Not Secured memory - MPCBB4 is applicable
2025-10-25 18:43:08,186 [INFO] Rule:233 - rule 117617 - U5Cobra4M][GTZC] default value MPCBB3 and MPCBB5 - Secured memory - MPCBB1 is applicable
2025-10-25 18:43:08,186 [INFO] Rule:233 - rule 117617 - U5Cobra4M][GTZC] default value MPCBB3 and MPCBB5 - Secured memory - MPCBB2 is applicable
2025-10-25 18:43:08,186 [INFO] Rule:233 - rule 117617 - U5Cobra4M][GTZC] default value MPCBB3 and MPCBB5 - Secured memory - MPCBB3 is applicable
2025-10-25 18:43:08,186 [INFO] Rule:233 - rule 117617 - U5Cobra4M][GTZC] default value MPCBB3 and MPCBB5 - Secured memory - MPCBB4 is applicable
2025-10-25 18:43:08,186 [INFO] Rule:233 - rule 117617 - U5Cobra4M][GTZC] default value MPCBB3 and MPCBB5 - Privileged memory - MPCBB1 is applicable
2025-10-25 18:43:08,186 [INFO] Rule:233 - rule 117617 - U5Cobra4M][GTZC] default value MPCBB3 and MPCBB5 - Privileged memory - MPCBB2 is applicable
2025-10-25 18:43:08,186 [INFO] Rule:233 - rule 117617 - U5Cobra4M][GTZC] default value MPCBB3 and MPCBB5 - Privileged memory - MPCBB3 is applicable
2025-10-25 18:43:08,186 [INFO] Rule:233 - rule 117617 - U5Cobra4M][GTZC] default value MPCBB3 and MPCBB5 - Privileged memory - MPCBB4 is applicable
2025-10-25 18:43:08,186 [INFO] Rule:233 - rule 117617 - U5Cobra4M][GTZC] default value MPCBB3 and MPCBB5 - Not Privileged memory - MPCBB1 is applicable
2025-10-25 18:43:08,186 [INFO] Rule:233 - rule 117617 - U5Cobra4M][GTZC] default value MPCBB3 and MPCBB5 - Not Privileged memory - MPCBB2 is applicable
2025-10-25 18:43:08,186 [INFO] Rule:233 - rule 117617 - U5Cobra4M][GTZC] default value MPCBB3 and MPCBB5 - Not Privileged memory - MPCBB3 is applicable
2025-10-25 18:43:08,186 [INFO] Rule:233 - rule 117617 - U5Cobra4M][GTZC] default value MPCBB3 and MPCBB5 - Not Privileged memory - MPCBB4 is applicable
2025-10-25 18:43:08,186 [INFO] Rule:233 - rule 117617 - U5Cobra4M][GTZC] default value MPCBB3 and MPCBB5 - Privileged memory - MPCBB1 is applicable
2025-10-25 18:43:08,186 [INFO] Rule:233 - rule 117617 - U5Cobra4M][GTZC] default value MPCBB3 and MPCBB5 - Privileged memory - MPCBB2 is applicable
2025-10-25 18:43:08,186 [INFO] Rule:233 - rule 117617 - U5Cobra4M][GTZC] default value MPCBB3 and MPCBB5 - Privileged memory - MPCBB3 is applicable
2025-10-25 18:43:08,186 [INFO] Rule:233 - rule 117617 - U5Cobra4M][GTZC] default value MPCBB3 and MPCBB5 - Privileged memory - MPCBB4 is applicable
2025-10-25 18:43:08,186 [INFO] Rule:233 - rule 117617 - U5Cobra4M][GTZC] default value MPCBB3 and MPCBB5 - Privileged memory - MPCBB1 is applicable
2025-10-25 18:43:08,186 [INFO] Rule:233 - rule 117617 - U5Cobra4M][GTZC] default value MPCBB3 and MPCBB5 - Privileged memory - MPCBB2 is applicable
2025-10-25 18:43:08,186 [INFO] Rule:233 - rule 117617 - U5Cobra4M][GTZC] default value MPCBB3 and MPCBB5 - Privileged memory - MPCBB3 is applicable
2025-10-25 18:43:08,186 [INFO] Rule:233 - rule 117617 - U5Cobra4M][GTZC] default value MPCBB3 and MPCBB5 - Privileged memory - MPCBB4 is applicable
2025-10-25 18:43:08,186 [INFO] Rule:233 - rule 117617 - U5Cobra4M][GTZC] default value MPCBB3 and MPCBB5 - Not Privileged memory - MPCBB1 is applicable
2025-10-25 18:43:08,186 [INFO] Rule:233 - rule 117617 - U5Cobra4M][GTZC] default value MPCBB3 and MPCBB5 - Not Privileged memory - MPCBB2 is applicable
2025-10-25 18:43:08,186 [INFO] Rule:233 - rule 117617 - U5Cobra4M][GTZC] default value MPCBB3 and MPCBB5 - Not Privileged memory - MPCBB3 is applicable
2025-10-25 18:43:08,186 [INFO] Rule:233 - rule 117617 - U5Cobra4M][GTZC] default value MPCBB3 and MPCBB5 - Not Privileged memory - MPCBB4 is applicable
2025-10-25 18:43:08,186 [INFO] Rule:233 - rule 117617 - U5Cobra4M][GTZC] default value MPCBB3 and MPCBB5 - Privileged memory - MPCBB1 is applicable
2025-10-25 18:43:08,186 [INFO] Rule:233 - rule 117617 - U5Cobra4M][GTZC] default value MPCBB3 and MPCBB5 - Privileged memory - MPCBB2 is applicable
2025-10-25 18:43:08,186 [INFO] Rule:233 - rule 117617 - U5Cobra4M][GTZC] default value MPCBB3 and MPCBB5 - Privileged memory - MPCBB3 is applicable
2025-10-25 18:43:08,186 [INFO] Rule:233 - rule 117617 - U5Cobra4M][GTZC] default value MPCBB3 and MPCBB5 - Privileged memory - MPCBB4 is applicable
2025-10-25 18:43:08,186 [INFO] Rule:233 - rule Rename SubGHz_Phy SUBGHZ_APPLICATION SUBGHZ_PINGPONG to SUBGHZ_ADV_APPLICATION is applicable
2025-10-25 18:43:08,186 [INFO] Rule:233 - rule Rename Enabled to IBEACON is applicable
2025-10-25 18:43:08,186 [INFO] Rule:233 - rule GTZC_S instance for project manager is applicable
2025-10-25 18:43:08,186 [INFO] Rule:233 - rule GTZC_S instance for context M33S is applicable
2025-10-25 18:43:08,186 [INFO] Rule:233 - rule GTZC_S instance value for IP GTZC is applicable
2025-10-25 18:43:08,186 [INFO] Rule:233 - rule GTZC_S instance for mcu.IP is applicable
2025-10-25 18:43:08,186 [INFO] Rule:233 - rule GTZC_S instance for VP is applicable
2025-10-25 18:43:08,186 [INFO] Rule:233 - rule GTZC_S instance for signal is applicable
2025-10-25 18:43:08,186 [INFO] Rule:233 - rule GTZC_S instance for mcu.Pin is applicable
2025-10-25 18:43:08,186 [INFO] Rule:233 - rule GTZC_S instance for VP is applicable
2025-10-25 18:43:08,186 [INFO] Rule:233 - rule GTZC_S instance for signal is applicable
2025-10-25 18:43:08,186 [INFO] Rule:233 - rule GTZC_S instance for mcu is applicable
2025-10-25 18:43:08,186 [INFO] Rule:233 - rule GTZC_S instance for mcu.Pin is applicable
2025-10-25 18:43:08,186 [INFO] Rule:233 - rule GTZC_S instance value for IP GTZC is applicable
2025-10-25 18:43:08,186 [INFO] Rule:233 - rule GTZC_S instance for project manager is applicable
2025-10-25 18:43:08,186 [INFO] Rule:233 - rule GTZC_S instance for context M33S is applicable
2025-10-25 18:43:08,187 [INFO] Rule:233 - rule GTZC_S instance for VP is applicable
2025-10-25 18:43:08,187 [INFO] Rule:233 - rule GTZC_S instance for signal is applicable
2025-10-25 18:43:08,187 [INFO] Rule:233 - rule SPDIFRX instance for mcu is applicable
2025-10-25 18:43:08,187 [INFO] Rule:233 - rule Rename Tracer Mode is applicable
2025-10-25 18:43:08,187 [INFO] Rule:233 - rule SPDIFRX instance value for IP SPDIFRX is applicable
2025-10-25 18:43:08,187 [INFO] Rule:233 - rule SPDIFRX instance for signal is applicable
2025-10-25 18:43:08,187 [INFO] Rule:233 - rule SPDIFRX instance for project manager is applicable
2025-10-25 18:43:08,187 [INFO] Rule:233 - rule SPDIFRX instance for project manager is applicable
2025-10-25 18:43:08,187 [INFO] Rule:233 - rule ADC Scan  fix with FW F7 is applicable
2025-10-25 18:43:08,187 [INFO] Rule:233 - rule ADC Scan  fix with FW F7 is applicable
2025-10-25 18:43:08,187 [INFO] Rule:233 - rule WakeUp0 Mode is applicable
2025-10-25 18:43:08,187 [INFO] Rule:233 - rule WakeUp0 SIGNAL is applicable
2025-10-25 18:43:08,187 [INFO] Rule:233 - rule WakeUp1 Mode is applicable
2025-10-25 18:43:08,187 [INFO] Rule:233 - rule WakeUp1 SIGNAL is applicable
2025-10-25 18:43:08,187 [INFO] Rule:233 - rule WakeUp2 Mode is applicable
2025-10-25 18:43:08,187 [INFO] Rule:233 - rule WakeUp2 SIGNAL is applicable
2025-10-25 18:43:08,187 [INFO] Rule:233 - rule WakeUp4 Mode is applicable
2025-10-25 18:43:08,187 [INFO] Rule:233 - rule WakeUp4 SIGNAL is applicable
2025-10-25 18:43:08,187 [INFO] Rule:233 - rule WakeUp5 Mode is applicable
2025-10-25 18:43:08,188 [INFO] Rule:233 - rule WakeUp5 SIGNAL is applicable
2025-10-25 18:43:08,188 [INFO] Rule:233 - rule Add RTC Activate Clock Source is applicable
2025-10-25 18:43:08,188 [INFO] Rule:233 - rule Add RTC Activate Calendar 1 is applicable
2025-10-25 18:43:08,188 [INFO] Rule:233 - rule Add RTC Activate Calendar 2 is applicable
2025-10-25 18:43:08,188 [INFO] Rule:233 - rule Add RTC Activate Calendar 3 is applicable
2025-10-25 18:43:08,188 [INFO] Rule:233 - rule UART/USART TX Mode is applicable
2025-10-25 18:43:08,188 [INFO] Rule:233 - rule UART/USART RX Mode is applicable
2025-10-25 18:43:08,188 [INFO] Rule:233 - rule UART/USART RX TX Mode is applicable
2025-10-25 18:43:08,188 [INFO] Rule:233 - rule UART/USART PARITY NONE is applicable
2025-10-25 18:43:08,188 [INFO] Rule:233 - rule UART/USART PARITY EVEN is applicable
2025-10-25 18:43:08,188 [INFO] Rule:233 - rule UART/USART PARITY ODD is applicable
2025-10-25 18:43:08,188 [INFO] Rule:233 - rule USART StopBits 1 is applicable
2025-10-25 18:43:08,188 [INFO] Rule:233 - rule USART StopBits 2 is applicable
2025-10-25 18:43:08,188 [INFO] Rule:233 - rule USART StopBits 1.5 is applicable
2025-10-25 18:43:08,188 [INFO] Rule:233 - rule USART StopBits 0.5 is applicable
2025-10-25 18:43:08,188 [INFO] Rule:233 - rule UART/USART WORD LENGTH 7 is applicable
2025-10-25 18:43:08,188 [INFO] Rule:233 - rule UART/USART WORD LENGTH 8 is applicable
2025-10-25 18:43:08,188 [INFO] Rule:233 - rule UART/USART WORD LENGTH 9 is applicable
2025-10-25 18:43:08,188 [INFO] Rule:233 - rule Rename FMC NAND NCE signal is applicable
2025-10-25 18:43:08,188 [INFO] Rule:233 - rule Rename FMC NAND INT signal is applicable
2025-10-25 18:43:08,188 [INFO] Rule:233 - rule Change Default Value for LSE Drive Capability for WB family is applicable
2025-10-25 18:43:08,188 [INFO] Rule:233 - rule Change Default Value for ADC Clock Prescaler G0 family is applicable
2025-10-25 18:43:08,188 [INFO] Rule:233 - rule Change Default Value for ADC ExternalTrigConv L4 family is applicable
2025-10-25 18:43:08,188 [INFO] Rule:233 - rule Change Default Value for ADC ExternalTrigInjecConv L4 family is applicable
2025-10-25 18:43:08,188 [INFO] Rule:233 - rule Change Default Value for ADC ExternalTrigConv F3 family is applicable
2025-10-25 18:43:08,188 [INFO] Rule:233 - rule Change Default Value for ADC ExternalTrigInjecConv F3 family is applicable
2025-10-25 18:43:08,188 [INFO] Rule:233 - rule Change Default Value for ADC ExternalTrigConv Goldfish serie is applicable
2025-10-25 18:43:08,188 [INFO] Rule:233 - rule Change Default Value for ADC ExternalTrigInjecConv Goldfish serie is applicable
2025-10-25 18:43:08,188 [INFO] Rule:233 - rule Change Default Value for ADC ExternalTrigConv L0 family is applicable
2025-10-25 18:43:08,188 [INFO] Rule:233 - rule Change Default Value for ADC ExternalTrigConv F0 family is applicable
2025-10-25 18:43:08,188 [INFO] Rule:233 - rule Change Default Value for ADC ExternalTrigConvn L1 family is applicable
2025-10-25 18:43:08,188 [INFO] Rule:233 - rule Change Default Value for ADC ExternalTrigInjecConv L1 family is applicable
2025-10-25 18:43:08,189 [INFO] Rule:233 - rule Change Default Value for ADC ExternalTrigConv F1 family is applicable
2025-10-25 18:43:08,189 [INFO] Rule:233 - rule Change Default Value for ADC ExternalTrigInjecConv F1 family is applicable
2025-10-25 18:43:08,189 [INFO] Rule:233 - rule Change Default Value for ADC ExternalTrigConv F7 family is applicable
2025-10-25 18:43:08,189 [INFO] Rule:233 - rule Change Default Value for ADC ExternalTrigInjecConv F7 family is applicable
2025-10-25 18:43:08,189 [INFO] Rule:233 - rule Change Default Value for ADC ExternalTrigConv F4 and F2 family is applicable
2025-10-25 18:43:08,189 [INFO] Rule:233 - rule Change Default Value for ADC ExternalTrigInjecConv F4 and F2 family is applicable
2025-10-25 18:43:08,189 [INFO] Rule:233 - rule ADC SamplingTime fix with FW L0  is applicable
2025-10-25 18:43:08,189 [INFO] Rule:233 - rule ADC SamplingTime fix with FW L0  is applicable
2025-10-25 18:43:08,189 [INFO] Rule:233 - rule ADC SamplingTime fix with FW L0 is applicable
2025-10-25 18:43:08,189 [INFO] Rule:233 - rule ADC SamplingTime fix with FW L0 is applicable
2025-10-25 18:43:08,189 [INFO] Rule:233 - rule ADC SamplingTime fix with FW L0  is applicable
2025-10-25 18:43:08,189 [INFO] Rule:233 - rule ADC SamplingTime fix with FW L0 is applicable
2025-10-25 18:43:08,189 [INFO] Rule:233 - rule Rename USB_OE Signal is applicable
2025-10-25 18:43:08,189 [INFO] Rule:233 - rule Rename Activate_OE Mode is applicable
2025-10-25 18:43:08,189 [INFO] Rule:233 - rule Rename DIE462/DIE415 pin PC14/OSC32_IN -> PC14-OSC32_IN (PC14) is applicable
2025-10-25 18:43:08,189 [INFO] Rule:233 - rule Rename DIE462/DIE415 pin PC15/OSC32_OUT -> PC15-OSC32_OUT (PC15) is applicable
2025-10-25 18:43:08,189 [INFO] Rule:233 - rule Rename DIE462/DIE415 pin PH0/OSC_IN -> PH0-OSC_IN (PH0) is applicable
2025-10-25 18:43:08,189 [INFO] Rule:233 - rule Rename DIE462/DIE415 pin PH1/OSC_OUT -> PH1-OSC_OUT (PH1) is applicable
2025-10-25 18:43:08,189 [INFO] Rule:233 - rule Rename DIE462 pin PA13 -> PA13 (JTMS/SWDIO) is applicable
2025-10-25 18:43:08,189 [INFO] Rule:233 - rule Rename DIE415 pin PA13 -> PA13 (JTMS/SWDIO) is applicable
2025-10-25 18:43:08,189 [INFO] Rule:233 - rule Rename DIE462 pin PA14 -> PA14 (JTCK/SWCLK) is applicable
2025-10-25 18:43:08,189 [INFO] Rule:233 - rule Rename DIE415 pin PA14 -> PA14 (JTCK/SWCLK) is applicable
2025-10-25 18:43:08,189 [INFO] Rule:233 - rule Rename DIE462/DIE415 pin PA15 -> PA15 (JTDI) is applicable
2025-10-25 18:43:08,189 [INFO] Rule:233 - rule Rename DIE462 pin PB3 -> PB3 (JTD0/TRACESWO) is applicable
2025-10-25 18:43:08,189 [INFO] Rule:233 - rule Rename DIE415 pin PB3 -> PB3 (JTD0-TRACESWO) is applicable
2025-10-25 18:43:08,189 [INFO] Rule:233 - rule Rename DIE462/DIE415 pin PB4 -> PB4 (NJTRST) is applicable
2025-10-25 18:43:08,189 [INFO] Rule:233 - rule Rename DIE462 pin PH3/BOOT0 -> PH3-BOOT0 (BOOT0) is applicable
2025-10-25 18:43:08,189 [INFO] Rule:233 - rule Rename CRYP DataEncryptionTypesList to Algorithm is applicable
2025-10-25 18:43:08,189 [INFO] Rule:233 - rule Rename AES DataEncryptionTypesList to Algorithm is applicable
2025-10-25 18:43:08,189 [INFO] Rule:233 - rule Rename TDESECB to CRYP_TDES_ECB is applicable
2025-10-25 18:43:08,189 [INFO] Rule:233 - rule Rename TDESCBC to CRYP_TDES_CBC is applicable
2025-10-25 18:43:08,189 [INFO] Rule:233 - rule Rename DESECB to CRYP_DES_ECB is applicable
2025-10-25 18:43:08,189 [INFO] Rule:233 - rule Rename DESCBC to CRYP_DES_CBC is applicable
2025-10-25 18:43:08,189 [INFO] Rule:233 - rule Rename AESECB to CRYP_AES_ECB is applicable
2025-10-25 18:43:08,189 [INFO] Rule:233 - rule Rename AESCBC to CRYP_AES_CBC is applicable
2025-10-25 18:43:08,189 [INFO] Rule:233 - rule Rename AESCTR to CRYP_AES_CTR is applicable
2025-10-25 18:43:08,189 [INFO] Rule:233 - rule Rename AESGCM to CRYP_AES_GCM is applicable
2025-10-25 18:43:08,189 [INFO] Rule:233 - rule Rename AESCCM to CRYP_AES_CCM is applicable
2025-10-25 18:43:08,189 [INFO] Rule:233 - rule Rename CAN TimeSeg1 to BS1 is applicable
2025-10-25 18:43:08,189 [INFO] Rule:233 - rule Rename CAN TimeSeg2 to BS2 is applicable
2025-10-25 18:43:08,189 [INFO] Rule:233 - rule Rename CAN SyncJumpWidth to SJW is applicable
2025-10-25 18:43:08,189 [INFO] Rule:233 - rule TimeTriggeredMode to TTCM is applicable
2025-10-25 18:43:08,190 [INFO] Rule:233 - rule Rename CAN AutoBusOff to ABOM is applicable
2025-10-25 18:43:08,190 [INFO] Rule:233 - rule Rename CAN AutoWakeUp to AWUM is applicable
2025-10-25 18:43:08,190 [INFO] Rule:233 - rule Rename CAN AutoRetransmission to NART is applicable
2025-10-25 18:43:08,190 [INFO] Rule:233 - rule Rename CAN ReceiveFifoLocked to RFLM is applicable
2025-10-25 18:43:08,190 [INFO] Rule:233 - rule Rename CAN TransmitFifoPriority to TXFP is applicable
2025-10-25 18:43:08,190 [INFO] Rule:233 - rule Rename HRTIMER HRTIM_OUTPUTFAULTLEVEL_HIGH in HRTIMER HRTIM_OUTPUTFAULTLEVEL_HIGHZ is applicable
2025-10-25 18:43:08,190 [INFO] Rule:233 - rule Rename TIMER TIM_CLEARINPUTSOURCE_OCREFCLR in  TIMER TIM_CLEARINPUTSOURCE_NONE for F7 family is applicable
2025-10-25 18:43:08,190 [INFO] Rule:233 - rule FDCAN_R1 - Rename FDCAN mode Master into Classic is applicable
2025-10-25 18:43:08,190 [INFO] Rule:233 - rule FDCAN_R2 - Rename FDCAN mode Slave into Classic is applicable
2025-10-25 18:43:08,190 [INFO] Rule:233 - rule FDCAN1_R3 - if PA10.Mode=FullDuplex, add Pin PA12 is applicable
2025-10-25 18:43:08,190 [INFO] Rule:233 - rule FDCAN1_R3 - if PA9.Mode=FullDuplex, add Pin PA11 is applicable
2025-10-25 18:43:08,190 [INFO] Rule:233 - rule FDCAN1_R3 - Alternatepin_1 - if PE1.Mode=FullDuplex, add Pin PB9 is applicable
2025-10-25 18:43:08,190 [INFO] Rule:233 - rule FDCAN1_R3 - Alternatepin_1 - if PE0.Mode=FullDuplex, add Pin PB8 is applicable
2025-10-25 18:43:08,190 [INFO] Rule:233 - rule FDCAN1_R3 - Alternatepin_2 - if PD5.Mode=FullDuplex, add Pin PD1 is applicable
2025-10-25 18:43:08,190 [INFO] Rule:233 - rule FDCAN1_R3 - Alternatepin_2 - if PD4.Mode=FullDuplex, add Pin PD0 is applicable
2025-10-25 18:43:08,190 [INFO] Rule:233 - rule FDCAN1_R4 - Rename Mode FullDuplex into Enable FDCAN_TXFD for pin PA10 is applicable
2025-10-25 18:43:08,190 [INFO] Rule:233 - rule FDCAN1_R4 - Rename Mode FullDuplex into Enable FDCAN_TXFD for pin PA9 is applicable
2025-10-25 18:43:08,190 [INFO] Rule:233 - rule FDCAN1_R4 - Alternatepin_1 - Rename Mode FullDuplex into Enable FDCAN_TXFD for pin PE1 is applicable
2025-10-25 18:43:08,190 [INFO] Rule:233 - rule FDCAN1_R4 - Alternatepin_1 - Rename Mode FullDuplex into Enable FDCAN_TXFD for pin PE0 is applicable
2025-10-25 18:43:08,190 [INFO] Rule:233 - rule FDCAN1_R4 - Alternatepin_2 - Rename Mode FullDuplex into Enable FDCAN_TXFD for pin PD5 is applicable
2025-10-25 18:43:08,190 [INFO] Rule:233 - rule FDCAN1_R4 - Alternatepin_2 - Rename Mode FullDuplex into Enable FDCAN_TXFD for pin PD4 is applicable
2025-10-25 18:43:08,190 [INFO] Rule:233 - rule FDCAN2_R3 - if PD10.Mode=FullDuplex, add Pin PB13 is applicable
2025-10-25 18:43:08,190 [INFO] Rule:233 - rule FDCAN2_R3 - if PD9.Mode=FullDuplex, add Pin PB12 is applicable
2025-10-25 18:43:08,190 [INFO] Rule:233 - rule FDCAN2_R3 - Alternatepin_1 - if PB7.Mode=FullDuplex, add Pin PB6 is applicable
2025-10-25 18:43:08,190 [INFO] Rule:233 - rule FDCAN2_R3 - Alternatepin_1 - if PD9.Mode=FullDuplex, add Pin PB12 is applicable
2025-10-25 18:43:08,190 [INFO] Rule:233 - rule FDCAN2_R4 - Rename Mode FullDuplex into Enable FDCAN_TXFD for pin PD10 is applicable
2025-10-25 18:43:08,190 [INFO] Rule:233 - rule FDCAN2_R4 - Rename Mode FullDuplex into Enable FDCAN_TXFD for pin PD9 is applicable
2025-10-25 18:43:08,190 [INFO] Rule:233 - rule FDCAN2_R4 - Alternatepin_1 - Rename Mode FullDuplex into Enable FDCAN_TXFD for pin PB7 is applicable
2025-10-25 18:43:08,190 [INFO] Rule:233 - rule FDCAN2_R4 - Alternatepin_1 - Rename Mode FullDuplex into Enable FDCAN_TXFD for pin PD6 is applicable
2025-10-25 18:43:08,190 [INFO] Rule:233 - rule USART TxPinLevelInvertParam Mode is applicable
2025-10-25 18:43:08,190 [INFO] Rule:233 - rule USART RxPinLevelInvertParam Mode is applicable
2025-10-25 18:43:08,190 [INFO] Rule:233 - rule USART DataInvertParam Mode is applicable
2025-10-25 18:43:08,190 [INFO] Rule:233 - rule USART SwapParam Mode is applicable
2025-10-25 18:43:08,190 [INFO] Rule:233 - rule USART OverrunDisableParam Mode is applicable
2025-10-25 18:43:08,190 [INFO] Rule:233 - rule USART DMADisableonRxErrorParam Mode is applicable
2025-10-25 18:43:08,190 [INFO] Rule:233 - rule USART MSBFirstParam Mode is applicable
2025-10-25 18:43:08,190 [INFO] Rule:233 - rule Update MwName for USB_DEVICE is applicable
2025-10-25 18:43:08,190 [INFO] Rule:233 - rule Change PWR_Regulator_Voltage_Scale Default Value for RCC  H7 family is applicable
2025-10-25 18:43:08,190 [INFO] Rule:233 - rule UART/USART IPParameter rename Prescaler parameter to ClockPrescaler is applicable
2025-10-25 18:43:08,190 [INFO] Rule:233 - rule UART/USART Prescaler rename Prescaler parameter to ClockPrescaler is applicable
2025-10-25 18:43:08,190 [INFO] Rule:233 - rule TIM1CLockSelection is applicable
2025-10-25 18:43:08,190 [INFO] Rule:233 - rule TIM15CLockSelection is applicable
2025-10-25 18:43:08,190 [INFO] Rule:233 - rule align RCC SDMMC3CLockSelection default value on MP1 is applicable
2025-10-25 18:43:08,191 [INFO] Rule:233 - rule align RCC SDMMC12CLockSelection default value on MP1 is applicable
2025-10-25 18:43:08,191 [INFO] Rule:233 - rule align RCC QSPICLockSelection default value on MP1 is applicable
2025-10-25 18:43:08,191 [INFO] Rule:233 - rule align RCC QSPICLockSelection default value on MP1 is applicable
2025-10-25 18:43:08,191 [INFO] Rule:233 - rule align RCC SPI6CLockSelection default value on MP1 is applicable
2025-10-25 18:43:08,191 [INFO] Rule:233 - rule align RCC LPTIM23CLockSelection default value on MP1 is applicable
2025-10-25 18:43:08,191 [INFO] Rule:233 - rule align RCC LPTIM1CLockSelection default value on MP1 is applicable
2025-10-25 18:43:08,191 [INFO] Rule:233 - rule align RCC USART1CLockSelection default value on MP1 is applicable
2025-10-25 18:43:08,191 [INFO] Rule:233 - rule align RCC USART24CLockSelection default value on MP1 is applicable
2025-10-25 18:43:08,191 [INFO] Rule:233 - rule align RCC USART6CLockSelection default value on MP1 is applicable
2025-10-25 18:43:08,191 [INFO] Rule:233 - rule align RCC UART78CLockSelection default value on MP1 is applicable
2025-10-25 18:43:08,191 [INFO] Rule:233 - rule align RCC USART35CLockSelection default value on MP1 is applicable
2025-10-25 18:43:08,191 [INFO] Rule:233 - rule align RCC SPI45CLockSelection default value on MP1 is applicable
2025-10-25 18:43:08,191 [INFO] Rule:233 - rule align RCC I2C46CLockSelection BCLK value on MP1 is applicable
2025-10-25 18:43:08,191 [INFO] Rule:233 - rule align RCC SPI45CLockSelection default value on MP1 is applicable
2025-10-25 18:43:08,191 [INFO] Rule:233 - rule align RCC I2C12CLockSelection default value on MP1 is applicable
2025-10-25 18:43:08,191 [INFO] Rule:233 - rule align RCC I2C35CLockSelection default value on MP1 is applicable
2025-10-25 18:43:08,191 [INFO] Rule:233 - rule align RCC LPTIM45CLockSelection default value on MP1 is applicable
2025-10-25 18:43:08,191 [INFO] Rule:233 - rule Rename DCMI PIXCK signal is applicable
2025-10-25 18:43:08,191 [INFO] Rule:233 - rule Change Default Value for I2C46CLockSelection MP1 family is applicable
2025-10-25 18:43:08,191 [INFO] Rule:233 - rule Change Default Value for UART for G4, G0 and WB families is applicable
2025-10-25 18:43:08,191 [INFO] Rule:233 - rule Change Default Value for USART for G4, G0 and WB families is applicable
2025-10-25 18:43:08,191 [INFO] Rule:233 - rule Change Default Value for USART for G4 family is applicable
2025-10-25 18:43:08,191 [INFO] Rule:233 - rule Change USART1CLockSelection refparam name for MP1 is applicable
2025-10-25 18:43:08,191 [INFO] Rule:233 - rule Change USART2CLockSelection refparam name for MP1 is applicable
2025-10-25 18:43:08,191 [INFO] Rule:233 - rule Change USART3CLockSelection refparam name for MP1 is applicable
2025-10-25 18:43:08,191 [INFO] Rule:233 - rule Change UART4CLockSelection refparam name for MP1 is applicable
2025-10-25 18:43:08,191 [INFO] Rule:233 - rule Change UART5CLockSelection refparam name for MP1 is applicable
2025-10-25 18:43:08,191 [INFO] Rule:233 - rule Change LPUART1CLockSelection refparam name for MP1 is applicable
2025-10-25 18:43:08,191 [INFO] Rule:233 - rule Change LPTIM1CLockSelection refparam name for MP1 is applicable
2025-10-25 18:43:08,191 [INFO] Rule:233 - rule Change LPTIM2CLockSelection refparam name for MP1 is applicable
2025-10-25 18:43:08,191 [INFO] Rule:233 - rule Change RCC_MCO1Source refparam name for MP1 is applicable
2025-10-25 18:43:08,191 [INFO] Rule:233 - rule Change LSCOSource1 refparam name for MP1 is applicable
2025-10-25 18:43:08,191 [INFO] Rule:233 - rule Change SMPSCLockSelection refparam name for MP1 is applicable
2025-10-25 18:43:08,191 [INFO] Rule:233 - rule Change LPTIM3CLockSelection refparam name for MP1 is applicable
2025-10-25 18:43:08,191 [INFO] Rule:233 - rule Change MPCBB* Default Template Mode to Parameters is applicable
2025-10-25 18:43:08,191 [INFO] Rule:233 - rule Change MPCWM* or MPCBB* Secure Mode to Parameters is applicable
2025-10-25 18:43:08,191 [INFO] Rule:233 - rule Change MPCWM* or MPCBB* No Secure Mode to Parameters is applicable
2025-10-25 18:43:08,191 [INFO] Rule:233 - rule Change TZSC IP Secure Mode to Parameters is applicable
2025-10-25 18:43:08,191 [INFO] Rule:233 - rule Change TZSC IP No Secure Mode to Parameters is applicable
2025-10-25 18:43:08,191 [INFO] Rule:233 - rule Change TZSC IP Privilege Mode to Parameters is applicable
2025-10-25 18:43:08,191 [INFO] Rule:233 - rule Change TZSC IP No Privilege Mode to Parameters is applicable
2025-10-25 18:43:08,191 [INFO] Rule:233 - rule Change TZIC IT Secure Mode to Parameters is applicable
2025-10-25 18:43:08,191 [INFO] Rule:233 - rule Change TZIC IT No Secure Mode to Parameters is applicable
2025-10-25 18:43:08,192 [INFO] Rule:233 - rule Add MPCBB1_NonSecureArea_Start_Address value with referenced to MPCBB1_NonSecureArea_Start value is applicable
2025-10-25 18:43:08,192 [INFO] Rule:233 - rule Add MPCBB2_NonSecureArea_Start_Address value with referenced to MPCBB2_NonSecureArea_Start value is applicable
2025-10-25 18:43:08,192 [INFO] Rule:233 - rule Add MPCWM1_NonSecureArea*_Start_Address value with referenced to MPCWM1_NonSecureArea*_Start value is applicable
2025-10-25 18:43:08,192 [INFO] Rule:233 - rule Add MPCWM2_NonSecureArea*_Start_Address value with referenced to MPCWM2_NonSecureArea*_Start value is applicable
2025-10-25 18:43:08,192 [INFO] Rule:233 - rule Add MPCWM3_NonSecureArea_Start_Address value with referenced to MPCWM3_NonSecureArea_Start value is applicable
2025-10-25 18:43:08,192 [INFO] Rule:233 - rule Change Default Value for PLL1UserDefinedConfig is applicable
2025-10-25 18:43:08,192 [INFO] Rule:233 - rule Change GPIO_PuPd Default Value for USART in async mode is applicable
2025-10-25 18:43:08,192 [INFO] Rule:233 - rule Change SMPSDivider Default Value is applicable
2025-10-25 18:43:08,192 [INFO] Rule:233 - rule OPAMP is applicable
2025-10-25 18:43:08,192 [INFO] Rule:233 - rule LPUART IPParameter rename Prescaler parameter to ClockPrescaler for STM32H7 is applicable
2025-10-25 18:43:08,192 [INFO] Rule:233 - rule LPUART IPParameter rename Prescaler parameter to ClockPrescaler for STM32H7 is applicable
2025-10-25 18:43:08,192 [INFO] Rule:233 - rule LPUART IPParameter rename Prescaler parameter to ClockPrescaler for STM32WB is applicable
2025-10-25 18:43:08,192 [INFO] Rule:233 - rule LPUART IPParameter rename Prescaler parameter to ClockPrescaler for STM32WB is applicable
2025-10-25 18:43:08,192 [INFO] Rule:233 - rule LPUART IPParameter rename Prescaler parameter to ClockPrescaler for STM32G4 is applicable
2025-10-25 18:43:08,192 [INFO] Rule:233 - rule LPUART IPParameter rename Prescaler parameter to ClockPrescaler for STM32G4 is applicable
2025-10-25 18:43:08,192 [INFO] Rule:233 - rule LPUART IPParameter rename Prescaler parameter to ClockPrescaler for STM32L5 is applicable
2025-10-25 18:43:08,192 [INFO] Rule:233 - rule LPUART IPParameter rename Prescaler parameter to ClockPrescaler for STM32L5 is applicable
2025-10-25 18:43:08,192 [INFO] Rule:233 - rule LPUART IPParameter rename Prescaler parameter to ClockPrescaler for STM32G4 is applicable
2025-10-25 18:43:08,192 [INFO] Rule:233 - rule LPUART IPParameter rename Prescaler parameter to ClockPrescaler for STM32G4 is applicable
2025-10-25 18:43:08,192 [INFO] Rule:233 - rule USB device lib V2.5.3 for L0 rename USBD_SUPPORT_USER_STRING parameter to USBD_SUPPORT_USER_STRING_DESC4 is applicable
2025-10-25 18:43:08,192 [INFO] Rule:233 - rule I2SCLockSelection clock entry align is applicable
2025-10-25 18:43:08,192 [INFO] Rule:233 - rule Assign TIMx context if used as SYS timebase is applicable
2025-10-25 18:43:08,192 [INFO] Rule:233 - rule Change GPIO_Pu Default Value for I2C is applicable
2025-10-25 18:43:08,192 [INFO] Rule:233 - rule Change GPIO_Pu Default Value for SMBus is applicable
2025-10-25 18:43:08,192 [INFO] Rule:233 - rule change FDCAN default value is applicable
2025-10-25 18:43:08,192 [INFO] Rule:233 - rule Change mode sai is applicable
2025-10-25 18:43:08,192 [INFO] Rule:233 - rule **Change sai mode is applicable
2025-10-25 18:43:08,192 [INFO] Rule:233 - rule Rename STM32WPAN CFG_BLE_IRK to CFG_BLE_IR is applicable
2025-10-25 18:43:08,192 [INFO] Rule:233 - rule Rename STM32WPAN CFG_BLE_ERK to CFG_BLE_ER is applicable
2025-10-25 18:43:08,192 [INFO] Rule:233 - rule Rename STM32WPAN CFG_BLE_IRK_HEX to CFG_BLE_IR_HEX is applicable
2025-10-25 18:43:08,192 [INFO] Rule:233 - rule Rename STM32WPAN CFG_BLE_ERK_HEX to CFG_BLE_ER_HEX is applicable
2025-10-25 18:43:08,192 [INFO] Rule:233 - rule Adapt Old IOC before rework replace old CORTEX_M33/CORTEX_M55 attributes by the new one. is applicable
2025-10-25 18:43:08,192 [INFO] Rule:233 - rule Rename parametre of RCC RCC_APBDBG_DIV2 to RCC_TIMPRES_DIV2 is applicable
2025-10-25 18:43:08,192 [INFO] Rule:233 - rule Rename DIE493 pin PA10 [PA12] -> PA10 is applicable
2025-10-25 18:43:08,192 [INFO] Rule:233 - rule Rename DIE493 pin PA9 [PA11] -> PA9 is applicable
2025-10-25 18:43:08,192 [INFO] Rule:233 - rule Rename DIE492 PartNumber CPN STM32WBA5MJGHx -> STM32WBA5MMGHx is applicable
2025-10-25 18:43:08,192 [INFO] Rule:233 - rule Rename DIE492 PartNumber  Name STM32WBA5MJGHx -> STM32WBA5MMGHx is applicable
2025-10-25 18:43:08,192 [INFO] Rule:233 - rule Rename DIE492 PartNumber UserName STM32WBA5MJGHx -> STM32WBA5MMGHx is applicable
2025-10-25 18:43:08,193 [INFO] Rule:233 - rule Rename DIE492 PartNumber DeviceId STM32WBA5MJGHx -> STM32WBA5MMGHx is applicable
2025-10-25 18:43:08,193 [INFO] Rule:233 - rule Adapt Old IOC CSI. is applicable
2025-10-25 18:43:08,193 [INFO] Rule:233 - rule Adapt Old IOC DCMIPP. is applicable
2025-10-25 18:43:08,193 [INFO] Rule:233 - rule Adapt Old IOC DCMIPP Mode Parallel. is applicable
2025-10-25 18:43:08,193 [INFO] Rule:233 - rule Adapt Old IOC LTDC. is applicable
2025-10-25 18:43:08,193 [INFO] Rule:233 - rule Rename STM32MP2 RIF Peripheral LTDC RIF.RISUP.LTDC_L0L1.Privilege -> RIF.RISUP.LTDC_L1L2.Privilege is applicable
2025-10-25 18:43:08,193 [INFO] Rule:233 - rule Rename STM32MP2 RIF Peripheral LTDC RIF.RISUP.LTDC_L0L1.Privilege -> RIF.RISUP.LTDC_L1L2.Privilege is applicable
2025-10-25 18:43:08,193 [INFO] Rule:233 - rule Rename STM32MP2 RIF Peripheral LTDC RIF.RISUP.LTDC_L0L1.Lock -> RIF.RISUP.LTDC_L1L2.Lock is applicable
2025-10-25 18:43:08,193 [INFO] Rule:233 - rule Rename STM32MP2 RIF Peripheral LTDC RIF.RISUP.LTDC_L2.Lock -> RIF.RISUP.LTDC_L3.Lock is applicable
2025-10-25 18:43:08,193 [INFO] Rule:233 - rule Adapt the old IOC example for updating the SYS when it is misconfigured. is applicable
2025-10-25 18:43:08,193 [INFO] Rule:233 - rule Rename STM32C09 Mcu.Package LQFP64 -> LQFP48 is applicable
2025-10-25 18:43:08,193 [INFO] Rule:233 - rule Adapt the old IOC example for updating the SYS when it is misconfigured. is applicable
2025-10-25 18:43:08,193 [INFO] Rule:233 - rule Adapt the old IOC example for updating the SYS when it is misconfigured. is applicable
2025-10-25 18:43:08,207 [INFO] DbConfProperties:307 - Apply Compatibility (53/282 Rules)
2025-10-25 18:43:08,222 [INFO] ImportTextPane:234 - (OptionalMessage_ERROR) Unable to find key (Mcu.ThirdPartyNb) in loaded IOC file
2025-10-25 18:43:08,223 [INFO] ImportTextPane:234 - (OptionalMessage_ERROR) Pin12 (VP_RIF_VS_RIF1) cannot be retrieved for this MCU
2025-10-25 18:43:08,287 [INFO] RtosManager:558 - Registered RTOS mode: class=CMSIS, group=RTOS, mode=CMSIS_V1, owner=FREERTOS
2025-10-25 18:43:08,287 [INFO] RtosManager:558 - Registered RTOS mode: class=CMSIS, group=RTOS2, mode=CMSIS_V2, owner=FREERTOS
2025-10-25 18:43:08,288 [INFO] RtosManager:558 - Registered RTOS mode: class=RTOS, group=Core, mode=CMSIS_V1, owner=FREERTOS
2025-10-25 18:43:08,288 [INFO] RtosManager:558 - Registered RTOS mode: class=RTOS, group=Core, mode=CMSIS_V2, owner=FREERTOS
2025-10-25 18:43:08,288 [WARN] ModelIntegratedComponent:184 - Missing modes for component STMicroelectronics:FreeRTOS:0.0.1:STMicroelectronics:RTOS:FreeRTOS:Core:::10.2.0:
2025-10-25 18:43:08,317 [WARN] ModelIntegratedComponent:63 - No mode defined for component null
2025-10-25 18:43:08,317 [WARN] ModelIntegratedComponent:63 - No mode defined for component null
2025-10-25 18:43:08,317 [WARN] ModelIntegratedComponent:63 - No mode defined for component null
2025-10-25 18:43:08,317 [WARN] ModelIntegratedComponent:63 - No mode defined for component null
2025-10-25 18:43:08,317 [WARN] ModelIntegratedComponent:63 - No mode defined for component null
2025-10-25 18:43:08,317 [WARN] ModelIntegratedComponent:63 - No mode defined for component null
2025-10-25 18:43:08,317 [WARN] ModelIntegratedComponent:63 - No mode defined for component null
2025-10-25 18:43:08,317 [WARN] ModelIntegratedComponent:63 - No mode defined for component null
2025-10-25 18:43:08,317 [WARN] ModelIntegratedComponent:63 - No mode defined for component null
2025-10-25 18:43:08,317 [WARN] ModelIntegratedComponent:63 - No mode defined for component null
2025-10-25 18:43:08,317 [WARN] ModelIntegratedComponent:63 - No mode defined for component null
2025-10-25 18:43:08,318 [WARN] ModelIntegratedComponent:63 - No mode defined for component null
2025-10-25 18:43:08,318 [WARN] ModelIntegratedComponent:63 - No mode defined for component null
2025-10-25 18:43:08,318 [WARN] ModelIntegratedComponent:63 - No mode defined for component null
2025-10-25 18:43:08,318 [WARN] ModelIntegratedComponent:63 - No mode defined for component null
2025-10-25 18:43:08,318 [WARN] ModelIntegratedComponent:63 - No mode defined for component null
2025-10-25 18:43:08,318 [WARN] ModelIntegratedComponent:63 - No mode defined for component null
2025-10-25 18:43:08,318 [WARN] ModelIntegratedComponent:63 - No mode defined for component null
2025-10-25 18:43:08,318 [WARN] ModelIntegratedComponent:63 - No mode defined for component null
2025-10-25 18:43:08,318 [WARN] ModelIntegratedComponent:63 - No mode defined for component null
2025-10-25 18:43:08,318 [WARN] ModelIntegratedComponent:63 - No mode defined for component null
2025-10-25 18:43:08,318 [WARN] ModelIntegratedComponent:63 - No mode defined for component null
2025-10-25 18:43:08,318 [WARN] ModelIntegratedComponent:63 - No mode defined for component null
2025-10-25 18:43:08,318 [WARN] ModelIntegratedComponent:63 - No mode defined for component null
2025-10-25 18:43:08,318 [WARN] ModelIntegratedComponent:63 - No mode defined for component null
2025-10-25 18:43:08,318 [WARN] ModelIntegratedComponent:63 - No mode defined for component null
2025-10-25 18:43:08,318 [WARN] ModelIntegratedComponent:63 - No mode defined for component null
2025-10-25 18:43:08,318 [WARN] ModelIntegratedComponent:63 - No mode defined for component null
2025-10-25 18:43:08,318 [WARN] ModelIntegratedComponent:63 - No mode defined for component null
2025-10-25 18:43:08,318 [WARN] ModelIntegratedComponent:63 - No mode defined for component null
2025-10-25 18:43:08,318 [WARN] ModelIntegratedComponent:63 - No mode defined for component null
2025-10-25 18:43:08,318 [WARN] ModelIntegratedComponent:63 - No mode defined for component null
2025-10-25 18:43:08,318 [WARN] ModelIntegratedComponent:63 - No mode defined for component null
2025-10-25 18:43:08,318 [WARN] ModelIntegratedComponent:63 - No mode defined for component null
2025-10-25 18:43:08,318 [WARN] ModelIntegratedComponent:63 - No mode defined for component null
2025-10-25 18:43:08,318 [WARN] ModelPack:524 - Component already loaded: STMicroelectronics:HAL Drivers:0.0.0:STMicroelectronics:Device:STMicro_Driver:XSPI:HAL::0.0.1:HAL_XSPI
2025-10-25 18:43:08,480 [INFO] ThirdPartyModel:298 - Start build external matchings
2025-10-25 18:43:09,083 [INFO] ThirdPartyModel:316 - End build external matchings
2025-10-25 18:43:09,103 [INFO] ImportTextPane:234 - (OptionalMessage_ERROR) IP (RCC) : Invalid parameter (FamilyName)
2025-10-25 18:43:09,104 [INFO] ImportTextPane:234 - (OptionalMessage_ERROR) IP (RCC) : Parameter (RNGFreq_Value) has invalid value (64000000)
2025-10-25 18:43:09,104 [INFO] ImportTextPane:234 - (OptionalMessage_ERROR) IP (RCC) : Parameter (SDMMCFreq_Value) has invalid value (64000000)
2025-10-25 18:43:09,104 [INFO] ImportTextPane:234 - (OptionalMessage_ERROR) IP (RCC) : Parameter (USBFreq_Value) has invalid value (64000000)
2025-10-25 18:43:09,454 [INFO] UtilMem:75 - End LoadConfig() Used Memory: 826728112 Bytes (1073741824)
2025-10-25 18:43:09,480 [WARN] ThirdParty:833 - waiting for thirdparty lock release [change project]
2025-10-25 18:43:09,480 [INFO] ThirdParty:835 - entering critical section [change project]
2025-10-25 18:43:09,480 [INFO] ThirdParty:1030 - CMSIS Pack Vendor :STMicroelectronics X-CUBE-PM33A1 1.0.0
2025-10-25 18:43:09,480 [INFO] ThirdParty:1030 - CMSIS Pack Vendor :STMicroelectronics USBPD 4.1
2025-10-25 18:43:09,480 [INFO] ThirdParty:1030 - CMSIS Pack Vendor :STMicroelectronics X-CUBE-NFC9 1.0.0
2025-10-25 18:43:09,480 [INFO] ThirdParty:1030 - CMSIS Pack Vendor :STMicroelectronics USB_HOST 2.0.0
2025-10-25 18:43:09,480 [INFO] ThirdParty:1030 - CMSIS Pack Vendor :STMicroelectronics FP-SNS-MOTENVWB1 1.4.0
2025-10-25 18:43:09,480 [INFO] ThirdParty:1030 - CMSIS Pack Vendor :STMicroelectronics X-CUBE-AZRTOS-F4 1.1.0
2025-10-25 18:43:09,480 [INFO] ThirdParty:1030 - CMSIS Pack Vendor :STMicroelectronics LIBJPEG 8.0.0
2025-10-25 18:43:09,480 [INFO] ThirdParty:1030 - CMSIS Pack Vendor :STMicroelectronics FP-ATR-ASTRA1 2.0.2
2025-10-25 18:43:09,480 [INFO] ThirdParty:1030 - CMSIS Pack Vendor :wolfSSL I-CUBE-wolfSSL 5.8.2
2025-10-25 18:43:09,480 [INFO] ThirdParty:1030 - CMSIS Pack Vendor :STMicroelectronics X-CUBE-BLE1 7.1.0
2025-10-25 18:43:09,480 [INFO] ThirdParty:1030 - CMSIS Pack Vendor :Avnet-IotConnect X-CUBE-IoTC-DA16k-PMOD 1.0.0
2025-10-25 18:43:09,480 [INFO] ThirdParty:1030 - CMSIS Pack Vendor :STMicroelectronics X-CUBE-SMBUS 2.1.0
2025-10-25 18:43:09,480 [INFO] ThirdParty:1030 - CMSIS Pack Vendor :wolfSSL I-CUBE-wolfMQTT 1.19.2
2025-10-25 18:43:09,480 [INFO] ThirdParty:1030 - CMSIS Pack Vendor :STMicroelectronics USB_DEVICE 3.0.0
2025-10-25 18:43:09,480 [INFO] ThirdParty:1030 - CMSIS Pack Vendor :STMicroelectronics X-CUBE-ISPU 2.1.0
2025-10-25 18:43:09,480 [INFO] ThirdParty:1030 - CMSIS Pack Vendor :STMicroelectronics X-CUBE-EEPRMA1 5.2.0
2025-10-25 18:43:09,480 [INFO] ThirdParty:1030 - CMSIS Pack Vendor :STMicroelectronics X-CUBE-IPS 3.2.0
2025-10-25 18:43:09,480 [INFO] ThirdParty:1030 - CMSIS Pack Vendor :STMicroelectronics X-CUBE-BLEMGR 4.1.0
2025-10-25 18:43:09,480 [INFO] ThirdParty:1030 - CMSIS Pack Vendor :STMicroelectronics X-CUBE-AZRTOS-WB 2.0.0
2025-10-25 18:43:09,480 [INFO] ThirdParty:1030 - CMSIS Pack Vendor :STMicroelectronics X-CUBE-ST60 1.0.0
2025-10-25 18:43:09,480 [INFO] ThirdParty:1030 - CMSIS Pack Vendor :STMicroelectronics X-CUBE-GNSS1 7.0.1
2025-10-25 18:43:09,480 [INFO] ThirdParty:1030 - CMSIS Pack Vendor :STMicroelectronics X-CUBE-NFC12 1.0.0
2025-10-25 18:43:09,480 [INFO] ThirdParty:1030 - CMSIS Pack Vendor :STMicroelectronics X-CUBE-AZRTOS-F7 1.1.0
2025-10-25 18:43:09,480 [INFO] ThirdParty:1030 - CMSIS Pack Vendor :STMicroelectronics X-CUBE-AZRTOS-L5 2.0.0
2025-10-25 18:43:09,480 [INFO] ThirdParty:1030 - CMSIS Pack Vendor :STMicroelectronics X-CUBE-TOUCHGFX 4.25.0
2025-10-25 18:43:09,481 [INFO] ThirdParty:1030 - CMSIS Pack Vendor :STMicroelectronics USB_DEVICE 2.0.0
2025-10-25 18:43:09,481 [INFO] ThirdParty:1030 - CMSIS Pack Vendor :STMicroelectronics X-CUBE-NFC6 3.1.0
2025-10-25 18:43:09,481 [INFO] ThirdParty:1030 - CMSIS Pack Vendor :STMicroelectronics X-CUBE-ST67W61 1.1.0
2025-10-25 18:43:09,481 [INFO] ThirdParty:1030 - CMSIS Pack Vendor :quantropi X-CUBE-qispace-sdk-base 2.1.0
2025-10-25 18:43:09,481 [INFO] ThirdParty:1030 - CMSIS Pack Vendor :STMicroelectronics FreeRTOS 0.0.1
2025-10-25 18:43:09,481 [INFO] ThirdParty:1030 - CMSIS Pack Vendor :STMicroelectronics X-CUBE-AZRTOS-G0 1.1.0
2025-10-25 18:43:09,481 [INFO] ThirdParty:1030 - CMSIS Pack Vendor :STMicroelectronics X-CUBE-SAFEA1 1.2.2
2025-10-25 18:43:09,481 [INFO] ThirdParty:1030 - CMSIS Pack Vendor :STMicroelectronics X-CUBE-NFC4 3.0.0
2025-10-25 18:43:09,481 [INFO] ThirdParty:1030 - CMSIS Pack Vendor :STMicroelectronics X-CUBE-SUBG2 5.0.0
2025-10-25 18:43:09,481 [INFO] ThirdParty:1030 - CMSIS Pack Vendor :STMicroelectronics X-CUBE-AZRTOS-H7RS 1.1.0
2025-10-25 18:43:09,481 [INFO] ThirdParty:1030 - CMSIS Pack Vendor :STMicroelectronics STM32_WPAN 1.0.0
2025-10-25 18:43:09,481 [INFO] ThirdParty:1030 - CMSIS Pack Vendor :EmbeddedOffice I-CUBE-FS-RTOS 1.0.1
2025-10-25 18:43:09,481 [INFO] ThirdParty:1030 - CMSIS Pack Vendor :STMicroelectronics lwIP 2.0.3
2025-10-25 18:43:09,481 [INFO] ThirdParty:1030 - CMSIS Pack Vendor :WES I-CUBE-Cesium 1.4.0
2025-10-25 18:43:09,481 [INFO] ThirdParty:1030 - CMSIS Pack Vendor :Cesanta I-CUBE-Mongoose 7.13.0
2025-10-25 18:43:09,481 [INFO] ThirdParty:1030 - CMSIS Pack Vendor :STMicroelectronics USB_HOST 1.0.0
2025-10-25 18:43:09,481 [INFO] ThirdParty:1030 - CMSIS Pack Vendor :Infineon AIROC-Wi-Fi-Bluetooth-STM32 1.7.1
2025-10-25 18:43:09,481 [INFO] ThirdParty:1030 - CMSIS Pack Vendor :STMicroelectronics X-CUBE-AZRTOS-G4 2.0.0
2025-10-25 18:43:09,481 [INFO] ThirdParty:1030 - CMSIS Pack Vendor :STMicroelectronics X-CUBE-WB05N 2.0.0
2025-10-25 18:43:09,481 [INFO] ThirdParty:1030 - CMSIS Pack Vendor :STMicroelectronics PDM2PCM 3.1.0
2025-10-25 18:43:09,481 [INFO] ThirdParty:1030 - CMSIS Pack Vendor :STMicroelectronics PDM2PCM 3.3.0
2025-10-25 18:43:09,481 [INFO] ThirdParty:1030 - CMSIS Pack Vendor :wolfSSL I-CUBE-wolfTPM 3.8.0
2025-10-25 18:43:09,481 [INFO] ThirdParty:1030 - CMSIS Pack Vendor :STMicroelectronics X-CUBE-AZRTOS-H7 3.4.0
2025-10-25 18:43:09,481 [INFO] ThirdParty:1030 - CMSIS Pack Vendor :STMicroelectronics X-CUBE-DISPLAY 3.0.0
2025-10-25 18:43:09,481 [INFO] ThirdParty:1030 - CMSIS Pack Vendor :wolfSSL I-CUBE-wolfSSH 1.4.20
2025-10-25 18:43:09,481 [INFO] ThirdParty:1030 - CMSIS Pack Vendor :STMicroelectronics X-CUBE-NFC7 2.0.0
2025-10-25 18:43:09,481 [INFO] ThirdParty:1030 - CMSIS Pack Vendor :STMicroelectronics X-CUBE-TCPP 4.2.0
2025-10-25 18:43:09,481 [INFO] ThirdParty:1030 - CMSIS Pack Vendor :RealThread X-CUBE-RT-Thread_Nano 4.1.1
2025-10-25 18:43:09,481 [INFO] ThirdParty:1030 - CMSIS Pack Vendor :STMicroelectronics FP-ATR-SIGFOX1 3.2.0
2025-10-25 18:43:09,481 [INFO] ThirdParty:1030 - CMSIS Pack Vendor :STMicroelectronics X-CUBE-NFC10 1.0.0
2025-10-25 18:43:09,481 [INFO] ThirdParty:1030 - CMSIS Pack Vendor :STMicroelectronics X-CUBE-FREERTOS 1.3.1
2025-10-25 18:43:09,481 [INFO] ThirdParty:1030 - CMSIS Pack Vendor :STMicroelectronics HAL Drivers 0.0.0
2025-10-25 18:43:09,481 [INFO] ThirdParty:1030 - CMSIS Pack Vendor :STMicroelectronics MBEDTLS 2.16.2
2025-10-25 18:43:09,481 [INFO] ThirdParty:1030 - CMSIS Pack Vendor :STMicroelectronics X-CUBE-ST60 1.1.0
2025-10-25 18:43:09,482 [INFO] ThirdParty:1030 - CMSIS Pack Vendor :STMicroelectronics X-CUBE-IPS 3.1.0
2025-10-25 18:43:09,482 [INFO] ThirdParty:1030 - CMSIS Pack Vendor :STMicroelectronics X-CUBE-ALS 1.0.2
2025-10-25 18:43:09,482 [INFO] ThirdParty:1030 - CMSIS Pack Vendor :emotas I-CUBE-CANOPEN 1.3.0
2025-10-25 18:43:09,482 [INFO] ThirdParty:1030 - CMSIS Pack Vendor :STMicroelectronics MBEDTLS 2.14.1
2025-10-25 18:43:09,482 [INFO] ThirdParty:1030 - CMSIS Pack Vendor :ITTIA_DB I-CUBE-ITTIADB 8.9.0
2025-10-25 18:43:09,482 [INFO] ThirdParty:1030 - CMSIS Pack Vendor :STMicroelectronics X-CUBE-TOUCHGFX 4.26.0
2025-10-25 18:43:09,482 [INFO] ThirdParty:1030 - CMSIS Pack Vendor :STMicroelectronics X-CUBE-STSE01 1.0.0
2025-10-25 18:43:09,482 [INFO] ThirdParty:1030 - CMSIS Pack Vendor :STMicroelectronics X-CUBE-ST67W61 1.0.0
2025-10-25 18:43:09,482 [INFO] ThirdParty:1030 - CMSIS Pack Vendor :STMicroelectronics FP-SNS-STBOX1 2.1.0
2025-10-25 18:43:09,482 [INFO] ThirdParty:1030 - CMSIS Pack Vendor :STMicroelectronics X-CUBE-AI 10.2.0
2025-10-25 18:43:09,482 [INFO] ThirdParty:1030 - CMSIS Pack Vendor :STMicroelectronics FP-SNS-STAIOTCFT 1.0.0
2025-10-25 18:43:09,482 [INFO] ThirdParty:1030 - CMSIS Pack Vendor :STMicroelectronics ThreadX 1.0.0
2025-10-25 18:43:09,482 [INFO] ThirdParty:1030 - CMSIS Pack Vendor :STMicroelectronics FP-SNS-SMARTAG2 1.2.0
2025-10-25 18:43:09,482 [INFO] ThirdParty:1030 - CMSIS Pack Vendor :STMicroelectronics FP-SNS-FLIGHT1 5.1.0
2025-10-25 18:43:09,482 [INFO] ThirdParty:1030 - CMSIS Pack Vendor :STMicroelectronics X-CUBE-AZRTOS-WL 2.0.0
2025-10-25 18:43:09,482 [INFO] ThirdParty:1030 - CMSIS Pack Vendor :SEGGER I-CUBE-embOS 1.3.1
2025-10-25 18:43:09,482 [INFO] ThirdParty:1030 - CMSIS Pack Vendor :STMicroelectronics X-CUBE-ALGOBUILD 1.4.0
2025-10-25 18:43:09,482 [INFO] ThirdParty:1030 - CMSIS Pack Vendor :STMicroelectronics X-CUBE-DPower 1.3.0
2025-10-25 18:43:09,482 [INFO] ThirdParty:1030 - CMSIS Pack Vendor :STMicroelectronics X-CUBE-MEMS1 11.3.0
2025-10-25 18:43:09,482 [INFO] ThirdParty:1030 - CMSIS Pack Vendor :STMicroelectronics FP-SNS-MOTENV1 5.0.0
2025-10-25 18:43:09,482 [INFO] ThirdParty:1030 - CMSIS Pack Vendor :STMicroelectronics USB_DEVICE 1.0.0
2025-10-25 18:43:09,482 [INFO] ThirdParty:1030 - CMSIS Pack Vendor :STMicroelectronics X-CUBE-AZRTOS-L4 2.0.0
2025-10-25 18:43:09,482 [INFO] ThirdParty:1030 - CMSIS Pack Vendor :STMicroelectronics ThreadX 0.0.2
2025-10-25 18:43:09,482 [INFO] ThirdParty:1030 - CMSIS Pack Vendor :STMicroelectronics lwIP 2.1.2
2025-10-25 18:43:09,482 [INFO] ThirdParty:1030 - CMSIS Pack Vendor :STMicroelectronics X-CUBE-SFXS2LP1 4.0.0
2025-10-25 18:43:09,482 [INFO] ThirdParty:1030 - CMSIS Pack Vendor :STMicroelectronics X-CUBE-BLE2 3.3.0
2025-10-25 18:43:09,482 [INFO] ThirdParty:1030 - CMSIS Pack Vendor :STMicroelectronics X-CUBE-TOF1 3.4.3
2025-10-25 18:43:09,482 [INFO] ThirdParty:1030 - CMSIS Pack Vendor :STMicroelectronics PDM2PCM 3.2.0
2025-10-25 18:43:09,483 [INFO] ThirdParty:841 - exiting critical section [change project]
2025-10-25 18:43:09,695 [INFO] PinOutPanel:1589 - setPackage(No Configuration,No Configuration)
2025-10-25 18:43:09,696 [INFO] PinOutPanel:1589 - setPackage(STM32L476RGTx,LQFP64)
2025-10-25 18:43:10,210 [INFO] UtilMem:75 - Before build in PCC Used Memory: 685557616 Bytes (1073741824)
2025-10-25 18:43:10,472 [INFO] UtilMem:75 - After build in PCC Used Memory: 766297968 Bytes (1073741824)
2025-10-25 18:43:10,494 [INFO] IPUIPlugin:80 - create IPUIPlugin
2025-10-25 18:43:10,494 [INFO] IPUIPlugin:80 - create IPUIPlugin
2025-10-25 18:43:10,494 [INFO] IPUIPlugin:80 - create IPUIPlugin
2025-10-25 18:43:10,494 [INFO] IPUIPlugin:80 - create IPUIPlugin
2025-10-25 18:43:10,494 [INFO] IPUIPlugin:80 - create IPUIPlugin
2025-10-25 18:43:10,494 [INFO] IPUIPlugin:80 - create IPUIPlugin
2025-10-25 18:43:10,494 [INFO] IPUIPlugin:80 - create IPUIPlugin
2025-10-25 18:43:10,494 [INFO] IPUIPlugin:80 - create IPUIPlugin
2025-10-25 18:43:10,494 [INFO] IPUIPlugin:80 - create IPUIPlugin
2025-10-25 18:43:10,494 [INFO] IPUIPlugin:80 - create IPUIPlugin
2025-10-25 18:43:10,495 [INFO] IPUIPlugin:80 - create IPUIPlugin
2025-10-25 18:43:10,495 [INFO] IPUIPlugin:80 - create IPUIPlugin
2025-10-25 18:43:10,495 [INFO] IPUIPlugin:80 - create IPUIPlugin
2025-10-25 18:43:10,495 [INFO] IPUIPlugin:80 - create IPUIPlugin
2025-10-25 18:43:10,495 [INFO] IPUIPlugin:80 - create IPUIPlugin
2025-10-25 18:43:10,495 [INFO] IPUIPlugin:80 - create IPUIPlugin
2025-10-25 18:43:10,495 [INFO] IPUIPlugin:80 - create IPUIPlugin
2025-10-25 18:43:10,495 [INFO] IPUIPlugin:80 - create IPUIPlugin
2025-10-25 18:43:10,495 [INFO] IPUIPlugin:80 - create IPUIPlugin
2025-10-25 18:43:10,495 [INFO] IPUIPlugin:80 - create IPUIPlugin
2025-10-25 18:43:10,496 [INFO] IPUIPlugin:80 - create IPUIPlugin
2025-10-25 18:43:10,496 [INFO] IPUIPlugin:80 - create IPUIPlugin
2025-10-25 18:43:10,496 [INFO] IPUIPlugin:80 - create IPUIPlugin
2025-10-25 18:43:10,496 [INFO] IPUIPlugin:80 - create IPUIPlugin
2025-10-25 18:43:10,496 [INFO] IPUIPlugin:80 - create IPUIPlugin
2025-10-25 18:43:10,496 [INFO] IPUIPlugin:80 - create IPUIPlugin
2025-10-25 18:43:10,497 [INFO] IPUIPlugin:80 - create IPUIPlugin
2025-10-25 18:43:10,497 [INFO] IPUIPlugin:80 - create IPUIPlugin
2025-10-25 18:43:10,497 [INFO] IPUIPlugin:80 - create IPUIPlugin
2025-10-25 18:43:10,497 [INFO] IPUIPlugin:80 - create IPUIPlugin
2025-10-25 18:43:10,497 [INFO] IPUIPlugin:80 - create IPUIPlugin
2025-10-25 18:43:10,497 [INFO] IPUIPlugin:80 - create IPUIPlugin
2025-10-25 18:43:10,498 [INFO] IPUIPlugin:80 - create IPUIPlugin
2025-10-25 18:43:10,498 [INFO] IPUIPlugin:80 - create IPUIPlugin
2025-10-25 18:43:10,498 [INFO] IPUIPlugin:80 - create IPUIPlugin
2025-10-25 18:43:10,498 [INFO] IPUIPlugin:80 - create IPUIPlugin
2025-10-25 18:43:10,498 [INFO] IPUIPlugin:80 - create IPUIPlugin
2025-10-25 18:43:10,498 [INFO] IPUIPlugin:80 - create IPUIPlugin
2025-10-25 18:43:10,499 [INFO] IPUIPlugin:80 - create IPUIPlugin
2025-10-25 18:43:10,499 [INFO] IPUIPlugin:80 - create IPUIPlugin
2025-10-25 18:43:10,499 [INFO] IPUIPlugin:80 - create IPUIPlugin
2025-10-25 18:43:10,499 [INFO] IPUIPlugin:80 - create IPUIPlugin
2025-10-25 18:43:10,499 [INFO] IPUIPlugin:80 - create IPUIPlugin
2025-10-25 18:43:10,499 [INFO] IPUIPlugin:80 - create IPUIPlugin
2025-10-25 18:43:10,499 [INFO] IPUIPlugin:80 - create IPUIPlugin
2025-10-25 18:43:10,500 [INFO] IPUIPlugin:80 - create IPUIPlugin
2025-10-25 18:43:10,500 [INFO] IPUIPlugin:80 - create IPUIPlugin
2025-10-25 18:43:10,500 [INFO] IPUIPlugin:80 - create IPUIPlugin
2025-10-25 18:43:10,500 [INFO] IPUIPlugin:80 - create IPUIPlugin
2025-10-25 18:43:10,500 [INFO] IPUIPlugin:80 - create IPUIPlugin
2025-10-25 18:43:10,501 [INFO] IPUIPlugin:80 - create IPUIPlugin
2025-10-25 18:43:10,501 [INFO] IPUIPlugin:80 - create IPUIPlugin
2025-10-25 18:43:10,501 [INFO] IPUIPlugin:80 - create IPUIPlugin
2025-10-25 18:43:10,501 [INFO] IPUIPlugin:80 - create IPUIPlugin
2025-10-25 18:43:10,501 [INFO] IPUIPlugin:80 - create IPUIPlugin
2025-10-25 18:43:10,502 [INFO] IPUIPlugin:80 - create IPUIPlugin
2025-10-25 18:43:10,502 [INFO] IPUIPlugin:80 - create IPUIPlugin
2025-10-25 18:43:10,502 [INFO] IPUIPlugin:80 - create IPUIPlugin
2025-10-25 18:43:10,502 [INFO] IPUIPlugin:80 - create IPUIPlugin
2025-10-25 18:43:10,550 [INFO] CADModel:165 - CPN selected for project levelSTM32L476RGT3
2025-10-25 18:43:10,550 [INFO] CADModel:114 - Register for checkConnection events
2025-10-25 18:43:10,646 [INFO] OpenFileManager:386 - Restore cursor
2025-10-25 18:43:11,372 [INFO] UtilMem:75 - End SaveConfig() Used Memory: 919148592 Bytes (1073741824)
2025-10-25 18:43:11,449 [INFO] UtilMem:75 - End SaveConfig() Used Memory: 943507312 Bytes (1073741824)
2025-10-25 18:43:11,569 [INFO] BlockDiagram:2775 - set Specific Code input for plugin: SYS
2025-10-25 18:43:11,569 [INFO] BlockDiagram:2775 - set Specific Code input for plugin: RCC
2025-10-25 18:43:11,569 [INFO] BlockDiagram:2775 - set Specific Code input for plugin: NVIC
2025-10-25 18:43:11,569 [INFO] BlockDiagram:2775 - set Specific Code input for plugin: USART
2025-10-25 18:43:11,569 [INFO] BlockDiagram:2775 - set Specific Code input for plugin: GPIO
2025-10-25 18:43:11,570 [INFO] CodeGenerator:892 - code generatio: config db path: C:\ST\STM32CubeIDE_1.19.0\STM32CubeIDE\plugins\com.st.stm32cube.common.mx_6.15.0.202507011659\\db\
2025-10-25 18:43:11,651 [INFO] CodeEngine:265 - oldGeneratedFile, D:\STM32\Lab\24-analog-temperature-sensor\MXTmpFiles\license.tmp_save
2025-10-25 18:43:11,906 [INFO] CodeEngine:289 - Generated code: D:\STM32\Lab\24-analog-temperature-sensor\MXTmpFiles\license.tmp
2025-10-25 18:43:11,938 [INFO] CodeEngine:265 - oldGeneratedFile, D:\STM32\Lab\24-analog-temperature-sensor\MXTmpFiles\gpio.tmp_save
2025-10-25 18:43:12,098 [INFO] CodeEngine:289 - Generated code: D:\STM32\Lab\24-analog-temperature-sensor\MXTmpFiles\gpio.tmp
2025-10-25 18:43:12,161 [INFO] CodeEngine:265 - oldGeneratedFile, D:\STM32\Lab\24-analog-temperature-sensor\Core\Src\stm32l4xx_it.c_save
2025-10-25 18:43:12,369 [INFO] CodeEngine:289 - Generated code: D:\STM32\Lab\24-analog-temperature-sensor\Core\Src\stm32l4xx_it.c
2025-10-25 18:43:12,373 [INFO] CodeEngine:265 - oldGeneratedFile, D:\STM32\Lab\24-analog-temperature-sensor\Core\Inc\stm32l4xx_it.h_save
2025-10-25 18:43:12,456 [INFO] CodeEngine:289 - Generated code: D:\STM32\Lab\24-analog-temperature-sensor\Core\Inc\stm32l4xx_it.h
2025-10-25 18:43:12,466 [INFO] CodeEngine:265 - oldGeneratedFile, D:\STM32\Lab\24-analog-temperature-sensor\Core\Src\stm32l4xx_hal_msp.c_save
2025-10-25 18:43:12,600 [INFO] CodeEngine:289 - Generated code: D:\STM32\Lab\24-analog-temperature-sensor\Core\Src\stm32l4xx_hal_msp.c
2025-10-25 18:43:12,604 [INFO] CodeEngine:265 - oldGeneratedFile, D:\STM32\Lab\24-analog-temperature-sensor\MXTmpFiles\system.tmp_save
2025-10-25 18:43:12,670 [INFO] CodeEngine:289 - Generated code: D:\STM32\Lab\24-analog-temperature-sensor\MXTmpFiles\system.tmp
2025-10-25 18:43:12,679 [INFO] CodeEngine:321 - oldGeneratedFile, D:\STM32\Lab\24-analog-temperature-sensor\Core\Inc\stm32l4xx_hal_conf.h_save
2025-10-25 18:43:12,748 [INFO] CodeEngine:345 - Generated code: D:\STM32\Lab\24-analog-temperature-sensor\Core\Inc\stm32l4xx_hal_conf.h
2025-10-25 18:43:12,777 [INFO] ApiDbMcu:532 - Load IP Config File for USART2
2025-10-25 18:43:12,780 [INFO] ApiDbMcu:532 - Load IP Config File for RCC
2025-10-25 18:43:12,788 [INFO] CodeEngine:265 - oldGeneratedFile, D:\STM32\Lab\24-analog-temperature-sensor\Core\Inc\main.h_save
2025-10-25 18:43:12,880 [INFO] CodeEngine:289 - Generated code: D:\STM32\Lab\24-analog-temperature-sensor\Core\Inc\main.h
2025-10-25 18:43:12,884 [INFO] CodeEngine:265 - oldGeneratedFile, D:\STM32\Lab\24-analog-temperature-sensor\Core\Src\main.c_save
2025-10-25 18:43:12,970 [INFO] CodeEngine:289 - Generated code: D:\STM32\Lab\24-analog-temperature-sensor\Core\Src\main.c
2025-10-25 18:43:13,366 [INFO] ProjectBuilder:3606 - Time for Copy HAL[1] : 248mS.
2025-10-25 18:43:13,369 [INFO] ProjectBuilder:5216 - Project Generator version: 4.7.0-B52
2025-10-25 18:43:13,435 [INFO] ConfigFileManager:1595 - The Die is : DIE415
2025-10-25 18:43:13,438 [INFO] ApiDbMcu:532 - Load IP Config File for FATFS
2025-10-25 18:43:13,442 [INFO] ApiDbMcu:532 - Load IP Config File for FREERTOS
2025-10-25 18:43:13,452 [INFO] ApiDbMcu:532 - Load IP Config File for TOUCHSENSING
2025-10-25 18:43:13,456 [INFO] ApiDbMcu:532 - Load IP Config File for USB_DEVICE
2025-10-25 18:43:13,458 [INFO] ApiDbMcu:532 - Load IP Config File for USB_HOST
2025-10-25 18:43:14,932 [INFO] ProjectBuilder:5496 - Time for Generating toolchain IDE Files: 1563mS.
2025-10-25 18:43:14,932 [INFO] ProjectBuilder:3463 - Time for Copy CMSIS : 0mS.
2025-10-25 18:43:14,935 [INFO] ProjectBuilder:3463 - Time for Copy CMSIS : 0mS.
2025-10-25 18:43:15,528 [INFO] McuFinderGlobals:76 - Set McuFinderConnectedMode to true
2025-10-25 18:43:15,532 [INFO] ApiDb:448 - Save user favorites file C:\Users\user/.stm32cubeide/favorites.mcus.txt: 0 item(s)
2025-10-25 18:43:15,532 [INFO] ApiDb:452 - User favorites MCUs=[]
2025-10-25 18:43:15,535 [INFO] ApiDb:448 - Save user favorites file C:\Users\user/.stm32cubeide/favorites.boards.txt: 1 item(s)
2025-10-25 18:43:15,535 [INFO] ApiDb:452 - User favorites Boards=[NUCLEO-L476RG]
2025-10-25 18:45:03,433 [INFO] ADCParametersView:116 -                Rank 1 : false
2025-10-25 18:45:03,522 [INFO] ADCParametersView:116 -                Rank 1 : false
2025-10-25 18:45:03,523 [INFO] ADCParametersView:116 -                Rank 1 : false
2025-10-25 18:45:03,523 [INFO] ADCParametersView:116 -                Rank 1 : false
2025-10-25 18:45:03,523 [INFO] ADCParametersView:116 -                Rank 1 : false
2025-10-25 18:45:03,523 [INFO] ADCParametersView:116 -                Rank 1 : false
2025-10-25 18:45:03,523 [INFO] ADCParametersView:116 -                Rank 1 : false
2025-10-25 18:45:03,523 [INFO] ADCParametersView:116 -                Rank 1 : false
2025-10-25 18:45:03,524 [INFO] ADCParametersView:116 -                Rank 1 : false
2025-10-25 18:45:03,524 [INFO] ADCParametersView:116 -                Rank 1 : false
2025-10-25 18:45:03,524 [INFO] ADCParametersView:116 -                Rank 1 : false
2025-10-25 18:45:03,524 [INFO] ADCParametersView:116 -                Rank 1 : false
2025-10-25 18:45:03,524 [INFO] ADCParametersView:116 -                Rank 1 : false
2025-10-25 18:45:03,524 [INFO] ADCParametersView:116 -                Rank 1 : false
2025-10-25 18:45:03,524 [INFO] ADCParametersView:116 -                Rank 1 : false
2025-10-25 18:45:03,525 [INFO] ADCParametersView:116 -                Rank 1 : false
2025-10-25 18:45:03,525 [INFO] ADCParametersView:116 -                Rank 1 : false
2025-10-25 18:45:03,525 [INFO] ADCParametersView:116 -                Rank 1 : false
2025-10-25 18:45:03,525 [INFO] ADCParametersView:116 -                Rank 1 : false
2025-10-25 18:45:03,525 [INFO] ADCParametersView:116 -                Rank 1 : false
2025-10-25 18:45:03,525 [INFO] ADCParametersView:116 -                Rank 1 : false
2025-10-25 18:45:03,536 [INFO] ADCParametersView:116 -                Rank 1 : false
2025-10-25 18:45:03,576 [INFO] NvicIntPanel:101 - NVIC parent = com.st.microxplorer.plugins.ip.nvic.MultiNvicIntPanel[,0,0,0x0,invalid,layout=javax.swing.BoxLayout,alignmentX=0.0,alignmentY=0.0,border=,flags=9,maximumSize=,minimumSize=,preferredSize=]
2025-10-25 18:45:03,718 [INFO] NvicIntPanel:101 - NVIC parent = com.st.microxplorer.plugins.ip.nvic.MultiNvicIntPanel[,0,0,0x0,invalid,layout=javax.swing.BoxLayout,alignmentX=0.0,alignmentY=0.0,border=,flags=9,maximumSize=,minimumSize=,preferredSize=]
2025-10-25 18:45:03,865 [INFO] NvicIntPanel:101 - NVIC parent = com.st.microxplorer.plugins.ip.nvic.MultiNvicIntPanel[,0,0,0x0,invalid,layout=javax.swing.BoxLayout,alignmentX=0.0,alignmentY=0.0,border=,flags=9,maximumSize=,minimumSize=,preferredSize=]
2025-10-25 18:45:04,008 [INFO] NvicIntPanel:101 - NVIC parent = com.st.microxplorer.plugins.ip.nvic.MultiNvicIntPanel[,0,0,0x0,invalid,layout=javax.swing.BoxLayout,alignmentX=0.0,alignmentY=0.0,border=,flags=9,maximumSize=,minimumSize=,preferredSize=]
2025-10-25 18:45:04,139 [INFO] NvicIntPanel:101 - NVIC parent = com.st.microxplorer.plugins.ip.nvic.MultiNvicIntPanel[,0,0,0x0,invalid,layout=javax.swing.BoxLayout,alignmentX=0.0,alignmentY=0.0,border=,flags=9,maximumSize=,minimumSize=,preferredSize=]
2025-10-25 18:45:04,225 [INFO] ADCParametersView:116 -                Rank 1 : false
2025-10-25 18:45:04,226 [INFO] ADCParametersView:116 -                Rank 1 : false
2025-10-25 18:45:04,226 [INFO] ADCParametersView:116 -                Rank 1 : false
2025-10-25 18:45:04,226 [INFO] ADCParametersView:116 -                Rank 1 : false
2025-10-25 18:45:04,226 [INFO] ADCParametersView:116 -                Rank 1 : false
2025-10-25 18:45:04,227 [INFO] ADCParametersView:116 -                Rank 1 : false
2025-10-25 18:45:04,227 [INFO] ADCParametersView:116 -                Rank 1 : false
2025-10-25 18:45:04,227 [INFO] ADCParametersView:116 -                Rank 1 : false
2025-10-25 18:45:04,228 [INFO] ADCParametersView:116 -                Rank 1 : false
2025-10-25 18:45:04,228 [INFO] ADCParametersView:116 -                Rank 1 : false
2025-10-25 18:45:04,228 [INFO] ADCParametersView:116 -                Rank 1 : false
2025-10-25 18:45:04,228 [INFO] ADCParametersView:116 -                Rank 1 : false
2025-10-25 18:45:04,228 [INFO] ADCParametersView:116 -                Rank 1 : false
2025-10-25 18:45:04,228 [INFO] ADCParametersView:116 -                Rank 1 : false
2025-10-25 18:45:04,228 [INFO] ADCParametersView:116 -                Rank 1 : false
2025-10-25 18:45:04,229 [INFO] ADCParametersView:116 -                Rank 1 : false
2025-10-25 18:45:04,229 [INFO] ADCParametersView:116 -                Rank 1 : false
2025-10-25 18:45:04,229 [INFO] ADCParametersView:116 -                Rank 1 : false
2025-10-25 18:45:04,229 [INFO] ADCParametersView:116 -                Rank 1 : false
2025-10-25 18:45:04,229 [INFO] ADCParametersView:116 -                Rank 1 : false
2025-10-25 18:45:04,264 [INFO] ADCParametersView:116 -                Rank 1 : false
2025-10-25 18:45:04,314 [INFO] ADCParametersView:116 -                Rank 1 : false
2025-10-25 18:45:04,314 [INFO] ADCParametersView:116 -                Rank 1 : false
2025-10-25 18:45:04,314 [INFO] ADCParametersView:116 -                Rank 1 : false
2025-10-25 18:45:04,315 [INFO] ADCParametersView:116 -                Rank 1 : false
2025-10-25 18:45:04,316 [INFO] ADCParametersView:116 -                Rank 1 : false
2025-10-25 18:45:04,316 [INFO] ADCParametersView:116 -                Rank 1 : false
2025-10-25 18:45:04,316 [INFO] ADCParametersView:116 -                Rank 1 : false
2025-10-25 18:45:04,316 [INFO] ADCParametersView:116 -                Rank 1 : false
2025-10-25 18:45:04,316 [INFO] ADCParametersView:116 -                Rank 1 : false
2025-10-25 18:45:04,316 [INFO] ADCParametersView:116 -                Rank 1 : false
2025-10-25 18:45:04,316 [INFO] ADCParametersView:116 -                Rank 1 : false
2025-10-25 18:45:04,316 [INFO] ADCParametersView:116 -                Rank 1 : false
2025-10-25 18:45:04,316 [INFO] ADCParametersView:116 -                Rank 1 : false
2025-10-25 18:45:04,316 [INFO] ADCParametersView:116 -                Rank 1 : false
2025-10-25 18:45:04,316 [INFO] ADCParametersView:116 -                Rank 1 : false
2025-10-25 18:45:04,317 [INFO] ADCParametersView:116 -                Rank 1 : false
2025-10-25 18:45:04,317 [INFO] ADCParametersView:116 -                Rank 1 : false
2025-10-25 18:45:04,317 [INFO] ADCParametersView:116 -                Rank 1 : false
2025-10-25 18:45:04,317 [INFO] ADCParametersView:116 -                Rank 1 : false
2025-10-25 18:45:04,317 [INFO] ADCParametersView:116 -                Rank 1 : false
2025-10-25 18:45:04,356 [INFO] ADCParametersView:116 -                Rank 1 : false
2025-10-25 18:45:04,385 [INFO] NvicIntPanel:101 - NVIC parent = com.st.microxplorer.plugins.ip.nvic.MultiNvicIntPanel[,0,0,0x0,invalid,layout=javax.swing.BoxLayout,alignmentX=0.0,alignmentY=0.0,border=,flags=9,maximumSize=,minimumSize=,preferredSize=]
2025-10-25 18:45:12,327 [INFO] ADCParametersView:116 -                Rank 1 : false
2025-10-25 18:45:12,327 [INFO] ADCParametersView:116 -                Rank 1 : false
2025-10-25 18:45:12,327 [INFO] ADCParametersView:116 -                Rank 1 : false
2025-10-25 18:45:12,327 [INFO] ADCParametersView:116 -                Rank 1 : false
2025-10-25 18:45:12,328 [INFO] ADCParametersView:116 -                Rank 1 : false
2025-10-25 18:45:12,328 [INFO] ADCParametersView:116 -                Rank 1 : false
2025-10-25 18:45:12,328 [INFO] ADCParametersView:116 -                Rank 1 : false
2025-10-25 18:45:12,328 [INFO] ADCParametersView:116 -                Rank 1 : false
2025-10-25 18:45:12,328 [INFO] ADCParametersView:116 -                Rank 1 : false
2025-10-25 18:45:12,328 [INFO] ADCParametersView:116 -                Rank 1 : false
2025-10-25 18:45:12,328 [INFO] ADCParametersView:116 -                Rank 1 : false
2025-10-25 18:45:12,328 [INFO] ADCParametersView:116 -                Rank 1 : false
2025-10-25 18:45:12,328 [INFO] ADCParametersView:116 -                Rank 1 : false
2025-10-25 18:45:12,328 [INFO] ADCParametersView:116 -                Rank 1 : false
2025-10-25 18:45:12,328 [INFO] ADCParametersView:116 -                Rank 1 : false
2025-10-25 18:45:12,328 [INFO] ADCParametersView:116 -                Rank 1 : false
2025-10-25 18:45:12,328 [INFO] ADCParametersView:116 -                Rank 1 : false
2025-10-25 18:45:12,328 [INFO] ADCParametersView:116 -                Rank 1 : false
2025-10-25 18:45:12,328 [INFO] ADCParametersView:116 -                Rank 1 : false
2025-10-25 18:45:12,328 [INFO] ADCParametersView:116 -                Rank 1 : false
2025-10-25 18:45:12,360 [INFO] ADCParametersView:116 -                Rank 1 : false
2025-10-25 18:45:21,101 [INFO] ADCParametersView:116 -                Rank 1 : false
2025-10-25 18:45:21,108 [INFO] ADCParametersView:116 -                Rank 1 : false
2025-10-25 18:45:21,108 [INFO] ADCParametersView:116 -                Rank 1 : false
2025-10-25 18:45:21,108 [INFO] ADCParametersView:116 -                Rank 1 : false
2025-10-25 18:45:21,108 [INFO] ADCParametersView:116 -                Rank 1 : false
2025-10-25 18:45:21,108 [INFO] ADCParametersView:116 -                Rank 1 : false
2025-10-25 18:45:21,108 [INFO] ADCParametersView:116 -                Rank 1 : false
2025-10-25 18:45:21,108 [INFO] ADCParametersView:116 -                Rank 1 : false
2025-10-25 18:45:21,108 [INFO] ADCParametersView:116 -                Rank 1 : false
2025-10-25 18:45:21,109 [INFO] ADCParametersView:116 -                Rank 1 : false
2025-10-25 18:45:21,109 [INFO] ADCParametersView:116 -                Rank 1 : false
2025-10-25 18:45:21,109 [INFO] ADCParametersView:116 -                Rank 1 : false
2025-10-25 18:45:21,109 [INFO] ADCParametersView:116 -                Rank 1 : false
2025-10-25 18:45:21,109 [INFO] ADCParametersView:116 -                Rank 1 : false
2025-10-25 18:45:21,109 [INFO] ADCParametersView:116 -                Rank 1 : false
2025-10-25 18:45:21,109 [INFO] ADCParametersView:116 -                Rank 1 : false
2025-10-25 18:45:21,109 [INFO] ADCParametersView:116 -                Rank 1 : false
2025-10-25 18:45:21,109 [INFO] ADCParametersView:116 -                Rank 1 : false
2025-10-25 18:45:21,109 [INFO] ADCParametersView:116 -                Rank 1 : false
2025-10-25 18:45:21,109 [INFO] ADCParametersView:116 -                Rank 1 : false
2025-10-25 18:45:21,117 [INFO] ADCParametersView:116 -                Rank 1 : false
2025-10-25 18:45:21,136 [INFO] ADCParametersView:116 -                Rank 1 : false
2025-10-25 18:45:21,137 [INFO] ADCParametersView:116 -                Rank 1 : false
2025-10-25 18:45:21,137 [INFO] ADCParametersView:116 -                Rank 1 : false
2025-10-25 18:45:21,137 [INFO] ADCParametersView:116 -                Rank 1 : false
2025-10-25 18:45:21,137 [INFO] ADCParametersView:116 -                Rank 1 : false
2025-10-25 18:45:21,138 [INFO] ADCParametersView:116 -                Rank 1 : false
2025-10-25 18:45:21,138 [INFO] ADCParametersView:116 -                Rank 1 : false
2025-10-25 18:45:21,138 [INFO] ADCParametersView:116 -                Rank 1 : false
2025-10-25 18:45:21,138 [INFO] ADCParametersView:116 -                Rank 1 : false
2025-10-25 18:45:21,138 [INFO] ADCParametersView:116 -                Rank 1 : false
2025-10-25 18:45:21,138 [INFO] ADCParametersView:116 -                Rank 1 : false
2025-10-25 18:45:21,138 [INFO] ADCParametersView:116 -                Rank 1 : false
2025-10-25 18:45:21,138 [INFO] ADCParametersView:116 -                Rank 1 : false
2025-10-25 18:45:21,139 [INFO] ADCParametersView:116 -                Rank 1 : false
2025-10-25 18:45:21,139 [INFO] ADCParametersView:116 -                Rank 1 : false
2025-10-25 18:45:21,139 [INFO] ADCParametersView:116 -                Rank 1 : false
2025-10-25 18:45:21,139 [INFO] ADCParametersView:116 -                Rank 1 : false
2025-10-25 18:45:21,139 [INFO] ADCParametersView:116 -                Rank 1 : false
2025-10-25 18:45:21,139 [INFO] ADCParametersView:116 -                Rank 1 : false
2025-10-25 18:45:21,139 [INFO] ADCParametersView:116 -                Rank 1 : false
2025-10-25 18:45:21,150 [INFO] ADCParametersView:116 -                Rank 1 : false
2025-10-25 18:45:21,198 [INFO] ADCParametersView:116 -                Rank 1 : false
2025-10-25 18:45:21,199 [INFO] ADCParametersView:116 -                Rank 1 : false
2025-10-25 18:45:21,199 [INFO] ADCParametersView:116 -                Rank 1 : false
2025-10-25 18:45:21,199 [INFO] ADCParametersView:116 -                Rank 1 : false
2025-10-25 18:45:21,200 [INFO] ADCParametersView:116 -                Rank 1 : false
2025-10-25 18:45:21,200 [INFO] ADCParametersView:116 -                Rank 1 : false
2025-10-25 18:45:21,200 [INFO] ADCParametersView:116 -                Rank 1 : false
2025-10-25 18:45:21,200 [INFO] ADCParametersView:116 -                Rank 1 : false
2025-10-25 18:45:21,200 [INFO] ADCParametersView:116 -                Rank 1 : false
2025-10-25 18:45:21,200 [INFO] ADCParametersView:116 -                Rank 1 : false
2025-10-25 18:45:21,200 [INFO] ADCParametersView:116 -                Rank 1 : false
2025-10-25 18:45:21,200 [INFO] ADCParametersView:116 -                Rank 1 : false
2025-10-25 18:45:21,200 [INFO] ADCParametersView:116 -                Rank 1 : false
2025-10-25 18:45:21,200 [INFO] ADCParametersView:116 -                Rank 1 : false
2025-10-25 18:45:21,200 [INFO] ADCParametersView:116 -                Rank 1 : false
2025-10-25 18:45:21,200 [INFO] ADCParametersView:116 -                Rank 1 : false
2025-10-25 18:45:21,200 [INFO] ADCParametersView:116 -                Rank 1 : false
2025-10-25 18:45:21,200 [INFO] ADCParametersView:116 -                Rank 1 : false
2025-10-25 18:45:21,200 [INFO] ADCParametersView:116 -                Rank 1 : false
2025-10-25 18:45:21,200 [INFO] ADCParametersView:116 -                Rank 1 : false
2025-10-25 18:45:21,234 [INFO] ADCParametersView:116 -                Rank 1 : false
2025-10-25 18:45:36,731 [INFO] ADCParametersView:116 -                Rank 1 : false
2025-10-25 18:45:36,732 [INFO] ADCParametersView:116 -                Rank 1 : false
2025-10-25 18:45:36,733 [INFO] ADCParametersView:116 -                Rank 1 : false
2025-10-25 18:45:36,733 [INFO] ADCParametersView:116 -                Rank 1 : false
2025-10-25 18:45:36,733 [INFO] ADCParametersView:116 -                Rank 1 : false
2025-10-25 18:45:36,733 [INFO] ADCParametersView:116 -                Rank 1 : false
2025-10-25 18:45:36,733 [INFO] ADCParametersView:116 -                Rank 1 : false
2025-10-25 18:45:36,733 [INFO] ADCParametersView:116 -                Rank 1 : false
2025-10-25 18:45:36,733 [INFO] ADCParametersView:116 -                Rank 1 : false
2025-10-25 18:45:36,733 [INFO] ADCParametersView:116 -                Rank 1 : false
2025-10-25 18:45:36,733 [INFO] ADCParametersView:116 -                Rank 1 : false
2025-10-25 18:45:36,733 [INFO] ADCParametersView:116 -                Rank 1 : false
2025-10-25 18:45:36,733 [INFO] ADCParametersView:116 -                Rank 1 : false
2025-10-25 18:45:36,733 [INFO] ADCParametersView:116 -                Rank 1 : false
2025-10-25 18:45:36,733 [INFO] ADCParametersView:116 -                Rank 1 : false
2025-10-25 18:45:36,733 [INFO] ADCParametersView:116 -                Rank 1 : false
2025-10-25 18:45:36,733 [INFO] ADCParametersView:116 -                Rank 1 : false
2025-10-25 18:45:36,733 [INFO] ADCParametersView:116 -                Rank 1 : false
2025-10-25 18:45:36,733 [INFO] ADCParametersView:116 -                Rank 1 : false
2025-10-25 18:45:36,733 [INFO] ADCParametersView:116 -                Rank 1 : false
2025-10-25 18:45:36,762 [INFO] ADCParametersView:116 -                Rank 1 : false
2025-10-25 18:45:36,797 [INFO] ADCParametersView:116 -                Rank 1 : false
2025-10-25 18:45:36,798 [INFO] ADCParametersView:116 -                Rank 1 : false
2025-10-25 18:45:36,798 [INFO] ADCParametersView:116 -                Rank 1 : false
2025-10-25 18:45:36,798 [INFO] ADCParametersView:116 -                Rank 1 : false
2025-10-25 18:45:36,798 [INFO] ADCParametersView:116 -                Rank 1 : false
2025-10-25 18:45:36,798 [INFO] ADCParametersView:116 -                Rank 1 : false
2025-10-25 18:45:36,798 [INFO] ADCParametersView:116 -                Rank 1 : false
2025-10-25 18:45:36,798 [INFO] ADCParametersView:116 -                Rank 1 : false
2025-10-25 18:45:36,798 [INFO] ADCParametersView:116 -                Rank 1 : false
2025-10-25 18:45:36,798 [INFO] ADCParametersView:116 -                Rank 1 : false
2025-10-25 18:45:36,798 [INFO] ADCParametersView:116 -                Rank 1 : false
2025-10-25 18:45:36,798 [INFO] ADCParametersView:116 -                Rank 1 : false
2025-10-25 18:45:36,798 [INFO] ADCParametersView:116 -                Rank 1 : false
2025-10-25 18:45:36,799 [INFO] ADCParametersView:116 -                Rank 1 : false
2025-10-25 18:45:36,799 [INFO] ADCParametersView:116 -                Rank 1 : false
2025-10-25 18:45:36,799 [INFO] ADCParametersView:116 -                Rank 1 : false
2025-10-25 18:45:36,799 [INFO] ADCParametersView:116 -                Rank 1 : false
2025-10-25 18:45:36,799 [INFO] ADCParametersView:116 -                Rank 1 : false
2025-10-25 18:45:36,799 [INFO] ADCParametersView:116 -                Rank 1 : false
2025-10-25 18:45:36,799 [INFO] ADCParametersView:116 -                Rank 1 : false
2025-10-25 18:45:36,826 [INFO] ADCParametersView:116 -                Rank 1 : false
2025-10-25 18:45:36,939 [INFO] ADCParametersView:116 -                Rank 1 : false
2025-10-25 18:45:36,940 [INFO] ADCParametersView:116 -                Rank 1 : false
2025-10-25 18:45:36,940 [INFO] ADCParametersView:116 -                Rank 1 : false
2025-10-25 18:45:36,940 [INFO] ADCParametersView:116 -                Rank 1 : false
2025-10-25 18:45:36,940 [INFO] ADCParametersView:116 -                Rank 1 : false
2025-10-25 18:45:36,941 [INFO] ADCParametersView:116 -                Rank 1 : false
2025-10-25 18:45:36,941 [INFO] ADCParametersView:116 -                Rank 1 : false
2025-10-25 18:45:36,941 [INFO] ADCParametersView:116 -                Rank 1 : false
2025-10-25 18:45:36,941 [INFO] ADCParametersView:116 -                Rank 1 : false
2025-10-25 18:45:36,941 [INFO] ADCParametersView:116 -                Rank 1 : false
2025-10-25 18:45:36,941 [INFO] ADCParametersView:116 -                Rank 1 : false
2025-10-25 18:45:36,941 [INFO] ADCParametersView:116 -                Rank 1 : false
2025-10-25 18:45:36,941 [INFO] ADCParametersView:116 -                Rank 1 : false
2025-10-25 18:45:36,941 [INFO] ADCParametersView:116 -                Rank 1 : false
2025-10-25 18:45:36,941 [INFO] ADCParametersView:116 -                Rank 1 : false
2025-10-25 18:45:36,941 [INFO] ADCParametersView:116 -                Rank 1 : false
2025-10-25 18:45:36,941 [INFO] ADCParametersView:116 -                Rank 1 : false
2025-10-25 18:45:36,941 [INFO] ADCParametersView:116 -                Rank 1 : false
2025-10-25 18:45:36,942 [INFO] ADCParametersView:116 -                Rank 1 : false
2025-10-25 18:45:36,942 [INFO] ADCParametersView:116 -                Rank 1 : false
2025-10-25 18:45:36,975 [INFO] ADCParametersView:116 -                Rank 1 : false
2025-10-25 18:45:37,013 [INFO] ADCParametersView:116 -                Rank 1 : false
2025-10-25 18:45:37,014 [INFO] ADCParametersView:116 -                Rank 1 : false
2025-10-25 18:45:37,014 [INFO] ADCParametersView:116 -                Rank 1 : false
2025-10-25 18:45:37,014 [INFO] ADCParametersView:116 -                Rank 1 : false
2025-10-25 18:45:37,014 [INFO] ADCParametersView:116 -                Rank 1 : false
2025-10-25 18:45:37,014 [INFO] ADCParametersView:116 -                Rank 1 : false
2025-10-25 18:45:37,014 [INFO] ADCParametersView:116 -                Rank 1 : false
2025-10-25 18:45:37,014 [INFO] ADCParametersView:116 -                Rank 1 : false
2025-10-25 18:45:37,014 [INFO] ADCParametersView:116 -                Rank 1 : false
2025-10-25 18:45:37,014 [INFO] ADCParametersView:116 -                Rank 1 : false
2025-10-25 18:45:37,014 [INFO] ADCParametersView:116 -                Rank 1 : false
2025-10-25 18:45:37,014 [INFO] ADCParametersView:116 -                Rank 1 : false
2025-10-25 18:45:37,014 [INFO] ADCParametersView:116 -                Rank 1 : false
2025-10-25 18:45:37,014 [INFO] ADCParametersView:116 -                Rank 1 : false
2025-10-25 18:45:37,014 [INFO] ADCParametersView:116 -                Rank 1 : false
2025-10-25 18:45:37,015 [INFO] ADCParametersView:116 -                Rank 1 : false
2025-10-25 18:45:37,015 [INFO] ADCParametersView:116 -                Rank 1 : false
2025-10-25 18:45:37,015 [INFO] ADCParametersView:116 -                Rank 1 : false
2025-10-25 18:45:37,015 [INFO] ADCParametersView:116 -                Rank 1 : false
2025-10-25 18:45:37,015 [INFO] ADCParametersView:116 -                Rank 1 : false
2025-10-25 18:45:37,042 [INFO] ADCParametersView:116 -                Rank 1 : false
2025-10-25 18:45:40,914 [INFO] ADCParametersView:116 -                Rank 1 : false
2025-10-25 18:45:40,914 [INFO] ADCParametersView:116 -                Rank 1 : false
2025-10-25 18:45:40,914 [INFO] ADCParametersView:116 -                Rank 1 : false
2025-10-25 18:45:40,914 [INFO] ADCParametersView:116 -                Rank 1 : false
2025-10-25 18:45:40,914 [INFO] ADCParametersView:116 -                Rank 1 : false
2025-10-25 18:45:40,915 [INFO] ADCParametersView:116 -                Rank 1 : false
2025-10-25 18:45:40,915 [INFO] ADCParametersView:116 -                Rank 1 : false
2025-10-25 18:45:40,915 [INFO] ADCParametersView:116 -                Rank 1 : false
2025-10-25 18:45:40,915 [INFO] ADCParametersView:116 -                Rank 1 : false
2025-10-25 18:45:40,915 [INFO] ADCParametersView:116 -                Rank 1 : false
2025-10-25 18:45:40,915 [INFO] ADCParametersView:116 -                Rank 1 : false
2025-10-25 18:45:40,915 [INFO] ADCParametersView:116 -                Rank 1 : false
2025-10-25 18:45:40,915 [INFO] ADCParametersView:116 -                Rank 1 : false
2025-10-25 18:45:40,915 [INFO] ADCParametersView:116 -                Rank 1 : false
2025-10-25 18:45:40,915 [INFO] ADCParametersView:116 -                Rank 1 : false
2025-10-25 18:45:40,915 [INFO] ADCParametersView:116 -                Rank 1 : false
2025-10-25 18:45:40,915 [INFO] ADCParametersView:116 -                Rank 1 : false
2025-10-25 18:45:40,915 [INFO] ADCParametersView:116 -                Rank 1 : false
2025-10-25 18:45:40,915 [INFO] ADCParametersView:116 -                Rank 1 : false
2025-10-25 18:45:40,915 [INFO] ADCParametersView:116 -                Rank 1 : false
2025-10-25 18:45:40,948 [INFO] ADCParametersView:116 -                Rank 1 : false
2025-10-25 18:45:40,986 [INFO] ADCParametersView:116 -                Rank 1 : false
2025-10-25 18:45:40,986 [INFO] ADCParametersView:116 -                Rank 1 : false
2025-10-25 18:45:40,986 [INFO] ADCParametersView:116 -                Rank 1 : false
2025-10-25 18:45:40,987 [INFO] ADCParametersView:116 -                Rank 1 : false
2025-10-25 18:45:40,987 [INFO] ADCParametersView:116 -                Rank 1 : false
2025-10-25 18:45:40,987 [INFO] ADCParametersView:116 -                Rank 1 : false
2025-10-25 18:45:40,987 [INFO] ADCParametersView:116 -                Rank 1 : false
2025-10-25 18:45:40,987 [INFO] ADCParametersView:116 -                Rank 1 : false
2025-10-25 18:45:40,987 [INFO] ADCParametersView:116 -                Rank 1 : false
2025-10-25 18:45:40,987 [INFO] ADCParametersView:116 -                Rank 1 : false
2025-10-25 18:45:40,987 [INFO] ADCParametersView:116 -                Rank 1 : false
2025-10-25 18:45:40,987 [INFO] ADCParametersView:116 -                Rank 1 : false
2025-10-25 18:45:40,987 [INFO] ADCParametersView:116 -                Rank 1 : false
2025-10-25 18:45:40,987 [INFO] ADCParametersView:116 -                Rank 1 : false
2025-10-25 18:45:40,987 [INFO] ADCParametersView:116 -                Rank 1 : false
2025-10-25 18:45:40,987 [INFO] ADCParametersView:116 -                Rank 1 : false
2025-10-25 18:45:40,987 [INFO] ADCParametersView:116 -                Rank 1 : false
2025-10-25 18:45:40,988 [INFO] ADCParametersView:116 -                Rank 1 : false
2025-10-25 18:45:40,988 [INFO] ADCParametersView:116 -                Rank 1 : false
2025-10-25 18:45:40,988 [INFO] ADCParametersView:116 -                Rank 1 : false
2025-10-25 18:45:41,020 [INFO] ADCParametersView:116 -                Rank 1 : false
2025-10-25 18:45:41,155 [INFO] ADCParametersView:116 -                Rank 1 : false
2025-10-25 18:45:41,156 [INFO] ADCParametersView:116 -                Rank 1 : false
2025-10-25 18:45:41,156 [INFO] ADCParametersView:116 -                Rank 1 : false
2025-10-25 18:45:41,156 [INFO] ADCParametersView:116 -                Rank 1 : false
2025-10-25 18:45:41,156 [INFO] ADCParametersView:116 -                Rank 1 : false
2025-10-25 18:45:41,156 [INFO] ADCParametersView:116 -                Rank 1 : false
2025-10-25 18:45:41,156 [INFO] ADCParametersView:116 -                Rank 1 : false
2025-10-25 18:45:41,156 [INFO] ADCParametersView:116 -                Rank 1 : false
2025-10-25 18:45:41,156 [INFO] ADCParametersView:116 -                Rank 1 : false
2025-10-25 18:45:41,156 [INFO] ADCParametersView:116 -                Rank 1 : false
2025-10-25 18:45:41,156 [INFO] ADCParametersView:116 -                Rank 1 : false
2025-10-25 18:45:41,156 [INFO] ADCParametersView:116 -                Rank 1 : false
2025-10-25 18:45:41,156 [INFO] ADCParametersView:116 -                Rank 1 : false
2025-10-25 18:45:41,156 [INFO] ADCParametersView:116 -                Rank 1 : false
2025-10-25 18:45:41,156 [INFO] ADCParametersView:116 -                Rank 1 : false
2025-10-25 18:45:41,157 [INFO] ADCParametersView:116 -                Rank 1 : false
2025-10-25 18:45:41,157 [INFO] ADCParametersView:116 -                Rank 1 : false
2025-10-25 18:45:41,157 [INFO] ADCParametersView:116 -                Rank 1 : false
2025-10-25 18:45:41,157 [INFO] ADCParametersView:116 -                Rank 1 : false
2025-10-25 18:45:41,157 [INFO] ADCParametersView:116 -                Rank 1 : false
2025-10-25 18:45:41,186 [INFO] ADCParametersView:116 -                Rank 1 : false
2025-10-25 18:45:41,228 [INFO] ADCParametersView:116 -                Rank 1 : false
2025-10-25 18:45:41,229 [INFO] ADCParametersView:116 -                Rank 1 : false
2025-10-25 18:45:41,229 [INFO] ADCParametersView:116 -                Rank 1 : false
2025-10-25 18:45:41,229 [INFO] ADCParametersView:116 -                Rank 1 : false
2025-10-25 18:45:41,229 [INFO] ADCParametersView:116 -                Rank 1 : false
2025-10-25 18:45:41,229 [INFO] ADCParametersView:116 -                Rank 1 : false
2025-10-25 18:45:41,229 [INFO] ADCParametersView:116 -                Rank 1 : false
2025-10-25 18:45:41,229 [INFO] ADCParametersView:116 -                Rank 1 : false
2025-10-25 18:45:41,229 [INFO] ADCParametersView:116 -                Rank 1 : false
2025-10-25 18:45:41,229 [INFO] ADCParametersView:116 -                Rank 1 : false
2025-10-25 18:45:41,229 [INFO] ADCParametersView:116 -                Rank 1 : false
2025-10-25 18:45:41,229 [INFO] ADCParametersView:116 -                Rank 1 : false
2025-10-25 18:45:41,229 [INFO] ADCParametersView:116 -                Rank 1 : false
2025-10-25 18:45:41,229 [INFO] ADCParametersView:116 -                Rank 1 : false
2025-10-25 18:45:41,229 [INFO] ADCParametersView:116 -                Rank 1 : false
2025-10-25 18:45:41,229 [INFO] ADCParametersView:116 -                Rank 1 : false
2025-10-25 18:45:41,230 [INFO] ADCParametersView:116 -                Rank 1 : false
2025-10-25 18:45:41,230 [INFO] ADCParametersView:116 -                Rank 1 : false
2025-10-25 18:45:41,230 [INFO] ADCParametersView:116 -                Rank 1 : false
2025-10-25 18:45:41,230 [INFO] ADCParametersView:116 -                Rank 1 : false
2025-10-25 18:45:41,258 [INFO] ADCParametersView:116 -                Rank 1 : false
2025-10-25 18:45:58,432 [INFO] ADCParametersView:116 -                Rank 1 : false
2025-10-25 18:45:58,432 [INFO] ADCParametersView:116 -                Rank 1 : false
2025-10-25 18:45:58,432 [INFO] ADCParametersView:116 -                Rank 1 : false
2025-10-25 18:45:58,432 [INFO] ADCParametersView:116 -                Rank 1 : false
2025-10-25 18:45:58,432 [INFO] ADCParametersView:116 -                Rank 1 : false
2025-10-25 18:45:58,432 [INFO] ADCParametersView:116 -                Rank 1 : false
2025-10-25 18:45:58,432 [INFO] ADCParametersView:116 -                Rank 1 : false
2025-10-25 18:45:58,432 [INFO] ADCParametersView:116 -                Rank 1 : false
2025-10-25 18:45:58,432 [INFO] ADCParametersView:116 -                Rank 1 : false
2025-10-25 18:45:58,433 [INFO] ADCParametersView:116 -                Rank 1 : false
2025-10-25 18:45:58,433 [INFO] ADCParametersView:116 -                Rank 1 : false
2025-10-25 18:45:58,433 [INFO] ADCParametersView:116 -                Rank 1 : false
2025-10-25 18:45:58,433 [INFO] ADCParametersView:116 -                Rank 1 : false
2025-10-25 18:45:58,433 [INFO] ADCParametersView:116 -                Rank 1 : false
2025-10-25 18:45:58,433 [INFO] ADCParametersView:116 -                Rank 1 : false
2025-10-25 18:45:58,433 [INFO] ADCParametersView:116 -                Rank 1 : false
2025-10-25 18:45:58,433 [INFO] ADCParametersView:116 -                Rank 1 : false
2025-10-25 18:45:58,433 [INFO] ADCParametersView:116 -                Rank 1 : false
2025-10-25 18:45:58,433 [INFO] ADCParametersView:116 -                Rank 1 : false
2025-10-25 18:45:58,433 [INFO] ADCParametersView:116 -                Rank 1 : false
2025-10-25 18:45:58,461 [INFO] ADCParametersView:116 -                Rank 1 : false
2025-10-25 18:45:58,497 [INFO] ADCParametersView:116 -                Rank 1 : false
2025-10-25 18:45:58,499 [INFO] ADCParametersView:116 -                Rank 1 : false
2025-10-25 18:45:58,499 [INFO] ADCParametersView:116 -                Rank 1 : false
2025-10-25 18:45:58,499 [INFO] ADCParametersView:116 -                Rank 1 : false
2025-10-25 18:45:58,499 [INFO] ADCParametersView:116 -                Rank 1 : false
2025-10-25 18:45:58,499 [INFO] ADCParametersView:116 -                Rank 1 : false
2025-10-25 18:45:58,499 [INFO] ADCParametersView:116 -                Rank 1 : false
2025-10-25 18:45:58,499 [INFO] ADCParametersView:116 -                Rank 1 : false
2025-10-25 18:45:58,499 [INFO] ADCParametersView:116 -                Rank 1 : false
2025-10-25 18:45:58,499 [INFO] ADCParametersView:116 -                Rank 1 : false
2025-10-25 18:45:58,499 [INFO] ADCParametersView:116 -                Rank 1 : false
2025-10-25 18:45:58,499 [INFO] ADCParametersView:116 -                Rank 1 : false
2025-10-25 18:45:58,499 [INFO] ADCParametersView:116 -                Rank 1 : false
2025-10-25 18:45:58,499 [INFO] ADCParametersView:116 -                Rank 1 : false
2025-10-25 18:45:58,499 [INFO] ADCParametersView:116 -                Rank 1 : false
2025-10-25 18:45:58,499 [INFO] ADCParametersView:116 -                Rank 1 : false
2025-10-25 18:45:58,499 [INFO] ADCParametersView:116 -                Rank 1 : false
2025-10-25 18:45:58,500 [INFO] ADCParametersView:116 -                Rank 1 : false
2025-10-25 18:45:58,500 [INFO] ADCParametersView:116 -                Rank 1 : false
2025-10-25 18:45:58,500 [INFO] ADCParametersView:116 -                Rank 1 : false
2025-10-25 18:45:58,528 [INFO] ADCParametersView:116 -                Rank 1 : false
2025-10-25 18:46:11,542 [INFO] UtilMem:75 - End SaveConfig() Used Memory: 908031552 Bytes (1073741824)
2025-10-25 18:46:13,510 [INFO] UtilMem:75 - End SaveConfig() Used Memory: 995069296 Bytes (1073741824)
2025-10-25 18:46:14,064 [INFO] BlockDiagram:2775 - set Specific Code input for plugin: SYS
2025-10-25 18:46:14,064 [INFO] BlockDiagram:2775 - set Specific Code input for plugin: ADC
2025-10-25 18:46:14,064 [INFO] BlockDiagram:2775 - set Specific Code input for plugin: RCC
2025-10-25 18:46:14,064 [INFO] BlockDiagram:2775 - set Specific Code input for plugin: NVIC
2025-10-25 18:46:14,064 [INFO] BlockDiagram:2775 - set Specific Code input for plugin: GPIO
2025-10-25 18:46:14,065 [INFO] CodeGenerator:892 - code generatio: config db path: C:\ST\STM32CubeIDE_1.19.0\STM32CubeIDE\plugins\com.st.stm32cube.common.mx_6.15.0.202507011659\\db\
2025-10-25 18:46:14,275 [INFO] CodeEngine:265 - oldGeneratedFile, D:\STM32\Lab\24-analog-temperature-sensor\MXTmpFiles\license.tmp_save
2025-10-25 18:46:14,446 [INFO] CodeEngine:289 - Generated code: D:\STM32\Lab\24-analog-temperature-sensor\MXTmpFiles\license.tmp
2025-10-25 18:46:14,494 [INFO] CodeEngine:265 - oldGeneratedFile, D:\STM32\Lab\24-analog-temperature-sensor\MXTmpFiles\gpio.tmp_save
2025-10-25 18:46:14,603 [INFO] CodeEngine:289 - Generated code: D:\STM32\Lab\24-analog-temperature-sensor\MXTmpFiles\gpio.tmp
2025-10-25 18:46:14,709 [INFO] CodeEngine:265 - oldGeneratedFile, D:\STM32\Lab\24-analog-temperature-sensor\Core\Src\stm32l4xx_it.c_save
2025-10-25 18:46:14,798 [INFO] CodeEngine:289 - Generated code: D:\STM32\Lab\24-analog-temperature-sensor\Core\Src\stm32l4xx_it.c
2025-10-25 18:46:14,803 [INFO] CodeEngine:265 - oldGeneratedFile, D:\STM32\Lab\24-analog-temperature-sensor\Core\Inc\stm32l4xx_it.h_save
2025-10-25 18:46:14,884 [INFO] CodeEngine:289 - Generated code: D:\STM32\Lab\24-analog-temperature-sensor\Core\Inc\stm32l4xx_it.h
2025-10-25 18:46:14,894 [INFO] CodeEngine:265 - oldGeneratedFile, D:\STM32\Lab\24-analog-temperature-sensor\Core\Src\stm32l4xx_hal_msp.c_save
2025-10-25 18:46:15,016 [INFO] CodeEngine:289 - Generated code: D:\STM32\Lab\24-analog-temperature-sensor\Core\Src\stm32l4xx_hal_msp.c
2025-10-25 18:46:15,020 [INFO] CodeEngine:265 - oldGeneratedFile, D:\STM32\Lab\24-analog-temperature-sensor\MXTmpFiles\system.tmp_save
2025-10-25 18:46:15,090 [INFO] CodeEngine:289 - Generated code: D:\STM32\Lab\24-analog-temperature-sensor\MXTmpFiles\system.tmp
2025-10-25 18:46:15,099 [INFO] CodeEngine:321 - oldGeneratedFile, D:\STM32\Lab\24-analog-temperature-sensor\Core\Inc\stm32l4xx_hal_conf.h_save
2025-10-25 18:46:15,170 [INFO] CodeEngine:345 - Generated code: D:\STM32\Lab\24-analog-temperature-sensor\Core\Inc\stm32l4xx_hal_conf.h
2025-10-25 18:46:15,198 [INFO] ApiDbMcu:532 - Load IP Config File for ADC1
2025-10-25 18:46:15,206 [INFO] CodeEngine:265 - oldGeneratedFile, D:\STM32\Lab\24-analog-temperature-sensor\Core\Inc\main.h_save
2025-10-25 18:46:15,271 [INFO] CodeEngine:289 - Generated code: D:\STM32\Lab\24-analog-temperature-sensor\Core\Inc\main.h
2025-10-25 18:46:15,276 [INFO] CodeEngine:265 - oldGeneratedFile, D:\STM32\Lab\24-analog-temperature-sensor\Core\Src\main.c_save
2025-10-25 18:46:15,370 [INFO] CodeEngine:289 - Generated code: D:\STM32\Lab\24-analog-temperature-sensor\Core\Src\main.c
2025-10-25 18:46:15,660 [INFO] ProjectBuilder:3606 - Time for Copy HAL[1] : 145mS.
2025-10-25 18:46:15,663 [INFO] ProjectBuilder:5216 - Project Generator version: 4.7.0-B52
2025-10-25 18:46:15,731 [INFO] ConfigFileManager:1595 - The Die is : DIE415
2025-10-25 18:46:16,429 [INFO] ProjectBuilder:5496 - Time for Generating toolchain IDE Files: 766mS.
2025-10-25 18:46:16,429 [INFO] ProjectBuilder:3463 - Time for Copy CMSIS : 0mS.
2025-10-25 18:46:16,431 [INFO] ProjectBuilder:3463 - Time for Copy CMSIS : 0mS.
2025-10-25 18:54:08,362 [INFO] ADCParametersView:116 -                Rank 1 : false
2025-10-25 18:54:08,363 [INFO] ADCParametersView:116 -                Rank 1 : false
2025-10-25 18:54:08,363 [INFO] ADCParametersView:116 -                Rank 1 : false
2025-10-25 18:54:08,363 [INFO] ADCParametersView:116 -                Rank 1 : false
2025-10-25 18:54:08,363 [INFO] ADCParametersView:116 -                Rank 1 : false
2025-10-25 18:54:08,363 [INFO] ADCParametersView:116 -                Rank 1 : false
2025-10-25 18:54:08,363 [INFO] ADCParametersView:116 -                Rank 1 : false
2025-10-25 18:54:08,363 [INFO] ADCParametersView:116 -                Rank 1 : false
2025-10-25 18:54:08,363 [INFO] ADCParametersView:116 -                Rank 1 : false
2025-10-25 18:54:08,363 [INFO] ADCParametersView:116 -                Rank 1 : false
2025-10-25 18:54:08,364 [INFO] ADCParametersView:116 -                Rank 1 : false
2025-10-25 18:54:08,364 [INFO] ADCParametersView:116 -                Rank 1 : false
2025-10-25 18:54:08,364 [INFO] ADCParametersView:116 -                Rank 1 : false
2025-10-25 18:54:08,364 [INFO] ADCParametersView:116 -                Rank 1 : false
2025-10-25 18:54:08,364 [INFO] ADCParametersView:116 -                Rank 1 : false
2025-10-25 18:54:08,364 [INFO] ADCParametersView:116 -                Rank 1 : false
2025-10-25 18:54:08,364 [INFO] ADCParametersView:116 -                Rank 1 : false
2025-10-25 18:54:08,364 [INFO] ADCParametersView:116 -                Rank 1 : false
2025-10-25 18:54:08,364 [INFO] ADCParametersView:116 -                Rank 1 : false
2025-10-25 18:54:08,364 [INFO] ADCParametersView:116 -                Rank 1 : false
2025-10-25 18:54:08,395 [INFO] ADCParametersView:116 -                Rank 1 : false
2025-10-25 18:54:08,434 [INFO] ADCParametersView:116 -                Rank 1 : false
2025-10-25 18:54:08,435 [INFO] ADCParametersView:116 -                Rank 1 : false
2025-10-25 18:54:08,435 [INFO] ADCParametersView:116 -                Rank 1 : false
2025-10-25 18:54:08,435 [INFO] ADCParametersView:116 -                Rank 1 : false
2025-10-25 18:54:08,435 [INFO] ADCParametersView:116 -                Rank 1 : false
2025-10-25 18:54:08,435 [INFO] ADCParametersView:116 -                Rank 1 : false
2025-10-25 18:54:08,435 [INFO] ADCParametersView:116 -                Rank 1 : false
2025-10-25 18:54:08,435 [INFO] ADCParametersView:116 -                Rank 1 : false
2025-10-25 18:54:08,435 [INFO] ADCParametersView:116 -                Rank 1 : false
2025-10-25 18:54:08,435 [INFO] ADCParametersView:116 -                Rank 1 : false
2025-10-25 18:54:08,435 [INFO] ADCParametersView:116 -                Rank 1 : false
2025-10-25 18:54:08,435 [INFO] ADCParametersView:116 -                Rank 1 : false
2025-10-25 18:54:08,436 [INFO] ADCParametersView:116 -                Rank 1 : false
2025-10-25 18:54:08,436 [INFO] ADCParametersView:116 -                Rank 1 : false
2025-10-25 18:54:08,436 [INFO] ADCParametersView:116 -                Rank 1 : false
2025-10-25 18:54:08,436 [INFO] ADCParametersView:116 -                Rank 1 : false
2025-10-25 18:54:08,436 [INFO] ADCParametersView:116 -                Rank 1 : false
2025-10-25 18:54:08,436 [INFO] ADCParametersView:116 -                Rank 1 : false
2025-10-25 18:54:08,436 [INFO] ADCParametersView:116 -                Rank 1 : false
2025-10-25 18:54:08,436 [INFO] ADCParametersView:116 -                Rank 1 : false
2025-10-25 18:54:08,464 [INFO] ADCParametersView:116 -                Rank 1 : false
2025-10-25 19:43:10,516 [INFO] ADCParametersView:116 -                Rank 1 : false
2025-10-25 19:43:10,521 [INFO] ADCParametersView:116 -                Rank 1 : false
2025-10-25 19:43:10,521 [INFO] ADCParametersView:116 -                Rank 1 : false
2025-10-25 19:43:10,521 [INFO] ADCParametersView:116 -                Rank 1 : false
2025-10-25 19:43:10,521 [INFO] ADCParametersView:116 -                Rank 1 : false
2025-10-25 19:43:10,522 [INFO] ADCParametersView:116 -                Rank 1 : false
2025-10-25 19:43:10,522 [INFO] ADCParametersView:116 -                Rank 1 : false
2025-10-25 19:43:10,522 [INFO] ADCParametersView:116 -                Rank 1 : false
2025-10-25 19:43:10,522 [INFO] ADCParametersView:116 -                Rank 1 : false
2025-10-25 19:43:10,522 [INFO] ADCParametersView:116 -                Rank 1 : false
2025-10-25 19:43:10,523 [INFO] ADCParametersView:116 -                Rank 1 : false
2025-10-25 19:43:10,523 [INFO] ADCParametersView:116 -                Rank 1 : false
2025-10-25 19:43:10,523 [INFO] ADCParametersView:116 -                Rank 1 : false
2025-10-25 19:43:10,523 [INFO] ADCParametersView:116 -                Rank 1 : false
2025-10-25 19:43:10,523 [INFO] ADCParametersView:116 -                Rank 1 : false
2025-10-25 19:43:10,523 [INFO] ADCParametersView:116 -                Rank 1 : false
2025-10-25 19:43:10,524 [INFO] ADCParametersView:116 -                Rank 1 : false
2025-10-25 19:43:10,524 [INFO] ADCParametersView:116 -                Rank 1 : false
2025-10-25 19:43:10,524 [INFO] ADCParametersView:116 -                Rank 1 : false
2025-10-25 19:43:10,524 [INFO] ADCParametersView:116 -                Rank 1 : false
2025-10-25 19:43:10,570 [INFO] ADCParametersView:116 -                Rank 1 : false
2025-10-25 19:43:10,657 [INFO] ADCParametersView:116 -                Rank 1 : false
2025-10-25 19:43:10,661 [INFO] ADCParametersView:116 -                Rank 1 : false
2025-10-25 19:43:10,661 [INFO] ADCParametersView:116 -                Rank 1 : false
2025-10-25 19:43:10,661 [INFO] ADCParametersView:116 -                Rank 1 : false
2025-10-25 19:43:10,661 [INFO] ADCParametersView:116 -                Rank 1 : false
2025-10-25 19:43:10,661 [INFO] ADCParametersView:116 -                Rank 1 : false
2025-10-25 19:43:10,661 [INFO] ADCParametersView:116 -                Rank 1 : false
2025-10-25 19:43:10,662 [INFO] ADCParametersView:116 -                Rank 1 : false
2025-10-25 19:43:10,662 [INFO] ADCParametersView:116 -                Rank 1 : false
2025-10-25 19:43:10,662 [INFO] ADCParametersView:116 -                Rank 1 : false
2025-10-25 19:43:10,662 [INFO] ADCParametersView:116 -                Rank 1 : false
2025-10-25 19:43:10,662 [INFO] ADCParametersView:116 -                Rank 1 : false
2025-10-25 19:43:10,662 [INFO] ADCParametersView:116 -                Rank 1 : false
2025-10-25 19:43:10,662 [INFO] ADCParametersView:116 -                Rank 1 : false
2025-10-25 19:43:10,662 [INFO] ADCParametersView:116 -                Rank 1 : false
2025-10-25 19:43:10,662 [INFO] ADCParametersView:116 -                Rank 1 : false
2025-10-25 19:43:10,662 [INFO] ADCParametersView:116 -                Rank 1 : false
2025-10-25 19:43:10,663 [INFO] ADCParametersView:116 -                Rank 1 : false
2025-10-25 19:43:10,663 [INFO] ADCParametersView:116 -                Rank 1 : false
2025-10-25 19:43:10,663 [INFO] ADCParametersView:116 -                Rank 1 : false
2025-10-25 19:43:10,704 [INFO] ADCParametersView:116 -                Rank 1 : false
2025-10-25 19:48:06,034 [INFO] ADCParametersView:116 -                Rank 1 : true
2025-10-25 21:45:32,048 [INFO] MainUpdater:2872 - connection check result : 10
2025-10-25 21:45:32,048 [INFO] MainUpdater:2872 - connection check result : 10
2025-10-25 21:45:32,143 [INFO] MicroXplorer:468 - Change Database Path : 
2025-10-25 21:45:32,143 [INFO] MicroXplorer:498 - Change Database Version : DB.6.0.150
2025-10-25 21:45:32,206 [ERROR] ProjectManagerView:395 - 
java.lang.NullPointerException: Cannot invoke "javax.swing.JTextField.getText()" because the return value of "java.util.List.get(int)" is null
	at com.st.microxplorer.plugins.projectmanager.gui.ProjectChoiceTab$9.caretUpdate(ProjectChoiceTab.java:2706) ~[filemanager.jar:?]
	at javax.swing.text.JTextComponent.fireCaretUpdate(JTextComponent.java:408) ~[?:?]
	at javax.swing.text.JTextComponent$MutableCaretEvent.fire(JTextComponent.java:4484) ~[?:?]
	at javax.swing.text.JTextComponent$MutableCaretEvent.stateChanged(JTextComponent.java:4506) ~[?:?]
	at javax.swing.text.DefaultCaret.fireStateChanged(DefaultCaret.java:857) ~[?:?]
	at javax.swing.text.DefaultCaret.changeCaretPosition(DefaultCaret.java:1343) ~[?:?]
	at javax.swing.text.DefaultCaret.handleSetDot(DefaultCaret.java:1242) ~[?:?]
	at javax.swing.text.DefaultCaret.setDot(DefaultCaret.java:1223) ~[?:?]
	at javax.swing.text.DefaultCaret$Handler.insertUpdate(DefaultCaret.java:1819) ~[?:?]
	at javax.swing.text.AbstractDocument.fireInsertUpdate(AbstractDocument.java:227) ~[?:?]
	at javax.swing.text.AbstractDocument.handleInsertString(AbstractDocument.java:781) ~[?:?]
	at javax.swing.text.AbstractDocument.insertString(AbstractDocument.java:740) ~[?:?]
	at javax.swing.text.PlainDocument.insertString(PlainDocument.java:131) ~[?:?]
	at javax.swing.text.AbstractDocument.replace(AbstractDocument.java:699) ~[?:?]
	at javax.swing.text.JTextComponent.setText(JTextComponent.java:1725) ~[?:?]
	at com.st.microxplorer.plugins.projectmanager.gui.ProjectChoiceTab.createHeapStackFields(ProjectChoiceTab.java:993) ~[filemanager.jar:?]
	at com.st.microxplorer.plugins.projectmanager.gui.ProjectChoiceTab.buildLinkSettingsPanel(ProjectChoiceTab.java:3813) ~[filemanager.jar:?]
	at com.st.microxplorer.plugins.projectmanager.gui.ProjectChoiceTab.defineWindowsFields(ProjectChoiceTab.java:1987) ~[filemanager.jar:?]
	at com.st.microxplorer.plugins.projectmanager.gui.ProjectChoiceTab.updateSettings(ProjectChoiceTab.java:558) ~[filemanager.jar:?]
	at com.st.microxplorer.plugins.projectmanager.gui.ProjectSettingsPanel.UpdateDialog(ProjectSettingsPanel.java:247) ~[filemanager.jar:?]
	at com.st.microxplorer.plugins.projectmanager.ProjectManagerView.propertyChange(ProjectManagerView.java:392) ~[filemanager.jar:?]
	at java.beans.PropertyChangeSupport.fire(PropertyChangeSupport.java:343) ~[?:?]
	at java.beans.PropertyChangeSupport.firePropertyChange(PropertyChangeSupport.java:335) ~[?:?]
	at java.beans.PropertyChangeSupport.firePropertyChange(PropertyChangeSupport.java:268) ~[?:?]
	at com.st.microxplorer.util.MXPropertyChangeSupport.firePropertyChange(MXPropertyChangeSupport.java:54) ~[STM32CubeMX.jar:?]
	at com.st.microxplorer.mxsystem.MxSystem.closeConfig(MxSystem.java:899) ~[STM32CubeMX.jar:?]
	at com.st.microxplorer.maingui.MainPanel.closeConfig(MainPanel.java:792) ~[STM32CubeMX.jar:?]
	at com.st.microxplorer.plugins.filemanager.engine.OpenFileManager.loadConfigurationFile(OpenFileManager.java:288) ~[filemanager.jar:?]
	at com.st.microxplorer.plugins.filemanager.engine.MainFileManager.userLoadConfig(MainFileManager.java:364) ~[filemanager.jar:?]
	at com.st.microxplorer.plugins.filemanager.engine.MainFileManager.userLoadConfig(MainFileManager.java:342) ~[filemanager.jar:?]
	at com.st.microxplorer.plugins.filemanager.FileManagerView.getSpecificTask(FileManagerView.java:264) ~[filemanager.jar:?]
	at com.st.stm32cube.common.mx.editor.CubeMxEditor.getMxTabbedPaneInstance(CubeMxEditor.java:1198) ~[com.st.stm32cube.common.mx_6.15.0.202507011659/:?]
	at com.st.stm32cube.common.mx.editor.CubeMxEditor$12$1.createSwingComponent(CubeMxEditor.java:1068) ~[com.st.stm32cube.common.mx_6.15.0.202507011659/:?]
	at com.st.stm32cube.common.mx.oss.core.awtswtbridge.EmbeddedSwingComposite.doComponentCreation(EmbeddedSwingComposite.java:492) ~[com.st.stm32cube.common.mx.oss_6.15.0.202507011659/:?]
	at com.st.stm32cube.common.mx.oss.core.awtswtbridge.EmbeddedSwingComposite$4.run(EmbeddedSwingComposite.java:291) ~[com.st.stm32cube.common.mx.oss_6.15.0.202507011659/:?]
	at com.st.stm32cube.common.mx.oss.core.awtswtbridge.AwtEnvironment$2.run(AwtEnvironment.java:166) ~[com.st.stm32cube.common.mx.oss_6.15.0.202507011659/:?]
	at java.awt.event.InvocationEvent.dispatch(InvocationEvent.java:318) ~[?:?]
	at java.awt.EventQueue.dispatchEventImpl(EventQueue.java:773) ~[?:?]
	at java.awt.EventQueue$4.run(EventQueue.java:720) ~[?:?]
	at java.awt.EventQueue$4.run(EventQueue.java:714) ~[?:?]
	at java.security.AccessController.doPrivileged(AccessController.java:400) ~[?:?]
	at java.security.ProtectionDomain$JavaSecurityAccessImpl.doIntersectionPrivilege(ProtectionDomain.java:87) ~[?:?]
	at java.awt.EventQueue.dispatchEvent(EventQueue.java:742) ~[?:?]
	at java.awt.EventDispatchThread.pumpOneEventForFilters(EventDispatchThread.java:203) ~[?:?]
	at java.awt.EventDispatchThread.pumpEventsForFilter(EventDispatchThread.java:124) ~[?:?]
	at java.awt.EventDispatchThread.pumpEventsForHierarchy(EventDispatchThread.java:113) ~[?:?]
	at java.awt.EventDispatchThread.pumpEvents(EventDispatchThread.java:109) ~[?:?]
	at java.awt.EventDispatchThread.pumpEvents(EventDispatchThread.java:101) ~[?:?]
	at java.awt.EventDispatchThread.run(EventDispatchThread.java:90) ~[?:?]
2025-10-25 21:45:32,206 [WARN] ThirdParty:871 - waiting for thirdparty lock release [close project]
2025-10-25 21:45:32,206 [INFO] ThirdParty:873 - entering critical section [close project]
2025-10-25 21:45:32,206 [INFO] ThirdParty:883 - exiting critical section [close project]
2025-10-25 21:45:32,206 [INFO] PinOutPanel:1589 - setPackage(No Configuration,No Configuration)
2025-10-25 21:45:32,230 [INFO] UtilMem:75 - Begin LoadConfig() Used Memory: 502150272 Bytes (1073741824)
2025-10-25 21:45:32,232 [INFO] MicroXplorer:468 - Change Database Path : 
2025-10-25 21:45:32,232 [INFO] MicroXplorer:498 - Change Database Version : DB.6.0.150
2025-10-25 21:45:32,232 [INFO] OpenFileManager:355 - Change cursor
2025-10-25 21:45:32,253 [INFO] RulesReader:64 - Compatibility file has been processed (317 Rules)
2025-10-25 21:45:32,253 [INFO] Mcu:2029 - Initializing MCU STM32L476R(C-E-G)Tx STM32L476RGTx STM32L476RGT3
2025-10-25 21:45:34,108 [INFO] Context:786 - Trying to add GPIOservice into a context  which must be forbidden
2025-10-25 21:45:34,850 [INFO] ImportTextPane:234 - (OptionalMessage_ERROR) Pin3 (VP_RIF_VS_RIF1) cannot be retrieved for this MCU
2025-10-25 21:45:34,911 [INFO] RtosManager:558 - Registered RTOS mode: class=CMSIS, group=RTOS, mode=CMSIS_V1, owner=FREERTOS
2025-10-25 21:45:34,911 [INFO] RtosManager:558 - Registered RTOS mode: class=CMSIS, group=RTOS2, mode=CMSIS_V2, owner=FREERTOS
2025-10-25 21:45:34,911 [INFO] RtosManager:558 - Registered RTOS mode: class=RTOS, group=Core, mode=CMSIS_V1, owner=FREERTOS
2025-10-25 21:45:34,911 [INFO] RtosManager:558 - Registered RTOS mode: class=RTOS, group=Core, mode=CMSIS_V2, owner=FREERTOS
2025-10-25 21:45:34,912 [WARN] ModelIntegratedComponent:184 - Missing modes for component STMicroelectronics:FreeRTOS:0.0.1:STMicroelectronics:RTOS:FreeRTOS:Core:::10.2.0:
2025-10-25 21:45:34,940 [WARN] ModelIntegratedComponent:63 - No mode defined for component null
2025-10-25 21:45:34,940 [WARN] ModelIntegratedComponent:63 - No mode defined for component null
2025-10-25 21:45:34,940 [WARN] ModelIntegratedComponent:63 - No mode defined for component null
2025-10-25 21:45:34,941 [WARN] ModelIntegratedComponent:63 - No mode defined for component null
2025-10-25 21:45:34,941 [WARN] ModelIntegratedComponent:63 - No mode defined for component null
2025-10-25 21:45:34,941 [WARN] ModelIntegratedComponent:63 - No mode defined for component null
2025-10-25 21:45:34,941 [WARN] ModelIntegratedComponent:63 - No mode defined for component null
2025-10-25 21:45:34,941 [WARN] ModelIntegratedComponent:63 - No mode defined for component null
2025-10-25 21:45:34,941 [WARN] ModelIntegratedComponent:63 - No mode defined for component null
2025-10-25 21:45:34,941 [WARN] ModelIntegratedComponent:63 - No mode defined for component null
2025-10-25 21:45:34,941 [WARN] ModelIntegratedComponent:63 - No mode defined for component null
2025-10-25 21:45:34,941 [WARN] ModelIntegratedComponent:63 - No mode defined for component null
2025-10-25 21:45:34,941 [WARN] ModelIntegratedComponent:63 - No mode defined for component null
2025-10-25 21:45:34,941 [WARN] ModelIntegratedComponent:63 - No mode defined for component null
2025-10-25 21:45:34,941 [WARN] ModelIntegratedComponent:63 - No mode defined for component null
2025-10-25 21:45:34,941 [WARN] ModelIntegratedComponent:63 - No mode defined for component null
2025-10-25 21:45:34,941 [WARN] ModelIntegratedComponent:63 - No mode defined for component null
2025-10-25 21:45:34,941 [WARN] ModelIntegratedComponent:63 - No mode defined for component null
2025-10-25 21:45:34,941 [WARN] ModelIntegratedComponent:63 - No mode defined for component null
2025-10-25 21:45:34,942 [WARN] ModelIntegratedComponent:63 - No mode defined for component null
2025-10-25 21:45:34,942 [WARN] ModelIntegratedComponent:63 - No mode defined for component null
2025-10-25 21:45:34,942 [WARN] ModelIntegratedComponent:63 - No mode defined for component null
2025-10-25 21:45:34,942 [WARN] ModelIntegratedComponent:63 - No mode defined for component null
2025-10-25 21:45:34,942 [WARN] ModelIntegratedComponent:63 - No mode defined for component null
2025-10-25 21:45:34,942 [WARN] ModelIntegratedComponent:63 - No mode defined for component null
2025-10-25 21:45:34,942 [WARN] ModelIntegratedComponent:63 - No mode defined for component null
2025-10-25 21:45:34,942 [WARN] ModelIntegratedComponent:63 - No mode defined for component null
2025-10-25 21:45:34,942 [WARN] ModelIntegratedComponent:63 - No mode defined for component null
2025-10-25 21:45:34,942 [WARN] ModelIntegratedComponent:63 - No mode defined for component null
2025-10-25 21:45:34,942 [WARN] ModelIntegratedComponent:63 - No mode defined for component null
2025-10-25 21:45:34,942 [WARN] ModelIntegratedComponent:63 - No mode defined for component null
2025-10-25 21:45:34,942 [WARN] ModelIntegratedComponent:63 - No mode defined for component null
2025-10-25 21:45:34,942 [WARN] ModelIntegratedComponent:63 - No mode defined for component null
2025-10-25 21:45:34,942 [WARN] ModelIntegratedComponent:63 - No mode defined for component null
2025-10-25 21:45:34,942 [WARN] ModelIntegratedComponent:63 - No mode defined for component null
2025-10-25 21:45:34,942 [WARN] ModelPack:524 - Component already loaded: STMicroelectronics:HAL Drivers:0.0.0:STMicroelectronics:Device:STMicro_Driver:XSPI:HAL::0.0.1:HAL_XSPI
2025-10-25 21:45:35,084 [INFO] ThirdPartyModel:298 - Start build external matchings
2025-10-25 21:45:35,724 [INFO] ThirdPartyModel:316 - End build external matchings
2025-10-25 21:45:36,144 [INFO] UtilMem:75 - End LoadConfig() Used Memory: 442839760 Bytes (1073741824)
2025-10-25 21:45:36,179 [WARN] ThirdParty:833 - waiting for thirdparty lock release [change project]
2025-10-25 21:45:36,179 [INFO] ThirdParty:835 - entering critical section [change project]
2025-10-25 21:45:36,181 [INFO] ThirdParty:1030 - CMSIS Pack Vendor :STMicroelectronics X-CUBE-PM33A1 1.0.0
2025-10-25 21:45:36,181 [INFO] ThirdParty:1030 - CMSIS Pack Vendor :STMicroelectronics USBPD 4.1
2025-10-25 21:45:36,181 [INFO] ThirdParty:1030 - CMSIS Pack Vendor :STMicroelectronics X-CUBE-NFC9 1.0.0
2025-10-25 21:45:36,181 [INFO] ThirdParty:1030 - CMSIS Pack Vendor :STMicroelectronics USB_HOST 2.0.0
2025-10-25 21:45:36,181 [INFO] ThirdParty:1030 - CMSIS Pack Vendor :STMicroelectronics FP-SNS-MOTENVWB1 1.4.0
2025-10-25 21:45:36,181 [INFO] ThirdParty:1030 - CMSIS Pack Vendor :STMicroelectronics X-CUBE-AZRTOS-F4 1.1.0
2025-10-25 21:45:36,181 [INFO] ThirdParty:1030 - CMSIS Pack Vendor :STMicroelectronics LIBJPEG 8.0.0
2025-10-25 21:45:36,181 [INFO] ThirdParty:1030 - CMSIS Pack Vendor :STMicroelectronics FP-ATR-ASTRA1 2.0.2
2025-10-25 21:45:36,181 [INFO] ThirdParty:1030 - CMSIS Pack Vendor :wolfSSL I-CUBE-wolfSSL 5.8.2
2025-10-25 21:45:36,181 [INFO] ThirdParty:1030 - CMSIS Pack Vendor :STMicroelectronics X-CUBE-BLE1 7.1.0
2025-10-25 21:45:36,181 [INFO] ThirdParty:1030 - CMSIS Pack Vendor :Avnet-IotConnect X-CUBE-IoTC-DA16k-PMOD 1.0.0
2025-10-25 21:45:36,181 [INFO] ThirdParty:1030 - CMSIS Pack Vendor :STMicroelectronics X-CUBE-SMBUS 2.1.0
2025-10-25 21:45:36,181 [INFO] ThirdParty:1030 - CMSIS Pack Vendor :wolfSSL I-CUBE-wolfMQTT 1.19.2
2025-10-25 21:45:36,181 [INFO] ThirdParty:1030 - CMSIS Pack Vendor :STMicroelectronics USB_DEVICE 3.0.0
2025-10-25 21:45:36,181 [INFO] ThirdParty:1030 - CMSIS Pack Vendor :STMicroelectronics X-CUBE-ISPU 2.1.0
2025-10-25 21:45:36,181 [INFO] ThirdParty:1030 - CMSIS Pack Vendor :STMicroelectronics X-CUBE-EEPRMA1 5.2.0
2025-10-25 21:45:36,181 [INFO] ThirdParty:1030 - CMSIS Pack Vendor :STMicroelectronics X-CUBE-IPS 3.2.0
2025-10-25 21:45:36,181 [INFO] ThirdParty:1030 - CMSIS Pack Vendor :STMicroelectronics X-CUBE-BLEMGR 4.1.0
2025-10-25 21:45:36,181 [INFO] ThirdParty:1030 - CMSIS Pack Vendor :STMicroelectronics X-CUBE-AZRTOS-WB 2.0.0
2025-10-25 21:45:36,181 [INFO] ThirdParty:1030 - CMSIS Pack Vendor :STMicroelectronics X-CUBE-ST60 1.0.0
2025-10-25 21:45:36,181 [INFO] ThirdParty:1030 - CMSIS Pack Vendor :STMicroelectronics X-CUBE-GNSS1 7.0.1
2025-10-25 21:45:36,181 [INFO] ThirdParty:1030 - CMSIS Pack Vendor :STMicroelectronics X-CUBE-NFC12 1.0.0
2025-10-25 21:45:36,181 [INFO] ThirdParty:1030 - CMSIS Pack Vendor :STMicroelectronics X-CUBE-AZRTOS-F7 1.1.0
2025-10-25 21:45:36,181 [INFO] ThirdParty:1030 - CMSIS Pack Vendor :STMicroelectronics X-CUBE-AZRTOS-L5 2.0.0
2025-10-25 21:45:36,181 [INFO] ThirdParty:1030 - CMSIS Pack Vendor :STMicroelectronics X-CUBE-TOUCHGFX 4.25.0
2025-10-25 21:45:36,181 [INFO] ThirdParty:1030 - CMSIS Pack Vendor :STMicroelectronics USB_DEVICE 2.0.0
2025-10-25 21:45:36,181 [INFO] ThirdParty:1030 - CMSIS Pack Vendor :STMicroelectronics X-CUBE-NFC6 3.1.0
2025-10-25 21:45:36,181 [INFO] ThirdParty:1030 - CMSIS Pack Vendor :STMicroelectronics X-CUBE-ST67W61 1.1.0
2025-10-25 21:45:36,181 [INFO] ThirdParty:1030 - CMSIS Pack Vendor :quantropi X-CUBE-qispace-sdk-base 2.1.0
2025-10-25 21:45:36,181 [INFO] ThirdParty:1030 - CMSIS Pack Vendor :STMicroelectronics FreeRTOS 0.0.1
2025-10-25 21:45:36,181 [INFO] ThirdParty:1030 - CMSIS Pack Vendor :STMicroelectronics X-CUBE-AZRTOS-G0 1.1.0
2025-10-25 21:45:36,181 [INFO] ThirdParty:1030 - CMSIS Pack Vendor :STMicroelectronics X-CUBE-SAFEA1 1.2.2
2025-10-25 21:45:36,181 [INFO] ThirdParty:1030 - CMSIS Pack Vendor :STMicroelectronics X-CUBE-NFC4 3.0.0
2025-10-25 21:45:36,181 [INFO] ThirdParty:1030 - CMSIS Pack Vendor :STMicroelectronics X-CUBE-SUBG2 5.0.0
2025-10-25 21:45:36,181 [INFO] ThirdParty:1030 - CMSIS Pack Vendor :STMicroelectronics X-CUBE-AZRTOS-H7RS 1.1.0
2025-10-25 21:45:36,181 [INFO] ThirdParty:1030 - CMSIS Pack Vendor :STMicroelectronics STM32_WPAN 1.0.0
2025-10-25 21:45:36,181 [INFO] ThirdParty:1030 - CMSIS Pack Vendor :EmbeddedOffice I-CUBE-FS-RTOS 1.0.1
2025-10-25 21:45:36,181 [INFO] ThirdParty:1030 - CMSIS Pack Vendor :STMicroelectronics lwIP 2.0.3
2025-10-25 21:45:36,181 [INFO] ThirdParty:1030 - CMSIS Pack Vendor :WES I-CUBE-Cesium 1.4.0
2025-10-25 21:45:36,181 [INFO] ThirdParty:1030 - CMSIS Pack Vendor :Cesanta I-CUBE-Mongoose 7.13.0
2025-10-25 21:45:36,181 [INFO] ThirdParty:1030 - CMSIS Pack Vendor :STMicroelectronics USB_HOST 1.0.0
2025-10-25 21:45:36,181 [INFO] ThirdParty:1030 - CMSIS Pack Vendor :Infineon AIROC-Wi-Fi-Bluetooth-STM32 1.7.1
2025-10-25 21:45:36,181 [INFO] ThirdParty:1030 - CMSIS Pack Vendor :STMicroelectronics X-CUBE-AZRTOS-G4 2.0.0
2025-10-25 21:45:36,181 [INFO] ThirdParty:1030 - CMSIS Pack Vendor :STMicroelectronics X-CUBE-WB05N 2.0.0
2025-10-25 21:45:36,181 [INFO] ThirdParty:1030 - CMSIS Pack Vendor :STMicroelectronics PDM2PCM 3.1.0
2025-10-25 21:45:36,181 [INFO] ThirdParty:1030 - CMSIS Pack Vendor :STMicroelectronics PDM2PCM 3.3.0
2025-10-25 21:45:36,181 [INFO] ThirdParty:1030 - CMSIS Pack Vendor :wolfSSL I-CUBE-wolfTPM 3.8.0
2025-10-25 21:45:36,181 [INFO] ThirdParty:1030 - CMSIS Pack Vendor :STMicroelectronics X-CUBE-AZRTOS-H7 3.4.0
2025-10-25 21:45:36,181 [INFO] ThirdParty:1030 - CMSIS Pack Vendor :STMicroelectronics X-CUBE-DISPLAY 3.0.0
2025-10-25 21:45:36,181 [INFO] ThirdParty:1030 - CMSIS Pack Vendor :wolfSSL I-CUBE-wolfSSH 1.4.20
2025-10-25 21:45:36,181 [INFO] ThirdParty:1030 - CMSIS Pack Vendor :STMicroelectronics X-CUBE-NFC7 2.0.0
2025-10-25 21:45:36,181 [INFO] ThirdParty:1030 - CMSIS Pack Vendor :STMicroelectronics X-CUBE-TCPP 4.2.0
2025-10-25 21:45:36,181 [INFO] ThirdParty:1030 - CMSIS Pack Vendor :RealThread X-CUBE-RT-Thread_Nano 4.1.1
2025-10-25 21:45:36,181 [INFO] ThirdParty:1030 - CMSIS Pack Vendor :STMicroelectronics FP-ATR-SIGFOX1 3.2.0
2025-10-25 21:45:36,181 [INFO] ThirdParty:1030 - CMSIS Pack Vendor :STMicroelectronics X-CUBE-NFC10 1.0.0
2025-10-25 21:45:36,181 [INFO] ThirdParty:1030 - CMSIS Pack Vendor :STMicroelectronics X-CUBE-FREERTOS 1.3.1
2025-10-25 21:45:36,181 [INFO] ThirdParty:1030 - CMSIS Pack Vendor :STMicroelectronics HAL Drivers 0.0.0
2025-10-25 21:45:36,181 [INFO] ThirdParty:1030 - CMSIS Pack Vendor :STMicroelectronics MBEDTLS 2.16.2
2025-10-25 21:45:36,181 [INFO] ThirdParty:1030 - CMSIS Pack Vendor :STMicroelectronics X-CUBE-ST60 1.1.0
2025-10-25 21:45:36,181 [INFO] ThirdParty:1030 - CMSIS Pack Vendor :STMicroelectronics X-CUBE-IPS 3.1.0
2025-10-25 21:45:36,181 [INFO] ThirdParty:1030 - CMSIS Pack Vendor :STMicroelectronics X-CUBE-ALS 1.0.2
2025-10-25 21:45:36,181 [INFO] ThirdParty:1030 - CMSIS Pack Vendor :emotas I-CUBE-CANOPEN 1.3.0
2025-10-25 21:45:36,181 [INFO] ThirdParty:1030 - CMSIS Pack Vendor :STMicroelectronics MBEDTLS 2.14.1
2025-10-25 21:45:36,181 [INFO] ThirdParty:1030 - CMSIS Pack Vendor :ITTIA_DB I-CUBE-ITTIADB 8.9.0
2025-10-25 21:45:36,181 [INFO] ThirdParty:1030 - CMSIS Pack Vendor :STMicroelectronics X-CUBE-TOUCHGFX 4.26.0
2025-10-25 21:45:36,181 [INFO] ThirdParty:1030 - CMSIS Pack Vendor :STMicroelectronics X-CUBE-STSE01 1.0.0
2025-10-25 21:45:36,181 [INFO] ThirdParty:1030 - CMSIS Pack Vendor :STMicroelectronics X-CUBE-ST67W61 1.0.0
2025-10-25 21:45:36,181 [INFO] ThirdParty:1030 - CMSIS Pack Vendor :STMicroelectronics FP-SNS-STBOX1 2.1.0
2025-10-25 21:45:36,181 [INFO] ThirdParty:1030 - CMSIS Pack Vendor :STMicroelectronics X-CUBE-AI 10.2.0
2025-10-25 21:45:36,181 [INFO] ThirdParty:1030 - CMSIS Pack Vendor :STMicroelectronics FP-SNS-STAIOTCFT 1.0.0
2025-10-25 21:45:36,181 [INFO] ThirdParty:1030 - CMSIS Pack Vendor :STMicroelectronics ThreadX 1.0.0
2025-10-25 21:45:36,181 [INFO] ThirdParty:1030 - CMSIS Pack Vendor :STMicroelectronics FP-SNS-SMARTAG2 1.2.0
2025-10-25 21:45:36,181 [INFO] ThirdParty:1030 - CMSIS Pack Vendor :STMicroelectronics FP-SNS-FLIGHT1 5.1.0
2025-10-25 21:45:36,181 [INFO] ThirdParty:1030 - CMSIS Pack Vendor :STMicroelectronics X-CUBE-AZRTOS-WL 2.0.0
2025-10-25 21:45:36,181 [INFO] ThirdParty:1030 - CMSIS Pack Vendor :SEGGER I-CUBE-embOS 1.3.1
2025-10-25 21:45:36,181 [INFO] ThirdParty:1030 - CMSIS Pack Vendor :STMicroelectronics X-CUBE-ALGOBUILD 1.4.0
2025-10-25 21:45:36,181 [INFO] ThirdParty:1030 - CMSIS Pack Vendor :STMicroelectronics X-CUBE-DPower 1.3.0
2025-10-25 21:45:36,181 [INFO] ThirdParty:1030 - CMSIS Pack Vendor :STMicroelectronics X-CUBE-MEMS1 11.3.0
2025-10-25 21:45:36,181 [INFO] ThirdParty:1030 - CMSIS Pack Vendor :STMicroelectronics FP-SNS-MOTENV1 5.0.0
2025-10-25 21:45:36,181 [INFO] ThirdParty:1030 - CMSIS Pack Vendor :STMicroelectronics USB_DEVICE 1.0.0
2025-10-25 21:45:36,181 [INFO] ThirdParty:1030 - CMSIS Pack Vendor :STMicroelectronics X-CUBE-AZRTOS-L4 2.0.0
2025-10-25 21:45:36,181 [INFO] ThirdParty:1030 - CMSIS Pack Vendor :STMicroelectronics ThreadX 0.0.2
2025-10-25 21:45:36,181 [INFO] ThirdParty:1030 - CMSIS Pack Vendor :STMicroelectronics lwIP 2.1.2
2025-10-25 21:45:36,181 [INFO] ThirdParty:1030 - CMSIS Pack Vendor :STMicroelectronics X-CUBE-SFXS2LP1 4.0.0
2025-10-25 21:45:36,181 [INFO] ThirdParty:1030 - CMSIS Pack Vendor :STMicroelectronics X-CUBE-BLE2 3.3.0
2025-10-25 21:45:36,181 [INFO] ThirdParty:1030 - CMSIS Pack Vendor :STMicroelectronics X-CUBE-TOF1 3.4.3
2025-10-25 21:45:36,181 [INFO] ThirdParty:1030 - CMSIS Pack Vendor :STMicroelectronics PDM2PCM 3.2.0
2025-10-25 21:45:36,181 [INFO] ThirdParty:841 - exiting critical section [change project]
2025-10-25 21:45:36,386 [INFO] PinOutPanel:1589 - setPackage(No Configuration,No Configuration)
2025-10-25 21:45:36,386 [INFO] PinOutPanel:1589 - setPackage(STM32L476RGTx,LQFP64)
2025-10-25 21:45:36,819 [INFO] UtilMem:75 - Before build in PCC Used Memory: 801713096 Bytes (1073741824)
2025-10-25 21:45:37,179 [INFO] UtilMem:75 - After build in PCC Used Memory: 886125512 Bytes (1073741824)
2025-10-25 21:45:37,195 [INFO] IPUIPlugin:80 - create IPUIPlugin
2025-10-25 21:45:37,195 [INFO] IPUIPlugin:80 - create IPUIPlugin
2025-10-25 21:45:37,195 [INFO] IPUIPlugin:80 - create IPUIPlugin
2025-10-25 21:45:37,195 [INFO] IPUIPlugin:80 - create IPUIPlugin
2025-10-25 21:45:37,195 [INFO] IPUIPlugin:80 - create IPUIPlugin
2025-10-25 21:45:37,195 [INFO] IPUIPlugin:80 - create IPUIPlugin
2025-10-25 21:45:37,195 [INFO] IPUIPlugin:80 - create IPUIPlugin
2025-10-25 21:45:37,195 [INFO] IPUIPlugin:80 - create IPUIPlugin
2025-10-25 21:45:37,195 [INFO] IPUIPlugin:80 - create IPUIPlugin
2025-10-25 21:45:37,195 [INFO] IPUIPlugin:80 - create IPUIPlugin
2025-10-25 21:45:37,195 [INFO] IPUIPlugin:80 - create IPUIPlugin
2025-10-25 21:45:37,195 [INFO] IPUIPlugin:80 - create IPUIPlugin
2025-10-25 21:45:37,195 [INFO] IPUIPlugin:80 - create IPUIPlugin
2025-10-25 21:45:37,195 [INFO] IPUIPlugin:80 - create IPUIPlugin
2025-10-25 21:45:37,195 [INFO] IPUIPlugin:80 - create IPUIPlugin
2025-10-25 21:45:37,195 [INFO] IPUIPlugin:80 - create IPUIPlugin
2025-10-25 21:45:37,195 [INFO] IPUIPlugin:80 - create IPUIPlugin
2025-10-25 21:45:37,195 [INFO] IPUIPlugin:80 - create IPUIPlugin
2025-10-25 21:45:37,195 [INFO] IPUIPlugin:80 - create IPUIPlugin
2025-10-25 21:45:37,195 [INFO] IPUIPlugin:80 - create IPUIPlugin
2025-10-25 21:45:37,195 [INFO] IPUIPlugin:80 - create IPUIPlugin
2025-10-25 21:45:37,195 [INFO] IPUIPlugin:80 - create IPUIPlugin
2025-10-25 21:45:37,195 [INFO] IPUIPlugin:80 - create IPUIPlugin
2025-10-25 21:45:37,195 [INFO] IPUIPlugin:80 - create IPUIPlugin
2025-10-25 21:45:37,195 [INFO] IPUIPlugin:80 - create IPUIPlugin
2025-10-25 21:45:37,195 [INFO] IPUIPlugin:80 - create IPUIPlugin
2025-10-25 21:45:37,195 [INFO] IPUIPlugin:80 - create IPUIPlugin
2025-10-25 21:45:37,195 [INFO] IPUIPlugin:80 - create IPUIPlugin
2025-10-25 21:45:37,195 [INFO] IPUIPlugin:80 - create IPUIPlugin
2025-10-25 21:45:37,195 [INFO] IPUIPlugin:80 - create IPUIPlugin
2025-10-25 21:45:37,195 [INFO] IPUIPlugin:80 - create IPUIPlugin
2025-10-25 21:45:37,195 [INFO] IPUIPlugin:80 - create IPUIPlugin
2025-10-25 21:45:37,195 [INFO] IPUIPlugin:80 - create IPUIPlugin
2025-10-25 21:45:37,195 [INFO] IPUIPlugin:80 - create IPUIPlugin
2025-10-25 21:45:37,195 [INFO] IPUIPlugin:80 - create IPUIPlugin
2025-10-25 21:45:37,195 [INFO] IPUIPlugin:80 - create IPUIPlugin
2025-10-25 21:45:37,195 [INFO] IPUIPlugin:80 - create IPUIPlugin
2025-10-25 21:45:37,195 [INFO] IPUIPlugin:80 - create IPUIPlugin
2025-10-25 21:45:37,195 [INFO] IPUIPlugin:80 - create IPUIPlugin
2025-10-25 21:45:37,195 [INFO] IPUIPlugin:80 - create IPUIPlugin
2025-10-25 21:45:37,195 [INFO] IPUIPlugin:80 - create IPUIPlugin
2025-10-25 21:45:37,195 [INFO] IPUIPlugin:80 - create IPUIPlugin
2025-10-25 21:45:37,195 [INFO] IPUIPlugin:80 - create IPUIPlugin
2025-10-25 21:45:37,195 [INFO] IPUIPlugin:80 - create IPUIPlugin
2025-10-25 21:45:37,195 [INFO] IPUIPlugin:80 - create IPUIPlugin
2025-10-25 21:45:37,195 [INFO] IPUIPlugin:80 - create IPUIPlugin
2025-10-25 21:45:37,195 [INFO] IPUIPlugin:80 - create IPUIPlugin
2025-10-25 21:45:37,195 [INFO] IPUIPlugin:80 - create IPUIPlugin
2025-10-25 21:45:37,195 [INFO] IPUIPlugin:80 - create IPUIPlugin
2025-10-25 21:45:37,195 [INFO] IPUIPlugin:80 - create IPUIPlugin
2025-10-25 21:45:37,195 [INFO] IPUIPlugin:80 - create IPUIPlugin
2025-10-25 21:45:37,195 [INFO] IPUIPlugin:80 - create IPUIPlugin
2025-10-25 21:45:37,195 [INFO] IPUIPlugin:80 - create IPUIPlugin
2025-10-25 21:45:37,195 [INFO] IPUIPlugin:80 - create IPUIPlugin
2025-10-25 21:45:37,210 [INFO] IPUIPlugin:80 - create IPUIPlugin
2025-10-25 21:45:37,210 [INFO] IPUIPlugin:80 - create IPUIPlugin
2025-10-25 21:45:37,210 [INFO] IPUIPlugin:80 - create IPUIPlugin
2025-10-25 21:45:37,210 [INFO] IPUIPlugin:80 - create IPUIPlugin
2025-10-25 21:45:37,210 [INFO] IPUIPlugin:80 - create IPUIPlugin
2025-10-25 21:45:37,249 [INFO] CADModel:165 - CPN selected for project levelSTM32L476RGT3
2025-10-25 21:45:37,249 [INFO] CADModel:114 - Register for checkConnection events
2025-10-25 21:45:37,342 [INFO] OpenFileManager:386 - Restore cursor
2025-10-25 21:45:41,856 [INFO] NvicIntPanel:101 - NVIC parent = com.st.microxplorer.plugins.ip.nvic.MultiNvicIntPanel[,0,0,0x0,invalid,layout=javax.swing.BoxLayout,alignmentX=0.0,alignmentY=0.0,border=,flags=9,maximumSize=,minimumSize=,preferredSize=]
