2025-10-25 00:00:19,565 [INFO] MainUpdater:2872 - connection check result : 10
2025-10-25 00:00:19,585 [INFO] MainUpdater:2872 - connection check result : 10
2025-10-25 00:00:19,664 [INFO] MicroXplorer:468 - Change Database Path : 
2025-10-25 00:00:19,664 [INFO] MicroXplorer:498 - Change Database Version : DB.6.0.150
2025-10-25 00:00:19,723 [ERROR] ProjectManagerView:395 - 
java.lang.NullPointerException: Cannot invoke "javax.swing.JTextField.getText()" because the return value of "java.util.List.get(int)" is null
	at com.st.microxplorer.plugins.projectmanager.gui.ProjectChoiceTab$9.caretUpdate(ProjectChoiceTab.java:2706) ~[filemanager.jar:?]
	at javax.swing.text.JTextComponent.fireCaretUpdate(JTextComponent.java:408) ~[?:?]
	at javax.swing.text.JTextComponent$MutableCaretEvent.fire(JTextComponent.java:4484) ~[?:?]
	at javax.swing.text.JTextComponent$MutableCaretEvent.stateChanged(JTextComponent.java:4506) ~[?:?]
	at javax.swing.text.DefaultCaret.fireStateChanged(DefaultCaret.java:857) ~[?:?]
	at javax.swing.text.DefaultCaret.changeCaretPosition(DefaultCaret.java:1343) ~[?:?]
	at javax.swing.text.DefaultCaret.handleSetDot(DefaultCaret.java:1242) ~[?:?]
	at javax.swing.text.DefaultCaret.setDot(DefaultCaret.java:1223) ~[?:?]
	at javax.swing.text.DefaultCaret$Handler.insertUpdate(DefaultCaret.java:1819) ~[?:?]
	at javax.swing.text.AbstractDocument.fireInsertUpdate(AbstractDocument.java:227) ~[?:?]
	at javax.swing.text.AbstractDocument.handleInsertString(AbstractDocument.java:781) ~[?:?]
	at javax.swing.text.AbstractDocument.insertString(AbstractDocument.java:740) ~[?:?]
	at javax.swing.text.PlainDocument.insertString(PlainDocument.java:131) ~[?:?]
	at javax.swing.text.AbstractDocument.replace(AbstractDocument.java:699) ~[?:?]
	at javax.swing.text.JTextComponent.setText(JTextComponent.java:1725) ~[?:?]
	at com.st.microxplorer.plugins.projectmanager.gui.ProjectChoiceTab.createHeapStackFields(ProjectChoiceTab.java:993) ~[filemanager.jar:?]
	at com.st.microxplorer.plugins.projectmanager.gui.ProjectChoiceTab.buildLinkSettingsPanel(ProjectChoiceTab.java:3813) ~[filemanager.jar:?]
	at com.st.microxplorer.plugins.projectmanager.gui.ProjectChoiceTab.defineWindowsFields(ProjectChoiceTab.java:1987) ~[filemanager.jar:?]
	at com.st.microxplorer.plugins.projectmanager.gui.ProjectChoiceTab.updateSettings(ProjectChoiceTab.java:558) ~[filemanager.jar:?]
	at com.st.microxplorer.plugins.projectmanager.gui.ProjectSettingsPanel.UpdateDialog(ProjectSettingsPanel.java:247) ~[filemanager.jar:?]
	at com.st.microxplorer.plugins.projectmanager.ProjectManagerView.propertyChange(ProjectManagerView.java:392) ~[filemanager.jar:?]
	at java.beans.PropertyChangeSupport.fire(PropertyChangeSupport.java:343) ~[?:?]
	at java.beans.PropertyChangeSupport.firePropertyChange(PropertyChangeSupport.java:335) ~[?:?]
	at java.beans.PropertyChangeSupport.firePropertyChange(PropertyChangeSupport.java:268) ~[?:?]
	at com.st.microxplorer.util.MXPropertyChangeSupport.firePropertyChange(MXPropertyChangeSupport.java:54) ~[STM32CubeMX.jar:?]
	at com.st.microxplorer.mxsystem.MxSystem.closeConfig(MxSystem.java:899) ~[STM32CubeMX.jar:?]
	at com.st.microxplorer.maingui.MainPanel.closeConfig(MainPanel.java:792) ~[STM32CubeMX.jar:?]
	at com.st.microxplorer.plugins.filemanager.engine.OpenFileManager.loadConfigurationFile(OpenFileManager.java:288) ~[filemanager.jar:?]
	at com.st.microxplorer.plugins.filemanager.engine.MainFileManager.userLoadConfig(MainFileManager.java:364) ~[filemanager.jar:?]
	at com.st.microxplorer.plugins.filemanager.FileManagerView.getSpecificTask(FileManagerView.java:268) ~[filemanager.jar:?]
	at com.st.stm32cube.common.mx.editor.CubeMxEditor.getMxTabbedPaneInstance(CubeMxEditor.java:1191) ~[com.st.stm32cube.common.mx_6.15.0.202507011659/:?]
	at com.st.stm32cube.common.mx.editor.CubeMxEditor$12$1.createSwingComponent(CubeMxEditor.java:1068) ~[com.st.stm32cube.common.mx_6.15.0.202507011659/:?]
	at com.st.stm32cube.common.mx.oss.core.awtswtbridge.EmbeddedSwingComposite.doComponentCreation(EmbeddedSwingComposite.java:492) ~[com.st.stm32cube.common.mx.oss_6.15.0.202507011659/:?]
	at com.st.stm32cube.common.mx.oss.core.awtswtbridge.EmbeddedSwingComposite$4.run(EmbeddedSwingComposite.java:291) ~[com.st.stm32cube.common.mx.oss_6.15.0.202507011659/:?]
	at com.st.stm32cube.common.mx.oss.core.awtswtbridge.AwtEnvironment$2.run(AwtEnvironment.java:166) ~[com.st.stm32cube.common.mx.oss_6.15.0.202507011659/:?]
	at java.awt.event.InvocationEvent.dispatch(InvocationEvent.java:318) ~[?:?]
	at java.awt.EventQueue.dispatchEventImpl(EventQueue.java:773) ~[?:?]
	at java.awt.EventQueue$4.run(EventQueue.java:720) ~[?:?]
	at java.awt.EventQueue$4.run(EventQueue.java:714) ~[?:?]
	at java.security.AccessController.doPrivileged(AccessController.java:400) ~[?:?]
	at java.security.ProtectionDomain$JavaSecurityAccessImpl.doIntersectionPrivilege(ProtectionDomain.java:87) ~[?:?]
	at java.awt.EventQueue.dispatchEvent(EventQueue.java:742) ~[?:?]
	at java.awt.EventDispatchThread.pumpOneEventForFilters(EventDispatchThread.java:203) ~[?:?]
	at java.awt.EventDispatchThread.pumpEventsForFilter(EventDispatchThread.java:124) ~[?:?]
	at java.awt.EventDispatchThread.pumpEventsForHierarchy(EventDispatchThread.java:113) ~[?:?]
	at java.awt.EventDispatchThread.pumpEvents(EventDispatchThread.java:109) ~[?:?]
	at java.awt.EventDispatchThread.pumpEvents(EventDispatchThread.java:101) ~[?:?]
	at java.awt.EventDispatchThread.run(EventDispatchThread.java:90) ~[?:?]
2025-10-25 00:00:19,728 [WARN] ThirdParty:871 - waiting for thirdparty lock release [close project]
2025-10-25 00:00:19,729 [INFO] ThirdParty:873 - entering critical section [close project]
2025-10-25 00:00:19,729 [INFO] ThirdParty:883 - exiting critical section [close project]
2025-10-25 00:00:19,733 [INFO] PinOutPanel:1589 - setPackage(No Configuration,No Configuration)
2025-10-25 00:00:19,749 [INFO] UtilMem:75 - Begin LoadConfig() Used Memory: 731372504 Bytes (1073741824)
2025-10-25 00:00:19,750 [INFO] OpenFileManager:355 - Change cursor
2025-10-25 00:00:19,802 [INFO] RulesReader:64 - Compatibility file has been processed (317 Rules)
2025-10-25 00:00:19,813 [INFO] ProjectFactory:514 - No CPN specified for board NUCLEO-L476RG => set CPN to STM32L476RGT3
2025-10-25 00:00:19,814 [INFO] Mcu:2029 - Initializing MCU STM32L476R(C-E-G)Tx STM32L476RGTx STM32L476RGT3
2025-10-25 00:00:21,795 [INFO] Context:786 - Trying to add GPIOservice into a context  which must be forbidden
2025-10-25 00:00:22,493 [INFO] Rule:233 - rule 117617 - U5Cobra4M][GTZC] default value MPCBB3 and MPCBB5 - Not Secured memory - MPCBB1 is applicable
2025-10-25 00:00:22,493 [INFO] Rule:233 - rule 117617 - U5Cobra4M][GTZC] default value MPCBB3 and MPCBB5 - Not Secured memory - MPCBB1 is applicable
2025-10-25 00:00:22,493 [INFO] Rule:233 - rule 117617 - U5Cobra4M][GTZC] default value MPCBB3 and MPCBB5 - Not Secured memory - MPCBB2 is applicable
2025-10-25 00:00:22,493 [INFO] Rule:233 - rule 117617 - U5Cobra4M][GTZC] default value MPCBB3 and MPCBB5 - Not Secured memory - MPCBB2 is applicable
2025-10-25 00:00:22,493 [INFO] Rule:233 - rule 117617 - U5Cobra4M][GTZC] default value MPCBB3 and MPCBB5 - Not Secured memory - MPCBB3 is applicable
2025-10-25 00:00:22,493 [INFO] Rule:233 - rule 117617 - U5Cobra4M][GTZC] default value MPCBB3 and MPCBB5 - Not Secured memory - MPCBB3 is applicable
2025-10-25 00:00:22,493 [INFO] Rule:233 - rule 117617 - U5Cobra4M][GTZC] default value MPCBB3 and MPCBB5 - Not Secured memory - MPCBB4 is applicable
2025-10-25 00:00:22,493 [INFO] Rule:233 - rule 117617 - U5Cobra4M][GTZC] default value MPCBB3 and MPCBB5 - Not Secured memory - MPCBB4 is applicable
2025-10-25 00:00:22,493 [INFO] Rule:233 - rule 117617 - U5Cobra4M][GTZC] default value MPCBB3 and MPCBB5 - Secured memory - MPCBB1 is applicable
2025-10-25 00:00:22,493 [INFO] Rule:233 - rule 117617 - U5Cobra4M][GTZC] default value MPCBB3 and MPCBB5 - Secured memory - MPCBB2 is applicable
2025-10-25 00:00:22,493 [INFO] Rule:233 - rule 117617 - U5Cobra4M][GTZC] default value MPCBB3 and MPCBB5 - Secured memory - MPCBB3 is applicable
2025-10-25 00:00:22,493 [INFO] Rule:233 - rule 117617 - U5Cobra4M][GTZC] default value MPCBB3 and MPCBB5 - Secured memory - MPCBB4 is applicable
2025-10-25 00:00:22,493 [INFO] Rule:233 - rule 117617 - U5Cobra4M][GTZC] default value MPCBB3 and MPCBB5 - Privileged memory - MPCBB1 is applicable
2025-10-25 00:00:22,493 [INFO] Rule:233 - rule 117617 - U5Cobra4M][GTZC] default value MPCBB3 and MPCBB5 - Privileged memory - MPCBB2 is applicable
2025-10-25 00:00:22,493 [INFO] Rule:233 - rule 117617 - U5Cobra4M][GTZC] default value MPCBB3 and MPCBB5 - Privileged memory - MPCBB3 is applicable
2025-10-25 00:00:22,493 [INFO] Rule:233 - rule 117617 - U5Cobra4M][GTZC] default value MPCBB3 and MPCBB5 - Privileged memory - MPCBB4 is applicable
2025-10-25 00:00:22,493 [INFO] Rule:233 - rule 117617 - U5Cobra4M][GTZC] default value MPCBB3 and MPCBB5 - Not Privileged memory - MPCBB1 is applicable
2025-10-25 00:00:22,493 [INFO] Rule:233 - rule 117617 - U5Cobra4M][GTZC] default value MPCBB3 and MPCBB5 - Not Privileged memory - MPCBB2 is applicable
2025-10-25 00:00:22,493 [INFO] Rule:233 - rule 117617 - U5Cobra4M][GTZC] default value MPCBB3 and MPCBB5 - Not Privileged memory - MPCBB3 is applicable
2025-10-25 00:00:22,493 [INFO] Rule:233 - rule 117617 - U5Cobra4M][GTZC] default value MPCBB3 and MPCBB5 - Not Privileged memory - MPCBB4 is applicable
2025-10-25 00:00:22,493 [INFO] Rule:233 - rule 117617 - U5Cobra4M][GTZC] default value MPCBB3 and MPCBB5 - Privileged memory - MPCBB1 is applicable
2025-10-25 00:00:22,493 [INFO] Rule:233 - rule 117617 - U5Cobra4M][GTZC] default value MPCBB3 and MPCBB5 - Privileged memory - MPCBB2 is applicable
2025-10-25 00:00:22,493 [INFO] Rule:233 - rule 117617 - U5Cobra4M][GTZC] default value MPCBB3 and MPCBB5 - Privileged memory - MPCBB3 is applicable
2025-10-25 00:00:22,493 [INFO] Rule:233 - rule 117617 - U5Cobra4M][GTZC] default value MPCBB3 and MPCBB5 - Privileged memory - MPCBB4 is applicable
2025-10-25 00:00:22,493 [INFO] Rule:233 - rule 117617 - U5Cobra4M][GTZC] default value MPCBB3 and MPCBB5 - Privileged memory - MPCBB1 is applicable
2025-10-25 00:00:22,493 [INFO] Rule:233 - rule 117617 - U5Cobra4M][GTZC] default value MPCBB3 and MPCBB5 - Privileged memory - MPCBB2 is applicable
2025-10-25 00:00:22,493 [INFO] Rule:233 - rule 117617 - U5Cobra4M][GTZC] default value MPCBB3 and MPCBB5 - Privileged memory - MPCBB3 is applicable
2025-10-25 00:00:22,493 [INFO] Rule:233 - rule 117617 - U5Cobra4M][GTZC] default value MPCBB3 and MPCBB5 - Privileged memory - MPCBB4 is applicable
2025-10-25 00:00:22,493 [INFO] Rule:233 - rule 117617 - U5Cobra4M][GTZC] default value MPCBB3 and MPCBB5 - Not Privileged memory - MPCBB1 is applicable
2025-10-25 00:00:22,493 [INFO] Rule:233 - rule 117617 - U5Cobra4M][GTZC] default value MPCBB3 and MPCBB5 - Not Privileged memory - MPCBB2 is applicable
2025-10-25 00:00:22,493 [INFO] Rule:233 - rule 117617 - U5Cobra4M][GTZC] default value MPCBB3 and MPCBB5 - Not Privileged memory - MPCBB3 is applicable
2025-10-25 00:00:22,493 [INFO] Rule:233 - rule 117617 - U5Cobra4M][GTZC] default value MPCBB3 and MPCBB5 - Not Privileged memory - MPCBB4 is applicable
2025-10-25 00:00:22,493 [INFO] Rule:233 - rule 117617 - U5Cobra4M][GTZC] default value MPCBB3 and MPCBB5 - Privileged memory - MPCBB1 is applicable
2025-10-25 00:00:22,493 [INFO] Rule:233 - rule 117617 - U5Cobra4M][GTZC] default value MPCBB3 and MPCBB5 - Privileged memory - MPCBB2 is applicable
2025-10-25 00:00:22,493 [INFO] Rule:233 - rule 117617 - U5Cobra4M][GTZC] default value MPCBB3 and MPCBB5 - Privileged memory - MPCBB3 is applicable
2025-10-25 00:00:22,493 [INFO] Rule:233 - rule 117617 - U5Cobra4M][GTZC] default value MPCBB3 and MPCBB5 - Privileged memory - MPCBB4 is applicable
2025-10-25 00:00:22,493 [INFO] Rule:233 - rule Rename SubGHz_Phy SUBGHZ_APPLICATION SUBGHZ_PINGPONG to SUBGHZ_ADV_APPLICATION is applicable
2025-10-25 00:00:22,493 [INFO] Rule:233 - rule Rename Enabled to IBEACON is applicable
2025-10-25 00:00:22,493 [INFO] Rule:233 - rule GTZC_S instance for project manager is applicable
2025-10-25 00:00:22,493 [INFO] Rule:233 - rule GTZC_S instance for context M33S is applicable
2025-10-25 00:00:22,493 [INFO] Rule:233 - rule GTZC_S instance value for IP GTZC is applicable
2025-10-25 00:00:22,493 [INFO] Rule:233 - rule GTZC_S instance for mcu.IP is applicable
2025-10-25 00:00:22,493 [INFO] Rule:233 - rule GTZC_S instance for VP is applicable
2025-10-25 00:00:22,493 [INFO] Rule:233 - rule GTZC_S instance for signal is applicable
2025-10-25 00:00:22,493 [INFO] Rule:233 - rule GTZC_S instance for mcu.Pin is applicable
2025-10-25 00:00:22,493 [INFO] Rule:233 - rule GTZC_S instance for VP is applicable
2025-10-25 00:00:22,493 [INFO] Rule:233 - rule GTZC_S instance for signal is applicable
2025-10-25 00:00:22,493 [INFO] Rule:233 - rule GTZC_S instance for mcu is applicable
2025-10-25 00:00:22,493 [INFO] Rule:233 - rule GTZC_S instance for mcu.Pin is applicable
2025-10-25 00:00:22,493 [INFO] Rule:233 - rule GTZC_S instance value for IP GTZC is applicable
2025-10-25 00:00:22,493 [INFO] Rule:233 - rule GTZC_S instance for project manager is applicable
2025-10-25 00:00:22,493 [INFO] Rule:233 - rule GTZC_S instance for context M33S is applicable
2025-10-25 00:00:22,493 [INFO] Rule:233 - rule GTZC_S instance for VP is applicable
2025-10-25 00:00:22,493 [INFO] Rule:233 - rule GTZC_S instance for signal is applicable
2025-10-25 00:00:22,493 [INFO] Rule:233 - rule SPDIFRX instance for mcu is applicable
2025-10-25 00:00:22,493 [INFO] Rule:233 - rule Rename Tracer Mode is applicable
2025-10-25 00:00:22,493 [INFO] Rule:233 - rule SPDIFRX instance value for IP SPDIFRX is applicable
2025-10-25 00:00:22,493 [INFO] Rule:233 - rule SPDIFRX instance for signal is applicable
2025-10-25 00:00:22,493 [INFO] Rule:233 - rule SPDIFRX instance for project manager is applicable
2025-10-25 00:00:22,493 [INFO] Rule:233 - rule SPDIFRX instance for project manager is applicable
2025-10-25 00:00:22,493 [INFO] Rule:233 - rule ADC Scan  fix with FW F7 is applicable
2025-10-25 00:00:22,493 [INFO] Rule:233 - rule ADC Scan  fix with FW F7 is applicable
2025-10-25 00:00:22,493 [INFO] Rule:233 - rule WakeUp0 Mode is applicable
2025-10-25 00:00:22,493 [INFO] Rule:233 - rule WakeUp0 SIGNAL is applicable
2025-10-25 00:00:22,493 [INFO] Rule:233 - rule WakeUp1 Mode is applicable
2025-10-25 00:00:22,493 [INFO] Rule:233 - rule WakeUp1 SIGNAL is applicable
2025-10-25 00:00:22,493 [INFO] Rule:233 - rule WakeUp2 Mode is applicable
2025-10-25 00:00:22,493 [INFO] Rule:233 - rule WakeUp2 SIGNAL is applicable
2025-10-25 00:00:22,493 [INFO] Rule:233 - rule WakeUp4 Mode is applicable
2025-10-25 00:00:22,493 [INFO] Rule:233 - rule WakeUp4 SIGNAL is applicable
2025-10-25 00:00:22,493 [INFO] Rule:233 - rule WakeUp5 Mode is applicable
2025-10-25 00:00:22,493 [INFO] Rule:233 - rule WakeUp5 SIGNAL is applicable
2025-10-25 00:00:22,493 [INFO] Rule:233 - rule Add RTC Activate Clock Source is applicable
2025-10-25 00:00:22,493 [INFO] Rule:233 - rule Add RTC Activate Calendar 1 is applicable
2025-10-25 00:00:22,493 [INFO] Rule:233 - rule Add RTC Activate Calendar 2 is applicable
2025-10-25 00:00:22,493 [INFO] Rule:233 - rule Add RTC Activate Calendar 3 is applicable
2025-10-25 00:00:22,493 [INFO] Rule:233 - rule UART/USART TX Mode is applicable
2025-10-25 00:00:22,493 [INFO] Rule:233 - rule UART/USART RX Mode is applicable
2025-10-25 00:00:22,493 [INFO] Rule:233 - rule UART/USART RX TX Mode is applicable
2025-10-25 00:00:22,493 [INFO] Rule:233 - rule UART/USART PARITY NONE is applicable
2025-10-25 00:00:22,493 [INFO] Rule:233 - rule UART/USART PARITY EVEN is applicable
2025-10-25 00:00:22,493 [INFO] Rule:233 - rule UART/USART PARITY ODD is applicable
2025-10-25 00:00:22,493 [INFO] Rule:233 - rule USART StopBits 1 is applicable
2025-10-25 00:00:22,493 [INFO] Rule:233 - rule USART StopBits 2 is applicable
2025-10-25 00:00:22,493 [INFO] Rule:233 - rule USART StopBits 1.5 is applicable
2025-10-25 00:00:22,493 [INFO] Rule:233 - rule USART StopBits 0.5 is applicable
2025-10-25 00:00:22,493 [INFO] Rule:233 - rule UART/USART WORD LENGTH 7 is applicable
2025-10-25 00:00:22,493 [INFO] Rule:233 - rule UART/USART WORD LENGTH 8 is applicable
2025-10-25 00:00:22,493 [INFO] Rule:233 - rule UART/USART WORD LENGTH 9 is applicable
2025-10-25 00:00:22,493 [INFO] Rule:233 - rule Rename FMC NAND NCE signal is applicable
2025-10-25 00:00:22,493 [INFO] Rule:233 - rule Rename FMC NAND INT signal is applicable
2025-10-25 00:00:22,493 [INFO] Rule:233 - rule Change Default Value for LSE Drive Capability for WB family is applicable
2025-10-25 00:00:22,493 [INFO] Rule:233 - rule Change Default Value for ADC Clock Prescaler G0 family is applicable
2025-10-25 00:00:22,493 [INFO] Rule:233 - rule Change Default Value for ADC ExternalTrigConv L4 family is applicable
2025-10-25 00:00:22,493 [INFO] Rule:233 - rule Change Default Value for ADC ExternalTrigInjecConv L4 family is applicable
2025-10-25 00:00:22,493 [INFO] Rule:233 - rule Change Default Value for ADC ExternalTrigConv F3 family is applicable
2025-10-25 00:00:22,493 [INFO] Rule:233 - rule Change Default Value for ADC ExternalTrigInjecConv F3 family is applicable
2025-10-25 00:00:22,493 [INFO] Rule:233 - rule Change Default Value for ADC ExternalTrigConv Goldfish serie is applicable
2025-10-25 00:00:22,493 [INFO] Rule:233 - rule Change Default Value for ADC ExternalTrigInjecConv Goldfish serie is applicable
2025-10-25 00:00:22,493 [INFO] Rule:233 - rule Change Default Value for ADC ExternalTrigConv L0 family is applicable
2025-10-25 00:00:22,493 [INFO] Rule:233 - rule Change Default Value for ADC ExternalTrigConv F0 family is applicable
2025-10-25 00:00:22,493 [INFO] Rule:233 - rule Change Default Value for ADC ExternalTrigConvn L1 family is applicable
2025-10-25 00:00:22,493 [INFO] Rule:233 - rule Change Default Value for ADC ExternalTrigInjecConv L1 family is applicable
2025-10-25 00:00:22,493 [INFO] Rule:233 - rule Change Default Value for ADC ExternalTrigConv F1 family is applicable
2025-10-25 00:00:22,493 [INFO] Rule:233 - rule Change Default Value for ADC ExternalTrigInjecConv F1 family is applicable
2025-10-25 00:00:22,493 [INFO] Rule:233 - rule Change Default Value for ADC ExternalTrigConv F7 family is applicable
2025-10-25 00:00:22,493 [INFO] Rule:233 - rule Change Default Value for ADC ExternalTrigInjecConv F7 family is applicable
2025-10-25 00:00:22,493 [INFO] Rule:233 - rule Change Default Value for ADC ExternalTrigConv F4 and F2 family is applicable
2025-10-25 00:00:22,493 [INFO] Rule:233 - rule Change Default Value for ADC ExternalTrigInjecConv F4 and F2 family is applicable
2025-10-25 00:00:22,493 [INFO] Rule:233 - rule ADC SamplingTime fix with FW L0  is applicable
2025-10-25 00:00:22,493 [INFO] Rule:233 - rule ADC SamplingTime fix with FW L0  is applicable
2025-10-25 00:00:22,493 [INFO] Rule:233 - rule ADC SamplingTime fix with FW L0 is applicable
2025-10-25 00:00:22,493 [INFO] Rule:233 - rule ADC SamplingTime fix with FW L0 is applicable
2025-10-25 00:00:22,493 [INFO] Rule:233 - rule ADC SamplingTime fix with FW L0  is applicable
2025-10-25 00:00:22,493 [INFO] Rule:233 - rule ADC SamplingTime fix with FW L0 is applicable
2025-10-25 00:00:22,493 [INFO] Rule:233 - rule Rename USB_OE Signal is applicable
2025-10-25 00:00:22,493 [INFO] Rule:233 - rule Rename Activate_OE Mode is applicable
2025-10-25 00:00:22,493 [INFO] Rule:233 - rule Rename DIE462/DIE415 pin PC14/OSC32_IN -> PC14-OSC32_IN (PC14) is applicable
2025-10-25 00:00:22,493 [INFO] Rule:233 - rule Rename DIE462/DIE415 pin PC15/OSC32_OUT -> PC15-OSC32_OUT (PC15) is applicable
2025-10-25 00:00:22,493 [INFO] Rule:233 - rule Rename DIE462/DIE415 pin PH0/OSC_IN -> PH0-OSC_IN (PH0) is applicable
2025-10-25 00:00:22,493 [INFO] Rule:233 - rule Rename DIE462/DIE415 pin PH1/OSC_OUT -> PH1-OSC_OUT (PH1) is applicable
2025-10-25 00:00:22,493 [INFO] Rule:233 - rule Rename DIE462 pin PA13 -> PA13 (JTMS/SWDIO) is applicable
2025-10-25 00:00:22,493 [INFO] Rule:233 - rule Rename DIE415 pin PA13 -> PA13 (JTMS/SWDIO) is applicable
2025-10-25 00:00:22,493 [INFO] Rule:233 - rule Rename DIE462 pin PA14 -> PA14 (JTCK/SWCLK) is applicable
2025-10-25 00:00:22,493 [INFO] Rule:233 - rule Rename DIE415 pin PA14 -> PA14 (JTCK/SWCLK) is applicable
2025-10-25 00:00:22,493 [INFO] Rule:233 - rule Rename DIE462/DIE415 pin PA15 -> PA15 (JTDI) is applicable
2025-10-25 00:00:22,493 [INFO] Rule:233 - rule Rename DIE462 pin PB3 -> PB3 (JTD0/TRACESWO) is applicable
2025-10-25 00:00:22,493 [INFO] Rule:233 - rule Rename DIE415 pin PB3 -> PB3 (JTD0-TRACESWO) is applicable
2025-10-25 00:00:22,493 [INFO] Rule:233 - rule Rename DIE462/DIE415 pin PB4 -> PB4 (NJTRST) is applicable
2025-10-25 00:00:22,493 [INFO] Rule:233 - rule Rename DIE462 pin PH3/BOOT0 -> PH3-BOOT0 (BOOT0) is applicable
2025-10-25 00:00:22,493 [INFO] Rule:233 - rule Rename CRYP DataEncryptionTypesList to Algorithm is applicable
2025-10-25 00:00:22,493 [INFO] Rule:233 - rule Rename AES DataEncryptionTypesList to Algorithm is applicable
2025-10-25 00:00:22,493 [INFO] Rule:233 - rule Rename TDESECB to CRYP_TDES_ECB is applicable
2025-10-25 00:00:22,493 [INFO] Rule:233 - rule Rename TDESCBC to CRYP_TDES_CBC is applicable
2025-10-25 00:00:22,493 [INFO] Rule:233 - rule Rename DESECB to CRYP_DES_ECB is applicable
2025-10-25 00:00:22,493 [INFO] Rule:233 - rule Rename DESCBC to CRYP_DES_CBC is applicable
2025-10-25 00:00:22,493 [INFO] Rule:233 - rule Rename AESECB to CRYP_AES_ECB is applicable
2025-10-25 00:00:22,493 [INFO] Rule:233 - rule Rename AESCBC to CRYP_AES_CBC is applicable
2025-10-25 00:00:22,493 [INFO] Rule:233 - rule Rename AESCTR to CRYP_AES_CTR is applicable
2025-10-25 00:00:22,493 [INFO] Rule:233 - rule Rename AESGCM to CRYP_AES_GCM is applicable
2025-10-25 00:00:22,493 [INFO] Rule:233 - rule Rename AESCCM to CRYP_AES_CCM is applicable
2025-10-25 00:00:22,493 [INFO] Rule:233 - rule Rename CAN TimeSeg1 to BS1 is applicable
2025-10-25 00:00:22,493 [INFO] Rule:233 - rule Rename CAN TimeSeg2 to BS2 is applicable
2025-10-25 00:00:22,493 [INFO] Rule:233 - rule Rename CAN SyncJumpWidth to SJW is applicable
2025-10-25 00:00:22,493 [INFO] Rule:233 - rule TimeTriggeredMode to TTCM is applicable
2025-10-25 00:00:22,493 [INFO] Rule:233 - rule Rename CAN AutoBusOff to ABOM is applicable
2025-10-25 00:00:22,493 [INFO] Rule:233 - rule Rename CAN AutoWakeUp to AWUM is applicable
2025-10-25 00:00:22,493 [INFO] Rule:233 - rule Rename CAN AutoRetransmission to NART is applicable
2025-10-25 00:00:22,493 [INFO] Rule:233 - rule Rename CAN ReceiveFifoLocked to RFLM is applicable
2025-10-25 00:00:22,493 [INFO] Rule:233 - rule Rename CAN TransmitFifoPriority to TXFP is applicable
2025-10-25 00:00:22,493 [INFO] Rule:233 - rule Rename HRTIMER HRTIM_OUTPUTFAULTLEVEL_HIGH in HRTIMER HRTIM_OUTPUTFAULTLEVEL_HIGHZ is applicable
2025-10-25 00:00:22,493 [INFO] Rule:233 - rule Rename TIMER TIM_CLEARINPUTSOURCE_OCREFCLR in  TIMER TIM_CLEARINPUTSOURCE_NONE for F7 family is applicable
2025-10-25 00:00:22,493 [INFO] Rule:233 - rule FDCAN_R1 - Rename FDCAN mode Master into Classic is applicable
2025-10-25 00:00:22,493 [INFO] Rule:233 - rule FDCAN_R2 - Rename FDCAN mode Slave into Classic is applicable
2025-10-25 00:00:22,493 [INFO] Rule:233 - rule FDCAN1_R3 - if PA10.Mode=FullDuplex, add Pin PA12 is applicable
2025-10-25 00:00:22,493 [INFO] Rule:233 - rule FDCAN1_R3 - if PA9.Mode=FullDuplex, add Pin PA11 is applicable
2025-10-25 00:00:22,493 [INFO] Rule:233 - rule FDCAN1_R3 - Alternatepin_1 - if PE1.Mode=FullDuplex, add Pin PB9 is applicable
2025-10-25 00:00:22,493 [INFO] Rule:233 - rule FDCAN1_R3 - Alternatepin_1 - if PE0.Mode=FullDuplex, add Pin PB8 is applicable
2025-10-25 00:00:22,493 [INFO] Rule:233 - rule FDCAN1_R3 - Alternatepin_2 - if PD5.Mode=FullDuplex, add Pin PD1 is applicable
2025-10-25 00:00:22,493 [INFO] Rule:233 - rule FDCAN1_R3 - Alternatepin_2 - if PD4.Mode=FullDuplex, add Pin PD0 is applicable
2025-10-25 00:00:22,493 [INFO] Rule:233 - rule FDCAN1_R4 - Rename Mode FullDuplex into Enable FDCAN_TXFD for pin PA10 is applicable
2025-10-25 00:00:22,493 [INFO] Rule:233 - rule FDCAN1_R4 - Rename Mode FullDuplex into Enable FDCAN_TXFD for pin PA9 is applicable
2025-10-25 00:00:22,493 [INFO] Rule:233 - rule FDCAN1_R4 - Alternatepin_1 - Rename Mode FullDuplex into Enable FDCAN_TXFD for pin PE1 is applicable
2025-10-25 00:00:22,493 [INFO] Rule:233 - rule FDCAN1_R4 - Alternatepin_1 - Rename Mode FullDuplex into Enable FDCAN_TXFD for pin PE0 is applicable
2025-10-25 00:00:22,493 [INFO] Rule:233 - rule FDCAN1_R4 - Alternatepin_2 - Rename Mode FullDuplex into Enable FDCAN_TXFD for pin PD5 is applicable
2025-10-25 00:00:22,493 [INFO] Rule:233 - rule FDCAN1_R4 - Alternatepin_2 - Rename Mode FullDuplex into Enable FDCAN_TXFD for pin PD4 is applicable
2025-10-25 00:00:22,493 [INFO] Rule:233 - rule FDCAN2_R3 - if PD10.Mode=FullDuplex, add Pin PB13 is applicable
2025-10-25 00:00:22,493 [INFO] Rule:233 - rule FDCAN2_R3 - if PD9.Mode=FullDuplex, add Pin PB12 is applicable
2025-10-25 00:00:22,493 [INFO] Rule:233 - rule FDCAN2_R3 - Alternatepin_1 - if PB7.Mode=FullDuplex, add Pin PB6 is applicable
2025-10-25 00:00:22,493 [INFO] Rule:233 - rule FDCAN2_R3 - Alternatepin_1 - if PD9.Mode=FullDuplex, add Pin PB12 is applicable
2025-10-25 00:00:22,493 [INFO] Rule:233 - rule FDCAN2_R4 - Rename Mode FullDuplex into Enable FDCAN_TXFD for pin PD10 is applicable
2025-10-25 00:00:22,493 [INFO] Rule:233 - rule FDCAN2_R4 - Rename Mode FullDuplex into Enable FDCAN_TXFD for pin PD9 is applicable
2025-10-25 00:00:22,493 [INFO] Rule:233 - rule FDCAN2_R4 - Alternatepin_1 - Rename Mode FullDuplex into Enable FDCAN_TXFD for pin PB7 is applicable
2025-10-25 00:00:22,493 [INFO] Rule:233 - rule FDCAN2_R4 - Alternatepin_1 - Rename Mode FullDuplex into Enable FDCAN_TXFD for pin PD6 is applicable
2025-10-25 00:00:22,493 [INFO] Rule:233 - rule USART TxPinLevelInvertParam Mode is applicable
2025-10-25 00:00:22,493 [INFO] Rule:233 - rule USART RxPinLevelInvertParam Mode is applicable
2025-10-25 00:00:22,493 [INFO] Rule:233 - rule USART DataInvertParam Mode is applicable
2025-10-25 00:00:22,493 [INFO] Rule:233 - rule USART SwapParam Mode is applicable
2025-10-25 00:00:22,493 [INFO] Rule:233 - rule USART OverrunDisableParam Mode is applicable
2025-10-25 00:00:22,493 [INFO] Rule:233 - rule USART DMADisableonRxErrorParam Mode is applicable
2025-10-25 00:00:22,493 [INFO] Rule:233 - rule USART MSBFirstParam Mode is applicable
2025-10-25 00:00:22,493 [INFO] Rule:233 - rule Update MwName for USB_DEVICE is applicable
2025-10-25 00:00:22,493 [INFO] Rule:233 - rule Change PWR_Regulator_Voltage_Scale Default Value for RCC  H7 family is applicable
2025-10-25 00:00:22,493 [INFO] Rule:233 - rule UART/USART IPParameter rename Prescaler parameter to ClockPrescaler is applicable
2025-10-25 00:00:22,493 [INFO] Rule:233 - rule UART/USART Prescaler rename Prescaler parameter to ClockPrescaler is applicable
2025-10-25 00:00:22,493 [INFO] Rule:233 - rule TIM1CLockSelection is applicable
2025-10-25 00:00:22,493 [INFO] Rule:233 - rule TIM15CLockSelection is applicable
2025-10-25 00:00:22,493 [INFO] Rule:233 - rule align RCC SDMMC3CLockSelection default value on MP1 is applicable
2025-10-25 00:00:22,493 [INFO] Rule:233 - rule align RCC SDMMC12CLockSelection default value on MP1 is applicable
2025-10-25 00:00:22,493 [INFO] Rule:233 - rule align RCC QSPICLockSelection default value on MP1 is applicable
2025-10-25 00:00:22,493 [INFO] Rule:233 - rule align RCC QSPICLockSelection default value on MP1 is applicable
2025-10-25 00:00:22,493 [INFO] Rule:233 - rule align RCC SPI6CLockSelection default value on MP1 is applicable
2025-10-25 00:00:22,493 [INFO] Rule:233 - rule align RCC LPTIM23CLockSelection default value on MP1 is applicable
2025-10-25 00:00:22,493 [INFO] Rule:233 - rule align RCC LPTIM1CLockSelection default value on MP1 is applicable
2025-10-25 00:00:22,493 [INFO] Rule:233 - rule align RCC USART1CLockSelection default value on MP1 is applicable
2025-10-25 00:00:22,493 [INFO] Rule:233 - rule align RCC USART24CLockSelection default value on MP1 is applicable
2025-10-25 00:00:22,493 [INFO] Rule:233 - rule align RCC USART6CLockSelection default value on MP1 is applicable
2025-10-25 00:00:22,493 [INFO] Rule:233 - rule align RCC UART78CLockSelection default value on MP1 is applicable
2025-10-25 00:00:22,493 [INFO] Rule:233 - rule align RCC USART35CLockSelection default value on MP1 is applicable
2025-10-25 00:00:22,493 [INFO] Rule:233 - rule align RCC SPI45CLockSelection default value on MP1 is applicable
2025-10-25 00:00:22,493 [INFO] Rule:233 - rule align RCC I2C46CLockSelection BCLK value on MP1 is applicable
2025-10-25 00:00:22,493 [INFO] Rule:233 - rule align RCC SPI45CLockSelection default value on MP1 is applicable
2025-10-25 00:00:22,493 [INFO] Rule:233 - rule align RCC I2C12CLockSelection default value on MP1 is applicable
2025-10-25 00:00:22,493 [INFO] Rule:233 - rule align RCC I2C35CLockSelection default value on MP1 is applicable
2025-10-25 00:00:22,493 [INFO] Rule:233 - rule align RCC LPTIM45CLockSelection default value on MP1 is applicable
2025-10-25 00:00:22,493 [INFO] Rule:233 - rule Rename DCMI PIXCK signal is applicable
2025-10-25 00:00:22,493 [INFO] Rule:233 - rule Change Default Value for I2C46CLockSelection MP1 family is applicable
2025-10-25 00:00:22,493 [INFO] Rule:233 - rule Change Default Value for UART for G4, G0 and WB families is applicable
2025-10-25 00:00:22,493 [INFO] Rule:233 - rule Change Default Value for USART for G4, G0 and WB families is applicable
2025-10-25 00:00:22,493 [INFO] Rule:233 - rule Change Default Value for USART for G4 family is applicable
2025-10-25 00:00:22,493 [INFO] Rule:233 - rule Change USART1CLockSelection refparam name for MP1 is applicable
2025-10-25 00:00:22,493 [INFO] Rule:233 - rule Change USART2CLockSelection refparam name for MP1 is applicable
2025-10-25 00:00:22,493 [INFO] Rule:233 - rule Change USART3CLockSelection refparam name for MP1 is applicable
2025-10-25 00:00:22,493 [INFO] Rule:233 - rule Change UART4CLockSelection refparam name for MP1 is applicable
2025-10-25 00:00:22,493 [INFO] Rule:233 - rule Change UART5CLockSelection refparam name for MP1 is applicable
2025-10-25 00:00:22,493 [INFO] Rule:233 - rule Change LPUART1CLockSelection refparam name for MP1 is applicable
2025-10-25 00:00:22,493 [INFO] Rule:233 - rule Change LPTIM1CLockSelection refparam name for MP1 is applicable
2025-10-25 00:00:22,493 [INFO] Rule:233 - rule Change LPTIM2CLockSelection refparam name for MP1 is applicable
2025-10-25 00:00:22,493 [INFO] Rule:233 - rule Change RCC_MCO1Source refparam name for MP1 is applicable
2025-10-25 00:00:22,493 [INFO] Rule:233 - rule Change LSCOSource1 refparam name for MP1 is applicable
2025-10-25 00:00:22,493 [INFO] Rule:233 - rule Change SMPSCLockSelection refparam name for MP1 is applicable
2025-10-25 00:00:22,493 [INFO] Rule:233 - rule Change LPTIM3CLockSelection refparam name for MP1 is applicable
2025-10-25 00:00:22,493 [INFO] Rule:233 - rule Change MPCBB* Default Template Mode to Parameters is applicable
2025-10-25 00:00:22,493 [INFO] Rule:233 - rule Change MPCWM* or MPCBB* Secure Mode to Parameters is applicable
2025-10-25 00:00:22,493 [INFO] Rule:233 - rule Change MPCWM* or MPCBB* No Secure Mode to Parameters is applicable
2025-10-25 00:00:22,493 [INFO] Rule:233 - rule Change TZSC IP Secure Mode to Parameters is applicable
2025-10-25 00:00:22,493 [INFO] Rule:233 - rule Change TZSC IP No Secure Mode to Parameters is applicable
2025-10-25 00:00:22,493 [INFO] Rule:233 - rule Change TZSC IP Privilege Mode to Parameters is applicable
2025-10-25 00:00:22,493 [INFO] Rule:233 - rule Change TZSC IP No Privilege Mode to Parameters is applicable
2025-10-25 00:00:22,493 [INFO] Rule:233 - rule Change TZIC IT Secure Mode to Parameters is applicable
2025-10-25 00:00:22,493 [INFO] Rule:233 - rule Change TZIC IT No Secure Mode to Parameters is applicable
2025-10-25 00:00:22,493 [INFO] Rule:233 - rule Add MPCBB1_NonSecureArea_Start_Address value with referenced to MPCBB1_NonSecureArea_Start value is applicable
2025-10-25 00:00:22,493 [INFO] Rule:233 - rule Add MPCBB2_NonSecureArea_Start_Address value with referenced to MPCBB2_NonSecureArea_Start value is applicable
2025-10-25 00:00:22,493 [INFO] Rule:233 - rule Add MPCWM1_NonSecureArea*_Start_Address value with referenced to MPCWM1_NonSecureArea*_Start value is applicable
2025-10-25 00:00:22,493 [INFO] Rule:233 - rule Add MPCWM2_NonSecureArea*_Start_Address value with referenced to MPCWM2_NonSecureArea*_Start value is applicable
2025-10-25 00:00:22,493 [INFO] Rule:233 - rule Add MPCWM3_NonSecureArea_Start_Address value with referenced to MPCWM3_NonSecureArea_Start value is applicable
2025-10-25 00:00:22,493 [INFO] Rule:233 - rule Change Default Value for PLL1UserDefinedConfig is applicable
2025-10-25 00:00:22,493 [INFO] Rule:233 - rule Change GPIO_PuPd Default Value for USART in async mode is applicable
2025-10-25 00:00:22,493 [INFO] Rule:233 - rule Change SMPSDivider Default Value is applicable
2025-10-25 00:00:22,493 [INFO] Rule:233 - rule OPAMP is applicable
2025-10-25 00:00:22,493 [INFO] Rule:233 - rule LPUART IPParameter rename Prescaler parameter to ClockPrescaler for STM32H7 is applicable
2025-10-25 00:00:22,493 [INFO] Rule:233 - rule LPUART IPParameter rename Prescaler parameter to ClockPrescaler for STM32H7 is applicable
2025-10-25 00:00:22,493 [INFO] Rule:233 - rule LPUART IPParameter rename Prescaler parameter to ClockPrescaler for STM32WB is applicable
2025-10-25 00:00:22,493 [INFO] Rule:233 - rule LPUART IPParameter rename Prescaler parameter to ClockPrescaler for STM32WB is applicable
2025-10-25 00:00:22,493 [INFO] Rule:233 - rule LPUART IPParameter rename Prescaler parameter to ClockPrescaler for STM32G4 is applicable
2025-10-25 00:00:22,493 [INFO] Rule:233 - rule LPUART IPParameter rename Prescaler parameter to ClockPrescaler for STM32G4 is applicable
2025-10-25 00:00:22,493 [INFO] Rule:233 - rule LPUART IPParameter rename Prescaler parameter to ClockPrescaler for STM32L5 is applicable
2025-10-25 00:00:22,493 [INFO] Rule:233 - rule LPUART IPParameter rename Prescaler parameter to ClockPrescaler for STM32L5 is applicable
2025-10-25 00:00:22,493 [INFO] Rule:233 - rule LPUART IPParameter rename Prescaler parameter to ClockPrescaler for STM32G4 is applicable
2025-10-25 00:00:22,493 [INFO] Rule:233 - rule LPUART IPParameter rename Prescaler parameter to ClockPrescaler for STM32G4 is applicable
2025-10-25 00:00:22,493 [INFO] Rule:233 - rule USB device lib V2.5.3 for L0 rename USBD_SUPPORT_USER_STRING parameter to USBD_SUPPORT_USER_STRING_DESC4 is applicable
2025-10-25 00:00:22,493 [INFO] Rule:233 - rule I2SCLockSelection clock entry align is applicable
2025-10-25 00:00:22,493 [INFO] Rule:233 - rule Assign TIMx context if used as SYS timebase is applicable
2025-10-25 00:00:22,493 [INFO] Rule:233 - rule Change GPIO_Pu Default Value for I2C is applicable
2025-10-25 00:00:22,493 [INFO] Rule:233 - rule Change GPIO_Pu Default Value for SMBus is applicable
2025-10-25 00:00:22,493 [INFO] Rule:233 - rule change FDCAN default value is applicable
2025-10-25 00:00:22,493 [INFO] Rule:233 - rule Change mode sai is applicable
2025-10-25 00:00:22,493 [INFO] Rule:233 - rule **Change sai mode is applicable
2025-10-25 00:00:22,493 [INFO] Rule:233 - rule Rename STM32WPAN CFG_BLE_IRK to CFG_BLE_IR is applicable
2025-10-25 00:00:22,493 [INFO] Rule:233 - rule Rename STM32WPAN CFG_BLE_ERK to CFG_BLE_ER is applicable
2025-10-25 00:00:22,493 [INFO] Rule:233 - rule Rename STM32WPAN CFG_BLE_IRK_HEX to CFG_BLE_IR_HEX is applicable
2025-10-25 00:00:22,493 [INFO] Rule:233 - rule Rename STM32WPAN CFG_BLE_ERK_HEX to CFG_BLE_ER_HEX is applicable
2025-10-25 00:00:22,493 [INFO] Rule:233 - rule Adapt Old IOC before rework replace old CORTEX_M33/CORTEX_M55 attributes by the new one. is applicable
2025-10-25 00:00:22,493 [INFO] Rule:233 - rule Rename parametre of RCC RCC_APBDBG_DIV2 to RCC_TIMPRES_DIV2 is applicable
2025-10-25 00:00:22,493 [INFO] Rule:233 - rule Rename DIE493 pin PA10 [PA12] -> PA10 is applicable
2025-10-25 00:00:22,493 [INFO] Rule:233 - rule Rename DIE493 pin PA9 [PA11] -> PA9 is applicable
2025-10-25 00:00:22,493 [INFO] Rule:233 - rule Rename DIE492 PartNumber CPN STM32WBA5MJGHx -> STM32WBA5MMGHx is applicable
2025-10-25 00:00:22,493 [INFO] Rule:233 - rule Rename DIE492 PartNumber  Name STM32WBA5MJGHx -> STM32WBA5MMGHx is applicable
2025-10-25 00:00:22,493 [INFO] Rule:233 - rule Rename DIE492 PartNumber UserName STM32WBA5MJGHx -> STM32WBA5MMGHx is applicable
2025-10-25 00:00:22,493 [INFO] Rule:233 - rule Rename DIE492 PartNumber DeviceId STM32WBA5MJGHx -> STM32WBA5MMGHx is applicable
2025-10-25 00:00:22,493 [INFO] Rule:233 - rule Adapt Old IOC CSI. is applicable
2025-10-25 00:00:22,493 [INFO] Rule:233 - rule Adapt Old IOC DCMIPP. is applicable
2025-10-25 00:00:22,493 [INFO] Rule:233 - rule Adapt Old IOC DCMIPP Mode Parallel. is applicable
2025-10-25 00:00:22,493 [INFO] Rule:233 - rule Adapt Old IOC LTDC. is applicable
2025-10-25 00:00:22,493 [INFO] Rule:233 - rule Rename STM32MP2 RIF Peripheral LTDC RIF.RISUP.LTDC_L0L1.Privilege -> RIF.RISUP.LTDC_L1L2.Privilege is applicable
2025-10-25 00:00:22,493 [INFO] Rule:233 - rule Rename STM32MP2 RIF Peripheral LTDC RIF.RISUP.LTDC_L0L1.Privilege -> RIF.RISUP.LTDC_L1L2.Privilege is applicable
2025-10-25 00:00:22,493 [INFO] Rule:233 - rule Rename STM32MP2 RIF Peripheral LTDC RIF.RISUP.LTDC_L0L1.Lock -> RIF.RISUP.LTDC_L1L2.Lock is applicable
2025-10-25 00:00:22,493 [INFO] Rule:233 - rule Rename STM32MP2 RIF Peripheral LTDC RIF.RISUP.LTDC_L2.Lock -> RIF.RISUP.LTDC_L3.Lock is applicable
2025-10-25 00:00:22,493 [INFO] Rule:233 - rule Adapt the old IOC example for updating the SYS when it is misconfigured. is applicable
2025-10-25 00:00:22,493 [INFO] Rule:233 - rule Rename STM32C09 Mcu.Package LQFP64 -> LQFP48 is applicable
2025-10-25 00:00:22,493 [INFO] Rule:233 - rule Adapt the old IOC example for updating the SYS when it is misconfigured. is applicable
2025-10-25 00:00:22,493 [INFO] Rule:233 - rule Adapt the old IOC example for updating the SYS when it is misconfigured. is applicable
2025-10-25 00:00:22,509 [INFO] DbConfProperties:307 - Apply Compatibility (53/282 Rules)
2025-10-25 00:00:22,525 [INFO] ImportTextPane:234 - (OptionalMessage_ERROR) Unable to find key (Mcu.ThirdPartyNb) in loaded IOC file
2025-10-25 00:00:22,525 [INFO] ImportTextPane:234 - (OptionalMessage_ERROR) Pin12 (VP_RIF_VS_RIF1) cannot be retrieved for this MCU
2025-10-25 00:00:22,588 [INFO] RtosManager:558 - Registered RTOS mode: class=CMSIS, group=RTOS, mode=CMSIS_V1, owner=FREERTOS
2025-10-25 00:00:22,588 [INFO] RtosManager:558 - Registered RTOS mode: class=CMSIS, group=RTOS2, mode=CMSIS_V2, owner=FREERTOS
2025-10-25 00:00:22,588 [INFO] RtosManager:558 - Registered RTOS mode: class=RTOS, group=Core, mode=CMSIS_V1, owner=FREERTOS
2025-10-25 00:00:22,588 [INFO] RtosManager:558 - Registered RTOS mode: class=RTOS, group=Core, mode=CMSIS_V2, owner=FREERTOS
2025-10-25 00:00:22,588 [WARN] ModelIntegratedComponent:184 - Missing modes for component STMicroelectronics:FreeRTOS:0.0.1:STMicroelectronics:RTOS:FreeRTOS:Core:::10.2.0:
2025-10-25 00:00:22,620 [WARN] ModelIntegratedComponent:63 - No mode defined for component null
2025-10-25 00:00:22,620 [WARN] ModelIntegratedComponent:63 - No mode defined for component null
2025-10-25 00:00:22,620 [WARN] ModelIntegratedComponent:63 - No mode defined for component null
2025-10-25 00:00:22,620 [WARN] ModelIntegratedComponent:63 - No mode defined for component null
2025-10-25 00:00:22,620 [WARN] ModelIntegratedComponent:63 - No mode defined for component null
2025-10-25 00:00:22,620 [WARN] ModelIntegratedComponent:63 - No mode defined for component null
2025-10-25 00:00:22,620 [WARN] ModelIntegratedComponent:63 - No mode defined for component null
2025-10-25 00:00:22,620 [WARN] ModelIntegratedComponent:63 - No mode defined for component null
2025-10-25 00:00:22,620 [WARN] ModelIntegratedComponent:63 - No mode defined for component null
2025-10-25 00:00:22,620 [WARN] ModelIntegratedComponent:63 - No mode defined for component null
2025-10-25 00:00:22,620 [WARN] ModelIntegratedComponent:63 - No mode defined for component null
2025-10-25 00:00:22,620 [WARN] ModelIntegratedComponent:63 - No mode defined for component null
2025-10-25 00:00:22,620 [WARN] ModelIntegratedComponent:63 - No mode defined for component null
2025-10-25 00:00:22,620 [WARN] ModelIntegratedComponent:63 - No mode defined for component null
2025-10-25 00:00:22,620 [WARN] ModelIntegratedComponent:63 - No mode defined for component null
2025-10-25 00:00:22,620 [WARN] ModelIntegratedComponent:63 - No mode defined for component null
2025-10-25 00:00:22,620 [WARN] ModelIntegratedComponent:63 - No mode defined for component null
2025-10-25 00:00:22,620 [WARN] ModelIntegratedComponent:63 - No mode defined for component null
2025-10-25 00:00:22,620 [WARN] ModelIntegratedComponent:63 - No mode defined for component null
2025-10-25 00:00:22,620 [WARN] ModelIntegratedComponent:63 - No mode defined for component null
2025-10-25 00:00:22,620 [WARN] ModelIntegratedComponent:63 - No mode defined for component null
2025-10-25 00:00:22,620 [WARN] ModelIntegratedComponent:63 - No mode defined for component null
2025-10-25 00:00:22,620 [WARN] ModelIntegratedComponent:63 - No mode defined for component null
2025-10-25 00:00:22,620 [WARN] ModelIntegratedComponent:63 - No mode defined for component null
2025-10-25 00:00:22,620 [WARN] ModelIntegratedComponent:63 - No mode defined for component null
2025-10-25 00:00:22,620 [WARN] ModelIntegratedComponent:63 - No mode defined for component null
2025-10-25 00:00:22,620 [WARN] ModelIntegratedComponent:63 - No mode defined for component null
2025-10-25 00:00:22,620 [WARN] ModelIntegratedComponent:63 - No mode defined for component null
2025-10-25 00:00:22,620 [WARN] ModelIntegratedComponent:63 - No mode defined for component null
2025-10-25 00:00:22,620 [WARN] ModelIntegratedComponent:63 - No mode defined for component null
2025-10-25 00:00:22,620 [WARN] ModelIntegratedComponent:63 - No mode defined for component null
2025-10-25 00:00:22,620 [WARN] ModelIntegratedComponent:63 - No mode defined for component null
2025-10-25 00:00:22,620 [WARN] ModelIntegratedComponent:63 - No mode defined for component null
2025-10-25 00:00:22,620 [WARN] ModelIntegratedComponent:63 - No mode defined for component null
2025-10-25 00:00:22,620 [WARN] ModelIntegratedComponent:63 - No mode defined for component null
2025-10-25 00:00:22,620 [WARN] ModelPack:524 - Component already loaded: STMicroelectronics:HAL Drivers:0.0.0:STMicroelectronics:Device:STMicro_Driver:XSPI:HAL::0.0.1:HAL_XSPI
2025-10-25 00:00:22,905 [INFO] ThirdPartyModel:298 - Start build external matchings
2025-10-25 00:00:23,585 [INFO] ThirdPartyModel:316 - End build external matchings
2025-10-25 00:00:23,601 [INFO] ImportTextPane:234 - (OptionalMessage_ERROR) IP (RCC) : Invalid parameter (FamilyName)
2025-10-25 00:00:23,603 [INFO] ImportTextPane:234 - (OptionalMessage_ERROR) IP (RCC) : Parameter (RNGFreq_Value) has invalid value (64000000)
2025-10-25 00:00:23,603 [INFO] ImportTextPane:234 - (OptionalMessage_ERROR) IP (RCC) : Parameter (SDMMCFreq_Value) has invalid value (64000000)
2025-10-25 00:00:23,603 [INFO] ImportTextPane:234 - (OptionalMessage_ERROR) IP (RCC) : Parameter (USBFreq_Value) has invalid value (64000000)
2025-10-25 00:00:23,994 [INFO] UtilMem:75 - End LoadConfig() Used Memory: 476196048 Bytes (1073741824)
2025-10-25 00:00:24,016 [WARN] ThirdParty:833 - waiting for thirdparty lock release [change project]
2025-10-25 00:00:24,016 [INFO] ThirdParty:835 - entering critical section [change project]
2025-10-25 00:00:24,016 [INFO] ThirdParty:1030 - CMSIS Pack Vendor :STMicroelectronics X-CUBE-PM33A1 1.0.0
2025-10-25 00:00:24,016 [INFO] ThirdParty:1030 - CMSIS Pack Vendor :STMicroelectronics USBPD 4.1
2025-10-25 00:00:24,016 [INFO] ThirdParty:1030 - CMSIS Pack Vendor :STMicroelectronics X-CUBE-NFC9 1.0.0
2025-10-25 00:00:24,016 [INFO] ThirdParty:1030 - CMSIS Pack Vendor :STMicroelectronics USB_HOST 2.0.0
2025-10-25 00:00:24,016 [INFO] ThirdParty:1030 - CMSIS Pack Vendor :STMicroelectronics FP-SNS-MOTENVWB1 1.4.0
2025-10-25 00:00:24,016 [INFO] ThirdParty:1030 - CMSIS Pack Vendor :STMicroelectronics X-CUBE-AZRTOS-F4 1.1.0
2025-10-25 00:00:24,016 [INFO] ThirdParty:1030 - CMSIS Pack Vendor :STMicroelectronics LIBJPEG 8.0.0
2025-10-25 00:00:24,016 [INFO] ThirdParty:1030 - CMSIS Pack Vendor :STMicroelectronics FP-ATR-ASTRA1 2.0.2
2025-10-25 00:00:24,016 [INFO] ThirdParty:1030 - CMSIS Pack Vendor :wolfSSL I-CUBE-wolfSSL 5.8.2
2025-10-25 00:00:24,016 [INFO] ThirdParty:1030 - CMSIS Pack Vendor :STMicroelectronics X-CUBE-BLE1 7.1.0
2025-10-25 00:00:24,016 [INFO] ThirdParty:1030 - CMSIS Pack Vendor :Avnet-IotConnect X-CUBE-IoTC-DA16k-PMOD 1.0.0
2025-10-25 00:00:24,016 [INFO] ThirdParty:1030 - CMSIS Pack Vendor :STMicroelectronics X-CUBE-SMBUS 2.1.0
2025-10-25 00:00:24,016 [INFO] ThirdParty:1030 - CMSIS Pack Vendor :wolfSSL I-CUBE-wolfMQTT 1.19.2
2025-10-25 00:00:24,016 [INFO] ThirdParty:1030 - CMSIS Pack Vendor :STMicroelectronics USB_DEVICE 3.0.0
2025-10-25 00:00:24,016 [INFO] ThirdParty:1030 - CMSIS Pack Vendor :STMicroelectronics X-CUBE-ISPU 2.1.0
2025-10-25 00:00:24,017 [INFO] ThirdParty:1030 - CMSIS Pack Vendor :STMicroelectronics X-CUBE-EEPRMA1 5.2.0
2025-10-25 00:00:24,017 [INFO] ThirdParty:1030 - CMSIS Pack Vendor :STMicroelectronics X-CUBE-IPS 3.2.0
2025-10-25 00:00:24,017 [INFO] ThirdParty:1030 - CMSIS Pack Vendor :STMicroelectronics X-CUBE-BLEMGR 4.1.0
2025-10-25 00:00:24,017 [INFO] ThirdParty:1030 - CMSIS Pack Vendor :STMicroelectronics X-CUBE-AZRTOS-WB 2.0.0
2025-10-25 00:00:24,017 [INFO] ThirdParty:1030 - CMSIS Pack Vendor :STMicroelectronics X-CUBE-ST60 1.0.0
2025-10-25 00:00:24,017 [INFO] ThirdParty:1030 - CMSIS Pack Vendor :STMicroelectronics X-CUBE-GNSS1 7.0.1
2025-10-25 00:00:24,017 [INFO] ThirdParty:1030 - CMSIS Pack Vendor :STMicroelectronics X-CUBE-NFC12 1.0.0
2025-10-25 00:00:24,017 [INFO] ThirdParty:1030 - CMSIS Pack Vendor :STMicroelectronics X-CUBE-AZRTOS-F7 1.1.0
2025-10-25 00:00:24,017 [INFO] ThirdParty:1030 - CMSIS Pack Vendor :STMicroelectronics X-CUBE-AZRTOS-L5 2.0.0
2025-10-25 00:00:24,017 [INFO] ThirdParty:1030 - CMSIS Pack Vendor :STMicroelectronics X-CUBE-TOUCHGFX 4.25.0
2025-10-25 00:00:24,017 [INFO] ThirdParty:1030 - CMSIS Pack Vendor :STMicroelectronics USB_DEVICE 2.0.0
2025-10-25 00:00:24,017 [INFO] ThirdParty:1030 - CMSIS Pack Vendor :STMicroelectronics X-CUBE-NFC6 3.1.0
2025-10-25 00:00:24,017 [INFO] ThirdParty:1030 - CMSIS Pack Vendor :STMicroelectronics X-CUBE-ST67W61 1.1.0
2025-10-25 00:00:24,017 [INFO] ThirdParty:1030 - CMSIS Pack Vendor :quantropi X-CUBE-qispace-sdk-base 2.1.0
2025-10-25 00:00:24,017 [INFO] ThirdParty:1030 - CMSIS Pack Vendor :STMicroelectronics FreeRTOS 0.0.1
2025-10-25 00:00:24,017 [INFO] ThirdParty:1030 - CMSIS Pack Vendor :STMicroelectronics X-CUBE-AZRTOS-G0 1.1.0
2025-10-25 00:00:24,017 [INFO] ThirdParty:1030 - CMSIS Pack Vendor :STMicroelectronics X-CUBE-SAFEA1 1.2.2
2025-10-25 00:00:24,017 [INFO] ThirdParty:1030 - CMSIS Pack Vendor :STMicroelectronics X-CUBE-NFC4 3.0.0
2025-10-25 00:00:24,017 [INFO] ThirdParty:1030 - CMSIS Pack Vendor :STMicroelectronics X-CUBE-SUBG2 5.0.0
2025-10-25 00:00:24,017 [INFO] ThirdParty:1030 - CMSIS Pack Vendor :STMicroelectronics X-CUBE-AZRTOS-H7RS 1.1.0
2025-10-25 00:00:24,017 [INFO] ThirdParty:1030 - CMSIS Pack Vendor :STMicroelectronics STM32_WPAN 1.0.0
2025-10-25 00:00:24,017 [INFO] ThirdParty:1030 - CMSIS Pack Vendor :EmbeddedOffice I-CUBE-FS-RTOS 1.0.1
2025-10-25 00:00:24,017 [INFO] ThirdParty:1030 - CMSIS Pack Vendor :STMicroelectronics lwIP 2.0.3
2025-10-25 00:00:24,017 [INFO] ThirdParty:1030 - CMSIS Pack Vendor :WES I-CUBE-Cesium 1.4.0
2025-10-25 00:00:24,017 [INFO] ThirdParty:1030 - CMSIS Pack Vendor :Cesanta I-CUBE-Mongoose 7.13.0
2025-10-25 00:00:24,017 [INFO] ThirdParty:1030 - CMSIS Pack Vendor :STMicroelectronics USB_HOST 1.0.0
2025-10-25 00:00:24,017 [INFO] ThirdParty:1030 - CMSIS Pack Vendor :Infineon AIROC-Wi-Fi-Bluetooth-STM32 1.7.1
2025-10-25 00:00:24,017 [INFO] ThirdParty:1030 - CMSIS Pack Vendor :STMicroelectronics X-CUBE-AZRTOS-G4 2.0.0
2025-10-25 00:00:24,017 [INFO] ThirdParty:1030 - CMSIS Pack Vendor :STMicroelectronics X-CUBE-WB05N 2.0.0
2025-10-25 00:00:24,017 [INFO] ThirdParty:1030 - CMSIS Pack Vendor :STMicroelectronics PDM2PCM 3.1.0
2025-10-25 00:00:24,017 [INFO] ThirdParty:1030 - CMSIS Pack Vendor :STMicroelectronics PDM2PCM 3.3.0
2025-10-25 00:00:24,017 [INFO] ThirdParty:1030 - CMSIS Pack Vendor :wolfSSL I-CUBE-wolfTPM 3.8.0
2025-10-25 00:00:24,017 [INFO] ThirdParty:1030 - CMSIS Pack Vendor :STMicroelectronics X-CUBE-AZRTOS-H7 3.4.0
2025-10-25 00:00:24,017 [INFO] ThirdParty:1030 - CMSIS Pack Vendor :STMicroelectronics X-CUBE-DISPLAY 3.0.0
2025-10-25 00:00:24,017 [INFO] ThirdParty:1030 - CMSIS Pack Vendor :wolfSSL I-CUBE-wolfSSH 1.4.20
2025-10-25 00:00:24,017 [INFO] ThirdParty:1030 - CMSIS Pack Vendor :STMicroelectronics X-CUBE-NFC7 2.0.0
2025-10-25 00:00:24,017 [INFO] ThirdParty:1030 - CMSIS Pack Vendor :STMicroelectronics X-CUBE-TCPP 4.2.0
2025-10-25 00:00:24,017 [INFO] ThirdParty:1030 - CMSIS Pack Vendor :RealThread X-CUBE-RT-Thread_Nano 4.1.1
2025-10-25 00:00:24,017 [INFO] ThirdParty:1030 - CMSIS Pack Vendor :STMicroelectronics FP-ATR-SIGFOX1 3.2.0
2025-10-25 00:00:24,017 [INFO] ThirdParty:1030 - CMSIS Pack Vendor :STMicroelectronics X-CUBE-NFC10 1.0.0
2025-10-25 00:00:24,017 [INFO] ThirdParty:1030 - CMSIS Pack Vendor :STMicroelectronics X-CUBE-FREERTOS 1.3.1
2025-10-25 00:00:24,017 [INFO] ThirdParty:1030 - CMSIS Pack Vendor :STMicroelectronics HAL Drivers 0.0.0
2025-10-25 00:00:24,017 [INFO] ThirdParty:1030 - CMSIS Pack Vendor :STMicroelectronics MBEDTLS 2.16.2
2025-10-25 00:00:24,017 [INFO] ThirdParty:1030 - CMSIS Pack Vendor :STMicroelectronics X-CUBE-ST60 1.1.0
2025-10-25 00:00:24,017 [INFO] ThirdParty:1030 - CMSIS Pack Vendor :STMicroelectronics X-CUBE-IPS 3.1.0
2025-10-25 00:00:24,017 [INFO] ThirdParty:1030 - CMSIS Pack Vendor :STMicroelectronics X-CUBE-ALS 1.0.2
2025-10-25 00:00:24,018 [INFO] ThirdParty:1030 - CMSIS Pack Vendor :emotas I-CUBE-CANOPEN 1.3.0
2025-10-25 00:00:24,018 [INFO] ThirdParty:1030 - CMSIS Pack Vendor :STMicroelectronics MBEDTLS 2.14.1
2025-10-25 00:00:24,018 [INFO] ThirdParty:1030 - CMSIS Pack Vendor :ITTIA_DB I-CUBE-ITTIADB 8.9.0
2025-10-25 00:00:24,018 [INFO] ThirdParty:1030 - CMSIS Pack Vendor :STMicroelectronics X-CUBE-TOUCHGFX 4.26.0
2025-10-25 00:00:24,018 [INFO] ThirdParty:1030 - CMSIS Pack Vendor :STMicroelectronics X-CUBE-STSE01 1.0.0
2025-10-25 00:00:24,018 [INFO] ThirdParty:1030 - CMSIS Pack Vendor :STMicroelectronics X-CUBE-ST67W61 1.0.0
2025-10-25 00:00:24,018 [INFO] ThirdParty:1030 - CMSIS Pack Vendor :STMicroelectronics FP-SNS-STBOX1 2.1.0
2025-10-25 00:00:24,018 [INFO] ThirdParty:1030 - CMSIS Pack Vendor :STMicroelectronics X-CUBE-AI 10.2.0
2025-10-25 00:00:24,018 [INFO] ThirdParty:1030 - CMSIS Pack Vendor :STMicroelectronics FP-SNS-STAIOTCFT 1.0.0
2025-10-25 00:00:24,018 [INFO] ThirdParty:1030 - CMSIS Pack Vendor :STMicroelectronics ThreadX 1.0.0
2025-10-25 00:00:24,018 [INFO] ThirdParty:1030 - CMSIS Pack Vendor :STMicroelectronics FP-SNS-SMARTAG2 1.2.0
2025-10-25 00:00:24,018 [INFO] ThirdParty:1030 - CMSIS Pack Vendor :STMicroelectronics FP-SNS-FLIGHT1 5.1.0
2025-10-25 00:00:24,018 [INFO] ThirdParty:1030 - CMSIS Pack Vendor :STMicroelectronics X-CUBE-AZRTOS-WL 2.0.0
2025-10-25 00:00:24,018 [INFO] ThirdParty:1030 - CMSIS Pack Vendor :SEGGER I-CUBE-embOS 1.3.1
2025-10-25 00:00:24,018 [INFO] ThirdParty:1030 - CMSIS Pack Vendor :STMicroelectronics X-CUBE-ALGOBUILD 1.4.0
2025-10-25 00:00:24,018 [INFO] ThirdParty:1030 - CMSIS Pack Vendor :STMicroelectronics X-CUBE-DPower 1.3.0
2025-10-25 00:00:24,018 [INFO] ThirdParty:1030 - CMSIS Pack Vendor :STMicroelectronics X-CUBE-MEMS1 11.3.0
2025-10-25 00:00:24,018 [INFO] ThirdParty:1030 - CMSIS Pack Vendor :STMicroelectronics FP-SNS-MOTENV1 5.0.0
2025-10-25 00:00:24,018 [INFO] ThirdParty:1030 - CMSIS Pack Vendor :STMicroelectronics USB_DEVICE 1.0.0
2025-10-25 00:00:24,018 [INFO] ThirdParty:1030 - CMSIS Pack Vendor :STMicroelectronics X-CUBE-AZRTOS-L4 2.0.0
2025-10-25 00:00:24,018 [INFO] ThirdParty:1030 - CMSIS Pack Vendor :STMicroelectronics ThreadX 0.0.2
2025-10-25 00:00:24,018 [INFO] ThirdParty:1030 - CMSIS Pack Vendor :STMicroelectronics lwIP 2.1.2
2025-10-25 00:00:24,018 [INFO] ThirdParty:1030 - CMSIS Pack Vendor :STMicroelectronics X-CUBE-SFXS2LP1 4.0.0
2025-10-25 00:00:24,018 [INFO] ThirdParty:1030 - CMSIS Pack Vendor :STMicroelectronics X-CUBE-BLE2 3.3.0
2025-10-25 00:00:24,018 [INFO] ThirdParty:1030 - CMSIS Pack Vendor :STMicroelectronics X-CUBE-TOF1 3.4.3
2025-10-25 00:00:24,018 [INFO] ThirdParty:1030 - CMSIS Pack Vendor :STMicroelectronics PDM2PCM 3.2.0
2025-10-25 00:00:24,018 [INFO] ThirdParty:841 - exiting critical section [change project]
2025-10-25 00:00:24,204 [INFO] PinOutPanel:1589 - setPackage(No Configuration,No Configuration)
2025-10-25 00:00:24,205 [INFO] PinOutPanel:1589 - setPackage(STM32L476RGTx,LQFP64)
2025-10-25 00:00:24,709 [INFO] UtilMem:75 - Before build in PCC Used Memory: 874771696 Bytes (1073741824)
2025-10-25 00:00:25,106 [INFO] UtilMem:75 - After build in PCC Used Memory: 959180016 Bytes (1073741824)
2025-10-25 00:00:25,128 [INFO] IPUIPlugin:80 - create IPUIPlugin
2025-10-25 00:00:25,128 [INFO] IPUIPlugin:80 - create IPUIPlugin
2025-10-25 00:00:25,128 [INFO] IPUIPlugin:80 - create IPUIPlugin
2025-10-25 00:00:25,128 [INFO] IPUIPlugin:80 - create IPUIPlugin
2025-10-25 00:00:25,128 [INFO] IPUIPlugin:80 - create IPUIPlugin
2025-10-25 00:00:25,128 [INFO] IPUIPlugin:80 - create IPUIPlugin
2025-10-25 00:00:25,128 [INFO] IPUIPlugin:80 - create IPUIPlugin
2025-10-25 00:00:25,129 [INFO] IPUIPlugin:80 - create IPUIPlugin
2025-10-25 00:00:25,129 [INFO] IPUIPlugin:80 - create IPUIPlugin
2025-10-25 00:00:25,129 [INFO] IPUIPlugin:80 - create IPUIPlugin
2025-10-25 00:00:25,129 [INFO] IPUIPlugin:80 - create IPUIPlugin
2025-10-25 00:00:25,129 [INFO] IPUIPlugin:80 - create IPUIPlugin
2025-10-25 00:00:25,129 [INFO] IPUIPlugin:80 - create IPUIPlugin
2025-10-25 00:00:25,129 [INFO] IPUIPlugin:80 - create IPUIPlugin
2025-10-25 00:00:25,129 [INFO] IPUIPlugin:80 - create IPUIPlugin
2025-10-25 00:00:25,129 [INFO] IPUIPlugin:80 - create IPUIPlugin
2025-10-25 00:00:25,130 [INFO] IPUIPlugin:80 - create IPUIPlugin
2025-10-25 00:00:25,130 [INFO] IPUIPlugin:80 - create IPUIPlugin
2025-10-25 00:00:25,130 [INFO] IPUIPlugin:80 - create IPUIPlugin
2025-10-25 00:00:25,130 [INFO] IPUIPlugin:80 - create IPUIPlugin
2025-10-25 00:00:25,130 [INFO] IPUIPlugin:80 - create IPUIPlugin
2025-10-25 00:00:25,130 [INFO] IPUIPlugin:80 - create IPUIPlugin
2025-10-25 00:00:25,130 [INFO] IPUIPlugin:80 - create IPUIPlugin
2025-10-25 00:00:25,131 [INFO] IPUIPlugin:80 - create IPUIPlugin
2025-10-25 00:00:25,131 [INFO] IPUIPlugin:80 - create IPUIPlugin
2025-10-25 00:00:25,131 [INFO] IPUIPlugin:80 - create IPUIPlugin
2025-10-25 00:00:25,131 [INFO] IPUIPlugin:80 - create IPUIPlugin
2025-10-25 00:00:25,131 [INFO] IPUIPlugin:80 - create IPUIPlugin
2025-10-25 00:00:25,131 [INFO] IPUIPlugin:80 - create IPUIPlugin
2025-10-25 00:00:25,132 [INFO] IPUIPlugin:80 - create IPUIPlugin
2025-10-25 00:00:25,132 [INFO] IPUIPlugin:80 - create IPUIPlugin
2025-10-25 00:00:25,132 [INFO] IPUIPlugin:80 - create IPUIPlugin
2025-10-25 00:00:25,132 [INFO] IPUIPlugin:80 - create IPUIPlugin
2025-10-25 00:00:25,132 [INFO] IPUIPlugin:80 - create IPUIPlugin
2025-10-25 00:00:25,132 [INFO] IPUIPlugin:80 - create IPUIPlugin
2025-10-25 00:00:25,132 [INFO] IPUIPlugin:80 - create IPUIPlugin
2025-10-25 00:00:25,133 [INFO] IPUIPlugin:80 - create IPUIPlugin
2025-10-25 00:00:25,133 [INFO] IPUIPlugin:80 - create IPUIPlugin
2025-10-25 00:00:25,133 [INFO] IPUIPlugin:80 - create IPUIPlugin
2025-10-25 00:00:25,133 [INFO] IPUIPlugin:80 - create IPUIPlugin
2025-10-25 00:00:25,133 [INFO] IPUIPlugin:80 - create IPUIPlugin
2025-10-25 00:00:25,133 [INFO] IPUIPlugin:80 - create IPUIPlugin
2025-10-25 00:00:25,133 [INFO] IPUIPlugin:80 - create IPUIPlugin
2025-10-25 00:00:25,134 [INFO] IPUIPlugin:80 - create IPUIPlugin
2025-10-25 00:00:25,134 [INFO] IPUIPlugin:80 - create IPUIPlugin
2025-10-25 00:00:25,134 [INFO] IPUIPlugin:80 - create IPUIPlugin
2025-10-25 00:00:25,134 [INFO] IPUIPlugin:80 - create IPUIPlugin
2025-10-25 00:00:25,134 [INFO] IPUIPlugin:80 - create IPUIPlugin
2025-10-25 00:00:25,135 [INFO] IPUIPlugin:80 - create IPUIPlugin
2025-10-25 00:00:25,135 [INFO] IPUIPlugin:80 - create IPUIPlugin
2025-10-25 00:00:25,135 [INFO] IPUIPlugin:80 - create IPUIPlugin
2025-10-25 00:00:25,135 [INFO] IPUIPlugin:80 - create IPUIPlugin
2025-10-25 00:00:25,135 [INFO] IPUIPlugin:80 - create IPUIPlugin
2025-10-25 00:00:25,136 [INFO] IPUIPlugin:80 - create IPUIPlugin
2025-10-25 00:00:25,136 [INFO] IPUIPlugin:80 - create IPUIPlugin
2025-10-25 00:00:25,136 [INFO] IPUIPlugin:80 - create IPUIPlugin
2025-10-25 00:00:25,136 [INFO] IPUIPlugin:80 - create IPUIPlugin
2025-10-25 00:00:25,146 [INFO] IPUIPlugin:80 - create IPUIPlugin
2025-10-25 00:00:25,146 [INFO] IPUIPlugin:80 - create IPUIPlugin
2025-10-25 00:00:25,184 [INFO] CADModel:165 - CPN selected for project levelSTM32L476RGT3
2025-10-25 00:00:25,184 [INFO] CADModel:114 - Register for checkConnection events
2025-10-25 00:00:25,264 [INFO] OpenFileManager:386 - Restore cursor
2025-10-25 00:00:26,088 [INFO] UtilMem:75 - End SaveConfig() Used Memory: 601705872 Bytes (1073741824)
2025-10-25 00:00:26,151 [INFO] UtilMem:75 - End SaveConfig() Used Memory: 625823216 Bytes (1073741824)
2025-10-25 00:00:26,586 [INFO] BlockDiagram:2775 - set Specific Code input for plugin: SYS
2025-10-25 00:00:26,586 [INFO] BlockDiagram:2775 - set Specific Code input for plugin: RCC
2025-10-25 00:00:26,586 [INFO] BlockDiagram:2775 - set Specific Code input for plugin: NVIC
2025-10-25 00:00:26,587 [INFO] BlockDiagram:2775 - set Specific Code input for plugin: USART
2025-10-25 00:00:26,587 [INFO] BlockDiagram:2775 - set Specific Code input for plugin: GPIO
2025-10-25 00:00:26,587 [INFO] CodeGenerator:892 - code generatio: config db path: C:\ST\STM32CubeIDE_1.19.0\STM32CubeIDE\plugins\com.st.stm32cube.common.mx_6.15.0.202507011659\\db\
2025-10-25 00:00:26,744 [INFO] CodeEngine:265 - oldGeneratedFile, D:\STM32\Lab\23-interrupt-input-adc\MXTmpFiles\license.tmp_save
2025-10-25 00:00:27,045 [INFO] CodeEngine:289 - Generated code: D:\STM32\Lab\23-interrupt-input-adc\MXTmpFiles\license.tmp
2025-10-25 00:00:27,077 [INFO] CodeEngine:265 - oldGeneratedFile, D:\STM32\Lab\23-interrupt-input-adc\MXTmpFiles\gpio.tmp_save
2025-10-25 00:00:27,263 [INFO] CodeEngine:289 - Generated code: D:\STM32\Lab\23-interrupt-input-adc\MXTmpFiles\gpio.tmp
2025-10-25 00:00:27,311 [INFO] CodeEngine:265 - oldGeneratedFile, D:\STM32\Lab\23-interrupt-input-adc\Core\Src\stm32l4xx_it.c_save
2025-10-25 00:00:27,676 [INFO] CodeEngine:289 - Generated code: D:\STM32\Lab\23-interrupt-input-adc\Core\Src\stm32l4xx_it.c
2025-10-25 00:00:27,676 [INFO] CodeEngine:265 - oldGeneratedFile, D:\STM32\Lab\23-interrupt-input-adc\Core\Inc\stm32l4xx_it.h_save
2025-10-25 00:00:27,771 [INFO] CodeEngine:289 - Generated code: D:\STM32\Lab\23-interrupt-input-adc\Core\Inc\stm32l4xx_it.h
2025-10-25 00:00:27,771 [INFO] CodeEngine:265 - oldGeneratedFile, D:\STM32\Lab\23-interrupt-input-adc\Core\Src\stm32l4xx_hal_msp.c_save
2025-10-25 00:00:27,913 [INFO] CodeEngine:289 - Generated code: D:\STM32\Lab\23-interrupt-input-adc\Core\Src\stm32l4xx_hal_msp.c
2025-10-25 00:00:27,929 [INFO] CodeEngine:265 - oldGeneratedFile, D:\STM32\Lab\23-interrupt-input-adc\MXTmpFiles\system.tmp_save
2025-10-25 00:00:27,992 [INFO] CodeEngine:289 - Generated code: D:\STM32\Lab\23-interrupt-input-adc\MXTmpFiles\system.tmp
2025-10-25 00:00:28,008 [INFO] CodeEngine:321 - oldGeneratedFile, D:\STM32\Lab\23-interrupt-input-adc\Core\Inc\stm32l4xx_hal_conf.h_save
2025-10-25 00:00:28,088 [INFO] CodeEngine:345 - Generated code: D:\STM32\Lab\23-interrupt-input-adc\Core\Inc\stm32l4xx_hal_conf.h
2025-10-25 00:00:28,120 [INFO] ApiDbMcu:532 - Load IP Config File for USART2
2025-10-25 00:00:28,120 [INFO] ApiDbMcu:532 - Load IP Config File for RCC
2025-10-25 00:00:28,120 [INFO] CodeEngine:265 - oldGeneratedFile, D:\STM32\Lab\23-interrupt-input-adc\Core\Inc\main.h_save
2025-10-25 00:00:28,240 [INFO] CodeEngine:289 - Generated code: D:\STM32\Lab\23-interrupt-input-adc\Core\Inc\main.h
2025-10-25 00:00:28,244 [INFO] CodeEngine:265 - oldGeneratedFile, D:\STM32\Lab\23-interrupt-input-adc\Core\Src\main.c_save
2025-10-25 00:00:28,334 [INFO] CodeEngine:289 - Generated code: D:\STM32\Lab\23-interrupt-input-adc\Core\Src\main.c
2025-10-25 00:00:28,710 [INFO] ProjectBuilder:3606 - Time for Copy HAL[1] : 243mS.
2025-10-25 00:00:28,713 [INFO] ProjectBuilder:5216 - Project Generator version: 4.7.0-B52
2025-10-25 00:00:28,779 [INFO] ConfigFileManager:1595 - The Die is : DIE415
2025-10-25 00:00:28,782 [INFO] ApiDbMcu:532 - Load IP Config File for FATFS
2025-10-25 00:00:28,786 [INFO] ApiDbMcu:532 - Load IP Config File for FREERTOS
2025-10-25 00:00:28,794 [INFO] ApiDbMcu:532 - Load IP Config File for TOUCHSENSING
2025-10-25 00:00:28,798 [INFO] ApiDbMcu:532 - Load IP Config File for USB_DEVICE
2025-10-25 00:00:28,800 [INFO] ApiDbMcu:532 - Load IP Config File for USB_HOST
2025-10-25 00:00:30,238 [INFO] ProjectBuilder:5496 - Time for Generating toolchain IDE Files: 1525mS.
2025-10-25 00:00:30,239 [INFO] ProjectBuilder:3463 - Time for Copy CMSIS : 0mS.
2025-10-25 00:00:30,241 [INFO] ProjectBuilder:3463 - Time for Copy CMSIS : 0mS.
2025-10-25 00:00:31,172 [INFO] McuFinderGlobals:76 - Set McuFinderConnectedMode to true
2025-10-25 00:00:31,174 [INFO] ApiDb:448 - Save user favorites file C:\Users\user/.stm32cubeide/favorites.mcus.txt: 0 item(s)
2025-10-25 00:00:31,174 [INFO] ApiDb:452 - User favorites MCUs=[]
2025-10-25 00:00:31,176 [INFO] ApiDb:448 - Save user favorites file C:\Users\user/.stm32cubeide/favorites.boards.txt: 1 item(s)
2025-10-25 00:00:31,176 [INFO] ApiDb:452 - User favorites Boards=[NUCLEO-L476RG]
2025-10-25 00:01:28,352 [INFO] ADCParametersView:116 -                Rank 1 : false
2025-10-25 00:01:28,438 [INFO] ADCParametersView:116 -                Rank 1 : false
2025-10-25 00:01:28,439 [INFO] ADCParametersView:116 -                Rank 1 : false
2025-10-25 00:01:28,439 [INFO] ADCParametersView:116 -                Rank 1 : false
2025-10-25 00:01:28,439 [INFO] ADCParametersView:116 -                Rank 1 : false
2025-10-25 00:01:28,440 [INFO] ADCParametersView:116 -                Rank 1 : false
2025-10-25 00:01:28,440 [INFO] ADCParametersView:116 -                Rank 1 : false
2025-10-25 00:01:28,440 [INFO] ADCParametersView:116 -                Rank 1 : false
2025-10-25 00:01:28,440 [INFO] ADCParametersView:116 -                Rank 1 : false
2025-10-25 00:01:28,440 [INFO] ADCParametersView:116 -                Rank 1 : false
2025-10-25 00:01:28,440 [INFO] ADCParametersView:116 -                Rank 1 : false
2025-10-25 00:01:28,441 [INFO] ADCParametersView:116 -                Rank 1 : false
2025-10-25 00:01:28,441 [INFO] ADCParametersView:116 -                Rank 1 : false
2025-10-25 00:01:28,441 [INFO] ADCParametersView:116 -                Rank 1 : false
2025-10-25 00:01:28,441 [INFO] ADCParametersView:116 -                Rank 1 : false
2025-10-25 00:01:28,441 [INFO] ADCParametersView:116 -                Rank 1 : false
2025-10-25 00:01:28,441 [INFO] ADCParametersView:116 -                Rank 1 : false
2025-10-25 00:01:28,441 [INFO] ADCParametersView:116 -                Rank 1 : false
2025-10-25 00:01:28,441 [INFO] ADCParametersView:116 -                Rank 1 : false
2025-10-25 00:01:28,442 [INFO] ADCParametersView:116 -                Rank 1 : false
2025-10-25 00:01:28,442 [INFO] ADCParametersView:116 -                Rank 1 : false
2025-10-25 00:01:28,458 [INFO] ADCParametersView:116 -                Rank 1 : false
2025-10-25 00:01:28,625 [INFO] NvicIntPanel:101 - NVIC parent = com.st.microxplorer.plugins.ip.nvic.MultiNvicIntPanel[,0,0,0x0,invalid,layout=javax.swing.BoxLayout,alignmentX=0.0,alignmentY=0.0,border=,flags=9,maximumSize=,minimumSize=,preferredSize=]
2025-10-25 00:01:28,823 [INFO] NvicIntPanel:101 - NVIC parent = com.st.microxplorer.plugins.ip.nvic.MultiNvicIntPanel[,0,0,0x0,invalid,layout=javax.swing.BoxLayout,alignmentX=0.0,alignmentY=0.0,border=,flags=9,maximumSize=,minimumSize=,preferredSize=]
2025-10-25 00:01:29,017 [INFO] NvicIntPanel:101 - NVIC parent = com.st.microxplorer.plugins.ip.nvic.MultiNvicIntPanel[,0,0,0x0,invalid,layout=javax.swing.BoxLayout,alignmentX=0.0,alignmentY=0.0,border=,flags=9,maximumSize=,minimumSize=,preferredSize=]
2025-10-25 00:01:29,208 [INFO] NvicIntPanel:101 - NVIC parent = com.st.microxplorer.plugins.ip.nvic.MultiNvicIntPanel[,0,0,0x0,invalid,layout=javax.swing.BoxLayout,alignmentX=0.0,alignmentY=0.0,border=,flags=9,maximumSize=,minimumSize=,preferredSize=]
2025-10-25 00:01:29,322 [INFO] ADCParametersView:116 -                Rank 1 : false
2025-10-25 00:01:29,322 [INFO] ADCParametersView:116 -                Rank 1 : false
2025-10-25 00:01:29,323 [INFO] ADCParametersView:116 -                Rank 1 : false
2025-10-25 00:01:29,323 [INFO] ADCParametersView:116 -                Rank 1 : false
2025-10-25 00:01:29,323 [INFO] ADCParametersView:116 -                Rank 1 : false
2025-10-25 00:01:29,323 [INFO] ADCParametersView:116 -                Rank 1 : false
2025-10-25 00:01:29,323 [INFO] ADCParametersView:116 -                Rank 1 : false
2025-10-25 00:01:29,323 [INFO] ADCParametersView:116 -                Rank 1 : false
2025-10-25 00:01:29,324 [INFO] ADCParametersView:116 -                Rank 1 : false
2025-10-25 00:01:29,324 [INFO] ADCParametersView:116 -                Rank 1 : false
2025-10-25 00:01:29,324 [INFO] ADCParametersView:116 -                Rank 1 : false
2025-10-25 00:01:29,324 [INFO] ADCParametersView:116 -                Rank 1 : false
2025-10-25 00:01:29,324 [INFO] ADCParametersView:116 -                Rank 1 : false
2025-10-25 00:01:29,324 [INFO] ADCParametersView:116 -                Rank 1 : false
2025-10-25 00:01:29,324 [INFO] ADCParametersView:116 -                Rank 1 : false
2025-10-25 00:01:29,324 [INFO] ADCParametersView:116 -                Rank 1 : false
2025-10-25 00:01:29,324 [INFO] ADCParametersView:116 -                Rank 1 : false
2025-10-25 00:01:29,325 [INFO] ADCParametersView:116 -                Rank 1 : false
2025-10-25 00:01:29,325 [INFO] ADCParametersView:116 -                Rank 1 : false
2025-10-25 00:01:29,325 [INFO] ADCParametersView:116 -                Rank 1 : false
2025-10-25 00:01:29,360 [INFO] ADCParametersView:116 -                Rank 1 : false
2025-10-25 00:01:29,421 [INFO] ADCParametersView:116 -                Rank 1 : false
2025-10-25 00:01:29,421 [INFO] ADCParametersView:116 -                Rank 1 : false
2025-10-25 00:01:29,421 [INFO] ADCParametersView:116 -                Rank 1 : false
2025-10-25 00:01:29,421 [INFO] ADCParametersView:116 -                Rank 1 : false
2025-10-25 00:01:29,421 [INFO] ADCParametersView:116 -                Rank 1 : false
2025-10-25 00:01:29,421 [INFO] ADCParametersView:116 -                Rank 1 : false
2025-10-25 00:01:29,421 [INFO] ADCParametersView:116 -                Rank 1 : false
2025-10-25 00:01:29,422 [INFO] ADCParametersView:116 -                Rank 1 : false
2025-10-25 00:01:29,422 [INFO] ADCParametersView:116 -                Rank 1 : false
2025-10-25 00:01:29,422 [INFO] ADCParametersView:116 -                Rank 1 : false
2025-10-25 00:01:29,422 [INFO] ADCParametersView:116 -                Rank 1 : false
2025-10-25 00:01:29,422 [INFO] ADCParametersView:116 -                Rank 1 : false
2025-10-25 00:01:29,422 [INFO] ADCParametersView:116 -                Rank 1 : false
2025-10-25 00:01:29,422 [INFO] ADCParametersView:116 -                Rank 1 : false
2025-10-25 00:01:29,422 [INFO] ADCParametersView:116 -                Rank 1 : false
2025-10-25 00:01:29,422 [INFO] ADCParametersView:116 -                Rank 1 : false
2025-10-25 00:01:29,422 [INFO] ADCParametersView:116 -                Rank 1 : false
2025-10-25 00:01:29,423 [INFO] ADCParametersView:116 -                Rank 1 : false
2025-10-25 00:01:29,423 [INFO] ADCParametersView:116 -                Rank 1 : false
2025-10-25 00:01:29,423 [INFO] ADCParametersView:116 -                Rank 1 : false
2025-10-25 00:01:29,456 [INFO] ADCParametersView:116 -                Rank 1 : false
2025-10-25 00:01:36,894 [INFO] ADCParametersView:116 -                Rank 1 : false
2025-10-25 00:01:36,898 [INFO] ADCParametersView:116 -                Rank 1 : false
2025-10-25 00:01:36,898 [INFO] ADCParametersView:116 -                Rank 1 : false
2025-10-25 00:01:36,898 [INFO] ADCParametersView:116 -                Rank 1 : false
2025-10-25 00:01:36,898 [INFO] ADCParametersView:116 -                Rank 1 : false
2025-10-25 00:01:36,899 [INFO] ADCParametersView:116 -                Rank 1 : false
2025-10-25 00:01:36,899 [INFO] ADCParametersView:116 -                Rank 1 : false
2025-10-25 00:01:36,899 [INFO] ADCParametersView:116 -                Rank 1 : false
2025-10-25 00:01:36,899 [INFO] ADCParametersView:116 -                Rank 1 : false
2025-10-25 00:01:36,899 [INFO] ADCParametersView:116 -                Rank 1 : false
2025-10-25 00:01:36,899 [INFO] ADCParametersView:116 -                Rank 1 : false
2025-10-25 00:01:36,899 [INFO] ADCParametersView:116 -                Rank 1 : false
2025-10-25 00:01:36,899 [INFO] ADCParametersView:116 -                Rank 1 : false
2025-10-25 00:01:36,899 [INFO] ADCParametersView:116 -                Rank 1 : false
2025-10-25 00:01:36,899 [INFO] ADCParametersView:116 -                Rank 1 : false
2025-10-25 00:01:36,899 [INFO] ADCParametersView:116 -                Rank 1 : false
2025-10-25 00:01:36,899 [INFO] ADCParametersView:116 -                Rank 1 : false
2025-10-25 00:01:36,899 [INFO] ADCParametersView:116 -                Rank 1 : false
2025-10-25 00:01:36,899 [INFO] ADCParametersView:116 -                Rank 1 : false
2025-10-25 00:01:36,900 [INFO] ADCParametersView:116 -                Rank 1 : false
2025-10-25 00:01:36,909 [INFO] ADCParametersView:116 -                Rank 1 : false
2025-10-25 00:01:36,943 [INFO] ADCParametersView:116 -                Rank 1 : false
2025-10-25 00:01:36,944 [INFO] ADCParametersView:116 -                Rank 1 : false
2025-10-25 00:01:36,944 [INFO] ADCParametersView:116 -                Rank 1 : false
2025-10-25 00:01:36,945 [INFO] ADCParametersView:116 -                Rank 1 : false
2025-10-25 00:01:36,945 [INFO] ADCParametersView:116 -                Rank 1 : false
2025-10-25 00:01:36,945 [INFO] ADCParametersView:116 -                Rank 1 : false
2025-10-25 00:01:36,945 [INFO] ADCParametersView:116 -                Rank 1 : false
2025-10-25 00:01:36,945 [INFO] ADCParametersView:116 -                Rank 1 : false
2025-10-25 00:01:36,945 [INFO] ADCParametersView:116 -                Rank 1 : false
2025-10-25 00:01:36,945 [INFO] ADCParametersView:116 -                Rank 1 : false
2025-10-25 00:01:36,945 [INFO] ADCParametersView:116 -                Rank 1 : false
2025-10-25 00:01:36,945 [INFO] ADCParametersView:116 -                Rank 1 : false
2025-10-25 00:01:36,945 [INFO] ADCParametersView:116 -                Rank 1 : false
2025-10-25 00:01:36,945 [INFO] ADCParametersView:116 -                Rank 1 : false
2025-10-25 00:01:36,945 [INFO] ADCParametersView:116 -                Rank 1 : false
2025-10-25 00:01:36,946 [INFO] ADCParametersView:116 -                Rank 1 : false
2025-10-25 00:01:36,946 [INFO] ADCParametersView:116 -                Rank 1 : false
2025-10-25 00:01:36,946 [INFO] ADCParametersView:116 -                Rank 1 : false
2025-10-25 00:01:36,946 [INFO] ADCParametersView:116 -                Rank 1 : false
2025-10-25 00:01:36,946 [INFO] ADCParametersView:116 -                Rank 1 : false
2025-10-25 00:01:36,954 [INFO] ADCParametersView:116 -                Rank 1 : false
2025-10-25 00:01:36,998 [INFO] ADCParametersView:116 -                Rank 1 : false
2025-10-25 00:01:37,000 [INFO] ADCParametersView:116 -                Rank 1 : false
2025-10-25 00:01:37,000 [INFO] ADCParametersView:116 -                Rank 1 : false
2025-10-25 00:01:37,000 [INFO] ADCParametersView:116 -                Rank 1 : false
2025-10-25 00:01:37,000 [INFO] ADCParametersView:116 -                Rank 1 : false
2025-10-25 00:01:37,001 [INFO] ADCParametersView:116 -                Rank 1 : false
2025-10-25 00:01:37,001 [INFO] ADCParametersView:116 -                Rank 1 : false
2025-10-25 00:01:37,001 [INFO] ADCParametersView:116 -                Rank 1 : false
2025-10-25 00:01:37,001 [INFO] ADCParametersView:116 -                Rank 1 : false
2025-10-25 00:01:37,001 [INFO] ADCParametersView:116 -                Rank 1 : false
2025-10-25 00:01:37,001 [INFO] ADCParametersView:116 -                Rank 1 : false
2025-10-25 00:01:37,001 [INFO] ADCParametersView:116 -                Rank 1 : false
2025-10-25 00:01:37,001 [INFO] ADCParametersView:116 -                Rank 1 : false
2025-10-25 00:01:37,001 [INFO] ADCParametersView:116 -                Rank 1 : false
2025-10-25 00:01:37,001 [INFO] ADCParametersView:116 -                Rank 1 : false
2025-10-25 00:01:37,001 [INFO] ADCParametersView:116 -                Rank 1 : false
2025-10-25 00:01:37,002 [INFO] ADCParametersView:116 -                Rank 1 : false
2025-10-25 00:01:37,002 [INFO] ADCParametersView:116 -                Rank 1 : false
2025-10-25 00:01:37,002 [INFO] ADCParametersView:116 -                Rank 1 : false
2025-10-25 00:01:37,002 [INFO] ADCParametersView:116 -                Rank 1 : false
2025-10-25 00:01:37,037 [INFO] ADCParametersView:116 -                Rank 1 : false
2025-10-25 00:02:09,774 [INFO] NvicIntPanel:101 - NVIC parent = com.st.microxplorer.plugins.ip.nvic.MultiNvicIntPanel[,0,0,0x0,invalid,layout=javax.swing.BoxLayout,alignmentX=0.0,alignmentY=0.0,border=,flags=9,maximumSize=,minimumSize=,preferredSize=]
2025-10-25 00:02:09,822 [INFO] ADCParametersView:116 -                Rank 1 : false
2025-10-25 00:02:09,822 [INFO] ADCParametersView:116 -                Rank 1 : false
2025-10-25 00:02:09,822 [INFO] ADCParametersView:116 -                Rank 1 : false
2025-10-25 00:02:09,822 [INFO] ADCParametersView:116 -                Rank 1 : false
2025-10-25 00:02:09,822 [INFO] ADCParametersView:116 -                Rank 1 : false
2025-10-25 00:02:09,822 [INFO] ADCParametersView:116 -                Rank 1 : false
2025-10-25 00:02:09,822 [INFO] ADCParametersView:116 -                Rank 1 : false
2025-10-25 00:02:09,822 [INFO] ADCParametersView:116 -                Rank 1 : false
2025-10-25 00:02:09,822 [INFO] ADCParametersView:116 -                Rank 1 : false
2025-10-25 00:02:09,822 [INFO] ADCParametersView:116 -                Rank 1 : false
2025-10-25 00:02:09,822 [INFO] ADCParametersView:116 -                Rank 1 : false
2025-10-25 00:02:09,822 [INFO] ADCParametersView:116 -                Rank 1 : false
2025-10-25 00:02:09,822 [INFO] ADCParametersView:116 -                Rank 1 : false
2025-10-25 00:02:09,822 [INFO] ADCParametersView:116 -                Rank 1 : false
2025-10-25 00:02:09,822 [INFO] ADCParametersView:116 -                Rank 1 : false
2025-10-25 00:02:09,822 [INFO] ADCParametersView:116 -                Rank 1 : false
2025-10-25 00:02:09,822 [INFO] ADCParametersView:116 -                Rank 1 : false
2025-10-25 00:02:09,822 [INFO] ADCParametersView:116 -                Rank 1 : false
2025-10-25 00:02:09,822 [INFO] ADCParametersView:116 -                Rank 1 : false
2025-10-25 00:02:09,822 [INFO] ADCParametersView:116 -                Rank 1 : false
2025-10-25 00:02:09,853 [INFO] ADCParametersView:116 -                Rank 1 : false
2025-10-25 00:02:14,488 [INFO] NvicIntPanel:101 - NVIC parent = com.st.microxplorer.plugins.ip.nvic.MultiNvicIntPanel[,0,0,0x0,invalid,layout=javax.swing.BoxLayout,alignmentX=0.0,alignmentY=0.0,border=,flags=9,maximumSize=,minimumSize=,preferredSize=]
2025-10-25 00:02:14,523 [INFO] ADCParametersView:116 -                Rank 1 : false
2025-10-25 00:02:14,525 [INFO] ADCParametersView:116 -                Rank 1 : false
2025-10-25 00:02:14,525 [INFO] ADCParametersView:116 -                Rank 1 : false
2025-10-25 00:02:14,525 [INFO] ADCParametersView:116 -                Rank 1 : false
2025-10-25 00:02:14,525 [INFO] ADCParametersView:116 -                Rank 1 : false
2025-10-25 00:02:14,525 [INFO] ADCParametersView:116 -                Rank 1 : false
2025-10-25 00:02:14,525 [INFO] ADCParametersView:116 -                Rank 1 : false
2025-10-25 00:02:14,525 [INFO] ADCParametersView:116 -                Rank 1 : false
2025-10-25 00:02:14,525 [INFO] ADCParametersView:116 -                Rank 1 : false
2025-10-25 00:02:14,525 [INFO] ADCParametersView:116 -                Rank 1 : false
2025-10-25 00:02:14,525 [INFO] ADCParametersView:116 -                Rank 1 : false
2025-10-25 00:02:14,525 [INFO] ADCParametersView:116 -                Rank 1 : false
2025-10-25 00:02:14,525 [INFO] ADCParametersView:116 -                Rank 1 : false
2025-10-25 00:02:14,525 [INFO] ADCParametersView:116 -                Rank 1 : false
2025-10-25 00:02:14,525 [INFO] ADCParametersView:116 -                Rank 1 : false
2025-10-25 00:02:14,525 [INFO] ADCParametersView:116 -                Rank 1 : false
2025-10-25 00:02:14,525 [INFO] ADCParametersView:116 -                Rank 1 : false
2025-10-25 00:02:14,525 [INFO] ADCParametersView:116 -                Rank 1 : false
2025-10-25 00:02:14,525 [INFO] ADCParametersView:116 -                Rank 1 : false
2025-10-25 00:02:14,525 [INFO] ADCParametersView:116 -                Rank 1 : false
2025-10-25 00:02:14,553 [INFO] ADCParametersView:116 -                Rank 1 : false
2025-10-25 00:02:40,558 [INFO] NvicIntPanel:101 - NVIC parent = com.st.microxplorer.plugins.ip.nvic.MultiNvicIntPanel[,0,0,0x0,invalid,layout=javax.swing.BoxLayout,alignmentX=0.0,alignmentY=0.0,border=,flags=9,maximumSize=,minimumSize=,preferredSize=]
2025-10-25 00:02:41,647 [INFO] ADCParametersView:116 -                Rank 1 : false
2025-10-25 00:02:41,648 [INFO] ADCParametersView:116 -                Rank 1 : false
2025-10-25 00:02:41,648 [INFO] ADCParametersView:116 -                Rank 1 : false
2025-10-25 00:02:41,648 [INFO] ADCParametersView:116 -                Rank 1 : false
2025-10-25 00:02:41,648 [INFO] ADCParametersView:116 -                Rank 1 : false
2025-10-25 00:02:41,648 [INFO] ADCParametersView:116 -                Rank 1 : false
2025-10-25 00:02:41,648 [INFO] ADCParametersView:116 -                Rank 1 : false
2025-10-25 00:02:41,648 [INFO] ADCParametersView:116 -                Rank 1 : false
2025-10-25 00:02:41,648 [INFO] ADCParametersView:116 -                Rank 1 : false
2025-10-25 00:02:41,648 [INFO] ADCParametersView:116 -                Rank 1 : false
2025-10-25 00:02:41,648 [INFO] ADCParametersView:116 -                Rank 1 : false
2025-10-25 00:02:41,648 [INFO] ADCParametersView:116 -                Rank 1 : false
2025-10-25 00:02:41,648 [INFO] ADCParametersView:116 -                Rank 1 : false
2025-10-25 00:02:41,648 [INFO] ADCParametersView:116 -                Rank 1 : false
2025-10-25 00:02:41,648 [INFO] ADCParametersView:116 -                Rank 1 : false
2025-10-25 00:02:41,648 [INFO] ADCParametersView:116 -                Rank 1 : false
2025-10-25 00:02:41,649 [INFO] ADCParametersView:116 -                Rank 1 : false
2025-10-25 00:02:41,649 [INFO] ADCParametersView:116 -                Rank 1 : false
2025-10-25 00:02:41,649 [INFO] ADCParametersView:116 -                Rank 1 : false
2025-10-25 00:02:41,649 [INFO] ADCParametersView:116 -                Rank 1 : false
2025-10-25 00:02:41,678 [INFO] ADCParametersView:116 -                Rank 1 : false
2025-10-25 00:02:41,678 [INFO] ADCParametersView:116 -                Rank 1 : false
2025-10-25 00:02:41,679 [INFO] ADCParametersView:116 -                Rank 1 : false
2025-10-25 00:02:41,679 [INFO] ADCParametersView:116 -                Rank 1 : false
2025-10-25 00:02:41,679 [INFO] ADCParametersView:116 -                Rank 1 : false
2025-10-25 00:02:41,679 [INFO] ADCParametersView:116 -                Rank 1 : false
2025-10-25 00:02:41,679 [INFO] ADCParametersView:116 -                Rank 1 : false
2025-10-25 00:02:41,679 [INFO] ADCParametersView:116 -                Rank 1 : false
2025-10-25 00:02:41,679 [INFO] ADCParametersView:116 -                Rank 1 : false
2025-10-25 00:02:41,679 [INFO] ADCParametersView:116 -                Rank 1 : false
2025-10-25 00:02:41,679 [INFO] ADCParametersView:116 -                Rank 1 : false
2025-10-25 00:02:41,679 [INFO] ADCParametersView:116 -                Rank 1 : false
2025-10-25 00:02:41,679 [INFO] ADCParametersView:116 -                Rank 1 : false
2025-10-25 00:02:41,679 [INFO] ADCParametersView:116 -                Rank 1 : false
2025-10-25 00:02:41,679 [INFO] ADCParametersView:116 -                Rank 1 : false
2025-10-25 00:02:41,679 [INFO] ADCParametersView:116 -                Rank 1 : false
2025-10-25 00:02:41,679 [INFO] ADCParametersView:116 -                Rank 1 : false
2025-10-25 00:02:41,679 [INFO] ADCParametersView:116 -                Rank 1 : false
2025-10-25 00:02:41,679 [INFO] ADCParametersView:116 -                Rank 1 : false
2025-10-25 00:02:41,679 [INFO] ADCParametersView:116 -                Rank 1 : false
2025-10-25 00:02:41,679 [INFO] ADCParametersView:116 -                Rank 1 : false
2025-10-25 00:02:41,723 [INFO] ADCParametersView:116 -                Rank 1 : false
2025-10-25 00:02:41,726 [INFO] ADCParametersView:116 -                Rank 1 : false
2025-10-25 00:02:41,728 [INFO] ADCParametersView:116 -                Rank 1 : false
2025-10-25 00:02:41,728 [INFO] ADCParametersView:116 -                Rank 1 : false
2025-10-25 00:02:41,729 [INFO] ADCParametersView:116 -                Rank 1 : false
2025-10-25 00:02:41,729 [INFO] ADCParametersView:116 -                Rank 1 : false
2025-10-25 00:02:41,729 [INFO] ADCParametersView:116 -                Rank 1 : false
2025-10-25 00:02:41,729 [INFO] ADCParametersView:116 -                Rank 1 : false
2025-10-25 00:02:41,729 [INFO] ADCParametersView:116 -                Rank 1 : false
2025-10-25 00:02:41,729 [INFO] ADCParametersView:116 -                Rank 1 : false
2025-10-25 00:02:41,729 [INFO] ADCParametersView:116 -                Rank 1 : false
2025-10-25 00:02:41,729 [INFO] ADCParametersView:116 -                Rank 1 : false
2025-10-25 00:02:41,729 [INFO] ADCParametersView:116 -                Rank 1 : false
2025-10-25 00:02:41,729 [INFO] ADCParametersView:116 -                Rank 1 : false
2025-10-25 00:02:41,729 [INFO] ADCParametersView:116 -                Rank 1 : false
2025-10-25 00:02:41,729 [INFO] ADCParametersView:116 -                Rank 1 : false
2025-10-25 00:02:41,729 [INFO] ADCParametersView:116 -                Rank 1 : false
2025-10-25 00:02:41,729 [INFO] ADCParametersView:116 -                Rank 1 : false
2025-10-25 00:02:41,729 [INFO] ADCParametersView:116 -                Rank 1 : false
2025-10-25 00:02:41,729 [INFO] ADCParametersView:116 -                Rank 1 : false
2025-10-25 00:02:41,729 [INFO] ADCParametersView:116 -                Rank 1 : false
2025-10-25 00:02:41,766 [INFO] ADCParametersView:116 -                Rank 1 : false
2025-10-25 00:02:41,767 [INFO] ADCParametersView:116 -                Rank 1 : false
2025-10-25 00:02:41,769 [INFO] ADCParametersView:116 -                Rank 1 : false
2025-10-25 00:02:41,769 [INFO] ADCParametersView:116 -                Rank 1 : false
2025-10-25 00:02:41,769 [INFO] ADCParametersView:116 -                Rank 1 : false
2025-10-25 00:02:41,769 [INFO] ADCParametersView:116 -                Rank 1 : false
2025-10-25 00:02:41,769 [INFO] ADCParametersView:116 -                Rank 1 : false
2025-10-25 00:02:41,769 [INFO] ADCParametersView:116 -                Rank 1 : false
2025-10-25 00:02:41,769 [INFO] ADCParametersView:116 -                Rank 1 : false
2025-10-25 00:02:41,769 [INFO] ADCParametersView:116 -                Rank 1 : false
2025-10-25 00:02:41,769 [INFO] ADCParametersView:116 -                Rank 1 : false
2025-10-25 00:02:41,769 [INFO] ADCParametersView:116 -                Rank 1 : false
2025-10-25 00:02:41,769 [INFO] ADCParametersView:116 -                Rank 1 : false
2025-10-25 00:02:41,769 [INFO] ADCParametersView:116 -                Rank 1 : false
2025-10-25 00:02:41,769 [INFO] ADCParametersView:116 -                Rank 1 : false
2025-10-25 00:02:41,769 [INFO] ADCParametersView:116 -                Rank 1 : false
2025-10-25 00:02:41,770 [INFO] ADCParametersView:116 -                Rank 1 : false
2025-10-25 00:02:41,770 [INFO] ADCParametersView:116 -                Rank 1 : false
2025-10-25 00:02:41,770 [INFO] ADCParametersView:116 -                Rank 1 : false
2025-10-25 00:02:41,770 [INFO] ADCParametersView:116 -                Rank 1 : false
2025-10-25 00:02:41,770 [INFO] ADCParametersView:116 -                Rank 1 : false
2025-10-25 00:02:41,803 [INFO] ADCParametersView:116 -                Rank 1 : false
2025-10-25 00:02:47,345 [INFO] ADCParametersView:116 -                Rank 1 : true
2025-10-25 00:03:03,886 [INFO] ADCParametersView:116 -                Rank 1 : true
2025-10-25 00:03:03,886 [INFO] ADCParametersView:116 -                Rank 1 : true
2025-10-25 00:03:03,886 [INFO] ADCParametersView:116 -                Rank 1 : true
2025-10-25 00:03:03,886 [INFO] ADCParametersView:116 -                Rank 1 : true
2025-10-25 00:03:03,887 [INFO] ADCParametersView:116 -                Rank 1 : true
2025-10-25 00:03:03,887 [INFO] ADCParametersView:116 -                Rank 1 : true
2025-10-25 00:03:03,887 [INFO] ADCParametersView:116 -                Rank 1 : true
2025-10-25 00:03:03,887 [INFO] ADCParametersView:116 -                Rank 1 : true
2025-10-25 00:03:03,887 [INFO] ADCParametersView:116 -                Rank 1 : true
2025-10-25 00:03:03,887 [INFO] ADCParametersView:116 -                Rank 1 : true
2025-10-25 00:03:03,888 [INFO] ADCParametersView:116 -                Rank 1 : true
2025-10-25 00:03:03,888 [INFO] ADCParametersView:116 -                Rank 1 : true
2025-10-25 00:03:03,888 [INFO] ADCParametersView:116 -                Rank 1 : true
2025-10-25 00:03:03,888 [INFO] ADCParametersView:116 -                Rank 1 : true
2025-10-25 00:03:03,888 [INFO] ADCParametersView:116 -                Rank 1 : true
2025-10-25 00:03:03,888 [INFO] ADCParametersView:116 -                Rank 1 : true
2025-10-25 00:03:03,888 [INFO] ADCParametersView:116 -                Rank 1 : true
2025-10-25 00:03:03,889 [INFO] ADCParametersView:116 -                Rank 1 : true
2025-10-25 00:03:03,889 [INFO] ADCParametersView:116 -                Rank 1 : true
2025-10-25 00:03:03,889 [INFO] ADCParametersView:116 -                Rank 1 : true
2025-10-25 00:03:03,923 [INFO] ADCParametersView:116 -                Rank 1 : true
2025-10-25 00:03:03,923 [INFO] ADCParametersView:116 -                Rank 1 : true
2025-10-25 00:03:03,923 [INFO] ADCParametersView:116 -                Rank 1 : true
2025-10-25 00:03:03,923 [INFO] ADCParametersView:116 -                Rank 1 : true
2025-10-25 00:03:03,923 [INFO] ADCParametersView:116 -                Rank 1 : true
2025-10-25 00:03:03,924 [INFO] ADCParametersView:116 -                Rank 1 : true
2025-10-25 00:03:03,924 [INFO] ADCParametersView:116 -                Rank 1 : true
2025-10-25 00:03:03,924 [INFO] ADCParametersView:116 -                Rank 1 : true
2025-10-25 00:03:03,924 [INFO] ADCParametersView:116 -                Rank 1 : true
2025-10-25 00:03:03,924 [INFO] ADCParametersView:116 -                Rank 1 : true
2025-10-25 00:03:03,924 [INFO] ADCParametersView:116 -                Rank 1 : true
2025-10-25 00:03:03,924 [INFO] ADCParametersView:116 -                Rank 1 : true
2025-10-25 00:03:03,924 [INFO] ADCParametersView:116 -                Rank 1 : true
2025-10-25 00:03:03,924 [INFO] ADCParametersView:116 -                Rank 1 : true
2025-10-25 00:03:03,924 [INFO] ADCParametersView:116 -                Rank 1 : true
2025-10-25 00:03:03,924 [INFO] ADCParametersView:116 -                Rank 1 : true
2025-10-25 00:03:03,924 [INFO] ADCParametersView:116 -                Rank 1 : true
2025-10-25 00:03:03,924 [INFO] ADCParametersView:116 -                Rank 1 : true
2025-10-25 00:03:03,924 [INFO] ADCParametersView:116 -                Rank 1 : true
2025-10-25 00:03:03,924 [INFO] ADCParametersView:116 -                Rank 1 : true
2025-10-25 00:03:03,924 [INFO] ADCParametersView:116 -                Rank 1 : true
2025-10-25 00:03:03,950 [INFO] ADCParametersView:116 -                Rank 1 : true
2025-10-25 00:03:03,952 [INFO] ADCParametersView:116 -                Rank 1 : true
2025-10-25 00:03:03,952 [INFO] ADCParametersView:116 -                Rank 1 : true
2025-10-25 00:03:03,952 [INFO] ADCParametersView:116 -                Rank 1 : true
2025-10-25 00:03:03,952 [INFO] ADCParametersView:116 -                Rank 1 : true
2025-10-25 00:03:03,952 [INFO] ADCParametersView:116 -                Rank 1 : true
2025-10-25 00:03:03,952 [INFO] ADCParametersView:116 -                Rank 1 : true
2025-10-25 00:03:03,952 [INFO] ADCParametersView:116 -                Rank 1 : true
2025-10-25 00:03:03,952 [INFO] ADCParametersView:116 -                Rank 1 : true
2025-10-25 00:03:03,952 [INFO] ADCParametersView:116 -                Rank 1 : true
2025-10-25 00:03:03,952 [INFO] ADCParametersView:116 -                Rank 1 : true
2025-10-25 00:03:03,952 [INFO] ADCParametersView:116 -                Rank 1 : true
2025-10-25 00:03:03,952 [INFO] ADCParametersView:116 -                Rank 1 : true
2025-10-25 00:03:03,952 [INFO] ADCParametersView:116 -                Rank 1 : true
2025-10-25 00:03:03,952 [INFO] ADCParametersView:116 -                Rank 1 : true
2025-10-25 00:03:03,952 [INFO] ADCParametersView:116 -                Rank 1 : true
2025-10-25 00:03:03,952 [INFO] ADCParametersView:116 -                Rank 1 : true
2025-10-25 00:03:03,952 [INFO] ADCParametersView:116 -                Rank 1 : true
2025-10-25 00:03:03,952 [INFO] ADCParametersView:116 -                Rank 1 : true
2025-10-25 00:03:03,952 [INFO] ADCParametersView:116 -                Rank 1 : true
2025-10-25 00:03:03,952 [INFO] ADCParametersView:116 -                Rank 1 : true
2025-10-25 00:03:03,978 [INFO] ADCParametersView:116 -                Rank 1 : true
2025-10-25 00:03:03,978 [INFO] ADCParametersView:116 -                Rank 1 : true
2025-10-25 00:03:03,978 [INFO] ADCParametersView:116 -                Rank 1 : true
2025-10-25 00:03:03,978 [INFO] ADCParametersView:116 -                Rank 1 : true
2025-10-25 00:03:03,978 [INFO] ADCParametersView:116 -                Rank 1 : true
2025-10-25 00:03:03,978 [INFO] ADCParametersView:116 -                Rank 1 : true
2025-10-25 00:03:03,978 [INFO] ADCParametersView:116 -                Rank 1 : true
2025-10-25 00:03:03,978 [INFO] ADCParametersView:116 -                Rank 1 : true
2025-10-25 00:03:03,978 [INFO] ADCParametersView:116 -                Rank 1 : true
2025-10-25 00:03:03,978 [INFO] ADCParametersView:116 -                Rank 1 : true
2025-10-25 00:03:03,978 [INFO] ADCParametersView:116 -                Rank 1 : true
2025-10-25 00:03:03,978 [INFO] ADCParametersView:116 -                Rank 1 : true
2025-10-25 00:03:03,978 [INFO] ADCParametersView:116 -                Rank 1 : true
2025-10-25 00:03:03,978 [INFO] ADCParametersView:116 -                Rank 1 : true
2025-10-25 00:03:03,978 [INFO] ADCParametersView:116 -                Rank 1 : true
2025-10-25 00:03:03,979 [INFO] ADCParametersView:116 -                Rank 1 : true
2025-10-25 00:03:03,979 [INFO] ADCParametersView:116 -                Rank 1 : true
2025-10-25 00:03:03,979 [INFO] ADCParametersView:116 -                Rank 1 : true
2025-10-25 00:03:03,979 [INFO] ADCParametersView:116 -                Rank 1 : true
2025-10-25 00:03:03,979 [INFO] ADCParametersView:116 -                Rank 1 : true
2025-10-25 00:03:03,979 [INFO] ADCParametersView:116 -                Rank 1 : true
2025-10-25 00:03:04,003 [INFO] ADCParametersView:116 -                Rank 1 : true
2025-10-25 00:03:25,025 [INFO] UtilMem:75 - End SaveConfig() Used Memory: 623937904 Bytes (1073741824)
2025-10-25 00:03:27,127 [INFO] UtilMem:75 - End SaveConfig() Used Memory: 707297544 Bytes (1073741824)
2025-10-25 00:03:27,686 [INFO] BlockDiagram:2775 - set Specific Code input for plugin: SYS
2025-10-25 00:03:27,686 [INFO] BlockDiagram:2775 - set Specific Code input for plugin: ADC
2025-10-25 00:03:27,686 [INFO] BlockDiagram:2775 - set Specific Code input for plugin: RCC
2025-10-25 00:03:27,686 [INFO] BlockDiagram:2775 - set Specific Code input for plugin: NVIC
2025-10-25 00:03:27,686 [INFO] BlockDiagram:2775 - set Specific Code input for plugin: GPIO
2025-10-25 00:03:27,687 [INFO] CodeGenerator:892 - code generatio: config db path: C:\ST\STM32CubeIDE_1.19.0\STM32CubeIDE\plugins\com.st.stm32cube.common.mx_6.15.0.202507011659\\db\
2025-10-25 00:03:27,906 [INFO] CodeEngine:265 - oldGeneratedFile, D:\STM32\Lab\23-interrupt-input-adc\MXTmpFiles\license.tmp_save
2025-10-25 00:03:28,081 [INFO] CodeEngine:289 - Generated code: D:\STM32\Lab\23-interrupt-input-adc\MXTmpFiles\license.tmp
2025-10-25 00:03:28,132 [INFO] CodeEngine:265 - oldGeneratedFile, D:\STM32\Lab\23-interrupt-input-adc\MXTmpFiles\gpio.tmp_save
2025-10-25 00:03:28,237 [INFO] CodeEngine:289 - Generated code: D:\STM32\Lab\23-interrupt-input-adc\MXTmpFiles\gpio.tmp
2025-10-25 00:03:28,358 [INFO] CodeEngine:265 - oldGeneratedFile, D:\STM32\Lab\23-interrupt-input-adc\Core\Src\stm32l4xx_it.c_save
2025-10-25 00:03:28,462 [INFO] CodeEngine:289 - Generated code: D:\STM32\Lab\23-interrupt-input-adc\Core\Src\stm32l4xx_it.c
2025-10-25 00:03:28,467 [INFO] CodeEngine:265 - oldGeneratedFile, D:\STM32\Lab\23-interrupt-input-adc\Core\Inc\stm32l4xx_it.h_save
2025-10-25 00:03:28,542 [INFO] CodeEngine:289 - Generated code: D:\STM32\Lab\23-interrupt-input-adc\Core\Inc\stm32l4xx_it.h
2025-10-25 00:03:28,554 [INFO] CodeEngine:265 - oldGeneratedFile, D:\STM32\Lab\23-interrupt-input-adc\Core\Src\stm32l4xx_hal_msp.c_save
2025-10-25 00:03:28,664 [INFO] CodeEngine:289 - Generated code: D:\STM32\Lab\23-interrupt-input-adc\Core\Src\stm32l4xx_hal_msp.c
2025-10-25 00:03:28,668 [INFO] CodeEngine:265 - oldGeneratedFile, D:\STM32\Lab\23-interrupt-input-adc\MXTmpFiles\system.tmp_save
2025-10-25 00:03:28,732 [INFO] CodeEngine:289 - Generated code: D:\STM32\Lab\23-interrupt-input-adc\MXTmpFiles\system.tmp
2025-10-25 00:03:28,741 [INFO] CodeEngine:321 - oldGeneratedFile, D:\STM32\Lab\23-interrupt-input-adc\Core\Inc\stm32l4xx_hal_conf.h_save
2025-10-25 00:03:28,814 [INFO] CodeEngine:345 - Generated code: D:\STM32\Lab\23-interrupt-input-adc\Core\Inc\stm32l4xx_hal_conf.h
2025-10-25 00:03:28,858 [INFO] ApiDbMcu:532 - Load IP Config File for ADC1
2025-10-25 00:03:28,867 [INFO] CodeEngine:265 - oldGeneratedFile, D:\STM32\Lab\23-interrupt-input-adc\Core\Inc\main.h_save
2025-10-25 00:03:28,938 [INFO] CodeEngine:289 - Generated code: D:\STM32\Lab\23-interrupt-input-adc\Core\Inc\main.h
2025-10-25 00:03:28,943 [INFO] CodeEngine:265 - oldGeneratedFile, D:\STM32\Lab\23-interrupt-input-adc\Core\Src\main.c_save
2025-10-25 00:03:29,049 [INFO] CodeEngine:289 - Generated code: D:\STM32\Lab\23-interrupt-input-adc\Core\Src\main.c
2025-10-25 00:03:29,338 [INFO] ProjectBuilder:3606 - Time for Copy HAL[1] : 143mS.
2025-10-25 00:03:29,340 [INFO] ProjectBuilder:5216 - Project Generator version: 4.7.0-B52
2025-10-25 00:03:29,410 [INFO] ConfigFileManager:1595 - The Die is : DIE415
2025-10-25 00:03:30,132 [INFO] ProjectBuilder:5496 - Time for Generating toolchain IDE Files: 792mS.
2025-10-25 00:03:30,133 [INFO] ProjectBuilder:3463 - Time for Copy CMSIS : 1mS.
2025-10-25 00:03:30,135 [INFO] ProjectBuilder:3463 - Time for Copy CMSIS : 0mS.
2025-10-25 00:35:14,403 [INFO] NvicIntPanel:101 - NVIC parent = com.st.microxplorer.plugins.ip.nvic.MultiNvicIntPanel[,0,0,0x0,invalid,layout=javax.swing.BoxLayout,alignmentX=0.0,alignmentY=0.0,border=,flags=9,maximumSize=,minimumSize=,preferredSize=]
2025-10-25 00:35:15,503 [INFO] NvicIntPanel:101 - NVIC parent = com.st.microxplorer.plugins.ip.nvic.MultiNvicIntPanel[,0,0,0x0,invalid,layout=javax.swing.BoxLayout,alignmentX=0.0,alignmentY=0.0,border=,flags=9,maximumSize=,minimumSize=,preferredSize=]
2025-10-25 00:35:19,529 [INFO] NvicIntPanel:101 - NVIC parent = com.st.microxplorer.plugins.ip.nvic.MultiNvicIntPanel[,0,0,0x0,invalid,layout=javax.swing.BoxLayout,alignmentX=0.0,alignmentY=0.0,border=,flags=9,maximumSize=,minimumSize=,preferredSize=]
2025-10-25 00:35:20,327 [INFO] NvicIntPanel:101 - NVIC parent = com.st.microxplorer.plugins.ip.nvic.MultiNvicIntPanel[,0,0,0x0,invalid,layout=javax.swing.BoxLayout,alignmentX=0.0,alignmentY=0.0,border=,flags=9,maximumSize=,minimumSize=,preferredSize=]
2025-10-25 00:36:04,578 [INFO] UtilMem:75 - End SaveConfig() Used Memory: 949061376 Bytes (1073741824)
2025-10-25 00:36:06,229 [INFO] UtilMem:75 - End SaveConfig() Used Memory: 602410440 Bytes (1073741824)
2025-10-25 00:36:06,541 [INFO] BlockDiagram:2775 - set Specific Code input for plugin: SYS
2025-10-25 00:36:06,541 [INFO] BlockDiagram:2775 - set Specific Code input for plugin: ADC
2025-10-25 00:36:06,541 [INFO] BlockDiagram:2775 - set Specific Code input for plugin: RCC
2025-10-25 00:36:06,541 [INFO] BlockDiagram:2775 - set Specific Code input for plugin: NVIC
2025-10-25 00:36:06,542 [INFO] BlockDiagram:2775 - set Specific Code input for plugin: GPIO
2025-10-25 00:36:06,542 [INFO] CodeGenerator:892 - code generatio: config db path: C:\ST\STM32CubeIDE_1.19.0\STM32CubeIDE\plugins\com.st.stm32cube.common.mx_6.15.0.202507011659\\db\
2025-10-25 00:36:06,617 [INFO] CodeEngine:265 - oldGeneratedFile, D:\STM32\Lab\23-interrupt-input-adc\MXTmpFiles\license.tmp_save
2025-10-25 00:36:06,919 [INFO] CodeEngine:289 - Generated code: D:\STM32\Lab\23-interrupt-input-adc\MXTmpFiles\license.tmp
2025-10-25 00:36:06,975 [INFO] CodeEngine:265 - oldGeneratedFile, D:\STM32\Lab\23-interrupt-input-adc\MXTmpFiles\gpio.tmp_save
2025-10-25 00:36:07,104 [INFO] CodeEngine:289 - Generated code: D:\STM32\Lab\23-interrupt-input-adc\MXTmpFiles\gpio.tmp
2025-10-25 00:36:07,233 [INFO] CodeEngine:265 - oldGeneratedFile, D:\STM32\Lab\23-interrupt-input-adc\Core\Src\stm32l4xx_it.c_save
2025-10-25 00:36:07,519 [INFO] CodeEngine:289 - Generated code: D:\STM32\Lab\23-interrupt-input-adc\Core\Src\stm32l4xx_it.c
2025-10-25 00:36:07,524 [INFO] CodeEngine:265 - oldGeneratedFile, D:\STM32\Lab\23-interrupt-input-adc\Core\Inc\stm32l4xx_it.h_save
2025-10-25 00:36:07,605 [INFO] CodeEngine:289 - Generated code: D:\STM32\Lab\23-interrupt-input-adc\Core\Inc\stm32l4xx_it.h
2025-10-25 00:36:07,617 [INFO] CodeEngine:265 - oldGeneratedFile, D:\STM32\Lab\23-interrupt-input-adc\Core\Src\stm32l4xx_hal_msp.c_save
2025-10-25 00:36:07,763 [INFO] CodeEngine:289 - Generated code: D:\STM32\Lab\23-interrupt-input-adc\Core\Src\stm32l4xx_hal_msp.c
2025-10-25 00:36:07,767 [INFO] CodeEngine:265 - oldGeneratedFile, D:\STM32\Lab\23-interrupt-input-adc\MXTmpFiles\system.tmp_save
2025-10-25 00:36:07,841 [INFO] CodeEngine:289 - Generated code: D:\STM32\Lab\23-interrupt-input-adc\MXTmpFiles\system.tmp
2025-10-25 00:36:07,850 [INFO] CodeEngine:321 - oldGeneratedFile, D:\STM32\Lab\23-interrupt-input-adc\Core\Inc\stm32l4xx_hal_conf.h_save
2025-10-25 00:36:07,931 [INFO] CodeEngine:345 - Generated code: D:\STM32\Lab\23-interrupt-input-adc\Core\Inc\stm32l4xx_hal_conf.h
2025-10-25 00:36:07,961 [INFO] CodeEngine:265 - oldGeneratedFile, D:\STM32\Lab\23-interrupt-input-adc\Core\Inc\main.h_save
2025-10-25 00:36:08,078 [INFO] CodeEngine:289 - Generated code: D:\STM32\Lab\23-interrupt-input-adc\Core\Inc\main.h
2025-10-25 00:36:08,083 [INFO] CodeEngine:265 - oldGeneratedFile, D:\STM32\Lab\23-interrupt-input-adc\Core\Src\main.c_save
2025-10-25 00:36:08,200 [INFO] CodeEngine:289 - Generated code: D:\STM32\Lab\23-interrupt-input-adc\Core\Src\main.c
2025-10-25 00:36:08,484 [INFO] ProjectBuilder:3606 - Time for Copy HAL[1] : 141mS.
2025-10-25 00:36:08,504 [INFO] ProjectBuilder:5216 - Project Generator version: 4.7.0-B52
2025-10-25 00:36:08,564 [INFO] ConfigFileManager:1595 - The Die is : DIE415
2025-10-25 00:36:09,170 [INFO] ProjectBuilder:5496 - Time for Generating toolchain IDE Files: 666mS.
2025-10-25 00:36:09,171 [INFO] ProjectBuilder:3463 - Time for Copy CMSIS : 1mS.
2025-10-25 00:36:09,173 [INFO] ProjectBuilder:3463 - Time for Copy CMSIS : 0mS.
